arch,channel,rs,s,f_model,f_parent
deep_3x16,fx,,0.000000,1.0,1.0
deep_3x16,fx,,0.025000,1.0001408563278456,1.0001371734503082
deep_3x16,fx,,0.050000,1.0005627418791119,1.0005484131007953
deep_3x16,fx,,0.075000,1.0012637233766262,1.0012328782849313
deep_3x16,fx,,0.100000,1.0022408226027317,1.002189172660767
deep_3x16,fx,,0.125000,1.0034902149733413,1.0034153513166864
deep_3x16,fx,,0.150000,1.0050074141424645,1.0049089306249135
deep_3x16,fx,,0.175000,1.0067874391844107,1.0066669007499534
deep_3x16,fx,,0.200000,1.0088249615736011,1.0086857406950527
deep_3x16,fx,,0.225000,1.011114429907653,1.010961435747421
deep_3x16,fx,,0.250000,1.0136501710708927,1.0134894971626558
deep_3x16,fx,,0.275000,1.0164264672881504,1.0162649839108355
deep_3x16,fx,,0.300000,1.0194376092514736,1.0192825262913066
deep_3x16,fx,,0.325000,1.0226779261979093,1.022536351210436
deep_3x16,fx,,0.350000,1.0261417944611906,1.0260203089066646
deep_3x16,fx,,0.375000,1.0298236266033667,1.0297279009001115
deep_3x16,fx,,0.400000,1.033717843745949,1.0336523089397605
deep_3x16,fx,,0.425000,1.037818834156869,1.0377864247198565
deep_3x16,fx,,0.450000,1.0421209015026907,1.0421228801384386
deep_3x16,fx,,0.475000,1.0466182064377128,1.0466540778748243
deep_3x16,fx,,0.500000,1.051304705364358,1.0513722220691275
deep_3x16,fx,,0.525000,1.056174090253162,1.056269348895353
deep_3x16,fx,,0.550000,1.061219733345579,1.061337356830009
deep_3x16,fx,,0.575000,1.0664346403692384,1.0665680364302768
deep_3x16,fx,,0.600000,1.071811415565551,1.0719530994492863
deep_3x16,fx,,0.625000,1.077342241360173,1.0774842071307018
deep_3x16,fx,,0.650000,1.083018874900133,1.0831529975403624
deep_3x16,fx,,0.675000,1.0888326629478964,1.0889511118088369
deep_3x16,fx,,0.700000,1.0947745757822682,1.0948702191752313
deep_3x16,fx,,0.725000,1.100835259839244,1.1009020407391494
deep_3x16,fx,,0.750000,1.1070051078732217,1.1070383718441337
deep_3x16,fx,,0.775000,1.1132743444796556,1.1132711030320084
deep_3x16,fx,,0.800000,1.1196331239493158,1.119592239523111
deep_3x16,fx,,0.825000,1.1260716366788148,1.1259939191922888
deep_3x16,fx,,0.850000,1.1325802197958765,1.1324684290245925
deep_3x16,fx,,0.875000,1.1391494673166596,1.139008220047757
deep_3x16,fx,,0.900000,1.1457703350686126,1.1456059207506675
deep_3x16,fx,,0.925000,1.152434235800787,1.152254349008086
deep_3x16,fx,,0.950000,1.1591331203592339,1.1589465225418367
deep_3x16,fx,,0.975000,1.1658595415024324,1.1656756679574736
deep_3x16,fx,,1.000000,1.1726066978260854,1.172435228403129
deep_3x16,fx,,1.025000,1.1793684562981859,1.1792188699038115
deep_3x16,fx,,1.050000,1.1861393530040667,1.1860204864298936
deep_3x16,fx,,1.075000,1.1929145727936539,1.192834203762979
deep_3x16,fx,,1.100000,1.1996899095385836,1.1996543822257886
deep_3x16,fx,,1.125000,1.2064617095833876,1.2064756183452223
deep_3x16,fx,,1.150000,1.2132268016644279,1.2132927455194251
deep_3x16,fx,,1.175000,1.2199824170412457,1.220100833760554
deep_3x16,fx,,1.200000,1.226726103824066,1.2268951885850992
deep_3x16,fx,,1.225000,1.2334556394922855,1.2336713491231373
deep_3x16,fx,,1.250000,1.240168945401026,1.2404250855168273
deep_3x16,fx,,1.275000,1.2468640066972771,1.2471523956769321
deep_3x16,fx,,1.300000,1.2535388005529189,1.2538495014641662
deep_3x16,fx,,1.325000,1.2601912350121955,1.2605128443598486
deep_3x16,fx,,1.350000,1.2668191000895317,1.2671390806877225
deep_3x16,fx,,1.375000,1.2734200320809121,1.2737250764459462
deep_3x16,fx,,1.400000,1.2799914914042363,1.2802679018052352
deep_3x16,fx,,1.425000,1.2865307536906025,1.2867648253259727
deep_3x16,fx,,1.450000,1.2930349133315981,1.2932133079438641
deep_3x16,fx,,1.475000,1.2995008982623497,1.2996109967704328
deep_3x16,fx,,1.500000,1.3059254944344518,1.3059557187513589
deep_3x16,fx,,1.525000,1.3123053782088945,1.3122454742224083
deep_3x16,fx,,1.550000,1.3186371547736238,1.3184784303994812
deep_3x16,fx,,1.575000,1.324917400656083,1.3246529148361825
deep_3x16,fx,,1.600000,1.3311427084475829,1.330767408879276
deep_3x16,fx,,1.625000,1.337309731971202,1.3368205411494571
deep_3x16,fx,,1.650000,1.3434152302943554,1.3428110810720784
deep_3x16,fx,,1.675000,1.3494561091970783,1.3487379324797883
deep_3x16,fx,,1.700000,1.3554294589436349,1.3546001273065218
deep_3x16,fx,,1.725000,1.3613325874551092,1.360396819389886
deep_3x16,fx,,1.750000,1.3671630482325237,1.3661272783967613
deep_3x16,fx,,1.775000,1.372918662623464,1.3717908838848296
deep_3x16,fx,,1.800000,1.378597536251859,1.3773871195108214
deep_3x16,fx,,1.825000,1.3841980696340466,1.3829155673944546
deep_3x16,fx,,1.850000,1.3897189631799969,1.3883759026453952
deep_3x16,fx,,1.875000,1.395159216923968,1.3937678880590432
deep_3x16,fx,,1.900000,1.4005181254429253,1.3990913689855675
deep_3x16,fx,,1.925000,1.4057952685042632,1.4043462683753405
deep_3x16,fx,,1.950000,1.41099049803842,1.4095325820027964
deep_3x16,fx,,1.975000,1.4161039220594767,1.4146503738697032
deep_3x16,fx,,2.000000,1.4211358861610215,1.4196997717879212
deep_3x16,fx,,2.025000,1.4260869531990767,1.4246809631409094
deep_3x16,fx,,2.050000,1.4309578817424793,1.4295941908225116
deep_3x16,fx,,2.075000,1.4357496038275204,1.4344397493509262
deep_3x16,fx,,2.100000,1.4404632025013453,1.4392179811552137
deep_3x16,fx,,2.125000,1.4450998895808254,1.4439292730312083
deep_3x16,fx,,2.150000,1.4496609839930807,1.4485740527633122
deep_3x16,fx,,2.175000,1.4541478910029526,1.4531527859082907
deep_3x16,fx,,2.200000,1.458562082573363,1.4576659727369123
deep_3x16,fx,,2.225000,1.4629050790481934,1.4621141453290472
deep_3x16,fx,,2.250000,1.4671784322950991,1.4664978648176454
deep_3x16,fx,,2.275000,1.4713837103983407,1.470817718776893
deep_3x16,fx,,2.300000,1.4755224839496486,1.475074318749721
deep_3x16,fx,,2.325000,1.4795963139485433,1.479268297909802
deep_3x16,fx,,2.350000,1.4836067412924037,1.483400308853113
deep_3x16,fx,,2.375000,1.487555277810673,1.4874710215141502
deep_3x16,fx,,2.400000,1.491443398776706,1.491481121201892
deep_3x16,fx,,2.425000,1.4952725368144242,1.4954313067506453
deep_3x16,fx,,2.450000,1.4990440771048286,1.4993222887809725
deep_3x16,fx,,2.475000,1.502759353788952,1.5031547880659621
deep_3x16,fx,,2.500000,1.5064196474587106,1.5069295339981974
deep_3x16,fx,,2.525000,1.5100261836247366,1.5106472631528727
deep_3x16,fx,,2.550000,1.5135801320503195,1.514308717942618
deep_3x16,fx,,2.575000,1.517082606842598,1.5179146453597039
deep_3x16,fx,,2.600000,1.5205346671957842,1.5214657958014208
deep_3x16,fx,,2.625000,1.5239373186860883,1.5249629219745588
deep_3x16,fx,,2.650000,1.527291515023915,1.5284067778750356
deep_3x16,fx,,2.675000,1.5305981601754666,1.5317981178388593
deep_3x16,fx,,2.700000,1.5338581107729452,1.5351376956607474
deep_3x16,fx,,2.725000,1.5370721787398758,1.538426263776851
deep_3x16,fx,,2.750000,1.5402411340654802,1.5416645725081797
deep_3x16,fx,,2.775000,1.5433657076693978,1.5448533693614435
deep_3x16,fx,,2.800000,1.5464465943052539,1.5479933983841754
deep_3x16,fx,,2.825000,1.549484455458504,1.5510853995711167
deep_3x16,fx,,2.850000,1.552479922200569,1.5541301083189827
deep_3x16,fx,,2.875000,1.5554335979674692,1.5571282549268526
deep_3x16,fx,,2.900000,1.5583460612369187,1.5600805641395499
deep_3x16,fx,,2.925000,1.5612178680831146,1.562987754731498
deep_3x16,fx,,2.950000,1.5640495545932653,1.5658505391286572
deep_3x16,fx,,2.975000,1.5668416391342053,1.5686696230662598
deep_3x16,fx,,3.000000,1.5695946244612908,1.5714457052801694
deep_3x16,fx,,3.025000,1.5723089996651278,1.5741794772298021
deep_3x16,fx,,3.050000,1.574985241954601,1.5768716228506432
deep_3x16,fx,,3.075000,1.5776238182771705,1.5795228183344976
deep_3x16,fx,,3.100000,1.5802251867794859,1.5821337319357038
deep_3x16,fx,,3.125000,1.5827897981130996,1.5847050238016365
deep_3x16,fx,,3.150000,1.585318096591437,1.587237345825908
deep_3x16,fx,,3.175000,1.5878105212052678,1.5897313415227634
deep_3x16,fx,,3.200000,1.5902675065047196,1.592187645921248
deep_3x16,fx,,3.225000,1.5926894833564398,1.5946068854777975
deep_3x16,fx,,3.250000,1.5950768795848576,1.5969896780059818
deep_3x16,fx,,3.275000,1.5974301205066632,1.5993366326221994
deep_3x16,fx,,3.300000,1.599749629367626,1.601648349706187
deep_3x16,fx,,3.325000,1.6020358276907567,1.6039254208752762
deep_3x16,fx,,3.350000,1.6042891355445819,1.6061684289713845
deep_3x16,fx,,3.375000,1.6065099717399869,1.6083779480597964
deep_3x16,fx,,3.400000,1.608698753963695,1.6105545434388309
deep_3x16,fx,,3.425000,1.610855898856025,1.6126987716595576
deep_3x16,fx,,3.450000,1.612981822040093,1.6148111805547691
deep_3x16,fx,,3.475000,1.6150769381091377,1.6168923092764607
deep_3x16,fx,,3.500000,1.6171416605781475,1.6189426883411182
deep_3x16,fx,,3.525000,1.619176401805467,1.6209628396821578
deep_3x16,fx,,3.550000,1.6211815728895504,1.622953276708899
deep_3x16,fx,,3.575000,1.6231575835455698,1.6249145043714908
deep_3x16,fx,,3.600000,1.6251048419660925,1.6268470192312494
deep_3x16,fx,,3.625000,1.6270237546696165,1.6287513095359003
deep_3x16,fx,,3.650000,1.6289147263403176,1.630627855299244
deep_3x16,fx,,3.675000,1.6307781596619748,1.632477128384804
deep_3x16,fx,,3.700000,1.6326144551486672,1.6342995925930408
deep_3x16,fx,,3.725000,1.6344240109744939,1.6360957037517374
deep_3x16,fx,,3.750000,1.6362072228042621,1.6378659098091999
deep_3x16,fx,,3.775000,1.6379644836267866,1.6396106509299275
deep_3x16,fx,,3.800000,1.6396961835922037,1.641330359592442
deep_3x16,fx,,3.825000,1.6414027098544501,1.6430254606889751
deep_3x16,fx,,3.850000,1.643084446419857,1.6446963716267469
deep_3x16,fx,,3.875000,1.6447417740026178,1.6463435024305744
deep_3x16,fx,,3.900000,1.6463750698877149,1.6479672558465768
deep_3x16,fx,,3.925000,1.6479847078017642,1.6495680274467555
deep_3x16,fx,,3.950000,1.649571057792076,1.651146205734246
deep_3x16,fx,,3.975000,1.6511344861141444,1.6527021722490547
deep_3x16,fx,,4.000000,1.6526753551276694,1.654236301674099
deep_3x16,fx,,4.025000,1.6541940232011325,1.6557489619413992
deep_3x16,fx,,4.050000,1.655690844624876,1.6572405143382634
deep_3x16,fx,,4.075000,1.6571661695325763,1.6587113136133356
deep_3x16,fx,,4.100000,1.6586203438309597,1.6601617080823763
deep_3x16,fx,,4.125000,1.6600537091375436,1.6615920397336599
deep_3x16,fx,,4.150000,1.6614666027261902,1.663002644332885
deep_3x16,fx,,4.175000,1.6628593574801993,1.6643938515274967
deep_3x16,fx,,4.200000,1.6642323018526592,1.6657659849503361
deep_3x16,fx,,4.225000,1.6655857598337709,1.6671193623225302
deep_3x16,fx,,4.250000,1.6669200509248276,1.668454295555556
deep_3x16,fx,,4.275000,1.6682354901185459,1.6697710908524037
deep_3x16,fx,,4.300000,1.669532387885425,1.6710700488077885
deep_3x16,fx,,4.325000,1.6708110501658213,1.672351464507346
deep_3x16,fx,,4.350000,1.6720717783674237,1.6736156276257725
deep_3x16,fx,,4.375000,1.6733148693678175,1.6748628225238602
deep_3x16,fx,,4.400000,1.6745406155218288,1.6760933283443924
deep_3x16,fx,,4.425000,1.6757493046733547,1.6773074191068635
deep_3x16,fx,,4.450000,1.6769412201713856,1.6785053638009961
deep_3x16,fx,,4.475000,1.6781166408899393,1.6796874264790258
deep_3x16,fx,,4.500000,1.6792758412516329,1.6808538663467358
deep_3x16,fx,,4.525000,1.6804190912546273,1.682004937853222
deep_3x16,fx,,4.550000,1.681546656502698,1.6831408907793708
deep_3x16,fx,,4.575000,1.6826587982381827,1.6842619703250405
deep_3x16,fx,,4.600000,1.6837557733775796,1.685368417194935
deep_3x16,fx,,4.625000,1.6848378345495685,1.6864604676831623
deep_3x16,fx,,4.650000,1.6859052301352524,1.687538353756474
deep_3x16,fx,,4.675000,1.6869582043104125,1.6886023031361845
deep_3x16,fx,,4.700000,1.6879969970895867,1.6896525393787643
deep_3x16,fx,,4.725000,1.689021844371794,1.6906892819551151
deep_3x16,fx,,4.750000,1.6900329779877319,1.691712746328525
deep_3x16,fx,,4.775000,1.6910306257482877,1.69272314403131
deep_3x16,fx,,4.800000,1.692015011494204,1.6937206827401463
deep_3x16,fx,,4.825000,1.6929863551467688,1.6947055663501032
deep_3x16,fx,,4.850000,1.6939448727593767,1.695677995047382
deep_3x16,fx,,4.875000,1.6948907765698522,1.6966381653807714
deep_3x16,fx,,4.900000,1.6958242750534034,1.6975862703318307
deep_3x16,fx,,4.925000,1.6967455729760996,1.6985224993838095
deep_3x16,fx,,4.950000,1.6976548714487678,1.6994470385893194
deep_3x16,fx,,4.975000,1.6985523679812093,1.7003600706367672
deep_3x16,fx,,5.000000,1.699438256536648,1.701261774915565
deep_3x16,fx,,5.025000,1.700312727586319,1.7021523275801298
deep_3x16,fx,,5.050000,1.7011759681641276,1.7030319016126885
deep_3x16,fx,,5.075000,1.7020281619212974,1.7039006668849015
deep_3x16,fx,,5.100000,1.7028694891809433,1.7047587902183228
deep_3x16,fx,,5.125000,1.7037001269925054,1.7056064354437073
deep_3x16,fx,,5.150000,1.704520249185985,1.7064437634591885
deep_3x16,fx,,5.175000,1.7053300264259295,1.7072709322873345
deep_3x16,fx,,5.200000,1.7061296262651187,1.708088097131107
deep_3x16,fx,,5.225000,1.7069192131979005,1.7088954104287313
deep_3x16,fx,,5.250000,1.7076989487131449,1.7096930219075017
deep_3x16,fx,,5.275000,1.708468991346766,1.7104810786365339
deep_3x16,fx,,5.300000,1.7092294967337882,1.711259725078483
deep_3x16,fx,,5.325000,1.7099806176599202,1.7120291031402441
deep_3x16,fx,,5.350000,1.7107225041126057,1.7127893522226525
deep_3x16,fx,,5.375000,1.7114553033315325,1.7135406092691985
deep_3x16,fx,,5.400000,1.7121791598585683,1.714283008813776
deep_3x16,fx,,5.425000,1.712894215587113,1.7150166830274802
deep_3x16,fx,,5.450000,1.7136006098108372,1.7157417617644724
deep_3x16,fx,,5.475000,1.7142984792718037,1.7164583726069251
deep_3x16,fx,,5.500000,1.714987958207947,1.7171666409090691
deep_3x16,fx,,5.525000,1.715669178399907,1.717866689840354
deep_3x16,fx,,5.550000,1.7163422692172006,1.7185586404277413
deep_3x16,fx,,5.575000,1.7170073576637273,1.7192426115971444
deep_3x16,fx,,5.600000,1.7176645684225995,1.719918720214034
deep_3x16,fx,,5.625000,1.718314023900293,1.7205870811232205
deep_3x16,fx,,5.650000,1.7189558442701098,1.721247807187832
deep_3x16,fx,,5.675000,1.719590147514958,1.7219010093275047
deep_3x16,fx,,5.700000,1.7202170494694382,1.7225467965557948
deep_3x16,fx,,5.725000,1.7208366638612431,1.7231852760168345
deep_3x16,fx,,5.750000,1.7214491023518625,1.7238165530212408
deep_3x16,fx,,5.775000,1.7220544745766067,1.7244407310812953
deep_3x16,fx,,5.800000,1.7226528881839342,1.725057911945408
deep_3x16,fx,,5.825000,1.7232444488741046,1.7256681956318787
deep_3x16,fx,,5.850000,1.7238292604371435,1.7262716804619718
deep_3x16,fx,,5.875000,1.7244074247901353,1.7268684630923166
deep_3x16,fx,,5.900000,1.7249790420138444,1.727458638546647
deep_3x16,fx,,5.925000,1.725544210388666,1.7280423002468948
deep_3x16,fx,,5.950000,1.7261030264299222,1.728619540043648
deep_3x16,fx,,5.975000,1.7266555849224985,1.7291904482459888
deep_3x16,fx,,6.000000,1.7272019789548367,1.7297551136507232
deep_3x16,fc,0.5,0.000000,1.0,0.9999961712608588
deep_3x16,fc,0.5,0.025000,0.9985205741202419,0.9983586646344352
deep_3x16,fc,0.5,0.050000,0.9940919133801451,0.9934854371990305
deep_3x16,fc,0.5,0.075000,0.9867479877614246,0.9854913576191164
deep_3x16,fc,0.5,0.100000,0.9765558767933958,0.9745583236306017
deep_3x16,fc,0.5,0.125000,0.9636236094578027,0.9609224860044977
deep_3x16,fc,0.5,0.150000,0.948106140297824,0.9448590526338713
deep_3x16,fc,0.5,0.175000,0.9302085417252849,0.9266665678644719
deep_3x16,fc,0.5,0.200000,0.9101854879589026,0.906652287270015
deep_3x16,fc,0.5,0.225000,0.8883362804389363,0.8851197735940066
deep_3x16,fc,0.5,0.250000,0.8649950510355283,0.8623592877190294
deep_3x16,fc,0.5,0.275000,0.8405163704001288,0.838641066508284
deep_3x16,fc,0.5,0.300000,0.8152572194089979,0.8142112349444125
deep_3x16,fc,0.5,0.325000,0.7895570280736003,0.7892899055662282
deep_3x16,fc,0.5,0.350000,0.7637180866821462,0.7640709501109981
deep_3x16,fc,0.5,0.375000,0.7379889276062983,0.738722947888542
deep_3x16,fc,0.5,0.400000,0.7125531483174927,0.7133908845188547
deep_3x16,fc,0.5,0.425000,0.6875255605849324,0.6881982632946789
deep_3x16,fc,0.5,0.450000,0.6629565604887712,0.663249379897375
deep_3x16,fc,0.5,0.475000,0.6388443508734777,0.6386315887919551
deep_3x16,fc,0.5,0.500000,0.6151533055251357,0.614417452116793
deep_3x16,fc,0.5,0.525000,0.5918355805625335,0.5906667090105318
deep_3x16,fc,0.5,0.550000,0.5688523149740479,0.5674280368849434
deep_3x16,fc,0.5,0.575000,0.5461906611103661,0.5447405987383155
deep_3x16,fc,0.5,0.600000,0.5238735911436126,0.5226353848308631
deep_3x16,fc,0.5,0.625000,0.5019608860643796,0.5011363652156074
deep_3x16,fc,0.5,0.650000,0.48054162620361696,0.4802614735958944
deep_3x16,fc,0.5,0.675000,0.4597203579121868,0.46002344418289265
deep_3x16,fc,0.5,0.700000,0.43960036729957785,0.4404305226879344
deep_3x16,fc,0.5,0.725000,0.42026779805719294,0.4214870710332323
deep_3x16,fc,0.5,0.750000,0.4017796995043025,0.4031940832949596
deep_3x16,fc,0.5,0.775000,0.3841578022269656,0.38554962812948085
deep_3x16,fc,0.5,0.800000,0.3673883640725213,0.36854923068108175
deep_3x16,fc,0.5,0.825000,0.35142721983826053,0.35218620484951263
deep_3x16,fc,0.5,0.850000,0.3362084209573174,0.3364519448742073
deep_3x16,fc,0.5,0.875000,0.3216545835128384,0.3213361834989273
deep_3x16,fc,0.5,0.900000,0.307687168759897,0.306827222522449
deep_3x16,fc,0.5,0.925000,0.29423526387735843,0.2929121403100752
deep_3x16,fc,0.5,0.950000,0.28124189887023754,0.2795769798212084
deep_3x16,fc,0.5,0.975000,0.2686674478182074,0.2668069198795077
deep_3x16,fc,0.5,1.000000,0.2564901560645676,0.25458643175180856
deep_3x16,fc,0.5,1.025000,0.24470425019298514,0.24289942258726716
deep_3x16,fc,0.5,1.050000,0.2333163700760692,0.23172936687701973
deep_3x16,fc,0.5,1.075000,0.2223411761406352,0.22105942680628568
deep_3x16,fc,0.5,1.100000,0.21179692921723614,0.21087256216631964
deep_3x16,fc,0.5,1.125000,0.2017016530521687,0.20115163035586586
deep_3x16,fc,0.5,1.150000,0.19207023626034592,0.1918794769158274
deep_3x16,fc,0.5,1.175000,0.1829125813628769,0.18303901699379402
deep_3x16,fc,0.5,1.200000,0.1742327162819194,0.1746133081159656
deep_3x16,fc,0.5,1.225000,0.16602867168062896,0.16658561464383392
deep_3x16,fc,0.5,1.250000,0.15829289140014202,0.15893946430447428
deep_3x16,fc,0.5,1.275000,0.15101296121429442,0.15165869720073666
deep_3x16,fc,0.5,1.300000,0.14417248684777406,0.14472750772673904
deep_3x16,fc,0.5,1.325000,0.1377520040400101,0.13813047983167853
deep_3x16,fc,0.5,1.350000,0.1317298483347007,0.13185261608906113
deep_3x16,fc,0.5,1.375000,0.12608294523590025,0.1258793610376418
deep_3x16,fc,0.5,1.400000,0.12078750273082983,0.12019661926408308
deep_3x16,fc,0.5,1.425000,0.11581960069099206,0.11479076869543448
deep_3x16,fc,0.5,1.450000,0.11115567844547936,0.1096486695622258
deep_3x16,fc,0.5,1.475000,0.10677292535140492,0.10475766948076473
deep_3x16,fc,0.5,1.500000,0.1026495810673731,0.10010560508677041
deep_3x16,fc,0.5,1.525000,0.09876515334373925,0.09568080063249802
deep_3x16,fc,0.5,1.550000,0.09510056188532534,0.09147206393676467
deep_3x16,fc,0.5,1.575000,0.09163821736927558,0.08746868005254455
deep_3x16,fc,0.5,1.600000,0.08836204504296785,0.08366040299072135
deep_3x16,fc,0.5,1.625000,0.08525746246572163,0.08003744581183542
deep_3x16,fc,0.5,1.650000,0.0823113208626367,0.07659046937076666
deep_3x16,fc,0.5,1.675000,0.07951181920594264,0.07331056997272188
deep_3x16,fc,0.5,1.700000,0.07684839952531064,0.07018926617305912
deep_3x16,fc,0.5,1.725000,0.07431163109618988,0.06721848492863296
deep_3x16,fc,0.5,1.750000,0.07189309011265266,0.06439054728477098
deep_3x16,fc,0.5,1.775000,0.06958524028632074,0.0616981537598125
deep_3x16,fc,0.5,1.800000,0.06738131860303542,0.059134369568493717
deep_3x16,fc,0.5,1.825000,0.06527522928974638,0.05669260980638358
deep_3x16,fc,0.5,1.850000,0.06326144796017508,0.05436662470009754
deep_3x16,fc,0.5,1.875000,0.06133493696636061,0.05215048501211195
deep_3x16,fc,0.5,1.900000,0.05949107221161343,0.050038567674637165
deep_3x16,fc,0.5,1.925000,0.05772558108725334,0.0480255417141179
deep_3x16,fc,0.5,1.950000,0.05603449077374367,0.04610635451642435
deep_3x16,fc,0.5,1.975000,0.054414085878285445,0.04427621847262877
deep_3x16,fc,0.5,2.000000,0.05286087424079633,0.042530598036290536
deep_3x16,fc,0.5,2.025000,0.05137155970121221,0.04086519721532707
deep_3x16,fc,0.5,2.050000,0.049943020656464165,0.03927594751474929
deep_3x16,fc,0.5,2.075000,0.04857229332127755,0.03775899634064951
deep_3x16,fc,0.5,2.100000,0.04725655872291745,0.03631069587080901
deep_3x16,fc,0.5,2.125000,0.045993132590194774,0.03492759239300612
deep_3x16,fc,0.5,2.150000,0.04477945742961231,0.033606416108520214
deep_3x16,fc,0.5,2.175000,0.043613096208271473,0.032344071395319085
deep_3x16,fc,0.5,2.200000,0.0424917271789218,0.03113762752295615
deep_3x16,fc,0.5,2.225000,0.04141313948454339,0.029984309809202872
deep_3x16,fc,0.5,2.250000,0.04037522926706827,0.028881491206847024
deep_3x16,fc,0.5,2.275000,0.0393759960774861,0.027826684307850874
deep_3x16,fc,0.5,2.300000,0.03841353944361059,0.026817533751129878
deep_3x16,fc,0.5,2.325000,0.03748605549862394,0.025851809019539436
deep_3x16,fc,0.5,2.350000,0.03659183360980822,0.024927397611219253
deep_3x16,fc,0.5,2.375000,0.03572925297424234,0.024042298570184424
deep_3x16,fc,0.5,2.400000,0.03489677916827927,0.02319461636096361
deep_3x16,fc,0.5,2.425000,0.03409296065173073,0.022382555072118837
deep_3x16,fc,0.5,2.450000,0.03331642523713074,0.021604412933645116
deep_3x16,fc,0.5,2.475000,0.03256587654028731,0.020858577133474034
deep_3x16,fc,0.5,2.500000,0.031840090431446866,0.020143518918636836
deep_3x16,fc,0.5,2.525000,0.031137911507512106,0.019457788967005542
deep_3x16,fc,0.5,2.550000,0.030458249605449406,0.01880001301595232
deep_3x16,fc,0.5,2.575000,0.029800076375757323,0.018168887734721407
deep_3x16,fc,0.5,2.600000,0.0291624219329758,0.017563176827779654
deep_3x16,fc,0.5,2.625000,0.028544371597988283,0.016981707356906937
deep_3x16,fc,0.5,2.650000,0.027945062744479054,0.016423366270288828
deep_3x16,fc,0.5,2.675000,0.027363681759509206,0.01588709712737786
deep_3x16,fc,0.5,2.700000,0.026799461125866175,0.015371897008789036
deep_3x16,fc,0.5,2.725000,0.026251676631677157,0.014876813601008254
deep_3x16,fc,0.5,2.750000,0.025719644710814782,0.014400942446161183
deep_3x16,fc,0.5,2.775000,0.025202719915864757,0.01394342434758682
deep_3x16,fc,0.5,2.800000,0.024700292523892275,0.0135034429224213
deep_3x16,fc,0.5,2.825000,0.02421178627393017,0.013080222292847036
deep_3x16,fc,0.5,2.850000,0.023736656233999676,0.012673024908103358
deep_3x16,fc,0.5,2.875000,0.023274386794568835,0.012281149489774493
deep_3x16,fc,0.5,2.900000,0.022824489784614044,0.011903929093276212
deep_3x16,fc,0.5,2.925000,0.022386502705883937,0.0115407292788442
deep_3x16,fc,0.5,2.950000,0.02195998708053204,0.011190946385711102
deep_3x16,fc,0.5,2.975000,0.021544526906987382,0.010854005903492529
deep_3x16,fc,0.5,3.000000,0.021139727218732585,0.010529360935159847
deep_3x16,fc,0.5,3.025000,0.020745212740564734,0.010216490746280376
deep_3x16,fc,0.5,3.050000,0.02036062663688787,0.00991489939552285
deep_3x16,fc,0.5,3.075000,0.019985629346631617,0.00962411444170394
deep_3x16,fc,0.5,3.100000,0.019619897499485894,0.009343685722933544
deep_3x16,fc,0.5,3.125000,0.019263122908280472,0.009073184203666275
deep_3x16,fc,0.5,3.150000,0.018915011632512635,0.00881220088572273
deep_3x16,fc,0.5,3.175000,0.018575283108217988,0.00856034577956125
deep_3x16,fc,0.5,3.200000,0.018243669339601976,0.008317246932311853
deep_3x16,fc,0.5,3.225000,0.017919914148071037,0.008082549509281826
deep_3x16,fc,0.5,3.250000,0.017603772474539037,0.007855914925840547
deep_3x16,fc,0.5,3.275000,0.01729500973112319,0.007637020026771776
deep_3x16,fc,0.5,3.300000,0.016993401198576508,0.007425556310355653
deep_3x16,fc,0.5,3.325000,0.01669873146603995,0.007221229194605152
deep_3x16,fc,0.5,3.350000,0.016410793909923282,0.007023757323232783
deep_3x16,fc,0.5,3.375000,0.01612939020894233,0.0068328719090709365
deep_3x16,fc,0.5,3.400000,0.01585432989255442,0.006648316112797191
deep_3x16,fc,0.5,3.425000,0.015585429920230043,0.006469844454954951
deep_3x16,fc,0.5,3.450000,0.015322514289195177,0.006297222259364868
deep_3x16,fc,0.5,3.475000,0.015065413668454375,0.006130225126150202
deep_3x16,fc,0.5,3.500000,0.014813965057075662,0.005968638432691078
deep_3x16,fc,0.5,3.525000,0.014568011464878183,0.005812256860931846
deep_3x16,fc,0.5,3.550000,0.014327401613809188,0.005660883949557558
deep_3x16,fc,0.5,3.575000,0.01409198965843439,0.005514331669634566
deep_3x16,fc,0.5,3.600000,0.013861634924096644,0.005372420022408773
deep_3x16,fc,0.5,3.625000,0.013636201661409997,0.0052349766580150085
deep_3x16,fc,0.5,3.650000,0.013415558815870532,0.0051018365139386904
deep_3x16,fc,0.5,3.675000,0.013199579811463025,0.0049728414721276004
deep_3x16,fc,0.5,3.700000,0.012988142347233556,0.004847840033726076
deep_3x16,fc,0.5,3.725000,0.012781128205884618,0.004726687010453871
deep_3x16,fc,0.5,3.750000,0.012578423073527745,0.0046092432317188185
deep_3x16,fc,0.5,3.775000,0.012379916369794741,0.004495375266596954
deep_3x16,fc,0.5,3.800000,0.012185501087579542,0.00438495515987154
deep_3x16,fc,0.5,3.825000,0.011995073641738685,0.004277860181360855
deep_3x16,fc,0.5,3.850000,0.011808533726131998,0.00417397258781929
deep_3x16,fc,0.5,3.875000,0.011625784178436738,0.004073179396726176
deep_3x16,fc,0.5,3.900000,0.011446730852212705,0.003975372171325868
deep_3x16,fc,0.5,3.925000,0.011271282495735502,0.003880446816315581
deep_3x16,fc,0.5,3.950000,0.011099350637155725,0.0037883033836064225
deep_3x16,fc,0.5,3.975000,0.010930849475573323,0.0036988458876262074
deep_3x16,fc,0.5,4.000000,0.010765695777649298,0.0036119821296561735
deep_3x16,fc,0.5,4.025000,0.010603808779405144,0.0035276235307199755
deep_3x16,fc,0.5,4.050000,0.010445110092886623,0.003445684972579932
deep_3x16,fc,0.5,4.075000,0.010289523617391327,0.0033660846464103494
deep_3x16,fc,0.5,4.100000,0.010136975454984376,0.0032887439087498005
deep_3x16,fc,0.5,4.125000,0.009987393830042546,0.0032135871443476484
deep_3x16,fc,0.5,4.150000,0.009840709012588156,0.003140541635555781
deep_3x16,fc,0.5,4.175000,0.009696853245191206,0.003069537437917249
deep_3x16,fc,0.5,4.200000,0.009555760673231717,0.003000507261639546
deep_3x16,fc,0.5,4.225000,0.009417367278329314,0.002933386358647509
deep_3x16,fc,0.5,4.250000,0.009281610814762309,0.002868112414932197
deep_3x16,fc,0.5,4.275000,0.009148430748705971,0.0028046254479229715
deep_3x16,fc,0.5,4.300000,0.009017768200136334,0.002742867708632816
deep_3x16,fc,0.5,4.325000,0.00888956588725065,0.0026827835883323843
deep_3x16,fc,0.5,4.350000,0.008763768073270617,0.0026243195295232785
deep_3x16,fc,0.5,4.375000,0.008640320515498123,0.0025674239410017246
deep_3x16,fc,0.5,4.400000,0.00851917041650474,0.002512047116799274
deep_3x16,fc,0.5,4.425000,0.00840026637734348,0.0024581411588165073
deep_3x16,fc,0.5,4.450000,0.008283558352676135,0.0024056599029599174
deep_3x16,fc,0.5,4.475000,0.00816899760771872,0.0023545588486135268
deep_3x16,fc,0.5,4.500000,0.008056536676911197,0.002304795091278237
deep_3x16,fc,0.5,4.525000,0.007946129324226003,0.0022563272582273074
deep_3x16,fc,0.5,4.550000,0.007837730505032225,0.002209115447027629
deep_3x16,fc,0.5,4.575000,0.007731296329438697,0.002163121166787322
deep_3x16,fc,0.5,4.600000,0.00762678402704442,0.0021183072820026927
deep_3x16,fc,0.5,4.625000,0.007524151913027466,0.0020746379588730468
deep_3x16,fc,0.5,4.650000,0.007423359355508197,0.002032078613968704
deep_3x16,fc,0.5,4.675000,0.007324366744126731,0.0019905958651390177
deep_3x16,fc,0.5,4.700000,0.0072271354597774895,0.0019501574845522565
deep_3x16,fc,0.5,4.725000,0.007131627845446742,0.0019107323537686412
deep_3x16,fc,0.5,4.750000,0.007037807178102762,0.0018722904207485434
deep_3x16,fc,0.5,4.775000,0.0069456376415908405,0.0018348026587054643
deep_3x16,fc,0.5,4.800000,0.006855084300487424,0.0017982410267173958
deep_3x16,fc,0.5,4.825000,0.00676611307487085,0.001762578432014152
deep_3x16,fc,0.5,4.850000,0.006678690715968272,0.0017277886938635106
deep_3x16,fc,0.5,4.875000,0.00659278478264036,0.0016938465089809934
deep_3x16,fc,0.5,4.900000,0.006508363618668467,0.0016607274183924714
deep_3x16,fc,0.5,4.925000,0.006425396330807964,0.001628407775686919
deep_3x16,fc,0.5,4.950000,0.006343852767577984,0.001596864716589041
deep_3x16,fc,0.5,4.975000,0.0062637034987542695,0.0015660761297978003
deep_3x16,fc,0.5,5.000000,0.006184919795537924,0.001536020629028713
deep_3x16,fc,0.5,5.025000,0.006107473611370984,0.0015066775262095645
deep_3x16,fc,0.5,5.050000,0.0060313375633737065,0.0014780268057724868
deep_3x16,fc,0.5,5.075000,0.005956484914377946,0.0014500490999996532
deep_3x16,fc,0.5,5.100000,0.005882889555532178,0.0014227256653687938
deep_3x16,fc,0.5,5.125000,0.005810525989458526,0.0013960383598590484
deep_3x16,fc,0.5,5.150000,0.005739369313936149,0.0013699696211715122
deep_3x16,fc,0.5,5.175000,0.005669395206094996,0.001344502445826072
deep_3x16,fc,0.5,5.200000,0.0056005799070967255,0.001319620369094148
deep_3x16,fc,0.5,5.225000,0.005532900207287028,0.0012953074457320137
deep_3x16,fc,0.5,5.250000,0.005466333431800918,0.0012715482314793827
deep_3x16,fc,0.5,5.275000,0.005400857426603456,0.0012483277652897444
deep_3x16,fc,0.5,5.300000,0.005336450544950688,0.0012256315522594916
deep_3x16,fc,0.5,5.325000,0.005273091634256266,0.0012034455472299352
deep_3x16,fc,0.5,5.350000,0.005210760023347083,0.0011817561390265222
deep_3x16,fc,0.5,5.375000,0.0051494355100960565,0.0011605501353155188
deep_3x16,fc,0.5,5.400000,0.005089098349418064,0.0011398147480441024
deep_3x16,fc,0.5,5.425000,0.00502972924161571,0.0011195375794464772
deep_3x16,fc,0.5,5.450000,0.0049713093210638215,0.0010997066085859438
deep_3x16,fc,0.5,5.475000,0.004913820145219683,0.0010803101784139062
deep_3x16,fc,0.5,5.500000,0.004857243683950463,0.0010613369833224516
deep_3x16,fc,0.5,5.525000,0.0048015623091629545,0.0010427760571714813
deep_3x16,fc,0.5,5.550000,0.004746758784729965,0.0010246167617677558
deep_3x16,fc,0.5,5.575000,0.004692816256700594,0.001006848775780092
deep_3x16,fc,0.5,5.600000,0.004639718243785618,0.0009894620840704305
deep_3x16,fc,0.5,5.625000,0.004587448628110002,0.000972446967424831
deep_3x16,fc,0.5,5.650000,0.004535991646222093,0.0009557939926686374
deep_3x16,fc,0.5,5.675000,0.0044853318803530495,0.0009394940031462534
deep_3x16,fc,0.5,5.700000,0.004435454249917314,0.0009235381095562882
deep_3x16,fc,0.5,5.725000,0.004386344003246556,0.0009079176811237815
deep_3x16,fc,0.5,5.750000,0.004337986709550656,0.0008926243370957384
deep_3x16,fc,0.5,5.775000,0.004290368251096632,0.000877649938550017
deep_3x16,fc,0.5,5.800000,0.004243474815601611,0.0008629865805003556
deep_3x16,fc,0.5,5.825000,0.004197292888830084,0.0008486265842915688
deep_3x16,fc,0.5,5.850000,0.004151809247391891,0.0008345624902662513
deep_3x16,fc,0.5,5.875000,0.004107010951732604,0.0008207870506999125
deep_3x16,fc,0.5,5.900000,0.0040628853393118725,0.0008072932229858862
deep_3x16,fc,0.5,5.925000,0.004019420017963848,0.0007940741630678401
deep_3x16,fc,0.5,5.950000,0.003976602859433465,0.0007811232191043099
deep_3x16,fc,0.5,5.975000,0.003934421993083803,0.0007684339253583744
deep_3x16,fc,0.5,6.000000,0.0038928657997703286,0.0007559999963054072
deep_3x16,fc,2,0.000000,1.0,0.9999979292399579
deep_3x16,fc,2,0.025000,0.99929497009762,0.9992961010731113
deep_3x16,fc,2,0.050000,0.9971835482440998,0.9971948653968338
deep_3x16,fc,2,0.075000,0.9936770527702086,0.9937069079517921
deep_3x16,fc,2,0.100000,0.9887949608686573,0.9888531709729896
deep_3x16,fc,2,0.125000,0.9825652967599144,0.9826625583062567
deep_3x16,fc,2,0.150000,0.9750248173046863,0.9751715344708285
deep_3x16,fc,2,0.175000,0.9662189207922193,0.9664236288215278
deep_3x16,fc,2,0.200000,0.9562012183375121,0.95646885815437
deep_3x16,fc,2,0.225000,0.9450327372368176,0.9453630826547406
deep_3x16,fc,2,0.250000,0.9327807693218303,0.9331673109752425
deep_3x16,fc,2,0.275000,0.9195174292233567,0.919946970463837
deep_3x16,fc,2,0.300000,0.905318038852209,0.9057711581949571
deep_3x16,fc,2,0.325000,0.8902594945196101,0.890711887570984
deep_3x16,fc,2,0.350000,0.8744187908046082,0.8748433439638938
deep_3x16,fc,2,0.375000,0.8578718616903543,0.8582411612720591
deep_3x16,fc,2,0.400000,0.8406928511545535,0.8409817294902436
deep_3x16,fc,2,0.425000,0.8229538468685318,0.8231415415386202
deep_3x16,fc,2,0.450000,0.8047250157241435,0.8047965857616002
deep_3x16,fc,2,0.475000,0.7860749902094049,0.7860217887637229
deep_3x16,fc,2,0.500000,0.767071295137729,0.7668905116525188
deep_3x16,fc,2,0.525000,0.7477805959503927,0.7474741013425734
deep_3x16,fc,2,0.550000,0.7282686019639806,0.72784149735908
deep_3x16,fc,2,0.575000,0.7085995621823424,0.7080588935663934
deep_3x16,fc,2,0.600000,0.688835421258063,0.6881894534295714
deep_3x16,fc,2,0.625000,0.6690348206945921,0.668293076778535
deep_3x16,fc,2,0.650000,0.6492521973044315,0.6484262155643347
deep_3x16,fc,2,0.675000,0.6295372228484575,0.6286417357517053
deep_3x16,fc,2,0.700000,0.6099347450062589,0.6089888222581751
deep_3x16,fc,2,0.725000,0.5904852553076337,0.589512923705394
deep_3x16,fc,2,0.750000,0.5712257669062432,0.570255733673549
deep_3x16,fc,2,0.775000,0.5521908789035523,0.551255205128223
deep_3x16,fc,2,0.800000,0.5334137651188138,0.5325455947076924
deep_3x16,fc,2,0.825000,0.5149268601880703,0.5141575336073486
deep_3x16,fc,2,0.850000,0.4967621066525012,0.49611812186950627
deep_3x16,fc,2,0.875000,0.4789507401762563,0.4784510429764151
deep_3x16,fc,2,0.900000,0.4615226918073285,0.4611766957488485
deep_3x16,fc,2,0.925000,0.44450575227550493,0.4443123406704296
deep_3x16,fc,2,0.950000,0.4279246655217994,0.4278722578879763
deep_3x16,fc,2,0.975000,0.41180030298070003,0.4118679142800541
deep_3x16,fc,2,1.000000,0.39614903072380314,0.39630813713912205
deep_3x16,fc,2,1.025000,0.3809823338079733,0.38119929217645976
deep_3x16,fc,2,1.050000,0.3663067178284919,0.3665454637324295
deep_3x16,fc,2,1.075000,0.3521238730990619,0.35234863525610427
deep_3x16,fc,2,1.100000,0.3384310636412552,0.3386088683060421
deep_3x16,fc,2,1.125000,0.3252216899422933,0.325324478515772
deep_3x16,fc,2,1.150000,0.31248596887491287,0.31249220716094483
deep_3x16,fc,2,1.175000,0.3002116740832097,0.3001073871574854
deep_3x16,fc,2,1.200000,0.2883848839630003,0.28816410250883695
deep_3x16,fc,2,1.225000,0.2769906910933986,0.27665534040303363
deep_3x16,fc,2,1.250000,0.26601383586781946,0.2655731353345545
deep_3x16,fc,2,1.275000,0.2554392374080743,0.2549087047897165
deep_3x16,fc,2,1.300000,0.24525240580975238,0.24465257618608027
deep_3x16,fc,2,1.325000,0.23543973047125089,0.234794704894746
deep_3x16,fc,2,1.350000,0.22598864884425707,0.22532458329861285
deep_3x16,fc,2,1.375000,0.21688770771034893,0.21623134094921204
deep_3x16,fc,2,1.400000,0.20812653459411012,0.2075038359795181
deep_3x16,fc,2,1.425000,0.1996957400254994,0.199130738010403
deep_3x16,fc,2,1.450000,0.19158677220476106,0.19110060285465802
deep_3x16,fc,2,1.475000,0.1837917445640046,0.18340193937552854
deep_3x16,fc,2,1.500000,0.17630325425499382,0.17602326889740094
deep_3x16,fc,2,1.525000,0.16911420625818496,0.16895317759573308
deep_3x16,fc,2,1.550000,0.1622176541040925,0.16218036231265762
deep_3x16,fc,2,1.575000,0.1556066645382035,0.15569367025510647
deep_3x16,fc,2,1.600000,0.1492742101459228,0.14948213303498506
deep_3x16,fc,2,1.625000,0.1432130911700814,0.1435349955070108
deep_3x16,fc,2,1.650000,0.13741588558388018,0.13784173985045117
deep_3x16,fc,2,1.675000,0.13187492492996078,0.13239210532712925
deep_3x16,fc,2,1.700000,0.12658229244926855,0.12717610413072902
deep_3x16,fc,2,1.725000,0.1215298395164448,0.12218403372238908
deep_3x16,fc,2,1.750000,0.1167092162726514,0.11740648602565415
deep_3x16,fc,2,1.775000,0.11211191250288444,0.11283435383068481
deep_3x16,fc,2,1.800000,0.10772930515255141,0.1084588347337509
deep_3x16,fc,2,1.825000,0.10355270934058913,0.1042714329139894
deep_3x16,fc,2,1.850000,0.09957343024234855,0.10026395902552457
deep_3x16,fc,2,1.875000,0.09578281373870134,0.09642852845968962
deep_3x16,fc,2,1.900000,0.09217229422586015,0.09275755820948363
deep_3x16,fc,2,1.925000,0.08873343843230697,0.08924376254675773
deep_3x16,fc,2,1.950000,0.08545798448332487,0.08588014770206033
deep_3x16,fc,2,1.975000,0.08233787578524787,0.08266000571771653
deep_3x16,fc,2,2.000000,0.07936528957105693,0.07957690762659296
deep_3x16,fc,2,2.025000,0.07653266016013371,0.07662469609216203
deep_3x16,fc,2,2.050000,0.07383269714367369,0.0737974776299044
deep_3x16,fc,2,2.075000,0.07125839882033635,0.07108961451578498
deep_3x16,fc,2,2.100000,0.06880306128139446,0.06849571647443305
deep_3x16,fc,2,2.125000,0.06646028358794076,0.06601063222774378
deep_3x16,fc,2,2.150000,0.06422396950111253,0.06362944097380911
deep_3x16,fc,2,2.175000,0.062088326225582025,0.06134744385632948
deep_3x16,fc,2,2.200000,0.0600478606117284,0.05916015547589158
deep_3x16,fc,2,2.225000,0.05809737323713027,0.05706329548664664
deep_3x16,fc,2,2.250000,0.056231950756730265,0.05505278031492643
deep_3x16,fc,2,2.275000,0.05444695687593848,0.05312471503010885
deep_3x16,fc,2,2.300000,0.05273802226418489,0.0512753853925513
deep_3x16,fc,2,2.325000,0.051101033689576636,0.049501250098557395
deep_3x16,fc,2,2.350000,0.049532122619529995,0.047798933238089425
deep_3x16,fc,2,2.375000,0.048027653498320944,0.046165216977224074
deep_3x16,fc,2,2.400000,0.046584211880937865,0.044597034474109544
deep_3x16,fc,2,2.425000,0.04519859257373937,0.04309146303439602
deep_3x16,fc,2,2.450000,0.0438677879063194,0.04164571750968536
deep_3x16,fc,2,2.475000,0.04258897623570279,0.040257143940502574
deep_3x16,fc,2,2.500000,0.041359510763409935,0.038923213443524764
deep_3x16,fc,2,2.525000,0.040176908727946437,0.03764151634132921
deep_3x16,fc,2,2.550000,0.03903884101968147,0.036409756531684365
deep_3x16,fc,2,2.575000,0.037943122251692274,0.03522574609238472
deep_3x16,fc,2,2.600000,0.036887701308774945,0.034087400116785065
deep_3x16,fc,2,2.625000,0.03587065238722731,0.03299273177452561
deep_3x16,fc,2,2.650000,0.03489016653002974,0.03193984759139919
deep_3x16,fc,2,2.675000,0.03394454365546673,0.030926942941904803
deep_3x16,fc,2,2.700000,0.03303218507189476,0.029952297747731768
deep_3x16,fc,2,2.725000,0.03215158646710192,0.02901427237521226
deep_3x16,fc,2,2.750000,0.03130133135737212,0.02811130372463498
deep_3x16,fc,2,2.775000,0.030480084978841138,0.027241901504269916
deep_3x16,fc,2,2.800000,0.02968658860188489,0.026404644681927984
deep_3x16,fc,2,2.825000,0.028919654248018234,0.025598178106928483
deep_3x16,fc,2,2.850000,0.0281781597880022,0.024821209295431242
deep_3x16,fc,2,2.875000,0.027461044399487378,0.024072505372191445
deep_3x16,fc,2,2.900000,0.026767304362487532,0.023350890161948933
deep_3x16,fc,2,2.925000,0.02609598917120648,0.022655241423814636
deep_3x16,fc,2,2.950000,0.025446197941204063,0.02198448822219974
deep_3x16,fc,2,2.975000,0.024817076091508294,0.021337608428025324
deep_3x16,fc,2,3.000000,0.02420781228203972,0.020713626344142904
deep_3x16,fc,2,3.025000,0.023617635587571684,0.020111610449121096
deep_3x16,fc,2,3.050000,0.023045812890371664,0.019530671253741985
deep_3x16,fc,2,3.075000,0.022491646474635307,0.018969959264783273
deep_3x16,fc,2,3.100000,0.021954471806817533,0.01842866305087054
deep_3x16,fc,2,3.125000,0.02143365548695675,0.01790600740538857
deep_3x16,fc,2,3.150000,0.02092859335707742,0.01740125160166688
deep_3x16,fc,2,3.175000,0.020438708753724555,0.01691368773584563
deep_3x16,fc,2,3.200000,0.019963450892619528,0.016442639153041987
deep_3x16,fc,2,3.225000,0.019502293374336732,0.015987458952627043
deep_3x16,fc,2,3.250000,0.01905473280075709,0.01554752856862642
deep_3x16,fc,2,3.275000,0.018620287492881693,0.015122256421425359
deep_3x16,fc,2,3.300000,0.01819849630135928,0.014711076637163482
deep_3x16,fc,2,3.325000,0.017788917501806556,0.014313447831357885
deep_3x16,fc,2,3.350000,0.017391127767686143,0.013928851953473702
deep_3x16,fc,2,3.375000,0.017004721214130547,0.013556793189317143
deep_3x16,fc,2,3.400000,0.016629308506695084,0.013196796918281035
deep_3x16,fc,2,3.425000,0.016264516029555698,0.012848408722622606
deep_3x16,fc,2,3.450000,0.01590998510817332,0.012511193446095005
deep_3x16,fc,2,3.475000,0.015565371281896279,0.012184734299390572
deep_3x16,fc,2,3.500000,0.015230343622396836,0.011868632009980432
deep_3x16,fc,2,3.525000,0.014904584094214801,0.011562504014061415
deep_3x16,fc,2,3.550000,0.014587786954032289,0.011265983688439207
deep_3x16,fc,2,3.575000,0.014279658185615052,0.010978719620289117
deep_3x16,fc,2,3.600000,0.013979914967648832,0.010700374912838966
deep_3x16,fc,2,3.625000,0.013688285171950643,0.010430626525124654
deep_3x16,fc,2,3.650000,0.013404506889774237,0.010169164644067214
deep_3x16,fc,2,3.675000,0.013128327984139876,0.00991569208720407
deep_3x16,fc,2,3.700000,0.012859505666305115,0.009669923734501585
deep_3x16,fc,2,3.725000,0.012597806094671093,0.009431585987756015
deep_3x16,fc,2,3.750000,0.012343003994566448,0.009200416256170275
deep_3x16,fc,2,3.775000,0.012094882297495446,0.008976162466764602
deep_3x16,fc,2,3.800000,0.011853231798556685,0.008758582598353621
deep_3x16,fc,2,3.825000,0.011617850830855536,0.00854744423788731
deep_3x16,fc,2,3.850000,0.011388544955829749,0.008342524158018077
deep_3x16,fc,2,3.875000,0.011165126668501002,0.008143607914814084
deep_3x16,fc,2,3.900000,0.010947415116744796,0.007950489464597189
deep_3x16,fc,2,3.925000,0.01073523583374536,0.007762970798941056
deep_3x16,fc,2,3.950000,0.010528420482868062,0.007580861596905375
deep_3x16,fc,2,3.975000,0.010326806614239015,0.007403978893646075
deep_3x16,fc,2,4.000000,0.010130237432378064,0.0072321467645740005
deep_3x16,fc,2,4.025000,0.009938561574277416,0.0070651960242810626
deep_3x16,fc,2,4.050000,0.00975163289736325,0.00690296393950086
deep_3x16,fc,2,4.075000,0.009569310276815068,0.006745293955398438
deep_3x16,fc,2,4.100000,0.009391457411757176,0.00659203543452906
deep_3x16,fc,2,4.125000,0.009217942639864751,0.0064430434078363
deep_3x16,fc,2,4.150000,0.009048638759960315,0.006298178337093973
deep_3x16,fc,2,4.175000,0.008883422862202561,0.006157305888229191
deep_3x16,fc,2,4.200000,0.008722176165491646,0.006020296714986096
deep_3x16,fc,2,4.225000,0.008564783861743863,0.005887026252428785
deep_3x16,fc,2,4.250000,0.008411134966701983,0.005757374519800969
deep_3x16,fc,2,4.275000,0.00826112217697339,0.005631225932281169
deep_3x16,fc,2,4.300000,0.008114641733001582,0.005508469121209777
deep_3x16,fc,2,4.325000,0.007971593287695145,0.005388996762367058
deep_3x16,fc,2,4.350000,0.007831879780452966,0.005272705411922309
deep_3x16,fc,2,4.375000,0.007695407316338776,0.005159495349679465
deep_3x16,fc,2,4.400000,0.0075620850501705306,0.005049270429270179
deep_3x16,fc,2,4.425000,0.007431825075303489,0.004941937934961711
deep_3x16,fc,2,4.450000,0.0073045423168962564,0.004837408444764286
deep_3x16,fc,2,4.475000,0.00718015442946196,0.004735595699538422
deep_3x16,fc,2,4.500000,0.007058581698512145,0.00463641647781682
deep_3x16,fc,2,4.525000,0.006939746946116987,0.004539790476073858
deep_3x16,fc,2,4.550000,0.006823575440207397,0.0044456401941804025
deep_3x16,fc,2,4.575000,0.00670999480745893,0.0043538908258078015
deep_3x16,fc,2,4.600000,0.006598934949600954,0.004264470153542824
deep_3x16,fc,2,4.625000,0.006490327963004305,0.004177308448501121
deep_3x16,fc,2,4.650000,0.006384108061406213,0.00409233837422035
deep_3x16,fc,2,4.675000,0.006280211501640487,0.004009494894645649
deep_3x16,fc,2,4.700000,0.006178576512242517,0.003928715186011864
deep_3x16,fc,2,4.725000,0.006079143224810291,0.003849938552444208
deep_3x16,fc,2,4.750000,0.005981853608003629,0.0037731063451085585
deep_3x16,fc,2,4.775000,0.005886651404071186,0.003698161884748136
deep_3x16,fc,2,4.800000,0.005793482067800393,0.0036250503874534
deep_3x16,fc,2,4.825000,0.005702292707788548,0.0035537188935180495
deep_3x16,fc,2,4.850000,0.005613032029939347,0.0034841161992384935
deep_3x16,fc,2,4.875000,0.005525650283092487,0.003416192791532784
deep_3x16,fc,2,4.900000,0.005440099206699078,0.003349900785240403
deep_3x16,fc,2,4.925000,0.005356331980458373,0.0032851938629953315
deep_3x16,fc,2,4.950000,0.005274303175835882,0.0032220272175482114
deep_3x16,fc,2,4.975000,0.005193968709386376,0.003160357496432501
deep_3x16,fc,2,5.000000,0.005115285797808067,0.0031001427488730796
deep_3x16,fc,2,5.025000,0.0050382129146584465,0.0030413423748346722
deep_3x16,fc,2,5.050000,0.004962709748664529,0.0029839170761159985
deep_3x16,fc,2,5.075000,0.004888737163563417,0.0029278288094051505
deep_3x16,fc,2,5.100000,0.0048162571594114745,0.0028730407412039653
deep_3x16,fc,2,5.125000,0.0047452328353052575,0.0028195172045440277
deep_3x16,fc,2,5.150000,0.004675628353454919,0.002767223657416334
deep_3x16,fc,2,5.175000,0.0046074089045599065,0.002716126642840039
deep_3x16,fc,2,5.200000,0.004540540674432769,0.0026661937504989823
deep_3x16,fc,2,5.225000,0.004474990811823787,0.0026173935798797948
deep_3x16,fc,2,5.250000,0.0044107273973976735,0.00256969570484818
deep_3x16,fc,2,5.275000,0.004347719413819062,0.002523070639600119
deep_3x16,fc,2,5.300000,0.004285936716901695,0.002477489805931105
deep_3x16,fc,2,5.325000,0.004225350007781348,0.0024329255017677574
deep_3x16,fc,2,5.350000,0.004165930806072193,0.002389350870906149
deep_3x16,fc,2,5.375000,0.004107651423968517,0.0023467398739123713
deep_3x16,fc,2,5.400000,0.0040504849412563715,0.002305067260127343
deep_3x16,fc,2,5.425000,0.00399440518119798,0.0022643085407395933
deep_3x16,fc,2,5.450000,0.003939386687258906,0.0022244399628739303
deep_3x16,fc,2,5.475000,0.0038854047006424697,0.002185438484659717
deep_3x16,fc,2,5.500000,0.0038324351386027633,0.002147281751233332
deep_3x16,fc,2,5.525000,0.0037804545735067308,0.00210994807163994
deep_3x16,fc,2,5.550000,0.0037294402126155646,0.002073416396598594
deep_3x16,fc,2,5.575000,0.0036793698785599904,0.002037666297088671
deep_3x16,fc,2,5.600000,0.003630221990482574,0.002002677943734377
deep_3x16,fc,2,5.625000,0.0035819755458221803,0.0019684320869470203
deep_3x16,fc,2,5.650000,0.0035346101027168286,0.001934910037795905
deep_3x16,fc,2,5.675000,0.0034881057630016254,0.0019020936495821128
deep_3x16,fc,2,5.700000,0.0034424431557804613,0.0018699653000843219
deep_3x16,fc,2,5.725000,0.0033976034215490447,0.0018385078744475162
deep_3x16,fc,2,5.750000,0.0033535681968505093,0.001807704748695522
deep_3x16,fc,2,5.775000,0.0033103195994425016,0.0017775397738341902
deep_3x16,fc,2,5.800000,0.0032678402139586504,0.0017479972605298807
deep_3x16,fc,2,5.825000,0.0032261130780444347,0.0017190619643353434
deep_3x16,fc,2,5.850000,0.003185121668952684,0.0016907190714431513
deep_3x16,fc,2,5.875000,0.003144849890579282,0.0016629541849460688
deep_3x16,fc,2,5.900000,0.0031052820609257514,0.0016357533115849763
deep_3x16,fc,2,5.925000,0.0030664028999711768,0.0016091028489635777
deep_3x16,fc,2,5.950000,0.0030281975179407006,0.0015829895732162476
deep_3x16,fc,2,5.975000,0.002990651403955047,0.0015574006271040614
deep_3x16,fc,2,6.000000,0.002953750415047418,0.0015323235085293945
deep_3x16,fc,5,0.000000,1.0,0.9999990149527557
deep_3x16,fc,5,0.025000,0.9995232417458711,0.9995535545956326
deep_3x16,fc,5,0.050000,0.9980952495545948,0.9982182550348954
deep_3x16,fc,5,0.075000,0.9957226341581611,0.9959963639857915
deep_3x16,fc,5,0.100000,0.9924159190299292,0.9928933046151531
deep_3x16,fc,5,0.125000,0.9881891297725647,0.988916689954814
deep_3x16,fc,5,0.150000,0.9830593911302362,0.9840763410260884
deep_3x16,fc,5,0.175000,0.9770465258367032,0.9783843067201043
deep_3x16,fc,5,0.200000,0.9701726515065778,0.9718548830579382
deep_3x16,fc,5,0.225000,0.9624617768653495,0.9645046291303571
deep_3x16,fc,5,0.250000,0.9539394060322598,0.95635237680383
deep_3x16,fc,5,0.275000,0.9446321679253881,0.9474192311874634
deep_3x16,fc,5,0.300000,0.9345674952715725,0.9377285588901255
deep_3x16,fc,5,0.325000,0.9237733821236384,0.9273059612587633
deep_3x16,fc,5,0.350000,0.9122782484343777,0.9161792300730569
deep_3x16,fc,5,0.375000,0.900110934096117,0.904378283568314
deep_3x16,fc,5,0.400000,0.88730083309009,0.8919350811532322
deep_3x16,fc,5,0.425000,0.8738781625241933,0.8788835157629997
deep_3x16,fc,5,0.450000,0.8598743440679132,0.8652592834188174
deep_3x16,fc,5,0.475000,0.8453224598855831,0.8510997302275789
deep_3x16,fc,5,0.500000,0.830257734537159,0.8364436777241008
deep_3x16,fc,5,0.525000,0.8147179900643168,0.8213312281068833
deep_3x16,fc,5,0.550000,0.7987440233272767,0.8058035515220902
deep_3x16,fc,5,0.575000,0.7823798606030217,0.789902658086808
deep_3x16,fc,5,0.600000,0.7656728517799511,0.7736711577926741
deep_3x16,fc,5,0.625000,0.7486735732401026,0.7571520117798487
deep_3x16,fc,5,0.650000,0.7314355147762562,0.7403882787090609
deep_3x16,fc,5,0.675000,0.7140145339558175,0.7234228600810844
deep_3x16,fc,5,0.700000,0.6964680746172119,0.7062982483585597
deep_3x16,fc,5,0.725000,0.6788541670329076,0.6890562816393245
deep_3x16,fc,5,0.750000,0.6612302549588364,0.6717379084223036
deep_3x16,fc,5,0.775000,0.6436519246423683,0.6543829657089731
deep_3x16,fc,5,0.800000,0.6261716353210338,0.6370299733105577
deep_3x16,fc,5,0.825000,0.6088375619825599,0.6197159468002725
deep_3x16,fc,5,0.850000,0.591692654135068,0.6024762310788355
deep_3x16,fc,5,0.875000,0.574773988934195,0.5853443560278541
deep_3x16,fc,5,0.900000,0.558112458296471,0.5683519152265687
deep_3x16,fc,5,0.925000,0.5417327862020846,0.5515284682184035
deep_3x16,fc,5,0.950000,0.5256538336183677,0.5349014663486072
deep_3x16,fc,5,0.975000,0.509889121698936,0.5184962017644935
deep_3x16,fc,5,1.000000,0.49444749265845966,0.5023357787844921
deep_3x16,fc,5,1.025000,0.47933383133841323,0.4864411065080455
deep_3x16,fc,5,1.050000,0.4645497850566116,0.4708309112594444
deep_3x16,fc,5,1.075000,0.4500944393592683,0.45552176723692184
deep_3x16,fc,5,1.100000,0.4359649273766242,0.44052814357346226
deep_3x16,fc,5,1.125000,0.42215696663563185,0.42586246590588206
deep_3x16,fc,5,1.150000,0.4086653274181752,0.41153519049035014
deep_3x16,fc,5,1.175000,0.39548424100321866,0.3975548888910253
deep_3x16,fc,5,1.200000,0.38260775570598526,0.38392834129850273
deep_3x16,fc,5,1.225000,0.3700300454880544,0.370660636600358
deep_3x16,fc,5,1.250000,0.3577456720087733,0.3577552774211005
deep_3x16,fc,5,1.275000,0.34574979781118087,0.34521428846717805
deep_3x16,fc,5,1.300000,0.33403834672634747,0.3330383266483743
deep_3x16,fc,5,1.325000,0.32260810775651083,0.32122679159448314
deep_3x16,fc,5,1.350000,0.31145678040987623,0.30977793534049813
deep_3x16,fc,5,1.375000,0.30058296219193614,0.2986889701102368
deep_3x16,fc,5,1.400000,0.28998608210993493,0.2879561732835211
deep_3x16,fc,5,1.425000,0.2796662870690809,0.277574988782547
deep_3x16,fc,5,1.450000,0.2696242905097245,0.26754012425636026
deep_3x16,fc,5,1.475000,0.2598611942898197,0.25784564357642004
deep_3x16,fc,5,1.500000,0.25037829554636637,0.24848505427970202
deep_3x16,fc,5,1.525000,0.24117689009336918,0.2394513897077521
deep_3x16,fc,5,1.550000,0.23225808294971095,0.2307372856900662
deep_3x16,fc,5,1.575000,0.2236226150183651,0.2223350517080542
deep_3x16,fc,5,1.600000,0.21527071296808142,0.2142367365518528
deep_3x16,fc,5,1.625000,0.20720196721131967,0.20643418854680623
deep_3x16,fc,5,1.650000,0.19941524071885242,0.198919110480207
deep_3x16,fc,5,1.675000,0.19190860941853072,0.19168310940259609
deep_3x16,fc,5,1.700000,0.18467933320704244,0.1847177415124742
deep_3x16,fc,5,1.725000,0.17772385522870982,0.17801455235952063
deep_3x16,fc,5,1.750000,0.17103782607280693,0.1715651126203154
deep_3x16,fc,5,1.775000,0.16461614890438103,0.16536104971299231
deep_3x16,fc,5,1.800000,0.1584530412405608,0.15939407552411586
deep_3x16,fc,5,1.825000,0.1525421090649698,0.1536560105231757
deep_3x16,fc,5,1.850000,0.14687642917820787,0.14813880453823608
deep_3x16,fc,5,1.875000,0.141448636051402,0.14283455446115373
deep_3x16,fc,5,1.900000,0.13625100992494,0.13773551914301999
deep_3x16,fc,5,1.925000,0.13127556342497626,0.13283413173068498
deep_3x16,fc,5,1.950000,0.12651412451439514,0.12812300968388157
deep_3x16,fc,5,1.975000,0.1219584141205563,0.12359496270000238
deep_3x16,fc,5,2.000000,0.11760011726655406,0.11924299876040963
deep_3x16,fc,5,2.025000,0.11343094696150158,0.11506032849854929
deep_3x16,fc,5,2.050000,0.10944270047107874,0.11104036807640862
deep_3x16,fc,5,2.075000,0.10562730789036767,0.10717674074218457
deep_3x16,fc,5,2.100000,0.10197687317900384,0.10346327722860513
deep_3x16,fc,5,2.125000,0.0984837079987908,0.09989401513832925
deep_3x16,fc,5,2.150000,0.09514035882277194,0.09646319745030717
deep_3x16,fc,5,2.175000,0.09193962786962206,0.09316527026902503
deep_3x16,fc,5,2.200000,0.08887458846565743,0.08999487992723759
deep_3x16,fc,5,2.225000,0.08593859545587301,0.08694686954211561
deep_3x16,fc,5,2.250000,0.08312529128177015,0.0840162751147613
deep_3x16,fc,5,2.275000,0.0804286083230692,0.08119832125375193
deep_3x16,fc,5,2.300000,0.07784276806763657,0.07848841659474731
deep_3x16,fc,5,2.325000,0.07536227763316328,0.07588214898026313
deep_3x16,fc,5,2.350000,0.07298192411858895,0.07337528045640314
deep_3x16,fc,5,2.375000,0.07069676721557672,0.0709637421366524
deep_3x16,fc,5,2.400000,0.06850213046244413,0.06864362897674837
deep_3x16,fc,5,2.425000,0.06639359147631585,0.06641119449909502
deep_3x16,fc,5,2.450000,0.06436697145488712,0.06426284550016602
deep_3x16,fc,5,2.475000,0.062418324197743735,0.06219513676981234
deep_3x16,fc,5,2.500000,0.060543924859087106,0.060204765847302694
deep_3x16,fc,5,2.525000,0.058740258609128126,0.05828856783526772
deep_3x16,fc,5,2.550000,0.05700400935041161,0.05644351028943357
deep_3x16,fc,5,2.575000,0.05533204860780094,0.05466668819911841
deep_3x16,fc,5,2.600000,0.05372142468665997,0.05295531907085509
deep_3x16,fc,5,2.625000,0.05216935217269758,0.05130673812520908
deep_3x16,fc,5,2.650000,0.05067320182876567,0.04971839361481907
deep_3x16,fc,5,2.675000,0.04923049092834719,0.048187842269903004
deep_3x16,fc,5,2.700000,0.047838874052319236,0.046712744875897896
deep_3x16,fc,5,2.725000,0.046496134364539476,0.045290861986530255
deep_3x16,fc,5,2.750000,0.04520017537267229,0.04392004977442389
deep_3x16,fc,5,2.775000,0.04394901317319799,0.04259825602031256
deep_3x16,fc,5,2.800000,0.04274076917354208,0.04132351624104625
deep_3x16,fc,5,2.825000,0.041573663279503736,0.04009394995580804
deep_3x16,fc,5,2.850000,0.04044600753251815,0.03890775708931617
deep_3x16,fc,5,2.875000,0.03935620017854635,0.037763214510238105
deep_3x16,fc,5,2.900000,0.038302720148462366,0.036658672702594416
deep_3x16,fc,5,2.925000,0.03728412192851982,0.03559255256754023
deep_3x16,fc,5,2.950000,0.03629903079876973,0.034563342352615975
deep_3x16,fc,5,2.975000,0.035346138417024386,0.03356959470530945
deep_3x16,fc,5,3.000000,0.034424198726064725,0.03260992384757856
deep_3x16,fc,5,3.025000,0.03353202416217882,0.03168300286784069
deep_3x16,fc,5,3.050000,0.032668482143743294,0.030787561126827977
deep_3x16,fc,5,3.075000,0.031832491819352327,0.02992238177364323
deep_3x16,fc,5,3.100000,0.031023021055922362,0.02908629936830695
deep_3x16,fc,5,3.125000,0.030239083648213705,0.028278197607078143
deep_3x16,fc,5,3.150000,0.029479736732271666,0.02749700714683811
deep_3x16,fc,5,3.175000,0.028744078386387484,0.02674170352486146
deep_3x16,fc,5,3.200000,0.02803124540427615,0.026011305170332698
deep_3x16,fc,5,3.225000,0.027340411226254968,0.025304871504035504
deep_3x16,fc,5,3.250000,0.0266707840152699,0.024621501122705596
deep_3x16,fc,5,3.275000,0.02602160486563798,0.02396033006461559
deep_3x16,fc,5,3.300000,0.025392146133356164,0.02332053015304608
deep_3x16,fc,5,3.325000,0.024781709877751856,0.022701307414390606
deep_3x16,fc,5,3.350000,0.024189626405131226,0.022101900567731217
deep_3x16,fc,5,3.375000,0.023615252905893058,0.02152157958282148
deep_3x16,fc,5,3.400000,0.02305797217734662,0.020959644303520642
deep_3x16,fc,5,3.425000,0.022517191425166838,0.020415423133807592
deep_3x16,fc,5,3.450000,0.02199234113708226,0.019888271783622076
deep_3x16,fc,5,3.475000,0.02148287402297877,0.019377572071868618
deep_3x16,fc,5,3.500000,0.020988264016154168,0.018882730784027312
deep_3x16,fc,5,3.525000,0.020508005330954093,0.01840317858190917
deep_3x16,fc,5,3.550000,0.020041611572472195,0.017938368963193514
deep_3x16,fc,5,3.575000,0.019588614894406886,0.017487777268482583
deep_3x16,fc,5,3.600000,0.019148565201538625,0.017050899733695963
deep_3x16,fc,5,3.625000,0.018721029393625077,0.01662725258572584
deep_3x16,fc,5,3.650000,0.018305590647810344,0.01621637117935688
deep_3x16,fc,5,3.675000,0.017901847736916943,0.015817809173541454
deep_3x16,fc,5,3.700000,0.01750941438123066,0.015431137745210538
deep_3x16,fc,5,3.725000,0.017127918631603234,0.015055944838867765
deep_3x16,fc,5,3.750000,0.01675700228189525,0.014691834450308115
deep_3x16,fc,5,3.775000,0.016396320308953216,0.014338425942863312
deep_3x16,fc,5,3.800000,0.01604554033847083,0.013995353394657682
deep_3x16,fc,5,3.825000,0.015704342135222094,0.013662264975421378
deep_3x16,fc,5,3.850000,0.015372417116280679,0.013338822351480577
deep_3x16,fc,5,3.875000,0.015049467885946965,0.0130247001176001
deep_3x16,fc,5,3.900000,0.014735207791208182,0.012719585254425991
deep_3x16,fc,5,3.925000,0.01442936049664123,0.012423176610320625
deep_3x16,fc,5,3.950000,0.014131659577752087,0.012135184406454037
deep_3x16,fc,5,3.975000,0.013841848131813106,0.011855329764055456
deep_3x16,fc,5,4.000000,0.013559678405328679,0.011583344252793145
deep_3x16,fc,5,4.025000,0.01328491143731314,0.011318969459285231
deep_3x16,fc,5,4.050000,0.013017316717621519,0.011061956574806305
deep_3x16,fc,5,4.075000,0.01275667185961904,0.010812066001288487
deep_3x16,fc,5,4.100000,0.012502762286518587,0.010569066974763647
deep_3x16,fc,5,4.125000,0.012255380930757065,0.010332737205431649
deep_3x16,fc,5,4.150000,0.012014327945814918,0.010102862533580738
deep_3x16,fc,5,4.175000,0.011779410429917592,0.009879236600621332
deep_3x16,fc,5,4.200000,0.011550442161088803,0.009661660534531725
deep_3x16,fc,5,4.225000,0.011327243343051019,0.009449942649044966
deep_3x16,fc,5,4.250000,0.011109640361498196,0.009243898155941826
deep_3x16,fc,5,4.275000,0.01089746555028659,0.00904334888984183
deep_3x16,fc,5,4.300000,0.010690556967113518,0.008848123044917012
deep_3x16,fc,5,4.325000,0.010488758178275437,0.00865805492297805
deep_3x16,fc,5,4.350000,0.010291918052113713,0.008472984692407837
deep_3x16,fc,5,4.375000,0.010099890560779312,0.008292758157448845
deep_3x16,fc,5,4.400000,0.009912534589958777,0.008117226537362866
deep_3x16,fc,5,4.425000,0.009729713756226999,0.007946246255021595
deep_3x16,fc,5,4.450000,0.00955129623170159,0.007779678734485535
deep_3x16,fc,5,4.475000,0.009377154575692548,0.007617390207175521
deep_3x16,fc,5,4.500000,0.009207165573052234,0.00745925152623505
deep_3x16,fc,5,4.525000,0.009041210078943873,0.007305137988719207
deep_3x16,fc,5,4.550000,0.008879172869761476,0.007154929165255192
deep_3x16,fc,5,4.575000,0.008720942499942153,0.007008508736834862
deep_3x16,fc,5,4.600000,0.008566411164426468,0.006865764338424728
deep_3x16,fc,5,4.625000,0.0084154745665318,0.006726587409077422
deep_3x16,fc,5,4.650000,0.008268031791011654,0.006590873048268464
deep_3x16,fc,5,4.675000,0.008123985182088678,0.0064585198781628465
deep_3x16,fc,5,4.700000,0.00798324022625363,0.006329429911565912
deep_3x16,fc,5,4.725000,0.007845705439633588,0.006203508425289461
deep_3x16,fc,5,4.750000,0.00771129225974021,0.006080663838708088
deep_3x16,fc,5,4.775000,0.007579914941419075,0.005960807597265741
deep_3x16,fc,5,4.800000,0.0074514904568256934,0.005843854060718774
deep_3x16,fc,5,4.825000,0.007325938399262988,0.005729720395912886
deep_3x16,fc,5,4.850000,0.0072031808907225825,0.005618326473881569
deep_3x16,fc,5,4.875000,0.007083142492978145,0.0055095947710962845
deep_3x16,fc,5,4.900000,0.006965750122084224,0.005403450274670497
deep_3x16,fc,5,4.925000,0.006850932966143586,0.005299820391357137
deep_3x16,fc,5,4.950000,0.006738622406208483,0.00519863486017101
deep_3x16,fc,5,4.975000,0.0066287519401888595,0.005099825668480255
deep_3x16,fc,5,5.000000,0.006521257109646017,0.005003326971419181
deep_3x16,fc,5,5.025000,0.006416075429353185,0.004909075014477372
deep_3x16,fc,5,5.050000,0.0063131463195136295,0.004817008059132411
deep_3x16,fc,5,5.075000,0.006212411040526389,0.004727066311396233
deep_3x16,fc,5,5.100000,0.006113812630198834,0.004639191853146637
deep_3x16,fc,5,5.125000,0.0060172958433075685,0.004553328576135116
deep_3x16,fc,5,5.150000,0.005922807093411753,0.004469422118547324
deep_3x16,fc,5,5.175000,0.00583029439683147,0.0043874198040178055
deep_3x16,fc,5,5.200000,0.005739707318702214,0.0043072705829917705
deep_3x16,fc,5,5.225000,0.0056509969210237765,0.004228924976334929
deep_3x16,fc,5,5.250000,0.0055641157126244956,0.004152335021101629
deep_3x16,fc,5,5.275000,0.005479017600964142,0.004077454218365142
deep_3x16,fc,5,5.300000,0.005395657845703394,0.0040042374830345975
deep_3x16,fc,5,5.325000,0.005313993013969176,0.003932641095565119
deep_3x16,fc,5,5.350000,0.005233980937250027,0.003862622655491328
deep_3x16,fc,5,5.375000,0.005155580669856996,0.0037941410367080836
deep_3x16,fc,5,5.400000,0.005078752448888557,0.003727156344421023
deep_3x16,fc,5,5.425000,0.005003457655640364,0.003661629873710311
deep_3x16,fc,5,5.450000,0.0049296587784047885,0.0035975240696294233
deep_3x16,fc,5,5.475000,0.004857319376604385,0.003534802488785088
deep_3x16,fc,5,5.500000,0.004786404046209003,0.00347342976233753
deep_3x16,fc,5,5.525000,0.00471687838638557,0.0034133715603585552
deep_3x16,fc,5,5.550000,0.0046487089673338255,0.003354594557501852
deep_3x16,fc,5,5.575000,0.0045818632992622454,0.003297066399923296
deep_3x16,fc,5,5.600000,0.004516309802459317,0.0032407556734100657
deep_3x16,fc,5,5.625000,0.004452017778419859,0.0031856318726634857
deep_3x16,fc,5,5.650000,0.004388957381984082,0.003131665371696122
deep_3x16,fc,5,5.675000,0.00432709959445321,0.003078827395293707
deep_3x16,fc,5,5.700000,0.004266416197641454,0.003027089991503894
deep_3x16,fc,5,5.725000,0.004206879748831938,0.0029764260051096687
deep_3x16,fc,5,5.750000,0.004148463556600146,0.0029268090520475788
deep_3x16,fc,5,5.775000,0.004091141657473263,0.002878213494739797
deep_3x16,fc,5,5.800000,0.00403488879339331,0.002830614418296118
deep_3x16,fc,5,5.825000,0.003979680389954998,0.00278398760755835
deep_3x16,fc,5,5.850000,0.003925492535388098,0.002738309524953898
deep_3x16,fc,5,5.875000,0.0038723019602568964,0.00269355728912338
deep_3x16,fc,5,5.900000,0.0038200860178507767,0.002649708654298654
deep_3x16,fc,5,5.925000,0.0037688226652390355,0.0026067419903964785
deep_3x16,fc,5,5.950000,0.003718490444967082,0.0025646362638050363
deep_3x16,fc,5,5.975000,0.0036690684673680307,0.0025233710188360442
deep_3x16,fc,5,6.000000,0.00362053639346982,0.002482926359813787
deep_cusp_3x16,fx,,0.000000,1.0,1.0
deep_cusp_3x16,fx,,0.025000,1.0001467266783037,1.0001371734503082
deep_cusp_3x16,fx,,0.050000,1.0005861809940446,1.0005484131007953
deep_cusp_3x16,fx,,0.075000,1.0013162796663728,1.0012328782849313
deep_cusp_3x16,fx,,0.100000,1.002333748708272,1.002189172660767
deep_cusp_3x16,fx,,0.125000,1.003634289243061,1.0034153513166864
deep_cusp_3x16,fx,,0.150000,1.0052127362143692,1.0049089306249135
deep_cusp_3x16,fx,,0.175000,1.007063207176614,1.0066669007499534
deep_cusp_3x16,fx,,0.200000,1.0091792388502285,1.0086857406950527
deep_cusp_3x16,fx,,0.225000,1.0115539096708122,1.010961435747421
deep_cusp_3x16,fx,,0.250000,1.0141799471353619,1.0134894971626558
deep_cusp_3x16,fx,,0.275000,1.0170498193327568,1.0162649839108355
deep_cusp_3x16,fx,,0.300000,1.0201558106207704,1.0192825262913066
deep_cusp_3x16,fx,,0.325000,1.0234900819597008,1.022536351210436
deep_cusp_3x16,fx,,0.350000,1.027044716915907,1.0260203089066646
deep_cusp_3x16,fx,,0.375000,1.0308117547911253,1.0297279009001115
deep_cusp_3x16,fx,,0.400000,1.0347832127011456,1.0336523089397605
deep_cusp_3x16,fx,,0.425000,1.038951098707968,1.0377864247198565
deep_cusp_3x16,fx,,0.450000,1.043307418292973,1.0421228801384386
deep_cusp_3x16,fx,,0.475000,1.0478441765376574,1.0466540778748243
deep_cusp_3x16,fx,,0.500000,1.052553378349145,1.0513722220691275
deep_cusp_3x16,fx,,0.525000,1.0574270289297376,1.056269348895353
deep_cusp_3x16,fx,,0.550000,1.0624571364475077,1.061337356830009
deep_cusp_3x16,fx,,0.575000,1.0676357185275158,1.0665680364302768
deep_cusp_3x16,fx,,0.600000,1.0729548137651723,1.0719530994492863
deep_cusp_3x16,fx,,0.625000,1.078406498984266,1.0774842071307018
deep_cusp_3x16,fx,,0.650000,1.0839829124467733,1.0831529975403624
deep_cusp_3x16,fx,,0.675000,1.0896762826979314,1.0889511118088369
deep_cusp_3x16,fx,,0.700000,1.0954789622286045,1.0948702191752313
deep_cusp_3x16,fx,,0.725000,1.1013834646881442,1.1009020407391494
deep_cusp_3x16,fx,,0.750000,1.1073825040130736,1.1070383718441337
deep_cusp_3x16,fx,,0.775000,1.1134690335737722,1.1132711030320084
deep_cusp_3x16,fx,,0.800000,1.1196362833000522,1.119592239523111
deep_cusp_3x16,fx,,0.825000,1.1258777927360732,1.1259939191922888
deep_cusp_3x16,fx,,0.850000,1.1321874380953474,1.1324684290245925
deep_cusp_3x16,fx,,0.875000,1.1385594516285518,1.139008220047757
deep_cusp_3x16,fx,,0.900000,1.1449884319632302,1.1456059207506675
deep_cusp_3x16,fx,,0.925000,1.1514693445014235,1.152254349008086
deep_cusp_3x16,fx,,0.950000,1.1579975114406877,1.1589465225418367
deep_cusp_3x16,fx,,0.975000,1.1645685914856263,1.1656756679574736
deep_cusp_3x16,fx,,1.000000,1.1711785498112288,1.172435228403129
deep_cusp_3x16,fx,,1.025000,1.1778236192986233,1.1792188699038115
deep_cusp_3x16,fx,,1.050000,1.184500254465072,1.1860204864298936
deep_cusp_3x16,fx,,1.075000,1.1912050798349962,1.192834203762979
deep_cusp_3x16,fx,,1.100000,1.197934834734972,1.1996543822257886
deep_cusp_3x16,fx,,1.125000,1.2046863166360484,1.2064756183452223
deep_cusp_3x16,fx,,1.150000,1.2114563252096433,1.2132927455194251
deep_cusp_3x16,fx,,1.175000,1.2182416092115942,1.220100833760554
deep_cusp_3x16,fx,,1.200000,1.2250388181694711,1.2268951885850992
deep_cusp_3x16,fx,,1.225000,1.231844460630951,1.2336713491231373
deep_cusp_3x16,fx,,1.250000,1.2386548704484721,1.2404250855168273
deep_cusp_3x16,fx,,1.275000,1.2454661822417765,1.2471523956769321
deep_cusp_3x16,fx,,1.300000,1.2522743168111339,1.2538495014641662
deep_cusp_3x16,fx,,1.325000,1.2590749768862592,1.2605128443598486
deep_cusp_3x16,fx,,1.350000,1.2658636532059346,1.2671390806877225
deep_cusp_3x16,fx,,1.375000,1.2726356405471502,1.2737250764459462
deep_cusp_3x16,fx,,1.400000,1.2793860629753848,1.2802679018052352
deep_cusp_3x16,fx,,1.425000,1.286109907282795,1.2867648253259727
deep_cusp_3x16,fx,,1.450000,1.2928020633297461,1.2932133079438641
deep_cusp_3x16,fx,,1.475000,1.2994573698155372,1.2996109967704328
deep_cusp_3x16,fx,,1.500000,1.3060706638814803,1.3059557187513589
deep_cusp_3x16,fx,,1.525000,1.3126368328953375,1.3122454742224083
deep_cusp_3x16,fx,,1.550000,1.3191508667787946,1.3184784303994812
deep_cusp_3x16,fx,,1.575000,1.3256079093142479,1.3246529148361825
deep_cusp_3x16,fx,,1.600000,1.3320033069960588,1.330767408879276
deep_cusp_3x16,fx,,1.625000,1.3383326541648106,1.3368205411494571
deep_cusp_3x16,fx,,1.650000,1.3445918333697804,1.3428110810720784
deep_cusp_3x16,fx,,1.675000,1.350777050132903,1.3487379324797883
deep_cusp_3x16,fx,,1.700000,1.3568848615252092,1.3546001273065218
deep_cusp_3x16,fx,,1.725000,1.3629121982029722,1.360396819389886
deep_cusp_3x16,fx,,1.750000,1.3688563797759032,1.3661272783967613
deep_cusp_3x16,fx,,1.775000,1.3747151235856132,1.3717908838848296
deep_cusp_3x16,fx,,1.800000,1.38048654715317,1.3773871195108214
deep_cusp_3x16,fx,,1.825000,1.3861691647057905,1.3829155673944546
deep_cusp_3x16,fx,,1.850000,1.3917618783124193,1.3883759026453952
deep_cusp_3x16,fx,,1.875000,1.3972639642457814,1.3937678880590432
deep_cusp_3x16,fx,,1.900000,1.4026750552456169,1.3990913689855675
deep_cusp_3x16,fx,,1.925000,1.4079951193865015,1.4043462683753405
deep_cusp_3x16,fx,,1.950000,1.4132244362571804,1.4095325820027964
deep_cusp_3x16,fx,,1.975000,1.4183635711404063,1.4146503738697032
deep_cusp_3x16,fx,,2.000000,1.4234133478468827,1.4196997717879212
deep_cusp_3x16,fx,,2.025000,1.4283748208081193,1.4246809631409094
deep_cusp_3x16,fx,,2.050000,1.4332492469745817,1.4295941908225116
deep_cusp_3x16,fx,,2.075000,1.4380380580010488,1.4344397493509262
deep_cusp_3x16,fx,,2.100000,1.4427428331335752,1.4392179811552137
deep_cusp_3x16,fx,,2.125000,1.4473652731445865,1.4439292730312083
deep_cusp_3x16,fx,,2.150000,1.451907175596465,1.4485740527633122
deep_cusp_3x16,fx,,2.175000,1.456370411651197,1.4531527859082907
deep_cusp_3x16,fx,,2.200000,1.4607569045854545,1.4576659727369123
deep_cusp_3x16,fx,,2.225000,1.4650686101176555,1.4621141453290472
deep_cusp_3x16,fx,,2.250000,1.4693074986065953,1.4664978648176454
deep_cusp_3x16,fx,,2.275000,1.4734755391403278,1.470817718776893
deep_cusp_3x16,fx,,2.300000,1.477574685499082,1.475074318749721
deep_cusp_3x16,fx,,2.325000,1.4816068639468971,1.479268297909802
deep_cusp_3x16,fx,,2.350000,1.4855739627830478,1.483400308853113
deep_cusp_3x16,fx,,2.375000,1.4894778235657267,1.4874710215141502
deep_cusp_3x16,fx,,2.400000,1.4933202339064477,1.491481121201892
deep_cusp_3x16,fx,,2.425000,1.4971029217236818,1.4954313067506453
deep_cusp_3x16,fx,,2.450000,1.500827550837839,1.4993222887809725
deep_cusp_3x16,fx,,2.475000,1.504495717786414,1.5031547880659621
deep_cusp_3x16,fx,,2.500000,1.508108949737361,1.5069295339981974
deep_cusp_3x16,fx,,2.525000,1.5116687033802492,1.5106472631528727
deep_cusp_3x16,fx,,2.550000,1.5151763646779346,1.514308717942618
deep_cusp_3x16,fx,,2.575000,1.5186332493661046,1.5179146453597039
deep_cusp_3x16,fx,,2.600000,1.5220406040937584,1.5214657958014208
deep_cusp_3x16,fx,,2.625000,1.525399608104157,1.5249629219745588
deep_cusp_3x16,fx,,2.650000,1.5287113753628425,1.5284067778750356
deep_cusp_3x16,fx,,2.675000,1.531976957046699,1.5317981178388593
deep_cusp_3x16,fx,,2.700000,1.5351973443155662,1.5351376956607474
deep_cusp_3x16,fx,,2.725000,1.5383734712954908,1.538426263776851
deep_cusp_3x16,fx,,2.750000,1.5415062182101205,1.5416645725081797
deep_cusp_3x16,fx,,2.775000,1.544596414603993,1.5448533693614435
deep_cusp_3x16,fx,,2.800000,1.5476448426083949,1.5479933983841754
deep_cusp_3x16,fx,,2.825000,1.5506522402070566,1.5510853995711167
deep_cusp_3x16,fx,,2.850000,1.553619304465136,1.5541301083189827
deep_cusp_3x16,fx,,2.875000,1.5565466946906883,1.5571282549268526
deep_cusp_3x16,fx,,2.900000,1.5594350355031512,1.5600805641395499
deep_cusp_3x16,fx,,2.925000,1.5622849197882074,1.562987754731498
deep_cusp_3x16,fx,,2.950000,1.5650969115227962,1.5658505391286572
deep_cusp_3x16,fx,,2.975000,1.5678715484579964,1.5686696230662598
deep_cusp_3x16,fx,,3.000000,1.5706093446510099,1.5714457052801694
deep_cusp_3x16,fx,,3.025000,1.5733107928405727,1.5741794772298021
deep_cusp_3x16,fx,,3.050000,1.5759763666628275,1.5768716228506432
deep_cusp_3x16,fx,,3.075000,1.5786065227070019,1.5795228183344976
deep_cusp_3x16,fx,,3.100000,1.581201702412219,1.5821337319357038
deep_cusp_3x16,fx,,3.125000,1.5837623338084315,1.5847050238016365
deep_cusp_3x16,fx,,3.150000,1.5862888331058174,1.587237345825908
deep_cusp_3x16,fx,,3.175000,1.5887816061380824,1.5897313415227634
deep_cusp_3x16,fx,,3.200000,1.591241049665964,1.592187645921248
deep_cusp_3x16,fx,,3.225000,1.59366755254788,1.5946068854777975
deep_cusp_3x16,fx,,3.250000,1.5960614967851205,1.5969896780059818
deep_cusp_3x16,fx,,3.275000,1.5984232584492635,1.5993366326221994
deep_cusp_3x16,fx,,3.300000,1.6007532084996619,1.601648349706187
deep_cusp_3x16,fx,,3.325000,1.6030517134988642,1.6039254208752762
deep_cusp_3x16,fx,,3.350000,1.6053191362337649,1.6061684289713845
deep_cusp_3x16,fx,,3.375000,1.6075558362501279,1.6083779480597964
deep_cusp_3x16,fx,,3.400000,1.6097621703078966,1.6105545434388309
deep_cusp_3x16,fx,,3.425000,1.6119384927644307,1.6126987716595576
deep_cusp_3x16,fx,,3.450000,1.6140851558924911,1.6148111805547691
deep_cusp_3x16,fx,,3.475000,1.6162025101394477,1.6168923092764607
deep_cusp_3x16,fx,,3.500000,1.6182909043338058,1.6189426883411182
deep_cusp_3x16,fx,,3.525000,1.6203506858447845,1.6209628396821578
deep_cusp_3x16,fx,,3.550000,1.6223822007002726,1.622953276708899
deep_cusp_3x16,fx,,3.575000,1.624385793668127,1.6249145043714908
deep_cusp_3x16,fx,,3.600000,1.6263618083053686,1.6268470192312494
deep_cusp_3x16,fx,,3.625000,1.6283105869794952,1.6287513095359003
deep_cusp_3x16,fx,,3.650000,1.6302324708657459,1.630627855299244
deep_cusp_3x16,fx,,3.675000,1.6321277999238257,1.632477128384804
deep_cusp_3x16,fx,,3.700000,1.6339969128572633,1.6342995925930408
deep_cusp_3x16,fx,,3.725000,1.6358401470582828,1.6360957037517374
deep_cusp_3x16,fx,,3.750000,1.6376578385407605,1.6378659098091999
deep_cusp_3x16,fx,,3.775000,1.6394503218635916,1.6396106509299275
deep_cusp_3x16,fx,,3.800000,1.6412179300465228,1.641330359592442
deep_cusp_3x16,fx,,3.825000,1.6429609944802852,1.6430254606889751
deep_cusp_3x16,fx,,3.850000,1.6446798448326474,1.6446963716267469
deep_cusp_3x16,fx,,3.875000,1.6463748089518109,1.6463435024305744
deep_cusp_3x16,fx,,3.900000,1.6480462127683908,1.6479672558465768
deep_cusp_3x16,fx,,3.925000,1.6496943801970687,1.6495680274467555
deep_cusp_3x16,fx,,3.950000,1.6513196330388489,1.651146205734246
deep_cusp_3x16,fx,,3.975000,1.652922290884717,1.6527021722490547
deep_cusp_3x16,fx,,4.000000,1.6545026710213917,1.654236301674099
deep_cusp_3x16,fx,,4.025000,1.6560610883397313,1.6557489619413992
deep_cusp_3x16,fx,,4.050000,1.657597855246283,1.6572405143382634
deep_cusp_3x16,fx,,4.075000,1.659113281578359,1.6587113136133356
deep_cusp_3x16,fx,,4.100000,1.6606076745229599,1.6601617080823763
deep_cusp_3x16,fx,,4.125000,1.6620813385397895,1.6615920397336599
deep_cusp_3x16,fx,,4.150000,1.6635345752885475,1.663002644332885
deep_cusp_3x16,fx,,4.175000,1.6649676835606428,1.6643938515274967
deep_cusp_3x16,fx,,4.200000,1.6663809592154057,1.6657659849503361
deep_cusp_3x16,fx,,4.225000,1.667774695120857,1.6671193623225302
deep_cusp_3x16,fx,,4.250000,1.6691491810990442,1.668454295555556
deep_cusp_3x16,fx,,4.275000,1.6705047038759337,1.6697710908524037
deep_cusp_3x16,fx,,4.300000,1.6718415470358092,1.6710700488077885
deep_cusp_3x16,fx,,4.325000,1.6731599909801207,1.672351464507346
deep_cusp_3x16,fx,,4.350000,1.6744603128906996,1.6736156276257725
deep_cusp_3x16,fx,,4.375000,1.6757427866972432,1.6748628225238602
deep_cusp_3x16,fx,,4.400000,1.6770076830489544,1.6760933283443924
deep_cusp_3x16,fx,,4.425000,1.6782552692902233,1.6773074191068635
deep_cusp_3x16,fx,,4.450000,1.679485809440212,1.6785053638009961
deep_cusp_3x16,fx,,4.475000,1.6806995641762168,1.6796874264790258
deep_cusp_3x16,fx,,4.500000,1.6818967908206561,1.6808538663467358
deep_cusp_3x16,fx,,4.525000,1.6830777433315505,1.682004937853222
deep_cusp_3x16,fx,,4.550000,1.6842426722963404,1.6831408907793708
deep_cusp_3x16,fx,,4.575000,1.6853918249288968,1.6842619703250405
deep_cusp_3x16,fx,,4.600000,1.6865254450695755,1.685368417194935
deep_cusp_3x16,fx,,4.625000,1.6876437731881704,1.6864604676831623
deep_cusp_3x16,fx,,4.650000,1.6887470463896141,1.687538353756474
deep_cusp_3x16,fx,,4.675000,1.6898354984222848,1.6886023031361845
deep_cusp_3x16,fx,,4.700000,1.6909093596887772,1.6896525393787643
deep_cusp_3x16,fx,,4.725000,1.6919688572589966,1.6906892819551151
deep_cusp_3x16,fx,,4.750000,1.6930142148854403,1.691712746328525
deep_cusp_3x16,fx,,4.775000,1.6940456530205321,1.69272314403131
deep_cusp_3x16,fx,,4.800000,1.6950633888358821,1.6937206827401463
deep_cusp_3x16,fx,,4.825000,1.6960676362433462,1.6947055663501032
deep_cusp_3x16,fx,,4.850000,1.6970586059177613,1.695677995047382
deep_cusp_3x16,fx,,4.875000,1.6980365053212403,1.6966381653807714
deep_cusp_3x16,fx,,4.900000,1.6990015387289163,1.6975862703318307
deep_cusp_3x16,fx,,4.925000,1.6999539072560164,1.6985224993838095
deep_cusp_3x16,fx,,4.950000,1.7008938088861776,1.6994470385893194
deep_cusp_3x16,fx,,4.975000,1.7018214385008839,1.7003600706367672
deep_cusp_3x16,fx,,5.000000,1.7027369879099437,1.701261774915565
deep_cusp_3x16,fx,,5.025000,1.7036406458829065,1.7021523275801298
deep_cusp_3x16,fx,,5.050000,1.7045325981813337,1.7030319016126885
deep_cusp_3x16,fx,,5.075000,1.705413027591838,1.7039006668849015
deep_cusp_3x16,fx,,5.100000,1.7062821139598094,1.7047587902183228
deep_cusp_3x16,fx,,5.125000,1.7071400342237593,1.7056064354437073
deep_cusp_3x16,fx,,5.150000,1.7079869624501938,1.7064437634591885
deep_cusp_3x16,fx,,5.175000,1.7088230698689648,1.7072709322873345
deep_cusp_3x16,fx,,5.200000,1.7096485249090256,1.708088097131107
deep_cusp_3x16,fx,,5.225000,1.7104634932345215,1.7088954104287313
deep_cusp_3x16,fx,,5.250000,1.7112681377811731,1.7096930219075017
deep_cusp_3x16,fx,,5.275000,1.7120626187928811,1.7104810786365339
deep_cusp_3x16,fx,,5.300000,1.7128470938585125,1.711259725078483
deep_cusp_3x16,fx,,5.325000,1.7136217179488085,1.7120291031402441
deep_cusp_3x16,fx,,5.350000,1.7143866434533768,1.7127893522226525
deep_cusp_3x16,fx,,5.375000,1.71514202021772,1.7135406092691985
deep_cusp_3x16,fx,,5.400000,1.71588799558026,1.714283008813776
deep_cusp_3x16,fx,,5.425000,1.7166247144093176,1.7150166830274802
deep_cusp_3x16,fx,,5.450000,1.7173523191400233,1.7157417617644724
deep_cusp_3x16,fx,,5.475000,1.7180709498111055,1.7164583726069251
deep_cusp_3x16,fx,,5.500000,1.7187807441015464,1.7171666409090691
deep_cusp_3x16,fx,,5.525000,1.719481837367061,1.717866689840354
deep_cusp_3x16,fx,,5.550000,1.7201743626763843,1.7185586404277413
deep_cusp_3x16,fx,,5.575000,1.7208584508473281,1.7192426115971444
deep_cusp_3x16,fx,,5.600000,1.721534230482602,1.719918720214034
deep_cusp_3x16,fx,,5.625000,1.7222018280053601,1.7205870811232205
deep_cusp_3x16,fx,,5.650000,1.7228613676944675,1.721247807187832
deep_cusp_3x16,fx,,5.675000,1.7235129717194586,1.7219010093275047
deep_cusp_3x16,fx,,5.700000,1.7241567601751797,1.7225467965557948
deep_cusp_3x16,fx,,5.725000,1.724792851116094,1.7231852760168345
deep_cusp_3x16,fx,,5.750000,1.7254213605902402,1.7238165530212408
deep_cusp_3x16,fx,,5.775000,1.7260424026728307,1.7244407310812953
deep_cusp_3x16,fx,,5.800000,1.7266560894994771,1.725057911945408
deep_cusp_3x16,fx,,5.825000,1.7272625312990375,1.7256681956318787
deep_cusp_3x16,fx,,5.850000,1.727861836426073,1.7262716804619718
deep_cusp_3x16,fx,,5.875000,1.7284541113929055,1.7268684630923166
deep_cusp_3x16,fx,,5.900000,1.7290394609012767,1.727458638546647
deep_cusp_3x16,fx,,5.925000,1.7296179878735918,1.7280423002468948
deep_cusp_3x16,fx,,5.950000,1.730189793483755,1.728619540043648
deep_cusp_3x16,fx,,5.975000,1.730754977187581,1.7291904482459888
deep_cusp_3x16,fx,,6.000000,1.731313636752789,1.7297551136507232
deep_cusp_3x16,fc,0.5,0.000000,1.0,0.9999961712608588
deep_cusp_3x16,fc,0.5,0.025000,0.9984378137956037,0.9983586646344352
deep_cusp_3x16,fc,0.5,0.050000,0.9937620022408267,0.9934854371990305
deep_cusp_3x16,fc,0.5,0.075000,0.9860115632368919,0.9854913576191164
deep_cusp_3x16,fc,0.5,0.100000,0.9752652873689469,0.9745583236306017
deep_cusp_3x16,fc,0.5,0.125000,0.961652103082152,0.9609224860044977
deep_cusp_3x16,fc,0.5,0.150000,0.9453590224608263,0.9448590526338713
deep_cusp_3x16,fc,0.5,0.175000,0.9266354753465313,0.9266665678644719
deep_cusp_3x16,fc,0.5,0.200000,0.9057927261941171,0.906652287270015
deep_cusp_3x16,fc,0.5,0.225000,0.8831971905123432,0.8851197735940066
deep_cusp_3x16,fc,0.5,0.250000,0.859256892589657,0.8623592877190294
deep_cusp_3x16,fc,0.5,0.275000,0.8344010857775946,0.838641066508284
deep_cusp_3x16,fc,0.5,0.300000,0.8090541717634677,0.8142112349444125
deep_cusp_3x16,fc,0.5,0.325000,0.7836063843060136,0.7892899055662282
deep_cusp_3x16,fc,0.5,0.350000,0.7583850059217878,0.7640709501109981
deep_cusp_3x16,fc,0.5,0.375000,0.7336308122967681,0.738722947888542
deep_cusp_3x16,fc,0.5,0.400000,0.7094845697271013,0.7133908845188547
deep_cusp_3x16,fc,0.5,0.425000,0.6859873593742141,0.6881982632946789
deep_cusp_3x16,fc,0.5,0.450000,0.6630960972964174,0.663249379897375
deep_cusp_3x16,fc,0.5,0.475000,0.6407121418190013,0.6386315887919551
deep_cusp_3x16,fc,0.5,0.500000,0.6187172213957547,0.614417452116793
deep_cusp_3x16,fc,0.5,0.525000,0.5970084413918737,0.5906667090105318
deep_cusp_3x16,fc,0.5,0.550000,0.5755241099108974,0.5674280368849434
deep_cusp_3x16,fc,0.5,0.575000,0.5542549491740834,0.5447405987383155
deep_cusp_3x16,fc,0.5,0.600000,0.5332399682581306,0.5226353848308631
deep_cusp_3x16,fc,0.5,0.625000,0.512550912335723,0.5011363652156074
deep_cusp_3x16,fc,0.5,0.650000,0.4922718977960332,0.4802614735958944
deep_cusp_3x16,fc,0.5,0.675000,0.47248081433965594,0.46002344418289265
deep_cusp_3x16,fc,0.5,0.700000,0.45323689003422285,0.4404305226879344
deep_cusp_3x16,fc,0.5,0.725000,0.4345758150570673,0.4214870710332323
deep_cusp_3x16,fc,0.5,0.750000,0.41651129713301205,0.4031940832949596
deep_cusp_3x16,fc,0.5,0.775000,0.3990405816263338,0.38554962812948085
deep_cusp_3x16,fc,0.5,0.800000,0.3821513405927124,0.36854923068108175
deep_cusp_3x16,fc,0.5,0.825000,0.3658279963631561,0.35218620484951263
deep_cusp_3x16,fc,0.5,0.850000,0.35005645379007133,0.3364519448742073
deep_cusp_3x16,fc,0.5,0.875000,0.3348269688617409,0.3213361834989273
deep_cusp_3x16,fc,0.5,0.900000,0.32013532249233134,0.306827222522449
deep_cusp_3x16,fc,0.5,0.925000,0.3059826382782054,0.2929121403100752
deep_cusp_3x16,fc,0.5,0.950000,0.29237420544566883,0.2795769798212084
deep_cusp_3x16,fc,0.5,0.975000,0.27931764937964676,0.2668069198795077
deep_cusp_3x16,fc,0.5,1.000000,0.266820779873572,0.25458643175180856
deep_cusp_3x16,fc,0.5,1.025000,0.2548894391374589,0.24289942258726716
deep_cusp_3x16,fc,0.5,1.050000,0.2435256438438862,0.23172936687701973
deep_cusp_3x16,fc,0.5,1.075000,0.23272625015506876,0.22105942680628568
deep_cusp_3x16,fc,0.5,1.100000,0.2224822699827511,0.21087256216631964
deep_cusp_3x16,fc,0.5,1.125000,0.21277885177159062,0.20115163035586586
deep_cusp_3x16,fc,0.5,1.150000,0.2035958376777225,0.1918794769158274
deep_cusp_3x16,fc,0.5,1.175000,0.194908742060941,0.18303901699379402
deep_cusp_3x16,fc,0.5,1.200000,0.18668997063145454,0.1746133081159656
deep_cusp_3x16,fc,0.5,1.225000,0.17891010951447894,0.16658561464383392
deep_cusp_3x16,fc,0.5,1.250000,0.17153914630504097,0.15893946430447428
deep_cusp_3x16,fc,0.5,1.275000,0.16454752769452552,0.15165869720073666
deep_cusp_3x16,fc,0.5,1.300000,0.1579070003477866,0.14472750772673904
deep_cusp_3x16,fc,0.5,1.325000,0.15159121735245473,0.13813047983167853
deep_cusp_3x16,fc,0.5,1.350000,0.14557611918886615,0.13185261608906113
deep_cusp_3x16,fc,0.5,1.375000,0.1398401155947766,0.1258793610376418
deep_cusp_3x16,fc,0.5,1.400000,0.13436410408718324,0.12019661926408308
deep_cusp_3x16,fc,0.5,1.425000,0.12913136400703562,0.11479076869543448
deep_cusp_3x16,fc,0.5,1.450000,0.12412736362049781,0.1096486695622258
deep_cusp_3x16,fc,0.5,1.475000,0.11933951370361551,0.10475766948076473
deep_cusp_3x16,fc,0.5,1.500000,0.11475689549442014,0.10010560508677041
deep_cusp_3x16,fc,0.5,1.525000,0.11036998490193006,0.09568080063249802
deep_cusp_3x16,fc,0.5,1.550000,0.10617038907470144,0.09147206393676467
deep_cusp_3x16,fc,0.5,1.575000,0.10215060624715111,0.08746868005254455
deep_cusp_3x16,fc,0.5,1.600000,0.09830381539697886,0.08366040299072135
deep_cusp_3x16,fc,0.5,1.625000,0.09462369872254683,0.08003744581183542
deep_cusp_3x16,fc,0.5,1.650000,0.09110429725867442,0.07659046937076666
deep_cusp_3x16,fc,0.5,1.675000,0.08773989801516113,0.07331056997272188
deep_cusp_3x16,fc,0.5,1.700000,0.08452494974003188,0.07018926617305912
deep_cusp_3x16,fc,0.5,1.725000,0.08145400366444544,0.06721848492863296
deep_cusp_3x16,fc,0.5,1.750000,0.07852167526458853,0.06439054728477098
deep_cusp_3x16,fc,0.5,1.775000,0.0757226230716439,0.0616981537598125
deep_cusp_3x16,fc,0.5,1.800000,0.07305154078003784,0.059134369568493717
deep_cusp_3x16,fc,0.5,1.825000,0.07050315926707662,0.05669260980638358
deep_cusp_3x16,fc,0.5,1.850000,0.0680722555792983,0.05436662470009754
deep_cusp_3x16,fc,0.5,1.875000,0.06575366641274472,0.05215048501211195
deep_cusp_3x16,fc,0.5,1.900000,0.06354230407970662,0.050038567674637165
deep_cusp_3x16,fc,0.5,1.925000,0.06143317338876819,0.0480255417141179
deep_cusp_3x16,fc,0.5,1.950000,0.05942138825329446,0.04610635451642435
deep_cusp_3x16,fc,0.5,1.975000,0.0575021871784408,0.04427621847262877
deep_cusp_3x16,fc,0.5,2.000000,0.055670947056482234,0.042530598036290536
deep_cusp_3x16,fc,0.5,2.025000,0.05392319492678033,0.04086519721532707
deep_cusp_3x16,fc,0.5,2.050000,0.05225461753448035,0.03927594751474929
deep_cusp_3x16,fc,0.5,2.075000,0.050661068656888464,0.03775899634064951
deep_cusp_3x16,fc,0.5,2.100000,0.04913857426475943,0.03631069587080901
deep_cusp_3x16,fc,0.5,2.125000,0.047683335653740055,0.03492759239300612
deep_cusp_3x16,fc,0.5,2.150000,0.04629173072488579,0.033606416108520214
deep_cusp_3x16,fc,0.5,2.175000,0.04496031361775443,0.032344071395319085
deep_cusp_3x16,fc,0.5,2.200000,0.04368581290969875,0.03113762752295615
deep_cusp_3x16,fc,0.5,2.225000,0.042465128594417534,0.029984309809202872
deep_cusp_3x16,fc,0.5,2.250000,0.04129532804476399,0.028881491206847024
deep_cusp_3x16,fc,0.5,2.275000,0.040173641151730166,0.027826684307850874
deep_cusp_3x16,fc,0.5,2.300000,0.03909745481537896,0.026817533751129878
deep_cusp_3x16,fc,0.5,2.325000,0.03806430694577112,0.025851809019539436
deep_cusp_3x16,fc,0.5,2.350000,0.03707188011371132,0.024927397611219253
deep_cusp_3x16,fc,0.5,2.375000,0.03611799497320467,0.024042298570184424
deep_cusp_3x16,fc,0.5,2.400000,0.03520060356038612,0.02319461636096361
deep_cusp_3x16,fc,0.5,2.425000,0.034317782557724885,0.022382555072118837
deep_cusp_3x16,fc,0.5,2.450000,0.03346772659767472,0.021604412933645116
deep_cusp_3x16,fc,0.5,2.475000,0.032648741666761905,0.020858577133474034
deep_cusp_3x16,fc,0.5,2.500000,0.031859238659357914,0.020143518918636836
deep_cusp_3x16,fc,0.5,2.525000,0.031097727120048657,0.019457788967005542
deep_cusp_3x16,fc,0.5,2.550000,0.03036280920450951,0.01880001301595232
deep_cusp_3x16,fc,0.5,2.575000,0.02965317388102473,0.018168887734721407
deep_cusp_3x16,fc,0.5,2.600000,0.02896759138814642,0.017563176827779654
deep_cusp_3x16,fc,0.5,2.625000,0.028304907958360936,0.016981707356906937
deep_cusp_3x16,fc,0.5,2.650000,0.027664040812915736,0.016423366270288828
deep_cusp_3x16,fc,0.5,2.675000,0.02704397342904341,0.01588709712737786
deep_cusp_3x16,fc,0.5,2.700000,0.026443751077608102,0.015371897008789036
deep_cusp_3x16,fc,0.5,2.725000,0.025862476626608233,0.014876813601008254
deep_cusp_3x16,fc,0.5,2.750000,0.025299306603903338,0.014400942446161183
deep_cusp_3x16,fc,0.5,2.775000,0.024753447510932114,0.01394342434758682
deep_cusp_3x16,fc,0.5,2.800000,0.024224152377973263,0.0135034429224213
deep_cusp_3x16,fc,0.5,2.825000,0.023710717550626037,0.013080222292847036
deep_cusp_3x16,fc,0.5,2.850000,0.02321247969658702,0.012673024908103358
deep_cusp_3x16,fc,0.5,2.875000,0.022728813021440808,0.012281149489774493
deep_cusp_3x16,fc,0.5,2.900000,0.02225912668201868,0.011903929093276212
deep_cusp_3x16,fc,0.5,2.925000,0.021802862385871813,0.0115407292788442
deep_cusp_3x16,fc,0.5,2.950000,0.021359492165541227,0.011190946385711102
deep_cusp_3x16,fc,0.5,2.975000,0.02092851631653314,0.010854005903492529
deep_cusp_3x16,fc,0.5,3.000000,0.020509461488232072,0.010529360935159847
deep_cusp_3x16,fc,0.5,3.025000,0.020101878917359595,0.010216490746280376
deep_cusp_3x16,fc,0.5,3.050000,0.01970534279401981,0.00991489939552285
deep_cusp_3x16,fc,0.5,3.075000,0.01931944875083147,0.00962411444170394
deep_cusp_3x16,fc,0.5,3.100000,0.018943812466132748,0.009343685722933544
deep_cusp_3x16,fc,0.5,3.125000,0.018578068372738565,0.009073184203666275
deep_cusp_3x16,fc,0.5,3.150000,0.01822186846423346,0.00881220088572273
deep_cusp_3x16,fc,0.5,3.175000,0.017874881191276892,0.00856034577956125
deep_cusp_3x16,fc,0.5,3.200000,0.017536790440889405,0.008317246932311853
deep_cusp_3x16,fc,0.5,3.225000,0.01720729459216286,0.008082549509281826
deep_cusp_3x16,fc,0.5,3.250000,0.016886105642299643,0.007855914925840547
deep_cusp_3x16,fc,0.5,3.275000,0.016572948397327147,0.007637020026771776
deep_cusp_3x16,fc,0.5,3.300000,0.01626755972225591,0.007425556310355653
deep_cusp_3x16,fc,0.5,3.325000,0.015969687845850622,0.007221229194605152
deep_cusp_3x16,fc,0.5,3.350000,0.0156790917155607,0.007023757323232783
deep_cusp_3x16,fc,0.5,3.375000,0.015395540398512542,0.0068328719090709365
deep_cusp_3x16,fc,0.5,3.400000,0.015118812524799075,0.006648316112797191
deep_cusp_3x16,fc,0.5,3.425000,0.014848695769612341,0.006469844454954951
deep_cusp_3x16,fc,0.5,3.450000,0.014584986371053765,0.006297222259364868
deep_cusp_3x16,fc,0.5,3.475000,0.014327488680725087,0.006130225126150202
deep_cusp_3x16,fc,0.5,3.500000,0.014076014744449195,0.005968638432691078
deep_cusp_3x16,fc,0.5,3.525000,0.013830383910700461,0.005812256860931846
deep_cusp_3x16,fc,0.5,3.550000,0.013590422464532348,0.005660883949557558
deep_cusp_3x16,fc,0.5,3.575000,0.013355963284982897,0.005514331669634566
deep_cusp_3x16,fc,0.5,3.600000,0.013126845524118469,0.005372420022408773
deep_cusp_3x16,fc,0.5,3.625000,0.01290291430603141,0.0052349766580150085
deep_cusp_3x16,fc,0.5,3.650000,0.012684020444262645,0.0051018365139386904
deep_cusp_3x16,fc,0.5,3.675000,0.012470020176246877,0.0049728414721276004
deep_cusp_3x16,fc,0.5,3.700000,0.012260774913506745,0.004847840033726076
deep_cusp_3x16,fc,0.5,3.725000,0.01205615100642965,0.004726687010453871
deep_cusp_3x16,fc,0.5,3.750000,0.011856019522563765,0.0046092432317188185
deep_cusp_3x16,fc,0.5,3.775000,0.011660256037461902,0.004495375266596954
deep_cusp_3x16,fc,0.5,3.800000,0.011468740437182934,0.00438495515987154
deep_cusp_3x16,fc,0.5,3.825000,0.011281356731639658,0.004277860181360855
deep_cusp_3x16,fc,0.5,3.850000,0.01109799287804758,0.00417397258781929
deep_cusp_3x16,fc,0.5,3.875000,0.010918540613790717,0.004073179396726176
deep_cusp_3x16,fc,0.5,3.900000,0.010742895298081256,0.003975372171325868
deep_cusp_3x16,fc,0.5,3.925000,0.010570955761833978,0.003880446816315581
deep_cusp_3x16,fc,0.5,3.950000,0.010402624165229524,0.0037883033836064225
deep_cusp_3x16,fc,0.5,3.975000,0.010237805862476801,0.0036988458876262074
deep_cusp_3x16,fc,0.5,4.000000,0.010076409273327758,0.0036119821296561735
deep_cusp_3x16,fc,0.5,4.025000,0.00991834576092665,0.0035276235307199755
deep_cusp_3x16,fc,0.5,4.050000,0.009763529515614655,0.003445684972579932
deep_cusp_3x16,fc,0.5,4.075000,0.00961187744433123,0.0033660846464103494
deep_cusp_3x16,fc,0.5,4.100000,0.009463309065286252,0.0032887439087498005
deep_cusp_3x16,fc,0.5,4.125000,0.009317746407596195,0.0032135871443476484
deep_cusp_3x16,fc,0.5,4.150000,0.009175113915602107,0.003140541635555781
deep_cusp_3x16,fc,0.5,4.175000,0.009035338357605505,0.003069537437917249
deep_cusp_3x16,fc,0.5,4.200000,0.008898348738775708,0.003000507261639546
deep_cusp_3x16,fc,0.5,4.225000,0.008764076218000794,0.002933386358647509
deep_cusp_3x16,fc,0.5,4.250000,0.008632454028468461,0.002868112414932197
deep_cusp_3x16,fc,0.5,4.275000,0.008503417401775515,0.0028046254479229715
deep_cusp_3x16,fc,0.5,4.300000,0.008376903495380339,0.002742867708632816
deep_cusp_3x16,fc,0.5,4.325000,0.008252851323223398,0.0026827835883323843
deep_cusp_3x16,fc,0.5,4.350000,0.008131201689349998,0.0026243195295232785
deep_cusp_3x16,fc,0.5,4.375000,0.008011897124382994,0.0025674239410017246
deep_cusp_3x16,fc,0.5,4.400000,0.007894881824699884,0.002512047116799274
deep_cusp_3x16,fc,0.5,4.425000,0.007780101594177635,0.0024581411588165073
deep_cusp_3x16,fc,0.5,4.450000,0.007667503788378438,0.0024056599029599174
deep_cusp_3x16,fc,0.5,4.475000,0.007557037261055055,0.0023545588486135268
deep_cusp_3x16,fc,0.5,4.500000,0.00744865231286207,0.002304795091278237
deep_cusp_3x16,fc,0.5,4.525000,0.007342300642166566,0.0022563272582273074
deep_cusp_3x16,fc,0.5,4.550000,0.007237935297856435,0.002209115447027629
deep_cusp_3x16,fc,0.5,4.575000,0.0071355106340510455,0.002163121166787322
deep_cusp_3x16,fc,0.5,4.600000,0.007034982266624801,0.0021183072820026927
deep_cusp_3x16,fc,0.5,4.625000,0.006936307031457423,0.0020746379588730468
deep_cusp_3x16,fc,0.5,4.650000,0.006839442944330365,0.002032078613968704
deep_cusp_3x16,fc,0.5,4.675000,0.006744349162394969,0.0019905958651390177
deep_cusp_3x16,fc,0.5,4.700000,0.006650985947136867,0.0019501574845522565
deep_cusp_3x16,fc,0.5,4.725000,0.006559314628770907,0.0019107323537686412
deep_cusp_3x16,fc,0.5,4.750000,0.006469297572001875,0.0018722904207485434
deep_cusp_3x16,fc,0.5,4.775000,0.006380898143086733,0.0018348026587054643
deep_cusp_3x16,fc,0.5,4.800000,0.006294080678143965,0.0017982410267173958
deep_cusp_3x16,fc,0.5,4.825000,0.0062088104526520915,0.001762578432014152
deep_cusp_3x16,fc,0.5,4.850000,0.00612505365208571,0.0017277886938635106
deep_cusp_3x16,fc,0.5,4.875000,0.006042777343639338,0.0016938465089809934
deep_cusp_3x16,fc,0.5,4.900000,0.005961949448992199,0.0016607274183924714
deep_cusp_3x16,fc,0.5,4.925000,0.00588253871806832,0.001628407775686919
deep_cusp_3x16,fc,0.5,4.950000,0.005804514703749208,0.001596864716589041
deep_cusp_3x16,fc,0.5,4.975000,0.0057278477374990144,0.0015660761297978003
deep_cusp_3x16,fc,0.5,5.000000,0.0056525089058641065,0.001536020629028713
deep_cusp_3x16,fc,0.5,5.025000,0.005578470027808091,0.0015066775262095645
deep_cusp_3x16,fc,0.5,5.050000,0.005505703632850301,0.0014780268057724868
deep_cusp_3x16,fc,0.5,5.075000,0.005434182939972554,0.0014500490999996532
deep_cusp_3x16,fc,0.5,5.100000,0.005363881837262108,0.0014227256653687938
deep_cusp_3x16,fc,0.5,5.125000,0.005294774862263263,0.0013960383598590484
deep_cusp_3x16,fc,0.5,5.150000,0.005226837183005206,0.0013699696211715122
deep_cusp_3x16,fc,0.5,5.175000,0.005160044579681999,0.001344502445826072
deep_cusp_3x16,fc,0.5,5.200000,0.005094373426956289,0.001319620369094148
deep_cusp_3x16,fc,0.5,5.225000,0.005029800676863094,0.0012953074457320137
deep_cusp_3x16,fc,0.5,5.250000,0.004966303842289244,0.0012715482314793827
deep_cusp_3x16,fc,0.5,5.275000,0.004903860981006702,0.0012483277652897444
deep_cusp_3x16,fc,0.5,5.300000,0.004842450680235699,0.0012256315522594916
deep_cusp_3x16,fc,0.5,5.325000,0.00478205204172133,0.0012034455472299352
deep_cusp_3x16,fc,0.5,5.350000,0.004722644667298659,0.0011817561390265222
deep_cusp_3x16,fc,0.5,5.375000,0.004664208644932,0.0011605501353155188
deep_cusp_3x16,fc,0.5,5.400000,0.004606724535207607,0.0011398147480441024
deep_cusp_3x16,fc,0.5,5.425000,0.004550173358263243,0.0011195375794464772
deep_cusp_3x16,fc,0.5,5.450000,0.004494536581138631,0.0010997066085859438
deep_cusp_3x16,fc,0.5,5.475000,0.00443979610553058,0.0010803101784139062
deep_cusp_3x16,fc,0.5,5.500000,0.004385934255937696,0.0010613369833224516
deep_cusp_3x16,fc,0.5,5.525000,0.004332933768180447,0.0010427760571714813
deep_cusp_3x16,fc,0.5,5.550000,0.0042807777782828405,0.0010246167617677558
deep_cusp_3x16,fc,0.5,5.575000,0.004229449811701591,0.001006848775780092
deep_cusp_3x16,fc,0.5,5.600000,0.004178933772892135,0.0009894620840704305
deep_cusp_3x16,fc,0.5,5.625000,0.004129213935196718,0.000972446967424831
deep_cusp_3x16,fc,0.5,5.650000,0.004080274931045569,0.0009557939926686374
deep_cusp_3x16,fc,0.5,5.675000,0.0040321017424576056,0.0009394940031462534
deep_cusp_3x16,fc,0.5,5.700000,0.003984679691831805,0.0009235381095562882
deep_cusp_3x16,fc,0.5,5.725000,0.003937994433018344,0.0009079176811237815
deep_cusp_3x16,fc,0.5,5.750000,0.003892031942659413,0.0008926243370957384
deep_cusp_3x16,fc,0.5,5.775000,0.003846778511790605,0.000877649938550017
deep_cusp_3x16,fc,0.5,5.800000,0.003802220737693651,0.0008629865805003556
deep_cusp_3x16,fc,0.5,5.825000,0.0037583455159924117,0.0008486265842915688
deep_cusp_3x16,fc,0.5,5.850000,0.003715140032982567,0.0008345624902662513
deep_cusp_3x16,fc,0.5,5.875000,0.0036725917581884593,0.0008207870506999125
deep_cusp_3x16,fc,0.5,5.900000,0.0036306884371382075,0.0008072932229858862
deep_cusp_3x16,fc,0.5,5.925000,0.0035894180843499823,0.0007940741630678401
deep_cusp_3x16,fc,0.5,5.950000,0.003548768976523564,0.0007811232191043099
deep_cusp_3x16,fc,0.5,5.975000,0.003508729645927966,0.0007684339253583744
deep_cusp_3x16,fc,0.5,6.000000,0.0034692888739805694,0.0007559999963054072
deep_cusp_3x16,fc,2,0.000000,1.0,0.9999979292399579
deep_cusp_3x16,fc,2,0.025000,0.9992911267862987,0.9992961010731113
deep_cusp_3x16,fc,2,0.050000,0.997168380984625,0.9971948653968338
deep_cusp_3x16,fc,2,0.075000,0.993644110669625,0.9937069079517921
deep_cusp_3x16,fc,2,0.100000,0.9887402989509899,0.9888531709729896
deep_cusp_3x16,fc,2,0.125000,0.98248941971916,0.9826625583062567
deep_cusp_3x16,fc,2,0.150000,0.9749347884689756,0.9751715344708285
deep_cusp_3x16,fc,2,0.175000,0.9661302343158529,0.9664236288215278
deep_cusp_3x16,fc,2,0.200000,0.956138967257046,0.95646885815437
deep_cusp_3x16,fc,2,0.225000,0.9450316102798892,0.9453630826547406
deep_cusp_3x16,fc,2,0.250000,0.9328835023405759,0.9331673109752425
deep_cusp_3x16,fc,2,0.275000,0.919771537405837,0.919946970463837
deep_cusp_3x16,fc,2,0.300000,0.9057709555737709,0.9057711581949571
deep_cusp_3x16,fc,2,0.325000,0.8909526028090371,0.890711887570984
deep_cusp_3x16,fc,2,0.350000,0.8753811813343195,0.8748433439638938
deep_cusp_3x16,fc,2,0.375000,0.8591148905821057,0.8582411612720591
deep_cusp_3x16,fc,2,0.400000,0.8422066065345835,0.8409817294902436
deep_cusp_3x16,fc,2,0.425000,0.8247064069300197,0.8231415415386202
deep_cusp_3x16,fc,2,0.450000,0.806664905619888,0.8047965857616002
deep_cusp_3x16,fc,2,0.475000,0.7881366167487033,0.7860217887637229
deep_cusp_3x16,fc,2,0.500000,0.769182517404034,0.7668905116525188
deep_cusp_3x16,fc,2,0.525000,0.7498711509150349,0.7474741013425734
deep_cusp_3x16,fc,2,0.550000,0.7302779729887868,0.72784149735908
deep_cusp_3x16,fc,2,0.575000,0.7104830841312,0.7080588935663934
deep_cusp_3x16,fc,2,0.600000,0.6905678774040119,0.6881894534295714
deep_cusp_3x16,fc,2,0.625000,0.6706113418989833,0.668293076778535
deep_cusp_3x16,fc,2,0.650000,0.6506867458853516,0.6484262155643347
deep_cusp_3x16,fc,2,0.675000,0.6308592131864977,0.6286417357517053
deep_cusp_3x16,fc,2,0.700000,0.6111844060223683,0.6089888222581751
deep_cusp_3x16,fc,2,0.725000,0.5917082607543795,0.589512923705394
deep_cusp_3x16,fc,2,0.750000,0.5724675735086505,0.570255733673549
deep_cusp_3x16,fc,2,0.775000,0.5534912094806765,0.551255205128223
deep_cusp_3x16,fc,2,0.800000,0.534801754108112,0.5325455947076924
deep_cusp_3x16,fc,2,0.825000,0.516417454589932,0.5141575336073486
deep_cusp_3x16,fc,2,0.850000,0.4983542680271231,0.49611812186950627
deep_cusp_3x16,fc,2,0.875000,0.480627755293893,0.4784510429764151
deep_cusp_3x16,fc,2,0.900000,0.46325450728079953,0.4611766957488485
deep_cusp_3x16,fc,2,0.925000,0.4462528318204523,0.4443123406704296
deep_cusp_3x16,fc,2,0.950000,0.42964258163434244,0.4278722578879763
deep_cusp_3x16,fc,2,0.975000,0.4134442148945019,0.4118679142800541
deep_cusp_3x16,fc,2,1.000000,0.3976773648007752,0.39630813713912205
deep_cusp_3x16,fc,2,1.025000,0.38235928427933685,0.38119929217645976
deep_cusp_3x16,fc,2,1.050000,0.3675035079010841,0.3665454637324295
deep_cusp_3x16,fc,2,1.075000,0.35311896504672213,0.35234863525610427
deep_cusp_3x16,fc,2,1.100000,0.33920963840349716,0.3386088683060421
deep_cusp_3x16,fc,2,1.125000,0.32577473703056303,0.325324478515772
deep_cusp_3x16,fc,2,1.150000,0.31280927004100256,0.31249220716094483
deep_cusp_3x16,fc,2,1.175000,0.3003048707212357,0.3001073871574854
deep_cusp_3x16,fc,2,1.200000,0.28825072292532106,0.28816410250883695
deep_cusp_3x16,fc,2,1.225000,0.2766344676314575,0.27665534040303363
deep_cusp_3x16,fc,2,1.250000,0.26544300400304555,0.2655731353345545
deep_cusp_3x16,fc,2,1.275000,0.25466313604611024,0.2549087047897165
deep_cusp_3x16,fc,2,1.300000,0.24428204701604073,0.24465257618608027
deep_cusp_3x16,fc,2,1.325000,0.2342876066095676,0.234794704894746
deep_cusp_3x16,fc,2,1.350000,0.2246685306028806,0.22532458329861285
deep_cusp_3x16,fc,2,1.375000,0.21541442022494506,0.21623134094921204
deep_cusp_3x16,fc,2,1.400000,0.20651571095213195,0.2075038359795181
deep_cusp_3x16,fc,2,1.425000,0.1979635593066713,0.199130738010403
deep_cusp_3x16,fc,2,1.450000,0.18974969306271328,0.19110060285465802
deep_cusp_3x16,fc,2,1.475000,0.18186624605630697,0.18340193937552854
deep_cusp_3x16,fc,2,1.500000,0.17430559426456582,0.17602326889740094
deep_cusp_3x16,fc,2,1.525000,0.16706020540939415,0.16895317759573308
deep_cusp_3x16,fc,2,1.550000,0.1601225103174707,0.16218036231265762
deep_cusp_3x16,fc,2,1.575000,0.15348480077806514,0.15569367025510647
deep_cusp_3x16,fc,2,1.600000,0.1471391557535766,0.14948213303498506
deep_cusp_3x16,fc,2,1.625000,0.14107739553094945,0.1435349955070108
deep_cusp_3x16,fc,2,1.650000,0.1352910617330947,0.13784173985045117
deep_cusp_3x16,fc,2,1.675000,0.12977141998720565,0.13239210532712925
deep_cusp_3x16,fc,2,1.700000,0.12450948140067464,0.12717610413072902
deep_cusp_3x16,fc,2,1.725000,0.11949603874291947,0.12218403372238908
deep_cusp_3x16,fc,2,1.750000,0.11472171328646186,0.11740648602565415
deep_cusp_3x16,fc,2,1.775000,0.11017700853951551,0.11283435383068481
deep_cusp_3x16,fc,2,1.800000,0.1058523675290256,0.1084588347337509
deep_cusp_3x16,fc,2,1.825000,0.10173823080245858,0.1042714329139894
deep_cusp_3x16,fc,2,1.850000,0.09782509285604513,0.10026395902552457
deep_cusp_3x16,fc,2,1.875000,0.09410355522675418,0.09642852845968962
deep_cusp_3x16,fc,2,1.900000,0.09056437497700298,0.09275755820948363
deep_cusp_3x16,fc,2,1.925000,0.08719850773740345,0.08924376254675773
deep_cusp_3x16,fc,2,1.950000,0.08399714484452692,0.08588014770206033
deep_cusp_3x16,fc,2,1.975000,0.08095174441525121,0.08266000571771653
deep_cusp_3x16,fc,2,2.000000,0.078054056438846,0.07957690762659296
deep_cusp_3x16,fc,2,2.025000,0.07529614214794766,0.07662469609216203
deep_cusp_3x16,fc,2,2.050000,0.07267038805705761,0.0737974776299044
deep_cusp_3x16,fc,2,2.075000,0.07016951514018888,0.07108961451578498
deep_cusp_3x16,fc,2,2.100000,0.06778658366576817,0.06849571647443305
deep_cusp_3x16,fc,2,2.125000,0.06551499422448781,0.06601063222774378
deep_cusp_3x16,fc,2,2.150000,0.0633484854813362,0.06362944097380911
deep_cusp_3x16,fc,2,2.175000,0.06128112916245032,0.06134744385632948
deep_cusp_3x16,fc,2,2.200000,0.059307322755734915,0.05916015547589158
deep_cusp_3x16,fc,2,2.225000,0.05742178036542478,0.05706329548664664
deep_cusp_3x16,fc,2,2.250000,0.05561952211816745,0.05505278031492643
deep_cusp_3x16,fc,2,2.275000,0.05389586247421008,0.05312471503010885
deep_cusp_3x16,fc,2,2.300000,0.05224639775373252,0.0512753853925513
deep_cusp_3x16,fc,2,2.325000,0.05066699314654943,0.049501250098557395
deep_cusp_3x16,fc,2,2.350000,0.049153769434179595,0.047798933238089425
deep_cusp_3x16,fc,2,2.375000,0.04770308961717529,0.046165216977224074
deep_cusp_3x16,fc,2,2.400000,0.0463115456078802,0.044597034474109544
deep_cusp_3x16,fc,2,2.425000,0.044975945119520966,0.04309146303439602
deep_cusp_3x16,fc,2,2.450000,0.043693298856679275,0.04164571750968536
deep_cusp_3x16,fc,2,2.475000,0.042460808089577085,0.040257143940502574
deep_cusp_3x16,fc,2,2.500000,0.041275852675026425,0.038923213443524764
deep_cusp_3x16,fc,2,2.525000,0.040135979570108726,0.03764151634132921
deep_cusp_3x16,fc,2,2.550000,0.039038891870377346,0.036409756531684365
deep_cusp_3x16,fc,2,2.575000,0.037982438392376805,0.03522574609238472
deep_cusp_3x16,fc,2,2.600000,0.036964603810269336,0.034087400116785065
deep_cusp_3x16,fc,2,2.625000,0.03598349934812506,0.03299273177452561
deep_cusp_3x16,fc,2,2.650000,0.03503735402273145,0.03193984759139919
deep_cusp_3x16,fc,2,2.675000,0.03412450642641485,0.030926942941904803
deep_cusp_3x16,fc,2,2.700000,0.033243397035143785,0.029952297747731768
deep_cusp_3x16,fc,2,2.725000,0.032392561023948496,0.02901427237521226
deep_cusp_3x16,fc,2,2.750000,0.031570621569286805,0.02811130372463498
deep_cusp_3x16,fc,2,2.775000,0.030776283616282374,0.027241901504269916
deep_cusp_3x16,fc,2,2.800000,0.030008328087653413,0.026404644681927984
deep_cusp_3x16,fc,2,2.825000,0.029265606510526676,0.025598178106928483
deep_cusp_3x16,fc,2,2.850000,0.02854703603711417,0.024821209295431242
deep_cusp_3x16,fc,2,2.875000,0.027851594835344495,0.024072505372191445
deep_cusp_3x16,fc,2,2.900000,0.027178317825915066,0.023350890161948933
deep_cusp_3x16,fc,2,2.925000,0.026526292742817703,0.022655241423814636
deep_cusp_3x16,fc,2,2.950000,0.02589465649514422,0.02198448822219974
deep_cusp_3x16,fc,2,2.975000,0.025282591808841737,0.021337608428025324
deep_cusp_3x16,fc,2,3.000000,0.024689324128056356,0.020713626344142904
deep_cusp_3x16,fc,2,3.025000,0.024114118756714986,0.020111610449121096
deep_cusp_3x16,fc,2,3.050000,0.02355627822205708,0.019530671253741985
deep_cusp_3x16,fc,2,3.075000,0.023015139842893828,0.018969959264783273
deep_cusp_3x16,fc,2,3.100000,0.022490073486446382,0.01842866305087054
deep_cusp_3x16,fc,2,3.125000,0.02198047949867099,0.01790600740538857
deep_cusp_3x16,fc,2,3.150000,0.021485786794011585,0.01740125160166688
deep_cusp_3x16,fc,2,3.175000,0.021005451091519745,0.01691368773584563
deep_cusp_3x16,fc,2,3.200000,0.020538953285248907,0.016442639153041987
deep_cusp_3x16,fc,2,3.225000,0.020085797937741234,0.015987458952627043
deep_cusp_3x16,fc,2,3.250000,0.019645511886305256,0.01554752856862642
deep_cusp_3x16,fc,2,3.275000,0.01921764295260031,0.015122256421425359
deep_cusp_3x16,fc,2,3.300000,0.018801758746822772,0.014711076637163482
deep_cusp_3x16,fc,2,3.325000,0.018397445558511527,0.014313447831357885
deep_cusp_3x16,fc,2,3.350000,0.018004307326668356,0.013928851953473702
deep_cusp_3x16,fc,2,3.375000,0.01762196468251276,0.013556793189317143
deep_cusp_3x16,fc,2,3.400000,0.01725005405877944,0.013196796918281035
deep_cusp_3x16,fc,2,3.425000,0.016888226859994915,0.012848408722622606
deep_cusp_3x16,fc,2,3.450000,0.016536148688671592,0.012511193446095005
deep_cusp_3x16,fc,2,3.475000,0.0161934986228065,0.012184734299390572
deep_cusp_3x16,fc,2,3.500000,0.015859968540490543,0.011868632009980432
deep_cusp_3x16,fc,2,3.525000,0.015535262487811119,0.011562504014061415
deep_cusp_3x16,fc,2,3.550000,0.015219096086581563,0.011265983688439207
deep_cusp_3x16,fc,2,3.575000,0.014911195978742797,0.010978719620289117
deep_cusp_3x16,fc,2,3.600000,0.014611299304570946,0.010700374912838966
deep_cusp_3x16,fc,2,3.625000,0.014319153212086766,0.010430626525124654
deep_cusp_3x16,fc,2,3.650000,0.014034514395295461,0.010169164644067214
deep_cusp_3x16,fc,2,3.675000,0.013757148659101714,0.00991569208720407
deep_cusp_3x16,fc,2,3.700000,0.013486830508938064,0.009669923734501585
deep_cusp_3x16,fc,2,3.725000,0.01322334276331849,0.009431585987756015
deep_cusp_3x16,fc,2,3.750000,0.01296647618768676,0.009200416256170275
deep_cusp_3x16,fc,2,3.775000,0.012716029148074681,0.008976162466764602
deep_cusp_3x16,fc,2,3.800000,0.012471807283208847,0.008758582598353621
deep_cusp_3x16,fc,2,3.825000,0.012233623193825816,0.00854744423788731
deep_cusp_3x16,fc,2,3.850000,0.01200129614805745,0.008342524158018077
deep_cusp_3x16,fc,2,3.875000,0.01177465180184245,0.008143607914814084
deep_cusp_3x16,fc,2,3.900000,0.011553521933408861,0.007950489464597189
deep_cusp_3x16,fc,2,3.925000,0.011337744190944687,0.007762970798941056
deep_cusp_3x16,fc,2,3.950000,0.011127161852646839,0.007580861596905375
deep_cusp_3x16,fc,2,3.975000,0.010921623598401986,0.007403978893646075
deep_cusp_3x16,fc,2,4.000000,0.010720983292407116,0.0072321467645740005
deep_cusp_3x16,fc,2,4.025000,0.010525099776091285,0.0070651960242810626
deep_cusp_3x16,fc,2,4.050000,0.01033383667074883,0.00690296393950086
deep_cusp_3x16,fc,2,4.075000,0.010147062189332035,0.006745293955398438
deep_cusp_3x16,fc,2,4.100000,0.00996464895689575,0.00659203543452906
deep_cusp_3x16,fc,2,4.125000,0.009786473839217491,0.0064430434078363
deep_cusp_3x16,fc,2,4.150000,0.009612417779151783,0.006298178337093973
deep_cusp_3x16,fc,2,4.175000,0.009442365640304318,0.006157305888229191
deep_cusp_3x16,fc,2,4.200000,0.009276206057642566,0.006020296714986096
deep_cusp_3x16,fc,2,4.225000,0.009113831294679575,0.005887026252428785
deep_cusp_3x16,fc,2,4.250000,0.00895513710689344,0.005757374519800969
deep_cusp_3x16,fc,2,4.275000,0.00880002261106605,0.005631225932281169
deep_cusp_3x16,fc,2,4.300000,0.008648390160242991,0.005508469121209777
deep_cusp_3x16,fc,2,4.325000,0.00850014522403364,0.005388996762367058
deep_cusp_3x16,fc,2,4.350000,0.008355196273989729,0.005272705411922309
deep_cusp_3x16,fc,2,4.375000,0.008213454673813403,0.005159495349679465
deep_cusp_3x16,fc,2,4.400000,0.008074834574160916,0.005049270429270179
deep_cusp_3x16,fc,2,4.425000,0.007939252811822284,0.004941937934961711
deep_cusp_3x16,fc,2,4.450000,0.007806628813067373,0.004837408444764286
deep_cusp_3x16,fc,2,4.475000,0.007676884500963599,0.004735595699538422
deep_cusp_3x16,fc,2,4.500000,0.007549944206476922,0.00463641647781682
deep_cusp_3x16,fc,2,4.525000,0.007425734583182408,0.004539790476073858
deep_cusp_3x16,fc,2,4.550000,0.007304184525415924,0.0044456401941804025
deep_cusp_3x16,fc,2,4.575000,0.007185225089711089,0.0043538908258078015
deep_cusp_3x16,fc,2,4.600000,0.0070687894193700584,0.004264470153542824
deep_cusp_3x16,fc,2,4.625000,0.006954812672027688,0.004177308448501121
deep_cusp_3x16,fc,2,4.650000,0.00684323195007408,0.00409233837422035
deep_cusp_3x16,fc,2,4.675000,0.006733986233808054,0.004009494894645649
deep_cusp_3x16,fc,2,4.700000,0.006627016317200418,0.003928715186011864
deep_cusp_3x16,fc,2,4.725000,0.00652226474615103,0.003849938552444208
deep_cusp_3x16,fc,2,4.750000,0.00641967575913216,0.0037731063451085585
deep_cusp_3x16,fc,2,4.775000,0.006319195230111818,0.003698161884748136
deep_cusp_3x16,fc,2,4.800000,0.006220770613660331,0.0036250503874534
deep_cusp_3x16,fc,2,4.825000,0.00612435089214447,0.0035537188935180495
deep_cusp_3x16,fc,2,4.850000,0.006029886524920314,0.0034841161992384935
deep_cusp_3x16,fc,2,4.875000,0.00593732939944025,0.003416192791532784
deep_cusp_3x16,fc,2,4.900000,0.005846632784190842,0.003349900785240403
deep_cusp_3x16,fc,2,4.925000,0.005757751283387735,0.0032851938629953315
deep_cusp_3x16,fc,2,4.950000,0.005670640793349779,0.0032220272175482114
deep_cusp_3x16,fc,2,4.975000,0.00558525846048652,0.003160357496432501
deep_cusp_3x16,fc,2,5.000000,0.005501562640827906,0.0031001427488730796
deep_cusp_3x16,fc,2,5.025000,0.0054195128610363685,0.0030413423748346722
deep_cusp_3x16,fc,2,5.050000,0.005339069780837202,0.0029839170761159985
deep_cusp_3x16,fc,2,5.075000,0.005260195156811642,0.0029278288094051505
deep_cusp_3x16,fc,2,5.100000,0.005182851807494893,0.0028730407412039653
deep_cusp_3x16,fc,2,5.125000,0.0051070035797292634,0.0028195172045440277
deep_cusp_3x16,fc,2,5.150000,0.005032615316217903,0.002767223657416334
deep_cusp_3x16,fc,2,5.175000,0.004959652824235494,0.002716126642840039
deep_cusp_3x16,fc,2,5.200000,0.004888082845445285,0.0026661937504989823
deep_cusp_3x16,fc,2,5.225000,0.004817873026782604,0.0026173935798797948
deep_cusp_3x16,fc,2,5.250000,0.004748991892359333,0.00256969570484818
deep_cusp_3x16,fc,2,5.275000,0.004681408816351484,0.002523070639600119
deep_cusp_3x16,fc,2,5.300000,0.004615093996830133,0.002477489805931105
deep_cusp_3x16,fc,2,5.325000,0.004550018430500069,0.0024329255017677574
deep_cusp_3x16,fc,2,5.350000,0.004486153888308753,0.002389350870906149
deep_cusp_3x16,fc,2,5.375000,0.004423472891895486,0.0023467398739123713
deep_cusp_3x16,fc,2,5.400000,0.004361948690845274,0.002305067260127343
deep_cusp_3x16,fc,2,5.425000,0.004301555240717847,0.0022643085407395933
deep_cusp_3x16,fc,2,5.450000,0.004242267181822634,0.0022244399628739303
deep_cusp_3x16,fc,2,5.475000,0.004184059818711283,0.002185438484659717
deep_cusp_3x16,fc,2,5.500000,0.0041269091003601766,0.002147281751233332
deep_cusp_3x16,fc,2,5.525000,0.0040707916010170875,0.00210994807163994
deep_cusp_3x16,fc,2,5.550000,0.004015684501687988,0.002073416396598594
deep_cusp_3x16,fc,2,5.575000,0.00396156557223859,0.002037666297088671
deep_cusp_3x16,fc,2,5.600000,0.0039084131540897404,0.002002677943734377
deep_cusp_3x16,fc,2,5.625000,0.003856206143482921,0.0019684320869470203
deep_cusp_3x16,fc,2,5.650000,0.0038049239752963038,0.001934910037795905
deep_cusp_3x16,fc,2,5.675000,0.0037545466073899414,0.0019020936495821128
deep_cusp_3x16,fc,2,5.700000,0.003705054505462546,0.0018699653000843219
deep_cusp_3x16,fc,2,5.725000,0.0036564286283984337,0.0018385078744475162
deep_cusp_3x16,fc,2,5.750000,0.0036086504140909748,0.001807704748695522
deep_cusp_3x16,fc,2,5.775000,0.0035617017657204597,0.0017775397738341902
deep_cusp_3x16,fc,2,5.800000,0.003515565038475388,0.0017479972605298807
deep_cusp_3x16,fc,2,5.825000,0.0034702230266963063,0.0017190619643353434
deep_cusp_3x16,fc,2,5.850000,0.0034256589514308766,0.0016907190714431513
deep_cusp_3x16,fc,2,5.875000,0.0033818564483839575,0.0016629541849460688
deep_cusp_3x16,fc,2,5.900000,0.003338799556248606,0.0016357533115849763
deep_cusp_3x16,fc,2,5.925000,0.003296472705405562,0.0016091028489635777
deep_cusp_3x16,fc,2,5.950000,0.003254860706977447,0.0015829895732162476
deep_cusp_3x16,fc,2,5.975000,0.003213948742225692,0.0015574006271040614
deep_cusp_3x16,fc,2,6.000000,0.0031737223522780855,0.0015323235085293945
deep_cusp_3x16,fc,5,0.000000,1.0,0.9999990149527557
deep_cusp_3x16,fc,5,0.025000,0.9995518293013237,0.9995535545956326
deep_cusp_3x16,fc,5,0.050000,0.998209387855569,0.9982182550348954
deep_cusp_3x16,fc,5,0.075000,0.9959784955846808,0.9959963639857915
deep_cusp_3x16,fc,5,0.100000,0.9928680441685632,0.9928933046151531
deep_cusp_3x16,fc,5,0.125000,0.9888893439709286,0.988916689954814
deep_cusp_3x16,fc,5,0.150000,0.9840555040318189,0.9840763410260884
deep_cusp_3x16,fc,5,0.175000,0.9783808462721304,0.9783843067201043
deep_cusp_3x16,fc,5,0.200000,0.9718803699393704,0.9718548830579382
deep_cusp_3x16,fc,5,0.225000,0.96456930506236,0.9645046291303571
deep_cusp_3x16,fc,5,0.250000,0.9564628181285116,0.95635237680383
deep_cusp_3x16,fc,5,0.275000,0.9475759497007776,0.9474192311874634
deep_cusp_3x16,fc,5,0.300000,0.9379238614948664,0.9377285588901255
deep_cusp_3x16,fc,5,0.325000,0.9275224416836568,0.9273059612587633
deep_cusp_3x16,fc,5,0.350000,0.916389261321446,0.9161792300730569
deep_cusp_3x16,fc,5,0.375000,0.904544801140005,0.904378283568314
deep_cusp_3x16,fc,5,0.400000,0.8920137945295213,0.8919350811532322
deep_cusp_3x16,fc,5,0.425000,0.8788264801283328,0.8788835157629997
deep_cusp_3x16,fc,5,0.450000,0.8650195420406244,0.8652592834188174
deep_cusp_3x16,fc,5,0.475000,0.8506365427665462,0.8510997302275789
deep_cusp_3x16,fc,5,0.500000,0.8357277181939561,0.8364436777241008
deep_cusp_3x16,fc,5,0.525000,0.8203490931335926,0.8213312281068833
deep_cusp_3x16,fc,5,0.550000,0.8045609740330921,0.8058035515220902
deep_cusp_3x16,fc,5,0.575000,0.7884259646166559,0.789902658086808
deep_cusp_3x16,fc,5,0.600000,0.7720067118699253,0.7736711577926741
deep_cusp_3x16,fc,5,0.625000,0.7553636117120857,0.7571520117798487
deep_cusp_3x16,fc,5,0.650000,0.7385526888065569,0.7403882787090609
deep_cusp_3x16,fc,5,0.675000,0.7216238345283522,0.7234228600810844
deep_cusp_3x16,fc,5,0.700000,0.7046195693337634,0.7062982483585597
deep_cusp_3x16,fc,5,0.725000,0.687574502030193,0.6890562816393245
deep_cusp_3x16,fc,5,0.750000,0.6705156632247268,0.6717379084223036
deep_cusp_3x16,fc,5,0.775000,0.6534638365130003,0.6543829657089731
deep_cusp_3x16,fc,5,0.800000,0.6364358493116545,0.6370299733105577
deep_cusp_3x16,fc,5,0.825000,0.6194475259878944,0.6197159468002725
deep_cusp_3x16,fc,5,0.850000,0.6025167413428958,0.6024762310788355
deep_cusp_3x16,fc,5,0.875000,0.5856658779434085,0.5853443560278541
deep_cusp_3x16,fc,5,0.900000,0.5689230821492449,0.5683519152265687
deep_cusp_3x16,fc,5,0.925000,0.5523220200778458,0.5515284682184035
deep_cusp_3x16,fc,5,0.950000,0.5359002387893129,0.5349014663486072
deep_cusp_3x16,fc,5,0.975000,0.5196965825992547,0.5184962017644935
deep_cusp_3x16,fc,5,1.000000,0.5037482860199379,0.5023357787844921
deep_cusp_3x16,fc,5,1.025000,0.48808833850441924,0.4864411065080455
deep_cusp_3x16,fc,5,1.050000,0.4727435454990543,0.4708309112594444
deep_cusp_3x16,fc,5,1.075000,0.4577334829035564,0.45552176723692184
deep_cusp_3x16,fc,5,1.100000,0.4430703350553906,0.44052814357346226
deep_cusp_3x16,fc,5,1.125000,0.4287594632994751,0.42586246590588206
deep_cusp_3x16,fc,5,1.150000,0.4148004824163838,0.41153519049035014
deep_cusp_3x16,fc,5,1.175000,0.40118861284344076,0.3975548888910253
deep_cusp_3x16,fc,5,1.200000,0.3879161064047121,0.38392834129850273
deep_cusp_3x16,fc,5,1.225000,0.37497359178373557,0.370660636600358
deep_cusp_3x16,fc,5,1.250000,0.3623512381163425,0.3577552774211005
deep_cusp_3x16,fc,5,1.275000,0.35003968173096756,0.34521428846717805
deep_cusp_3x16,fc,5,1.300000,0.3380306980354335,0.3330383266483743
deep_cusp_3x16,fc,5,1.325000,0.32631762702035894,0.32122679159448314
deep_cusp_3x16,fc,5,1.350000,0.31489557790717215,0.30977793534049813
deep_cusp_3x16,fc,5,1.375000,0.30376144800659466,0.2986889701102368
deep_cusp_3x16,fc,5,1.400000,0.29291379485849844,0.2879561732835211
deep_cusp_3x16,fc,5,1.425000,0.28235260090416625,0.277574988782547
deep_cusp_3x16,fc,5,1.450000,0.27207896760372696,0.26754012425636026
deep_cusp_3x16,fc,5,1.475000,0.26209477198809483,0.25784564357642004
deep_cusp_3x16,fc,5,1.500000,0.25240231377892186,0.24848505427970202
deep_cusp_3x16,fc,5,1.525000,0.243003975891656,0.2394513897077521
deep_cusp_3x16,fc,5,1.550000,0.23390191571485253,0.2307372856900662
deep_cusp_3x16,fc,5,1.575000,0.22509779932186103,0.2223350517080542
deep_cusp_3x16,fc,5,1.600000,0.2165925859513521,0.2142367365518528
deep_cusp_3x16,fc,5,1.625000,0.20838636586756865,0.20643418854680623
deep_cusp_3x16,fc,5,1.650000,0.20047825119689155,0.198919110480207
deep_cusp_3x16,fc,5,1.675000,0.19286631659044506,0.19168310940259609
deep_cusp_3x16,fc,5,1.700000,0.18554758458203446,0.1847177415124742
deep_cusp_3x16,fc,5,1.725000,0.17851804924722137,0.17801455235952063
deep_cusp_3x16,fc,5,1.750000,0.1717727311373647,0.1715651126203154
deep_cusp_3x16,fc,5,1.775000,0.16530575635412503,0.16536104971299231
deep_cusp_3x16,fc,5,1.800000,0.1591104529280487,0.15939407552411586
deep_cusp_3x16,fc,5,1.825000,0.15317945825390034,0.1536560105231757
deep_cusp_3x16,fc,5,1.850000,0.147504832109695,0.14813880453823608
deep_cusp_3x16,fc,5,1.875000,0.14207817065542028,0.14283455446115373
deep_cusp_3x16,fc,5,1.900000,0.1368907176983971,0.13773551914301999
deep_cusp_3x16,fc,5,1.925000,0.13193347037046144,0.13283413173068498
deep_cusp_3x16,fc,5,1.950000,0.12719727714981122,0.12812300968388157
deep_cusp_3x16,fc,5,1.975000,0.12267292685444808,0.12359496270000238
deep_cusp_3x16,fc,5,2.000000,0.11835122782344643,0.11924299876040963
deep_cusp_3x16,fc,5,2.025000,0.11422307698501466,0.11506032849854929
deep_cusp_3x16,fc,5,2.050000,0.1102795188910699,0.11104036807640862
deep_cusp_3x16,fc,5,2.075000,0.10651179508587671,0.10717674074218457
deep_cusp_3x16,fc,5,2.100000,0.10291138438257585,0.10346327722860513
deep_cusp_3x16,fc,5,2.125000,0.09947003475858995,0.09989401513832925
deep_cusp_3x16,fc,5,2.150000,0.09617978766129531,0.09646319745030717
deep_cusp_3x16,fc,5,2.175000,0.09303299555060052,0.09316527026902503
deep_cusp_3x16,fc,5,2.200000,0.09002233350563138,0.08999487992723759
deep_cusp_3x16,fc,5,2.225000,0.0871408056976235,0.08694686954211561
deep_cusp_3x16,fc,5,2.250000,0.08438174748801108,0.0840162751147613
deep_cusp_3x16,fc,5,2.275000,0.08173882385576448,0.08119832125375193
deep_cusp_3x16,fc,5,2.300000,0.07920602479625838,0.07848841659474731
deep_cusp_3x16,fc,5,2.325000,0.0767776582691373,0.07588214898026313
deep_cusp_3x16,fc,5,2.350000,0.07444834120766275,0.07337528045640314
deep_cusp_3x16,fc,5,2.375000,0.07221298903895168,0.0709637421366524
deep_cusp_3x16,fc,5,2.400000,0.07006680410473254,0.06864362897674837
deep_cusp_3x16,fc,5,2.425000,0.06800526331669077,0.06641119449909502
deep_cusp_3x16,fc,5,2.450000,0.06602410532963876,0.06426284550016602
deep_cusp_3x16,fc,5,2.475000,0.06411931746983968,0.06219513676981234
deep_cusp_3x16,fc,5,2.500000,0.062287122614843704,0.060204765847302694
deep_cusp_3x16,fc,5,2.525000,0.06052396618499001,0.05828856783526772
deep_cusp_3x16,fc,5,2.550000,0.05882650337504236,0.05644351028943357
deep_cusp_3x16,fc,5,2.575000,0.05719158672693481,0.05466668819911841
deep_cusp_3x16,fc,5,2.600000,0.05561625412094762,0.05295531907085509
deep_cusp_3x16,fc,5,2.625000,0.054097717242460486,0.05130673812520908
deep_cusp_3x16,fc,5,2.650000,0.05263335056436669,0.04971839361481907
deep_cusp_3x16,fc,5,2.675000,0.051220680870932456,0.048187842269903004
deep_cusp_3x16,fc,5,2.700000,0.049857377337025444,0.046712744875897896
deep_cusp_3x16,fc,5,2.725000,0.04854124216690803,0.045290861986530255
deep_cusp_3x16,fc,5,2.750000,0.04727020178890973,0.04392004977442389
deep_cusp_3x16,fc,5,2.775000,0.04604229859602027,0.04259825602031256
deep_cusp_3x16,fc,5,2.800000,0.04485568321753941,0.04132351624104625
deep_cusp_3x16,fc,5,2.825000,0.04370860730318271,0.04009394995580804
deep_cusp_3x16,fc,5,2.850000,0.042599416798302814,0.03890775708931617
deep_cusp_3x16,fc,5,2.875000,0.04152654568697367,0.037763214510238105
deep_cusp_3x16,fc,5,2.900000,0.040488510178465664,0.036658672702594416
deep_cusp_3x16,fc,5,2.925000,0.0394839033119998,0.03559255256754023
deep_cusp_3x16,fc,5,2.950000,0.03851138995448433,0.034563342352615975
deep_cusp_3x16,fc,5,2.975000,0.03756970216614686,0.03356959470530945
deep_cusp_3x16,fc,5,3.000000,0.0366576349094625,0.03260992384757856
deep_cusp_3x16,fc,5,3.025000,0.035774042077514556,0.03168300286784069
deep_cusp_3x16,fc,5,3.050000,0.03491783281882732,0.030787561126827977
deep_cusp_3x16,fc,5,3.075000,0.03408796813673731,0.02992238177364323
deep_cusp_3x16,fc,5,3.100000,0.0332834577424963,0.02908629936830695
deep_cusp_3x16,fc,5,3.125000,0.032503357142458555,0.028278197607078143
deep_cusp_3x16,fc,5,3.150000,0.031746764940912775,0.02749700714683811
deep_cusp_3x16,fc,5,3.175000,0.031012820341310143,0.02674170352486146
deep_cusp_3x16,fc,5,3.200000,0.030300700829832605,0.026011305170332698
deep_cusp_3x16,fc,5,3.225000,0.029609620026398664,0.025304871504035504
deep_cusp_3x16,fc,5,3.250000,0.028938825689323266,0.024621501122705596
deep_cusp_3x16,fc,5,3.275000,0.02828759786091939,0.02396033006461559
deep_cusp_3x16,fc,5,3.300000,0.027655247142344686,0.02332053015304608
deep_cusp_3x16,fc,5,3.325000,0.02704111308696222,0.022701307414390606
deep_cusp_3x16,fc,5,3.350000,0.026444562702378605,0.022101900567731217
deep_cusp_3x16,fc,5,3.375000,0.025864989052175158,0.02152157958282148
deep_cusp_3x16,fc,5,3.400000,0.0253018099491219,0.020959644303520642
deep_cusp_3x16,fc,5,3.425000,0.024754466732396008,0.020415423133807592
deep_cusp_3x16,fc,5,3.450000,0.02422242312199141,0.019888271783622076
deep_cusp_3x16,fc,5,3.475000,0.023705164144121382,0.019377572071868618
deep_cusp_3x16,fc,5,3.500000,0.023202195121981184,0.018882730784027312
deep_cusp_3x16,fc,5,3.525000,0.022713040726748734,0.01840317858190917
deep_cusp_3x16,fc,5,3.550000,0.022237244084173158,0.017938368963193514
deep_cusp_3x16,fc,5,3.575000,0.021774365932525463,0.017487777268482583
deep_cusp_3x16,fc,5,3.600000,0.0213239838280721,0.017050899733695963
deep_cusp_3x16,fc,5,3.625000,0.020885691394585182,0.01662725258572584
deep_cusp_3x16,fc,5,3.650000,0.02045909761371456,0.01621637117935688
deep_cusp_3x16,fc,5,3.675000,0.020043826153339106,0.015817809173541454
deep_cusp_3x16,fc,5,3.700000,0.01963951473126624,0.015431137745210538
deep_cusp_3x16,fc,5,3.725000,0.01924581451188645,0.015055944838867765
deep_cusp_3x16,fc,5,3.750000,0.018862389533595203,0.014691834450308115
deep_cusp_3x16,fc,5,3.775000,0.01848891616498438,0.014338425942863312
deep_cusp_3x16,fc,5,3.800000,0.018125082587974295,0.013995353394657682
deep_cusp_3x16,fc,5,3.825000,0.017770588306211033,0.013662264975421378
deep_cusp_3x16,fc,5,3.850000,0.01742514367718806,0.013338822351480577
deep_cusp_3x16,fc,5,3.875000,0.01708846946667908,0.0130247001176001
deep_cusp_3x16,fc,5,3.900000,0.016760296424175425,0.012719585254425991
deep_cusp_3x16,fc,5,3.925000,0.01644036487812517,0.012423176610320625
deep_cusp_3x16,fc,5,3.950000,0.01612842434985917,0.012135184406454037
deep_cusp_3x16,fc,5,3.975000,0.01582423318517412,0.011855329764055456
deep_cusp_3x16,fc,5,4.000000,0.015527558202611758,0.011583344252793145
deep_cusp_3x16,fc,5,4.025000,0.015238174357546153,0.011318969459285231
deep_cusp_3x16,fc,5,4.050000,0.014955864421246745,0.011061956574806305
deep_cusp_3x16,fc,5,4.075000,0.01468041867414327,0.010812066001288487
deep_cusp_3x16,fc,5,4.100000,0.014411634612568891,0.010569066974763647
deep_cusp_3x16,fc,5,4.125000,0.014149316668301437,0.010332737205431649
deep_cusp_3x16,fc,5,4.150000,0.013893275940267902,0.010102862533580738
deep_cusp_3x16,fc,5,4.175000,0.013643329937814141,0.009879236600621332
deep_cusp_3x16,fc,5,4.200000,0.013399302334978214,0.009661660534531725
deep_cusp_3x16,fc,5,4.225000,0.01316102273523645,0.009449942649044966
deep_cusp_3x16,fc,5,4.250000,0.012928326446225769,0.009243898155941826
deep_cusp_3x16,fc,5,4.275000,0.012701054263968281,0.00904334888984183
deep_cusp_3x16,fc,5,4.300000,0.012479052266154644,0.008848123044917012
deep_cusp_3x16,fc,5,4.325000,0.012262171614064954,0.00865805492297805
deep_cusp_3x16,fc,5,4.350000,0.012050268362728045,0.008472984692407837
deep_cusp_3x16,fc,5,4.375000,0.011843203278941283,0.008292758157448845
deep_cusp_3x16,fc,5,4.400000,0.011640841666793134,0.008117226537362866
deep_cusp_3x16,fc,5,4.425000,0.011443053200349107,0.007946246255021595
deep_cusp_3x16,fc,5,4.450000,0.011249711763176906,0.007779678734485535
deep_cusp_3x16,fc,5,4.475000,0.011060695294406342,0.007617390207175521
deep_cusp_3x16,fc,5,4.500000,0.010875885641031258,0.00745925152623505
deep_cusp_3x16,fc,5,4.525000,0.01069516841617646,0.007305137988719207
deep_cusp_3x16,fc,5,4.550000,0.010518432863067861,0.007154929165255192
deep_cusp_3x16,fc,5,4.575000,0.010345571724452607,0.007008508736834862
deep_cusp_3x16,fc,5,4.600000,0.010176481117232794,0.006865764338424728
deep_cusp_3x16,fc,5,4.625000,0.010011060412083439,0.006726587409077422
deep_cusp_3x16,fc,5,4.650000,0.0098492121178404,0.006590873048268464
deep_cusp_3x16,fc,5,4.675000,0.009690841770449321,0.0064585198781628465
deep_cusp_3x16,fc,5,4.700000,0.009535857826280747,0.006329429911565912
deep_cusp_3x16,fc,5,4.725000,0.009384171559624122,0.006203508425289461
deep_cusp_3x16,fc,5,4.750000,0.00923569696418014,0.006080663838708088
deep_cusp_3x16,fc,5,4.775000,0.009090350658382373,0.005960807597265741
deep_cusp_3x16,fc,5,4.800000,0.008948051794384737,0.005843854060718774
deep_cusp_3x16,fc,5,4.825000,0.00880872197056104,0.005729720395912886
deep_cusp_3x16,fc,5,4.850000,0.008672285147365622,0.005618326473881569
deep_cusp_3x16,fc,5,4.875000,0.008538667566416858,0.0055095947710962845
deep_cusp_3x16,fc,5,4.900000,0.008407797672666195,0.005403450274670497
deep_cusp_3x16,fc,5,4.925000,0.008279606039525711,0.005299820391357137
deep_cusp_3x16,fc,5,4.950000,0.00815402529682907,0.00519863486017101
deep_cusp_3x16,fc,5,4.975000,0.008030990061510312,0.005099825668480255
deep_cusp_3x16,fc,5,5.000000,0.007910436870887216,0.005003326971419181
deep_cusp_3x16,fc,5,5.025000,0.00779230411844134,0.004909075014477372
deep_cusp_3x16,fc,5,5.050000,0.00767653199199414,0.004817008059132411
deep_cusp_3x16,fc,5,5.075000,0.007563062414178923,0.004727066311396233
deep_cusp_3x16,fc,5,5.100000,0.007451838985117143,0.004639191853146637
deep_cusp_3x16,fc,5,5.125000,0.007342806927207457,0.004553328576135116
deep_cusp_3x16,fc,5,5.150000,0.007235913031944041,0.004469422118547324
deep_cusp_3x16,fc,5,5.175000,0.007131105608680688,0.0043874198040178055
deep_cusp_3x16,fc,5,5.200000,0.007028334435262962,0.0043072705829917705
deep_cusp_3x16,fc,5,5.225000,0.0069275507104547,0.004228924976334929
deep_cusp_3x16,fc,5,5.250000,0.006828707008084578,0.004152335021101629
deep_cusp_3x16,fc,5,5.275000,0.006731757232847468,0.004077454218365142
deep_cusp_3x16,fc,5,5.300000,0.0066366565776926345,0.0040042374830345975
deep_cusp_3x16,fc,5,5.325000,0.00654336148273682,0.003932641095565119
deep_cusp_3x16,fc,5,5.350000,0.006451829595642944,0.003862622655491328
deep_cusp_3x16,fc,5,5.375000,0.006362019733405222,0.0037941410367080836
deep_cusp_3x16,fc,5,5.400000,0.006273891845487323,0.003727156344421023
deep_cusp_3x16,fc,5,5.425000,0.00618740697826059,0.003661629873710311
deep_cusp_3x16,fc,5,5.450000,0.006102527240689937,0.0035975240696294233
deep_cusp_3x16,fc,5,5.475000,0.0060192157712229966,0.003534802488785088
deep_cusp_3x16,fc,5,5.500000,0.005937436705831467,0.00347342976233753
deep_cusp_3x16,fc,5,5.525000,0.005857155147164228,0.0034133715603585552
deep_cusp_3x16,fc,5,5.550000,0.005778337134768052,0.003354594557501852
deep_cusp_3x16,fc,5,5.575000,0.005700949616334272,0.003297066399923296
deep_cusp_3x16,fc,5,5.600000,0.005624960419934988,0.0032407556734100657
deep_cusp_3x16,fc,5,5.625000,0.005550338227208296,0.0031856318726634857
deep_cusp_3x16,fc,5,5.650000,0.005477052547458783,0.003131665371696122
deep_cusp_3x16,fc,5,5.675000,0.005405073692638651,0.003078827395293707
deep_cusp_3x16,fc,5,5.700000,0.005334372753175165,0.003027089991503894
deep_cusp_3x16,fc,5,5.725000,0.005264921574614667,0.0029764260051096687
deep_cusp_3x16,fc,5,5.750000,0.005196692735050634,0.0029268090520475788
deep_cusp_3x16,fc,5,5.775000,0.005129659523308572,0.002878213494739797
deep_cusp_3x16,fc,5,5.800000,0.005063795917859437,0.002830614418296118
deep_cusp_3x16,fc,5,5.825000,0.004999076566432725,0.00278398760755835
deep_cusp_3x16,fc,5,5.850000,0.004935476766307123,0.002738309524953898
deep_cusp_3x16,fc,5,5.875000,0.004872972445250534,0.00269355728912338
deep_cusp_3x16,fc,5,5.900000,0.004811540143087489,0.002649708654298654
deep_cusp_3x16,fc,5,5.925000,0.004751156993871186,0.0026067419903964785
deep_cusp_3x16,fc,5,5.950000,0.00469180070863795,0.0025646362638050363
deep_cusp_3x16,fc,5,5.975000,0.004633449558722469,0.0025233710188360442
deep_cusp_3x16,fc,5,6.000000,0.004576082359615152,0.002482926359813787
