arch,channel,rs,alpha,s,f_model,f_parent
deep_cusp_mgga_3x16,fx,,0,0.000000,1.1721480097676191,1.174
deep_cusp_mgga_3x16,fx,,0,0.025000,1.1721479293999373,1.1739999999999697
deep_cusp_mgga_3x16,fx,,0,0.050000,1.172147373762341,1.1739999997117707
deep_cusp_mgga_3x16,fx,,0,0.075000,1.172145879418717,1.1739999832816606
deep_cusp_mgga_3x16,fx,,0,0.100000,1.1721429735034505,1.1739998118858568
deep_cusp_mgga_3x16,fx,,0,0.125000,1.1721381376864197,1.1739990186707916
deep_cusp_mgga_3x16,fx,,0,0.150000,1.1721307619855863,1.1739966782079427
deep_cusp_mgga_3x16,fx,,0,0.175000,1.172120090478135,1.1739914307174975
deep_cusp_mgga_3x16,fx,,0,0.200000,1.1721051601732868,1.1739816048593708
deep_cusp_mgga_3x16,fx,,0,0.225000,1.172084733300397,1.1739653659192677
deep_cusp_mgga_3x16,fx,,0,0.250000,1.1720572220444827,1.1739408470016728
deep_cusp_mgga_3x16,fx,,0,0.275000,1.1720206034254497,1.173906248075868
deep_cusp_mgga_3x16,fx,,0,0.300000,1.1719723208312345,1.1738599024257972
deep_cusp_mgga_3x16,fx,,0,0.325000,1.1719091682307536,1.173800315917155
deep_cusp_mgga_3x16,fx,,0,0.350000,1.171827154356798,1.1737261857914447
deep_cusp_mgga_3x16,fx,,0,0.375000,1.1717213490732175,1.173636405071631
deep_cusp_mgga_3x16,fx,,0,0.400000,1.1715857261332225,1.1735300574458616
deep_cusp_mgga_3x16,fx,,0,0.425000,1.1714130414298505,1.1734064062619238
deep_cusp_mgga_3x16,fx,,0,0.450000,1.1711948326904407,1.1732648802223025
deep_cusp_mgga_3x16,fx,,0,0.475000,1.170921706205184,1.1731050575598443
deep_cusp_mgga_3x16,fx,,0,0.500000,1.1705841911222037,1.1729266498750575
deep_cusp_mgga_3x16,fx,,0,0.525000,1.1701745547399982,1.1727294863871929
deep_cusp_mgga_3x16,fx,,0,0.550000,1.1696899438691764,1.1725134990516597
deep_cusp_mgga_3x16,fx,,0,0.575000,1.1691367582765162,1.1722787087915814
deep_cusp_mgga_3x16,fx,,0,0.600000,1.1685349775493814,1.1720252129544764
deep_cusp_mgga_3x16,fx,,0,0.625000,1.1679195255932506,1.1717531740160276
deep_cusp_mgga_3x16,fx,,0,0.650000,1.1673352008595115,1.171462809497049
deep_cusp_mgga_3x16,fx,,0,0.675000,1.166824347678324,1.1711543830265692
deep_cusp_mgga_3x16,fx,,0,0.700000,1.1664119958297847,1.1708281964660416
deep_cusp_mgga_3x16,fx,,0,0.725000,1.166096929522329,1.1704845830018829
deep_cusp_mgga_3x16,fx,,0,0.750000,1.1658541858908729,1.1701239011122389
deep_cusp_mgga_3x16,fx,,0,0.775000,1.165646741543646,1.1697465293166707
deep_cusp_mgga_3x16,fx,,0,0.800000,1.1654389684282571,1.169352861622596
deep_cusp_mgga_3x16,fx,,0,0.825000,1.165205623573305,1.1689433035887846
deep_cusp_mgga_3x16,fx,,0,0.850000,1.1649345911968578,1.168518268933181
deep_cusp_mgga_3x16,fx,,0,0.875000,1.164624872818271,1.1680781766193893
deep_cusp_mgga_3x16,fx,,0,0.900000,1.1642822510433877,1.1676234483629735
deep_cusp_mgga_3x16,fx,,0,0.925000,1.1639147612358365,1.1671545065051685
deep_cusp_mgga_3x16,fx,,0,0.950000,1.163529504839403,1.1666717722075282
deep_cusp_mgga_3x16,fx,,0,0.975000,1.163131530160474,1.1661756639264584
deep_cusp_mgga_3x16,fx,,0,1.000000,1.1627245251432747,1.1656665961314685
deep_cusp_mgga_3x16,fx,,0,1.025000,1.1623123120549934,1.1651449782353507
deep_cusp_mgga_3x16,fx,,0,1.050000,1.161900016190904,1.1646112137083935
deep_cusp_mgga_3x16,fx,,0,1.075000,1.1614942596708033,1.1640656993521898
deep_cusp_mgga_3x16,fx,,0,1.100000,1.1611023850515487,1.163508824711651
deep_cusp_mgga_3x16,fx,,0,1.125000,1.160731151369379,1.1629409716065238
deep_cusp_mgga_3x16,fx,,0,1.150000,1.16038545049305,1.1623625137660767
deep_cusp_mgga_3x16,fx,,0,1.175000,1.1600674557386017,1.161773816552685
deep_cusp_mgga_3x16,fx,,0,1.200000,1.159776380132979,1.1611752367618726
deep_cusp_mgga_3x16,fx,,0,1.225000,1.1595087999047282,1.1605671224879528
deep_cusp_mgga_3x16,fx,,0,1.250000,1.1592593553146826,1.159949813045806
deep_cusp_mgga_3x16,fx,,0,1.275000,1.1590215966415158,1.159323638940552
deep_cusp_mgga_3x16,fx,,0,1.300000,1.1587887796385357,1.1586889218779366
deep_cusp_mgga_3x16,fx,,0,1.325000,1.1585544917274693,1.1580459748091831
deep_cusp_mgga_3x16,fx,,0,1.350000,1.1583130681395115,1.1573951020048758
deep_cusp_mgga_3x16,fx,,0,1.375000,1.1580598127648867,1.1567365991531484
deep_cusp_mgga_3x16,fx,,0,1.400000,1.157791066283679,1.1560707534780776
deep_cusp_mgga_3x16,fx,,0,1.425000,1.1575041702581448,1.1553978438747157
deep_cusp_mgga_3x16,fx,,0,1.450000,1.1571973697023243,1.1547181410576752
deep_cusp_mgga_3x16,fx,,0,1.475000,1.156869686020719,1.1540319077205958
deep_cusp_mgga_3x16,fx,,0,1.500000,1.1565207817496335,1.153339398704175
deep_cusp_mgga_3x16,fx,,0,1.525000,1.1561508301691348,1.1526408611707666
deep_cusp_mgga_3x16,fx,,0,1.550000,1.1557603969007504,1.1519365347838304
deep_cusp_mgga_3x16,fx,,0,1.575000,1.155350336691009,1.1512266518907446
deep_cusp_mgga_3x16,fx,,0,1.600000,1.1549217061628072,1.1505114377077155
deep_cusp_mgga_3x16,fx,,0,1.625000,1.1544756919156915,1.1497911105056975
deep_cusp_mgga_3x16,fx,,0,1.650000,1.154013552613959,1.149065881796391
deep_cusp_mgga_3x16,fx,,0,1.675000,1.1535365733714407,1.1483359565175384
deep_cusp_mgga_3x16,fx,,0,1.700000,1.1530460306614154,1.1476015332168448
deep_cusp_mgga_3x16,fx,,0,1.725000,1.1525431660447705,1.1468628042339688
deep_cusp_mgga_3x16,fx,,0,1.750000,1.1520291671527951,1.1461199558801156
deep_cusp_mgga_3x16,fx,,0,1.775000,1.1515051545410706,1.1453731686148423
deep_cusp_mgga_3x16,fx,,0,1.800000,1.1509721732217735,1.1446226172197609
deep_cusp_mgga_3x16,fx,,0,1.825000,1.150431187867616,1.1438684709688847
deep_cusp_mgga_3x16,fx,,0,1.850000,1.1498830808524312,1.143110893795409
deep_cusp_mgga_3x16,fx,,0,1.875000,1.1493286524463917,1.1423500444547745
deep_cusp_mgga_3x16,fx,,0,1.900000,1.148768622616211,1.1415860766838877
deep_cusp_mgga_3x16,fx,,0,1.925000,1.148203633992547,1.1408191393564204
deep_cusp_mgga_3x16,fx,,0,1.950000,1.147634255659484,1.14004937663413
deep_cusp_mgga_3x16,fx,,0,1.975000,1.147060987496441,1.139276928114168
deep_cusp_mgga_3x16,fx,,0,2.000000,1.1464842648634457,1.1385019289723721
deep_cusp_mgga_3x16,fx,,0,2.025000,1.145904463468748,1.1377245101025515
deep_cusp_mgga_3x16,fx,,0,2.050000,1.1453219042955278,1.1369447982517829
deep_cusp_mgga_3x16,fx,,0,2.075000,1.14473685849392,1.1361629161517686
deep_cusp_mgga_3x16,fx,,0,2.100000,1.144149552167537,1.135378982646293
deep_cusp_mgga_3x16,fx,,0,2.125000,1.1435601710015035,1.134593112814844
deep_cusp_mgga_3x16,fx,,0,2.150000,1.142968864692958,1.1338054180924624
deep_cusp_mgga_3x16,fx,,0,2.175000,1.1423757511559116,1.1330160063858914
deep_cusp_mgga_3x16,fx,,0,2.200000,1.1417809204809972,1.132224982186104
deep_cusp_mgga_3x16,fx,,0,2.225000,1.1411844386375796,1.1314324466772876
deep_cusp_mgga_3x16,fx,,0,2.250000,1.1405863509112648,1.1306384978423718
deep_cusp_mgga_3x16,fx,,0,2.275000,1.1399866850743952,1.1298432305651835
deep_cusp_mgga_3x16,fx,,0,2.300000,1.1393854542908453,1.1290467367293173
deep_cusp_mgga_3x16,fx,,0,2.325000,1.1387826597594675,1.1282491053138093
deep_cusp_mgga_3x16,fx,,0,2.350000,1.1381782931030473,1.1274504224857038
deep_cusp_mgga_3x16,fx,,0,2.375000,1.1375723385116419,1.1266507716896004
deep_cusp_mgga_3x16,fx,,0,2.400000,1.1369647746507985,1.1258502337342684
deep_cusp_mgga_3x16,fx,,0,2.425000,1.136355576346402,1.1250488868764206
deep_cusp_mgga_3x16,fx,,0,2.450000,1.135744716058847,1.1242468069017264
deep_cusp_mgga_3x16,fx,,0,2.475000,1.1351321651598931,1.1234440672031538
deep_cusp_mgga_3x16,fx,,0,2.500000,1.1345178950259684,1.1226407388567223
deep_cusp_mgga_3x16,fx,,0,2.525000,1.1339018779618881,1.1218368906947505
deep_cusp_mgga_3x16,fx,,0,2.550000,1.1332840879689567,1.1210325893766737
deep_cusp_mgga_3x16,fx,,0,2.575000,1.13266450137125,1.1202278994575188
deep_cusp_mgga_3x16,fx,,0,2.600000,1.1320430973135807,1.119422883454104
deep_cusp_mgga_3x16,fx,,0,2.625000,1.1314198581442187,1.1186176019090446
deep_cusp_mgga_3x16,fx,,0,2.650000,1.1307947696949145,1.1178121134526344
deep_cusp_mgga_3x16,fx,,0,2.675000,1.1301678214701871,1.1170064748626771
deep_cusp_mgga_3x16,fx,,0,2.700000,1.1295390067571582,1.1162007411223307
deep_cusp_mgga_3x16,fx,,0,2.725000,1.1289083226665384,1.1153949654760382
deep_cusp_mgga_3x16,fx,,0,2.750000,1.1282757701146158,1.1145891994836064
deep_cusp_mgga_3x16,fx,,0,2.775000,1.1276413537553713,1.113783493072495
deep_cusp_mgga_3x16,fx,,0,2.800000,1.1270050818710853,1.1129778945883795
deep_cusp_mgga_3x16,fx,,0,2.825000,1.126366966229056,1.112172450844045
deep_cusp_mgga_3x16,fx,,0,2.850000,1.125727021911339,1.111367207166669
deep_cusp_mgga_3x16,fx,,0,2.875000,1.1250852671236826,1.1105622074435488
deep_cusp_mgga_3x16,fx,,0,2.900000,1.1244417229891812,1.1097574941663262
deep_cusp_mgga_3x16,fx,,0,2.925000,1.1237964133315126,1.1089531084737612
deep_cusp_mgga_3x16,fx,,0,2.950000,1.1231493644520094,1.1081490901931075
deep_cusp_mgga_3x16,fx,,0,2.975000,1.122500604904254,1.1073454778801328
deep_cusp_mgga_3x16,fx,,0,3.000000,1.121850165269346,1.1065423088578359
deep_cusp_mgga_3x16,fx,,0,3.025000,1.121198077934507,1.105739619253904
deep_cusp_mgga_3x16,fx,,0,3.050000,1.120544376877231,1.1049374440369497
deep_cusp_mgga_3x16,fx,,0,3.075000,1.119889097456789,1.104135817051578
deep_cusp_mgga_3x16,fx,,0,3.100000,1.1192322762145166,1.1033347710523163
deep_cusp_mgga_3x16,fx,,0,3.125000,1.1185739506839973,1.1025343377364487
deep_cusp_mgga_3x16,fx,,0,3.150000,1.1179141592119466,1.1017345477757954
deep_cusp_mgga_3x16,fx,,0,3.175000,1.117252940790359,1.1009354308474695
deep_cusp_mgga_3x16,fx,,0,3.200000,1.116590334900244,1.1001370156636485
deep_cusp_mgga_3x16,fx,,0,3.225000,1.115926381367088,1.0993393300003946
deep_cusp_mgga_3x16,fx,,0,3.250000,1.1152611202280225,1.0985424007255535
deep_cusp_mgga_3x16,fx,,0,3.275000,1.114594591610525,1.0977462538257692
deep_cusp_mgga_3x16,fx,,0,3.300000,1.113926835622379,1.0969509144326373
deep_cusp_mgga_3x16,fx,,0,3.325000,1.1132578922525187,1.0961564068480345
deep_cusp_mgga_3x16,fx,,0,3.350000,1.112587801282315,1.0953627545686442
deep_cusp_mgga_3x16,fx,,0,3.375000,1.1119166022068054,1.094569980309713
deep_cusp_mgga_3x16,fx,,0,3.400000,1.1112443341653213,1.0937781060280596
deep_cusp_mgga_3x16,fx,,0,3.425000,1.1105710358809504,1.0929871529443604
deep_cusp_mgga_3x16,fx,,0,3.450000,1.1098967456082516,1.0921971415647445
deep_cusp_mgga_3x16,fx,,0,3.475000,1.1092215010886277,1.091408091701708
deep_cusp_mgga_3x16,fx,,0,3.500000,1.1085453395127796,1.090620022494385
deep_cusp_mgga_3x16,fx,,0,3.525000,1.107868297489656,1.0898329524281853
deep_cusp_mgga_3x16,fx,,0,3.550000,1.1071904110213435,1.089046899353828
deep_cusp_mgga_3x16,fx,,0,3.575000,1.106511715483354,1.088261880505785
deep_cusp_mgga_3x16,fx,,0,3.600000,1.105832245609788,1.08747791252016
deep_cusp_mgga_3x16,fx,,0,3.625000,1.1051520354828859,1.0866950114520173
deep_cusp_mgga_3x16,fx,,0,3.650000,1.104471118526497,1.085913192792181
deep_cusp_mgga_3x16,fx,,0,3.675000,1.1037895275030327,1.0851324714835215
deep_cusp_mgga_3x16,fx,,0,3.700000,1.1031072945134912,1.084352861936746
deep_cusp_mgga_3x16,fx,,0,3.725000,1.1024244510001835,1.08357437804571
deep_cusp_mgga_3x16,fx,,0,3.750000,1.1017410277518018,1.0827970332022658
deep_cusp_mgga_3x16,fx,,0,3.775000,1.1010570549105145,1.0820208403106608
deep_cusp_mgga_3x16,fx,,0,3.800000,1.100372561980793,1.081245811801505
deep_cusp_mgga_3x16,fx,,0,3.825000,1.099687577839701,1.0804719596453165
deep_cusp_mgga_3x16,fx,,0,3.850000,1.0990021307484055,1.0796992953656632
deep_cusp_mgga_3x16,fx,,0,3.875000,1.0983162483646876,1.0789278300519098
deep_cusp_mgga_3x16,fx,,0,3.900000,1.097629957756262,1.0781575743715874
deep_cusp_mgga_3x16,fx,,0,3.925000,1.0969432854147243,1.0773885385823938
deep_cusp_mgga_3x16,fx,,0,3.950000,1.0962562572699677,1.076620732543838
deep_cusp_mgga_3x16,fx,,0,3.975000,1.0955688987049417,1.0758541657285416
deep_cusp_mgga_3x16,fx,,0,4.000000,1.0948812345706158,1.0750888472332067
deep_cusp_mgga_3x16,fx,,0,4.025000,1.0941932892010529,1.0743247857892602
deep_cusp_mgga_3x16,fx,,0,4.050000,1.0935050864284943,1.0735619897731867
deep_cusp_mgga_3x16,fx,,0,4.075000,1.0928166495983747,1.0728004672165588
deep_cusp_mgga_3x16,fx,,0,4.100000,1.0921280015842028,1.0720402258157746
deep_cusp_mgga_3x16,fx,,0,4.125000,1.0914391648022423,1.0712812729415127
deep_cusp_mgga_3x16,fx,,0,4.150000,1.0907501612259496,1.0705236156479097
deep_cusp_mgga_3x16,fx,,0,4.175000,1.0900610124001215,1.069767260681476
deep_cusp_mgga_3x16,fx,,0,4.200000,1.0893717394547229,1.0690122144897514
deep_cusp_mgga_3x16,fx,,0,4.225000,1.0886823631183622,1.0682584832297097
deep_cusp_mgga_3x16,fx,,0,4.250000,1.0879929037314,1.0675060727759265
deep_cusp_mgga_3x16,fx,,0,4.275000,1.0873033812586634,1.066754988728507
deep_cusp_mgga_3x16,fx,,0,4.300000,1.086613815301764,1.0660052364207921
deep_cusp_mgga_3x16,fx,,0,4.325000,1.0859242251110057,1.0652568209268407
deep_cusp_mgga_3x16,fx,,0,4.350000,1.0852346295968767,1.0645097470687008
deep_cusp_mgga_3x16,fx,,0,4.375000,1.084545047341127,1.0637640194234734
deep_cusp_mgga_3x16,fx,,0,4.400000,1.0838554966074283,1.0630196423301772
deep_cusp_mgga_3x16,fx,,0,4.425000,1.0831659953516206,1.0622766198964166
deep_cusp_mgga_3x16,fx,,0,4.450000,1.0824765612315495,1.0615349560048657
deep_cusp_mgga_3x16,fx,,0,4.475000,1.0817872116165017,1.0607946543195659
deep_cusp_mgga_3x16,fx,,0,4.500000,1.0810979635962399,1.0600557182920478
deep_cusp_mgga_3x16,fx,,0,4.525000,1.080408833989655,1.0593181511672842
deep_cusp_mgga_3x16,fx,,0,4.550000,1.0797198393530336,1.0585819559894716
deep_cusp_mgga_3x16,fx,,0,4.575000,1.0790309959879618,1.0578471356076555
deep_cusp_mgga_3x16,fx,,0,4.600000,1.0783423199488669,1.0571136926811953
deep_cusp_mgga_3x16,fx,,0,4.625000,1.0776538270502096,1.0563816296850805
deep_cusp_mgga_3x16,fx,,0,4.650000,1.076965532873343,1.0556509489150971
deep_cusp_mgga_3x16,fx,,0,4.675000,1.076277452773042,1.0549216524928522
deep_cusp_mgga_3x16,fx,,0,4.700000,1.0755896018837197,1.05419374237066
deep_cusp_mgga_3x16,fx,,0,4.725000,1.0749019951253402,1.0534672203362934
deep_cusp_mgga_3x16,fx,,0,4.750000,1.0742146472090388,1.052742088017604
deep_cusp_mgga_3x16,fx,,0,4.775000,1.0735275726424638,1.0520183468870172
deep_cusp_mgga_3x16,fx,,0,4.800000,1.0728407857348439,1.0512959982659025
deep_cusp_mgga_3x16,fx,,0,4.825000,1.0721543006018035,1.0505750433288248
deep_cusp_mgga_3x16,fx,,0,4.850000,1.0714681311699241,1.0498554831076812
deep_cusp_mgga_3x16,fx,,0,4.875000,1.0707822911810725,1.0491373184957231
deep_cusp_mgga_3x16,fx,,0,4.900000,1.0700967941965012,1.0484205502514707
deep_cusp_mgga_3x16,fx,,0,4.925000,1.06941165360073,1.0477051790025216
deep_cusp_mgga_3x16,fx,,0,4.950000,1.0687268826052247,1.0469912052492543
deep_cusp_mgga_3x16,fx,,0,4.975000,1.0680424942518747,1.0462786293684336
deep_cusp_mgga_3x16,fx,,0,5.000000,1.067358501416284,1.0455674516167188
deep_cusp_mgga_3x16,fx,,0,5.025000,1.066674916810885,1.0448576721340765
deep_cusp_mgga_3x16,fx,,0,5.050000,1.0659917529878788,1.0441492909471024
deep_cusp_mgga_3x16,fx,,0,5.075000,1.0653090223420152,1.0434423079722535
deep_cusp_mgga_3x16,fx,,0,5.100000,1.0646267371132199,1.0427367230189954
deep_cusp_mgga_3x16,fx,,0,5.125000,1.0639449093890738,1.042032535792863
deep_cusp_mgga_3x16,fx,,0,5.150000,1.0632635511071573,1.0413297458984416
deep_cusp_mgga_3x16,fx,,0,5.175000,1.0625826740572584,1.0406283528422682
deep_cusp_mgga_3x16,fx,,0,5.200000,1.0619022898834634,1.0399283560356543
deep_cusp_mgga_3x16,fx,,0,5.225000,1.0612224100861243,1.0392297547974363
deep_cusp_mgga_3x16,fx,,0,5.250000,1.06054304602372,1.038532548356651
deep_cusp_mgga_3x16,fx,,0,5.275000,1.0598642089146109,1.0378367358551408
deep_cusp_mgga_3x16,fx,,0,5.300000,1.0591859098386953,1.0371423163500901
deep_cusp_mgga_3x16,fx,,0,5.325000,1.058508159738974,1.0364492888164956
deep_cusp_mgga_3x16,fx,,0,5.350000,1.057830969423026,1.0357576521495702
deep_cusp_mgga_3x16,fx,,0,5.375000,1.0571543495644036,1.0350674051670847
deep_cusp_mgga_3x16,fx,,0,5.400000,1.0564783107039506,1.0343785466116477
deep_cusp_mgga_3x16,fx,,0,5.425000,1.0558028632510474,1.0336910751529251
deep_cusp_mgga_3x16,fx,,0,5.450000,1.0551280174847897,1.0330049893898028
deep_cusp_mgga_3x16,fx,,0,5.475000,1.0544537835551024,1.0323202878524915
deep_cusp_mgga_3x16,fx,,0,5.500000,1.0537801714837964,1.031636969004577
deep_cusp_mgga_3x16,fx,,0,5.525000,1.05310719116557,1.030955031245018
deep_cusp_mgga_3x16,fx,,0,5.550000,1.0524348523689577,1.0302744729100892
deep_cusp_mgga_3x16,fx,,0,5.575000,1.0517631647372334,1.0295952922752776
deep_cusp_mgga_3x16,fx,,0,5.600000,1.0510921377892672,1.028917487557126
deep_cusp_mgga_3x16,fx,,0,5.625000,1.0504217809203467,1.0282410569150302
deep_cusp_mgga_3x16,fx,,0,5.650000,1.049752103402951,1.0275659984529908
deep_cusp_mgga_3x16,fx,,0,5.675000,1.0490831143875015,1.0268923102213159
deep_cusp_mgga_3x16,fx,,0,5.700000,1.0484148229030705,1.0262199902182847
deep_cusp_mgga_3x16,fx,,0,5.725000,1.047747237858068,1.025549036391764
deep_cusp_mgga_3x16,fx,,0,5.750000,1.0470803680408975,1.024879446640785
deep_cusp_mgga_3x16,fx,,0,5.775000,1.04641422212059,1.024211218817078
deep_cusp_mgga_3x16,fx,,0,5.800000,1.0457488086474136,1.02354435072657
deep_cusp_mgga_3x16,fx,,0,5.825000,1.0450841360534646,1.0228788401308406
deep_cusp_mgga_3x16,fx,,0,5.850000,1.0444202126532416,1.0222146847485427
deep_cusp_mgga_3x16,fx,,0,5.875000,1.0437570466442012,1.0215518822567862
deep_cusp_mgga_3x16,fx,,0,5.900000,1.043094646107301,1.020890430292485
deep_cusp_mgga_3x16,fx,,0,5.925000,1.0424330190075308,1.020230326453671
deep_cusp_mgga_3x16,fx,,0,5.950000,1.0417721731944312,1.0195715683007733
deep_cusp_mgga_3x16,fx,,0,5.975000,1.0411121164026036,1.0189141533578652
deep_cusp_mgga_3x16,fx,,0,6.000000,1.040452856252212,1.0182580791138793
deep_cusp_mgga_3x16,fx,,1,0.000000,0.9999999999999999,1.0
deep_cusp_mgga_3x16,fx,,1,0.025000,1.000032097898142,1.000077126015428
deep_cusp_mgga_3x16,fx,,1,0.050000,1.0002532622177218,1.0003080874041483
deep_cusp_mgga_3x16,fx,,1,0.075000,1.0008416655110535,1.0006916018297418
deep_cusp_mgga_3x16,fx,,1,0.100000,1.0019601552187143,1.00122537363987
deep_cusp_mgga_3x16,fx,,1,0.125000,1.0037511014499318,1.0019058340763338
deep_cusp_mgga_3x16,fx,,1,0.150000,1.0063303189775572,1.002727928117751
deep_cusp_mgga_3x16,fx,,1,0.175000,1.0097807599514492,1.0036850322250028
deep_cusp_mgga_3x16,fx,,1,0.200000,1.0141467378738136,1.004768972960261
deep_cusp_mgga_3x16,fx,,1,0.225000,1.0194294686821825,1.005970101642073
deep_cusp_mgga_3x16,fx,,1,0.250000,1.0255846786556782,1.0072774039220882
deep_cusp_mgga_3x16,fx,,1,0.275000,1.0325229080040692,1.0086786420382468
deep_cusp_mgga_3x16,fx,,1,0.300000,1.040112914587276,1.0101605343302198
deep_cusp_mgga_3x16,fx,,1,0.325000,1.048188249822819,1.0117089751803436
deep_cusp_mgga_3x16,fx,,1,0.350000,1.0565566605724903,1.0133092932875567
deep_cusp_mgga_3x16,fx,,1,0.375000,1.0650115233041275,1.0149465401468651
deep_cusp_mgga_3x16,fx,,1,0.400000,1.0733441275278912,1.0166057956112062
deep_cusp_mgga_3x16,fx,,1,0.425000,1.0813553925822554,1.0182724743981733
deep_cusp_mgga_3x16,fx,,1,0.450000,1.08886560145379,1.0199326166851808
deep_cusp_mgga_3x16,fx,,1,0.475000,1.0957209891316522,1.0215731473666494
deep_cusp_mgga_3x16,fx,,1,0.500000,1.1017964841922137,1.023182091660349
deep_cusp_mgga_3x16,fx,,1,0.525000,1.106994475963967,1.024748738905099
deep_cusp_mgga_3x16,fx,,1,0.550000,1.1112400881346647,1.0262637509070724
deep_cusp_mgga_3x16,fx,,1,0.575000,1.114474141560914,1.027719215461434
deep_cusp_mgga_3x16,fx,,1,0.600000,1.1166461416616598,1.0291086492486752
deep_cusp_mgga_3x16,fx,,1,0.625000,1.1177119439643977,1.0304269569176834
deep_cusp_mgga_3x16,fx,,1,0.650000,1.117644667140392,1.0316703547398254
deep_cusp_mgga_3x16,fx,,1,0.675000,1.1164706237831081,1.0328362678173069
deep_cusp_mgga_3x16,fx,,1,0.700000,1.1143356640294029,1.0339232096209783
deep_cusp_mgga_3x16,fx,,1,0.725000,1.111578979784718,1.0349306518323131
deep_cusp_mgga_3x16,fx,,1,0.750000,1.1087489314675971,1.0358588912925095
deep_cusp_mgga_3x16,fx,,1,0.775000,1.1064919379785128,1.0367089195161243
deep_cusp_mgga_3x16,fx,,1,0.800000,1.1053289291794974,1.037482298864651
deep_cusp_mgga_3x16,fx,,1,0.825000,1.1054434312764216,1.0381810482086806
deep_cusp_mgga_3x16,fx,,1,0.850000,1.1066181998700457,1.0388075398042285
deep_cusp_mgga_3x16,fx,,1,0.875000,1.1083567221994581,1.0393644082017732
deep_cusp_mgga_3x16,fx,,1,0.900000,1.110105131997257,1.039854471300772
deep_cusp_mgga_3x16,fx,,1,0.925000,1.111442317537087,1.040280663144777
deep_cusp_mgga_3x16,fx,,1,0.950000,1.1121581257042032,1.040645977699074
deep_cusp_mgga_3x16,fx,,1,0.975000,1.1122280988106938,1.0409534226356034
deep_cusp_mgga_3x16,fx,,1,1.000000,1.1117391173590827,1.0412059820398643
deep_cusp_mgga_3x16,fx,,1,1.025000,1.1108151198932046,1.0414065869248033
deep_cusp_mgga_3x16,fx,,1,1.050000,1.1095686462383125,1.0415580924640704
deep_cusp_mgga_3x16,fx,,1,1.075000,1.1080824309669601,1.04166326092239
deep_cusp_mgga_3x16,fx,,1,1.100000,1.1064114697127512,1.041724749349034
deep_cusp_mgga_3x16,fx,,1,1.125000,1.1045925550663729,1.0417451012001402
deep_cusp_mgga_3x16,fx,,1,1.150000,1.1026529349118759,1.0417267411586144
deep_cusp_mgga_3x16,fx,,1,1.175000,1.1006157762880648,1.0416719725209855
deep_cusp_mgga_3x16,fx,,1,1.200000,1.0985031225533946,1.0415829766151044
deep_cusp_mgga_3x16,fx,,1,1.225000,1.0963373438655177,1.0414618137989569
deep_cusp_mgga_3x16,fx,,1,1.250000,1.0941416259079866,1.0413104256679637
deep_cusp_mgga_3x16,fx,,1,1.275000,1.0919397795833783,1.0411306381657643
deep_cusp_mgga_3x16,fx,,1,1.300000,1.0897556054722666,1.0409241653518562
deep_cusp_mgga_3x16,fx,,1,1.325000,1.0876120394483326,1.0406926136291317
deep_cusp_mgga_3x16,fx,,1,1.350000,1.0855302721610647,1.040437486276089
deep_cusp_mgga_3x16,fx,,1,1.375000,1.0835289814852154,1.0401601881631057
deep_cusp_mgga_3x16,fx,,1,1.400000,1.0816237615603852,1.0398620305604855
deep_cusp_mgga_3x16,fx,,1,1.425000,1.0798267844802296,1.03954423596885
deep_cusp_mgga_3x16,fx,,1,1.450000,1.0781466939949658,1.0392079429206125
deep_cusp_mgga_3x16,fx,,1,1.475000,1.076588704925759,1.0388542107154195
deep_cusp_mgga_3x16,fx,,1,1.500000,1.0751548665589838,1.0384840240632753
deep_cusp_mgga_3x16,fx,,1,1.525000,1.0738444417297628,1.0380982976170656
deep_cusp_mgga_3x16,fx,,1,1.550000,1.0726543537752562,1.0376978803819894
deep_cusp_mgga_3x16,fx,,1,1.575000,1.0715796589220528,1.0372835599933328
deep_cusp_mgga_3x16,fx,,1,1.600000,1.0706140098782564,1.0368560668565787
deep_cusp_mgga_3x16,fx,,1,1.625000,1.0697500856338207,1.0364160781453278
deep_cusp_mgga_3x16,fx,,1,1.650000,1.0689799713886274,1.0359642216532339
deep_cusp_mgga_3x16,fx,,1,1.675000,1.06829548027148,1.0355010794964032
deep_cusp_mgga_3x16,fx,,1,1.700000,1.0676884146639551,1.0350271916626659
deep_cusp_mgga_3x16,fx,,1,1.725000,1.067150769413728,1.0345430594039822
deep_cusp_mgga_3x16,fx,,1,1.750000,1.066674882145971,1.0340491484681429
deep_cusp_mgga_3x16,fx,,1,1.775000,1.066253537512148,1.0335458921659484
deep_cusp_mgga_3x16,fx,,1,1.800000,1.0658800328494178,1.0330336942702585
deep_cusp_mgga_3x16,fx,,1,1.825000,1.0655482126486313,1.0325129317437718
deep_cusp_mgga_3x16,fx,,1,1.850000,1.0652524786944937,1.03198395729307
deep_cusp_mgga_3x16,fx,,1,1.875000,1.0649877819475704,1.0314471017473676
deep_cusp_mgga_3x16,fx,,1,1.900000,1.064749601332988,1.0309026762615185
deep_cusp_mgga_3x16,fx,,1,1.925000,1.0645339136874672,1.0303509743440518
deep_cusp_mgga_3x16,fx,,1,1.950000,1.064337158259858,1.0297922737123535
deep_cusp_mgga_3x16,fx,,1,1.975000,1.0641561983968877,1.0292268379784637
deep_cusp_mgga_3x16,fx,,1,2.000000,1.0639882823911948,1.0286549181702986
deep_cusp_mgga_3x16,fx,,1,2.025000,1.0638310049249065,1.0280767540943783
deep_cusp_mgga_3x16,fx,,1,2.050000,1.0636822701025122,1.027492575547279
deep_cusp_mgga_3x16,fx,,1,2.075000,1.0635402567205108,1.0269026033840367
deep_cusp_mgga_3x16,fx,,1,2.100000,1.063403386155126,1.0263070504525307
deep_cusp_mgga_3x16,fx,,1,2.125000,1.0632702930500517,1.0257061224035078
deep_cusp_mgga_3x16,fx,,1,2.150000,1.0631397988411377,1.025100018386322
deep_cusp_mgga_3x16,fx,,1,2.175000,1.0630108880530835,1.0244889316406927
deep_cusp_mgga_3x16,fx,,1,2.200000,1.062882687234934,1.0238730499948074
deep_cusp_mgga_3x16,fx,,1,2.225000,1.062754446358541,1.0232525562799633
deep_cusp_mgga_3x16,fx,,1,2.250000,1.0626255224806371,1.0226276286716498
deep_cusp_mgga_3x16,fx,,1,2.275000,1.0624953654595635,1.0219984409665455
deep_cusp_mgga_3x16,fx,,1,2.300000,1.062363505517963,1.0213651628043778
deep_cusp_mgga_3x16,fx,,1,2.325000,1.0622295424497248,1.0207279598429906
deep_cusp_mgga_3x16,fx,,1,2.350000,1.0620931362807982,1.0200869938942942
deep_cusp_mgga_3x16,fx,,1,2.375000,1.0619539992074032,1.019442423028072
deep_cusp_mgga_3x16,fx,,1,2.400000,1.0618118886503751,1.0187944016499157
deep_cusp_mgga_3x16,fx,,1,2.425000,1.061666601279964,1.0181430805588372
deep_cusp_mgga_3x16,fx,,1,2.450000,1.0615179678807514,1.0174886069894218
deep_cusp_mgga_3x16,fx,,1,2.475000,1.061365848941013,1.0168311246427255
deep_cusp_mgga_3x16,fx,,1,2.500000,1.0612101308645894,1.0161707737094865
deep_cusp_mgga_3x16,fx,,1,2.525000,1.0610507227159938,1.0155076908886551
deep_cusp_mgga_3x16,fx,,1,2.550000,1.0608875534209947,1.0148420094037067
deep_cusp_mgga_3x16,fx,,1,2.575000,1.0607205693553075,1.014173859018729
deep_cusp_mgga_3x16,fx,,1,2.600000,1.0605497322632664,1.0135033660558517
deep_cusp_mgga_3x16,fx,,1,2.625000,1.0603750174565854,1.0128306534152085
deep_cusp_mgga_3x16,fx,,1,2.650000,1.0601964122505176,1.012155840598302
deep_cusp_mgga_3x16,fx,,1,2.675000,1.060013914601068,1.0114790437353596
deep_cusp_mgga_3x16,fx,,1,2.700000,1.0598275319124104,1.0108003756170394
deep_cusp_mgga_3x16,fx,,1,2.725000,1.0596372799884324,1.0101199457306476
deep_cusp_mgga_3x16,fx,,1,2.750000,1.0594431821064436,1.0094378603008718
deep_cusp_mgga_3x16,fx,,1,2.775000,1.0592452681946085,1.0087542223349104
deep_cusp_mgga_3x16,fx,,1,2.800000,1.059043574097681,1.008069131671777
deep_cusp_mgga_3x16,fx,,1,2.825000,1.0588381409181742,1.0073826850354866
deep_cusp_mgga_3x16,fx,,1,2.850000,1.0586290144222767,1.0066949760917798
deep_cusp_mgga_3x16,fx,,1,2.875000,1.0584162445016347,1.0060060955080066
deep_cusp_mgga_3x16,fx,,1,2.900000,1.058199884683666,1.005316131015764
deep_cusp_mgga_3x16,fx,,1,2.925000,1.0579799916843347,1.004625167475888
deep_cusp_mgga_3x16,fx,,1,2.950000,1.0577566249983776,1.0039332869453925
deep_cusp_mgga_3x16,fx,,1,2.975000,1.0575298465228449,1.0032405687459562
deep_cusp_mgga_3x16,fx,,1,3.000000,1.057299720210523,1.0025470895335853
deep_cusp_mgga_3x16,fx,,1,3.025000,1.0570663117504044,1.001852923369092
deep_cusp_mgga_3x16,fx,,1,3.050000,1.056829688272824,1.0011581417890496
deep_cusp_mgga_3x16,fx,,1,3.075000,1.0565899180772684,1.0004628138769258
deep_cusp_mgga_3x16,fx,,1,3.100000,1.0563470703811597,0.9997670063341002
deep_cusp_mgga_3x16,fx,,1,3.125000,1.056101215088163,0.9990707835505201
deep_cusp_mgga_3x16,fx,,1,3.150000,1.055852422574746,0.9983742076747646
deep_cusp_mgga_3x16,fx,,1,3.175000,1.0556007634938651,0.9976773386833117
deep_cusp_mgga_3x16,fx,,1,3.200000,1.0553463085947776,0.9969802344488408
deep_cusp_mgga_3x16,fx,,1,3.225000,1.0550891285580544,0.996282950807408
deep_cusp_mgga_3x16,fx,,1,3.250000,1.054829293844942,0.9955855416243745
deep_cusp_mgga_3x16,fx,,1,3.275000,1.0545668745602796,0.9948880588589714
deep_cusp_mgga_3x16,fx,,1,3.300000,1.0543019403282088,0.9941905526274198
deep_cusp_mgga_3x16,fx,,1,3.325000,1.0540345601799554,0.9934930712645277
deep_cusp_mgga_3x16,fx,,1,3.350000,1.0537648024529895,0.9927956613837123
deep_cusp_mgga_3x16,fx,,1,3.375000,1.0534927347008867,0.9920983679354076
deep_cusp_mgga_3x16,fx,,1,3.400000,1.0532184236132438,0.9914012342638262
deep_cusp_mgga_3x16,fx,,1,3.425000,1.052941934945016,0.9907043021620617
deep_cusp_mgga_3x16,fx,,1,3.450000,1.052663333454669,0.9900076119255249
deep_cusp_mgga_3x16,fx,,1,3.475000,1.052382682850544,0.9893112024037166
deep_cusp_mgga_3x16,fx,,1,3.500000,1.0521000457448786,0.9886151110503455
deep_cusp_mgga_3x16,fx,,1,3.525000,1.0518154836149192,0.9879193739718123
deep_cusp_mgga_3x16,fx,,1,3.550000,1.0515290567706017,0.9872240259740784
deep_cusp_mgga_3x16,fx,,1,3.575000,1.0512408243282931,0.9865291006079477
deep_cusp_mgga_3x16,fx,,1,3.600000,1.0509508441901023,0.9858346302127938
deep_cusp_mgga_3x16,fx,,1,3.625000,1.0506591730283044,0.9851406459587677
deep_cusp_mgga_3x16,fx,,1,3.650000,1.050365866274433,0.9844471778875169
deep_cusp_mgga_3x16,fx,,1,3.675000,1.0500709781126283,0.9837542549514634
deep_cusp_mgga_3x16,fx,,1,3.700000,1.0497745614768434,0.9830619050516752
deep_cusp_mgga_3x16,fx,,1,3.725000,1.0494766680515433,0.9823701550743712
deep_cusp_mgga_3x16,fx,,1,3.750000,1.049177348275548,0.9816790309261079
deep_cusp_mgga_3x16,fx,,1,3.775000,1.0488766513486913,0.9809885575676817
deep_cusp_mgga_3x16,fx,,1,3.800000,1.0485746252409998,0.9802987590467975
deep_cusp_mgga_3x16,fx,,1,3.825000,1.048271316704104,0.979609658529538
deep_cusp_mgga_3x16,fx,,1,3.850000,1.0479667712846228,0.9789212783306785
deep_cusp_mgga_3x16,fx,,1,3.875000,1.0476610333392802,0.9782336399428906
deep_cusp_mgga_3x16,fx,,1,3.900000,1.0473541460515328,0.9775467640648684
deep_cusp_mgga_3x16,fx,,1,3.925000,1.0470461514494969,0.9768606706284232
deep_cusp_mgga_3x16,fx,,1,3.950000,1.046737090424997,0.9761753788245814
deep_cusp_mgga_3x16,fx,,1,3.975000,1.046427002753555,0.9754909071287219
deep_cusp_mgga_3x16,fx,,1,4.000000,1.0461159271151668,0.9748072733247942
deep_cusp_mgga_3x16,fx,,1,4.025000,1.0458039011157252,0.9741244945286455
deep_cusp_mgga_3x16,fx,,1,4.050000,1.045490961308955,0.9734425872104977
deep_cusp_mgga_3x16,fx,,1,4.075000,1.0451771432187464,0.9727615672166016
deep_cusp_mgga_3x16,fx,,1,4.100000,1.0448624813617797,0.9720814497901045
deep_cusp_mgga_3x16,fx,,1,4.125000,1.0445470092703446,0.9714022495911578
deep_cusp_mgga_3x16,fx,,1,4.150000,1.0442307595152704,0.970723980716298
deep_cusp_mgga_3x16,fx,,1,4.175000,1.0439137637288896,0.9700466567171261
deep_cusp_mgga_3x16,fx,,1,4.200000,1.0435960526279657,0.9693702906183164
deep_cusp_mgga_3x16,fx,,1,4.225000,1.0432776560365271,0.9686948949349768
deep_cusp_mgga_3x16,fx,,1,4.250000,1.0429586029085502,0.968020481689389
deep_cusp_mgga_3x16,fx,,1,4.275000,1.042638921350446,0.9673470624271521
deep_cusp_mgga_3x16,fx,,1,4.300000,1.0423186386433088,0.9666746482327526
deep_cusp_mgga_3x16,fx,,1,4.325000,1.0419977812648928,0.9660032497445823
deep_cusp_mgga_3x16,fx,,1,4.350000,1.0416763749112798,0.9653328771694288
deep_cusp_mgga_3x16,fx,,1,4.375000,1.0413544445182163,0.9646635402964531
deep_cusp_mgga_3x16,fx,,1,4.400000,1.0410320142820966,0.9639952485106825
deep_cusp_mgga_3x16,fx,,1,4.425000,1.0407091076805686,0.9633280108060285
deep_cusp_mgga_3x16,fx,,1,4.450000,1.0403857474927516,0.9626618357978549
deep_cusp_mgga_3x16,fx,,1,4.475000,1.0400619558190487,0.9619967317351112
deep_cusp_mgga_3x16,fx,,1,4.500000,1.0397377541005464,0.9613327065120458
deep_cusp_mgga_3x16,fx,,1,4.525000,1.0394131631379913,0.9606697676795186
deep_cusp_mgga_3x16,fx,,1,4.550000,1.0390882031103381,0.9600079224559257
deep_cusp_mgga_3x16,fx,,1,4.575000,1.0387628935928677,0.9593471777377519
deep_cusp_mgga_3x16,fx,,1,4.600000,1.0384372535748683,0.9586875401097654
deep_cusp_mgga_3x16,fx,,1,4.625000,1.0381113014768826,0.9580290158548668
deep_cusp_mgga_3x16,fx,,1,4.650000,1.0377850551675198,0.957371610963608
deep_cusp_mgga_3x16,fx,,1,4.675000,1.0374585319798362,0.9567153311433895
deep_cusp_mgga_3x16,fx,,1,4.700000,1.0371317487272824,0.9560601818273518
deep_cusp_mgga_3x16,fx,,1,4.725000,1.0368047217192273,0.9554061681829704
deep_cusp_mgga_3x16,fx,,1,4.750000,1.0364774667760583,0.9547532951203652
deep_cusp_mgga_3x16,fx,,1,4.775000,1.0361499992438654,0.9541015673003359
deep_cusp_mgga_3x16,fx,,1,4.800000,1.0358223340087143,0.9534509891421321
deep_cusp_mgga_3x16,fx,,1,4.825000,1.035494485510515,0.9528015648309692
deep_cusp_mgga_3x16,fx,,1,4.850000,1.0351664677564927,0.9521532983252985
deep_cusp_mgga_3x16,fx,,1,4.875000,1.0348382943342687,0.9515061933638401
deep_cusp_mgga_3x16,fx,,1,4.900000,1.0345099784245566,0.9508602534723888
deep_cusp_mgga_3x16,fx,,1,4.925000,1.034181532813486,0.9502154819703983
deep_cusp_mgga_3x16,fx,,1,4.950000,1.033852969904557,0.9495718819773558
deep_cusp_mgga_3x16,fx,,1,4.975000,1.033524301730236,0.9489294564189484
deep_cusp_mgga_3x16,fx,,1,5.000000,1.0331955399631998,0.9482882080330374
deep_cusp_mgga_3x16,fx,,1,5.025000,1.03286669592724,0.9476481393754367
deep_cusp_mgga_3x16,fx,,1,5.050000,1.03253778060783,0.9470092528255126
deep_cusp_mgga_3x16,fx,,1,5.075000,1.032208804662368,0.9463715505916034
deep_cusp_mgga_3x16,fx,,1,5.100000,1.0318797784301028,0.9457350347162685
deep_cusp_mgga_3x16,fx,,1,5.125000,1.0315507119417495,0.9450997070813746
deep_cusp_mgga_3x16,fx,,1,5.150000,1.0312216149288058,0.9444655694130195
deep_cusp_mgga_3x16,fx,,1,5.175000,1.0308924968325754,0.9438326232863062
deep_cusp_mgga_3x16,fx,,1,5.200000,1.0305633668129066,0.9432008701299636
deep_cusp_mgga_3x16,fx,,1,5.225000,1.0302342337566561,0.9425703112308289
deep_cusp_mgga_3x16,fx,,1,5.250000,1.0299051062858842,0.9419409477381878
deep_cusp_mgga_3x16,fx,,1,5.275000,1.0295759927657884,0.9413127806679837
deep_cusp_mgga_3x16,fx,,1,5.300000,1.0292469013123857,0.9406858109068954
deep_cusp_mgga_3x16,fx,,1,5.325000,1.0289178397999503,0.9400600392162917
deep_cusp_mgga_3x16,fx,,1,5.350000,1.0285888158682122,0.9394354662360648
deep_cusp_mgga_3x16,fx,,1,5.375000,1.028259836929326,0.9388120924883473
deep_cusp_mgga_3x16,fx,,1,5.400000,1.0279309101746172,0.9381899183811157
deep_cusp_mgga_3x16,fx,,1,5.425000,1.0276020425811114,0.9375689442116866
deep_cusp_mgga_3x16,fx,,1,5.450000,1.0272732409178533,0.9369491701701064
deep_cusp_mgga_3x16,fx,,1,5.475000,1.0269445117520264,0.9363305963424385
deep_cusp_mgga_3x16,fx,,1,5.500000,1.026615861454871,0.9357132227139547
deep_cusp_mgga_3x16,fx,,1,5.525000,1.0262872962074165,0.9350970491722284
deep_cusp_mgga_3x16,fx,,1,5.550000,1.0259588220060278,0.9344820755101365
deep_cusp_mgga_3x16,fx,,1,5.575000,1.025630444667775,0.9338683014287742
deep_cusp_mgga_3x16,fx,,1,5.600000,1.0253021698356284,0.9332557265402808
deep_cusp_mgga_3x16,fx,,1,5.625000,1.0249740029834906,0.9326443503705826
deep_cusp_mgga_3x16,fx,,1,5.650000,1.0246459494210662,0.9320341723620569
deep_cusp_mgga_3x16,fx,,1,5.675000,1.024318014298574,0.9314251918761152
deep_cusp_mgga_3x16,fx,,1,5.700000,1.023990202611312,0.9308174081957138
deep_cusp_mgga_3x16,fx,,1,5.725000,1.0236625192040736,0.930210820527787
deep_cusp_mgga_3x16,fx,,1,5.750000,1.0233349687754278,0.9296054280056135
deep_cusp_mgga_3x16,fx,,1,5.775000,1.0230075558818585,0.9290012296911111
deep_cusp_mgga_3x16,fx,,1,5.800000,1.0226802849417762,0.9283982245770669
deep_cusp_mgga_3x16,fx,,1,5.825000,1.0223531602394007,0.9277964115893016
deep_cusp_mgga_3x16,fx,,1,5.850000,1.0220261859285238,0.9271957895887724
deep_cusp_mgga_3x16,fx,,1,5.875000,1.0216993660361509,0.926596357373614
deep_cusp_mgga_3x16,fx,,1,5.900000,1.0213727044660288,0.9259981136811237
deep_cusp_mgga_3x16,fx,,1,5.925000,1.0210462050020672,0.9254010571896856
deep_cusp_mgga_3x16,fx,,1,5.950000,1.020719871311646,0.924805186520644
deep_cusp_mgga_3x16,fx,,1,5.975000,1.0203937069488263,0.924210500240121
deep_cusp_mgga_3x16,fx,,1,6.000000,1.020067715357458,0.9236169968607824
deep_cusp_mgga_3x16,fc,0.5,0,0.000000,0.3952416748212594,0.3313403504893755
deep_cusp_mgga_3x16,fc,0.5,0,0.025000,0.39525012236890056,0.3312976492408245
deep_cusp_mgga_3x16,fc,0.5,0,0.050000,0.39530832317731046,0.3311696771809543
deep_cusp_mgga_3x16,fc,0.5,0,0.075000,0.39546311892366415,0.3309568282142708
deep_cusp_mgga_3x16,fc,0.5,0,0.100000,0.3957571767757545,0.33065975502532446
deep_cusp_mgga_3x16,fc,0.5,0,0.125000,0.396227473813773,0.3302793634131942
deep_cusp_mgga_3x16,fc,0.5,0,0.150000,0.3969034636637232,0.3298168044955968
deep_cusp_mgga_3x16,fc,0.5,0,0.175000,0.3978050882872344,0.3292734649138565
deep_cusp_mgga_3x16,fc,0.5,0,0.200000,0.3989408148818361,0.32865095520110366
deep_cusp_mgga_3x16,fc,0.5,0,0.225000,0.4003058998254476,0.3279510965028174
deep_cusp_mgga_3x16,fc,0.5,0,0.250000,0.40188110451625203,0.32717590586055467
deep_cusp_mgga_3x16,fc,0.5,0,0.275000,0.40363210161959395,0.32632758028605496
deep_cusp_mgga_3x16,fc,0.5,0,0.300000,0.40550979866869086,0.3254084798636299
deep_cusp_mgga_3x16,fc,0.5,0,0.325000,0.4074517516526378,0.3244211101238694
deep_cusp_mgga_3x16,fc,0.5,0,0.350000,0.40938473307734546,0.32336810393137777
deep_cusp_mgga_3x16,fc,0.5,0,0.375000,0.411228361631232,0.32225220312386377
deep_cusp_mgga_3x16,fc,0.5,0,0.400000,0.41289952003731123,0.3210762401299165
deep_cusp_mgga_3x16,fc,0.5,0,0.425000,0.41431712807234433,0.31984311977881646
deep_cusp_mgga_3x16,fc,0.5,0,0.450000,0.41540674729397575,0.31855580149843327
deep_cusp_mgga_3x16,fc,0.5,0,0.475000,0.41610450481341266,0.3172172820773531
deep_cusp_mgga_3x16,fc,0.5,0,0.500000,0.4163599355609129,0.31583057914561896
deep_cusp_mgga_3x16,fc,0.5,0,0.525000,0.4161375226034334,0.31439871550553894
deep_cusp_mgga_3x16,fc,0.5,0,0.550000,0.41541691162316474,0.31292470442062886
deep_cusp_mgga_3x16,fc,0.5,0,0.575000,0.41419194178938024,0.3114115359474975
deep_cusp_mgga_3x16,fc,0.5,0,0.600000,0.41246874589370663,0.3098621643729093
deep_cusp_mgga_3x16,fc,0.5,0,0.625000,0.4102632270205827,0.30827949679682304
deep_cusp_mgga_3x16,fc,0.5,0,0.650000,0.4075982305605186,0.30666638288227216
deep_cusp_mgga_3x16,fc,0.5,0,0.675000,0.40450071320634295,0.3050256057748015
deep_cusp_mgga_3x16,fc,0.5,0,0.700000,0.4009991722827364,0.3033598741779992
deep_cusp_mgga_3x16,fc,0.5,0,0.725000,0.39712154147987566,0.3016718155575726
deep_cusp_mgga_3x16,fc,0.5,0,0.750000,0.3928936851974296,0.29996397043444967
deep_cusp_mgga_3x16,fc,0.5,0,0.775000,0.38833854038762405,0.2982387877175273
deep_cusp_mgga_3x16,fc,0.5,0,0.800000,0.38347587381316317,0.296498621018854
deep_cusp_mgga_3x16,fc,0.5,0,0.825000,0.3783225566317948,0.2947457258881186
deep_cusp_mgga_3x16,fc,0.5,0,0.850000,0.3728932160808156,0.29298225789916543
deep_cusp_mgga_3x16,fc,0.5,0,0.875000,0.36720110840261555,0.29121027151871076
deep_cusp_mgga_3x16,fc,0.5,0,0.900000,0.3612590647619417,0.2894317196863083
deep_cusp_mgga_3x16,fc,0.5,0,0.925000,0.35508038590146285,0.2876484540347219
deep_cusp_mgga_3x16,fc,0.5,0,0.950000,0.3486795939330197,0.28586222568102476
deep_cusp_mgga_3x16,fc,0.5,0,0.975000,0.3420729843228292,0.28407468652077544
deep_cusp_mgga_3x16,fc,0.5,0,1.000000,0.3352789531001529,0.2822873909603596
deep_cusp_mgga_3x16,fc,0.5,0,1.025000,0.32831810085141544,0.28050179802586334
deep_cusp_mgga_3x16,fc,0.5,0,1.050000,0.3212131349524514,0.2787192737905341
deep_cusp_mgga_3x16,fc,0.5,0,1.075000,0.31398860461352895,0.2769410940668413
deep_cusp_mgga_3x16,fc,0.5,0,1.100000,0.3066705102331575,0.2751684473132806
deep_cusp_mgga_3x16,fc,0.5,0,1.125000,0.2992858302667545,0.27340243771025846
deep_cusp_mgga_3x16,fc,0.5,0,1.150000,0.29186200652238936,0.27164408836358467
deep_cusp_mgga_3x16,fc,0.5,0,1.175000,0.2844264237584402,0.2698943445982087
deep_cusp_mgga_3x16,fc,0.5,0,1.200000,0.2770059128552892,0.26815407730881924
deep_cusp_mgga_3x16,fc,0.5,0,1.225000,0.26962629966103635,0.2664240863377366
deep_cusp_mgga_3x16,fc,0.5,0,1.250000,0.2623120146271072,0.26470510385413837
deep_cusp_mgga_3x16,fc,0.5,0,1.275000,0.25508577206090943,0.2629977977120472
deep_cusp_mgga_3x16,fc,0.5,0,1.300000,0.24796832251077872,0.26130277476765973
deep_cusp_mgga_3x16,fc,0.5,0,1.325000,0.2409782775649656,0.2596205841395056
deep_cusp_mgga_3x16,fc,0.5,0,1.350000,0.2341320031668861,0.2579517203975876
deep_cusp_mgga_3x16,fc,0.5,0,1.375000,0.22744357532240134,0.2562966266700757
deep_cusp_mgga_3x16,fc,0.5,0,1.400000,0.22092479066389759,0.2546556976583169
deep_cusp_mgga_3x16,fc,0.5,0,1.425000,0.21458522359334897,0.2530292825528789
deep_cusp_mgga_3x16,fc,0.5,0,1.450000,0.20843232151225233,0.2514176878450953
deep_cusp_mgga_3x16,fc,0.5,0,1.475000,0.20247152983507655,0.24982118003012163
deep_cusp_mgga_3x16,fc,0.5,0,1.500000,0.19670643896679363,0.24823998819886675
deep_cusp_mgga_3x16,fc,0.5,0,1.525000,0.1911389461132207,0.24667430651734645
deep_cusp_mgga_3x16,fc,0.5,0,1.550000,0.18576942560976295,0.24512429659302354
deep_cusp_mgga_3x16,fc,0.5,0,1.575000,0.1805969023376608,0.24359008972857565
deep_cusp_mgga_3x16,fc,0.5,0,1.600000,0.1756192236970201,0.24207178906427043
deep_cusp_mgga_3x16,fc,0.5,0,1.625000,0.17083322648340604,0.2405694716107513
deep_cusp_mgga_3x16,fc,0.5,0,1.650000,0.16623489584004647,0.23908319017454924
deep_cusp_mgga_3x16,fc,0.5,0,1.675000,0.16181951420977758,0.23761297517905672
deep_cusp_mgga_3x16,fc,0.5,0,1.700000,0.15758179887657853,0.2361588363840303
deep_cusp_mgga_3x16,fc,0.5,0,1.725000,0.153516027259337,0.2347207645069526
deep_cusp_mgga_3x16,fc,0.5,0,1.750000,0.14961614959919212,0.23329873274977247
deep_cusp_mgga_3x16,fc,0.5,0,1.775000,0.1458758890696764,0.23189269823468467
deep_cusp_mgga_3x16,fc,0.5,0,1.800000,0.14228882964220135,0.23050260335269374
deep_cusp_mgga_3x16,fc,0.5,0,1.825000,0.1388484922666895,0.22912837702875558
deep_cusp_mgga_3x16,fc,0.5,0,1.850000,0.13554840008794744,0.22776993590729927
deep_cusp_mgga_3x16,fc,0.5,0,1.875000,0.13238213352273764,0.22642718546190987
deep_cusp_mgga_3x16,fc,0.5,0,1.900000,0.12934337608032775,0.22510002103290963
deep_cusp_mgga_3x16,fc,0.5,0,1.925000,0.12642595182982863,0.22378832879650545
deep_cusp_mgga_3x16,fc,0.5,0,1.950000,0.12362385540927934,0.22249198666909004
deep_cusp_mgga_3x16,fc,0.5,0,1.975000,0.12093127544155713,0.22121086515018337
deep_cusp_mgga_3x16,fc,0.5,0,2.000000,0.11834261217705522,0.219944828107396
deep_cusp_mgga_3x16,fc,0.5,0,2.025000,0.11585249012787002,0.21869373350667778
deep_cusp_mgga_3x16,fc,0.5,0,2.050000,0.11345576639718125,0.21745743409099527
deep_cusp_mgga_3x16,fc,0.5,0,2.075000,0.1111475353438458,0.21623577801045382
deep_cusp_mgga_3x16,fc,0.5,0,2.100000,0.10892313015849409,0.21502860940675309
deep_cusp_mgga_3x16,fc,0.5,0,2.125000,0.10677812186539282,0.2138357689547368
deep_cusp_mgga_3x16,fc,0.5,0,2.150000,0.10470831620532772,0.2126570943636662
deep_cusp_mgga_3x16,fc,0.5,0,2.175000,0.10270974879955552,0.21149242084072278
deep_cusp_mgga_3x16,fc,0.5,0,2.200000,0.10077867894396553,0.2103415815191169
deep_cusp_mgga_3x16,fc,0.5,0,2.225000,0.09891158233618047,0.20920440785305966
deep_cusp_mgga_3x16,fc,0.5,0,2.250000,0.09710514299641348,0.20808072998173271
deep_cusp_mgga_3x16,fc,0.5,0,2.275000,0.09535624460536318,0.2069703770642767
deep_cusp_mgga_3x16,fc,0.5,0,2.300000,0.09366196144904348,0.20587317758770768
deep_cusp_mgga_3x16,fc,0.5,0,2.325000,0.09201954913092014,0.2047889596495595
deep_cusp_mgga_3x16,fc,0.5,0,2.350000,0.09042643518576121,0.20371755121695145
deep_cusp_mgga_3x16,fc,0.5,0,2.375000,0.08888020970686838,0.2026587803636763
deep_cusp_mgga_3x16,fc,0.5,0,2.400000,0.08737861607852604,0.20161247548681305
deep_cusp_mgga_3x16,fc,0.5,0,2.425000,0.08591954188826967,0.20057846550427505
deep_cusp_mgga_3x16,fc,0.5,0,2.450000,0.08450101007866662,0.19955658003462096
deep_cusp_mgga_3x16,fc,0.5,0,2.475000,0.083121170385422,0.1985466495603711
deep_cusp_mgga_3x16,fc,0.5,0,2.500000,0.08177829109756363,0.19754850557599712
deep_cusp_mgga_3x16,fc,0.5,0,2.525000,0.08047075116598257,0.19656198072167724
deep_cusp_mgga_3x16,fc,0.5,0,2.550000,0.07919703267852263,0.1955869089038409
deep_cusp_mgga_3x16,fc,0.5,0,2.575000,0.07795571371295984,0.19462312540346077
deep_cusp_mgga_3x16,fc,0.5,0,2.600000,0.07674546157342532,0.1936704669729871
deep_cusp_mgga_3x16,fc,0.5,0,2.625000,0.07556502641097418,0.19272877192276328
deep_cusp_mgga_3x16,fc,0.5,0,2.650000,0.07441323522498444,0.19179788019770336
deep_cusp_mgga_3x16,fc,0.5,0,2.675000,0.07328898623875091,0.19087763344496303
deep_cusp_mgga_3x16,fc,0.5,0,2.700000,0.07219124363996321,0.18996787507328558
deep_cusp_mgga_3x16,fc,0.5,0,2.725000,0.0711190326746115,0.18906845030465902
deep_cusp_mgga_3x16,fc,0.5,0,2.750000,0.07007143508120395,0.18817920621887696
deep_cusp_mgga_3x16,fc,0.5,0,2.775000,0.0690475848509241,0.18729999179155726
deep_cusp_mgga_3x16,fc,0.5,0,2.800000,0.06804666429846384,0.18643065792613206
deep_cusp_mgga_3x16,fc,0.5,0,2.825000,0.06706790042766941,0.1855710574802897
deep_cusp_mgga_3x16,fc,0.5,0,2.850000,0.06611056157582007,0.18472104528731484
deep_cusp_mgga_3x16,fc,0.5,0,2.875000,0.06517395432024276,0.1838804781727427
deep_cusp_mgga_3x16,fc,0.5,0,2.900000,0.06425742063105722,0.18304921496671248
deep_cusp_mgga_3x16,fc,0.5,0,2.925000,0.06336033525407903,0.1822271165123812
deep_cusp_mgga_3x16,fc,0.5,0,2.950000,0.062482103308277415,0.18141404567072983
deep_cusp_mgga_3x16,fc,0.5,0,2.975000,0.06162215808265825,0.180609867322074
deep_cusp_mgga_3x16,fc,0.5,0,3.000000,0.06077995901799027,0.17981444836456556
deep_cusp_mgga_3x16,fc,0.5,0,3.025000,0.059954989859418606,0.179027657709953
deep_cusp_mgga_3x16,fc,0.5,0,3.050000,0.059146756966660274,0.17824936627684973
deep_cusp_mgga_3x16,fc,0.5,0,3.075000,0.05835478776918057,0.17747944698173865
deep_cusp_mgga_3x16,fc,0.5,0,3.100000,0.057578629354454236,0.17671777472792738
deep_cusp_mgga_3x16,fc,0.5,0,3.125000,0.056817847178137204,0.17596422639265208
deep_cusp_mgga_3x16,fc,0.5,0,3.150000,0.05607202388569532,0.1752186808125115
deep_cusp_mgga_3x16,fc,0.5,0,3.175000,0.05534075823573725,0.17448101876740207
deep_cusp_mgga_3x16,fc,0.5,0,3.200000,0.05462366411599939,0.17375112296311035
deep_cusp_mgga_3x16,fc,0.5,0,3.225000,0.05392036964359659,0.17302887801270725
deep_cusp_mgga_3x16,fc,0.5,0,3.250000,0.053230516341800094,0.1723141704168793
deep_cusp_mgga_3x16,fc,0.5,0,3.275000,0.052553758386220784,0.17160688854331868
deep_cusp_mgga_3x16,fc,0.5,0,3.300000,0.05188976191386652,0.17090692260528872
deep_cusp_mgga_3x16,fc,0.5,0,3.325000,0.051238204389090325,0.17021416463946792
deep_cusp_mgga_3x16,fc,0.5,0,3.350000,0.05059877402097701,0.16952850848317152
deep_cusp_mgga_3x16,fc,0.5,0,3.375000,0.04997116922719591,0.16884984975103826
deep_cusp_mgga_3x16,fc,0.5,0,3.400000,0.04935509813981109,0.1681780858112667
deep_cusp_mgga_3x16,fc,0.5,0,3.425000,0.04875027814895461,0.1675131157614748
deep_cusp_mgga_3x16,fc,0.5,0,3.450000,0.0481564354806695,0.16685484040425386
deep_cusp_mgga_3x16,fc,0.5,0,3.475000,0.04757330480557842,0.1662031622224799
deep_cusp_mgga_3x16,fc,0.5,0,3.500000,0.04700062887537637,0.16555798535444163
deep_cusp_mgga_3x16,fc,0.5,0,3.525000,0.04643815818443664,0.16491921556883718
deep_cusp_mgga_3x16,fc,0.5,0,3.550000,0.04588565065410777,0.16428676023969127
deep_cusp_mgga_3x16,fc,0.5,0,3.575000,0.04534287133751902,0.16366052832123476
deep_cusp_mgga_3x16,fc,0.5,0,3.600000,0.04480959214294855,0.1630404303227895
deep_cusp_mgga_3x16,fc,0.5,0,3.625000,0.04428559157401113,0.16242637828369502
deep_cusp_mgga_3x16,fc,0.5,0,3.650000,0.04377065448510509,0.16181828574831011
deep_cusp_mgga_3x16,fc,0.5,0,3.675000,0.0432645718507344,0.16121606774112202
deep_cusp_mgga_3x16,fc,0.5,0,3.700000,0.042767140547461446,0.16061964074198865
deep_cusp_mgga_3x16,fc,0.5,0,3.725000,0.04227816314738919,0.16002892266154084
deep_cusp_mgga_3x16,fc,0.5,0,3.750000,0.041797447722186964,0.15944383281676652
deep_cusp_mgga_3x16,fc,0.5,0,3.775000,0.04132480765678326,0.1588642919067969
deep_cusp_mgga_3x16,fc,0.5,0,3.800000,0.04086006147194454,0.158290221988913
deep_cusp_mgga_3x16,fc,0.5,0,3.825000,0.0404030326550433,0.15772154645478986
deep_cusp_mgga_3x16,fc,0.5,0,3.850000,0.039953549498394136,0.15715819000699058
deep_cusp_mgga_3x16,fc,0.5,0,3.875000,0.03951144494460357,0.15660007863572586
deep_cusp_mgga_3x16,fc,0.5,0,3.900000,0.039076556438439214,0.1560471395958869
deep_cusp_mgga_3x16,fc,0.5,0,3.925000,0.038648725784773186,0.15549930138436474
deep_cusp_mgga_3x16,fc,0.5,0,3.950000,0.03822779901220419,0.15495649371766224
deep_cusp_mgga_3x16,fc,0.5,0,3.975000,0.037813626242001575,0.15441864750980674
deep_cusp_mgga_3x16,fc,0.5,0,4.000000,0.0374060615620484,0.15388569485056963
deep_cusp_mgga_3x16,fc,0.5,0,4.025000,0.03700496290549671,0.1533575689839974
deep_cusp_mgga_3x16,fc,0.5,0,4.050000,0.03661019193387127,0.15283420428725958
deep_cusp_mgga_3x16,fc,0.5,0,4.075000,0.03622161392438428,0.1523155362498149
deep_cusp_mgga_3x16,fc,0.5,0,4.100000,0.0358390976612456,0.15180150145290017
deep_cusp_mgga_3x16,fc,0.5,0,4.125000,0.035462515330770494,0.15129203754934262
deep_cusp_mgga_3x16,fc,0.5,0,4.150000,0.03509174242010327,0.15078708324369658
deep_cusp_mgga_3x16,fc,0.5,0,4.175000,0.03472665761939253,0.15028657827270658
deep_cusp_mgga_3x16,fc,0.5,0,4.200000,0.034367142727262934,0.149790463386094
deep_cusp_mgga_3x16,fc,0.5,0,4.225000,0.03401308255944069,0.14929868032767024
deep_cusp_mgga_3x16,fc,0.5,0,4.250000,0.03366436486040403,0.14881117181677259
deep_cusp_mgga_3x16,fc,0.5,0,4.275000,0.03332088021793178,0.14832788153002277
deep_cusp_mgga_3x16,fc,0.5,0,4.300000,0.03298252198043761,0.1478487540834059
deep_cusp_mgga_3x16,fc,0.5,0,4.325000,0.03264918617698043,0.14737373501466866
deep_cusp_mgga_3x16,fc,0.5,0,4.350000,0.03232077143985024,0.1469027707660326
deep_cusp_mgga_3x16,fc,0.5,0,4.375000,0.031997178929633274,0.1464358086672206
deep_cusp_mgga_3x16,fc,0.5,0,4.400000,0.03167831226266449,0.14597279691879567
deep_cusp_mgga_3x16,fc,0.5,0,4.425000,0.03136407744078318,0.14551368457580452
deep_cusp_mgga_3x16,fc,0.5,0,4.450000,0.031054382783307966,0.14505842153172646
deep_cusp_mgga_3x16,fc,0.5,0,4.475000,0.03074913886115449,0.14460695850272298
deep_cusp_mgga_3x16,fc,0.5,0,4.500000,0.030448258433020237,0.1441592470121828
deep_cusp_mgga_3x16,fc,0.5,0,4.525000,0.03015165638356554,0.14371523937556108
deep_cusp_mgga_3x16,fc,0.5,0,4.550000,0.02985924966352338,0.14327488868550697
deep_cusp_mgga_3x16,fc,0.5,0,4.575000,0.029570957231671025,0.14283814879727608
deep_cusp_mgga_3x16,fc,0.5,0,4.600000,0.029286699998602228,0.1424049743144244
deep_cusp_mgga_3x16,fc,0.5,0,4.625000,0.029006400772237706,0.1419753205747783
deep_cusp_mgga_3x16,fc,0.5,0,4.650000,0.028729984205019266,0.1415491436366775
deep_cusp_mgga_3x16,fc,0.5,0,4.675000,0.02845737674272686,0.14112640026548623
deep_cusp_mgga_3x16,fc,0.5,0,4.700000,0.0281885065748696,0.1407070479203679
deep_cusp_mgga_3x16,fc,0.5,0,4.725000,0.02792330358659545,0.14029104474132023
deep_cusp_mgga_3x16,fc,0.5,0,4.750000,0.027661699312071963,0.1398783495364646
deep_cusp_mgga_3x16,fc,0.5,0,4.775000,0.027403626889287325,0.13946892176958758
deep_cusp_mgga_3x16,fc,0.5,0,4.800000,0.02714902101622796,0.13906272154792787
deep_cusp_mgga_3x16,fc,0.5,0,4.825000,0.026897817908385857,0.1386597096102065
deep_cusp_mgga_3x16,fc,0.5,0,4.850000,0.026649955257552982,0.13825984731489438
deep_cusp_mgga_3x16,fc,0.5,0,4.875000,0.026405372191860343,0.13786309662871396
deep_cusp_mgga_3x16,fc,0.5,0,4.900000,0.026164009237023222,0.13746942011536997
deep_cusp_mgga_3x16,fc,0.5,0,4.925000,0.02592580827875013,0.13707878092450526
deep_cusp_mgga_3x16,fc,0.5,0,4.950000,0.02569071252628108,0.13669114278087835
deep_cusp_mgga_3x16,fc,0.5,0,4.975000,0.025458666477016667,0.13630646997375656
deep_cusp_mgga_3x16,fc,0.5,0,5.000000,0.02522961588220396,0.1359247273465229
deep_cusp_mgga_3x16,fc,0.5,0,5.025000,0.025003507713644124,0.13554588028649092
deep_cusp_mgga_3x16,fc,0.5,0,5.050000,0.024780290131389826,0.13516989471492433
deep_cusp_mgga_3x16,fc,0.5,0,5.075000,0.02455991245240019,0.13479673707725684
deep_cusp_mgga_3x16,fc,0.5,0,5.100000,0.024342325120122466,0.13442637433350926
deep_cusp_mgga_3x16,fc,0.5,0,5.125000,0.02412747967497131,0.13405877394889873
deep_cusp_mgga_3x16,fc,0.5,0,5.150000,0.023915328725676144,0.1336939038846367
deep_cusp_mgga_3x16,fc,0.5,0,5.175000,0.02370582592147019,0.1333317325889129
deep_cusp_mgga_3x16,fc,0.5,0,5.200000,0.023498925925092395,0.1329722289880596
deep_cusp_mgga_3x16,fc,0.5,0,5.225000,0.02329458438657872,0.1326153624778942
deep_cusp_mgga_3x16,fc,0.5,0,5.250000,0.023092757917816287,0.1322611029152361
deep_cusp_mgga_3x16,fc,0.5,0,5.275000,0.022893404067835577,0.13190942060959335
deep_cusp_mgga_3x16,fc,0.5,0,5.300000,0.02269648129882007,0.13156028631501718
deep_cusp_mgga_3x16,fc,0.5,0,5.325000,0.022501948962806884,0.13121367122211955
deep_cusp_mgga_3x16,fc,0.5,0,5.350000,0.022309767279059756,0.1308695469502513
deep_cusp_mgga_3x16,fc,0.5,0,5.375000,0.02211989731209285,0.13052788553983724
deep_cusp_mgga_3x16,fc,0.5,0,5.400000,0.021932300950321726,0.13018865944486457
deep_cusp_mgga_3x16,fc,0.5,0,5.425000,0.021746940885326804,0.12985184152552212
deep_cusp_mgga_3x16,fc,0.5,0,5.450000,0.021563780591706494,0.12951740504098702
deep_cusp_mgga_3x16,fc,0.5,0,5.475000,0.02138278430750251,0.129185323642355
deep_cusp_mgga_3x16,fc,0.5,0,5.500000,0.02120391701518054,0.12885557136571307
deep_cusp_mgga_3x16,fc,0.5,0,5.525000,0.021027144423147792,0.128528122625349
deep_cusp_mgga_3x16,fc,0.5,0,5.550000,0.020852432947791488,0.12820295220709765
deep_cusp_mgga_3x16,fc,0.5,0,5.575000,0.020679749696021266,0.12788003526181874
deep_cusp_mgga_3x16,fc,0.5,0,5.600000,0.02050906244830164,0.1275593472990049
deep_cusp_mgga_3x16,fc,0.5,0,5.625000,0.02034033964215798,0.1272408641805166
deep_cusp_mgga_3x16,fc,0.5,0,5.650000,0.020173550356141212,0.12692456211444123
deep_cusp_mgga_3x16,fc,0.5,0,5.675000,0.020008664294238865,0.12661041764907438
deep_cusp_mgga_3x16,fc,0.5,0,5.700000,0.019845651770717176,0.12629840766701914
deep_cusp_mgga_3x16,fc,0.5,0,5.725000,0.01968448369538156,0.12598850937940373
deep_cusp_mgga_3x16,fc,0.5,0,5.750000,0.019525131559243403,0.125680700320211
deep_cusp_mgga_3x16,fc,0.5,0,5.775000,0.01936756742057988,0.1253749583407219
deep_cusp_mgga_3x16,fc,0.5,0,5.800000,0.019211763891375355,0.12507126160406637
deep_cusp_mgga_3x16,fc,0.5,0,5.825000,0.019057694124132607,0.12476958857988306
deep_cusp_mgga_3x16,fc,0.5,0,5.850000,0.01890533179904308,0.1244699180390814
deep_cusp_mgga_3x16,fc,0.5,0,5.875000,0.018754651111505205,0.12417222904870914
deep_cusp_mgga_3x16,fc,0.5,0,5.900000,0.0186056267599799,0.12387650096691742
deep_cusp_mgga_3x16,fc,0.5,0,5.925000,0.018458233934174118,0.12358271343802625
deep_cusp_mgga_3x16,fc,0.5,0,5.950000,0.018312448303541617,0.1232908463876843
deep_cusp_mgga_3x16,fc,0.5,0,5.975000,0.018168246006092015,0.12300088001812445
deep_cusp_mgga_3x16,fc,0.5,0,6.000000,0.018025603637499277,0.12271279480351016
deep_cusp_mgga_3x16,fc,2,0,0.000000,0.21162445252421191,0.4637124935893196
deep_cusp_mgga_3x16,fc,2,0,0.025000,0.21162369181342167,0.46365797510614426
deep_cusp_mgga_3x16,fc,2,0,0.050000,0.21161846085480074,0.46349457828501833
deep_cusp_mgga_3x16,fc,2,0,0.075000,0.21160463425549358,0.46322277769074155
deep_cusp_mgga_3x16,fc,2,0,0.100000,0.2115787165431,0.4628433598850073
deep_cusp_mgga_3x16,fc,2,0,0.125000,0.2115382302369262,0.4623574169322783
deep_cusp_mgga_3x16,fc,2,0,0.150000,0.21148217696893012,0.4617663374565877
deep_cusp_mgga_3x16,fc,2,0,0.175000,0.21141151514153855,0.4610717953930279
deep_cusp_mgga_3x16,fc,2,0,0.200000,0.2113295932958702,0.46027573661210736
deep_cusp_mgga_3x16,fc,2,0,0.225000,0.21124247843007737,0.4593803636249541
deep_cusp_mgga_3x16,fc,2,0,0.250000,0.21115912438089035,0.458388118601862
deep_cusp_mgga_3x16,fc,2,0,0.275000,0.21109133774182087,0.45730166495548114
deep_cusp_mgga_3x16,fc,2,0,0.300000,0.21105351744478473,0.45612386775278785
deep_cusp_mgga_3x16,fc,2,0,0.325000,0.211062167997209,0.45485777322679916
deep_cusp_mgga_3x16,fc,2,0,0.350000,0.21113521357478793,0.45350658765997187
deep_cusp_mgga_3x16,fc,2,0,0.375000,0.21129116823365734,0.45207365590667414
deep_cusp_mgga_3x16,fc,2,0,0.400000,0.2115482434928131,0.4505624398125133
deep_cusp_mgga_3x16,fc,2,0,0.425000,0.211923495183855,0.44897649677425233
deep_cusp_mgga_3x16,fc,2,0,0.450000,0.21243212320832272,0.4473194586662224
deep_cusp_mgga_3x16,fc,2,0,0.475000,0.21308703684311436,0.4455950113382937
deep_cusp_mgga_3x16,fc,2,0,0.500000,0.21389878053906664,0.4438068748673543
deep_cusp_mgga_3x16,fc,2,0,0.525000,0.21487587722053403,0.44195878471962796
deep_cusp_mgga_3x16,fc,2,0,0.550000,0.2160255858151512,0.44005447395576214
deep_cusp_mgga_3x16,fc,2,0,0.575000,0.2173549880181096,0.43809765658510047
deep_cusp_mgga_3x16,fc,2,0,0.600000,0.21887222175978094,0.43609201215052357
deep_cusp_mgga_3x16,fc,2,0,0.625000,0.22058757719619382,0.4340411716012089
deep_cusp_mgga_3x16,fc,2,0,0.650000,0.22251408317627985,0.431948704488058
deep_cusp_mgga_3x16,fc,2,0,0.675000,0.22466716059622005,0.42981810749569455
deep_cusp_mgga_3x16,fc,2,0,0.700000,0.22706292788493532,0.4276527943060994
deep_cusp_mgga_3x16,fc,2,0,0.725000,0.22971483486806898,0.4254560867722806
deep_cusp_mgga_3x16,fc,2,0,0.750000,0.23262849065393798,0.42323120736595304
deep_cusp_mgga_3x16,fc,2,0,0.775000,0.23579484692250652,0.42098127285104386
deep_cusp_mgga_3x16,fc,2,0,0.800000,0.23918229558587667,0.4187092891248944
deep_cusp_mgga_3x16,fc,2,0,0.825000,0.2427287127932941,0.4164181471612089
deep_cusp_mgga_3x16,fc,2,0,0.850000,0.2463349642027327,0.41411061998296744
deep_cusp_mgga_3x16,fc,2,0,0.875000,0.24986175566658808,0.41178936058951576
deep_cusp_mgga_3x16,fc,2,0,0.900000,0.25313178412882054,0.40945690075969354
deep_cusp_mgga_3x16,fc,2,0,0.925000,0.2559387092980411,0.40711565065196964
deep_cusp_mgga_3x16,fc,2,0,0.950000,0.25806339720742955,0.4047678991229293
deep_cusp_mgga_3x16,fc,2,0,0.975000,0.25929625733271633,0.40241581468690557
deep_cusp_mgga_3x16,fc,2,0,1.000000,0.2594626706252201,0.40006144704189445
deep_cusp_mgga_3x16,fc,2,0,1.025000,0.2584470874556508,0.39770672908995053
deep_cusp_mgga_3x16,fc,2,0,1.050000,0.25621097544369653,0.3953534793838818
deep_cusp_mgga_3x16,fc,2,0,1.075000,0.25280074081161963,0.3930034049360875
deep_cusp_mgga_3x16,fc,2,0,1.100000,0.24834385948341842,0.3906581043297023
deep_cusp_mgga_3x16,fc,2,0,1.125000,0.2430340938420985,0.3883190710766848
deep_cusp_mgga_3x16,fc,2,0,1.150000,0.23710899267998653,0.3859876971720425
deep_cusp_mgga_3x16,fc,2,0,1.175000,0.23082418442799635,0.3836652767979275
deep_cusp_mgga_3x16,fc,2,0,1.200000,0.22442900376325903,0.38135301013579076
deep_cusp_mgga_3x16,fc,2,0,1.225000,0.21814693467788082,0.3790520072491119
deep_cusp_mgga_3x16,fc,2,0,1.250000,0.21216271933039654,0.3767632920033665
deep_cusp_mgga_3x16,fc,2,0,1.275000,0.20661634400267048,0.3744878059938269
deep_cusp_mgga_3x16,fc,2,0,1.300000,0.20160288929183878,0.3722264124554973
deep_cusp_mgga_3x16,fc,2,0,1.325000,0.1971765895010602,0.36997990013293486
deep_cusp_mgga_3x16,fc,2,0,1.350000,0.1933573343504278,0.367748987090909
deep_cusp_mgga_3x16,fc,2,0,1.375000,0.19013809218629807,0.3655343244497885
deep_cusp_mgga_3x16,fc,2,0,1.400000,0.18749214614998932,0.36333650003222684
deep_cusp_mgga_3x16,fc,2,0,1.425000,0.1853794654784492,0.36115604191015194
deep_cusp_mgga_3x16,fc,2,0,1.450000,0.18375189817987936,0.35899342184325267
deep_cusp_mgga_3x16,fc,2,0,1.475000,0.18255713636924786,0.35684905860211963
deep_cusp_mgga_3x16,fc,2,0,1.500000,0.1817415720258685,0.35472332117093486
deep_cusp_mgga_3x16,fc,2,0,1.525000,0.18125224493470782,0.3526165318261523
deep_cusp_mgga_3x16,fc,2,0,1.550000,0.18103810718549274,0.35052896908895104
deep_cusp_mgga_3x16,fc,2,0,1.575000,0.18105081073931695,0.3484608705504263
deep_cusp_mgga_3x16,fc,2,0,1.600000,0.18124518465793482,0.34641243556949486
deep_cusp_mgga_3x16,fc,2,0,1.625000,0.18157952138664646,0.34438382784435767
deep_cusp_mgga_3x16,fc,2,0,1.650000,0.18201574742491666,0.3423751778591022
deep_cusp_mgga_3x16,fc,2,0,1.675000,0.18251951882923945,0.34038658520764153
deep_cusp_mgga_3x16,fc,2,0,1.700000,0.1830602584093004,0.3384181207976971
deep_cusp_mgga_3x16,fc,2,0,1.725000,0.18361113848624755,0.3364698289379469
deep_cusp_mgga_3x16,fc,2,0,1.750000,0.18414900832220693,0.3345417293117887
deep_cusp_mgga_3x16,fc,2,0,1.775000,0.18465426589068623,0.33263381884142695
deep_cusp_mgga_3x16,fc,2,0,1.800000,0.1851106768513796,0.3307460734461768
deep_cusp_mgga_3x16,fc,2,0,1.825000,0.18550514737911772,0.32887844969901675
deep_cusp_mgga_3x16,fc,2,0,1.850000,0.18582746059751043,0.32703088638550154
deep_cusp_mgga_3x16,fc,2,0,1.875000,0.18606998818587628,0.32520330596918856
deep_cusp_mgga_3x16,fc,2,0,1.900000,0.18622738916758164,0.323395615967739
deep_cusp_mgga_3x16,fc,2,0,1.925000,0.18629630715860923,0.32160771024382623
deep_cusp_mgga_3x16,fc,2,0,1.950000,0.1862750758049997,0.3198394702149331
deep_cusp_mgga_3x16,fc,2,0,1.975000,0.18616344013435004,0.3180907659860507
deep_cusp_mgga_3x16,fc,2,0,2.000000,0.18596229940688758,0.31636145740919613
deep_cusp_mgga_3x16,fc,2,0,2.025000,0.18567347501144182,0.31465139507356843
deep_cusp_mgga_3x16,fc,2,0,2.050000,0.18529950516113192,0.3129604212300418
deep_cusp_mgga_3x16,fc,2,0,2.075000,0.18484346667873808,0.3112883706535782
deep_cusp_mgga_3x16,fc,2,0,2.100000,0.18430882304187912,0.3096350714470056
deep_cusp_mgga_3x16,fc,2,0,2.125000,0.18369929706439625,0.30800034578948027
deep_cusp_mgga_3x16,fc,2,0,2.150000,0.18301876608169743,0.30638401063281323
deep_cusp_mgga_3x16,fc,2,0,2.175000,0.18227117723322261,0.30478587834870396
deep_cusp_mgga_3x16,fc,2,0,2.200000,0.1814604803423162,0.30320575732978744
deep_cusp_mgga_3x16,fc,2,0,2.225000,0.18059057593416217,0.301643452547268
deep_cusp_mgga_3x16,fc,2,0,2.250000,0.1796652760643337,0.3000987660677743
deep_cusp_mgga_3x16,fc,2,0,2.275000,0.1786882758198337,0.29857149753194373
deep_cusp_mgga_3x16,fc,2,0,2.300000,0.1776631335748161,0.29706144459711337
deep_cusp_mgga_3x16,fc,2,0,2.325000,0.17659325831479267,0.2955684033463727
deep_cusp_mgga_3x16,fc,2,0,2.350000,0.17548190257219365,0.29409216866611015
deep_cusp_mgga_3x16,fc,2,0,2.375000,0.17433215973340432,0.2926325345940717
deep_cusp_mgga_3x16,fc,2,0,2.400000,0.173146964677247,0.29118929463983667
deep_cusp_mgga_3x16,fc,2,0,2.425000,0.17192909688435443,0.2897622420795101
deep_cusp_mgga_3x16,fc,2,0,2.450000,0.17068118531497434,0.28835117022632417
deep_cusp_mgga_3x16,fc,2,0,2.475000,0.1694057144897413,0.2869558726787487
deep_cusp_mgga_3x16,fc,2,0,2.500000,0.16810503132496335,0.28557614354761207
deep_cusp_mgga_3x16,fc,2,0,2.525000,0.16678135237267666,0.2842117776636468
deep_cusp_mgga_3x16,fc,2,0,2.550000,0.16543677119791123,0.28286257076678956
deep_cusp_mgga_3x16,fc,2,0,2.575000,0.16407326569334446,0.2815283196784822
deep_cusp_mgga_3x16,fc,2,0,2.600000,0.16269270518660484,0.2802088224581476
deep_cusp_mgga_3x16,fc,2,0,2.625000,0.16129685723979914,0.278903878544938
deep_cusp_mgga_3x16,fc,2,0,2.650000,0.15988739407598795,0.2776132888857885
deep_cusp_mgga_3x16,fc,2,0,2.675000,0.1584658985948032,0.27633685605074015
deep_cusp_mgga_3x16,fc,2,0,2.700000,0.15703386996051694,0.2750743843364387
deep_cusp_mgga_3x16,fc,2,0,2.725000,0.1555927287617237,0.27382567985865647
deep_cusp_mgga_3x16,fc,2,0,2.750000,0.1541438217534068,0.27259055063462984
deep_cusp_mgga_3x16,fc,2,0,2.775000,0.15268842620032752,0.2713688066559538
deep_cusp_mgga_3x16,fc,2,0,2.800000,0.1512277538461082,0.2701602599527297
deep_cusp_mgga_3x16,fc,2,0,2.825000,0.1497629545356649,0.2689647246496099
deep_cusp_mgga_3x16,fc,2,0,2.850000,0.14829511952028085,0.26778201701435067
deep_cusp_mgga_3x16,fc,2,0,2.875000,0.14682528447496457,0.2666119554994342
deep_cusp_mgga_3x16,fc,2,0,2.900000,0.1453544322571857,0.2654543607772907
deep_cusp_mgga_3x16,fc,2,0,2.925000,0.1438834954348327,0.26430905576961355
deep_cusp_mgga_3x16,fc,2,0,2.950000,0.1424133586095564,0.26317586567122503
deep_cusp_mgga_3x16,fc,2,0,2.975000,0.14094486055968392,0.2620546179689243
deep_cusp_mgga_3x16,fc,2,0,3.000000,0.13947879622474313,0.260945142455715
deep_cusp_mgga_3x16,fc,2,0,3.025000,0.13801591855146422,0.2598472712407876
deep_cusp_mgga_3x16,fc,2,0,3.050000,0.1365569402189356,0.2587608387556007
deep_cusp_mgga_3x16,fc,2,0,3.075000,0.13510253525850913,0.25768568175638656
deep_cusp_mgga_3x16,fc,2,0,3.100000,0.13365334058205847,0.2566216393233812
deep_cusp_mgga_3x16,fc,2,0,3.125000,0.13220995743036057,0.2555685528570589
deep_cusp_mgga_3x16,fc,2,0,3.150000,0.13077295275167555,0.2545262660716307
deep_cusp_mgga_3x16,fc,2,0,3.175000,0.1293428605190805,0.2534946249860516
deep_cusp_mgga_3x16,fc,2,0,3.200000,0.12792018299374974,0.2524734779127581
deep_cusp_mgga_3x16,fc,2,0,3.225000,0.12650539194017174,0.251462675444348
deep_cusp_mgga_3x16,fc,2,0,3.250000,0.1250989297982441,0.250462070438396
deep_cusp_mgga_3x16,fc,2,0,3.275000,0.12370121081627972,0.24947151800058348
deep_cusp_mgga_3x16,fc,2,0,3.300000,0.12231262214818528,0.24849087546631324
deep_cusp_mgga_3x16,fc,2,0,3.325000,0.12093352491741671,0.247520002380961
deep_cusp_mgga_3x16,fc,2,0,3.350000,0.1195642552497741,0.2465587604789098
deep_cusp_mgga_3x16,fc,2,0,3.375000,0.11820512527664229,0.24560701366149937
deep_cusp_mgga_3x16,fc,2,0,3.400000,0.11685642410993002,0.244664627974014
deep_cusp_mgga_3x16,fc,2,0,3.425000,0.11551841878965763,0.2437314715818238
deep_cusp_mgga_3x16,fc,2,0,3.450000,0.11419135520492774,0.24280741474578352
deep_cusp_mgga_3x16,fc,2,0,3.475000,0.112875458988829,0.24189232979698927
deep_cusp_mgga_3x16,fc,2,0,3.500000,0.11157093638770887,0.24098609111097882
deep_cusp_mgga_3x16,fc,2,0,3.525000,0.11027797510514648,0.24008857508146478
deep_cusp_mgga_3x16,fc,2,0,3.550000,0.10899674512091084,0.23919966009367097
deep_cusp_mgga_3x16,fc,2,0,3.575000,0.10772739948514931,0.23831922649734727
deep_cusp_mgga_3x16,fc,2,0,3.600000,0.10647007508803641,0.23744715657952747
deep_cusp_mgga_3x16,fc,2,0,3.625000,0.10522489340511498,0.23658333453708694
deep_cusp_mgga_3x16,fc,2,0,3.650000,0.10399196121857646,0.23572764644915917
deep_cusp_mgga_3x16,fc,2,0,3.675000,0.10277137131473957,0.23487998024945925
deep_cusp_mgga_3x16,fc,2,0,3.700000,0.10156320315802014,0.23404022569856114
deep_cusp_mgga_3x16,fc,2,0,3.725000,0.10036752354170697,0.23320827435617125
deep_cusp_mgga_3x16,fc,2,0,3.750000,0.09918438721589118,0.2323840195534376
deep_cusp_mgga_3x16,fc,2,0,3.775000,0.09801383749292603,0.23156735636532824
deep_cusp_mgga_3x16,fc,2,0,3.800000,0.09685590683082212,0.2307581815831134
deep_cusp_mgga_3x16,fc,2,0,3.825000,0.09571061739500886,0.2299563936869787
deep_cusp_mgga_3x16,fc,2,0,3.850000,0.09457798159892039,0.22916189281879717
deep_cusp_mgga_3x16,fc,2,0,3.875000,0.09345800262388027,0.22837458075508446
deep_cusp_mgga_3x16,fc,2,0,3.900000,0.09235067491878612,0.22759436088015705
deep_cusp_mgga_3x16,fc,2,0,3.925000,0.09125598468009954,0.22682113815951563
deep_cusp_mgga_3x16,fc,2,0,3.950000,0.09017391031266919,0.22605481911346947
deep_cusp_mgga_3x16,fc,2,0,3.975000,0.08910442287191889,0.22529531179101767
deep_cusp_mgga_3x16,fc,2,0,4.000000,0.08804748648793781,0.22454252574400185
deep_cusp_mgga_3x16,fc,2,0,4.025000,0.0870030587720182,0.22379637200154323
deep_cusp_mgga_3x16,fc,2,0,4.050000,0.0859710912061813,0.22305676304477295
deep_cusp_mgga_3x16,fc,2,0,4.075000,0.0849515295162353,0.2223236127818666
deep_cusp_mgga_3x16,fc,2,0,4.100000,0.08394431402890423,0.22159683652339265
deep_cusp_mgga_3x16,fc,2,0,4.125000,0.08294938001356134,0.2208763509579786
deep_cusp_mgga_3x16,fc,2,0,4.150000,0.0819666580090922,0.22016207412830358
deep_cusp_mgga_3x16,fc,2,0,4.175000,0.08099607413640952,0.21945392540742137
deep_cusp_mgga_3x16,fc,2,0,4.200000,0.08003755039712701,0.2187518254754187
deep_cusp_mgga_3x16,fc,2,0,4.225000,0.07909100495889021,0.2180556962964114
deep_cusp_mgga_3x16,fc,2,0,4.250000,0.07815635242785712,0.21736546109588067
deep_cusp_mgga_3x16,fc,2,0,4.275000,0.07723350410879937,0.2166810443383531
deep_cusp_mgga_3x16,fc,2,0,4.300000,0.07632236825329064,0.21600237170542338
deep_cusp_mgga_3x16,fc,2,0,4.325000,0.07542285029643558,0.2153293700741224
deep_cusp_mgga_3x16,fc,2,0,4.350000,0.07453485308257413,0.21466196749562855
deep_cusp_mgga_3x16,fc,2,0,4.375000,0.0736582770803893,0.21400009317432347
deep_cusp_mgga_3x16,fc,2,0,4.400000,0.07279302058783188,0.21334367744719182
deep_cusp_mgga_3x16,fc,2,0,4.425000,0.0719389799272574,0.212692651763561
deep_cusp_mgga_3x16,fc,2,0,4.450000,0.07109604963116867,0.2120469486651822
deep_cusp_mgga_3x16,fc,2,0,4.475000,0.07026412261893122,0.211406501766649
deep_cusp_mgga_3x16,fc,2,0,4.500000,0.06944309036482743,0.21077124573615202
deep_cusp_mgga_3x16,fc,2,0,4.525000,0.06863284305779604,0.21014111627656573
deep_cusp_mgga_3x16,fc,2,0,4.550000,0.06783326975319437,0.20951605010686644
deep_cusp_mgga_3x16,fc,2,0,4.575000,0.06704425851690865,0.20889598494387676
deep_cusp_mgga_3x16,fc,2,0,4.600000,0.06626569656212544,0.20828085948433367
deep_cusp_mgga_3x16,fc,2,0,4.625000,0.06549747037906528,0.2076706133872779
deep_cusp_mgga_3x16,fc,2,0,4.650000,0.0647394658579713,0.2070651872567583
deep_cusp_mgga_3x16,fc,2,0,4.675000,0.06399156840563314,0.20646452262485057
deep_cusp_mgga_3x16,fc,2,0,4.700000,0.06325366305571412,0.20586856193498426
deep_cusp_mgga_3x16,fc,2,0,4.725000,0.06252563457314553,0.20527724852557444
deep_cusp_mgga_3x16,fc,2,0,4.750000,0.06180736755283456,0.20469052661395523
deep_cusp_mgga_3x16,fc,2,0,4.775000,0.061098746512931235,0.20410834128060876
deep_cusp_mgga_3x16,fc,2,0,4.800000,0.060399655982882994,0.20353063845368755
deep_cusp_mgga_3x16,fc,2,0,4.825000,0.059709980586502676,0.2029573648938246
deep_cusp_mgga_3x16,fc,2,0,4.850000,0.05902960512026212,0.20238846817922718
deep_cusp_mgga_3x16,fc,2,0,4.875000,0.058358414627022626,0.20182389669105044
deep_cusp_mgga_3x16,fc,2,0,4.900000,0.05769629446539726,0.2012635995990459
deep_cusp_mgga_3x16,fc,2,0,4.925000,0.05704313037493702,0.2007075268474808
deep_cusp_mgga_3x16,fc,2,0,4.950000,0.056398808537327816,0.20015562914132293
deep_cusp_mgga_3x16,fc,2,0,4.975000,0.055763215633770846,0.19960785793268823
deep_cusp_mgga_3x16,fc,2,0,5.000000,0.0551362388987201,0.1990641654075457
deep_cusp_mgga_3x16,fc,2,0,5.025000,0.054517766170138815,0.19852450447267503
deep_cusp_mgga_3x16,fc,2,0,5.050000,0.053907685936433025,0.19798882874287285
deep_cusp_mgga_3x16,fc,2,0,5.075000,0.053305887380211026,0.19745709252840385
deep_cusp_mgga_3x16,fc,2,0,5.100000,0.052712260419018886,0.19692925082269164
deep_cusp_mgga_3x16,fc,2,0,5.125000,0.05212669574318496,0.196405259290245
deep_cusp_mgga_3x16,fc,2,0,5.150000,0.05154908485091314,0.19588507425481655
deep_cusp_mgga_3x16,fc,2,0,5.175000,0.0509793200807509,0.19536865268778786
deep_cusp_mgga_3x16,fc,2,0,5.200000,0.050417294641554644,0.1948559521967777
deep_cusp_mgga_3x16,fc,2,0,5.225000,0.0498629026400742,0.19434693101446987
deep_cusp_mgga_3x16,fc,2,0,5.250000,0.04931603910626814,0.19384154798765593
deep_cusp_mgga_3x16,fc,2,0,5.275000,0.04877660001645978,0.19333976256648758
deep_cusp_mgga_3x16,fc,2,0,5.300000,0.0482444823144389,0.1928415347939379
deep_cusp_mgga_3x16,fc,2,0,5.325000,0.04771958393060982,0.1923468252954638
deep_cusp_mgga_3x16,fc,2,0,5.350000,0.047201803799282516,0.19185559526886803
deep_cusp_mgga_3x16,fc,2,0,5.375000,0.04669104187419981,0.19136780647435758
deep_cusp_mgga_3x16,fc,2,0,5.400000,0.046187199142389224,0.1908834212247919
deep_cusp_mgga_3x16,fc,2,0,5.425000,0.0456901776364228,0.1904024023761197
deep_cusp_mgga_3x16,fc,2,0,5.450000,0.045199880445171314,0.18992471331800037
deep_cusp_mgga_3x16,fc,2,0,5.475000,0.04471621172312468,0.1894503179646045
deep_cusp_mgga_3x16,fc,2,0,5.500000,0.04423907669835969,0.18897918074559295
deep_cusp_mgga_3x16,fc,2,0,5.525000,0.0437683816792227,0.18851126659726813
deep_cusp_mgga_3x16,fc,2,0,5.550000,0.043304034059797436,0.18804654095389647
deep_cusp_mgga_3x16,fc,2,0,5.575000,0.04284594232422401,0.18758496973919642
deep_cusp_mgga_3x16,fc,2,0,5.600000,0.04239401604993209,0.18712651935799052
deep_cusp_mgga_3x16,fc,2,0,5.625000,0.04194816590984707,0.1866711566880177
deep_cusp_mgga_3x16,fc,2,0,5.650000,0.04150830367363001,0.18621884907190214
deep_cusp_mgga_3x16,fc,2,0,5.675000,0.04107434220800266,0.18576956430927574
deep_cusp_mgga_3x16,fc,2,0,5.700000,0.04064619547621362,0.18532327064905213
deep_cusp_mgga_3x16,fc,2,0,5.725000,0.04022377853669401,0.1848799367818472
deep_cusp_mgga_3x16,fc,2,0,5.750000,0.03980700754095168,0.1844395318325446
deep_cusp_mgga_3x16,fc,2,0,5.775000,0.039395799730749914,0.18400202535300478
deep_cusp_mgga_3x16,fc,2,0,5.800000,0.038990073434613914,0.18356738731490982
deep_cusp_mgga_3x16,fc,2,0,5.825000,0.03858974806370863,0.18313558810274683
deep_cusp_mgga_3x16,fc,2,0,5.850000,0.03819474410712598,0.18270659850692378
deep_cusp_mgga_3x16,fc,2,0,5.875000,0.03780498312662106,0.18228038971701582
deep_cusp_mgga_3x16,fc,2,0,5.900000,0.03742038775083367,0.18185693331514038
deep_cusp_mgga_3x16,fc,2,0,5.925000,0.03704088166902886,0.18143620126945664
deep_cusp_mgga_3x16,fc,2,0,5.950000,0.036666389624391504,0.18101816592778855
deep_cusp_mgga_3x16,fc,2,0,5.975000,0.036296837406904925,0.18060280001136791
deep_cusp_mgga_3x16,fc,2,0,6.000000,0.03593215184584353,0.18019007660869604
deep_cusp_mgga_3x16,fc,5,0,0.000000,0.03364953136578497,0.5544857754313772
deep_cusp_mgga_3x16,fc,5,0,0.025000,0.033647587588674255,0.5544267190341762
deep_cusp_mgga_3x16,fc,5,0,0.050000,0.033634193344535546,0.5542497120954382
deep_cusp_mgga_3x16,fc,5,0,0.075000,0.033598549441023584,0.553955240085491
deep_cusp_mgga_3x16,fc,5,0,0.100000,0.03353075861793686,0.5535441078476212
deep_cusp_mgga_3x16,fc,5,0,0.125000,0.03342211078365387,0.5530174332576545
deep_cusp_mgga_3x16,fc,5,0,0.150000,0.03326541767697966,0.5523766384864307
deep_cusp_mgga_3x16,fc,5,0,0.175000,0.03305535785017222,0.5516234389999005
deep_cusp_mgga_3x16,fc,5,0,0.200000,0.03278879046048444,0.5507598304640728
deep_cusp_mgga_3x16,fc,5,0,0.225000,0.03246499728550467,0.5497880737503587
deep_cusp_mgga_3x16,fc,5,0,0.250000,0.03208581750233974,0.5487106782603984
deep_cusp_mgga_3x16,fc,5,0,0.275000,0.031655649175791445,0.5475303838078052
deep_cusp_mgga_3x16,fc,5,0,0.300000,0.031181304283169564,0.5462501413071461
deep_cusp_mgga_3x16,fc,5,0,0.325000,0.030671718852110175,0.5448730925278805
deep_cusp_mgga_3x16,fc,5,0,0.350000,0.030137534267675514,0.54340254917295
deep_cusp_mgga_3x16,fc,5,0,0.375000,0.029590577801078433,0.5418419715385733
deep_cusp_mgga_3x16,fc,5,0,0.400000,0.029043278132141137,0.5401949470039137
deep_cusp_mgga_3x16,fc,5,0,0.425000,0.02850805414377422,0.5384651685871872
deep_cusp_mgga_3x16,fc,5,0,0.450000,0.027996712727862305,0.5366564137890562
deep_cusp_mgga_3x16,fc,5,0,0.475000,0.02751988503992142,0.5347725239254726
deep_cusp_mgga_3x16,fc,5,0,0.500000,0.027086522740267127,0.5328173841311602
deep_cusp_mgga_3x16,fc,5,0,0.525000,0.02670346889947106,0.5307949041923599
deep_cusp_mgga_3x16,fc,5,0,0.550000,0.02637511500813572,0.5287090003439469
deep_cusp_mgga_3x16,fc,5,0,0.575000,0.026103157839742486,0.5265635781422086
deep_cusp_mgga_3x16,fc,5,0,0.600000,0.025886478354715692,0.5243625165009729
deep_cusp_mgga_3x16,fc,5,0,0.625000,0.02572117789790551,0.5221096529559254
deep_cusp_mgga_3x16,fc,5,0,0.650000,0.025600820356373344,0.519808770200247
deep_cusp_mgga_3x16,fc,5,0,0.675000,0.025516935470734414,0.517463583914472
deep_cusp_mgga_3x16,fc,5,0,0.700000,0.02545982891543941,0.5150777318949817
deep_cusp_mgga_3x16,fc,5,0,0.725000,0.02541971077864802,0.5126547644689723
deep_cusp_mgga_3x16,fc,5,0,0.750000,0.02538809311943302,0.5101981361691884
deep_cusp_mgga_3x16,fc,5,0,0.775000,0.025359327778728735,0.5077111986292233
deep_cusp_mgga_3x16,fc,5,0,0.800000,0.02533207926348291,0.5051971946497459
deep_cusp_mgga_3x16,fc,5,0,0.825000,0.025310484788034326,0.5026592533775737
deep_cusp_mgga_3x16,fc,5,0,0.850000,0.025304771280604044,0.5001003865329368
deep_cusp_mgga_3x16,fc,5,0,0.875000,0.025331184717268473,0.4975234856154844
deep_cusp_mgga_3x16,fc,5,0,0.900000,0.0254112187913782,0.49493132001638257
deep_cusp_mgga_3x16,fc,5,0,0.925000,0.025570262029578572,0.4923265359621072
deep_cusp_mgga_3x16,fc,5,0,0.950000,0.025835865646419598,0.4897116562150498
deep_cusp_mgga_3x16,fc,5,0,0.975000,0.026235839937180483,0.48708908045668386
deep_cusp_mgga_3x16,fc,5,0,1.000000,0.02679632083738437,0.4844610862805865
deep_cusp_mgga_3x16,fc,5,0,1.025000,0.02753984753502481,0.4818298307249389
deep_cusp_mgga_3x16,fc,5,0,1.050000,0.02848340782209291,0.47919735227706733
deep_cusp_mgga_3x16,fc,5,0,1.075000,0.02963638558779802,0.47656557328600857
deep_cusp_mgga_3x16,fc,5,0,1.100000,0.03099840980603097,0.4739363027228544
deep_cusp_mgga_3x16,fc,5,0,1.125000,0.032557253793210505,0.471311239232641
deep_cusp_mgga_3x16,fc,5,0,1.150000,0.03428713194499089,0.4686919744256981
deep_cusp_mgga_3x16,fc,5,0,1.175000,0.03614791970748954,0.46607999636058217
deep_cusp_mgga_3x16,fc,5,0,1.200000,0.03808588923533007,0.46347669317490353
deep_cusp_mgga_3x16,fc,5,0,1.225000,0.04003642294770349,0.46088335682447545
deep_cusp_mgga_3x16,fc,5,0,1.250000,0.04192880888320649,0.45830118689520055
deep_cusp_mgga_3x16,fc,5,0,1.275000,0.04369270000501757,0.45573129445594024
deep_cusp_mgga_3x16,fc,5,0,1.300000,0.04526529686959846,0.45317470592425413
deep_cusp_mgga_3x16,fc,5,0,1.325000,0.0465979921227917,0.45063236692032244
deep_cusp_mgga_3x16,fc,5,0,1.350000,0.04766124263118987,0.44810514608757446
deep_cusp_mgga_3x16,fc,5,0,1.375000,0.04844682138449041,0.44559383886151827
deep_cusp_mgga_3x16,fc,5,0,1.400000,0.048967211606569694,0.44309917117101477
deep_cusp_mgga_3x16,fc,5,0,1.425000,0.04925252608451902,0.44062180305874216
deep_cusp_mgga_3x16,fc,5,0,1.450000,0.04934577366455006,0.43816233220989076
deep_cusp_mgga_3x16,fc,5,0,1.475000,0.049297456929982,0.4357212973801876
deep_cusp_mgga_3x16,fc,5,0,1.500000,0.0491603875919191,0.4332991817162094
deep_cusp_mgga_3x16,fc,5,0,1.525000,0.0489853431197641,0.4308964159626009
deep_cusp_mgga_3x16,fc,5,0,1.550000,0.04881787462584963,0.4285133815522881
deep_cusp_mgga_3x16,fc,5,0,1.575000,0.04869630317507467,0.42615041357707084
deep_cusp_mgga_3x16,fc,5,0,1.600000,0.048650757167254755,0.4238078036371223
deep_cusp_mgga_3x16,fc,5,0,1.625000,0.048703014223900554,0.42148580256890444
deep_cusp_mgga_3x16,fc,5,0,1.650000,0.04886689810751921,0.4191846230518673
deep_cusp_mgga_3x16,fc,5,0,1.675000,0.049149015718852995,0.4169044420950267
deep_cusp_mgga_3x16,fc,5,0,1.700000,0.04954967394716736,0.41464540340513245
deep_cusp_mgga_3x16,fc,5,0,1.725000,0.050063871279293015,0.4124076196386569
deep_cusp_mgga_3x16,fc,5,0,1.750000,0.05068230333921708,0.41019117454025883
deep_cusp_mgga_3x16,fc,5,0,1.775000,0.05139235083099647,0.40799612497072657
deep_cusp_mgga_3x16,fc,5,0,1.800000,0.05217903349709818,0.40582250282767435
deep_cusp_mgga_3x16,fc,5,0,1.825000,0.05302591819754032,0.40367031686248195
deep_cusp_mgga_3x16,fc,5,0,1.850000,0.05391596754428851,0.4015395543971219
deep_cusp_mgga_3x16,fc,5,0,1.875000,0.05483231190613258,0.39943018294462707
deep_cusp_mgga_3x16,fc,5,0,1.900000,0.05575892522103132,0.39734215173701826
deep_cusp_mgga_3x16,fc,5,0,1.925000,0.05668118573070058,0.3952753931645421
deep_cusp_mgga_3x16,fc,5,0,1.950000,0.05758630693028133,0.3932298241300676
deep_cusp_mgga_3x16,fc,5,0,1.975000,0.05846363105048635,0.3912053473224654
deep_cusp_mgga_3x16,fc,5,0,2.000000,0.059304785940357374,0.3892018524127446
deep_cusp_mgga_3x16,fc,5,0,2.025000,0.06010371477547116,0.387219217176654
deep_cusp_mgga_3x16,fc,5,0,2.050000,0.06085659525083986,0.38525730854737456
deep_cusp_mgga_3x16,fc,5,0,2.075000,0.06156166994139345,0.38331598360183616
deep_cusp_mgga_3x16,fc,5,0,2.100000,0.062219011963034476,0.3813950904840865
deep_cusp_mgga_3x16,fc,5,0,2.125000,0.06283025005645915,0.3794944692690332
deep_cusp_mgga_3x16,fc,5,0,2.150000,0.06339827519737196,0.3776139527697599
deep_cusp_mgga_3x16,fc,5,0,2.175000,0.06392694744013339,0.3757533672915002
deep_cusp_mgga_3x16,fc,5,0,2.200000,0.06442081758464668,0.3739125333352315
deep_cusp_mgga_3x16,fc,5,0,2.225000,0.06488487399544496,0.3720912662537262
deep_cusp_mgga_3x16,fc,5,0,2.250000,0.06532432093418172,0.3702893768627755
deep_cusp_mgga_3x16,fc,5,0,2.275000,0.06574439137117416,0.3685066720101793
deep_cusp_mgga_3x16,fc,5,0,2.300000,0.06615019455307636,0.366742955104975
deep_cusp_mgga_3x16,fc,5,0,2.325000,0.06654659664261842,0.36499802660925884
deep_cusp_mgga_3x16,fc,5,0,2.350000,0.06693813145459415,0.3632716844948376
deep_cusp_mgga_3x16,fc,5,0,2.375000,0.06732893758670455,0.36156372466683856
deep_cusp_mgga_3x16,fc,5,0,2.400000,0.06772271796324025,0.3598739413562909
deep_cusp_mgga_3x16,fc,5,0,2.425000,0.06812271785375967,0.3582021274835926
deep_cusp_mgga_3x16,fc,5,0,2.450000,0.06853171769060684,0.3565480749946682
deep_cusp_mgga_3x16,fc,5,0,2.475000,0.06895203739980105,0.35491157517153077
deep_cusp_mgga_3x16,fc,5,0,2.500000,0.06938554941111319,0.3532924189188632
deep_cusp_mgga_3x16,fc,5,0,2.525000,0.06983369797566386,0.35169039702814436
deep_cusp_mgga_3x16,fc,5,0,2.550000,0.07029752286004087,0.35010530042076193
deep_cusp_mgga_3x16,fc,5,0,2.575000,0.07077768588473621,0.3485369203714671
deep_cusp_mgga_3x16,fc,5,0,2.600000,0.07127449912145534,0.3469850487134535
deep_cusp_mgga_3x16,fc,5,0,2.625000,0.07178795385550418,0.3454494780262607
deep_cusp_mgga_3x16,fc,5,0,2.650000,0.07231774965749982,0.3439300018076401
deep_cusp_mgga_3x16,fc,5,0,2.675000,0.07286332309758159,0.3424264146304455
deep_cusp_mgga_3x16,fc,5,0,2.700000,0.07342387578103882,0.3409385122855547
deep_cusp_mgga_3x16,fc,5,0,2.725000,0.07399840149337966,0.339466091911759
deep_cusp_mgga_3x16,fc,5,0,2.750000,0.07458571232182032,0.3380089521135095
deep_cusp_mgga_3x16,fc,5,0,2.775000,0.07518446367505904,0.3365668930673474
deep_cusp_mgga_3x16,fc,5,0,2.800000,0.07579317815941722,0.33513971661779945
deep_cusp_mgga_3x16,fc,5,0,2.825000,0.07641026829169906,0.3337272263634682
deep_cusp_mgga_3x16,fc,5,0,2.850000,0.07703405804134333,0.3323292277340013
deep_cusp_mgga_3x16,fc,5,0,2.875000,0.07766280319986396,0.330945528058585
deep_cusp_mgga_3x16,fc,5,0,2.900000,0.07829471057675563,0.32957593662656054
deep_cusp_mgga_3x16,fc,5,0,2.925000,0.07892795601993807,0.32822026474072796
deep_cusp_mgga_3x16,fc,5,0,2.950000,0.07956070125692394,0.3268783257638657
deep_cusp_mgga_3x16,fc,5,0,2.975000,0.08019110955123487,0.3255499351589587
deep_cusp_mgga_3x16,fc,5,0,3.000000,0.08081736016786589,0.32423491052359754
deep_cusp_mgga_3x16,fc,5,0,3.025000,0.0814376616421717,0.3229330716189806
deep_cusp_mgga_3x16,fc,5,0,3.050000,0.08205026384862857,0.3216442403939239
deep_cusp_mgga_3x16,fc,5,0,3.075000,0.08265346886944347,0.32036824100425537
deep_cusp_mgga_3x16,fc,5,0,3.100000,0.08324564066784668,0.31910489982794765
deep_cusp_mgga_3x16,fc,5,0,3.125000,0.08382521357686179,0.317854045476318
deep_cusp_mgga_3x16,fc,5,0,3.150000,0.08439069962111168,0.3166155088016044
deep_cusp_mgga_3x16,fc,5,0,3.175000,0.08494069469649723,0.31538912290120497
deep_cusp_mgga_3x16,fc,5,0,3.200000,0.08547388364006514,0.31417472311884825
deep_cusp_mgga_3x16,fc,5,0,3.225000,0.08598904422974796,0.3129721470429461
deep_cusp_mgga_3x16,fc,5,0,3.250000,0.08648505016068575,0.31178123450236195
deep_cusp_mgga_3x16,fc,5,0,3.275000,0.08696087305126454,0.31060182755981197
deep_cusp_mgga_3x16,fc,5,0,3.300000,0.08741558353766188,0.30943377050310267
deep_cusp_mgga_3x16,fc,5,0,3.325000,0.0878483515204489,0.30827690983439354
deep_cusp_mgga_3x16,fc,5,0,3.350000,0.08825844563054996,0.3071310942576613
deep_cusp_mgga_3x16,fc,5,0,3.375000,0.08864523198456342,0.3059961746645293
deep_cusp_mgga_3x16,fc,5,0,3.400000,0.08900817230111202,0.30487200411861487
deep_cusp_mgga_3x16,fc,5,0,3.425000,0.08934682145049866,0.30375843783853723
deep_cusp_mgga_3x16,fc,5,0,3.450000,0.08966082450959989,0.3026553331797168
deep_cusp_mgga_3x16,fc,5,0,3.475000,0.08994991339267,0.30156254961508944
deep_cusp_mgga_3x16,fc,5,0,3.500000,0.09021390312666755,0.30047994871484934
deep_cusp_mgga_3x16,fc,5,0,3.525000,0.09045268783695604,0.29940739412532796
deep_cusp_mgga_3x16,fc,5,0,3.550000,0.09066623650587535,0.29834475154710355
deep_cusp_mgga_3x16,fc,5,0,3.575000,0.09085458856285733,0.297291888712437
deep_cusp_mgga_3x16,fc,5,0,3.600000,0.09101784936056068,0.2962486753621153
deep_cusp_mgga_3x16,fc,5,0,3.625000,0.09115618558705707,0.29521498322178275
deep_cusp_mgga_3x16,fc,5,0,3.650000,0.09126982065949407,0.29419068597783077
deep_cusp_mgga_3x16,fc,5,0,3.675000,0.09135903013998903,0.2931756592529155
deep_cusp_mgga_3x16,fc,5,0,3.700000,0.0914241372098532,0.29216978058116344
deep_cusp_mgga_3x16,fc,5,0,3.725000,0.09146550823368116,0.2911729293831231
deep_cusp_mgga_3x16,fc,5,0,3.750000,0.0914835484404154,0.2901849869405158
deep_cusp_mgga_3x16,fc,5,0,3.775000,0.09147869774426676,0.2892058363708347
deep_cusp_mgga_3x16,fc,5,0,3.800000,0.09145142672438344,0.28823536260183585
deep_cusp_mgga_3x16,fc,5,0,3.825000,0.09140223277842285,0.28727345234596335
deep_cusp_mgga_3x16,fc,5,0,3.850000,0.09133163646173481,0.28631999407474723
deep_cusp_mgga_3x16,fc,5,0,3.875000,0.09124017802070294,0.2853748779932082
deep_cusp_mgga_3x16,fc,5,0,3.900000,0.09112841412594452,0.2844379960143012
deep_cusp_mgga_3x16,fc,5,0,3.925000,0.09099691480850114,0.283509241733428
deep_cusp_mgga_3x16,fc,5,0,3.950000,0.09084626059989265,0.28258851040304445
deep_cusp_mgga_3x16,fc,5,0,3.975000,0.0906770398749267,0.2816756989073878
deep_cusp_mgga_3x16,fc,5,0,4.000000,0.09048984639444646,0.2807707057373459
deep_cusp_mgga_3x16,fc,5,0,4.025000,0.09028527704373812,0.2798734309654892
deep_cusp_mgga_3x16,fc,5,0,4.050000,0.09006392976111122,0.27898377622128206
deep_cusp_mgga_3x16,fc,5,0,4.075000,0.08982640165016309,0.2781016446664924
deep_cusp_mgga_3x16,fc,5,0,4.100000,0.08957328726844382,0.2772269409708137
deep_cusp_mgga_3x16,fc,5,0,4.125000,0.08930517708462804,0.2763595712877112
deep_cusp_mgga_3x16,fc,5,0,4.150000,0.08902265609584736,0.2754994432305072
deep_cusp_mgga_3x16,fc,5,0,4.175000,0.08872630259653635,0.2746464658487141
deep_cusp_mgga_3x16,fc,5,0,4.200000,0.08841668708996997,0.273800549604625
deep_cusp_mgga_3x16,fc,5,0,4.225000,0.08809437133360198,0.2729616063501716
deep_cusp_mgga_3x16,fc,5,0,4.250000,0.08775990750935236,0.27212954930405386
deep_cusp_mgga_3x16,fc,5,0,4.275000,0.08741383751010057,0.2713042930291521
deep_cusp_mgga_3x16,fc,5,0,4.300000,0.08705669233382662,0.270485753410222
deep_cusp_mgga_3x16,fc,5,0,4.325000,0.08668899157707632,0.269673847631881
deep_cusp_mgga_3x16,fc,5,0,4.350000,0.08631124301971682,0.26886849415688896
deep_cusp_mgga_3x16,fc,5,0,4.375000,0.08592394229325873,0.26806961270472474
deep_cusp_mgga_3x16,fc,5,0,4.400000,0.0855275726253778,0.26727712423046274
deep_cusp_mgga_3x16,fc,5,0,4.425000,0.08512260465362442,0.26649095090395186
deep_cusp_mgga_3x16,fc,5,0,4.450000,0.08470949630169022,0.26571101608929615
deep_cusp_mgga_3x16,fc,5,0,4.475000,0.08428869271198947,0.2649372443246392
deep_cusp_mgga_3x16,fc,5,0,4.500000,0.08386062622869139,0.2641695613022536
deep_cusp_mgga_3x16,fc,5,0,4.525000,0.08342571642572594,0.26340789384893337
deep_cusp_mgga_3x16,fc,5,0,4.550000,0.0829843701746682,0.2626521699066897
deep_cusp_mgga_3x16,fc,5,0,4.575000,0.08253698174776225,0.2619023185137512
deep_cusp_mgga_3x16,fc,5,0,4.600000,0.0820839329517189,0.2611582697858629
deep_cusp_mgga_3x16,fc,5,0,4.625000,0.08162559328825159,0.260419954897888
deep_cusp_mgga_3x16,fc,5,0,4.650000,0.08116232013765234,0.25968730606570634
deep_cusp_mgga_3x16,fc,5,0,4.675000,0.08069445896202398,0.25896025652840965
deep_cusp_mgga_3x16,fc,5,0,4.700000,0.08022234352507873,0.25823874053079116
deep_cusp_mgga_3x16,fc,5,0,4.725000,0.07974629612569928,0.257522693306127
deep_cusp_mgga_3x16,fc,5,0,4.750000,0.07926662784272209,0.25681205105924626
deep_cusp_mgga_3x16,fc,5,0,4.775000,0.0787836387886478,0.2561067509498882
deep_cusp_mgga_3x16,fc,5,0,4.800000,0.07829761837022431,0.25540673107634243
deep_cusp_mgga_3x16,fc,5,0,4.825000,0.0778088455540511,0.25471193045936924
deep_cusp_mgga_3x16,fc,5,0,4.850000,0.07731758913556641,0.2540222890263985
deep_cusp_mgga_3x16,fc,5,0,4.875000,0.0768241080099521,0.2533377475960011
deep_cusp_mgga_3x16,fc,5,0,4.900000,0.07632865144367285,0.25265824786263147
deep_cusp_mgga_3x16,fc,5,0,4.925000,0.0758314593455125,0.25198373238163874
deep_cusp_mgga_3x16,fc,5,0,4.950000,0.07533276253612042,0.2513141445545391
deep_cusp_mgga_3x16,fc,5,0,4.975000,0.07483278301521001,0.2506494286145507
deep_cusp_mgga_3x16,fc,5,0,5.000000,0.07433173422566797,0.24998952961238374
deep_cusp_mgga_3x16,fc,5,0,5.025000,0.07382982131394522,0.24933439340228428
deep_cusp_mgga_3x16,fc,5,0,5.050000,0.07332724138619562,0.24868396662832676
deep_cusp_mgga_3x16,fc,5,0,5.075000,0.07282418375971655,0.24803819671095262
deep_cusp_mgga_3x16,fc,5,0,5.100000,0.07232083020932734,0.24739703183375045
deep_cusp_mgga_3x16,fc,5,0,5.125000,0.07181735520838672,0.2467604209304745
deep_cusp_mgga_3x16,fc,5,0,5.150000,0.07131392616422327,0.24612831367229768
deep_cusp_mgga_3x16,fc,5,0,5.175000,0.07081070364779696,0.24550066045529495
deep_cusp_mgga_3x16,fc,5,0,5.200000,0.07030784161747239,0.24487741238815436
deep_cusp_mgga_3x16,fc,5,0,5.225000,0.06980548763681715,0.2442585212801106
deep_cusp_mgga_3x16,fc,5,0,5.250000,0.06930378308638496,0.2436439396290991
deep_cusp_mgga_3x16,fc,5,0,5.275000,0.06880286336947217,0.2430336206101252
deep_cusp_mgga_3x16,fc,5,0,5.300000,0.06830285811186865,0.24242751806384624
deep_cusp_mgga_3x16,fc,5,0,5.325000,0.06780389135564602,0.24182558648536162
deep_cusp_mgga_3x16,fc,5,0,5.350000,0.06730608174705066,0.24122778101320994
deep_cusp_mgga_3x16,fc,5,0,5.375000,0.06680954271858286,0.24063405741856464
deep_cusp_mgga_3x16,fc,5,0,5.400000,0.06631438266536516,0.24004437209462973
deep_cusp_mgga_3x16,fc,5,0,5.425000,0.06582070511590743,0.23945868204623016
deep_cusp_mgga_3x16,fc,5,0,5.450000,0.06532860889739467,0.23887694487959177
deep_cusp_mgga_3x16,fc,5,0,5.475000,0.06483818829562205,0.23829911879231044
deep_cusp_mgga_3x16,fc,5,0,5.500000,0.06434953320971981,0.2377251625635044
deep_cusp_mgga_3x16,fc,5,0,5.525000,0.0638627293018037,0.23715503554414796
deep_cusp_mgga_3x16,fc,5,0,5.550000,0.0633778581416975,0.23658869764758303
deep_cusp_mgga_3x16,fc,5,0,5.575000,0.06289499734687165,0.23602610934020468
deep_cusp_mgga_3x16,fc,5,0,5.600000,0.06241422071774749,0.2354672316323175
deep_cusp_mgga_3x16,fc,5,0,5.625000,0.06193559836851059,0.2349120260691614
deep_cusp_mgga_3x16,fc,5,0,5.650000,0.06145919685358059,0.23436045472210015
deep_cusp_mgga_3x16,fc,5,0,5.675000,0.060985079289882727,0.2338124801799742
deep_cusp_mgga_3x16,fc,5,0,5.700000,0.060513305475060064,0.23326806554060975
deep_cusp_mgga_3x16,fc,5,0,5.725000,0.06004393200176916,0.2327271744024856
deep_cusp_mgga_3x16,fc,5,0,5.750000,0.059577012368193016,0.23218977085655232
deep_cusp_mgga_3x16,fc,5,0,5.775000,0.05911259708490624,0.23165581947820052
deep_cusp_mgga_3x16,fc,5,0,5.800000,0.05865073377822039,0.23112528531937732
deep_cusp_mgga_3x16,fc,5,0,5.825000,0.058191467290137355,0.23059813390084713
deep_cusp_mgga_3x16,fc,5,0,5.850000,0.057734839775030355,0.23007433120459309
deep_cusp_mgga_3x16,fc,5,0,5.875000,0.05728089079317045,0.22955384366635842
deep_cusp_mgga_3x16,fc,5,0,5.900000,0.05682965740121659,0.2290366381683236
deep_cusp_mgga_3x16,fc,5,0,5.925000,0.05638117423977229,0.22852268203191708
deep_cusp_mgga_3x16,fc,5,0,5.950000,0.05593547361812101,0.22801194301075733
deep_cusp_mgga_3x16,fc,5,0,5.975000,0.05549258559623704,0.2275043892837228
deep_cusp_mgga_3x16,fc,5,0,6.000000,0.05505253806417443,0.2269999894481493
deep_cusp_mgga_3x16,fc,0.5,1,0.000000,1.0,0.9999961712608588
deep_cusp_mgga_3x16,fc,0.5,1,0.025000,0.9999277351479398,0.9984184760081829
deep_cusp_mgga_3x16,fc,0.5,1,0.050000,0.9994295529442604,0.9937387158781839
deep_cusp_mgga_3x16,fc,0.5,1,0.075000,0.9981019755992429,0.9861116767855248
deep_cusp_mgga_3x16,fc,0.5,1,0.100000,0.9955696664280245,0.9757790342212942
deep_cusp_mgga_3x16,fc,0.5,1,0.125000,0.9914909574863446,0.9630480921576084
deep_cusp_mgga_3x16,fc,0.5,1,0.150000,0.9855649473068889,0.9482674028443029
deep_cusp_mgga_3x16,fc,0.5,1,0.175000,0.9775402561045928,0.9318027757434102
deep_cusp_mgga_3x16,fc,0.5,1,0.200000,0.9672256297748004,0.9140163849862294
deep_cusp_mgga_3x16,fc,0.5,1,0.225000,0.9545025219499398,0.895250544126424
deep_cusp_mgga_3x16,fc,0.5,1,0.250000,0.9393394519395923,0.8758166137599275
deep_cusp_mgga_3x16,fc,0.5,1,0.275000,0.9218072316957735,0.8559886798683672
deep_cusp_mgga_3x16,fc,0.5,1,0.300000,0.902093014346138,0.836001162915475
deep_cusp_mgga_3x16,fc,0.5,1,0.325000,0.8805096086555849,0.8160493469631397
deep_cusp_mgga_3x16,fc,0.5,1,0.350000,0.8574949695208117,0.7962918591444997
deep_cusp_mgga_3x16,fc,0.5,1,0.375000,0.8335959799990286,0.7768542849414322
deep_cusp_mgga_3x16,fc,0.5,1,0.400000,0.8094318035074388,0.7578332988001893
deep_cusp_mgga_3x16,fc,0.5,1,0.425000,0.7856365481579208,0.7393008761348733
deep_cusp_mgga_3x16,fc,0.5,1,0.450000,0.7627892758568783,0.7213083090367803
deep_cusp_mgga_3x16,fc,0.5,1,0.475000,0.7413496488747358,0.7038898673741572
deep_cusp_mgga_3x16,fc,0.5,1,0.500000,0.7216240458808055,0.6870660316733914
deep_cusp_mgga_3x16,fc,0.5,1,0.525000,0.7037811351393267,0.6708462803055282
deep_cusp_mgga_3x16,fc,0.5,1,0.550000,0.6879122466601064,0.6552314479842513
deep_cusp_mgga_3x16,fc,0.5,1,0.575000,0.6740990679733202,0.6402156916755075
deep_cusp_mgga_3x16,fc,0.5,1,0.600000,0.662435497494982,0.6257881087693496
deep_cusp_mgga_3x16,fc,0.5,1,0.625000,0.6529760768148213,0.6119340545434856
deep_cusp_mgga_3x16,fc,0.5,1,0.650000,0.645639211417679,0.598636204225167
deep_cusp_mgga_3x16,fc,0.5,1,0.675000,0.6401322471357986,0.5858754011371419
deep_cusp_mgga_3x16,fc,0.5,1,0.700000,0.6359522489941802,0.5736313276602746
deep_cusp_mgga_3x16,fc,0.5,1,0.725000,0.6324663993414543,0.5618830307776007
deep_cusp_mgga_3x16,fc,0.5,1,0.750000,0.6290332264251631,0.5506093291962164
deep_cusp_mgga_3x16,fc,0.5,1,0.775000,0.6251160376923761,0.5397891246909768
deep_cusp_mgga_3x16,fc,0.5,1,0.800000,0.6203563000769633,0.5294016364695502
deep_cusp_mgga_3x16,fc,0.5,1,0.825000,0.6145976033310308,0.5194265740394319
deep_cusp_mgga_3x16,fc,0.5,1,0.850000,0.6078672039723177,0.5098442612394509
deep_cusp_mgga_3x16,fc,0.5,1,0.875000,0.6003295475249044,0.5006357217351001
deep_cusp_mgga_3x16,fc,0.5,1,0.900000,0.5922273917044971,0.4917827343141886
deep_cusp_mgga_3x16,fc,0.5,1,0.925000,0.5838241251671372,0.4832678647011884
deep_cusp_mgga_3x16,fc,0.5,1,0.950000,0.5753571845057038,0.4750744792826998
deep_cusp_mgga_3x16,fc,0.5,1,0.975000,0.5670079830576447,0.4671867450552573
deep_cusp_mgga_3x16,fc,0.5,1,1.000000,0.5588892985438066,0.4595896192286324
deep_cusp_mgga_3x16,fc,0.5,1,1.025000,0.5510474692403033,0.4522688312072218
deep_cusp_mgga_3x16,fc,0.5,1,1.050000,0.5434746295918942,0.4452108590988182
deep_cusp_mgga_3x16,fc,0.5,1,1.075000,0.53612572216185,0.4384029024388287
deep_cusp_mgga_3x16,fc,0.5,1,1.100000,0.5289358260174408,0.43183285244791647
deep_cusp_mgga_3x16,fc,0.5,1,1.125000,0.5218348363613508,0.42548926084482935
deep_cusp_mgga_3x16,fc,0.5,1,1.150000,0.5147581070522735,0.4193613079997367
deep_cusp_mgga_3x16,fc,0.5,1,1.175000,0.5076529156202204,0.41343877102519516
deep_cusp_mgga_3x16,fc,0.5,1,1.200000,0.5004813735428565,0.40771199225250004
deep_cusp_mgga_3x16,fc,0.5,1,1.225000,0.49322072234118775,0.4021718484230683
deep_cusp_mgga_3x16,fc,0.5,1,1.250000,0.4858619622805538,0.3968097208314555
deep_cusp_mgga_3x16,fc,0.5,1,1.275000,0.4784076000061659,0.39161746658366636
deep_cusp_mgga_3x16,fc,0.5,1,1.300000,0.47086908589101895,0.3865873910775427
deep_cusp_mgga_3x16,fc,0.5,1,1.325000,0.46326430835429133,0.3817122217679804
deep_cusp_mgga_3x16,fc,0.5,1,1.350000,0.4556153508523928,0.3769850832459103
deep_cusp_mgga_3x16,fc,0.5,1,1.375000,0.4479466035151751,0.37239947363429526
deep_cusp_mgga_3x16,fc,0.5,1,1.400000,0.4402832491660551,0.3679492422851587
deep_cusp_mgga_3x16,fc,0.5,1,1.425000,0.4326501023086472,0.36362856874750565
deep_cusp_mgga_3x16,fc,0.5,1,1.450000,0.4250707594889873,0.3594319429658608
deep_cusp_mgga_3x16,fc,0.5,1,1.475000,0.41756701225984316,0.3553541466621454
deep_cusp_mgga_3x16,fc,0.5,1,1.500000,0.41015847417403584,0.3513902358490631
deep_cusp_mgga_3x16,fc,0.5,1,1.525000,0.4028623772100127,0.3475355244205047
deep_cusp_mgga_3x16,fc,0.5,1,1.550000,0.39569349862366776,0.3437855687632761
deep_cusp_mgga_3x16,fc,0.5,1,1.575000,0.3886641852115432,0.3401361533343542
deep_cusp_mgga_3x16,fc,0.5,1,1.600000,0.3817844477265786,0.33658327714859115
deep_cusp_mgga_3x16,fc,0.5,1,1.625000,0.3750621034072149,0.33312314112312563
deep_cusp_mgga_3x16,fc,0.5,1,1.650000,0.368502949147656,0.329752136226511
deep_cusp_mgga_3x16,fc,0.5,1,1.675000,0.3621109517338392,0.3264668323826388
deep_cusp_mgga_3x16,fc,0.5,1,1.700000,0.3558884448292188,0.3232639680817821
deep_cusp_mgga_3x16,fc,0.5,1,1.725000,0.34983632507427675,0.32014044065345
deep_cusp_mgga_3x16,fc,0.5,1,1.750000,0.3439542418312438,0.31709329715815265
deep_cusp_mgga_3x16,fc,0.5,1,1.775000,0.33824077683050624,0.31411972585759074
deep_cusp_mgga_3x16,fc,0.5,1,1.800000,0.33269361132478914,0.3112170482251605
deep_cusp_mgga_3x16,fc,0.5,1,1.825000,0.3273096793937893,0.3083827114609816
deep_cusp_mgga_3x16,fc,0.5,1,1.850000,0.3220853068214884,0.3056142814778942
deep_cusp_mgga_3x16,fc,0.5,1,1.875000,0.317016335540113,0.30290943632701667
deep_cusp_mgga_3x16,fc,0.5,1,1.900000,0.31209823404093595,0.30026596003350664
deep_cusp_mgga_3x16,fc,0.5,1,1.925000,0.3073261944285548,0.2976817368151027
deep_cusp_mgga_3x16,fc,0.5,1,1.950000,0.3026952169716066,0.29515474565787
deep_cusp_mgga_3x16,fc,0.5,1,1.975000,0.29820018310339413,0.2926830552252958
deep_cusp_mgga_3x16,fc,0.5,1,2.000000,0.29383591787009444,0.2902648190785099
deep_cusp_mgga_3x16,fc,0.5,1,2.025000,0.2895972428276853,0.2878982711869325
deep_cusp_mgga_3x16,fc,0.5,1,2.050000,0.28547902036357875,0.28558172171007484
deep_cusp_mgga_3x16,fc,0.5,1,2.075000,0.2814761903745795,0.28331355303255157
deep_cusp_mgga_3x16,fc,0.5,1,2.100000,0.27758380017628914,0.2810922160356118
deep_cusp_mgga_3x16,fc,0.5,1,2.125000,0.2737970284557747,0.2789162265896511
deep_cusp_mgga_3x16,fc,0.5,1,2.150000,0.27011120401306066,0.2767841622532473
deep_cusp_mgga_3x16,fc,0.5,1,2.175000,0.2665218199705577,0.27469465916527047
deep_cusp_mgga_3x16,fc,0.5,1,2.200000,0.2630245440648027,0.27264640911754634
deep_cusp_mgga_3x16,fc,0.5,1,2.225000,0.25961522557309225,0.2706381567964263
deep_cusp_mgga_3x16,fc,0.5,1,2.250000,0.2562898993695385,0.26866869718241826
deep_cusp_mgga_3x16,fc,0.5,1,2.275000,0.25304478755112136,0.26673687309778743
deep_cusp_mgga_3x16,fc,0.5,1,2.300000,0.24987629902467912,0.2648415728927243
deep_cusp_mgga_3x16,fc,0.5,1,2.325000,0.24678102740039431,0.2629817282613315
deep_cusp_mgga_3x16,fc,0.5,1,2.350000,0.24375574749607787,0.261156312179271
deep_cusp_mgga_3x16,fc,0.5,1,2.375000,0.24079741071925276,0.2593643369554784
deep_cusp_mgga_3x16,fc,0.5,1,2.400000,0.23790313956037434,0.25760485239085973
deep_cusp_mgga_3x16,fc,0.5,1,2.425000,0.23507022140028766,0.25587694403737166
deep_cusp_mgga_3x16,fc,0.5,1,2.450000,0.23229610180789095,0.254179731551325
deep_cusp_mgga_3x16,fc,0.5,1,2.475000,0.22957837747972332,0.25251236713517167
deep_cusp_mgga_3x16,fc,0.5,1,2.500000,0.22691478895150485,0.25087403406241
deep_cusp_mgga_3x16,fc,0.5,1,2.525000,0.22430321319236501,0.24926394528060775
deep_cusp_mgga_3x16,fc,0.5,1,2.550000,0.22174165617530162,0.2476813420878693
deep_cusp_mgga_3x16,fc,0.5,1,2.575000,0.2192282455021839,0.24612549287837895
deep_cusp_mgga_3x16,fc,0.5,1,2.600000,0.21676122314810642,0.244595691952943
deep_cusp_mgga_3x16,fc,0.5,1,2.625000,0.21433893837798068,0.2430912583907152
deep_cusp_mgga_3x16,fc,0.5,1,2.650000,0.21195984087776865,0.2416115349785379
deep_cusp_mgga_3x16,fc,0.5,1,2.675000,0.20962247413355606,0.2401558871945624
deep_cusp_mgga_3x16,fc,0.5,1,2.700000,0.20732546908362492,0.23872370224302325
deep_cusp_mgga_3x16,fc,0.5,1,2.725000,0.20506753806170908,0.23731438813724479
deep_cusp_mgga_3x16,fc,0.5,1,2.750000,0.20284746904357254,0.2359273728281351
deep_cusp_mgga_3x16,fc,0.5,1,2.775000,0.20066412020387792,0.23456210337560698
deep_cusp_mgga_3x16,fc,0.5,1,2.800000,0.19851641478589988,0.23321804516051328
deep_cusp_mgga_3x16,fc,0.5,1,2.825000,0.19640333628291584,0.23189468113484532
deep_cusp_mgga_3x16,fc,0.5,1,2.850000,0.19432392392701137,0.2305915111080737
deep_cusp_mgga_3x16,fc,0.5,1,2.875000,0.1922772684784777,0.2293080510676474
deep_cusp_mgga_3x16,fc,0.5,1,2.900000,0.19026250830693237,0.22804383253178506
deep_cusp_mgga_3x16,fc,0.5,1,2.925000,0.18827882575365085,0.22679840193280637
deep_cusp_mgga_3x16,fc,0.5,1,2.950000,0.18632544376337,0.22557132002935876
deep_cusp_mgga_3x16,fc,0.5,1,2.975000,0.18440162277289907,0.22436216134599152
deep_cusp_mgga_3x16,fc,0.5,1,3.000000,0.18250665784326303,0.22317051363862328
deep_cusp_mgga_3x16,fc,0.5,1,3.025000,0.1806398760217306,0.2219959773845346
deep_cusp_mgga_3x16,fc,0.5,1,3.050000,0.17880063391992274,0.22083816529559788
deep_cusp_mgga_3x16,fc,0.5,1,3.075000,0.1769883154942229,0.21969670185353313
deep_cusp_mgga_3x16,fc,0.5,1,3.100000,0.17520233001488683,0.21857122286604785
deep_cusp_mgga_3x16,fc,0.5,1,3.125000,0.17344211021055178,0.21746137504278581
deep_cusp_mgga_3x16,fc,0.5,1,3.150000,0.17170711057524324,0.21636681559007237
deep_cusp_mgga_3x16,fc,0.5,1,3.175000,0.16999680582545662,0.21528721182349994
deep_cusp_mgga_3x16,fc,0.5,1,3.200000,0.16831068949543382,0.21422224079745308
deep_cusp_mgga_3x16,fc,0.5,1,3.225000,0.1666482726593359,0.21317158895072427
deep_cusp_mgga_3x16,fc,0.5,1,3.250000,0.16500908276962445,0.21213495176741698
deep_cusp_mgga_3x16,fc,0.5,1,3.275000,0.1633926626015989,0.21111203345237947
deep_cusp_mgga_3x16,fc,0.5,1,3.300000,0.16179856929466807,0.21010254662045394
deep_cusp_mgga_3x16,fc,0.5,1,3.325000,0.1602263734815681,0.2091062119988659
deep_cusp_mgga_3x16,fc,0.5,1,3.350000,0.15867565849737097,0.2081227581421139
deep_cusp_mgga_3x16,fc,0.5,1,3.375000,0.1571460196607275,0.20715192115875722
deep_cusp_mgga_3x16,fc,0.5,1,3.400000,0.1556370636203812,0.20619344444953
deep_cusp_mgga_3x16,fc,0.5,1,3.425000,0.15414840776055705,0.20524707845624146
deep_cusp_mgga_3x16,fc,0.5,1,3.450000,0.1526796796593639,0.20431258042095127
deep_cusp_mgga_3x16,fc,0.5,1,3.475000,0.15123051659485953,0.2033897141549355
deep_cusp_mgga_3x16,fc,0.5,1,3.500000,0.1498005650939085,0.20247824981698617
deep_cusp_mgga_3x16,fc,0.5,1,3.525000,0.14838948051941203,0.20157796370060838
deep_cusp_mgga_3x16,fc,0.5,1,3.550000,0.1469969266919089,0.20068863802970538
deep_cusp_mgga_3x16,fc,0.5,1,3.575000,0.1456225755419326,0.19981006076235963
deep_cusp_mgga_3x16,fc,0.5,1,3.600000,0.1442661067898745,0.19894202540234204
deep_cusp_mgga_3x16,fc,0.5,1,3.625000,0.14292720765042866,0.19808433081799626
deep_cusp_mgga_3x16,fc,0.5,1,3.650000,0.14160557255899908,0.1972367810681679
deep_cusp_mgga_3x16,fc,0.5,1,3.675000,0.14030090291772868,0.19639918523485989
deep_cusp_mgga_3x16,fc,0.5,1,3.700000,0.13901290685905943,0.19557135726231661
deep_cusp_mgga_3x16,fc,0.5,1,3.725000,0.1377412990249618,0.19475311580224858
deep_cusp_mgga_3x16,fc,0.5,1,3.750000,0.13648580036018354,0.1939442840649317
deep_cusp_mgga_3x16,fc,0.5,1,3.775000,0.13524613791804574,0.1931446896759194
deep_cusp_mgga_3x16,fc,0.5,1,3.800000,0.13402204467749113,0.1923541645381254
deep_cusp_mgga_3x16,fc,0.5,1,3.825000,0.13281325937023336,0.19157254469904472
deep_cusp_mgga_3x16,fc,0.5,1,3.850000,0.13161952631699503,0.19079967022289113
deep_cusp_mgga_3x16,fc,0.5,1,3.875000,0.13044059527193863,0.19003538506744047
deep_cusp_mgga_3x16,fc,0.5,1,3.900000,0.12927622127450644,0.189279536965381
deep_cusp_mgga_3x16,fc,0.5,1,3.925000,0.12812616450797154,0.18853197730997814
deep_cusp_mgga_3x16,fc,0.5,1,3.950000,0.12699019016409596,0.18779256104487418
deep_cusp_mgga_3x16,fc,0.5,1,3.975000,0.12586806831335795,0.18706114655784864
deep_cusp_mgga_3x16,fc,0.5,1,4.000000,0.12475957378027991,0.18633759557837573
deep_cusp_mgga_3x16,fc,0.5,1,4.025000,0.12366448602344438,0.18562177307881986
deep_cusp_mgga_3x16,fc,0.5,1,4.050000,0.12258258901983499,0.18491354717912353
deep_cusp_mgga_3x16,fc,0.5,1,4.075000,0.12151367115318401,0.18421278905484048
deep_cusp_mgga_3x16,fc,0.5,1,4.100000,0.12045752510604824,0.18351937284838016
deep_cusp_mgga_3x16,fc,0.5,1,4.125000,0.11941394775536351,0.18283317558333598
deep_cusp_mgga_3x16,fc,0.5,1,4.150000,0.1183827400712616,0.18215407708176726
deep_cusp_mgga_3x16,fc,0.5,1,4.175000,0.11736370701895849,0.18148195988432425
deep_cusp_mgga_3x16,fc,0.5,1,4.200000,0.11635665746354173,0.18081670917309653
deep_cusp_mgga_3x16,fc,0.5,1,4.225000,0.11536140407750584,0.18015821269708324
deep_cusp_mgga_3x16,fc,0.5,1,4.250000,0.11437776325090077,0.1795063607001756
deep_cusp_mgga_3x16,fc,0.5,1,4.275000,0.11340555500397231,0.17886104585155926
deep_cusp_mgga_3x16,fc,0.5,1,4.300000,0.11244460290218594,0.17822216317843895
deep_cusp_mgga_3x16,fc,0.5,1,4.325000,0.11149473397353538,0.17758961000099663
deep_cusp_mgga_3x16,fc,0.5,1,4.350000,0.11055577862804766,0.17696328586949575
deep_cusp_mgga_3x16,fc,0.5,1,4.375000,0.1096275705794012,0.17634309250345392
deep_cusp_mgga_3x16,fc,0.5,1,4.400000,0.10870994676858536,0.17572893373279852
deep_cusp_mgga_3x16,fc,0.5,1,4.425000,0.10780274728952899,0.1751207154409365
deep_cusp_mgga_3x16,fc,0.5,1,4.450000,0.1069058153166379,0.17451834550966117
deep_cusp_mgga_3x16,fc,0.5,1,4.475000,0.10601899703417828,0.17392173376583175
deep_cusp_mgga_3x16,fc,0.5,1,4.500000,0.10514214156745261,0.17333079192975498
deep_cusp_mgga_3x16,fc,0.5,1,4.525000,0.10427510091571512,0.17274543356520955
deep_cusp_mgga_3x16,fc,0.5,1,4.550000,0.10341772988677556,0.17216557403105057
deep_cusp_mgga_3x16,fc,0.5,1,4.575000,0.10256988603324735,0.1715911304343365
deep_cusp_mgga_3x16,fc,0.5,1,4.600000,0.10173142959039116,0.1710220215849235
deep_cusp_mgga_3x16,fc,0.5,1,4.625000,0.10090222341551369,0.17045816795147253
deep_cusp_mgga_3x16,fc,0.5,1,4.650000,0.10008213292888035,0.16989949161882065
deep_cusp_mgga_3x16,fc,0.5,1,4.675000,0.09927102605609872,0.169345916246664
deep_cusp_mgga_3x16,fc,0.5,1,4.700000,0.0984687731719398,0.16879736702950832
deep_cusp_mgga_3x16,fc,0.5,1,4.725000,0.09767524704555475,0.16825377065784222
deep_cusp_mgga_3x16,fc,0.5,1,4.750000,0.09689032278705412,0.16771505528048544
deep_cusp_mgga_3x16,fc,0.5,1,4.775000,0.09611387779541336,0.16718115046807694
deep_cusp_mgga_3x16,fc,0.5,1,4.800000,0.09534579170767299,0.16665198717765758
deep_cusp_mgga_3x16,fc,0.5,1,4.825000,0.09458594634939554,0.16612749771831284
deep_cusp_mgga_3x16,fc,0.5,1,4.850000,0.09383422568635313,0.16560761571783714
deep_cusp_mgga_3x16,fc,0.5,1,4.875000,0.09309051577741012,0.16509227609038232
deep_cusp_mgga_3x16,fc,0.5,1,4.900000,0.09235470472857166,0.16458141500506226
deep_cusp_mgga_3x16,fc,0.5,1,4.925000,0.09162668264816975,0.16407496985547446
deep_cusp_mgga_3x16,fc,0.5,1,4.950000,0.09090634160315558,0.1635728792301117
deep_cusp_mgga_3x16,fc,0.5,1,4.975000,0.09019357557647023,0.16307508288363087
deep_cusp_mgga_3x16,fc,0.5,1,5.000000,0.08948828042546864,0.16258152170895424
deep_cusp_mgga_3x16,fc,0.5,1,5.025000,0.08879035384136758,0.1620921377101671
deep_cusp_mgga_3x16,fc,0.5,1,5.050000,0.08809969530969042,0.16160687397619602
deep_cusp_mgga_3x16,fc,0.5,1,5.075000,0.0874162060716861,0.16112567465523162
deep_cusp_mgga_3x16,fc,0.5,1,5.100000,0.08673978908669622,0.16064848492987935
deep_cusp_mgga_3x16,fc,0.5,1,5.125000,0.08607034899544175,0.16017525099300686
deep_cusp_mgga_3x16,fc,0.5,1,5.150000,0.08540779208421478,0.15970592002427247
deep_cusp_mgga_3x16,fc,0.5,1,5.175000,0.08475202624994127,0.1592404401673063
deep_cusp_mgga_3x16,fc,0.5,1,5.200000,0.08410296096610015,0.15877876050752676
deep_cusp_mgga_3x16,fc,0.5,1,5.225000,0.0834605072494734,0.15832083105056988
deep_cusp_mgga_3x16,fc,0.5,1,5.250000,0.08282457762770423,0.1578666027013137
deep_cusp_mgga_3x16,fc,0.5,1,5.275000,0.08219508610764703,0.15741602724347523
deep_cusp_mgga_3x16,fc,0.5,1,5.300000,0.08157194814448354,0.15696905731976635
deep_cusp_mgga_3x16,fc,0.5,1,5.325000,0.0809550806115873,0.1565256464125864
deep_cusp_mgga_3x16,fc,0.5,1,5.350000,0.08034440177111812,0.15608574882523746
deep_cusp_mgga_3x16,fc,0.5,1,5.375000,0.07973983124532613,0.15564931966364534
deep_cusp_mgga_3x16,fc,0.5,1,5.400000,0.07914128998854586,0.1552163148185686
deep_cusp_mgga_3x16,fc,0.5,1,5.425000,0.07854870025986638,0.1547866909482838
deep_cusp_mgga_3x16,fc,0.5,1,5.450000,0.07796198559645418,0.15436040546172822
deep_cusp_mgga_3x16,fc,0.5,1,5.475000,0.07738107078751721,0.15393741650208853
deep_cusp_mgga_3x16,fc,0.5,1,5.500000,0.07680588184888992,0.15351768293082343
deep_cusp_mgga_3x16,fc,0.5,1,5.525000,0.07623634599822438,0.15310116431209972
deep_cusp_mgga_3x16,fc,0.5,1,5.550000,0.07567239163077022,0.15268782089763872
deep_cusp_mgga_3x16,fc,0.5,1,5.575000,0.07511394829573192,0.1522776136119535
deep_cusp_mgga_3x16,fc,0.5,1,5.600000,0.07456094667318369,0.1518705040379679
deep_cusp_mgga_3x16,fc,0.5,1,5.625000,0.07401331855152926,0.1514664544030052
deep_cusp_mgga_3x16,fc,0.5,1,5.650000,0.07347099680549374,0.15106542756513777
deep_cusp_mgga_3x16,fc,0.5,1,5.675000,0.07293391537463256,0.1506673869998804
deep_cusp_mgga_3x16,fc,0.5,1,5.700000,0.07240200924234308,0.1502722967872271
deep_cusp_mgga_3x16,fc,0.5,1,5.725000,0.0718752144153667,0.14988012159901035
deep_cusp_mgga_3x16,fc,0.5,1,5.750000,0.0713534679037704,0.14949082668658112
deep_cusp_mgga_3x16,fc,0.5,1,5.775000,0.07083670770139183,0.14910437786879902
deep_cusp_mgga_3x16,fc,0.5,1,5.800000,0.07032487276673838,0.14872074152031808
deep_cusp_mgga_3x16,fc,0.5,1,5.825000,0.06981790300432877,0.14833988456016775
deep_cusp_mgga_3x16,fc,0.5,1,5.850000,0.06931573924646273,0.14796177444061417
deep_cusp_mgga_3x16,fc,0.5,1,5.875000,0.0688183232354117,0.1475863791362959
deep_cusp_mgga_3x16,fc,0.5,1,5.900000,0.06832559760601709,0.147213667133628
deep_cusp_mgga_3x16,fc,0.5,1,5.925000,0.06783750586868575,0.14684360742046257
deep_cusp_mgga_3x16,fc,0.5,1,5.950000,0.06735399239277351,0.1464761694760027
deep_cusp_mgga_3x16,fc,0.5,1,5.975000,0.06687500239034605,0.14611132326095994
deep_cusp_mgga_3x16,fc,0.5,1,6.000000,0.06640048190030745,0.14574903920795002
deep_cusp_mgga_3x16,fc,2,1,0.000000,1.0,0.9999979292399579
deep_cusp_mgga_3x16,fc,2,1,0.025000,0.9999611139376894,0.9993770542431832
deep_cusp_mgga_3x16,fc,2,1,0.050000,0.9996930227313499,0.9975228957770809
deep_cusp_mgga_3x16,fc,2,1,0.075000,0.9989784542710048,0.994460530999504
deep_cusp_mgga_3x16,fc,2,1,0.100000,0.9976148193791086,0.9902307044211887
deep_cusp_mgga_3x16,fc,2,1,0.125000,0.9954166211793133,0.9848883327285808
deep_cusp_mgga_3x16,fc,2,1,0.150000,0.9922183469712906,0.9785005634473067
deep_cusp_mgga_3x16,fc,2,1,0.175000,0.9878776921762734,0.9711445178442647
deep_cusp_mgga_3x16,fc,2,1,0.200000,0.9822789700773382,0.962904859173321
deep_cusp_mgga_3x16,fc,2,1,0.225000,0.9753365469545383,0.9538713244108318
deep_cusp_mgga_3x16,fc,2,1,0.250000,0.966998103914405,0.9441363431076241
deep_cusp_mgga_3x16,fc,2,1,0.275000,0.9572474643236424,0.9337928442081102
deep_cusp_mgga_3x16,fc,2,1,0.300000,0.9461066493087346,0.9229323244306081
deep_cusp_mgga_3x16,fc,2,1,0.325000,0.9336367568745687,0.9116432236494123
deep_cusp_mgga_3x16,fc,2,1,0.350000,0.9199372411126082,0.9000096265825765
deep_cusp_mgga_3x16,fc,2,1,0.375000,0.9051432446393055,0.8881102879680052
deep_cusp_mgga_3x16,fc,2,1,0.400000,0.8894208519634984,0.8760179613553188
deep_cusp_mgga_3x16,fc,2,1,0.425000,0.872960492848402,0.8637989998809493
deep_cusp_mgga_3x16,fc,2,1,0.450000,0.8559691754642116,0.8515131905458164
deep_cusp_mgga_3x16,fc,2,1,0.475000,0.838662625211991,0.8392137808151852
deep_cusp_mgga_3x16,fc,2,1,0.500000,0.8212585372655911,0.8269476568730664
deep_cusp_mgga_3x16,fc,2,1,0.525000,0.8039718293216322,0.8147556356408845
deep_cusp_mgga_3x16,fc,2,1,0.550000,0.787011970065412,0.8026728368579534
deep_cusp_mgga_3x16,fc,2,1,0.575000,0.7705813907194163,0.7907291064157039
deep_cusp_mgga_3x16,fc,2,1,0.600000,0.7548731470376652,0.7789494672031972
deep_cusp_mgga_3x16,fc,2,1,0.625000,0.7400659159984894,0.7673545785836753
deep_cusp_mgga_3x16,fc,2,1,0.650000,0.726315326195684,0.7559611900447227
deep_cusp_mgga_3x16,fc,2,1,0.675000,0.713742253353515,0.7447825784221427
deep_cusp_mgga_3x16,fc,2,1,0.700000,0.7024203412875106,0.7338289613453942
deep_cusp_mgga_3x16,fc,2,1,0.725000,0.6923658649590021,0.7231078822018028
deep_cusp_mgga_3x16,fc,2,1,0.750000,0.6835327614072741,0.7126245640138944
deep_cusp_mgga_3x16,fc,2,1,0.775000,0.6758144124948633,0.7023822312342055
deep_cusp_mgga_3x16,fc,2,1,0.800000,0.6690521549942506,0.6923823996571112
deep_cusp_mgga_3x16,fc,2,1,0.825000,0.6630491290630607,0.6826251354996576
deep_cusp_mgga_3x16,fc,2,1,0.850000,0.6575873096321316,0.6731092852800223
deep_cusp_mgga_3x16,fc,2,1,0.875000,0.65244542431823,0.6638326784825364
deep_cusp_mgga_3x16,fc,2,1,0.900000,0.6474157545167661,0.6547923051930069
deep_cusp_mgga_3x16,fc,2,1,0.925000,0.6423182994662465,0.6459844709597109
deep_cusp_mgga_3x16,fc,2,1,0.950000,0.6370112843126453,0.6374049311182255
deep_cusp_mgga_3x16,fc,2,1,0.975000,0.63139744864073,0.6290490067394222
deep_cusp_mgga_3x16,fc,2,1,1.000000,0.6254259685237894,0.6209116842406892
deep_cusp_mgga_3x16,fc,2,1,1.025000,0.6190902594684137,0.6129877005568195
deep_cusp_mgga_3x16,fc,2,1,1.050000,0.612422268595358,0.6052716156109965
deep_cusp_mgga_3x16,fc,2,1,1.075000,0.6054841555109863,0.5977578736666059
deep_cusp_mgga_3x16,fc,2,1,1.100000,0.5983584445074581,0.5904408549832783
deep_cusp_mgga_3x16,fc,2,1,1.125000,0.5911377846535837,0.5833149190497332
deep_cusp_mgga_3x16,fc,2,1,1.150000,0.5839153771082939,0.5763744405242637
deep_cusp_mgga_3x16,fc,2,1,1.175000,0.5767769337762606,0.5696138388825301
deep_cusp_mgga_3x16,fc,2,1,1.200000,0.5697947454744103,0.5630276026524232
deep_cusp_mgga_3x16,fc,2,1,1.225000,0.5630241041846626,0.5566103090071902
deep_cusp_mgga_3x16,fc,2,1,1.250000,0.5565019981753017,0.5503566393905188
deep_cusp_mgga_3x16,fc,2,1,1.275000,0.5502477358518626,0.5442613917602815
deep_cusp_mgga_3x16,fc,2,1,1.300000,0.5442649922706104,0.5383194899604652
deep_cusp_mgga_3x16,fc,2,1,1.325000,0.5385447216523407,0.5325259906626605
deep_cusp_mgga_3x16,fc,2,1,1.350000,0.5330684231248376,0.5268760882585468
deep_cusp_mgga_3x16,fc,2,1,1.375000,0.5278113516077931,0.5213651180322839
deep_cusp_mgga_3x16,fc,2,1,1.400000,0.5227453943242122,0.5159885578958218
deep_cusp_mgga_3x16,fc,2,1,1.425000,0.5178414563620568,0.5107420289301449
deep_cusp_mgga_3x16,fc,2,1,1.450000,0.5130712985687035,0.505621294940694
deep_cusp_mgga_3x16,fc,2,1,1.475000,0.5084088417861298,0.5006222612050479
deep_cusp_mgga_3x16,fc,2,1,1.500000,0.5038309948127373,0.49574097256481264
deep_cusp_mgga_3x16,fc,2,1,1.525000,0.4993180851203902,0.49097361099109743
deep_cusp_mgga_3x16,fc,2,1,1.550000,0.49485397768019457,0.4863164927334565
deep_cusp_mgga_3x16,fc,2,1,1.575000,0.49042596383614934,0.4817660651453901
deep_cusp_mgga_3x16,fc,2,1,1.600000,0.48602449320749175,0.4773189032650351
deep_cusp_mgga_3x16,fc,2,1,1.625000,0.4816428099912442,0.4729717062172614
deep_cusp_mgga_3x16,fc,2,1,1.650000,0.4772765426724661,0.46872129349273167
deep_cusp_mgga_3x16,fc,2,1,1.675000,0.4729232842351391,0.4645646011503388
deep_cusp_mgga_3x16,fc,2,1,1.700000,0.4685821892346562,0.46049867798163124
deep_cusp_mgga_3x16,fc,2,1,1.725000,0.46425360494568557,0.456520681669137
deep_cusp_mgga_3x16,fc,2,1,1.750000,0.45993874639554355,0.45262787496481893
deep_cusp_mgga_3x16,fc,2,1,1.775000,0.4556394194121157,0.44881762191001456
deep_cusp_mgga_3x16,fc,2,1,1.800000,0.4513577917098841,0.44508738411410614
deep_cusp_mgga_3x16,fc,2,1,1.825000,0.4470962092840782,0.4414347171056468
deep_cusp_mgga_3x16,fc,2,1,1.850000,0.4428570537236338,0.43785726676671094
deep_cusp_mgga_3x16,fc,2,1,1.875000,0.43864263523049307,0.4343527658587303
deep_cusp_mgga_3x16,fc,2,1,1.900000,0.43445511591079966,0.43091903064596176
deep_cusp_mgga_3x16,fc,2,1,1.925000,0.43029645808396755,0.4275539576209672
deep_cusp_mgga_3x16,fc,2,1,1.950000,0.42616839278072427,0.42425552033500025
deep_cusp_mgga_3x16,fc,2,1,1.975000,0.42207240415319536,0.42102176633496174
deep_cusp_mgga_3x16,fc,2,1,2.000000,0.4180097261161273,0.4178508142075638
deep_cusp_mgga_3x16,fc,2,1,2.025000,0.4139813481242337,0.4147408507304974
deep_cusp_mgga_3x16,fc,2,1,2.050000,0.40998802753405905,0.4116901281297167
deep_cusp_mgga_3x16,fc,2,1,2.075000,0.4060303064831057,0.40869696144138795
deep_cusp_mgga_3x16,fc,2,1,2.100000,0.4021085316383516,0.4057597259766089
deep_cusp_mgga_3x16,fc,2,1,2.125000,0.3982228755215633,0.4028768548866527
deep_cusp_mgga_3x16,fc,2,1,2.150000,0.39437335841467613,0.40004683682621295
deep_cusp_mgga_3x16,fc,2,1,2.175000,0.39055987009158366,0.3972682137119251
deep_cusp_mgga_3x16,fc,2,1,2.200000,0.3867821908201251,0.39453957857328703
deep_cusp_mgga_3x16,fc,2,1,2.225000,0.383040011236923,0.3918595734929977
deep_cusp_mgga_3x16,fc,2,1,2.250000,0.37933295082440865,0.3892268876336721
deep_cusp_mgga_3x16,fc,2,1,2.275000,0.37566057481951987,0.38664025534786034
deep_cusp_mgga_3x16,fc,2,1,2.300000,0.37202240946200615,0.38409845436829027
deep_cusp_mgga_3x16,fc,2,1,2.325000,0.3684179555510406,0.3816003040752743
deep_cusp_mgga_3x16,fc,2,1,2.350000,0.3648467003252944,0.3791446638382631
deep_cusp_mgga_3x16,fc,2,1,2.375000,0.3613081277165068,0.37673043142856466
deep_cusp_mgga_3x16,fc,2,1,2.400000,0.35780172705212177,0.3743565415003257
deep_cusp_mgga_3x16,fc,2,1,2.425000,0.3543270003006078,0.37202196413693345
deep_cusp_mgga_3x16,fc,2,1,2.450000,0.35088346796509806,0.36972570346007544
deep_cusp_mgga_3x16,fc,2,1,2.475000,0.3474706737381992,0.36746679629878193
deep_cusp_mgga_3x16,fc,2,1,2.500000,0.3440881880342166,0.36524431091585596
deep_cusp_mgga_3x16,fc,2,1,2.525000,0.34073561051544987,0.3630573457891894
deep_cusp_mgga_3x16,fc,2,1,2.550000,0.33741257172724315,0.36090502844555156
deep_cusp_mgga_3x16,fc,2,1,2.575000,0.3341187339527494,0.35878651434452946
deep_cusp_mgga_3x16,fc,2,1,2.600000,0.3308537913932694,0.35670098581038173
deep_cusp_mgga_3x16,fc,2,1,2.625000,0.327617469773962,0.3546476510096695
deep_cusp_mgga_3x16,fc,2,1,2.650000,0.3244095254679884,0.3526257429726038
deep_cusp_mgga_3x16,fc,2,1,2.675000,0.3212297442249943,0.3506345186561396
deep_cusp_mgga_3x16,fc,2,1,2.700000,0.31807793958246444,0.34867325804693405
deep_cusp_mgga_3x16,fc,2,1,2.725000,0.31495395103106616,0.3467412633023611
deep_cusp_mgga_3x16,fc,2,1,2.750000,0.3118576419977561,0.3448378579278594
deep_cusp_mgga_3x16,fc,2,1,2.775000,0.3087888977032933,0.34296238598896517
deep_cusp_mgga_3x16,fc,2,1,2.800000,0.30574762294393376,0.34111421135645564
deep_cusp_mgga_3x16,fc,2,1,2.825000,0.3027337398405514,0.33929271698309965
deep_cusp_mgga_3x16,fc,2,1,2.850000,0.29974718559229474,0.3374973042105832
deep_cusp_mgga_3x16,fc,2,1,2.875000,0.2967879102661781,0.33572739210524005
deep_cusp_mgga_3x16,fc,2,1,2.900000,0.2938558746487111,0.33398241682128416
deep_cusp_mgga_3x16,fc,2,1,2.925000,0.29095104818084905,0.33226183099029705
deep_cusp_mgga_3x16,fc,2,1,2.950000,0.2880734069931644,0.3305651031357905
deep_cusp_mgga_3x16,fc,2,1,2.975000,0.2852229320541966,0.3288917171117058
deep_cusp_mgga_3x16,fc,2,1,3.000000,0.2823996074414403,0.3272411715637788
deep_cusp_mgga_3x16,fc,2,1,3.025000,0.27960341874132777,0.325612979412743
deep_cusp_mgga_3x16,fc,2,1,3.050000,0.27683435158188163,0.32400666735839034
deep_cusp_mgga_3x16,fc,2,1,3.075000,0.27409239029936816,0.3224217754035607
deep_cusp_mgga_3x16,fc,2,1,3.100000,0.27137751673832256,0.3208578563971705
deep_cusp_mgga_3x16,fc,2,1,3.125000,0.2686897091826418,0.31931447559543635
deep_cusp_mgga_3x16,fc,2,1,3.150000,0.2660289414140842,0.31779121024048645
deep_cusp_mgga_3x16,fc,2,1,3.175000,0.2633951818934013,0.31628764915559354
deep_cusp_mgga_3x16,fc,2,1,3.200000,0.26078839305848756,0.31480339235629645
deep_cusp_mgga_3x16,fc,2,1,3.225000,0.25820853073324956,0.31333805067671594
deep_cusp_mgga_3x16,fc,2,1,3.250000,0.2556555436404673,0.3118912454103982
deep_cusp_mgga_3x16,fc,2,1,3.275000,0.25312937301160165,0.3104626079650559
deep_cusp_mgga_3x16,fc,2,1,3.300000,0.25062995228634666,0.3090517795306019
deep_cusp_mgga_3x16,fc,2,1,3.325000,0.24815720689469378,0.3076584107599022
deep_cusp_mgga_3x16,fc,2,1,3.350000,0.24571105411433714,0.3062821614617
deep_cusp_mgga_3x16,fc,2,1,3.375000,0.24329140299639196,0.3049227003051915
deep_cusp_mgga_3x16,fc,2,1,3.400000,0.24089815435261797,0.30357970453574934
deep_cusp_mgga_3x16,fc,2,1,3.425000,0.2385312007976066,0.30225285970132765
deep_cusp_mgga_3x16,fc,2,1,3.450000,0.23619042683970237,0.3009418593890887
deep_cusp_mgga_3x16,fc,2,1,3.475000,0.23387570901475574,0.2996464049718257
deep_cusp_mgga_3x16,fc,2,1,3.500000,0.23158691605718662,0.2983662053637661
deep_cusp_mgga_3x16,fc,2,1,3.525000,0.22932390910318134,0.2971009767853637
deep_cusp_mgga_3x16,fc,2,1,3.550000,0.22708654192123956,0.2958504425367076
deep_cusp_mgga_3x16,fc,2,1,3.575000,0.22487466116565424,0.29461433277918625
deep_cusp_mgga_3x16,fc,2,1,3.600000,0.22268810664887484,0.29339238432506953
deep_cusp_mgga_3x16,fc,2,1,3.625000,0.2205267116290599,0.29218434043467995
deep_cusp_mgga_3x16,fc,2,1,3.650000,0.21839030310947938,0.29098995062084504
deep_cusp_mgga_3x16,fc,2,1,3.675000,0.2162787021467355,0.2898089704603319
deep_cusp_mgga_3x16,fc,2,1,3.700000,0.2141917241651088,0.28864116141198104
deep_cusp_mgga_3x16,fc,2,1,3.725000,0.21212917927460262,0.28748629064127096
deep_cusp_mgga_3x16,fc,2,1,3.750000,0.21009087259055803,0.2863441308510491
deep_cusp_mgga_3x16,fc,2,1,3.775000,0.20807660455294563,0.2852144601181904
deep_cusp_mgga_3x16,fc,2,1,3.800000,0.20608617124368855,0.2840970617359392
deep_cusp_mgga_3x16,fc,2,1,3.825000,0.20411936470058845,0.28299172406171447
deep_cusp_mgga_3x16,fc,2,1,3.850000,0.20217597322661596,0.28189824037015937
deep_cusp_mgga_3x16,fc,2,1,3.875000,0.20025578169351643,0.2808164087112307
deep_cusp_mgga_3x16,fc,2,1,3.900000,0.19835857183884564,0.2797460317731291
deep_cusp_mgga_3x16,fc,2,1,3.925000,0.19648412255568815,0.278686916749883
deep_cusp_mgga_3x16,fc,2,1,3.950000,0.1946322101744633,0.27763887521340663
deep_cusp_mgga_3x16,fc,2,1,3.975000,0.19280260873632193,0.27660172298985414
deep_cusp_mgga_3x16,fc,2,1,4.000000,0.19099509025775974,0.2755752800401125
deep_cusp_mgga_3x16,fc,2,1,4.025000,0.1892094249861589,0.2745593703442679
deep_cusp_mgga_3x16,fc,2,1,4.050000,0.18744538164605618,0.27355382178989796
deep_cusp_mgga_3x16,fc,2,1,4.075000,0.18570272767600582,0.2725584660640442
deep_cusp_mgga_3x16,fc,2,1,4.100000,0.18398122945597684,0.2715731385487246
deep_cusp_mgga_3x16,fc,2,1,4.125000,0.18228065252527115,0.27059767821985464
deep_cusp_mgga_3x16,fc,2,1,4.150000,0.18060076179100037,0.2696319275494482
deep_cusp_mgga_3x16,fc,2,1,4.175000,0.178941321727208,0.2686757324109783
deep_cusp_mgga_3x16,fc,2,1,4.200000,0.1773020965647455,0.2677289419877766
deep_cusp_mgga_3x16,fc,2,1,4.225000,0.17568285047204968,0.2667914086843645
deep_cusp_mgga_3x16,fc,2,1,4.250000,0.17408334772699585,0.2658629880406043
deep_cusp_mgga_3x16,fc,2,1,4.275000,0.1725033528800135,0.2649435386485696
deep_cusp_mgga_3x16,fc,2,1,4.300000,0.17094263090867312,0.26403292207203394
deep_cusp_mgga_3x16,fc,2,1,4.325000,0.1694009473639696,0.26313100276848567
deep_cusp_mgga_3x16,fc,2,1,4.350000,0.16787806850853126,0.2622376480135749
deep_cusp_mgga_3x16,fc,2,1,4.375000,0.16637376144699556,0.261352727827909
deep_cusp_mgga_3x16,fc,2,1,4.400000,0.1648877942487974,0.2604761149061068
deep_cusp_mgga_3x16,fc,2,1,4.425000,0.16341993606362393,0.25960768454803845
deep_cusp_mgga_3x16,fc,2,1,4.450000,0.16196995722978014,0.2587473145921683
deep_cusp_mgga_3x16,fc,2,1,4.475000,0.1605376293757248,0.257894885350928
deep_cusp_mgga_3x16,fc,2,1,4.500000,0.15912272551502693,0.25705027954804943
deep_cusp_mgga_3x16,fc,2,1,4.525000,0.15772502013498846,0.25621338225778867
deep_cusp_mgga_3x16,fc,2,1,4.550000,0.15634428927918909,0.25538408084597464
deep_cusp_mgga_3x16,fc,2,1,4.575000,0.15498031062418682,0.2545622649128204
deep_cusp_mgga_3x16,fc,2,1,4.600000,0.15363286355062522,0.25374782623743414
deep_cusp_mgga_3x16,fc,2,1,4.625000,0.15230172920897223,0.2529406587239747
deep_cusp_mgga_3x16,fc,2,1,4.650000,0.15098669058012804,0.252140658349393
deep_cusp_mgga_3x16,fc,2,1,4.675000,0.149687532531124,0.2513477231127058
deep_cusp_mgga_3x16,fc,2,1,4.700000,0.1484040418661302,0.2505617529857525
deep_cusp_mgga_3x16,fc,2,1,4.725000,0.14713600737298727,0.24978264986537968
deep_cusp_mgga_3x16,fc,2,1,4.750000,0.14588321986546826,0.24901031752701194
deep_cusp_mgga_3x16,fc,2,1,4.775000,0.1446454722214715,0.24824466157955616
deep_cusp_mgga_3x16,fc,2,1,4.800000,0.14342255941733728,0.24748558942160173
deep_cusp_mgga_3x16,fc,2,1,4.825000,0.14221427855848168,0.24673301019886745
deep_cusp_mgga_3x16,fc,2,1,4.850000,0.14102042890652033,0.2459868347628584
deep_cusp_mgga_3x16,fc,2,1,4.875000,0.13984081190306985,0.24524697563069034
deep_cusp_mgga_3x16,fc,2,1,4.900000,0.13867523119038472,0.24451334694604612
deep_cusp_mgga_3x16,fc,2,1,4.925000,0.13752349262900088,0.24378586444122397
deep_cusp_mgga_3x16,fc,2,1,4.950000,0.13638540431253998,0.2430644454002464
deep_cusp_mgga_3x16,fc,2,1,4.975000,0.1352607765798255,0.24234900862299066
deep_cusp_mgga_3x16,fc,2,1,5.000000,0.13414942202445834,0.2416394743903123
deep_cusp_mgga_3x16,fc,2,1,5.025000,0.13305115550198965,0.24093576443012776
deep_cusp_mgga_3x16,fc,2,1,5.050000,0.13196579413482512,0.24023780188442595
deep_cusp_mgga_3x16,fc,2,1,5.075000,0.13089315731499174,0.23954551127717988
deep_cusp_mgga_3x16,fc,2,1,5.100000,0.1298330667048877,0.23885881848312807
deep_cusp_mgga_3x16,fc,2,1,5.125000,0.1287853462361359,0.23817765069740152
deep_cusp_mgga_3x16,fc,2,1,5.150000,0.12774982210665264,0.23750193640596662
deep_cusp_mgga_3x16,fc,2,1,5.175000,0.12672632277604212,0.2368316053568613
deep_cusp_mgga_3x16,fc,2,1,5.200000,0.12571467895941768,0.2361665885321971
deep_cusp_mgga_3x16,fc,2,1,5.225000,0.12471472361975178,0.23550681812090557
deep_cusp_mgga_3x16,fc,2,1,5.250000,0.12372629195884643,0.2348522274922058
deep_cusp_mgga_3x16,fc,2,1,5.275000,0.12274922140701905,0.2342027511697695
deep_cusp_mgga_3x16,fc,2,1,5.300000,0.12178335161158405,0.23355832480656416
deep_cusp_mgga_3x16,fc,2,1,5.325000,0.12082852442421776,0.23291888516035325
deep_cusp_mgga_3x16,fc,2,1,5.350000,0.11988458388728274,0.23228437006983182
deep_cusp_mgga_3x16,fc,2,1,5.375000,0.11895137621918661,0.23165471843138197
deep_cusp_mgga_3x16,fc,2,1,5.400000,0.11802874979884626,0.23102987017642448
deep_cusp_mgga_3x16,fc,2,1,5.425000,0.1171165551493275,0.2304097662493547
deep_cusp_mgga_3x16,fc,2,1,5.450000,0.11621464492072009,0.22979434858604042
deep_cusp_mgga_3x16,fc,2,1,5.475000,0.11532287387231499,0.22918356009286728
deep_cusp_mgga_3x16,fc,2,1,5.500000,0.11444109885413778,0.2285773446263154
deep_cusp_mgga_3x16,fc,2,1,5.525000,0.11356917878789607,0.22797564697305178
deep_cusp_mgga_3x16,fc,2,1,5.550000,0.11270697464739254,0.22737841283052157
deep_cusp_mgga_3x16,fc,2,1,5.575000,0.1118543494384523,0.226785588788027
deep_cusp_mgga_3x16,fc,2,1,5.600000,0.11101116817841394,0.22619712230827665
deep_cusp_mgga_3x16,fc,2,1,5.625000,0.11017729787522934,0.22561296170939235
deep_cusp_mgga_3x16,fc,2,1,5.650000,0.10935260750621134,0.22503305614736244
deep_cusp_mgga_3x16,fc,2,1,5.675000,0.10853696799647172,0.22445735559892538
deep_cusp_mgga_3x16,fc,2,1,5.700000,0.10773025219708876,0.22388581084487277
deep_cusp_mgga_3x16,fc,2,1,5.725000,0.1069323348630371,0.22331837345376276
deep_cusp_mgga_3x16,fc,2,1,5.750000,0.10614309263091504,0.22275499576602592
deep_cusp_mgga_3x16,fc,2,1,5.775000,0.10536240399650365,0.22219563087845898
deep_cusp_mgga_3x16,fc,2,1,5.800000,0.10459014929218291,0.22164023262909055
deep_cusp_mgga_3x16,fc,2,1,5.825000,0.10382621066423792,0.2210887555824118
deep_cusp_mgga_3x16,fc,2,1,5.850000,0.10307047205007913,0.22054115501495927
deep_cusp_mgga_3x16,fc,2,1,5.875000,0.10232281915540342,0.21999738690124393
deep_cusp_mgga_3x16,fc,2,1,5.900000,0.10158313943131803,0.21945740790001048
deep_cusp_mgga_3x16,fc,2,1,5.925000,0.10085132205145042,0.21892117534082484
deep_cusp_mgga_3x16,fc,2,1,5.950000,0.1001272578890664,0.2183886472109757
deep_cusp_mgga_3x16,fc,2,1,5.975000,0.09941083949421281,0.2178597821426839
deep_cusp_mgga_3x16,fc,2,1,6.000000,0.09870196107090512,0.21733453940061145
deep_cusp_mgga_3x16,fc,5,1,0.000000,1.0,0.9999990149527557
deep_cusp_mgga_3x16,fc,5,1,0.025000,0.9999557424859842,0.9996454650158665
deep_cusp_mgga_3x16,fc,5,1,0.050000,0.9996505394483439,0.9985877903808377
deep_cusp_mgga_3x16,fc,5,1,0.075000,0.9988363737121394,0.9968348457593228
deep_cusp_mgga_3x16,fc,5,1,0.100000,0.9972799237266324,0.994401156254488
deep_cusp_mgga_3x16,fc,5,1,0.125000,0.99476326990143,0.991306579538298
deep_cusp_mgga_3x16,fc,5,1,0.150000,0.9910847009258568,0.9875758546215633
deep_cusp_mgga_3x16,fc,5,1,0.175000,0.9860597040008094,0.9832380569823586
deep_cusp_mgga_3x16,fc,5,1,0.200000,0.9795222668770481,0.9783259829140583
deep_cusp_mgga_3x16,fc,5,1,0.225000,0.9713266585179426,0.9728754875211882
deep_cusp_mgga_3x16,fc,5,1,0.250000,0.9613498841381797,0.9669248008460498
deep_cusp_mgga_3x16,fc,5,1,0.275000,0.9494950233752237,0.9605138452979184
deep_cusp_mgga_3x16,fc,5,1,0.300000,0.935695649113414,0.9536835751252656
deep_cusp_mgga_3x16,fc,5,1,0.325000,0.9199214771626006,0.9464753554267609
deep_cusp_mgga_3x16,fc,5,1,0.350000,0.9021852979533324,0.9389303944673031
deep_cusp_mgga_3x16,fc,5,1,0.375000,0.8825510728041929,0.9310892391657972
deep_cusp_mgga_3x16,fc,5,1,0.400000,0.8611428239100587,0.9229913398257114
deep_cusp_mgga_3x16,fc,5,1,0.425000,0.8381536056460991,0.9146746867032198
deep_cusp_mgga_3x16,fc,5,1,0.450000,0.8138534373672968,0.9061755180009162
deep_cusp_mgga_3x16,fc,5,1,0.475000,0.7885946675767845,0.8975280964230576
deep_cusp_mgga_3x16,fc,5,1,0.500000,0.7628129378489743,0.8887645495592437
deep_cusp_mgga_3x16,fc,5,1,0.525000,0.7370218705359022,0.8799147680594598
deep_cusp_mgga_3x16,fc,5,1,0.550000,0.711799957326553,0.8710063547732961
deep_cusp_mgga_3x16,fc,5,1,0.575000,0.6877689328812999,0.8620646176776797
deep_cusp_mgga_3x16,fc,5,1,0.600000,0.6655640760974265,0.8531125994283771
deep_cusp_mgga_3x16,fc,5,1,0.625000,0.6457981115892724,0.8441711366572578
deep_cusp_mgga_3x16,fc,5,1,0.650000,0.6290213303937467,0.8352589426212103
deep_cusp_mgga_3x16,fc,5,1,0.675000,0.6156809972990457,0.8263927074201369
deep_cusp_mgga_3x16,fc,5,1,0.700000,0.6060832117483128,0.8175872106821805
deep_cusp_mgga_3x16,fc,5,1,0.725000,0.6003606834215272,0.8088554423176804
deep_cusp_mgga_3x16,fc,5,1,0.750000,0.5984509709327629,0.8002087276340036
deep_cusp_mgga_3x16,fc,5,1,0.775000,0.6000915694882252,0.7916568537562961
deep_cusp_mgga_3x16,fc,5,1,0.800000,0.6048394476463261,0.7832081948979432
deep_cusp_mgga_3x16,fc,5,1,0.825000,0.6121205951298779,0.7748698345598082
deep_cusp_mgga_3x16,fc,5,1,0.850000,0.6213075536623229,0.7666476832053
deep_cusp_mgga_3x16,fc,5,1,0.875000,0.6318106077908034,0.7585465903592546
deep_cusp_mgga_3x16,fc,5,1,0.900000,0.643157111834061,0.7505704504155506
deep_cusp_mgga_3x16,fc,5,1,0.925000,0.655031793791335,0.742722301716235
deep_cusp_mgga_3x16,fc,5,1,0.950000,0.6672634312525774,0.7350044186896625
deep_cusp_mgga_3x16,fc,5,1,0.975000,0.6797652722640555,0.7274183970131036
deep_cusp_mgga_3x16,fc,5,1,1.000000,0.6924556977872609,0.7199652319029054
deep_cusp_mgga_3x16,fc,5,1,1.025000,0.7051910757996547,0.7126453897386826
deep_cusp_mgga_3x16,fc,5,1,1.050000,0.7177330517337862,0.7054588733028593
deep_cusp_mgga_3x16,fc,5,1,1.075000,0.7297552080130228,0.6984052809682795
deep_cusp_mgga_3x16,fc,5,1,1.100000,0.7408789531681016,0.6914838601990331
deep_cusp_mgga_3x16,fc,5,1,1.125000,0.750721533260456,0.6846935557470246
deep_cusp_mgga_3x16,fc,5,1,1.150000,0.7589403984743736,0.6780330529324223
deep_cusp_mgga_3x16,fc,5,1,1.175000,0.7652643632903299,0.6715008163927761
deep_cusp_mgga_3x16,fc,5,1,1.200000,0.7695089491398701,0.6650951246755552
deep_cusp_mgga_3x16,fc,5,1,1.225000,0.7715782423499115,0.6588141010340396
deep_cusp_mgga_3x16,fc,5,1,1.250000,0.7714577327961338,0.6526557407683822
deep_cusp_mgga_3x16,fc,5,1,1.275000,0.769202524862806,0.6466179354334792
deep_cusp_mgga_3x16,fc,5,1,1.300000,0.7649241336917622,0.6406984942139579
deep_cusp_mgga_3x16,fc,5,1,1.325000,0.7587777152926677,0.6348951627448584
deep_cusp_mgga_3x16,fc,5,1,1.350000,0.75095051923978,0.6292056396349859
deep_cusp_mgga_3x16,fc,5,1,1.375000,0.7416517225383216,0.6236275909288448
deep_cusp_mgga_3x16,fc,5,1,1.400000,0.7311035294327248,0.6181586627228287
deep_cusp_mgga_3x16,fc,5,1,1.425000,0.7195333711881615,0.6127964921321176
deep_cusp_mgga_3x16,fc,5,1,1.450000,0.7071670931489551,0.6075387167866465
deep_cusp_mgga_3x16,fc,5,1,1.475000,0.6942230929187776,0.6023829830176339
deep_cusp_mgga_3x16,fc,5,1,1.500000,0.6809074297088513,0.5973269528804983
deep_cusp_mgga_3x16,fc,5,1,1.525000,0.6674099448321855,0.5923683101455629
deep_cusp_mgga_3x16,fc,5,1,1.550000,0.65390141869723,0.587504765374695
deep_cusp_mgga_3x16,fc,5,1,1.575000,0.6405317514694754,0.5827340601899168
deep_cusp_mgga_3x16,fc,5,1,1.600000,0.6274291067394963,0.5780539708289968
deep_cusp_mgga_3x16,fc,5,1,1.625000,0.6146999125195063,0.5734623110730128
deep_cusp_mgga_3x16,fc,5,1,1.650000,0.602429580269728,0.5689569346218099
deep_cusp_mgga_3x16,fc,5,1,1.675000,0.590683784454231,0.5645357369850825
deep_cusp_mgga_3x16,fc,5,1,1.700000,0.5795101424022447,0.5601966569494266
deep_cusp_mgga_3x16,fc,5,1,1.725000,0.5689401443686314,0.5559376776750583
deep_cusp_mgga_3x16,fc,5,1,1.750000,0.5589912027074431,0.5517568274699277
deep_cusp_mgga_3x16,fc,5,1,1.775000,0.5496687129012969,0.5476521802836081
deep_cusp_mgga_3x16,fc,5,1,1.800000,0.5409680443178784,0.543621855958531
deep_cusp_mgga_3x16,fc,5,1,1.825000,0.5328764024130569,0.5396640202718658
deep_cusp_mgga_3x16,fc,5,1,1.850000,0.5253745250582295,0.5357768847974943
deep_cusp_mgga_3x16,fc,5,1,1.875000,0.5184381929618873,0.5319587066141122
deep_cusp_mgga_3x16,fc,5,1,1.900000,0.5120395476286768,0.5282077878824455
deep_cusp_mgga_3x16,fc,5,1,1.925000,0.5061482202058182,0.5245224753118387
deep_cusp_mgga_3x16,fc,5,1,1.950000,0.5007322813822013,0.5209011595340554
deep_cusp_mgga_3x16,fc,5,1,1.975000,0.49575902679282846,0.517342274399984
deep_cusp_mgga_3x16,fc,5,1,2.000000,0.4911956147011137,0.5138442962130143
deep_cusp_mgga_3x16,fc,5,1,2.025000,0.487009573590665,0.5104057429111634
deep_cusp_mgga_3x16,fc,5,1,2.050000,0.48316919712500805,0.5070251732085082
deep_cusp_mgga_3x16,fc,5,1,2.075000,0.4796438430729262,0.5037011857051521
deep_cusp_mgga_3x16,fc,5,1,2.100000,0.4764041515143129,0.5004324179737605
deep_cusp_mgga_3x16,fc,5,1,2.125000,0.4734221961336982,0.4972175456296509
deep_cusp_mgga_3x16,fc,5,1,2.150000,0.4706715808166645,0.4940552813904952
deep_cusp_mgga_3x16,fc,5,1,2.175000,0.4681274921845331,0.4909443741308621
deep_cusp_mgga_3x16,fc,5,1,2.200000,0.4657667171975659,0.4878836079361111
deep_cusp_mgga_3x16,fc,5,1,2.225000,0.46356763356427777,0.48487180115949635
deep_cusp_mgga_3x16,fc,5,1,2.250000,0.4615101794342582,0.48190780548578205
deep_cusp_mgga_3x16,fc,5,1,2.275000,0.45957580773172846,0.47899050500416546
deep_cusp_mgga_3x16,fc,5,1,2.300000,0.45774742950628977,0.4761188152928677
deep_cusp_mgga_3x16,fc,5,1,2.325000,0.4560093498299218,0.473291682517367
deep_cusp_mgga_3x16,fc,5,1,2.350000,0.454347199045964,0.47050808254390697
deep_cusp_mgga_3x16,fc,5,1,2.375000,0.4527478615656735,0.46776702006961846
deep_cusp_mgga_3x16,fc,5,1,2.400000,0.4511994038991549,0.4650675277703309
deep_cusp_mgga_3x16,fc,5,1,2.425000,0.4496910031882768,0.4624086654669244
deep_cusp_mgga_3x16,fc,5,1,2.450000,0.44821287716816394,0.4597895193108712
deep_cusp_mgga_3x16,fc,5,1,2.475000,0.44675621621024475,0.45720920098944784
deep_cusp_mgga_3x16,fc,5,1,2.500000,0.4453131178836607,0.4546668469509451
deep_cusp_mgga_3x16,fc,5,1,2.525000,0.4438765243040752,0.4521616176500745
deep_cusp_mgga_3x16,fc,5,1,2.550000,0.44244016241146045,0.44969269681366114
deep_cusp_mgga_3x16,fc,5,1,2.575000,0.44099848722401336,0.4472592907266093
deep_cusp_mgga_3x16,fc,5,1,2.600000,0.439546628047773,0.44486062753805344
deep_cusp_mgga_3x16,fc,5,1,2.625000,0.4380803375752089,0.44249595658753055
deep_cusp_mgga_3x16,fc,5,1,2.650000,0.4365959437764261,0.4401645477509543
deep_cusp_mgga_3x16,fc,5,1,2.675000,0.43509030446971275,0.4378656908061182
deep_cusp_mgga_3x16,fc,5,1,2.700000,0.4335607644506534,0.4355986948174173
deep_cusp_mgga_3x16,fc,5,1,2.725000,0.43200511505823513,0.4333628875394389
deep_cusp_mgga_3x16,fc,5,1,2.750000,0.4304215560601192,0.43115761483905096
deep_cusp_mgga_3x16,fc,5,1,2.775000,0.42880865974580096,0.4289822401355888
deep_cusp_mgga_3x16,fc,5,1,2.800000,0.4271653371244031,0.4268361438587218
deep_cusp_mgga_3x16,fc,5,1,2.825000,0.42549080613235213,0.4247187229235841
deep_cusp_mgga_3x16,fc,5,1,2.850000,0.42378456176446777,0.42262939022271595
deep_cusp_mgga_3x16,fc,5,1,2.875000,0.42204634804954866,0.42056757413438567
deep_cusp_mgga_3x16,fc,5,1,2.900000,0.4202761317980904,0.4185327180468393
deep_cusp_mgga_3x16,fc,5,1,2.925000,0.41847407805517645,0.4165242798980287
deep_cusp_mgga_3x16,fc,5,1,2.950000,0.41664052719579014,0.4145417317303747
deep_cusp_mgga_3x16,fc,5,1,2.975000,0.414775973602882,0.4125845592601183
deep_cusp_mgga_3x16,fc,5,1,3.000000,0.4128810458705665,0.41065226146082096
deep_cusp_mgga_3x16,fc,5,1,3.025000,0.4109564884760062,0.408744350160579
deep_cusp_mgga_3x16,fc,5,1,3.050000,0.40900314486398326,0.40686034965252166
deep_cusp_mgga_3x16,fc,5,1,3.075000,0.4070219418880636,0.40499979631817745
deep_cusp_mgga_3x16,fc,5,1,3.100000,0.40501387555178936,0.40316223826329
deep_cusp_mgga_3x16,fc,5,1,3.125000,0.40297999799262807,0.40134723496568275
deep_cusp_mgga_3x16,fc,5,1,3.150000,0.4009214056506124,0.3995543569347777
deep_cusp_mgga_3x16,fc,5,1,3.175000,0.39883922856286125,0.3977831853823812
deep_cusp_mgga_3x16,fc,5,1,3.200000,0.39673462072452925,0.39603331190436375
deep_cusp_mgga_3x16,fc,5,1,3.225000,0.3946087514563078,0.3943043381728628
deep_cusp_mgga_3x16,fc,5,1,3.250000,0.39246279771844905,0.39259587563866183
deep_cusp_mgga_3x16,fc,5,1,3.275000,0.39029793731140316,0.3909075452433913
deep_cusp_mgga_3x16,fc,5,1,3.300000,0.38811534290362304,0.38923897714122113
deep_cusp_mgga_3x16,fc,5,1,3.325000,0.38591617682785595,0.38758981042971863
deep_cusp_mgga_3x16,fc,5,1,3.350000,0.38370158658834996,0.38595969288955584
deep_cusp_mgga_3x16,fc,5,1,3.375000,0.38147270102277986,0.38434828073276117
deep_cusp_mgga_3x16,fc,5,1,3.400000,0.3792306270643735,0.3827552383592205
deep_cusp_mgga_3x16,fc,5,1,3.425000,0.3769764470516398,0.3811802381211392
deep_cusp_mgga_3x16,fc,5,1,3.450000,0.3747112165352129,0.3796229600951923
deep_cusp_mgga_3x16,fc,5,1,3.475000,0.37243596253364086,0.3780830918620921
deep_cusp_mgga_3x16,fc,5,1,3.500000,0.3701516821923898,0.3765603282933156
deep_cusp_mgga_3x16,fc,5,1,3.525000,0.36785934180286795,0.3750543713447426
deep_cusp_mgga_3x16,fc,5,1,3.550000,0.36555987614090923,0.3735649298569645
deep_cusp_mgga_3x16,fc,5,1,3.575000,0.36325418808678545,0.3720917193620273
deep_cusp_mgga_3x16,fc,5,1,3.600000,0.360943148491496,0.3706344618963883
deep_cusp_mgga_3x16,fc,5,1,3.625000,0.3586275962567035,0.36919288581986776
deep_cusp_mgga_3x16,fc,5,1,3.650000,0.3563083385982845,0.36776672564038704
deep_cusp_mgga_3x16,fc,5,1,3.675000,0.35398615146599677,0.36635572184428994
deep_cusp_mgga_3x16,fc,5,1,3.700000,0.35166178009420457,0.3649596207320557
deep_cusp_mgga_3x16,fc,5,1,3.725000,0.34933593966094567,0.3635781742592128
deep_cusp_mgga_3x16,fc,5,1,3.750000,0.34700931603488083,0.36221113988227666
deep_cusp_mgga_3x16,fc,5,1,3.775000,0.3446825665917813,0.3608582804095324
deep_cusp_mgga_3x16,fc,5,1,3.800000,0.3423563210842018,0.35951936385649846
deep_cusp_mgga_3x16,fc,5,1,3.825000,0.3400311825498845,0.3581941633059065
deep_cusp_mgga_3x16,fc,5,1,3.850000,0.3377077282461567,0.3568824567720446
deep_cusp_mgga_3x16,fc,5,1,3.875000,0.33538651059923485,0.3555840270693093
deep_cusp_mgga_3x16,fc,5,1,3.900000,0.3330680581588017,0.35429866168482543
deep_cusp_mgga_3x16,fc,5,1,3.925000,0.3307528765496238,0.35302615265499115
deep_cusp_mgga_3x16,fc,5,1,3.950000,0.3284414494132042,0.3517662964458161
deep_cusp_mgga_3x16,fc,5,1,3.975000,0.32613423933359176,0.35051889383692036
deep_cusp_mgga_3x16,fc,5,1,4.000000,0.3238316887425041,0.3492837498090728
deep_cusp_mgga_3x16,fc,5,1,4.025000,0.3215342207998204,0.34806067343514313
deep_cusp_mgga_3x16,fc,5,1,4.050000,0.3192422402463291,0.3468494777743586
deep_cusp_mgga_3x16,fc,5,1,4.075000,0.31695613422632096,0.34564997976974704
deep_cusp_mgga_3x16,fc,5,1,4.100000,0.3146762730782813,0.34446200014866274
deep_cusp_mgga_3x16,fc,5,1,4.125000,0.31240301109246893,0.3432853633262889
deep_cusp_mgga_3x16,fc,5,1,4.150000,0.31013668723466936,0.34211989731201875
deep_cusp_mgga_3x16,fc,5,1,4.175000,0.30787762583581846,0.34096543361861753
deep_cusp_mgga_3x16,fc,5,1,4.200000,0.3056261372475597,0.33982180717407245
deep_cusp_mgga_3x16,fc,5,1,4.225000,0.3033825184640877,0.3386888562360414
deep_cusp_mgga_3x16,fc,5,1,4.250000,0.301147053710889,0.33756642230881523
deep_cusp_mgga_3x16,fc,5,1,4.275000,0.2989200150011988,0.3364543500627077
deep_cusp_mgga_3x16,fc,5,1,4.300000,0.2967016626611563,0.3353524872557952
deep_cusp_mgga_3x16,fc,5,1,4.325000,0.29449224582476585,0.3342606846579296
deep_cusp_mgga_3x16,fc,5,1,4.350000,0.29229200289989354,0.333178795976946
deep_cusp_mgga_3x16,fc,5,1,4.375000,0.29010116200656966,0.3321066777869978
deep_cusp_mgga_3x16,fc,5,1,4.400000,0.28791994138894206,0.33104418945894687
deep_cusp_mgga_3x16,fc,5,1,4.425000,0.28574854980224906,0.32999119309274394
deep_cusp_mgga_3x16,fc,5,1,4.450000,0.28358718687617435,0.32894755345173254
deep_cusp_mgga_3x16,fc,5,1,4.475000,0.2814360434559682,0.32791313789881793
deep_cusp_mgga_3x16,fc,5,1,4.500000,0.2792953019226825,0.3268878163344363
deep_cusp_mgga_3x16,fc,5,1,4.525000,0.2771651364938501,0.3258714611362714
deep_cusp_mgga_3x16,fc,5,1,4.550000,0.2750457135058971,0.324863947100658
deep_cusp_mgga_3x16,fc,5,1,4.575000,0.27293719167954544,0.32386515138562305
deep_cusp_mgga_3x16,fc,5,1,4.600000,0.2708397223693991,0.32287495345550876
deep_cusp_mgga_3x16,fc,5,1,4.625000,0.26875344979887283,0.3218932350271314
deep_cusp_mgga_3x16,fc,5,1,4.650000,0.26667851128155484,0.32091988001742017
deep_cusp_mgga_3x16,fc,5,1,4.675000,0.264615037430047,0.31995477449250154
deep_cusp_mgga_3x16,fc,5,1,4.700000,0.26256315235326677,0.31899780661817084
deep_cusp_mgga_3x16,fc,5,1,4.725000,0.2605229738431334,0.3180488666117171
deep_cusp_mgga_3x16,fc,5,1,4.750000,0.2584946135515116,0.31710784669505476
deep_cusp_mgga_3x16,fc,5,1,4.775000,0.2564781771582234,0.3161746410491227
deep_cusp_mgga_3x16,fc,5,1,4.800000,0.254473764530884,0.31524914576951185
deep_cusp_mgga_3x16,fc,5,1,4.825000,0.25248146987727416,0.31433125882328217
deep_cusp_mgga_3x16,fc,5,1,4.850000,0.2505013818908908,0.31342088000693685
deep_cusp_mgga_3x16,fc,5,1,4.875000,0.24853358389028712,0.31251791090550957
deep_cusp_mgga_3x16,fc,5,1,4.900000,0.24657815395275673,0.3116222548527418
deep_cusp_mgga_3x16,fc,5,1,4.925000,0.24463516504286875,0.31073381689230917
deep_cusp_mgga_3x16,fc,5,1,4.950000,0.24270468513632704,0.30985250374006773
deep_cusp_mgga_3x16,fc,5,1,4.975000,0.24078677733957787,0.30897822374729
deep_cusp_mgga_3x16,fc,5,1,5.000000,0.23888150000555908,0.30811088686486104
deep_cusp_mgga_3x16,fc,5,1,5.025000,0.2369889068459372,0.30725040460840314
deep_cusp_mgga_3x16,fc,5,1,5.050000,0.2351090470401649,0.30639669002430625
deep_cusp_mgga_3x16,fc,5,1,5.075000,0.23324196534163688,0.3055496576566333
deep_cusp_mgga_3x16,fc,5,1,5.100000,0.2313877021812114,0.30470922351487484
deep_cusp_mgga_3x16,fc,5,1,5.125000,0.2295462937683339,0.3038753050425315
deep_cusp_mgga_3x16,fc,5,1,5.150000,0.2277177721899606,0.30304782108649503
deep_cusp_mgga_3x16,fc,5,1,5.175000,0.225902165507481,0.30222669186720713
deep_cusp_mgga_3x16,fc,5,1,5.200000,0.22409949785179917,0.3014118389495745
deep_cusp_mgga_3x16,fc,5,1,5.225000,0.22230978951671665,0.30060318521461604
deep_cusp_mgga_3x16,fc,5,1,5.250000,0.22053305705075255,0.29980065483182117
deep_cusp_mgga_3x16,fc,5,1,5.275000,0.2187693133475076,0.29900417323219936
deep_cusp_mgga_3x16,fc,5,1,5.300000,0.21701856773467287,0.2982136670820024
deep_cusp_mgga_3x16,fc,5,1,5.325000,0.21528082606176524,0.2974290642570966
deep_cusp_mgga_3x16,fc,5,1,5.350000,0.2135560907866647,0.29665029381796965
deep_cusp_mgga_3x16,fc,5,1,5.375000,0.2118443610610128,0.29587728598535235
deep_cusp_mgga_3x16,fc,5,1,5.400000,0.21014563281452758,0.295109972116438
deep_cusp_mgga_3x16,fc,5,1,5.425000,0.20845989883827298,0.29434828468168495
deep_cusp_mgga_3x16,fc,5,1,5.450000,0.20678714886692218,0.2935921572421799
deep_cusp_mgga_3x16,fc,5,1,5.475000,0.2051273696600443,0.2928415244275539
deep_cusp_mgga_3x16,fc,5,1,5.500000,0.20348054508243185,0.2920963219144287
deep_cusp_mgga_3x16,fc,5,1,5.525000,0.20184665618349007,0.29135648640538486
deep_cusp_mgga_3x16,fc,5,1,5.550000,0.20022568127570084,0.2906219556084315
deep_cusp_mgga_3x16,fc,5,1,5.575000,0.19861759601216478,0.2898926682169676
deep_cusp_mgga_3x16,fc,5,1,5.600000,0.1970223734632328,0.28916856389021944
deep_cusp_mgga_3x16,fc,5,1,5.625000,0.19543998419222153,0.2884495832341424
deep_cusp_mgga_3x16,fc,5,1,5.650000,0.19387039633021785,0.28773566778277415
deep_cusp_mgga_3x16,fc,5,1,5.675000,0.1923135756499661,0.28702675998002475
deep_cusp_mgga_3x16,fc,5,1,5.700000,0.1907694856388329,0.286322803161895
deep_cusp_mgga_3x16,fc,5,1,5.725000,0.18923808757084326,0.2856237415391107
deep_cusp_mgga_3x16,fc,5,1,5.750000,0.18771934057778472,0.2849295201801586
deep_cusp_mgga_3x16,fc,5,1,5.775000,0.18621320171936384,0.28424008499471776
deep_cusp_mgga_3x16,fc,5,1,5.800000,0.18471962605240944,0.2835553827174724
deep_cusp_mgga_3x16,fc,5,1,5.825000,0.18323856669911898,0.282875360892298
deep_cusp_mgga_3x16,fc,5,1,5.850000,0.18176997491432534,0.28219996785680873
deep_cusp_mgga_3x16,fc,5,1,5.875000,0.18031380015178833,0.2815291527272585
deep_cusp_mgga_3x16,fc,5,1,5.900000,0.17886999012949223,0.2808628653837865
deep_cusp_mgga_3x16,fc,5,1,5.925000,0.17743849089394204,0.28020105645599513
deep_cusp_mgga_3x16,fc,5,1,5.950000,0.17601924688345516,0.2795436773088565
deep_cusp_mgga_3x16,fc,5,1,5.975000,0.17461220099042885,0.278890680028933
deep_cusp_mgga_3x16,fc,5,1,6.000000,0.17321729462258784,0.2782420174109092
deep_rung35ms_mgga_3x16,fx,,0,0.000000,1.1109496580736689,1.174
deep_rung35ms_mgga_3x16,fx,,0,0.025000,1.1109575251992814,1.1739999999999697
deep_rung35ms_mgga_3x16,fx,,0,0.050000,1.1110117525539578,1.1739999997117707
deep_rung35ms_mgga_3x16,fx,,0,0.075000,1.1111561978670754,1.1739999832816606
deep_rung35ms_mgga_3x16,fx,,0,0.100000,1.1114314768387037,1.1739998118858568
deep_rung35ms_mgga_3x16,fx,,0,0.125000,1.111874206093421,1.1739990186707916
deep_rung35ms_mgga_3x16,fx,,0,0.150000,1.1125160996946664,1.1739966782079427
deep_rung35ms_mgga_3x16,fx,,0,0.175000,1.1133829944954903,1.1739914307174975
deep_rung35ms_mgga_3x16,fx,,0,0.200000,1.1144938843804002,1.1739816048593708
deep_rung35ms_mgga_3x16,fx,,0,0.225000,1.1158600488245347,1.1739653659192677
deep_rung35ms_mgga_3x16,fx,,0,0.250000,1.1174843661337026,1.1739408470016728
deep_rung35ms_mgga_3x16,fx,,0,0.275000,1.119360903793361,1.173906248075868
deep_rung35ms_mgga_3x16,fx,,0,0.300000,1.121474873664324,1.1738599024257972
deep_rung35ms_mgga_3x16,fx,,0,0.325000,1.1238030237714816,1.173800315917155
deep_rung35ms_mgga_3x16,fx,,0,0.350000,1.1263145075511396,1.1737261857914447
deep_rung35ms_mgga_3x16,fx,,0,0.375000,1.1289722251096483,1.173636405071631
deep_rung35ms_mgga_3x16,fx,,0,0.400000,1.1317345735463948,1.1735300574458616
deep_rung35ms_mgga_3x16,fx,,0,0.425000,1.134557484142511,1.1734064062619238
deep_rung35ms_mgga_3x16,fx,,0,0.450000,1.1373965761674234,1.1732648802223025
deep_rung35ms_mgga_3x16,fx,,0,0.475000,1.1402092330278044,1.1731050575598443
deep_rung35ms_mgga_3x16,fx,,0,0.500000,1.1429564146528728,1.1729266498750575
deep_rung35ms_mgga_3x16,fx,,0,0.525000,1.145604060408283,1.1727294863871929
deep_rung35ms_mgga_3x16,fx,,0,0.550000,1.1481240005762203,1.1725134990516597
deep_rung35ms_mgga_3x16,fx,,0,0.575000,1.1504943663132547,1.1722787087915814
deep_rung35ms_mgga_3x16,fx,,0,0.600000,1.1526995514418898,1.1720252129544764
deep_rung35ms_mgga_3x16,fx,,0,0.625000,1.154729821894192,1.1717531740160276
deep_rung35ms_mgga_3x16,fx,,0,0.650000,1.1565806850734834,1.171462809497049
deep_rung35ms_mgga_3x16,fx,,0,0.675000,1.158252124757645,1.1711543830265692
deep_rung35ms_mgga_3x16,fx,,0,0.700000,1.1597477858736391,1.1708281964660416
deep_rung35ms_mgga_3x16,fx,,0,0.725000,1.1610741675335288,1.1704845830018829
deep_rung35ms_mgga_3x16,fx,,0,0.750000,1.16223986006564,1.1701239011122389
deep_rung35ms_mgga_3x16,fx,,0,0.775000,1.1632548462742258,1.1697465293166707
deep_rung35ms_mgga_3x16,fx,,0,0.800000,1.1641298787213015,1.169352861622596
deep_rung35ms_mgga_3x16,fx,,0,0.825000,1.164875940945278,1.1689433035887846
deep_rung35ms_mgga_3x16,fx,,0,0.850000,1.165503798270564,1.168518268933181
deep_rung35ms_mgga_3x16,fx,,0,0.875000,1.1660236412430043,1.1680781766193893
deep_rung35ms_mgga_3x16,fx,,0,0.900000,1.1664448211839806,1.1676234483629735
deep_rung35ms_mgga_3x16,fx,,0,0.925000,1.1667756733993784,1.1671545065051685
deep_rung35ms_mgga_3x16,fx,,0,0.950000,1.1670234201157297,1.1666717722075282
deep_rung35ms_mgga_3x16,fx,,0,0.975000,1.1671941429685535,1.1661756639264584
deep_rung35ms_mgga_3x16,fx,,0,1.000000,1.167292814090389,1.1656665961314685
deep_rung35ms_mgga_3x16,fx,,0,1.025000,1.1673233753195411,1.1651449782353507
deep_rung35ms_mgga_3x16,fx,,0,1.050000,1.1672888562512937,1.1646112137083935
deep_rung35ms_mgga_3x16,fx,,0,1.075000,1.167191523163187,1.1640656993521898
deep_rung35ms_mgga_3x16,fx,,0,1.100000,1.1670330517317509,1.163508824711651
deep_rung35ms_mgga_3x16,fx,,0,1.125000,1.166814716592299,1.1629409716065238
deep_rung35ms_mgga_3x16,fx,,0,1.150000,1.1665375901167094,1.1623625137660767
deep_rung35ms_mgga_3x16,fx,,0,1.175000,1.1662027415146126,1.161773816552685
deep_rung35ms_mgga_3x16,fx,,0,1.200000,1.1658114259519472,1.1611752367618726
deep_rung35ms_mgga_3x16,fx,,0,1.225000,1.1653652524113798,1.1605671224879528
deep_rung35ms_mgga_3x16,fx,,0,1.250000,1.1648663190633386,1.159949813045806
deep_rung35ms_mgga_3x16,fx,,0,1.275000,1.1643173063713443,1.159323638940552
deep_rung35ms_mgga_3x16,fx,,0,1.300000,1.163721521109155,1.1586889218779366
deep_rung35ms_mgga_3x16,fx,,0,1.325000,1.1630828886421287,1.1580459748091831
deep_rung35ms_mgga_3x16,fx,,0,1.350000,1.1624058956241095,1.1573951020048758
deep_rung35ms_mgga_3x16,fx,,0,1.375000,1.1616954899108252,1.1567365991531484
deep_rung35ms_mgga_3x16,fx,,0,1.400000,1.1609569482363447,1.1560707534780776
deep_rung35ms_mgga_3x16,fx,,0,1.425000,1.1601957244863674,1.1553978438747157
deep_rung35ms_mgga_3x16,fx,,0,1.450000,1.1594172919915644,1.1547181410576752
deep_rung35ms_mgga_3x16,fx,,0,1.475000,1.1586269922503254,1.1540319077205958
deep_rung35ms_mgga_3x16,fx,,0,1.500000,1.1578299002337076,1.153339398704175
deep_rung35ms_mgga_3x16,fx,,0,1.525000,1.1570307134335562,1.1526408611707666
deep_rung35ms_mgga_3x16,fx,,0,1.550000,1.1562336686138117,1.1519365347838304
deep_rung35ms_mgga_3x16,fx,,0,1.575000,1.1554424872581612,1.1512266518907446
deep_rung35ms_mgga_3x16,fx,,0,1.600000,1.1546603482772035,1.1505114377077155
deep_rung35ms_mgga_3x16,fx,,0,1.625000,1.1538898847945336,1.1497911105056975
deep_rung35ms_mgga_3x16,fx,,0,1.650000,1.1531332007898487,1.149065881796391
deep_rung35ms_mgga_3x16,fx,,0,1.675000,1.152391902959554,1.1483359565175384
deep_rung35ms_mgga_3x16,fx,,0,1.700000,1.1516671432294123,1.1476015332168448
deep_rung35ms_mgga_3x16,fx,,0,1.725000,1.1509596677705702,1.1468628042339688
deep_rung35ms_mgga_3x16,fx,,0,1.750000,1.1502698689894213,1.1461199558801156
deep_rung35ms_mgga_3x16,fx,,0,1.775000,1.1495978376668263,1.1453731686148423
deep_rung35ms_mgga_3x16,fx,,0,1.800000,1.148943413126261,1.1446226172197609
deep_rung35ms_mgga_3x16,fx,,0,1.825000,1.1483062299559732,1.1438684709688847
deep_rung35ms_mgga_3x16,fx,,0,1.850000,1.1476857603646342,1.143110893795409
deep_rung35ms_mgga_3x16,fx,,0,1.875000,1.1470813517002252,1.1423500444547745
deep_rung35ms_mgga_3x16,fx,,0,1.900000,1.1464922590084543,1.1415860766838877
deep_rung35ms_mgga_3x16,fx,,0,1.925000,1.1459176727589035,1.1408191393564204
deep_rung35ms_mgga_3x16,fx,,0,1.950000,1.1453567420378499,1.14004937663413
deep_rung35ms_mgga_3x16,fx,,0,1.975000,1.1448085936113799,1.139276928114168
deep_rung35ms_mgga_3x16,fx,,0,2.000000,1.1442723473157872,1.1385019289723721
deep_rung35ms_mgga_3x16,fx,,0,2.025000,1.1437471282476346,1.1377245101025515
deep_rung35ms_mgga_3x16,fx,,0,2.050000,1.1432320762145902,1.1369447982517829
deep_rung35ms_mgga_3x16,fx,,0,2.075000,1.1427263528793752,1.1361629161517686
deep_rung35ms_mgga_3x16,fx,,0,2.100000,1.1422291469900725,1.135378982646293
deep_rung35ms_mgga_3x16,fx,,0,2.125000,1.1417396780459086,1.134593112814844
deep_rung35ms_mgga_3x16,fx,,0,2.150000,1.1412571987022881,1.1338054180924624
deep_rung35ms_mgga_3x16,fx,,0,2.175000,1.1407809961748845,1.1330160063858914
deep_rung35ms_mgga_3x16,fx,,0,2.200000,1.1403103928615994,1.132224982186104
deep_rung35ms_mgga_3x16,fx,,0,2.225000,1.139844746364137,1.1314324466772876
deep_rung35ms_mgga_3x16,fx,,0,2.250000,1.1393834490581654,1.1306384978423718
deep_rung35ms_mgga_3x16,fx,,0,2.275000,1.1389259273326353,1.1298432305651835
deep_rung35ms_mgga_3x16,fx,,0,2.300000,1.1384716405946127,1.1290467367293173
deep_rung35ms_mgga_3x16,fx,,0,2.325000,1.1380200801156153,1.1282491053138093
deep_rung35ms_mgga_3x16,fx,,0,2.350000,1.1375707677785538,1.1274504224857038
deep_rung35ms_mgga_3x16,fx,,0,2.375000,1.1371232547705332,1.1266507716896004
deep_rung35ms_mgga_3x16,fx,,0,2.400000,1.1366771202555492,1.1258502337342684
deep_rung35ms_mgga_3x16,fx,,0,2.425000,1.1362319700521344,1.1250488868764206
deep_rung35ms_mgga_3x16,fx,,0,2.450000,1.135787435333896,1.1242468069017264
deep_rung35ms_mgga_3x16,fx,,0,2.475000,1.1353431713653317,1.1234440672031538
deep_rung35ms_mgga_3x16,fx,,0,2.500000,1.1348988562810258,1.1226407388567223
deep_rung35ms_mgga_3x16,fx,,0,2.525000,1.1344541899130758,1.1218368906947505
deep_rung35ms_mgga_3x16,fx,,0,2.550000,1.134008892669177,1.1210325893766737
deep_rung35ms_mgga_3x16,fx,,0,2.575000,1.1335627044620313,1.1202278994575188
deep_rung35ms_mgga_3x16,fx,,0,2.600000,1.133115383689491,1.119422883454104
deep_rung35ms_mgga_3x16,fx,,0,2.625000,1.1326667062640128,1.1186176019090446
deep_rung35ms_mgga_3x16,fx,,0,2.650000,1.1322164646894453,1.1178121134526344
deep_rung35ms_mgga_3x16,fx,,0,2.675000,1.1317644671828742,1.1170064748626771
deep_rung35ms_mgga_3x16,fx,,0,2.700000,1.1313105368391028,1.1162007411223307
deep_rung35ms_mgga_3x16,fx,,0,2.725000,1.1308545108353334,1.1153949654760382
deep_rung35ms_mgga_3x16,fx,,0,2.750000,1.1303962396736755,1.1145891994836064
deep_rung35ms_mgga_3x16,fx,,0,2.775000,1.129935586459239,1.113783493072495
deep_rung35ms_mgga_3x16,fx,,0,2.800000,1.129472426211716,1.1129778945883795
deep_rung35ms_mgga_3x16,fx,,0,2.825000,1.1290066452085328,1.112172450844045
deep_rung35ms_mgga_3x16,fx,,0,2.850000,1.1285381403578334,1.111367207166669
deep_rung35ms_mgga_3x16,fx,,0,2.875000,1.1280668185997171,1.1105622074435488
deep_rung35ms_mgga_3x16,fx,,0,2.900000,1.1275925963343296,1.1097574941663262
deep_rung35ms_mgga_3x16,fx,,0,2.925000,1.1271153988755442,1.1089531084737612
deep_rung35ms_mgga_3x16,fx,,0,2.950000,1.126635159929104,1.1081490901931075
deep_rung35ms_mgga_3x16,fx,,0,2.975000,1.1261518210942207,1.1073454778801328
deep_rung35ms_mgga_3x16,fx,,0,3.000000,1.1256653313877083,1.1065423088578359
deep_rung35ms_mgga_3x16,fx,,0,3.025000,1.125175646789828,1.105739619253904
deep_rung35ms_mgga_3x16,fx,,0,3.050000,1.1246827298110773,1.1049374440369497
deep_rung35ms_mgga_3x16,fx,,0,3.075000,1.1241865490792164,1.104135817051578
deep_rung35ms_mgga_3x16,fx,,0,3.100000,1.1236870789458644,1.1033347710523163
deep_rung35ms_mgga_3x16,fx,,0,3.125000,1.1231842991120333,1.1025343377364487
deep_rung35ms_mgga_3x16,fx,,0,3.150000,1.1226781942719855,1.1017345477757954
deep_rung35ms_mgga_3x16,fx,,0,3.175000,1.122168753774823,1.1009354308474695
deep_rung35ms_mgga_3x16,fx,,0,3.200000,1.1216559713032266,1.1001370156636485
deep_rung35ms_mgga_3x16,fx,,0,3.225000,1.1211398445687673,1.0993393300003946
deep_rung35ms_mgga_3x16,fx,,0,3.250000,1.1206203750232189,1.0985424007255535
deep_rung35ms_mgga_3x16,fx,,0,3.275000,1.1200975675853084,1.0977462538257692
deep_rung35ms_mgga_3x16,fx,,0,3.300000,1.1195714303823292,1.0969509144326373
deep_rung35ms_mgga_3x16,fx,,0,3.325000,1.1190419745060582,1.0961564068480345
deep_rung35ms_mgga_3x16,fx,,0,3.350000,1.1185092137824109,1.0953627545686442
deep_rung35ms_mgga_3x16,fx,,0,3.375000,1.1179731645542748,1.094569980309713
deep_rung35ms_mgga_3x16,fx,,0,3.400000,1.1174338454769612,1.0937781060280596
deep_rung35ms_mgga_3x16,fx,,0,3.425000,1.1168912773257273,1.0929871529443604
deep_rung35ms_mgga_3x16,fx,,0,3.450000,1.1163454828148218,1.0921971415647445
deep_rung35ms_mgga_3x16,fx,,0,3.475000,1.1157964864275158,1.091408091701708
deep_rung35ms_mgga_3x16,fx,,0,3.500000,1.1152443142565953,1.090620022494385
deep_rung35ms_mgga_3x16,fx,,0,3.525000,1.1146889938547968,1.0898329524281853
deep_rung35ms_mgga_3x16,fx,,0,3.550000,1.1141305540946838,1.089046899353828
deep_rung35ms_mgga_3x16,fx,,0,3.575000,1.1135690250374775,1.088261880505785
deep_rung35ms_mgga_3x16,fx,,0,3.600000,1.1130044378103634,1.08747791252016
deep_rung35ms_mgga_3x16,fx,,0,3.625000,1.1124368244918192,1.0866950114520173
deep_rung35ms_mgga_3x16,fx,,0,3.650000,1.1118662180045231,1.085913192792181
deep_rung35ms_mgga_3x16,fx,,0,3.675000,1.1112926520154127,1.0851324714835215
deep_rung35ms_mgga_3x16,fx,,0,3.700000,1.1107161608424967,1.084352861936746
deep_rung35ms_mgga_3x16,fx,,0,3.725000,1.1101367793680235,1.08357437804571
deep_rung35ms_mgga_3x16,fx,,0,3.750000,1.1095545429576357,1.0827970332022658
deep_rung35ms_mgga_3x16,fx,,0,3.775000,1.1089694873851645,1.0820208403106608
deep_rung35ms_mgga_3x16,fx,,0,3.800000,1.1083816487627196,1.081245811801505
deep_rung35ms_mgga_3x16,fx,,0,3.825000,1.1077910634757606,1.0804719596453165
deep_rung35ms_mgga_3x16,fx,,0,3.850000,1.1071977681228495,1.0796992953656632
deep_rung35ms_mgga_3x16,fx,,0,3.875000,1.1066017994597954,1.0789278300519098
deep_rung35ms_mgga_3x16,fx,,0,3.900000,1.1060031943479243,1.0781575743715874
deep_rung35ms_mgga_3x16,fx,,0,3.925000,1.1054019897062233,1.0773885385823938
deep_rung35ms_mgga_3x16,fx,,0,3.950000,1.1047982224671105,1.076620732543838
deep_rung35ms_mgga_3x16,fx,,0,3.975000,1.1041919295356153,1.0758541657285416
deep_rung35ms_mgga_3x16,fx,,0,4.000000,1.1035831477517517,1.0750888472332067
deep_rung35ms_mgga_3x16,fx,,0,4.025000,1.1029719138558853,1.0743247857892602
deep_rung35ms_mgga_3x16,fx,,0,4.050000,1.1023582644569068,1.0735619897731867
deep_rung35ms_mgga_3x16,fx,,0,4.075000,1.10174223600304,1.0728004672165588
deep_rung35ms_mgga_3x16,fx,,0,4.100000,1.101123864755109,1.0720402258157746
deep_rung35ms_mgga_3x16,fx,,0,4.125000,1.1005031867621193,1.0712812729415127
deep_rung35ms_mgga_3x16,fx,,0,4.150000,1.0998802378390016,1.0705236156479097
deep_rung35ms_mgga_3x16,fx,,0,4.175000,1.0992550535463805,1.069767260681476
deep_rung35ms_mgga_3x16,fx,,0,4.200000,1.0986276691722423,1.0690122144897514
deep_rung35ms_mgga_3x16,fx,,0,4.225000,1.0979981197153776,1.0682584832297097
deep_rung35ms_mgga_3x16,fx,,0,4.250000,1.097366439870485,1.0675060727759265
deep_rung35ms_mgga_3x16,fx,,0,4.275000,1.096732664014833,1.066754988728507
deep_rung35ms_mgga_3x16,fx,,0,4.300000,1.0960968261963717,1.0660052364207921
deep_rung35ms_mgga_3x16,fx,,0,4.325000,1.0954589601232083,1.0652568209268407
deep_rung35ms_mgga_3x16,fx,,0,4.350000,1.0948190991543483,1.0645097470687008
deep_rung35ms_mgga_3x16,fx,,0,4.375000,1.0941772762916255,1.0637640194234734
deep_rung35ms_mgga_3x16,fx,,0,4.400000,1.0935335241727382,1.0630196423301772
deep_rung35ms_mgga_3x16,fx,,0,4.425000,1.0928878750653177,1.0622766198964166
deep_rung35ms_mgga_3x16,fx,,0,4.450000,1.0922403608619566,1.0615349560048657
deep_rung35ms_mgga_3x16,fx,,0,4.475000,1.0915910130761384,1.0607946543195659
deep_rung35ms_mgga_3x16,fx,,0,4.500000,1.0909398628389921,1.0600557182920478
deep_rung35ms_mgga_3x16,fx,,0,4.525000,1.0902869408968299,1.0593181511672842
deep_rung35ms_mgga_3x16,fx,,0,4.550000,1.0896322776093972,1.0585819559894716
deep_rung35ms_mgga_3x16,fx,,0,4.575000,1.0889759029487922,1.0578471356076555
deep_rung35ms_mgga_3x16,fx,,0,4.600000,1.088317846499001,1.0571136926811953
deep_rung35ms_mgga_3x16,fx,,0,4.625000,1.0876581374560064,1.0563816296850805
deep_rung35ms_mgga_3x16,fx,,0,4.650000,1.0869968046284157,1.0556509489150971
deep_rung35ms_mgga_3x16,fx,,0,4.675000,1.086333876438585,1.0549216524928522
deep_rung35ms_mgga_3x16,fx,,0,4.700000,1.085669380924177,1.05419374237066
deep_rung35ms_mgga_3x16,fx,,0,4.725000,1.0850033457401385,1.0534672203362934
deep_rung35ms_mgga_3x16,fx,,0,4.750000,1.0843357981610449,1.052742088017604
deep_rung35ms_mgga_3x16,fx,,0,4.775000,1.0836667650837915,1.0520183468870172
deep_rung35ms_mgga_3x16,fx,,0,4.800000,1.0829962730305935,1.0512959982659025
deep_rung35ms_mgga_3x16,fx,,0,4.825000,1.0823243481522693,1.0505750433288248
deep_rung35ms_mgga_3x16,fx,,0,4.850000,1.0816510162317758,1.0498554831076812
deep_rung35ms_mgga_3x16,fx,,0,4.875000,1.0809763026879795,1.0491373184957231
deep_rung35ms_mgga_3x16,fx,,0,4.900000,1.0803002325796267,1.0484205502514707
deep_rung35ms_mgga_3x16,fx,,0,4.925000,1.0796228306094988,1.0477051790025216
deep_rung35ms_mgga_3x16,fx,,0,4.950000,1.0789441211287316,1.0469912052492543
deep_rung35ms_mgga_3x16,fx,,0,4.975000,1.078264128141273,1.0462786293684336
deep_rung35ms_mgga_3x16,fx,,0,5.000000,1.077582875308468,1.0455674516167188
deep_rung35ms_mgga_3x16,fx,,0,5.025000,1.0769003859537454,1.0448576721340765
deep_rung35ms_mgga_3x16,fx,,0,5.050000,1.0762166830673991,1.0441492909471024
deep_rung35ms_mgga_3x16,fx,,0,5.075000,1.0755317893114422,1.0434423079722535
deep_rung35ms_mgga_3x16,fx,,0,5.100000,1.0748457270245202,1.0427367230189954
deep_rung35ms_mgga_3x16,fx,,0,5.125000,1.0741585182268776,1.042032535792863
deep_rung35ms_mgga_3x16,fx,,0,5.150000,1.0734701846253518,1.0413297458984416
deep_rung35ms_mgga_3x16,fx,,0,5.175000,1.0727807476184004,1.0406283528422682
deep_rung35ms_mgga_3x16,fx,,0,5.200000,1.0720902283011366,1.0399283560356543
deep_rung35ms_mgga_3x16,fx,,0,5.225000,1.0713986474703692,1.0392297547974363
deep_rung35ms_mgga_3x16,fx,,0,5.250000,1.0707060256296406,1.038532548356651
deep_rung35ms_mgga_3x16,fx,,0,5.275000,1.0700123829942503,1.0378367358551408
deep_rung35ms_mgga_3x16,fx,,0,5.300000,1.069317739496259,1.0371423163500901
deep_rung35ms_mgga_3x16,fx,,0,5.325000,1.0686221147894623,1.0364492888164956
deep_rung35ms_mgga_3x16,fx,,0,5.350000,1.0679255282543356,1.0357576521495702
deep_rung35ms_mgga_3x16,fx,,0,5.375000,1.0672279990029354,1.0350674051670847
deep_rung35ms_mgga_3x16,fx,,0,5.400000,1.0665295458837578,1.0343785466116477
deep_rung35ms_mgga_3x16,fx,,0,5.425000,1.0658301874865475,1.0336910751529251
deep_rung35ms_mgga_3x16,fx,,0,5.450000,1.0651299421470533,1.0330049893898028
deep_rung35ms_mgga_3x16,fx,,0,5.475000,1.0644288279517236,1.0323202878524915
deep_rung35ms_mgga_3x16,fx,,0,5.500000,1.0637268627423464,1.031636969004577
deep_rung35ms_mgga_3x16,fx,,0,5.525000,1.0630240641206172,1.030955031245018
deep_rung35ms_mgga_3x16,fx,,0,5.550000,1.0623204494526481,1.0302744729100892
deep_rung35ms_mgga_3x16,fx,,0,5.575000,1.0616160358734033,1.0295952922752776
deep_rung35ms_mgga_3x16,fx,,0,5.600000,1.0609108402910639,1.028917487557126
deep_rung35ms_mgga_3x16,fx,,0,5.625000,1.0602048793913201,1.0282410569150302
deep_rung35ms_mgga_3x16,fx,,0,5.650000,1.0594981696415908,1.0275659984529908
deep_rung35ms_mgga_3x16,fx,,0,5.675000,1.0587907272951642,1.0268923102213159
deep_rung35ms_mgga_3x16,fx,,0,5.700000,1.058082568395266,1.0262199902182847
deep_rung35ms_mgga_3x16,fx,,0,5.725000,1.0573737087790454,1.025549036391764
deep_rung35ms_mgga_3x16,fx,,0,5.750000,1.0566641640814876,1.024879446640785
deep_rung35ms_mgga_3x16,fx,,0,5.775000,1.0559539497392463,1.024211218817078
deep_rung35ms_mgga_3x16,fx,,0,5.800000,1.055243080994398,1.02354435072657
deep_rung35ms_mgga_3x16,fx,,0,5.825000,1.0545315728981164,1.0228788401308406
deep_rung35ms_mgga_3x16,fx,,0,5.850000,1.053819440314272,1.0222146847485427
deep_rung35ms_mgga_3x16,fx,,0,5.875000,1.05310669792295,1.0215518822567862
deep_rung35ms_mgga_3x16,fx,,0,5.900000,1.0523933602238928,1.020890430292485
deep_rung35ms_mgga_3x16,fx,,0,5.925000,1.051679441539865,1.020230326453671
deep_rung35ms_mgga_3x16,fx,,0,5.950000,1.0509649560199414,1.0195715683007733
deep_rung35ms_mgga_3x16,fx,,0,5.975000,1.05024991764272,1.0189141533578652
deep_rung35ms_mgga_3x16,fx,,0,6.000000,1.0495343402194588,1.0182580791138793
deep_rung35ms_mgga_3x16,fx,,1,0.000000,0.9999999999999999,1.0
deep_rung35ms_mgga_3x16,fx,,1,0.025000,1.000006732995932,1.000077126015428
deep_rung35ms_mgga_3x16,fx,,1,0.050000,1.0000531778756387,1.0003080874041483
deep_rung35ms_mgga_3x16,fx,,1,0.075000,1.0001771916087947,1.0006916018297418
deep_rung35ms_mgga_3x16,fx,,1,0.100000,1.0004147397467316,1.00122537363987
deep_rung35ms_mgga_3x16,fx,,1,0.125000,1.0008001318040087,1.0019058340763338
deep_rung35ms_mgga_3x16,fx,,1,0.150000,1.0013663063621208,1.002727928117751
deep_rung35ms_mgga_3x16,fx,,1,0.175000,1.002145100908703,1.0036850322250028
deep_rung35ms_mgga_3x16,fx,,1,0.200000,1.0031674319147026,1.004768972960261
deep_rung35ms_mgga_3x16,fx,,1,0.225000,1.0044633076154794,1.005970101642073
deep_rung35ms_mgga_3x16,fx,,1,0.250000,1.0060616016866897,1.0072774039220882
deep_rung35ms_mgga_3x16,fx,,1,0.275000,1.0079895315885745,1.0086786420382468
deep_rung35ms_mgga_3x16,fx,,1,0.300000,1.0102718105454365,1.0101605343302198
deep_rung35ms_mgga_3x16,fx,,1,0.325000,1.0129294754145315,1.0117089751803436
deep_rung35ms_mgga_3x16,fx,,1,0.350000,1.0159784316120022,1.0133092932875567
deep_rung35ms_mgga_3x16,fx,,1,0.375000,1.0194277978353607,1.0149465401468651
deep_rung35ms_mgga_3x16,fx,,1,0.400000,1.023278174440906,1.0166057956112062
deep_rung35ms_mgga_3x16,fx,,1,0.425000,1.0275199967132316,1.0182724743981733
deep_rung35ms_mgga_3x16,fx,,1,0.450000,1.032132163870547,1.0199326166851808
deep_rung35ms_mgga_3x16,fx,,1,0.475000,1.037081150827625,1.0215731473666494
deep_rung35ms_mgga_3x16,fx,,1,0.500000,1.04232080475069,1.023182091660349
deep_rung35ms_mgga_3x16,fx,,1,0.525000,1.0477929934590573,1.024748738905099
deep_rung35ms_mgga_3x16,fx,,1,0.550000,1.053429200980327,1.0262637509070724
deep_rung35ms_mgga_3x16,fx,,1,0.575000,1.0591530571723178,1.027719215461434
deep_rung35ms_mgga_3x16,fx,,1,0.600000,1.064883654856838,1.0291086492486752
deep_rung35ms_mgga_3x16,fx,,1,0.625000,1.070539373594866,1.0304269569176834
deep_rung35ms_mgga_3x16,fx,,1,0.650000,1.076041826412062,1.0316703547398254
deep_rung35ms_mgga_3x16,fx,,1,0.675000,1.0813195048501012,1.0328362678173069
deep_rung35ms_mgga_3x16,fx,,1,0.700000,1.0863107352274768,1.0339232096209783
deep_rung35ms_mgga_3x16,fx,,1,0.725000,1.0909656696887757,1.0349306518323131
deep_rung35ms_mgga_3x16,fx,,1,0.750000,1.095247192892756,1.0358588912925095
deep_rung35ms_mgga_3x16,fx,,1,0.775000,1.0991307902355467,1.0367089195161243
deep_rung35ms_mgga_3x16,fx,,1,0.800000,1.1026035589055325,1.037482298864651
deep_rung35ms_mgga_3x16,fx,,1,0.825000,1.1056626244405359,1.0381810482086806
deep_rung35ms_mgga_3x16,fx,,1,0.850000,1.108313246586243,1.0388075398042285
deep_rung35ms_mgga_3x16,fx,,1,0.875000,1.1105668689046342,1.0393644082017732
deep_rung35ms_mgga_3x16,fx,,1,0.900000,1.1124393056772903,1.039854471300772
deep_rung35ms_mgga_3x16,fx,,1,0.925000,1.113949187614642,1.040280663144777
deep_rung35ms_mgga_3x16,fx,,1,0.950000,1.1151167210326134,1.040645977699074
deep_rung35ms_mgga_3x16,fx,,1,0.975000,1.115962763189117,1.0409534226356034
deep_rung35ms_mgga_3x16,fx,,1,1.000000,1.1165081826130574,1.0412059820398643
deep_rung35ms_mgga_3x16,fx,,1,1.025000,1.1167734559768847,1.0414065869248033
deep_rung35ms_mgga_3x16,fx,,1,1.050000,1.1167784482624794,1.0415580924640704
deep_rung35ms_mgga_3x16,fx,,1,1.075000,1.1165423259255758,1.04166326092239
deep_rung35ms_mgga_3x16,fx,,1,1.100000,1.1160835594448637,1.041724749349034
deep_rung35ms_mgga_3x16,fx,,1,1.125000,1.1154199793248984,1.0417451012001402
deep_rung35ms_mgga_3x16,fx,,1,1.150000,1.1145688569159045,1.0417267411586144
deep_rung35ms_mgga_3x16,fx,,1,1.175000,1.1135469879155346,1.0416719725209855
deep_rung35ms_mgga_3x16,fx,,1,1.200000,1.1123707622422163,1.0415829766151044
deep_rung35ms_mgga_3x16,fx,,1,1.225000,1.1110562093440732,1.0414618137989569
deep_rung35ms_mgga_3x16,fx,,1,1.250000,1.1096190130331922,1.0413104256679637
deep_rung35ms_mgga_3x16,fx,,1,1.275000,1.1080744945245242,1.0411306381657643
deep_rung35ms_mgga_3x16,fx,,1,1.300000,1.1064375662931487,1.0409241653518562
deep_rung35ms_mgga_3x16,fx,,1,1.325000,1.1047226624003181,1.0406926136291317
deep_rung35ms_mgga_3x16,fx,,1,1.350000,1.1029436529080725,1.040437486276089
deep_rung35ms_mgga_3x16,fx,,1,1.375000,1.1011137508626567,1.0401601881631057
deep_rung35ms_mgga_3x16,fx,,1,1.400000,1.0992454201720243,1.0398620305604855
deep_rung35ms_mgga_3x16,fx,,1,1.425000,1.0973502917326547,1.03954423596885
deep_rung35ms_mgga_3x16,fx,,1,1.450000,1.095439093636053,1.0392079429206125
deep_rung35ms_mgga_3x16,fx,,1,1.475000,1.093521599477541,1.0388542107154195
deep_rung35ms_mgga_3x16,fx,,1,1.500000,1.0916065969435482,1.0384840240632753
deep_rung35ms_mgga_3x16,fx,,1,1.525000,1.0897018771598586,1.0380982976170656
deep_rung35ms_mgga_3x16,fx,,1,1.550000,1.0878142438700689,1.0376978803819894
deep_rung35ms_mgga_3x16,fx,,1,1.575000,1.0859495404467203,1.0372835599933328
deep_rung35ms_mgga_3x16,fx,,1,1.600000,1.084112692030181,1.0368560668565787
deep_rung35ms_mgga_3x16,fx,,1,1.625000,1.0823077597164228,1.0364160781453278
deep_rung35ms_mgga_3x16,fx,,1,1.650000,1.0805380036232803,1.0359642216532339
deep_rung35ms_mgga_3x16,fx,,1,1.675000,1.0788059517926045,1.0355010794964032
deep_rung35ms_mgga_3x16,fx,,1,1.700000,1.0771134721680244,1.0350271916626659
deep_rung35ms_mgga_3x16,fx,,1,1.725000,1.0754618452650173,1.0345430594039822
deep_rung35ms_mgga_3x16,fx,,1,1.750000,1.0738518355712876,1.0340491484681429
deep_rung35ms_mgga_3x16,fx,,1,1.775000,1.0722837601417523,1.0335458921659484
deep_rung35ms_mgga_3x16,fx,,1,1.800000,1.0707575532555258,1.0330336942702585
deep_rung35ms_mgga_3x16,fx,,1,1.825000,1.069272826364052,1.0325129317437718
deep_rung35ms_mgga_3x16,fx,,1,1.850000,1.0678289228700815,1.03198395729307
deep_rung35ms_mgga_3x16,fx,,1,1.875000,1.0664249675331319,1.0314471017473676
deep_rung35ms_mgga_3x16,fx,,1,1.900000,1.065059910499608,1.0309026762615185
deep_rung35ms_mgga_3x16,fx,,1,1.925000,1.0637325661090888,1.0303509743440518
deep_rung35ms_mgga_3x16,fx,,1,1.950000,1.0624416467383768,1.0297922737123535
deep_rung35ms_mgga_3x16,fx,,1,1.975000,1.061185792018426,1.0292268379784637
deep_rung35ms_mgga_3x16,fx,,1,2.000000,1.0599635938029732,1.0286549181702986
deep_rung35ms_mgga_3x16,fx,,1,2.025000,1.0587736172878786,1.0280767540943783
deep_rung35ms_mgga_3x16,fx,,1,2.050000,1.0576144186825558,1.027492575547279
deep_rung35ms_mgga_3x16,fx,,1,2.075000,1.0564845598241952,1.0269026033840367
deep_rung35ms_mgga_3x16,fx,,1,2.100000,1.0553826201058563,1.0263070504525307
deep_rung35ms_mgga_3x16,fx,,1,2.125000,1.0543072060641074,1.0257061224035078
deep_rung35ms_mgga_3x16,fx,,1,2.150000,1.0532569589432506,1.025100018386322
deep_rung35ms_mgga_3x16,fx,,1,2.175000,1.0522305605231927,1.0244889316406927
deep_rung35ms_mgga_3x16,fx,,1,2.200000,1.0512267374681112,1.0238730499948074
deep_rung35ms_mgga_3x16,fx,,1,2.225000,1.0502442644241288,1.0232525562799633
deep_rung35ms_mgga_3x16,fx,,1,2.250000,1.0492819660669546,1.0226276286716498
deep_rung35ms_mgga_3x16,fx,,1,2.275000,1.0483387182752202,1.0219984409665455
deep_rung35ms_mgga_3x16,fx,,1,2.300000,1.0474134485822038,1.0213651628043778
deep_rung35ms_mgga_3x16,fx,,1,2.325000,1.0465051360378983,1.0207279598429906
deep_rung35ms_mgga_3x16,fx,,1,2.350000,1.0456128105948543,1.0200869938942942
deep_rung35ms_mgga_3x16,fx,,1,2.375000,1.044735552114825,1.019442423028072
deep_rung35ms_mgga_3x16,fx,,1,2.400000,1.0438724890788067,1.0187944016499157
deep_rung35ms_mgga_3x16,fx,,1,2.425000,1.0430227970704526,1.0181430805588372
deep_rung35ms_mgga_3x16,fx,,1,2.450000,1.0421856970918308,1.0174886069894218
deep_rung35ms_mgga_3x16,fx,,1,2.475000,1.0413604537609866,1.0168311246427255
deep_rung35ms_mgga_3x16,fx,,1,2.500000,1.0405463734325122,1.0161707737094865
deep_rung35ms_mgga_3x16,fx,,1,2.525000,1.039742802275249,1.0155076908886551
deep_rung35ms_mgga_3x16,fx,,1,2.550000,1.0389491243351496,1.0148420094037067
deep_rung35ms_mgga_3x16,fx,,1,2.575000,1.0381647596061068,1.014173859018729
deep_rung35ms_mgga_3x16,fx,,1,2.600000,1.0373891621271099,1.0135033660558517
deep_rung35ms_mgga_3x16,fx,,1,2.625000,1.0366218181202917,1.0128306534152085
deep_rung35ms_mgga_3x16,fx,,1,2.650000,1.0358622441812035,1.012155840598302
deep_rung35ms_mgga_3x16,fx,,1,2.675000,1.0351099855299453,1.0114790437353596
deep_rung35ms_mgga_3x16,fx,,1,2.700000,1.0343646143294702,1.0108003756170394
deep_rung35ms_mgga_3x16,fx,,1,2.725000,1.0336257280754708,1.0101199457306476
deep_rung35ms_mgga_3x16,fx,,1,2.750000,1.0328929480606421,1.0094378603008718
deep_rung35ms_mgga_3x16,fx,,1,2.775000,1.0321659179147877,1.0087542223349104
deep_rung35ms_mgga_3x16,fx,,1,2.800000,1.03144430222115,1.008069131671777
deep_rung35ms_mgga_3x16,fx,,1,2.825000,1.0307277852084453,1.0073826850354866
deep_rung35ms_mgga_3x16,fx,,1,2.850000,1.0300160695173814,1.0066949760917798
deep_rung35ms_mgga_3x16,fx,,1,2.875000,1.0293088750398558,1.0060060955080066
deep_rung35ms_mgga_3x16,fx,,1,2.900000,1.028605937828607,1.005316131015764
deep_rung35ms_mgga_3x16,fx,,1,2.925000,1.0279070090747442,1.004625167475888
deep_rung35ms_mgga_3x16,fx,,1,2.950000,1.0272118541503554,1.0039332869453925
deep_rung35ms_mgga_3x16,fx,,1,2.975000,1.026520251713217,1.0032405687459562
deep_rung35ms_mgga_3x16,fx,,1,3.000000,1.0258319928705322,1.0025470895335853
deep_rung35ms_mgga_3x16,fx,,1,3.025000,1.0251468803985793,1.001852923369092
deep_rung35ms_mgga_3x16,fx,,1,3.050000,1.024464728015145,1.0011581417890496
deep_rung35ms_mgga_3x16,fx,,1,3.075000,1.0237853597016486,1.0004628138769258
deep_rung35ms_mgga_3x16,fx,,1,3.100000,1.023108609071923,0.9997670063341002
deep_rung35ms_mgga_3x16,fx,,1,3.125000,1.0224343187847063,0.9990707835505201
deep_rung35ms_mgga_3x16,fx,,1,3.150000,1.0217623399969826,0.9983742076747646
deep_rung35ms_mgga_3x16,fx,,1,3.175000,1.0210925318554442,0.9976773386833117
deep_rung35ms_mgga_3x16,fx,,1,3.200000,1.0204247610234471,0.9969802344488408
deep_rung35ms_mgga_3x16,fx,,1,3.225000,1.019758901240974,0.996282950807408
deep_rung35ms_mgga_3x16,fx,,1,3.250000,1.0190948329152474,0.9955855416243745
deep_rung35ms_mgga_3x16,fx,,1,3.275000,1.0184324427397573,0.9948880588589714
deep_rung35ms_mgga_3x16,fx,,1,3.300000,1.0177716233396215,0.9941905526274198
deep_rung35ms_mgga_3x16,fx,,1,3.325000,1.017112272941299,0.9934930712645277
deep_rung35ms_mgga_3x16,fx,,1,3.350000,1.0164542950648299,0.9927956613837123
deep_rung35ms_mgga_3x16,fx,,1,3.375000,1.0157975982368816,0.9920983679354076
deep_rung35ms_mgga_3x16,fx,,1,3.400000,1.0151420957230093,0.9914012342638262
deep_rung35ms_mgga_3x16,fx,,1,3.425000,1.0144877052776438,0.9907043021620617
deep_rung35ms_mgga_3x16,fx,,1,3.450000,1.01383434891044,0.9900076119255249
deep_rung35ms_mgga_3x16,fx,,1,3.475000,1.0131819526677115,0.9893112024037166
deep_rung35ms_mgga_3x16,fx,,1,3.500000,1.0125304464277798,0.9886151110503455
deep_rung35ms_mgga_3x16,fx,,1,3.525000,1.0118797637091563,0.9879193739718123
deep_rung35ms_mgga_3x16,fx,,1,3.550000,1.0112298414905625,0.9872240259740784
deep_rung35ms_mgga_3x16,fx,,1,3.575000,1.0105806200418719,0.9865291006079477
deep_rung35ms_mgga_3x16,fx,,1,3.600000,1.0099320427651328,0.9858346302127938
deep_rung35ms_mgga_3x16,fx,,1,3.625000,1.009284056044907,0.9851406459587677
deep_rung35ms_mgga_3x16,fx,,1,3.650000,1.0086366091072076,0.9844471778875169
deep_rung35ms_mgga_3x16,fx,,1,3.675000,1.0079896538864,0.9837542549514634
deep_rung35ms_mgga_3x16,fx,,1,3.700000,1.0073431448994696,0.9830619050516752
deep_rung35ms_mgga_3x16,fx,,1,3.725000,1.0066970391271155,0.9823701550743712
deep_rung35ms_mgga_3x16,fx,,1,3.750000,1.0060512959011783,0.9816790309261079
deep_rung35ms_mgga_3x16,fx,,1,3.775000,1.005405876797951,0.9809885575676817
deep_rung35ms_mgga_3x16,fx,,1,3.800000,1.0047607455369587,0.9802987590467975
deep_rung35ms_mgga_3x16,fx,,1,3.825000,1.0041158678848328,0.979609658529538
deep_rung35ms_mgga_3x16,fx,,1,3.850000,1.003471211563939,0.9789212783306785
deep_rung35ms_mgga_3x16,fx,,1,3.875000,1.0028267461654394,0.9782336399428906
deep_rung35ms_mgga_3x16,fx,,1,3.900000,1.0021824430665067,0.9775467640648684
deep_rung35ms_mgga_3x16,fx,,1,3.925000,1.0015382753514275,0.9768606706284232
deep_rung35ms_mgga_3x16,fx,,1,3.950000,1.0008942177363565,0.9761753788245814
deep_rung35ms_mgga_3x16,fx,,1,3.975000,1.0002502464974974,0.9754909071287219
deep_rung35ms_mgga_3x16,fx,,1,4.000000,0.9996063394025146,0.9748072733247942
deep_rung35ms_mgga_3x16,fx,,1,4.025000,0.9989624756449891,0.9741244945286455
deep_rung35ms_mgga_3x16,fx,,1,4.050000,0.998318635781749,0.9734425872104977
deep_rung35ms_mgga_3x16,fx,,1,4.075000,0.997674801672916,0.9727615672166016
deep_rung35ms_mgga_3x16,fx,,1,4.100000,0.9970309564245298,0.9720814497901045
deep_rung35ms_mgga_3x16,fx,,1,4.125000,0.9963870843336103,0.9714022495911578
deep_rung35ms_mgga_3x16,fx,,1,4.150000,0.99574317083554,0.970723980716298
deep_rung35ms_mgga_3x16,fx,,1,4.175000,0.9950992024536498,0.9700466567171261
deep_rung35ms_mgga_3x16,fx,,1,4.200000,0.9944551667509025,0.9693702906183164
deep_rung35ms_mgga_3x16,fx,,1,4.225000,0.9938110522835747,0.9686948949349768
deep_rung35ms_mgga_3x16,fx,,1,4.250000,0.9931668485568464,0.968020481689389
deep_rung35ms_mgga_3x16,fx,,1,4.275000,0.9925225459822096,0.9673470624271521
deep_rung35ms_mgga_3x16,fx,,1,4.300000,0.9918781358366199,0.9666746482327526
deep_rung35ms_mgga_3x16,fx,,1,4.325000,0.9912336102233055,0.9660032497445823
deep_rung35ms_mgga_3x16,fx,,1,4.350000,0.9905889620341758,0.9653328771694288
deep_rung35ms_mgga_3x16,fx,,1,4.375000,0.9899441849137475,0.9646635402964531
deep_rung35ms_mgga_3x16,fx,,1,4.400000,0.9892992732245354,0.9639952485106825
deep_rung35ms_mgga_3x16,fx,,1,4.425000,0.9886542220138439,0.9633280108060285
deep_rung35ms_mgga_3x16,fx,,1,4.450000,0.9880090269818982,0.9626618357978549
deep_rung35ms_mgga_3x16,fx,,1,4.475000,0.9873636844512664,0.9619967317351112
deep_rung35ms_mgga_3x16,fx,,1,4.500000,0.9867181913375197,0.9613327065120458
deep_rung35ms_mgga_3x16,fx,,1,4.525000,0.986072545121074,0.9606697676795186
deep_rung35ms_mgga_3x16,fx,,1,4.550000,0.9854267438201794,0.9600079224559257
deep_rung35ms_mgga_3x16,fx,,1,4.575000,0.9847807859649984,0.9593471777377519
deep_rung35ms_mgga_3x16,fx,,1,4.600000,0.984134670572741,0.9586875401097654
deep_rung35ms_mgga_3x16,fx,,1,4.625000,0.9834883971238044,0.9580290158548668
deep_rung35ms_mgga_3x16,fx,,1,4.650000,0.9828419655388916,0.957371610963608
deep_rung35ms_mgga_3x16,fx,,1,4.675000,0.9821953761570563,0.9567153311433895
deep_rung35ms_mgga_3x16,fx,,1,4.700000,0.9815486297146497,0.9560601818273518
deep_rung35ms_mgga_3x16,fx,,1,4.725000,0.9809017273251258,0.9554061681829704
deep_rung35ms_mgga_3x16,fx,,1,4.750000,0.9802546704596794,0.9547532951203652
deep_rung35ms_mgga_3x16,fx,,1,4.775000,0.9796074609286746,0.9541015673003359
deep_rung35ms_mgga_3x16,fx,,1,4.800000,0.9789601008638442,0.9534509891421321
deep_rung35ms_mgga_3x16,fx,,1,4.825000,0.9783125927012228,0.9528015648309692
deep_rung35ms_mgga_3x16,fx,,1,4.850000,0.9776649391647836,0.9521532983252985
deep_rung35ms_mgga_3x16,fx,,1,4.875000,0.9770171432507603,0.9515061933638401
deep_rung35ms_mgga_3x16,fx,,1,4.900000,0.9763692082126186,0.9508602534723888
deep_rung35ms_mgga_3x16,fx,,1,4.925000,0.9757211375466536,0.9502154819703983
deep_rung35ms_mgga_3x16,fx,,1,4.950000,0.9750729349781933,0.9495718819773558
deep_rung35ms_mgga_3x16,fx,,1,4.975000,0.9744246044483801,0.9489294564189484
deep_rung35ms_mgga_3x16,fx,,1,5.000000,0.9737761501015091,0.9482882080330374
deep_rung35ms_mgga_3x16,fx,,1,5.025000,0.9731275762728986,0.9476481393754367
deep_rung35ms_mgga_3x16,fx,,1,5.050000,0.9724788874772792,0.9470092528255126
deep_rung35ms_mgga_3x16,fx,,1,5.075000,0.9718300883976709,0.9463715505916034
deep_rung35ms_mgga_3x16,fx,,1,5.100000,0.9711811838747394,0.9457350347162685
deep_rung35ms_mgga_3x16,fx,,1,5.125000,0.9705321788966013,0.9450997070813746
deep_rung35ms_mgga_3x16,fx,,1,5.150000,0.9698830785890733,0.9444655694130195
deep_rung35ms_mgga_3x16,fx,,1,5.175000,0.9692338882063365,0.9438326232863062
deep_rung35ms_mgga_3x16,fx,,1,5.200000,0.9685846131220053,0.9432008701299636
deep_rung35ms_mgga_3x16,fx,,1,5.225000,0.9679352588205846,0.9425703112308289
deep_rung35ms_mgga_3x16,fx,,1,5.250000,0.9672858308892955,0.9419409477381878
deep_rung35ms_mgga_3x16,fx,,1,5.275000,0.9666363350102618,0.9413127806679837
deep_rung35ms_mgga_3x16,fx,,1,5.300000,0.9659867769530369,0.9406858109068954
deep_rung35ms_mgga_3x16,fx,,1,5.325000,0.9653371625674595,0.9400600392162917
deep_rung35ms_mgga_3x16,fx,,1,5.350000,0.9646874977768259,0.9394354662360648
deep_rung35ms_mgga_3x16,fx,,1,5.375000,0.9640377885713642,0.9388120924883473
deep_rung35ms_mgga_3x16,fx,,1,5.400000,0.9633880410020005,0.9381899183811157
deep_rung35ms_mgga_3x16,fx,,1,5.425000,0.9627382611744039,0.9375689442116866
deep_rung35ms_mgga_3x16,fx,,1,5.450000,0.9620884552432999,0.9369491701701064
deep_rung35ms_mgga_3x16,fx,,1,5.475000,0.9614386294070384,0.9363305963424385
deep_rung35ms_mgga_3x16,fx,,1,5.500000,0.9607887899024128,0.9357132227139547
deep_rung35ms_mgga_3x16,fx,,1,5.525000,0.9601389429997103,0.9350970491722284
deep_rung35ms_mgga_3x16,fx,,1,5.550000,0.9594890949979952,0.9344820755101365
deep_rung35ms_mgga_3x16,fx,,1,5.575000,0.958839252220606,0.9338683014287742
deep_rung35ms_mgga_3x16,fx,,1,5.600000,0.9581894210108611,0.9332557265402808
deep_rung35ms_mgga_3x16,fx,,1,5.625000,0.9575396077279703,0.9326443503705826
deep_rung35ms_mgga_3x16,fx,,1,5.650000,0.9568898187431314,0.9320341723620569
deep_rung35ms_mgga_3x16,fx,,1,5.675000,0.9562400604358177,0.9314251918761152
deep_rung35ms_mgga_3x16,fx,,1,5.700000,0.9555903391902377,0.9308174081957138
deep_rung35ms_mgga_3x16,fx,,1,5.725000,0.9549406613919686,0.930210820527787
deep_rung35ms_mgga_3x16,fx,,1,5.750000,0.9542910334247487,0.9296054280056135
deep_rung35ms_mgga_3x16,fx,,1,5.775000,0.9536414616674311,0.9290012296911111
deep_rung35ms_mgga_3x16,fx,,1,5.800000,0.9529919524910784,0.9283982245770669
deep_rung35ms_mgga_3x16,fx,,1,5.825000,0.9523425122562128,0.9277964115893016
deep_rung35ms_mgga_3x16,fx,,1,5.850000,0.9516931473101933,0.9271957895887724
deep_rung35ms_mgga_3x16,fx,,1,5.875000,0.9510438639847304,0.926596357373614
deep_rung35ms_mgga_3x16,fx,,1,5.900000,0.9503946685935272,0.9259981136811237
deep_rung35ms_mgga_3x16,fx,,1,5.925000,0.9497455674300387,0.9254010571896856
deep_rung35ms_mgga_3x16,fx,,1,5.950000,0.9490965667653514,0.924805186520644
deep_rung35ms_mgga_3x16,fx,,1,5.975000,0.9484476728461707,0.924210500240121
deep_rung35ms_mgga_3x16,fx,,1,6.000000,0.9477988918929184,0.9236169968607824
deep_rung35ms_mgga_3x16,fc,0.5,0,0.000000,0.7089954187426241,0.3313403504893755
deep_rung35ms_mgga_3x16,fc,0.5,0,0.025000,0.7089850069713058,0.3312976492408245
deep_rung35ms_mgga_3x16,fc,0.5,0,0.050000,0.708913209171241,0.3311696771809543
deep_rung35ms_mgga_3x16,fc,0.5,0,0.075000,0.7087217013848806,0.3309568282142708
deep_rung35ms_mgga_3x16,fc,0.5,0,0.100000,0.7083556789892951,0.33065975502532446
deep_rung35ms_mgga_3x16,fc,0.5,0,0.125000,0.7077640787423719,0.3302793634131942
deep_rung35ms_mgga_3x16,fc,0.5,0,0.150000,0.7068998203064668,0.3298168044955968
deep_rung35ms_mgga_3x16,fc,0.5,0,0.175000,0.7057200610545743,0.3292734649138565
deep_rung35ms_mgga_3x16,fc,0.5,0,0.200000,0.7041864614718849,0.32865095520110366
deep_rung35ms_mgga_3x16,fc,0.5,0,0.225000,0.7022654626317789,0.3279510965028174
deep_rung35ms_mgga_3x16,fc,0.5,0,0.250000,0.6999285819931831,0.32717590586055467
deep_rung35ms_mgga_3x16,fc,0.5,0,0.275000,0.6971527388221896,0.32632758028605496
deep_rung35ms_mgga_3x16,fc,0.5,0,0.300000,0.6939206251345038,0.3254084798636299
deep_rung35ms_mgga_3x16,fc,0.5,0,0.325000,0.6902211408581983,0.3244211101238694
deep_rung35ms_mgga_3x16,fc,0.5,0,0.350000,0.6860499109847976,0.32336810393137777
deep_rung35ms_mgga_3x16,fc,0.5,0,0.375000,0.6814098954079986,0.32225220312386377
deep_rung35ms_mgga_3x16,fc,0.5,0,0.400000,0.6763120865277763,0.3210762401299165
deep_rung35ms_mgga_3x16,fc,0.5,0,0.425000,0.6707762638964857,0.31984311977881646
deep_rung35ms_mgga_3x16,fc,0.5,0,0.450000,0.6648317394787833,0.31855580149843327
deep_rung35ms_mgga_3x16,fc,0.5,0,0.475000,0.6585179848607287,0.3172172820773531
deep_rung35ms_mgga_3x16,fc,0.5,0,0.500000,0.6518849902470709,0.31583057914561896
deep_rung35ms_mgga_3x16,fc,0.5,0,0.525000,0.6449931752783693,0.31439871550553894
deep_rung35ms_mgga_3x16,fc,0.5,0,0.550000,0.6379126663955367,0.31292470442062886
deep_rung35ms_mgga_3x16,fc,0.5,0,0.575000,0.6307217858660551,0.3114115359474975
deep_rung35ms_mgga_3x16,fc,0.5,0,0.600000,0.6235046687989821,0.3098621643729093
deep_rung35ms_mgga_3x16,fc,0.5,0,0.625000,0.6163480318660323,0.30827949679682304
deep_rung35ms_mgga_3x16,fc,0.5,0,0.650000,0.6093372454879032,0.30666638288227216
deep_rung35ms_mgga_3x16,fc,0.5,0,0.675000,0.6025519863021407,0.3050256057748015
deep_rung35ms_mgga_3x16,fc,0.5,0,0.700000,0.5960618431892577,0.3033598741779992
deep_rung35ms_mgga_3x16,fc,0.5,0,0.725000,0.589922297624048,0.3016718155575726
deep_rung35ms_mgga_3x16,fc,0.5,0,0.750000,0.584171487808905,0.29996397043444967
deep_rung35ms_mgga_3x16,fc,0.5,0,0.775000,0.5788280980825299,0.2982387877175273
deep_rung35ms_mgga_3x16,fc,0.5,0,0.800000,0.5738906023123772,0.296498621018854
deep_rung35ms_mgga_3x16,fc,0.5,0,0.825000,0.5693379497534032,0.2947457258881186
deep_rung35ms_mgga_3x16,fc,0.5,0,0.850000,0.5651316332834019,0.29298225789916543
deep_rung35ms_mgga_3x16,fc,0.5,0,0.875000,0.561218941330483,0.29121027151871076
deep_rung35ms_mgga_3x16,fc,0.5,0,0.900000,0.5575370823187459,0.2894317196863083
deep_rung35ms_mgga_3x16,fc,0.5,0,0.925000,0.5540177967708744,0.2876484540347219
deep_rung35ms_mgga_3x16,fc,0.5,0,0.950000,0.5505920450772319,0.28586222568102476
deep_rung35ms_mgga_3x16,fc,0.5,0,0.975000,0.5471943797286817,0.28407468652077544
deep_rung35ms_mgga_3x16,fc,0.5,0,1.000000,0.5437666738831916,0.2822873909603596
deep_rung35ms_mgga_3x16,fc,0.5,0,1.025000,0.5402609717814705,0.28050179802586334
deep_rung35ms_mgga_3x16,fc,0.5,0,1.050000,0.5366413353478678,0.2787192737905341
deep_rung35ms_mgga_3x16,fc,0.5,0,1.075000,0.5328846694183857,0.2769410940668413
deep_rung35ms_mgga_3x16,fc,0.5,0,1.100000,0.5289806020165659,0.2751684473132806
deep_rung35ms_mgga_3x16,fc,0.5,0,1.125000,0.5249305669591052,0.27340243771025846
deep_rung35ms_mgga_3x16,fc,0.5,0,1.150000,0.5207462798377586,0.27164408836358467
deep_rung35ms_mgga_3x16,fc,0.5,0,1.175000,0.516447815568997,0.2698943445982087
deep_rung35ms_mgga_3x16,fc,0.5,0,1.200000,0.5120614899380384,0.26815407730881924
deep_rung35ms_mgga_3x16,fc,0.5,0,1.225000,0.5076177244440039,0.2664240863377366
deep_rung35ms_mgga_3x16,fc,0.5,0,1.250000,0.5031490394586023,0.26470510385413837
deep_rung35ms_mgga_3x16,fc,0.5,0,1.275000,0.4986882811408322,0.2629977977120472
deep_rung35ms_mgga_3x16,fc,0.5,0,1.300000,0.4942671477324301,0.26130277476765973
deep_rung35ms_mgga_3x16,fc,0.5,0,1.325000,0.4899150446266425,0.2596205841395056
deep_rung35ms_mgga_3x16,fc,0.5,0,1.350000,0.4856582674829768,0.2579517203975876
deep_rung35ms_mgga_3x16,fc,0.5,0,1.375000,0.48151948992424154,0.2562966266700757
deep_rung35ms_mgga_3x16,fc,0.5,0,1.400000,0.47751751719170454,0.2546556976583169
deep_rung35ms_mgga_3x16,fc,0.5,0,1.425000,0.4736672589195803,0.2530292825528789
deep_rung35ms_mgga_3x16,fc,0.5,0,1.450000,0.4699798717600948,0.2514176878450953
deep_rung35ms_mgga_3x16,fc,0.5,0,1.475000,0.4664630245320369,0.24982118003012163
deep_rung35ms_mgga_3x16,fc,0.5,0,1.500000,0.4631212434468446,0.24823998819886675
deep_rung35ms_mgga_3x16,fc,0.5,0,1.525000,0.45995630150180955,0.24667430651734645
deep_rung35ms_mgga_3x16,fc,0.5,0,1.550000,0.4569676232774943,0.24512429659302354
deep_rung35ms_mgga_3x16,fc,0.5,0,1.575000,0.4541526833704752,0.24359008972857565
deep_rung35ms_mgga_3x16,fc,0.5,0,1.600000,0.45150738303301396,0.24207178906427043
deep_rung35ms_mgga_3x16,fc,0.5,0,1.625000,0.44902639500419794,0.2405694716107513
deep_rung35ms_mgga_3x16,fc,0.5,0,1.650000,0.4467034709027151,0.23908319017454924
deep_rung35ms_mgga_3x16,fc,0.5,0,1.675000,0.4445317089314731,0.23761297517905672
deep_rung35ms_mgga_3x16,fc,0.5,0,1.700000,0.44250378211569386,0.2361588363840303
deep_rung35ms_mgga_3x16,fc,0.5,0,1.725000,0.44061212899421953,0.2347207645069526
deep_rung35ms_mgga_3x16,fc,0.5,0,1.750000,0.4388491097556635,0.23329873274977247
deep_rung35ms_mgga_3x16,fc,0.5,0,1.775000,0.4372071313983986,0.23189269823468467
deep_rung35ms_mgga_3x16,fc,0.5,0,1.800000,0.43567874572227727,0.23050260335269374
deep_rung35ms_mgga_3x16,fc,0.5,0,1.825000,0.43425672393660064,0.22912837702875558
deep_rung35ms_mgga_3x16,fc,0.5,0,1.850000,0.43293411147846583,0.22776993590729927
deep_rung35ms_mgga_3x16,fc,0.5,0,1.875000,0.43170426634398806,0.22642718546190987
deep_rung35ms_mgga_3x16,fc,0.5,0,1.900000,0.4305608838907645,0.22510002103290963
deep_rung35ms_mgga_3x16,fc,0.5,0,1.925000,0.4294980107080171,0.22378832879650545
deep_rung35ms_mgga_3x16,fc,0.5,0,1.950000,0.428510049794547,0.22249198666909004
deep_rung35ms_mgga_3x16,fc,0.5,0,1.975000,0.4275917589489333,0.22121086515018337
deep_rung35ms_mgga_3x16,fc,0.5,0,2.000000,0.4267382439698191,0.219944828107396
deep_rung35ms_mgga_3x16,fc,0.5,0,2.025000,0.4259449479907832,0.21869373350667778
deep_rung35ms_mgga_3x16,fc,0.5,0,2.050000,0.4252076380350953,0.21745743409099527
deep_rung35ms_mgga_3x16,fc,0.5,0,2.075000,0.42452238966957867,0.21623577801045382
deep_rung35ms_mgga_3x16,fc,0.5,0,2.100000,0.42388557046157227,0.21502860940675309
deep_rung35ms_mgga_3x16,fc,0.5,0,2.125000,0.42329382279565864,0.2138357689547368
deep_rung35ms_mgga_3x16,fc,0.5,0,2.150000,0.4227440464842097,0.2126570943636662
deep_rung35ms_mgga_3x16,fc,0.5,0,2.175000,0.42223338150470147,0.21149242084072278
deep_rung35ms_mgga_3x16,fc,0.5,0,2.200000,0.4217591911141022,0.2103415815191169
deep_rung35ms_mgga_3x16,fc,0.5,0,2.225000,0.4213190455236677,0.20920440785305966
deep_rung35ms_mgga_3x16,fc,0.5,0,2.250000,0.420910706263648,0.20808072998173271
deep_rung35ms_mgga_3x16,fc,0.5,0,2.275000,0.42053211132454993,0.2069703770642767
deep_rung35ms_mgga_3x16,fc,0.5,0,2.300000,0.4201813611277734,0.20587317758770768
deep_rung35ms_mgga_3x16,fc,0.5,0,2.325000,0.4198567053520569,0.2047889596495595
deep_rung35ms_mgga_3x16,fc,0.5,0,2.350000,0.4195565306218212,0.20371755121695145
deep_rung35ms_mgga_3x16,fc,0.5,0,2.375000,0.4192793490480555,0.2026587803636763
deep_rung35ms_mgga_3x16,fc,0.5,0,2.400000,0.41902378760090064,0.20161247548681305
deep_rung35ms_mgga_3x16,fc,0.5,0,2.425000,0.4187885782847348,0.20057846550427505
deep_rung35ms_mgga_3x16,fc,0.5,0,2.450000,0.41857254908072805,0.19955658003462096
deep_rung35ms_mgga_3x16,fc,0.5,0,2.475000,0.4183746156179846,0.1985466495603711
deep_rung35ms_mgga_3x16,fc,0.5,0,2.500000,0.418193773532066,0.19754850557599712
deep_rung35ms_mgga_3x16,fc,0.5,0,2.525000,0.4180290914685971,0.19656198072167724
deep_rung35ms_mgga_3x16,fc,0.5,0,2.550000,0.4178797046894671,0.1955869089038409
deep_rung35ms_mgga_3x16,fc,0.5,0,2.575000,0.4177448092396492,0.19462312540346077
deep_rung35ms_mgga_3x16,fc,0.5,0,2.600000,0.41762365663371814,0.1936704669729871
deep_rung35ms_mgga_3x16,fc,0.5,0,2.625000,0.41751554902254906,0.19272877192276328
deep_rung35ms_mgga_3x16,fc,0.5,0,2.650000,0.4174198348023772,0.19179788019770336
deep_rung35ms_mgga_3x16,fc,0.5,0,2.675000,0.4173359046302675,0.19087763344496303
deep_rung35ms_mgga_3x16,fc,0.5,0,2.700000,0.4172631878120163,0.18996787507328558
deep_rung35ms_mgga_3x16,fc,0.5,0,2.725000,0.4172011490305527,0.18906845030465902
deep_rung35ms_mgga_3x16,fc,0.5,0,2.750000,0.4171492853849418,0.18817920621887696
deep_rung35ms_mgga_3x16,fc,0.5,0,2.775000,0.4171071237121462,0.18729999179155726
deep_rung35ms_mgga_3x16,fc,0.5,0,2.800000,0.4170742181656726,0.18643065792613206
deep_rung35ms_mgga_3x16,fc,0.5,0,2.825000,0.417050148027174,0.1855710574802897
deep_rung35ms_mgga_3x16,fc,0.5,0,2.850000,0.4170345157289326,0.18472104528731484
deep_rung35ms_mgga_3x16,fc,0.5,0,2.875000,0.4170269450669166,0.1838804781727427
deep_rung35ms_mgga_3x16,fc,0.5,0,2.900000,0.4170270795857953,0.18304921496671248
deep_rung35ms_mgga_3x16,fc,0.5,0,2.925000,0.41703458111888847,0.1822271165123812
deep_rung35ms_mgga_3x16,fc,0.5,0,2.950000,0.4170491284675095,0.18141404567072983
deep_rung35ms_mgga_3x16,fc,0.5,0,2.975000,0.4170704162055804,0.180609867322074
deep_rung35ms_mgga_3x16,fc,0.5,0,3.000000,0.41709815359668023,0.17981444836456556
deep_rung35ms_mgga_3x16,fc,0.5,0,3.025000,0.41713206361191946,0.179027657709953
deep_rung35ms_mgga_3x16,fc,0.5,0,3.050000,0.4171718820381367,0.17824936627684973
deep_rung35ms_mgga_3x16,fc,0.5,0,3.075000,0.4172173566669609,0.17747944698173865
deep_rung35ms_mgga_3x16,fc,0.5,0,3.100000,0.4172682465562242,0.17671777472792738
deep_rung35ms_mgga_3x16,fc,0.5,0,3.125000,0.417324321356082,0.17596422639265208
deep_rung35ms_mgga_3x16,fc,0.5,0,3.150000,0.4173853606929947,0.1752186808125115
deep_rung35ms_mgga_3x16,fc,0.5,0,3.175000,0.4174511536054474,0.17448101876740207
deep_rung35ms_mgga_3x16,fc,0.5,0,3.200000,0.4175214980259381,0.17375112296311035
deep_rung35ms_mgga_3x16,fc,0.5,0,3.225000,0.4175962003043656,0.17302887801270725
deep_rung35ms_mgga_3x16,fc,0.5,0,3.250000,0.41767507476847965,0.1723141704168793
deep_rung35ms_mgga_3x16,fc,0.5,0,3.275000,0.4177579433175419,0.17160688854331868
deep_rung35ms_mgga_3x16,fc,0.5,0,3.300000,0.41784463504578295,0.17090692260528872
deep_rung35ms_mgga_3x16,fc,0.5,0,3.325000,0.41793498589262223,0.17021416463946792
deep_rung35ms_mgga_3x16,fc,0.5,0,3.350000,0.41802883831697124,0.16952850848317152
deep_rung35ms_mgga_3x16,fc,0.5,0,3.375000,0.4181260409932499,0.16884984975103826
deep_rung35ms_mgga_3x16,fc,0.5,0,3.400000,0.4182264485270125,0.1681780858112667
deep_rung35ms_mgga_3x16,fc,0.5,0,3.425000,0.41832992118833634,0.1675131157614748
deep_rung35ms_mgga_3x16,fc,0.5,0,3.450000,0.41843632466132985,0.16685484040425386
deep_rung35ms_mgga_3x16,fc,0.5,0,3.475000,0.4185455298083176,0.1662031622224799
deep_rung35ms_mgga_3x16,fc,0.5,0,3.500000,0.41865741244741694,0.16555798535444163
deep_rung35ms_mgga_3x16,fc,0.5,0,3.525000,0.4187718531423781,0.16491921556883718
deep_rung35ms_mgga_3x16,fc,0.5,0,3.550000,0.41888873700368556,0.16428676023969127
deep_rung35ms_mgga_3x16,fc,0.5,0,3.575000,0.4190079535000266,0.16366052832123476
deep_rung35ms_mgga_3x16,fc,0.5,0,3.600000,0.41912939627934487,0.1630404303227895
deep_rung35ms_mgga_3x16,fc,0.5,0,3.625000,0.4192529629987678,0.16242637828369502
deep_rung35ms_mgga_3x16,fc,0.5,0,3.650000,0.419378555162788,0.16181828574831011
deep_rung35ms_mgga_3x16,fc,0.5,0,3.675000,0.4195060779691324,0.16121606774112202
deep_rung35ms_mgga_3x16,fc,0.5,0,3.700000,0.419635440161818,0.16061964074198865
deep_rung35ms_mgga_3x16,fc,0.5,0,3.725000,0.4197665538909412,0.16002892266154084
deep_rung35ms_mgga_3x16,fc,0.5,0,3.750000,0.41989933457879136,0.15944383281676652
deep_rung35ms_mgga_3x16,fc,0.5,0,3.775000,0.4200337007919155,0.1588642919067969
deep_rung35ms_mgga_3x16,fc,0.5,0,3.800000,0.42016957411879874,0.158290221988913
deep_rung35ms_mgga_3x16,fc,0.5,0,3.825000,0.42030687905285313,0.15772154645478986
deep_rung35ms_mgga_3x16,fc,0.5,0,3.850000,0.42044554288042746,0.15715819000699058
deep_rung35ms_mgga_3x16,fc,0.5,0,3.875000,0.4205854955735806,0.15660007863572586
deep_rung35ms_mgga_3x16,fc,0.5,0,3.900000,0.42072666968737815,0.1560471395958869
deep_rung35ms_mgga_3x16,fc,0.5,0,3.925000,0.4208690002614863,0.15549930138436474
deep_rung35ms_mgga_3x16,fc,0.5,0,3.950000,0.4210124247258581,0.15495649371766224
deep_rung35ms_mgga_3x16,fc,0.5,0,3.975000,0.4211568828103158,0.15441864750980674
deep_rung35ms_mgga_3x16,fc,0.5,0,4.000000,0.4213023164578473,0.15388569485056963
deep_rung35ms_mgga_3x16,fc,0.5,0,4.025000,0.4214486697414481,0.1533575689839974
deep_rung35ms_mgga_3x16,fc,0.5,0,4.050000,0.42159588878434573,0.15283420428725958
deep_rung35ms_mgga_3x16,fc,0.5,0,4.075000,0.42174392168345576,0.1523155362498149
deep_rung35ms_mgga_3x16,fc,0.5,0,4.100000,0.42189271843592535,0.15180150145290017
deep_rung35ms_mgga_3x16,fc,0.5,0,4.125000,0.42204223086862847,0.15129203754934262
deep_rung35ms_mgga_3x16,fc,0.5,0,4.150000,0.4221924125704857,0.15078708324369658
deep_rung35ms_mgga_3x16,fc,0.5,0,4.175000,0.4223432188274814,0.15028657827270658
deep_rung35ms_mgga_3x16,fc,0.5,0,4.200000,0.42249460656026727,0.149790463386094
deep_rung35ms_mgga_3x16,fc,0.5,0,4.225000,0.42264653426423593,0.14929868032767024
deep_rung35ms_mgga_3x16,fc,0.5,0,4.250000,0.4227989619519634,0.14881117181677259
deep_rung35ms_mgga_3x16,fc,0.5,0,4.275000,0.4229518510979169,0.14832788153002277
deep_rung35ms_mgga_3x16,fc,0.5,0,4.300000,0.42310516458533043,0.1478487540834059
deep_rung35ms_mgga_3x16,fc,0.5,0,4.325000,0.4232588666551613,0.14737373501466866
deep_rung35ms_mgga_3x16,fc,0.5,0,4.350000,0.42341292285703447,0.1469027707660326
deep_rung35ms_mgga_3x16,fc,0.5,0,4.375000,0.42356730000209264,0.1464358086672206
deep_rung35ms_mgga_3x16,fc,0.5,0,4.400000,0.42372196611767565,0.14597279691879567
deep_rung35ms_mgga_3x16,fc,0.5,0,4.425000,0.42387689040374565,0.14551368457580452
deep_rung35ms_mgga_3x16,fc,0.5,0,4.450000,0.4240320431909912,0.14505842153172646
deep_rung35ms_mgga_3x16,fc,0.5,0,4.475000,0.4241873959005391,0.14460695850272298
deep_rung35ms_mgga_3x16,fc,0.5,0,4.500000,0.4243429210052021,0.1441592470121828
deep_rung35ms_mgga_3x16,fc,0.5,0,4.525000,0.42449859199220685,0.14371523937556108
deep_rung35ms_mgga_3x16,fc,0.5,0,4.550000,0.42465438332733574,0.14327488868550697
deep_rung35ms_mgga_3x16,fc,0.5,0,4.575000,0.4248102704204233,0.14283814879727608
deep_rung35ms_mgga_3x16,fc,0.5,0,4.600000,0.42496622959215635,0.1424049743144244
deep_rung35ms_mgga_3x16,fc,0.5,0,4.625000,0.42512223804212024,0.1419753205747783
deep_rung35ms_mgga_3x16,fc,0.5,0,4.650000,0.42527827381804106,0.1415491436366775
deep_rung35ms_mgga_3x16,fc,0.5,0,4.675000,0.4254343157861771,0.14112640026548623
deep_rung35ms_mgga_3x16,fc,0.5,0,4.700000,0.4255903436028101,0.1407070479203679
deep_rung35ms_mgga_3x16,fc,0.5,0,4.725000,0.4257463376867935,0.14029104474132023
deep_rung35ms_mgga_3x16,fc,0.5,0,4.750000,0.42590227919311385,0.1398783495364646
deep_rung35ms_mgga_3x16,fc,0.5,0,4.775000,0.4260581499874261,0.13946892176958758
deep_rung35ms_mgga_3x16,fc,0.5,0,4.800000,0.42621393262152285,0.13906272154792787
deep_rung35ms_mgga_3x16,fc,0.5,0,4.825000,0.426369610309697,0.1386597096102065
deep_rung35ms_mgga_3x16,fc,0.5,0,4.850000,0.42652516690597153,0.13825984731489438
deep_rung35ms_mgga_3x16,fc,0.5,0,4.875000,0.4266805868821497,0.13786309662871396
deep_rung35ms_mgga_3x16,fc,0.5,0,4.900000,0.42683585530666224,0.13746942011536997
deep_rung35ms_mgga_3x16,fc,0.5,0,4.925000,0.4269909578241764,0.13707878092450526
deep_rung35ms_mgga_3x16,fc,0.5,0,4.950000,0.4271458806359387,0.13669114278087835
deep_rung35ms_mgga_3x16,fc,0.5,0,4.975000,0.4273006104808198,0.13630646997375656
deep_rung35ms_mgga_3x16,fc,0.5,0,5.000000,0.4274551346170369,0.1359247273465229
deep_rung35ms_mgga_3x16,fc,0.5,0,5.025000,0.42760944080452745,0.13554588028649092
deep_rung35ms_mgga_3x16,fc,0.5,0,5.050000,0.4277635172879448,0.13516989471492433
deep_rung35ms_mgga_3x16,fc,0.5,0,5.075000,0.42791735278025855,0.13479673707725684
deep_rung35ms_mgga_3x16,fc,0.5,0,5.100000,0.4280709364469302,0.13442637433350926
deep_rung35ms_mgga_3x16,fc,0.5,0,5.125000,0.42822425789064467,0.13405877394889873
deep_rung35ms_mgga_3x16,fc,0.5,0,5.150000,0.4283773071365782,0.1336939038846367
deep_rung35ms_mgga_3x16,fc,0.5,0,5.175000,0.42853007461817794,0.1333317325889129
deep_rung35ms_mgga_3x16,fc,0.5,0,5.200000,0.4286825511634381,0.1329722289880596
deep_rung35ms_mgga_3x16,fc,0.5,0,5.225000,0.4288347279816509,0.1326153624778942
deep_rung35ms_mgga_3x16,fc,0.5,0,5.250000,0.4289865966506181,0.1322611029152361
deep_rung35ms_mgga_3x16,fc,0.5,0,5.275000,0.42913814910429915,0.13190942060959335
deep_rung35ms_mgga_3x16,fc,0.5,0,5.300000,0.4292893776208879,0.13156028631501718
deep_rung35ms_mgga_3x16,fc,0.5,0,5.325000,0.42944027481129843,0.13121367122211955
deep_rung35ms_mgga_3x16,fc,0.5,0,5.350000,0.4295908336080396,0.1308695469502513
deep_rung35ms_mgga_3x16,fc,0.5,0,5.375000,0.42974104725447404,0.13052788553983724
deep_rung35ms_mgga_3x16,fc,0.5,0,5.400000,0.42989090929443985,0.13018865944486457
deep_rung35ms_mgga_3x16,fc,0.5,0,5.425000,0.43004041356222444,0.12985184152552212
deep_rung35ms_mgga_3x16,fc,0.5,0,5.450000,0.43018955417287796,0.12951740504098702
deep_rung35ms_mgga_3x16,fc,0.5,0,5.475000,0.4303383255128512,0.129185323642355
deep_rung35ms_mgga_3x16,fc,0.5,0,5.500000,0.43048672223095275,0.12885557136571307
deep_rung35ms_mgga_3x16,fc,0.5,0,5.525000,0.43063473922960405,0.128528122625349
deep_rung35ms_mgga_3x16,fc,0.5,0,5.550000,0.43078237165639055,0.12820295220709765
deep_rung35ms_mgga_3x16,fc,0.5,0,5.575000,0.43092961489589554,0.12788003526181874
deep_rung35ms_mgga_3x16,fc,0.5,0,5.600000,0.43107646456180193,0.1275593472990049
deep_rung35ms_mgga_3x16,fc,0.5,0,5.625000,0.4312229164892609,0.1272408641805166
deep_rung35ms_mgga_3x16,fc,0.5,0,5.650000,0.43136896672751,0.12692456211444123
deep_rung35ms_mgga_3x16,fc,0.5,0,5.675000,0.4315146115327363,0.12661041764907438
deep_rung35ms_mgga_3x16,fc,0.5,0,5.700000,0.431659847361178,0.12629840766701914
deep_rung35ms_mgga_3x16,fc,0.5,0,5.725000,0.4318046708624472,0.12598850937940373
deep_rung35ms_mgga_3x16,fc,0.5,0,5.750000,0.4319490788730761,0.125680700320211
deep_rung35ms_mgga_3x16,fc,0.5,0,5.775000,0.43209306841027506,0.1253749583407219
deep_rung35ms_mgga_3x16,fc,0.5,0,5.800000,0.4322366366658912,0.12507126160406637
deep_rung35ms_mgga_3x16,fc,0.5,0,5.825000,0.43237978100056773,0.12476958857988306
deep_rung35ms_mgga_3x16,fc,0.5,0,5.850000,0.432522498938092,0.1244699180390814
deep_rung35ms_mgga_3x16,fc,0.5,0,5.875000,0.43266478815992626,0.12417222904870914
deep_rung35ms_mgga_3x16,fc,0.5,0,5.900000,0.4328066464999192,0.12387650096691742
deep_rung35ms_mgga_3x16,fc,0.5,0,5.925000,0.43294807193918283,0.12358271343802625
deep_rung35ms_mgga_3x16,fc,0.5,0,5.950000,0.4330890626011419,0.1232908463876843
deep_rung35ms_mgga_3x16,fc,0.5,0,5.975000,0.4332296167467382,0.12300088001812445
deep_rung35ms_mgga_3x16,fc,0.5,0,6.000000,0.4333697327697905,0.12271279480351016
deep_rung35ms_mgga_3x16,fc,2,0,0.000000,0.24943945674679024,0.4637124935893196
deep_rung35ms_mgga_3x16,fc,2,0,0.025000,0.24943423584495505,0.46365797510614426
deep_rung35ms_mgga_3x16,fc,2,0,0.050000,0.24939823090297253,0.46349457828501833
deep_rung35ms_mgga_3x16,fc,2,0,0.075000,0.24930217273103605,0.46322277769074155
deep_rung35ms_mgga_3x16,fc,2,0,0.100000,0.24911849201493852,0.4628433598850073
deep_rung35ms_mgga_3x16,fc,2,0,0.125000,0.2488213594176618,0.4623574169322783
deep_rung35ms_mgga_3x16,fc,2,0,0.150000,0.2483867065751273,0.4617663374565877
deep_rung35ms_mgga_3x16,fc,2,0,0.175000,0.24779222012788316,0.4610717953930279
deep_rung35ms_mgga_3x16,fc,2,0,0.200000,0.247017303124756,0.46027573661210736
deep_rung35ms_mgga_3x16,fc,2,0,0.225000,0.246043006385137,0.4593803636249541
deep_rung35ms_mgga_3x16,fc,2,0,0.250000,0.24485194820847045,0.458388118601862
deep_rung35ms_mgga_3x16,fc,2,0,0.275000,0.24342826394680228,0.45730166495548114
deep_rung35ms_mgga_3x16,fc,2,0,0.300000,0.24175765462199228,0.45612386775278785
deep_rung35ms_mgga_3x16,fc,2,0,0.325000,0.23982762999772778,0.45485777322679916
deep_rung35ms_mgga_3x16,fc,2,0,0.350000,0.23762805700538403,0.45350658765997187
deep_rung35ms_mgga_3x16,fc,2,0,0.375000,0.23515211729245888,0.45207365590667414
deep_rung35ms_mgga_3x16,fc,2,0,0.400000,0.2323977355766238,0.4505624398125133
deep_rung35ms_mgga_3x16,fc,2,0,0.425000,0.2293694545296896,0.44897649677425233
deep_rung35ms_mgga_3x16,fc,2,0,0.450000,0.22608060209269387,0.4473194586662224
deep_rung35ms_mgga_3x16,fc,2,0,0.475000,0.2225554383330377,0.4455950113382937
deep_rung35ms_mgga_3x16,fc,2,0,0.500000,0.2188308147826078,0.4438068748673543
deep_rung35ms_mgga_3x16,fc,2,0,0.525000,0.21495677988481843,0.44195878471962796
deep_rung35ms_mgga_3x16,fc,2,0,0.550000,0.2109955757353501,0.44005447395576214
deep_rung35ms_mgga_3x16,fc,2,0,0.575000,0.20701863611024707,0.43809765658510047
deep_rung35ms_mgga_3x16,fc,2,0,0.600000,0.20310152066242082,0.43609201215052357
deep_rung35ms_mgga_3x16,fc,2,0,0.625000,0.19931716243622077,0.4340411716012089
deep_rung35ms_mgga_3x16,fc,2,0,0.650000,0.19572827682111038,0.431948704488058
deep_rung35ms_mgga_3x16,fc,2,0,0.675000,0.19238016718173856,0.42981810749569455
deep_rung35ms_mgga_3x16,fc,2,0,0.700000,0.18929535935078412,0.4276527943060994
deep_rung35ms_mgga_3x16,fc,2,0,0.725000,0.18647142648005965,0.4254560867722806
deep_rung35ms_mgga_3x16,fc,2,0,0.750000,0.18388298692666694,0.42323120736595304
deep_rung35ms_mgga_3x16,fc,2,0,0.775000,0.1814881717427339,0.42098127285104386
deep_rung35ms_mgga_3x16,fc,2,0,0.800000,0.17923892718864887,0.4187092891248944
deep_rung35ms_mgga_3x16,fc,2,0,0.825000,0.17709350350539732,0.4164181471612089
deep_rung35ms_mgga_3x16,fc,2,0,0.850000,0.17502866619943136,0.41411061998296744
deep_rung35ms_mgga_3x16,fc,2,0,0.875000,0.1730488952018875,0.41178936058951576
deep_rung35ms_mgga_3x16,fc,2,0,0.900000,0.1711903578495828,0.40945690075969354
deep_rung35ms_mgga_3x16,fc,2,0,0.925000,0.16951871241165262,0.40711565065196964
deep_rung35ms_mgga_3x16,fc,2,0,0.950000,0.16812141778415324,0.4047678991229293
deep_rung35ms_mgga_3x16,fc,2,0,0.975000,0.16709658325170307,0.40241581468690557
deep_rung35ms_mgga_3x16,fc,2,0,1.000000,0.16654099156001356,0.40006144704189445
deep_rung35ms_mgga_3x16,fc,2,0,1.025000,0.16653964521224784,0.39770672908995053
deep_rung35ms_mgga_3x16,fc,2,0,1.050000,0.16715829399542015,0.3953534793838818
deep_rung35ms_mgga_3x16,fc,2,0,1.075000,0.16843936275426163,0.3930034049360875
deep_rung35ms_mgga_3x16,fc,2,0,1.100000,0.17040089563585836,0.3906581043297023
deep_rung35ms_mgga_3x16,fc,2,0,1.125000,0.1730377267410539,0.3883190710766848
deep_rung35ms_mgga_3x16,fc,2,0,1.150000,0.17632403286107134,0.3859876971720425
deep_rung35ms_mgga_3x16,fc,2,0,1.175000,0.18021657855679307,0.3836652767979275
deep_rung35ms_mgga_3x16,fc,2,0,1.200000,0.18465818553433277,0.38135301013579076
deep_rung35ms_mgga_3x16,fc,2,0,1.225000,0.18958115612231485,0.3790520072491119
deep_rung35ms_mgga_3x16,fc,2,0,1.250000,0.19491051789070513,0.3767632920033665
deep_rung35ms_mgga_3x16,fc,2,0,1.275000,0.2005670325227753,0.3744878059938269
deep_rung35ms_mgga_3x16,fc,2,0,1.300000,0.20646994294720822,0.3722264124554973
deep_rung35ms_mgga_3x16,fc,2,0,1.325000,0.2125394377175609,0.36997990013293486
deep_rung35ms_mgga_3x16,fc,2,0,1.350000,0.21869880673377562,0.367748987090909
deep_rung35ms_mgga_3x16,fc,2,0,1.375000,0.22487625834835834,0.3655343244497885
deep_rung35ms_mgga_3x16,fc,2,0,1.400000,0.23100637015562686,0.36333650003222684
deep_rung35ms_mgga_3x16,fc,2,0,1.425000,0.237031155563451,0.36115604191015194
deep_rung35ms_mgga_3x16,fc,2,0,1.450000,0.24290074395555328,0.35899342184325267
deep_rung35ms_mgga_3x16,fc,2,0,1.475000,0.24857369074799496,0.35684905860211963
deep_rung35ms_mgga_3x16,fc,2,0,1.500000,0.25401695153557935,0.35472332117093486
deep_rung35ms_mgga_3x16,fc,2,0,1.525000,0.2592055690299203,0.3526165318261523
deep_rung35ms_mgga_3x16,fc,2,0,1.550000,0.2641221309050028,0.35052896908895104
deep_rung35ms_mgga_3x16,fc,2,0,1.575000,0.26875606044747546,0.3484608705504263
deep_rung35ms_mgga_3x16,fc,2,0,1.600000,0.2731028004931214,0.34641243556949486
deep_rung35ms_mgga_3x16,fc,2,0,1.625000,0.2771629455977569,0.34438382784435767
deep_rung35ms_mgga_3x16,fc,2,0,1.650000,0.28094136911011947,0.3423751778591022
deep_rung35ms_mgga_3x16,fc,2,0,1.675000,0.28444638215240436,0.34038658520764153
deep_rung35ms_mgga_3x16,fc,2,0,1.700000,0.2876889516368508,0.3384181207976971
deep_rung35ms_mgga_3x16,fc,2,0,1.725000,0.29068199522295535,0.3364698289379469
deep_rung35ms_mgga_3x16,fc,2,0,1.750000,0.2934397631035577,0.3345417293117887
deep_rung35ms_mgga_3x16,fc,2,0,1.775000,0.29597730997374516,0.33263381884142695
deep_rung35ms_mgga_3x16,fc,2,0,1.800000,0.2983100555400836,0.3307460734461768
deep_rung35ms_mgga_3x16,fc,2,0,1.825000,0.3004534283738973,0.32887844969901675
deep_rung35ms_mgga_3x16,fc,2,0,1.850000,0.30242258561596547,0.32703088638550154
deep_rung35ms_mgga_3x16,fc,2,0,1.875000,0.30423219977517935,0.32520330596918856
deep_rung35ms_mgga_3x16,fc,2,0,1.900000,0.3058963033986877,0.323395615967739
deep_rung35ms_mgga_3x16,fc,2,0,1.925000,0.3074281825111528,0.32160771024382623
deep_rung35ms_mgga_3x16,fc,2,0,1.950000,0.3088403102403181,0.3198394702149331
deep_rung35ms_mgga_3x16,fc,2,0,1.975000,0.3101443128135186,0.3180907659860507
deep_rung35ms_mgga_3x16,fc,2,0,2.000000,0.3113509610072114,0.31636145740919613
deep_rung35ms_mgga_3x16,fc,2,0,2.025000,0.31247018107194324,0.31465139507356843
deep_rung35ms_mgga_3x16,fc,2,0,2.050000,0.31351108007737705,0.3129604212300418
deep_rung35ms_mgga_3x16,fc,2,0,2.075000,0.3144819814862845,0.3112883706535782
deep_rung35ms_mgga_3x16,fc,2,0,2.100000,0.3153904675493364,0.3096350714470056
deep_rung35ms_mgga_3x16,fc,2,0,2.125000,0.3162434258028426,0.30800034578948027
deep_rung35ms_mgga_3x16,fc,2,0,2.150000,0.31704709754666394,0.30638401063281323
deep_rung35ms_mgga_3x16,fc,2,0,2.175000,0.31780712668250244,0.30478587834870396
deep_rung35ms_mgga_3x16,fc,2,0,2.200000,0.3185286077103888,0.30320575732978744
deep_rung35ms_mgga_3x16,fc,2,0,2.225000,0.31921613202213206,0.301643452547268
deep_rung35ms_mgga_3x16,fc,2,0,2.250000,0.319873831904282,0.3000987660677743
deep_rung35ms_mgga_3x16,fc,2,0,2.275000,0.3205054218793222,0.29857149753194373
deep_rung35ms_mgga_3x16,fc,2,0,2.300000,0.3211142371813842,0.29706144459711337
deep_rung35ms_mgga_3x16,fc,2,0,2.325000,0.32170326929005966,0.2955684033463727
deep_rung35ms_mgga_3x16,fc,2,0,2.350000,0.32227519854019904,0.29409216866611015
deep_rung35ms_mgga_3x16,fc,2,0,2.375000,0.3228324238933662,0.2926325345940717
deep_rung35ms_mgga_3x16,fc,2,0,2.400000,0.32337709000324855,0.29118929463983667
deep_rung35ms_mgga_3x16,fc,2,0,2.425000,0.32391111173746423,0.2897622420795101
deep_rung35ms_mgga_3x16,fc,2,0,2.450000,0.3244361963355591,0.28835117022632417
deep_rung35ms_mgga_3x16,fc,2,0,2.475000,0.3249538633907333,0.2869558726787487
deep_rung35ms_mgga_3x16,fc,2,0,2.500000,0.3254654628434118,0.28557614354761207
deep_rung35ms_mgga_3x16,fc,2,0,2.525000,0.32597219117022336,0.2842117776636468
deep_rung35ms_mgga_3x16,fc,2,0,2.550000,0.3264751059438198,0.28286257076678956
deep_rung35ms_mgga_3x16,fc,2,0,2.575000,0.32697513892851504,0.2815283196784822
deep_rung35ms_mgga_3x16,fc,2,0,2.600000,0.32747310786485617,0.2802088224581476
deep_rung35ms_mgga_3x16,fc,2,0,2.625000,0.32796972708371075,0.278903878544938
deep_rung35ms_mgga_3x16,fc,2,0,2.650000,0.3284656170777691,0.2776132888857885
deep_rung35ms_mgga_3x16,fc,2,0,2.675000,0.3289613131459146,0.27633685605074015
deep_rung35ms_mgga_3x16,fc,2,0,2.700000,0.32945727321397156,0.2750743843364387
deep_rung35ms_mgga_3x16,fc,2,0,2.725000,0.3299538849240893,0.27382567985865647
deep_rung35ms_mgga_3x16,fc,2,0,2.750000,0.3304514720745685,0.27259055063462984
deep_rung35ms_mgga_3x16,fc,2,0,2.775000,0.33095030048233154,0.2713688066559538
deep_rung35ms_mgga_3x16,fc,2,0,2.800000,0.3314505833315198,0.2701602599527297
deep_rung35ms_mgga_3x16,fc,2,0,2.825000,0.3319524860638543,0.2689647246496099
deep_rung35ms_mgga_3x16,fc,2,0,2.850000,0.3324561308593731,0.26778201701435067
deep_rung35ms_mgga_3x16,fc,2,0,2.875000,0.33296160074994385,0.2666119554994342
deep_rung35ms_mgga_3x16,fc,2,0,2.900000,0.33346894340247935,0.2654543607772907
deep_rung35ms_mgga_3x16,fc,2,0,2.925000,0.3339781746039796,0.26430905576961355
deep_rung35ms_mgga_3x16,fc,2,0,2.950000,0.3344892814763658,0.26317586567122503
deep_rung35ms_mgga_3x16,fc,2,0,2.975000,0.33500222544545477,0.2620546179689243
deep_rung35ms_mgga_3x16,fc,2,0,3.000000,0.3355169449853289,0.260945142455715
deep_rung35ms_mgga_3x16,fc,2,0,3.025000,0.33603335815668034,0.2598472712407876
deep_rung35ms_mgga_3x16,fc,2,0,3.050000,0.33655136495546056,0.2587608387556007
deep_rung35ms_mgga_3x16,fc,2,0,3.075000,0.33707084948622024,0.25768568175638656
deep_rung35ms_mgga_3x16,fc,2,0,3.100000,0.3375916819729079,0.2566216393233812
deep_rung35ms_mgga_3x16,fc,2,0,3.125000,0.33811372061850764,0.2555685528570589
deep_rung35ms_mgga_3x16,fc,2,0,3.150000,0.3386368133237424,0.2545262660716307
deep_rung35ms_mgga_3x16,fc,2,0,3.175000,0.33916079927409126,0.2534946249860516
deep_rung35ms_mgga_3x16,fc,2,0,3.200000,0.3396855104035311,0.2524734779127581
deep_rung35ms_mgga_3x16,fc,2,0,3.225000,0.3402107727427426,0.251462675444348
deep_rung35ms_mgga_3x16,fc,2,0,3.250000,0.34073640765890256,0.250462070438396
deep_rung35ms_mgga_3x16,fc,2,0,3.275000,0.3412622329936974,0.24947151800058348
deep_rung35ms_mgga_3x16,fc,2,0,3.300000,0.3417880641057558,0.24849087546631324
deep_rung35ms_mgga_3x16,fc,2,0,3.325000,0.34231371482331663,0.247520002380961
deep_rung35ms_mgga_3x16,fc,2,0,3.350000,0.3428389983126249,0.2465587604789098
deep_rung35ms_mgga_3x16,fc,2,0,3.375000,0.34336372786724856,0.24560701366149937
deep_rung35ms_mgga_3x16,fc,2,0,3.400000,0.3438877176232402,0.244664627974014
deep_rung35ms_mgga_3x16,fc,2,0,3.425000,0.34441078320483376,0.2437314715818238
deep_rung35ms_mgga_3x16,fc,2,0,3.450000,0.34493274230512727,0.24280741474578352
deep_rung35ms_mgga_3x16,fc,2,0,3.475000,0.34545341520599837,0.24189232979698927
deep_rung35ms_mgga_3x16,fc,2,0,3.500000,0.34597262524129624,0.24098609111097882
deep_rung35ms_mgga_3x16,fc,2,0,3.525000,0.34649019920715485,0.24008857508146478
deep_rung35ms_mgga_3x16,fc,2,0,3.550000,0.3470059677230952,0.23919966009367097
deep_rung35ms_mgga_3x16,fc,2,0,3.575000,0.3475197655473973,0.23831922649734727
deep_rung35ms_mgga_3x16,fc,2,0,3.600000,0.3480314318500498,0.23744715657952747
deep_rung35ms_mgga_3x16,fc,2,0,3.625000,0.34854081044641894,0.23658333453708694
deep_rung35ms_mgga_3x16,fc,2,0,3.650000,0.34904774999460764,0.23572764644915917
deep_rung35ms_mgga_3x16,fc,2,0,3.675000,0.34955210415932114,0.23487998024945925
deep_rung35ms_mgga_3x16,fc,2,0,3.700000,0.35005373174489396,0.23404022569856114
deep_rung35ms_mgga_3x16,fc,2,0,3.725000,0.3505524967999889,0.23320827435617125
deep_rung35ms_mgga_3x16,fc,2,0,3.750000,0.351048268696327,0.2323840195534376
deep_rung35ms_mgga_3x16,fc,2,0,3.775000,0.35154092218366684,0.23156735636532824
deep_rung35ms_mgga_3x16,fc,2,0,3.800000,0.3520303374231226,0.2307581815831134
deep_rung35ms_mgga_3x16,fc,2,0,3.825000,0.3525164000007698,0.2299563936869787
deep_rung35ms_mgga_3x16,fc,2,0,3.850000,0.3529990009233692,0.22916189281879717
deep_rung35ms_mgga_3x16,fc,2,0,3.875000,0.3534780365979173,0.22837458075508446
deep_rung35ms_mgga_3x16,fc,2,0,3.900000,0.35395340879661896,0.22759436088015705
deep_rung35ms_mgga_3x16,fc,2,0,3.925000,0.35442502460876746,0.22682113815951563
deep_rung35ms_mgga_3x16,fc,2,0,3.950000,0.35489279638091276,0.22605481911346947
deep_rung35ms_mgga_3x16,fc,2,0,3.975000,0.3553566416466045,0.22529531179101767
deep_rung35ms_mgga_3x16,fc,2,0,4.000000,0.3558164830469017,0.22454252574400185
deep_rung35ms_mgga_3x16,fc,2,0,4.025000,0.3562722482427467,0.22379637200154323
deep_rung35ms_mgga_3x16,fc,2,0,4.050000,0.35672386982023463,0.22305676304477295
deep_rung35ms_mgga_3x16,fc,2,0,4.075000,0.357171285189711,0.2223236127818666
deep_rung35ms_mgga_3x16,fc,2,0,4.100000,0.35761443647957425,0.22159683652339265
deep_rung35ms_mgga_3x16,fc,2,0,4.125000,0.35805327042557944,0.2208763509579786
deep_rung35ms_mgga_3x16,fc,2,0,4.150000,0.3584877382563838,0.22016207412830358
deep_rung35ms_mgga_3x16,fc,2,0,4.175000,0.358917795576006,0.21945392540742137
deep_rung35ms_mgga_3x16,fc,2,0,4.200000,0.3593434022438218,0.2187518254754187
deep_rung35ms_mgga_3x16,fc,2,0,4.225000,0.35976452225266,0.2180556962964114
deep_rung35ms_mgga_3x16,fc,2,0,4.250000,0.36018112360551746,0.21736546109588067
deep_rung35ms_mgga_3x16,fc,2,0,4.275000,0.36059317819136605,0.2166810443383531
deep_rung35ms_mgga_3x16,fc,2,0,4.300000,0.36100066166047584,0.21600237170542338
deep_rung35ms_mgga_3x16,fc,2,0,4.325000,0.3614035532996487,0.2153293700741224
deep_rung35ms_mgga_3x16,fc,2,0,4.350000,0.36180183590770876,0.21466196749562855
deep_rung35ms_mgga_3x16,fc,2,0,4.375000,0.3621954956715724,0.21400009317432347
deep_rung35ms_mgga_3x16,fc,2,0,4.400000,0.3625845220431775,0.21334367744719182
deep_rung35ms_mgga_3x16,fc,2,0,4.425000,0.36296890761753264,0.212692651763561
deep_rung35ms_mgga_3x16,fc,2,0,4.450000,0.36334864801211275,0.2120469486651822
deep_rung35ms_mgga_3x16,fc,2,0,4.475000,0.3637237417478021,0.211406501766649
deep_rung35ms_mgga_3x16,fc,2,0,4.500000,0.3640941901315695,0.21077124573615202
deep_rung35ms_mgga_3x16,fc,2,0,4.525000,0.36445999714102706,0.21014111627656573
deep_rung35ms_mgga_3x16,fc,2,0,4.550000,0.3648211693110168,0.20951605010686644
deep_rung35ms_mgga_3x16,fc,2,0,4.575000,0.3651777156223386,0.20889598494387676
deep_rung35ms_mgga_3x16,fc,2,0,4.600000,0.365529647392727,0.20828085948433367
deep_rung35ms_mgga_3x16,fc,2,0,4.625000,0.3658769781701603,0.2076706133872779
deep_rung35ms_mgga_3x16,fc,2,0,4.650000,0.36621972362857647,0.2070651872567583
deep_rung35ms_mgga_3x16,fc,2,0,4.675000,0.36655790146605316,0.20646452262485057
deep_rung35ms_mgga_3x16,fc,2,0,4.700000,0.36689153130550245,0.20586856193498426
deep_rung35ms_mgga_3x16,fc,2,0,4.725000,0.36722063459791154,0.20527724852557444
deep_rung35ms_mgga_3x16,fc,2,0,4.750000,0.3675452345281627,0.20469052661395523
deep_rung35ms_mgga_3x16,fc,2,0,4.775000,0.3678653559234387,0.20410834128060876
deep_rung35ms_mgga_3x16,fc,2,0,4.800000,0.3681810251642379,0.20353063845368755
deep_rung35ms_mgga_3x16,fc,2,0,4.825000,0.36849227009798247,0.2029573648938246
deep_rung35ms_mgga_3x16,fc,2,0,4.850000,0.36879911995522996,0.20238846817922718
deep_rung35ms_mgga_3x16,fc,2,0,4.875000,0.36910160526846325,0.20182389669105044
deep_rung35ms_mgga_3x16,fc,2,0,4.900000,0.36939975779345047,0.2012635995990459
deep_rung35ms_mgga_3x16,fc,2,0,4.925000,0.3696936104331505,0.2007075268474808
deep_rung35ms_mgga_3x16,fc,2,0,4.950000,0.36998319716413075,0.20015562914132293
deep_rung35ms_mgga_3x16,fc,2,0,4.975000,0.37026855296547634,0.19960785793268823
deep_rung35ms_mgga_3x16,fc,2,0,5.000000,0.3705497137501489,0.1990641654075457
deep_rung35ms_mgga_3x16,fc,2,0,5.025000,0.37082671629875863,0.19852450447267503
deep_rung35ms_mgga_3x16,fc,2,0,5.050000,0.37109959819571414,0.19798882874287285
deep_rung35ms_mgga_3x16,fc,2,0,5.075000,0.3713683977676996,0.19745709252840385
deep_rung35ms_mgga_3x16,fc,2,0,5.100000,0.3716331540244415,0.19692925082269164
deep_rung35ms_mgga_3x16,fc,2,0,5.125000,0.37189390660171573,0.196405259290245
deep_rung35ms_mgga_3x16,fc,2,0,5.150000,0.3721506957065468,0.19588507425481655
deep_rung35ms_mgga_3x16,fc,2,0,5.175000,0.37240356206455094,0.19536865268778786
deep_rung35ms_mgga_3x16,fc,2,0,5.200000,0.37265254686937466,0.1948559521967777
deep_rung35ms_mgga_3x16,fc,2,0,5.225000,0.372897691734175,0.19434693101446987
deep_rung35ms_mgga_3x16,fc,2,0,5.250000,0.37313903864509335,0.19384154798765593
deep_rung35ms_mgga_3x16,fc,2,0,5.275000,0.3733766299166703,0.19333976256648758
deep_rung35ms_mgga_3x16,fc,2,0,5.300000,0.37361050814914776,0.1928415347939379
deep_rung35ms_mgga_3x16,fc,2,0,5.325000,0.3738407161876125,0.1923468252954638
deep_rung35ms_mgga_3x16,fc,2,0,5.350000,0.3740672970829204,0.19185559526886803
deep_rung35ms_mgga_3x16,fc,2,0,5.375000,0.3742902940543612,0.19136780647435758
deep_rung35ms_mgga_3x16,fc,2,0,5.400000,0.3745097504540009,0.1908834212247919
deep_rung35ms_mgga_3x16,fc,2,0,5.425000,0.37472570973266073,0.1904024023761197
deep_rung35ms_mgga_3x16,fc,2,0,5.450000,0.3749382154074794,0.18992471331800037
deep_rung35ms_mgga_3x16,fc,2,0,5.475000,0.37514731103100496,0.1894503179646045
deep_rung35ms_mgga_3x16,fc,2,0,5.500000,0.37535304016177373,0.18897918074559295
deep_rung35ms_mgga_3x16,fc,2,0,5.525000,0.37555544633632576,0.18851126659726813
deep_rung35ms_mgga_3x16,fc,2,0,5.550000,0.37575457304260707,0.18804654095389647
deep_rung35ms_mgga_3x16,fc,2,0,5.575000,0.37595046369471563,0.18758496973919642
deep_rung35ms_mgga_3x16,fc,2,0,5.600000,0.3761431616089439,0.18712651935799052
deep_rung35ms_mgga_3x16,fc,2,0,5.625000,0.37633270998107227,0.1866711566880177
deep_rung35ms_mgga_3x16,fc,2,0,5.650000,0.3765191518648704,0.18621884907190214
deep_rung35ms_mgga_3x16,fc,2,0,5.675000,0.37670253015176436,0.18576956430927574
deep_rung35ms_mgga_3x16,fc,2,0,5.700000,0.3768828875516268,0.18532327064905213
deep_rung35ms_mgga_3x16,fc,2,0,5.725000,0.3770602665746472,0.1848799367818472
deep_rung35ms_mgga_3x16,fc,2,0,5.750000,0.37723470951424654,0.1844395318325446
deep_rung35ms_mgga_3x16,fc,2,0,5.775000,0.3774062584309925,0.18400202535300478
deep_rung35ms_mgga_3x16,fc,2,0,5.800000,0.3775749551374823,0.18356738731490982
deep_rung35ms_mgga_3x16,fc,2,0,5.825000,0.37774084118414986,0.18313558810274683
deep_rung35ms_mgga_3x16,fc,2,0,5.850000,0.3779039578459684,0.18270659850692378
deep_rung35ms_mgga_3x16,fc,2,0,5.875000,0.37806434611000816,0.18228038971701582
deep_rung35ms_mgga_3x16,fc,2,0,5.900000,0.3782220466638173,0.18185693331514038
deep_rung35ms_mgga_3x16,fc,2,0,5.925000,0.37837709988459045,0.18143620126945664
deep_rung35ms_mgga_3x16,fc,2,0,5.950000,0.37852954582910026,0.18101816592778855
deep_rung35ms_mgga_3x16,fc,2,0,5.975000,0.37867942422434986,0.18060280001136791
deep_rung35ms_mgga_3x16,fc,2,0,6.000000,0.37882677445892465,0.18019007660869604
deep_rung35ms_mgga_3x16,fc,5,0,0.000000,0.07041030826240036,0.5544857754313772
deep_rung35ms_mgga_3x16,fc,5,0,0.025000,0.07040962773606063,0.5544267190341762
deep_rung35ms_mgga_3x16,fc,5,0,0.050000,0.07040495248113898,0.5542497120954382
deep_rung35ms_mgga_3x16,fc,5,0,0.075000,0.0703926317873661,0.553955240085491
deep_rung35ms_mgga_3x16,fc,5,0,0.100000,0.07036968840943847,0.5535441078476212
deep_rung35ms_mgga_3x16,fc,5,0,0.125000,0.0703342783213875,0.5530174332576545
deep_rung35ms_mgga_3x16,fc,5,0,0.150000,0.07028624444996268,0.5523766384864307
deep_rung35ms_mgga_3x16,fc,5,0,0.175000,0.07022770451256233,0.5516234389999005
deep_rung35ms_mgga_3x16,fc,5,0,0.200000,0.07016360930693621,0.5507598304640728
deep_rung35ms_mgga_3x16,fc,5,0,0.225000,0.07010220715779258,0.5497880737503587
deep_rung35ms_mgga_3x16,fc,5,0,0.250000,0.07005535327430623,0.5487106782603984
deep_rung35ms_mgga_3x16,fc,5,0,0.275000,0.07003860912001647,0.5475303838078052
deep_rung35ms_mgga_3x16,fc,5,0,0.300000,0.0700710851315498,0.5462501413071461
deep_rung35ms_mgga_3x16,fc,5,0,0.325000,0.0701749880035849,0.5448730925278805
deep_rung35ms_mgga_3x16,fc,5,0,0.350000,0.07037483874503991,0.54340254917295
deep_rung35ms_mgga_3x16,fc,5,0,0.375000,0.07069632788356506,0.5418419715385733
deep_rung35ms_mgga_3x16,fc,5,0,0.400000,0.07116476953907525,0.5401949470039137
deep_rung35ms_mgga_3x16,fc,5,0,0.425000,0.07180311009586127,0.5384651685871872
deep_rung35ms_mgga_3x16,fc,5,0,0.450000,0.0726294485838822,0.5366564137890562
deep_rung35ms_mgga_3x16,fc,5,0,0.475000,0.07365404987988322,0.5347725239254726
deep_rung35ms_mgga_3x16,fc,5,0,0.500000,0.07487590010045153,0.5328173841311602
deep_rung35ms_mgga_3x16,fc,5,0,0.525000,0.07627899048579967,0.5307949041923599
deep_rung35ms_mgga_3x16,fc,5,0,0.550000,0.07782873879398844,0.5287090003439469
deep_rung35ms_mgga_3x16,fc,5,0,0.575000,0.07946925664432836,0.5265635781422086
deep_rung35ms_mgga_3x16,fc,5,0,0.600000,0.08112248566964797,0.5243625165009729
deep_rung35ms_mgga_3x16,fc,5,0,0.625000,0.08269041802994459,0.5221096529559254
deep_rung35ms_mgga_3x16,fc,5,0,0.650000,0.0840614830998101,0.519808770200247
deep_rung35ms_mgga_3x16,fc,5,0,0.675000,0.08512151875984397,0.517463583914472
deep_rung35ms_mgga_3x16,fc,5,0,0.700000,0.08576849478067505,0.5150777318949817
deep_rung35ms_mgga_3x16,fc,5,0,0.725000,0.08592856990644326,0.5126547644689723
deep_rung35ms_mgga_3x16,fc,5,0,0.750000,0.08556975862234806,0.5101981361691884
deep_rung35ms_mgga_3x16,fc,5,0,0.775000,0.08470923043337031,0.5077111986292233
deep_rung35ms_mgga_3x16,fc,5,0,0.800000,0.08341153744538443,0.5051971946497459
deep_rung35ms_mgga_3x16,fc,5,0,0.825000,0.08177760516416743,0.5026592533775737
deep_rung35ms_mgga_3x16,fc,5,0,0.850000,0.07992711223653315,0.5001003865329368
deep_rung35ms_mgga_3x16,fc,5,0,0.875000,0.07797869557728332,0.4975234856154844
deep_rung35ms_mgga_3x16,fc,5,0,0.900000,0.07603254886661781,0.49493132001638257
deep_rung35ms_mgga_3x16,fc,5,0,0.925000,0.07415864556899054,0.4923265359621072
deep_rung35ms_mgga_3x16,fc,5,0,0.950000,0.07239186479891468,0.4897116562150498
deep_rung35ms_mgga_3x16,fc,5,0,0.975000,0.07073359770123933,0.48708908045668386
deep_rung35ms_mgga_3x16,fc,5,0,1.000000,0.06915838594735779,0.4844610862805865
deep_rung35ms_mgga_3x16,fc,5,0,1.025000,0.0676237370209205,0.4818298307249389
deep_rung35ms_mgga_3x16,fc,5,0,1.050000,0.06608120827534658,0.47919735227706733
deep_rung35ms_mgga_3x16,fc,5,0,1.075000,0.06448695737767807,0.47656557328600857
deep_rung35ms_mgga_3x16,fc,5,0,1.100000,0.06281019471307203,0.4739363027228544
deep_rung35ms_mgga_3x16,fc,5,0,1.125000,0.06103840895826185,0.471311239232641
deep_rung35ms_mgga_3x16,fc,5,0,1.150000,0.059178885417520255,0.4686919744256981
deep_rung35ms_mgga_3x16,fc,5,0,1.175000,0.05725678408765711,0.46607999636058217
deep_rung35ms_mgga_3x16,fc,5,0,1.200000,0.055310685563738526,0.46347669317490353
deep_rung35ms_mgga_3x16,fc,5,0,1.225000,0.05338686295481376,0.46088335682447545
deep_rung35ms_mgga_3x16,fc,5,0,1.250000,0.051533529486561425,0.45830118689520055
deep_rung35ms_mgga_3x16,fc,5,0,1.275000,0.04979601393867017,0.45573129445594024
deep_rung35ms_mgga_3x16,fc,5,0,1.300000,0.04821338115778362,0.45317470592425413
deep_rung35ms_mgga_3x16,fc,5,0,1.325000,0.04681659645813352,0.45063236692032244
deep_rung35ms_mgga_3x16,fc,5,0,1.350000,0.04562803045110719,0.44810514608757446
deep_rung35ms_mgga_3x16,fc,5,0,1.375000,0.0446619457182158,0.44559383886151827
deep_rung35ms_mgga_3x16,fc,5,0,1.400000,0.04392557806134578,0.44309917117101477
deep_rung35ms_mgga_3x16,fc,5,0,1.425000,0.043420478335984614,0.44062180305874216
deep_rung35ms_mgga_3x16,fc,5,0,1.450000,0.043143870903391,0.43816233220989076
deep_rung35ms_mgga_3x16,fc,5,0,1.475000,0.04308987802717634,0.4357212973801876
deep_rung35ms_mgga_3x16,fc,5,0,1.500000,0.04325053721944527,0.4332991817162094
deep_rung35ms_mgga_3x16,fc,5,0,1.525000,0.04361659381285199,0.4308964159626009
deep_rung35ms_mgga_3x16,fc,5,0,1.550000,0.04417808476680796,0.4285133815522881
deep_rung35ms_mgga_3x16,fc,5,0,1.575000,0.04492474642001376,0.42615041357707084
deep_rung35ms_mgga_3x16,fc,5,0,1.600000,0.04584628395213042,0.4238078036371223
deep_rung35ms_mgga_3x16,fc,5,0,1.625000,0.046932538447283734,0.42148580256890444
deep_rung35ms_mgga_3x16,fc,5,0,1.650000,0.04817358218614787,0.4191846230518673
deep_rung35ms_mgga_3x16,fc,5,0,1.675000,0.04955976643579618,0.4169044420950267
deep_rung35ms_mgga_3x16,fc,5,0,1.700000,0.051081739876164156,0.41464540340513245
deep_rung35ms_mgga_3x16,fc,5,0,1.725000,0.05273045052766323,0.4124076196386569
deep_rung35ms_mgga_3x16,fc,5,0,1.750000,0.05449713982596638,0.41019117454025883
deep_rung35ms_mgga_3x16,fc,5,0,1.775000,0.0563733342925119,0.40799612497072657
deep_rung35ms_mgga_3x16,fc,5,0,1.800000,0.05835083793171536,0.40582250282767435
deep_rung35ms_mgga_3x16,fc,5,0,1.825000,0.06042172687623948,0.40367031686248195
deep_rung35ms_mgga_3x16,fc,5,0,1.850000,0.06257834673588747,0.4015395543971219
deep_rung35ms_mgga_3x16,fc,5,0,1.875000,0.06481331244391098,0.39943018294462707
deep_rung35ms_mgga_3x16,fc,5,0,1.900000,0.06711951002459182,0.39734215173701826
deep_rung35ms_mgga_3x16,fc,5,0,1.925000,0.06949009954118068,0.3952753931645421
deep_rung35ms_mgga_3x16,fc,5,0,1.950000,0.07191851845786912,0.3932298241300676
deep_rung35ms_mgga_3x16,fc,5,0,1.975000,0.07439848471408739,0.3912053473224654
deep_rung35ms_mgga_3x16,fc,5,0,2.000000,0.07692399892731783,0.3892018524127446
deep_rung35ms_mgga_3x16,fc,5,0,2.025000,0.07948934528465867,0.387219217176654
deep_rung35ms_mgga_3x16,fc,5,0,2.050000,0.08208909083394156,0.38525730854737456
deep_rung35ms_mgga_3x16,fc,5,0,2.075000,0.08471808302858341,0.38331598360183616
deep_rung35ms_mgga_3x16,fc,5,0,2.100000,0.0873714455075032,0.3813950904840865
deep_rung35ms_mgga_3x16,fc,5,0,2.125000,0.09004457219710416,0.3794944692690332
deep_rung35ms_mgga_3x16,fc,5,0,2.150000,0.09273311990413613,0.3776139527697599
deep_rung35ms_mgga_3x16,fc,5,0,2.175000,0.09543299962613294,0.3757533672915002
deep_rung35ms_mgga_3x16,fc,5,0,2.200000,0.09814036684151461,0.3739125333352315
deep_rung35ms_mgga_3x16,fc,5,0,2.225000,0.1008516110569313,0.3720912662537262
deep_rung35ms_mgga_3x16,fc,5,0,2.250000,0.10356334488816032,0.3702893768627755
deep_rung35ms_mgga_3x16,fc,5,0,2.275000,0.10627239293627966,0.3685066720101793
deep_rung35ms_mgga_3x16,fc,5,0,2.300000,0.10897578069630531,0.366742955104975
deep_rung35ms_mgga_3x16,fc,5,0,2.325000,0.11167072370421138,0.36499802660925884
deep_rung35ms_mgga_3x16,fc,5,0,2.350000,0.11435461709302286,0.3632716844948376
deep_rung35ms_mgga_3x16,fc,5,0,2.375000,0.11702502569191853,0.36156372466683856
deep_rung35ms_mgga_3x16,fc,5,0,2.400000,0.11967967476594221,0.3598739413562909
deep_rung35ms_mgga_3x16,fc,5,0,2.425000,0.12231644145950626,0.3582021274835926
deep_rung35ms_mgga_3x16,fc,5,0,2.450000,0.12493334697547809,0.3565480749946682
deep_rung35ms_mgga_3x16,fc,5,0,2.475000,0.12752854949401415,0.35491157517153077
deep_rung35ms_mgga_3x16,fc,5,0,2.500000,0.13010033781184704,0.3532924189188632
deep_rung35ms_mgga_3x16,fc,5,0,2.525000,0.1326471256636268,0.35169039702814436
deep_rung35ms_mgga_3x16,fc,5,0,2.550000,0.1351674466720929,0.35010530042076193
deep_rung35ms_mgga_3x16,fc,5,0,2.575000,0.13765994986312502,0.3485369203714671
deep_rung35ms_mgga_3x16,fc,5,0,2.600000,0.14012339567476184,0.3469850487134535
deep_rung35ms_mgga_3x16,fc,5,0,2.625000,0.1425566523856855,0.3454494780262607
deep_rung35ms_mgga_3x16,fc,5,0,2.650000,0.144958692888012,0.3439300018076401
deep_rung35ms_mgga_3x16,fc,5,0,2.675000,0.1473285917310313,0.3424264146304455
deep_rung35ms_mgga_3x16,fc,5,0,2.700000,0.1496655223663529,0.3409385122855547
deep_rung35ms_mgga_3x16,fc,5,0,2.725000,0.15196875453027858,0.339466091911759
deep_rung35ms_mgga_3x16,fc,5,0,2.750000,0.15423765170573212,0.3380089521135095
deep_rung35ms_mgga_3x16,fc,5,0,2.775000,0.1564716686133465,0.3365668930673474
deep_rung35ms_mgga_3x16,fc,5,0,2.800000,0.15867034868899688,0.33513971661779945
deep_rung35ms_mgga_3x16,fc,5,0,2.825000,0.16083332151288676,0.3337272263634682
deep_rung35ms_mgga_3x16,fc,5,0,2.850000,0.1629603001630051,0.3323292277340013
deep_rung35ms_mgga_3x16,fc,5,0,2.875000,0.16505107847314116,0.330945528058585
deep_rung35ms_mgga_3x16,fc,5,0,2.900000,0.1671055281825622,0.32957593662656054
deep_rung35ms_mgga_3x16,fc,5,0,2.925000,0.16912359597076043,0.32822026474072796
deep_rung35ms_mgga_3x16,fc,5,0,2.950000,0.17110530037630833,0.3268783257638657
deep_rung35ms_mgga_3x16,fc,5,0,2.975000,0.1730507286037669,0.3255499351589587
deep_rung35ms_mgga_3x16,fc,5,0,3.000000,0.1749600332267527,0.32423491052359754
deep_rung35ms_mgga_3x16,fc,5,0,3.025000,0.17683342879867692,0.3229330716189806
deep_rung35ms_mgga_3x16,fc,5,0,3.050000,0.17867118838536866,0.3216442403939239
deep_rung35ms_mgga_3x16,fc,5,0,3.075000,0.18047364003580846,0.32036824100425537
deep_rung35ms_mgga_3x16,fc,5,0,3.100000,0.18224116320856776,0.31910489982794765
deep_rung35ms_mgga_3x16,fc,5,0,3.125000,0.1839741851723713,0.317854045476318
deep_rung35ms_mgga_3x16,fc,5,0,3.150000,0.18567317739948075,0.3166155088016044
deep_rung35ms_mgga_3x16,fc,5,0,3.175000,0.18733865197046318,0.31538912290120497
deep_rung35ms_mgga_3x16,fc,5,0,3.200000,0.1889711580083845,0.31417472311884825
deep_rung35ms_mgga_3x16,fc,5,0,3.225000,0.19057127815962494,0.3129721470429461
deep_rung35ms_mgga_3x16,fc,5,0,3.250000,0.19213962513744287,0.31178123450236195
deep_rung35ms_mgga_3x16,fc,5,0,3.275000,0.19367683834313343,0.31060182755981197
deep_rung35ms_mgga_3x16,fc,5,0,3.300000,0.19518358057821428,0.30943377050310267
deep_rung35ms_mgga_3x16,fc,5,0,3.325000,0.19666053485957913,0.30827690983439354
deep_rung35ms_mgga_3x16,fc,5,0,3.350000,0.19810840134799568,0.3071310942576613
deep_rung35ms_mgga_3x16,fc,5,0,3.375000,0.1995278943987775,0.3059961746645293
deep_rung35ms_mgga_3x16,fc,5,0,3.400000,0.2009197397419109,0.30487200411861487
deep_rung35ms_mgga_3x16,fc,5,0,3.425000,0.20228467179741816,0.30375843783853723
deep_rung35ms_mgga_3x16,fc,5,0,3.450000,0.203623431130319,0.3026553331797168
deep_rung35ms_mgga_3x16,fc,5,0,3.475000,0.20493676204818834,0.30156254961508944
deep_rung35ms_mgga_3x16,fc,5,0,3.500000,0.2062254103430604,0.30047994871484934
deep_rung35ms_mgga_3x16,fc,5,0,3.525000,0.20749012117827315,0.29940739412532796
deep_rung35ms_mgga_3x16,fc,5,0,3.550000,0.2087316371197927,0.29834475154710355
deep_rung35ms_mgga_3x16,fc,5,0,3.575000,0.20995069631062224,0.297291888712437
deep_rung35ms_mgga_3x16,fc,5,0,3.600000,0.21114803078605937,0.2962486753621153
deep_rung35ms_mgga_3x16,fc,5,0,3.625000,0.21232436492684248,0.29521498322178275
deep_rung35ms_mgga_3x16,fc,5,0,3.650000,0.21348041404660023,0.29419068597783077
deep_rung35ms_mgga_3x16,fc,5,0,3.675000,0.21461688310948834,0.2931756592529155
deep_rung35ms_mgga_3x16,fc,5,0,3.700000,0.21573446557345677,0.29216978058116344
deep_rung35ms_mgga_3x16,fc,5,0,3.725000,0.21683384235424863,0.2911729293831231
deep_rung35ms_mgga_3x16,fc,5,0,3.750000,0.21791568090495028,0.2901849869405158
deep_rung35ms_mgga_3x16,fc,5,0,3.775000,0.21898063440570747,0.2892058363708347
deep_rung35ms_mgga_3x16,fc,5,0,3.800000,0.22002934105809857,0.28823536260183585
deep_rung35ms_mgga_3x16,fc,5,0,3.825000,0.22106242347856453,0.28727345234596335
deep_rung35ms_mgga_3x16,fc,5,0,3.850000,0.22208048818527248,0.28631999407474723
deep_rung35ms_mgga_3x16,fc,5,0,3.875000,0.22308412517281195,0.2853748779932082
deep_rung35ms_mgga_3x16,fc,5,0,3.900000,0.22407390756916656,0.2844379960143012
deep_rung35ms_mgga_3x16,fc,5,0,3.925000,0.2250503913695172,0.283509241733428
deep_rung35ms_mgga_3x16,fc,5,0,3.950000,0.2260141152415277,0.28258851040304445
deep_rung35ms_mgga_3x16,fc,5,0,3.975000,0.22696560039691993,0.2816756989073878
deep_rung35ms_mgga_3x16,fc,5,0,4.000000,0.22790535052431227,0.2807707057373459
deep_rung35ms_mgga_3x16,fc,5,0,4.025000,0.2288338517784574,0.2798734309654892
deep_rung35ms_mgga_3x16,fc,5,0,4.050000,0.2297515728212225,0.27898377622128206
deep_rung35ms_mgga_3x16,fc,5,0,4.075000,0.2306589649098394,0.2781016446664924
deep_rung35ms_mgga_3x16,fc,5,0,4.100000,0.23155646202816604,0.2772269409708137
deep_rung35ms_mgga_3x16,fc,5,0,4.125000,0.23244448105690652,0.2763595712877112
deep_rung35ms_mgga_3x16,fc,5,0,4.150000,0.2333234219789444,0.2754994432305072
deep_rung35ms_mgga_3x16,fc,5,0,4.175000,0.2341936681161545,0.2746464658487141
deep_rung35ms_mgga_3x16,fc,5,0,4.200000,0.23505558639427004,0.273800549604625
deep_rung35ms_mgga_3x16,fc,5,0,4.225000,0.23590952763257922,0.2729616063501716
deep_rung35ms_mgga_3x16,fc,5,0,4.250000,0.2367558268554304,0.27212954930405386
deep_rung35ms_mgga_3x16,fc,5,0,4.275000,0.23759480362272023,0.2713042930291521
deep_rung35ms_mgga_3x16,fc,5,0,4.300000,0.23842676237672422,0.270485753410222
deep_rung35ms_mgga_3x16,fc,5,0,4.325000,0.23925199280281495,0.269673847631881
deep_rung35ms_mgga_3x16,fc,5,0,4.350000,0.24007077020178746,0.26886849415688896
deep_rung35ms_mgga_3x16,fc,5,0,4.375000,0.2408833558716783,0.26806961270472474
deep_rung35ms_mgga_3x16,fc,5,0,4.400000,0.2416899974971345,0.26727712423046274
deep_rung35ms_mgga_3x16,fc,5,0,4.425000,0.24249092954452012,0.26649095090395186
deep_rung35ms_mgga_3x16,fc,5,0,4.450000,0.24328637366112416,0.26571101608929615
deep_rung35ms_mgga_3x16,fc,5,0,4.475000,0.24407653907694626,0.2649372443246392
deep_rung35ms_mgga_3x16,fc,5,0,4.500000,0.24486162300767855,0.2641695613022536
deep_rung35ms_mgga_3x16,fc,5,0,4.525000,0.24564181105762473,0.26340789384893337
deep_rung35ms_mgga_3x16,fc,5,0,4.550000,0.24641727762141175,0.2626521699066897
deep_rung35ms_mgga_3x16,fc,5,0,4.575000,0.24718818628346106,0.2619023185137512
deep_rung35ms_mgga_3x16,fc,5,0,4.600000,0.24795469021427852,0.2611582697858629
deep_rung35ms_mgga_3x16,fc,5,0,4.625000,0.24871693256273875,0.260419954897888
deep_rung35ms_mgga_3x16,fc,5,0,4.650000,0.249475046843603,0.25968730606570634
deep_rung35ms_mgga_3x16,fc,5,0,4.675000,0.2502291573196145,0.25896025652840965
deep_rung35ms_mgga_3x16,fc,5,0,4.700000,0.2509793793775803,0.25823874053079116
deep_rung35ms_mgga_3x16,fc,5,0,4.725000,0.2517258198979242,0.257522693306127
deep_rung35ms_mgga_3x16,fc,5,0,4.750000,0.25246857761726305,0.25681205105924626
deep_rung35ms_mgga_3x16,fc,5,0,4.775000,0.25320774348362185,0.2561067509498882
deep_rung35ms_mgga_3x16,fc,5,0,4.800000,0.2539434010039521,0.25540673107634243
deep_rung35ms_mgga_3x16,fc,5,0,4.825000,0.2546756265836809,0.25471193045936924
deep_rung35ms_mgga_3x16,fc,5,0,4.850000,0.2554044898580612,0.2540222890263985
deep_rung35ms_mgga_3x16,fc,5,0,4.875000,0.2561300540151368,0.2533377475960011
deep_rung35ms_mgga_3x16,fc,5,0,4.900000,0.2568523761101782,0.25265824786263147
deep_rung35ms_mgga_3x16,fc,5,0,4.925000,0.2575715073714875,0.25198373238163874
deep_rung35ms_mgga_3x16,fc,5,0,4.950000,0.2582874934974908,0.2513141445545391
deep_rung35ms_mgga_3x16,fc,5,0,4.975000,0.2590003749450862,0.2506494286145507
deep_rung35ms_mgga_3x16,fc,5,0,5.000000,0.25971018720922423,0.24998952961238374
deep_rung35ms_mgga_3x16,fc,5,0,5.025000,0.26041696109374124,0.24933439340228428
deep_rung35ms_mgga_3x16,fc,5,0,5.050000,0.26112072297347066,0.24868396662832676
deep_rung35ms_mgga_3x16,fc,5,0,5.075000,0.2618214950476956,0.24803819671095262
deep_rung35ms_mgga_3x16,fc,5,0,5.100000,0.26251929558501275,0.24739703183375045
deep_rung35ms_mgga_3x16,fc,5,0,5.125000,0.26321413915969427,0.2467604209304745
deep_rung35ms_mgga_3x16,fc,5,0,5.150000,0.26390603687965875,0.24612831367229768
deep_rung35ms_mgga_3x16,fc,5,0,5.175000,0.26459499660616426,0.24550066045529495
deep_rung35ms_mgga_3x16,fc,5,0,5.200000,0.2652810231653512,0.24487741238815436
deep_rung35ms_mgga_3x16,fc,5,0,5.225000,0.2659641185517788,0.2442585212801106
deep_rung35ms_mgga_3x16,fc,5,0,5.250000,0.26664428212409885,0.2436439396290991
deep_rung35ms_mgga_3x16,fc,5,0,5.275000,0.26732151079301913,0.2430336206101252
deep_rung35ms_mgga_3x16,fc,5,0,5.300000,0.26799579920172434,0.24242751806384624
deep_rung35ms_mgga_3x16,fc,5,0,5.325000,0.26866713989891366,0.24182558648536162
deep_rung35ms_mgga_3x16,fc,5,0,5.350000,0.2693355235046291,0.24122778101320994
deep_rung35ms_mgga_3x16,fc,5,0,5.375000,0.2700009388690472,0.24063405741856464
deep_rung35ms_mgga_3x16,fc,5,0,5.400000,0.2706633732244097,0.24004437209462973
deep_rung35ms_mgga_3x16,fc,5,0,5.425000,0.27132281233027333,0.23945868204623016
deep_rung35ms_mgga_3x16,fc,5,0,5.450000,0.27197924061225653,0.23887694487959177
deep_rung35ms_mgga_3x16,fc,5,0,5.475000,0.2726326412944635,0.23829911879231044
deep_rung35ms_mgga_3x16,fc,5,0,5.500000,0.2732829965257656,0.2377251625635044
deep_rung35ms_mgga_3x16,fc,5,0,5.525000,0.2739302875001213,0.23715503554414796
deep_rung35ms_mgga_3x16,fc,5,0,5.550000,0.27457449457110994,0.23658869764758303
deep_rung35ms_mgga_3x16,fc,5,0,5.575000,0.2752155973608652,0.23602610934020468
deep_rung35ms_mgga_3x16,fc,5,0,5.600000,0.27585357486357265,0.2354672316323175
deep_rung35ms_mgga_3x16,fc,5,0,5.625000,0.27648840554371756,0.2349120260691614
deep_rung35ms_mgga_3x16,fc,5,0,5.650000,0.27712006742924844,0.23436045472210015
deep_rung35ms_mgga_3x16,fc,5,0,5.675000,0.27774853819982726,0.2338124801799742
deep_rung35ms_mgga_3x16,fc,5,0,5.700000,0.2783737952703369,0.23326806554060975
deep_rung35ms_mgga_3x16,fc,5,0,5.725000,0.27899581586980626,0.2327271744024856
deep_rung35ms_mgga_3x16,fc,5,0,5.750000,0.279614577115918,0.23218977085655232
deep_rung35ms_mgga_3x16,fc,5,0,5.775000,0.280230056085257,0.23165581947820052
deep_rung35ms_mgga_3x16,fc,5,0,5.800000,0.2808422298794526,0.23112528531937732
deep_rung35ms_mgga_3x16,fc,5,0,5.825000,0.28145107568737415,0.23059813390084713
deep_rung35ms_mgga_3x16,fc,5,0,5.850000,0.28205657084351565,0.23007433120459309
deep_rung35ms_mgga_3x16,fc,5,0,5.875000,0.2826586928827308,0.22955384366635842
deep_rung35ms_mgga_3x16,fc,5,0,5.900000,0.28325741959145145,0.2290366381683236
deep_rung35ms_mgga_3x16,fc,5,0,5.925000,0.28385272905552505,0.22852268203191708
deep_rung35ms_mgga_3x16,fc,5,0,5.950000,0.2844445997048166,0.22801194301075733
deep_rung35ms_mgga_3x16,fc,5,0,5.975000,0.2850330103547001,0.2275043892837228
deep_rung35ms_mgga_3x16,fc,5,0,6.000000,0.28561794024456544,0.2269999894481493
deep_rung35ms_mgga_3x16,fc,0.5,1,0.000000,1.0,0.9999961712608588
deep_rung35ms_mgga_3x16,fc,0.5,1,0.025000,0.9999867839818479,0.9984184760081829
deep_rung35ms_mgga_3x16,fc,0.5,1,0.050000,0.9998956568819226,0.9937387158781839
deep_rung35ms_mgga_3x16,fc,0.5,1,0.075000,0.9996526625518198,0.9861116767855248
deep_rung35ms_mgga_3x16,fc,0.5,1,0.100000,0.9991885219295201,0.9757790342212942
deep_rung35ms_mgga_3x16,fc,0.5,1,0.125000,0.9984391249291175,0.9630480921576084
deep_rung35ms_mgga_3x16,fc,0.5,1,0.150000,0.9973460888530322,0.9482674028443029
deep_rung35ms_mgga_3x16,fc,0.5,1,0.175000,0.9958573442489541,0.9318027757434102
deep_rung35ms_mgga_3x16,fc,0.5,1,0.200000,0.9939277088194804,0.9140163849862294
deep_rung35ms_mgga_3x16,fc,0.5,1,0.225000,0.9915194103200692,0.895250544126424
deep_rung35ms_mgga_3x16,fc,0.5,1,0.250000,0.9886025205090987,0.8758166137599275
deep_rung35ms_mgga_3x16,fc,0.5,1,0.275000,0.9851552642978636,0.8559886798683672
deep_rung35ms_mgga_3x16,fc,0.5,1,0.300000,0.9811641714898474,0.836001162915475
deep_rung35ms_mgga_3x16,fc,0.5,1,0.325000,0.9766240431737395,0.8160493469631397
deep_rung35ms_mgga_3x16,fc,0.5,1,0.350000,0.9715377112837449,0.7962918591444997
deep_rung35ms_mgga_3x16,fc,0.5,1,0.375000,0.9659155784019411,0.7768542849414322
deep_rung35ms_mgga_3x16,fc,0.5,1,0.400000,0.9597749357581493,0.7578332988001893
deep_rung35ms_mgga_3x16,fc,0.5,1,0.425000,0.9531390704814862,0.7393008761348733
deep_rung35ms_mgga_3x16,fc,0.5,1,0.450000,0.9460361878791109,0.7213083090367803
deep_rung35ms_mgga_3x16,fc,0.5,1,0.475000,0.938498189652402,0.7038898673741572
deep_rung35ms_mgga_3x16,fc,0.5,1,0.500000,0.9305593627168869,0.6870660316733914
deep_rung35ms_mgga_3x16,fc,0.5,1,0.525000,0.9222550435434131,0.6708462803055282
deep_rung35ms_mgga_3x16,fc,0.5,1,0.550000,0.9136203276912643,0.6552314479842513
deep_rung35ms_mgga_3x16,fc,0.5,1,0.575000,0.9046888921882102,0.6402156916755075
deep_rung35ms_mgga_3x16,fc,0.5,1,0.600000,0.8954919895942985,0.6257881087693496
deep_rung35ms_mgga_3x16,fc,0.5,1,0.625000,0.8860576583768445,0.6119340545434856
deep_rung35ms_mgga_3x16,fc,0.5,1,0.650000,0.8764101772114937,0.598636204225167
deep_rung35ms_mgga_3x16,fc,0.5,1,0.675000,0.8665697740365842,0.5858754011371419
deep_rung35ms_mgga_3x16,fc,0.5,1,0.700000,0.8565525866213899,0.5736313276602746
deep_rung35ms_mgga_3x16,fc,0.5,1,0.725000,0.8463708612092747,0.5618830307776007
deep_rung35ms_mgga_3x16,fc,0.5,1,0.750000,0.8360333689736639,0.5506093291962164
deep_rung35ms_mgga_3x16,fc,0.5,1,0.775000,0.8255460148574512,0.5397891246909768
deep_rung35ms_mgga_3x16,fc,0.5,1,0.800000,0.8149126078411529,0.5294016364695502
deep_rung35ms_mgga_3x16,fc,0.5,1,0.825000,0.8041357545347266,0.5194265740394319
deep_rung35ms_mgga_3x16,fc,0.5,1,0.850000,0.7932178293572894,0.5098442612394509
deep_rung35ms_mgga_3x16,fc,0.5,1,0.875000,0.7821619660217709,0.5006357217351001
deep_rung35ms_mgga_3x16,fc,0.5,1,0.900000,0.7709730089522419,0.4917827343141886
deep_rung35ms_mgga_3x16,fc,0.5,1,0.925000,0.7596583619085471,0.4832678647011884
deep_rung35ms_mgga_3x16,fc,0.5,1,0.950000,0.748228675854797,0.4750744792826998
deep_rung35ms_mgga_3x16,fc,0.5,1,0.975000,0.7366983290532595,0.4671867450552573
deep_rung35ms_mgga_3x16,fc,0.5,1,1.000000,0.7250856683019852,0.4595896192286324
deep_rung35ms_mgga_3x16,fc,0.5,1,1.025000,0.7134129991075728,0.4522688312072218
deep_rung35ms_mgga_3x16,fc,0.5,1,1.050000,0.7017063320063314,0.4452108590988182
deep_rung35ms_mgga_3x16,fc,0.5,1,1.075000,0.6899949099841116,0.4384029024388287
deep_rung35ms_mgga_3x16,fc,0.5,1,1.100000,0.6783105562518001,0.43183285244791647
deep_rung35ms_mgga_3x16,fc,0.5,1,1.125000,0.666686891414446,0.42548926084482935
deep_rung35ms_mgga_3x16,fc,0.5,1,1.150000,0.6551584739009054,0.4193613079997367
deep_rung35ms_mgga_3x16,fc,0.5,1,1.175000,0.643759917564344,0.41343877102519516
deep_rung35ms_mgga_3x16,fc,0.5,1,1.200000,0.6325250362524589,0.40771199225250004
deep_rung35ms_mgga_3x16,fc,0.5,1,1.225000,0.6214860578225427,0.4021718484230683
deep_rung35ms_mgga_3x16,fc,0.5,1,1.250000,0.6106729406413419,0.3968097208314555
deep_rung35ms_mgga_3x16,fc,0.5,1,1.275000,0.6001128151804803,0.39161746658366636
deep_rung35ms_mgga_3x16,fc,0.5,1,1.300000,0.5898295629114407,0.3865873910775427
deep_rung35ms_mgga_3x16,fc,0.5,1,1.325000,0.5798435351499223,0.3817122217679804
deep_rung35ms_mgga_3x16,fc,0.5,1,1.350000,0.5701714063932466,0.3769850832459103
deep_rung35ms_mgga_3x16,fc,0.5,1,1.375000,0.5608261503841449,0.37239947363429526
deep_rung35ms_mgga_3x16,fc,0.5,1,1.400000,0.551817122737787,0.3679492422851587
deep_rung35ms_mgga_3x16,fc,0.5,1,1.425000,0.5431502314138468,0.36362856874750565
deep_rung35ms_mgga_3x16,fc,0.5,1,1.450000,0.5348281753904268,0.3594319429658608
deep_rung35ms_mgga_3x16,fc,0.5,1,1.475000,0.5268507323054384,0.3553541466621454
deep_rung35ms_mgga_3x16,fc,0.5,1,1.500000,0.5192150772412965,0.3513902358490631
deep_rung35ms_mgga_3x16,fc,0.5,1,1.525000,0.5119161169124714,0.3475355244205047
deep_rung35ms_mgga_3x16,fc,0.5,1,1.550000,0.5049468259765569,0.3437855687632761
deep_rung35ms_mgga_3x16,fc,0.5,1,1.575000,0.49829857478147277,0.3401361533343542
deep_rung35ms_mgga_3x16,fc,0.5,1,1.600000,0.49196144039388534,0.33658327714859115
deep_rung35ms_mgga_3x16,fc,0.5,1,1.625000,0.4859244950923661,0.33312314112312563
deep_rung35ms_mgga_3x16,fc,0.5,1,1.650000,0.48017606856912964,0.329752136226511
deep_rung35ms_mgga_3x16,fc,0.5,1,1.675000,0.4747039818241172,0.3264668323826388
deep_rung35ms_mgga_3x16,fc,0.5,1,1.700000,0.46949575214513484,0.3232639680817821
deep_rung35ms_mgga_3x16,fc,0.5,1,1.725000,0.4645387696613472,0.32014044065345
deep_rung35ms_mgga_3x16,fc,0.5,1,1.750000,0.45982044676371214,0.31709329715815265
deep_rung35ms_mgga_3x16,fc,0.5,1,1.775000,0.455328342242322,0.31411972585759074
deep_rung35ms_mgga_3x16,fc,0.5,1,1.800000,0.4510502623380481,0.3112170482251605
deep_rung35ms_mgga_3x16,fc,0.5,1,1.825000,0.44697434108482836,0.3083827114609816
deep_rung35ms_mgga_3x16,fc,0.5,1,1.850000,0.4430891023671931,0.3056142814778942
deep_rung35ms_mgga_3x16,fc,0.5,1,1.875000,0.43938350606865106,0.30290943632701667
deep_rung35ms_mgga_3x16,fc,0.5,1,1.900000,0.4358469805689966,0.30026596003350664
deep_rung35ms_mgga_3x16,fc,0.5,1,1.925000,0.43246944368600526,0.2976817368151027
deep_rung35ms_mgga_3x16,fc,0.5,1,1.950000,0.4292413139681688,0.29515474565787
deep_rung35ms_mgga_3x16,fc,0.5,1,1.975000,0.4261535140445887,0.2926830552252958
deep_rung35ms_mgga_3x16,fc,0.5,1,2.000000,0.42319746753664367,0.2902648190785099
deep_rung35ms_mgga_3x16,fc,0.5,1,2.025000,0.4203650908412362,0.2878982711869325
deep_rung35ms_mgga_3x16,fc,0.5,1,2.050000,0.417648780912397,0.28558172171007484
deep_rung35ms_mgga_3x16,fc,0.5,1,2.075000,0.41504139999990164,0.28331355303255157
deep_rung35ms_mgga_3x16,fc,0.5,1,2.100000,0.41253625815193384,0.2810922160356118
deep_rung35ms_mgga_3x16,fc,0.5,1,2.125000,0.4101270941541604,0.2789162265896511
deep_rung35ms_mgga_3x16,fc,0.5,1,2.150000,0.40780805545954435,0.2767841622532473
deep_rung35ms_mgga_3x16,fc,0.5,1,2.175000,0.40557367756095486,0.27469465916527047
deep_rung35ms_mgga_3x16,fc,0.5,1,2.200000,0.4034188631709209,0.27264640911754634
deep_rung35ms_mgga_3x16,fc,0.5,1,2.225000,0.4013388614983592,0.2706381567964263
deep_rung35ms_mgga_3x16,fc,0.5,1,2.250000,0.39932924784933843,0.26866869718241826
deep_rung35ms_mgga_3x16,fc,0.5,1,2.275000,0.3973859037264923,0.26673687309778743
deep_rung35ms_mgga_3x16,fc,0.5,1,2.300000,0.39550499755820967,0.2648415728927243
deep_rung35ms_mgga_3x16,fc,0.5,1,2.325000,0.39368296615294396,0.2629817282613315
deep_rung35ms_mgga_3x16,fc,0.5,1,2.350000,0.3919164969447505,0.261156312179271
deep_rung35ms_mgga_3x16,fc,0.5,1,2.375000,0.3902025110724783,0.2593643369554784
deep_rung35ms_mgga_3x16,fc,0.5,1,2.400000,0.38853814731600966,0.25760485239085973
deep_rung35ms_mgga_3x16,fc,0.5,1,2.425000,0.38692074689775735,0.25587694403737166
deep_rung35ms_mgga_3x16,fc,0.5,1,2.450000,0.38534783914570003,0.254179731551325
deep_rung35ms_mgga_3x16,fc,0.5,1,2.475000,0.3838171280049122,0.25251236713517167
deep_rung35ms_mgga_3x16,fc,0.5,1,2.500000,0.3823264793774198,0.25087403406241
deep_rung35ms_mgga_3x16,fc,0.5,1,2.525000,0.38087390926484654,0.24926394528060775
deep_rung35ms_mgga_3x16,fc,0.5,1,2.550000,0.3794575726844043,0.2476813420878693
deep_rung35ms_mgga_3x16,fc,0.5,1,2.575000,0.3780757533260244,0.24612549287837895
deep_rung35ms_mgga_3x16,fc,0.5,1,2.600000,0.3767268539166251,0.244595691952943
deep_rung35ms_mgga_3x16,fc,0.5,1,2.625000,0.3754093872564572,0.2430912583907152
deep_rung35ms_mgga_3x16,fc,0.5,1,2.650000,0.3741219678920229,0.2416115349785379
deep_rung35ms_mgga_3x16,fc,0.5,1,2.675000,0.3728633043901022,0.2401558871945624
deep_rung35ms_mgga_3x16,fc,0.5,1,2.700000,0.37163219217782695,0.23872370224302325
deep_rung35ms_mgga_3x16,fc,0.5,1,2.725000,0.37042750691445847,0.23731438813724479
deep_rung35ms_mgga_3x16,fc,0.5,1,2.750000,0.3692481983614493,0.2359273728281351
deep_rung35ms_mgga_3x16,fc,0.5,1,2.775000,0.3680932847184957,0.23456210337560698
deep_rung35ms_mgga_3x16,fc,0.5,1,2.800000,0.36696184739449766,0.23321804516051328
deep_rung35ms_mgga_3x16,fc,0.5,1,2.825000,0.365853026183695,0.23189468113484532
deep_rung35ms_mgga_3x16,fc,0.5,1,2.850000,0.3647660148186078,0.2305915111080737
deep_rung35ms_mgga_3x16,fc,0.5,1,2.875000,0.363700056872845,0.2293080510676474
deep_rung35ms_mgga_3x16,fc,0.5,1,2.900000,0.3626544419882727,0.22804383253178506
deep_rung35ms_mgga_3x16,fc,0.5,1,2.925000,0.36162850240245714,0.22679840193280637
deep_rung35ms_mgga_3x16,fc,0.5,1,2.950000,0.3606216097537229,0.22557132002935876
deep_rung35ms_mgga_3x16,fc,0.5,1,2.975000,0.35963317214254564,0.22436216134599152
deep_rung35ms_mgga_3x16,fc,0.5,1,3.000000,0.3586626314293535,0.22317051363862328
deep_rung35ms_mgga_3x16,fc,0.5,1,3.025000,0.3577094607501191,0.2219959773845346
deep_rung35ms_mgga_3x16,fc,0.5,1,3.050000,0.3567731622323871,0.22083816529559788
deep_rung35ms_mgga_3x16,fc,0.5,1,3.075000,0.3558532648955832,0.21969670185353313
deep_rung35ms_mgga_3x16,fc,0.5,1,3.100000,0.3549493227206201,0.21857122286604785
deep_rung35ms_mgga_3x16,fc,0.5,1,3.125000,0.35406091287489394,0.21746137504278581
deep_rung35ms_mgga_3x16,fc,0.5,1,3.150000,0.35318763407982434,0.21636681559007237
deep_rung35ms_mgga_3x16,fc,0.5,1,3.175000,0.3523291051090538,0.21528721182349994
deep_rung35ms_mgga_3x16,fc,0.5,1,3.200000,0.3514849634063668,0.21422224079745308
deep_rung35ms_mgga_3x16,fc,0.5,1,3.225000,0.3506548638132383,0.21317158895072427
deep_rung35ms_mgga_3x16,fc,0.5,1,3.250000,0.3498384773967478,0.21213495176741698
deep_rung35ms_mgga_3x16,fc,0.5,1,3.275000,0.349035490369344,0.21111203345237947
deep_rung35ms_mgga_3x16,fc,0.5,1,3.300000,0.3482456030926582,0.21010254662045394
deep_rung35ms_mgga_3x16,fc,0.5,1,3.325000,0.34746852915821225,0.2091062119988659
deep_rung35ms_mgga_3x16,fc,0.5,1,3.350000,0.34670399453848644,0.2081227581421139
deep_rung35ms_mgga_3x16,fc,0.5,1,3.375000,0.345951736802363,0.20715192115875722
deep_rung35ms_mgga_3x16,fc,0.5,1,3.400000,0.3452115043894872,0.20619344444953
deep_rung35ms_mgga_3x16,fc,0.5,1,3.425000,0.34448305593856765,0.20524707845624146
deep_rung35ms_mgga_3x16,fc,0.5,1,3.450000,0.3437661596650672,0.20431258042095127
deep_rung35ms_mgga_3x16,fc,0.5,1,3.475000,0.3430605927841517,0.2033897141549355
deep_rung35ms_mgga_3x16,fc,0.5,1,3.500000,0.3423661409751275,0.20247824981698617
deep_rung35ms_mgga_3x16,fc,0.5,1,3.525000,0.3416825978839323,0.20157796370060838
deep_rung35ms_mgga_3x16,fc,0.5,1,3.550000,0.34100976466056365,0.20068863802970538
deep_rung35ms_mgga_3x16,fc,0.5,1,3.575000,0.3403474495286005,0.19981006076235963
deep_rung35ms_mgga_3x16,fc,0.5,1,3.600000,0.33969546738423784,0.19894202540234204
deep_rung35ms_mgga_3x16,fc,0.5,1,3.625000,0.3390536394224821,0.19808433081799626
deep_rung35ms_mgga_3x16,fc,0.5,1,3.650000,0.3384217927883688,0.1972367810681679
deep_rung35ms_mgga_3x16,fc,0.5,1,3.675000,0.3377997602512599,0.19639918523485989
deep_rung35ms_mgga_3x16,fc,0.5,1,3.700000,0.33718737990044556,0.19557135726231661
deep_rung35ms_mgga_3x16,fc,0.5,1,3.725000,0.3365844948604404,0.19475311580224858
deep_rung35ms_mgga_3x16,fc,0.5,1,3.750000,0.3359909530245009,0.1939442840649317
deep_rung35ms_mgga_3x16,fc,0.5,1,3.775000,0.33540660680502576,0.1931446896759194
deep_rung35ms_mgga_3x16,fc,0.5,1,3.800000,0.33483131289961365,0.1923541645381254
deep_rung35ms_mgga_3x16,fc,0.5,1,3.825000,0.33426493207165875,0.19157254469904472
deep_rung35ms_mgga_3x16,fc,0.5,1,3.850000,0.333707328944463,0.19079967022289113
deep_rung35ms_mgga_3x16,fc,0.5,1,3.875000,0.33315837180792696,0.19003538506744047
deep_rung35ms_mgga_3x16,fc,0.5,1,3.900000,0.3326179324369598,0.189279536965381
deep_rung35ms_mgga_3x16,fc,0.5,1,3.925000,0.33208588592082156,0.18853197730997814
deep_rung35ms_mgga_3x16,fc,0.5,1,3.950000,0.3315621105026665,0.18779256104487418
deep_rung35ms_mgga_3x16,fc,0.5,1,3.975000,0.33104648742862897,0.18706114655784864
deep_rung35ms_mgga_3x16,fc,0.5,1,4.000000,0.33053890080582626,0.18633759557837573
deep_rung35ms_mgga_3x16,fc,0.5,1,4.025000,0.3300392374687151,0.18562177307881986
deep_rung35ms_mgga_3x16,fc,0.5,1,4.050000,0.32954738685327256,0.18491354717912353
deep_rung35ms_mgga_3x16,fc,0.5,1,4.075000,0.3290632408785156,0.18421278905484048
deep_rung35ms_mgga_3x16,fc,0.5,1,4.100000,0.32858669383490424,0.18351937284838016
deep_rung35ms_mgga_3x16,fc,0.5,1,4.125000,0.3281176422792107,0.18283317558333598
deep_rung35ms_mgga_3x16,fc,0.5,1,4.150000,0.32765598493545767,0.18215407708176726
deep_rung35ms_mgga_3x16,fc,0.5,1,4.175000,0.3272016226015655,0.18148195988432425
deep_rung35ms_mgga_3x16,fc,0.5,1,4.200000,0.3267544580613674,0.18081670917309653
deep_rung35ms_mgga_3x16,fc,0.5,1,4.225000,0.32631439600166867,0.18015821269708324
deep_rung35ms_mgga_3x16,fc,0.5,1,4.250000,0.32588134293405824,0.1795063607001756
deep_rung35ms_mgga_3x16,fc,0.5,1,4.275000,0.32545520712118914,0.17886104585155926
deep_rung35ms_mgga_3x16,fc,0.5,1,4.300000,0.3250358985072681,0.17822216317843895
deep_rung35ms_mgga_3x16,fc,0.5,1,4.325000,0.32462332865250676,0.17758961000099663
deep_rung35ms_mgga_3x16,fc,0.5,1,4.350000,0.3242174106713043,0.17696328586949575
deep_rung35ms_mgga_3x16,fc,0.5,1,4.375000,0.3238180591739439,0.17634309250345392
deep_rung35ms_mgga_3x16,fc,0.5,1,4.400000,0.3234251902115983,0.17572893373279852
deep_rung35ms_mgga_3x16,fc,0.5,1,4.425000,0.3230387212244519,0.1751207154409365
deep_rung35ms_mgga_3x16,fc,0.5,1,4.450000,0.3226585709927581,0.17451834550966117
deep_rung35ms_mgga_3x16,fc,0.5,1,4.475000,0.32228465959065977,0.17392173376583175
deep_rung35ms_mgga_3x16,fc,0.5,1,4.500000,0.3219169083426132,0.17333079192975498
deep_rung35ms_mgga_3x16,fc,0.5,1,4.525000,0.3215552397822611,0.17274543356520955
deep_rung35ms_mgga_3x16,fc,0.5,1,4.550000,0.32119957761361295,0.17216557403105057
deep_rung35ms_mgga_3x16,fc,0.5,1,4.575000,0.32084984667439553,0.1715911304343365
deep_rung35ms_mgga_3x16,fc,0.5,1,4.600000,0.32050597290144744,0.1710220215849235
deep_rung35ms_mgga_3x16,fc,0.5,1,4.625000,0.32016788329803225,0.17045816795147253
deep_rung35ms_mgga_3x16,fc,0.5,1,4.650000,0.3198355059029645,0.16989949161882065
deep_rung35ms_mgga_3x16,fc,0.5,1,4.675000,0.3195087697614304,0.169345916246664
deep_rung35ms_mgga_3x16,fc,0.5,1,4.700000,0.31918760489741094,0.16879736702950832
deep_rung35ms_mgga_3x16,fc,0.5,1,4.725000,0.3188719422876043,0.16825377065784222
deep_rung35ms_mgga_3x16,fc,0.5,1,4.750000,0.3185617138367617,0.16771505528048544
deep_rung35ms_mgga_3x16,fc,0.5,1,4.775000,0.3182568523543482,0.16718115046807694
deep_rung35ms_mgga_3x16,fc,0.5,1,4.800000,0.31795729153244867,0.16665198717765758
deep_rung35ms_mgga_3x16,fc,0.5,1,4.825000,0.317662965924844,0.16612749771831284
deep_rung35ms_mgga_3x16,fc,0.5,1,4.850000,0.317373810927183,0.16560761571783714
deep_rung35ms_mgga_3x16,fc,0.5,1,4.875000,0.317089762758185,0.16509227609038232
deep_rung35ms_mgga_3x16,fc,0.5,1,4.900000,0.3168107584418076,0.16458141500506226
deep_rung35ms_mgga_3x16,fc,0.5,1,4.925000,0.3165367357903206,0.16407496985547446
deep_rung35ms_mgga_3x16,fc,0.5,1,4.950000,0.31626763338822705,0.1635728792301117
deep_rung35ms_mgga_3x16,fc,0.5,1,4.975000,0.316003390576982,0.16307508288363087
deep_rung35ms_mgga_3x16,fc,0.5,1,5.000000,0.3157439474404542,0.16258152170895424
deep_rung35ms_mgga_3x16,fc,0.5,1,5.025000,0.315489244791087,0.1620921377101671
deep_rung35ms_mgga_3x16,fc,0.5,1,5.050000,0.315239224156713,0.16160687397619602
deep_rung35ms_mgga_3x16,fc,0.5,1,5.075000,0.3149938277679779,0.16112567465523162
deep_rung35ms_mgga_3x16,fc,0.5,1,5.100000,0.31475299854633887,0.16064848492987935
deep_rung35ms_mgga_3x16,fc,0.5,1,5.125000,0.3145166800925969,0.16017525099300686
deep_rung35ms_mgga_3x16,fc,0.5,1,5.150000,0.31428481667592956,0.15970592002427247
deep_rung35ms_mgga_3x16,fc,0.5,1,5.175000,0.31405735322339123,0.1592404401673063
deep_rung35ms_mgga_3x16,fc,0.5,1,5.200000,0.3138342353098519,0.15877876050752676
deep_rung35ms_mgga_3x16,fc,0.5,1,5.225000,0.3136154091483421,0.15832083105056988
deep_rung35ms_mgga_3x16,fc,0.5,1,5.250000,0.3134008215807813,0.1578666027013137
deep_rung35ms_mgga_3x16,fc,0.5,1,5.275000,0.31319042006906184,0.15741602724347523
deep_rung35ms_mgga_3x16,fc,0.5,1,5.300000,0.3129841526864645,0.15696905731976635
deep_rung35ms_mgga_3x16,fc,0.5,1,5.325000,0.3127819681093863,0.1565256464125864
deep_rung35ms_mgga_3x16,fc,0.5,1,5.350000,0.3125838156093572,0.15608574882523746
deep_rung35ms_mgga_3x16,fc,0.5,1,5.375000,0.31238964504532607,0.15564931966364534
deep_rung35ms_mgga_3x16,fc,0.5,1,5.400000,0.3121994068562004,0.1552163148185686
deep_rung35ms_mgga_3x16,fc,0.5,1,5.425000,0.3120130520536205,0.1547866909482838
deep_rung35ms_mgga_3x16,fc,0.5,1,5.450000,0.3118305322149537,0.15436040546172822
deep_rung35ms_mgga_3x16,fc,0.5,1,5.475000,0.311651799476492,0.15393741650208853
deep_rung35ms_mgga_3x16,fc,0.5,1,5.500000,0.31147680652684206,0.15351768293082343
deep_rung35ms_mgga_3x16,fc,0.5,1,5.525000,0.31130550660049194,0.15310116431209972
deep_rung35ms_mgga_3x16,fc,0.5,1,5.550000,0.31113785347154477,0.15268782089763872
deep_rung35ms_mgga_3x16,fc,0.5,1,5.575000,0.31097380144760733,0.1522776136119535
deep_rung35ms_mgga_3x16,fc,0.5,1,5.600000,0.31081330536382223,0.1518705040379679
deep_rung35ms_mgga_3x16,fc,0.5,1,5.625000,0.31065632057703674,0.1514664544030052
deep_rung35ms_mgga_3x16,fc,0.5,1,5.650000,0.31050280296009425,0.15106542756513777
deep_rung35ms_mgga_3x16,fc,0.5,1,5.675000,0.31035270889624833,0.1506673869998804
deep_rung35ms_mgga_3x16,fc,0.5,1,5.700000,0.3102059952736814,0.1502722967872271
deep_rung35ms_mgga_3x16,fc,0.5,1,5.725000,0.3100626194801309,0.14988012159901035
deep_rung35ms_mgga_3x16,fc,0.5,1,5.750000,0.3099225393976064,0.14949082668658112
deep_rung35ms_mgga_3x16,fc,0.5,1,5.775000,0.3097857133972023,0.14910437786879902
deep_rung35ms_mgga_3x16,fc,0.5,1,5.800000,0.3096521003339894,0.14872074152031808
deep_rung35ms_mgga_3x16,fc,0.5,1,5.825000,0.3095216595419903,0.14833988456016775
deep_rung35ms_mgga_3x16,fc,0.5,1,5.850000,0.30939435082922473,0.14796177444061417
deep_rung35ms_mgga_3x16,fc,0.5,1,5.875000,0.3092701344728277,0.1475863791362959
deep_rung35ms_mgga_3x16,fc,0.5,1,5.900000,0.30914897121423224,0.147213667133628
deep_rung35ms_mgga_3x16,fc,0.5,1,5.925000,0.3090308222544118,0.14684360742046257
deep_rung35ms_mgga_3x16,fc,0.5,1,5.950000,0.30891564924918546,0.1464761694760027
deep_rung35ms_mgga_3x16,fc,0.5,1,5.975000,0.3088034143045737,0.14611132326095994
deep_rung35ms_mgga_3x16,fc,0.5,1,6.000000,0.3086940799722093,0.14574903920795002
deep_rung35ms_mgga_3x16,fc,2,1,0.000000,1.0,0.9999979292399579
deep_rung35ms_mgga_3x16,fc,2,1,0.025000,0.9999806947271672,0.9993770542431832
deep_rung35ms_mgga_3x16,fc,2,1,0.050000,0.9998475935829912,0.9975228957770809
deep_rung35ms_mgga_3x16,fc,2,1,0.075000,0.9994927812764384,0.994460530999504
deep_rung35ms_mgga_3x16,fc,2,1,0.100000,0.9988154945721242,0.9902307044211887
deep_rung35ms_mgga_3x16,fc,2,1,0.125000,0.9977231678599937,0.9848883327285808
deep_rung35ms_mgga_3x16,fc,2,1,0.150000,0.9961326576193887,0.9785005634473067
deep_rung35ms_mgga_3x16,fc,2,1,0.175000,0.9939715604638131,0.9711445178442647
deep_rung35ms_mgga_3x16,fc,2,1,0.200000,0.9911795401841969,0.962904859173321
deep_rung35ms_mgga_3x16,fc,2,1,0.225000,0.9877095809139537,0.9538713244108318
deep_rung35ms_mgga_3x16,fc,2,1,0.250000,0.9835290863290798,0.9441363431076241
deep_rung35ms_mgga_3x16,fc,2,1,0.275000,0.9786207488815594,0.9337928442081102
deep_rung35ms_mgga_3x16,fc,2,1,0.300000,0.9729831188487456,0.9229323244306081
deep_rung35ms_mgga_3x16,fc,2,1,0.325000,0.9666308110839632,0.9116432236494123
deep_rung35ms_mgga_3x16,fc,2,1,0.350000,0.9595942985280886,0.9000096265825765
deep_rung35ms_mgga_3x16,fc,2,1,0.375000,0.9519192564907883,0.8881102879680052
deep_rung35ms_mgga_3x16,fc,2,1,0.400000,0.943665440815355,0.8760179613553188
deep_rung35ms_mgga_3x16,fc,2,1,0.425000,0.9349051060675319,0.8637989998809493
deep_rung35ms_mgga_3x16,fc,2,1,0.450000,0.9257209957468139,0.8515131905458164
deep_rung35ms_mgga_3x16,fc,2,1,0.475000,0.916203963183258,0.8392137808151852
deep_rung35ms_mgga_3x16,fc,2,1,0.500000,0.9064503064508941,0.8269476568730664
deep_rung35ms_mgga_3x16,fc,2,1,0.525000,0.8965589201476143,0.8147556356408845
deep_rung35ms_mgga_3x16,fc,2,1,0.550000,0.8866283784077401,0.8026728368579534
deep_rung35ms_mgga_3x16,fc,2,1,0.575000,0.8767540652050467,0.7907291064157039
deep_rung35ms_mgga_3x16,fc,2,1,0.600000,0.8670254596872157,0.7789494672031972
deep_rung35ms_mgga_3x16,fc,2,1,0.625000,0.857523667679515,0.7673545785836753
deep_rung35ms_mgga_3x16,fc,2,1,0.650000,0.8483192690092024,0.7559611900447227
deep_rung35ms_mgga_3x16,fc,2,1,0.675000,0.8394705282837966,0.7447825784221427
deep_rung35ms_mgga_3x16,fc,2,1,0.700000,0.8310219984103402,0.7338289613453942
deep_rung35ms_mgga_3x16,fc,2,1,0.725000,0.8230035343605905,0.7231078822018028
deep_rung35ms_mgga_3x16,fc,2,1,0.750000,0.8154297301609498,0.7126245640138944
deep_rung35ms_mgga_3x16,fc,2,1,0.775000,0.8082997930075442,0.7023822312342055
deep_rung35ms_mgga_3x16,fc,2,1,0.800000,0.8015978709005258,0.6923823996571112
deep_rung35ms_mgga_3x16,fc,2,1,0.825000,0.7952938494137632,0.6826251354996576
deep_rung35ms_mgga_3x16,fc,2,1,0.850000,0.7893446248319473,0.6731092852800223
deep_rung35ms_mgga_3x16,fc,2,1,0.875000,0.7836958424971573,0.6638326784825364
deep_rung35ms_mgga_3x16,fc,2,1,0.900000,0.7782840612776658,0.6547923051930069
deep_rung35ms_mgga_3x16,fc,2,1,0.925000,0.7730392710647662,0.6459844709597109
deep_rung35ms_mgga_3x16,fc,2,1,0.950000,0.7678876558333207,0.6374049311182255
deep_rung35ms_mgga_3x16,fc,2,1,0.975000,0.762754466632616,0.6290490067394222
deep_rung35ms_mgga_3x16,fc,2,1,1.000000,0.7575668526701699,0.6209116842406892
deep_rung35ms_mgga_3x16,fc,2,1,1.025000,0.7522564979684222,0.6129877005568195
deep_rung35ms_mgga_3x16,fc,2,1,1.050000,0.7467619264847655,0.6052716156109965
deep_rung35ms_mgga_3x16,fc,2,1,1.075000,0.7410303677035653,0.5977578736666059
deep_rung35ms_mgga_3x16,fc,2,1,1.100000,0.7350191129341855,0.5904408549832783
deep_rung35ms_mgga_3x16,fc,2,1,1.125000,0.7286963342355692,0.5833149190497332
deep_rung35ms_mgga_3x16,fc,2,1,1.150000,0.7220413775736051,0.5763744405242637
deep_rung35ms_mgga_3x16,fc,2,1,1.175000,0.715044575194226,0.5696138388825301
deep_rung35ms_mgga_3x16,fc,2,1,1.200000,0.7077066466395106,0.5630276026524232
deep_rung35ms_mgga_3x16,fc,2,1,1.225000,0.7000377724761547,0.5566103090071902
deep_rung35ms_mgga_3x16,fc,2,1,1.250000,0.6920564302417458,0.5503566393905188
deep_rung35ms_mgga_3x16,fc,2,1,1.275000,0.6837880799240371,0.5442613917602815
deep_rung35ms_mgga_3x16,fc,2,1,1.300000,0.6752637785203679,0.5383194899604652
deep_rung35ms_mgga_3x16,fc,2,1,1.325000,0.6665187919625357,0.5325259906626605
deep_rung35ms_mgga_3x16,fc,2,1,1.350000,0.6575912597633917,0.5268760882585468
deep_rung35ms_mgga_3x16,fc,2,1,1.375000,0.6485209545662474,0.5213651180322839
deep_rung35ms_mgga_3x16,fc,2,1,1.400000,0.6393481663425472,0.5159885578958218
deep_rung35ms_mgga_3x16,fc,2,1,1.425000,0.6301127298841991,0.5107420289301449
deep_rung35ms_mgga_3x16,fc,2,1,1.450000,0.6208532047670016,0.505621294940694
deep_rung35ms_mgga_3x16,fc,2,1,1.475000,0.6116062091992607,0.5006222612050479
deep_rung35ms_mgga_3x16,fc,2,1,1.500000,0.6024059030585623,0.49574097256481264
deep_rung35ms_mgga_3x16,fc,2,1,1.525000,0.593283610827873,0.49097361099109743
deep_rung35ms_mgga_3x16,fc,2,1,1.550000,0.5842675719018502,0.4863164927334565
deep_rung35ms_mgga_3x16,fc,2,1,1.575000,0.5753828036652927,0.4817660651453901
deep_rung35ms_mgga_3x16,fc,2,1,1.600000,0.5666510616677507,0.4773189032650351
deep_rung35ms_mgga_3x16,fc,2,1,1.625000,0.5580908809571047,0.4729717062172614
deep_rung35ms_mgga_3x16,fc,2,1,1.650000,0.5497176830250894,0.46872129349273167
deep_rung35ms_mgga_3x16,fc,2,1,1.675000,0.5415439337049225,0.4645646011503388
deep_rung35ms_mgga_3x16,fc,2,1,1.700000,0.5335793386041768,0.46049867798163124
deep_rung35ms_mgga_3x16,fc,2,1,1.725000,0.5258310641287982,0.456520681669137
deep_rung35ms_mgga_3x16,fc,2,1,1.750000,0.5183039737474805,0.45262787496481893
deep_rung35ms_mgga_3x16,fc,2,1,1.775000,0.5110008707688023,0.44881762191001456
deep_rung35ms_mgga_3x16,fc,2,1,1.800000,0.5039227404842248,0.44508738411410614
deep_rung35ms_mgga_3x16,fc,2,1,1.825000,0.49706898601439364,0.4414347171056468
deep_rung35ms_mgga_3x16,fc,2,1,1.850000,0.4904376535468784,0.43785726676671094
deep_rung35ms_mgga_3x16,fc,2,1,1.875000,0.48402564384826796,0.4343527658587303
deep_rung35ms_mgga_3x16,fc,2,1,1.900000,0.477828907962521,0.43091903064596176
deep_rung35ms_mgga_3x16,fc,2,1,1.925000,0.47184262587065706,0.4275539576209672
deep_rung35ms_mgga_3x16,fc,2,1,1.950000,0.46606136759168737,0.42425552033500025
deep_rung35ms_mgga_3x16,fc,2,1,1.975000,0.4604792367635955,0.42102176633496174
deep_rung35ms_mgga_3x16,fc,2,1,2.000000,0.455089997171775,0.4178508142075638
deep_rung35ms_mgga_3x16,fc,2,1,2.025000,0.44988718300768404,0.4147408507304974
deep_rung35ms_mgga_3x16,fc,2,1,2.050000,0.44486419385986586,0.4116901281297167
deep_rung35ms_mgga_3x16,fc,2,1,2.075000,0.4400143755795334,0.40869696144138795
deep_rung35ms_mgga_3x16,fc,2,1,2.100000,0.43533108823899025,0.4057597259766089
deep_rung35ms_mgga_3x16,fc,2,1,2.125000,0.4308077624269153,0.4028768548866527
deep_rung35ms_mgga_3x16,fc,2,1,2.150000,0.4264379451119549,0.40004683682621295
deep_rung35ms_mgga_3x16,fc,2,1,2.175000,0.42221533626520347,0.3972682137119251
deep_rung35ms_mgga_3x16,fc,2,1,2.200000,0.4181338173714043,0.39453957857328703
deep_rung35ms_mgga_3x16,fc,2,1,2.225000,0.41418747288487245,0.3918595734929977
deep_rung35ms_mgga_3x16,fc,2,1,2.250000,0.4103706056045886,0.3892268876336721
deep_rung35ms_mgga_3x16,fc,2,1,2.275000,0.40667774685784774,0.38664025534786034
deep_rung35ms_mgga_3x16,fc,2,1,2.300000,0.40310366229638195,0.38409845436829027
deep_rung35ms_mgga_3x16,fc,2,1,2.325000,0.3996433540253348,0.3816003040752743
deep_rung35ms_mgga_3x16,fc,2,1,2.350000,0.3962920597054784,0.3791446638382631
deep_rung35ms_mgga_3x16,fc,2,1,2.375000,0.3930452491936608,0.37673043142856466
deep_rung35ms_mgga_3x16,fc,2,1,2.400000,0.3898986192163727,0.3743565415003257
deep_rung35ms_mgga_3x16,fc,2,1,2.425000,0.38684808650679536,0.37202196413693345
deep_rung35ms_mgga_3x16,fc,2,1,2.450000,0.3838897797768708,0.36972570346007544
deep_rung35ms_mgga_3x16,fc,2,1,2.475000,0.3810200308427334,0.36746679629878193
deep_rung35ms_mgga_3x16,fc,2,1,2.500000,0.378235365174047,0.36524431091585596
deep_rung35ms_mgga_3x16,fc,2,1,2.525000,0.3755324920951306,0.3630573457891894
deep_rung35ms_mgga_3x16,fc,2,1,2.550000,0.37290829482793086,0.36090502844555156
deep_rung35ms_mgga_3x16,fc,2,1,2.575000,0.3703598205334868,0.35878651434452946
deep_rung35ms_mgga_3x16,fc,2,1,2.600000,0.36788427047927075,0.35670098581038173
deep_rung35ms_mgga_3x16,fc,2,1,2.625000,0.3654789904342133,0.3546476510096695
deep_rung35ms_mgga_3x16,fc,2,1,2.650000,0.36314146137107794,0.3526257429726038
deep_rung35ms_mgga_3x16,fc,2,1,2.675000,0.3608692905367321,0.3506345186561396
deep_rung35ms_mgga_3x16,fc,2,1,2.700000,0.35866020293452205,0.34867325804693405
deep_rung35ms_mgga_3x16,fc,2,1,2.725000,0.3565120332490431,0.3467412633023611
deep_rung35ms_mgga_3x16,fc,2,1,2.750000,0.35442271823189564,0.3448378579278594
deep_rung35ms_mgga_3x16,fc,2,1,2.775000,0.3523902895572305,0.34296238598896517
deep_rung35ms_mgga_3x16,fc,2,1,2.800000,0.35041286714783004,0.34111421135645564
deep_rung35ms_mgga_3x16,fc,2,1,2.825000,0.3484886529658957,0.33929271698309965
deep_rung35ms_mgga_3x16,fc,2,1,2.850000,0.3466159252574692,0.3374973042105832
deep_rung35ms_mgga_3x16,fc,2,1,2.875000,0.3447930332352953,0.33572739210524005
deep_rung35ms_mgga_3x16,fc,2,1,2.900000,0.3430183921818173,0.33398241682128416
deep_rung35ms_mgga_3x16,fc,2,1,2.925000,0.3412904789517073,0.33226183099029705
deep_rung35ms_mgga_3x16,fc,2,1,2.950000,0.33960782785177823,0.3305651031357905
deep_rung35ms_mgga_3x16,fc,2,1,2.975000,0.3379690268751805,0.3288917171117058
deep_rung35ms_mgga_3x16,fc,2,1,3.000000,0.33637271426632664,0.3272411715637788
deep_rung35ms_mgga_3x16,fc,2,1,3.025000,0.33481757539298806,0.325612979412743
deep_rung35ms_mgga_3x16,fc,2,1,3.050000,0.33330233990230385,0.32400666735839034
deep_rung35ms_mgga_3x16,fc,2,1,3.075000,0.3318257791380441,0.3224217754035607
deep_rung35ms_mgga_3x16,fc,2,1,3.100000,0.33038670379727764,0.3208578563971705
deep_rung35ms_mgga_3x16,fc,2,1,3.125000,0.3289839618055427,0.31931447559543635
deep_rung35ms_mgga_3x16,fc,2,1,3.150000,0.3276164363907177,0.31779121024048645
deep_rung35ms_mgga_3x16,fc,2,1,3.175000,0.3262830443369311,0.31628764915559354
deep_rung35ms_mgga_3x16,fc,2,1,3.200000,0.3249827344010646,0.31480339235629645
deep_rung35ms_mgga_3x16,fc,2,1,3.225000,0.3237144858756218,0.31333805067671594
deep_rung35ms_mgga_3x16,fc,2,1,3.250000,0.322477307282954,0.3118912454103982
deep_rung35ms_mgga_3x16,fc,2,1,3.275000,0.32127023518703957,0.3104626079650559
deep_rung35ms_mgga_3x16,fc,2,1,3.300000,0.3200923331101728,0.3090517795306019
deep_rung35ms_mgga_3x16,fc,2,1,3.325000,0.3189426905430407,0.3076584107599022
deep_rung35ms_mgga_3x16,fc,2,1,3.350000,0.317820422037732,0.3062821614617
deep_rung35ms_mgga_3x16,fc,2,1,3.375000,0.3167246663742298,0.3049227003051915
deep_rung35ms_mgga_3x16,fc,2,1,3.400000,0.3156545857918821,0.30357970453574934
deep_rung35ms_mgga_3x16,fc,2,1,3.425000,0.3146093652782245,0.30225285970132765
deep_rung35ms_mgga_3x16,fc,2,1,3.450000,0.3135882119083433,0.3009418593890887
deep_rung35ms_mgga_3x16,fc,2,1,3.475000,0.3125903542287166,0.2996464049718257
deep_rung35ms_mgga_3x16,fc,2,1,3.500000,0.31161504168015575,0.2983662053637661
deep_rung35ms_mgga_3x16,fc,2,1,3.525000,0.3106615440550955,0.2971009767853637
deep_rung35ms_mgga_3x16,fc,2,1,3.550000,0.3097291509850477,0.2958504425367076
deep_rung35ms_mgga_3x16,fc,2,1,3.575000,0.3088171714545449,0.29461433277918625
deep_rung35ms_mgga_3x16,fc,2,1,3.600000,0.3079249333383578,0.29339238432506953
deep_rung35ms_mgga_3x16,fc,2,1,3.625000,0.3070517829591861,0.29218434043467995
deep_rung35ms_mgga_3x16,fc,2,1,3.650000,0.30619708466338613,0.29098995062084504
deep_rung35ms_mgga_3x16,fc,2,1,3.675000,0.30536022041262145,0.2898089704603319
deep_rung35ms_mgga_3x16,fc,2,1,3.700000,0.3045405893896205,0.28864116141198104
deep_rung35ms_mgga_3x16,fc,2,1,3.725000,0.30373760761646573,0.28748629064127096
deep_rung35ms_mgga_3x16,fc,2,1,3.750000,0.3029507075840735,0.2863441308510491
deep_rung35ms_mgga_3x16,fc,2,1,3.775000,0.30217933789171214,0.2852144601181904
deep_rung35ms_mgga_3x16,fc,2,1,3.800000,0.3014229628955758,0.2840970617359392
deep_rung35ms_mgga_3x16,fc,2,1,3.825000,0.3006810623655838,0.28299172406171447
deep_rung35ms_mgga_3x16,fc,2,1,3.850000,0.2999531311496968,0.28189824037015937
deep_rung35ms_mgga_3x16,fc,2,1,3.875000,0.29923867884515576,0.2808164087112307
deep_rung35ms_mgga_3x16,fc,2,1,3.900000,0.29853722947614103,0.2797460317731291
deep_rung35ms_mgga_3x16,fc,2,1,3.925000,0.29784832117743343,0.278686916749883
deep_rung35ms_mgga_3x16,fc,2,1,3.950000,0.297171505883721,0.27763887521340663
deep_rung35ms_mgga_3x16,fc,2,1,3.975000,0.29650634902426376,0.27660172298985414
deep_rung35ms_mgga_3x16,fc,2,1,4.000000,0.2958524292226685,0.2755752800401125
deep_rung35ms_mgga_3x16,fc,2,1,4.025000,0.2952093380015721,0.2745593703442679
deep_rung35ms_mgga_3x16,fc,2,1,4.050000,0.29457667949206634,0.27355382178989796
deep_rung35ms_mgga_3x16,fc,2,1,4.075000,0.29395407014772434,0.2725584660640442
deep_rung35ms_mgga_3x16,fc,2,1,4.100000,0.29334113846311616,0.2715731385487246
deep_rung35ms_mgga_3x16,fc,2,1,4.125000,0.29273752469671444,0.27059767821985464
deep_rung35ms_mgga_3x16,fc,2,1,4.150000,0.29214288059811344,0.2696319275494482
deep_rung35ms_mgga_3x16,fc,2,1,4.175000,0.2915568691394982,0.2686757324109783
deep_rung35ms_mgga_3x16,fc,2,1,4.200000,0.29097916425130155,0.2677289419877766
deep_rung35ms_mgga_3x16,fc,2,1,4.225000,0.2904094505620095,0.2667914086843645
deep_rung35ms_mgga_3x16,fc,2,1,4.250000,0.28984742314206946,0.2658629880406043
deep_rung35ms_mgga_3x16,fc,2,1,4.275000,0.2892927872518676,0.2649435386485696
deep_rung35ms_mgga_3x16,fc,2,1,4.300000,0.2887452580937444,0.26403292207203394
deep_rung35ms_mgga_3x16,fc,2,1,4.325000,0.2882045605680196,0.26313100276848567
deep_rung35ms_mgga_3x16,fc,2,1,4.350000,0.28767042903299944,0.2622376480135749
deep_rung35ms_mgga_3x16,fc,2,1,4.375000,0.2871426070689411,0.261352727827909
deep_rung35ms_mgga_3x16,fc,2,1,4.400000,0.2866208472459524,0.2604761149061068
deep_rung35ms_mgga_3x16,fc,2,1,4.425000,0.28610491089579804,0.25960768454803845
deep_rung35ms_mgga_3x16,fc,2,1,4.450000,0.2855945678875944,0.2587473145921683
deep_rung35ms_mgga_3x16,fc,2,1,4.475000,0.285089596407365,0.257894885350928
deep_rung35ms_mgga_3x16,fc,2,1,4.500000,0.2845897827414343,0.25705027954804943
deep_rung35ms_mgga_3x16,fc,2,1,4.525000,0.28409492106363454,0.25621338225778867
deep_rung35ms_mgga_3x16,fc,2,1,4.550000,0.28360481322630027,0.25538408084597464
deep_rung35ms_mgga_3x16,fc,2,1,4.575000,0.2831192685550259,0.2545622649128204
deep_rung35ms_mgga_3x16,fc,2,1,4.600000,0.2826381036471568,0.25374782623743414
deep_rung35ms_mgga_3x16,fc,2,1,4.625000,0.2821611421739897,0.2529406587239747
deep_rung35ms_mgga_3x16,fc,2,1,4.650000,0.2816882146866526,0.252140658349393
deep_rung35ms_mgga_3x16,fc,2,1,4.675000,0.28121915842563616,0.2513477231127058
deep_rung35ms_mgga_3x16,fc,2,1,4.700000,0.280753817133943,0.2505617529857525
deep_rung35ms_mgga_3x16,fc,2,1,4.725000,0.28029204087383297,0.24978264986537968
deep_rung35ms_mgga_3x16,fc,2,1,4.750000,0.27983368584712376,0.24901031752701194
deep_rung35ms_mgga_3x16,fc,2,1,4.775000,0.2793786142190212,0.24824466157955616
deep_rung35ms_mgga_3x16,fc,2,1,4.800000,0.27892669394544467,0.24748558942160173
deep_rung35ms_mgga_3x16,fc,2,1,4.825000,0.2784777986038147,0.24673301019886745
deep_rung35ms_mgga_3x16,fc,2,1,4.850000,0.2780318072272685,0.2459868347628584
deep_rung35ms_mgga_3x16,fc,2,1,4.875000,0.2775886041422717,0.24524697563069034
deep_rung35ms_mgga_3x16,fc,2,1,4.900000,0.27714807880958703,0.24451334694604612
deep_rung35ms_mgga_3x16,fc,2,1,4.925000,0.2767101256685687,0.24378586444122397
deep_rung35ms_mgga_3x16,fc,2,1,4.950000,0.27627464398474544,0.2430644454002464
deep_rung35ms_mgga_3x16,fc,2,1,4.975000,0.27584153770065334,0.24234900862299066
deep_rung35ms_mgga_3x16,fc,2,1,5.000000,0.27541071528988803,0.2416394743903123
deep_rung35ms_mgga_3x16,fc,2,1,5.025000,0.27498208961433035,0.24093576443012776
deep_rung35ms_mgga_3x16,fc,2,1,5.050000,0.27455557778451545,0.24023780188442595
deep_rung35ms_mgga_3x16,fc,2,1,5.075000,0.27413110102310534,0.23954551127717988
deep_rung35ms_mgga_3x16,fc,2,1,5.100000,0.2737085845314233,0.23885881848312807
deep_rung35ms_mgga_3x16,fc,2,1,5.125000,0.27328795735901734,0.23817765069740152
deep_rung35ms_mgga_3x16,fc,2,1,5.150000,0.2728691522762088,0.23750193640596662
deep_rung35ms_mgga_3x16,fc,2,1,5.175000,0.27245210564959055,0.2368316053568613
deep_rung35ms_mgga_3x16,fc,2,1,5.200000,0.2720367573204332,0.2361665885321971
deep_rung35ms_mgga_3x16,fc,2,1,5.225000,0.2716230504859609,0.23550681812090557
deep_rung35ms_mgga_3x16,fc,2,1,5.250000,0.27121093158345744,0.2348522274922058
deep_rung35ms_mgga_3x16,fc,2,1,5.275000,0.270800350177161,0.2342027511697695
deep_rung35ms_mgga_3x16,fc,2,1,5.300000,0.27039125884790893,0.23355832480656416
deep_rung35ms_mgga_3x16,fc,2,1,5.325000,0.2699836130854938,0.23291888516035325
deep_rung35ms_mgga_3x16,fc,2,1,5.350000,0.26957737118368386,0.23228437006983182
deep_rung35ms_mgga_3x16,fc,2,1,5.375000,0.26917249413787814,0.23165471843138197
deep_rung35ms_mgga_3x16,fc,2,1,5.400000,0.2687689455453448,0.23102987017642448
deep_rung35ms_mgga_3x16,fc,2,1,5.425000,0.26836669150801074,0.2304097662493547
deep_rung35ms_mgga_3x16,fc,2,1,5.450000,0.2679657005377536,0.22979434858604042
deep_rung35ms_mgga_3x16,fc,2,1,5.475000,0.26756594346416684,0.22918356009286728
deep_rung35ms_mgga_3x16,fc,2,1,5.500000,0.2671673933447436,0.2285773446263154
deep_rung35ms_mgga_3x16,fc,2,1,5.525000,0.2667700253774514,0.22797564697305178
deep_rung35ms_mgga_3x16,fc,2,1,5.550000,0.26637381681564776,0.22737841283052157
deep_rung35ms_mgga_3x16,fc,2,1,5.575000,0.2659787468853019,0.226785588788027
deep_rung35ms_mgga_3x16,fc,2,1,5.600000,0.26558479670447954,0.22619712230827665
deep_rung35ms_mgga_3x16,fc,2,1,5.625000,0.26519194920505207,0.22561296170939235
deep_rung35ms_mgga_3x16,fc,2,1,5.650000,0.26480018905658853,0.22503305614736244
deep_rung35ms_mgga_3x16,fc,2,1,5.675000,0.2644095025923898,0.22445735559892538
deep_rung35ms_mgga_3x16,fc,2,1,5.700000,0.2640198777376288,0.22388581084487277
deep_rung35ms_mgga_3x16,fc,2,1,5.725000,0.2636313039395529,0.22331837345376276
deep_rung35ms_mgga_3x16,fc,2,1,5.750000,0.26324377209970984,0.22275499576602592
deep_rung35ms_mgga_3x16,fc,2,1,5.775000,0.26285727450816143,0.22219563087845898
deep_rung35ms_mgga_3x16,fc,2,1,5.800000,0.2624718047796397,0.22164023262909055
deep_rung35ms_mgga_3x16,fc,2,1,5.825000,0.2620873577916134,0.2210887555824118
deep_rung35ms_mgga_3x16,fc,2,1,5.850000,0.2617039296242212,0.22054115501495927
deep_rung35ms_mgga_3x16,fc,2,1,5.875000,0.2613215175020349,0.21999738690124393
deep_rung35ms_mgga_3x16,fc,2,1,5.900000,0.2609401197376179,0.21945740790001048
deep_rung35ms_mgga_3x16,fc,2,1,5.925000,0.2605597356768332,0.21892117534082484
deep_rung35ms_mgga_3x16,fc,2,1,5.950000,0.2601803656458749,0.2183886472109757
deep_rung35ms_mgga_3x16,fc,2,1,5.975000,0.2598020108999739,0.2178597821426839
deep_rung35ms_mgga_3x16,fc,2,1,6.000000,0.25942467357375154,0.21733453940061145
deep_rung35ms_mgga_3x16,fc,5,1,0.000000,1.0,0.9999990149527557
deep_rung35ms_mgga_3x16,fc,5,1,0.025000,0.9999774136066794,0.9996454650158665
deep_rung35ms_mgga_3x16,fc,5,1,0.050000,0.9998216827090728,0.9985877903808377
deep_rung35ms_mgga_3x16,fc,5,1,0.075000,0.9994064779263897,0.9968348457593228
deep_rung35ms_mgga_3x16,fc,5,1,0.100000,0.9986136370135384,0.994401156254488
deep_rung35ms_mgga_3x16,fc,5,1,0.125000,0.9973341850438292,0.991306579538298
deep_rung35ms_mgga_3x16,fc,5,1,0.150000,0.995469517364635,0.9875758546215633
deep_rung35ms_mgga_3x16,fc,5,1,0.175000,0.9929326679189376,0.9832380569823586
deep_rung35ms_mgga_3x16,fc,5,1,0.200000,0.9896495871216539,0.9783259829140583
deep_rung35ms_mgga_3x16,fc,5,1,0.225000,0.9855603556459179,0.9728754875211882
deep_rung35ms_mgga_3x16,fc,5,1,0.250000,0.9806202632107442,0.9669248008460498
deep_rung35ms_mgga_3x16,fc,5,1,0.275000,0.9748006849550226,0.9605138452979184
deep_rung35ms_mgga_3x16,fc,5,1,0.300000,0.9680896927087727,0.9536835751252656
deep_rung35ms_mgga_3x16,fc,5,1,0.325000,0.9604923452086707,0.9464753554267609
deep_rung35ms_mgga_3x16,fc,5,1,0.350000,0.9520306110290649,0.9389303944673031
deep_rung35ms_mgga_3x16,fc,5,1,0.375000,0.942742891663454,0.9310892391657972
deep_rung35ms_mgga_3x16,fc,5,1,0.400000,0.9326831303940173,0.9229913398257114
deep_rung35ms_mgga_3x16,fc,5,1,0.425000,0.921919515214968,0.9146746867032198
deep_rung35ms_mgga_3x16,fc,5,1,0.450000,0.9105328100050311,0.9061755180009162
deep_rung35ms_mgga_3x16,fc,5,1,0.475000,0.8986143751162852,0.8975280964230576
deep_rung35ms_mgga_3x16,fc,5,1,0.500000,0.8862639633139566,0.8887645495592437
deep_rung35ms_mgga_3x16,fc,5,1,0.525000,0.8735873957879746,0.8799147680594598
deep_rung35ms_mgga_3x16,fc,5,1,0.550000,0.8606942321805204,0.8710063547732961
deep_rung35ms_mgga_3x16,fc,5,1,0.575000,0.8476955456939804,0.8620646176776797
deep_rung35ms_mgga_3x16,fc,5,1,0.600000,0.8347018986136445,0.8531125994283771
deep_rung35ms_mgga_3x16,fc,5,1,0.625000,0.8218215864730412,0.8441711366572578
deep_rung35ms_mgga_3x16,fc,5,1,0.650000,0.8091591842384132,0.8352589426212103
deep_rung35ms_mgga_3x16,fc,5,1,0.675000,0.7968143904908676,0.8263927074201369
deep_rung35ms_mgga_3x16,fc,5,1,0.700000,0.7848811314084716,0.8175872106821805
deep_rung35ms_mgga_3x16,fc,5,1,0.725000,0.7734468605790052,0.8088554423176804
deep_rung35ms_mgga_3x16,fc,5,1,0.750000,0.7625919768928103,0.8002087276340036
deep_rung35ms_mgga_3x16,fc,5,1,0.775000,0.7523892823481414,0.7916568537562961
deep_rung35ms_mgga_3x16,fc,5,1,0.800000,0.7429034136269869,0.7832081948979432
deep_rung35ms_mgga_3x16,fc,5,1,0.825000,0.7341902029676506,0.7748698345598082
deep_rung35ms_mgga_3x16,fc,5,1,0.850000,0.7262959512474813,0.7666476832053
deep_rung35ms_mgga_3x16,fc,5,1,0.875000,0.7192566250996423,0.7585465903592546
deep_rung35ms_mgga_3x16,fc,5,1,0.900000,0.7130970165795659,0.7505704504155506
deep_rung35ms_mgga_3x16,fc,5,1,0.925000,0.7078299255280346,0.742722301716235
deep_rung35ms_mgga_3x16,fc,5,1,0.950000,0.7034554395402998,0.7350044186896625
deep_rung35ms_mgga_3x16,fc,5,1,0.975000,0.6999603934514609,0.7274183970131036
deep_rung35ms_mgga_3x16,fc,5,1,1.000000,0.6973180892697265,0.7199652319029054
deep_rung35ms_mgga_3x16,fc,5,1,1.025000,0.6954883487594559,0.7126453897386826
deep_rung35ms_mgga_3x16,fc,5,1,1.050000,0.6944179549496193,0.7054588733028593
deep_rung35ms_mgga_3x16,fc,5,1,1.075000,0.6940415166197825,0.6984052809682795
deep_rung35ms_mgga_3x16,fc,5,1,1.100000,0.6942827626544041,0.6914838601990331
deep_rung35ms_mgga_3x16,fc,5,1,1.125000,0.6950562429977961,0.6846935557470246
deep_rung35ms_mgga_3x16,fc,5,1,1.150000,0.6962693823288588,0.6780330529324223
deep_rung35ms_mgga_3x16,fc,5,1,1.175000,0.697824804492588,0.6715008163927761
deep_rung35ms_mgga_3x16,fc,5,1,1.200000,0.6996228232525998,0.6650951246755552
deep_rung35ms_mgga_3x16,fc,5,1,1.225000,0.701563980749857,0.6588141010340396
deep_rung35ms_mgga_3x16,fc,5,1,1.250000,0.7035515109580974,0.6526557407683822
deep_rung35ms_mgga_3x16,fc,5,1,1.275000,0.7054936119386945,0.6466179354334792
deep_rung35ms_mgga_3x16,fc,5,1,1.300000,0.7073054269364736,0.6406984942139579
deep_rung35ms_mgga_3x16,fc,5,1,1.325000,0.7089106581876041,0.6348951627448584
deep_rung35ms_mgga_3x16,fc,5,1,1.350000,0.7102427657336718,0.6292056396349859
deep_rung35ms_mgga_3x16,fc,5,1,1.375000,0.7112457332275508,0.6236275909288448
deep_rung35ms_mgga_3x16,fc,5,1,1.400000,0.7118744105676674,0.6181586627228287
deep_rung35ms_mgga_3x16,fc,5,1,1.425000,0.7120944667467219,0.6127964921321176
deep_rung35ms_mgga_3x16,fc,5,1,1.450000,0.7118820039859756,0.6075387167866465
deep_rung35ms_mgga_3x16,fc,5,1,1.475000,0.7112228954325163,0.6023829830176339
deep_rung35ms_mgga_3x16,fc,5,1,1.500000,0.7101119136448266,0.5973269528804983
deep_rung35ms_mgga_3x16,fc,5,1,1.525000,0.7085517166178746,0.5923683101455629
deep_rung35ms_mgga_3x16,fc,5,1,1.550000,0.7065517533998692,0.587504765374695
deep_rung35ms_mgga_3x16,fc,5,1,1.575000,0.7041271437485837,0.5827340601899168
deep_rung35ms_mgga_3x16,fc,5,1,1.600000,0.7012975770222428,0.5780539708289968
deep_rung35ms_mgga_3x16,fc,5,1,1.625000,0.6980862656705502,0.5734623110730128
deep_rung35ms_mgga_3x16,fc,5,1,1.650000,0.6945189791143014,0.5689569346218099
deep_rung35ms_mgga_3x16,fc,5,1,1.675000,0.6906231750526861,0.5645357369850825
deep_rung35ms_mgga_3x16,fc,5,1,1.700000,0.6864272376611448,0.5601966569494266
deep_rung35ms_mgga_3x16,fc,5,1,1.725000,0.6819598258960028,0.5559376776750583
deep_rung35ms_mgga_3x16,fc,5,1,1.750000,0.6772493302192607,0.5517568274699277
deep_rung35ms_mgga_3x16,fc,5,1,1.775000,0.6723234324151742,0.5476521802836081
deep_rung35ms_mgga_3x16,fc,5,1,1.800000,0.6672087606480217,0.543621855958531
deep_rung35ms_mgga_3x16,fc,5,1,1.825000,0.6619306303374638,0.5396640202718658
deep_rung35ms_mgga_3x16,fc,5,1,1.850000,0.6565128606270761,0.5357768847974943
deep_rung35ms_mgga_3x16,fc,5,1,1.875000,0.6509776560235403,0.5319587066141122
deep_rung35ms_mgga_3x16,fc,5,1,1.900000,0.6453455430357314,0.5282077878824455
deep_rung35ms_mgga_3x16,fc,5,1,1.925000,0.6396353522125329,0.5245224753118387
deep_rung35ms_mgga_3x16,fc,5,1,1.950000,0.6338642367559214,0.5209011595340554
deep_rung35ms_mgga_3x16,fc,5,1,1.975000,0.6280477197835839,0.517342274399984
deep_rung35ms_mgga_3x16,fc,5,1,2.000000,0.6221997632647001,0.5138442962130143
deep_rung35ms_mgga_3x16,fc,5,1,2.025000,0.6163328526025224,0.5104057429111634
deep_rung35ms_mgga_3x16,fc,5,1,2.050000,0.6104580917515313,0.5070251732085082
deep_rung35ms_mgga_3x16,fc,5,1,2.075000,0.6045853046108037,0.5037011857051521
deep_rung35ms_mgga_3x16,fc,5,1,2.100000,0.5987231392137539,0.5004324179737605
deep_rung35ms_mgga_3x16,fc,5,1,2.125000,0.5928791719300153,0.4972175456296509
deep_rung35ms_mgga_3x16,fc,5,1,2.150000,0.5870600095056934,0.4940552813904952
deep_rung35ms_mgga_3x16,fc,5,1,2.175000,0.5812713872952713,0.4909443741308621
deep_rung35ms_mgga_3x16,fc,5,1,2.200000,0.5755182624865852,0.4878836079361111
deep_rung35ms_mgga_3x16,fc,5,1,2.225000,0.5698049014954873,0.48487180115949635
deep_rung35ms_mgga_3x16,fc,5,1,2.250000,0.5641349610162304,0.48190780548578205
deep_rung35ms_mgga_3x16,fc,5,1,2.275000,0.558511562464547,0.47899050500416546
deep_rung35ms_mgga_3x16,fc,5,1,2.300000,0.5529373597503244,0.4761188152928677
deep_rung35ms_mgga_3x16,fc,5,1,2.325000,0.5474146004726242,0.473291682517367
deep_rung35ms_mgga_3x16,fc,5,1,2.350000,0.5419451807482606,0.47050808254390697
deep_rung35ms_mgga_3x16,fc,5,1,2.375000,0.5365306939721253,0.46776702006961846
deep_rung35ms_mgga_3x16,fc,5,1,2.400000,0.5311724738683243,0.4650675277703309
deep_rung35ms_mgga_3x16,fc,5,1,2.425000,0.5258716322306437,0.4624086654669244
deep_rung35ms_mgga_3x16,fc,5,1,2.450000,0.5206290917730386,0.4597895193108712
deep_rung35ms_mgga_3x16,fc,5,1,2.475000,0.5154456145192051,0.45720920098944784
deep_rung35ms_mgga_3x16,fc,5,1,2.500000,0.510321826157864,0.4546668469509451
deep_rung35ms_mgga_3x16,fc,5,1,2.525000,0.505258236779708,0.4521616176500745
deep_rung35ms_mgga_3x16,fc,5,1,2.550000,0.500255258395078,0.44969269681366114
deep_rung35ms_mgga_3x16,fc,5,1,2.575000,0.49531321961015384,0.4472592907266093
deep_rung35ms_mgga_3x16,fc,5,1,2.600000,0.49043237781514315,0.44486062753805344
deep_rung35ms_mgga_3x16,fc,5,1,2.625000,0.48561292921179944,0.44249595658753055
deep_rung35ms_mgga_3x16,fc,5,1,2.650000,0.4808550169805581,0.4401645477509543
deep_rung35ms_mgga_3x16,fc,5,1,2.675000,0.4761587378603075,0.4378656908061182
deep_rung35ms_mgga_3x16,fc,5,1,2.700000,0.47152414738698467,0.4355986948174173
deep_rung35ms_mgga_3x16,fc,5,1,2.725000,0.46695126401113896,0.4333628875394389
deep_rung35ms_mgga_3x16,fc,5,1,2.750000,0.4624400722897488,0.43115761483905096
deep_rung35ms_mgga_3x16,fc,5,1,2.775000,0.4579905253240879,0.4289822401355888
deep_rung35ms_mgga_3x16,fc,5,1,2.800000,0.45360254659350385,0.4268361438587218
deep_rung35ms_mgga_3x16,fc,5,1,2.825000,0.44927603131467675,0.4247187229235841
deep_rung35ms_mgga_3x16,fc,5,1,2.850000,0.44501084743731323,0.42262939022271595
deep_rung35ms_mgga_3x16,fc,5,1,2.875000,0.4408068363703189,0.42056757413438567
deep_rung35ms_mgga_3x16,fc,5,1,2.900000,0.4366638135172357,0.4185327180468393
deep_rung35ms_mgga_3x16,fc,5,1,2.925000,0.4325815686860903,0.4165242798980287
deep_rung35ms_mgga_3x16,fc,5,1,2.950000,0.4285598664267023,0.4145417317303747
deep_rung35ms_mgga_3x16,fc,5,1,2.975000,0.42459844633786537,0.4125845592601183
deep_rung35ms_mgga_3x16,fc,5,1,3.000000,0.4206970233775289,0.41065226146082096
deep_rung35ms_mgga_3x16,fc,5,1,3.025000,0.41685528820110984,0.408744350160579
deep_rung35ms_mgga_3x16,fc,5,1,3.050000,0.4130729075462025,0.40686034965252166
deep_rung35ms_mgga_3x16,fc,5,1,3.075000,0.4093495246761669,0.40499979631817745
deep_rung35ms_mgga_3x16,fc,5,1,3.100000,0.4056847598902408,0.40316223826329
deep_rung35ms_mgga_3x16,fc,5,1,3.125000,0.402078211103833,0.40134723496568275
deep_rung35ms_mgga_3x16,fc,5,1,3.150000,0.398529454499433,0.3995543569347777
deep_rung35ms_mgga_3x16,fc,5,1,3.175000,0.39503804524601327,0.3977831853823812
deep_rung35ms_mgga_3x16,fc,5,1,3.200000,0.39160351828283324,0.39603331190436375
deep_rung35ms_mgga_3x16,fc,5,1,3.225000,0.38822538916207217,0.3943043381728628
deep_rung35ms_mgga_3x16,fc,5,1,3.250000,0.38490315494368577,0.39259587563866183
deep_rung35ms_mgga_3x16,fc,5,1,3.275000,0.38163629513520236,0.3909075452433913
deep_rung35ms_mgga_3x16,fc,5,1,3.300000,0.3784242726687912,0.38923897714122113
deep_rung35ms_mgga_3x16,fc,5,1,3.325000,0.3752665349078217,0.38758981042971863
deep_rung35ms_mgga_3x16,fc,5,1,3.350000,0.3721625146752,0.38595969288955584
deep_rung35ms_mgga_3x16,fc,5,1,3.375000,0.3691116312960051,0.38434828073276117
deep_rung35ms_mgga_3x16,fc,5,1,3.400000,0.3661132916473079,0.3827552383592205
deep_rung35ms_mgga_3x16,fc,5,1,3.425000,0.36316689120849843,0.3811802381211392
deep_rung35ms_mgga_3x16,fc,5,1,3.450000,0.3602718151059614,0.3796229600951923
deep_rung35ms_mgga_3x16,fc,5,1,3.475000,0.3574274391464918,0.3780830918620921
deep_rung35ms_mgga_3x16,fc,5,1,3.500000,0.3546331308344165,0.3765603282933156
deep_rung35ms_mgga_3x16,fc,5,1,3.525000,0.351888250367967,0.3750543713447426
deep_rung35ms_mgga_3x16,fc,5,1,3.550000,0.3491921516110199,0.3735649298569645
deep_rung35ms_mgga_3x16,fc,5,1,3.575000,0.34654418303688606,0.3720917193620273
deep_rung35ms_mgga_3x16,fc,5,1,3.600000,0.34394368864135405,0.3706344618963883
deep_rung35ms_mgga_3x16,fc,5,1,3.625000,0.34139000882270243,0.36919288581986776
deep_rung35ms_mgga_3x16,fc,5,1,3.650000,0.33888248122686715,0.36776672564038704
deep_rung35ms_mgga_3x16,fc,5,1,3.675000,0.33642044155637674,0.36635572184428994
deep_rung35ms_mgga_3x16,fc,5,1,3.700000,0.3340032243420761,0.3649596207320557
deep_rung35ms_mgga_3x16,fc,5,1,3.725000,0.3316301636770076,0.3635781742592128
deep_rung35ms_mgga_3x16,fc,5,1,3.750000,0.32930059391215294,0.36221113988227666
deep_rung35ms_mgga_3x16,fc,5,1,3.775000,0.3270138503140072,0.3608582804095324
deep_rung35ms_mgga_3x16,fc,5,1,3.800000,0.3247692696842308,0.35951936385649846
deep_rung35ms_mgga_3x16,fc,5,1,3.825000,0.32256619094181915,0.3581941633059065
deep_rung35ms_mgga_3x16,fc,5,1,3.850000,0.32040395566843505,0.3568824567720446
deep_rung35ms_mgga_3x16,fc,5,1,3.875000,0.31828190861769823,0.3555840270693093
deep_rung35ms_mgga_3x16,fc,5,1,3.900000,0.3161993981893627,0.35429866168482543
deep_rung35ms_mgga_3x16,fc,5,1,3.925000,0.314155776869414,0.35302615265499115
deep_rung35ms_mgga_3x16,fc,5,1,3.950000,0.3121504016372175,0.3517662964458161
deep_rung35ms_mgga_3x16,fc,5,1,3.975000,0.3101826343408991,0.35051889383692036
deep_rung35ms_mgga_3x16,fc,5,1,4.000000,0.30825184204220557,0.3492837498090728
deep_rung35ms_mgga_3x16,fc,5,1,4.025000,0.3063573973321094,0.34806067343514313
deep_rung35ms_mgga_3x16,fc,5,1,4.050000,0.3044986786184596,0.3468494777743586
deep_rung35ms_mgga_3x16,fc,5,1,4.075000,0.3026750703869703,0.34564997976974704
deep_rung35ms_mgga_3x16,fc,5,1,4.100000,0.30088596343685814,0.34446200014866274
deep_rung35ms_mgga_3x16,fc,5,1,4.125000,0.2991307550924076,0.3432853633262889
deep_rung35ms_mgga_3x16,fc,5,1,4.150000,0.2974088493917405,0.34211989731201875
deep_rung35ms_mgga_3x16,fc,5,1,4.175000,0.29571965725403826,0.34096543361861753
deep_rung35ms_mgga_3x16,fc,5,1,4.200000,0.2940625966264303,0.33982180717407245
deep_rung35ms_mgga_3x16,fc,5,1,4.225000,0.29243709261173934,0.3386888562360414
deep_rung35ms_mgga_3x16,fc,5,1,4.250000,0.29084257757822796,0.33756642230881523
deep_rung35ms_mgga_3x16,fc,5,1,4.275000,0.28927849125245786,0.3364543500627077
deep_rung35ms_mgga_3x16,fc,5,1,4.300000,0.28774428079633263,0.3353524872557952
deep_rung35ms_mgga_3x16,fc,5,1,4.325000,0.28623940086934696,0.3342606846579296
deep_rung35ms_mgga_3x16,fc,5,1,4.350000,0.284763313677032,0.333178795976946
deep_rung35ms_mgga_3x16,fc,5,1,4.375000,0.2833154890065359,0.3321066777869978
deep_rung35ms_mgga_3x16,fc,5,1,4.400000,0.2818954042502325,0.33104418945894687
deep_rung35ms_mgga_3x16,fc,5,1,4.425000,0.28050254441822897,0.32999119309274394
deep_rung35ms_mgga_3x16,fc,5,1,4.450000,0.27913640214056723,0.32894755345173254
deep_rung35ms_mgga_3x16,fc,5,1,4.475000,0.27779647765990745,0.32791313789881793
deep_rung35ms_mgga_3x16,fc,5,1,4.500000,0.276482278815416,0.3268878163344363
deep_rung35ms_mgga_3x16,fc,5,1,4.525000,0.27519332101855554,0.3258714611362714
deep_rung35ms_mgga_3x16,fc,5,1,4.550000,0.2739291272214317,0.324863947100658
deep_rung35ms_mgga_3x16,fc,5,1,4.575000,0.27268922787831107,0.32386515138562305
deep_rung35ms_mgga_3x16,fc,5,1,4.600000,0.2714731609008988,0.32287495345550876
deep_rung35ms_mgga_3x16,fc,5,1,4.625000,0.2702804716079217,0.3218932350271314
deep_rung35ms_mgga_3x16,fc,5,1,4.650000,0.26911071266952913,0.32091988001742017
deep_rung35ms_mgga_3x16,fc,5,1,4.675000,0.2679634440470072,0.31995477449250154
deep_rung35ms_mgga_3x16,fc,5,1,4.700000,0.2668382329282468,0.31899780661817084
deep_rung35ms_mgga_3x16,fc,5,1,4.725000,0.2657346536594054,0.3180488666117171
deep_rung35ms_mgga_3x16,fc,5,1,4.750000,0.2646522876731535,0.31710784669505476
deep_rung35ms_mgga_3x16,fc,5,1,4.775000,0.2635907234138821,0.3161746410491227
deep_rung35ms_mgga_3x16,fc,5,1,4.800000,0.2625495562602189,0.31524914576951185
deep_rung35ms_mgga_3x16,fc,5,1,4.825000,0.2615283884451829,0.31433125882328217
deep_rung35ms_mgga_3x16,fc,5,1,4.850000,0.2605268289742736,0.31342088000693685
deep_rung35ms_mgga_3x16,fc,5,1,4.875000,0.2595444935417861,0.31251791090550957
deep_rung35ms_mgga_3x16,fc,5,1,4.900000,0.2585810044456076,0.3116222548527418
deep_rung35ms_mgga_3x16,fc,5,1,4.925000,0.2576359905007459,0.31073381689230917
deep_rung35ms_mgga_3x16,fc,5,1,4.950000,0.25670908695180983,0.30985250374006773
deep_rung35ms_mgga_3x16,fc,5,1,4.975000,0.25579993538466095,0.30897822374729
deep_rung35ms_mgga_3x16,fc,5,1,5.000000,0.2549081836374203,0.30811088686486104
deep_rung35ms_mgga_3x16,fc,5,1,5.025000,0.2540334857110187,0.30725040460840314
deep_rung35ms_mgga_3x16,fc,5,1,5.050000,0.25317550167945035,0.30639669002430625
deep_rung35ms_mgga_3x16,fc,5,1,5.075000,0.2523338975998888,0.3055496576566333
deep_rung35ms_mgga_3x16,fc,5,1,5.100000,0.2515083454227963,0.30470922351487484
deep_rung35ms_mgga_3x16,fc,5,1,5.125000,0.25069852290216754,0.3038753050425315
deep_rung35ms_mgga_3x16,fc,5,1,5.150000,0.2499041135060146,0.30304782108649503
deep_rung35ms_mgga_3x16,fc,5,1,5.175000,0.24912480632720846,0.30222669186720713
deep_rung35ms_mgga_3x16,fc,5,1,5.200000,0.24836029599477316,0.3014118389495745
deep_rung35ms_mgga_3x16,fc,5,1,5.225000,0.24761028258572182,0.30060318521461604
deep_rung35ms_mgga_3x16,fc,5,1,5.250000,0.24687447153751674,0.29980065483182117
deep_rung35ms_mgga_3x16,fc,5,1,5.275000,0.246152573561225,0.29900417323219936
deep_rung35ms_mgga_3x16,fc,5,1,5.300000,0.24544430455544153,0.2982136670820024
deep_rung35ms_mgga_3x16,fc,5,1,5.325000,0.24474938552102965,0.2974290642570966
deep_rung35ms_mgga_3x16,fc,5,1,5.350000,0.244067542476742,0.29665029381796965
deep_rung35ms_mgga_3x16,fc,5,1,5.375000,0.24339850637576288,0.29587728598535235
deep_rung35ms_mgga_3x16,fc,5,1,5.400000,0.24274201302321496,0.295109972116438
deep_rung35ms_mgga_3x16,fc,5,1,5.425000,0.24209780299466865,0.29434828468168495
deep_rung35ms_mgga_3x16,fc,5,1,5.450000,0.24146562155568496,0.2935921572421799
deep_rung35ms_mgga_3x16,fc,5,1,5.475000,0.24084521858241725,0.2928415244275539
deep_rung35ms_mgga_3x16,fc,5,1,5.500000,0.24023634848329978,0.2920963219144287
deep_rung35ms_mgga_3x16,fc,5,1,5.525000,0.2396387701218382,0.29135648640538486
deep_rung35ms_mgga_3x16,fc,5,1,5.550000,0.23905224674051984,0.2906219556084315
deep_rung35ms_mgga_3x16,fc,5,1,5.575000,0.23847654588585732,0.2898926682169676
deep_rung35ms_mgga_3x16,fc,5,1,5.600000,0.23791143933457326,0.28916856389021944
deep_rung35ms_mgga_3x16,fc,5,1,5.625000,0.23735670302093514,0.2884495832341424
deep_rung35ms_mgga_3x16,fc,5,1,5.650000,0.23681211696524385,0.28773566778277415
deep_rung35ms_mgga_3x16,fc,5,1,5.675000,0.23627746520347648,0.28702675998002475
deep_rung35ms_mgga_3x16,fc,5,1,5.700000,0.2357525357180873,0.286322803161895
deep_rung35ms_mgga_3x16,fc,5,1,5.725000,0.23523712036996003,0.2856237415391107
deep_rung35ms_mgga_3x16,fc,5,1,5.750000,0.23473101483151237,0.2849295201801586
deep_rung35ms_mgga_3x16,fc,5,1,5.775000,0.23423401852094294,0.28424008499471776
deep_rung35ms_mgga_3x16,fc,5,1,5.800000,0.2337459345376165,0.2835553827174724
deep_rung35ms_mgga_3x16,fc,5,1,5.825000,0.23326656959857905,0.282875360892298
deep_rung35ms_mgga_3x16,fc,5,1,5.850000,0.23279573397619235,0.28219996785680873
deep_rung35ms_mgga_3x16,fc,5,1,5.875000,0.23233324143687628,0.2815291527272585
deep_rung35ms_mgga_3x16,fc,5,1,5.900000,0.2318789091809509,0.2808628653837865
deep_rung35ms_mgga_3x16,fc,5,1,5.925000,0.23143255778356164,0.28020105645599513
deep_rung35ms_mgga_3x16,fc,5,1,5.950000,0.23099401113667706,0.2795436773088565
deep_rung35ms_mgga_3x16,fc,5,1,5.975000,0.23056309639214523,0.278890680028933
deep_rung35ms_mgga_3x16,fc,5,1,6.000000,0.2301396439057899,0.2782420174109092
