arch,channel,rs,alpha,s,f_model,f_parent
deep_cusp_mgga_3x16,fx,,0,0.000000,1.1690007125556747,1.174
deep_cusp_mgga_3x16,fx,,0,0.025000,1.1690006694939747,1.1739999999999697
deep_cusp_mgga_3x16,fx,,0,0.050000,1.1690003687309138,1.1739999997117707
deep_cusp_mgga_3x16,fx,,0,0.075000,1.1689995338708694,1.1739999832816606
deep_cusp_mgga_3x16,fx,,0,0.100000,1.1689978059898414,1.1739998118858568
deep_cusp_mgga_3x16,fx,,0,0.125000,1.1689946450473057,1.1739990186707916
deep_cusp_mgga_3x16,fx,,0,0.150000,1.1689892055083548,1.1739966782079427
deep_cusp_mgga_3x16,fx,,0,0.175000,1.168980192548351,1.1739914307174975
deep_cusp_mgga_3x16,fx,,0,0.200000,1.168965702236729,1.1739816048593708
deep_cusp_mgga_3x16,fx,,0,0.225000,1.168943045018488,1.1739653659192677
deep_cusp_mgga_3x16,fx,,0,0.250000,1.1689085489988946,1.1739408470016728
deep_cusp_mgga_3x16,fx,,0,0.275000,1.1688573454879023,1.173906248075868
deep_cusp_mgga_3x16,fx,,0,0.300000,1.1687831717763248,1.1738599024257972
deep_cusp_mgga_3x16,fx,,0,0.325000,1.1686783198456683,1.173800315917155
deep_cusp_mgga_3x16,fx,,0,0.350000,1.1685340658629082,1.1737261857914447
deep_cusp_mgga_3x16,fx,,0,0.375000,1.168342261784133,1.173636405071631
deep_cusp_mgga_3x16,fx,,0,0.400000,1.1680990964130993,1.1735300574458616
deep_cusp_mgga_3x16,fx,,0,0.425000,1.1678116003875239,1.1734064062619238
deep_cusp_mgga_3x16,fx,,0,0.450000,1.1675047053273708,1.1732648802223025
deep_cusp_mgga_3x16,fx,,0,0.475000,1.1672209949719414,1.1731050575598443
deep_cusp_mgga_3x16,fx,,0,0.500000,1.1670030687958568,1.1729266498750575
deep_cusp_mgga_3x16,fx,,0,0.525000,1.1668631556985947,1.1727294863871929
deep_cusp_mgga_3x16,fx,,0,0.550000,1.1667698109205613,1.1725134990516597
deep_cusp_mgga_3x16,fx,,0,0.575000,1.1666735612866928,1.1722787087915814
deep_cusp_mgga_3x16,fx,,0,0.600000,1.1665450925014467,1.1720252129544764
deep_cusp_mgga_3x16,fx,,0,0.625000,1.1663825035164412,1.1717531740160276
deep_cusp_mgga_3x16,fx,,0,0.650000,1.1661864015958023,1.171462809497049
deep_cusp_mgga_3x16,fx,,0,0.675000,1.1659412311431296,1.1711543830265692
deep_cusp_mgga_3x16,fx,,0,0.700000,1.1656281104775668,1.1708281964660416
deep_cusp_mgga_3x16,fx,,0,0.725000,1.1652505673163518,1.1704845830018829
deep_cusp_mgga_3x16,fx,,0,0.750000,1.16483902230638,1.1701239011122389
deep_cusp_mgga_3x16,fx,,0,0.775000,1.1644253197301442,1.1697465293166707
deep_cusp_mgga_3x16,fx,,0,0.800000,1.164013572509304,1.169352861622596
deep_cusp_mgga_3x16,fx,,0,0.825000,1.163585234163977,1.1689433035887846
deep_cusp_mgga_3x16,fx,,0,0.850000,1.1631417918164435,1.168518268933181
deep_cusp_mgga_3x16,fx,,0,0.875000,1.162736411321669,1.1680781766193893
deep_cusp_mgga_3x16,fx,,0,0.900000,1.1624433254137376,1.1676234483629735
deep_cusp_mgga_3x16,fx,,0,0.925000,1.1622842649054423,1.1671545065051685
deep_cusp_mgga_3x16,fx,,0,0.950000,1.1621971790825085,1.1666717722075282
deep_cusp_mgga_3x16,fx,,0,0.975000,1.1620839442946926,1.1661756639264584
deep_cusp_mgga_3x16,fx,,0,1.000000,1.1618750390482568,1.1656665961314685
deep_cusp_mgga_3x16,fx,,0,1.025000,1.1615513724500097,1.1651449782353507
deep_cusp_mgga_3x16,fx,,0,1.050000,1.1611295217705435,1.1646112137083935
deep_cusp_mgga_3x16,fx,,0,1.075000,1.1606410202767568,1.1640656993521898
deep_cusp_mgga_3x16,fx,,0,1.100000,1.1601206346684714,1.163508824711651
deep_cusp_mgga_3x16,fx,,0,1.125000,1.1596019916710432,1.1629409716065238
deep_cusp_mgga_3x16,fx,,0,1.150000,1.1591144741105295,1.1623625137660767
deep_cusp_mgga_3x16,fx,,0,1.175000,1.1586789086885116,1.161773816552685
deep_cusp_mgga_3x16,fx,,0,1.200000,1.1583036831407791,1.1611752367618726
deep_cusp_mgga_3x16,fx,,0,1.225000,1.1579836760650895,1.1605671224879528
deep_cusp_mgga_3x16,fx,,0,1.250000,1.1577026956910665,1.159949813045806
deep_cusp_mgga_3x16,fx,,0,1.275000,1.1574382729280233,1.159323638940552
deep_cusp_mgga_3x16,fx,,0,1.300000,1.1571668786627474,1.1586889218779366
deep_cusp_mgga_3x16,fx,,0,1.325000,1.1568679951037841,1.1580459748091831
deep_cusp_mgga_3x16,fx,,0,1.350000,1.1565263745944456,1.1573951020048758
deep_cusp_mgga_3x16,fx,,0,1.375000,1.156132626861236,1.1567365991531484
deep_cusp_mgga_3x16,fx,,0,1.400000,1.15568268093057,1.1560707534780776
deep_cusp_mgga_3x16,fx,,0,1.425000,1.1551767056817788,1.1553978438747157
deep_cusp_mgga_3x16,fx,,0,1.450000,1.154617920955792,1.1547181410576752
deep_cusp_mgga_3x16,fx,,0,1.475000,1.1540115432786513,1.1540319077205958
deep_cusp_mgga_3x16,fx,,0,1.500000,1.153363962654461,1.153339398704175
deep_cusp_mgga_3x16,fx,,0,1.525000,1.1526821556836957,1.1526408611707666
deep_cusp_mgga_3x16,fx,,0,1.550000,1.1519732948946841,1.1519365347838304
deep_cusp_mgga_3x16,fx,,0,1.575000,1.1512444990145478,1.1512266518907446
deep_cusp_mgga_3x16,fx,,0,1.600000,1.1505026714196116,1.1505114377077155
deep_cusp_mgga_3x16,fx,,0,1.625000,1.149754385582225,1.1497911105056975
deep_cusp_mgga_3x16,fx,,0,1.650000,1.149005791087082,1.149065881796391
deep_cusp_mgga_3x16,fx,,0,1.675000,1.1482625276893996,1.1483359565175384
deep_cusp_mgga_3x16,fx,,0,1.700000,1.1475296454663677,1.1476015332168448
deep_cusp_mgga_3x16,fx,,0,1.725000,1.1468115353888024,1.1468628042339688
deep_cusp_mgga_3x16,fx,,0,1.750000,1.1461118768580054,1.1461199558801156
deep_cusp_mgga_3x16,fx,,0,1.775000,1.1454336079401173,1.1453731686148423
deep_cusp_mgga_3x16,fx,,0,1.800000,1.144778921492726,1.1446226172197609
deep_cusp_mgga_3x16,fx,,0,1.825000,1.1441492873049646,1.1438684709688847
deep_cusp_mgga_3x16,fx,,0,1.850000,1.1435454976176431,1.143110893795409
deep_cusp_mgga_3x16,fx,,0,1.875000,1.1429677314239266,1.1423500444547745
deep_cusp_mgga_3x16,fx,,0,1.900000,1.1424156319164924,1.1415860766838877
deep_cusp_mgga_3x16,fx,,0,1.925000,1.1418883912630426,1.1408191393564204
deep_cusp_mgga_3x16,fx,,0,1.950000,1.1413848373587399,1.14004937663413
deep_cusp_mgga_3x16,fx,,0,1.975000,1.1409035180853675,1.139276928114168
deep_cusp_mgga_3x16,fx,,0,2.000000,1.1404427796840746,1.1385019289723721
deep_cusp_mgga_3x16,fx,,0,2.025000,1.140000836948127,1.1377245101025515
deep_cusp_mgga_3x16,fx,,0,2.050000,1.1395758339450608,1.1369447982517829
deep_cusp_mgga_3x16,fx,,0,2.075000,1.1391658948156487,1.1361629161517686
deep_cusp_mgga_3x16,fx,,0,2.100000,1.1387691648429208,1.135378982646293
deep_cusp_mgga_3x16,fx,,0,2.125000,1.1383838424403538,1.134593112814844
deep_cusp_mgga_3x16,fx,,0,2.150000,1.1380082029948593,1.1338054180924624
deep_cusp_mgga_3x16,fx,,0,2.175000,1.137640615647262,1.1330160063858914
deep_cusp_mgga_3x16,fx,,0,2.200000,1.1372795541331093,1.132224982186104
deep_cusp_mgga_3x16,fx,,0,2.225000,1.1369236027706784,1.1314324466772876
deep_cusp_mgga_3x16,fx,,0,2.250000,1.136571458597598,1.1306384978423718
deep_cusp_mgga_3x16,fx,,0,2.275000,1.1362219305440389,1.1298432305651835
deep_cusp_mgga_3x16,fx,,0,2.300000,1.1358739364051689,1.1290467367293173
deep_cusp_mgga_3x16,fx,,0,2.325000,1.1355264982499895,1.1282491053138093
deep_cusp_mgga_3x16,fx,,0,2.350000,1.1351787367853403,1.1274504224857038
deep_cusp_mgga_3x16,fx,,0,2.375000,1.1348298650871576,1.1266507716896004
deep_cusp_mgga_3x16,fx,,0,2.400000,1.134479182018159,1.1258502337342684
deep_cusp_mgga_3x16,fx,,0,2.425000,1.1341260655724672,1.1250488868764206
deep_cusp_mgga_3x16,fx,,0,2.450000,1.1337699663227556,1.1242468069017264
deep_cusp_mgga_3x16,fx,,0,2.475000,1.1334104010930854,1.1234440672031538
deep_cusp_mgga_3x16,fx,,0,2.500000,1.1330469469392344,1.1226407388567223
deep_cusp_mgga_3x16,fx,,0,2.525000,1.1326792354863446,1.1218368906947505
deep_cusp_mgga_3x16,fx,,0,2.550000,1.1323069476496195,1.1210325893766737
deep_cusp_mgga_3x16,fx,,0,2.575000,1.1319298087460845,1.1202278994575188
deep_cusp_mgga_3x16,fx,,0,2.600000,1.1315475839928313,1.119422883454104
deep_cusp_mgga_3x16,fx,,0,2.625000,1.1311600743785843,1.1186176019090446
deep_cusp_mgga_3x16,fx,,0,2.650000,1.1307671128899035,1.1178121134526344
deep_cusp_mgga_3x16,fx,,0,2.675000,1.1303685610701546,1.1170064748626771
deep_cusp_mgga_3x16,fx,,0,2.700000,1.1299643058878666,1.1162007411223307
deep_cusp_mgga_3x16,fx,,0,2.725000,1.1295542568908035,1.1153949654760382
deep_cusp_mgga_3x16,fx,,0,2.750000,1.1291383436226226,1.1145891994836064
deep_cusp_mgga_3x16,fx,,0,2.775000,1.1287165132800485,1.113783493072495
deep_cusp_mgga_3x16,fx,,0,2.800000,1.1282887285899084,1.1129778945883795
deep_cusp_mgga_3x16,fx,,0,2.825000,1.1278549658869055,1.112172450844045
deep_cusp_mgga_3x16,fx,,0,2.850000,1.12741521337463,1.111367207166669
deep_cusp_mgga_3x16,fx,,0,2.875000,1.1269694695538683,1.1105622074435488
deep_cusp_mgga_3x16,fx,,0,2.900000,1.1265177418037655,1.1097574941663262
deep_cusp_mgga_3x16,fx,,0,2.925000,1.1260600451027838,1.1089531084737612
deep_cusp_mgga_3x16,fx,,0,2.950000,1.1255964008776433,1.1081490901931075
deep_cusp_mgga_3x16,fx,,0,2.975000,1.125126835969565,1.1073454778801328
deep_cusp_mgga_3x16,fx,,0,3.000000,1.1246513817081312,1.1065423088578359
deep_cusp_mgga_3x16,fx,,0,3.025000,1.1241700730839523,1.105739619253904
deep_cusp_mgga_3x16,fx,,0,3.050000,1.1236829480120956,1.1049374440369497
deep_cusp_mgga_3x16,fx,,0,3.075000,1.1231900466789055,1.104135817051578
deep_cusp_mgga_3x16,fx,,0,3.100000,1.1226914109654222,1.1033347710523163
deep_cusp_mgga_3x16,fx,,0,3.125000,1.122187083941119,1.1025343377364487
deep_cusp_mgga_3x16,fx,,0,3.150000,1.1216771094221294,1.1017345477757954
deep_cusp_mgga_3x16,fx,,0,3.175000,1.121161531588527,1.1009354308474695
deep_cusp_mgga_3x16,fx,,0,3.200000,1.1206403946555863,1.1001370156636485
deep_cusp_mgga_3x16,fx,,0,3.225000,1.120113742594257,1.0993393300003946
deep_cusp_mgga_3x16,fx,,0,3.250000,1.119581618896403,1.0985424007255535
deep_cusp_mgga_3x16,fx,,0,3.275000,1.1190440663806072,1.0977462538257692
deep_cusp_mgga_3x16,fx,,0,3.300000,1.1185011270346095,1.0969509144326373
deep_cusp_mgga_3x16,fx,,0,3.325000,1.1179528418906914,1.0961564068480345
deep_cusp_mgga_3x16,fx,,0,3.350000,1.1173992509305395,1.0953627545686442
deep_cusp_mgga_3x16,fx,,0,3.375000,1.1168403930163553,1.094569980309713
deep_cusp_mgga_3x16,fx,,0,3.400000,1.1162763058451837,1.0937781060280596
deep_cusp_mgga_3x16,fx,,0,3.425000,1.1157070259236488,1.0929871529443604
deep_cusp_mgga_3x16,fx,,0,3.450000,1.1151325885604815,1.0921971415647445
deep_cusp_mgga_3x16,fx,,0,3.475000,1.1145530278744216,1.091408091701708
deep_cusp_mgga_3x16,fx,,0,3.500000,1.113968376815269,1.090620022494385
deep_cusp_mgga_3x16,fx,,0,3.525000,1.1133786671960402,1.0898329524281853
deep_cusp_mgga_3x16,fx,,0,3.550000,1.1127839297343618,1.089046899353828
deep_cusp_mgga_3x16,fx,,0,3.575000,1.1121841941014092,1.088261880505785
deep_cusp_mgga_3x16,fx,,0,3.600000,1.1115794889768527,1.08747791252016
deep_cusp_mgga_3x16,fx,,0,3.625000,1.110969842108433,1.0866950114520173
deep_cusp_mgga_3x16,fx,,0,3.650000,1.1103552803749404,1.085913192792181
deep_cusp_mgga_3x16,fx,,0,3.675000,1.1097358298514968,1.0851324714835215
deep_cusp_mgga_3x16,fx,,0,3.700000,1.1091115158761862,1.084352861936746
deep_cusp_mgga_3x16,fx,,0,3.725000,1.1084823631171878,1.08357437804571
deep_cusp_mgga_3x16,fx,,0,3.750000,1.1078483956396872,1.0827970332022658
deep_cusp_mgga_3x16,fx,,0,3.775000,1.1072096369719422,1.0820208403106608
deep_cusp_mgga_3x16,fx,,0,3.800000,1.1065661101699769,1.081245811801505
deep_cusp_mgga_3x16,fx,,0,3.825000,1.1059178378804673,1.0804719596453165
deep_cusp_mgga_3x16,fx,,0,3.850000,1.105264842401454,1.0796992953656632
deep_cusp_mgga_3x16,fx,,0,3.875000,1.1046071457406035,1.0789278300519098
deep_cusp_mgga_3x16,fx,,0,3.900000,1.1039447696707876,1.0781575743715874
deep_cusp_mgga_3x16,fx,,0,3.925000,1.1032777357828232,1.0773885385823938
deep_cusp_mgga_3x16,fx,,0,3.950000,1.1026060655352532,1.076620732543838
deep_cusp_mgga_3x16,fx,,0,3.975000,1.1019297803011041,1.0758541657285416
deep_cusp_mgga_3x16,fx,,0,4.000000,1.1012489014115874,1.0750888472332067
deep_cusp_mgga_3x16,fx,,0,4.025000,1.1005634501967456,1.0743247857892602
deep_cusp_mgga_3x16,fx,,0,4.050000,1.0998734480230814,1.0735619897731867
deep_cusp_mgga_3x16,fx,,0,4.075000,1.099178916328218,1.0728004672165588
deep_cusp_mgga_3x16,fx,,0,4.100000,1.098479876652667,1.0720402258157746
deep_cusp_mgga_3x16,fx,,0,4.125000,1.0977763506688016,1.0712812729415127
deep_cusp_mgga_3x16,fx,,0,4.150000,1.0970683602071245,1.0705236156479097
deep_cusp_mgga_3x16,fx,,0,4.175000,1.0963559272799628,1.069767260681476
deep_cusp_mgga_3x16,fx,,0,4.200000,1.0956390741026902,1.0690122144897514
deep_cusp_mgga_3x16,fx,,0,4.225000,1.0949178231126175,1.0682584832297097
deep_cusp_mgga_3x16,fx,,0,4.250000,1.0941921969856698,1.0675060727759265
deep_cusp_mgga_3x16,fx,,0,4.275000,1.0934622186509821,1.066754988728507
deep_cusp_mgga_3x16,fx,,0,4.300000,1.0927279113035404,1.0660052364207921
deep_cusp_mgga_3x16,fx,,0,4.325000,1.0919892984149993,1.0652568209268407
deep_cusp_mgga_3x16,fx,,0,4.350000,1.0912464037427925,1.0645097470687008
deep_cusp_mgga_3x16,fx,,0,4.375000,1.0904992513376621,1.0637640194234734
deep_cusp_mgga_3x16,fx,,0,4.400000,1.0897478655497217,1.0630196423301772
deep_cusp_mgga_3x16,fx,,0,4.425000,1.0889922710331632,1.0622766198964166
deep_cusp_mgga_3x16,fx,,0,4.450000,1.0882324927497171,1.0615349560048657
deep_cusp_mgga_3x16,fx,,0,4.475000,1.0874685559709627,1.0607946543195659
deep_cusp_mgga_3x16,fx,,0,4.500000,1.0867004862795906,1.0600557182920478
deep_cusp_mgga_3x16,fx,,0,4.525000,1.0859283095697003,1.0593181511672842
deep_cusp_mgga_3x16,fx,,0,4.550000,1.0851520520462234,1.0585819559894716
deep_cusp_mgga_3x16,fx,,0,4.575000,1.0843717402235498,1.0578471356076555
deep_cusp_mgga_3x16,fx,,0,4.600000,1.0835874009234325,1.0571136926811953
deep_cusp_mgga_3x16,fx,,0,4.625000,1.0827990612722338,1.0563816296850805
deep_cusp_mgga_3x16,fx,,0,4.650000,1.0820067486975875,1.0556509489150971
deep_cusp_mgga_3x16,fx,,0,4.675000,1.0812104909245268,1.0549216524928522
deep_cusp_mgga_3x16,fx,,0,4.700000,1.0804103159711342,1.05419374237066
deep_cusp_mgga_3x16,fx,,0,4.725000,1.0796062521437741,1.0534672203362934
deep_cusp_mgga_3x16,fx,,0,4.750000,1.0787983280319324,1.052742088017604
deep_cusp_mgga_3x16,fx,,0,4.775000,1.0779865725027338,1.0520183468870172
deep_cusp_mgga_3x16,fx,,0,4.800000,1.0771710146951472,1.0512959982659025
deep_cusp_mgga_3x16,fx,,0,4.825000,1.0763516840139398,1.0505750433288248
deep_cusp_mgga_3x16,fx,,0,4.850000,1.075528610123393,1.0498554831076812
deep_cusp_mgga_3x16,fx,,0,4.875000,1.0747018229408207,1.0491373184957231
deep_cusp_mgga_3x16,fx,,0,4.900000,1.0738713526299155,1.0484205502514707
deep_cusp_mgga_3x16,fx,,0,4.925000,1.0730372295939419,1.0477051790025216
deep_cusp_mgga_3x16,fx,,0,4.950000,1.0721994844688059,1.0469912052492543
deep_cusp_mgga_3x16,fx,,0,4.975000,1.0713581481160146,1.0462786293684336
deep_cusp_mgga_3x16,fx,,0,5.000000,1.070513251615551,1.0455674516167188
deep_cusp_mgga_3x16,fx,,0,5.025000,1.069664826258673,1.0448576721340765
deep_cusp_mgga_3x16,fx,,0,5.050000,1.0688129035406586,1.0441492909471024
deep_cusp_mgga_3x16,fx,,0,5.075000,1.0679575151535083,1.0434423079722535
deep_cusp_mgga_3x16,fx,,0,5.100000,1.067098692978611,1.0427367230189954
deep_cusp_mgga_3x16,fx,,0,5.125000,1.0662364690793977,1.042032535792863
deep_cusp_mgga_3x16,fx,,0,5.150000,1.065370875693982,1.0413297458984416
deep_cusp_mgga_3x16,fx,,0,5.175000,1.064501945227798,1.0406283528422682
deep_cusp_mgga_3x16,fx,,0,5.200000,1.0636297102462515,1.0399283560356543
deep_cusp_mgga_3x16,fx,,0,5.225000,1.0627542034673811,1.0392297547974363
deep_cusp_mgga_3x16,fx,,0,5.250000,1.0618754577545455,1.038532548356651
deep_cusp_mgga_3x16,fx,,0,5.275000,1.060993506109136,1.0378367358551408
deep_cusp_mgga_3x16,fx,,0,5.300000,1.0601083816633272,1.0371423163500901
deep_cusp_mgga_3x16,fx,,0,5.325000,1.0592201176728622,1.0364492888164956
deep_cusp_mgga_3x16,fx,,0,5.350000,1.0583287475098828,1.0357576521495702
deep_cusp_mgga_3x16,fx,,0,5.375000,1.0574343046558126,1.0350674051670847
deep_cusp_mgga_3x16,fx,,0,5.400000,1.056536822694284,1.0343785466116477
deep_cusp_mgga_3x16,fx,,0,5.425000,1.0556363353041258,1.0336910751529251
deep_cusp_mgga_3x16,fx,,0,5.450000,1.0547328762524089,1.0330049893898028
deep_cusp_mgga_3x16,fx,,0,5.475000,1.0538264793875514,1.0323202878524915
deep_cusp_mgga_3x16,fx,,0,5.500000,1.0529171786324911,1.031636969004577
deep_cusp_mgga_3x16,fx,,0,5.525000,1.0520050079779213,1.030955031245018
deep_cusp_mgga_3x16,fx,,0,5.550000,1.051090001475597,1.0302744729100892
deep_cusp_mgga_3x16,fx,,0,5.575000,1.0501721932317143,1.0295952922752776
deep_cusp_mgga_3x16,fx,,0,5.600000,1.0492516174003585,1.028917487557126
deep_cusp_mgga_3x16,fx,,0,5.625000,1.0483283081770298,1.0282410569150302
deep_cusp_mgga_3x16,fx,,0,5.650000,1.0474022997922459,1.0275659984529908
deep_cusp_mgga_3x16,fx,,0,5.675000,1.0464736265052181,1.0268923102213159
deep_cusp_mgga_3x16,fx,,0,5.700000,1.0455423225976122,1.0262199902182847
deep_cusp_mgga_3x16,fx,,0,5.725000,1.0446084223673853,1.025549036391764
deep_cusp_mgga_3x16,fx,,0,5.750000,1.0436719601227056,1.024879446640785
deep_cusp_mgga_3x16,fx,,0,5.775000,1.0427329701759558,1.024211218817078
deep_cusp_mgga_3x16,fx,,0,5.800000,1.0417914868378175,1.02354435072657
deep_cusp_mgga_3x16,fx,,0,5.825000,1.0408475444114442,1.0228788401308406
deep_cusp_mgga_3x16,fx,,0,5.850000,1.0399011771867117,1.0222146847485427
deep_cusp_mgga_3x16,fx,,0,5.875000,1.038952419434563,1.0215518822567862
deep_cusp_mgga_3x16,fx,,0,5.900000,1.0380013054014336,1.020890430292485
deep_cusp_mgga_3x16,fx,,0,5.925000,1.0370478693037672,1.020230326453671
deep_cusp_mgga_3x16,fx,,0,5.950000,1.0360921453226164,1.0195715683007733
deep_cusp_mgga_3x16,fx,,0,5.975000,1.035134167598332,1.0189141533578652
deep_cusp_mgga_3x16,fx,,0,6.000000,1.0341739702253427,1.0182580791138793
deep_cusp_mgga_3x16,fx,,1,0.000000,0.9999999999999999,1.0
deep_cusp_mgga_3x16,fx,,1,0.025000,1.0000096048606746,1.000077126015428
deep_cusp_mgga_3x16,fx,,1,0.050000,1.000075789604674,1.0003080874041483
deep_cusp_mgga_3x16,fx,,1,0.075000,1.0002519088657977,1.0006916018297418
deep_cusp_mgga_3x16,fx,,1,0.100000,1.0005868301727583,1.00122537363987
deep_cusp_mgga_3x16,fx,,1,0.125000,1.0011234551736228,1.0019058340763338
deep_cusp_mgga_3x16,fx,,1,0.150000,1.001896888008442,1.002727928117751
deep_cusp_mgga_3x16,fx,,1,0.175000,1.0029323404540378,1.0036850322250028
deep_cusp_mgga_3x16,fx,,1,0.200000,1.0042428326333166,1.004768972960261
deep_cusp_mgga_3x16,fx,,1,0.225000,1.0058267029164876,1.005970101642073
deep_cusp_mgga_3x16,fx,,1,0.250000,1.007664884902768,1.0072774039220882
deep_cusp_mgga_3x16,fx,,1,0.275000,1.009717873638116,1.0086786420382468
deep_cusp_mgga_3x16,fx,,1,0.300000,1.011922394453737,1.0101605343302198
deep_cusp_mgga_3x16,fx,,1,0.325000,1.0141882867254013,1.0117089751803436
deep_cusp_mgga_3x16,fx,,1,0.350000,1.0163975828960394,1.0133092932875567
deep_cusp_mgga_3x16,fx,,1,0.375000,1.0184108563980787,1.0149465401468651
deep_cusp_mgga_3x16,fx,,1,0.400000,1.0200899753143466,1.0166057956112062
deep_cusp_mgga_3x16,fx,,1,0.425000,1.021345790442875,1.0182724743981733
deep_cusp_mgga_3x16,fx,,1,0.450000,1.0222011004297291,1.0199326166851808
deep_cusp_mgga_3x16,fx,,1,0.475000,1.0228192976577153,1.0215731473666494
deep_cusp_mgga_3x16,fx,,1,0.500000,1.023434920638106,1.023182091660349
deep_cusp_mgga_3x16,fx,,1,0.525000,1.0242132132197637,1.024748738905099
deep_cusp_mgga_3x16,fx,,1,0.550000,1.025180998090859,1.0262637509070724
deep_cusp_mgga_3x16,fx,,1,0.575000,1.0262831524620208,1.027719215461434
deep_cusp_mgga_3x16,fx,,1,0.600000,1.0274507001150746,1.0291086492486752
deep_cusp_mgga_3x16,fx,,1,0.625000,1.0286164704198113,1.0304269569176834
deep_cusp_mgga_3x16,fx,,1,0.650000,1.0297166538166584,1.0316703547398254
deep_cusp_mgga_3x16,fx,,1,0.675000,1.0306960519950707,1.0328362678173069
deep_cusp_mgga_3x16,fx,,1,0.700000,1.0315134529540402,1.0339232096209783
deep_cusp_mgga_3x16,fx,,1,0.725000,1.0321562640976585,1.0349306518323131
deep_cusp_mgga_3x16,fx,,1,0.750000,1.032651258150866,1.0358588912925095
deep_cusp_mgga_3x16,fx,,1,0.775000,1.0330460207716554,1.0367089195161243
deep_cusp_mgga_3x16,fx,,1,0.800000,1.033373258498359,1.037482298864651
deep_cusp_mgga_3x16,fx,,1,0.825000,1.033632145160309,1.0381810482086806
deep_cusp_mgga_3x16,fx,,1,0.850000,1.0337983903845147,1.0388075398042285
deep_cusp_mgga_3x16,fx,,1,0.875000,1.03384782976799,1.0393644082017732
deep_cusp_mgga_3x16,fx,,1,0.900000,1.0337747423140067,1.039854471300772
deep_cusp_mgga_3x16,fx,,1,0.925000,1.0335970424132035,1.040280663144777
deep_cusp_mgga_3x16,fx,,1,0.950000,1.0333500659717634,1.040645977699074
deep_cusp_mgga_3x16,fx,,1,0.975000,1.0330747401593228,1.0409534226356034
deep_cusp_mgga_3x16,fx,,1,1.000000,1.032806149337975,1.0412059820398643
deep_cusp_mgga_3x16,fx,,1,1.025000,1.0325663992792244,1.0414065869248033
deep_cusp_mgga_3x16,fx,,1,1.050000,1.0323628311343678,1.0415580924640704
deep_cusp_mgga_3x16,fx,,1,1.075000,1.0321904591874864,1.04166326092239
deep_cusp_mgga_3x16,fx,,1,1.100000,1.032036564246239,1.041724749349034
deep_cusp_mgga_3x16,fx,,1,1.125000,1.0318854927622478,1.0417451012001402
deep_cusp_mgga_3x16,fx,,1,1.150000,1.0317224076365714,1.0417267411586144
deep_cusp_mgga_3x16,fx,,1,1.175000,1.0315355323191537,1.0416719725209855
deep_cusp_mgga_3x16,fx,,1,1.200000,1.0313170145276231,1.0415829766151044
deep_cusp_mgga_3x16,fx,,1,1.225000,1.031062812523467,1.0414618137989569
deep_cusp_mgga_3x16,fx,,1,1.250000,1.030772038305657,1.0413104256679637
deep_cusp_mgga_3x16,fx,,1,1.275000,1.0304460984425252,1.0411306381657643
deep_cusp_mgga_3x16,fx,,1,1.300000,1.030087851245756,1.0409241653518562
deep_cusp_mgga_3x16,fx,,1,1.325000,1.0297008963172745,1.0406926136291317
deep_cusp_mgga_3x16,fx,,1,1.350000,1.029289040771089,1.040437486276089
deep_cusp_mgga_3x16,fx,,1,1.375000,1.0288559417488998,1.0401601881631057
deep_cusp_mgga_3x16,fx,,1,1.400000,1.0284049002863105,1.0398620305604855
deep_cusp_mgga_3x16,fx,,1,1.425000,1.0279387711927503,1.03954423596885
deep_cusp_mgga_3x16,fx,,1,1.450000,1.027459952646287,1.0392079429206125
deep_cusp_mgga_3x16,fx,,1,1.475000,1.0269704238168496,1.0388542107154195
deep_cusp_mgga_3x16,fx,,1,1.500000,1.0264718059755786,1.0384840240632753
deep_cusp_mgga_3x16,fx,,1,1.525000,1.0259654300632828,1.0380982976170656
deep_cusp_mgga_3x16,fx,,1,1.550000,1.0254524002816936,1.0376978803819894
deep_cusp_mgga_3x16,fx,,1,1.575000,1.0249336483615084,1.0372835599933328
deep_cusp_mgga_3x16,fx,,1,1.600000,1.0244099766779695,1.0368560668565787
deep_cusp_mgga_3x16,fx,,1,1.625000,1.0238820905409012,1.0364160781453278
deep_cusp_mgga_3x16,fx,,1,1.650000,1.0233506211094996,1.0359642216532339
deep_cusp_mgga_3x16,fx,,1,1.675000,1.0228161408039946,1.0355010794964032
deep_cusp_mgga_3x16,fx,,1,1.700000,1.0222791730837555,1.0350271916626659
deep_cusp_mgga_3x16,fx,,1,1.725000,1.0217401982385828,1.0345430594039822
deep_cusp_mgga_3x16,fx,,1,1.750000,1.021199656531604,1.0340491484681429
deep_cusp_mgga_3x16,fx,,1,1.775000,1.02065794971787,1.0335458921659484
deep_cusp_mgga_3x16,fx,,1,1.800000,1.0201154416828822,1.0330336942702585
deep_cusp_mgga_3x16,fx,,1,1.825000,1.019572458715406,1.0325129317437718
deep_cusp_mgga_3x16,fx,,1,1.850000,1.0190292897504485,1.03198395729307
deep_cusp_mgga_3x16,fx,,1,1.875000,1.018486186785637,1.0314471017473676
deep_cusp_mgga_3x16,fx,,1,1.900000,1.0179433655793035,1.0309026762615185
deep_cusp_mgga_3x16,fx,,1,1.925000,1.0174010066731263,1.0303509743440518
deep_cusp_mgga_3x16,fx,,1,1.950000,1.01685925673882,1.0297922737123535
deep_cusp_mgga_3x16,fx,,1,1.975000,1.016318230221203,1.0292268379784637
deep_cusp_mgga_3x16,fx,,1,2.000000,1.0157780112342871,1.0286549181702986
deep_cusp_mgga_3x16,fx,,1,2.025000,1.0152386556593656,1.0280767540943783
deep_cusp_mgga_3x16,fx,,1,2.050000,1.0147001933918454,1.027492575547279
deep_cusp_mgga_3x16,fx,,1,2.075000,1.0141626306849074,1.0269026033840367
deep_cusp_mgga_3x16,fx,,1,2.100000,1.0136259525416578,1.0263070504525307
deep_cusp_mgga_3x16,fx,,1,2.125000,1.0130901251123532,1.0257061224035078
deep_cusp_mgga_3x16,fx,,1,2.150000,1.0125550980588365,1.025100018386322
deep_cusp_mgga_3x16,fx,,1,2.175000,1.012020806854107,1.0244889316406927
deep_cusp_mgga_3x16,fx,,1,2.200000,1.0114871749906489,1.0238730499948074
deep_cusp_mgga_3x16,fx,,1,2.225000,1.01095411607655,1.0232525562799633
deep_cusp_mgga_3x16,fx,,1,2.250000,1.0104215358034592,1.0226276286716498
deep_cusp_mgga_3x16,fx,,1,2.275000,1.0098893337749493,1.0219984409665455
deep_cusp_mgga_3x16,fx,,1,2.300000,1.0093574051878949,1.0213651628043778
deep_cusp_mgga_3x16,fx,,1,2.325000,1.0088256423629651,1.0207279598429906
deep_cusp_mgga_3x16,fx,,1,2.350000,1.0082939361233585,1.0200869938942942
deep_cusp_mgga_3x16,fx,,1,2.375000,1.0077621770234304,1.019442423028072
deep_cusp_mgga_3x16,fx,,1,2.400000,1.0072302564309557,1.0187944016499157
deep_cusp_mgga_3x16,fx,,1,2.425000,1.006698067468461,1.0181430805588372
deep_cusp_mgga_3x16,fx,,1,2.450000,1.0061655058203627,1.0174886069894218
deep_cusp_mgga_3x16,fx,,1,2.475000,1.0056324704136634,1.0168311246427255
deep_cusp_mgga_3x16,fx,,1,2.500000,1.0050988639806377,1.0161707737094865
deep_cusp_mgga_3x16,fx,,1,2.525000,1.0045645935124092,1.0155076908886551
deep_cusp_mgga_3x16,fx,,1,2.550000,1.0040295706125577,1.0148420094037067
deep_cusp_mgga_3x16,fx,,1,2.575000,1.0034937117599543,1.014173859018729
deep_cusp_mgga_3x16,fx,,1,2.600000,1.0029569384899226,1.0135033660558517
deep_cusp_mgga_3x16,fx,,1,2.625000,1.0024191775026268,1.0128306534152085
deep_cusp_mgga_3x16,fx,,1,2.650000,1.0018803607072437,1.012155840598302
deep_cusp_mgga_3x16,fx,,1,2.675000,1.0013404252101177,1.0114790437353596
deep_cusp_mgga_3x16,fx,,1,2.700000,1.00079931325461,1.0108003756170394
deep_cusp_mgga_3x16,fx,,1,2.725000,1.0002569721198904,1.0101199457306476
deep_cusp_mgga_3x16,fx,,1,2.750000,0.9997133539853759,1.0094378603008718
deep_cusp_mgga_3x16,fx,,1,2.775000,0.9991684157670085,1.0087542223349104
deep_cusp_mgga_3x16,fx,,1,2.800000,0.9986221189310033,1.008069131671777
deep_cusp_mgga_3x16,fx,,1,2.825000,0.9980744292901729,1.0073826850354866
deep_cusp_mgga_3x16,fx,,1,2.850000,0.9975253167874204,1.0066949760917798
deep_cusp_mgga_3x16,fx,,1,2.875000,0.9969747552704631,1.0060060955080066
deep_cusp_mgga_3x16,fx,,1,2.900000,0.9964227222613941,1.005316131015764
deep_cusp_mgga_3x16,fx,,1,2.925000,0.9958691987242048,1.004625167475888
deep_cusp_mgga_3x16,fx,,1,2.950000,0.9953141688329796,1.0039332869453925
deep_cusp_mgga_3x16,fx,,1,2.975000,0.9947576197430613,1.0032405687459562
deep_cusp_mgga_3x16,fx,,1,3.000000,0.9941995413671249,1.0025470895335853
deep_cusp_mgga_3x16,fx,,1,3.025000,0.993639926157747,1.001852923369092
deep_cusp_mgga_3x16,fx,,1,3.050000,0.9930787688977621,1.0011581417890496
deep_cusp_mgga_3x16,fx,,1,3.075000,0.9925160664994125,1.0004628138769258
deep_cusp_mgga_3x16,fx,,1,3.100000,0.9919518178130449,0.9997670063341002
deep_cusp_mgga_3x16,fx,,1,3.125000,0.9913860234459004,0.9990707835505201
deep_cusp_mgga_3x16,fx,,1,3.150000,0.990818685591333,0.9983742076747646
deep_cusp_mgga_3x16,fx,,1,3.175000,0.9902498078686414,0.9976773386833117
deep_cusp_mgga_3x16,fx,,1,3.200000,0.9896793951735378,0.9969802344488408
deep_cusp_mgga_3x16,fx,,1,3.225000,0.9891074535391666,0.996282950807408
deep_cusp_mgga_3x16,fx,,1,3.250000,0.9885339900074724,0.9955855416243745
deep_cusp_mgga_3x16,fx,,1,3.275000,0.987959012510642,0.9948880588589714
deep_cusp_mgga_3x16,fx,,1,3.300000,0.9873825297622687,0.9941905526274198
deep_cusp_mgga_3x16,fx,,1,3.325000,0.986804551157837,0.9934930712645277
deep_cusp_mgga_3x16,fx,,1,3.350000,0.9862250866840857,0.9927956613837123
deep_cusp_mgga_3x16,fx,,1,3.375000,0.985644146836778,0.9920983679354076
deep_cusp_mgga_3x16,fx,,1,3.400000,0.9850617425463879,0.9914012342638262
deep_cusp_mgga_3x16,fx,,1,3.425000,0.9844778851112039,0.9907043021620617
deep_cusp_mgga_3x16,fx,,1,3.450000,0.98389258613735,0.9900076119255249
deep_cusp_mgga_3x16,fx,,1,3.475000,0.9833058574852186,0.9893112024037166
deep_cusp_mgga_3x16,fx,,1,3.500000,0.9827177112218375,0.9886151110503455
deep_cusp_mgga_3x16,fx,,1,3.525000,0.9821281595786893,0.9879193739718123
deep_cusp_mgga_3x16,fx,,1,3.550000,0.9815372149145224,0.9872240259740784
deep_cusp_mgga_3x16,fx,,1,3.575000,0.9809448896827236,0.9865291006079477
deep_cusp_mgga_3x16,fx,,1,3.600000,0.9803511964028289,0.9858346302127938
deep_cusp_mgga_3x16,fx,,1,3.625000,0.9797561476357808,0.9851406459587677
deep_cusp_mgga_3x16,fx,,1,3.650000,0.979159755962562,0.9844471778875169
deep_cusp_mgga_3x16,fx,,1,3.675000,0.9785620339658613,0.9837542549514634
deep_cusp_mgga_3x16,fx,,1,3.700000,0.9779629942144457,0.9830619050516752
deep_cusp_mgga_3x16,fx,,1,3.725000,0.9773626492499472,0.9823701550743712
deep_cusp_mgga_3x16,fx,,1,3.750000,0.9767610115757848,0.9816790309261079
deep_cusp_mgga_3x16,fx,,1,3.775000,0.976158093647975,0.9809885575676817
deep_cusp_mgga_3x16,fx,,1,3.800000,0.9755539078675963,0.9802987590467975
deep_cusp_mgga_3x16,fx,,1,3.825000,0.9749484665747039,0.979609658529538
deep_cusp_mgga_3x16,fx,,1,3.850000,0.9743417820435,0.9789212783306785
deep_cusp_mgga_3x16,fx,,1,3.875000,0.9737338664785946,0.9782336399428906
deep_cusp_mgga_3x16,fx,,1,3.900000,0.9731247320122016,0.9775467640648684
deep_cusp_mgga_3x16,fx,,1,3.925000,0.9725143907021262,0.9768606706284232
deep_cusp_mgga_3x16,fx,,1,3.950000,0.9719028545304355,0.9761753788245814
deep_cusp_mgga_3x16,fx,,1,3.975000,0.9712901354026896,0.9754909071287219
deep_cusp_mgga_3x16,fx,,1,4.000000,0.9706762451476452,0.9748072733247942
deep_cusp_mgga_3x16,fx,,1,4.025000,0.9700611955173438,0.9741244945286455
deep_cusp_mgga_3x16,fx,,1,4.050000,0.9694449981875147,0.9734425872104977
deep_cusp_mgga_3x16,fx,,1,4.075000,0.9688276647582224,0.9727615672166016
deep_cusp_mgga_3x16,fx,,1,4.100000,0.9682092067547056,0.9720814497901045
deep_cusp_mgga_3x16,fx,,1,4.125000,0.9675896356283623,0.9714022495911578
deep_cusp_mgga_3x16,fx,,1,4.150000,0.9669689627578355,0.970723980716298
deep_cusp_mgga_3x16,fx,,1,4.175000,0.9663471994501629,0.9700466567171261
deep_cusp_mgga_3x16,fx,,1,4.200000,0.9657243569419691,0.9693702906183164
deep_cusp_mgga_3x16,fx,,1,4.225000,0.9651004464006651,0.9686948949349768
deep_cusp_mgga_3x16,fx,,1,4.250000,0.9644754789256422,0.968020481689389
deep_cusp_mgga_3x16,fx,,1,4.275000,0.9638494655494401,0.9673470624271521
deep_cusp_mgga_3x16,fx,,1,4.300000,0.9632224172388767,0.9666746482327526
deep_cusp_mgga_3x16,fx,,1,4.325000,0.962594344896126,0.9660032497445823
deep_cusp_mgga_3x16,fx,,1,4.350000,0.9619652593597424,0.9653328771694288
deep_cusp_mgga_3x16,fx,,1,4.375000,0.961335171405618,0.9646635402964531
deep_cusp_mgga_3x16,fx,,1,4.400000,0.9607040917478705,0.9639952485106825
deep_cusp_mgga_3x16,fx,,1,4.425000,0.9600720310396651,0.9633280108060285
deep_cusp_mgga_3x16,fx,,1,4.450000,0.9594389998739588,0.9626618357978549
deep_cusp_mgga_3x16,fx,,1,4.475000,0.9588050087841744,0.9619967317351112
deep_cusp_mgga_3x16,fx,,1,4.500000,0.958170068244803,0.9613327065120458
deep_cusp_mgga_3x16,fx,,1,4.525000,0.9575341886719331,0.9606697676795186
deep_cusp_mgga_3x16,fx,,1,4.550000,0.956897380423714,0.9600079224559257
deep_cusp_mgga_3x16,fx,,1,4.575000,0.9562596538007483,0.9593471777377519
deep_cusp_mgga_3x16,fx,,1,4.600000,0.9556210190464259,0.9586875401097654
deep_cusp_mgga_3x16,fx,,1,4.625000,0.9549814863471949,0.9580290158548668
deep_cusp_mgga_3x16,fx,,1,4.650000,0.9543410658327729,0.957371610963608
deep_cusp_mgga_3x16,fx,,1,4.675000,0.9536997675763108,0.9567153311433895
deep_cusp_mgga_3x16,fx,,1,4.700000,0.9530576015944988,0.9560601818273518
deep_cusp_mgga_3x16,fx,,1,4.725000,0.9524145778476331,0.9554061681829704
deep_cusp_mgga_3x16,fx,,1,4.750000,0.9517707062396353,0.9547532951203652
deep_cusp_mgga_3x16,fx,,1,4.775000,0.951125996618033,0.9541015673003359
deep_cusp_mgga_3x16,fx,,1,4.800000,0.9504804587739052,0.9534509891421321
deep_cusp_mgga_3x16,fx,,1,4.825000,0.9498341024417977,0.9528015648309692
deep_cusp_mgga_3x16,fx,,1,4.850000,0.9491869372996046,0.9521532983252985
deep_cusp_mgga_3x16,fx,,1,4.875000,0.9485389729684287,0.9515061933638401
deep_cusp_mgga_3x16,fx,,1,4.900000,0.9478902190124174,0.9508602534723888
deep_cusp_mgga_3x16,fx,,1,4.925000,0.9472406849385787,0.9502154819703983
deep_cusp_mgga_3x16,fx,,1,4.950000,0.9465903801965814,0.9495718819773558
deep_cusp_mgga_3x16,fx,,1,4.975000,0.9459393141785405,0.9489294564189484
deep_cusp_mgga_3x16,fx,,1,5.000000,0.945287496218794,0.9482882080330374
deep_cusp_mgga_3x16,fx,,1,5.025000,0.9446349355936655,0.9476481393754367
deep_cusp_mgga_3x16,fx,,1,5.050000,0.9439816415212254,0.9470092528255126
deep_cusp_mgga_3x16,fx,,1,5.075000,0.943327623161045,0.9463715505916034
deep_cusp_mgga_3x16,fx,,1,5.100000,0.9426728896139488,0.9457350347162685
deep_cusp_mgga_3x16,fx,,1,5.125000,0.9420174499217672,0.9450997070813746
deep_cusp_mgga_3x16,fx,,1,5.150000,0.9413613130670874,0.9444655694130195
deep_cusp_mgga_3x16,fx,,1,5.175000,0.9407044879730118,0.9438326232863062
deep_cusp_mgga_3x16,fx,,1,5.200000,0.9400469835029158,0.9432008701299636
deep_cusp_mgga_3x16,fx,,1,5.225000,0.9393888084602182,0.9425703112308289
deep_cusp_mgga_3x16,fx,,1,5.250000,0.9387299715881485,0.9419409477381878
deep_cusp_mgga_3x16,fx,,1,5.275000,0.9380704815695337,0.9413127806679837
deep_cusp_mgga_3x16,fx,,1,5.300000,0.9374103470265864,0.9406858109068954
deep_cusp_mgga_3x16,fx,,1,5.325000,0.9367495765207072,0.9400600392162917
deep_cusp_mgga_3x16,fx,,1,5.350000,0.9360881785522964,0.9394354662360648
deep_cusp_mgga_3x16,fx,,1,5.375000,0.9354261615605787,0.9388120924883473
deep_cusp_mgga_3x16,fx,,1,5.400000,0.9347635339234395,0.9381899183811157
deep_cusp_mgga_3x16,fx,,1,5.425000,0.9341003039572772,0.9375689442116866
deep_cusp_mgga_3x16,fx,,1,5.450000,0.9334364799168647,0.9369491701701064
deep_cusp_mgga_3x16,fx,,1,5.475000,0.9327720699952295,0.9363305963424385
deep_cusp_mgga_3x16,fx,,1,5.500000,0.9321070823235473,0.9357132227139547
deep_cusp_mgga_3x16,fx,,1,5.525000,0.9314415249710487,0.9350970491722284
deep_cusp_mgga_3x16,fx,,1,5.550000,0.9307754059449425,0.9344820755101365
deep_cusp_mgga_3x16,fx,,1,5.575000,0.9301087331903569,0.9338683014287742
deep_cusp_mgga_3x16,fx,,1,5.600000,0.929441514590293,0.9332557265402808
deep_cusp_mgga_3x16,fx,,1,5.625000,0.928773757965594,0.9326443503705826
deep_cusp_mgga_3x16,fx,,1,5.650000,0.9281054710749342,0.9320341723620569
deep_cusp_mgga_3x16,fx,,1,5.675000,0.9274366616148189,0.9314251918761152
deep_cusp_mgga_3x16,fx,,1,5.700000,0.9267673372196049,0.9308174081957138
deep_cusp_mgga_3x16,fx,,1,5.725000,0.9260975054615325,0.930210820527787
deep_cusp_mgga_3x16,fx,,1,5.750000,0.9254271738507759,0.9296054280056135
deep_cusp_mgga_3x16,fx,,1,5.775000,0.9247563498355099,0.9290012296911111
deep_cusp_mgga_3x16,fx,,1,5.800000,0.9240850408019896,0.9283982245770669
deep_cusp_mgga_3x16,fx,,1,5.825000,0.9234132540746459,0.9277964115893016
deep_cusp_mgga_3x16,fx,,1,5.850000,0.9227409969161978,0.9271957895887724
deep_cusp_mgga_3x16,fx,,1,5.875000,0.9220682765277805,0.926596357373614
deep_cusp_mgga_3x16,fx,,1,5.900000,0.9213951000490817,0.9259981136811237
deep_cusp_mgga_3x16,fx,,1,5.925000,0.9207214745585013,0.9254010571896856
deep_cusp_mgga_3x16,fx,,1,5.950000,0.9200474070733182,0.924805186520644
deep_cusp_mgga_3x16,fx,,1,5.975000,0.9193729045498737,0.924210500240121
deep_cusp_mgga_3x16,fx,,1,6.000000,0.9186979738837696,0.9236169968607824
deep_cusp_mgga_3x16,fc,0.5,0,0.000000,0.3291651749549054,0.3313403504893755
deep_cusp_mgga_3x16,fc,0.5,0,0.025000,0.32916133143047777,0.3312976492408245
deep_cusp_mgga_3x16,fc,0.5,0,0.050000,0.3291348440806243,0.3311696771809543
deep_cusp_mgga_3x16,fc,0.5,0,0.075000,0.3290643383770664,0.3309568282142708
deep_cusp_mgga_3x16,fc,0.5,0,0.100000,0.3289301668386393,0.33065975502532446
deep_cusp_mgga_3x16,fc,0.5,0,0.125000,0.32871491923669804,0.3302793634131942
deep_cusp_mgga_3x16,fc,0.5,0,0.150000,0.3284040258138571,0.3298168044955968
deep_cusp_mgga_3x16,fc,0.5,0,0.175000,0.32798639008265185,0.3292734649138565
deep_cusp_mgga_3x16,fc,0.5,0,0.200000,0.32745498389838246,0.32865095520110366
deep_cusp_mgga_3x16,fc,0.5,0,0.225000,0.32680733737308865,0.3279510965028174
deep_cusp_mgga_3x16,fc,0.5,0,0.250000,0.3260458609434498,0.32717590586055467
deep_cusp_mgga_3x16,fc,0.5,0,0.275000,0.3251779469804412,0.32632758028605496
deep_cusp_mgga_3x16,fc,0.5,0,0.300000,0.3242158134277333,0.3254084798636299
deep_cusp_mgga_3x16,fc,0.5,0,0.325000,0.32317607103652946,0.3244211101238694
deep_cusp_mgga_3x16,fc,0.5,0,0.350000,0.32207901720330734,0.32336810393137777
deep_cusp_mgga_3x16,fc,0.5,0,0.375000,0.320947681288859,0.32225220312386377
deep_cusp_mgga_3x16,fc,0.5,0,0.400000,0.31980666672139224,0.3210762401299165
deep_cusp_mgga_3x16,fc,0.5,0,0.425000,0.31868085263766044,0.31984311977881646
deep_cusp_mgga_3x16,fc,0.5,0,0.450000,0.3175940312709806,0.31855580149843327
deep_cusp_mgga_3x16,fc,0.5,0,0.475000,0.316567566119344,0.3172172820773531
deep_cusp_mgga_3x16,fc,0.5,0,0.500000,0.31561915951930875,0.31583057914561896
deep_cusp_mgga_3x16,fc,0.5,0,0.525000,0.31476181564055916,0.31439871550553894
deep_cusp_mgga_3x16,fc,0.5,0,0.550000,0.31400307465084065,0.31292470442062886
deep_cusp_mgga_3x16,fc,0.5,0,0.575000,0.3133445744454113,0.3114115359474975
deep_cusp_mgga_3x16,fc,0.5,0,0.600000,0.31278196759444654,0.3098621643729093
deep_cusp_mgga_3x16,fc,0.5,0,0.625000,0.31230518520750516,0.30827949679682304
deep_cusp_mgga_3x16,fc,0.5,0,0.650000,0.3118990016024654,0.30666638288227216
deep_cusp_mgga_3x16,fc,0.5,0,0.675000,0.31154382188351293,0.3050256057748015
deep_cusp_mgga_3x16,fc,0.5,0,0.700000,0.3112165969743521,0.3033598741779992
deep_cusp_mgga_3x16,fc,0.5,0,0.725000,0.3108917727324909,0.3016718155575726
deep_cusp_mgga_3x16,fc,0.5,0,0.750000,0.31054220152330303,0.29996397043444967
deep_cusp_mgga_3x16,fc,0.5,0,0.775000,0.31013997996094234,0.2982387877175273
deep_cusp_mgga_3x16,fc,0.5,0,0.800000,0.3096572148449408,0.296498621018854
deep_cusp_mgga_3x16,fc,0.5,0,0.825000,0.30906674904711295,0.2947457258881186
deep_cusp_mgga_3x16,fc,0.5,0,0.850000,0.3083428915203593,0.29298225789916543
deep_cusp_mgga_3x16,fc,0.5,0,0.875000,0.307462187619554,0.29121027151871076
deep_cusp_mgga_3x16,fc,0.5,0,0.900000,0.3064042407408718,0.2894317196863083
deep_cusp_mgga_3x16,fc,0.5,0,0.925000,0.30515256194081086,0.2876484540347219
deep_cusp_mgga_3x16,fc,0.5,0,0.950000,0.30369539079848595,0.28586222568102476
deep_cusp_mgga_3x16,fc,0.5,0,0.975000,0.3020264074939971,0.28407468652077544
deep_cusp_mgga_3x16,fc,0.5,0,1.000000,0.30014524880155313,0.2822873909603596
deep_cusp_mgga_3x16,fc,0.5,0,1.025000,0.29805775103379817,0.28050179802586334
deep_cusp_mgga_3x16,fc,0.5,0,1.050000,0.2957758684091898,0.2787192737905341
deep_cusp_mgga_3x16,fc,0.5,0,1.075000,0.2933172503731032,0.2769410940668413
deep_cusp_mgga_3x16,fc,0.5,0,1.100000,0.29070449926201736,0.2751684473132806
deep_cusp_mgga_3x16,fc,0.5,0,1.125000,0.28796416378611867,0.27340243771025846
deep_cusp_mgga_3x16,fc,0.5,0,1.150000,0.28512554904088494,0.27164408836358467
deep_cusp_mgga_3x16,fc,0.5,0,1.175000,0.28221943726423926,0.2698943445982087
deep_cusp_mgga_3x16,fc,0.5,0,1.200000,0.2792768147935636,0.26815407730881924
deep_cusp_mgga_3x16,fc,0.5,0,1.225000,0.276327691117484,0.2664240863377366
deep_cusp_mgga_3x16,fc,0.5,0,1.250000,0.2734000784093237,0.26470510385413837
deep_cusp_mgga_3x16,fc,0.5,0,1.275000,0.27051917795256597,0.2629977977120472
deep_cusp_mgga_3x16,fc,0.5,0,1.300000,0.26770679684389753,0.26130277476765973
deep_cusp_mgga_3x16,fc,0.5,0,1.325000,0.2649809971291128,0.2596205841395056
deep_cusp_mgga_3x16,fc,0.5,0,1.350000,0.26235596206492007,0.2579517203975876
deep_cusp_mgga_3x16,fc,0.5,0,1.375000,0.2598420515393327,0.2562966266700757
deep_cusp_mgga_3x16,fc,0.5,0,1.400000,0.25744601102032694,0.2546556976583169
deep_cusp_mgga_3x16,fc,0.5,0,1.425000,0.25517129529810445,0.2530292825528789
deep_cusp_mgga_3x16,fc,0.5,0,1.450000,0.25301846890807544,0.2514176878450953
deep_cusp_mgga_3x16,fc,0.5,0,1.475000,0.25098564846576865,0.24982118003012163
deep_cusp_mgga_3x16,fc,0.5,0,1.500000,0.2490689572114556,0.24823998819886675
deep_cusp_mgga_3x16,fc,0.5,0,1.525000,0.24726296797099656,0.24667430651734645
deep_cusp_mgga_3x16,fc,0.5,0,1.550000,0.245561116789624,0.24512429659302354
deep_cusp_mgga_3x16,fc,0.5,0,1.575000,0.24395607518254325,0.24359008972857565
deep_cusp_mgga_3x16,fc,0.5,0,1.600000,0.24244007394885725,0.24207178906427043
deep_cusp_mgga_3x16,fc,0.5,0,1.625000,0.2410051756459548,0.2405694716107513
deep_cusp_mgga_3x16,fc,0.5,0,1.650000,0.2396434960713113,0.23908319017454924
deep_cusp_mgga_3x16,fc,0.5,0,1.675000,0.23834737748276114,0.23761297517905672
deep_cusp_mgga_3x16,fc,0.5,0,1.700000,0.23710951789544532,0.2361588363840303
deep_cusp_mgga_3x16,fc,0.5,0,1.725000,0.2359230617414293,0.2347207645069526
deep_cusp_mgga_3x16,fc,0.5,0,1.750000,0.2347816575945696,0.23329873274977247
deep_cusp_mgga_3x16,fc,0.5,0,1.775000,0.23367948867408006,0.23189269823468467
deep_cusp_mgga_3x16,fc,0.5,0,1.800000,0.2326112815599808,0.23050260335269374
deep_cusp_mgga_3x16,fc,0.5,0,1.825000,0.23157229808107982,0.22912837702875558
deep_cusp_mgga_3x16,fc,0.5,0,1.850000,0.23055831475255684,0.22776993590729927
deep_cusp_mgga_3x16,fc,0.5,0,1.875000,0.22956559350919292,0.22642718546190987
deep_cusp_mgga_3x16,fc,0.5,0,1.900000,0.22859084684902098,0.22510002103290963
deep_cusp_mgga_3x16,fc,0.5,0,1.925000,0.22763119990364222,0.22378832879650545
deep_cusp_mgga_3x16,fc,0.5,0,1.950000,0.2266841514066411,0.22249198666909004
deep_cusp_mgga_3x16,fc,0.5,0,1.975000,0.22574753505205658,0.22121086515018337
deep_cusp_mgga_3x16,fc,0.5,0,2.000000,0.22481948232506122,0.219944828107396
deep_cusp_mgga_3x16,fc,0.5,0,2.025000,0.22389838754617286,0.21869373350667778
deep_cusp_mgga_3x16,fc,0.5,0,2.050000,0.22298287559419827,0.21745743409099527
deep_cusp_mgga_3x16,fc,0.5,0,2.075000,0.2220717725554544,0.21623577801045382
deep_cusp_mgga_3x16,fc,0.5,0,2.100000,0.221164079380201,0.21502860940675309
deep_cusp_mgga_3x16,fc,0.5,0,2.125000,0.22025894850406313,0.2138357689547368
deep_cusp_mgga_3x16,fc,0.5,0,2.150000,0.21935566330505074,0.2126570943636662
deep_cusp_mgga_3x16,fc,0.5,0,2.175000,0.2184536202087718,0.21149242084072278
deep_cusp_mgga_3x16,fc,0.5,0,2.200000,0.21755231321942692,0.2103415815191169
deep_cusp_mgga_3x16,fc,0.5,0,2.225000,0.21665132063690484,0.20920440785305966
deep_cusp_mgga_3x16,fc,0.5,0,2.250000,0.21575029371628285,0.20808072998173271
deep_cusp_mgga_3x16,fc,0.5,0,2.275000,0.2148489470315853,0.2069703770642767
deep_cusp_mgga_3x16,fc,0.5,0,2.300000,0.21394705031783345,0.20587317758770768
deep_cusp_mgga_3x16,fc,0.5,0,2.325000,0.21304442158181103,0.2047889596495595
deep_cusp_mgga_3x16,fc,0.5,0,2.350000,0.2121409212908587,0.20371755121695145
deep_cusp_mgga_3x16,fc,0.5,0,2.375000,0.21123644746892745,0.2026587803636763
deep_cusp_mgga_3x16,fc,0.5,0,2.400000,0.2103309315491495,0.20161247548681305
deep_cusp_mgga_3x16,fc,0.5,0,2.425000,0.20942433485156864,0.20057846550427505
deep_cusp_mgga_3x16,fc,0.5,0,2.450000,0.20851664557294847,0.19955658003462096
deep_cusp_mgga_3x16,fc,0.5,0,2.475000,0.20760787619246446,0.1985466495603711
deep_cusp_mgga_3x16,fc,0.5,0,2.500000,0.20669806121238588,0.19754850557599712
deep_cusp_mgga_3x16,fc,0.5,0,2.525000,0.20578725516654783,0.19656198072167724
deep_cusp_mgga_3x16,fc,0.5,0,2.550000,0.20487553084147914,0.1955869089038409
deep_cusp_mgga_3x16,fc,0.5,0,2.575000,0.2039629776655607,0.19462312540346077
deep_cusp_mgga_3x16,fc,0.5,0,2.600000,0.20304970023064428,0.1936704669729871
deep_cusp_mgga_3x16,fc,0.5,0,2.625000,0.202135816918251,0.19272877192276328
deep_cusp_mgga_3x16,fc,0.5,0,2.650000,0.20122145860894625,0.19179788019770336
deep_cusp_mgga_3x16,fc,0.5,0,2.675000,0.20030676745886034,0.19087763344496303
deep_cusp_mgga_3x16,fc,0.5,0,2.700000,0.19939189573171578,0.18996787507328558
deep_cusp_mgga_3x16,fc,0.5,0,2.725000,0.19847700467828633,0.18906845030465902
deep_cusp_mgga_3x16,fc,0.5,0,2.750000,0.19756226345799843,0.18817920621887696
deep_cusp_mgga_3x16,fc,0.5,0,2.775000,0.19664784809958713,0.18729999179155726
deep_cusp_mgga_3x16,fc,0.5,0,2.800000,0.1957339404993379,0.18643065792613206
deep_cusp_mgga_3x16,fc,0.5,0,2.825000,0.1948207274566527,0.1855710574802897
deep_cusp_mgga_3x16,fc,0.5,0,2.850000,0.19390839974748175,0.18472104528731484
deep_cusp_mgga_3x16,fc,0.5,0,2.875000,0.19299715123669803,0.1838804781727427
deep_cusp_mgga_3x16,fc,0.5,0,2.900000,0.19208717803074116,0.18304921496671248
deep_cusp_mgga_3x16,fc,0.5,0,2.925000,0.19117867767196128,0.1822271165123812
deep_cusp_mgga_3x16,fc,0.5,0,2.950000,0.19027184837601385,0.18141404567072983
deep_cusp_mgga_3x16,fc,0.5,0,2.975000,0.18936688831349469,0.180609867322074
deep_cusp_mgga_3x16,fc,0.5,0,3.000000,0.1884639949367528,0.17981444836456556
deep_cusp_mgga_3x16,fc,0.5,0,3.025000,0.18756336435252585,0.179027657709953
deep_cusp_mgga_3x16,fc,0.5,0,3.050000,0.18666519074071752,0.17824936627684973
deep_cusp_mgga_3x16,fc,0.5,0,3.075000,0.18576966581930765,0.17747944698173865
deep_cusp_mgga_3x16,fc,0.5,0,3.100000,0.18487697835505879,0.17671777472792738
deep_cusp_mgga_3x16,fc,0.5,0,3.125000,0.18398731371936283,0.17596422639265208
deep_cusp_mgga_3x16,fc,0.5,0,3.150000,0.1831008534882972,0.1752186808125115
deep_cusp_mgga_3x16,fc,0.5,0,3.175000,0.18221777508568193,0.17448101876740207
deep_cusp_mgga_3x16,fc,0.5,0,3.200000,0.18133825146771454,0.17375112296311035
deep_cusp_mgga_3x16,fc,0.5,0,3.225000,0.18046245084755208,0.17302887801270725
deep_cusp_mgga_3x16,fc,0.5,0,3.250000,0.17959053645806178,0.1723141704168793
deep_cusp_mgga_3x16,fc,0.5,0,3.275000,0.17872266635082124,0.17160688854331868
deep_cusp_mgga_3x16,fc,0.5,0,3.300000,0.17785899322936094,0.17090692260528872
deep_cusp_mgga_3x16,fc,0.5,0,3.325000,0.17699966431458192,0.17021416463946792
deep_cusp_mgga_3x16,fc,0.5,0,3.350000,0.17614482124022968,0.16952850848317152
deep_cusp_mgga_3x16,fc,0.5,0,3.375000,0.1752945999763159,0.16884984975103826
deep_cusp_mgga_3x16,fc,0.5,0,3.400000,0.1744491307783691,0.1681780858112667
deep_cusp_mgga_3x16,fc,0.5,0,3.425000,0.17360853816044308,0.1675131157614748
deep_cusp_mgga_3x16,fc,0.5,0,3.450000,0.1727729408898504,0.16685484040425386
deep_cusp_mgga_3x16,fc,0.5,0,3.475000,0.1719424520016548,0.1662031622224799
deep_cusp_mgga_3x16,fc,0.5,0,3.500000,0.17111717883102706,0.16555798535444163
deep_cusp_mgga_3x16,fc,0.5,0,3.525000,0.1702972230616555,0.16491921556883718
deep_cusp_mgga_3x16,fc,0.5,0,3.550000,0.16948268078848605,0.16428676023969127
deep_cusp_mgga_3x16,fc,0.5,0,3.575000,0.16867364259316753,0.16366052832123476
deep_cusp_mgga_3x16,fc,0.5,0,3.600000,0.16787019363066746,0.1630404303227895
deep_cusp_mgga_3x16,fc,0.5,0,3.625000,0.16707241372563064,0.16242637828369502
deep_cusp_mgga_3x16,fc,0.5,0,3.650000,0.16628037747714597,0.16181828574831011
deep_cusp_mgga_3x16,fc,0.5,0,3.675000,0.16549415437068316,0.16121606774112202
deep_cusp_mgga_3x16,fc,0.5,0,3.700000,0.16471380889606746,0.16061964074198865
deep_cusp_mgga_3x16,fc,0.5,0,3.725000,0.16393940067043522,0.16002892266154084
deep_cusp_mgga_3x16,fc,0.5,0,3.750000,0.16317098456522183,0.15944383281676652
deep_cusp_mgga_3x16,fc,0.5,0,3.775000,0.16240861083630453,0.1588642919067969
deep_cusp_mgga_3x16,fc,0.5,0,3.800000,0.1616523252565112,0.158290221988913
deep_cusp_mgga_3x16,fc,0.5,0,3.825000,0.1609021692497813,0.15772154645478986
deep_cusp_mgga_3x16,fc,0.5,0,3.850000,0.16015818002633697,0.15715819000699058
deep_cusp_mgga_3x16,fc,0.5,0,3.875000,0.15942039071828695,0.15660007863572586
deep_cusp_mgga_3x16,fc,0.5,0,3.900000,0.1586888305151567,0.1560471395958869
deep_cusp_mgga_3x16,fc,0.5,0,3.925000,0.1579635247988841,0.15549930138436474
deep_cusp_mgga_3x16,fc,0.5,0,3.950000,0.15724449527788553,0.15495649371766224
deep_cusp_mgga_3x16,fc,0.5,0,3.975000,0.1565317601198396,0.15441864750980674
deep_cusp_mgga_3x16,fc,0.5,0,4.000000,0.1558253340828828,0.15388569485056963
deep_cusp_mgga_3x16,fc,0.5,0,4.025000,0.1551252286449495,0.1533575689839974
deep_cusp_mgga_3x16,fc,0.5,0,4.050000,0.15443145213103515,0.15283420428725958
deep_cusp_mgga_3x16,fc,0.5,0,4.075000,0.15374400983818415,0.1523155362498149
deep_cusp_mgga_3x16,fc,0.5,0,4.100000,0.15306290415804058,0.15180150145290017
deep_cusp_mgga_3x16,fc,0.5,0,4.125000,0.152388134696831,0.15129203754934262
deep_cusp_mgga_3x16,fc,0.5,0,4.150000,0.1517196983926632,0.15078708324369658
deep_cusp_mgga_3x16,fc,0.5,0,4.175000,0.151057589630059,0.15028657827270658
deep_cusp_mgga_3x16,fc,0.5,0,4.200000,0.15040180035165096,0.149790463386094
deep_cusp_mgga_3x16,fc,0.5,0,4.225000,0.14975232016699103,0.14929868032767024
deep_cusp_mgga_3x16,fc,0.5,0,4.250000,0.14910913645844415,0.14881117181677259
deep_cusp_mgga_3x16,fc,0.5,0,4.275000,0.14847223448413382,0.14832788153002277
deep_cusp_mgga_3x16,fc,0.5,0,4.300000,0.14784159747794934,0.1478487540834059
deep_cusp_mgga_3x16,fc,0.5,0,4.325000,0.14721720674659977,0.14737373501466866
deep_cusp_mgga_3x16,fc,0.5,0,4.350000,0.1465990417637405,0.1469027707660326
deep_cusp_mgga_3x16,fc,0.5,0,4.375000,0.14598708026118645,0.1464358086672206
deep_cusp_mgga_3x16,fc,0.5,0,4.400000,0.1453812983172379,0.14597279691879567
deep_cusp_mgga_3x16,fc,0.5,0,4.425000,0.14478167044216383,0.14551368457580452
deep_cusp_mgga_3x16,fc,0.5,0,4.450000,0.14418816966086645,0.14505842153172646
deep_cusp_mgga_3x16,fc,0.5,0,4.475000,0.14360076759278384,0.14460695850272298
deep_cusp_mgga_3x16,fc,0.5,0,4.500000,0.14301943452907095,0.1441592470121828
deep_cusp_mgga_3x16,fc,0.5,0,4.525000,0.14244413950711476,0.14371523937556108
deep_cusp_mgga_3x16,fc,0.5,0,4.550000,0.14187485038243186,0.14327488868550697
deep_cusp_mgga_3x16,fc,0.5,0,4.575000,0.14131153389800577,0.14283814879727608
deep_cusp_mgga_3x16,fc,0.5,0,4.600000,0.14075415575112804,0.1424049743144244
deep_cusp_mgga_3x16,fc,0.5,0,4.625000,0.1402026806577884,0.1419753205747783
deep_cusp_mgga_3x16,fc,0.5,0,4.650000,0.13965707241468528,0.1415491436366775
deep_cusp_mgga_3x16,fc,0.5,0,4.675000,0.1391172939589117,0.14112640026548623
deep_cusp_mgga_3x16,fc,0.5,0,4.700000,0.13858330742537806,0.1407070479203679
deep_cusp_mgga_3x16,fc,0.5,0,4.725000,0.13805507420203167,0.14029104474132023
deep_cusp_mgga_3x16,fc,0.5,0,4.750000,0.13753255498293449,0.1398783495364646
deep_cusp_mgga_3x16,fc,0.5,0,4.775000,0.13701570981926037,0.13946892176958758
deep_cusp_mgga_3x16,fc,0.5,0,4.800000,0.1365044981682686,0.13906272154792787
deep_cusp_mgga_3x16,fc,0.5,0,4.825000,0.13599887894031926,0.1386597096102065
deep_cusp_mgga_3x16,fc,0.5,0,4.850000,0.13549881054398139,0.13825984731489438
deep_cusp_mgga_3x16,fc,0.5,0,4.875000,0.13500425092929635,0.13786309662871396
deep_cusp_mgga_3x16,fc,0.5,0,4.900000,0.1345151576292577,0.13746942011536997
deep_cusp_mgga_3x16,fc,0.5,0,4.925000,0.13403148779955332,0.13707878092450526
deep_cusp_mgga_3x16,fc,0.5,0,4.950000,0.13355319825663414,0.13669114278087835
deep_cusp_mgga_3x16,fc,0.5,0,4.975000,0.13308024551416264,0.13630646997375656
deep_cusp_mgga_3x16,fc,0.5,0,5.000000,0.1326125858178866,0.1359247273465229
deep_cusp_mgga_3x16,fc,0.5,0,5.025000,0.13215017517900252,0.13554588028649092
deep_cusp_mgga_3x16,fc,0.5,0,5.050000,0.13169296940604813,0.13516989471492433
deep_cusp_mgga_3x16,fc,0.5,0,5.075000,0.1312409241353818,0.13479673707725684
deep_cusp_mgga_3x16,fc,0.5,0,5.100000,0.13079399486029142,0.13442637433350926
deep_cusp_mgga_3x16,fc,0.5,0,5.125000,0.13035213695878523,0.13405877394889873
deep_cusp_mgga_3x16,fc,0.5,0,5.150000,0.12991530572010768,0.1336939038846367
deep_cusp_mgga_3x16,fc,0.5,0,5.175000,0.12948345637002656,0.1333317325889129
deep_cusp_mgga_3x16,fc,0.5,0,5.200000,0.1290565440949326,0.1329722289880596
deep_cusp_mgga_3x16,fc,0.5,0,5.225000,0.12863452406479992,0.1326153624778942
deep_cusp_mgga_3x16,fc,0.5,0,5.250000,0.12821735145504265,0.1322611029152361
deep_cusp_mgga_3x16,fc,0.5,0,5.275000,0.12780498146731045,0.13190942060959335
deep_cusp_mgga_3x16,fc,0.5,0,5.300000,0.12739736934926282,0.13156028631501718
deep_cusp_mgga_3x16,fc,0.5,0,5.325000,0.12699447041335976,0.13121367122211955
deep_cusp_mgga_3x16,fc,0.5,0,5.350000,0.12659624005470305,0.1308695469502513
deep_cusp_mgga_3x16,fc,0.5,0,5.375000,0.12620263376796825,0.13052788553983724
deep_cusp_mgga_3x16,fc,0.5,0,5.400000,0.12581360716345913,0.13018865944486457
deep_cusp_mgga_3x16,fc,0.5,0,5.425000,0.12542911598231665,0.12985184152552212
deep_cusp_mgga_3x16,fc,0.5,0,5.450000,0.1250491161109214,0.12951740504098702
deep_cusp_mgga_3x16,fc,0.5,0,5.475000,0.1246735635945111,0.129185323642355
deep_cusp_mgga_3x16,fc,0.5,0,5.500000,0.12430241465005265,0.12885557136571307
deep_cusp_mgga_3x16,fc,0.5,0,5.525000,0.12393562567839411,0.128528122625349
deep_cusp_mgga_3x16,fc,0.5,0,5.550000,0.12357315327572482,0.12820295220709765
deep_cusp_mgga_3x16,fc,0.5,0,5.575000,0.12321495424437157,0.12788003526181874
deep_cusp_mgga_3x16,fc,0.5,0,5.600000,0.1228609856029581,0.1275593472990049
deep_cusp_mgga_3x16,fc,0.5,0,5.625000,0.12251120459595599,0.1272408641805166
deep_cusp_mgga_3x16,fc,0.5,0,5.650000,0.12216556870264306,0.12692456211444123
deep_cusp_mgga_3x16,fc,0.5,0,5.675000,0.1218240356455057,0.12661041764907438
deep_cusp_mgga_3x16,fc,0.5,0,5.700000,0.12148656339809927,0.12629840766701914
deep_cusp_mgga_3x16,fc,0.5,0,5.725000,0.12115311019238972,0.12598850937940373
deep_cusp_mgga_3x16,fc,0.5,0,5.750000,0.12082363452560396,0.125680700320211
deep_cusp_mgga_3x16,fc,0.5,0,5.775000,0.12049809516660293,0.1253749583407219
deep_cusp_mgga_3x16,fc,0.5,0,5.800000,0.12017645116180131,0.12507126160406637
deep_cusp_mgga_3x16,fc,0.5,0,5.825000,0.11985866184065097,0.12476958857988306
deep_cusp_mgga_3x16,fc,0.5,0,5.850000,0.11954468682071151,0.1244699180390814
deep_cusp_mgga_3x16,fc,0.5,0,5.875000,0.11923448601231679,0.12417222904870914
deep_cusp_mgga_3x16,fc,0.5,0,5.900000,0.11892801962286637,0.12387650096691742
deep_cusp_mgga_3x16,fc,0.5,0,5.925000,0.11862524816074915,0.12358271343802625
deep_cusp_mgga_3x16,fc,0.5,0,5.950000,0.11832613243891921,0.1232908463876843
deep_cusp_mgga_3x16,fc,0.5,0,5.975000,0.11803063357813981,0.12300088001812445
deep_cusp_mgga_3x16,fc,0.5,0,6.000000,0.11773871300990923,0.12271279480351016
deep_cusp_mgga_3x16,fc,2,0,0.000000,0.4598966216796887,0.4637124935893196
deep_cusp_mgga_3x16,fc,2,0,0.025000,0.4598921170891215,0.46365797510614426
deep_cusp_mgga_3x16,fc,2,0,0.050000,0.45986106573409424,0.46349457828501833
deep_cusp_mgga_3x16,fc,2,0,0.075000,0.4597783402177087,0.46322277769074155
deep_cusp_mgga_3x16,fc,2,0,0.100000,0.4596206269491727,0.4628433598850073
deep_cusp_mgga_3x16,fc,2,0,0.125000,0.45936681315742156,0.4623574169322783
deep_cusp_mgga_3x16,fc,2,0,0.150000,0.4589984395122688,0.4617663374565877
deep_cusp_mgga_3x16,fc,2,0,0.175000,0.45850017293796075,0.4610717953930279
deep_cusp_mgga_3x16,fc,2,0,0.200000,0.45786025206981806,0.46027573661210736
deep_cusp_mgga_3x16,fc,2,0,0.225000,0.4570708586781188,0.4593803636249541
deep_cusp_mgga_3x16,fc,2,0,0.250000,0.45612837305844967,0.458388118601862
deep_cusp_mgga_3x16,fc,2,0,0.275000,0.4550334800347231,0.45730166495548114
deep_cusp_mgga_3x16,fc,2,0,0.300000,0.45379110430915737,0.45612386775278785
deep_cusp_mgga_3x16,fc,2,0,0.325000,0.4524101682408289,0.45485777322679916
deep_cusp_mgga_3x16,fc,2,0,0.350000,0.45090318008113117,0.45350658765997187
deep_cusp_mgga_3x16,fc,2,0,0.375000,0.44928567435976663,0.45207365590667414
deep_cusp_mgga_3x16,fc,2,0,0.400000,0.44757553668497285,0.4505624398125133
deep_cusp_mgga_3x16,fc,2,0,0.425000,0.44579225124159083,0.44897649677425233
deep_cusp_mgga_3x16,fc,2,0,0.450000,0.44395610993801937,0.4473194586662224
deep_cusp_mgga_3x16,fc,2,0,0.475000,0.4420874176093139,0.4455950113382937
deep_cusp_mgga_3x16,fc,2,0,0.500000,0.4402057192261468,0.4438068748673543
deep_cusp_mgga_3x16,fc,2,0,0.525000,0.43832906511695047,0.44195878471962796
deep_cusp_mgga_3x16,fc,2,0,0.550000,0.43647332191392696,0.44005447395576214
deep_cusp_mgga_3x16,fc,2,0,0.575000,0.4346515332555043,0.43809765658510047
deep_cusp_mgga_3x16,fc,2,0,0.600000,0.43287333697466346,0.43609201215052357
deep_cusp_mgga_3x16,fc,2,0,0.625000,0.4311444542885201,0.4340411716012089
deep_cusp_mgga_3x16,fc,2,0,0.650000,0.42946627887555877,0.431948704488058
deep_cusp_mgga_3x16,fc,2,0,0.675000,0.42783560559109524,0.42981810749569455
deep_cusp_mgga_3x16,fc,2,0,0.700000,0.426244545477688,0.4276527943060994
deep_cusp_mgga_3x16,fc,2,0,0.725000,0.4246806722243587,0.4254560867722806
deep_cusp_mgga_3x16,fc,2,0,0.750000,0.42312743385921214,0.42323120736595304
deep_cusp_mgga_3x16,fc,2,0,0.775000,0.42156484308749276,0.42098127285104386
deep_cusp_mgga_3x16,fc,2,0,0.800000,0.4199704331424401,0.4187092891248944
deep_cusp_mgga_3x16,fc,2,0,0.825000,0.41832043729857127,0.4164181471612089
deep_cusp_mgga_3x16,fc,2,0,0.850000,0.4165911235535502,0.41411061998296744
deep_cusp_mgga_3x16,fc,2,0,0.875000,0.41476019514564,0.41178936058951576
deep_cusp_mgga_3x16,fc,2,0,0.900000,0.41280815527554937,0.40945690075969354
deep_cusp_mgga_3x16,fc,2,0,0.925000,0.4107195321922772,0.40711565065196964
deep_cusp_mgga_3x16,fc,2,0,0.950000,0.40848386904000367,0.4047678991229293
deep_cusp_mgga_3x16,fc,2,0,0.975000,0.40609640080356035,0.40241581468690557
deep_cusp_mgga_3x16,fc,2,0,1.000000,0.40355836660648836,0.40006144704189445
deep_cusp_mgga_3x16,fc,2,0,1.025000,0.400876936933543,0.39770672908995053
deep_cusp_mgga_3x16,fc,2,0,1.050000,0.39806476883178943,0.3953534793838818
deep_cusp_mgga_3x16,fc,2,0,1.075000,0.3951392341727491,0.3930034049360875
deep_cusp_mgga_3x16,fc,2,0,1.100000,0.3921213930328884,0.3906581043297023
deep_cusp_mgga_3x16,fc,2,0,1.125000,0.38903480308655225,0.3883190710766848
deep_cusp_mgga_3x16,fc,2,0,1.150000,0.3859042645422063,0.3859876971720425
deep_cusp_mgga_3x16,fc,2,0,1.175000,0.3827545979413589,0.3836652767979275
deep_cusp_mgga_3x16,fc,2,0,1.200000,0.37960953999453895,0.38135301013579076
deep_cusp_mgga_3x16,fc,2,0,1.225000,0.37649082286100266,0.3790520072491119
deep_cusp_mgga_3x16,fc,2,0,1.250000,0.3734174781336198,0.3767632920033665
deep_cusp_mgga_3x16,fc,2,0,1.275000,0.3704053818042805,0.3744878059938269
deep_cusp_mgga_3x16,fc,2,0,1.300000,0.36746703383356916,0.3722264124554973
deep_cusp_mgga_3x16,fc,2,0,1.325000,0.3646115479466414,0.36997990013293486
deep_cusp_mgga_3x16,fc,2,0,1.350000,0.361844815137345,0.367748987090909
deep_cusp_mgga_3x16,fc,2,0,1.375000,0.3591697982195998,0.3655343244497885
deep_cusp_mgga_3x16,fc,2,0,1.400000,0.3565869139086302,0.36333650003222684
deep_cusp_mgga_3x16,fc,2,0,1.425000,0.35409446212239515,0.36115604191015194
deep_cusp_mgga_3x16,fc,2,0,1.450000,0.3516890680642938,0.35899342184325267
deep_cusp_mgga_3x16,fc,2,0,1.475000,0.3493661098636692,0.35684905860211963
deep_cusp_mgga_3x16,fc,2,0,1.500000,0.34712011203631643,0.35472332117093486
deep_cusp_mgga_3x16,fc,2,0,1.525000,0.3449450920166459,0.3526165318261523
deep_cusp_mgga_3x16,fc,2,0,1.550000,0.34283485303993033,0.35052896908895104
deep_cusp_mgga_3x16,fc,2,0,1.575000,0.3407832215012272,0.3484608705504263
deep_cusp_mgga_3x16,fc,2,0,1.600000,0.33878423055553875,0.34641243556949486
deep_cusp_mgga_3x16,fc,2,0,1.625000,0.3368322542403719,0.34438382784435767
deep_cusp_mgga_3x16,fc,2,0,1.650000,0.3349220979526635,0.3423751778591022
deep_cusp_mgga_3x16,fc,2,0,1.675000,0.3330490518799112,0.34038658520764153
deep_cusp_mgga_3x16,fc,2,0,1.700000,0.3312089141537704,0.3384181207976971
deep_cusp_mgga_3x16,fc,2,0,1.725000,0.32939799023157534,0.3364698289379469
deep_cusp_mgga_3x16,fc,2,0,1.750000,0.3276130744618244,0.3345417293117887
deep_cusp_mgga_3x16,fc,2,0,1.775000,0.3258514190718922,0.33263381884142695
deep_cusp_mgga_3x16,fc,2,0,1.800000,0.32411069502204515,0.3307460734461768
deep_cusp_mgga_3x16,fc,2,0,1.825000,0.32238894836753174,0.32887844969901675
deep_cusp_mgga_3x16,fc,2,0,1.850000,0.3206845550075612,0.32703088638550154
deep_cusp_mgga_3x16,fc,2,0,1.875000,0.31899617600691366,0.32520330596918856
deep_cusp_mgga_3x16,fc,2,0,1.900000,0.3173227150696871,0.323395615967739
deep_cusp_mgga_3x16,fc,2,0,1.925000,0.3156632792319828,0.32160771024382623
deep_cusp_mgga_3x16,fc,2,0,1.950000,0.3140171434204537,0.3198394702149331
deep_cusp_mgga_3x16,fc,2,0,1.975000,0.3123837191908472,0.3180907659860507
deep_cusp_mgga_3x16,fc,2,0,2.000000,0.31076252770623713,0.31636145740919613
deep_cusp_mgga_3x16,fc,2,0,2.025000,0.30915317682811505,0.31465139507356843
deep_cusp_mgga_3x16,fc,2,0,2.050000,0.30755534206418367,0.3129604212300418
deep_cusp_mgga_3x16,fc,2,0,2.075000,0.3059687510339586,0.3112883706535782
deep_cusp_mgga_3x16,fc,2,0,2.100000,0.30439317106752073,0.3096350714470056
deep_cusp_mgga_3x16,fc,2,0,2.125000,0.3028283995353229,0.30800034578948027
deep_cusp_mgga_3x16,fc,2,0,2.150000,0.3012742565104658,0.30638401063281323
deep_cusp_mgga_3x16,fc,2,0,2.175000,0.2997305793831677,0.30478587834870396
deep_cusp_mgga_3x16,fc,2,0,2.200000,0.2981972190752611,0.30320575732978744
deep_cusp_mgga_3x16,fc,2,0,2.225000,0.29667403753652166,0.301643452547268
deep_cusp_mgga_3x16,fc,2,0,2.250000,0.2951609062414092,0.3000987660677743
deep_cusp_mgga_3x16,fc,2,0,2.275000,0.29365770544221514,0.29857149753194373
deep_cusp_mgga_3x16,fc,2,0,2.300000,0.29216432397093417,0.29706144459711337
deep_cusp_mgga_3x16,fc,2,0,2.325000,0.29068065941643617,0.2955684033463727
deep_cusp_mgga_3x16,fc,2,0,2.350000,0.28920661853496366,0.29409216866611015
deep_cusp_mgga_3x16,fc,2,0,2.375000,0.28774211778022174,0.2926325345940717
deep_cusp_mgga_3x16,fc,2,0,2.400000,0.2862870838642968,0.29118929463983667
deep_cusp_mgga_3x16,fc,2,0,2.425000,0.2848414542822615,0.2897622420795101
deep_cusp_mgga_3x16,fc,2,0,2.450000,0.2834051777518112,0.28835117022632417
deep_cusp_mgga_3x16,fc,2,0,2.475000,0.28197821453479066,0.2869558726787487
deep_cusp_mgga_3x16,fc,2,0,2.500000,0.2805605366202847,0.28557614354761207
deep_cusp_mgga_3x16,fc,2,0,2.525000,0.2791521277593503,0.2842117776636468
deep_cusp_mgga_3x16,fc,2,0,2.550000,0.27775298334970056,0.28286257076678956
deep_cusp_mgga_3x16,fc,2,0,2.575000,0.2763631101750388,0.2815283196784822
deep_cusp_mgga_3x16,fc,2,0,2.600000,0.27498252600851647,0.2802088224581476
deep_cusp_mgga_3x16,fc,2,0,2.625000,0.2736112590931825,0.278903878544938
deep_cusp_mgga_3x16,fc,2,0,2.650000,0.27224934751456753,0.2776132888857885
deep_cusp_mgga_3x16,fc,2,0,2.675000,0.2708968384818613,0.27633685605074015
deep_cusp_mgga_3x16,fc,2,0,2.700000,0.26955378753469694,0.2750743843364387
deep_cusp_mgga_3x16,fc,2,0,2.725000,0.2682202576924957,0.27382567985865647
deep_cusp_mgga_3x16,fc,2,0,2.750000,0.2668963185627977,0.27259055063462984
deep_cusp_mgga_3x16,fc,2,0,2.775000,0.26558204542411445,0.2713688066559538
deep_cusp_mgga_3x16,fc,2,0,2.800000,0.2642775182976793,0.2701602599527297
deep_cusp_mgga_3x16,fc,2,0,2.825000,0.26298282102115755,0.2689647246496099
deep_cusp_mgga_3x16,fc,2,0,2.850000,0.26169804033593347,0.26778201701435067
deep_cusp_mgga_3x16,fc,2,0,2.875000,0.26042326499812396,0.2666119554994342
deep_cusp_mgga_3x16,fc,2,0,2.900000,0.2591585849219613,0.2654543607772907
deep_cusp_mgga_3x16,fc,2,0,2.925000,0.2579040903627645,0.26430905576961355
deep_cusp_mgga_3x16,fc,2,0,2.950000,0.256659871145295,0.26317586567122503
deep_cusp_mgga_3x16,fc,2,0,2.975000,0.25542601594202274,0.2620546179689243
deep_cusp_mgga_3x16,fc,2,0,3.000000,0.25420261160458435,0.260945142455715
deep_cusp_mgga_3x16,fc,2,0,3.025000,0.25298974255063555,0.2598472712407876
deep_cusp_mgga_3x16,fc,2,0,3.050000,0.2517874902073014,0.2587608387556007
deep_cusp_mgga_3x16,fc,2,0,3.075000,0.2505959325115579,0.25768568175638656
deep_cusp_mgga_3x16,fc,2,0,3.100000,0.24941514346710858,0.2566216393233812
deep_cusp_mgga_3x16,fc,2,0,3.125000,0.248245192756682,0.2555685528570589
deep_cusp_mgga_3x16,fc,2,0,3.150000,0.24708614540811713,0.2545262660716307
deep_cusp_mgga_3x16,fc,2,0,3.175000,0.24593806151216668,0.2534946249860516
deep_cusp_mgga_3x16,fc,2,0,3.200000,0.24480099598958294,0.2524734779127581
deep_cusp_mgga_3x16,fc,2,0,3.225000,0.24367499840479223,0.251462675444348
deep_cusp_mgga_3x16,fc,2,0,3.250000,0.24256011282324863,0.250462070438396
deep_cusp_mgga_3x16,fc,2,0,3.275000,0.24145637770944728,0.24947151800058348
deep_cusp_mgga_3x16,fc,2,0,3.300000,0.2403638258624915,0.24849087546631324
deep_cusp_mgga_3x16,fc,2,0,3.325000,0.23928248438609057,0.247520002380961
deep_cusp_mgga_3x16,fc,2,0,3.350000,0.23821237468990109,0.2465587604789098
deep_cusp_mgga_3x16,fc,2,0,3.375000,0.23715351251916128,0.24560701366149937
deep_cusp_mgga_3x16,fc,2,0,3.400000,0.23610590800967857,0.244664627974014
deep_cusp_mgga_3x16,fc,2,0,3.425000,0.23506956576533333,0.2437314715818238
deep_cusp_mgga_3x16,fc,2,0,3.450000,0.23404448495539298,0.24280741474578352
deep_cusp_mgga_3x16,fc,2,0,3.475000,0.23303065942908008,0.24189232979698927
deep_cusp_mgga_3x16,fc,2,0,3.500000,0.23202807784499324,0.24098609111097882
deep_cusp_mgga_3x16,fc,2,0,3.525000,0.23103672381313622,0.24008857508146478
deep_cusp_mgga_3x16,fc,2,0,3.550000,0.23005657604747864,0.23919966009367097
deep_cusp_mgga_3x16,fc,2,0,3.575000,0.22908760852713295,0.23831922649734727
deep_cusp_mgga_3x16,fc,2,0,3.600000,0.22812979066439187,0.23744715657952747
deep_cusp_mgga_3x16,fc,2,0,3.625000,0.22718308747803562,0.23658333453708694
deep_cusp_mgga_3x16,fc,2,0,3.650000,0.22624745977045702,0.23572764644915917
deep_cusp_mgga_3x16,fc,2,0,3.675000,0.22532286430730908,0.23487998024945925
deep_cusp_mgga_3x16,fc,2,0,3.700000,0.22440925399851697,0.23404022569856114
deep_cusp_mgga_3x16,fc,2,0,3.725000,0.22350657807961205,0.23320827435617125
deep_cusp_mgga_3x16,fc,2,0,3.750000,0.22261478229249043,0.2323840195534376
deep_cusp_mgga_3x16,fc,2,0,3.775000,0.22173380906478846,0.23156735636532824
deep_cusp_mgga_3x16,fc,2,0,3.800000,0.22086359768718844,0.2307581815831134
deep_cusp_mgga_3x16,fc,2,0,3.825000,0.22000408448805575,0.2299563936869787
deep_cusp_mgga_3x16,fc,2,0,3.850000,0.21915520300489755,0.22916189281879717
deep_cusp_mgga_3x16,fc,2,0,3.875000,0.21831688415221784,0.22837458075508446
deep_cusp_mgga_3x16,fc,2,0,3.900000,0.2174890563854066,0.22759436088015705
deep_cusp_mgga_3x16,fc,2,0,3.925000,0.21667164586038012,0.22682113815951563
deep_cusp_mgga_3x16,fc,2,0,3.950000,0.21586457658873082,0.22605481911346947
deep_cusp_mgga_3x16,fc,2,0,3.975000,0.21506777058821502,0.22529531179101767
deep_cusp_mgga_3x16,fc,2,0,4.000000,0.21428114802843967,0.22454252574400185
deep_cusp_mgga_3x16,fc,2,0,4.025000,0.21350462737165554,0.22379637200154323
deep_cusp_mgga_3x16,fc,2,0,4.050000,0.21273812550860582,0.22305676304477295
deep_cusp_mgga_3x16,fc,2,0,4.075000,0.21198155788939488,0.2223236127818666
deep_cusp_mgga_3x16,fc,2,0,4.100000,0.21123483864939285,0.22159683652339265
deep_cusp_mgga_3x16,fc,2,0,4.125000,0.21049788073018894,0.2208763509579786
deep_cusp_mgga_3x16,fc,2,0,4.150000,0.2097705959956505,0.22016207412830358
deep_cusp_mgga_3x16,fc,2,0,4.175000,0.20905289534314409,0.21945392540742137
deep_cusp_mgga_3x16,fc,2,0,4.200000,0.20834468881000345,0.2187518254754187
deep_cusp_mgga_3x16,fc,2,0,4.225000,0.20764588567532738,0.2180556962964114
deep_cusp_mgga_3x16,fc,2,0,4.250000,0.2069563945572147,0.21736546109588067
deep_cusp_mgga_3x16,fc,2,0,4.275000,0.20627612350554037,0.2166810443383531
deep_cusp_mgga_3x16,fc,2,0,4.300000,0.20560498009038986,0.21600237170542338
deep_cusp_mgga_3x16,fc,2,0,4.325000,0.2049428714862711,0.2153293700741224
deep_cusp_mgga_3x16,fc,2,0,4.350000,0.2042897045522254,0.21466196749562855
deep_cusp_mgga_3x16,fc,2,0,4.375000,0.20364538590796788,0.21400009317432347
deep_cusp_mgga_3x16,fc,2,0,4.400000,0.2030098220061799,0.21334367744719182
deep_cusp_mgga_3x16,fc,2,0,4.425000,0.20238291920108442,0.212692651763561
deep_cusp_mgga_3x16,fc,2,0,4.450000,0.20176458381343232,0.2120469486651822
deep_cusp_mgga_3x16,fc,2,0,4.475000,0.20115472219202646,0.211406501766649
deep_cusp_mgga_3x16,fc,2,0,4.500000,0.2005532407719084,0.21077124573615202
deep_cusp_mgga_3x16,fc,2,0,4.525000,0.19996004612934026,0.21014111627656573
deep_cusp_mgga_3x16,fc,2,0,4.550000,0.19937504503368908,0.20951605010686644
deep_cusp_mgga_3x16,fc,2,0,4.575000,0.19879814449635314,0.20889598494387676
deep_cusp_mgga_3x16,fc,2,0,4.600000,0.19822925181683215,0.20828085948433367
deep_cusp_mgga_3x16,fc,2,0,4.625000,0.19766827462606928,0.2076706133872779
deep_cusp_mgga_3x16,fc,2,0,4.650000,0.19711512092716454,0.2070651872567583
deep_cusp_mgga_3x16,fc,2,0,4.675000,0.1965696991335837,0.20646452262485057
deep_cusp_mgga_3x16,fc,2,0,4.700000,0.1960319181049558,0.20586856193498426
deep_cusp_mgga_3x16,fc,2,0,4.725000,0.19550168718057181,0.20527724852557444
deep_cusp_mgga_3x16,fc,2,0,4.750000,0.19497891621068086,0.20469052661395523
deep_cusp_mgga_3x16,fc,2,0,4.775000,0.19446351558567976,0.20410834128060876
deep_cusp_mgga_3x16,fc,2,0,4.800000,0.19395539626329195,0.20353063845368755
deep_cusp_mgga_3x16,fc,2,0,4.825000,0.19345446979382896,0.2029573648938246
deep_cusp_mgga_3x16,fc,2,0,4.850000,0.1929606483436137,0.20238846817922718
deep_cusp_mgga_3x16,fc,2,0,4.875000,0.19247384471665852,0.20182389669105044
deep_cusp_mgga_3x16,fc,2,0,4.900000,0.19199397237467775,0.2012635995990459
deep_cusp_mgga_3x16,fc,2,0,4.925000,0.19152094545550657,0.2007075268474808
deep_cusp_mgga_3x16,fc,2,0,4.950000,0.19105467879001226,0.20015562914132293
deep_cusp_mgga_3x16,fc,2,0,4.975000,0.19059508791756063,0.19960785793268823
deep_cusp_mgga_3x16,fc,2,0,5.000000,0.1901420891001151,0.1990641654075457
deep_cusp_mgga_3x16,fc,2,0,5.025000,0.18969559933503055,0.19852450447267503
deep_cusp_mgga_3x16,fc,2,0,5.050000,0.1892555363666084,0.19798882874287285
deep_cusp_mgga_3x16,fc,2,0,5.075000,0.18882181869647596,0.19745709252840385
deep_cusp_mgga_3x16,fc,2,0,5.100000,0.18839436559284672,0.19692925082269164
deep_cusp_mgga_3x16,fc,2,0,5.125000,0.1879730970987199,0.196405259290245
deep_cusp_mgga_3x16,fc,2,0,5.150000,0.18755793403907595,0.19588507425481655
deep_cusp_mgga_3x16,fc,2,0,5.175000,0.18714879802711737,0.19536865268778786
deep_cusp_mgga_3x16,fc,2,0,5.200000,0.18674561146960467,0.1948559521967777
deep_cusp_mgga_3x16,fc,2,0,5.225000,0.18634829757134086,0.19434693101446987
deep_cusp_mgga_3x16,fc,2,0,5.250000,0.1859567803388411,0.19384154798765593
deep_cusp_mgga_3x16,fc,2,0,5.275000,0.18557098458324328,0.19333976256648758
deep_cusp_mgga_3x16,fc,2,0,5.300000,0.18519083592249053,0.1928415347939379
deep_cusp_mgga_3x16,fc,2,0,5.325000,0.18481626078283309,0.1923468252954638
deep_cusp_mgga_3x16,fc,2,0,5.350000,0.18444718639968616,0.19185559526886803
deep_cusp_mgga_3x16,fc,2,0,5.375000,0.1840835408178777,0.19136780647435758
deep_cusp_mgga_3x16,fc,2,0,5.400000,0.18372525289132768,0.1908834212247919
deep_cusp_mgga_3x16,fc,2,0,5.425000,0.1833722522821848,0.1904024023761197
deep_cusp_mgga_3x16,fc,2,0,5.450000,0.1830244694594575,0.18992471331800037
deep_cusp_mgga_3x16,fc,2,0,5.475000,0.18268183569717134,0.1894503179646045
deep_cusp_mgga_3x16,fc,2,0,5.500000,0.18234428307207395,0.18897918074559295
deep_cusp_mgga_3x16,fc,2,0,5.525000,0.18201174446092705,0.18851126659726813
deep_cusp_mgga_3x16,fc,2,0,5.550000,0.18168415353740064,0.18804654095389647
deep_cusp_mgga_3x16,fc,2,0,5.575000,0.1813614447686025,0.18758496973919642
deep_cusp_mgga_3x16,fc,2,0,5.600000,0.18104355341126377,0.18712651935799052
deep_cusp_mgga_3x16,fc,2,0,5.625000,0.18073041550760482,0.1866711566880177
deep_cusp_mgga_3x16,fc,2,0,5.650000,0.18042196788090092,0.18621884907190214
deep_cusp_mgga_3x16,fc,2,0,5.675000,0.18011814813077232,0.18576956430927574
deep_cusp_mgga_3x16,fc,2,0,5.700000,0.17981889462821532,0.18532327064905213
deep_cusp_mgga_3x16,fc,2,0,5.725000,0.1795241465103956,0.1848799367818472
deep_cusp_mgga_3x16,fc,2,0,5.750000,0.17923384367521744,0.1844395318325446
deep_cusp_mgga_3x16,fc,2,0,5.775000,0.1789479267756926,0.18400202535300478
deep_cusp_mgga_3x16,fc,2,0,5.800000,0.1786663372141195,0.18356738731490982
deep_cusp_mgga_3x16,fc,2,0,5.825000,0.17838901713609,0.18313558810274683
deep_cusp_mgga_3x16,fc,2,0,5.850000,0.1781159094243372,0.18270659850692378
deep_cusp_mgga_3x16,fc,2,0,5.875000,0.17784695769244196,0.18228038971701582
deep_cusp_mgga_3x16,fc,2,0,5.900000,0.17758210627840587,0.18185693331514038
deep_cusp_mgga_3x16,fc,2,0,5.925000,0.17732130023810655,0.18143620126945664
deep_cusp_mgga_3x16,fc,2,0,5.950000,0.1770644853386456,0.18101816592778855
deep_cusp_mgga_3x16,fc,2,0,5.975000,0.1768116080516049,0.18060280001136791
deep_cusp_mgga_3x16,fc,2,0,6.000000,0.17656261554621033,0.18019007660869604
deep_cusp_mgga_3x16,fc,5,0,0.000000,0.5629071922811475,0.5544857754313772
deep_cusp_mgga_3x16,fc,5,0,0.025000,0.5629022860760101,0.5544267190341762
deep_cusp_mgga_3x16,fc,5,0,0.050000,0.5628684642011325,0.5542497120954382
deep_cusp_mgga_3x16,fc,5,0,0.075000,0.5627783398053029,0.553955240085491
deep_cusp_mgga_3x16,fc,5,0,0.100000,0.5626064487655668,0.5535441078476212
deep_cusp_mgga_3x16,fc,5,0,0.125000,0.5623296177423883,0.5530174332576545
deep_cusp_mgga_3x16,fc,5,0,0.150000,0.5619273915043114,0.5523766384864307
deep_cusp_mgga_3x16,fc,5,0,0.175000,0.5613824761076156,0.5516234389999005
deep_cusp_mgga_3x16,fc,5,0,0.200000,0.5606811525927464,0.5507598304640728
deep_cusp_mgga_3x16,fc,5,0,0.225000,0.559813617186232,0.5497880737503587
deep_cusp_mgga_3x16,fc,5,0,0.250000,0.5587742093502881,0.5487106782603984
deep_cusp_mgga_3x16,fc,5,0,0.275000,0.5575614983947527,0.5475303838078052
deep_cusp_mgga_3x16,fc,5,0,0.300000,0.5561782118606012,0.5462501413071461
deep_cusp_mgga_3x16,fc,5,0,0.325000,0.5546310028229432,0.5448730925278805
deep_cusp_mgga_3x16,fc,5,0,0.350000,0.5529300665437639,0.54340254917295
deep_cusp_mgga_3x16,fc,5,0,0.375000,0.5510886275669487,0.5418419715385733
deep_cusp_mgga_3x16,fc,5,0,0.400000,0.5491223251628624,0.5401949470039137
deep_cusp_mgga_3x16,fc,5,0,0.425000,0.5470485279101291,0.5384651685871872
deep_cusp_mgga_3x16,fc,5,0,0.450000,0.5448856081838499,0.5366564137890562
deep_cusp_mgga_3x16,fc,5,0,0.475000,0.5426522060451444,0.5347725239254726
deep_cusp_mgga_3x16,fc,5,0,0.500000,0.5403665109088643,0.5328173841311602
deep_cusp_mgga_3x16,fc,5,0,0.525000,0.538045588836913,0.5307949041923599
deep_cusp_mgga_3x16,fc,5,0,0.550000,0.5357047825994372,0.5287090003439469
deep_cusp_mgga_3x16,fc,5,0,0.575000,0.533357209316579,0.5265635781422086
deep_cusp_mgga_3x16,fc,5,0,0.600000,0.5310133754009699,0.5243625165009729
deep_cusp_mgga_3x16,fc,5,0,0.625000,0.5286809207238187,0.5221096529559254
deep_cusp_mgga_3x16,fc,5,0,0.650000,0.5263644948843563,0.519808770200247
deep_cusp_mgga_3x16,fc,5,0,0.675000,0.5240657604003728,0.517463583914472
deep_cusp_mgga_3x16,fc,5,0,0.700000,0.5217835124571562,0.5150777318949817
deep_cusp_mgga_3x16,fc,5,0,0.725000,0.5195139032213388,0.5126547644689723
deep_cusp_mgga_3x16,fc,5,0,0.750000,0.5172507598416175,0.5101981361691884
deep_cusp_mgga_3x16,fc,5,0,0.775000,0.5149859873118078,0.5077111986292233
deep_cusp_mgga_3x16,fc,5,0,0.800000,0.5127100483765548,0.5051971946497459
deep_cusp_mgga_3x16,fc,5,0,0.825000,0.5104125112001479,0.5026592533775737
deep_cusp_mgga_3x16,fc,5,0,0.850000,0.5080826511459463,0.5001003865329368
deep_cusp_mgga_3x16,fc,5,0,0.875000,0.5057100862610161,0.4975234856154844
deep_cusp_mgga_3x16,fc,5,0,0.900000,0.5032854181951308,0.49493132001638257
deep_cusp_mgga_3x16,fc,5,0,0.925000,0.5008008429572828,0.4923265359621072
deep_cusp_mgga_3x16,fc,5,0,0.950000,0.4982506908227792,0.4897116562150498
deep_cusp_mgga_3x16,fc,5,0,0.975000,0.49563185331574966,0.48708908045668386
deep_cusp_mgga_3x16,fc,5,0,1.000000,0.4929440585371432,0.4844610862805865
deep_cusp_mgga_3x16,fc,5,0,1.025000,0.4901899646357927,0.4818298307249389
deep_cusp_mgga_3x16,fc,5,0,1.050000,0.48737505468063325,0.47919735227706733
deep_cusp_mgga_3x16,fc,5,0,1.075000,0.48450733355322595,0.47656557328600857
deep_cusp_mgga_3x16,fc,5,0,1.100000,0.4815968469041858,0.4739363027228544
deep_cusp_mgga_3x16,fc,5,0,1.125000,0.47865506117472056,0.471311239232641
deep_cusp_mgga_3x16,fc,5,0,1.150000,0.4756941592678672,0.4686919744256981
deep_cusp_mgga_3x16,fc,5,0,1.175000,0.4727263159135401,0.46607999636058217
deep_cusp_mgga_3x16,fc,5,0,1.200000,0.46976301817241795,0.46347669317490353
deep_cusp_mgga_3x16,fc,5,0,1.225000,0.46681448932467084,0.46088335682447545
deep_cusp_mgga_3x16,fc,5,0,1.250000,0.46388925970959893,0.45830118689520055
deep_cusp_mgga_3x16,fc,5,0,1.275000,0.4609939085135195,0.45573129445594024
deep_cusp_mgga_3x16,fc,5,0,1.300000,0.4581329794944722,0.45317470592425413
deep_cusp_mgga_3x16,fc,5,0,1.325000,0.45530905464666094,0.45063236692032244
deep_cusp_mgga_3x16,fc,5,0,1.350000,0.4525229555350445,0.44810514608757446
deep_cusp_mgga_3x16,fc,5,0,1.375000,0.4497740338973172,0.44559383886151827
deep_cusp_mgga_3x16,fc,5,0,1.400000,0.4470605111888498,0.44309917117101477
deep_cusp_mgga_3x16,fc,5,0,1.425000,0.4443798300154782,0.44062180305874216
deep_cusp_mgga_3x16,fc,5,0,1.450000,0.44172898720702203,0.43816233220989076
deep_cusp_mgga_3x16,fc,5,0,1.475000,0.4391048268312988,0.4357212973801876
deep_cusp_mgga_3x16,fc,5,0,1.500000,0.43650428016367004,0.4332991817162094
deep_cusp_mgga_3x16,fc,5,0,1.525000,0.43392454737943664,0.4308964159626009
deep_cusp_mgga_3x16,fc,5,0,1.550000,0.4313632218840189,0.4285133815522881
deep_cusp_mgga_3x16,fc,5,0,1.575000,0.4288183625247497,0.42615041357707084
deep_cusp_mgga_3x16,fc,5,0,1.600000,0.4262885215336787,0.4238078036371223
deep_cusp_mgga_3x16,fc,5,0,1.625000,0.42377273721055064,0.42148580256890444
deep_cusp_mgga_3x16,fc,5,0,1.650000,0.4212705004212802,0.4191846230518673
deep_cusp_mgga_3x16,fc,5,0,1.675000,0.418781703310668,0.4169044420950267
deep_cusp_mgga_3x16,fc,5,0,1.700000,0.41630657751396405,0.41464540340513245
deep_cusp_mgga_3x16,fc,5,0,1.725000,0.41384562784029655,0.4124076196386569
deep_cusp_mgga_3x16,fc,5,0,1.750000,0.4113995660646401,0.41019117454025883
deep_cusp_mgga_3x16,fc,5,0,1.775000,0.40896924821676905,0.40799612497072657
deep_cusp_mgga_3x16,fc,5,0,1.800000,0.40655561766000625,0.40582250282767435
deep_cusp_mgga_3x16,fc,5,0,1.825000,0.40415965533825604,0.40367031686248195
deep_cusp_mgga_3x16,fc,5,0,1.850000,0.4017823378408035,0.4015395543971219
deep_cusp_mgga_3x16,fc,5,0,1.875000,0.39942460337910535,0.39943018294462707
deep_cusp_mgga_3x16,fc,5,0,1.900000,0.39708732536808244,0.39734215173701826
deep_cusp_mgga_3x16,fc,5,0,1.925000,0.3947712930323122,0.3952753931645421
deep_cusp_mgga_3x16,fc,5,0,1.950000,0.39247719829053007,0.3932298241300676
deep_cusp_mgga_3x16,fc,5,0,1.975000,0.39020562808708104,0.3912053473224654
deep_cusp_mgga_3x16,fc,5,0,2.000000,0.3879570613159967,0.3892018524127446
deep_cusp_mgga_3x16,fc,5,0,2.025000,0.3857318695049552,0.387219217176654
deep_cusp_mgga_3x16,fc,5,0,2.050000,0.38353032047823543,0.38525730854737456
deep_cusp_mgga_3x16,fc,5,0,2.075000,0.3813525842886376,0.38331598360183616
deep_cusp_mgga_3x16,fc,5,0,2.100000,0.3791987407894477,0.3813950904840865
deep_cusp_mgga_3x16,fc,5,0,2.125000,0.37706878830237023,0.3794944692690332
deep_cusp_mgga_3x16,fc,5,0,2.150000,0.3749626529212895,0.3776139527697599
deep_cusp_mgga_3x16,fc,5,0,2.175000,0.3728801980714789,0.3757533672915002
deep_cusp_mgga_3x16,fc,5,0,2.200000,0.37082123401748446,0.3739125333352315
deep_cusp_mgga_3x16,fc,5,0,2.225000,0.368785527079154,0.3720912662537262
deep_cusp_mgga_3x16,fc,5,0,2.250000,0.36677280837368054,0.3702893768627755
deep_cusp_mgga_3x16,fc,5,0,2.275000,0.3647827819520366,0.3685066720101793
deep_cusp_mgga_3x16,fc,5,0,2.300000,0.3628151322411173,0.366742955104975
deep_cusp_mgga_3x16,fc,5,0,2.325000,0.36086953073871886,0.36499802660925884
deep_cusp_mgga_3x16,fc,5,0,2.350000,0.3589456419378527,0.3632716844948376
deep_cusp_mgga_3x16,fc,5,0,2.375000,0.35704312848047703,0.36156372466683856
deep_cusp_mgga_3x16,fc,5,0,2.400000,0.3551616555592052,0.3598739413562909
deep_cusp_mgga_3x16,fc,5,0,2.425000,0.35330089459964364,0.3582021274835926
deep_cusp_mgga_3x16,fc,5,0,2.450000,0.35146052626631574,0.3565480749946682
deep_cusp_mgga_3x16,fc,5,0,2.475000,0.34964024284227047,0.35491157517153077
deep_cusp_mgga_3x16,fc,5,0,2.500000,0.347839750036979,0.3532924189188632
deep_cusp_mgga_3x16,fc,5,0,2.525000,0.3460587682794356,0.35169039702814436
deep_cusp_mgga_3x16,fc,5,0,2.550000,0.3442970335539858,0.35010530042076193
deep_cusp_mgga_3x16,fc,5,0,2.575000,0.3425542978355961,0.3485369203714671
deep_cusp_mgga_3x16,fc,5,0,2.600000,0.3408303291794158,0.3469850487134535
deep_cusp_mgga_3x16,fc,5,0,2.625000,0.3391249115168167,0.3454494780262607
deep_cusp_mgga_3x16,fc,5,0,2.650000,0.337437844206842,0.3439300018076401
deep_cusp_mgga_3x16,fc,5,0,2.675000,0.3357689413883641,0.3424264146304455
deep_cusp_mgga_3x16,fc,5,0,2.700000,0.33411803117438166,0.3409385122855547
deep_cusp_mgga_3x16,fc,5,0,2.725000,0.33248495472588835,0.339466091911759
deep_cusp_mgga_3x16,fc,5,0,2.750000,0.3308695652387872,0.3380089521135095
deep_cusp_mgga_3x16,fc,5,0,2.775000,0.3292717268733789,0.3365668930673474
deep_cusp_mgga_3x16,fc,5,0,2.800000,0.3276913136522107,0.33513971661779945
deep_cusp_mgga_3x16,fc,5,0,2.825000,0.3261282083484581,0.3337272263634682
deep_cusp_mgga_3x16,fc,5,0,2.850000,0.3245823013836564,0.3323292277340013
deep_cusp_mgga_3x16,fc,5,0,2.875000,0.3230534897504642,0.330945528058585
deep_cusp_mgga_3x16,fc,5,0,2.900000,0.3215416759732792,0.32957593662656054
deep_cusp_mgga_3x16,fc,5,0,2.925000,0.3200467671169054,0.32822026474072796
deep_cusp_mgga_3x16,fc,5,0,2.950000,0.3185686738511456,0.3268783257638657
deep_cusp_mgga_3x16,fc,5,0,2.975000,0.3171073095770919,0.3255499351589587
deep_cusp_mgga_3x16,fc,5,0,3.000000,0.31566258961905724,0.32423491052359754
deep_cusp_mgga_3x16,fc,5,0,3.025000,0.3142344304845057,0.3229330716189806
deep_cusp_mgga_3x16,fc,5,0,3.050000,0.31282274919295217,0.3216442403939239
deep_cusp_mgga_3x16,fc,5,0,3.075000,0.31142746267364874,0.32036824100425537
deep_cusp_mgga_3x16,fc,5,0,3.100000,0.3100484872309115,0.31910489982794765
deep_cusp_mgga_3x16,fc,5,0,3.125000,0.30868573807514044,0.317854045476318
deep_cusp_mgga_3x16,fc,5,0,3.150000,0.30733912891695636,0.3166155088016044
deep_cusp_mgga_3x16,fc,5,0,3.175000,0.30600857162139106,0.31538912290120497
deep_cusp_mgga_3x16,fc,5,0,3.200000,0.30469397591869773,0.31417472311884825
deep_cusp_mgga_3x16,fc,5,0,3.225000,0.30339524916810123,0.3129721470429461
deep_cusp_mgga_3x16,fc,5,0,3.250000,0.3021122961706404,0.31178123450236195
deep_cusp_mgga_3x16,fc,5,0,3.275000,0.3008450190271893,0.31060182755981197
deep_cusp_mgga_3x16,fc,5,0,3.300000,0.2995933170377335,0.30943377050310267
deep_cusp_mgga_3x16,fc,5,0,3.325000,0.29835708663802163,0.30827690983439354
deep_cusp_mgga_3x16,fc,5,0,3.350000,0.29713622136981943,0.3071310942576613
deep_cusp_mgga_3x16,fc,5,0,3.375000,0.29593061188112324,0.3059961746645293
deep_cusp_mgga_3x16,fc,5,0,3.400000,0.294740145952858,0.30487200411861487
deep_cusp_mgga_3x16,fc,5,0,3.425000,0.2935647085487556,0.30375843783853723
deep_cusp_mgga_3x16,fc,5,0,3.450000,0.2924041818853347,0.3026553331797168
deep_cusp_mgga_3x16,fc,5,0,3.475000,0.2912584455190852,0.30156254961508944
deep_cusp_mgga_3x16,fc,5,0,3.500000,0.29012737644819264,0.30047994871484934
deep_cusp_mgga_3x16,fc,5,0,3.525000,0.2890108492263461,0.29940739412532796
deep_cusp_mgga_3x16,fc,5,0,3.550000,0.2879087360863838,0.29834475154710355
deep_cusp_mgga_3x16,fc,5,0,3.575000,0.28682090707174157,0.297291888712437
deep_cusp_mgga_3x16,fc,5,0,3.600000,0.2857472301738606,0.2962486753621153
deep_cusp_mgga_3x16,fc,5,0,3.625000,0.28468757147391566,0.29521498322178275
deep_cusp_mgga_3x16,fc,5,0,3.650000,0.2836417952873874,0.29419068597783077
deep_cusp_mgga_3x16,fc,5,0,3.675000,0.2826097643101855,0.2931756592529155
deep_cusp_mgga_3x16,fc,5,0,3.700000,0.2815913397651849,0.29216978058116344
deep_cusp_mgga_3x16,fc,5,0,3.725000,0.2805863815481753,0.2911729293831231
deep_cusp_mgga_3x16,fc,5,0,3.750000,0.2795947483723731,0.2901849869405158
deep_cusp_mgga_3x16,fc,5,0,3.775000,0.2786162979107589,0.2892058363708347
deep_cusp_mgga_3x16,fc,5,0,3.800000,0.2776508869356136,0.28823536260183585
deep_cusp_mgga_3x16,fc,5,0,3.825000,0.27669837145474263,0.28727345234596335
deep_cusp_mgga_3x16,fc,5,0,3.850000,0.27575860684395415,0.28631999407474723
deep_cusp_mgga_3x16,fc,5,0,3.875000,0.2748314479754419,0.2853748779932082
deep_cusp_mgga_3x16,fc,5,0,3.900000,0.2739167493418131,0.2844379960143012
deep_cusp_mgga_3x16,fc,5,0,3.925000,0.2730143651755361,0.283509241733428
deep_cusp_mgga_3x16,fc,5,0,3.950000,0.27212414956367237,0.28258851040304445
deep_cusp_mgga_3x16,fc,5,0,3.975000,0.27124595655778383,0.2816756989073878
deep_cusp_mgga_3x16,fc,5,0,4.000000,0.2703796402789631,0.2807707057373459
deep_cusp_mgga_3x16,fc,5,0,4.025000,0.2695250550179624,0.2798734309654892
deep_cusp_mgga_3x16,fc,5,0,4.050000,0.2686820553304412,0.27898377622128206
deep_cusp_mgga_3x16,fc,5,0,4.075000,0.26785049612736733,0.2781016446664924
deep_cusp_mgga_3x16,fc,5,0,4.100000,0.2670302327606393,0.2772269409708137
deep_cusp_mgga_3x16,fc,5,0,4.125000,0.26622112110401264,0.2763595712877112
deep_cusp_mgga_3x16,fc,5,0,4.150000,0.2654230176294293,0.2754994432305072
deep_cusp_mgga_3x16,fc,5,0,4.175000,0.26463577947886086,0.2746464658487141
deep_cusp_mgga_3x16,fc,5,0,4.200000,0.2638592645317941,0.273800549604625
deep_cusp_mgga_3x16,fc,5,0,4.225000,0.2630933314684827,0.2729616063501716
deep_cusp_mgga_3x16,fc,5,0,4.250000,0.2623378398291064,0.27212954930405386
deep_cusp_mgga_3x16,fc,5,0,4.275000,0.26159265006898025,0.2713042930291521
deep_cusp_mgga_3x16,fc,5,0,4.300000,0.26085762360995024,0.270485753410222
deep_cusp_mgga_3x16,fc,5,0,4.325000,0.2601326228881329,0.269673847631881
deep_cusp_mgga_3x16,fc,5,0,4.350000,0.25941751139812874,0.26886849415688896
deep_cusp_mgga_3x16,fc,5,0,4.375000,0.25871215373387324,0.26806961270472474
deep_cusp_mgga_3x16,fc,5,0,4.400000,0.2580164156262499,0.26727712423046274
deep_cusp_mgga_3x16,fc,5,0,4.425000,0.25733016397762487,0.26649095090395186
deep_cusp_mgga_3x16,fc,5,0,4.450000,0.25665326689342627,0.26571101608929615
deep_cusp_mgga_3x16,fc,5,0,4.475000,0.25598559371091945,0.2649372443246392
deep_cusp_mgga_3x16,fc,5,0,4.500000,0.2553270150252973,0.2641695613022536
deep_cusp_mgga_3x16,fc,5,0,4.525000,0.25467740271322437,0.26340789384893337
deep_cusp_mgga_3x16,fc,5,0,4.550000,0.2540366299539589,0.2626521699066897
deep_cusp_mgga_3x16,fc,5,0,4.575000,0.25340457124816673,0.2619023185137512
deep_cusp_mgga_3x16,fc,5,0,4.600000,0.252781102434557,0.2611582697858629
deep_cusp_mgga_3x16,fc,5,0,4.625000,0.2521661007044418,0.260419954897888
deep_cusp_mgga_3x16,fc,5,0,4.650000,0.251559444614335,0.25968730606570634
deep_cusp_mgga_3x16,fc,5,0,4.675000,0.25096101409669425,0.25896025652840965
deep_cusp_mgga_3x16,fc,5,0,4.700000,0.25037069046890714,0.25823874053079116
deep_cusp_mgga_3x16,fc,5,0,4.725000,0.24978835644061692,0.257522693306127
deep_cusp_mgga_3x16,fc,5,0,4.750000,0.24921389611948364,0.25681205105924626
deep_cusp_mgga_3x16,fc,5,0,4.775000,0.24864719501546662,0.2561067509498882
deep_cusp_mgga_3x16,fc,5,0,4.800000,0.24808814004371837,0.25540673107634243
deep_cusp_mgga_3x16,fc,5,0,4.825000,0.24753661952616457,0.25471193045936924
deep_cusp_mgga_3x16,fc,5,0,4.850000,0.24699252319185627,0.2540222890263985
deep_cusp_mgga_3x16,fc,5,0,4.875000,0.24645574217616106,0.2533377475960011
deep_cusp_mgga_3x16,fc,5,0,4.900000,0.245926169018869,0.25265824786263147
deep_cusp_mgga_3x16,fc,5,0,4.925000,0.245403697661282,0.25198373238163874
deep_cusp_mgga_3x16,fc,5,0,4.950000,0.24488822344234706,0.2513141445545391
deep_cusp_mgga_3x16,fc,5,0,4.975000,0.24437964309389826,0.2506494286145507
deep_cusp_mgga_3x16,fc,5,0,5.000000,0.24387785473506574,0.24998952961238374
deep_cusp_mgga_3x16,fc,5,0,5.025000,0.24338275786590602,0.24933439340228428
deep_cusp_mgga_3x16,fc,5,0,5.050000,0.24289425336030934,0.24868396662832676
deep_cusp_mgga_3x16,fc,5,0,5.075000,0.2424122434582323,0.24803819671095262
deep_cusp_mgga_3x16,fc,5,0,5.100000,0.24193663175730562,0.24739703183375045
deep_cusp_mgga_3x16,fc,5,0,5.125000,0.241467323203859,0.2467604209304745
deep_cusp_mgga_3x16,fc,5,0,5.150000,0.2410042240834146,0.24612831367229768
deep_cusp_mgga_3x16,fc,5,0,5.175000,0.24054724201068012,0.24550066045529495
deep_cusp_mgga_3x16,fc,5,0,5.200000,0.24009628591908672,0.24487741238815436
deep_cusp_mgga_3x16,fc,5,0,5.225000,0.23965126604990905,0.2442585212801106
deep_cusp_mgga_3x16,fc,5,0,5.250000,0.23921209394099874,0.2436439396290991
deep_cusp_mgga_3x16,fc,5,0,5.275000,0.23877868241516964,0.2430336206101252
deep_cusp_mgga_3x16,fc,5,0,5.300000,0.2383509455682593,0.24242751806384624
deep_cusp_mgga_3x16,fc,5,0,5.325000,0.23792879875690431,0.24182558648536162
deep_cusp_mgga_3x16,fc,5,0,5.350000,0.23751215858605512,0.24122778101320994
deep_cusp_mgga_3x16,fc,5,0,5.375000,0.23710094289625083,0.24063405741856464
deep_cusp_mgga_3x16,fc,5,0,5.400000,0.23669507075068852,0.24004437209462973
deep_cusp_mgga_3x16,fc,5,0,5.425000,0.2362944624221065,0.23945868204623016
deep_cusp_mgga_3x16,fc,5,0,5.450000,0.23589903937950385,0.23887694487959177
deep_cusp_mgga_3x16,fc,5,0,5.475000,0.2355087242747177,0.23829911879231044
deep_cusp_mgga_3x16,fc,5,0,5.500000,0.2351234409288777,0.2377251625635044
deep_cusp_mgga_3x16,fc,5,0,5.525000,0.23474311431876027,0.23715503554414796
deep_cusp_mgga_3x16,fc,5,0,5.550000,0.23436767056305507,0.23658869764758303
deep_cusp_mgga_3x16,fc,5,0,5.575000,0.23399703690856288,0.23602610934020468
deep_cusp_mgga_3x16,fc,5,0,5.600000,0.23363114171634414,0.2354672316323175
deep_cusp_mgga_3x16,fc,5,0,5.625000,0.2332699144478233,0.2349120260691614
deep_cusp_mgga_3x16,fc,5,0,5.650000,0.23291328565087632,0.23436045472210015
deep_cusp_mgga_3x16,fc,5,0,5.675000,0.23256118694590244,0.2338124801799742
deep_cusp_mgga_3x16,fc,5,0,5.700000,0.2322135510118989,0.23326806554060975
deep_cusp_mgga_3x16,fc,5,0,5.725000,0.23187031157254756,0.2327271744024856
deep_cusp_mgga_3x16,fc,5,0,5.750000,0.2315314033823268,0.23218977085655232
deep_cusp_mgga_3x16,fc,5,0,5.775000,0.2311967622126554,0.23165581947820052
deep_cusp_mgga_3x16,fc,5,0,5.800000,0.23086632483808056,0.23112528531937732
deep_cusp_mgga_3x16,fc,5,0,5.825000,0.23054002902251614,0.23059813390084713
deep_cusp_mgga_3x16,fc,5,0,5.850000,0.2302178135055425,0.23007433120459309
deep_cusp_mgga_3x16,fc,5,0,5.875000,0.229899617988774,0.22955384366635842
deep_cusp_mgga_3x16,fc,5,0,5.900000,0.22958538312229848,0.2290366381683236
deep_cusp_mgga_3x16,fc,5,0,5.925000,0.229275050491201,0.22852268203191708
deep_cusp_mgga_3x16,fc,5,0,5.950000,0.22896856260217402,0.22801194301075733
deep_cusp_mgga_3x16,fc,5,0,5.975000,0.22866586287021895,0.2275043892837228
deep_cusp_mgga_3x16,fc,5,0,6.000000,0.22836689560544665,0.2269999894481493
deep_cusp_mgga_3x16,fc,0.5,1,0.000000,1.0,0.9999961712608588
deep_cusp_mgga_3x16,fc,0.5,1,0.025000,0.9998924281955363,0.9984184760081829
deep_cusp_mgga_3x16,fc,0.5,1,0.050000,0.9991510632651205,0.9937387158781839
deep_cusp_mgga_3x16,fc,0.5,1,0.075000,0.9971773172940465,0.9861116767855248
deep_cusp_mgga_3x16,fc,0.5,1,0.100000,0.9934201946596848,0.9757790342212942
deep_cusp_mgga_3x16,fc,0.5,1,0.125000,0.9873908891981958,0.9630480921576084
deep_cusp_mgga_3x16,fc,0.5,1,0.150000,0.9786824484524336,0.9482674028443029
deep_cusp_mgga_3x16,fc,0.5,1,0.175000,0.9669949594669899,0.9318027757434102
deep_cusp_mgga_3x16,fc,0.5,1,0.200000,0.9521662476991026,0.9140163849862294
deep_cusp_mgga_3x16,fc,0.5,1,0.225000,0.9342063500022753,0.895250544126424
deep_cusp_mgga_3x16,fc,0.5,1,0.250000,0.9133308363984333,0.8758166137599275
deep_cusp_mgga_3x16,fc,0.5,1,0.275000,0.8899837600488961,0.8559886798683672
deep_cusp_mgga_3x16,fc,0.5,1,0.300000,0.8648367402985523,0.836001162915475
deep_cusp_mgga_3x16,fc,0.5,1,0.325000,0.8387485501430113,0.8160493469631397
deep_cusp_mgga_3x16,fc,0.5,1,0.350000,0.812672761698267,0.7962918591444997
deep_cusp_mgga_3x16,fc,0.5,1,0.375000,0.7875131976467404,0.7768542849414322
deep_cusp_mgga_3x16,fc,0.5,1,0.400000,0.7639501749583667,0.7578332988001893
deep_cusp_mgga_3x16,fc,0.5,1,0.425000,0.7422902207289784,0.7393008761348733
deep_cusp_mgga_3x16,fc,0.5,1,0.450000,0.722411020030081,0.7213083090367803
deep_cusp_mgga_3x16,fc,0.5,1,0.475000,0.703855217357596,0.7038898673741572
deep_cusp_mgga_3x16,fc,0.5,1,0.500000,0.686058159414941,0.6870660316733914
deep_cusp_mgga_3x16,fc,0.5,1,0.525000,0.6686062197358753,0.6708462803055282
deep_cusp_mgga_3x16,fc,0.5,1,0.550000,0.6513843397744753,0.6552314479842513
deep_cusp_mgga_3x16,fc,0.5,1,0.575000,0.6345354823404644,0.6402156916755075
deep_cusp_mgga_3x16,fc,0.5,1,0.600000,0.6182860677417807,0.6257881087693496
deep_cusp_mgga_3x16,fc,0.5,1,0.625000,0.6027790942728415,0.6119340545434856
deep_cusp_mgga_3x16,fc,0.5,1,0.650000,0.5880222557939169,0.598636204225167
deep_cusp_mgga_3x16,fc,0.5,1,0.675000,0.5739465745857916,0.5858754011371419
deep_cusp_mgga_3x16,fc,0.5,1,0.700000,0.5604954649775228,0.5736313276602746
deep_cusp_mgga_3x16,fc,0.5,1,0.725000,0.5476749184994816,0.5618830307776007
deep_cusp_mgga_3x16,fc,0.5,1,0.750000,0.5355473174616184,0.5506093291962164
deep_cusp_mgga_3x16,fc,0.5,1,0.775000,0.5241886125950841,0.5397891246909768
deep_cusp_mgga_3x16,fc,0.5,1,0.800000,0.5136394403332302,0.5294016364695502
deep_cusp_mgga_3x16,fc,0.5,1,0.825000,0.5038747983068489,0.5194265740394319
deep_cusp_mgga_3x16,fc,0.5,1,0.850000,0.4948025281809092,0.5098442612394509
deep_cusp_mgga_3x16,fc,0.5,1,0.875000,0.48628584982001555,0.5006357217351001
deep_cusp_mgga_3x16,fc,0.5,1,0.900000,0.47817642692906914,0.4917827343141886
deep_cusp_mgga_3x16,fc,0.5,1,0.925000,0.47034406045701393,0.4832678647011884
deep_cusp_mgga_3x16,fc,0.5,1,0.950000,0.4626944691032603,0.4750744792826998
deep_cusp_mgga_3x16,fc,0.5,1,0.975000,0.4551734494472338,0.4671867450552573
deep_cusp_mgga_3x16,fc,0.5,1,1.000000,0.44776077784732315,0.4595896192286324
deep_cusp_mgga_3x16,fc,0.5,1,1.025000,0.44045925760906013,0.4522688312072218
deep_cusp_mgga_3x16,fc,0.5,1,1.050000,0.4332837201186728,0.4452108590988182
deep_cusp_mgga_3x16,fc,0.5,1,1.075000,0.42625280688479417,0.4384029024388287
deep_cusp_mgga_3x16,fc,0.5,1,1.100000,0.41938427840166914,0.43183285244791647
deep_cusp_mgga_3x16,fc,0.5,1,1.125000,0.41269320562579326,0.42548926084482935
deep_cusp_mgga_3x16,fc,0.5,1,1.150000,0.406191875823253,0.4193613079997367
deep_cusp_mgga_3x16,fc,0.5,1,1.175000,0.3998903511455747,0.41343877102519516
deep_cusp_mgga_3x16,fc,0.5,1,1.200000,0.3937970031874354,0.40771199225250004
deep_cusp_mgga_3x16,fc,0.5,1,1.225000,0.38791874015209993,0.4021718484230683
deep_cusp_mgga_3x16,fc,0.5,1,1.250000,0.38226091653215977,0.3968097208314555
deep_cusp_mgga_3x16,fc,0.5,1,1.275000,0.37682704925362986,0.39161746658366636
deep_cusp_mgga_3x16,fc,0.5,1,1.300000,0.3716184933811443,0.3865873910775427
deep_cusp_mgga_3x16,fc,0.5,1,1.325000,0.3666342005868296,0.3817122217679804
deep_cusp_mgga_3x16,fc,0.5,1,1.350000,0.36187063171961276,0.3769850832459103
deep_cusp_mgga_3x16,fc,0.5,1,1.375000,0.3573218441888064,0.37239947363429526
deep_cusp_mgga_3x16,fc,0.5,1,1.400000,0.3529797367502423,0.3679492422851587
deep_cusp_mgga_3x16,fc,0.5,1,1.425000,0.3488344117359198,0.36362856874750565
deep_cusp_mgga_3x16,fc,0.5,1,1.450000,0.34487460620261423,0.3594319429658608
deep_cusp_mgga_3x16,fc,0.5,1,1.475000,0.3410881452171145,0.3553541466621454
deep_cusp_mgga_3x16,fc,0.5,1,1.500000,0.3374623784861499,0.3513902358490631
deep_cusp_mgga_3x16,fc,0.5,1,1.525000,0.33398457227672607,0.3475355244205047
deep_cusp_mgga_3x16,fc,0.5,1,1.550000,0.3306422395080183,0.3437855687632761
deep_cusp_mgga_3x16,fc,0.5,1,1.575000,0.3274234004647817,0.3401361533343542
deep_cusp_mgga_3x16,fc,0.5,1,1.600000,0.32431677404336456,0.33658327714859115
deep_cusp_mgga_3x16,fc,0.5,1,1.625000,0.3213119046432533,0.33312314112312563
deep_cusp_mgga_3x16,fc,0.5,1,1.650000,0.31839923296862993,0.329752136226511
deep_cusp_mgga_3x16,fc,0.5,1,1.675000,0.31557012049103395,0.3264668323826388
deep_cusp_mgga_3x16,fc,0.5,1,1.700000,0.31281683757900214,0.3232639680817821
deep_cusp_mgga_3x16,fc,0.5,1,1.725000,0.31013252472700503,0.32014044065345
deep_cusp_mgga_3x16,fc,0.5,1,1.750000,0.30751113525000906,0.31709329715815265
deep_cusp_mgga_3x16,fc,0.5,1,1.775000,0.30494736650837595,0.31411972585759074
deep_cusp_mgga_3x16,fc,0.5,1,1.800000,0.30243658537240226,0.3112170482251605
deep_cusp_mgga_3x16,fc,0.5,1,1.825000,0.29997475234505955,0.3083827114609816
deep_cusp_mgga_3x16,fc,0.5,1,1.850000,0.2975583476045177,0.3056142814778942
deep_cusp_mgga_3x16,fc,0.5,1,1.875000,0.295184301237847,0.30290943632701667
deep_cusp_mgga_3x16,fc,0.5,1,1.900000,0.2928499291222797,0.30026596003350664
deep_cusp_mgga_3x16,fc,0.5,1,1.925000,0.29055287526331974,0.2976817368151027
deep_cusp_mgga_3x16,fc,0.5,1,1.950000,0.2882910609034519,0.29515474565787
deep_cusp_mgga_3x16,fc,0.5,1,1.975000,0.28606264035066786,0.2926830552252958
deep_cusp_mgga_3x16,fc,0.5,1,2.000000,0.28386596322065016,0.2902648190785099
deep_cusp_mgga_3x16,fc,0.5,1,2.025000,0.28169954261932517,0.2878982711869325
deep_cusp_mgga_3x16,fc,0.5,1,2.050000,0.27956202869449087,0.28558172171007484
deep_cusp_mgga_3x16,fc,0.5,1,2.075000,0.27745218693980633,0.28331355303255157
deep_cusp_mgga_3x16,fc,0.5,1,2.100000,0.2753688806276191,0.2810922160356118
deep_cusp_mgga_3x16,fc,0.5,1,2.125000,0.27331105676748324,0.2789162265896511
deep_cusp_mgga_3x16,fc,0.5,1,2.150000,0.27127773502568053,0.2767841622532473
deep_cusp_mgga_3x16,fc,0.5,1,2.175000,0.2692679990905318,0.27469465916527047
deep_cusp_mgga_3x16,fc,0.5,1,2.200000,0.2672809900234546,0.27264640911754634
deep_cusp_mgga_3x16,fc,0.5,1,2.225000,0.2653159011925851,0.2706381567964263
deep_cusp_mgga_3x16,fc,0.5,1,2.250000,0.2633719744416896,0.26866869718241826
deep_cusp_mgga_3x16,fc,0.5,1,2.275000,0.26144849720001784,0.26673687309778743
deep_cusp_mgga_3x16,fc,0.5,1,2.300000,0.2595448002876617,0.2648415728927243
deep_cusp_mgga_3x16,fc,0.5,1,2.325000,0.25766025621513755,0.2629817282613315
deep_cusp_mgga_3x16,fc,0.5,1,2.350000,0.2557942778150687,0.261156312179271
deep_cusp_mgga_3x16,fc,0.5,1,2.375000,0.25394631707804116,0.2593643369554784
deep_cusp_mgga_3x16,fc,0.5,1,2.400000,0.25211586409407905,0.25760485239085973
deep_cusp_mgga_3x16,fc,0.5,1,2.425000,0.25030244602610496,0.25587694403737166
deep_cusp_mgga_3x16,fc,0.5,1,2.450000,0.24850562606257431,0.254179731551325
deep_cusp_mgga_3x16,fc,0.5,1,2.475000,0.24672500231358396,0.25251236713517167
deep_cusp_mgga_3x16,fc,0.5,1,2.500000,0.24496020662866136,0.25087403406241
deep_cusp_mgga_3x16,fc,0.5,1,2.525000,0.24321090332546058,0.24926394528060775
deep_cusp_mgga_3x16,fc,0.5,1,2.550000,0.2414767878271855,0.2476813420878693
deep_cusp_mgga_3x16,fc,0.5,1,2.575000,0.23975758521306068,0.24612549287837895
deep_cusp_mgga_3x16,fc,0.5,1,2.600000,0.2380530486908924,0.244595691952943
deep_cusp_mgga_3x16,fc,0.5,1,2.625000,0.23636295800406004,0.2430912583907152
deep_cusp_mgga_3x16,fc,0.5,1,2.650000,0.23468711778733442,0.2416115349785379
deep_cusp_mgga_3x16,fc,0.5,1,2.675000,0.23302535588701256,0.2401558871945624
deep_cusp_mgga_3x16,fc,0.5,1,2.700000,0.2313775216612053,0.23872370224302325
deep_cusp_mgga_3x16,fc,0.5,1,2.725000,0.22974348427581726,0.23731438813724479
deep_cusp_mgga_3x16,fc,0.5,1,2.750000,0.2281231310110311,0.2359273728281351
deep_cusp_mgga_3x16,fc,0.5,1,2.775000,0.2265163655920419,0.23456210337560698
deep_cusp_mgga_3x16,fc,0.5,1,2.800000,0.2249231065564915,0.23321804516051328
deep_cusp_mgga_3x16,fc,0.5,1,2.825000,0.2233432856696016,0.23189468113484532
deep_cusp_mgga_3x16,fc,0.5,1,2.850000,0.22177684639650042,0.2305915111080737
deep_cusp_mgga_3x16,fc,0.5,1,2.875000,0.22022374243968434,0.2293080510676474
deep_cusp_mgga_3x16,fc,0.5,1,2.900000,0.21868393634804872,0.22804383253178506
deep_cusp_mgga_3x16,fc,0.5,1,2.925000,0.2171573982024786,0.22679840193280637
deep_cusp_mgga_3x16,fc,0.5,1,2.950000,0.21564410438159354,0.22557132002935876
deep_cusp_mgga_3x16,fc,0.5,1,2.975000,0.21414403640999724,0.22436216134599152
deep_cusp_mgga_3x16,fc,0.5,1,3.000000,0.21265717989020816,0.22317051363862328
deep_cusp_mgga_3x16,fc,0.5,1,3.025000,0.21118352351842984,0.2219959773845346
deep_cusp_mgga_3x16,fc,0.5,1,3.050000,0.2097230581833872,0.22083816529559788
deep_cusp_mgga_3x16,fc,0.5,1,3.075000,0.20827577614668913,0.21969670185353313
deep_cusp_mgga_3x16,fc,0.5,1,3.100000,0.2068416703024869,0.21857122286604785
deep_cusp_mgga_3x16,fc,0.5,1,3.125000,0.20542073351366597,0.21746137504278581
deep_cusp_mgga_3x16,fc,0.5,1,3.150000,0.20401295802133246,0.21636681559007237
deep_cusp_mgga_3x16,fc,0.5,1,3.175000,0.20261833492404036,0.21528721182349994
deep_cusp_mgga_3x16,fc,0.5,1,3.200000,0.20123685372291134,0.21422224079745308
deep_cusp_mgga_3x16,fc,0.5,1,3.225000,0.1998685019286548,0.21317158895072427
deep_cusp_mgga_3x16,fc,0.5,1,3.250000,0.19851326472636943,0.21213495176741698
deep_cusp_mgga_3x16,fc,0.5,1,3.275000,0.19717112469398146,0.21111203345237947
deep_cusp_mgga_3x16,fc,0.5,1,3.300000,0.19584206157017947,0.21010254662045394
deep_cusp_mgga_3x16,fc,0.5,1,3.325000,0.19452605206777362,0.2091062119988659
deep_cusp_mgga_3x16,fc,0.5,1,3.350000,0.19322306972850622,0.2081227581421139
deep_cusp_mgga_3x16,fc,0.5,1,3.375000,0.1919330848154701,0.20715192115875722
deep_cusp_mgga_3x16,fc,0.5,1,3.400000,0.1906560642394517,0.20619344444953
deep_cusp_mgga_3x16,fc,0.5,1,3.425000,0.18939197151569176,0.20524707845624146
deep_cusp_mgga_3x16,fc,0.5,1,3.450000,0.1881407667477446,0.20431258042095127
deep_cusp_mgga_3x16,fc,0.5,1,3.475000,0.18690240663531976,0.2033897141549355
deep_cusp_mgga_3x16,fc,0.5,1,3.500000,0.185676844503194,0.20247824981698617
deep_cusp_mgga_3x16,fc,0.5,1,3.525000,0.18446403034848624,0.20157796370060838
deep_cusp_mgga_3x16,fc,0.5,1,3.550000,0.18326391090379757,0.20068863802970538
deep_cusp_mgga_3x16,fc,0.5,1,3.575000,0.18207642971391602,0.19981006076235963
deep_cusp_mgga_3x16,fc,0.5,1,3.600000,0.18090152722398545,0.19894202540234204
deep_cusp_mgga_3x16,fc,0.5,1,3.625000,0.17973914087722254,0.19808433081799626
deep_cusp_mgga_3x16,fc,0.5,1,3.650000,0.1785892052204543,0.1972367810681679
deep_cusp_mgga_3x16,fc,0.5,1,3.675000,0.17745165201590807,0.19639918523485989
deep_cusp_mgga_3x16,fc,0.5,1,3.700000,0.1763264103578588,0.19557135726231661
deep_cusp_mgga_3x16,fc,0.5,1,3.725000,0.17521340679288055,0.19475311580224858
deep_cusp_mgga_3x16,fc,0.5,1,3.750000,0.17411256544259635,0.1939442840649317
deep_cusp_mgga_3x16,fc,0.5,1,3.775000,0.17302380812794538,0.1931446896759194
deep_cusp_mgga_3x16,fc,0.5,1,3.800000,0.17194705449410752,0.1923541645381254
deep_cusp_mgga_3x16,fc,0.5,1,3.825000,0.17088222213533866,0.19157254469904472
deep_cusp_mgga_3x16,fc,0.5,1,3.850000,0.16982922671906597,0.19079967022289113
deep_cusp_mgga_3x16,fc,0.5,1,3.875000,0.16878798210868395,0.19003538506744047
deep_cusp_mgga_3x16,fc,0.5,1,3.900000,0.1677584004845778,0.189279536965381
deep_cusp_mgga_3x16,fc,0.5,1,3.925000,0.1667403924629709,0.18853197730997814
deep_cusp_mgga_3x16,fc,0.5,1,3.950000,0.16573386721226036,0.18779256104487418
deep_cusp_mgga_3x16,fc,0.5,1,3.975000,0.16473873256656546,0.18706114655784864
deep_cusp_mgga_3x16,fc,0.5,1,4.000000,0.16375489513626806,0.18633759557837573
deep_cusp_mgga_3x16,fc,0.5,1,4.025000,0.16278226041536314,0.18562177307881986
deep_cusp_mgga_3x16,fc,0.5,1,4.050000,0.16182073288548904,0.18491354717912353
deep_cusp_mgga_3x16,fc,0.5,1,4.075000,0.16087021611653662,0.18421278905484048
deep_cusp_mgga_3x16,fc,0.5,1,4.100000,0.15993061286376808,0.18351937284838016
deep_cusp_mgga_3x16,fc,0.5,1,4.125000,0.15900182516140848,0.18283317558333598
deep_cusp_mgga_3x16,fc,0.5,1,4.150000,0.1580837544126904,0.18215407708176726
deep_cusp_mgga_3x16,fc,0.5,1,4.175000,0.1571763014763573,0.18148195988432425
deep_cusp_mgga_3x16,fc,0.5,1,4.200000,0.15627936674964826,0.18081670917309653
deep_cusp_mgga_3x16,fc,0.5,1,4.225000,0.15539285024779392,0.18015821269708324
deep_cusp_mgga_3x16,fc,0.5,1,4.250000,0.15451665168008377,0.1795063607001756
deep_cusp_mgga_3x16,fc,0.5,1,4.275000,0.15365067052254866,0.17886104585155926
deep_cusp_mgga_3x16,fc,0.5,1,4.300000,0.15279480608733975,0.17822216317843895
deep_cusp_mgga_3x16,fc,0.5,1,4.325000,0.15194895758886828,0.17758961000099663
deep_cusp_mgga_3x16,fc,0.5,1,4.350000,0.15111302420678951,0.17696328586949575
deep_cusp_mgga_3x16,fc,0.5,1,4.375000,0.1502869051459177,0.17634309250345392
deep_cusp_mgga_3x16,fc,0.5,1,4.400000,0.14947049969314996,0.17572893373279852
deep_cusp_mgga_3x16,fc,0.5,1,4.425000,0.1486637072715007,0.1751207154409365
deep_cusp_mgga_3x16,fc,0.5,1,4.450000,0.14786642749132528,0.17451834550966117
deep_cusp_mgga_3x16,fc,0.5,1,4.475000,0.14707856019883447,0.17392173376583175
deep_cusp_mgga_3x16,fc,0.5,1,4.500000,0.1463000055219832,0.17333079192975498
deep_cusp_mgga_3x16,fc,0.5,1,4.525000,0.14553066391383251,0.17274543356520955
deep_cusp_mgga_3x16,fc,0.5,1,4.550000,0.1447704361934683,0.17216557403105057
deep_cusp_mgga_3x16,fc,0.5,1,4.575000,0.14401922358457364,0.1715911304343365
deep_cusp_mgga_3x16,fc,0.5,1,4.600000,0.14327692775173706,0.1710220215849235
deep_cusp_mgga_3x16,fc,0.5,1,4.625000,0.14254345083458864,0.17045816795147253
deep_cusp_mgga_3x16,fc,0.5,1,4.650000,0.1418186954798446,0.16989949161882065
deep_cusp_mgga_3x16,fc,0.5,1,4.675000,0.1411025648713472,0.169345916246664
deep_cusp_mgga_3x16,fc,0.5,1,4.700000,0.14039496275818042,0.16879736702950832
deep_cusp_mgga_3x16,fc,0.5,1,4.725000,0.13969579348093975,0.16825377065784222
deep_cusp_mgga_3x16,fc,0.5,1,4.750000,0.1390049619962308,0.16771505528048544
deep_cusp_mgga_3x16,fc,0.5,1,4.775000,0.13832237389947932,0.16718115046807694
deep_cusp_mgga_3x16,fc,0.5,1,4.800000,0.13764793544611464,0.16665198717765758
deep_cusp_mgga_3x16,fc,0.5,1,4.825000,0.13698155357120745,0.16612749771831284
deep_cusp_mgga_3x16,fc,0.5,1,4.850000,0.13632313590761824,0.16560761571783714
deep_cusp_mgga_3x16,fc,0.5,1,4.875000,0.1356725908027363,0.16509227609038232
deep_cusp_mgga_3x16,fc,0.5,1,4.900000,0.13502982733385904,0.16458141500506226
deep_cusp_mgga_3x16,fc,0.5,1,4.925000,0.13439475532228196,0.16407496985547446
deep_cusp_mgga_3x16,fc,0.5,1,4.950000,0.13376728534615578,0.1635728792301117
deep_cusp_mgga_3x16,fc,0.5,1,4.975000,0.1331473287521674,0.16307508288363087
deep_cusp_mgga_3x16,fc,0.5,1,5.000000,0.13253479766610088,0.16258152170895424
deep_cusp_mgga_3x16,fc,0.5,1,5.025000,0.13192960500232953,0.1620921377101671
deep_cusp_mgga_3x16,fc,0.5,1,5.050000,0.1313316644722926,0.16160687397619602
deep_cusp_mgga_3x16,fc,0.5,1,5.075000,0.13074089059200455,0.16112567465523162
deep_cusp_mgga_3x16,fc,0.5,1,5.100000,0.13015719868864284,0.16064848492987935
deep_cusp_mgga_3x16,fc,0.5,1,5.125000,0.12958050490626294,0.16017525099300686
deep_cusp_mgga_3x16,fc,0.5,1,5.150000,0.12901072621067977,0.15970592002427247
deep_cusp_mgga_3x16,fc,0.5,1,5.175000,0.12844778039356175,0.1592404401673063
deep_cusp_mgga_3x16,fc,0.5,1,5.200000,0.1278915860757749,0.15877876050752676
deep_cusp_mgga_3x16,fc,0.5,1,5.225000,0.12734206271001602,0.15832083105056988
deep_cusp_mgga_3x16,fc,0.5,1,5.250000,0.12679913058277403,0.1578666027013137
deep_cusp_mgga_3x16,fc,0.5,1,5.275000,0.12626271081565155,0.15741602724347523
deep_cusp_mgga_3x16,fc,0.5,1,5.300000,0.1257327253660846,0.15696905731976635
deep_cusp_mgga_3x16,fc,0.5,1,5.325000,0.1252090970274885,0.1565256464125864
deep_cusp_mgga_3x16,fc,0.5,1,5.350000,0.12469174942886696,0.15608574882523746
deep_cusp_mgga_3x16,fc,0.5,1,5.375000,0.12418060703390976,0.15564931966364534
deep_cusp_mgga_3x16,fc,0.5,1,5.400000,0.12367559513960757,0.1552163148185686
deep_cusp_mgga_3x16,fc,0.5,1,5.425000,0.1231766398744163,0.1547866909482838
deep_cusp_mgga_3x16,fc,0.5,1,5.450000,0.12268366819599263,0.15436040546172822
deep_cusp_mgga_3x16,fc,0.5,1,5.475000,0.12219660788852615,0.15393741650208853
deep_cusp_mgga_3x16,fc,0.5,1,5.500000,0.12171538755969413,0.15351768293082343
deep_cusp_mgga_3x16,fc,0.5,1,5.525000,0.12123993663726174,0.15310116431209972
deep_cusp_mgga_3x16,fc,0.5,1,5.550000,0.12077018536534845,0.15268782089763872
deep_cusp_mgga_3x16,fc,0.5,1,5.575000,0.12030606480038153,0.1522776136119535
deep_cusp_mgga_3x16,fc,0.5,1,5.600000,0.11984750680675782,0.1518705040379679
deep_cusp_mgga_3x16,fc,0.5,1,5.625000,0.11939444405223443,0.1514664544030052
deep_cusp_mgga_3x16,fc,0.5,1,5.650000,0.11894681000306084,0.15106542756513777
deep_cusp_mgga_3x16,fc,0.5,1,5.675000,0.11850453891887669,0.1506673869998804
deep_cusp_mgga_3x16,fc,0.5,1,5.700000,0.11806756584738931,0.1502722967872271
deep_cusp_mgga_3x16,fc,0.5,1,5.725000,0.1176358266188432,0.14988012159901035
deep_cusp_mgga_3x16,fc,0.5,1,5.750000,0.11720925784030423,0.14949082668658112
deep_cusp_mgga_3x16,fc,0.5,1,5.775000,0.11678779688976604,0.14910437786879902
deep_cusp_mgga_3x16,fc,0.5,1,5.800000,0.11637138191009477,0.14872074152031808
deep_cusp_mgga_3x16,fc,0.5,1,5.825000,0.11595995180282814,0.14833988456016775
deep_cusp_mgga_3x16,fc,0.5,1,5.850000,0.11555344622183572,0.14796177444061417
deep_cusp_mgga_3x16,fc,0.5,1,5.875000,0.11515180556685689,0.1475863791362959
deep_cusp_mgga_3x16,fc,0.5,1,5.900000,0.11475497097692666,0.147213667133628
deep_cusp_mgga_3x16,fc,0.5,1,5.925000,0.1143628843236979,0.14684360742046257
deep_cusp_mgga_3x16,fc,0.5,1,5.950000,0.11397548820467351,0.1464761694760027
deep_cusp_mgga_3x16,fc,0.5,1,5.975000,0.11359272593635505,0.14611132326095994
deep_cusp_mgga_3x16,fc,0.5,1,6.000000,0.11321454154732025,0.14574903920795002
deep_cusp_mgga_3x16,fc,2,1,0.000000,1.0,0.9999979292399579
deep_cusp_mgga_3x16,fc,2,1,0.025000,0.9999403097237836,0.9993770542431832
deep_cusp_mgga_3x16,fc,2,1,0.050000,0.9995290565323661,0.9975228957770809
deep_cusp_mgga_3x16,fc,2,1,0.075000,0.9984351969546835,0.994460530999504
deep_cusp_mgga_3x16,fc,2,1,0.100000,0.9963570470570999,0.9902307044211887
deep_cusp_mgga_3x16,fc,2,1,0.125000,0.9930329762182619,0.9848883327285808
deep_cusp_mgga_3x16,fc,2,1,0.150000,0.988254609239653,0.9785005634473067
deep_cusp_mgga_3x16,fc,2,1,0.175000,0.9818816023833667,0.9711445178442647
deep_cusp_mgga_3x16,fc,2,1,0.200000,0.9738568077262738,0.962904859173321
deep_cusp_mgga_3x16,fc,2,1,0.225000,0.9642201083177194,0.9538713244108318
deep_cusp_mgga_3x16,fc,2,1,0.250000,0.9531183639488761,0.9441363431076241
deep_cusp_mgga_3x16,fc,2,1,0.275000,0.9408078462315784,0.9337928442081102
deep_cusp_mgga_3x16,fc,2,1,0.300000,0.9276445426825334,0.9229323244306081
deep_cusp_mgga_3x16,fc,2,1,0.325000,0.9140573164183938,0.9116432236494123
deep_cusp_mgga_3x16,fc,2,1,0.350000,0.9004999980139434,0.9000096265825765
deep_cusp_mgga_3x16,fc,2,1,0.375000,0.8873822358188188,0.8881102879680052
deep_cusp_mgga_3x16,fc,2,1,0.400000,0.8749864041726337,0.8760179613553188
deep_cusp_mgga_3x16,fc,2,1,0.425000,0.8633888126029112,0.8637989998809493
deep_cusp_mgga_3x16,fc,2,1,0.450000,0.8524143139868129,0.8515131905458164
deep_cusp_mgga_3x16,fc,2,1,0.475000,0.8416561220759339,0.8392137808151852
deep_cusp_mgga_3x16,fc,2,1,0.500000,0.8305776793167097,0.8269476568730664
deep_cusp_mgga_3x16,fc,2,1,0.525000,0.8186786060052633,0.8147556356408845
deep_cusp_mgga_3x16,fc,2,1,0.550000,0.8056663595880617,0.8026728368579534
deep_cusp_mgga_3x16,fc,2,1,0.575000,0.7915573470310411,0.7907291064157039
deep_cusp_mgga_3x16,fc,2,1,0.600000,0.776658103917021,0.7789494672031972
deep_cusp_mgga_3x16,fc,2,1,0.625000,0.7614403379700513,0.7673545785836753
deep_cusp_mgga_3x16,fc,2,1,0.650000,0.7463805810721282,0.7559611900447227
deep_cusp_mgga_3x16,fc,2,1,0.675000,0.7318426471145418,0.7447825784221427
deep_cusp_mgga_3x16,fc,2,1,0.700000,0.7180380242894516,0.7338289613453942
deep_cusp_mgga_3x16,fc,2,1,0.725000,0.7050475965267314,0.7231078822018028
deep_cusp_mgga_3x16,fc,2,1,0.750000,0.6928666586309697,0.7126245640138944
deep_cusp_mgga_3x16,fc,2,1,0.775000,0.6814452995982204,0.7023822312342055
deep_cusp_mgga_3x16,fc,2,1,0.800000,0.6707148009782259,0.6923823996571112
deep_cusp_mgga_3x16,fc,2,1,0.825000,0.6606017979966944,0.6826251354996576
deep_cusp_mgga_3x16,fc,2,1,0.850000,0.6510350540041092,0.6731092852800223
deep_cusp_mgga_3x16,fc,2,1,0.875000,0.6419490080647593,0.6638326784825364
deep_cusp_mgga_3x16,fc,2,1,0.900000,0.633286201734525,0.6547923051930069
deep_cusp_mgga_3x16,fc,2,1,0.925000,0.624998702033152,0.6459844709597109
deep_cusp_mgga_3x16,fc,2,1,0.950000,0.6170478176222779,0.6374049311182255
deep_cusp_mgga_3x16,fc,2,1,0.975000,0.6094018932584183,0.6290490067394222
deep_cusp_mgga_3x16,fc,2,1,1.000000,0.602032955861651,0.6209116842406892
deep_cusp_mgga_3x16,fc,2,1,1.025000,0.5949135568097744,0.6129877005568195
deep_cusp_mgga_3x16,fc,2,1,1.050000,0.5880149609846658,0.6052716156109965
deep_cusp_mgga_3x16,fc,2,1,1.075000,0.5813071263177725,0.5977578736666059
deep_cusp_mgga_3x16,fc,2,1,1.100000,0.5747601735191058,0.5904408549832783
deep_cusp_mgga_3x16,fc,2,1,1.125000,0.5683466043019517,0.5833149190497332
deep_cusp_mgga_3x16,fc,2,1,1.150000,0.5620434674858078,0.5763744405242637
deep_cusp_mgga_3x16,fc,2,1,1.175000,0.5558338855245611,0.5696138388825301
deep_cusp_mgga_3x16,fc,2,1,1.200000,0.5497076700563497,0.5630276026524232
deep_cusp_mgga_3x16,fc,2,1,1.225000,0.543661040340056,0.5566103090071902
deep_cusp_mgga_3x16,fc,2,1,1.250000,0.5376956465877235,0.5503566393905188
deep_cusp_mgga_3x16,fc,2,1,1.275000,0.53181718143344,0.5442613917602815
deep_cusp_mgga_3x16,fc,2,1,1.300000,0.5260338591677142,0.5383194899604652
deep_cusp_mgga_3x16,fc,2,1,1.325000,0.5203549866141817,0.5325259906626605
deep_cusp_mgga_3x16,fc,2,1,1.350000,0.5147897721557055,0.5268760882585468
deep_cusp_mgga_3x16,fc,2,1,1.375000,0.5093464430390656,0.5213651180322839
deep_cusp_mgga_3x16,fc,2,1,1.400000,0.5040316791228177,0.5159885578958218
deep_cusp_mgga_3x16,fc,2,1,1.425000,0.4988503290731967,0.5107420289301449
deep_cusp_mgga_3x16,fc,2,1,1.450000,0.4938053522766628,0.505621294940694
deep_cusp_mgga_3x16,fc,2,1,1.475000,0.48889792272707755,0.5006222612050479
deep_cusp_mgga_3x16,fc,2,1,1.500000,0.4841276349306436,0.49574097256481264
deep_cusp_mgga_3x16,fc,2,1,1.525000,0.47949276172744604,0.49097361099109743
deep_cusp_mgga_3x16,fc,2,1,1.550000,0.4749905261018825,0.4863164927334565
deep_cusp_mgga_3x16,fc,2,1,1.575000,0.47061736100047036,0.4817660651453901
deep_cusp_mgga_3x16,fc,2,1,1.600000,0.46636914145655983,0.4773189032650351
deep_cusp_mgga_3x16,fc,2,1,1.625000,0.46224138134770054,0.4729717062172614
deep_cusp_mgga_3x16,fc,2,1,1.650000,0.45822939285298037,0.46872129349273167
deep_cusp_mgga_3x16,fc,2,1,1.675000,0.4543284104155483,0.4645646011503388
deep_cusp_mgga_3x16,fc,2,1,1.700000,0.4505336831602317,0.46049867798163124
deep_cusp_mgga_3x16,fc,2,1,1.725000,0.4468405406918535,0.456520681669137
deep_cusp_mgga_3x16,fc,2,1,1.750000,0.44324443738242536,0.45262787496481893
deep_cusp_mgga_3x16,fc,2,1,1.775000,0.4397409799467419,0.44881762191001456
deep_cusp_mgga_3x16,fc,2,1,1.800000,0.43632594253104373,0.44508738411410614
deep_cusp_mgga_3x16,fc,2,1,1.825000,0.43299527285487927,0.4414347171056468
deep_cusp_mgga_3x16,fc,2,1,1.850000,0.4297450922535584,0.43785726676671094
deep_cusp_mgga_3x16,fc,2,1,1.875000,0.4265716918274731,0.4343527658587303
deep_cusp_mgga_3x16,fc,2,1,1.900000,0.4234715263456732,0.43091903064596176
deep_cusp_mgga_3x16,fc,2,1,1.925000,0.4204412070852783,0.4275539576209672
deep_cusp_mgga_3x16,fc,2,1,1.950000,0.41747749441444837,0.42425552033500025
deep_cusp_mgga_3x16,fc,2,1,1.975000,0.4145772906365621,0.42102176633496174
deep_cusp_mgga_3x16,fc,2,1,2.000000,0.41173763339560576,0.4178508142075638
deep_cusp_mgga_3x16,fc,2,1,2.025000,0.40895568978529795,0.4147408507304974
deep_cusp_mgga_3x16,fc,2,1,2.050000,0.4062287511952565,0.4116901281297167
deep_cusp_mgga_3x16,fc,2,1,2.075000,0.40355422885587955,0.40869696144138795
deep_cusp_mgga_3x16,fc,2,1,2.100000,0.400929650000465,0.4057597259766089
deep_cusp_mgga_3x16,fc,2,1,2.125000,0.39835265454078994,0.4028768548866527
deep_cusp_mgga_3x16,fc,2,1,2.150000,0.3958209921448812,0.40004683682621295
deep_cusp_mgga_3x16,fc,2,1,2.175000,0.3933325196082411,0.3972682137119251
deep_cusp_mgga_3x16,fc,2,1,2.200000,0.3908851984187338,0.39453957857328703
deep_cusp_mgga_3x16,fc,2,1,2.225000,0.38847709242798867,0.3918595734929977
deep_cusp_mgga_3x16,fc,2,1,2.250000,0.38610636555655353,0.3892268876336721
deep_cusp_mgga_3x16,fc,2,1,2.275000,0.38377127947478806,0.38664025534786034
deep_cusp_mgga_3x16,fc,2,1,2.300000,0.3814701912157037,0.38409845436829027
deep_cusp_mgga_3x16,fc,2,1,2.325000,0.3792015506890395,0.3816003040752743
deep_cusp_mgga_3x16,fc,2,1,2.350000,0.3769638980774488,0.3791446638382631
deep_cusp_mgga_3x16,fc,2,1,2.375000,0.374755861105714,0.37673043142856466
deep_cusp_mgga_3x16,fc,2,1,2.400000,0.3725761521822125,0.3743565415003257
deep_cusp_mgga_3x16,fc,2,1,2.425000,0.37042356541864985,0.37202196413693345
deep_cusp_mgga_3x16,fc,2,1,2.450000,0.3682969735393353,0.36972570346007544
deep_cusp_mgga_3x16,fc,2,1,2.475000,0.36619532469523874,0.36746679629878193
deep_cusp_mgga_3x16,fc,2,1,2.500000,0.3641176392008023,0.36524431091585596
deep_cusp_mgga_3x16,fc,2,1,2.525000,0.3620630062132444,0.3630573457891894
deep_cusp_mgga_3x16,fc,2,1,2.550000,0.36003058037493973,0.36090502844555156
deep_cusp_mgga_3x16,fc,2,1,2.575000,0.35801957843962806,0.35878651434452946
deep_cusp_mgga_3x16,fc,2,1,2.600000,0.35602927590276123,0.35670098581038173
deep_cusp_mgga_3x16,fc,2,1,2.625000,0.3540590036554172,0.3546476510096695
deep_cusp_mgga_3x16,fc,2,1,2.650000,0.352108144679953,0.3526257429726038
deep_cusp_mgga_3x16,fc,2,1,2.675000,0.35017613080408183,0.3506345186561396
deep_cusp_mgga_3x16,fc,2,1,2.700000,0.3482624395283782,0.34867325804693405
deep_cusp_mgga_3x16,fc,2,1,2.725000,0.3463665909404421,0.3467412633023611
deep_cusp_mgga_3x16,fc,2,1,2.750000,0.34448814472711264,0.3448378579278594
deep_cusp_mgga_3x16,fc,2,1,2.775000,0.34262669729433237,0.34296238598896517
deep_cusp_mgga_3x16,fc,2,1,2.800000,0.3407818790024354,0.34111421135645564
deep_cusp_mgga_3x16,fc,2,1,2.825000,0.3389533515229628,0.33929271698309965
deep_cusp_mgga_3x16,fc,2,1,2.850000,0.3371408053214622,0.3374973042105832
deep_cusp_mgga_3x16,fc,2,1,2.875000,0.33534395726923716,0.33572739210524005
deep_cusp_mgga_3x16,fc,2,1,2.900000,0.3335625483856286,0.33398241682128416
deep_cusp_mgga_3x16,fc,2,1,2.925000,0.331796341711146,0.33226183099029705
deep_cusp_mgga_3x16,fc,2,1,2.950000,0.3300451203106691,0.3305651031357905
deep_cusp_mgga_3x16,fc,2,1,2.975000,0.3283086854049311,0.3288917171117058
deep_cusp_mgga_3x16,fc,2,1,3.000000,0.3265868546276689,0.3272411715637788
deep_cusp_mgga_3x16,fc,2,1,3.025000,0.3248794604050729,0.325612979412743
deep_cusp_mgga_3x16,fc,2,1,3.050000,0.3231863484535874,0.32400666735839034
deep_cusp_mgga_3x16,fc,2,1,3.075000,0.3215073763916102,0.3224217754035607
deep_cusp_mgga_3x16,fc,2,1,3.100000,0.3198424124602537,0.3208578563971705
deep_cusp_mgga_3x16,fc,2,1,3.125000,0.31819133434805225,0.31931447559543635
deep_cusp_mgga_3x16,fc,2,1,3.150000,0.3165540281142858,0.31779121024048645
deep_cusp_mgga_3x16,fc,2,1,3.175000,0.31493038720548516,0.31628764915559354
deep_cusp_mgga_3x16,fc,2,1,3.200000,0.31332031155962303,0.31480339235629645
deep_cusp_mgga_3x16,fc,2,1,3.225000,0.3117237067924945,0.31333805067671594
deep_cusp_mgga_3x16,fc,2,1,3.250000,0.31014048346088896,0.3118912454103982
deep_cusp_mgga_3x16,fc,2,1,3.275000,0.30857055639721276,0.3104626079650559
deep_cusp_mgga_3x16,fc,2,1,3.300000,0.307013844110414,0.3090517795306019
deep_cusp_mgga_3x16,fc,2,1,3.325000,0.30547026824819945,0.3076584107599022
deep_cusp_mgga_3x16,fc,2,1,3.350000,0.3039397531157595,0.3062821614617
deep_cusp_mgga_3x16,fc,2,1,3.375000,0.3024222252464115,0.3049227003051915
deep_cusp_mgga_3x16,fc,2,1,3.400000,0.30091761301982345,0.30357970453574934
deep_cusp_mgga_3x16,fc,2,1,3.425000,0.2994258463237037,0.30225285970132765
deep_cusp_mgga_3x16,fc,2,1,3.450000,0.29794685625509,0.3009418593890887
deep_cusp_mgga_3x16,fc,2,1,3.475000,0.296480574857623,0.2996464049718257
deep_cusp_mgga_3x16,fc,2,1,3.500000,0.2950269348914254,0.2983662053637661
deep_cusp_mgga_3x16,fc,2,1,3.525000,0.2935858696324458,0.2971009767853637
deep_cusp_mgga_3x16,fc,2,1,3.550000,0.29215731269836553,0.2958504425367076
deep_cusp_mgga_3x16,fc,2,1,3.575000,0.2907411978983908,0.29461433277918625
deep_cusp_mgga_3x16,fc,2,1,3.600000,0.28933745910445574,0.29339238432506953
deep_cusp_mgga_3x16,fc,2,1,3.625000,0.2879460301415927,0.29218434043467995
deep_cusp_mgga_3x16,fc,2,1,3.650000,0.2865668446953893,0.29098995062084504
deep_cusp_mgga_3x16,fc,2,1,3.675000,0.28519983623466527,0.2898089704603319
deep_cusp_mgga_3x16,fc,2,1,3.700000,0.28384493794765153,0.28864116141198104
deep_cusp_mgga_3x16,fc,2,1,3.725000,0.2825020826901279,0.28748629064127096
deep_cusp_mgga_3x16,fc,2,1,3.750000,0.28117120294411857,0.2863441308510491
deep_cusp_mgga_3x16,fc,2,1,3.775000,0.2798522307858854,0.2852144601181904
deep_cusp_mgga_3x16,fc,2,1,3.800000,0.2785450978620859,0.2840970617359392
deep_cusp_mgga_3x16,fc,2,1,3.825000,0.27724973537307374,0.28299172406171447
deep_cusp_mgga_3x16,fc,2,1,3.850000,0.27596607406243856,0.28189824037015937
deep_cusp_mgga_3x16,fc,2,1,3.875000,0.2746940442119682,0.2808164087112307
deep_cusp_mgga_3x16,fc,2,1,3.900000,0.2734335756413079,0.2797460317731291
deep_cusp_mgga_3x16,fc,2,1,3.925000,0.272184597711675,0.278686916749883
deep_cusp_mgga_3x16,fc,2,1,3.950000,0.2709470393330533,0.27763887521340663
deep_cusp_mgga_3x16,fc,2,1,3.975000,0.26972082897436966,0.27660172298985414
deep_cusp_mgga_3x16,fc,2,1,4.000000,0.26850589467619024,0.2755752800401125
deep_cusp_mgga_3x16,fc,2,1,4.025000,0.26730216406555396,0.2745593703442679
deep_cusp_mgga_3x16,fc,2,1,4.050000,0.2661095643725955,0.27355382178989796
deep_cusp_mgga_3x16,fc,2,1,4.075000,0.264928022448638,0.2725584660640442
deep_cusp_mgga_3x16,fc,2,1,4.100000,0.2637574647855008,0.2715731385487246
deep_cusp_mgga_3x16,fc,2,1,4.125000,0.26259781753578537,0.27059767821985464
deep_cusp_mgga_3x16,fc,2,1,4.150000,0.2614490065339232,0.2696319275494482
deep_cusp_mgga_3x16,fc,2,1,4.175000,0.2603109573178175,0.2686757324109783
deep_cusp_mgga_3x16,fc,2,1,4.200000,0.25918359515091616,0.2677289419877766
deep_cusp_mgga_3x16,fc,2,1,4.225000,0.2580668450445789,0.2667914086843645
deep_cusp_mgga_3x16,fc,2,1,4.250000,0.25696063178062356,0.2658629880406043
deep_cusp_mgga_3x16,fc,2,1,4.275000,0.2558648799339459,0.2649435386485696
deep_cusp_mgga_3x16,fc,2,1,4.300000,0.2547795138951241,0.26403292207203394
deep_cusp_mgga_3x16,fc,2,1,4.325000,0.2537044578929326,0.26313100276848567
deep_cusp_mgga_3x16,fc,2,1,4.350000,0.2526396360166978,0.2622376480135749
deep_cusp_mgga_3x16,fc,2,1,4.375000,0.25158497223843934,0.261352727827909
deep_cusp_mgga_3x16,fc,2,1,4.400000,0.25054039043474885,0.2604761149061068
deep_cusp_mgga_3x16,fc,2,1,4.425000,0.24950581440836161,0.25960768454803845
deep_cusp_mgga_3x16,fc,2,1,4.450000,0.24848116790939234,0.2587473145921683
deep_cusp_mgga_3x16,fc,2,1,4.475000,0.2474663746561958,0.257894885350928
deep_cusp_mgga_3x16,fc,2,1,4.500000,0.24646135835583782,0.25705027954804943
deep_cusp_mgga_3x16,fc,2,1,4.525000,0.24546604272414563,0.25621338225778867
deep_cusp_mgga_3x16,fc,2,1,4.550000,0.24448035150532987,0.25538408084597464
deep_cusp_mgga_3x16,fc,2,1,4.575000,0.24350420849115584,0.2545622649128204
deep_cusp_mgga_3x16,fc,2,1,4.600000,0.24253753753965834,0.25374782623743414
deep_cusp_mgga_3x16,fc,2,1,4.625000,0.24158026259339072,0.2529406587239747
deep_cusp_mgga_3x16,fc,2,1,4.650000,0.24063230769719723,0.252140658349393
deep_cusp_mgga_3x16,fc,2,1,4.675000,0.2396935970155094,0.2513477231127058
deep_cusp_mgga_3x16,fc,2,1,4.700000,0.2387640548491612,0.2505617529857525
deep_cusp_mgga_3x16,fc,2,1,4.725000,0.2378436056517199,0.24978264986537968
deep_cusp_mgga_3x16,fc,2,1,4.750000,0.23693217404533495,0.24901031752701194
deep_cusp_mgga_3x16,fc,2,1,4.775000,0.23602968483610176,0.24824466157955616
deep_cusp_mgga_3x16,fc,2,1,4.800000,0.2351360630289494,0.24748558942160173
deep_cusp_mgga_3x16,fc,2,1,4.825000,0.2342512338420455,0.24673301019886745
deep_cusp_mgga_3x16,fc,2,1,4.850000,0.23337512272072714,0.2459868347628584
deep_cusp_mgga_3x16,fc,2,1,4.875000,0.23250765535096485,0.24524697563069034
deep_cusp_mgga_3x16,fc,2,1,4.900000,0.23164875767235527,0.24451334694604612
deep_cusp_mgga_3x16,fc,2,1,4.925000,0.23079835589065612,0.24378586444122397
deep_cusp_mgga_3x16,fc,2,1,4.950000,0.229956376489866,0.2430644454002464
deep_cusp_mgga_3x16,fc,2,1,4.975000,0.22912274624385354,0.24234900862299066
deep_cusp_mgga_3x16,fc,2,1,5.000000,0.2282973922275432,0.2416394743903123
deep_cusp_mgga_3x16,fc,2,1,5.025000,0.22748024182766902,0.24093576443012776
deep_cusp_mgga_3x16,fc,2,1,5.050000,0.2266712227530946,0.24023780188442595
deep_cusp_mgga_3x16,fc,2,1,5.075000,0.22587026304471247,0.23954551127717988
deep_cusp_mgga_3x16,fc,2,1,5.100000,0.22507729108493169,0.23885881848312807
deep_cusp_mgga_3x16,fc,2,1,5.125000,0.22429223560675315,0.23817765069740152
deep_cusp_mgga_3x16,fc,2,1,5.150000,0.22351502570245196,0.23750193640596662
deep_cusp_mgga_3x16,fc,2,1,5.175000,0.22274559083186218,0.2368316053568613
deep_cusp_mgga_3x16,fc,2,1,5.200000,0.22198386083028387,0.2361665885321971
deep_cusp_mgga_3x16,fc,2,1,5.225000,0.2212297659160093,0.23550681812090557
deep_cusp_mgga_3x16,fc,2,1,5.250000,0.22048323669748404,0.2348522274922058
deep_cusp_mgga_3x16,fc,2,1,5.275000,0.21974420418011142,0.2342027511697695
deep_cusp_mgga_3x16,fc,2,1,5.300000,0.21901259977269927,0.23355832480656416
deep_cusp_mgga_3x16,fc,2,1,5.325000,0.21828835529356871,0.23291888516035325
deep_cusp_mgga_3x16,fc,2,1,5.350000,0.2175714029763266,0.23228437006983182
deep_cusp_mgga_3x16,fc,2,1,5.375000,0.21686167547530855,0.23165471843138197
deep_cusp_mgga_3x16,fc,2,1,5.400000,0.21615910587070664,0.23102987017642448
deep_cusp_mgga_3x16,fc,2,1,5.425000,0.21546362767338256,0.2304097662493547
deep_cusp_mgga_3x16,fc,2,1,5.450000,0.21477517482938024,0.22979434858604042
deep_cusp_mgga_3x16,fc,2,1,5.475000,0.21409368172414256,0.22918356009286728
deep_cusp_mgga_3x16,fc,2,1,5.500000,0.21341908318643976,0.2285773446263154
deep_cusp_mgga_3x16,fc,2,1,5.525000,0.21275131449201967,0.22797564697305178
deep_cusp_mgga_3x16,fc,2,1,5.550000,0.21209031136698564,0.22737841283052157
deep_cusp_mgga_3x16,fc,2,1,5.575000,0.21143600999090917,0.226785588788027
deep_cusp_mgga_3x16,fc,2,1,5.600000,0.21078834699968818,0.22619712230827665
deep_cusp_mgga_3x16,fc,2,1,5.625000,0.2101472594881525,0.22561296170939235
deep_cusp_mgga_3x16,fc,2,1,5.650000,0.20951268501243037,0.22503305614736244
deep_cusp_mgga_3x16,fc,2,1,5.675000,0.20888456159207847,0.22445735559892538
deep_cusp_mgga_3x16,fc,2,1,5.700000,0.20826282771198457,0.22388581084487277
deep_cusp_mgga_3x16,fc,2,1,5.725000,0.20764742232404965,0.22331837345376276
deep_cusp_mgga_3x16,fc,2,1,5.750000,0.20703828484865539,0.22275499576602592
deep_cusp_mgga_3x16,fc,2,1,5.775000,0.2064353551759257,0.22219563087845898
deep_cusp_mgga_3x16,fc,2,1,5.800000,0.20583857366678615,0.22164023262909055
deep_cusp_mgga_3x16,fc,2,1,5.825000,0.20524788115383108,0.2210887555824118
deep_cusp_mgga_3x16,fc,2,1,5.850000,0.20466321894200246,0.22054115501495927
deep_cusp_mgga_3x16,fc,2,1,5.875000,0.2040845288090869,0.21999738690124393
deep_cusp_mgga_3x16,fc,2,1,5.900000,0.20351175300603697,0.21945740790001048
deep_cusp_mgga_3x16,fc,2,1,5.925000,0.20294483425712695,0.21892117534082484
deep_cusp_mgga_3x16,fc,2,1,5.950000,0.20238371575994007,0.2183886472109757
deep_cusp_mgga_3x16,fc,2,1,5.975000,0.20182834118520399,0.2178597821426839
deep_cusp_mgga_3x16,fc,2,1,6.000000,0.20127865467646877,0.21733453940061145
deep_cusp_mgga_3x16,fc,5,1,0.000000,1.0,0.9999990149527557
deep_cusp_mgga_3x16,fc,5,1,0.025000,0.9999623872785954,0.9996454650158665
deep_cusp_mgga_3x16,fc,5,1,0.050000,0.999703245498101,0.9985877903808377
deep_cusp_mgga_3x16,fc,5,1,0.075000,0.9990139885271889,0.9968348457593228
deep_cusp_mgga_3x16,fc,5,1,0.100000,0.9977045546493822,0.994401156254488
deep_cusp_mgga_3x16,fc,5,1,0.125000,0.9956100989471249,0.991306579538298
deep_cusp_mgga_3x16,fc,5,1,0.150000,0.9925990996774411,0.9875758546215633
deep_cusp_mgga_3x16,fc,5,1,0.175000,0.9885821515263149,0.9832380569823586
deep_cusp_mgga_3x16,fc,5,1,0.200000,0.9835205945863598,0.9783259829140583
deep_cusp_mgga_3x16,fc,5,1,0.225000,0.9774339281345493,0.9728754875211882
deep_cusp_mgga_3x16,fc,5,1,0.250000,0.9704046828848814,0.9669248008460498
deep_cusp_mgga_3x16,fc,5,1,0.275000,0.9625791102200455,0.9605138452979184
deep_cusp_mgga_3x16,fc,5,1,0.300000,0.9541617737184948,0.9536835751252656
deep_cusp_mgga_3x16,fc,5,1,0.325000,0.9454020322092251,0.9464753554267609
deep_cusp_mgga_3x16,fc,5,1,0.350000,0.9365706874815368,0.9389303944673031
deep_cusp_mgga_3x16,fc,5,1,0.375000,0.9279260323268368,0.9310892391657972
deep_cusp_mgga_3x16,fc,5,1,0.400000,0.9196705907009544,0.9229913398257114
deep_cusp_mgga_3x16,fc,5,1,0.425000,0.9119034442863654,0.9146746867032198
deep_cusp_mgga_3x16,fc,5,1,0.450000,0.9045783048322753,0.9061755180009162
deep_cusp_mgga_3x16,fc,5,1,0.475000,0.8974833110748593,0.8975280964230576
deep_cusp_mgga_3x16,fc,5,1,0.500000,0.8902613923985803,0.8887645495592437
deep_cusp_mgga_3x16,fc,5,1,0.525000,0.8824840204339487,0.8799147680594598
deep_cusp_mgga_3x16,fc,5,1,0.550000,0.873771534468128,0.8710063547732961
deep_cusp_mgga_3x16,fc,5,1,0.575000,0.8639239766491974,0.8620646176776797
deep_cusp_mgga_3x16,fc,5,1,0.600000,0.8530052321842793,0.8531125994283771
deep_cusp_mgga_3x16,fc,5,1,0.625000,0.841333084942558,0.8441711366572578
deep_cusp_mgga_3x16,fc,5,1,0.650000,0.8293733794674265,0.8352589426212103
deep_cusp_mgga_3x16,fc,5,1,0.675000,0.8175896741715802,0.8263927074201369
deep_cusp_mgga_3x16,fc,5,1,0.700000,0.8063197768577424,0.8175872106821805
deep_cusp_mgga_3x16,fc,5,1,0.725000,0.7957244694050501,0.8088554423176804
deep_cusp_mgga_3x16,fc,5,1,0.750000,0.7858075481397527,0.8002087276340036
deep_cusp_mgga_3x16,fc,5,1,0.775000,0.776474869322733,0.7916568537562961
deep_cusp_mgga_3x16,fc,5,1,0.800000,0.767596822491682,0.7832081948979432
deep_cusp_mgga_3x16,fc,5,1,0.825000,0.759053477889387,0.7748698345598082
deep_cusp_mgga_3x16,fc,5,1,0.850000,0.7507577948145959,0.7666476832053
deep_cusp_mgga_3x16,fc,5,1,0.875000,0.7426611156081635,0.7585465903592546
deep_cusp_mgga_3x16,fc,5,1,0.900000,0.7347475681642999,0.7505704504155506
deep_cusp_mgga_3x16,fc,5,1,0.925000,0.7270233811989226,0.742722301716235
deep_cusp_mgga_3x16,fc,5,1,0.950000,0.7195054332610087,0.7350044186896625
deep_cusp_mgga_3x16,fc,5,1,0.975000,0.7122115221754984,0.7274183970131036
deep_cusp_mgga_3x16,fc,5,1,1.000000,0.7051534343109375,0.7199652319029054
deep_cusp_mgga_3x16,fc,5,1,1.025000,0.6983330576604742,0.7126453897386826
deep_cusp_mgga_3x16,fc,5,1,1.050000,0.6917413124439767,0.7054588733028593
deep_cusp_mgga_3x16,fc,5,1,1.075000,0.6853593540807533,0.6984052809682795
deep_cusp_mgga_3x16,fc,5,1,1.100000,0.6791612882769381,0.6914838601990331
deep_cusp_mgga_3x16,fc,5,1,1.125000,0.6731175705889813,0.6846935557470246
deep_cusp_mgga_3x16,fc,5,1,1.150000,0.66719835836174,0.6780330529324223
deep_cusp_mgga_3x16,fc,5,1,1.175000,0.6613762931901402,0.6715008163927761
deep_cusp_mgga_3x16,fc,5,1,1.200000,0.6556284396929039,0.6650951246755552
deep_cusp_mgga_3x16,fc,5,1,1.225000,0.6499373261759412,0.6588141010340396
deep_cusp_mgga_3x16,fc,5,1,1.250000,0.6442911894585189,0.6526557407683822
deep_cusp_mgga_3x16,fc,5,1,1.275000,0.6386836122211826,0.6466179354334792
deep_cusp_mgga_3x16,fc,5,1,1.300000,0.6331127668488616,0.6406984942139579
deep_cusp_mgga_3x16,fc,5,1,1.325000,0.6275804628592349,0.6348951627448584
deep_cusp_mgga_3x16,fc,5,1,1.350000,0.6220911544933886,0.6292056396349859
deep_cusp_mgga_3x16,fc,5,1,1.375000,0.6166510166334864,0.6236275909288448
deep_cusp_mgga_3x16,fc,5,1,1.400000,0.6112671517655586,0.6181586627228287
deep_cusp_mgga_3x16,fc,5,1,1.425000,0.605946954151116,0.6127964921321176
deep_cusp_mgga_3x16,fc,5,1,1.450000,0.6006976316370887,0.6075387167866465
deep_cusp_mgga_3x16,fc,5,1,1.475000,0.5955258699007697,0.6023829830176339
deep_cusp_mgga_3x16,fc,5,1,1.500000,0.5904376163299219,0.5973269528804983
deep_cusp_mgga_3x16,fc,5,1,1.525000,0.5854379587523353,0.5923683101455629
deep_cusp_mgga_3x16,fc,5,1,1.550000,0.5805310756659698,0.587504765374695
deep_cusp_mgga_3x16,fc,5,1,1.575000,0.5757202377947818,0.5827340601899168
deep_cusp_mgga_3x16,fc,5,1,1.600000,0.571007844561956,0.5780539708289968
deep_cusp_mgga_3x16,fc,5,1,1.625000,0.5663954827466886,0.5734623110730128
deep_cusp_mgga_3x16,fc,5,1,1.650000,0.5618839978255848,0.5689569346218099
deep_cusp_mgga_3x16,fc,5,1,1.675000,0.5574735711673197,0.5645357369850825
deep_cusp_mgga_3x16,fc,5,1,1.700000,0.5531637983489581,0.5601966569494266
deep_cusp_mgga_3x16,fc,5,1,1.725000,0.5489537654564218,0.5559376776750583
deep_cusp_mgga_3x16,fc,5,1,1.750000,0.5448421214055787,0.5517568274699277
deep_cusp_mgga_3x16,fc,5,1,1.775000,0.5408271451611064,0.5476521802836081
deep_cusp_mgga_3x16,fc,5,1,1.800000,0.5369068073152607,0.543621855958531
deep_cusp_mgga_3x16,fc,5,1,1.825000,0.5330788258825969,0.5396640202718658
deep_cusp_mgga_3x16,fc,5,1,1.850000,0.5293407164212656,0.5357768847974943
deep_cusp_mgga_3x16,fc,5,1,1.875000,0.5256898367465699,0.5319587066141122
deep_cusp_mgga_3x16,fc,5,1,1.900000,0.5221234265882878,0.5282077878824455
deep_cusp_mgga_3x16,fc,5,1,1.925000,0.5186386425821596,0.5245224753118387
deep_cusp_mgga_3x16,fc,5,1,1.950000,0.5152325889942606,0.5209011595340554
deep_cusp_mgga_3x16,fc,5,1,1.975000,0.5119023445662937,0.517342274399984
deep_cusp_mgga_3x16,fc,5,1,2.000000,0.508644985848291,0.5138442962130143
deep_cusp_mgga_3x16,fc,5,1,2.025000,0.5054576073583114,0.5104057429111634
deep_cusp_mgga_3x16,fc,5,1,2.050000,0.5023373388800213,0.5070251732085082
deep_cusp_mgga_3x16,fc,5,1,2.075000,0.4992813601808379,0.5037011857051521
deep_cusp_mgga_3x16,fc,5,1,2.100000,0.4962869134068365,0.5004324179737605
deep_cusp_mgga_3x16,fc,5,1,2.125000,0.4933513133865016,0.4972175456296509
deep_cusp_mgga_3x16,fc,5,1,2.150000,0.4904719560538937,0.4940552813904952
deep_cusp_mgga_3x16,fc,5,1,2.175000,0.48764632518275675,0.4909443741308621
deep_cusp_mgga_3x16,fc,5,1,2.200000,0.48487199760638533,0.4878836079361111
deep_cusp_mgga_3x16,fc,5,1,2.225000,0.48214664708338195,0.48487180115949635
deep_cusp_mgga_3x16,fc,5,1,2.250000,0.47946804695642486,0.48190780548578205
deep_cusp_mgga_3x16,fc,5,1,2.275000,0.4768340717396442,0.47899050500416546
deep_cusp_mgga_3x16,fc,5,1,2.300000,0.47424269775977357,0.4761188152928677
deep_cusp_mgga_3x16,fc,5,1,2.325000,0.47169200296680125,0.473291682517367
deep_cusp_mgga_3x16,fc,5,1,2.350000,0.4691801660211057,0.47050808254390697
deep_cusp_mgga_3x16,fc,5,1,2.375000,0.4667054647559564,0.46776702006961846
deep_cusp_mgga_3x16,fc,5,1,2.400000,0.46426627410660115,0.4650675277703309
deep_cusp_mgga_3x16,fc,5,1,2.425000,0.46186106358993007,0.4624086654669244
deep_cusp_mgga_3x16,fc,5,1,2.450000,0.4594883944118112,0.4597895193108712
deep_cusp_mgga_3x16,fc,5,1,2.475000,0.45714691627258563,0.45720920098944784
deep_cusp_mgga_3x16,fc,5,1,2.500000,0.4548353639348872,0.4546668469509451
deep_cusp_mgga_3x16,fc,5,1,2.525000,0.4525525536119289,0.4521616176500745
deep_cusp_mgga_3x16,fc,5,1,2.550000,0.45029737922857815,0.44969269681366114
deep_cusp_mgga_3x16,fc,5,1,2.575000,0.44806880860204734,0.4472592907266093
deep_cusp_mgga_3x16,fc,5,1,2.600000,0.44586587958377977,0.44486062753805344
deep_cusp_mgga_3x16,fc,5,1,2.625000,0.4436876961991343,0.44249595658753055
deep_cusp_mgga_3x16,fc,5,1,2.650000,0.4415334248168028,0.4401645477509543
deep_cusp_mgga_3x16,fc,5,1,2.675000,0.43940229037550127,0.4378656908061182
deep_cusp_mgga_3x16,fc,5,1,2.700000,0.4372935726913898,0.4355986948174173
deep_cusp_mgga_3x16,fc,5,1,2.725000,0.4352066028658712,0.4333628875394389
deep_cusp_mgga_3x16,fc,5,1,2.750000,0.4331407598099375,0.43115761483905096
deep_cusp_mgga_3x16,fc,5,1,2.775000,0.43109546689802203,0.4289822401355888
deep_cusp_mgga_3x16,fc,5,1,2.800000,0.4290701887614101,0.4268361438587218
deep_cusp_mgga_3x16,fc,5,1,2.825000,0.42706442822863844,0.4247187229235841
deep_cusp_mgga_3x16,fc,5,1,2.850000,0.42507772341794703,0.42262939022271595
deep_cusp_mgga_3x16,fc,5,1,2.875000,0.42310964498478965,0.42056757413438567
deep_cusp_mgga_3x16,fc,5,1,2.900000,0.42115979352553434,0.4185327180468393
deep_cusp_mgga_3x16,fc,5,1,2.925000,0.4192277971369196,0.4165242798980287
deep_cusp_mgga_3x16,fc,5,1,2.950000,0.41731330912943587,0.4145417317303747
deep_cusp_mgga_3x16,fc,5,1,2.975000,0.4154160058916485,0.4125845592601183
deep_cusp_mgga_3x16,fc,5,1,3.000000,0.41353558490149567,0.41065226146082096
deep_cusp_mgga_3x16,fc,5,1,3.025000,0.4116717628798008,0.408744350160579
deep_cusp_mgga_3x16,fc,5,1,3.050000,0.4098242740806075,0.40686034965252166
deep_cusp_mgga_3x16,fc,5,1,3.075000,0.4079928687124428,0.40499979631817745
deep_cusp_mgga_3x16,fc,5,1,3.100000,0.4061773114842735,0.40316223826329
deep_cusp_mgga_3x16,fc,5,1,3.125000,0.4043773802696613,0.40134723496568275
deep_cusp_mgga_3x16,fc,5,1,3.150000,0.4025928648824906,0.3995543569347777
deep_cusp_mgga_3x16,fc,5,1,3.175000,0.4008235659575845,0.3977831853823812
deep_cusp_mgga_3x16,fc,5,1,3.200000,0.3990692939295599,0.39603331190436375
deep_cusp_mgga_3x16,fc,5,1,3.225000,0.397329868103349,0.3943043381728628
deep_cusp_mgga_3x16,fc,5,1,3.250000,0.3956051158099694,0.39259587563866183
deep_cusp_mgga_3x16,fc,5,1,3.275000,0.3938948716413071,0.3909075452433913
deep_cusp_mgga_3x16,fc,5,1,3.300000,0.39219897675790494,0.38923897714122113
deep_cusp_mgga_3x16,fc,5,1,3.325000,0.3905172782640003,0.38758981042971863
deep_cusp_mgga_3x16,fc,5,1,3.350000,0.3888496286443296,0.38595969288955584
deep_cusp_mgga_3x16,fc,5,1,3.375000,0.3871958852574987,0.38434828073276117
deep_cusp_mgga_3x16,fc,5,1,3.400000,0.3855559098810256,0.3827552383592205
deep_cusp_mgga_3x16,fc,5,1,3.425000,0.38392956830345093,0.3811802381211392
deep_cusp_mgga_3x16,fc,5,1,3.450000,0.38231672995921717,0.3796229600951923
deep_cusp_mgga_3x16,fc,5,1,3.475000,0.3807172676023147,0.3780830918620921
deep_cusp_mgga_3x16,fc,5,1,3.500000,0.3791310570149802,0.3765603282933156
deep_cusp_mgga_3x16,fc,5,1,3.525000,0.37755797674801783,0.3750543713447426
deep_cusp_mgga_3x16,fc,5,1,3.550000,0.37599790788958487,0.3735649298569645
deep_cusp_mgga_3x16,fc,5,1,3.575000,0.3744507338595351,0.3720917193620273
deep_cusp_mgga_3x16,fc,5,1,3.600000,0.3729163402266762,0.3706344618963883
deep_cusp_mgga_3x16,fc,5,1,3.625000,0.371394614546514,0.36919288581986776
deep_cusp_mgga_3x16,fc,5,1,3.650000,0.3698854462172845,0.36776672564038704
deep_cusp_mgga_3x16,fc,5,1,3.675000,0.3683887263522765,0.36635572184428994
deep_cusp_mgga_3x16,fc,5,1,3.700000,0.3669043476666396,0.3649596207320557
deep_cusp_mgga_3x16,fc,5,1,3.725000,0.3654322043770539,0.3635781742592128
deep_cusp_mgga_3x16,fc,5,1,3.750000,0.3639721921127851,0.36221113988227666
deep_cusp_mgga_3x16,fc,5,1,3.775000,0.36252420783682227,0.3608582804095324
deep_cusp_mgga_3x16,fc,5,1,3.800000,0.3610881497759124,0.35951936385649846
deep_cusp_mgga_3x16,fc,5,1,3.825000,0.3596639173584468,0.3581941633059065
deep_cusp_mgga_3x16,fc,5,1,3.850000,0.35825141115925474,0.3568824567720446
deep_cusp_mgga_3x16,fc,5,1,3.875000,0.3568505328504813,0.3555840270693093
deep_cusp_mgga_3x16,fc,5,1,3.900000,0.3554611851578,0.35429866168482543
deep_cusp_mgga_3x16,fc,5,1,3.925000,0.3540832718213158,0.35302615265499115
deep_cusp_mgga_3x16,fc,5,1,3.950000,0.3527166975605682,0.3517662964458161
deep_cusp_mgga_3x16,fc,5,1,3.975000,0.35136136804313867,0.35051889383692036
deep_cusp_mgga_3x16,fc,5,1,4.000000,0.3500171898564015,0.3492837498090728
deep_cusp_mgga_3x16,fc,5,1,4.025000,0.348684070482033,0.34806067343514313
deep_cusp_mgga_3x16,fc,5,1,4.050000,0.3473619182729232,0.3468494777743586
deep_cusp_mgga_3x16,fc,5,1,4.075000,0.3460506424321974,0.34564997976974704
deep_cusp_mgga_3x16,fc,5,1,4.100000,0.34475015299407996,0.34446200014866274
deep_cusp_mgga_3x16,fc,5,1,4.125000,0.34346036080636144,0.3432853633262889
deep_cusp_mgga_3x16,fc,5,1,4.150000,0.34218117751428023,0.34211989731201875
deep_cusp_mgga_3x16,fc,5,1,4.175000,0.3409125155456336,0.34096543361861753
deep_cusp_mgga_3x16,fc,5,1,4.200000,0.3396542880969713,0.33982180717407245
deep_cusp_mgga_3x16,fc,5,1,4.225000,0.3384064091207366,0.3386888562360414
deep_cusp_mgga_3x16,fc,5,1,4.250000,0.33716879331324234,0.33756642230881523
deep_cusp_mgga_3x16,fc,5,1,4.275000,0.3359413561033763,0.3364543500627077
deep_cusp_mgga_3x16,fc,5,1,4.300000,0.33472401364196314,0.3353524872557952
deep_cusp_mgga_3x16,fc,5,1,4.325000,0.33351668279168867,0.3342606846579296
deep_cusp_mgga_3x16,fc,5,1,4.350000,0.3323192811175415,0.333178795976946
deep_cusp_mgga_3x16,fc,5,1,4.375000,0.3311317268777044,0.3321066777869978
deep_cusp_mgga_3x16,fc,5,1,4.400000,0.3299539390148457,0.33104418945894687
deep_cusp_mgga_3x16,fc,5,1,4.425000,0.328785837147783,0.32999119309274394
deep_cusp_mgga_3x16,fc,5,1,4.450000,0.32762734156346185,0.32894755345173254
deep_cusp_mgga_3x16,fc,5,1,4.475000,0.3264783732092382,0.32791313789881793
deep_cusp_mgga_3x16,fc,5,1,4.500000,0.32533885368542304,0.3268878163344363
deep_cusp_mgga_3x16,fc,5,1,4.525000,0.3242087052380719,0.3258714611362714
deep_cusp_mgga_3x16,fc,5,1,4.550000,0.3230878507520001,0.324863947100658
deep_cusp_mgga_3x16,fc,5,1,4.575000,0.32197621374400054,0.32386515138562305
deep_cusp_mgga_3x16,fc,5,1,4.600000,0.3208737183562518,0.32287495345550876
deep_cusp_mgga_3x16,fc,5,1,4.625000,0.319780289349902,0.3218932350271314
deep_cusp_mgga_3x16,fc,5,1,4.650000,0.3186958520988161,0.32091988001742017
deep_cusp_mgga_3x16,fc,5,1,4.675000,0.3176203325834761,0.31995477449250154
deep_cusp_mgga_3x16,fc,5,1,4.700000,0.3165536573850254,0.31899780661817084
deep_cusp_mgga_3x16,fc,5,1,4.725000,0.31549575367944604,0.3180488666117171
deep_cusp_mgga_3x16,fc,5,1,4.750000,0.3144465492318682,0.31710784669505476
deep_cusp_mgga_3x16,fc,5,1,4.775000,0.3134059723909919,0.3161746410491227
deep_cusp_mgga_3x16,fc,5,1,4.800000,0.31237395208363217,0.31524914576951185
deep_cusp_mgga_3x16,fc,5,1,4.825000,0.31135041780936823,0.31433125882328217
deep_cusp_mgga_3x16,fc,5,1,4.850000,0.31033529963529727,0.31342088000693685
deep_cusp_mgga_3x16,fc,5,1,4.875000,0.30932852819089063,0.31251791090550957
deep_cusp_mgga_3x16,fc,5,1,4.900000,0.30833003466293907,0.3116222548527418
deep_cusp_mgga_3x16,fc,5,1,4.925000,0.3073397507905966,0.31073381689230917
deep_cusp_mgga_3x16,fc,5,1,4.950000,0.30635760886050667,0.30985250374006773
deep_cusp_mgga_3x16,fc,5,1,4.975000,0.3053835417020154,0.30897822374729
deep_cusp_mgga_3x16,fc,5,1,5.000000,0.3044174826824644,0.30811088686486104
deep_cusp_mgga_3x16,fc,5,1,5.025000,0.3034593657025638,0.30725040460840314
deep_cusp_mgga_3x16,fc,5,1,5.050000,0.3025091251918385,0.30639669002430625
deep_cusp_mgga_3x16,fc,5,1,5.075000,0.30156669610414877,0.3055496576566333
deep_cusp_mgga_3x16,fc,5,1,5.100000,0.30063201391328065,0.30470922351487484
deep_cusp_mgga_3x16,fc,5,1,5.125000,0.2997050146086052,0.3038753050425315
deep_cusp_mgga_3x16,fc,5,1,5.150000,0.2987856346908029,0.30304782108649503
deep_cusp_mgga_3x16,fc,5,1,5.175000,0.29787381116765055,0.30222669186720713
deep_cusp_mgga_3x16,fc,5,1,5.200000,0.29696948154987357,0.3014118389495745
deep_cusp_mgga_3x16,fc,5,1,5.225000,0.29607258384705193,0.30060318521461604
deep_cusp_mgga_3x16,fc,5,1,5.250000,0.29518305656359056,0.29980065483182117
deep_cusp_mgga_3x16,fc,5,1,5.275000,0.294300838694741,0.29900417323219936
deep_cusp_mgga_3x16,fc,5,1,5.300000,0.2934258697226808,0.2982136670820024
deep_cusp_mgga_3x16,fc,5,1,5.325000,0.29255808961264007,0.2974290642570966
deep_cusp_mgga_3x16,fc,5,1,5.350000,0.2916974388090887,0.29665029381796965
deep_cusp_mgga_3x16,fc,5,1,5.375000,0.2908438582319617,0.29587728598535235
deep_cusp_mgga_3x16,fc,5,1,5.400000,0.28999728927294177,0.295109972116438
deep_cusp_mgga_3x16,fc,5,1,5.425000,0.2891576737917839,0.29434828468168495
deep_cusp_mgga_3x16,fc,5,1,5.450000,0.2883249541126863,0.2935921572421799
deep_cusp_mgga_3x16,fc,5,1,5.475000,0.2874990730207063,0.2928415244275539
deep_cusp_mgga_3x16,fc,5,1,5.500000,0.2866799737582165,0.2920963219144287
deep_cusp_mgga_3x16,fc,5,1,5.525000,0.285867600021406,0.29135648640538486
deep_cusp_mgga_3x16,fc,5,1,5.550000,0.28506189595681797,0.2906219556084315
deep_cusp_mgga_3x16,fc,5,1,5.575000,0.2842628061579302,0.2898926682169676
deep_cusp_mgga_3x16,fc,5,1,5.600000,0.2834702756617702,0.28916856389021944
deep_cusp_mgga_3x16,fc,5,1,5.625000,0.28268424994556973,0.2884495832341424
deep_cusp_mgga_3x16,fc,5,1,5.650000,0.2819046749234545,0.28773566778277415
deep_cusp_mgga_3x16,fc,5,1,5.675000,0.2811314969431684,0.28702675998002475
deep_cusp_mgga_3x16,fc,5,1,5.700000,0.28036466278283245,0.286322803161895
deep_cusp_mgga_3x16,fc,5,1,5.725000,0.2796041196477368,0.2856237415391107
deep_cusp_mgga_3x16,fc,5,1,5.750000,0.27884981516716234,0.2849295201801586
deep_cusp_mgga_3x16,fc,5,1,5.775000,0.2781016973912387,0.28424008499471776
deep_cusp_mgga_3x16,fc,5,1,5.800000,0.2773597147878286,0.2835553827174724
deep_cusp_mgga_3x16,fc,5,1,5.825000,0.276623816239442,0.282875360892298
deep_cusp_mgga_3x16,fc,5,1,5.850000,0.2758939510401821,0.28219996785680873
deep_cusp_mgga_3x16,fc,5,1,5.875000,0.27517006889271556,0.2815291527272585
deep_cusp_mgga_3x16,fc,5,1,5.900000,0.2744521199052745,0.2808628653837865
deep_cusp_mgga_3x16,fc,5,1,5.925000,0.2737400545886798,0.28020105645599513
deep_cusp_mgga_3x16,fc,5,1,5.950000,0.27303382385339614,0.2795436773088565
deep_cusp_mgga_3x16,fc,5,1,5.975000,0.27233337900660737,0.278890680028933
deep_cusp_mgga_3x16,fc,5,1,6.000000,0.27163867174932044,0.2782420174109092
