panel,series,x_name,x,y_name,y,raw_indicator
a_linear,compute_alpha,tau_over_tau_unif,1.6666666666666667,alpha,5e-06,0.0
a_linear,compute_alpha,tau_over_tau_unif,1.6916666666666667,alpha,0.025000000999999814,0.025
a_linear,compute_alpha,tau_over_tau_unif,1.7166666666666668,alpha,0.050000000500000016,0.05
a_linear,compute_alpha,tau_over_tau_unif,1.7416666666666667,alpha,0.0750000003333332,0.07500000000000001
a_linear,compute_alpha,tau_over_tau_unif,1.7666666666666668,alpha,0.10000000025000003,0.1
a_linear,compute_alpha,tau_over_tau_unif,1.7916666666666667,alpha,0.1250000001999999,0.125
a_linear,compute_alpha,tau_over_tau_unif,1.8166666666666669,alpha,0.1500000001666667,0.15000000000000002
a_linear,compute_alpha,tau_over_tau_unif,1.8416666666666668,alpha,0.17500000014285705,0.17500000000000002
a_linear,compute_alpha,tau_over_tau_unif,1.8666666666666667,alpha,0.20000000012500008,0.2
a_linear,compute_alpha,tau_over_tau_unif,1.8916666666666668,alpha,0.22500000011111104,0.225
a_linear,compute_alpha,tau_over_tau_unif,1.9166666666666667,alpha,0.2500000001,0.25
a_linear,compute_alpha,tau_over_tau_unif,1.9416666666666669,alpha,0.27500000009090897,0.275
a_linear,compute_alpha,tau_over_tau_unif,1.9666666666666668,alpha,0.30000000008333344,0.30000000000000004
a_linear,compute_alpha,tau_over_tau_unif,1.9916666666666667,alpha,0.32500000007692303,0.325
a_linear,compute_alpha,tau_over_tau_unif,2.0166666666666666,alpha,0.3500000000714286,0.35000000000000003
a_linear,compute_alpha,tau_over_tau_unif,2.041666666666667,alpha,0.3750000000666666,0.375
a_linear,compute_alpha,tau_over_tau_unif,2.066666666666667,alpha,0.40000000006250014,0.4
a_linear,compute_alpha,tau_over_tau_unif,2.091666666666667,alpha,0.42500000005882355,0.42500000000000004
a_linear,compute_alpha,tau_over_tau_unif,2.1166666666666667,alpha,0.4500000000555557,0.45
a_linear,compute_alpha,tau_over_tau_unif,2.1416666666666666,alpha,0.47500000005263154,0.47500000000000003
a_linear,compute_alpha,tau_over_tau_unif,2.166666666666667,alpha,0.5000000000499998,0.5
a_linear,compute_alpha,tau_over_tau_unif,2.191666666666667,alpha,0.525000000047619,0.525
a_linear,compute_alpha,tau_over_tau_unif,2.216666666666667,alpha,0.5500000000454547,0.55
a_linear,compute_alpha,tau_over_tau_unif,2.2416666666666667,alpha,0.5750000000434783,0.5750000000000001
a_linear,compute_alpha,tau_over_tau_unif,2.2666666666666666,alpha,0.6000000000416669,0.6000000000000001
a_linear,compute_alpha,tau_over_tau_unif,2.291666666666667,alpha,0.62500000004,0.625
a_linear,compute_alpha,tau_over_tau_unif,2.316666666666667,alpha,0.6500000000384618,0.65
a_linear,compute_alpha,tau_over_tau_unif,2.341666666666667,alpha,0.6750000000370371,0.675
a_linear,compute_alpha,tau_over_tau_unif,2.3666666666666667,alpha,0.7000000000357143,0.7000000000000001
a_linear,compute_alpha,tau_over_tau_unif,2.3916666666666666,alpha,0.7250000000344828,0.7250000000000001
a_linear,compute_alpha,tau_over_tau_unif,2.416666666666667,alpha,0.7500000000333332,0.75
a_linear,compute_alpha,tau_over_tau_unif,2.441666666666667,alpha,0.7750000000322582,0.775
a_linear,compute_alpha,tau_over_tau_unif,2.466666666666667,alpha,0.8000000000312499,0.8
a_linear,compute_alpha,tau_over_tau_unif,2.4916666666666667,alpha,0.825000000030303,0.8250000000000001
a_linear,compute_alpha,tau_over_tau_unif,2.5166666666666666,alpha,0.8500000000294121,0.8500000000000001
a_linear,compute_alpha,tau_over_tau_unif,2.541666666666667,alpha,0.8750000000285711,0.875
a_linear,compute_alpha,tau_over_tau_unif,2.566666666666667,alpha,0.9000000000277778,0.9
a_linear,compute_alpha,tau_over_tau_unif,2.591666666666667,alpha,0.9250000000270272,0.925
a_linear,compute_alpha,tau_over_tau_unif,2.6166666666666667,alpha,0.950000000026316,0.9500000000000001
a_linear,compute_alpha,tau_over_tau_unif,2.6416666666666666,alpha,0.9750000000256412,0.9750000000000001
a_linear,compute_alpha,tau_over_tau_unif,2.666666666666667,alpha,1.000000000025,1.0
a_linear,compute_alpha,tau_over_tau_unif,2.691666666666667,alpha,1.0250000000243904,1.0250000000000001
a_linear,compute_alpha,tau_over_tau_unif,2.716666666666667,alpha,1.0500000000238097,1.05
a_linear,compute_alpha,tau_over_tau_unif,2.7416666666666667,alpha,1.0750000000232558,1.075
a_linear,compute_alpha,tau_over_tau_unif,2.7666666666666666,alpha,1.1000000000227272,1.1
a_linear,compute_alpha,tau_over_tau_unif,2.791666666666667,alpha,1.1250000000222224,1.125
a_linear,compute_alpha,tau_over_tau_unif,2.816666666666667,alpha,1.1500000000217394,1.1500000000000001
a_linear,compute_alpha,tau_over_tau_unif,2.841666666666667,alpha,1.1750000000212764,1.175
a_linear,compute_alpha,tau_over_tau_unif,2.866666666666667,alpha,1.2000000000208333,1.2000000000000002
a_linear,compute_alpha,tau_over_tau_unif,2.8916666666666666,alpha,1.2250000000204084,1.225
a_linear,compute_alpha,tau_over_tau_unif,2.916666666666667,alpha,1.2500000000200004,1.25
a_linear,compute_alpha,tau_over_tau_unif,2.941666666666667,alpha,1.2750000000196078,1.2750000000000001
a_linear,compute_alpha,tau_over_tau_unif,2.966666666666667,alpha,1.3000000000192307,1.3
a_linear,compute_alpha,tau_over_tau_unif,2.991666666666667,alpha,1.3250000000188682,1.3250000000000002
a_linear,compute_alpha,tau_over_tau_unif,3.0166666666666666,alpha,1.3500000000185184,1.35
a_linear,compute_alpha,tau_over_tau_unif,3.041666666666667,alpha,1.375000000018182,1.375
a_linear,compute_alpha,tau_over_tau_unif,3.066666666666667,alpha,1.4000000000178572,1.4000000000000001
a_linear,compute_alpha,tau_over_tau_unif,3.091666666666667,alpha,1.4250000000175436,1.425
a_linear,compute_alpha,tau_over_tau_unif,3.116666666666667,alpha,1.450000000017242,1.4500000000000002
a_linear,compute_alpha,tau_over_tau_unif,3.1416666666666666,alpha,1.4750000000169492,1.475
a_linear,compute_alpha,tau_over_tau_unif,3.166666666666667,alpha,1.5000000000166662,1.5
a_linear,compute_alpha,tau_over_tau_unif,3.191666666666667,alpha,1.525000000016394,1.5250000000000001
a_linear,compute_alpha,tau_over_tau_unif,3.216666666666667,alpha,1.5500000000161287,1.55
a_linear,compute_alpha,tau_over_tau_unif,3.241666666666667,alpha,1.5750000000158728,1.5750000000000002
a_linear,compute_alpha,tau_over_tau_unif,3.2666666666666666,alpha,1.6000000000156251,1.6
a_linear,compute_alpha,tau_over_tau_unif,3.291666666666667,alpha,1.6250000000153844,1.625
a_linear,compute_alpha,tau_over_tau_unif,3.316666666666667,alpha,1.6500000000151522,1.6500000000000001
a_linear,compute_alpha,tau_over_tau_unif,3.341666666666667,alpha,1.6750000000149254,1.675
a_linear,compute_alpha,tau_over_tau_unif,3.366666666666667,alpha,1.7000000000147062,1.7000000000000002
a_linear,compute_alpha,tau_over_tau_unif,3.3916666666666666,alpha,1.725000000014493,1.725
a_linear,compute_alpha,tau_over_tau_unif,3.416666666666667,alpha,1.7500000000142857,1.75
a_linear,compute_alpha,tau_over_tau_unif,3.441666666666667,alpha,1.7750000000140846,1.7750000000000001
a_linear,compute_alpha,tau_over_tau_unif,3.466666666666667,alpha,1.8000000000138892,1.8
a_linear,compute_alpha,tau_over_tau_unif,3.491666666666667,alpha,1.8250000000136983,1.8250000000000002
a_linear,compute_alpha,tau_over_tau_unif,3.5166666666666666,alpha,1.8500000000135133,1.85
a_linear,compute_alpha,tau_over_tau_unif,3.541666666666667,alpha,1.8750000000133336,1.875
a_linear,compute_alpha,tau_over_tau_unif,3.566666666666667,alpha,1.9000000000131583,1.9000000000000001
a_linear,compute_alpha,tau_over_tau_unif,3.591666666666667,alpha,1.9250000000129874,1.925
a_linear,compute_alpha,tau_over_tau_unif,3.616666666666667,alpha,1.9500000000128206,1.9500000000000002
a_linear,compute_alpha,tau_over_tau_unif,3.6416666666666666,alpha,1.9750000000126584,1.975
a_linear,compute_alpha,tau_over_tau_unif,3.666666666666667,alpha,2.0000000000125002,2.0
a_linear,compute_alpha,tau_over_tau_unif,3.6916666666666664,alpha,2.0250000000123456,2.025
a_linear,compute_alpha,tau_over_tau_unif,3.716666666666667,alpha,2.050000000012196,2.0500000000000003
a_linear,compute_alpha,tau_over_tau_unif,3.741666666666667,alpha,2.0750000000120483,2.075
a_linear,compute_alpha,tau_over_tau_unif,3.7666666666666666,alpha,2.1000000000119043,2.1
a_linear,compute_alpha,tau_over_tau_unif,3.791666666666667,alpha,2.125000000011765,2.125
a_linear,compute_alpha,tau_over_tau_unif,3.8166666666666664,alpha,2.1500000000116275,2.15
a_linear,compute_alpha,tau_over_tau_unif,3.841666666666667,alpha,2.1750000000114946,2.1750000000000003
a_linear,compute_alpha,tau_over_tau_unif,3.866666666666667,alpha,2.2000000000113635,2.2
a_linear,compute_alpha,tau_over_tau_unif,3.8916666666666666,alpha,2.225000000011236,2.225
a_linear,compute_alpha,tau_over_tau_unif,3.916666666666667,alpha,2.250000000011111,2.25
a_linear,compute_alpha,tau_over_tau_unif,3.9416666666666664,alpha,2.2750000000109893,2.275
a_linear,compute_alpha,tau_over_tau_unif,3.966666666666667,alpha,2.30000000001087,2.3000000000000003
a_linear,compute_alpha,tau_over_tau_unif,3.991666666666667,alpha,2.3250000000107534,2.325
a_linear,compute_alpha,tau_over_tau_unif,4.016666666666667,alpha,2.3500000000106382,2.35
a_linear,compute_alpha,tau_over_tau_unif,4.041666666666667,alpha,2.375000000010526,2.375
a_linear,compute_alpha,tau_over_tau_unif,4.066666666666667,alpha,2.400000000010417,2.4000000000000004
a_linear,compute_alpha,tau_over_tau_unif,4.091666666666667,alpha,2.425000000010309,2.4250000000000003
a_linear,compute_alpha,tau_over_tau_unif,4.116666666666667,alpha,2.4500000000102045,2.45
a_linear,compute_alpha,tau_over_tau_unif,4.141666666666667,alpha,2.475000000010101,2.475
a_linear,compute_alpha,tau_over_tau_unif,4.166666666666667,alpha,2.50000000001,2.5
a_linear,compute_alpha,tau_over_tau_unif,4.191666666666667,alpha,2.5250000000099018,2.5250000000000004
a_linear,compute_alpha,tau_over_tau_unif,4.216666666666667,alpha,2.5500000000098044,2.5500000000000003
a_linear,compute_alpha,tau_over_tau_unif,4.241666666666667,alpha,2.5750000000097084,2.575
a_linear,compute_alpha,tau_over_tau_unif,4.266666666666667,alpha,2.600000000009616,2.6
a_linear,compute_alpha,tau_over_tau_unif,4.291666666666667,alpha,2.625000000009524,2.625
a_linear,compute_alpha,tau_over_tau_unif,4.316666666666667,alpha,2.6500000000094346,2.6500000000000004
a_linear,compute_alpha,tau_over_tau_unif,4.341666666666667,alpha,2.675000000009346,2.6750000000000003
a_linear,compute_alpha,tau_over_tau_unif,4.366666666666667,alpha,2.700000000009259,2.7
a_linear,compute_alpha,tau_over_tau_unif,4.391666666666667,alpha,2.7250000000091745,2.725
a_linear,compute_alpha,tau_over_tau_unif,4.416666666666667,alpha,2.7500000000090914,2.75
a_linear,compute_alpha,tau_over_tau_unif,4.441666666666667,alpha,2.775000000009009,2.7750000000000004
a_linear,compute_alpha,tau_over_tau_unif,4.466666666666667,alpha,2.8000000000089296,2.8000000000000003
a_linear,compute_alpha,tau_over_tau_unif,4.491666666666667,alpha,2.82500000000885,2.825
a_linear,compute_alpha,tau_over_tau_unif,4.516666666666667,alpha,2.850000000008772,2.85
a_linear,compute_alpha,tau_over_tau_unif,4.541666666666667,alpha,2.8750000000086966,2.875
a_linear,compute_alpha,tau_over_tau_unif,4.566666666666667,alpha,2.900000000008621,2.9000000000000004
a_linear,compute_alpha,tau_over_tau_unif,4.591666666666667,alpha,2.925000000008548,2.9250000000000003
a_linear,compute_alpha,tau_over_tau_unif,4.616666666666667,alpha,2.950000000008475,2.95
a_linear,compute_alpha,tau_over_tau_unif,4.641666666666667,alpha,2.9750000000084036,2.975
a_linear,compute_alpha,tau_over_tau_unif,4.666666666666667,alpha,3.000000000008333,3.0
a_linear,compute_alpha,tau_over_tau_unif,4.691666666666667,alpha,3.025000000008265,3.0250000000000004
a_linear,compute_alpha,tau_over_tau_unif,4.716666666666667,alpha,3.050000000008197,3.0500000000000003
a_linear,compute_alpha,tau_over_tau_unif,4.741666666666667,alpha,3.0750000000081306,3.075
a_linear,compute_alpha,tau_over_tau_unif,4.766666666666667,alpha,3.100000000008065,3.1
a_linear,compute_alpha,tau_over_tau_unif,4.791666666666667,alpha,3.125000000008,3.125
a_linear,compute_alpha,tau_over_tau_unif,4.816666666666667,alpha,3.150000000007937,3.1500000000000004
a_linear,compute_alpha,tau_over_tau_unif,4.841666666666667,alpha,3.1750000000078744,3.1750000000000003
a_linear,compute_alpha,tau_over_tau_unif,4.866666666666667,alpha,3.2000000000078135,3.2
a_linear,compute_alpha,tau_over_tau_unif,4.891666666666667,alpha,3.2250000000077526,3.225
a_linear,compute_alpha,tau_over_tau_unif,4.916666666666667,alpha,3.2500000000076925,3.25
a_linear,compute_alpha,tau_over_tau_unif,4.941666666666667,alpha,3.2750000000076342,3.2750000000000004
a_linear,compute_alpha,tau_over_tau_unif,4.966666666666667,alpha,3.300000000007576,3.3000000000000003
a_linear,compute_alpha,tau_over_tau_unif,4.991666666666667,alpha,3.3250000000075186,3.325
a_linear,compute_alpha,tau_over_tau_unif,5.016666666666667,alpha,3.350000000007463,3.35
a_linear,compute_alpha,tau_over_tau_unif,5.041666666666667,alpha,3.375000000007408,3.375
a_linear,compute_alpha,tau_over_tau_unif,5.066666666666667,alpha,3.400000000007354,3.4000000000000004
a_linear,compute_alpha,tau_over_tau_unif,5.091666666666667,alpha,3.4250000000072998,3.4250000000000003
a_linear,compute_alpha,tau_over_tau_unif,5.116666666666667,alpha,3.450000000007247,3.45
a_linear,compute_alpha,tau_over_tau_unif,5.141666666666667,alpha,3.4750000000071952,3.475
a_linear,compute_alpha,tau_over_tau_unif,5.166666666666667,alpha,3.5000000000071436,3.5
a_linear,compute_alpha,tau_over_tau_unif,5.191666666666667,alpha,3.5250000000070933,3.5250000000000004
a_linear,compute_alpha,tau_over_tau_unif,5.216666666666667,alpha,3.550000000007043,3.5500000000000003
a_linear,compute_alpha,tau_over_tau_unif,5.241666666666667,alpha,3.575000000006993,3.575
a_linear,compute_alpha,tau_over_tau_unif,5.266666666666667,alpha,3.6000000000069443,3.6
a_linear,compute_alpha,tau_over_tau_unif,5.291666666666667,alpha,3.6250000000068967,3.625
a_linear,compute_alpha,tau_over_tau_unif,5.316666666666667,alpha,3.65000000000685,3.6500000000000004
a_linear,compute_alpha,tau_over_tau_unif,5.341666666666667,alpha,3.675000000006804,3.6750000000000003
a_linear,compute_alpha,tau_over_tau_unif,5.366666666666667,alpha,3.7000000000067574,3.7
a_linear,compute_alpha,tau_over_tau_unif,5.391666666666667,alpha,3.7250000000067116,3.725
a_linear,compute_alpha,tau_over_tau_unif,5.416666666666667,alpha,3.7500000000066676,3.75
a_linear,compute_alpha,tau_over_tau_unif,5.441666666666667,alpha,3.7750000000066226,3.7750000000000004
a_linear,compute_alpha,tau_over_tau_unif,5.466666666666667,alpha,3.8000000000065803,3.8000000000000003
a_linear,compute_alpha,tau_over_tau_unif,5.491666666666667,alpha,3.8250000000065367,3.825
a_linear,compute_alpha,tau_over_tau_unif,5.516666666666667,alpha,3.8500000000064936,3.85
a_linear,compute_alpha,tau_over_tau_unif,5.541666666666667,alpha,3.8750000000064517,3.875
a_linear,compute_alpha,tau_over_tau_unif,5.566666666666667,alpha,3.9000000000064112,3.9000000000000004
a_linear,compute_alpha,tau_over_tau_unif,5.591666666666667,alpha,3.92500000000637,3.9250000000000003
a_linear,compute_alpha,tau_over_tau_unif,5.616666666666667,alpha,3.9500000000063302,3.95
a_linear,compute_alpha,tau_over_tau_unif,5.641666666666667,alpha,3.9750000000062897,3.975
a_linear,compute_alpha,tau_over_tau_unif,5.666666666666667,alpha,4.000000000006249,4.0
a_linear,compute_alpha,tau_over_tau_unif,5.691666666666667,alpha,4.025000000006211,4.025
a_linear,compute_alpha,tau_over_tau_unif,5.716666666666667,alpha,4.0500000000061736,4.05
a_linear,compute_alpha,tau_over_tau_unif,5.741666666666667,alpha,4.075000000006135,4.075
a_linear,compute_alpha,tau_over_tau_unif,5.7666666666666675,alpha,4.100000000006098,4.1000000000000005
a_linear,compute_alpha,tau_over_tau_unif,5.791666666666667,alpha,4.125000000006061,4.125
a_linear,compute_alpha,tau_over_tau_unif,5.816666666666667,alpha,4.150000000006026,4.15
a_linear,compute_alpha,tau_over_tau_unif,5.841666666666667,alpha,4.175000000005989,4.175
a_linear,compute_alpha,tau_over_tau_unif,5.866666666666667,alpha,4.200000000005952,4.2
a_linear,compute_alpha,tau_over_tau_unif,5.8916666666666675,alpha,4.225000000005918,4.2250000000000005
a_linear,compute_alpha,tau_over_tau_unif,5.916666666666667,alpha,4.250000000005882,4.25
a_linear,compute_alpha,tau_over_tau_unif,5.941666666666667,alpha,4.275000000005849,4.275
a_linear,compute_alpha,tau_over_tau_unif,5.966666666666667,alpha,4.300000000005815,4.3
a_linear,compute_alpha,tau_over_tau_unif,5.991666666666667,alpha,4.32500000000578,4.325
a_linear,compute_alpha,tau_over_tau_unif,6.0166666666666675,alpha,4.350000000005748,4.3500000000000005
a_linear,compute_alpha,tau_over_tau_unif,6.041666666666667,alpha,4.3750000000057145,4.375
a_linear,compute_alpha,tau_over_tau_unif,6.066666666666667,alpha,4.400000000005682,4.4
a_linear,compute_alpha,tau_over_tau_unif,6.091666666666667,alpha,4.4250000000056495,4.425
a_linear,compute_alpha,tau_over_tau_unif,6.116666666666667,alpha,4.450000000005618,4.45
a_linear,compute_alpha,tau_over_tau_unif,6.1416666666666675,alpha,4.475000000005588,4.4750000000000005
a_linear,compute_alpha,tau_over_tau_unif,6.166666666666667,alpha,4.5000000000055564,4.5
a_linear,compute_alpha,tau_over_tau_unif,6.191666666666667,alpha,4.525000000005525,4.525
a_linear,compute_alpha,tau_over_tau_unif,6.216666666666667,alpha,4.550000000005494,4.55
a_linear,compute_alpha,tau_over_tau_unif,6.241666666666667,alpha,4.575000000005465,4.575
a_linear,compute_alpha,tau_over_tau_unif,6.2666666666666675,alpha,4.600000000005436,4.6000000000000005
a_linear,compute_alpha,tau_over_tau_unif,6.291666666666667,alpha,4.6250000000054055,4.625
a_linear,compute_alpha,tau_over_tau_unif,6.316666666666667,alpha,4.6500000000053765,4.65
a_linear,compute_alpha,tau_over_tau_unif,6.341666666666667,alpha,4.6750000000053475,4.675
a_linear,compute_alpha,tau_over_tau_unif,6.366666666666667,alpha,4.70000000000532,4.7
a_linear,compute_alpha,tau_over_tau_unif,6.3916666666666675,alpha,4.725000000005291,4.7250000000000005
a_linear,compute_alpha,tau_over_tau_unif,6.416666666666667,alpha,4.750000000005263,4.75
a_linear,compute_alpha,tau_over_tau_unif,6.441666666666667,alpha,4.775000000005235,4.775
a_linear,compute_alpha,tau_over_tau_unif,6.466666666666668,alpha,4.80000000000521,4.800000000000001
a_linear,compute_alpha,tau_over_tau_unif,6.491666666666667,alpha,4.825000000005183,4.825
a_linear,compute_alpha,tau_over_tau_unif,6.5166666666666675,alpha,4.850000000005155,4.8500000000000005
a_linear,compute_alpha,tau_over_tau_unif,6.541666666666667,alpha,4.875000000005128,4.875
a_linear,compute_alpha,tau_over_tau_unif,6.566666666666667,alpha,4.900000000005104,4.9
a_linear,compute_alpha,tau_over_tau_unif,6.591666666666668,alpha,4.925000000005077,4.925000000000001
a_linear,compute_alpha,tau_over_tau_unif,6.616666666666667,alpha,4.95000000000505,4.95
a_linear,compute_alpha,tau_over_tau_unif,6.6416666666666675,alpha,4.975000000005026,4.9750000000000005
a_linear,compute_alpha,tau_over_tau_unif,6.666666666666667,alpha,5.0000000000050004,5.0
a_linear,compute_alpha,tau_over_tau_unif,6.691666666666667,alpha,5.025000000004976,5.025
a_linear,compute_alpha,tau_over_tau_unif,6.716666666666668,alpha,5.050000000004951,5.050000000000001
a_linear,compute_alpha,tau_over_tau_unif,6.741666666666667,alpha,5.075000000004926,5.075
a_linear,compute_alpha,tau_over_tau_unif,6.7666666666666675,alpha,5.100000000004902,5.1000000000000005
a_linear,compute_alpha,tau_over_tau_unif,6.791666666666667,alpha,5.125000000004879,5.125
a_linear,compute_alpha,tau_over_tau_unif,6.816666666666667,alpha,5.150000000004855,5.15
a_linear,compute_alpha,tau_over_tau_unif,6.841666666666668,alpha,5.1750000000048315,5.175000000000001
a_linear,compute_alpha,tau_over_tau_unif,6.866666666666667,alpha,5.200000000004808,5.2
a_linear,compute_alpha,tau_over_tau_unif,6.8916666666666675,alpha,5.225000000004786,5.2250000000000005
a_linear,compute_alpha,tau_over_tau_unif,6.916666666666667,alpha,5.250000000004762,5.25
a_linear,compute_alpha,tau_over_tau_unif,6.941666666666667,alpha,5.27500000000474,5.275
a_linear,compute_alpha,tau_over_tau_unif,6.966666666666668,alpha,5.300000000004717,5.300000000000001
a_linear,compute_alpha,tau_over_tau_unif,6.991666666666667,alpha,5.325000000004695,5.325
a_linear,compute_alpha,tau_over_tau_unif,7.0166666666666675,alpha,5.350000000004674,5.3500000000000005
a_linear,compute_alpha,tau_over_tau_unif,7.041666666666667,alpha,5.375000000004652,5.375
a_linear,compute_alpha,tau_over_tau_unif,7.066666666666667,alpha,5.4000000000046295,5.4
a_linear,compute_alpha,tau_over_tau_unif,7.091666666666668,alpha,5.42500000000461,5.425000000000001
a_linear,compute_alpha,tau_over_tau_unif,7.116666666666667,alpha,5.450000000004588,5.45
a_linear,compute_alpha,tau_over_tau_unif,7.1416666666666675,alpha,5.475000000004567,5.4750000000000005
a_linear,compute_alpha,tau_over_tau_unif,7.166666666666667,alpha,5.500000000004546,5.5
a_linear,compute_alpha,tau_over_tau_unif,7.191666666666667,alpha,5.525000000004525,5.525
a_linear,compute_alpha,tau_over_tau_unif,7.216666666666668,alpha,5.5500000000045056,5.550000000000001
a_linear,compute_alpha,tau_over_tau_unif,7.241666666666667,alpha,5.575000000004483,5.575
a_linear,compute_alpha,tau_over_tau_unif,7.2666666666666675,alpha,5.600000000004465,5.6000000000000005
a_linear,compute_alpha,tau_over_tau_unif,7.291666666666667,alpha,5.6250000000044444,5.625
a_linear,compute_alpha,tau_over_tau_unif,7.316666666666667,alpha,5.650000000004425,5.65
a_linear,compute_alpha,tau_over_tau_unif,7.341666666666668,alpha,5.675000000004406,5.675000000000001
a_linear,compute_alpha,tau_over_tau_unif,7.366666666666667,alpha,5.700000000004386,5.7
a_linear,compute_alpha,tau_over_tau_unif,7.3916666666666675,alpha,5.725000000004368,5.7250000000000005
a_linear,compute_alpha,tau_over_tau_unif,7.416666666666667,alpha,5.7500000000043485,5.75
a_linear,compute_alpha,tau_over_tau_unif,7.441666666666667,alpha,5.7750000000043284,5.775
a_linear,compute_alpha,tau_over_tau_unif,7.466666666666668,alpha,5.800000000004311,5.800000000000001
a_linear,compute_alpha,tau_over_tau_unif,7.491666666666667,alpha,5.825000000004292,5.825
a_linear,compute_alpha,tau_over_tau_unif,7.5166666666666675,alpha,5.850000000004274,5.8500000000000005
a_linear,compute_alpha,tau_over_tau_unif,7.541666666666667,alpha,5.875000000004255,5.875
a_linear,compute_alpha,tau_over_tau_unif,7.566666666666667,alpha,5.900000000004238,5.9
a_linear,compute_alpha,tau_over_tau_unif,7.591666666666668,alpha,5.9250000000042204,5.925000000000001
a_linear,compute_alpha,tau_over_tau_unif,7.616666666666667,alpha,5.950000000004202,5.95
a_linear,compute_alpha,tau_over_tau_unif,7.6416666666666675,alpha,5.975000000004186,5.9750000000000005
a_linear,compute_alpha,tau_over_tau_unif,7.666666666666667,alpha,6.000000000004166,6.0
a_linear,compute_alpha,tau_over_tau_unif,7.691666666666667,alpha,6.02500000000415,6.025
a_linear,compute_alpha,tau_over_tau_unif,7.716666666666668,alpha,6.0500000000041325,6.050000000000001
a_linear,compute_alpha,tau_over_tau_unif,7.741666666666667,alpha,6.075000000004115,6.075
a_linear,compute_alpha,tau_over_tau_unif,7.7666666666666675,alpha,6.100000000004098,6.1000000000000005
a_linear,compute_alpha,tau_over_tau_unif,7.791666666666667,alpha,6.125000000004082,6.125
a_linear,compute_alpha,tau_over_tau_unif,7.816666666666667,alpha,6.1500000000040655,6.15
a_linear,compute_alpha,tau_over_tau_unif,7.841666666666668,alpha,6.175000000004049,6.175000000000001
a_linear,compute_alpha,tau_over_tau_unif,7.866666666666667,alpha,6.200000000004033,6.2
a_linear,compute_alpha,tau_over_tau_unif,7.8916666666666675,alpha,6.225000000004017,6.2250000000000005
a_linear,compute_alpha,tau_over_tau_unif,7.916666666666667,alpha,6.250000000004,6.25
a_linear,compute_alpha,tau_over_tau_unif,7.941666666666667,alpha,6.275000000003985,6.275
a_linear,compute_alpha,tau_over_tau_unif,7.966666666666668,alpha,6.300000000003968,6.300000000000001
a_linear,compute_alpha,tau_over_tau_unif,7.991666666666667,alpha,6.325000000003952,6.325
a_linear,compute_alpha,tau_over_tau_unif,8.016666666666667,alpha,6.350000000003938,6.3500000000000005
a_linear,compute_alpha,tau_over_tau_unif,8.041666666666666,alpha,6.375000000003922,6.375
a_linear,compute_alpha,tau_over_tau_unif,8.066666666666666,alpha,6.400000000003907,6.4
a_linear,compute_alpha,tau_over_tau_unif,8.091666666666667,alpha,6.425000000003892,6.425000000000001
a_linear,compute_alpha,tau_over_tau_unif,8.116666666666667,alpha,6.450000000003876,6.45
a_linear,compute_alpha,tau_over_tau_unif,8.141666666666667,alpha,6.4750000000038614,6.4750000000000005
a_linear,compute_alpha,tau_over_tau_unif,8.166666666666666,alpha,6.500000000003846,6.5
a_linear,compute_alpha,tau_over_tau_unif,8.191666666666666,alpha,6.525000000003833,6.525
a_linear,compute_alpha,tau_over_tau_unif,8.216666666666667,alpha,6.550000000003818,6.550000000000001
a_linear,compute_alpha,tau_over_tau_unif,8.241666666666667,alpha,6.5750000000038025,6.575
a_linear,compute_alpha,tau_over_tau_unif,8.266666666666667,alpha,6.600000000003789,6.6000000000000005
a_linear,compute_alpha,tau_over_tau_unif,8.291666666666666,alpha,6.625000000003774,6.625
a_linear,compute_alpha,tau_over_tau_unif,8.316666666666666,alpha,6.650000000003759,6.65
a_linear,compute_alpha,tau_over_tau_unif,8.341666666666667,alpha,6.675000000003746,6.675000000000001
a_linear,compute_alpha,tau_over_tau_unif,8.366666666666667,alpha,6.700000000003731,6.7
a_linear,compute_alpha,tau_over_tau_unif,8.391666666666667,alpha,6.725000000003719,6.7250000000000005
a_linear,compute_alpha,tau_over_tau_unif,8.416666666666666,alpha,6.750000000003705,6.75
a_linear,compute_alpha,tau_over_tau_unif,8.441666666666666,alpha,6.77500000000369,6.775
a_linear,compute_alpha,tau_over_tau_unif,8.466666666666667,alpha,6.800000000003678,6.800000000000001
a_linear,compute_alpha,tau_over_tau_unif,8.491666666666667,alpha,6.825000000003664,6.825
a_linear,compute_alpha,tau_over_tau_unif,8.516666666666667,alpha,6.850000000003649,6.8500000000000005
a_linear,compute_alpha,tau_over_tau_unif,8.541666666666666,alpha,6.875000000003635,6.875
a_linear,compute_alpha,tau_over_tau_unif,8.566666666666666,alpha,6.900000000003624,6.9
a_linear,compute_alpha,tau_over_tau_unif,8.591666666666667,alpha,6.925000000003611,6.925000000000001
a_linear,compute_alpha,tau_over_tau_unif,8.616666666666667,alpha,6.950000000003597,6.95
a_linear,compute_alpha,tau_over_tau_unif,8.641666666666667,alpha,6.975000000003584,6.9750000000000005
a_linear,compute_alpha,tau_over_tau_unif,8.666666666666666,alpha,7.000000000003571,7.0
a_linear,compute_alpha,tau_over_tau_unif,8.691666666666666,alpha,7.025000000003559,7.025
a_linear,compute_alpha,tau_over_tau_unif,8.716666666666667,alpha,7.050000000003548,7.050000000000001
a_linear,compute_alpha,tau_over_tau_unif,8.741666666666667,alpha,7.0750000000035325,7.075
a_linear,compute_alpha,tau_over_tau_unif,8.766666666666667,alpha,7.100000000003522,7.1000000000000005
a_linear,compute_alpha,tau_over_tau_unif,8.791666666666666,alpha,7.125000000003508,7.125
a_linear,compute_alpha,tau_over_tau_unif,8.816666666666666,alpha,7.150000000003496,7.15
a_linear,compute_alpha,tau_over_tau_unif,8.841666666666667,alpha,7.175000000003484,7.175000000000001
a_linear,compute_alpha,tau_over_tau_unif,8.866666666666667,alpha,7.200000000003472,7.2
a_linear,compute_alpha,tau_over_tau_unif,8.891666666666667,alpha,7.225000000003461,7.2250000000000005
a_linear,compute_alpha,tau_over_tau_unif,8.916666666666666,alpha,7.250000000003448,7.25
a_linear,compute_alpha,tau_over_tau_unif,8.941666666666666,alpha,7.275000000003438,7.275
a_linear,compute_alpha,tau_over_tau_unif,8.966666666666667,alpha,7.3000000000034255,7.300000000000001
a_linear,compute_alpha,tau_over_tau_unif,8.991666666666667,alpha,7.3250000000034134,7.325
a_linear,compute_alpha,tau_over_tau_unif,9.016666666666667,alpha,7.350000000003401,7.3500000000000005
a_linear,compute_alpha,tau_over_tau_unif,9.041666666666666,alpha,7.375000000003389,7.375
a_linear,compute_alpha,tau_over_tau_unif,9.066666666666666,alpha,7.400000000003377,7.4
a_linear,compute_alpha,tau_over_tau_unif,9.091666666666667,alpha,7.425000000003368,7.425000000000001
a_linear,compute_alpha,tau_over_tau_unif,9.116666666666667,alpha,7.450000000003357,7.45
a_linear,compute_alpha,tau_over_tau_unif,9.141666666666667,alpha,7.4750000000033445,7.4750000000000005
a_linear,compute_alpha,tau_over_tau_unif,9.166666666666666,alpha,7.500000000003334,7.5
a_linear,compute_alpha,tau_over_tau_unif,9.191666666666666,alpha,7.525000000003322,7.525
a_linear,compute_alpha,tau_over_tau_unif,9.216666666666667,alpha,7.550000000003312,7.550000000000001
a_linear,compute_alpha,tau_over_tau_unif,9.241666666666667,alpha,7.575000000003301,7.575
a_linear,compute_alpha,tau_over_tau_unif,9.266666666666667,alpha,7.600000000003291,7.6000000000000005
a_linear,compute_alpha,tau_over_tau_unif,9.291666666666666,alpha,7.625000000003277,7.625
a_linear,compute_alpha,tau_over_tau_unif,9.316666666666666,alpha,7.650000000003269,7.65
a_linear,compute_alpha,tau_over_tau_unif,9.341666666666667,alpha,7.6750000000032585,7.675000000000001
a_linear,compute_alpha,tau_over_tau_unif,9.366666666666667,alpha,7.7000000000032465,7.7
a_linear,compute_alpha,tau_over_tau_unif,9.391666666666667,alpha,7.725000000003236,7.7250000000000005
a_linear,compute_alpha,tau_over_tau_unif,9.416666666666666,alpha,7.750000000003226,7.75
a_linear,compute_alpha,tau_over_tau_unif,9.441666666666666,alpha,7.775000000003216,7.775
a_linear,compute_alpha,tau_over_tau_unif,9.466666666666667,alpha,7.800000000003207,7.800000000000001
a_linear,compute_alpha,tau_over_tau_unif,9.491666666666667,alpha,7.825000000003196,7.825
a_linear,compute_alpha,tau_over_tau_unif,9.516666666666667,alpha,7.8500000000031855,7.8500000000000005
a_linear,compute_alpha,tau_over_tau_unif,9.541666666666666,alpha,7.875000000003174,7.875
a_linear,compute_alpha,tau_over_tau_unif,9.566666666666666,alpha,7.900000000003165,7.9
a_linear,compute_alpha,tau_over_tau_unif,9.591666666666667,alpha,7.925000000003155,7.925000000000001
a_linear,compute_alpha,tau_over_tau_unif,9.616666666666667,alpha,7.950000000003143,7.95
a_linear,compute_alpha,tau_over_tau_unif,9.641666666666667,alpha,7.975000000003135,7.9750000000000005
a_linear,compute_alpha,tau_over_tau_unif,9.666666666666666,alpha,8.000000000003125,8.0
a_linear,compute_alpha,tau_over_tau_unif,9.691666666666666,alpha,8.025000000003116,8.025
a_linear,compute_alpha,tau_over_tau_unif,9.716666666666667,alpha,8.050000000003106,8.05
a_linear,compute_alpha,tau_over_tau_unif,9.741666666666667,alpha,8.075000000003097,8.075000000000001
a_linear,compute_alpha,tau_over_tau_unif,9.766666666666666,alpha,8.100000000003085,8.1
a_linear,compute_alpha,tau_over_tau_unif,9.791666666666666,alpha,8.125000000003077,8.125
a_linear,compute_alpha,tau_over_tau_unif,9.816666666666666,alpha,8.150000000003068,8.15
a_linear,compute_alpha,tau_over_tau_unif,9.841666666666667,alpha,8.17500000000306,8.175
a_linear,compute_alpha,tau_over_tau_unif,9.866666666666667,alpha,8.200000000003051,8.200000000000001
a_linear,compute_alpha,tau_over_tau_unif,9.891666666666666,alpha,8.225000000003039,8.225
a_linear,compute_alpha,tau_over_tau_unif,9.916666666666666,alpha,8.25000000000303,8.25
a_linear,compute_alpha,tau_over_tau_unif,9.941666666666666,alpha,8.275000000003022,8.275
a_linear,compute_alpha,tau_over_tau_unif,9.966666666666667,alpha,8.300000000003013,8.3
a_linear,compute_alpha,tau_over_tau_unif,9.991666666666667,alpha,8.325000000003005,8.325000000000001
a_linear,compute_alpha,tau_over_tau_unif,10.016666666666666,alpha,8.350000000002993,8.35
a_linear,compute_alpha,tau_over_tau_unif,10.041666666666666,alpha,8.375000000002984,8.375
a_linear,compute_alpha,tau_over_tau_unif,10.066666666666666,alpha,8.400000000002976,8.4
a_linear,compute_alpha,tau_over_tau_unif,10.091666666666667,alpha,8.425000000002967,8.425
a_linear,compute_alpha,tau_over_tau_unif,10.116666666666667,alpha,8.450000000002959,8.450000000000001
a_linear,compute_alpha,tau_over_tau_unif,10.141666666666666,alpha,8.47500000000295,8.475
a_linear,compute_alpha,tau_over_tau_unif,10.166666666666666,alpha,8.500000000002942,8.5
a_linear,compute_alpha,tau_over_tau_unif,10.191666666666666,alpha,8.525000000002933,8.525
a_linear,compute_alpha,tau_over_tau_unif,10.216666666666667,alpha,8.550000000002925,8.55
a_linear,compute_alpha,tau_over_tau_unif,10.241666666666667,alpha,8.575000000002916,8.575000000000001
a_linear,compute_alpha,tau_over_tau_unif,10.266666666666666,alpha,8.600000000002908,8.6
a_linear,compute_alpha,tau_over_tau_unif,10.291666666666666,alpha,8.625000000002899,8.625
a_linear,compute_alpha,tau_over_tau_unif,10.316666666666666,alpha,8.65000000000289,8.65
a_linear,compute_alpha,tau_over_tau_unif,10.341666666666667,alpha,8.675000000002882,8.675
a_linear,compute_alpha,tau_over_tau_unif,10.366666666666667,alpha,8.700000000002873,8.700000000000001
a_linear,compute_alpha,tau_over_tau_unif,10.391666666666666,alpha,8.725000000002865,8.725
a_linear,compute_alpha,tau_over_tau_unif,10.416666666666666,alpha,8.750000000002856,8.75
a_linear,compute_alpha,tau_over_tau_unif,10.441666666666666,alpha,8.77500000000285,8.775
a_linear,compute_alpha,tau_over_tau_unif,10.466666666666667,alpha,8.800000000002843,8.8
a_linear,compute_alpha,tau_over_tau_unif,10.491666666666667,alpha,8.825000000002834,8.825000000000001
a_linear,compute_alpha,tau_over_tau_unif,10.516666666666666,alpha,8.850000000002824,8.85
a_linear,compute_alpha,tau_over_tau_unif,10.541666666666666,alpha,8.875000000002817,8.875
a_linear,compute_alpha,tau_over_tau_unif,10.566666666666666,alpha,8.900000000002809,8.9
a_linear,compute_alpha,tau_over_tau_unif,10.591666666666667,alpha,8.925000000002802,8.925
a_linear,compute_alpha,tau_over_tau_unif,10.616666666666667,alpha,8.950000000002795,8.950000000000001
a_linear,compute_alpha,tau_over_tau_unif,10.641666666666666,alpha,8.975000000002785,8.975
a_linear,compute_alpha,tau_over_tau_unif,10.666666666666666,alpha,9.000000000002778,9.0
a_linear,compute_alpha,tau_over_tau_unif,10.691666666666666,alpha,9.02500000000277,9.025
a_linear,compute_alpha,tau_over_tau_unif,10.716666666666667,alpha,9.050000000002763,9.05
a_linear,compute_alpha,tau_over_tau_unif,10.741666666666667,alpha,9.075000000002756,9.075000000000001
a_linear,compute_alpha,tau_over_tau_unif,10.766666666666666,alpha,9.100000000002748,9.1
a_linear,compute_alpha,tau_over_tau_unif,10.791666666666666,alpha,9.12500000000274,9.125
a_linear,compute_alpha,tau_over_tau_unif,10.816666666666666,alpha,9.150000000002732,9.15
a_linear,compute_alpha,tau_over_tau_unif,10.841666666666667,alpha,9.175000000002726,9.175
a_linear,compute_alpha,tau_over_tau_unif,10.866666666666667,alpha,9.200000000002717,9.200000000000001
a_linear,compute_alpha,tau_over_tau_unif,10.891666666666666,alpha,9.225000000002709,9.225
a_linear,compute_alpha,tau_over_tau_unif,10.916666666666666,alpha,9.250000000002704,9.25
a_linear,compute_alpha,tau_over_tau_unif,10.941666666666666,alpha,9.275000000002695,9.275
a_linear,compute_alpha,tau_over_tau_unif,10.966666666666667,alpha,9.30000000000269,9.3
a_linear,compute_alpha,tau_over_tau_unif,10.991666666666667,alpha,9.325000000002682,9.325000000000001
a_linear,compute_alpha,tau_over_tau_unif,11.016666666666666,alpha,9.350000000002673,9.35
a_linear,compute_alpha,tau_over_tau_unif,11.041666666666666,alpha,9.375000000002666,9.375
a_linear,compute_alpha,tau_over_tau_unif,11.066666666666666,alpha,9.40000000000266,9.4
a_linear,compute_alpha,tau_over_tau_unif,11.091666666666667,alpha,9.425000000002653,9.425
a_linear,compute_alpha,tau_over_tau_unif,11.116666666666667,alpha,9.450000000002646,9.450000000000001
a_linear,compute_alpha,tau_over_tau_unif,11.141666666666666,alpha,9.475000000002638,9.475
a_linear,compute_alpha,tau_over_tau_unif,11.166666666666666,alpha,9.500000000002633,9.5
a_linear,compute_alpha,tau_over_tau_unif,11.191666666666666,alpha,9.525000000002628,9.525
a_linear,compute_alpha,tau_over_tau_unif,11.216666666666667,alpha,9.550000000002619,9.55
a_linear,compute_alpha,tau_over_tau_unif,11.241666666666667,alpha,9.575000000002612,9.575000000000001
a_linear,compute_alpha,tau_over_tau_unif,11.266666666666667,alpha,9.600000000002606,9.600000000000001
a_linear,compute_alpha,tau_over_tau_unif,11.291666666666666,alpha,9.625000000002597,9.625
a_linear,compute_alpha,tau_over_tau_unif,11.316666666666666,alpha,9.650000000002592,9.65
a_linear,compute_alpha,tau_over_tau_unif,11.341666666666667,alpha,9.675000000002587,9.675
a_linear,compute_alpha,tau_over_tau_unif,11.366666666666667,alpha,9.70000000000258,9.700000000000001
a_linear,compute_alpha,tau_over_tau_unif,11.391666666666667,alpha,9.725000000002574,9.725000000000001
a_linear,compute_alpha,tau_over_tau_unif,11.416666666666666,alpha,9.750000000002565,9.75
a_linear,compute_alpha,tau_over_tau_unif,11.441666666666666,alpha,9.775000000002558,9.775
a_linear,compute_alpha,tau_over_tau_unif,11.466666666666667,alpha,9.800000000002552,9.8
a_linear,compute_alpha,tau_over_tau_unif,11.491666666666667,alpha,9.825000000002547,9.825000000000001
a_linear,compute_alpha,tau_over_tau_unif,11.516666666666667,alpha,9.850000000002538,9.850000000000001
a_linear,compute_alpha,tau_over_tau_unif,11.541666666666666,alpha,9.875000000002531,9.875
a_linear,compute_alpha,tau_over_tau_unif,11.566666666666666,alpha,9.900000000002525,9.9
a_linear,compute_alpha,tau_over_tau_unif,11.591666666666667,alpha,9.925000000002521,9.925
a_linear,compute_alpha,tau_over_tau_unif,11.616666666666667,alpha,9.950000000002515,9.950000000000001
a_linear,compute_alpha,tau_over_tau_unif,11.641666666666667,alpha,9.975000000002508,9.975000000000001
a_linear,compute_alpha,tau_over_tau_unif,11.666666666666666,alpha,10.000000000002501,10.0
a_linear,compute_alpha,tau_over_tau_unif,11.691666666666666,alpha,10.025000000002494,10.025
a_linear,compute_alpha,tau_over_tau_unif,11.716666666666667,alpha,10.050000000002488,10.05
a_linear,compute_alpha,tau_over_tau_unif,11.741666666666667,alpha,10.075000000002483,10.075000000000001
a_linear,compute_alpha,tau_over_tau_unif,11.766666666666667,alpha,10.100000000002478,10.100000000000001
a_linear,compute_alpha,tau_over_tau_unif,11.791666666666666,alpha,10.12500000000247,10.125
a_linear,compute_alpha,tau_over_tau_unif,11.816666666666666,alpha,10.150000000002464,10.15
a_linear,compute_alpha,tau_over_tau_unif,11.841666666666667,alpha,10.17500000000246,10.175
a_linear,compute_alpha,tau_over_tau_unif,11.866666666666667,alpha,10.200000000002452,10.200000000000001
a_linear,compute_alpha,tau_over_tau_unif,11.891666666666667,alpha,10.225000000002446,10.225000000000001
a_linear,compute_alpha,tau_over_tau_unif,11.916666666666666,alpha,10.250000000002439,10.25
a_linear,compute_alpha,tau_over_tau_unif,11.941666666666666,alpha,10.275000000002432,10.275
a_linear,compute_alpha,tau_over_tau_unif,11.966666666666667,alpha,10.300000000002427,10.3
a_linear,compute_alpha,tau_over_tau_unif,11.991666666666667,alpha,10.325000000002424,10.325000000000001
a_linear,compute_alpha,tau_over_tau_unif,12.016666666666667,alpha,10.350000000002417,10.350000000000001
a_linear,compute_alpha,tau_over_tau_unif,12.041666666666666,alpha,10.375000000002412,10.375
a_linear,compute_alpha,tau_over_tau_unif,12.066666666666666,alpha,10.400000000002406,10.4
a_linear,compute_alpha,tau_over_tau_unif,12.091666666666667,alpha,10.425000000002399,10.425
a_linear,compute_alpha,tau_over_tau_unif,12.116666666666667,alpha,10.450000000002394,10.450000000000001
a_linear,compute_alpha,tau_over_tau_unif,12.141666666666667,alpha,10.475000000002389,10.475000000000001
a_linear,compute_alpha,tau_over_tau_unif,12.166666666666666,alpha,10.50000000000238,10.5
a_linear,compute_alpha,tau_over_tau_unif,12.191666666666666,alpha,10.525000000002375,10.525
a_linear,compute_alpha,tau_over_tau_unif,12.216666666666667,alpha,10.550000000002372,10.55
a_linear,compute_alpha,tau_over_tau_unif,12.241666666666667,alpha,10.575000000002367,10.575000000000001
a_linear,compute_alpha,tau_over_tau_unif,12.266666666666667,alpha,10.60000000000236,10.600000000000001
a_linear,compute_alpha,tau_over_tau_unif,12.291666666666666,alpha,10.625000000002355,10.625
a_linear,compute_alpha,tau_over_tau_unif,12.316666666666666,alpha,10.650000000002347,10.65
a_linear,compute_alpha,tau_over_tau_unif,12.341666666666667,alpha,10.675000000002342,10.675
a_linear,compute_alpha,tau_over_tau_unif,12.366666666666667,alpha,10.700000000002337,10.700000000000001
a_linear,compute_alpha,tau_over_tau_unif,12.391666666666667,alpha,10.725000000002332,10.725000000000001
a_linear,compute_alpha,tau_over_tau_unif,12.416666666666666,alpha,10.750000000002325,10.75
a_linear,compute_alpha,tau_over_tau_unif,12.441666666666666,alpha,10.775000000002322,10.775
a_linear,compute_alpha,tau_over_tau_unif,12.466666666666667,alpha,10.800000000002317,10.8
a_linear,compute_alpha,tau_over_tau_unif,12.491666666666667,alpha,10.825000000002312,10.825000000000001
a_linear,compute_alpha,tau_over_tau_unif,12.516666666666667,alpha,10.850000000002305,10.850000000000001
a_linear,compute_alpha,tau_over_tau_unif,12.541666666666666,alpha,10.875000000002299,10.875
a_linear,compute_alpha,tau_over_tau_unif,12.566666666666666,alpha,10.900000000002294,10.9
a_linear,compute_alpha,tau_over_tau_unif,12.591666666666667,alpha,10.925000000002289,10.925
a_linear,compute_alpha,tau_over_tau_unif,12.616666666666667,alpha,10.950000000002284,10.950000000000001
a_linear,compute_alpha,tau_over_tau_unif,12.641666666666667,alpha,10.975000000002282,10.975000000000001
a_linear,compute_alpha,tau_over_tau_unif,12.666666666666666,alpha,11.000000000002274,11.0
a_linear,compute_alpha,tau_over_tau_unif,12.691666666666666,alpha,11.025000000002269,11.025
a_linear,compute_alpha,tau_over_tau_unif,12.716666666666667,alpha,11.050000000002264,11.05
a_linear,compute_alpha,tau_over_tau_unif,12.741666666666667,alpha,11.075000000002259,11.075000000000001
a_linear,compute_alpha,tau_over_tau_unif,12.766666666666667,alpha,11.100000000002254,11.100000000000001
a_linear,compute_alpha,tau_over_tau_unif,12.791666666666666,alpha,11.125000000002247,11.125
a_linear,compute_alpha,tau_over_tau_unif,12.816666666666666,alpha,11.15000000000224,11.15
a_linear,compute_alpha,tau_over_tau_unif,12.841666666666667,alpha,11.175000000002239,11.175
a_linear,compute_alpha,tau_over_tau_unif,12.866666666666667,alpha,11.200000000002234,11.200000000000001
a_linear,compute_alpha,tau_over_tau_unif,12.891666666666667,alpha,11.225000000002229,11.225000000000001
a_linear,compute_alpha,tau_over_tau_unif,12.916666666666666,alpha,11.250000000002222,11.25
a_linear,compute_alpha,tau_over_tau_unif,12.941666666666666,alpha,11.275000000002219,11.275
a_linear,compute_alpha,tau_over_tau_unif,12.966666666666667,alpha,11.300000000002214,11.3
a_linear,compute_alpha,tau_over_tau_unif,12.991666666666667,alpha,11.325000000002206,11.325000000000001
a_linear,compute_alpha,tau_over_tau_unif,13.016666666666667,alpha,11.350000000002204,11.350000000000001
a_linear,compute_alpha,tau_over_tau_unif,13.041666666666666,alpha,11.375000000002196,11.375
a_linear,compute_alpha,tau_over_tau_unif,13.066666666666666,alpha,11.400000000002194,11.4
a_linear,compute_alpha,tau_over_tau_unif,13.091666666666667,alpha,11.42500000000219,11.425
a_linear,compute_alpha,tau_over_tau_unif,13.116666666666667,alpha,11.450000000002184,11.450000000000001
a_linear,compute_alpha,tau_over_tau_unif,13.141666666666667,alpha,11.47500000000218,11.475000000000001
a_linear,compute_alpha,tau_over_tau_unif,13.166666666666666,alpha,11.500000000002174,11.5
a_linear,compute_alpha,tau_over_tau_unif,13.191666666666666,alpha,11.525000000002171,11.525
a_linear,compute_alpha,tau_over_tau_unif,13.216666666666667,alpha,11.550000000002164,11.55
a_linear,compute_alpha,tau_over_tau_unif,13.241666666666667,alpha,11.575000000002161,11.575000000000001
a_linear,compute_alpha,tau_over_tau_unif,13.266666666666667,alpha,11.600000000002156,11.600000000000001
a_linear,compute_alpha,tau_over_tau_unif,13.291666666666666,alpha,11.62500000000215,11.625
a_linear,compute_alpha,tau_over_tau_unif,13.316666666666666,alpha,11.650000000002146,11.65
a_linear,compute_alpha,tau_over_tau_unif,13.341666666666667,alpha,11.675000000002143,11.675
a_linear,compute_alpha,tau_over_tau_unif,13.366666666666667,alpha,11.700000000002138,11.700000000000001
a_linear,compute_alpha,tau_over_tau_unif,13.391666666666667,alpha,11.725000000002135,11.725000000000001
a_linear,compute_alpha,tau_over_tau_unif,13.416666666666666,alpha,11.750000000002128,11.75
a_linear,compute_alpha,tau_over_tau_unif,13.441666666666666,alpha,11.775000000002121,11.775
a_linear,compute_alpha,tau_over_tau_unif,13.466666666666667,alpha,11.800000000002118,11.8
a_linear,compute_alpha,tau_over_tau_unif,13.491666666666667,alpha,11.825000000002115,11.825000000000001
a_linear,compute_alpha,tau_over_tau_unif,13.516666666666667,alpha,11.850000000002112,11.850000000000001
a_linear,compute_alpha,tau_over_tau_unif,13.541666666666666,alpha,11.875000000002105,11.875
a_linear,compute_alpha,tau_over_tau_unif,13.566666666666666,alpha,11.900000000002102,11.9
a_linear,compute_alpha,tau_over_tau_unif,13.591666666666667,alpha,11.925000000002097,11.925
a_linear,compute_alpha,tau_over_tau_unif,13.616666666666667,alpha,11.950000000002095,11.950000000000001
a_linear,compute_alpha,tau_over_tau_unif,13.641666666666667,alpha,11.975000000002087,11.975000000000001
a_linear,compute_alpha,tau_over_tau_unif,13.666666666666666,alpha,12.000000000002082,12.0
a_linear,compute_alpha,tau_over_tau_unif,13.691666666666666,alpha,12.025000000002079,12.025
a_linear,compute_alpha,tau_over_tau_unif,13.716666666666667,alpha,12.050000000002075,12.05
a_linear,compute_alpha,tau_over_tau_unif,13.741666666666667,alpha,12.07500000000207,12.075000000000001
a_linear,compute_alpha,tau_over_tau_unif,13.766666666666667,alpha,12.100000000002067,12.100000000000001
a_linear,compute_alpha,tau_over_tau_unif,13.791666666666666,alpha,12.12500000000206,12.125
a_linear,compute_alpha,tau_over_tau_unif,13.816666666666666,alpha,12.150000000002057,12.15
a_linear,compute_alpha,tau_over_tau_unif,13.841666666666667,alpha,12.175000000002056,12.175
a_linear,compute_alpha,tau_over_tau_unif,13.866666666666667,alpha,12.20000000000205,12.200000000000001
a_linear,compute_alpha,tau_over_tau_unif,13.891666666666667,alpha,12.225000000002046,12.225000000000001
a_linear,compute_alpha,tau_over_tau_unif,13.916666666666666,alpha,12.25000000000204,12.25
a_linear,compute_alpha,tau_over_tau_unif,13.941666666666666,alpha,12.275000000002038,12.275
a_linear,compute_alpha,tau_over_tau_unif,13.966666666666667,alpha,12.300000000002033,12.3
a_linear,compute_alpha,tau_over_tau_unif,13.991666666666667,alpha,12.325000000002028,12.325000000000001
a_linear,compute_alpha,tau_over_tau_unif,14.016666666666667,alpha,12.350000000002026,12.350000000000001
a_linear,compute_alpha,tau_over_tau_unif,14.041666666666666,alpha,12.37500000000202,12.375
a_linear,compute_alpha,tau_over_tau_unif,14.066666666666666,alpha,12.400000000002018,12.4
a_linear,compute_alpha,tau_over_tau_unif,14.091666666666667,alpha,12.425000000002012,12.425
a_linear,compute_alpha,tau_over_tau_unif,14.116666666666667,alpha,12.45000000000201,12.450000000000001
a_linear,compute_alpha,tau_over_tau_unif,14.141666666666667,alpha,12.475000000002005,12.475000000000001
a_linear,compute_alpha,tau_over_tau_unif,14.166666666666666,alpha,12.500000000002,12.5
a_linear,compute_alpha,tau_over_tau_unif,14.191666666666666,alpha,12.525000000001995,12.525
a_linear,compute_alpha,tau_over_tau_unif,14.216666666666667,alpha,12.550000000001994,12.55
a_linear,compute_alpha,tau_over_tau_unif,14.241666666666667,alpha,12.575000000001989,12.575000000000001
a_linear,compute_alpha,tau_over_tau_unif,14.266666666666667,alpha,12.600000000001984,12.600000000000001
a_linear,compute_alpha,tau_over_tau_unif,14.291666666666666,alpha,12.625000000001982,12.625
a_linear,compute_alpha,tau_over_tau_unif,14.316666666666666,alpha,12.650000000001974,12.65
a_linear,compute_alpha,tau_over_tau_unif,14.341666666666667,alpha,12.675000000001972,12.675
a_linear,compute_alpha,tau_over_tau_unif,14.366666666666667,alpha,12.70000000000197,12.700000000000001
a_linear,compute_alpha,tau_over_tau_unif,14.391666666666667,alpha,12.725000000001966,12.725000000000001
a_linear,compute_alpha,tau_over_tau_unif,14.416666666666666,alpha,12.750000000001961,12.75
a_linear,compute_alpha,tau_over_tau_unif,14.441666666666666,alpha,12.775000000001956,12.775
a_linear,compute_alpha,tau_over_tau_unif,14.466666666666667,alpha,12.800000000001955,12.8
a_linear,compute_alpha,tau_over_tau_unif,14.491666666666667,alpha,12.825000000001952,12.825000000000001
a_linear,compute_alpha,tau_over_tau_unif,14.516666666666667,alpha,12.850000000001947,12.850000000000001
a_linear,compute_alpha,tau_over_tau_unif,14.541666666666666,alpha,12.87500000000194,12.875
a_linear,compute_alpha,tau_over_tau_unif,14.566666666666666,alpha,12.900000000001938,12.9
a_linear,compute_alpha,tau_over_tau_unif,14.591666666666667,alpha,12.925000000001935,12.925
a_linear,compute_alpha,tau_over_tau_unif,14.616666666666667,alpha,12.950000000001932,12.950000000000001
a_linear,compute_alpha,tau_over_tau_unif,14.641666666666667,alpha,12.975000000001927,12.975000000000001
a_linear,compute_alpha,tau_over_tau_unif,14.666666666666666,alpha,13.000000000001922,13.0
a_linear,compute_alpha,tau_over_tau_unif,14.691666666666666,alpha,13.02500000000192,13.025
a_linear,compute_alpha,tau_over_tau_unif,14.716666666666667,alpha,13.05000000000192,13.05
a_linear,compute_alpha,tau_over_tau_unif,14.741666666666667,alpha,13.075000000001912,13.075000000000001
a_linear,compute_alpha,tau_over_tau_unif,14.766666666666667,alpha,13.10000000000191,13.100000000000001
a_linear,compute_alpha,tau_over_tau_unif,14.791666666666666,alpha,13.125000000001904,13.125
a_linear,compute_alpha,tau_over_tau_unif,14.816666666666666,alpha,13.150000000001901,13.15
a_linear,compute_alpha,tau_over_tau_unif,14.841666666666667,alpha,13.175000000001898,13.175
a_linear,compute_alpha,tau_over_tau_unif,14.866666666666667,alpha,13.200000000001895,13.200000000000001
a_linear,compute_alpha,tau_over_tau_unif,14.891666666666667,alpha,13.225000000001893,13.225000000000001
a_linear,compute_alpha,tau_over_tau_unif,14.916666666666666,alpha,13.250000000001886,13.25
a_linear,compute_alpha,tau_over_tau_unif,14.941666666666666,alpha,13.275000000001885,13.275
a_linear,compute_alpha,tau_over_tau_unif,14.966666666666667,alpha,13.300000000001878,13.3
a_linear,compute_alpha,tau_over_tau_unif,14.991666666666667,alpha,13.325000000001877,13.325000000000001
a_linear,compute_alpha,tau_over_tau_unif,15.016666666666667,alpha,13.350000000001874,13.350000000000001
a_linear,compute_alpha,tau_over_tau_unif,15.041666666666666,alpha,13.375000000001869,13.375
a_linear,compute_alpha,tau_over_tau_unif,15.066666666666666,alpha,13.400000000001866,13.4
a_linear,compute_alpha,tau_over_tau_unif,15.091666666666667,alpha,13.425000000001862,13.425
a_linear,compute_alpha,tau_over_tau_unif,15.116666666666667,alpha,13.450000000001861,13.450000000000001
a_linear,compute_alpha,tau_over_tau_unif,15.141666666666667,alpha,13.475000000001856,13.475000000000001
a_linear,compute_alpha,tau_over_tau_unif,15.166666666666666,alpha,13.500000000001855,13.5
a_linear,compute_alpha,tau_over_tau_unif,15.191666666666666,alpha,13.525000000001846,13.525
a_linear,compute_alpha,tau_over_tau_unif,15.216666666666667,alpha,13.550000000001845,13.55
a_linear,compute_alpha,tau_over_tau_unif,15.241666666666667,alpha,13.575000000001843,13.575000000000001
a_linear,compute_alpha,tau_over_tau_unif,15.266666666666667,alpha,13.600000000001838,13.600000000000001
a_linear,compute_alpha,tau_over_tau_unif,15.291666666666666,alpha,13.625000000001835,13.625
a_linear,compute_alpha,tau_over_tau_unif,15.316666666666666,alpha,13.650000000001832,13.65
a_linear,compute_alpha,tau_over_tau_unif,15.341666666666667,alpha,13.67500000000183,13.675
a_linear,compute_alpha,tau_over_tau_unif,15.366666666666667,alpha,13.700000000001824,13.700000000000001
a_linear,compute_alpha,tau_over_tau_unif,15.391666666666667,alpha,13.725000000001824,13.725000000000001
a_linear,compute_alpha,tau_over_tau_unif,15.416666666666666,alpha,13.750000000001815,13.75
a_linear,compute_alpha,tau_over_tau_unif,15.441666666666666,alpha,13.775000000001814,13.775
a_linear,compute_alpha,tau_over_tau_unif,15.466666666666667,alpha,13.800000000001813,13.8
a_linear,compute_alpha,tau_over_tau_unif,15.491666666666667,alpha,13.82500000000181,13.825000000000001
a_linear,compute_alpha,tau_over_tau_unif,15.516666666666667,alpha,13.850000000001806,13.850000000000001
a_linear,compute_alpha,tau_over_tau_unif,15.541666666666666,alpha,13.875000000001801,13.875
a_linear,compute_alpha,tau_over_tau_unif,15.566666666666666,alpha,13.9000000000018,13.9
a_linear,compute_alpha,tau_over_tau_unif,15.591666666666667,alpha,13.925000000001795,13.925
a_linear,compute_alpha,tau_over_tau_unif,15.616666666666667,alpha,13.950000000001793,13.950000000000001
a_linear,compute_alpha,tau_over_tau_unif,15.641666666666667,alpha,13.97500000000179,13.975000000000001
a_linear,compute_alpha,tau_over_tau_unif,15.666666666666666,alpha,14.000000000001785,14.0
a_linear,compute_alpha,tau_over_tau_unif,15.691666666666666,alpha,14.025000000001782,14.025
a_linear,compute_alpha,tau_over_tau_unif,15.716666666666667,alpha,14.05000000000178,14.05
a_linear,compute_alpha,tau_over_tau_unif,15.741666666666667,alpha,14.075000000001777,14.075000000000001
a_linear,compute_alpha,tau_over_tau_unif,15.766666666666667,alpha,14.100000000001776,14.100000000000001
a_linear,compute_alpha,tau_over_tau_unif,15.791666666666666,alpha,14.12500000000177,14.125
a_linear,compute_alpha,tau_over_tau_unif,15.816666666666666,alpha,14.150000000001764,14.15
a_linear,compute_alpha,tau_over_tau_unif,15.841666666666667,alpha,14.175000000001763,14.175
a_linear,compute_alpha,tau_over_tau_unif,15.866666666666667,alpha,14.200000000001761,14.200000000000001
a_linear,compute_alpha,tau_over_tau_unif,15.891666666666667,alpha,14.225000000001758,14.225000000000001
a_linear,compute_alpha,tau_over_tau_unif,15.916666666666666,alpha,14.250000000001755,14.25
a_linear,compute_alpha,tau_over_tau_unif,15.941666666666666,alpha,14.275000000001752,14.275
a_linear,compute_alpha,tau_over_tau_unif,15.966666666666667,alpha,14.300000000001749,14.3
a_linear,compute_alpha,tau_over_tau_unif,15.991666666666667,alpha,14.325000000001747,14.325000000000001
a_linear,compute_alpha,tau_over_tau_unif,16.01666666666667,alpha,14.350000000001742,14.350000000000001
a_linear,compute_alpha,tau_over_tau_unif,16.041666666666668,alpha,14.37500000000174,14.375
a_linear,compute_alpha,tau_over_tau_unif,16.066666666666666,alpha,14.400000000001736,14.4
a_linear,compute_alpha,tau_over_tau_unif,16.09166666666667,alpha,14.425000000001734,14.425
a_linear,compute_alpha,tau_over_tau_unif,16.116666666666667,alpha,14.450000000001731,14.450000000000001
a_linear,compute_alpha,tau_over_tau_unif,16.14166666666667,alpha,14.475000000001728,14.475000000000001
a_linear,compute_alpha,tau_over_tau_unif,16.166666666666668,alpha,14.500000000001723,14.5
a_linear,compute_alpha,tau_over_tau_unif,16.191666666666666,alpha,14.525000000001722,14.525
a_linear,compute_alpha,tau_over_tau_unif,16.21666666666667,alpha,14.55000000000172,14.55
a_linear,compute_alpha,tau_over_tau_unif,16.241666666666667,alpha,14.575000000001715,14.575000000000001
a_linear,compute_alpha,tau_over_tau_unif,16.26666666666667,alpha,14.600000000001714,14.600000000000001
a_linear,compute_alpha,tau_over_tau_unif,16.291666666666668,alpha,14.625000000001707,14.625
a_linear,compute_alpha,tau_over_tau_unif,16.316666666666666,alpha,14.650000000001707,14.65
a_linear,compute_alpha,tau_over_tau_unif,16.34166666666667,alpha,14.675000000001704,14.675
a_linear,compute_alpha,tau_over_tau_unif,16.366666666666667,alpha,14.700000000001701,14.700000000000001
a_linear,compute_alpha,tau_over_tau_unif,16.39166666666667,alpha,14.7250000000017,14.725000000000001
a_linear,compute_alpha,tau_over_tau_unif,16.416666666666668,alpha,14.750000000001695,14.75
a_linear,compute_alpha,tau_over_tau_unif,16.441666666666666,alpha,14.775000000001693,14.775
a_linear,compute_alpha,tau_over_tau_unif,16.46666666666667,alpha,14.800000000001688,14.8
a_linear,compute_alpha,tau_over_tau_unif,16.491666666666667,alpha,14.825000000001687,14.825000000000001
a_linear,compute_alpha,tau_over_tau_unif,16.51666666666667,alpha,14.850000000001685,14.850000000000001
a_linear,compute_alpha,tau_over_tau_unif,16.541666666666668,alpha,14.87500000000168,14.875
a_linear,compute_alpha,tau_over_tau_unif,16.566666666666666,alpha,14.900000000001679,14.9
a_linear,compute_alpha,tau_over_tau_unif,16.59166666666667,alpha,14.925000000001674,14.925
a_linear,compute_alpha,tau_over_tau_unif,16.616666666666667,alpha,14.950000000001673,14.950000000000001
a_linear,compute_alpha,tau_over_tau_unif,16.64166666666667,alpha,14.975000000001671,14.975000000000001
a_linear,compute_alpha,tau_over_tau_unif,16.666666666666668,alpha,15.000000000001668,15.0
a_linear,compute_alpha,tau_over_tau_unif,16.691666666666666,alpha,15.025000000001661,15.025
a_linear,compute_alpha,tau_over_tau_unif,16.71666666666667,alpha,15.050000000001662,15.05
a_linear,compute_alpha,tau_over_tau_unif,16.741666666666667,alpha,15.075000000001658,15.075000000000001
a_linear,compute_alpha,tau_over_tau_unif,16.76666666666667,alpha,15.100000000001657,15.100000000000001
a_linear,compute_alpha,tau_over_tau_unif,16.791666666666668,alpha,15.125000000001652,15.125
a_linear,compute_alpha,tau_over_tau_unif,16.816666666666666,alpha,15.15000000000165,15.15
a_linear,compute_alpha,tau_over_tau_unif,16.84166666666667,alpha,15.17500000000165,15.175
a_linear,compute_alpha,tau_over_tau_unif,16.866666666666667,alpha,15.200000000001648,15.200000000000001
a_linear,compute_alpha,tau_over_tau_unif,16.89166666666667,alpha,15.225000000001643,15.225000000000001
a_linear,compute_alpha,tau_over_tau_unif,16.916666666666668,alpha,15.250000000001638,15.25
a_linear,compute_alpha,tau_over_tau_unif,16.941666666666666,alpha,15.275000000001636,15.275
a_linear,compute_alpha,tau_over_tau_unif,16.96666666666667,alpha,15.300000000001635,15.3
a_linear,compute_alpha,tau_over_tau_unif,16.991666666666667,alpha,15.325000000001632,15.325000000000001
a_linear,compute_alpha,tau_over_tau_unif,17.01666666666667,alpha,15.350000000001629,15.350000000000001
a_linear,compute_alpha,tau_over_tau_unif,17.041666666666668,alpha,15.375000000001627,15.375
a_linear,compute_alpha,tau_over_tau_unif,17.066666666666666,alpha,15.400000000001624,15.4
a_linear,compute_alpha,tau_over_tau_unif,17.09166666666667,alpha,15.425000000001624,15.425
a_linear,compute_alpha,tau_over_tau_unif,17.116666666666667,alpha,15.450000000001618,15.450000000000001
a_linear,compute_alpha,tau_over_tau_unif,17.14166666666667,alpha,15.475000000001618,15.475000000000001
a_linear,compute_alpha,tau_over_tau_unif,17.166666666666668,alpha,15.500000000001613,15.5
a_linear,compute_alpha,tau_over_tau_unif,17.191666666666666,alpha,15.525000000001612,15.525
a_linear,compute_alpha,tau_over_tau_unif,17.21666666666667,alpha,15.550000000001608,15.55
a_linear,compute_alpha,tau_over_tau_unif,17.241666666666667,alpha,15.575000000001605,15.575000000000001
a_linear,compute_alpha,tau_over_tau_unif,17.26666666666667,alpha,15.600000000001605,15.600000000000001
a_linear,compute_alpha,tau_over_tau_unif,17.291666666666668,alpha,15.625000000001599,15.625
a_linear,compute_alpha,tau_over_tau_unif,17.316666666666666,alpha,15.650000000001599,15.65
a_linear,compute_alpha,tau_over_tau_unif,17.34166666666667,alpha,15.675000000001594,15.675
a_linear,compute_alpha,tau_over_tau_unif,17.366666666666667,alpha,15.700000000001594,15.700000000000001
a_linear,compute_alpha,tau_over_tau_unif,17.39166666666667,alpha,15.725000000001591,15.725000000000001
a_linear,compute_alpha,tau_over_tau_unif,17.416666666666668,alpha,15.750000000001588,15.75
a_linear,compute_alpha,tau_over_tau_unif,17.441666666666666,alpha,15.775000000001585,15.775
a_linear,compute_alpha,tau_over_tau_unif,17.46666666666667,alpha,15.800000000001582,15.8
a_linear,compute_alpha,tau_over_tau_unif,17.491666666666667,alpha,15.825000000001582,15.825000000000001
a_linear,compute_alpha,tau_over_tau_unif,17.51666666666667,alpha,15.850000000001577,15.850000000000001
a_linear,compute_alpha,tau_over_tau_unif,17.541666666666668,alpha,15.875000000001577,15.875
a_linear,compute_alpha,tau_over_tau_unif,17.566666666666666,alpha,15.90000000000157,15.9
a_linear,compute_alpha,tau_over_tau_unif,17.59166666666667,alpha,15.925000000001571,15.925
a_linear,compute_alpha,tau_over_tau_unif,17.616666666666667,alpha,15.950000000001568,15.950000000000001
a_linear,compute_alpha,tau_over_tau_unif,17.64166666666667,alpha,15.975000000001566,15.975000000000001
a_linear,compute_alpha,tau_over_tau_unif,17.666666666666668,alpha,16.000000000001563,16.0
a_linear,compute_alpha,tau_over_tau_unif,17.69166666666667,alpha,16.02500000000156,16.025000000000002
a_linear,compute_alpha,tau_over_tau_unif,17.71666666666667,alpha,16.05000000000156,16.05
a_linear,compute_alpha,tau_over_tau_unif,17.741666666666667,alpha,16.075000000001552,16.075
a_linear,compute_alpha,tau_over_tau_unif,17.76666666666667,alpha,16.100000000001554,16.1
a_linear,compute_alpha,tau_over_tau_unif,17.791666666666668,alpha,16.12500000000155,16.125
a_linear,compute_alpha,tau_over_tau_unif,17.81666666666667,alpha,16.150000000001548,16.150000000000002
a_linear,compute_alpha,tau_over_tau_unif,17.84166666666667,alpha,16.175000000001546,16.175
a_linear,compute_alpha,tau_over_tau_unif,17.866666666666667,alpha,16.200000000001545,16.2
a_linear,compute_alpha,tau_over_tau_unif,17.89166666666667,alpha,16.225000000001543,16.225
a_linear,compute_alpha,tau_over_tau_unif,17.916666666666668,alpha,16.25000000000154,16.25
a_linear,compute_alpha,tau_over_tau_unif,17.94166666666667,alpha,16.27500000000154,16.275000000000002
a_linear,compute_alpha,tau_over_tau_unif,17.96666666666667,alpha,16.300000000001532,16.3
a_linear,compute_alpha,tau_over_tau_unif,17.991666666666667,alpha,16.32500000000153,16.325
a_linear,compute_alpha,tau_over_tau_unif,18.01666666666667,alpha,16.35000000000153,16.35
a_linear,compute_alpha,tau_over_tau_unif,18.041666666666668,alpha,16.375000000001528,16.375
a_linear,compute_alpha,tau_over_tau_unif,18.06666666666667,alpha,16.400000000001526,16.400000000000002
a_linear,compute_alpha,tau_over_tau_unif,18.09166666666667,alpha,16.425000000001525,16.425
a_linear,compute_alpha,tau_over_tau_unif,18.116666666666667,alpha,16.450000000001516,16.45
a_linear,compute_alpha,tau_over_tau_unif,18.14166666666667,alpha,16.47500000000152,16.475
a_linear,compute_alpha,tau_over_tau_unif,18.166666666666668,alpha,16.500000000001513,16.5
a_linear,compute_alpha,tau_over_tau_unif,18.19166666666667,alpha,16.525000000001512,16.525000000000002
a_linear,compute_alpha,tau_over_tau_unif,18.21666666666667,alpha,16.55000000000151,16.55
a_linear,compute_alpha,tau_over_tau_unif,18.241666666666667,alpha,16.57500000000151,16.575
a_linear,compute_alpha,tau_over_tau_unif,18.26666666666667,alpha,16.600000000001508,16.6
a_linear,compute_alpha,tau_over_tau_unif,18.291666666666668,alpha,16.625000000001503,16.625
a_linear,compute_alpha,tau_over_tau_unif,18.31666666666667,alpha,16.650000000001505,16.650000000000002
a_linear,compute_alpha,tau_over_tau_unif,18.34166666666667,alpha,16.6750000000015,16.675
a_linear,compute_alpha,tau_over_tau_unif,18.366666666666667,alpha,16.700000000001495,16.7
a_linear,compute_alpha,tau_over_tau_unif,18.39166666666667,alpha,16.725000000001494,16.725
a_linear,compute_alpha,tau_over_tau_unif,18.416666666666668,alpha,16.750000000001492,16.75
a_linear,compute_alpha,tau_over_tau_unif,18.44166666666667,alpha,16.77500000000149,16.775000000000002
a_linear,compute_alpha,tau_over_tau_unif,18.46666666666667,alpha,16.80000000000149,16.8
a_linear,compute_alpha,tau_over_tau_unif,18.491666666666667,alpha,16.825000000001488,16.825
a_linear,compute_alpha,tau_over_tau_unif,18.51666666666667,alpha,16.850000000001486,16.85
a_linear,compute_alpha,tau_over_tau_unif,18.541666666666668,alpha,16.87500000000148,16.875
a_linear,compute_alpha,tau_over_tau_unif,18.56666666666667,alpha,16.900000000001484,16.900000000000002
a_linear,compute_alpha,tau_over_tau_unif,18.59166666666667,alpha,16.925000000001475,16.925
a_linear,compute_alpha,tau_over_tau_unif,18.616666666666667,alpha,16.950000000001474,16.95
a_linear,compute_alpha,tau_over_tau_unif,18.64166666666667,alpha,16.975000000001472,16.975
a_linear,compute_alpha,tau_over_tau_unif,18.666666666666668,alpha,17.00000000000147,17.0
a_linear,compute_alpha,tau_over_tau_unif,18.69166666666667,alpha,17.02500000000147,17.025000000000002
a_linear,compute_alpha,tau_over_tau_unif,18.71666666666667,alpha,17.050000000001468,17.05
a_linear,compute_alpha,tau_over_tau_unif,18.741666666666667,alpha,17.075000000001463,17.075
a_linear,compute_alpha,tau_over_tau_unif,18.76666666666667,alpha,17.100000000001465,17.1
a_linear,compute_alpha,tau_over_tau_unif,18.791666666666668,alpha,17.12500000000146,17.125
a_linear,compute_alpha,tau_over_tau_unif,18.81666666666667,alpha,17.15000000000146,17.150000000000002
a_linear,compute_alpha,tau_over_tau_unif,18.84166666666667,alpha,17.175000000001454,17.175
a_linear,compute_alpha,tau_over_tau_unif,18.866666666666667,alpha,17.200000000001452,17.2
a_linear,compute_alpha,tau_over_tau_unif,18.89166666666667,alpha,17.22500000000145,17.225
a_linear,compute_alpha,tau_over_tau_unif,18.916666666666668,alpha,17.25000000000145,17.25
a_linear,compute_alpha,tau_over_tau_unif,18.94166666666667,alpha,17.275000000001448,17.275000000000002
a_linear,compute_alpha,tau_over_tau_unif,18.96666666666667,alpha,17.300000000001447,17.3
a_linear,compute_alpha,tau_over_tau_unif,18.991666666666667,alpha,17.32500000000144,17.325
a_linear,compute_alpha,tau_over_tau_unif,19.01666666666667,alpha,17.350000000001444,17.35
a_linear,compute_alpha,tau_over_tau_unif,19.041666666666668,alpha,17.37500000000144,17.375
a_linear,compute_alpha,tau_over_tau_unif,19.06666666666667,alpha,17.40000000000144,17.400000000000002
a_linear,compute_alpha,tau_over_tau_unif,19.09166666666667,alpha,17.425000000001432,17.425
a_linear,compute_alpha,tau_over_tau_unif,19.116666666666667,alpha,17.45000000000143,17.45
a_linear,compute_alpha,tau_over_tau_unif,19.14166666666667,alpha,17.47500000000143,17.475
a_linear,compute_alpha,tau_over_tau_unif,19.166666666666668,alpha,17.500000000001428,17.5
a_linear,compute_alpha,tau_over_tau_unif,19.19166666666667,alpha,17.525000000001427,17.525000000000002
a_linear,compute_alpha,tau_over_tau_unif,19.21666666666667,alpha,17.550000000001425,17.55
a_linear,compute_alpha,tau_over_tau_unif,19.241666666666667,alpha,17.575000000001424,17.575
a_linear,compute_alpha,tau_over_tau_unif,19.26666666666667,alpha,17.600000000001423,17.6
a_linear,compute_alpha,tau_over_tau_unif,19.291666666666668,alpha,17.625000000001418,17.625
a_linear,compute_alpha,tau_over_tau_unif,19.31666666666667,alpha,17.65000000000142,17.650000000000002
a_linear,compute_alpha,tau_over_tau_unif,19.34166666666667,alpha,17.675000000001415,17.675
a_linear,compute_alpha,tau_over_tau_unif,19.366666666666667,alpha,17.70000000000141,17.7
a_linear,compute_alpha,tau_over_tau_unif,19.39166666666667,alpha,17.725000000001412,17.725
a_linear,compute_alpha,tau_over_tau_unif,19.416666666666668,alpha,17.750000000001407,17.75
a_linear,compute_alpha,tau_over_tau_unif,19.44166666666667,alpha,17.77500000000141,17.775000000000002
a_linear,compute_alpha,tau_over_tau_unif,19.46666666666667,alpha,17.800000000001404,17.8
a_linear,compute_alpha,tau_over_tau_unif,19.491666666666667,alpha,17.825000000001403,17.825
a_linear,compute_alpha,tau_over_tau_unif,19.51666666666667,alpha,17.8500000000014,17.85
a_linear,compute_alpha,tau_over_tau_unif,19.541666666666668,alpha,17.8750000000014,17.875
a_linear,compute_alpha,tau_over_tau_unif,19.56666666666667,alpha,17.9000000000014,17.900000000000002
a_linear,compute_alpha,tau_over_tau_unif,19.59166666666667,alpha,17.925000000001397,17.925
a_linear,compute_alpha,tau_over_tau_unif,19.616666666666667,alpha,17.950000000001392,17.95
a_linear,compute_alpha,tau_over_tau_unif,19.64166666666667,alpha,17.975000000001394,17.975
a_linear,compute_alpha,tau_over_tau_unif,19.666666666666668,alpha,18.00000000000139,18.0
a_linear,compute_alpha,tau_over_tau_unif,19.69166666666667,alpha,18.02500000000139,18.025000000000002
a_linear,compute_alpha,tau_over_tau_unif,19.71666666666667,alpha,18.050000000001383,18.05
a_linear,compute_alpha,tau_over_tau_unif,19.741666666666667,alpha,18.07500000000138,18.075
a_linear,compute_alpha,tau_over_tau_unif,19.76666666666667,alpha,18.100000000001383,18.1
a_linear,compute_alpha,tau_over_tau_unif,19.791666666666668,alpha,18.12500000000138,18.125
a_linear,compute_alpha,tau_over_tau_unif,19.81666666666667,alpha,18.150000000001377,18.150000000000002
a_linear,compute_alpha,tau_over_tau_unif,19.84166666666667,alpha,18.175000000001376,18.175
a_linear,compute_alpha,tau_over_tau_unif,19.866666666666667,alpha,18.200000000001374,18.2
a_linear,compute_alpha,tau_over_tau_unif,19.89166666666667,alpha,18.225000000001373,18.225
a_linear,compute_alpha,tau_over_tau_unif,19.916666666666668,alpha,18.25000000000137,18.25
a_linear,compute_alpha,tau_over_tau_unif,19.94166666666667,alpha,18.27500000000137,18.275000000000002
a_linear,compute_alpha,tau_over_tau_unif,19.96666666666667,alpha,18.30000000000137,18.3
a_linear,compute_alpha,tau_over_tau_unif,19.991666666666667,alpha,18.325000000001364,18.325
a_linear,compute_alpha,tau_over_tau_unif,20.01666666666667,alpha,18.350000000001366,18.35
a_linear,compute_alpha,tau_over_tau_unif,20.041666666666668,alpha,18.37500000000136,18.375
a_linear,compute_alpha,tau_over_tau_unif,20.06666666666667,alpha,18.400000000001363,18.400000000000002
a_linear,compute_alpha,tau_over_tau_unif,20.09166666666667,alpha,18.425000000001358,18.425
a_linear,compute_alpha,tau_over_tau_unif,20.116666666666667,alpha,18.450000000001353,18.45
a_linear,compute_alpha,tau_over_tau_unif,20.14166666666667,alpha,18.475000000001355,18.475
a_linear,compute_alpha,tau_over_tau_unif,20.166666666666668,alpha,18.50000000000135,18.5
a_linear,compute_alpha,tau_over_tau_unif,20.19166666666667,alpha,18.525000000001352,18.525000000000002
a_linear,compute_alpha,tau_over_tau_unif,20.21666666666667,alpha,18.550000000001347,18.55
a_linear,compute_alpha,tau_over_tau_unif,20.241666666666667,alpha,18.575000000001346,18.575
a_linear,compute_alpha,tau_over_tau_unif,20.26666666666667,alpha,18.600000000001344,18.6
a_linear,compute_alpha,tau_over_tau_unif,20.291666666666668,alpha,18.625000000001343,18.625
a_linear,compute_alpha,tau_over_tau_unif,20.31666666666667,alpha,18.65000000000134,18.650000000000002
a_linear,compute_alpha,tau_over_tau_unif,20.34166666666667,alpha,18.67500000000134,18.675
a_linear,compute_alpha,tau_over_tau_unif,20.366666666666667,alpha,18.70000000000134,18.7
a_linear,compute_alpha,tau_over_tau_unif,20.39166666666667,alpha,18.725000000001337,18.725
a_linear,compute_alpha,tau_over_tau_unif,20.416666666666668,alpha,18.750000000001336,18.75
a_linear,compute_alpha,tau_over_tau_unif,20.44166666666667,alpha,18.775000000001334,18.775000000000002
a_linear,compute_alpha,tau_over_tau_unif,20.46666666666667,alpha,18.800000000001333,18.8
a_linear,compute_alpha,tau_over_tau_unif,20.491666666666667,alpha,18.825000000001324,18.825
a_linear,compute_alpha,tau_over_tau_unif,20.51666666666667,alpha,18.850000000001327,18.85
a_linear,compute_alpha,tau_over_tau_unif,20.541666666666668,alpha,18.875000000001325,18.875
a_linear,compute_alpha,tau_over_tau_unif,20.56666666666667,alpha,18.900000000001327,18.900000000000002
a_linear,compute_alpha,tau_over_tau_unif,20.59166666666667,alpha,18.925000000001322,18.925
a_linear,compute_alpha,tau_over_tau_unif,20.616666666666667,alpha,18.950000000001317,18.95
a_linear,compute_alpha,tau_over_tau_unif,20.64166666666667,alpha,18.97500000000132,18.975
a_linear,compute_alpha,tau_over_tau_unif,20.666666666666668,alpha,19.000000000001315,19.0
a_linear,compute_alpha,tau_over_tau_unif,20.69166666666667,alpha,19.025000000001313,19.025000000000002
a_linear,compute_alpha,tau_over_tau_unif,20.71666666666667,alpha,19.05000000000131,19.05
a_linear,compute_alpha,tau_over_tau_unif,20.741666666666667,alpha,19.07500000000131,19.075
a_linear,compute_alpha,tau_over_tau_unif,20.76666666666667,alpha,19.10000000000131,19.1
a_linear,compute_alpha,tau_over_tau_unif,20.791666666666668,alpha,19.125000000001307,19.125
a_linear,compute_alpha,tau_over_tau_unif,20.81666666666667,alpha,19.150000000001306,19.150000000000002
a_linear,compute_alpha,tau_over_tau_unif,20.84166666666667,alpha,19.175000000001305,19.175
a_linear,compute_alpha,tau_over_tau_unif,20.86666666666667,alpha,19.200000000001303,19.200000000000003
a_linear,compute_alpha,tau_over_tau_unif,20.89166666666667,alpha,19.2250000000013,19.225
a_linear,compute_alpha,tau_over_tau_unif,20.916666666666668,alpha,19.2500000000013,19.25
a_linear,compute_alpha,tau_over_tau_unif,20.94166666666667,alpha,19.2750000000013,19.275000000000002
a_linear,compute_alpha,tau_over_tau_unif,20.96666666666667,alpha,19.300000000001297,19.3
a_linear,compute_alpha,tau_over_tau_unif,20.99166666666667,alpha,19.325000000001296,19.325000000000003
a_linear,compute_alpha,tau_over_tau_unif,21.01666666666667,alpha,19.350000000001295,19.35
a_linear,compute_alpha,tau_over_tau_unif,21.041666666666668,alpha,19.37500000000129,19.375
a_linear,compute_alpha,tau_over_tau_unif,21.06666666666667,alpha,19.40000000000129,19.400000000000002
a_linear,compute_alpha,tau_over_tau_unif,21.09166666666667,alpha,19.42500000000129,19.425
a_linear,compute_alpha,tau_over_tau_unif,21.11666666666667,alpha,19.45000000000129,19.450000000000003
a_linear,compute_alpha,tau_over_tau_unif,21.14166666666667,alpha,19.475000000001288,19.475
a_linear,compute_alpha,tau_over_tau_unif,21.166666666666668,alpha,19.500000000001283,19.5
a_linear,compute_alpha,tau_over_tau_unif,21.19166666666667,alpha,19.525000000001285,19.525000000000002
a_linear,compute_alpha,tau_over_tau_unif,21.21666666666667,alpha,19.55000000000128,19.55
a_linear,compute_alpha,tau_over_tau_unif,21.24166666666667,alpha,19.575000000001282,19.575000000000003
a_linear,compute_alpha,tau_over_tau_unif,21.26666666666667,alpha,19.600000000001277,19.6
a_linear,compute_alpha,tau_over_tau_unif,21.291666666666668,alpha,19.625000000001272,19.625
a_linear,compute_alpha,tau_over_tau_unif,21.31666666666667,alpha,19.650000000001274,19.650000000000002
a_linear,compute_alpha,tau_over_tau_unif,21.34166666666667,alpha,19.67500000000127,19.675
a_linear,compute_alpha,tau_over_tau_unif,21.36666666666667,alpha,19.70000000000127,19.700000000000003
a_linear,compute_alpha,tau_over_tau_unif,21.39166666666667,alpha,19.725000000001266,19.725
a_linear,compute_alpha,tau_over_tau_unif,21.416666666666668,alpha,19.750000000001265,19.75
a_linear,compute_alpha,tau_over_tau_unif,21.44166666666667,alpha,19.775000000001267,19.775000000000002
a_linear,compute_alpha,tau_over_tau_unif,21.46666666666667,alpha,19.800000000001262,19.8
a_linear,compute_alpha,tau_over_tau_unif,21.49166666666667,alpha,19.825000000001264,19.825000000000003
a_linear,compute_alpha,tau_over_tau_unif,21.51666666666667,alpha,19.85000000000126,19.85
a_linear,compute_alpha,tau_over_tau_unif,21.541666666666668,alpha,19.875000000001258,19.875
a_linear,compute_alpha,tau_over_tau_unif,21.56666666666667,alpha,19.900000000001256,19.900000000000002
a_linear,compute_alpha,tau_over_tau_unif,21.59166666666667,alpha,19.925000000001255,19.925
a_linear,compute_alpha,tau_over_tau_unif,21.61666666666667,alpha,19.950000000001253,19.950000000000003
a_linear,compute_alpha,tau_over_tau_unif,21.64166666666667,alpha,19.975000000001252,19.975
a_linear,compute_alpha,tau_over_tau_unif,21.666666666666668,alpha,20.00000000000125,20.0
a_inset,compute_alpha_near_zero,raw_indicator,-5e-05,alpha,4.950975679632144e-07,
a_inset,compute_alpha_near_zero,raw_indicator,-4.9833333333333336e-05,alpha,4.967210999773069e-07,
a_inset,compute_alpha_near_zero,raw_indicator,-4.966666666666667e-05,alpha,4.983552097620669e-07,
a_inset,compute_alpha_near_zero,raw_indicator,-4.9500000000000004e-05,alpha,5.000000000002934e-07,
a_inset,compute_alpha_near_zero,raw_indicator,-4.933333333333334e-05,alpha,5.0165557468214e-07,
a_inset,compute_alpha_near_zero,raw_indicator,-4.916666666666667e-05,alpha,5.033220391505634e-07,
a_inset,compute_alpha_near_zero,raw_indicator,-4.9000000000000005e-05,alpha,5.049995001013133e-07,
a_inset,compute_alpha_near_zero,raw_indicator,-4.883333333333333e-05,alpha,5.066880656138761e-07,
a_inset,compute_alpha_near_zero,raw_indicator,-4.8666666666666666e-05,alpha,5.083878451832792e-07,
a_inset,compute_alpha_near_zero,raw_indicator,-4.85e-05,alpha,5.100989497207419e-07,
a_inset,compute_alpha_near_zero,raw_indicator,-4.8333333333333334e-05,alpha,5.118214916020677e-07,
a_inset,compute_alpha_near_zero,raw_indicator,-4.816666666666667e-05,alpha,5.135555846658012e-07,
a_inset,compute_alpha_near_zero,raw_indicator,-4.8e-05,alpha,5.153013442628273e-07,
a_inset,compute_alpha_near_zero,raw_indicator,-4.7833333333333335e-05,alpha,5.170588872551172e-07,
a_inset,compute_alpha_near_zero,raw_indicator,-4.766666666666667e-05,alpha,5.188283320666148e-07,
a_inset,compute_alpha_near_zero,raw_indicator,-4.75e-05,alpha,5.206097986859069e-07,
a_inset,compute_alpha_near_zero,raw_indicator,-4.7333333333333336e-05,alpha,5.22403408701876e-07,
a_inset,compute_alpha_near_zero,raw_indicator,-4.716666666666667e-05,alpha,5.242092853402215e-07,
a_inset,compute_alpha_near_zero,raw_indicator,-4.7000000000000004e-05,alpha,5.260275534671048e-07,
a_inset,compute_alpha_near_zero,raw_indicator,-4.683333333333334e-05,alpha,5.278583396434547e-07,
a_inset,compute_alpha_near_zero,raw_indicator,-4.666666666666667e-05,alpha,5.297017721260379e-07,
a_inset,compute_alpha_near_zero,raw_indicator,-4.6500000000000005e-05,alpha,5.31557980923258e-07,
a_inset,compute_alpha_near_zero,raw_indicator,-4.633333333333333e-05,alpha,5.334270977969582e-07,
a_inset,compute_alpha_near_zero,raw_indicator,-4.6166666666666666e-05,alpha,5.353092563197417e-07,
a_inset,compute_alpha_near_zero,raw_indicator,-4.6e-05,alpha,5.37204591881131e-07,
a_inset,compute_alpha_near_zero,raw_indicator,-4.5833333333333334e-05,alpha,5.391132417288055e-07,
a_inset,compute_alpha_near_zero,raw_indicator,-4.566666666666667e-05,alpha,5.410353450109659e-07,
a_inset,compute_alpha_near_zero,raw_indicator,-4.55e-05,alpha,5.429710427836735e-07,
a_inset,compute_alpha_near_zero,raw_indicator,-4.5333333333333335e-05,alpha,5.449204780722973e-07,
a_inset,compute_alpha_near_zero,raw_indicator,-4.516666666666667e-05,alpha,5.46883795876328e-07,
a_inset,compute_alpha_near_zero,raw_indicator,-4.5e-05,alpha,5.488611432325369e-07,
a_inset,compute_alpha_near_zero,raw_indicator,-4.483333333333334e-05,alpha,5.508526692207963e-07,
a_inset,compute_alpha_near_zero,raw_indicator,-4.466666666666667e-05,alpha,5.528585250290706e-07,
a_inset,compute_alpha_near_zero,raw_indicator,-4.4500000000000004e-05,alpha,5.548788639639977e-07,
a_inset,compute_alpha_near_zero,raw_indicator,-4.433333333333334e-05,alpha,5.569138414990204e-07,
a_inset,compute_alpha_near_zero,raw_indicator,-4.4166666666666665e-05,alpha,5.589636153237147e-07,
a_inset,compute_alpha_near_zero,raw_indicator,-4.4e-05,alpha,5.610283453560003e-07,
a_inset,compute_alpha_near_zero,raw_indicator,-4.383333333333333e-05,alpha,5.631081938120718e-07,
a_inset,compute_alpha_near_zero,raw_indicator,-4.3666666666666666e-05,alpha,5.652033252160681e-07,
a_inset,compute_alpha_near_zero,raw_indicator,-4.35e-05,alpha,5.673139064721386e-07,
a_inset,compute_alpha_near_zero,raw_indicator,-4.3333333333333334e-05,alpha,5.694401068753522e-07,
a_inset,compute_alpha_near_zero,raw_indicator,-4.316666666666667e-05,alpha,5.715820981859862e-07,
a_inset,compute_alpha_near_zero,raw_indicator,-4.3e-05,alpha,5.737400546457889e-07,
a_inset,compute_alpha_near_zero,raw_indicator,-4.2833333333333335e-05,alpha,5.759141530344665e-07,
a_inset,compute_alpha_near_zero,raw_indicator,-4.266666666666667e-05,alpha,5.781045727276374e-07,
a_inset,compute_alpha_near_zero,raw_indicator,-4.25e-05,alpha,5.803114957151923e-07,
a_inset,compute_alpha_near_zero,raw_indicator,-4.233333333333334e-05,alpha,5.82535106681532e-07,
a_inset,compute_alpha_near_zero,raw_indicator,-4.216666666666667e-05,alpha,5.847755930215186e-07,
a_inset,compute_alpha_near_zero,raw_indicator,-4.2000000000000004e-05,alpha,5.870331449232443e-07,
a_inset,compute_alpha_near_zero,raw_indicator,-4.183333333333334e-05,alpha,5.893079553856395e-07,
a_inset,compute_alpha_near_zero,raw_indicator,-4.166666666666667e-05,alpha,5.916002203039382e-07,
a_inset,compute_alpha_near_zero,raw_indicator,-4.1500000000000006e-05,alpha,5.939101384932735e-07,
a_inset,compute_alpha_near_zero,raw_indicator,-4.133333333333333e-05,alpha,5.962379117554639e-07,
a_inset,compute_alpha_near_zero,raw_indicator,-4.116666666666667e-05,alpha,5.985837449475385e-07,
a_inset,compute_alpha_near_zero,raw_indicator,-4.1e-05,alpha,6.009478460080728e-07,
a_inset,compute_alpha_near_zero,raw_indicator,-4.0833333333333334e-05,alpha,6.033304260499087e-07,
a_inset,compute_alpha_near_zero,raw_indicator,-4.066666666666667e-05,alpha,6.057316993842403e-07,
a_inset,compute_alpha_near_zero,raw_indicator,-4.05e-05,alpha,6.081518836165049e-07,
a_inset,compute_alpha_near_zero,raw_indicator,-4.0333333333333336e-05,alpha,6.105911996725362e-07,
a_inset,compute_alpha_near_zero,raw_indicator,-4.016666666666667e-05,alpha,6.13049871897755e-07,
a_inset,compute_alpha_near_zero,raw_indicator,-4e-05,alpha,6.155281280902004e-07,
a_inset,compute_alpha_near_zero,raw_indicator,-3.983333333333334e-05,alpha,6.180261995800385e-07,
a_inset,compute_alpha_near_zero,raw_indicator,-3.966666666666667e-05,alpha,6.205443213112376e-07,
a_inset,compute_alpha_near_zero,raw_indicator,-3.95e-05,alpha,6.230827318781184e-07,
a_inset,compute_alpha_near_zero,raw_indicator,-3.933333333333333e-05,alpha,6.256416736334564e-07,
a_inset,compute_alpha_near_zero,raw_indicator,-3.9166666666666665e-05,alpha,6.282213927230645e-07,
a_inset,compute_alpha_near_zero,raw_indicator,-3.9e-05,alpha,6.308221391977601e-07,
a_inset,compute_alpha_near_zero,raw_indicator,-3.883333333333333e-05,alpha,6.334441670506928e-07,
a_inset,compute_alpha_near_zero,raw_indicator,-3.866666666666667e-05,alpha,6.360877343333637e-07,
a_inset,compute_alpha_near_zero,raw_indicator,-3.85e-05,alpha,6.387531032008268e-07,
a_inset,compute_alpha_near_zero,raw_indicator,-3.8333333333333334e-05,alpha,6.414405400071121e-07,
a_inset,compute_alpha_near_zero,raw_indicator,-3.816666666666667e-05,alpha,6.441503154032715e-07,
a_inset,compute_alpha_near_zero,raw_indicator,-3.8e-05,alpha,6.468827043871741e-07,
a_inset,compute_alpha_near_zero,raw_indicator,-3.7833333333333336e-05,alpha,6.496379864305748e-07,
a_inset,compute_alpha_near_zero,raw_indicator,-3.766666666666667e-05,alpha,6.524164455273544e-07,
a_inset,compute_alpha_near_zero,raw_indicator,-3.7500000000000003e-05,alpha,6.552183703254093e-07,
a_inset,compute_alpha_near_zero,raw_indicator,-3.733333333333334e-05,alpha,6.580440541784464e-07,
a_inset,compute_alpha_near_zero,raw_indicator,-3.716666666666667e-05,alpha,6.60893795282917e-07,
a_inset,compute_alpha_near_zero,raw_indicator,-3.7000000000000005e-05,alpha,6.637678967389667e-07,
a_inset,compute_alpha_near_zero,raw_indicator,-3.683333333333334e-05,alpha,6.666666666658483e-07,
a_inset,compute_alpha_near_zero,raw_indicator,-3.666666666666667e-05,alpha,6.695904183205639e-07,
a_inset,compute_alpha_near_zero,raw_indicator,-3.65e-05,alpha,6.72539470164815e-07,
a_inset,compute_alpha_near_zero,raw_indicator,-3.633333333333333e-05,alpha,6.755141460157023e-07,
a_inset,compute_alpha_near_zero,raw_indicator,-3.616666666666667e-05,alpha,6.785147751117883e-07,
a_inset,compute_alpha_near_zero,raw_indicator,-3.6e-05,alpha,6.81541692269798e-07,
a_inset,compute_alpha_near_zero,raw_indicator,-3.5833333333333335e-05,alpha,6.845952379553259e-07,
a_inset,compute_alpha_near_zero,raw_indicator,-3.566666666666667e-05,alpha,6.876757584458931e-07,
a_inset,compute_alpha_near_zero,raw_indicator,-3.55e-05,alpha,6.907836059123544e-07,
a_inset,compute_alpha_near_zero,raw_indicator,-3.5333333333333336e-05,alpha,6.939191385596474e-07,
a_inset,compute_alpha_near_zero,raw_indicator,-3.516666666666667e-05,alpha,6.970827207714967e-07,
a_inset,compute_alpha_near_zero,raw_indicator,-3.5000000000000004e-05,alpha,7.002747231997149e-07,
a_inset,compute_alpha_near_zero,raw_indicator,-3.483333333333333e-05,alpha,7.03495522944566e-07,
a_inset,compute_alpha_near_zero,raw_indicator,-3.4666666666666665e-05,alpha,7.067455036441211e-07,
a_inset,compute_alpha_near_zero,raw_indicator,-3.45e-05,alpha,7.100250556622179e-07,
a_inset,compute_alpha_near_zero,raw_indicator,-3.433333333333333e-05,alpha,7.133345761838642e-07,
a_inset,compute_alpha_near_zero,raw_indicator,-3.4166666666666666e-05,alpha,7.166744694112411e-07,
a_inset,compute_alpha_near_zero,raw_indicator,-3.4e-05,alpha,7.200451466718555e-07,
a_inset,compute_alpha_near_zero,raw_indicator,-3.3833333333333334e-05,alpha,7.234470265915482e-07,
a_inset,compute_alpha_near_zero,raw_indicator,-3.366666666666667e-05,alpha,7.268805352724727e-07,
a_inset,compute_alpha_near_zero,raw_indicator,-3.35e-05,alpha,7.303461064116019e-07,
a_inset,compute_alpha_near_zero,raw_indicator,-3.3333333333333335e-05,alpha,7.338441815187269e-07,
a_inset,compute_alpha_near_zero,raw_indicator,-3.316666666666667e-05,alpha,7.373752100362958e-07,
a_inset,compute_alpha_near_zero,raw_indicator,-3.3e-05,alpha,7.409396495670921e-07,
a_inset,compute_alpha_near_zero,raw_indicator,-3.2833333333333336e-05,alpha,7.445379660020762e-07,
a_inset,compute_alpha_near_zero,raw_indicator,-3.266666666666667e-05,alpha,7.481706337582829e-07,
a_inset,compute_alpha_near_zero,raw_indicator,-3.2500000000000004e-05,alpha,7.518381359220107e-07,
a_inset,compute_alpha_near_zero,raw_indicator,-3.233333333333334e-05,alpha,7.555409644633141e-07,
a_inset,compute_alpha_near_zero,raw_indicator,-3.216666666666667e-05,alpha,7.592796204567607e-07,
a_inset,compute_alpha_near_zero,raw_indicator,-3.2000000000000005e-05,alpha,7.630546142382986e-07,
a_inset,compute_alpha_near_zero,raw_indicator,-3.183333333333334e-05,alpha,7.66866465671299e-07,
a_inset,compute_alpha_near_zero,raw_indicator,-3.166666666666667e-05,alpha,7.707157043066423e-07,
a_inset,compute_alpha_near_zero,raw_indicator,-3.15e-05,alpha,7.746028696611815e-07,
a_inset,compute_alpha_near_zero,raw_indicator,-3.1333333333333334e-05,alpha,7.785285113883892e-07,
a_inset,compute_alpha_near_zero,raw_indicator,-3.116666666666667e-05,alpha,7.824931895699772e-07,
a_inset,compute_alpha_near_zero,raw_indicator,-3.1e-05,alpha,7.864974749052664e-07,
a_inset,compute_alpha_near_zero,raw_indicator,-3.0833333333333335e-05,alpha,7.905419489793772e-07,
a_inset,compute_alpha_near_zero,raw_indicator,-3.066666666666667e-05,alpha,7.946272045394033e-07,
a_inset,compute_alpha_near_zero,raw_indicator,-3.0500000000000003e-05,alpha,7.987538457019176e-07,
a_inset,compute_alpha_near_zero,raw_indicator,-3.0333333333333333e-05,alpha,8.029224882809301e-07,
a_inset,compute_alpha_near_zero,raw_indicator,-3.0166666666666667e-05,alpha,8.071337600012095e-07,
a_inset,compute_alpha_near_zero,raw_indicator,-3e-05,alpha,8.11388300842353e-07,
a_inset,compute_alpha_near_zero,raw_indicator,-2.9833333333333335e-05,alpha,8.156867632661471e-07,
a_inset,compute_alpha_near_zero,raw_indicator,-2.966666666666667e-05,alpha,8.200298125776459e-07,
a_inset,compute_alpha_near_zero,raw_indicator,-2.9500000000000002e-05,alpha,8.244181271757131e-07,
a_inset,compute_alpha_near_zero,raw_indicator,-2.9333333333333336e-05,alpha,8.288523988912406e-07,
a_inset,compute_alpha_near_zero,raw_indicator,-2.9166666666666666e-05,alpha,8.333333333356603e-07,
a_inset,compute_alpha_near_zero,raw_indicator,-2.9e-05,alpha,8.378616501756218e-07,
a_inset,compute_alpha_near_zero,raw_indicator,-2.8833333333333334e-05,alpha,8.424380835413633e-07,
a_inset,compute_alpha_near_zero,raw_indicator,-2.8666666666666668e-05,alpha,8.470633823109071e-07,
a_inset,compute_alpha_near_zero,raw_indicator,-2.85e-05,alpha,8.517383105394356e-07,
a_inset,compute_alpha_near_zero,raw_indicator,-2.8333333333333335e-05,alpha,8.564636477710229e-07,
a_inset,compute_alpha_near_zero,raw_indicator,-2.816666666666667e-05,alpha,8.612401894461851e-07,
a_inset,compute_alpha_near_zero,raw_indicator,-2.8e-05,alpha,8.660687473219948e-07,
a_inset,compute_alpha_near_zero,raw_indicator,-2.7833333333333333e-05,alpha,8.709501498141318e-07,
a_inset,compute_alpha_near_zero,raw_indicator,-2.7666666666666667e-05,alpha,8.758852424845469e-07,
a_inset,compute_alpha_near_zero,raw_indicator,-2.75e-05,alpha,8.808748883969212e-07,
a_inset,compute_alpha_near_zero,raw_indicator,-2.7333333333333335e-05,alpha,8.859199686302576e-07,
a_inset,compute_alpha_near_zero,raw_indicator,-2.716666666666667e-05,alpha,8.910213826578552e-07,
a_inset,compute_alpha_near_zero,raw_indicator,-2.7000000000000002e-05,alpha,8.961800488884686e-07,
a_inset,compute_alpha_near_zero,raw_indicator,-2.6833333333333333e-05,alpha,9.01396905080134e-07,
a_inset,compute_alpha_near_zero,raw_indicator,-2.6666666666666667e-05,alpha,9.066729088619641e-07,
a_inset,compute_alpha_near_zero,raw_indicator,-2.65e-05,alpha,9.120090382723743e-07,
a_inset,compute_alpha_near_zero,raw_indicator,-2.6333333333333334e-05,alpha,9.174062922136042e-07,
a_inset,compute_alpha_near_zero,raw_indicator,-2.6166666666666668e-05,alpha,9.228656910697161e-07,
a_inset,compute_alpha_near_zero,raw_indicator,-2.6000000000000002e-05,alpha,9.283882771811998e-07,
a_inset,compute_alpha_near_zero,raw_indicator,-2.5833333333333336e-05,alpha,9.339751154972282e-07,
a_inset,compute_alpha_near_zero,raw_indicator,-2.5666666666666666e-05,alpha,9.39627294081878e-07,
a_inset,compute_alpha_near_zero,raw_indicator,-2.55e-05,alpha,9.453459248028613e-07,
a_inset,compute_alpha_near_zero,raw_indicator,-2.5333333333333334e-05,alpha,9.511321438823266e-07,
a_inset,compute_alpha_near_zero,raw_indicator,-2.5166666666666667e-05,alpha,9.5698711257042e-07,
a_inset,compute_alpha_near_zero,raw_indicator,-2.5e-05,alpha,9.629120178404807e-07,
a_inset,compute_alpha_near_zero,raw_indicator,-2.4833333333333335e-05,alpha,9.6890807299464e-07,
a_inset,compute_alpha_near_zero,raw_indicator,-2.466666666666667e-05,alpha,9.749765184544752e-07,
a_inset,compute_alpha_near_zero,raw_indicator,-2.45e-05,alpha,9.811186223959598e-07,
a_inset,compute_alpha_near_zero,raw_indicator,-2.4333333333333333e-05,alpha,9.873356815855954e-07,
a_inset,compute_alpha_near_zero,raw_indicator,-2.4166666666666667e-05,alpha,9.936290220580045e-07,
a_inset,compute_alpha_near_zero,raw_indicator,-2.4e-05,alpha,1.0000000000005512e-06,
a_inset,compute_alpha_near_zero,raw_indicator,-2.3833333333333334e-05,alpha,1.0064500024885365e-06,
a_inset,compute_alpha_near_zero,raw_indicator,-2.3666666666666668e-05,alpha,1.0129804483612906e-06,
a_inset,compute_alpha_near_zero,raw_indicator,-2.3500000000000002e-05,alpha,1.0195927891268097e-06,
a_inset,compute_alpha_near_zero,raw_indicator,-2.3333333333333336e-05,alpha,1.0262885097709647e-06,
a_inset,compute_alpha_near_zero,raw_indicator,-2.3166666666666666e-05,alpha,1.0330691297777893e-06,
a_inset,compute_alpha_near_zero,raw_indicator,-2.3e-05,alpha,1.0399362039807449e-06,
a_inset,compute_alpha_near_zero,raw_indicator,-2.2833333333333334e-05,alpha,1.0468913236436443e-06,
a_inset,compute_alpha_near_zero,raw_indicator,-2.2666666666666668e-05,alpha,1.053936117369424e-06,
a_inset,compute_alpha_near_zero,raw_indicator,-2.25e-05,alpha,1.0610722522457078e-06,
a_inset,compute_alpha_near_zero,raw_indicator,-2.2333333333333335e-05,alpha,1.0683014348285519e-06,
a_inset,compute_alpha_near_zero,raw_indicator,-2.216666666666667e-05,alpha,1.0756254122893776e-06,
a_inset,compute_alpha_near_zero,raw_indicator,-2.2e-05,alpha,1.083045973599781e-06,
a_inset,compute_alpha_near_zero,raw_indicator,-2.1833333333333333e-05,alpha,1.0905649506150758e-06,
a_inset,compute_alpha_near_zero,raw_indicator,-2.1666666666666667e-05,alpha,1.098184219400719e-06,
a_inset,compute_alpha_near_zero,raw_indicator,-2.15e-05,alpha,1.1059057013751637e-06,
a_inset,compute_alpha_near_zero,raw_indicator,-2.1333333333333335e-05,alpha,1.113731364717087e-06,
a_inset,compute_alpha_near_zero,raw_indicator,-2.116666666666667e-05,alpha,1.1216632255856129e-06,
a_inset,compute_alpha_near_zero,raw_indicator,-2.1000000000000002e-05,alpha,1.129703349613615e-06,
a_inset,compute_alpha_near_zero,raw_indicator,-2.0833333333333333e-05,alpha,1.1378538532257537e-06,
a_inset,compute_alpha_near_zero,raw_indicator,-2.0666666666666666e-05,alpha,1.1461169051472759e-06,
a_inset,compute_alpha_near_zero,raw_indicator,-2.05e-05,alpha,1.1544947279628805e-06,
a_inset,compute_alpha_near_zero,raw_indicator,-2.0333333333333334e-05,alpha,1.1629895995686537e-06,
a_inset,compute_alpha_near_zero,raw_indicator,-2.0166666666666668e-05,alpha,1.1716038549056905e-06,
a_inset,compute_alpha_near_zero,raw_indicator,-2e-05,alpha,1.1803398874941352e-06,
a_inset,compute_alpha_near_zero,raw_indicator,-1.9833333333333335e-05,alpha,1.189200151273871e-06,
a_inset,compute_alpha_near_zero,raw_indicator,-1.9666666666666666e-05,alpha,1.1981871622417792e-06,
a_inset,compute_alpha_near_zero,raw_indicator,-1.95e-05,alpha,1.2073035004062021e-06,
a_inset,compute_alpha_near_zero,raw_indicator,-1.9333333333333333e-05,alpha,1.2165518115513322e-06,
a_inset,compute_alpha_near_zero,raw_indicator,-1.9166666666666667e-05,alpha,1.2259348092260696e-06,
a_inset,compute_alpha_near_zero,raw_indicator,-1.9e-05,alpha,1.2354552767985279e-06,
a_inset,compute_alpha_near_zero,raw_indicator,-1.8833333333333335e-05,alpha,1.2451160693976683e-06,
a_inset,compute_alpha_near_zero,raw_indicator,-1.866666666666667e-05,alpha,1.2549201161837928e-06,
a_inset,compute_alpha_near_zero,raw_indicator,-1.8500000000000002e-05,alpha,1.2648704224010057e-06,
a_inset,compute_alpha_near_zero,raw_indicator,-1.8333333333333336e-05,alpha,1.274970071787489e-06,
a_inset,compute_alpha_near_zero,raw_indicator,-1.816666666666667e-05,alpha,1.2852222287631375e-06,
a_inset,compute_alpha_near_zero,raw_indicator,-1.7999999999999997e-05,alpha,1.2956301409876756e-06,
a_inset,compute_alpha_near_zero,raw_indicator,-1.783333333333333e-05,alpha,1.3061971417109986e-06,
a_inset,compute_alpha_near_zero,raw_indicator,-1.7666666666666665e-05,alpha,1.3169266523885287e-06,
a_inset,compute_alpha_near_zero,raw_indicator,-1.75e-05,alpha,1.3278221853806665e-06,
a_inset,compute_alpha_near_zero,raw_indicator,-1.7333333333333332e-05,alpha,1.3388873465318474e-06,
a_inset,compute_alpha_near_zero,raw_indicator,-1.7166666666666666e-05,alpha,1.3501258381344656e-06,
a_inset,compute_alpha_near_zero,raw_indicator,-1.7e-05,alpha,1.361541461651592e-06,
a_inset,compute_alpha_near_zero,raw_indicator,-1.6833333333333334e-05,alpha,1.3731381208578909e-06,
a_inset,compute_alpha_near_zero,raw_indicator,-1.6666666666666667e-05,alpha,1.38491982473308e-06,
a_inset,compute_alpha_near_zero,raw_indicator,-1.65e-05,alpha,1.3968906907880803e-06,
a_inset,compute_alpha_near_zero,raw_indicator,-1.6333333333333335e-05,alpha,1.4090549481596473e-06,
a_inset,compute_alpha_near_zero,raw_indicator,-1.616666666666667e-05,alpha,1.421416941015942e-06,
a_inset,compute_alpha_near_zero,raw_indicator,-1.6000000000000003e-05,alpha,1.4339811320651655e-06,
a_inset,compute_alpha_near_zero,raw_indicator,-1.5833333333333336e-05,alpha,1.4467521059305145e-06,
a_inset,compute_alpha_near_zero,raw_indicator,-1.566666666666667e-05,alpha,1.4597345729732318e-06,
a_inset,compute_alpha_near_zero,raw_indicator,-1.5499999999999997e-05,alpha,1.4729333728408617e-06,
a_inset,compute_alpha_near_zero,raw_indicator,-1.533333333333333e-05,alpha,1.486353478500853e-06,
a_inset,compute_alpha_near_zero,raw_indicator,-1.5166666666666665e-05,alpha,1.4999999999893943e-06,
a_inset,compute_alpha_near_zero,raw_indicator,-1.4999999999999999e-05,alpha,1.513878188660723e-06,
a_inset,compute_alpha_near_zero,raw_indicator,-1.4833333333333332e-05,alpha,1.5279934411668357e-06,
a_inset,compute_alpha_near_zero,raw_indicator,-1.4666666666666666e-05,alpha,1.5423513037940043e-06,
a_inset,compute_alpha_near_zero,raw_indicator,-1.45e-05,alpha,1.5569574769141476e-06,
a_inset,compute_alpha_near_zero,raw_indicator,-1.4333333333333334e-05,alpha,1.5718178192734708e-06,
a_inset,compute_alpha_near_zero,raw_indicator,-1.4166666666666668e-05,alpha,1.5869383527924012e-06,
a_inset,compute_alpha_near_zero,raw_indicator,-1.4000000000000001e-05,alpha,1.6023252670338002e-06,
a_inset,compute_alpha_near_zero,raw_indicator,-1.3833333333333335e-05,alpha,1.6179849242213131e-06,
a_inset,compute_alpha_near_zero,raw_indicator,-1.3666666666666669e-05,alpha,1.6339238639078783e-06,
a_inset,compute_alpha_near_zero,raw_indicator,-1.3500000000000003e-05,alpha,1.6501488082065123e-06,
a_inset,compute_alpha_near_zero,raw_indicator,-1.3333333333333337e-05,alpha,1.666666666681209e-06,
a_inset,compute_alpha_near_zero,raw_indicator,-1.3166666666666664e-05,alpha,1.6834845416251524e-06,
a_inset,compute_alpha_near_zero,raw_indicator,-1.2999999999999998e-05,alpha,1.7006097334398573e-06,
a_inset,compute_alpha_near_zero,raw_indicator,-1.2833333333333331e-05,alpha,1.7180497457847327e-06,
a_inset,compute_alpha_near_zero,raw_indicator,-1.2666666666666665e-05,alpha,1.7358122912816742e-06,
a_inset,compute_alpha_near_zero,raw_indicator,-1.2499999999999999e-05,alpha,1.7539052967805807e-06,
a_inset,compute_alpha_near_zero,raw_indicator,-1.2333333333333333e-05,alpha,1.7723369092143602e-06,
a_inset,compute_alpha_near_zero,raw_indicator,-1.2166666666666667e-05,alpha,1.7911155009795288e-06,
a_inset,compute_alpha_near_zero,raw_indicator,-1.2e-05,alpha,1.810249675907483e-06,
a_inset,compute_alpha_near_zero,raw_indicator,-1.1833333333333334e-05,alpha,1.8297482747568113e-06,
a_inset,compute_alpha_near_zero,raw_indicator,-1.1666666666666668e-05,alpha,1.8496203810741054e-06,
a_inset,compute_alpha_near_zero,raw_indicator,-1.1500000000000002e-05,alpha,1.8698753270775777e-06,
a_inset,compute_alpha_near_zero,raw_indicator,-1.1333333333333336e-05,alpha,1.890522699162003e-06,
a_inset,compute_alpha_near_zero,raw_indicator,-1.116666666666667e-05,alpha,1.911572343942081e-06,
a_inset,compute_alpha_near_zero,raw_indicator,-1.1000000000000003e-05,alpha,1.933034373646698e-06,
a_inset,compute_alpha_near_zero,raw_indicator,-1.083333333333333e-05,alpha,1.954919172069635e-06,
a_inset,compute_alpha_near_zero,raw_indicator,-1.0666666666666664e-05,alpha,1.9772373998027036e-06,
a_inset,compute_alpha_near_zero,raw_indicator,-1.0499999999999998e-05,alpha,2.0000000000008626e-06,
a_inset,compute_alpha_near_zero,raw_indicator,-1.0333333333333332e-05,alpha,2.02321820339454e-06,
a_inset,compute_alpha_near_zero,raw_indicator,-1.0166666666666665e-05,alpha,2.046903533540012e-06,
a_inset,compute_alpha_near_zero,raw_indicator,-9.999999999999999e-06,alpha,2.0710678118814485e-06,
a_inset,compute_alpha_near_zero,raw_indicator,-9.833333333333333e-06,alpha,2.095723162127746e-06,
a_inset,compute_alpha_near_zero,raw_indicator,-9.666666666666667e-06,alpha,2.1208820150197164e-06,
a_inset,compute_alpha_near_zero,raw_indicator,-9.5e-06,alpha,2.1465571120516946e-06,
a_inset,compute_alpha_near_zero,raw_indicator,-9.333333333333334e-06,alpha,2.172761509567406e-06,
a_inset,compute_alpha_near_zero,raw_indicator,-9.166666666666668e-06,alpha,2.199508581686806e-06,
a_inset,compute_alpha_near_zero,raw_indicator,-9.000000000000002e-06,alpha,2.2268120235377428e-06,
a_inset,compute_alpha_near_zero,raw_indicator,-8.833333333333336e-06,alpha,2.2546858532325995e-06,
a_inset,compute_alpha_near_zero,raw_indicator,-8.66666666666667e-06,alpha,2.2831444137546965e-06,
a_inset,compute_alpha_near_zero,raw_indicator,-8.499999999999997e-06,alpha,2.312202374222402e-06,
a_inset,compute_alpha_near_zero,raw_indicator,-8.33333333333333e-06,alpha,2.341874729910739e-06,
a_inset,compute_alpha_near_zero,raw_indicator,-8.166666666666664e-06,alpha,2.3721768023016287e-06,
a_inset,compute_alpha_near_zero,raw_indicator,-7.999999999999998e-06,alpha,2.4031242374143936e-06,
a_inset,compute_alpha_near_zero,raw_indicator,-7.833333333333332e-06,alpha,2.434733004104558e-06,
a_inset,compute_alpha_near_zero,raw_indicator,-7.666666666666666e-06,alpha,2.467019390452577e-06,
a_inset,compute_alpha_near_zero,raw_indicator,-7.499999999999999e-06,alpha,2.5000000000008942e-06,
a_inset,compute_alpha_near_zero,raw_indicator,-7.333333333333333e-06,alpha,2.5336917459417414e-06,
a_inset,compute_alpha_near_zero,raw_indicator,-7.166666666666667e-06,alpha,2.5681118446472427e-06,
a_inset,compute_alpha_near_zero,raw_indicator,-7.000000000000001e-06,alpha,2.603277807889732e-06,
a_inset,compute_alpha_near_zero,raw_indicator,-6.8333333333333345e-06,alpha,2.639207432993962e-06,
a_inset,compute_alpha_near_zero,raw_indicator,-6.666666666666668e-06,alpha,2.6759187924561726e-06,
a_inset,compute_alpha_near_zero,raw_indicator,-6.500000000000002e-06,alpha,2.7134302209157037e-06,
a_inset,compute_alpha_near_zero,raw_indicator,-6.333333333333336e-06,alpha,2.7517603015304357e-06,
a_inset,compute_alpha_near_zero,raw_indicator,-6.16666666666667e-06,alpha,2.790927849493916e-06,
a_inset,compute_alpha_near_zero,raw_indicator,-5.999999999999997e-06,alpha,2.830951894846169e-06,
a_inset,compute_alpha_near_zero,raw_indicator,-5.8333333333333306e-06,alpha,2.8718516623057185e-06,
a_inset,compute_alpha_near_zero,raw_indicator,-5.666666666666664e-06,alpha,2.913646549847699e-06,
a_inset,compute_alpha_near_zero,raw_indicator,-5.499999999999998e-06,alpha,2.956356105284223e-06,
a_inset,compute_alpha_near_zero,raw_indicator,-5.333333333333332e-06,alpha,2.999999999982645e-06,
a_inset,compute_alpha_near_zero,raw_indicator,-5.166666666666666e-06,alpha,3.044598001653775e-06,
a_inset,compute_alpha_near_zero,raw_indicator,-4.9999999999999996e-06,alpha,3.0901699437217987e-06,
a_inset,compute_alpha_near_zero,raw_indicator,-4.833333333333333e-06,alpha,3.136735693859232e-06,
a_inset,compute_alpha_near_zero,raw_indicator,-4.666666666666667e-06,alpha,3.184315119043414e-06,
a_inset,compute_alpha_near_zero,raw_indicator,-4.500000000000001e-06,alpha,3.232928049866118e-06,
a_inset,compute_alpha_near_zero,raw_indicator,-4.333333333333335e-06,alpha,3.282594241466125e-06,
a_inset,compute_alpha_near_zero,raw_indicator,-4.1666666666666686e-06,alpha,3.3333333333235217e-06,
a_inset,compute_alpha_near_zero,raw_indicator,-4.000000000000002e-06,alpha,3.3851648071676623e-06,
a_inset,compute_alpha_near_zero,raw_indicator,-3.833333333333336e-06,alpha,3.43810794211778e-06,
a_inset,compute_alpha_near_zero,raw_indicator,-3.666666666666663e-06,alpha,3.492181769580074e-06,
a_inset,compute_alpha_near_zero,raw_indicator,-3.499999999999997e-06,alpha,3.547405025070447e-06,
a_inset,compute_alpha_near_zero,raw_indicator,-3.3333333333333308e-06,alpha,3.6037961002930628e-06,
a_inset,compute_alpha_near_zero,raw_indicator,-3.1666666666666646e-06,alpha,3.661372992472524e-06,
a_inset,compute_alpha_near_zero,raw_indicator,-2.9999999999999984e-06,alpha,3.7201532544559125e-06,
a_inset,compute_alpha_near_zero,raw_indicator,-2.833333333333332e-06,alpha,3.780153942606905e-06,
a_inset,compute_alpha_near_zero,raw_indicator,-2.666666666666666e-06,alpha,3.84139156540784e-06,
a_inset,compute_alpha_near_zero,raw_indicator,-2.4999999999999998e-06,alpha,3.903882032061692e-06,
a_inset,compute_alpha_near_zero,raw_indicator,-2.3333333333333336e-06,alpha,3.967640600223765e-06,
a_inset,compute_alpha_near_zero,raw_indicator,-2.1666666666666674e-06,alpha,4.032681826084544e-06,
a_inset,compute_alpha_near_zero,raw_indicator,-2.000000000000001e-06,alpha,4.099019513551819e-06,
a_inset,compute_alpha_near_zero,raw_indicator,-1.833333333333335e-06,alpha,4.1666666666812e-06,
a_inset,compute_alpha_near_zero,raw_indicator,-1.6666666666666688e-06,alpha,4.235635441858159e-06,
a_inset,compute_alpha_near_zero,raw_indicator,-1.5000000000000026e-06,alpha,4.305937104039552e-06,
a_inset,compute_alpha_near_zero,raw_indicator,-1.3333333333333296e-06,alpha,4.377581983533853e-06,
a_inset,compute_alpha_near_zero,raw_indicator,-1.1666666666666634e-06,alpha,4.450579436831432e-06,
a_inset,compute_alpha_near_zero,raw_indicator,-9.999999999999972e-07,alpha,4.52493781060714e-06,
a_inset,compute_alpha_near_zero,raw_indicator,-8.33333333333331e-07,alpha,4.600664407798835e-06,
a_inset,compute_alpha_near_zero,raw_indicator,-6.666666666666648e-07,alpha,4.677765459489906e-06,
a_inset,compute_alpha_near_zero,raw_indicator,-4.999999999999986e-07,alpha,4.756246098576356e-06,
a_inset,compute_alpha_near_zero,raw_indicator,-3.333333333333324e-07,alpha,4.836110339951255e-06,
a_inset,compute_alpha_near_zero,raw_indicator,-1.666666666666662e-07,alpha,4.917361062824953e-06,
a_inset,compute_alpha_near_zero,raw_indicator,0.0,alpha,5e-06,
a_inset,compute_alpha_near_zero,raw_indicator,1.666666666666662e-07,alpha,5.0840277296290025e-06,
a_inset,compute_alpha_near_zero,raw_indicator,3.333333333333324e-07,alpha,5.169443673250018e-06,
a_inset,compute_alpha_near_zero,raw_indicator,4.999999999999986e-07,alpha,5.256246098679171e-06,
a_inset,compute_alpha_near_zero,raw_indicator,6.666666666666648e-07,alpha,5.344432126087434e-06,
a_inset,compute_alpha_near_zero,raw_indicator,8.33333333333331e-07,alpha,5.433997741200413e-06,
a_inset,compute_alpha_near_zero,raw_indicator,1.000000000000004e-06,alpha,5.5249378105034315e-06,
a_inset,compute_alpha_near_zero,raw_indicator,1.1666666666666702e-06,alpha,5.617246103531775e-06,
a_inset,compute_alpha_near_zero,raw_indicator,1.3333333333333364e-06,alpha,5.71091531672891e-06,
a_inset,compute_alpha_near_zero,raw_indicator,1.5000000000000026e-06,alpha,5.805937104038658e-06,
a_inset,compute_alpha_near_zero,raw_indicator,1.6666666666666688e-06,alpha,5.902302108661315e-06,
a_inset,compute_alpha_near_zero,raw_indicator,1.833333333333335e-06,alpha,5.999999999979072e-06,
a_inset,compute_alpha_near_zero,raw_indicator,2.000000000000001e-06,alpha,6.09901951365374e-06,
a_inset,compute_alpha_near_zero,raw_indicator,2.1666666666666674e-06,alpha,6.199348492681179e-06,
a_inset,compute_alpha_near_zero,raw_indicator,2.3333333333333336e-06,alpha,6.300973933624449e-06,
a_inset,compute_alpha_near_zero,raw_indicator,2.4999999999999998e-06,alpha,6.40388203195709e-06,
a_inset,compute_alpha_near_zero,raw_indicator,2.666666666666666e-06,alpha,6.50805823210729e-06,
a_inset,compute_alpha_near_zero,raw_indicator,2.833333333333332e-06,alpha,6.613487275801068e-06,
a_inset,compute_alpha_near_zero,raw_indicator,2.9999999999999984e-06,alpha,6.720153254454125e-06,
a_inset,compute_alpha_near_zero,raw_indicator,3.1666666666666646e-06,alpha,6.828039659274787e-06,
a_inset,compute_alpha_near_zero,raw_indicator,3.3333333333333308e-06,alpha,6.937129433590039e-06,
a_inset,compute_alpha_near_zero,raw_indicator,3.5000000000000038e-06,alpha,7.047405025171475e-06,
a_inset,compute_alpha_near_zero,raw_indicator,3.66666666666667e-06,alpha,7.158848436175815e-06,
a_inset,compute_alpha_near_zero,raw_indicator,3.833333333333336e-06,alpha,7.271441275517571e-06,
a_inset,compute_alpha_near_zero,raw_indicator,4.000000000000002e-06,alpha,7.385164807062167e-06,
a_inset,compute_alpha_near_zero,raw_indicator,4.1666666666666686e-06,alpha,7.500000000022076e-06,
a_inset,compute_alpha_near_zero,raw_indicator,4.333333333333335e-06,alpha,7.6159275746593945e-06,
a_inset,compute_alpha_near_zero,raw_indicator,4.500000000000001e-06,alpha,7.732928049863437e-06,
a_inset,compute_alpha_near_zero,raw_indicator,4.666666666666667e-06,alpha,7.850981785844784e-06,
a_inset,compute_alpha_near_zero,raw_indicator,4.833333333333333e-06,alpha,7.970069027155316e-06,
a_inset,compute_alpha_near_zero,raw_indicator,4.9999999999999996e-06,alpha,8.090169943821933e-06,
a_inset,compute_alpha_near_zero,raw_indicator,5.166666666666666e-06,alpha,8.211264668248623e-06,
a_inset,compute_alpha_near_zero,raw_indicator,5.333333333333332e-06,alpha,8.333333333381543e-06,
a_inset,compute_alpha_near_zero,raw_indicator,5.499999999999998e-06,alpha,8.456356105177835e-06,
a_inset,compute_alpha_near_zero,raw_indicator,5.666666666666664e-06,alpha,8.58031321654536e-06,
a_inset,compute_alpha_near_zero,raw_indicator,5.833333333333337e-06,alpha,8.705184995498094e-06,
a_inset,compute_alpha_near_zero,raw_indicator,6.0000000000000035e-06,alpha,8.830951894842594e-06,
a_inset,compute_alpha_near_zero,raw_indicator,6.16666666666667e-06,alpha,8.957594516294392e-06,
a_inset,compute_alpha_near_zero,raw_indicator,6.333333333333336e-06,alpha,9.085093634825625e-06,
a_inset,compute_alpha_near_zero,raw_indicator,6.500000000000002e-06,alpha,9.213430221014944e-06,
a_inset,compute_alpha_near_zero,raw_indicator,6.666666666666668e-06,alpha,9.342585459050126e-06,
a_inset,compute_alpha_near_zero,raw_indicator,6.8333333333333345e-06,alpha,9.472540766391967e-06,
a_inset,compute_alpha_near_zero,raw_indicator,7.000000000000001e-06,alpha,9.60327780778245e-06,
a_inset,compute_alpha_near_zero,raw_indicator,7.166666666666667e-06,alpha,9.734778511344012e-06,
a_inset,compute_alpha_near_zero,raw_indicator,7.333333333333333e-06,alpha,9.867025079133224e-06,
a_inset,compute_alpha_near_zero,raw_indicator,7.499999999999999e-06,alpha,9.999999999996426e-06,
a_inset,compute_alpha_near_zero,raw_indicator,7.666666666666666e-06,alpha,1.013368605725216e-05,
a_inset,compute_alpha_near_zero,raw_indicator,7.833333333333332e-06,alpha,1.0268066337398855e-05,
a_inset,compute_alpha_near_zero,raw_indicator,7.999999999999998e-06,alpha,1.040312423751274e-05,
a_inset,compute_alpha_near_zero,raw_indicator,8.166666666666671e-06,alpha,1.0538843468894689e-05,
a_inset,compute_alpha_near_zero,raw_indicator,8.333333333333337e-06,alpha,1.067520806330785e-05,
a_inset,compute_alpha_near_zero,raw_indicator,8.500000000000003e-06,alpha,1.0812202374114226e-05,
a_inset,compute_alpha_near_zero,raw_indicator,8.66666666666667e-06,alpha,1.094981108045057e-05,
a_inset,compute_alpha_near_zero,raw_indicator,8.833333333333336e-06,alpha,1.1088019186423188e-05,
a_inset,compute_alpha_near_zero,raw_indicator,9.000000000000002e-06,alpha,1.1226812023532381e-05,
a_inset,compute_alpha_near_zero,raw_indicator,9.166666666666668e-06,alpha,1.1366175248485495e-05,
a_inset,compute_alpha_near_zero,raw_indicator,9.333333333333334e-06,alpha,1.150609484286081e-05,
a_inset,compute_alpha_near_zero,raw_indicator,9.5e-06,alpha,1.1646557112149148e-05,
a_inset,compute_alpha_near_zero,raw_indicator,9.666666666666667e-06,alpha,1.1787548681611883e-05,
a_inset,compute_alpha_near_zero,raw_indicator,9.833333333333333e-06,alpha,1.1929056495523963e-05,
a_inset,compute_alpha_near_zero,raw_indicator,9.999999999999999e-06,alpha,1.207106781177238e-05,
a_inset,compute_alpha_near_zero,raw_indicator,1.0166666666666665e-05,alpha,1.2213570200234993e-05,
a_inset,compute_alpha_near_zero,raw_indicator,1.0333333333333332e-05,alpha,1.2356551536584234e-05,
a_inset,compute_alpha_near_zero,raw_indicator,1.0500000000000005e-05,alpha,1.2499999999994608e-05,
a_inset,compute_alpha_near_zero,raw_indicator,1.066666666666667e-05,alpha,1.26439040666005e-05,
a_inset,compute_alpha_near_zero,raw_indicator,1.0833333333333337e-05,alpha,1.2788252505362145e-05,
a_inset,compute_alpha_near_zero,raw_indicator,1.1000000000000003e-05,alpha,1.2933034373743258e-05,
a_inset,compute_alpha_near_zero,raw_indicator,1.116666666666667e-05,alpha,1.3078239010533354e-05,
a_inset,compute_alpha_near_zero,raw_indicator,1.1333333333333336e-05,alpha,1.3223856032557326e-05,
a_inset,compute_alpha_near_zero,raw_indicator,1.1500000000000002e-05,alpha,1.3369875326967617e-05,
a_inset,compute_alpha_near_zero,raw_indicator,1.1666666666666668e-05,alpha,1.3516287047768193e-05,
a_inset,compute_alpha_near_zero,raw_indicator,1.1833333333333334e-05,alpha,1.3663081607945612e-05,
a_inset,compute_alpha_near_zero,raw_indicator,1.2e-05,alpha,1.3810249675900334e-05,
a_inset,compute_alpha_near_zero,raw_indicator,1.2166666666666667e-05,alpha,1.3957782167776432e-05,
a_inset,compute_alpha_near_zero,raw_indicator,1.2333333333333333e-05,alpha,1.4105670242505977e-05,
a_inset,compute_alpha_near_zero,raw_indicator,1.2499999999999999e-05,alpha,1.4253905296876247e-05,
a_inset,compute_alpha_near_zero,raw_indicator,1.2666666666666665e-05,alpha,1.4402478957872053e-05,
a_inset,compute_alpha_near_zero,raw_indicator,1.2833333333333331e-05,alpha,1.4551383079179162e-05,
a_inset,compute_alpha_near_zero,raw_indicator,1.2999999999999998e-05,alpha,1.4700609733329002e-05,
a_inset,compute_alpha_near_zero,raw_indicator,1.3166666666666664e-05,alpha,1.4850151208318346e-05,
a_inset,compute_alpha_near_zero,raw_indicator,1.333333333333333e-05,alpha,1.4999999999869117e-05,
a_inset,compute_alpha_near_zero,raw_indicator,1.3499999999999996e-05,alpha,1.515014880819847e-05,
a_inset,compute_alpha_near_zero,raw_indicator,1.3666666666666662e-05,alpha,1.530059053070389e-05,
a_inset,compute_alpha_near_zero,raw_indicator,1.3833333333333329e-05,alpha,1.5451318257512038e-05,
a_inset,compute_alpha_near_zero,raw_indicator,1.4000000000000008e-05,alpha,1.5602325267128574e-05,
a_inset,compute_alpha_near_zero,raw_indicator,1.4166666666666674e-05,alpha,1.5753605019381887e-05,
a_inset,compute_alpha_near_zero,raw_indicator,1.433333333333334e-05,alpha,1.5905151152667007e-05,
a_inset,compute_alpha_near_zero,raw_indicator,1.4500000000000007e-05,alpha,1.60569574768024e-05,
a_inset,compute_alpha_near_zero,raw_indicator,1.4666666666666673e-05,alpha,1.6209017970486305e-05,
a_inset,compute_alpha_near_zero,raw_indicator,1.483333333333334e-05,alpha,1.636132677435385e-05,
a_inset,compute_alpha_near_zero,raw_indicator,1.5000000000000005e-05,alpha,1.6513878188651786e-05,
a_inset,compute_alpha_near_zero,raw_indicator,1.5166666666666672e-05,alpha,1.666666666678451e-05,
a_inset,compute_alpha_near_zero,raw_indicator,1.5333333333333338e-05,alpha,1.681968681179068e-05,
a_inset,compute_alpha_near_zero,raw_indicator,1.5500000000000004e-05,alpha,1.697293337293474e-05,
a_inset,compute_alpha_near_zero,raw_indicator,1.566666666666667e-05,alpha,1.7126401239561824e-05,
a_inset,compute_alpha_near_zero,raw_indicator,1.5833333333333336e-05,alpha,1.7280085439323155e-05,
a_inset,compute_alpha_near_zero,raw_indicator,1.6000000000000003e-05,alpha,1.7433981131952525e-05,
a_inset,compute_alpha_near_zero,raw_indicator,1.616666666666667e-05,alpha,1.7588083607707348e-05,
a_inset,compute_alpha_near_zero,raw_indicator,1.6333333333333335e-05,alpha,1.774238828134577e-05,
a_inset,compute_alpha_near_zero,raw_indicator,1.65e-05,alpha,1.7896890690778253e-05,
a_inset,compute_alpha_near_zero,raw_indicator,1.6666666666666667e-05,alpha,1.80515864915273e-05,
a_inset,compute_alpha_near_zero,raw_indicator,1.6833333333333334e-05,alpha,1.8206471454146828e-05,
a_inset,compute_alpha_near_zero,raw_indicator,1.7e-05,alpha,1.8361541461744577e-05,
a_inset,compute_alpha_near_zero,raw_indicator,1.7166666666666666e-05,alpha,1.8516792504722163e-05,
a_inset,compute_alpha_near_zero,raw_indicator,1.7333333333333332e-05,alpha,1.8672220679923598e-05,
a_inset,compute_alpha_near_zero,raw_indicator,1.75e-05,alpha,1.882782218526713e-05,
a_inset,compute_alpha_near_zero,raw_indicator,1.7666666666666665e-05,alpha,1.8983593319079042e-05,
a_inset,compute_alpha_near_zero,raw_indicator,1.783333333333333e-05,alpha,1.913953047489623e-05,
a_inset,compute_alpha_near_zero,raw_indicator,1.7999999999999997e-05,alpha,1.9295630140976953e-05,
a_inset,compute_alpha_near_zero,raw_indicator,1.8166666666666663e-05,alpha,1.9451888895556466e-05,
a_inset,compute_alpha_near_zero,raw_indicator,1.833333333333333e-05,alpha,1.960830340507553e-05,
a_inset,compute_alpha_near_zero,raw_indicator,1.8499999999999996e-05,alpha,1.9764870422493098e-05,
a_inset,compute_alpha_near_zero,raw_indicator,1.8666666666666662e-05,alpha,1.99215867827706e-05,
a_inset,compute_alpha_near_zero,raw_indicator,1.883333333333334e-05,alpha,2.0078449402788522e-05,
a_inset,compute_alpha_near_zero,raw_indicator,1.9000000000000008e-05,alpha,2.0235455276684098e-05,
a_inset,compute_alpha_near_zero,raw_indicator,1.9166666666666674e-05,alpha,2.039260147591569e-05,
a_inset,compute_alpha_near_zero,raw_indicator,1.933333333333334e-05,alpha,2.0549885144735667e-05,
a_inset,compute_alpha_near_zero,raw_indicator,1.9500000000000006e-05,alpha,2.0707303500394586e-05,
a_inset,compute_alpha_near_zero,raw_indicator,1.9666666666666673e-05,alpha,2.086485382903421e-05,
a_inset,compute_alpha_near_zero,raw_indicator,1.983333333333334e-05,alpha,2.102253348456102e-05,
a_inset,compute_alpha_near_zero,raw_indicator,2.0000000000000005e-05,alpha,2.1180339887585335e-05,
a_inset,compute_alpha_near_zero,raw_indicator,2.016666666666667e-05,alpha,2.1338270521491602e-05,
a_inset,compute_alpha_near_zero,raw_indicator,2.0333333333333337e-05,alpha,2.149632293295862e-05,
a_inset,compute_alpha_near_zero,raw_indicator,2.0500000000000004e-05,alpha,2.1654494727847556e-05,
a_inset,compute_alpha_near_zero,raw_indicator,2.066666666666667e-05,alpha,2.1812783571836004e-05,
a_inset,compute_alpha_near_zero,raw_indicator,2.0833333333333336e-05,alpha,2.1971187186409195e-05,
a_inset,compute_alpha_near_zero,raw_indicator,2.1000000000000002e-05,alpha,2.2129703349601106e-05,
a_inset,compute_alpha_near_zero,raw_indicator,2.116666666666667e-05,alpha,2.2288329892377156e-05,
a_inset,compute_alpha_near_zero,raw_indicator,2.1333333333333335e-05,alpha,2.244706469800334e-05,
a_inset,compute_alpha_near_zero,raw_indicator,2.15e-05,alpha,2.260590570146547e-05,
a_inset,compute_alpha_near_zero,raw_indicator,2.1666666666666667e-05,alpha,2.276485088598574e-05,
a_inset,compute_alpha_near_zero,raw_indicator,2.1833333333333333e-05,alpha,2.2923898284004144e-05,
a_inset,compute_alpha_near_zero,raw_indicator,2.2e-05,alpha,2.3083045973483564e-05,
a_inset,compute_alpha_near_zero,raw_indicator,2.2166666666666666e-05,alpha,2.3242292078977214e-05,
a_inset,compute_alpha_near_zero,raw_indicator,2.2333333333333332e-05,alpha,2.3401634768011098e-05,
a_inset,compute_alpha_near_zero,raw_indicator,2.2499999999999998e-05,alpha,2.3561072252232307e-05,
a_inset,compute_alpha_near_zero,raw_indicator,2.2666666666666664e-05,alpha,2.372060278416007e-05,
a_inset,compute_alpha_near_zero,raw_indicator,2.283333333333333e-05,alpha,2.3880224656929007e-05,
a_inset,compute_alpha_near_zero,raw_indicator,2.2999999999999997e-05,alpha,2.4039936204070158e-05,
a_inset,compute_alpha_near_zero,raw_indicator,2.3166666666666663e-05,alpha,2.4199735796361912e-05,
a_inset,compute_alpha_near_zero,raw_indicator,2.333333333333333e-05,alpha,2.435962184315914e-05,
a_inset,compute_alpha_near_zero,raw_indicator,2.350000000000001e-05,alpha,2.45195927890097e-05,
a_inset,compute_alpha_near_zero,raw_indicator,2.3666666666666675e-05,alpha,2.467964711504823e-05,
a_inset,compute_alpha_near_zero,raw_indicator,2.383333333333334e-05,alpha,2.483978333567019e-05,
a_inset,compute_alpha_near_zero,raw_indicator,2.4000000000000007e-05,alpha,2.4999999999986256e-05,
a_inset,compute_alpha_near_zero,raw_indicator,2.4166666666666674e-05,alpha,2.516029568884776e-05,
a_inset,compute_alpha_near_zero,raw_indicator,2.433333333333334e-05,alpha,2.5320669014870065e-05,
a_inset,compute_alpha_near_zero,raw_indicator,2.4500000000000006e-05,alpha,2.5481118622484477e-05,
a_inset,compute_alpha_near_zero,raw_indicator,2.4666666666666672e-05,alpha,2.5641643185037708e-05,
a_inset,compute_alpha_near_zero,raw_indicator,2.483333333333334e-05,alpha,2.580224140638192e-05,
a_inset,compute_alpha_near_zero,raw_indicator,2.5000000000000005e-05,alpha,2.596291201772248e-05,
a_inset,compute_alpha_near_zero,raw_indicator,2.516666666666667e-05,alpha,2.6123653779256468e-05,
a_inset,compute_alpha_near_zero,raw_indicator,2.5333333333333337e-05,alpha,2.6284465477063084e-05,
a_inset,compute_alpha_near_zero,raw_indicator,2.5500000000000003e-05,alpha,2.644534592478767e-05,
a_inset,compute_alpha_near_zero,raw_indicator,2.566666666666667e-05,alpha,2.6606293960870737e-05,
a_inset,compute_alpha_near_zero,raw_indicator,2.5833333333333336e-05,alpha,2.6767308448780802e-05,
a_inset,compute_alpha_near_zero,raw_indicator,2.6000000000000002e-05,alpha,2.6928388277268827e-05,
a_inset,compute_alpha_near_zero,raw_indicator,2.6166666666666668e-05,alpha,2.7089532357652052e-05,
a_inset,compute_alpha_near_zero,raw_indicator,2.6333333333333334e-05,alpha,2.7250739625599995e-05,
a_inset,compute_alpha_near_zero,raw_indicator,2.65e-05,alpha,2.7412009038153473e-05,
a_inset,compute_alpha_near_zero,raw_indicator,2.6666666666666667e-05,alpha,2.7573339575547116e-05,
a_inset,compute_alpha_near_zero,raw_indicator,2.6833333333333333e-05,alpha,2.773473023826e-05,
a_inset,compute_alpha_near_zero,raw_indicator,2.7e-05,alpha,2.7896180048872382e-05,
a_inset,compute_alpha_near_zero,raw_indicator,2.7166666666666665e-05,alpha,2.805768804944582e-05,
a_inset,compute_alpha_near_zero,raw_indicator,2.733333333333333e-05,alpha,2.821925330191294e-05,
a_inset,compute_alpha_near_zero,raw_indicator,2.7499999999999998e-05,alpha,2.838087488848365e-05,
a_inset,compute_alpha_near_zero,raw_indicator,2.7666666666666664e-05,alpha,2.8542551909065994e-05,
a_inset,compute_alpha_near_zero,raw_indicator,2.783333333333333e-05,alpha,2.8704283483199624e-05,
a_inset,compute_alpha_near_zero,raw_indicator,2.7999999999999996e-05,alpha,2.8866068747202204e-05,
a_inset,compute_alpha_near_zero,raw_indicator,2.8166666666666662e-05,alpha,2.9027906856130444e-05,
a_inset,compute_alpha_near_zero,raw_indicator,2.8333333333333342e-05,alpha,2.9189796980949993e-05,
a_inset,compute_alpha_near_zero,raw_indicator,2.850000000000001e-05,alpha,2.9351738310522458e-05,
a_inset,compute_alpha_near_zero,raw_indicator,2.8666666666666675e-05,alpha,2.9513730049097984e-05,
a_inset,compute_alpha_near_zero,raw_indicator,2.883333333333334e-05,alpha,2.967577141682315e-05,
a_inset,compute_alpha_near_zero,raw_indicator,2.9000000000000007e-05,alpha,2.9837861650261462e-05,
a_inset,compute_alpha_near_zero,raw_indicator,2.9166666666666673e-05,alpha,2.999999999991621e-05,
a_inset,compute_alpha_near_zero,raw_indicator,2.933333333333334e-05,alpha,3.0162185732275842e-05,
a_inset,compute_alpha_near_zero,raw_indicator,2.9500000000000006e-05,alpha,3.0324418127055027e-05,
a_inset,compute_alpha_near_zero,raw_indicator,2.9666666666666672e-05,alpha,3.048669647926101e-05,
a_inset,compute_alpha_near_zero,raw_indicator,2.9833333333333338e-05,alpha,3.0649020096753564e-05,
a_inset,compute_alpha_near_zero,raw_indicator,3.0000000000000004e-05,alpha,3.081138830082448e-05,
a_inset,compute_alpha_near_zero,raw_indicator,3.016666666666667e-05,alpha,3.097380042678739e-05,
a_inset,compute_alpha_near_zero,raw_indicator,3.0333333333333337e-05,alpha,3.1136255821561825e-05,
a_inset,compute_alpha_near_zero,raw_indicator,3.0500000000000003e-05,alpha,3.129875384578686e-05,
a_inset,compute_alpha_near_zero,raw_indicator,3.066666666666667e-05,alpha,3.146129387111906e-05,
a_inset,compute_alpha_near_zero,raw_indicator,3.0833333333333335e-05,alpha,3.162387528236309e-05,
a_inset,compute_alpha_near_zero,raw_indicator,3.1e-05,alpha,3.178649747478369e-05,
a_inset,compute_alpha_near_zero,raw_indicator,3.116666666666667e-05,alpha,3.194915985625245e-05,
a_inset,compute_alpha_near_zero,raw_indicator,3.1333333333333334e-05,alpha,3.211186184487492e-05,
a_inset,compute_alpha_near_zero,raw_indicator,3.15e-05,alpha,3.2274602869642415e-05,
a_inset,compute_alpha_near_zero,raw_indicator,3.1666666666666666e-05,alpha,3.243738237109193e-05,
a_inset,compute_alpha_near_zero,raw_indicator,3.183333333333333e-05,alpha,3.26001997989513e-05,
a_inset,compute_alpha_near_zero,raw_indicator,3.2e-05,alpha,3.276305461432235e-05,
a_inset,compute_alpha_near_zero,raw_indicator,3.2166666666666665e-05,alpha,3.292594628703552e-05,
a_inset,compute_alpha_near_zero,raw_indicator,3.233333333333333e-05,alpha,3.308887429784612e-05,
a_inset,compute_alpha_near_zero,raw_indicator,3.25e-05,alpha,3.3251838135799544e-05,
a_inset,compute_alpha_near_zero,raw_indicator,3.266666666666666e-05,alpha,3.341483730043986e-05,
a_inset,compute_alpha_near_zero,raw_indicator,3.283333333333333e-05,alpha,3.35778712994877e-05,
a_inset,compute_alpha_near_zero,raw_indicator,3.300000000000001e-05,alpha,3.374093964954743e-05,
a_inset,compute_alpha_near_zero,raw_indicator,3.3166666666666676e-05,alpha,3.390404187682069e-05,
a_inset,compute_alpha_near_zero,raw_indicator,3.333333333333334e-05,alpha,3.4067177514797835e-05,
a_inset,compute_alpha_near_zero,raw_indicator,3.350000000000001e-05,alpha,3.423034610649476e-05,
a_inset,compute_alpha_near_zero,raw_indicator,3.3666666666666674e-05,alpha,3.439354720185034e-05,
a_inset,compute_alpha_near_zero,raw_indicator,3.383333333333334e-05,alpha,3.455678035997347e-05,
a_inset,compute_alpha_near_zero,raw_indicator,3.4000000000000007e-05,alpha,3.472004514654849e-05,
a_inset,compute_alpha_near_zero,raw_indicator,3.416666666666667e-05,alpha,3.488334113609193e-05,
a_inset,compute_alpha_near_zero,raw_indicator,3.433333333333334e-05,alpha,3.50466679096686e-05,
a_inset,compute_alpha_near_zero,raw_indicator,3.4500000000000005e-05,alpha,3.521002505564167e-05,
a_inset,compute_alpha_near_zero,raw_indicator,3.466666666666667e-05,alpha,3.537341217042762e-05,
a_inset,compute_alpha_near_zero,raw_indicator,3.483333333333334e-05,alpha,3.553682885622278e-05,
a_inset,compute_alpha_near_zero,raw_indicator,3.5000000000000004e-05,alpha,3.570027472328198e-05,
a_inset,compute_alpha_near_zero,raw_indicator,3.516666666666667e-05,alpha,3.586374938734847e-05,
a_inset,compute_alpha_near_zero,raw_indicator,3.5333333333333336e-05,alpha,3.602725247194068e-05,
a_inset,compute_alpha_near_zero,raw_indicator,3.55e-05,alpha,3.619078360578809e-05,
a_inset,compute_alpha_near_zero,raw_indicator,3.566666666666667e-05,alpha,3.635434242512569e-05,
a_inset,compute_alpha_near_zero,raw_indicator,3.5833333333333335e-05,alpha,3.651792857143917e-05,
a_inset,compute_alpha_near_zero,raw_indicator,3.6e-05,alpha,3.668154169224835e-05,
a_inset,compute_alpha_near_zero,raw_indicator,3.616666666666667e-05,alpha,3.68451814418944e-05,
a_inset,compute_alpha_near_zero,raw_indicator,3.633333333333333e-05,alpha,3.700884747929302e-05,
a_inset,compute_alpha_near_zero,raw_indicator,3.65e-05,alpha,3.717253947024619e-05,
a_inset,compute_alpha_near_zero,raw_indicator,3.6666666666666666e-05,alpha,3.733625708489665e-05,
a_inset,compute_alpha_near_zero,raw_indicator,3.683333333333333e-05,alpha,3.750000000004599e-05,
a_inset,compute_alpha_near_zero,raw_indicator,3.7e-05,alpha,3.766376789661382e-05,
a_inset,compute_alpha_near_zero,raw_indicator,3.7166666666666664e-05,alpha,3.782756046196181e-05,
a_inset,compute_alpha_near_zero,raw_indicator,3.733333333333333e-05,alpha,3.79913773876614e-05,
a_inset,compute_alpha_near_zero,raw_indicator,3.75e-05,alpha,3.815521837030307e-05,
a_inset,compute_alpha_near_zero,raw_indicator,3.766666666666666e-05,alpha,3.8319083112309065e-05,
a_inset,compute_alpha_near_zero,raw_indicator,3.783333333333334e-05,alpha,3.8482971319707e-05,
a_inset,compute_alpha_near_zero,raw_indicator,3.800000000000001e-05,alpha,3.864688270446765e-05,
a_inset,compute_alpha_near_zero,raw_indicator,3.8166666666666675e-05,alpha,3.8810816981978464e-05,
a_inset,compute_alpha_near_zero,raw_indicator,3.833333333333334e-05,alpha,3.8974773873386356e-05,
a_inset,compute_alpha_near_zero,raw_indicator,3.850000000000001e-05,alpha,3.913875310307478e-05,
a_inset,compute_alpha_near_zero,raw_indicator,3.8666666666666674e-05,alpha,3.930275440101137e-05,
a_inset,compute_alpha_near_zero,raw_indicator,3.883333333333334e-05,alpha,3.9466777500532745e-05,
a_inset,compute_alpha_near_zero,raw_indicator,3.9000000000000006e-05,alpha,3.963082213917453e-05,
a_inset,compute_alpha_near_zero,raw_indicator,3.916666666666667e-05,alpha,3.979488805950388e-05,
a_inset,compute_alpha_near_zero,raw_indicator,3.933333333333334e-05,alpha,3.995897500690899e-05,
a_inset,compute_alpha_near_zero,raw_indicator,3.9500000000000005e-05,alpha,4.01230827319577e-05,
a_inset,compute_alpha_near_zero,raw_indicator,3.966666666666667e-05,alpha,4.028721098788553e-05,
a_inset,compute_alpha_near_zero,raw_indicator,3.983333333333334e-05,alpha,4.045135953295839e-05,
a_inset,compute_alpha_near_zero,raw_indicator,4e-05,alpha,4.061552812796327e-05,
a_inset,compute_alpha_near_zero,raw_indicator,4.016666666666667e-05,alpha,4.077971653857486e-05,
a_inset,compute_alpha_near_zero,raw_indicator,4.0333333333333336e-05,alpha,4.094392453315369e-05,
a_inset,compute_alpha_near_zero,raw_indicator,4.05e-05,alpha,4.110815188359237e-05,
a_inset,compute_alpha_near_zero,raw_indicator,4.066666666666667e-05,alpha,4.127239836616417e-05,
a_inset,compute_alpha_near_zero,raw_indicator,4.0833333333333334e-05,alpha,4.143666375932455e-05,
a_inset,compute_alpha_near_zero,raw_indicator,4.1e-05,alpha,4.1600947846086756e-05,
a_inset,compute_alpha_near_zero,raw_indicator,4.116666666666667e-05,alpha,4.1765250411520943e-05,
a_inset,compute_alpha_near_zero,raw_indicator,4.133333333333333e-05,alpha,4.1929571245132914e-05,
a_inset,compute_alpha_near_zero,raw_indicator,4.15e-05,alpha,4.2093910138365435e-05,
a_inset,compute_alpha_near_zero,raw_indicator,4.1666666666666665e-05,alpha,4.2258266886980155e-05,
a_inset,compute_alpha_near_zero,raw_indicator,4.183333333333333e-05,alpha,4.2422641288865904e-05,
a_inset,compute_alpha_near_zero,raw_indicator,4.2e-05,alpha,4.258703314489822e-05,
a_inset,compute_alpha_near_zero,raw_indicator,4.2166666666666664e-05,alpha,4.275144225980056e-05,
a_inset,compute_alpha_near_zero,raw_indicator,4.233333333333333e-05,alpha,4.2915868439955275e-05,
a_inset,compute_alpha_near_zero,raw_indicator,4.250000000000001e-05,alpha,4.308031149579299e-05,
a_inset,compute_alpha_near_zero,raw_indicator,4.2666666666666676e-05,alpha,4.324477123930015e-05,
a_inset,compute_alpha_near_zero,raw_indicator,4.283333333333334e-05,alpha,4.340924748641103e-05,
a_inset,compute_alpha_near_zero,raw_indicator,4.300000000000001e-05,alpha,4.357374005451706e-05,
a_inset,compute_alpha_near_zero,raw_indicator,4.3166666666666675e-05,alpha,4.373824876486131e-05,
a_inset,compute_alpha_near_zero,raw_indicator,4.333333333333334e-05,alpha,4.390277344035473e-05,
a_inset,compute_alpha_near_zero,raw_indicator,4.350000000000001e-05,alpha,4.406731390644623e-05,
a_inset,compute_alpha_near_zero,raw_indicator,4.366666666666667e-05,alpha,4.423186999199421e-05,
a_inset,compute_alpha_near_zero,raw_indicator,4.383333333333334e-05,alpha,4.4396441527084926e-05,
a_inset,compute_alpha_near_zero,raw_indicator,4.4000000000000006e-05,alpha,4.45610283454329e-05,
a_inset,compute_alpha_near_zero,raw_indicator,4.416666666666667e-05,alpha,4.472563028189533e-05,
a_inset,compute_alpha_near_zero,raw_indicator,4.433333333333334e-05,alpha,4.489024717487469e-05,
a_inset,compute_alpha_near_zero,raw_indicator,4.4500000000000004e-05,alpha,4.5054878863834375e-05,
a_inset,compute_alpha_near_zero,raw_indicator,4.466666666666667e-05,alpha,4.5219525191703496e-05,
a_inset,compute_alpha_near_zero,raw_indicator,4.483333333333334e-05,alpha,4.5384186002699284e-05,
a_inset,compute_alpha_near_zero,raw_indicator,4.5e-05,alpha,4.554886114320573e-05,
a_inset,compute_alpha_near_zero,raw_indicator,4.516666666666667e-05,alpha,4.571355046265357e-05,
a_inset,compute_alpha_near_zero,raw_indicator,4.5333333333333335e-05,alpha,4.587825381134425e-05,
a_inset,compute_alpha_near_zero,raw_indicator,4.55e-05,alpha,4.6042971042859684e-05,
a_inset,compute_alpha_near_zero,raw_indicator,4.566666666666667e-05,alpha,4.620770201158169e-05,
a_inset,compute_alpha_near_zero,raw_indicator,4.5833333333333334e-05,alpha,4.637244657510358e-05,
a_inset,compute_alpha_near_zero,raw_indicator,4.6e-05,alpha,4.6537204591750624e-05,
a_inset,compute_alpha_near_zero,raw_indicator,4.6166666666666666e-05,alpha,4.670197592299328e-05,
a_inset,compute_alpha_near_zero,raw_indicator,4.633333333333333e-05,alpha,4.6866760431274544e-05,
a_inset,compute_alpha_near_zero,raw_indicator,4.65e-05,alpha,4.703155798089556e-05,
a_inset,compute_alpha_near_zero,raw_indicator,4.6666666666666665e-05,alpha,4.7196368438902394e-05,
a_inset,compute_alpha_near_zero,raw_indicator,4.683333333333333e-05,alpha,4.7361191672914515e-05,
a_inset,compute_alpha_near_zero,raw_indicator,4.7e-05,alpha,4.752602755354222e-05,
a_inset,compute_alpha_near_zero,raw_indicator,4.7166666666666663e-05,alpha,4.769087595191005e-05,
a_inset,compute_alpha_near_zero,raw_indicator,4.733333333333334e-05,alpha,4.7855736742075755e-05,
a_inset,compute_alpha_near_zero,raw_indicator,4.750000000000001e-05,alpha,4.80206097985545e-05,
a_inset,compute_alpha_near_zero,raw_indicator,4.7666666666666676e-05,alpha,4.8185494998739264e-05,
a_inset,compute_alpha_near_zero,raw_indicator,4.783333333333334e-05,alpha,4.8350392220731814e-05,
a_inset,compute_alpha_near_zero,raw_indicator,4.800000000000001e-05,alpha,4.851530134423423e-05,
a_inset,compute_alpha_near_zero,raw_indicator,4.8166666666666674e-05,alpha,4.8680222251441265e-05,
a_inset,compute_alpha_near_zero,raw_indicator,4.833333333333334e-05,alpha,4.884515482487224e-05,
a_inset,compute_alpha_near_zero,raw_indicator,4.8500000000000007e-05,alpha,4.9010098949794966e-05,
a_inset,compute_alpha_near_zero,raw_indicator,4.866666666666667e-05,alpha,4.917505451175222e-05,
a_inset,compute_alpha_near_zero,raw_indicator,4.883333333333334e-05,alpha,4.934002139898686e-05,
a_inset,compute_alpha_near_zero,raw_indicator,4.9000000000000005e-05,alpha,4.9504999499969015e-05,
a_inset,compute_alpha_near_zero,raw_indicator,4.916666666666667e-05,alpha,4.966998870582231e-05,
a_inset,compute_alpha_near_zero,raw_indicator,4.933333333333334e-05,alpha,4.983498890815794e-05,
a_inset,compute_alpha_near_zero,raw_indicator,4.9500000000000004e-05,alpha,4.9999999999970803e-05,
a_inset,compute_alpha_near_zero,raw_indicator,4.966666666666667e-05,alpha,5.0165021876536625e-05,
a_inset,compute_alpha_near_zero,raw_indicator,4.9833333333333336e-05,alpha,5.033005443324659e-05,
a_inset,compute_alpha_near_zero,raw_indicator,5e-05,alpha,5.0495097568036546e-05,
b_ceiling,compute_alpha,tau_over_tau_unif,1.7666666666666668,alpha,0.10000000025000003,0.1
b_ceiling,compute_alpha,tau_over_tau_unif,1.7682135659099747,alpha,0.10154689948949958,0.10154689924330804
b_ceiling,compute_alpha,tau_over_tau_unif,1.7697843941259723,alpha,0.1031177277017469,0.10311772745930552
b_ceiling,compute_alpha,tau_over_tau_unif,1.7713795214717567,alpha,0.10471285504383797,0.10471285480508996
b_ceiling,compute_alpha,tau_over_tau_unif,1.772999323830383,alpha,0.10633265739882738,0.10633265716371611
b_ceiling,compute_alpha,tau_over_tau_unif,1.7746441828994377,alpha,0.10797751646430057,0.10797751623277096
b_ceiling,compute_alpha,tau_over_tau_unif,1.7763144862809852,alpha,0.10964781984232133,0.1096478196143185
b_ceiling,compute_alpha,tau_over_tau_unif,1.7780106275729028,alpha,0.11134396113076563,0.11134396090623613
b_ceiling,compute_alpha,tau_over_tau_unif,1.7797330064616306,alpha,0.11306634001607291,0.1130663397949639
b_ceiling,compute_alpha,tau_over_tau_unif,1.781482028816355,alpha,0.11481536236742912,0.1148153621496883
b_ceiling,compute_alpha,tau_over_tau_unif,1.78325810678465,alpha,0.11659144033240712,0.11659144011798317
b_ceiling,compute_alpha,tau_over_tau_unif,1.785061658889597,alpha,0.1183949924340879,0.11839499222293019
b_ceiling,compute_alpha,tau_over_tau_unif,1.786893110128408,alpha,0.12022644366968209,0.12022644346174129
b_ceiling,compute_alpha,tau_over_tau_unif,1.788752892072574,alpha,0.1220862256106803,0.12208622540590712
b_ceiling,compute_alpha,tau_over_tau_unif,1.7906414429695612,alpha,0.12397477650454825,0.12397477630289444
b_ceiling,compute_alpha,tau_over_tau_unif,1.7925592078460835,alpha,0.12589254137799868,0.12589254117941673
b_ceiling,compute_alpha,tau_over_tau_unif,1.794506638612969,alpha,0.12783997214185924,0.12783997194630237
b_ceiling,compute_alpha,tau_over_tau_unif,1.7964841941716516,alpha,0.1298175276975628,0.1298175275049849
b_ceiling,compute_alpha,tau_over_tau_unif,1.7984923405223074,alpha,0.1318256740452851,0.1318256738556407
b_ceiling,compute_alpha,tau_over_tau_unif,1.8005315508736661,alpha,0.13386488439375482,0.13386488420699932
b_ceiling,compute_alpha,tau_over_tau_unif,1.8026023057545193,alpha,0.1359356392717631,0.13593563908785256
b_ceiling,compute_alpha,tau_over_tau_unif,1.8047050931269553,alpha,0.13803842664139748,0.1380384264602885
b_ceiling,compute_alpha,tau_over_tau_unif,1.8068404085013436,alpha,0.14017374201302701,0.140173741834677
b_ceiling,compute_alpha,tau_over_tau_unif,1.8090087550531009,alpha,0.14234208856206743,0.14234208838643417
b_ceiling,compute_alpha,tau_over_tau_unif,1.8112106437412594,alpha,0.14454397724755047,0.14454397707459277
b_ceiling,compute_alpha,tau_over_tau_unif,1.8134465934288737,alpha,0.14677992693253006,0.14677992676220697
b_ceiling,compute_alpha,tau_over_tau_unif,1.8157171310052864,alpha,0.14905046450634812,0.1490504643386196
b_ceiling,compute_alpha,tau_over_tau_unif,1.8180227915102876,alpha,0.15135612500879425,0.15135612484362082
b_ceiling,compute_alpha,tau_over_tau_unif,1.820364118260194,alpha,0.15369745175618446,0.15369745159352713
b_ceiling,compute_alpha,tau_over_tau_unif,1.822741662975878,alpha,0.1560749964693906,0.15607499630921115
b_ceiling,compute_alpha,tau_over_tau_unif,1.8251559859127782,alpha,0.15848931940385064,0.15848931924611134
b_ceiling,compute_alpha,tau_over_tau_unif,1.8276076559929202,alpha,0.16094098948159,0.16094098932625348
b_ceiling,compute_alpha,tau_over_tau_unif,1.8300972509389806,alpha,0.16343058442528402,0.16343058427231377
b_ceiling,compute_alpha,tau_over_tau_unif,1.8326253574104228,alpha,0.16595869089439597,0.16595869074375605
b_ceiling,compute_alpha,tau_over_tau_unif,1.8351925711417418,alpha,0.16852590462342035,0.16852590447507515
b_ceiling,compute_alpha,tau_over_tau_unif,1.8377994970828448,alpha,0.17113283056226342,0.1711328304161781
b_ceiling,compute_alpha,tau_over_tau_unif,1.8404467495416044,alpha,0.17378008301879755,0.17378008287493754
b_ceiling,compute_alpha,tau_over_tau_unif,1.8431349523286167,alpha,0.1764682858036184,0.17646828566195003
b_ceiling,compute_alpha,tau_over_tau_unif,1.8458647389042002,alpha,0.17919807237704385,0.1791980722375334
b_ceiling,compute_alpha,tau_over_tau_unif,1.848636752527665,alpha,0.18197008599838344,0.18197008586099836
b_ceiling,compute_alpha,tau_over_tau_unif,1.8514516464088957,alpha,0.1847849798775214,0.18478497974222907
b_ceiling,compute_alpha,tau_over_tau_unif,1.8543100838622752,alpha,0.18764341732883996,0.18764341719560856
b_ceiling,compute_alpha,tau_over_tau_unif,1.8572127384629915,alpha,0.19054607192752648,0.19054607179632474
b_ceiling,compute_alpha,tau_over_tau_unif,1.860160294205762,alpha,0.19349362766829847,0.19349362753909521
b_ceiling,compute_alpha,tau_over_tau_unif,1.8631534456660135,alpha,0.19648677912658188,0.19648677899934675
b_ceiling,compute_alpha,tau_over_tau_unif,1.8661928981635547,alpha,0.19952623162218472,0.19952623149688797
b_ceiling,compute_alpha,tau_over_tau_unif,1.8692793679287811,alpha,0.20261270138550252,0.20261270126211434
b_ceiling,compute_alpha,tau_over_tau_unif,1.8724135822714507,alpha,0.20574691572629245,0.20574691560478395
b_ceiling,compute_alpha,tau_over_tau_unif,1.8755962797520707,alpha,0.20892961320506154,0.20892961308540398
b_ceiling,compute_alpha,tau_over_tau_unif,1.8788282103559353,alpha,0.21216154380710323,0.21216154368926846
b_ceiling,compute_alpha,tau_over_tau_unif,1.882110135669855,alpha,0.21544346911922807,0.2154434690031884
b_ceiling,compute_alpha,tau_over_tau_unif,1.885442829061622,alpha,0.2187761625092272,0.2187761623949553
b_ceiling,compute_alpha,tau_over_tau_unif,1.8888270758622479,alpha,0.22216040930811248,0.22216040919558117
b_ceiling,compute_alpha,tau_over_tau_unif,1.8922636735510243,alpha,0.22559700699517457,0.2255970068843576
b_ceiling,compute_alpha,tau_over_tau_unif,1.8957534319434441,alpha,0.22908676538590636,0.22908676527677735
b_ceiling,compute_alpha,tau_over_tau_unif,1.8992971733820294,alpha,0.23263050682282915,0.23263050671536262
b_ceiling,compute_alpha,tau_over_tau_unif,1.9028957329301128,alpha,0.23622906636927557,0.23622906626344617
b_ceiling,compute_alpha,tau_over_tau_unif,1.9065499585686159,alpha,0.23988329200616648,0.23988329190194904
b_ceiling,compute_alpha,tau_over_tau_unif,1.9102607113958694,alpha,0.2435940448318325,0.2435940447292027
b_ceiling,compute_alpha,tau_over_tau_unif,1.914028865830529,alpha,0.2473621992649286,0.24736219916386212
b_ceiling,compute_alpha,tau_over_tau_unif,1.9178553098176248,alpha,0.25118864325048473,0.251188643150958
b_ceiling,compute_alpha,tau_over_tau_unif,1.9217409450378027,alpha,0.25507427846914654,0.25507427837113594
b_ceiling,compute_alpha,tau_over_tau_unif,1.925686687119799,alpha,0.2590200205496501,0.2590200204531324
b_ceiling,compute_alpha,tau_over_tau_unif,1.929693465856205,alpha,0.26302679928458567,0.2630267991895382
b_ceiling,compute_alpha,tau_over_tau_unif,1.9337622254225653,alpha,0.267095558849498,0.2670955587558985
b_ceiling,compute_alpha,tau_over_tau_unif,1.9378939245998696,alpha,0.2712272580253765,0.27122725793320285
b_ceiling,compute_alpha,tau_over_tau_unif,1.9420895370004834,alpha,0.275422870424586,0.2754228703338166
b_ceiling,compute_alpha,tau_over_tau_unif,1.9463500512975744,alpha,0.2796833847202947,0.27968338463090775
b_ceiling,compute_alpha,tau_over_tau_unif,1.9506764714580882,alpha,0.2840098048794465,0.2840098047914215
b_ceiling,compute_alpha,tau_over_tau_unif,1.9550698169793272,alpha,0.28840315039934467,0.28840315031266056
b_ceiling,compute_alpha,tau_over_tau_unif,1.9595311231291905,alpha,0.2928644565478873,0.2928644564625237
b_ceiling,compute_alpha,tau_over_tau_unif,1.9640614411901274,alpha,0.29739477460752395,0.29739477452346064
b_ceiling,compute_alpha,tau_over_tau_unif,1.9686618387068684,alpha,0.3019951721229843,0.3019951720402016
b_ceiling,compute_alpha,tau_over_tau_unif,1.9733333997379852,alpha,0.30666673315284,0.3066667330713183
b_ceiling,compute_alpha,tau_over_tau_unif,1.9780772251113428,alpha,0.3114105585249559,0.31141055844467597
b_ceiling,compute_alpha,tau_over_tau_unif,1.9828944326835047,alpha,0.3162277660958949,0.31622776601683794
b_ceiling,compute_alpha,tau_over_tau_unif,1.987786157603149,alpha,0.321119491014335,0.3211194909364823
b_ceiling,compute_alpha,tau_over_tau_unif,1.9927535525785602,alpha,0.3260868859885601,0.3260868859118934
b_ceiling,compute_alpha,tau_over_tau_unif,1.997797788149258,alpha,0.33113112155809,0.3311311214825911
b_ceiling,compute_alpha,tau_over_tau_unif,2.0029200529618296,alpha,0.33625338636951146,0.3362533862951627
b_ceiling,compute_alpha,tau_over_tau_unif,2.008121554050027,alpha,0.3414548874565762,0.34145488738336016
b_ceiling,compute_alpha,tau_over_tau_unif,2.0134035171191984,alpha,0.3467368505246325,0.34673685045253166
b_ceiling,compute_alpha,tau_over_tau_unif,2.018767186835119,alpha,0.3521005202394545,0.352100520168452
b_ceiling,compute_alpha,tau_over_tau_unif,2.024213827117288,alpha,0.3575471605205421,0.35754716045062135
b_ceiling,compute_alpha,tau_over_tau_unif,2.029744721436768,alpha,0.36307805483895716,0.3630780547701014
b_ceiling,compute_alpha,tau_over_tau_unif,2.0353611731186243,alpha,0.36869450651976426,0.3686945064519575
b_ceiling,compute_alpha,tau_over_tau_unif,2.041064505649048,alpha,0.37439783904915525,0.37439783898238116
b_ceiling,compute_alpha,tau_over_tau_unif,2.046856062987228,alpha,0.3801893963863179,0.38018939632056126
b_ceiling,compute_alpha,tau_over_tau_unif,2.052737209882048,alpha,0.38607054328013635,0.3860705432153813
b_ceiling,compute_alpha,tau_over_tau_unif,2.058709332193682,alpha,0.3920426655907837,0.3920426655270153
b_ceiling,compute_alpha,tau_over_tau_unif,2.064773837220164,alpha,0.3981071706162945,0.3981071705534973
b_ceiling,compute_alpha,tau_over_tau_unif,2.070932154029011,alpha,0.4042654874241848,0.4042654873623443
b_ceiling,compute_alpha,tau_over_tau_unif,2.0771857337939745,alpha,0.4105190671882066,0.41051906712730796
b_ceiling,compute_alpha,tau_over_tau_unif,2.083536050137002,alpha,0.4168693835303061,0.4168693834703354
b_ceiling,compute_alpha,tau_over_tau_unif,2.0899845994754878,alpha,0.4233179328678782,0.4233179328088209
b_ceiling,compute_alpha,tau_over_tau_unif,2.0965329013748946,alpha,0.4298662347663854,0.42986623470822777
b_ceiling,compute_alpha,tau_over_tau_unif,2.1031824989068326,alpha,0.4365158322974376,0.436515832240166
b_ceiling,compute_alpha,tau_over_tau_unif,2.1099349590126755,alpha,0.44326829240240806,0.4432682923460089
b_ceiling,compute_alpha,tau_over_tau_unif,2.1167918728728004,alpha,0.4501252062616736,0.45012520620613367
b_ceiling,compute_alpha,tau_over_tau_unif,2.1237548562815416,alpha,0.45708818966956916,0.4570881896148751
b_ceiling,compute_alpha,tau_over_tau_unif,2.1308255500279447,alpha,0.4641588834151389,0.464158883361278
b_ceiling,compute_alpha,tau_over_tau_unif,2.1380056202824074,alpha,0.47133895366878087,0.47133895361574046
b_ceiling,compute_alpha,tau_over_tau_unif,2.1452967589893053,alpha,0.47863009237487086,0.4786300923226384
b_ceiling,compute_alpha,tau_over_tau_unif,2.152700684265689,alpha,0.48603401765045856,0.4860340175990219
b_ceiling,compute_alpha,tau_over_tau_unif,2.1602191408061473,alpha,0.4935524741901338,0.49355247413948067
b_ceiling,compute_alpha,tau_over_tau_unif,2.167853900293939,alpha,0.5011872336771538,0.5011872336272724
b_ceiling,compute_alpha,tau_over_tau_unif,2.1756067618184756,alpha,0.5089400952009308,0.5089400951518089
b_ceiling,compute_alpha,tau_over_tau_unif,2.1834795522992705,alpha,0.5168128856809769,0.5168128856326035
b_ceiling,compute_alpha,tau_over_tau_unif,2.1914741269164395,alpha,0.5248074602974093,0.5248074602497727
b_ceiling,compute_alpha,tau_over_tau_unif,2.199592369547867,alpha,0.5329257029281114,0.5329257028812004
b_ceiling,compute_alpha,tau_over_tau_unif,2.2078361932131303,alpha,0.5411695265926599,0.5411695265464638
b_ceiling,compute_alpha,tau_over_tau_unif,2.2162075405242914,alpha,0.5495408739031172,0.5495408738576247
b_ceiling,compute_alpha,tau_over_tau_unif,2.2247083841436632,alpha,0.558041717521796,0.5580417174769965
b_ceiling,compute_alpha,tau_over_tau_unif,2.233340727248658,alpha,0.5666740606261083,0.5666740605819913
b_ceiling,compute_alpha,tau_over_tau_unif,2.2421066040038236,alpha,0.5754399373806018,0.5754399373371569
b_ceiling,compute_alpha,tau_over_tau_unif,2.2510080800401844,alpha,0.5843414134163009,0.5843414133735176
b_ceiling,compute_alpha,tau_over_tau_unif,2.2600472529419946,alpha,0.5933805863174595,0.5933805862753281
b_ceiling,compute_alpha,tau_over_tau_unif,2.2692262527410243,alpha,0.6025595861158475,0.6025595860743578
b_ceiling,compute_alpha,tau_over_tau_unif,2.278547242418489,alpha,0.6118805757926798,0.6118805757518221
b_ceiling,compute_alpha,tau_over_tau_unif,2.2880124184147426,alpha,0.6213457517883109,0.6213457517480757
b_ceiling,compute_alpha,tau_over_tau_unif,2.29762401114686,alpha,0.6309573445198158,0.6309573444801934
b_ceiling,compute_alpha,tau_over_tau_unif,2.3073842855342206,alpha,0.6407176189065729,0.640717618867554
b_ceiling,compute_alpha,tau_over_tau_unif,2.317295541532224,alpha,0.6506288749039815,0.6506288748655572
b_ceiling,compute_alpha,tau_over_tau_unif,2.3273601146742626,alpha,0.660693448045435,0.6606934480075961
b_ceiling,compute_alpha,tau_over_tau_unif,2.337580376622078,alpha,0.670913709992674,0.6709137099554113
b_ceiling,compute_alpha,tau_over_tau_unif,2.347958735724628,alpha,0.6812920690946564,0.6812920690579614
b_ceiling,compute_alpha,tau_over_tau_unif,2.3584976375856033,alpha,0.6918309709550724,0.6918309709189366
b_ceiling,compute_alpha,tau_over_tau_unif,2.369199565639719,alpha,0.7025328990086376,0.7025328989730522
b_ceiling,compute_alpha,tau_over_tau_unif,2.380067041737923,alpha,0.7134003751062998,0.7134003750712563
b_ceiling,compute_alpha,tau_over_tau_unif,2.391102626741657,alpha,0.7244359601095,0.7244359600749902
b_ceiling,compute_alpha,tau_over_tau_unif,2.4023089211263082,alpha,0.7356422544936253,0.7356422544596414
b_ceiling,compute_alpha,tau_over_tau_unif,2.4136885655939984,alpha,0.747021898960798,0.7470218989273317
b_ceiling,compute_alpha,tau_over_tau_unif,2.4252442416958506,alpha,0.7585775750621401,0.7585775750291838
b_ceiling,compute_alpha,tau_over_tau_unif,2.4369786724638813,alpha,0.7703120058296691,0.7703120057972147
b_ceiling,compute_alpha,tau_over_tau_unif,2.4488946230526696,alpha,0.7822279564179629,0.7822279563860027
b_ceiling,compute_alpha,tau_over_tau_unif,2.460994901390948,alpha,0.7943282347557545,0.7943282347242815
b_ceiling,compute_alpha,tau_over_tau_unif,2.47328235884328,alpha,0.8066156922076073,0.8066156921766136
b_ceiling,compute_alpha,tau_over_tau_unif,2.4857598908819645,alpha,0.8190932242458189,0.8190932242152975
b_ceiling,compute_alpha,tau_over_tau_unif,2.498430437769338,alpha,0.8317637711327277,0.8317637711026711
b_ceiling,compute_alpha,tau_over_tau_unif,2.5112969852506355,alpha,0.8446303186135673,0.8446303185839686
b_ceiling,compute_alpha,tau_over_tau_unif,2.5243625652575608,alpha,0.8576958986200418,0.8576958985908941
b_ceiling,compute_alpha,tau_over_tau_unif,2.5376302566227475,alpha,0.8709635899847844,0.8709635899560808
b_ceiling,compute_alpha,tau_over_tau_unif,2.5511031858052666,alpha,0.8844365191668666,0.8844365191385999
b_ceiling,compute_alpha,tau_over_tau_unif,2.5647845276273613,alpha,0.8981178609885303,0.8981178609606946
b_ceiling,compute_alpha,tau_over_tau_unif,2.5786775060225766,alpha,0.9120108393833216,0.9120108393559099
b_ceiling,compute_alpha,tau_over_tau_unif,2.5927853947954604,alpha,0.9261187281557879,0.9261187281287935
b_ceiling,compute_alpha,tau_over_tau_unif,2.6071115183930185,alpha,0.9404448517529349,0.9404448517263518
b_ceiling,compute_alpha,tau_over_tau_unif,2.6216592526881026,alpha,0.9549925860476143,0.9549925860214361
b_ceiling,compute_alpha,tau_over_tau_unif,2.636432025774916,alpha,0.9697653591340287,0.9697653591082493
b_ceiling,compute_alpha,tau_over_tau_unif,2.6514333187768253,alpha,0.9847666521355452,0.9847666521101583
b_ceiling,compute_alpha,tau_over_tau_unif,2.666666666666667,alpha,1.000000000025,1.0
b_ceiling,compute_alpha,tau_over_tau_unif,2.6821356590997474,alpha,1.0154689924576998,1.0154689924330806
b_ceiling,compute_alpha,tau_over_tau_unif,2.6978439412597224,alpha,1.0311772746172996,1.0311772745930554
b_ceiling,compute_alpha,tau_over_tau_unif,2.7137952147175666,alpha,1.0471285480747747,1.0471285480508996
b_ceiling,compute_alpha,tau_over_tau_unif,2.7299932383038286,alpha,1.0633265716606726,1.0633265716371616
b_ceiling,compute_alpha,tau_over_tau_unif,2.7464418289943766,alpha,1.0797751623508627,1.0797751623277099
b_ceiling,compute_alpha,tau_over_tau_unif,2.7631448628098516,alpha,1.0964781961659855,1.096478196143185
b_ceiling,compute_alpha,tau_over_tau_unif,2.780106275729028,alpha,1.1134396090848142,1.1134396090623613
b_ceiling,compute_alpha,tau_over_tau_unif,2.7973300646163057,alpha,1.13066339797175,1.1306633979496392
b_ceiling,compute_alpha,tau_over_tau_unif,2.8148202881635496,alpha,1.1481536215186567,1.1481536214968828
b_ceiling,compute_alpha,tau_over_tau_unif,2.8325810678464984,alpha,1.1659144012012743,1.1659144011798317
b_ceiling,compute_alpha,tau_over_tau_unif,2.850616588895969,alpha,1.183949922250418,1.1839499222293022
b_ceiling,compute_alpha,tau_over_tau_unif,2.8689311012840797,alpha,1.2022644346382072,1.2022644346174132
b_ceiling,compute_alpha,tau_over_tau_unif,2.887528920725738,alpha,1.2208622540795484,1.2208622540590712
b_ceiling,compute_alpha,tau_over_tau_unif,2.9064144296956114,alpha,1.2397477630491103,1.2397477630289446
b_ceiling,compute_alpha,tau_over_tau_unif,2.9255920784608342,alpha,1.258925411814026,1.2589254117941675
b_ceiling,compute_alpha,tau_over_tau_unif,2.9450663861296906,alpha,1.2783997194825791,1.2783997194630237
b_ceiling,compute_alpha,tau_over_tau_unif,2.964841941716516,alpha,1.2981752750691071,1.2981752750498496
b_ceiling,compute_alpha,tau_over_tau_unif,2.984923405223074,alpha,1.3182567385753718,1.3182567385564075
b_ceiling,compute_alpha,tau_over_tau_unif,3.0053155087366603,alpha,1.3386488420886686,1.3386488420699933
b_ceiling,compute_alpha,tau_over_tau_unif,3.026023057545192,alpha,1.3593563908969164,1.3593563908785256
b_ceiling,compute_alpha,tau_over_tau_unif,3.0470509312695517,alpha,1.380384264620996,1.3803842646028852
b_ceiling,compute_alpha,tau_over_tau_unif,3.068404085013437,alpha,1.4017374183646045,1.4017374183467701
b_ceiling,compute_alpha,tau_over_tau_unif,3.0900875505310084,alpha,1.423420883881905,1.4234208838643416
b_ceiling,compute_alpha,tau_over_tau_unif,3.112106437412595,alpha,1.4454397707632236,1.4454397707459279
b_ceiling,compute_alpha,tau_over_tau_unif,3.1344659342887367,alpha,1.4677992676391018,1.4677992676220697
b_ceiling,compute_alpha,tau_over_tau_unif,3.157171310052863,alpha,1.4905046434029687,1.4905046433861961
b_ceiling,compute_alpha,tau_over_tau_unif,3.1802279151028756,alpha,1.5135612484527257,1.5135612484362087
b_ceiling,compute_alpha,tau_over_tau_unif,3.203641182601938,alpha,1.5369745159515378,1.5369745159352717
b_ceiling,compute_alpha,tau_over_tau_unif,3.2274166297587783,alpha,1.5607499631081296,1.5607499630921113
b_ceiling,compute_alpha,tau_over_tau_unif,3.251559859127781,alpha,1.5848931924768883,1.584893192461114
b_ceiling,compute_alpha,tau_over_tau_unif,3.2760765599292023,alpha,1.6094098932780692,1.6094098932625354
b_ceiling,compute_alpha,tau_over_tau_unif,3.3009725093898044,alpha,1.634305842738435,1.6343058427231376
b_ceiling,compute_alpha,tau_over_tau_unif,3.326253574104227,alpha,1.6595869074526244,1.6595869074375604
b_ceiling,compute_alpha,tau_over_tau_unif,3.351925711417419,alpha,1.6852590447655862,1.6852590447507518
b_ceiling,compute_alpha,tau_over_tau_unif,3.377994970828448,alpha,1.7113283041763894,1.711328304161781
b_ceiling,compute_alpha,tau_over_tau_unif,3.404467495416042,alpha,1.7378008287637612,1.7378008287493754
b_ceiling,compute_alpha,tau_over_tau_unif,3.4313495232861673,alpha,1.7646828566336676,1.7646828566195008
b_ceiling,compute_alpha,tau_over_tau_unif,3.4586473890420004,alpha,1.791980722389285,1.791980722375334
b_ceiling,compute_alpha,tau_over_tau_unif,3.48636752527665,alpha,1.8197008586237224,1.8197008586099834
b_ceiling,compute_alpha,tau_over_tau_unif,3.5145164640889583,alpha,1.8478497974358208,1.8478497974222916
b_ceiling,compute_alpha,tau_over_tau_unif,3.5431008386227525,alpha,1.8764341719694089,1.8764341719560858
b_ceiling,compute_alpha,tau_over_tau_unif,3.5721273846299137,alpha,1.9054607179763676,1.9054607179632472
b_ceiling,compute_alpha,tau_over_tau_unif,3.60160294205762,alpha,1.9349362754038735,1.9349362753909531
b_ceiling,compute_alpha,tau_over_tau_unif,3.631534456660135,alpha,1.964867790006191,1.9648677899934681
b_ceiling,compute_alpha,tau_over_tau_unif,3.6619289816355467,alpha,1.9952623149814093,1.9952623149688797
b_ceiling,compute_alpha,tau_over_tau_unif,3.69279367928781,alpha,2.0261270126334825,2.0261270126211435
b_ceiling,compute_alpha,tau_over_tau_unif,3.7241358227145067,alpha,2.057469156059991,2.05746915604784
b_ceiling,compute_alpha,tau_over_tau_unif,3.7559627975207066,alpha,2.089296130866005,2.0892961308540396
b_ceiling,compute_alpha,tau_over_tau_unif,3.788282103559351,alpha,2.121615436904468,2.1216154368926845
b_ceiling,compute_alpha,tau_over_tau_unif,3.821101356698551,alpha,2.1544346900434883,2.1544346900318843
b_ceiling,compute_alpha,tau_over_tau_unif,3.8544282906162195,alpha,2.18776162396098,2.187761623949553
b_ceiling,compute_alpha,tau_over_tau_unif,3.888270758622478,alpha,2.2216040919670643,2.2216040919558115
b_ceiling,compute_alpha,tau_over_tau_unif,3.9226367355102436,alpha,2.255970068854659,2.255970068843577
b_ceiling,compute_alpha,tau_over_tau_unif,3.9575343194344406,alpha,2.2908676527786858,2.2908676527677736
b_ceiling,compute_alpha,tau_over_tau_unif,3.9929717338202932,alpha,2.3263050671643732,2.3263050671536263
b_ceiling,compute_alpha,tau_over_tau_unif,4.02895732930113,alpha,2.3622906626450453,2.3622906626344626
b_ceiling,compute_alpha,tau_over_tau_unif,4.065499585686158,alpha,2.398832919029913,2.3988329190194912
b_ceiling,compute_alpha,tau_over_tau_unif,4.102607113958694,alpha,2.43594044730229,2.435940447292027
b_ceiling,compute_alpha,tau_over_tau_unif,4.140288658305288,alpha,2.4736219916487276,2.473621991638621
b_ceiling,compute_alpha,tau_over_tau_unif,4.1785530981762475,alpha,2.5118864315195335,2.511886431509581
b_ceiling,compute_alpha,tau_over_tau_unif,4.2174094503780255,alpha,2.5507427837211605,2.550742783711359
b_ceiling,compute_alpha,tau_over_tau_unif,4.256866871197991,alpha,2.5902002045409755,2.5902002045313237
b_ceiling,compute_alpha,tau_over_tau_unif,4.29693465856205,alpha,2.630267991904887,2.6302679918953826
b_ceiling,compute_alpha,tau_over_tau_unif,4.337622254225652,alpha,2.6709555875683453,2.670955587558985
b_ceiling,compute_alpha,tau_over_tau_unif,4.378939245998695,alpha,2.7122725793412448,2.712272579332028
b_ceiling,compute_alpha,tau_over_tau_unif,4.420895370004835,alpha,2.754228703347245,2.7542287033381676
b_ceiling,compute_alpha,tau_over_tau_unif,4.463500512975744,alpha,2.796833846318017,2.796833846309078
b_ceiling,compute_alpha,tau_over_tau_unif,4.506764714580882,alpha,2.840098047923018,2.840098047914215
b_ceiling,compute_alpha,tau_over_tau_unif,4.550698169793274,alpha,2.884031503135276,2.8840315031266073
b_ceiling,compute_alpha,tau_over_tau_unif,4.595311231291904,alpha,2.928644564633774,2.9286445646252375
b_ceiling,compute_alpha,tau_over_tau_unif,4.640614411901273,alpha,2.973947745243013,2.9739477452346064
b_ceiling,compute_alpha,tau_over_tau_unif,4.686618387068684,alpha,3.019951720410296,3.0199517204020174
b_ceiling,compute_alpha,tau_over_tau_unif,4.733333997379851,alpha,3.0666673307213363,3.0666673307131838
b_ceiling,compute_alpha,tau_over_tau_unif,4.780772251113427,alpha,3.114105584454789,3.11410558444676
b_ceiling,compute_alpha,tau_over_tau_unif,4.828944326835046,alpha,3.162277660176285,3.1622776601683795
b_ceiling,compute_alpha,tau_over_tau_unif,4.87786157603149,alpha,3.211194909372609,3.2111949093648238
b_ceiling,compute_alpha,tau_over_tau_unif,4.927535525785601,alpha,3.2608688591265995,3.2608688591189336
b_ceiling,compute_alpha,tau_over_tau_unif,4.977977881492578,alpha,3.3113112148334616,3.311311214825911
b_ceiling,compute_alpha,tau_over_tau_unif,5.0292005296182944,alpha,3.3625338629590638,3.362533862951628
b_ceiling,compute_alpha,tau_over_tau_unif,5.081215540500269,alpha,3.4145488738409244,3.4145488738336023
b_ceiling,compute_alpha,tau_over_tau_unif,5.134035171191983,alpha,3.4673685045325264,3.4673685045253166
b_ceiling,compute_alpha,tau_over_tau_unif,5.187671868351187,alpha,3.5210052016916213,3.521005201684521
b_ceiling,compute_alpha,tau_over_tau_unif,5.242138271172881,alpha,3.575471604513207,3.5754716045062143
b_ceiling,compute_alpha,tau_over_tau_unif,5.297447214367681,alpha,3.6307805477078996,3.630780547701014
b_ceiling,compute_alpha,tau_over_tau_unif,5.353611731186244,alpha,3.686945064526359,3.6869450645195774
b_ceiling,compute_alpha,tau_over_tau_unif,5.4106450564904796,alpha,3.74397838983049,3.7439783898238126
b_ceiling,compute_alpha,tau_over_tau_unif,5.46856062987228,alpha,3.801893963212188,3.801893963205613
b_ceiling,compute_alpha,tau_over_tau_unif,5.5273720988204795,alpha,3.8607054321602883,3.860705432153813
b_ceiling,compute_alpha,tau_over_tau_unif,5.587093321936821,alpha,3.920426655276531,3.9204266552701537
b_ceiling,compute_alpha,tau_over_tau_unif,5.64773837220164,alpha,3.981071705541253,3.981071705534973
b_ceiling,compute_alpha,tau_over_tau_unif,5.7093215402901105,alpha,4.042654873629628,4.042654873623444
b_ceiling,compute_alpha,tau_over_tau_unif,5.771857337939748,alpha,4.105190671279171,4.105190671273081
b_ceiling,compute_alpha,tau_over_tau_unif,5.835360501370022,alpha,4.168693834709352,4.168693834703355
b_ceiling,compute_alpha,tau_over_tau_unif,5.899845994754876,alpha,4.233179328094114,4.233179328088209
b_ceiling,compute_alpha,tau_over_tau_unif,5.965329013748946,alpha,4.298662347088095,4.298662347082279
b_ceiling,compute_alpha,tau_over_tau_unif,6.031824989068328,alpha,4.365158322407389,4.365158322401661
b_ceiling,compute_alpha,tau_over_tau_unif,6.099349590126756,alpha,4.4326829234657295,4.432682923460089
b_ceiling,compute_alpha,tau_over_tau_unif,6.167918728728005,alpha,4.501252062066892,4.501252062061338
b_ceiling,compute_alpha,tau_over_tau_unif,6.237548562815419,alpha,4.570881896154222,4.570881896148752
b_ceiling,compute_alpha,tau_over_tau_unif,6.308255500279446,alpha,4.641588833618165,4.641588833612779
b_ceiling,compute_alpha,tau_over_tau_unif,6.380056202824072,alpha,4.713389536162709,4.713389536157405
b_ceiling,compute_alpha,tau_over_tau_unif,6.452967589893052,alpha,4.786300923231609,4.786300923226385
b_ceiling,compute_alpha,tau_over_tau_unif,6.527006842656886,alpha,4.860340175995363,4.860340175990219
b_ceiling,compute_alpha,tau_over_tau_unif,6.602191408061473,alpha,4.935524741399871,4.935524741394806
b_ceiling,compute_alpha,tau_over_tau_unif,6.678539002939392,alpha,5.011872336277714,5.011872336272725
b_ceiling,compute_alpha,tau_over_tau_unif,6.756067618184758,alpha,5.089400951523004,5.089400951518091
b_ceiling,compute_alpha,tau_over_tau_unif,6.834795522992702,alpha,5.168128856330872,5.168128856326035
b_ceiling,compute_alpha,tau_over_tau_unif,6.914741269164395,alpha,5.248074602502491,5.248074602497728
b_ceiling,compute_alpha,tau_over_tau_unif,6.995923695478672,alpha,5.329257028816697,5.329257028812005
b_ceiling,compute_alpha,tau_over_tau_unif,7.078361932131305,alpha,5.411695265469258,5.411695265464638
b_ceiling,compute_alpha,tau_over_tau_unif,7.162075405242915,alpha,5.495408738580798,5.4954087385762485
b_ceiling,compute_alpha,tau_over_tau_unif,7.247083841436633,alpha,5.580417174774446,5.580417174769966
b_ceiling,compute_alpha,tau_over_tau_unif,7.33340727248658,alpha,5.666740605824325,5.666740605819913
b_ceiling,compute_alpha,tau_over_tau_unif,7.4210660400382364,alpha,5.7543993733759145,5.7543993733715695
b_ceiling,compute_alpha,tau_over_tau_unif,7.510080800401845,alpha,5.843414133739456,5.843414133735178
b_ceiling,compute_alpha,tau_over_tau_unif,7.600472529419948,alpha,5.933805862757495,5.933805862753281
b_ceiling,compute_alpha,tau_over_tau_unif,7.692262527410245,alpha,6.025595860747728,6.025595860743578
b_ceiling,compute_alpha,tau_over_tau_unif,7.785472424184889,alpha,6.118805757522308,6.118805757518222
b_ceiling,compute_alpha,tau_over_tau_unif,7.880124184147426,alpha,6.213457517484782,6.213457517480759
b_ceiling,compute_alpha,tau_over_tau_unif,7.9762401114686,alpha,6.3095734448058955,6.309573444801933
b_ceiling,compute_alpha,tau_over_tau_unif,8.073842855342207,alpha,6.4071761886794425,6.407176188675541
b_ceiling,compute_alpha,tau_over_tau_unif,8.17295541532224,alpha,6.506288748659417,6.506288748655574
b_ceiling,compute_alpha,tau_over_tau_unif,8.273601146742628,alpha,6.606934480079744,6.606934480075961
b_ceiling,compute_alpha,tau_over_tau_unif,8.375803766220782,alpha,6.709137099557841,6.709137099554115
b_ceiling,compute_alpha,tau_over_tau_unif,8.479587357246281,alpha,6.812920690583285,6.812920690579615
b_ceiling,compute_alpha,tau_over_tau_unif,8.584976375856032,alpha,6.918309709192979,6.918309709189366
b_ceiling,compute_alpha,tau_over_tau_unif,8.691995656397188,alpha,7.02532898973408,7.025328989730521
b_ceiling,compute_alpha,tau_over_tau_unif,8.800670417379232,alpha,7.134003750716069,7.134003750712565
b_ceiling,compute_alpha,tau_over_tau_unif,8.911026267416569,alpha,7.244359600753352,7.2443596007499025
b_ceiling,compute_alpha,tau_over_tau_unif,9.02308921126308,alpha,7.356422544599812,7.3564225445964135
b_ceiling,compute_alpha,tau_over_tau_unif,9.136885655939986,alpha,7.470218989276666,7.470218989273319
b_ceiling,compute_alpha,tau_over_tau_unif,9.252442416958507,alpha,7.585775750295136,7.58577575029184
b_ceiling,compute_alpha,tau_over_tau_unif,9.369786724638812,alpha,7.703120057975392,7.703120057972146
b_ceiling,compute_alpha,tau_over_tau_unif,9.488946230526697,alpha,7.822279563863226,7.82227956386003
b_ceiling,compute_alpha,tau_over_tau_unif,9.609949013909484,alpha,7.943282347245965,7.943282347242818
b_ceiling,compute_alpha,tau_over_tau_unif,9.732823588432801,alpha,8.066156921769235,8.066156921766135
b_ceiling,compute_alpha,tau_over_tau_unif,9.857598908819643,alpha,8.19093224215603,8.190932242152977
b_ceiling,compute_alpha,tau_over_tau_unif,9.984304377693379,alpha,8.317637711029718,8.317637711026713
b_ceiling,compute_alpha,tau_over_tau_unif,10.112969852506353,alpha,8.446303185842646,8.446303185839687
b_ceiling,compute_alpha,tau_over_tau_unif,10.243625652575608,alpha,8.576958985911856,8.576958985908941
b_ceiling,compute_alpha,tau_over_tau_unif,10.376302566227476,alpha,8.709635899563681,8.70963589956081
b_ceiling,compute_alpha,tau_over_tau_unif,10.511031858052664,alpha,8.844365191388825,8.844365191385998
b_ceiling,compute_alpha,tau_over_tau_unif,10.647845276273612,alpha,8.98117860960973,8.981178609606946
b_ceiling,compute_alpha,tau_over_tau_unif,10.786775060225768,alpha,9.120108393561843,9.120108393559102
b_ceiling,compute_alpha,tau_over_tau_unif,10.927853947954604,alpha,9.261187281290638,9.261187281287938
b_ceiling,compute_alpha,tau_over_tau_unif,11.071115183930184,alpha,9.404448517266175,9.404448517263518
b_ceiling,compute_alpha,tau_over_tau_unif,11.21659252688103,alpha,9.549925860216982,9.549925860214364
b_ceiling,compute_alpha,tau_over_tau_unif,11.364320257749162,alpha,9.697653591085073,9.697653591082496
b_ceiling,compute_alpha,tau_over_tau_unif,11.51433318776825,alpha,9.847666521104122,9.847666521101583
b_ceiling,compute_alpha,tau_over_tau_unif,11.666666666666666,alpha,10.000000000002501,10.0
b_ceiling,compute_alpha,tau_over_tau_unif,11.821356590997473,alpha,10.154689924333269,10.154689924330807
b_ceiling,compute_alpha,tau_over_tau_unif,11.978439412597226,alpha,10.311772745932986,10.31177274593056
b_ceiling,compute_alpha,tau_over_tau_unif,12.137952147175662,alpha,10.471285480511384,10.471285480508996
b_ceiling,compute_alpha,tau_over_tau_unif,12.299932383038282,alpha,10.633265716373966,10.633265716371616
b_ceiling,compute_alpha,tau_over_tau_unif,12.46441828994377,alpha,10.79775162327942,10.797751623277104
b_ceiling,compute_alpha,tau_over_tau_unif,12.631448628098518,alpha,10.964781961434134,10.964781961431852
b_ceiling,compute_alpha,tau_over_tau_unif,12.801062757290286,alpha,11.134396090625867,11.13439609062362
b_ceiling,compute_alpha,tau_over_tau_unif,12.973300646163064,alpha,11.30663397949861,11.306633979496398
b_ceiling,compute_alpha,tau_over_tau_unif,13.148202881635495,alpha,11.481536214971005,11.481536214968829
b_ceiling,compute_alpha,tau_over_tau_unif,13.32581067846499,alpha,11.659144011800468,11.659144011798324
b_ceiling,compute_alpha,tau_over_tau_unif,13.506165888959682,alpha,11.839499222295128,11.839499222293016
b_ceiling,compute_alpha,tau_over_tau_unif,13.689311012840797,alpha,12.022644346176211,12.02264434617413
b_ceiling,compute_alpha,tau_over_tau_unif,13.875289207257385,alpha,12.208622540592767,12.208622540590719
b_ceiling,compute_alpha,tau_over_tau_unif,14.064144296956107,alpha,12.397477630291457,12.39747763028944
b_ceiling,compute_alpha,tau_over_tau_unif,14.25592078460834,alpha,12.589254117943659,12.589254117941675
b_ceiling,compute_alpha,tau_over_tau_unif,14.45066386129691,alpha,12.7839971946322,12.783997194630244
b_ceiling,compute_alpha,tau_over_tau_unif,14.648419417165156,alpha,12.981752750500414,12.98175275049849
b_ceiling,compute_alpha,tau_over_tau_unif,14.84923405223074,alpha,13.18256738556597,13.182567385564074
b_ceiling,compute_alpha,tau_over_tau_unif,15.053155087366607,alpha,13.386488420701808,13.38648842069994
b_ceiling,compute_alpha,tau_over_tau_unif,15.26023057545192,alpha,13.593563908787093,13.593563908785255
b_ceiling,compute_alpha,tau_over_tau_unif,15.470509312695519,alpha,13.803842646030663,13.803842646028853
b_ceiling,compute_alpha,tau_over_tau_unif,15.684040850134375,alpha,14.017374183469494,14.017374183467709
b_ceiling,compute_alpha,tau_over_tau_unif,15.900875505310081,alpha,14.23420883864517,14.234208838643415
b_ceiling,compute_alpha,tau_over_tau_unif,16.121064374125947,alpha,14.454397707461009,14.45439770745928
b_ceiling,compute_alpha,tau_over_tau_unif,16.344659342887372,alpha,14.67799267622241,14.677992676220706
b_ceiling,compute_alpha,tau_over_tau_unif,16.57171310052863,alpha,14.905046433863639,14.905046433861962
b_ceiling,compute_alpha,tau_over_tau_unif,16.802279151028753,alpha,15.13561248436374,15.135612484362087
b_ceiling,compute_alpha,tau_over_tau_unif,17.036411826019393,alpha,15.369745159354352,15.369745159352725
b_ceiling,compute_alpha,tau_over_tau_unif,17.27416629758778,alpha,15.607499630922714,15.607499630921113
b_ceiling,compute_alpha,tau_over_tau_unif,17.515598591277808,alpha,15.84893192461272,15.848931924611142
b_ceiling,compute_alpha,tau_over_tau_unif,17.76076559929203,alpha,16.094098932626913,16.09409893262536
b_ceiling,compute_alpha,tau_over_tau_unif,18.009725093898044,alpha,16.343058427232904,16.343058427231377
b_ceiling,compute_alpha,tau_over_tau_unif,18.26253574104228,alpha,16.59586907437712,16.595869074375614
b_ceiling,compute_alpha,tau_over_tau_unif,18.519257114174195,alpha,16.85259044750901,16.852590447507527
b_ceiling,compute_alpha,tau_over_tau_unif,18.779949708284477,alpha,17.11328304161927,17.11328304161781
b_ceiling,compute_alpha,tau_over_tau_unif,19.04467495416043,alpha,17.378008287495202,17.378008287493763
b_ceiling,compute_alpha,tau_over_tau_unif,19.313495232861666,alpha,17.646828566196415,17.646828566194998
b_ceiling,compute_alpha,tau_over_tau_unif,19.58647389042001,alpha,17.919807223754738,17.91980722375334
b_ceiling,compute_alpha,tau_over_tau_unif,19.863675252766512,alpha,18.19700858610122,18.197008586099845
b_ceiling,compute_alpha,tau_over_tau_unif,20.145164640889575,alpha,18.47849797422426,18.478497974222908
b_ceiling,compute_alpha,tau_over_tau_unif,20.431008386227525,alpha,18.76434171956219,18.764341719560857
b_ceiling,compute_alpha,tau_over_tau_unif,20.72127384629915,alpha,19.0546071796338,19.054607179632484
b_ceiling,compute_alpha,tau_over_tau_unif,21.01602942057619,alpha,19.34936275391081,19.34936275390952
b_ceiling,compute_alpha,tau_over_tau_unif,21.315344566601347,alpha,19.64867789993595,19.64867789993468
b_ceiling,compute_alpha,tau_over_tau_unif,21.619289816355476,alpha,19.952623149690062,19.952623149688808
b_ceiling,compute_alpha,tau_over_tau_unif,21.9279367928781,alpha,20.261270126212665,20.261270126211432
b_ceiling,compute_alpha,tau_over_tau_unif,22.241358227145067,alpha,20.574691560479614,20.5746915604784
b_ceiling,compute_alpha,tau_over_tau_unif,22.559627975207075,alpha,20.892961308541604,20.892961308540407
b_ceiling,compute_alpha,tau_over_tau_unif,22.882821035593512,alpha,21.216154368928024,21.216154368926844
b_ceiling,compute_alpha,tau_over_tau_unif,23.211013566985514,alpha,21.54434690032,21.544346900318846
b_ceiling,compute_alpha,tau_over_tau_unif,23.54428290616221,alpha,21.87761623949668,21.87761623949554
b_ceiling,compute_alpha,tau_over_tau_unif,23.882707586224786,alpha,22.21604091955924,22.216040919558118
b_ceiling,compute_alpha,tau_over_tau_unif,24.22636735510244,alpha,22.55970068843688,22.559700688435772
b_ceiling,compute_alpha,tau_over_tau_unif,24.575343194344416,alpha,22.90867652767884,22.90867652767775
b_ceiling,compute_alpha,tau_over_tau_unif,24.92971733820293,alpha,23.263050671537336,23.263050671536263
b_ceiling,compute_alpha,tau_over_tau_unif,25.289573293011294,alpha,23.622906626345685,23.622906626344626
b_ceiling,compute_alpha,tau_over_tau_unif,25.654995856861593,alpha,23.98832919019597,23.988329190194925
b_ceiling,compute_alpha,tau_over_tau_unif,26.02607113958694,alpha,24.359404472921298,24.35940447292027
b_ceiling,compute_alpha,tau_over_tau_unif,26.402886583052894,alpha,24.736219916387235,24.736219916386226
b_ceiling,compute_alpha,tau_over_tau_unif,26.785530981762488,alpha,25.118864315096815,25.11886431509582
b_ceiling,compute_alpha,tau_over_tau_unif,27.17409450378026,alpha,25.50742783711457,25.507427837113593
b_ceiling,compute_alpha,tau_over_tau_unif,27.56866871197992,alpha,25.90200204531422,25.902002045313253
b_ceiling,compute_alpha,tau_over_tau_unif,27.96934658562051,alpha,26.302679918954794,26.302679918953842
b_ceiling,compute_alpha,tau_over_tau_unif,28.37622254225652,alpha,26.709555875590794,26.709555875589853
b_ceiling,compute_alpha,tau_over_tau_unif,28.789392459986964,alpha,27.122725793321216,27.122725793320296
b_ceiling,compute_alpha,tau_over_tau_unif,29.20895370004833,alpha,27.54228703338257,27.542287033381662
b_ceiling,compute_alpha,tau_over_tau_unif,29.635005129757445,alpha,27.968338463091673,27.968338463090777
b_ceiling,compute_alpha,tau_over_tau_unif,30.067647145808834,alpha,28.400980479143048,28.400980479142167
b_ceiling,compute_alpha,tau_over_tau_unif,30.506981697932726,alpha,28.840315031266925,28.84031503126606
b_ceiling,compute_alpha,tau_over_tau_unif,30.953112312919043,alpha,29.286445646253227,29.286445646252375
b_ceiling,compute_alpha,tau_over_tau_unif,31.406144119012747,alpha,29.739477452346925,29.73947745234608
b_ceiling,compute_alpha,tau_over_tau_unif,31.86618387068683,alpha,30.19951720402099,30.19951720402016
b_ceiling,compute_alpha,tau_over_tau_unif,32.3333399737985,alpha,30.666673307132655,30.666673307131838
b_ceiling,compute_alpha,tau_over_tau_unif,32.80772251113428,alpha,31.14105584446842,31.141055844467616
b_ceiling,compute_alpha,tau_over_tau_unif,33.28944326835046,alpha,31.622776601684585,31.622776601683793
b_ceiling,compute_alpha,tau_over_tau_unif,33.778615760314906,alpha,32.11194909364902,32.11194909364824
b_ceiling,compute_alpha,tau_over_tau_unif,34.27535525785602,alpha,32.60868859119012,32.608688591189356
b_ceiling,compute_alpha,tau_over_tau_unif,34.77977881492578,alpha,33.11311214825987,33.11311214825911
b_ceiling,compute_alpha,tau_over_tau_unif,35.29200529618294,alpha,33.62533862951702,33.62533862951628
b_ceiling,compute_alpha,tau_over_tau_unif,35.812155405002706,alpha,34.14548873833677,34.14548873833604
b_ceiling,compute_alpha,tau_over_tau_unif,36.34035171191983,alpha,34.67368504525389,34.673685045253166
b_ceiling,compute_alpha,tau_over_tau_unif,36.876718683511875,alpha,35.21005201684592,35.21005201684521
b_ceiling,compute_alpha,tau_over_tau_unif,37.421382711728825,alpha,35.754716045062864,35.75471604506216
b_ceiling,compute_alpha,tau_over_tau_unif,37.974472143676806,alpha,36.30780547701083,36.30780547701014
b_ceiling,compute_alpha,tau_over_tau_unif,38.536117311862434,alpha,36.86945064519645,36.86945064519577
b_ceiling,compute_alpha,tau_over_tau_unif,39.10645056490481,alpha,37.439783898238815,37.43978389823815
b_ceiling,compute_alpha,tau_over_tau_unif,39.68560629872279,alpha,38.018939632056785,38.018939632056124
b_ceiling,compute_alpha,tau_over_tau_unif,40.273720988204815,alpha,38.6070543215388,38.60705432153815
b_ceiling,compute_alpha,tau_over_tau_unif,40.87093321936822,alpha,39.204266552702194,39.204266552701554
b_ceiling,compute_alpha,tau_over_tau_unif,41.4773837220164,alpha,39.810717055350366,39.810717055349734
b_ceiling,compute_alpha,tau_over_tau_unif,42.093215402901116,alpha,40.42654873623507,40.42654873623445
b_ceiling,compute_alpha,tau_over_tau_unif,42.71857337939745,alpha,41.051906712731395,41.05190671273078
b_ceiling,compute_alpha,tau_over_tau_unif,43.35360501370022,alpha,41.68693834703416,41.68693834703355
b_ceiling,compute_alpha,tau_over_tau_unif,43.998459947548774,alpha,42.3317932808827,42.33179328088211
b_ceiling,compute_alpha,tau_over_tau_unif,44.65329013748943,alpha,42.98662347082334,42.986623470822764
b_ceiling,compute_alpha,tau_over_tau_unif,45.318249890683276,alpha,43.65158322401717,43.65158322401661
b_ceiling,compute_alpha,tau_over_tau_unif,45.99349590126758,alpha,44.326829234601476,44.326829234600915
b_ceiling,compute_alpha,tau_over_tau_unif,46.67918728728003,alpha,45.01252062061392,45.012520620613365
b_ceiling,compute_alpha,tau_over_tau_unif,47.37548562815418,alpha,45.70881896148806,45.708818961487516
b_ceiling,compute_alpha,tau_over_tau_unif,48.082555002794486,alpha,46.41588833612836,46.41588833612782
b_ceiling,compute_alpha,tau_over_tau_unif,48.80056202824071,alpha,47.133895361574574,47.13389536157405
b_ceiling,compute_alpha,tau_over_tau_unif,49.52967589893051,alpha,47.863009232264375,47.86300923226385
b_ceiling,compute_alpha,tau_over_tau_unif,50.270068426568876,alpha,48.603401759902724,48.60340175990221
b_ceiling,compute_alpha,tau_over_tau_unif,51.02191408061473,alpha,49.35524741394857,49.355247413948064
b_ceiling,compute_alpha,tau_over_tau_unif,51.785390029393916,alpha,50.11872336272775,50.11872336272725
b_ceiling,compute_alpha,tau_over_tau_unif,52.560676181847604,alpha,50.89400951518143,50.89400951518094
b_ceiling,compute_alpha,tau_over_tau_unif,53.34795522992702,alpha,51.681288563260836,51.68128856326035
b_ceiling,compute_alpha,tau_over_tau_unif,54.14741269164395,alpha,52.48074602497776,52.480746024977286
b_ceiling,compute_alpha,tau_over_tau_unif,54.959236954786746,alpha,53.29257028812055,53.29257028812008
b_ceiling,compute_alpha,tau_over_tau_unif,55.78361932131304,alpha,54.11695265464684,54.116952654646376
b_ceiling,compute_alpha,tau_over_tau_unif,56.62075405242915,alpha,54.95408738576294,54.954087385762485
b_ceiling,compute_alpha,tau_over_tau_unif,57.470838414366355,alpha,55.80417174770014,55.80417174769969
b_ceiling,compute_alpha,tau_over_tau_unif,58.3340727248658,alpha,56.667406058199575,56.667406058199134
b_ceiling,compute_alpha,tau_over_tau_unif,59.21066040038239,alpha,57.54399373371616,57.54399373371572
b_ceiling,compute_alpha,tau_over_tau_unif,60.100808004018475,alpha,58.434141337352244,58.43414133735181
b_ceiling,compute_alpha,tau_over_tau_unif,61.004725294199474,alpha,59.33805862753323,59.33805862753281
b_ceiling,compute_alpha,tau_over_tau_unif,61.92262527410247,alpha,60.25595860743623,60.25595860743581
b_ceiling,compute_alpha,tau_over_tau_unif,62.85472424184886,alpha,61.18805757518261,61.18805757518219
b_ceiling,compute_alpha,tau_over_tau_unif,63.80124184147425,alpha,62.13457517480799,62.13457517480759
b_ceiling,compute_alpha,tau_over_tau_unif,64.76240111468603,alpha,63.09573444801977,63.095734448019364
b_ceiling,compute_alpha,tau_over_tau_unif,65.73842855342204,alpha,64.07176188675575,64.07176188675537
b_ceiling,compute_alpha,tau_over_tau_unif,66.72955415322241,alpha,65.06288748655612,65.06288748655574
b_ceiling,compute_alpha,tau_over_tau_unif,67.73601146742631,alpha,66.06934480076,66.06934480075964
b_ceiling,compute_alpha,tau_over_tau_unif,68.7580376622078,alpha,67.0913709955415,67.09137099554113
b_ceiling,compute_alpha,tau_over_tau_unif,69.79587357246282,alpha,68.12920690579651,68.12920690579615
b_ceiling,compute_alpha,tau_over_tau_unif,70.84976375856037,alpha,69.18309709189407,69.1830970918937
b_ceiling,compute_alpha,tau_over_tau_unif,71.91995656397188,alpha,70.25328989730556,70.25328989730521
b_ceiling,compute_alpha,tau_over_tau_unif,73.00670417379231,alpha,71.340037507126,71.34003750712564
b_ceiling,compute_alpha,tau_over_tau_unif,74.11026267416572,alpha,72.4435960074994,72.44359600749905
b_ceiling,compute_alpha,tau_over_tau_unif,75.23089211263081,alpha,73.56422544596448,73.56422544596414
b_ceiling,compute_alpha,tau_over_tau_unif,76.36885655939986,alpha,74.70218989273351,74.70218989273319
b_ceiling,compute_alpha,tau_over_tau_unif,77.5244241695851,alpha,75.85775750291876,75.85775750291843
b_ceiling,compute_alpha,tau_over_tau_unif,78.69786724638814,alpha,77.0312005797218,77.03120057972147
b_ceiling,compute_alpha,tau_over_tau_unif,79.88946230526696,alpha,78.22279563860062,78.22279563860029
b_ceiling,compute_alpha,tau_over_tau_unif,81.09949013909488,alpha,79.43282347242852,79.43282347242821
b_ceiling,compute_alpha,tau_over_tau_unif,82.32823588432802,alpha,80.66156921766166,80.66156921766135
b_ceiling,compute_alpha,tau_over_tau_unif,83.57598908819644,alpha,81.90932242153008,81.90932242152977
b_ceiling,compute_alpha,tau_over_tau_unif,84.84304377693384,alpha,83.17637711026747,83.17637711026717
b_ceiling,compute_alpha,tau_over_tau_unif,86.12969852506355,alpha,84.46303185839717,84.46303185839687
b_ceiling,compute_alpha,tau_over_tau_unif,87.43625652575614,alpha,85.76958985908976,85.76958985908946
b_ceiling,compute_alpha,tau_over_tau_unif,88.76302566227481,alpha,87.09635899560843,87.09635899560814
b_ceiling,compute_alpha,tau_over_tau_unif,90.11031858052667,alpha,88.4436519138603,88.44365191386
b_ceiling,compute_alpha,tau_over_tau_unif,91.47845276273618,alpha,89.8117860960698,89.81178609606951
b_ceiling,compute_alpha,tau_over_tau_unif,92.86775060225773,alpha,91.20108393559133,91.20108393559106
b_ceiling,compute_alpha,tau_over_tau_unif,94.27853947954604,alpha,92.61187281287964,92.61187281287937
b_ceiling,compute_alpha,tau_over_tau_unif,95.7111518393019,alpha,94.04448517263549,94.04448517263523
b_ceiling,compute_alpha,tau_over_tau_unif,97.16592526881026,alpha,95.49925860214384,95.49925860214358
b_ceiling,compute_alpha,tau_over_tau_unif,98.64320257749164,alpha,96.9765359108252,96.97653591082496
b_ceiling,compute_alpha,tau_over_tau_unif,100.14333187768256,alpha,98.47666521101613,98.47666521101588
b_ceiling,compute_alpha,tau_over_tau_unif,101.66666666666667,alpha,100.0,100.0
b_ceiling,compute_alpha,tau_over_tau_unif,103.21356590997473,alpha,100.0,101.54689924330806
b_ceiling,compute_alpha,tau_over_tau_unif,104.78439412597227,alpha,100.0,103.1177274593056
b_ceiling,compute_alpha,tau_over_tau_unif,106.37952147175663,alpha,100.0,104.71285480508996
b_ceiling,compute_alpha,tau_over_tau_unif,107.99932383038283,alpha,100.0,106.33265716371616
b_ceiling,compute_alpha,tau_over_tau_unif,109.64418289943772,alpha,100.0,107.97751623277105
b_ceiling,compute_alpha,tau_over_tau_unif,111.31448628098518,alpha,100.0,109.64781961431851
b_ceiling,compute_alpha,tau_over_tau_unif,113.01062757290286,alpha,100.0,111.34396090623619
b_ceiling,compute_alpha,tau_over_tau_unif,114.73300646163065,alpha,100.0,113.06633979496398
b_ceiling,compute_alpha,tau_over_tau_unif,116.48202881635495,alpha,100.0,114.81536214968828
b_ceiling,compute_alpha,tau_over_tau_unif,118.2581067846499,alpha,100.0,116.59144011798323
b_ceiling,compute_alpha,tau_over_tau_unif,120.06165888959696,alpha,100.0,118.39499222293028
b_ceiling,compute_alpha,tau_over_tau_unif,121.89311012840798,alpha,100.0,120.22644346174131
b_ceiling,compute_alpha,tau_over_tau_unif,123.75289207257386,alpha,100.0,122.08622540590719
b_ceiling,compute_alpha,tau_over_tau_unif,125.64144296956121,alpha,100.0,123.97477630289454
b_ceiling,compute_alpha,tau_over_tau_unif,127.55920784608342,alpha,100.0,125.89254117941675
b_ceiling,compute_alpha,tau_over_tau_unif,129.5066386129691,alpha,100.0,127.83997194630244
b_ceiling,compute_alpha,tau_over_tau_unif,131.4841941716517,alpha,100.0,129.81752750498504
b_ceiling,compute_alpha,tau_over_tau_unif,133.4923405223074,alpha,100.0,131.82567385564073
b_ceiling,compute_alpha,tau_over_tau_unif,135.53155087366605,alpha,100.0,133.8648842069994
b_ceiling,compute_alpha,tau_over_tau_unif,137.60230575451934,alpha,100.0,135.93563908785268
b_ceiling,compute_alpha,tau_over_tau_unif,139.70509312695518,alpha,100.0,138.03842646028852
b_ceiling,compute_alpha,tau_over_tau_unif,141.84040850134375,alpha,100.0,140.1737418346771
b_ceiling,compute_alpha,tau_over_tau_unif,144.0087550531008,alpha,100.0,142.34208838643414
b_ceiling,compute_alpha,tau_over_tau_unif,146.21064374125945,alpha,100.0,144.5439770745928
b_ceiling,compute_alpha,tau_over_tau_unif,148.4465934288737,alpha,100.0,146.77992676220705
b_ceiling,compute_alpha,tau_over_tau_unif,150.71713100528626,alpha,100.0,149.0504643386196
b_ceiling,compute_alpha,tau_over_tau_unif,153.02279151028753,alpha,100.0,151.35612484362088
b_ceiling,compute_alpha,tau_over_tau_unif,155.36411826019392,alpha,100.0,153.69745159352726
b_ceiling,compute_alpha,tau_over_tau_unif,157.7416629758778,alpha,100.0,156.07499630921114
b_ceiling,compute_alpha,tau_over_tau_unif,160.15598591277808,alpha,100.0,158.48931924611142
b_ceiling,compute_alpha,tau_over_tau_unif,162.60765599292026,alpha,100.0,160.9409893262536
b_ceiling,compute_alpha,tau_over_tau_unif,165.09725093898044,alpha,100.0,163.43058427231378
b_ceiling,compute_alpha,tau_over_tau_unif,167.6253574104228,alpha,100.0,165.95869074375614
b_ceiling,compute_alpha,tau_over_tau_unif,170.19257114174192,alpha,100.0,168.52590447507527
b_ceiling,compute_alpha,tau_over_tau_unif,172.79949708284477,alpha,100.0,171.1328304161781
b_ceiling,compute_alpha,tau_over_tau_unif,175.44674954160428,alpha,100.0,173.78008287493762
b_ceiling,compute_alpha,tau_over_tau_unif,178.13495232861683,alpha,100.0,176.46828566195018
b_ceiling,compute_alpha,tau_over_tau_unif,180.86473890420007,alpha,100.0,179.1980722375334
b_ceiling,compute_alpha,tau_over_tau_unif,183.6367525276651,alpha,100.0,181.97008586099844
b_ceiling,compute_alpha,tau_over_tau_unif,186.45164640889593,alpha,100.0,184.78497974222927
b_ceiling,compute_alpha,tau_over_tau_unif,189.31008386227523,alpha,100.0,187.64341719560858
b_ceiling,compute_alpha,tau_over_tau_unif,192.2127384629915,alpha,100.0,190.54607179632484
b_ceiling,compute_alpha,tau_over_tau_unif,195.16029420576209,alpha,100.0,193.49362753909543
b_ceiling,compute_alpha,tau_over_tau_unif,198.15344566601345,alpha,100.0,196.4867789993468
b_ceiling,compute_alpha,tau_over_tau_unif,201.19289816355473,alpha,100.0,199.52623149688807
b_ceiling,compute_alpha,tau_over_tau_unif,204.2793679287812,alpha,100.0,202.61270126211454
b_ceiling,compute_alpha,tau_over_tau_unif,207.41358227145065,alpha,100.0,205.746915604784
b_ceiling,compute_alpha,tau_over_tau_unif,210.59627975207073,alpha,100.0,208.92961308540407
b_ceiling,compute_alpha,tau_over_tau_unif,213.8282103559351,alpha,100.0,212.16154368926846
b_ceiling,compute_alpha,tau_over_tau_unif,217.1101356698551,alpha,100.0,215.44346900318845
b_ceiling,compute_alpha,tau_over_tau_unif,220.44282906162206,alpha,100.0,218.7761623949554
b_ceiling,compute_alpha,tau_over_tau_unif,223.82707586224782,alpha,100.0,222.16040919558117
b_ceiling,compute_alpha,tau_over_tau_unif,227.26367355102437,alpha,100.0,225.5970068843577
b_ceiling,compute_alpha,tau_over_tau_unif,230.75343194344413,alpha,100.0,229.08676527677747
b_ceiling,compute_alpha,tau_over_tau_unif,234.29717338202929,alpha,100.0,232.63050671536263
b_ceiling,compute_alpha,tau_over_tau_unif,237.89573293011293,alpha,100.0,236.22906626344627
b_ceiling,compute_alpha,tau_over_tau_unif,241.5499585686159,alpha,100.0,239.88329190194924
b_ceiling,compute_alpha,tau_over_tau_unif,245.26071139586938,alpha,100.0,243.59404472920272
b_ceiling,compute_alpha,tau_over_tau_unif,249.0288658305289,alpha,100.0,247.36219916386224
b_ceiling,compute_alpha,tau_over_tau_unif,252.85530981762489,alpha,100.0,251.18864315095823
b_ceiling,compute_alpha,tau_over_tau_unif,256.7409450378026,alpha,100.0,255.07427837113593
b_ceiling,compute_alpha,tau_over_tau_unif,260.6866871197992,alpha,100.0,259.02002045313253
b_ceiling,compute_alpha,tau_over_tau_unif,264.6934658562051,alpha,100.0,263.0267991895384
b_ceiling,compute_alpha,tau_over_tau_unif,268.7622254225652,alpha,100.0,267.09555875589854
b_ceiling,compute_alpha,tau_over_tau_unif,272.89392459986965,alpha,100.0,271.22725793320296
b_ceiling,compute_alpha,tau_over_tau_unif,277.0895370004836,alpha,100.0,275.4228703338169
b_ceiling,compute_alpha,tau_over_tau_unif,281.35005129757445,alpha,100.0,279.68338463090777
b_ceiling,compute_alpha,tau_over_tau_unif,285.6764714580883,alpha,100.0,284.00980479142163
b_ceiling,compute_alpha,tau_over_tau_unif,290.0698169793275,alpha,100.0,288.40315031266084
b_ceiling,compute_alpha,tau_over_tau_unif,294.5311231291904,alpha,100.0,292.8644564625237
b_ceiling,compute_alpha,tau_over_tau_unif,299.0614411901275,alpha,100.0,297.3947745234608
b_ceiling,compute_alpha,tau_over_tau_unif,303.6618387068686,alpha,100.0,301.9951720402019
b_ceiling,compute_alpha,tau_over_tau_unif,308.3333997379851,alpha,100.0,306.6667330713184
b_ceiling,compute_alpha,tau_over_tau_unif,313.07722511134284,alpha,100.0,311.41055844467616
b_ceiling,compute_alpha,tau_over_tau_unif,317.89443268350493,alpha,100.0,316.22776601683825
b_ceiling,compute_alpha,tau_over_tau_unif,322.7861576031491,alpha,100.0,321.1194909364824
b_ceiling,compute_alpha,tau_over_tau_unif,327.75355257856023,alpha,100.0,326.08688591189355
b_ceiling,compute_alpha,tau_over_tau_unif,332.79778814925777,alpha,100.0,331.1311214825911
b_ceiling,compute_alpha,tau_over_tau_unif,337.92005296182947,alpha,100.0,336.2533862951628
b_ceiling,compute_alpha,tau_over_tau_unif,343.1215540500271,alpha,100.0,341.4548873833604
b_ceiling,compute_alpha,tau_over_tau_unif,348.40351711919834,alpha,100.0,346.73685045253166
b_ceiling,compute_alpha,tau_over_tau_unif,353.76718683511876,alpha,100.0,352.1005201684521
b_ceiling,compute_alpha,tau_over_tau_unif,359.2138271172883,alpha,100.0,357.5471604506216
b_ceiling,compute_alpha,tau_over_tau_unif,364.7447214367681,alpha,100.0,363.0780547701014
b_ceiling,compute_alpha,tau_over_tau_unif,370.3611731186244,alpha,100.0,368.6945064519577
b_ceiling,compute_alpha,tau_over_tau_unif,376.06450564904816,alpha,100.0,374.3978389823815
b_ceiling,compute_alpha,tau_over_tau_unif,381.856062987228,alpha,100.0,380.1893963205613
b_ceiling,compute_alpha,tau_over_tau_unif,387.7372098820482,alpha,100.0,386.0705432153815
b_ceiling,compute_alpha,tau_over_tau_unif,393.70933219368226,alpha,100.0,392.0426655270156
b_ceiling,compute_alpha,tau_over_tau_unif,399.773837220164,alpha,100.0,398.1071705534973
b_ceiling,compute_alpha,tau_over_tau_unif,405.9321540290112,alpha,100.0,404.2654873623445
b_ceiling,compute_alpha,tau_over_tau_unif,412.185733793975,alpha,100.0,410.5190671273083
b_ceiling,compute_alpha,tau_over_tau_unif,418.5360501370022,alpha,100.0,416.8693834703355
b_ceiling,compute_alpha,tau_over_tau_unif,424.9845994754878,alpha,100.0,423.3179328088211
b_ceiling,compute_alpha,tau_over_tau_unif,431.5329013748948,alpha,100.0,429.8662347082281
b_ceiling,compute_alpha,tau_over_tau_unif,438.1824989068328,alpha,100.0,436.5158322401661
b_ceiling,compute_alpha,tau_over_tau_unif,444.9349590126758,alpha,100.0,443.2682923460091
b_ceiling,compute_alpha,tau_over_tau_unif,451.7918728728008,alpha,100.0,450.1252062061341
b_ceiling,compute_alpha,tau_over_tau_unif,458.7548562815419,alpha,100.0,457.0881896148752
b_ceiling,compute_alpha,tau_over_tau_unif,465.82555002794487,alpha,100.0,464.1588833612782
b_ceiling,compute_alpha,tau_over_tau_unif,473.0056202824077,alpha,100.0,471.338953615741
b_ceiling,compute_alpha,tau_over_tau_unif,480.2967589893052,alpha,100.0,478.6300923226385
b_ceiling,compute_alpha,tau_over_tau_unif,487.7006842656888,alpha,100.0,486.0340175990221
b_ceiling,compute_alpha,tau_over_tau_unif,495.2191408061473,alpha,100.0,493.55247413948064
b_ceiling,compute_alpha,tau_over_tau_unif,502.85390029393915,alpha,100.0,501.18723362727246
b_ceiling,compute_alpha,tau_over_tau_unif,510.60676181847606,alpha,100.0,508.9400951518094
b_ceiling,compute_alpha,tau_over_tau_unif,518.4795522992702,alpha,100.0,516.8128856326035
b_ceiling,compute_alpha,tau_over_tau_unif,526.4741269164394,alpha,100.0,524.8074602497728
b_ceiling,compute_alpha,tau_over_tau_unif,534.5923695478674,alpha,100.0,532.9257028812008
b_ceiling,compute_alpha,tau_over_tau_unif,542.8361932131304,alpha,100.0,541.1695265464638
b_ceiling,compute_alpha,tau_over_tau_unif,551.2075405242914,alpha,100.0,549.5408738576248
b_ceiling,compute_alpha,tau_over_tau_unif,559.7083841436636,alpha,100.0,558.041717476997
b_ceiling,compute_alpha,tau_over_tau_unif,568.3407272486579,alpha,100.0,566.6740605819913
b_ceiling,compute_alpha,tau_over_tau_unif,577.1066040038239,alpha,100.0,575.4399373371573
b_ceiling,compute_alpha,tau_over_tau_unif,586.0080800401847,alpha,100.0,584.3414133735181
b_ceiling,compute_alpha,tau_over_tau_unif,595.0472529419948,alpha,100.0,593.3805862753281
b_ceiling,compute_alpha,tau_over_tau_unif,604.2262527410247,alpha,100.0,602.5595860743581
b_ceiling,compute_alpha,tau_over_tau_unif,613.5472424184892,alpha,100.0,611.8805757518226
b_ceiling,compute_alpha,tau_over_tau_unif,623.0124184147425,alpha,100.0,621.3457517480758
b_ceiling,compute_alpha,tau_over_tau_unif,632.6240111468603,alpha,100.0,630.9573444801937
b_ceiling,compute_alpha,tau_over_tau_unif,642.384285534221,alpha,100.0,640.7176188675544
b_ceiling,compute_alpha,tau_over_tau_unif,652.295541532224,alpha,100.0,650.6288748655573
b_ceiling,compute_alpha,tau_over_tau_unif,662.3601146742631,alpha,100.0,660.6934480075964
b_ceiling,compute_alpha,tau_over_tau_unif,672.5803766220786,alpha,100.0,670.913709955412
b_ceiling,compute_alpha,tau_over_tau_unif,682.9587357246281,alpha,100.0,681.2920690579615
b_ceiling,compute_alpha,tau_over_tau_unif,693.4976375856036,alpha,100.0,691.8309709189369
b_ceiling,compute_alpha,tau_over_tau_unif,704.1995656397195,alpha,100.0,702.5328989730529
b_ceiling,compute_alpha,tau_over_tau_unif,715.0670417379231,alpha,100.0,713.4003750712565
b_ceiling,compute_alpha,tau_over_tau_unif,726.1026267416572,alpha,100.0,724.4359600749906
b_ceiling,compute_alpha,tau_over_tau_unif,737.308921126308,alpha,100.0,735.6422544596413
b_ceiling,compute_alpha,tau_over_tau_unif,748.6885655939985,alpha,100.0,747.0218989273319
b_ceiling,compute_alpha,tau_over_tau_unif,760.244241695851,alpha,100.0,758.5775750291843
b_ceiling,compute_alpha,tau_over_tau_unif,771.9786724638813,alpha,100.0,770.3120057972146
b_ceiling,compute_alpha,tau_over_tau_unif,783.8946230526695,alpha,100.0,782.2279563860029
b_ceiling,compute_alpha,tau_over_tau_unif,795.9949013909488,alpha,100.0,794.3282347242822
b_ceiling,compute_alpha,tau_over_tau_unif,808.2823588432801,alpha,100.0,806.6156921766135
b_ceiling,compute_alpha,tau_over_tau_unif,820.7598908819643,alpha,100.0,819.0932242152977
b_ceiling,compute_alpha,tau_over_tau_unif,833.4304377693384,alpha,100.0,831.7637711026717
b_ceiling,compute_alpha,tau_over_tau_unif,846.2969852506353,alpha,100.0,844.6303185839687
b_ceiling,compute_alpha,tau_over_tau_unif,859.3625652575612,alpha,100.0,857.6958985908946
b_ceiling,compute_alpha,tau_over_tau_unif,872.6302566227481,alpha,100.0,870.9635899560815
b_ceiling,compute_alpha,tau_over_tau_unif,886.1031858052665,alpha,100.0,884.4365191385999
b_ceiling,compute_alpha,tau_over_tau_unif,899.7845276273616,alpha,100.0,898.117860960695
b_ceiling,compute_alpha,tau_over_tau_unif,913.6775060225772,alpha,100.0,912.0108393559105
b_ceiling,compute_alpha,tau_over_tau_unif,927.7853947954603,alpha,100.0,926.1187281287937
b_ceiling,compute_alpha,tau_over_tau_unif,942.111518393019,alpha,100.0,940.4448517263523
b_ceiling,compute_alpha,tau_over_tau_unif,956.6592526881035,alpha,100.0,954.9925860214369
b_ceiling,compute_alpha,tau_over_tau_unif,971.4320257749163,alpha,100.0,969.7653591082496
b_ceiling,compute_alpha,tau_over_tau_unif,986.4333187768254,alpha,100.0,984.7666521101588
b_ceiling,compute_alpha,tau_over_tau_unif,1001.6666666666666,alpha,100.0,1000.0
b_ceiling,raw_indicator,tau_over_tau_unif,1.7666666666666668,alpha,0.1,0.1
b_ceiling,raw_indicator,tau_over_tau_unif,1.7682135659099747,alpha,0.10154689924330804,0.10154689924330804
b_ceiling,raw_indicator,tau_over_tau_unif,1.7697843941259723,alpha,0.10311772745930552,0.10311772745930552
b_ceiling,raw_indicator,tau_over_tau_unif,1.7713795214717567,alpha,0.10471285480508996,0.10471285480508996
b_ceiling,raw_indicator,tau_over_tau_unif,1.772999323830383,alpha,0.10633265716371611,0.10633265716371611
b_ceiling,raw_indicator,tau_over_tau_unif,1.7746441828994377,alpha,0.10797751623277096,0.10797751623277096
b_ceiling,raw_indicator,tau_over_tau_unif,1.7763144862809852,alpha,0.1096478196143185,0.1096478196143185
b_ceiling,raw_indicator,tau_over_tau_unif,1.7780106275729028,alpha,0.11134396090623613,0.11134396090623613
b_ceiling,raw_indicator,tau_over_tau_unif,1.7797330064616306,alpha,0.1130663397949639,0.1130663397949639
b_ceiling,raw_indicator,tau_over_tau_unif,1.781482028816355,alpha,0.1148153621496883,0.1148153621496883
b_ceiling,raw_indicator,tau_over_tau_unif,1.78325810678465,alpha,0.11659144011798317,0.11659144011798317
b_ceiling,raw_indicator,tau_over_tau_unif,1.785061658889597,alpha,0.11839499222293019,0.11839499222293019
b_ceiling,raw_indicator,tau_over_tau_unif,1.786893110128408,alpha,0.12022644346174129,0.12022644346174129
b_ceiling,raw_indicator,tau_over_tau_unif,1.788752892072574,alpha,0.12208622540590712,0.12208622540590712
b_ceiling,raw_indicator,tau_over_tau_unif,1.7906414429695612,alpha,0.12397477630289444,0.12397477630289444
b_ceiling,raw_indicator,tau_over_tau_unif,1.7925592078460835,alpha,0.12589254117941673,0.12589254117941673
b_ceiling,raw_indicator,tau_over_tau_unif,1.794506638612969,alpha,0.12783997194630237,0.12783997194630237
b_ceiling,raw_indicator,tau_over_tau_unif,1.7964841941716516,alpha,0.1298175275049849,0.1298175275049849
b_ceiling,raw_indicator,tau_over_tau_unif,1.7984923405223074,alpha,0.1318256738556407,0.1318256738556407
b_ceiling,raw_indicator,tau_over_tau_unif,1.8005315508736661,alpha,0.13386488420699932,0.13386488420699932
b_ceiling,raw_indicator,tau_over_tau_unif,1.8026023057545193,alpha,0.13593563908785256,0.13593563908785256
b_ceiling,raw_indicator,tau_over_tau_unif,1.8047050931269553,alpha,0.1380384264602885,0.1380384264602885
b_ceiling,raw_indicator,tau_over_tau_unif,1.8068404085013436,alpha,0.140173741834677,0.140173741834677
b_ceiling,raw_indicator,tau_over_tau_unif,1.8090087550531009,alpha,0.14234208838643417,0.14234208838643417
b_ceiling,raw_indicator,tau_over_tau_unif,1.8112106437412594,alpha,0.14454397707459277,0.14454397707459277
b_ceiling,raw_indicator,tau_over_tau_unif,1.8134465934288737,alpha,0.14677992676220697,0.14677992676220697
b_ceiling,raw_indicator,tau_over_tau_unif,1.8157171310052864,alpha,0.1490504643386196,0.1490504643386196
b_ceiling,raw_indicator,tau_over_tau_unif,1.8180227915102876,alpha,0.15135612484362082,0.15135612484362082
b_ceiling,raw_indicator,tau_over_tau_unif,1.820364118260194,alpha,0.15369745159352713,0.15369745159352713
b_ceiling,raw_indicator,tau_over_tau_unif,1.822741662975878,alpha,0.15607499630921115,0.15607499630921115
b_ceiling,raw_indicator,tau_over_tau_unif,1.8251559859127782,alpha,0.15848931924611134,0.15848931924611134
b_ceiling,raw_indicator,tau_over_tau_unif,1.8276076559929202,alpha,0.16094098932625348,0.16094098932625348
b_ceiling,raw_indicator,tau_over_tau_unif,1.8300972509389806,alpha,0.16343058427231377,0.16343058427231377
b_ceiling,raw_indicator,tau_over_tau_unif,1.8326253574104228,alpha,0.16595869074375605,0.16595869074375605
b_ceiling,raw_indicator,tau_over_tau_unif,1.8351925711417418,alpha,0.16852590447507515,0.16852590447507515
b_ceiling,raw_indicator,tau_over_tau_unif,1.8377994970828448,alpha,0.1711328304161781,0.1711328304161781
b_ceiling,raw_indicator,tau_over_tau_unif,1.8404467495416044,alpha,0.17378008287493754,0.17378008287493754
b_ceiling,raw_indicator,tau_over_tau_unif,1.8431349523286167,alpha,0.17646828566195003,0.17646828566195003
b_ceiling,raw_indicator,tau_over_tau_unif,1.8458647389042002,alpha,0.1791980722375334,0.1791980722375334
b_ceiling,raw_indicator,tau_over_tau_unif,1.848636752527665,alpha,0.18197008586099836,0.18197008586099836
b_ceiling,raw_indicator,tau_over_tau_unif,1.8514516464088957,alpha,0.18478497974222907,0.18478497974222907
b_ceiling,raw_indicator,tau_over_tau_unif,1.8543100838622752,alpha,0.18764341719560856,0.18764341719560856
b_ceiling,raw_indicator,tau_over_tau_unif,1.8572127384629915,alpha,0.19054607179632474,0.19054607179632474
b_ceiling,raw_indicator,tau_over_tau_unif,1.860160294205762,alpha,0.19349362753909521,0.19349362753909521
b_ceiling,raw_indicator,tau_over_tau_unif,1.8631534456660135,alpha,0.19648677899934675,0.19648677899934675
b_ceiling,raw_indicator,tau_over_tau_unif,1.8661928981635547,alpha,0.19952623149688797,0.19952623149688797
b_ceiling,raw_indicator,tau_over_tau_unif,1.8692793679287811,alpha,0.20261270126211434,0.20261270126211434
b_ceiling,raw_indicator,tau_over_tau_unif,1.8724135822714507,alpha,0.20574691560478395,0.20574691560478395
b_ceiling,raw_indicator,tau_over_tau_unif,1.8755962797520707,alpha,0.20892961308540398,0.20892961308540398
b_ceiling,raw_indicator,tau_over_tau_unif,1.8788282103559353,alpha,0.21216154368926846,0.21216154368926846
b_ceiling,raw_indicator,tau_over_tau_unif,1.882110135669855,alpha,0.2154434690031884,0.2154434690031884
b_ceiling,raw_indicator,tau_over_tau_unif,1.885442829061622,alpha,0.2187761623949553,0.2187761623949553
b_ceiling,raw_indicator,tau_over_tau_unif,1.8888270758622479,alpha,0.22216040919558117,0.22216040919558117
b_ceiling,raw_indicator,tau_over_tau_unif,1.8922636735510243,alpha,0.2255970068843576,0.2255970068843576
b_ceiling,raw_indicator,tau_over_tau_unif,1.8957534319434441,alpha,0.22908676527677735,0.22908676527677735
b_ceiling,raw_indicator,tau_over_tau_unif,1.8992971733820294,alpha,0.23263050671536262,0.23263050671536262
b_ceiling,raw_indicator,tau_over_tau_unif,1.9028957329301128,alpha,0.23622906626344617,0.23622906626344617
b_ceiling,raw_indicator,tau_over_tau_unif,1.9065499585686159,alpha,0.23988329190194904,0.23988329190194904
b_ceiling,raw_indicator,tau_over_tau_unif,1.9102607113958694,alpha,0.2435940447292027,0.2435940447292027
b_ceiling,raw_indicator,tau_over_tau_unif,1.914028865830529,alpha,0.24736219916386212,0.24736219916386212
b_ceiling,raw_indicator,tau_over_tau_unif,1.9178553098176248,alpha,0.251188643150958,0.251188643150958
b_ceiling,raw_indicator,tau_over_tau_unif,1.9217409450378027,alpha,0.25507427837113594,0.25507427837113594
b_ceiling,raw_indicator,tau_over_tau_unif,1.925686687119799,alpha,0.2590200204531324,0.2590200204531324
b_ceiling,raw_indicator,tau_over_tau_unif,1.929693465856205,alpha,0.2630267991895382,0.2630267991895382
b_ceiling,raw_indicator,tau_over_tau_unif,1.9337622254225653,alpha,0.2670955587558985,0.2670955587558985
b_ceiling,raw_indicator,tau_over_tau_unif,1.9378939245998696,alpha,0.27122725793320285,0.27122725793320285
b_ceiling,raw_indicator,tau_over_tau_unif,1.9420895370004834,alpha,0.2754228703338166,0.2754228703338166
b_ceiling,raw_indicator,tau_over_tau_unif,1.9463500512975744,alpha,0.27968338463090775,0.27968338463090775
b_ceiling,raw_indicator,tau_over_tau_unif,1.9506764714580882,alpha,0.2840098047914215,0.2840098047914215
b_ceiling,raw_indicator,tau_over_tau_unif,1.9550698169793272,alpha,0.28840315031266056,0.28840315031266056
b_ceiling,raw_indicator,tau_over_tau_unif,1.9595311231291905,alpha,0.2928644564625237,0.2928644564625237
b_ceiling,raw_indicator,tau_over_tau_unif,1.9640614411901274,alpha,0.29739477452346064,0.29739477452346064
b_ceiling,raw_indicator,tau_over_tau_unif,1.9686618387068684,alpha,0.3019951720402016,0.3019951720402016
b_ceiling,raw_indicator,tau_over_tau_unif,1.9733333997379852,alpha,0.3066667330713183,0.3066667330713183
b_ceiling,raw_indicator,tau_over_tau_unif,1.9780772251113428,alpha,0.31141055844467597,0.31141055844467597
b_ceiling,raw_indicator,tau_over_tau_unif,1.9828944326835047,alpha,0.31622776601683794,0.31622776601683794
b_ceiling,raw_indicator,tau_over_tau_unif,1.987786157603149,alpha,0.3211194909364823,0.3211194909364823
b_ceiling,raw_indicator,tau_over_tau_unif,1.9927535525785602,alpha,0.3260868859118934,0.3260868859118934
b_ceiling,raw_indicator,tau_over_tau_unif,1.997797788149258,alpha,0.3311311214825911,0.3311311214825911
b_ceiling,raw_indicator,tau_over_tau_unif,2.0029200529618296,alpha,0.3362533862951627,0.3362533862951627
b_ceiling,raw_indicator,tau_over_tau_unif,2.008121554050027,alpha,0.34145488738336016,0.34145488738336016
b_ceiling,raw_indicator,tau_over_tau_unif,2.0134035171191984,alpha,0.34673685045253166,0.34673685045253166
b_ceiling,raw_indicator,tau_over_tau_unif,2.018767186835119,alpha,0.352100520168452,0.352100520168452
b_ceiling,raw_indicator,tau_over_tau_unif,2.024213827117288,alpha,0.35754716045062135,0.35754716045062135
b_ceiling,raw_indicator,tau_over_tau_unif,2.029744721436768,alpha,0.3630780547701014,0.3630780547701014
b_ceiling,raw_indicator,tau_over_tau_unif,2.0353611731186243,alpha,0.3686945064519575,0.3686945064519575
b_ceiling,raw_indicator,tau_over_tau_unif,2.041064505649048,alpha,0.37439783898238116,0.37439783898238116
b_ceiling,raw_indicator,tau_over_tau_unif,2.046856062987228,alpha,0.38018939632056126,0.38018939632056126
b_ceiling,raw_indicator,tau_over_tau_unif,2.052737209882048,alpha,0.3860705432153813,0.3860705432153813
b_ceiling,raw_indicator,tau_over_tau_unif,2.058709332193682,alpha,0.3920426655270153,0.3920426655270153
b_ceiling,raw_indicator,tau_over_tau_unif,2.064773837220164,alpha,0.3981071705534973,0.3981071705534973
b_ceiling,raw_indicator,tau_over_tau_unif,2.070932154029011,alpha,0.4042654873623443,0.4042654873623443
b_ceiling,raw_indicator,tau_over_tau_unif,2.0771857337939745,alpha,0.41051906712730796,0.41051906712730796
b_ceiling,raw_indicator,tau_over_tau_unif,2.083536050137002,alpha,0.4168693834703354,0.4168693834703354
b_ceiling,raw_indicator,tau_over_tau_unif,2.0899845994754878,alpha,0.4233179328088209,0.4233179328088209
b_ceiling,raw_indicator,tau_over_tau_unif,2.0965329013748946,alpha,0.42986623470822777,0.42986623470822777
b_ceiling,raw_indicator,tau_over_tau_unif,2.1031824989068326,alpha,0.436515832240166,0.436515832240166
b_ceiling,raw_indicator,tau_over_tau_unif,2.1099349590126755,alpha,0.4432682923460089,0.4432682923460089
b_ceiling,raw_indicator,tau_over_tau_unif,2.1167918728728004,alpha,0.45012520620613367,0.45012520620613367
b_ceiling,raw_indicator,tau_over_tau_unif,2.1237548562815416,alpha,0.4570881896148751,0.4570881896148751
b_ceiling,raw_indicator,tau_over_tau_unif,2.1308255500279447,alpha,0.464158883361278,0.464158883361278
b_ceiling,raw_indicator,tau_over_tau_unif,2.1380056202824074,alpha,0.47133895361574046,0.47133895361574046
b_ceiling,raw_indicator,tau_over_tau_unif,2.1452967589893053,alpha,0.4786300923226384,0.4786300923226384
b_ceiling,raw_indicator,tau_over_tau_unif,2.152700684265689,alpha,0.4860340175990219,0.4860340175990219
b_ceiling,raw_indicator,tau_over_tau_unif,2.1602191408061473,alpha,0.49355247413948067,0.49355247413948067
b_ceiling,raw_indicator,tau_over_tau_unif,2.167853900293939,alpha,0.5011872336272724,0.5011872336272724
b_ceiling,raw_indicator,tau_over_tau_unif,2.1756067618184756,alpha,0.5089400951518089,0.5089400951518089
b_ceiling,raw_indicator,tau_over_tau_unif,2.1834795522992705,alpha,0.5168128856326035,0.5168128856326035
b_ceiling,raw_indicator,tau_over_tau_unif,2.1914741269164395,alpha,0.5248074602497727,0.5248074602497727
b_ceiling,raw_indicator,tau_over_tau_unif,2.199592369547867,alpha,0.5329257028812004,0.5329257028812004
b_ceiling,raw_indicator,tau_over_tau_unif,2.2078361932131303,alpha,0.5411695265464638,0.5411695265464638
b_ceiling,raw_indicator,tau_over_tau_unif,2.2162075405242914,alpha,0.5495408738576247,0.5495408738576247
b_ceiling,raw_indicator,tau_over_tau_unif,2.2247083841436632,alpha,0.5580417174769965,0.5580417174769965
b_ceiling,raw_indicator,tau_over_tau_unif,2.233340727248658,alpha,0.5666740605819913,0.5666740605819913
b_ceiling,raw_indicator,tau_over_tau_unif,2.2421066040038236,alpha,0.5754399373371569,0.5754399373371569
b_ceiling,raw_indicator,tau_over_tau_unif,2.2510080800401844,alpha,0.5843414133735176,0.5843414133735176
b_ceiling,raw_indicator,tau_over_tau_unif,2.2600472529419946,alpha,0.5933805862753281,0.5933805862753281
b_ceiling,raw_indicator,tau_over_tau_unif,2.2692262527410243,alpha,0.6025595860743578,0.6025595860743578
b_ceiling,raw_indicator,tau_over_tau_unif,2.278547242418489,alpha,0.6118805757518221,0.6118805757518221
b_ceiling,raw_indicator,tau_over_tau_unif,2.2880124184147426,alpha,0.6213457517480757,0.6213457517480757
b_ceiling,raw_indicator,tau_over_tau_unif,2.29762401114686,alpha,0.6309573444801934,0.6309573444801934
b_ceiling,raw_indicator,tau_over_tau_unif,2.3073842855342206,alpha,0.640717618867554,0.640717618867554
b_ceiling,raw_indicator,tau_over_tau_unif,2.317295541532224,alpha,0.6506288748655572,0.6506288748655572
b_ceiling,raw_indicator,tau_over_tau_unif,2.3273601146742626,alpha,0.6606934480075961,0.6606934480075961
b_ceiling,raw_indicator,tau_over_tau_unif,2.337580376622078,alpha,0.6709137099554113,0.6709137099554113
b_ceiling,raw_indicator,tau_over_tau_unif,2.347958735724628,alpha,0.6812920690579614,0.6812920690579614
b_ceiling,raw_indicator,tau_over_tau_unif,2.3584976375856033,alpha,0.6918309709189366,0.6918309709189366
b_ceiling,raw_indicator,tau_over_tau_unif,2.369199565639719,alpha,0.7025328989730522,0.7025328989730522
b_ceiling,raw_indicator,tau_over_tau_unif,2.380067041737923,alpha,0.7134003750712563,0.7134003750712563
b_ceiling,raw_indicator,tau_over_tau_unif,2.391102626741657,alpha,0.7244359600749902,0.7244359600749902
b_ceiling,raw_indicator,tau_over_tau_unif,2.4023089211263082,alpha,0.7356422544596414,0.7356422544596414
b_ceiling,raw_indicator,tau_over_tau_unif,2.4136885655939984,alpha,0.7470218989273317,0.7470218989273317
b_ceiling,raw_indicator,tau_over_tau_unif,2.4252442416958506,alpha,0.7585775750291838,0.7585775750291838
b_ceiling,raw_indicator,tau_over_tau_unif,2.4369786724638813,alpha,0.7703120057972147,0.7703120057972147
b_ceiling,raw_indicator,tau_over_tau_unif,2.4488946230526696,alpha,0.7822279563860027,0.7822279563860027
b_ceiling,raw_indicator,tau_over_tau_unif,2.460994901390948,alpha,0.7943282347242815,0.7943282347242815
b_ceiling,raw_indicator,tau_over_tau_unif,2.47328235884328,alpha,0.8066156921766136,0.8066156921766136
b_ceiling,raw_indicator,tau_over_tau_unif,2.4857598908819645,alpha,0.8190932242152975,0.8190932242152975
b_ceiling,raw_indicator,tau_over_tau_unif,2.498430437769338,alpha,0.8317637711026711,0.8317637711026711
b_ceiling,raw_indicator,tau_over_tau_unif,2.5112969852506355,alpha,0.8446303185839686,0.8446303185839686
b_ceiling,raw_indicator,tau_over_tau_unif,2.5243625652575608,alpha,0.8576958985908941,0.8576958985908941
b_ceiling,raw_indicator,tau_over_tau_unif,2.5376302566227475,alpha,0.8709635899560808,0.8709635899560808
b_ceiling,raw_indicator,tau_over_tau_unif,2.5511031858052666,alpha,0.8844365191385999,0.8844365191385999
b_ceiling,raw_indicator,tau_over_tau_unif,2.5647845276273613,alpha,0.8981178609606946,0.8981178609606946
b_ceiling,raw_indicator,tau_over_tau_unif,2.5786775060225766,alpha,0.9120108393559099,0.9120108393559099
b_ceiling,raw_indicator,tau_over_tau_unif,2.5927853947954604,alpha,0.9261187281287935,0.9261187281287935
b_ceiling,raw_indicator,tau_over_tau_unif,2.6071115183930185,alpha,0.9404448517263518,0.9404448517263518
b_ceiling,raw_indicator,tau_over_tau_unif,2.6216592526881026,alpha,0.9549925860214361,0.9549925860214361
b_ceiling,raw_indicator,tau_over_tau_unif,2.636432025774916,alpha,0.9697653591082493,0.9697653591082493
b_ceiling,raw_indicator,tau_over_tau_unif,2.6514333187768253,alpha,0.9847666521101583,0.9847666521101583
b_ceiling,raw_indicator,tau_over_tau_unif,2.666666666666667,alpha,1.0,1.0
b_ceiling,raw_indicator,tau_over_tau_unif,2.6821356590997474,alpha,1.0154689924330806,1.0154689924330806
b_ceiling,raw_indicator,tau_over_tau_unif,2.6978439412597224,alpha,1.0311772745930554,1.0311772745930554
b_ceiling,raw_indicator,tau_over_tau_unif,2.7137952147175666,alpha,1.0471285480508996,1.0471285480508996
b_ceiling,raw_indicator,tau_over_tau_unif,2.7299932383038286,alpha,1.0633265716371616,1.0633265716371616
b_ceiling,raw_indicator,tau_over_tau_unif,2.7464418289943766,alpha,1.0797751623277099,1.0797751623277099
b_ceiling,raw_indicator,tau_over_tau_unif,2.7631448628098516,alpha,1.096478196143185,1.096478196143185
b_ceiling,raw_indicator,tau_over_tau_unif,2.780106275729028,alpha,1.1134396090623613,1.1134396090623613
b_ceiling,raw_indicator,tau_over_tau_unif,2.7973300646163057,alpha,1.1306633979496392,1.1306633979496392
b_ceiling,raw_indicator,tau_over_tau_unif,2.8148202881635496,alpha,1.1481536214968828,1.1481536214968828
b_ceiling,raw_indicator,tau_over_tau_unif,2.8325810678464984,alpha,1.1659144011798317,1.1659144011798317
b_ceiling,raw_indicator,tau_over_tau_unif,2.850616588895969,alpha,1.1839499222293022,1.1839499222293022
b_ceiling,raw_indicator,tau_over_tau_unif,2.8689311012840797,alpha,1.2022644346174132,1.2022644346174132
b_ceiling,raw_indicator,tau_over_tau_unif,2.887528920725738,alpha,1.2208622540590712,1.2208622540590712
b_ceiling,raw_indicator,tau_over_tau_unif,2.9064144296956114,alpha,1.2397477630289446,1.2397477630289446
b_ceiling,raw_indicator,tau_over_tau_unif,2.9255920784608342,alpha,1.2589254117941675,1.2589254117941675
b_ceiling,raw_indicator,tau_over_tau_unif,2.9450663861296906,alpha,1.2783997194630237,1.2783997194630237
b_ceiling,raw_indicator,tau_over_tau_unif,2.964841941716516,alpha,1.2981752750498496,1.2981752750498496
b_ceiling,raw_indicator,tau_over_tau_unif,2.984923405223074,alpha,1.3182567385564075,1.3182567385564075
b_ceiling,raw_indicator,tau_over_tau_unif,3.0053155087366603,alpha,1.3386488420699933,1.3386488420699933
b_ceiling,raw_indicator,tau_over_tau_unif,3.026023057545192,alpha,1.3593563908785256,1.3593563908785256
b_ceiling,raw_indicator,tau_over_tau_unif,3.0470509312695517,alpha,1.3803842646028852,1.3803842646028852
b_ceiling,raw_indicator,tau_over_tau_unif,3.068404085013437,alpha,1.4017374183467701,1.4017374183467701
b_ceiling,raw_indicator,tau_over_tau_unif,3.0900875505310084,alpha,1.4234208838643416,1.4234208838643416
b_ceiling,raw_indicator,tau_over_tau_unif,3.112106437412595,alpha,1.4454397707459279,1.4454397707459279
b_ceiling,raw_indicator,tau_over_tau_unif,3.1344659342887367,alpha,1.4677992676220697,1.4677992676220697
b_ceiling,raw_indicator,tau_over_tau_unif,3.157171310052863,alpha,1.4905046433861961,1.4905046433861961
b_ceiling,raw_indicator,tau_over_tau_unif,3.1802279151028756,alpha,1.5135612484362087,1.5135612484362087
b_ceiling,raw_indicator,tau_over_tau_unif,3.203641182601938,alpha,1.5369745159352717,1.5369745159352717
b_ceiling,raw_indicator,tau_over_tau_unif,3.2274166297587783,alpha,1.5607499630921113,1.5607499630921113
b_ceiling,raw_indicator,tau_over_tau_unif,3.251559859127781,alpha,1.584893192461114,1.584893192461114
b_ceiling,raw_indicator,tau_over_tau_unif,3.2760765599292023,alpha,1.6094098932625354,1.6094098932625354
b_ceiling,raw_indicator,tau_over_tau_unif,3.3009725093898044,alpha,1.6343058427231376,1.6343058427231376
b_ceiling,raw_indicator,tau_over_tau_unif,3.326253574104227,alpha,1.6595869074375604,1.6595869074375604
b_ceiling,raw_indicator,tau_over_tau_unif,3.351925711417419,alpha,1.6852590447507518,1.6852590447507518
b_ceiling,raw_indicator,tau_over_tau_unif,3.377994970828448,alpha,1.711328304161781,1.711328304161781
b_ceiling,raw_indicator,tau_over_tau_unif,3.404467495416042,alpha,1.7378008287493754,1.7378008287493754
b_ceiling,raw_indicator,tau_over_tau_unif,3.4313495232861673,alpha,1.7646828566195008,1.7646828566195008
b_ceiling,raw_indicator,tau_over_tau_unif,3.4586473890420004,alpha,1.791980722375334,1.791980722375334
b_ceiling,raw_indicator,tau_over_tau_unif,3.48636752527665,alpha,1.8197008586099834,1.8197008586099834
b_ceiling,raw_indicator,tau_over_tau_unif,3.5145164640889583,alpha,1.8478497974222916,1.8478497974222916
b_ceiling,raw_indicator,tau_over_tau_unif,3.5431008386227525,alpha,1.8764341719560858,1.8764341719560858
b_ceiling,raw_indicator,tau_over_tau_unif,3.5721273846299137,alpha,1.9054607179632472,1.9054607179632472
b_ceiling,raw_indicator,tau_over_tau_unif,3.60160294205762,alpha,1.9349362753909531,1.9349362753909531
b_ceiling,raw_indicator,tau_over_tau_unif,3.631534456660135,alpha,1.9648677899934681,1.9648677899934681
b_ceiling,raw_indicator,tau_over_tau_unif,3.6619289816355467,alpha,1.9952623149688797,1.9952623149688797
b_ceiling,raw_indicator,tau_over_tau_unif,3.69279367928781,alpha,2.0261270126211435,2.0261270126211435
b_ceiling,raw_indicator,tau_over_tau_unif,3.7241358227145067,alpha,2.05746915604784,2.05746915604784
b_ceiling,raw_indicator,tau_over_tau_unif,3.7559627975207066,alpha,2.0892961308540396,2.0892961308540396
b_ceiling,raw_indicator,tau_over_tau_unif,3.788282103559351,alpha,2.1216154368926845,2.1216154368926845
b_ceiling,raw_indicator,tau_over_tau_unif,3.821101356698551,alpha,2.1544346900318843,2.1544346900318843
b_ceiling,raw_indicator,tau_over_tau_unif,3.8544282906162195,alpha,2.187761623949553,2.187761623949553
b_ceiling,raw_indicator,tau_over_tau_unif,3.888270758622478,alpha,2.2216040919558115,2.2216040919558115
b_ceiling,raw_indicator,tau_over_tau_unif,3.9226367355102436,alpha,2.255970068843577,2.255970068843577
b_ceiling,raw_indicator,tau_over_tau_unif,3.9575343194344406,alpha,2.2908676527677736,2.2908676527677736
b_ceiling,raw_indicator,tau_over_tau_unif,3.9929717338202932,alpha,2.3263050671536263,2.3263050671536263
b_ceiling,raw_indicator,tau_over_tau_unif,4.02895732930113,alpha,2.3622906626344626,2.3622906626344626
b_ceiling,raw_indicator,tau_over_tau_unif,4.065499585686158,alpha,2.3988329190194912,2.3988329190194912
b_ceiling,raw_indicator,tau_over_tau_unif,4.102607113958694,alpha,2.435940447292027,2.435940447292027
b_ceiling,raw_indicator,tau_over_tau_unif,4.140288658305288,alpha,2.473621991638621,2.473621991638621
b_ceiling,raw_indicator,tau_over_tau_unif,4.1785530981762475,alpha,2.511886431509581,2.511886431509581
b_ceiling,raw_indicator,tau_over_tau_unif,4.2174094503780255,alpha,2.550742783711359,2.550742783711359
b_ceiling,raw_indicator,tau_over_tau_unif,4.256866871197991,alpha,2.5902002045313237,2.5902002045313237
b_ceiling,raw_indicator,tau_over_tau_unif,4.29693465856205,alpha,2.6302679918953826,2.6302679918953826
b_ceiling,raw_indicator,tau_over_tau_unif,4.337622254225652,alpha,2.670955587558985,2.670955587558985
b_ceiling,raw_indicator,tau_over_tau_unif,4.378939245998695,alpha,2.712272579332028,2.712272579332028
b_ceiling,raw_indicator,tau_over_tau_unif,4.420895370004835,alpha,2.7542287033381676,2.7542287033381676
b_ceiling,raw_indicator,tau_over_tau_unif,4.463500512975744,alpha,2.796833846309078,2.796833846309078
b_ceiling,raw_indicator,tau_over_tau_unif,4.506764714580882,alpha,2.840098047914215,2.840098047914215
b_ceiling,raw_indicator,tau_over_tau_unif,4.550698169793274,alpha,2.8840315031266073,2.8840315031266073
b_ceiling,raw_indicator,tau_over_tau_unif,4.595311231291904,alpha,2.9286445646252375,2.9286445646252375
b_ceiling,raw_indicator,tau_over_tau_unif,4.640614411901273,alpha,2.9739477452346064,2.9739477452346064
b_ceiling,raw_indicator,tau_over_tau_unif,4.686618387068684,alpha,3.0199517204020174,3.0199517204020174
b_ceiling,raw_indicator,tau_over_tau_unif,4.733333997379851,alpha,3.0666673307131838,3.0666673307131838
b_ceiling,raw_indicator,tau_over_tau_unif,4.780772251113427,alpha,3.11410558444676,3.11410558444676
b_ceiling,raw_indicator,tau_over_tau_unif,4.828944326835046,alpha,3.1622776601683795,3.1622776601683795
b_ceiling,raw_indicator,tau_over_tau_unif,4.87786157603149,alpha,3.2111949093648238,3.2111949093648238
b_ceiling,raw_indicator,tau_over_tau_unif,4.927535525785601,alpha,3.2608688591189336,3.2608688591189336
b_ceiling,raw_indicator,tau_over_tau_unif,4.977977881492578,alpha,3.311311214825911,3.311311214825911
b_ceiling,raw_indicator,tau_over_tau_unif,5.0292005296182944,alpha,3.362533862951628,3.362533862951628
b_ceiling,raw_indicator,tau_over_tau_unif,5.081215540500269,alpha,3.4145488738336023,3.4145488738336023
b_ceiling,raw_indicator,tau_over_tau_unif,5.134035171191983,alpha,3.4673685045253166,3.4673685045253166
b_ceiling,raw_indicator,tau_over_tau_unif,5.187671868351187,alpha,3.521005201684521,3.521005201684521
b_ceiling,raw_indicator,tau_over_tau_unif,5.242138271172881,alpha,3.5754716045062143,3.5754716045062143
b_ceiling,raw_indicator,tau_over_tau_unif,5.297447214367681,alpha,3.630780547701014,3.630780547701014
b_ceiling,raw_indicator,tau_over_tau_unif,5.353611731186244,alpha,3.6869450645195774,3.6869450645195774
b_ceiling,raw_indicator,tau_over_tau_unif,5.4106450564904796,alpha,3.7439783898238126,3.7439783898238126
b_ceiling,raw_indicator,tau_over_tau_unif,5.46856062987228,alpha,3.801893963205613,3.801893963205613
b_ceiling,raw_indicator,tau_over_tau_unif,5.5273720988204795,alpha,3.860705432153813,3.860705432153813
b_ceiling,raw_indicator,tau_over_tau_unif,5.587093321936821,alpha,3.9204266552701537,3.9204266552701537
b_ceiling,raw_indicator,tau_over_tau_unif,5.64773837220164,alpha,3.981071705534973,3.981071705534973
b_ceiling,raw_indicator,tau_over_tau_unif,5.7093215402901105,alpha,4.042654873623444,4.042654873623444
b_ceiling,raw_indicator,tau_over_tau_unif,5.771857337939748,alpha,4.105190671273081,4.105190671273081
b_ceiling,raw_indicator,tau_over_tau_unif,5.835360501370022,alpha,4.168693834703355,4.168693834703355
b_ceiling,raw_indicator,tau_over_tau_unif,5.899845994754876,alpha,4.233179328088209,4.233179328088209
b_ceiling,raw_indicator,tau_over_tau_unif,5.965329013748946,alpha,4.298662347082279,4.298662347082279
b_ceiling,raw_indicator,tau_over_tau_unif,6.031824989068328,alpha,4.365158322401661,4.365158322401661
b_ceiling,raw_indicator,tau_over_tau_unif,6.099349590126756,alpha,4.432682923460089,4.432682923460089
b_ceiling,raw_indicator,tau_over_tau_unif,6.167918728728005,alpha,4.501252062061338,4.501252062061338
b_ceiling,raw_indicator,tau_over_tau_unif,6.237548562815419,alpha,4.570881896148752,4.570881896148752
b_ceiling,raw_indicator,tau_over_tau_unif,6.308255500279446,alpha,4.641588833612779,4.641588833612779
b_ceiling,raw_indicator,tau_over_tau_unif,6.380056202824072,alpha,4.713389536157405,4.713389536157405
b_ceiling,raw_indicator,tau_over_tau_unif,6.452967589893052,alpha,4.786300923226385,4.786300923226385
b_ceiling,raw_indicator,tau_over_tau_unif,6.527006842656886,alpha,4.860340175990219,4.860340175990219
b_ceiling,raw_indicator,tau_over_tau_unif,6.602191408061473,alpha,4.935524741394806,4.935524741394806
b_ceiling,raw_indicator,tau_over_tau_unif,6.678539002939392,alpha,5.011872336272725,5.011872336272725
b_ceiling,raw_indicator,tau_over_tau_unif,6.756067618184758,alpha,5.089400951518091,5.089400951518091
b_ceiling,raw_indicator,tau_over_tau_unif,6.834795522992702,alpha,5.168128856326035,5.168128856326035
b_ceiling,raw_indicator,tau_over_tau_unif,6.914741269164395,alpha,5.248074602497728,5.248074602497728
b_ceiling,raw_indicator,tau_over_tau_unif,6.995923695478672,alpha,5.329257028812005,5.329257028812005
b_ceiling,raw_indicator,tau_over_tau_unif,7.078361932131305,alpha,5.411695265464638,5.411695265464638
b_ceiling,raw_indicator,tau_over_tau_unif,7.162075405242915,alpha,5.4954087385762485,5.4954087385762485
b_ceiling,raw_indicator,tau_over_tau_unif,7.247083841436633,alpha,5.580417174769966,5.580417174769966
b_ceiling,raw_indicator,tau_over_tau_unif,7.33340727248658,alpha,5.666740605819913,5.666740605819913
b_ceiling,raw_indicator,tau_over_tau_unif,7.4210660400382364,alpha,5.7543993733715695,5.7543993733715695
b_ceiling,raw_indicator,tau_over_tau_unif,7.510080800401845,alpha,5.843414133735178,5.843414133735178
b_ceiling,raw_indicator,tau_over_tau_unif,7.600472529419948,alpha,5.933805862753281,5.933805862753281
b_ceiling,raw_indicator,tau_over_tau_unif,7.692262527410245,alpha,6.025595860743578,6.025595860743578
b_ceiling,raw_indicator,tau_over_tau_unif,7.785472424184889,alpha,6.118805757518222,6.118805757518222
b_ceiling,raw_indicator,tau_over_tau_unif,7.880124184147426,alpha,6.213457517480759,6.213457517480759
b_ceiling,raw_indicator,tau_over_tau_unif,7.9762401114686,alpha,6.309573444801933,6.309573444801933
b_ceiling,raw_indicator,tau_over_tau_unif,8.073842855342207,alpha,6.407176188675541,6.407176188675541
b_ceiling,raw_indicator,tau_over_tau_unif,8.17295541532224,alpha,6.506288748655574,6.506288748655574
b_ceiling,raw_indicator,tau_over_tau_unif,8.273601146742628,alpha,6.606934480075961,6.606934480075961
b_ceiling,raw_indicator,tau_over_tau_unif,8.375803766220782,alpha,6.709137099554115,6.709137099554115
b_ceiling,raw_indicator,tau_over_tau_unif,8.479587357246281,alpha,6.812920690579615,6.812920690579615
b_ceiling,raw_indicator,tau_over_tau_unif,8.584976375856032,alpha,6.918309709189366,6.918309709189366
b_ceiling,raw_indicator,tau_over_tau_unif,8.691995656397188,alpha,7.025328989730521,7.025328989730521
b_ceiling,raw_indicator,tau_over_tau_unif,8.800670417379232,alpha,7.134003750712565,7.134003750712565
b_ceiling,raw_indicator,tau_over_tau_unif,8.911026267416569,alpha,7.2443596007499025,7.2443596007499025
b_ceiling,raw_indicator,tau_over_tau_unif,9.02308921126308,alpha,7.3564225445964135,7.3564225445964135
b_ceiling,raw_indicator,tau_over_tau_unif,9.136885655939986,alpha,7.470218989273319,7.470218989273319
b_ceiling,raw_indicator,tau_over_tau_unif,9.252442416958507,alpha,7.58577575029184,7.58577575029184
b_ceiling,raw_indicator,tau_over_tau_unif,9.369786724638812,alpha,7.703120057972146,7.703120057972146
b_ceiling,raw_indicator,tau_over_tau_unif,9.488946230526697,alpha,7.82227956386003,7.82227956386003
b_ceiling,raw_indicator,tau_over_tau_unif,9.609949013909484,alpha,7.943282347242818,7.943282347242818
b_ceiling,raw_indicator,tau_over_tau_unif,9.732823588432801,alpha,8.066156921766135,8.066156921766135
b_ceiling,raw_indicator,tau_over_tau_unif,9.857598908819643,alpha,8.190932242152977,8.190932242152977
b_ceiling,raw_indicator,tau_over_tau_unif,9.984304377693379,alpha,8.317637711026713,8.317637711026713
b_ceiling,raw_indicator,tau_over_tau_unif,10.112969852506353,alpha,8.446303185839687,8.446303185839687
b_ceiling,raw_indicator,tau_over_tau_unif,10.243625652575608,alpha,8.576958985908941,8.576958985908941
b_ceiling,raw_indicator,tau_over_tau_unif,10.376302566227476,alpha,8.70963589956081,8.70963589956081
b_ceiling,raw_indicator,tau_over_tau_unif,10.511031858052664,alpha,8.844365191385998,8.844365191385998
b_ceiling,raw_indicator,tau_over_tau_unif,10.647845276273612,alpha,8.981178609606946,8.981178609606946
b_ceiling,raw_indicator,tau_over_tau_unif,10.786775060225768,alpha,9.120108393559102,9.120108393559102
b_ceiling,raw_indicator,tau_over_tau_unif,10.927853947954604,alpha,9.261187281287938,9.261187281287938
b_ceiling,raw_indicator,tau_over_tau_unif,11.071115183930184,alpha,9.404448517263518,9.404448517263518
b_ceiling,raw_indicator,tau_over_tau_unif,11.21659252688103,alpha,9.549925860214364,9.549925860214364
b_ceiling,raw_indicator,tau_over_tau_unif,11.364320257749162,alpha,9.697653591082496,9.697653591082496
b_ceiling,raw_indicator,tau_over_tau_unif,11.51433318776825,alpha,9.847666521101583,9.847666521101583
b_ceiling,raw_indicator,tau_over_tau_unif,11.666666666666666,alpha,10.0,10.0
b_ceiling,raw_indicator,tau_over_tau_unif,11.821356590997473,alpha,10.154689924330807,10.154689924330807
b_ceiling,raw_indicator,tau_over_tau_unif,11.978439412597226,alpha,10.31177274593056,10.31177274593056
b_ceiling,raw_indicator,tau_over_tau_unif,12.137952147175662,alpha,10.471285480508996,10.471285480508996
b_ceiling,raw_indicator,tau_over_tau_unif,12.299932383038282,alpha,10.633265716371616,10.633265716371616
b_ceiling,raw_indicator,tau_over_tau_unif,12.46441828994377,alpha,10.797751623277104,10.797751623277104
b_ceiling,raw_indicator,tau_over_tau_unif,12.631448628098518,alpha,10.964781961431852,10.964781961431852
b_ceiling,raw_indicator,tau_over_tau_unif,12.801062757290286,alpha,11.13439609062362,11.13439609062362
b_ceiling,raw_indicator,tau_over_tau_unif,12.973300646163064,alpha,11.306633979496398,11.306633979496398
b_ceiling,raw_indicator,tau_over_tau_unif,13.148202881635495,alpha,11.481536214968829,11.481536214968829
b_ceiling,raw_indicator,tau_over_tau_unif,13.32581067846499,alpha,11.659144011798324,11.659144011798324
b_ceiling,raw_indicator,tau_over_tau_unif,13.506165888959682,alpha,11.839499222293016,11.839499222293016
b_ceiling,raw_indicator,tau_over_tau_unif,13.689311012840797,alpha,12.02264434617413,12.02264434617413
b_ceiling,raw_indicator,tau_over_tau_unif,13.875289207257385,alpha,12.208622540590719,12.208622540590719
b_ceiling,raw_indicator,tau_over_tau_unif,14.064144296956107,alpha,12.39747763028944,12.39747763028944
b_ceiling,raw_indicator,tau_over_tau_unif,14.25592078460834,alpha,12.589254117941675,12.589254117941675
b_ceiling,raw_indicator,tau_over_tau_unif,14.45066386129691,alpha,12.783997194630244,12.783997194630244
b_ceiling,raw_indicator,tau_over_tau_unif,14.648419417165156,alpha,12.98175275049849,12.98175275049849
b_ceiling,raw_indicator,tau_over_tau_unif,14.84923405223074,alpha,13.182567385564074,13.182567385564074
b_ceiling,raw_indicator,tau_over_tau_unif,15.053155087366607,alpha,13.38648842069994,13.38648842069994
b_ceiling,raw_indicator,tau_over_tau_unif,15.26023057545192,alpha,13.593563908785255,13.593563908785255
b_ceiling,raw_indicator,tau_over_tau_unif,15.470509312695519,alpha,13.803842646028853,13.803842646028853
b_ceiling,raw_indicator,tau_over_tau_unif,15.684040850134375,alpha,14.017374183467709,14.017374183467709
b_ceiling,raw_indicator,tau_over_tau_unif,15.900875505310081,alpha,14.234208838643415,14.234208838643415
b_ceiling,raw_indicator,tau_over_tau_unif,16.121064374125947,alpha,14.45439770745928,14.45439770745928
b_ceiling,raw_indicator,tau_over_tau_unif,16.344659342887372,alpha,14.677992676220706,14.677992676220706
b_ceiling,raw_indicator,tau_over_tau_unif,16.57171310052863,alpha,14.905046433861962,14.905046433861962
b_ceiling,raw_indicator,tau_over_tau_unif,16.802279151028753,alpha,15.135612484362087,15.135612484362087
b_ceiling,raw_indicator,tau_over_tau_unif,17.036411826019393,alpha,15.369745159352725,15.369745159352725
b_ceiling,raw_indicator,tau_over_tau_unif,17.27416629758778,alpha,15.607499630921113,15.607499630921113
b_ceiling,raw_indicator,tau_over_tau_unif,17.515598591277808,alpha,15.848931924611142,15.848931924611142
b_ceiling,raw_indicator,tau_over_tau_unif,17.76076559929203,alpha,16.09409893262536,16.09409893262536
b_ceiling,raw_indicator,tau_over_tau_unif,18.009725093898044,alpha,16.343058427231377,16.343058427231377
b_ceiling,raw_indicator,tau_over_tau_unif,18.26253574104228,alpha,16.595869074375614,16.595869074375614
b_ceiling,raw_indicator,tau_over_tau_unif,18.519257114174195,alpha,16.852590447507527,16.852590447507527
b_ceiling,raw_indicator,tau_over_tau_unif,18.779949708284477,alpha,17.11328304161781,17.11328304161781
b_ceiling,raw_indicator,tau_over_tau_unif,19.04467495416043,alpha,17.378008287493763,17.378008287493763
b_ceiling,raw_indicator,tau_over_tau_unif,19.313495232861666,alpha,17.646828566194998,17.646828566194998
b_ceiling,raw_indicator,tau_over_tau_unif,19.58647389042001,alpha,17.91980722375334,17.91980722375334
b_ceiling,raw_indicator,tau_over_tau_unif,19.863675252766512,alpha,18.197008586099845,18.197008586099845
b_ceiling,raw_indicator,tau_over_tau_unif,20.145164640889575,alpha,18.478497974222908,18.478497974222908
b_ceiling,raw_indicator,tau_over_tau_unif,20.431008386227525,alpha,18.764341719560857,18.764341719560857
b_ceiling,raw_indicator,tau_over_tau_unif,20.72127384629915,alpha,19.054607179632484,19.054607179632484
b_ceiling,raw_indicator,tau_over_tau_unif,21.01602942057619,alpha,19.34936275390952,19.34936275390952
b_ceiling,raw_indicator,tau_over_tau_unif,21.315344566601347,alpha,19.64867789993468,19.64867789993468
b_ceiling,raw_indicator,tau_over_tau_unif,21.619289816355476,alpha,19.952623149688808,19.952623149688808
b_ceiling,raw_indicator,tau_over_tau_unif,21.9279367928781,alpha,20.261270126211432,20.261270126211432
b_ceiling,raw_indicator,tau_over_tau_unif,22.241358227145067,alpha,20.5746915604784,20.5746915604784
b_ceiling,raw_indicator,tau_over_tau_unif,22.559627975207075,alpha,20.892961308540407,20.892961308540407
b_ceiling,raw_indicator,tau_over_tau_unif,22.882821035593512,alpha,21.216154368926844,21.216154368926844
b_ceiling,raw_indicator,tau_over_tau_unif,23.211013566985514,alpha,21.544346900318846,21.544346900318846
b_ceiling,raw_indicator,tau_over_tau_unif,23.54428290616221,alpha,21.87761623949554,21.87761623949554
b_ceiling,raw_indicator,tau_over_tau_unif,23.882707586224786,alpha,22.216040919558118,22.216040919558118
b_ceiling,raw_indicator,tau_over_tau_unif,24.22636735510244,alpha,22.559700688435772,22.559700688435772
b_ceiling,raw_indicator,tau_over_tau_unif,24.575343194344416,alpha,22.90867652767775,22.90867652767775
b_ceiling,raw_indicator,tau_over_tau_unif,24.92971733820293,alpha,23.263050671536263,23.263050671536263
b_ceiling,raw_indicator,tau_over_tau_unif,25.289573293011294,alpha,23.622906626344626,23.622906626344626
b_ceiling,raw_indicator,tau_over_tau_unif,25.654995856861593,alpha,23.988329190194925,23.988329190194925
b_ceiling,raw_indicator,tau_over_tau_unif,26.02607113958694,alpha,24.35940447292027,24.35940447292027
b_ceiling,raw_indicator,tau_over_tau_unif,26.402886583052894,alpha,24.736219916386226,24.736219916386226
b_ceiling,raw_indicator,tau_over_tau_unif,26.785530981762488,alpha,25.11886431509582,25.11886431509582
b_ceiling,raw_indicator,tau_over_tau_unif,27.17409450378026,alpha,25.507427837113593,25.507427837113593
b_ceiling,raw_indicator,tau_over_tau_unif,27.56866871197992,alpha,25.902002045313253,25.902002045313253
b_ceiling,raw_indicator,tau_over_tau_unif,27.96934658562051,alpha,26.302679918953842,26.302679918953842
b_ceiling,raw_indicator,tau_over_tau_unif,28.37622254225652,alpha,26.709555875589853,26.709555875589853
b_ceiling,raw_indicator,tau_over_tau_unif,28.789392459986964,alpha,27.122725793320296,27.122725793320296
b_ceiling,raw_indicator,tau_over_tau_unif,29.20895370004833,alpha,27.542287033381662,27.542287033381662
b_ceiling,raw_indicator,tau_over_tau_unif,29.635005129757445,alpha,27.968338463090777,27.968338463090777
b_ceiling,raw_indicator,tau_over_tau_unif,30.067647145808834,alpha,28.400980479142167,28.400980479142167
b_ceiling,raw_indicator,tau_over_tau_unif,30.506981697932726,alpha,28.84031503126606,28.84031503126606
b_ceiling,raw_indicator,tau_over_tau_unif,30.953112312919043,alpha,29.286445646252375,29.286445646252375
b_ceiling,raw_indicator,tau_over_tau_unif,31.406144119012747,alpha,29.73947745234608,29.73947745234608
b_ceiling,raw_indicator,tau_over_tau_unif,31.86618387068683,alpha,30.19951720402016,30.19951720402016
b_ceiling,raw_indicator,tau_over_tau_unif,32.3333399737985,alpha,30.666673307131838,30.666673307131838
b_ceiling,raw_indicator,tau_over_tau_unif,32.80772251113428,alpha,31.141055844467616,31.141055844467616
b_ceiling,raw_indicator,tau_over_tau_unif,33.28944326835046,alpha,31.622776601683793,31.622776601683793
b_ceiling,raw_indicator,tau_over_tau_unif,33.778615760314906,alpha,32.11194909364824,32.11194909364824
b_ceiling,raw_indicator,tau_over_tau_unif,34.27535525785602,alpha,32.608688591189356,32.608688591189356
b_ceiling,raw_indicator,tau_over_tau_unif,34.77977881492578,alpha,33.11311214825911,33.11311214825911
b_ceiling,raw_indicator,tau_over_tau_unif,35.29200529618294,alpha,33.62533862951628,33.62533862951628
b_ceiling,raw_indicator,tau_over_tau_unif,35.812155405002706,alpha,34.14548873833604,34.14548873833604
b_ceiling,raw_indicator,tau_over_tau_unif,36.34035171191983,alpha,34.673685045253166,34.673685045253166
b_ceiling,raw_indicator,tau_over_tau_unif,36.876718683511875,alpha,35.21005201684521,35.21005201684521
b_ceiling,raw_indicator,tau_over_tau_unif,37.421382711728825,alpha,35.75471604506216,35.75471604506216
b_ceiling,raw_indicator,tau_over_tau_unif,37.974472143676806,alpha,36.30780547701014,36.30780547701014
b_ceiling,raw_indicator,tau_over_tau_unif,38.536117311862434,alpha,36.86945064519577,36.86945064519577
b_ceiling,raw_indicator,tau_over_tau_unif,39.10645056490481,alpha,37.43978389823815,37.43978389823815
b_ceiling,raw_indicator,tau_over_tau_unif,39.68560629872279,alpha,38.018939632056124,38.018939632056124
b_ceiling,raw_indicator,tau_over_tau_unif,40.273720988204815,alpha,38.60705432153815,38.60705432153815
b_ceiling,raw_indicator,tau_over_tau_unif,40.87093321936822,alpha,39.204266552701554,39.204266552701554
b_ceiling,raw_indicator,tau_over_tau_unif,41.4773837220164,alpha,39.810717055349734,39.810717055349734
b_ceiling,raw_indicator,tau_over_tau_unif,42.093215402901116,alpha,40.42654873623445,40.42654873623445
b_ceiling,raw_indicator,tau_over_tau_unif,42.71857337939745,alpha,41.05190671273078,41.05190671273078
b_ceiling,raw_indicator,tau_over_tau_unif,43.35360501370022,alpha,41.68693834703355,41.68693834703355
b_ceiling,raw_indicator,tau_over_tau_unif,43.998459947548774,alpha,42.33179328088211,42.33179328088211
b_ceiling,raw_indicator,tau_over_tau_unif,44.65329013748943,alpha,42.986623470822764,42.986623470822764
b_ceiling,raw_indicator,tau_over_tau_unif,45.318249890683276,alpha,43.65158322401661,43.65158322401661
b_ceiling,raw_indicator,tau_over_tau_unif,45.99349590126758,alpha,44.326829234600915,44.326829234600915
b_ceiling,raw_indicator,tau_over_tau_unif,46.67918728728003,alpha,45.012520620613365,45.012520620613365
b_ceiling,raw_indicator,tau_over_tau_unif,47.37548562815418,alpha,45.708818961487516,45.708818961487516
b_ceiling,raw_indicator,tau_over_tau_unif,48.082555002794486,alpha,46.41588833612782,46.41588833612782
b_ceiling,raw_indicator,tau_over_tau_unif,48.80056202824071,alpha,47.13389536157405,47.13389536157405
b_ceiling,raw_indicator,tau_over_tau_unif,49.52967589893051,alpha,47.86300923226385,47.86300923226385
b_ceiling,raw_indicator,tau_over_tau_unif,50.270068426568876,alpha,48.60340175990221,48.60340175990221
b_ceiling,raw_indicator,tau_over_tau_unif,51.02191408061473,alpha,49.355247413948064,49.355247413948064
b_ceiling,raw_indicator,tau_over_tau_unif,51.785390029393916,alpha,50.11872336272725,50.11872336272725
b_ceiling,raw_indicator,tau_over_tau_unif,52.560676181847604,alpha,50.89400951518094,50.89400951518094
b_ceiling,raw_indicator,tau_over_tau_unif,53.34795522992702,alpha,51.68128856326035,51.68128856326035
b_ceiling,raw_indicator,tau_over_tau_unif,54.14741269164395,alpha,52.480746024977286,52.480746024977286
b_ceiling,raw_indicator,tau_over_tau_unif,54.959236954786746,alpha,53.29257028812008,53.29257028812008
b_ceiling,raw_indicator,tau_over_tau_unif,55.78361932131304,alpha,54.116952654646376,54.116952654646376
b_ceiling,raw_indicator,tau_over_tau_unif,56.62075405242915,alpha,54.954087385762485,54.954087385762485
b_ceiling,raw_indicator,tau_over_tau_unif,57.470838414366355,alpha,55.80417174769969,55.80417174769969
b_ceiling,raw_indicator,tau_over_tau_unif,58.3340727248658,alpha,56.667406058199134,56.667406058199134
b_ceiling,raw_indicator,tau_over_tau_unif,59.21066040038239,alpha,57.54399373371572,57.54399373371572
b_ceiling,raw_indicator,tau_over_tau_unif,60.100808004018475,alpha,58.43414133735181,58.43414133735181
b_ceiling,raw_indicator,tau_over_tau_unif,61.004725294199474,alpha,59.33805862753281,59.33805862753281
b_ceiling,raw_indicator,tau_over_tau_unif,61.92262527410247,alpha,60.25595860743581,60.25595860743581
b_ceiling,raw_indicator,tau_over_tau_unif,62.85472424184886,alpha,61.18805757518219,61.18805757518219
b_ceiling,raw_indicator,tau_over_tau_unif,63.80124184147425,alpha,62.13457517480759,62.13457517480759
b_ceiling,raw_indicator,tau_over_tau_unif,64.76240111468603,alpha,63.095734448019364,63.095734448019364
b_ceiling,raw_indicator,tau_over_tau_unif,65.73842855342204,alpha,64.07176188675537,64.07176188675537
b_ceiling,raw_indicator,tau_over_tau_unif,66.72955415322241,alpha,65.06288748655574,65.06288748655574
b_ceiling,raw_indicator,tau_over_tau_unif,67.73601146742631,alpha,66.06934480075964,66.06934480075964
b_ceiling,raw_indicator,tau_over_tau_unif,68.7580376622078,alpha,67.09137099554113,67.09137099554113
b_ceiling,raw_indicator,tau_over_tau_unif,69.79587357246282,alpha,68.12920690579615,68.12920690579615
b_ceiling,raw_indicator,tau_over_tau_unif,70.84976375856037,alpha,69.1830970918937,69.1830970918937
b_ceiling,raw_indicator,tau_over_tau_unif,71.91995656397188,alpha,70.25328989730521,70.25328989730521
b_ceiling,raw_indicator,tau_over_tau_unif,73.00670417379231,alpha,71.34003750712564,71.34003750712564
b_ceiling,raw_indicator,tau_over_tau_unif,74.11026267416572,alpha,72.44359600749905,72.44359600749905
b_ceiling,raw_indicator,tau_over_tau_unif,75.23089211263081,alpha,73.56422544596414,73.56422544596414
b_ceiling,raw_indicator,tau_over_tau_unif,76.36885655939986,alpha,74.70218989273319,74.70218989273319
b_ceiling,raw_indicator,tau_over_tau_unif,77.5244241695851,alpha,75.85775750291843,75.85775750291843
b_ceiling,raw_indicator,tau_over_tau_unif,78.69786724638814,alpha,77.03120057972147,77.03120057972147
b_ceiling,raw_indicator,tau_over_tau_unif,79.88946230526696,alpha,78.22279563860029,78.22279563860029
b_ceiling,raw_indicator,tau_over_tau_unif,81.09949013909488,alpha,79.43282347242821,79.43282347242821
b_ceiling,raw_indicator,tau_over_tau_unif,82.32823588432802,alpha,80.66156921766135,80.66156921766135
b_ceiling,raw_indicator,tau_over_tau_unif,83.57598908819644,alpha,81.90932242152977,81.90932242152977
b_ceiling,raw_indicator,tau_over_tau_unif,84.84304377693384,alpha,83.17637711026717,83.17637711026717
b_ceiling,raw_indicator,tau_over_tau_unif,86.12969852506355,alpha,84.46303185839687,84.46303185839687
b_ceiling,raw_indicator,tau_over_tau_unif,87.43625652575614,alpha,85.76958985908946,85.76958985908946
b_ceiling,raw_indicator,tau_over_tau_unif,88.76302566227481,alpha,87.09635899560814,87.09635899560814
b_ceiling,raw_indicator,tau_over_tau_unif,90.11031858052667,alpha,88.44365191386,88.44365191386
b_ceiling,raw_indicator,tau_over_tau_unif,91.47845276273618,alpha,89.81178609606951,89.81178609606951
b_ceiling,raw_indicator,tau_over_tau_unif,92.86775060225773,alpha,91.20108393559106,91.20108393559106
b_ceiling,raw_indicator,tau_over_tau_unif,94.27853947954604,alpha,92.61187281287937,92.61187281287937
b_ceiling,raw_indicator,tau_over_tau_unif,95.7111518393019,alpha,94.04448517263523,94.04448517263523
b_ceiling,raw_indicator,tau_over_tau_unif,97.16592526881026,alpha,95.49925860214358,95.49925860214358
b_ceiling,raw_indicator,tau_over_tau_unif,98.64320257749164,alpha,96.97653591082496,96.97653591082496
b_ceiling,raw_indicator,tau_over_tau_unif,100.14333187768256,alpha,98.47666521101588,98.47666521101588
b_ceiling,raw_indicator,tau_over_tau_unif,101.66666666666667,alpha,100.0,100.0
b_ceiling,raw_indicator,tau_over_tau_unif,103.21356590997473,alpha,101.54689924330806,101.54689924330806
b_ceiling,raw_indicator,tau_over_tau_unif,104.78439412597227,alpha,103.1177274593056,103.1177274593056
b_ceiling,raw_indicator,tau_over_tau_unif,106.37952147175663,alpha,104.71285480508996,104.71285480508996
b_ceiling,raw_indicator,tau_over_tau_unif,107.99932383038283,alpha,106.33265716371616,106.33265716371616
b_ceiling,raw_indicator,tau_over_tau_unif,109.64418289943772,alpha,107.97751623277105,107.97751623277105
b_ceiling,raw_indicator,tau_over_tau_unif,111.31448628098518,alpha,109.64781961431851,109.64781961431851
b_ceiling,raw_indicator,tau_over_tau_unif,113.01062757290286,alpha,111.34396090623619,111.34396090623619
b_ceiling,raw_indicator,tau_over_tau_unif,114.73300646163065,alpha,113.06633979496398,113.06633979496398
b_ceiling,raw_indicator,tau_over_tau_unif,116.48202881635495,alpha,114.81536214968828,114.81536214968828
b_ceiling,raw_indicator,tau_over_tau_unif,118.2581067846499,alpha,116.59144011798323,116.59144011798323
b_ceiling,raw_indicator,tau_over_tau_unif,120.06165888959696,alpha,118.39499222293028,118.39499222293028
b_ceiling,raw_indicator,tau_over_tau_unif,121.89311012840798,alpha,120.22644346174131,120.22644346174131
b_ceiling,raw_indicator,tau_over_tau_unif,123.75289207257386,alpha,122.08622540590719,122.08622540590719
b_ceiling,raw_indicator,tau_over_tau_unif,125.64144296956121,alpha,123.97477630289454,123.97477630289454
b_ceiling,raw_indicator,tau_over_tau_unif,127.55920784608342,alpha,125.89254117941675,125.89254117941675
b_ceiling,raw_indicator,tau_over_tau_unif,129.5066386129691,alpha,127.83997194630244,127.83997194630244
b_ceiling,raw_indicator,tau_over_tau_unif,131.4841941716517,alpha,129.81752750498504,129.81752750498504
b_ceiling,raw_indicator,tau_over_tau_unif,133.4923405223074,alpha,131.82567385564073,131.82567385564073
b_ceiling,raw_indicator,tau_over_tau_unif,135.53155087366605,alpha,133.8648842069994,133.8648842069994
b_ceiling,raw_indicator,tau_over_tau_unif,137.60230575451934,alpha,135.93563908785268,135.93563908785268
b_ceiling,raw_indicator,tau_over_tau_unif,139.70509312695518,alpha,138.03842646028852,138.03842646028852
b_ceiling,raw_indicator,tau_over_tau_unif,141.84040850134375,alpha,140.1737418346771,140.1737418346771
b_ceiling,raw_indicator,tau_over_tau_unif,144.0087550531008,alpha,142.34208838643414,142.34208838643414
b_ceiling,raw_indicator,tau_over_tau_unif,146.21064374125945,alpha,144.5439770745928,144.5439770745928
b_ceiling,raw_indicator,tau_over_tau_unif,148.4465934288737,alpha,146.77992676220705,146.77992676220705
b_ceiling,raw_indicator,tau_over_tau_unif,150.71713100528626,alpha,149.0504643386196,149.0504643386196
b_ceiling,raw_indicator,tau_over_tau_unif,153.02279151028753,alpha,151.35612484362088,151.35612484362088
b_ceiling,raw_indicator,tau_over_tau_unif,155.36411826019392,alpha,153.69745159352726,153.69745159352726
b_ceiling,raw_indicator,tau_over_tau_unif,157.7416629758778,alpha,156.07499630921114,156.07499630921114
b_ceiling,raw_indicator,tau_over_tau_unif,160.15598591277808,alpha,158.48931924611142,158.48931924611142
b_ceiling,raw_indicator,tau_over_tau_unif,162.60765599292026,alpha,160.9409893262536,160.9409893262536
b_ceiling,raw_indicator,tau_over_tau_unif,165.09725093898044,alpha,163.43058427231378,163.43058427231378
b_ceiling,raw_indicator,tau_over_tau_unif,167.6253574104228,alpha,165.95869074375614,165.95869074375614
b_ceiling,raw_indicator,tau_over_tau_unif,170.19257114174192,alpha,168.52590447507527,168.52590447507527
b_ceiling,raw_indicator,tau_over_tau_unif,172.79949708284477,alpha,171.1328304161781,171.1328304161781
b_ceiling,raw_indicator,tau_over_tau_unif,175.44674954160428,alpha,173.78008287493762,173.78008287493762
b_ceiling,raw_indicator,tau_over_tau_unif,178.13495232861683,alpha,176.46828566195018,176.46828566195018
b_ceiling,raw_indicator,tau_over_tau_unif,180.86473890420007,alpha,179.1980722375334,179.1980722375334
b_ceiling,raw_indicator,tau_over_tau_unif,183.6367525276651,alpha,181.97008586099844,181.97008586099844
b_ceiling,raw_indicator,tau_over_tau_unif,186.45164640889593,alpha,184.78497974222927,184.78497974222927
b_ceiling,raw_indicator,tau_over_tau_unif,189.31008386227523,alpha,187.64341719560858,187.64341719560858
b_ceiling,raw_indicator,tau_over_tau_unif,192.2127384629915,alpha,190.54607179632484,190.54607179632484
b_ceiling,raw_indicator,tau_over_tau_unif,195.16029420576209,alpha,193.49362753909543,193.49362753909543
b_ceiling,raw_indicator,tau_over_tau_unif,198.15344566601345,alpha,196.4867789993468,196.4867789993468
b_ceiling,raw_indicator,tau_over_tau_unif,201.19289816355473,alpha,199.52623149688807,199.52623149688807
b_ceiling,raw_indicator,tau_over_tau_unif,204.2793679287812,alpha,202.61270126211454,202.61270126211454
b_ceiling,raw_indicator,tau_over_tau_unif,207.41358227145065,alpha,205.746915604784,205.746915604784
b_ceiling,raw_indicator,tau_over_tau_unif,210.59627975207073,alpha,208.92961308540407,208.92961308540407
b_ceiling,raw_indicator,tau_over_tau_unif,213.8282103559351,alpha,212.16154368926846,212.16154368926846
b_ceiling,raw_indicator,tau_over_tau_unif,217.1101356698551,alpha,215.44346900318845,215.44346900318845
b_ceiling,raw_indicator,tau_over_tau_unif,220.44282906162206,alpha,218.7761623949554,218.7761623949554
b_ceiling,raw_indicator,tau_over_tau_unif,223.82707586224782,alpha,222.16040919558117,222.16040919558117
b_ceiling,raw_indicator,tau_over_tau_unif,227.26367355102437,alpha,225.5970068843577,225.5970068843577
b_ceiling,raw_indicator,tau_over_tau_unif,230.75343194344413,alpha,229.08676527677747,229.08676527677747
b_ceiling,raw_indicator,tau_over_tau_unif,234.29717338202929,alpha,232.63050671536263,232.63050671536263
b_ceiling,raw_indicator,tau_over_tau_unif,237.89573293011293,alpha,236.22906626344627,236.22906626344627
b_ceiling,raw_indicator,tau_over_tau_unif,241.5499585686159,alpha,239.88329190194924,239.88329190194924
b_ceiling,raw_indicator,tau_over_tau_unif,245.26071139586938,alpha,243.59404472920272,243.59404472920272
b_ceiling,raw_indicator,tau_over_tau_unif,249.0288658305289,alpha,247.36219916386224,247.36219916386224
b_ceiling,raw_indicator,tau_over_tau_unif,252.85530981762489,alpha,251.18864315095823,251.18864315095823
b_ceiling,raw_indicator,tau_over_tau_unif,256.7409450378026,alpha,255.07427837113593,255.07427837113593
b_ceiling,raw_indicator,tau_over_tau_unif,260.6866871197992,alpha,259.02002045313253,259.02002045313253
b_ceiling,raw_indicator,tau_over_tau_unif,264.6934658562051,alpha,263.0267991895384,263.0267991895384
b_ceiling,raw_indicator,tau_over_tau_unif,268.7622254225652,alpha,267.09555875589854,267.09555875589854
b_ceiling,raw_indicator,tau_over_tau_unif,272.89392459986965,alpha,271.22725793320296,271.22725793320296
b_ceiling,raw_indicator,tau_over_tau_unif,277.0895370004836,alpha,275.4228703338169,275.4228703338169
b_ceiling,raw_indicator,tau_over_tau_unif,281.35005129757445,alpha,279.68338463090777,279.68338463090777
b_ceiling,raw_indicator,tau_over_tau_unif,285.6764714580883,alpha,284.00980479142163,284.00980479142163
b_ceiling,raw_indicator,tau_over_tau_unif,290.0698169793275,alpha,288.40315031266084,288.40315031266084
b_ceiling,raw_indicator,tau_over_tau_unif,294.5311231291904,alpha,292.8644564625237,292.8644564625237
b_ceiling,raw_indicator,tau_over_tau_unif,299.0614411901275,alpha,297.3947745234608,297.3947745234608
b_ceiling,raw_indicator,tau_over_tau_unif,303.6618387068686,alpha,301.9951720402019,301.9951720402019
b_ceiling,raw_indicator,tau_over_tau_unif,308.3333997379851,alpha,306.6667330713184,306.6667330713184
b_ceiling,raw_indicator,tau_over_tau_unif,313.07722511134284,alpha,311.41055844467616,311.41055844467616
b_ceiling,raw_indicator,tau_over_tau_unif,317.89443268350493,alpha,316.22776601683825,316.22776601683825
b_ceiling,raw_indicator,tau_over_tau_unif,322.7861576031491,alpha,321.1194909364824,321.1194909364824
b_ceiling,raw_indicator,tau_over_tau_unif,327.75355257856023,alpha,326.08688591189355,326.08688591189355
b_ceiling,raw_indicator,tau_over_tau_unif,332.79778814925777,alpha,331.1311214825911,331.1311214825911
b_ceiling,raw_indicator,tau_over_tau_unif,337.92005296182947,alpha,336.2533862951628,336.2533862951628
b_ceiling,raw_indicator,tau_over_tau_unif,343.1215540500271,alpha,341.4548873833604,341.4548873833604
b_ceiling,raw_indicator,tau_over_tau_unif,348.40351711919834,alpha,346.73685045253166,346.73685045253166
b_ceiling,raw_indicator,tau_over_tau_unif,353.76718683511876,alpha,352.1005201684521,352.1005201684521
b_ceiling,raw_indicator,tau_over_tau_unif,359.2138271172883,alpha,357.5471604506216,357.5471604506216
b_ceiling,raw_indicator,tau_over_tau_unif,364.7447214367681,alpha,363.0780547701014,363.0780547701014
b_ceiling,raw_indicator,tau_over_tau_unif,370.3611731186244,alpha,368.6945064519577,368.6945064519577
b_ceiling,raw_indicator,tau_over_tau_unif,376.06450564904816,alpha,374.3978389823815,374.3978389823815
b_ceiling,raw_indicator,tau_over_tau_unif,381.856062987228,alpha,380.1893963205613,380.1893963205613
b_ceiling,raw_indicator,tau_over_tau_unif,387.7372098820482,alpha,386.0705432153815,386.0705432153815
b_ceiling,raw_indicator,tau_over_tau_unif,393.70933219368226,alpha,392.0426655270156,392.0426655270156
b_ceiling,raw_indicator,tau_over_tau_unif,399.773837220164,alpha,398.1071705534973,398.1071705534973
b_ceiling,raw_indicator,tau_over_tau_unif,405.9321540290112,alpha,404.2654873623445,404.2654873623445
b_ceiling,raw_indicator,tau_over_tau_unif,412.185733793975,alpha,410.5190671273083,410.5190671273083
b_ceiling,raw_indicator,tau_over_tau_unif,418.5360501370022,alpha,416.8693834703355,416.8693834703355
b_ceiling,raw_indicator,tau_over_tau_unif,424.9845994754878,alpha,423.3179328088211,423.3179328088211
b_ceiling,raw_indicator,tau_over_tau_unif,431.5329013748948,alpha,429.8662347082281,429.8662347082281
b_ceiling,raw_indicator,tau_over_tau_unif,438.1824989068328,alpha,436.5158322401661,436.5158322401661
b_ceiling,raw_indicator,tau_over_tau_unif,444.9349590126758,alpha,443.2682923460091,443.2682923460091
b_ceiling,raw_indicator,tau_over_tau_unif,451.7918728728008,alpha,450.1252062061341,450.1252062061341
b_ceiling,raw_indicator,tau_over_tau_unif,458.7548562815419,alpha,457.0881896148752,457.0881896148752
b_ceiling,raw_indicator,tau_over_tau_unif,465.82555002794487,alpha,464.1588833612782,464.1588833612782
b_ceiling,raw_indicator,tau_over_tau_unif,473.0056202824077,alpha,471.338953615741,471.338953615741
b_ceiling,raw_indicator,tau_over_tau_unif,480.2967589893052,alpha,478.6300923226385,478.6300923226385
b_ceiling,raw_indicator,tau_over_tau_unif,487.7006842656888,alpha,486.0340175990221,486.0340175990221
b_ceiling,raw_indicator,tau_over_tau_unif,495.2191408061473,alpha,493.55247413948064,493.55247413948064
b_ceiling,raw_indicator,tau_over_tau_unif,502.85390029393915,alpha,501.18723362727246,501.18723362727246
b_ceiling,raw_indicator,tau_over_tau_unif,510.60676181847606,alpha,508.9400951518094,508.9400951518094
b_ceiling,raw_indicator,tau_over_tau_unif,518.4795522992702,alpha,516.8128856326035,516.8128856326035
b_ceiling,raw_indicator,tau_over_tau_unif,526.4741269164394,alpha,524.8074602497728,524.8074602497728
b_ceiling,raw_indicator,tau_over_tau_unif,534.5923695478674,alpha,532.9257028812008,532.9257028812008
b_ceiling,raw_indicator,tau_over_tau_unif,542.8361932131304,alpha,541.1695265464638,541.1695265464638
b_ceiling,raw_indicator,tau_over_tau_unif,551.2075405242914,alpha,549.5408738576248,549.5408738576248
b_ceiling,raw_indicator,tau_over_tau_unif,559.7083841436636,alpha,558.041717476997,558.041717476997
b_ceiling,raw_indicator,tau_over_tau_unif,568.3407272486579,alpha,566.6740605819913,566.6740605819913
b_ceiling,raw_indicator,tau_over_tau_unif,577.1066040038239,alpha,575.4399373371573,575.4399373371573
b_ceiling,raw_indicator,tau_over_tau_unif,586.0080800401847,alpha,584.3414133735181,584.3414133735181
b_ceiling,raw_indicator,tau_over_tau_unif,595.0472529419948,alpha,593.3805862753281,593.3805862753281
b_ceiling,raw_indicator,tau_over_tau_unif,604.2262527410247,alpha,602.5595860743581,602.5595860743581
b_ceiling,raw_indicator,tau_over_tau_unif,613.5472424184892,alpha,611.8805757518226,611.8805757518226
b_ceiling,raw_indicator,tau_over_tau_unif,623.0124184147425,alpha,621.3457517480758,621.3457517480758
b_ceiling,raw_indicator,tau_over_tau_unif,632.6240111468603,alpha,630.9573444801937,630.9573444801937
b_ceiling,raw_indicator,tau_over_tau_unif,642.384285534221,alpha,640.7176188675544,640.7176188675544
b_ceiling,raw_indicator,tau_over_tau_unif,652.295541532224,alpha,650.6288748655573,650.6288748655573
b_ceiling,raw_indicator,tau_over_tau_unif,662.3601146742631,alpha,660.6934480075964,660.6934480075964
b_ceiling,raw_indicator,tau_over_tau_unif,672.5803766220786,alpha,670.913709955412,670.913709955412
b_ceiling,raw_indicator,tau_over_tau_unif,682.9587357246281,alpha,681.2920690579615,681.2920690579615
b_ceiling,raw_indicator,tau_over_tau_unif,693.4976375856036,alpha,691.8309709189369,691.8309709189369
b_ceiling,raw_indicator,tau_over_tau_unif,704.1995656397195,alpha,702.5328989730529,702.5328989730529
b_ceiling,raw_indicator,tau_over_tau_unif,715.0670417379231,alpha,713.4003750712565,713.4003750712565
b_ceiling,raw_indicator,tau_over_tau_unif,726.1026267416572,alpha,724.4359600749906,724.4359600749906
b_ceiling,raw_indicator,tau_over_tau_unif,737.308921126308,alpha,735.6422544596413,735.6422544596413
b_ceiling,raw_indicator,tau_over_tau_unif,748.6885655939985,alpha,747.0218989273319,747.0218989273319
b_ceiling,raw_indicator,tau_over_tau_unif,760.244241695851,alpha,758.5775750291843,758.5775750291843
b_ceiling,raw_indicator,tau_over_tau_unif,771.9786724638813,alpha,770.3120057972146,770.3120057972146
b_ceiling,raw_indicator,tau_over_tau_unif,783.8946230526695,alpha,782.2279563860029,782.2279563860029
b_ceiling,raw_indicator,tau_over_tau_unif,795.9949013909488,alpha,794.3282347242822,794.3282347242822
b_ceiling,raw_indicator,tau_over_tau_unif,808.2823588432801,alpha,806.6156921766135,806.6156921766135
b_ceiling,raw_indicator,tau_over_tau_unif,820.7598908819643,alpha,819.0932242152977,819.0932242152977
b_ceiling,raw_indicator,tau_over_tau_unif,833.4304377693384,alpha,831.7637711026717,831.7637711026717
b_ceiling,raw_indicator,tau_over_tau_unif,846.2969852506353,alpha,844.6303185839687,844.6303185839687
b_ceiling,raw_indicator,tau_over_tau_unif,859.3625652575612,alpha,857.6958985908946,857.6958985908946
b_ceiling,raw_indicator,tau_over_tau_unif,872.6302566227481,alpha,870.9635899560815,870.9635899560815
b_ceiling,raw_indicator,tau_over_tau_unif,886.1031858052665,alpha,884.4365191385999,884.4365191385999
b_ceiling,raw_indicator,tau_over_tau_unif,899.7845276273616,alpha,898.117860960695,898.117860960695
b_ceiling,raw_indicator,tau_over_tau_unif,913.6775060225772,alpha,912.0108393559105,912.0108393559105
b_ceiling,raw_indicator,tau_over_tau_unif,927.7853947954603,alpha,926.1187281287937,926.1187281287937
b_ceiling,raw_indicator,tau_over_tau_unif,942.111518393019,alpha,940.4448517263523,940.4448517263523
b_ceiling,raw_indicator,tau_over_tau_unif,956.6592526881035,alpha,954.9925860214369,954.9925860214369
b_ceiling,raw_indicator,tau_over_tau_unif,971.4320257749163,alpha,969.7653591082496,969.7653591082496
b_ceiling,raw_indicator,tau_over_tau_unif,986.4333187768254,alpha,984.7666521101588,984.7666521101588
b_ceiling,raw_indicator,tau_over_tau_unif,1001.6666666666666,alpha,1000.0,1000.0
