panel,series,x_name,x,y_name,y,Fx
a_residual,s0,alpha,100.0,abs_delta_Fx,0.0,0.7859764895826804
a_residual,s0,alpha,102.92005271944286,abs_delta_Fx,4.9556155020669124e-05,0.7859269334276597
a_residual,s0,alpha,105.92537251772886,abs_delta_Fx,9.769009043458787e-05,0.7858787994922458
a_residual,s0,alpha,109.01844923851279,abs_delta_Fx,0.00014444307074890084,0.7858320465119315
a_residual,s0,alpha,112.2018454301963,abs_delta_Fx,0.000189855138092776,0.7857866344445876
a_residual,s0,alpha,115.47819846894582,abs_delta_Fx,0.00023396514982976235,0.7857425244328506
a_residual,s0,alpha,118.85022274370189,abs_delta_Fx,0.00027681081493446946,0.7856996787677459
a_residual,s0,alpha,122.32071190499313,abs_delta_Fx,0.00031842872918419474,0.7856580608534962
a_residual,s0,alpha,125.89254117941675,abs_delta_Fx,0.0003588544091988055,0.7856176351734816
a_residual,s0,alpha,129.5686697517019,abs_delta_Fx,0.000398122325375061,0.7855783672573053
a_residual,s0,alpha,133.3521432163324,abs_delta_Fx,0.00043626593375667433,0.7855402236489237
a_residual,s0,alpha,137.24609610075626,abs_delta_Fx,0.00047331770687186747,0.7855031718758085
a_residual,s0,alpha,141.2537544622754,abs_delta_Fx,0.0005093091635819391,0.7854671804190985
a_residual,s0,alpha,145.37843856076623,abs_delta_Fx,0.0005442708979712663,0.7854322186847091
a_residual,s0,alpha,149.6235656094433,abs_delta_Fx,0.0005782326073113797,0.785398256975369
a_residual,s0,alpha,153.9926526059492,abs_delta_Fx,0.0006112231191357509,0.7853652664635447
a_residual,s0,alpha,158.48931924611142,abs_delta_Fx,0.0006432704174537118,0.7853332191652267
a_residual,s0,alpha,163.1172909227838,abs_delta_Fx,0.0006744016681297094,0.7853020879145507
a_residual,s0,alpha,167.88040181225605,abs_delta_Fx,0.0007046432434665295,0.7852718463392139
a_residual,s0,alpha,172.78259805078628,abs_delta_Fx,0.0007340207460053705,0.785242468836675
a_residual,s0,alpha,177.82794100389228,abs_delta_Fx,0.0007625590315845088,0.7852139305510959
a_residual,s0,alpha,183.02061063110568,abs_delta_Fx,0.0007902822316718794,0.7851862073510085
a_residual,s0,alpha,188.36490894898,abs_delta_Fx,0.0008172137749968833,0.7851592758076835
a_residual,s0,alpha,193.86526359522077,abs_delta_Fx,0.0008433764085118423,0.7851331131741686
a_residual,s0,alpha,199.52623149688787,abs_delta_Fx,0.0008687922176948693,0.7851076973649855
a_residual,s0,alpha,205.3525026457146,abs_delta_Fx,0.0008934826462279055,0.7850830069364525
a_residual,s0,alpha,211.34890398366477,abs_delta_Fx,0.0009174685150636908,0.7850590210676167
a_residual,s0,alpha,217.52040340195222,abs_delta_Fx,0.0009407700408976538,0.7850357195417828
a_residual,s0,alpha,223.872113856834,abs_delta_Fx,0.0009634068540778085,0.7850130827286026
a_residual,s0,alpha,230.40929760558447,abs_delta_Fx,0.0009853980159599818,0.7849910915667204
a_residual,s0,alpha,237.13737056616552,abs_delta_Fx,0.001006762035728359,0.784969727546952
a_residual,s0,alpha,244.06190680419814,abs_delta_Fx,0.0010275168867008855,0.7849489726959795
a_residual,s0,alpha,251.18864315095797,abs_delta_Fx,0.0010476800221417282,0.7849288095605387
a_residual,s0,alpha,258.52348395621914,abs_delta_Fx,0.001067268390580578,0.7849092211920998
a_residual,s0,alpha,266.0725059798809,abs_delta_Fx,0.0010862984506734286,0.784890191132007
a_residual,s0,alpha,273.8419634264361,abs_delta_Fx,0.0011047861856092744,0.7848717033970711
a_residual,s0,alpha,281.8382931264455,abs_delta_Fx,0.0011227471170762726,0.7848537424656041
a_residual,s0,alpha,290.0681198693153,abs_delta_Fx,0.001140196318809794,0.7848362932638706
a_residual,s0,alpha,298.538261891796,abs_delta_Fx,0.00115714842972503,0.7848193411529554
a_residual,s0,alpha,307.25573652674456,abs_delta_Fx,0.0011736176666583553,0.784802871916022
a_residual,s0,alpha,316.22776601683796,abs_delta_Fx,0.00118961783672078,0.7847868717459596
a_residual,s0,alpha,325.46178349804603,abs_delta_Fx,0.0012051623492808083,0.7847713272333996
a_residual,s0,alpha,334.9654391578276,abs_delta_Fx,0.0012202642275869202,0.7847562253550935
a_residual,s0,alpha,344.74660657314945,abs_delta_Fx,0.0012349361200405529,0.7847415534626399
a_residual,s0,alpha,354.8133892335753,abs_delta_Fx,0.0012491903111344627,0.7847272992715459
a_residual,s0,alpha,365.1741272548377,abs_delta_Fx,0.0012630387320595737,0.7847134508506208
a_residual,s0,alpha,375.8374042884443,abs_delta_Fx,0.0012764929709963013,0.7846999966116841
a_residual,s0,alpha,386.81205463305207,abs_delta_Fx,0.0012895642830992315,0.7846869252995812
a_residual,s0,alpha,398.1071705534973,abs_delta_Fx,0.001302263600187814,0.7846742259824926
a_residual,s0,alpha,409.73210981354134,abs_delta_Fx,0.001314601540139293,0.7846618880425411
a_residual,s0,alpha,421.6965034285823,abs_delta_Fx,0.0013265884160125196,0.7846499011666679
a_residual,s0,alpha,434.010263644744,abs_delta_Fx,0.001338234244895098,0.7846382553377853
a_residual,s0,alpha,446.683592150963,abs_delta_Fx,0.0013495487564914033,0.784626940826189
a_residual,s0,alpha,459.7269885308723,abs_delta_Fx,0.0013605414014523642,0.784615948181228
a_residual,s0,alpha,473.15125896148027,abs_delta_Fx,0.001371221359462993,0.7846052682232174
a_residual,s0,alpha,486.9675251658631,abs_delta_Fx,0.0013815975470885533,0.7845948920355919
a_residual,s0,alpha,501.18723362727246,abs_delta_Fx,0.001391678625390469,0.7845848109572899
a_residual,s0,alpha,515.8221650723056,abs_delta_Fx,0.0014014730073170778,0.7845750165753633
a_residual,s0,alpha,530.8844442309885,abs_delta_Fx,0.001410988864875229,0.7845655007178052
a_residual,s0,alpha,546.386549881854,abs_delta_Fx,0.0014202341360947113,0.7845562554465857
a_residual,s0,alpha,562.341325190349,abs_delta_Fx,0.0014292165317841832,0.7845472730508962
a_residual,s0,alpha,578.7619883491209,abs_delta_Fx,0.0014379435420905917,0.7845385460405898
a_residual,s0,alpha,595.6621435290103,abs_delta_Fx,0.001446422442866524,0.7845300671398139
a_residual,s0,alpha,613.0557921498208,abs_delta_Fx,0.0014546603018499304,0.7845218292808305
a_residual,s0,alpha,630.957344480193,abs_delta_Fx,0.0014626639846622158,0.7845138255980182
a_residual,s0,alpha,649.3816315762114,abs_delta_Fx,0.0014704401606329132,0.7845060494220475
a_residual,s0,alpha,668.3439175686149,abs_delta_Fx,0.0014779953084529396,0.7844984942742275
a_residual,s0,alpha,687.8599123088075,abs_delta_Fx,0.0014853357216635388,0.7844911538610169
a_residual,s0,alpha,707.945784384138,abs_delta_Fx,0.001492467513982021,0.7844840220686984
a_residual,s0,alpha,728.6181745132274,abs_delta_Fx,0.0014993966244765122,0.7844770929582039
a_residual,s0,alpha,749.8942093324558,abs_delta_Fx,0.0015061288225879377,0.7844703607600925
a_residual,s0,alpha,771.7915155850127,abs_delta_Fx,0.0015126697130045663,0.7844638198696758
a_residual,s0,alpha,794.3282347242813,abs_delta_Fx,0.0015190247403966683,0.7844574648422837
a_residual,s0,alpha,817.5230379436501,abs_delta_Fx,0.0015251991940121723,0.7844512903886682
a_residual,s0,alpha,841.3951416451947,abs_delta_Fx,0.0015311982121402057,0.7844452913705402
a_residual,s0,alpha,865.9643233600654,abs_delta_Fx,0.0015370267864431852,0.7844394627962372
a_residual,s0,alpha,891.2509381337459,abs_delta_Fx,0.0015426897661645622,0.7844337998165158
a_residual,s0,alpha,917.2759353897794,abs_delta_Fx,0.001548191862214221,0.7844282977204662
a_residual,s0,alpha,944.0608762859235,abs_delta_Fx,0.0015535376511357502,0.7844229519315447
a_residual,s0,alpha,971.6279515771058,abs_delta_Fx,0.0015587315789564737,0.7844177580037239
a_residual,s0,alpha,1000.0,abs_delta_Fx,0.0015637779649302352,0.7844127116177502
a_residual,s0,alpha,1029.2005271944286,abs_delta_Fx,0.001568681005169159,0.7844078085775112
a_residual,s0,alpha,1059.2537251772897,abs_delta_Fx,0.001573444776169941,0.7844030448065105
a_residual,s0,alpha,1090.184492385128,abs_delta_Fx,0.0015780732382397744,0.7843984163444406
a_residual,s0,alpha,1122.018454301963,abs_delta_Fx,0.00158257023882169,0.7843939193438587
a_residual,s0,alpha,1154.781984689458,abs_delta_Fx,0.0015869395157268595,0.7843895500669535
a_residual,s0,alpha,1188.502227437019,abs_delta_Fx,0.0015911847002689772,0.7843853048824114
a_residual,s0,alpha,1223.2071190499325,abs_delta_Fx,0.001595309320312932,0.7843811802623675
a_residual,s0,alpha,1258.9254117941675,abs_delta_Fx,0.0015993168032335525,0.7843771727794469
a_residual,s0,alpha,1295.686697517019,abs_delta_Fx,0.001603210478786865,0.7843732791038935
a_residual,s0,alpha,1333.521432163324,abs_delta_Fx,0.001606993581901861,0.7843694960007785
a_residual,s0,alpha,1372.4609610075624,abs_delta_Fx,0.0016106692553927715,0.7843658203272876
a_residual,s0,alpha,1412.5375446227554,abs_delta_Fx,0.0016142405525880754,0.7843622490300923
a_residual,s0,alpha,1453.7843856076622,abs_delta_Fx,0.0016177104398893416,0.7843587791427911
a_residual,s0,alpha,1496.235656094433,abs_delta_Fx,0.0016210817992541315,0.7843554077834263
a_residual,s0,alpha,1539.926526059492,abs_delta_Fx,0.0016243574306045172,0.7843521321520759
a_residual,s0,alpha,1584.893192461114,abs_delta_Fx,0.0016275400541758689,0.7843489495285045
a_residual,s0,alpha,1631.1729092278397,abs_delta_Fx,0.0016306323127845967,0.7843458572698958
a_residual,s0,alpha,1678.8040181225606,abs_delta_Fx,0.0016336367740428237,0.7843428528086376
a_residual,s0,alpha,1727.8259805078628,abs_delta_Fx,0.0016365559325028922,0.7843399336501775
a_residual,s0,alpha,1778.2794100389228,abs_delta_Fx,0.0016393922117421411,0.7843370973709383
a_residual,s0,alpha,1830.2061063110568,abs_delta_Fx,0.0016421479663872862,0.7843343416162931
a_residual,s0,alpha,1883.649089489802,abs_delta_Fx,0.0016448254840824017,0.784331664098598
a_residual,s0,alpha,1938.6526359522077,abs_delta_Fx,0.0016474269873993919,0.784329062595281
a_residual,s0,alpha,1995.2623149688789,abs_delta_Fx,0.0016499546356920636,0.7843265349469883
a_residual,s0,alpha,2053.525026457146,abs_delta_Fx,0.0016524105268986844,0.7843240790557817
a_residual,s0,alpha,2113.489039836648,abs_delta_Fx,0.0016547966992952468,0.7843216928833852
a_residual,s0,alpha,2175.2040340195244,abs_delta_Fx,0.001657115133193221,0.7843193744494872
a_residual,s0,alpha,2238.72113856834,abs_delta_Fx,0.0016593677525937878,0.7843171218300866
a_residual,s0,alpha,2304.0929760558447,abs_delta_Fx,0.001661556426791,0.7843149331558894
a_residual,s0,alpha,2371.373705661655,abs_delta_Fx,0.001663682971931646,0.7843128066107488
a_residual,s0,alpha,2440.6190680419813,abs_delta_Fx,0.00166574915252804,0.7843107404301524
a_residual,s0,alpha,2511.886431509582,abs_delta_Fx,0.0016677566829306212,0.7843087328997498
a_residual,s0,alpha,2585.234839562191,abs_delta_Fx,0.0016697072287557013,0.7843067823539247
a_residual,s0,alpha,2660.7250597988086,abs_delta_Fx,0.0016716024082736869,0.7843048871744067
a_residual,s0,alpha,2738.4196342643613,abs_delta_Fx,0.0016734437937571123,0.7843030457889233
a_residual,s0,alpha,2818.382931264455,abs_delta_Fx,0.001675232912791147,0.7843012566698893
a_residual,s0,alpha,2900.681198693156,abs_delta_Fx,0.0016769712495443567,0.784299518333136
a_residual,s0,alpha,2985.3826189179604,abs_delta_Fx,0.0016786602460070466,0.7842978293366734
a_residual,s0,alpha,3072.557365267445,abs_delta_Fx,0.0016803013031894132,0.784296188279491
a_residual,s0,alpha,3162.2776601683795,abs_delta_Fx,0.0016818957822897218,0.7842945938003907
a_residual,s0,alpha,3254.61783498046,abs_delta_Fx,0.0016834450058265116,0.7842930445768539
a_residual,s0,alpha,3349.6543915782795,abs_delta_Fx,0.001684950258740825,0.7842915393239396
a_residual,s0,alpha,3447.4660657314944,abs_delta_Fx,0.0016864127894620218,0.7842900767932184
a_residual,s0,alpha,3548.133892335753,abs_delta_Fx,0.001687833810950945,0.7842886557717295
a_residual,s0,alpha,3651.741272548377,abs_delta_Fx,0.0016892145017057825,0.7842872750809746
a_residual,s0,alpha,3758.374042884443,abs_delta_Fx,0.0016905560067443925,0.784285933575936
a_residual,s0,alpha,3868.120546330525,abs_delta_Fx,0.0016918594385564312,0.784284630144124
a_residual,s0,alpha,3981.0717055349733,abs_delta_Fx,0.0016931258780275016,0.7842833637046529
a_residual,s0,alpha,4097.321098135413,abs_delta_Fx,0.001694356375338213,0.7842821332073422
a_residual,s0,alpha,4216.965034285822,abs_delta_Fx,0.001695551950839036,0.7842809376318414
a_residual,s0,alpha,4340.10263644744,abs_delta_Fx,0.0016967135958974033,0.784279775986783
a_residual,s0,alpha,4466.835921509635,abs_delta_Fx,0.001697842273722161,0.7842786473089582
a_residual,s0,alpha,4597.269885308723,abs_delta_Fx,0.0016989389201633731,0.784277550662517
a_residual,s0,alpha,4731.512589614803,abs_delta_Fx,0.0017000044444923645,0.784276485138188
a_residual,s0,alpha,4869.675251658631,abs_delta_Fx,0.001701039730153786,0.7842754498525266
a_residual,s0,alpha,5011.872336272725,abs_delta_Fx,0.0017020456355043567,0.784274443947176
a_residual,s0,alpha,5158.2216507230605,abs_delta_Fx,0.0017030229945234066,0.784273466588157
a_residual,s0,alpha,5308.8444423098845,abs_delta_Fx,0.0017039726175047676,0.7842725169651756
a_residual,s0,alpha,5463.86549881854,abs_delta_Fx,0.0017048952917333438,0.7842715942909471
a_residual,s0,alpha,5623.413251903491,abs_delta_Fx,0.0017057917821350355,0.7842706978005454
a_residual,s0,alpha,5787.619883491208,abs_delta_Fx,0.0017066628319175603,0.7842698267507628
a_residual,s0,alpha,5956.62143529011,abs_delta_Fx,0.0017075091631812978,0.7842689804194991
a_residual,s0,alpha,6130.557921498208,abs_delta_Fx,0.0017083314775243608,0.784268158105156
a_residual,s0,alpha,6309.57344480193,abs_delta_Fx,0.0017091304566227983,0.7842673591260576
a_residual,s0,alpha,6493.816315762113,abs_delta_Fx,0.0017099067627976972,0.7842665828198827
a_residual,s0,alpha,6683.439175686149,abs_delta_Fx,0.0017106610395631883,0.7842658285431172
a_residual,s0,alpha,6878.599123088082,abs_delta_Fx,0.0017113939121640165,0.7842650956705164
a_residual,s0,alpha,7079.457843841381,abs_delta_Fx,0.0017121059880915723,0.7842643835945888
a_residual,s0,alpha,7286.181745132274,abs_delta_Fx,0.0017127978575901537,0.7842636917250903
a_residual,s0,alpha,7498.942093324558,abs_delta_Fx,0.0017134700941470182,0.7842630194885334
a_residual,s0,alpha,7717.915155850127,abs_delta_Fx,0.0017141232549666707,0.7842623663277137
a_residual,s0,alpha,7943.282347242822,abs_delta_Fx,0.0017147578814353803,0.784261731701245
a_residual,s0,alpha,8175.230379436502,abs_delta_Fx,0.0017153744995694886,0.7842611150831109
a_residual,s0,alpha,8413.951416451948,abs_delta_Fx,0.0017159736204521714,0.7842605159622282
a_residual,s0,alpha,8659.643233600653,abs_delta_Fx,0.001716555740658432,0.784259933842022
a_residual,s0,alpha,8912.509381337459,abs_delta_Fx,0.0017171213426661058,0.7842593682400143
a_residual,s0,alpha,9172.759353897804,abs_delta_Fx,0.0017176708952555408,0.7842588186874249
a_residual,s0,alpha,9440.608762859236,abs_delta_Fx,0.001718204853901506,0.7842582847287789
a_residual,s0,alpha,9716.279515771057,abs_delta_Fx,0.001718723661148669,0.7842577659215317
a_residual,s0,alpha,10000.0,abs_delta_Fx,0.0017192277469793016,0.7842572618357011
a_residual,s0,alpha,10292.005271944287,abs_delta_Fx,0.0017197175291701061,0.7842567720535103
a_residual,s0,alpha,10592.537251772897,abs_delta_Fx,0.0017201934136403807,0.78425629616904
a_residual,s0,alpha,10901.844923851268,abs_delta_Fx,0.0017206557947846424,0.7842558337878958
a_residual,s0,alpha,11220.184543019654,abs_delta_Fx,0.001721105055805472,0.7842553845268749
a_residual,s0,alpha,11547.819846894581,abs_delta_Fx,0.0017215415690265967,0.7842549480136538
a_residual,s0,alpha,11885.022274370189,abs_delta_Fx,0.0017219656962053076,0.7842545238864751
a_residual,s0,alpha,12232.071190499326,abs_delta_Fx,0.0017223777888291103,0.7842541117938513
a_residual,s0,alpha,12589.254117941662,abs_delta_Fx,0.0017227781884099347,0.7842537113942705
a_residual,s0,alpha,12956.866975170216,abs_delta_Fx,0.0017231672267674636,0.7842533223559129
a_residual,s0,alpha,13335.21432163324,abs_delta_Fx,0.0017235452263020257,0.7842529443563784
a_residual,s0,alpha,13724.609610075626,abs_delta_Fx,0.0017239125002637135,0.7842525770824167
a_residual,s0,alpha,14125.375446227554,abs_delta_Fx,0.0017242693530128417,0.7842522202296676
a_residual,s0,alpha,14537.843856076606,abs_delta_Fx,0.0017246160802708577,0.7842518735024095
a_residual,s0,alpha,14962.35656094436,abs_delta_Fx,0.0017249529693652565,0.7842515366133151
a_residual,s0,alpha,15399.26526059492,abs_delta_Fx,0.0017252802994702776,0.7842512092832101
a_residual,s0,alpha,15848.93192461114,abs_delta_Fx,0.0017255983418362764,0.7842508912408441
a_residual,s0,alpha,16311.729092278396,abs_delta_Fx,0.001725907360015544,0.7842505822226649
a_residual,s0,alpha,16788.040181225588,abs_delta_Fx,0.0017262076100803547,0.7842502819726
a_residual,s0,alpha,17278.259805078662,abs_delta_Fx,0.0017264993408352414,0.7842499902418452
a_residual,s0,alpha,17782.794100389227,abs_delta_Fx,0.001726782794024384,0.784249706788656
a_residual,s0,alpha,18302.061063110566,abs_delta_Fx,0.0017270582045310068,0.7842494313781494
a_residual,s0,alpha,18836.49089489802,abs_delta_Fx,0.0017273258005723324,0.7842491637821081
a_residual,s0,alpha,19386.526359522057,abs_delta_Fx,0.0017275858038885428,0.7842489037787919
a_residual,s0,alpha,19952.62314968883,abs_delta_Fx,0.0017278384299284077,0.784248651152752
a_residual,s0,alpha,20535.25026457146,abs_delta_Fx,0.0017280838880251448,0.7842484056946553
a_residual,s0,alpha,21134.890398366475,abs_delta_Fx,0.001728322381571168,0.7842481672011092
a_residual,s0,alpha,21752.040340195246,abs_delta_Fx,0.001728554108188396,0.784247935474492
a_residual,s0,alpha,22387.21138568338,abs_delta_Fx,0.0017287792598890128,0.7842477103227914
a_residual,s0,alpha,23040.929760558494,abs_delta_Fx,0.0017289980232375601,0.7842474915594428
a_residual,s0,alpha,23713.737056616552,abs_delta_Fx,0.0017292105795030377,0.7842472790031774
a_residual,s0,alpha,24406.19068041981,abs_delta_Fx,0.001729417104810782,0.7842470724778696
a_residual,s0,alpha,25118.864315095823,abs_delta_Fx,0.0017296177702881277,0.7842468718123923
a_residual,s0,alpha,25852.348395621888,abs_delta_Fx,0.0017298127422074039,0.784246676840473
a_residual,s0,alpha,26607.25059798814,abs_delta_Fx,0.0017300021821204936,0.7842464874005599
a_residual,s0,alpha,27384.196342643612,abs_delta_Fx,0.0017301862469958351,0.7842463033356846
a_residual,s0,alpha,28183.82931264455,abs_delta_Fx,0.00173036508934854,0.7842461244933319
a_residual,s0,alpha,29006.81198693156,abs_delta_Fx,0.0017305388573647384,0.7842459507253157
a_residual,s0,alpha,29853.82618917957,abs_delta_Fx,0.0017307076950245914,0.7842457818876558
a_residual,s0,alpha,30725.573652674517,abs_delta_Fx,0.0017308717422244158,0.784245617840456
a_residual,s0,alpha,31622.776601683792,abs_delta_Fx,0.0017310311348903706,0.78424545844779
a_residual,s0,alpha,32546.178349804602,abs_delta_Fx,0.0017311860050903682,0.78424530357759
a_residual,s0,alpha,33496.54391578279,abs_delta_Fx,0.0017313364811459842,0.7842451531015344
a_residual,s0,alpha,34474.66065731491,abs_delta_Fx,0.0017314826877365963,0.7842450068949438
a_residual,s0,alpha,35481.3389233576,abs_delta_Fx,0.0017316247460048562,0.7842448648366755
a_residual,s0,alpha,36517.41272548377,abs_delta_Fx,0.0017317627736541663,0.7842447268090262
a_residual,s0,alpha,37583.74042884443,abs_delta_Fx,0.0017318968850497107,0.7842445926976307
a_residual,s0,alpha,38681.20546330525,abs_delta_Fx,0.0017320271913103813,0.78424446239137
a_residual,s0,alpha,39810.71705534969,abs_delta_Fx,0.0017321538004029247,0.7842443357822775
a_residual,s0,alpha,40973.21098135422,abs_delta_Fx,0.0017322768172289837,0.7842442127654514
a_residual,s0,alpha,42169.65034285822,abs_delta_Fx,0.0017323963437150258,0.7842440932389654
a_residual,s0,alpha,43401.026364474405,abs_delta_Fx,0.001732512478894721,0.7842439771037857
a_residual,s0,alpha,44668.359215096345,abs_delta_Fx,0.001732625318991543,0.7842438642636889
a_residual,s0,alpha,45972.69885308718,abs_delta_Fx,0.001732734957498705,0.7842437546251817
a_residual,s0,alpha,47315.12589614812,abs_delta_Fx,0.0017328414852575413,0.7842436480974229
a_residual,s0,alpha,48696.75251658631,abs_delta_Fx,0.0017329449905292282,0.7842435445921512
a_residual,s0,alpha,50118.72336272725,abs_delta_Fx,0.0017330455590736094,0.7842434440236068
a_residual,s0,alpha,51582.21650723061,abs_delta_Fx,0.001733143274214477,0.7842433463084659
a_residual,s0,alpha,53088.444423098794,abs_delta_Fx,0.001733238216913513,0.7842432513657669
a_residual,s0,alpha,54638.65498818551,abs_delta_Fx,0.0017333304658335713,0.7842431591168468
a_residual,s0,alpha,56234.13251903491,abs_delta_Fx,0.0017334200974059577,0.7842430694852744
a_residual,s0,alpha,57876.19883491209,abs_delta_Fx,0.0017335071858932682,0.7842429823967871
a_residual,s0,alpha,59566.214352901094,abs_delta_Fx,0.001733591803452228,0.7842428977792282
a_residual,s0,alpha,61305.57921498202,abs_delta_Fx,0.001733674020189424,0.784242815562491
a_residual,s0,alpha,63095.73444801943,abs_delta_Fx,0.0017337539042243666,0.784242735678456
a_residual,s0,alpha,64938.16315762113,abs_delta_Fx,0.0017338315217430011,0.7842426580609374
a_residual,s0,alpha,66834.39175686149,abs_delta_Fx,0.0017339069370534421,0.784242582645627
a_residual,s0,alpha,68785.99123088081,abs_delta_Fx,0.0017339802126394854,0.7842425093700409
a_residual,s0,alpha,70794.57843841374,abs_delta_Fx,0.0017340514092114567,0.784242438173469
a_residual,s0,alpha,72861.81745132289,abs_delta_Fx,0.0017341205857566155,0.7842423689969238
a_residual,s0,alpha,74989.42093324558,abs_delta_Fx,0.0017341877995900035,0.7842423017830904
a_residual,s0,alpha,77179.15155850127,abs_delta_Fx,0.001734253106398631,0.7842422364762818
a_residual,s0,alpha,79432.82347242821,abs_delta_Fx,0.0017343165602914379,0.784242173022389
a_residual,s0,alpha,81752.30379436494,abs_delta_Fx,0.0017343782138401487,0.7842421113688403
a_residual,s0,alpha,84139.51416451964,abs_delta_Fx,0.001734438118126791,0.7842420514645536
a_residual,s0,alpha,86596.43233600653,abs_delta_Fx,0.0017344963227814425,0.784241993259899
a_residual,s0,alpha,89125.0938133746,abs_delta_Fx,0.0017345528760288609,0.7842419367066515
a_residual,s0,alpha,91727.59353897804,abs_delta_Fx,0.0017346078247229002,0.7842418817579575
a_residual,s0,alpha,94406.08762859226,abs_delta_Fx,0.001734661214390032,0.7842418283682904
a_residual,s0,alpha,97162.79515771077,abs_delta_Fx,0.001734713089264428,0.784241776493416
a_residual,s0,alpha,100000.0,abs_delta_Fx,0.0017347634923237099,0.7842417260903567
a_residual,s0,alpha,102920.05271944286,abs_delta_Fx,0.0017348124653284724,0.7842416771173519
a_residual,s0,alpha,105925.37251772897,abs_delta_Fx,0.0017348600488527044,0.7842416295338277
a_residual,s0,alpha,109018.44923851268,abs_delta_Fx,0.0017349062823195371,0.7842415833003609
a_residual,s0,alpha,112201.84543019652,abs_delta_Fx,0.0017349512040345516,0.7842415383786459
a_residual,s0,alpha,115478.19846894582,abs_delta_Fx,0.001734994851214644,0.7842414947314658
a_residual,s0,alpha,118850.22274370189,abs_delta_Fx,0.0017350372600224429,0.784241452322658
a_residual,s0,alpha,122320.71190499325,abs_delta_Fx,0.001735078465592954,0.7842414111170875
a_residual,s0,alpha,125892.54117941661,abs_delta_Fx,0.001735118502066424,0.784241371080614
a_residual,s0,alpha,129568.66975170215,abs_delta_Fx,0.0017351574026118755,0.7842413321800685
a_residual,s0,alpha,133352.1432163324,abs_delta_Fx,0.0017351951994595272,0.7842412943832209
a_residual,s0,alpha,137246.09610075626,abs_delta_Fx,0.0017352319239236635,0.7842412576587567
a_residual,s0,alpha,141253.75446227554,abs_delta_Fx,0.0017352676064299466,0.7842412219762505
a_residual,s0,alpha,145378.43856076605,abs_delta_Fx,0.0017353022765427273,0.7842411873061377
a_residual,s0,alpha,149623.56560944358,abs_delta_Fx,0.0017353359629850296,0.7842411536196954
a_residual,s0,alpha,153992.6526059492,abs_delta_Fx,0.001735368693666084,0.7842411208890143
a_residual,s0,alpha,158489.3192461114,abs_delta_Fx,0.001735400495703976,0.7842410890869764
a_residual,s0,alpha,163117.29092278396,abs_delta_Fx,0.0017354313954462963,0.7842410581872341
a_residual,s0,alpha,167880.4018122559,abs_delta_Fx,0.0017354614184930117,0.7842410281641874
a_residual,s0,alpha,172782.59805078662,abs_delta_Fx,0.001735490589718669,0.7842409989929617
a_residual,s0,alpha,177827.94100389228,abs_delta_Fx,0.001735518933290825,0.7842409706493896
a_residual,s0,alpha,183020.6106311057,abs_delta_Fx,0.001735546472692251,0.7842409431099882
a_residual,s0,alpha,188364.9089489802,abs_delta_Fx,0.0017355732307400284,0.7842409163519404
a_residual,s0,alpha,193865.26359522057,abs_delta_Fx,0.0017355992296019807,0.7842408903530784
a_residual,s0,alpha,199526.2314968883,abs_delta_Fx,0.0017356244908186547,0.7842408650918617
a_residual,s0,alpha,205352.50264571462,abs_delta_Fx,0.0017356490353188647,0.7842408405473615
a_residual,s0,alpha,211348.90398366476,abs_delta_Fx,0.0017356728834367896,0.7842408166992436
a_residual,s0,alpha,217520.40340195244,abs_delta_Fx,0.0017356960549308464,0.7842407935277496
a_residual,s0,alpha,223872.11385683378,abs_delta_Fx,0.0017357185689992338,0.7842407710136812
a_residual,s0,alpha,230409.29760558493,abs_delta_Fx,0.0017357404442936986,0.7842407491383867
a_residual,s0,alpha,237137.37056616554,abs_delta_Fx,0.0017357616989377433,0.7842407278837427
a_residual,s0,alpha,244061.90680419814,abs_delta_Fx,0.0017357823505417258,0.7842407072321387
a_residual,s0,alpha,251188.6431509582,abs_delta_Fx,0.0017358024162139607,0.7842406871664664
a_residual,s0,alpha,258523.48395621887,abs_delta_Fx,0.0017358219125793717,0.784240667670101
a_residual,s0,alpha,266072.5059798814,abs_delta_Fx,0.0017358408557905936,0.7842406487268898
a_residual,s0,alpha,273841.9634264361,abs_delta_Fx,0.001735859261541739,0.7842406303211387
a_residual,s0,alpha,281838.2931264455,abs_delta_Fx,0.0017358771450819432,0.7842406124375985
a_residual,s0,alpha,290068.1198693156,abs_delta_Fx,0.0017358945212264665,0.7842405950614539
a_residual,s0,alpha,298538.26189179573,abs_delta_Fx,0.001735911404372903,0.7842405781783075
a_residual,s0,alpha,307255.7365267452,abs_delta_Fx,0.0017359278085082863,0.7842405617741721
a_residual,s0,alpha,316227.7660168379,abs_delta_Fx,0.0017359437472224126,0.784240545835458
a_residual,s0,alpha,325461.783498046,abs_delta_Fx,0.0017359592337211627,0.7842405303489592
a_residual,s0,alpha,334965.43915782793,abs_delta_Fx,0.0017359742808340517,0.7842405153018464
a_residual,s0,alpha,344746.6065731491,abs_delta_Fx,0.0017359889010286622,0.7842405006816517
a_residual,s0,alpha,354813.389233576,abs_delta_Fx,0.0017360031064166392,0.7842404864762638
a_residual,s0,alpha,365174.1272548377,abs_delta_Fx,0.001736016908767457,0.784240472673913
a_residual,s0,alpha,375837.4042884443,abs_delta_Fx,0.0017360303195159688,0.7842404592631644
a_residual,s0,alpha,386812.0546330525,abs_delta_Fx,0.0017360433497732863,0.7842404462329071
a_residual,s0,alpha,398107.1705534969,abs_delta_Fx,0.0017360560103336642,0.7842404335723467
a_residual,s0,alpha,409732.10981354216,abs_delta_Fx,0.0017360683116873776,0.784240421270993
a_residual,s0,alpha,421696.5034285823,abs_delta_Fx,0.0017360802640253858,0.784240409318655
a_residual,s0,alpha,434010.263644744,abs_delta_Fx,0.00173609187724999,0.7842403977054304
a_residual,s0,alpha,446683.5921509635,abs_delta_Fx,0.0017361031609832711,0.7842403864216971
a_residual,s0,alpha,459726.9885308718,abs_delta_Fx,0.0017361141245721967,0.7842403754581082
a_residual,s0,alpha,473151.2589614813,abs_delta_Fx,0.0017361247771017219,0.7842403648055787
a_residual,s0,alpha,486967.5251658631,abs_delta_Fx,0.0017361351273958991,0.7842403544552845
a_residual,s0,alpha,501187.2336272725,abs_delta_Fx,0.0017361451840303133,0.7842403443986501
a_residual,s0,alpha,515822.1650723061,abs_delta_Fx,0.001736154955336966,0.7842403346273434
a_residual,s0,alpha,530884.4442309879,abs_delta_Fx,0.0017361644494109374,0.7842403251332695
a_residual,s0,alpha,546386.5498818551,abs_delta_Fx,0.0017361736741177136,0.7842403159085627
a_residual,s0,alpha,562341.3251903491,abs_delta_Fx,0.001736182637100514,0.7842403069455799
a_residual,s0,alpha,578761.9883491208,abs_delta_Fx,0.0017361913457842881,0.7842402982368961
a_residual,s0,alpha,595662.1435290109,abs_delta_Fx,0.0017361998073841534,0.7842402897752963
a_residual,s0,alpha,613055.7921498202,abs_delta_Fx,0.001736208028910946,0.7842402815537695
a_residual,s0,alpha,630957.3444801943,abs_delta_Fx,0.0017362160171761065,0.7842402735655043
a_residual,s0,alpha,649381.6315762113,abs_delta_Fx,0.001736223778797008,0.7842402658038834
a_residual,s0,alpha,668343.9175686149,abs_delta_Fx,0.0017362313202042845,0.7842402582624761
a_residual,s0,alpha,687859.9123088082,abs_delta_Fx,0.001736238647646049,0.7842402509350344
a_residual,s0,alpha,707945.7843841374,abs_delta_Fx,0.001736245767193001,0.7842402438154874
a_residual,s0,alpha,728618.1745132289,abs_delta_Fx,0.0017362526847435333,0.7842402368979369
a_residual,s0,alpha,749894.2093324559,abs_delta_Fx,0.0017362594060288394,0.7842402301766516
a_residual,s0,alpha,771791.5155850127,abs_delta_Fx,0.0017362659366169098,0.7842402236460635
a_residual,s0,alpha,794328.2347242822,abs_delta_Fx,0.0017362722819185272,0.7842402173007619
a_residual,s0,alpha,817523.0379436493,abs_delta_Fx,0.001736278447191042,0.7842402111354894
a_residual,s0,alpha,841395.1416451965,abs_delta_Fx,0.001736284437541702,0.7842402051451387
a_residual,s0,alpha,865964.3233600653,abs_delta_Fx,0.001736290257933426,0.784240199324747
a_residual,s0,alpha,891250.9381337459,abs_delta_Fx,0.001736295913188357,0.784240193669492
a_residual,s0,alpha,917275.9353897803,abs_delta_Fx,0.0017363014079920802,0.7842401881746883
a_residual,s0,alpha,944060.8762859226,abs_delta_Fx,0.001736306746896954,0.7842401828357835
a_residual,s0,alpha,971627.9515771078,abs_delta_Fx,0.0017363119343261069,0.7842401776483543
a_residual,s0,alpha,1000000.0,abs_delta_Fx,0.0017363169745767681,0.7842401726081036
a_residual,s0,alpha,1029200.5271944286,abs_delta_Fx,0.0017363218718251527,0.7842401677108553
a_residual,s0,alpha,1059253.7251772897,abs_delta_Fx,0.0017363266301284597,0.784240162952552
a_residual,s0,alpha,1090184.492385129,abs_delta_Fx,0.0017363312534282027,0.7842401583292522
a_residual,s0,alpha,1122018.4543019629,abs_delta_Fx,0.0017363357455562056,0.7842401538371242
a_residual,s0,alpha,1154781.9846894583,abs_delta_Fx,0.0017363401102328258,0.7842401494724476
a_residual,s0,alpha,1188502.2274370189,abs_delta_Fx,0.0017363443510745036,0.7842401452316059
a_residual,s0,alpha,1223207.1190499326,abs_delta_Fx,0.0017363484715946509,0.7842401411110858
a_residual,s0,alpha,1258925.4117941686,abs_delta_Fx,0.0017363524752072035,0.7842401371074732
a_residual,s0,alpha,1295686.697517019,abs_delta_Fx,0.0017363563652286196,0.7842401332174518
a_residual,s0,alpha,1333521.432163324,abs_delta_Fx,0.0017363601448823207,0.7842401294377981
a_residual,s0,alpha,1372460.9610075625,abs_delta_Fx,0.001736363817299802,0.7842401257653806
a_residual,s0,alpha,1412537.5446227554,abs_delta_Fx,0.0017363673855224082,0.784240122197158
a_residual,s0,alpha,1453784.3856076635,abs_delta_Fx,0.0017363708525073296,0.7842401187301731
a_residual,s0,alpha,1496235.6560944328,abs_delta_Fx,0.001736374221126935,0.7842401153615535
a_residual,s0,alpha,1539926.526059492,abs_delta_Fx,0.0017363774941721033,0.7842401120885083
a_residual,s0,alpha,1584893.1924611141,abs_delta_Fx,0.0017363806743537769,0.7842401089083266
a_residual,s0,alpha,1631172.9092278397,abs_delta_Fx,0.0017363837643074032,0.784240105818373
a_residual,s0,alpha,1678804.0181225624,abs_delta_Fx,0.0017363867665920463,0.7842401028160884
a_residual,s0,alpha,1727825.9805078628,abs_delta_Fx,0.0017363896836963821,0.784240099898984
a_residual,s0,alpha,1778279.410038923,abs_delta_Fx,0.001736392518036034,0.7842400970646444
a_residual,s0,alpha,1830206.1063110568,abs_delta_Fx,0.0017363952719597897,0.7842400943107206
a_residual,s0,alpha,1883649.089489802,abs_delta_Fx,0.0017363979477489355,0.7842400916349315
a_residual,s0,alpha,1938652.6359522096,abs_delta_Fx,0.0017364005476203648,0.78424008903506
a_residual,s0,alpha,1995262.3149688789,abs_delta_Fx,0.0017364030737283542,0.784240086508952
a_residual,s0,alpha,2053525.026457146,abs_delta_Fx,0.0017364055281654522,0.784240084054515
a_residual,s0,alpha,2113489.0398366475,abs_delta_Fx,0.0017364079129646992,0.7842400816697157
a_residual,s0,alpha,2175204.034019524,abs_delta_Fx,0.0017364102301022921,0.7842400793525781
a_residual,s0,alpha,2238721.138568342,abs_delta_Fx,0.0017364124814982507,0.7842400771011822
a_residual,s0,alpha,2304092.9760558447,abs_delta_Fx,0.0017364146690173055,0.7842400749136631
a_residual,s0,alpha,2371373.7056616554,abs_delta_Fx,0.0017364167944717845,0.7842400727882086
a_residual,s0,alpha,2440619.068041981,abs_delta_Fx,0.0017364188596227237,0.7842400707230577
a_residual,s0,alpha,2511886.4315095823,abs_delta_Fx,0.0017364208661814207,0.784240068716499
a_residual,s0,alpha,2585234.839562194,abs_delta_Fx,0.0017364228158096573,0.7842400667668707
a_residual,s0,alpha,2660725.059798809,abs_delta_Fx,0.0017364247101230301,0.7842400648725574
a_residual,s0,alpha,2738419.634264361,abs_delta_Fx,0.0017364265506905063,0.7842400630319899
a_residual,s0,alpha,2818382.931264455,abs_delta_Fx,0.0017364283390377544,0.7842400612436426
a_residual,s0,alpha,2900681.1986931562,abs_delta_Fx,0.0017364300766460339,0.7842400595060344
a_residual,s0,alpha,2985382.6189179635,abs_delta_Fx,0.0017364317649544159,0.784240057817726
a_residual,s0,alpha,3072557.3652674453,abs_delta_Fx,0.0017364334053620034,0.7842400561773184
a_residual,s0,alpha,3162277.6601683795,abs_delta_Fx,0.0017364349992277095,0.7842400545834527
a_residual,s0,alpha,3254617.83498046,abs_delta_Fx,0.0017364365478724775,0.7842400530348079
a_residual,s0,alpha,3349654.3915782794,abs_delta_Fx,0.001736438052578837,0.7842400515301016
a_residual,s0,alpha,3447466.065731498,abs_delta_Fx,0.0017364395145935685,0.7842400500680868
a_residual,s0,alpha,3548133.892335753,abs_delta_Fx,0.0017364409351281473,0.7842400486475523
a_residual,s0,alpha,3651741.272548377,abs_delta_Fx,0.0017364423153589659,0.7842400472673214
a_residual,s0,alpha,3758374.0428844434,abs_delta_Fx,0.0017364436564295538,0.7842400459262509
a_residual,s0,alpha,3868120.546330525,abs_delta_Fx,0.0017364449594519105,0.7842400446232285
a_residual,s0,alpha,3981071.7055349774,abs_delta_Fx,0.0017364462255042845,0.7842400433571761
a_residual,s0,alpha,4097321.098135413,abs_delta_Fx,0.0017364474556362808,0.7842400421270441
a_residual,s0,alpha,4216965.034285823,abs_delta_Fx,0.001736448650867528,0.7842400409318129
a_residual,s0,alpha,4340102.63644744,abs_delta_Fx,0.001736449812186791,0.7842400397704936
a_residual,s0,alpha,4466835.921509635,abs_delta_Fx,0.0017364509405570772,0.7842400386421233
a_residual,s0,alpha,4597269.885308728,abs_delta_Fx,0.0017364520369134162,0.784240037545767
a_residual,s0,alpha,4731512.589614803,abs_delta_Fx,0.0017364531021644147,0.784240036480516
a_residual,s0,alpha,4869675.2516586315,abs_delta_Fx,0.0017364541371909237,0.7842400354454895
a_residual,s0,alpha,5011872.336272725,abs_delta_Fx,0.0017364551428526998,0.7842400344398277
a_residual,s0,alpha,5158221.650723061,abs_delta_Fx,0.0017364561199813,0.7842400334626991
a_residual,s0,alpha,5308844.44230989,abs_delta_Fx,0.001736457069386299,0.7842400325132941
a_residual,s0,alpha,5463865.49881854,abs_delta_Fx,0.0017364579918552892,0.7842400315908251
a_residual,s0,alpha,5623413.251903491,abs_delta_Fx,0.0017364588881518817,0.7842400306945285
a_residual,s0,alpha,5787619.883491209,abs_delta_Fx,0.0017364597590185937,0.7842400298236618
a_residual,s0,alpha,5956621.435290109,abs_delta_Fx,0.0017364606051772924,0.7842400289775031
a_residual,s0,alpha,6130557.921498215,abs_delta_Fx,0.0017364614273285284,0.7842400281553519
a_residual,s0,alpha,6309573.444801942,abs_delta_Fx,0.0017364622261533125,0.7842400273565271
a_residual,s0,alpha,6493816.315762113,abs_delta_Fx,0.0017364630023142258,0.7842400265803662
a_residual,s0,alpha,6683439.175686149,abs_delta_Fx,0.0017364637564536434,0.7842400258262268
a_residual,s0,alpha,6878599.123088081,abs_delta_Fx,0.0017364644891963987,0.784240025093484
a_residual,s0,alpha,7079457.843841388,abs_delta_Fx,0.001736465201150228,0.7842400243815302
a_residual,s0,alpha,7286181.745132289,abs_delta_Fx,0.0017364658929044374,0.784240023689776
a_residual,s0,alpha,7498942.093324558,abs_delta_Fx,0.0017364665650316802,0.7842400230176487
a_residual,s0,alpha,7717915.155850127,abs_delta_Fx,0.0017364672180899543,0.7842400223645905
a_residual,s0,alpha,7943282.347242822,abs_delta_Fx,0.0017364678526188282,0.7842400217300616
a_residual,s0,alpha,8175230.37943651,abs_delta_Fx,0.0017364684691452137,0.7842400211135352
a_residual,s0,alpha,8413951.416451965,abs_delta_Fx,0.0017364690681798134,0.7842400205145006
a_residual,s0,alpha,8659643.233600654,abs_delta_Fx,0.0017364696502180088,0.7842400199324624
a_residual,s0,alpha,8912509.381337458,abs_delta_Fx,0.001736470215742969,0.7842400193669374
a_residual,s0,alpha,9172759.353897803,abs_delta_Fx,0.00173647076522232,0.7842400188174581
a_residual,s0,alpha,9440608.762859246,abs_delta_Fx,0.0017364712991123632,0.784240018283568
a_residual,s0,alpha,9716279.515771078,abs_delta_Fx,0.0017364718178549676,0.7842400177648254
a_residual,s0,alpha,10000000.0,abs_delta_Fx,0.0017364723218795675,0.7842400172608008
a_residual,s1,alpha,100.0,abs_delta_Fx,0.0,0.8881169157376779
a_residual,s1,alpha,102.92005271944286,abs_delta_Fx,3.5447066010663164e-05,0.8880814686716673
a_residual,s1,alpha,105.92537251772886,abs_delta_Fx,6.987683129966449e-05,0.8880470389063783
a_residual,s1,alpha,109.01844923851279,abs_delta_Fx,0.00010331881199254767,0.8880135969256854
a_residual,s1,alpha,112.2018454301963,abs_delta_Fx,0.00013580164985904641,0.8879811140878189
a_residual,s1,alpha,115.47819846894582,abs_delta_Fx,0.0001673531392174521,0.8879495625984605
a_residual,s1,alpha,118.85022274370189,abs_delta_Fx,0.00019800025295380053,0.8879189154847241
a_residual,s1,alpha,122.32071190499313,abs_delta_Fx,0.00022776916769362554,0.8878891465699843
a_residual,s1,alpha,125.89254117941675,abs_delta_Fx,0.00025668528815137037,0.8878602304495266
a_residual,s1,alpha,129.5686697517019,abs_delta_Fx,0.000284773270688099,0.8878321424669898
a_residual,s1,alpha,133.3521432163324,abs_delta_Fx,0.0003120570461068173,0.8878048586915711
a_residual,s1,alpha,137.24609610075626,abs_delta_Fx,0.0003385598417107172,0.8877783558959672
a_residual,s1,alpha,141.2537544622754,abs_delta_Fx,0.00036430420265443075,0.8877526115350235
a_residual,s1,alpha,145.37843856076623,abs_delta_Fx,0.0003893120126072791,0.8877276037250706
a_residual,s1,alpha,149.6235656094433,abs_delta_Fx,0.0004136045137571598,0.8877033112239208
a_residual,s1,alpha,153.9926526059492,abs_delta_Fx,0.00043720232617605603,0.8876797134115019
a_residual,s1,alpha,158.48931924611142,abs_delta_Fx,0.00046012546657037134,0.8876567902711076
a_residual,s1,alpha,163.1172909227838,abs_delta_Fx,0.00048239336643562947,0.8876345223712423
a_residual,s1,alpha,167.88040181225605,abs_delta_Fx,0.0005040248896398536,0.8876128908480381
a_residual,s1,alpha,172.78259805078628,abs_delta_Fx,0.0005250383494472821,0.8875918773882306
a_residual,s1,alpha,177.82794100389228,abs_delta_Fx,0.000545451525012064,0.8875714642126659
a_residual,s1,alpha,183.02061063110568,abs_delta_Fx,0.0005652816773535907,0.8875516340603243
a_residual,s1,alpha,188.36490894898,abs_delta_Fx,0.0005845455648286757,0.8875323701728492
a_residual,s1,alpha,193.86526359522077,abs_delta_Fx,0.000603259458124894,0.887513656279553
a_residual,s1,alpha,199.52623149688787,abs_delta_Fx,0.0006214391547832987,0.8874954765828946
a_residual,s1,alpha,205.3525026457146,abs_delta_Fx,0.0006390999932742725,0.8874778157444037
a_residual,s1,alpha,211.34890398366477,abs_delta_Fx,0.0006562568666350632,0.8874606588710429
a_residual,s1,alpha,217.52040340195222,abs_delta_Fx,0.0006729242356844356,0.8874439915019935
a_residual,s1,alpha,223.872113856834,abs_delta_Fx,0.00068911614183087,0.8874277995958471
a_residual,s1,alpha,230.40929760558447,abs_delta_Fx,0.0007048462194884086,0.8874120695181895
a_residual,s1,alpha,237.13737056616552,abs_delta_Fx,0.0007201277081085866,0.8873967880295693
a_residual,s1,alpha,244.06190680419814,abs_delta_Fx,0.0007349734638407712,0.8873819422738372
a_residual,s1,alpha,251.18864315095797,abs_delta_Fx,0.0007493959708461118,0.8873675197668318
a_residual,s1,alpha,258.52348395621914,abs_delta_Fx,0.0007634073522541085,0.8873535083854238
a_residual,s1,alpha,266.0725059798809,abs_delta_Fx,0.0007770193807904446,0.8873398963568875
a_residual,s1,alpha,273.8419634264361,abs_delta_Fx,0.0007902434890854071,0.8873266722485925
a_residual,s1,alpha,281.8382931264455,abs_delta_Fx,0.0008030907796600095,0.8873138249580179
a_residual,s1,alpha,290.0681198693153,abs_delta_Fx,0.0008155720346209039,0.887301343703057
a_residual,s1,alpha,298.538261891796,abs_delta_Fx,0.0008276977250498696,0.8872892180126281
a_residual,s1,alpha,307.25573652674456,abs_delta_Fx,0.0008394780201210761,0.8872774377175568
a_residual,s1,alpha,316.22776601683796,abs_delta_Fx,0.0008509227959343502,0.8872659929417436
a_residual,s1,alpha,325.46178349804603,abs_delta_Fx,0.0008620416440894285,0.8872548740935885
a_residual,s1,alpha,334.9654391578276,abs_delta_Fx,0.0008728438799970872,0.8872440718576808
a_residual,s1,alpha,344.74660657314945,abs_delta_Fx,0.0008833385509431357,0.8872335771867348
a_residual,s1,alpha,354.8133892335753,abs_delta_Fx,0.0008935344439142678,0.8872233812937637
a_residual,s1,alpha,365.1741272548377,abs_delta_Fx,0.0009034400931817732,0.8872134756444962
a_residual,s1,alpha,375.8374042884443,abs_delta_Fx,0.0009130637876654246,0.8872038519500125
a_residual,s1,alpha,386.81205463305207,abs_delta_Fx,0.0009224135780754317,0.8871945021596025
a_residual,s1,alpha,398.1071705534973,abs_delta_Fx,0.0009314972838418978,0.887185418453836
a_residual,s1,alpha,409.73210981354134,abs_delta_Fx,0.0009403224998362214,0.8871765932378417
a_residual,s1,alpha,421.6965034285823,abs_delta_Fx,0.0009488966028952106,0.8871680191347827
a_residual,s1,alpha,434.010263644744,abs_delta_Fx,0.0009572267581497984,0.8871596889795281
a_residual,s1,alpha,446.683592150963,abs_delta_Fx,0.0009653199251693501,0.8871515958125086
a_residual,s1,alpha,459.7269885308723,abs_delta_Fx,0.0009731828639184537,0.8871437328737595
a_residual,s1,alpha,473.15125896148027,abs_delta_Fx,0.0009808221405417372,0.8871360935971362
a_residual,s1,alpha,486.9675251658631,abs_delta_Fx,0.0009882441329776004,0.8871286716047003
a_residual,s1,alpha,501.18723362727246,abs_delta_Fx,0.0009954550364036363,0.8871214607012743
a_residual,s1,alpha,515.8221650723056,abs_delta_Fx,0.001002460868525623,0.8871144548691523
a_residual,s1,alpha,530.8844442309885,abs_delta_Fx,0.001009267474705644,0.8871076482629723
a_residual,s1,alpha,546.386549881854,abs_delta_Fx,0.0010158805329436582,0.8871010352047343
a_residual,s1,alpha,562.341325190349,abs_delta_Fx,0.0010223055587110785,0.8870946101789668
a_residual,s1,alpha,578.7619883491209,abs_delta_Fx,0.001028547909641686,0.8870883678280362
a_residual,s1,alpha,595.6621435290103,abs_delta_Fx,0.001034612790086209,0.8870823029475917
a_residual,s1,alpha,613.0557921498208,abs_delta_Fx,0.0010405052555337857,0.8870764104821441
a_residual,s1,alpha,630.957344480193,abs_delta_Fx,0.0010462302169005344,0.8870706855207774
a_residual,s1,alpha,649.3816315762114,abs_delta_Fx,0.0010517924446973304,0.8870651232929806
a_residual,s1,alpha,668.3439175686149,abs_delta_Fx,0.0010571965730720168,0.8870597191646059
a_residual,s1,alpha,687.8599123088075,abs_delta_Fx,0.001062447103737929,0.88705446863394
a_residual,s1,alpha,707.945784384138,abs_delta_Fx,0.0010675484097814048,0.8870493673278965
a_residual,s1,alpha,728.6181745132274,abs_delta_Fx,0.001072504739363045,0.8870444109983149
a_residual,s1,alpha,749.8942093324558,abs_delta_Fx,0.0010773202193122833,0.8870395955183656
a_residual,s1,alpha,771.7915155850127,abs_delta_Fx,0.001081998858610933,0.887034916879067
a_residual,s1,alpha,794.3282347242813,abs_delta_Fx,0.0010865445517821426,0.8870303711858958
a_residual,s1,alpha,817.5230379436501,abs_delta_Fx,0.0010909610821768778,0.887025954655501
a_residual,s1,alpha,841.3951416451947,abs_delta_Fx,0.0010952521251663683,0.8870216636125116
a_residual,s1,alpha,865.9643233600654,abs_delta_Fx,0.0010994212512412949,0.8870174944864366
a_residual,s1,alpha,891.2509381337459,abs_delta_Fx,0.0011034719290209383,0.887013443808657
a_residual,s1,alpha,917.2759353897794,abs_delta_Fx,0.0011074075281771734,0.8870095082095008
a_residual,s1,alpha,944.0608762859235,abs_delta_Fx,0.0011112313222687575,0.8870056844154092
a_residual,s1,alpha,971.6279515771058,abs_delta_Fx,0.0011149464914994578,0.8870019692461785
a_residual,s1,alpha,1000.0,abs_delta_Fx,0.0011185561253916898,0.8869983596122862
a_residual,s1,alpha,1029.2005271944286,abs_delta_Fx,0.0011220632253862162,0.8869948525122917
a_residual,s1,alpha,1059.2537251772897,abs_delta_Fx,0.001125470707364018,0.8869914450303139
a_residual,s1,alpha,1090.184492385128,abs_delta_Fx,0.0011287814040968902,0.886988134333581
a_residual,s1,alpha,1122.018454301963,abs_delta_Fx,0.0011319980676254282,0.8869849176700525
a_residual,s1,alpha,1154.781984689458,abs_delta_Fx,0.0011351233715725106,0.8869817923661054
a_residual,s1,alpha,1188.502227437019,abs_delta_Fx,0.0011381599133829523,0.886978755824295
a_residual,s1,alpha,1223.2071190499325,abs_delta_Fx,0.0011411102165068687,0.8869758055211711
a_residual,s1,alpha,1258.9254117941675,abs_delta_Fx,0.001143976732513985,0.8869729390051639
a_residual,s1,alpha,1295.686697517019,abs_delta_Fx,0.0011467618431489912,0.8869701538945289
a_residual,s1,alpha,1333.521432163324,abs_delta_Fx,0.001149467862326392,0.8869674478753515
a_residual,s1,alpha,1372.4609610075624,abs_delta_Fx,0.0011520970380726192,0.8869648186996053
a_residual,s1,alpha,1412.5375446227554,abs_delta_Fx,0.0011546515544061942,0.8869622641832717
a_residual,s1,alpha,1453.7843856076622,abs_delta_Fx,0.0011571335331667099,0.8869597822045112
a_residual,s1,alpha,1496.235656094433,abs_delta_Fx,0.0011595450357926307,0.8869573707018853
a_residual,s1,alpha,1539.926526059492,abs_delta_Fx,0.001161888065041583,0.8869550276726363
a_residual,s1,alpha,1584.893192461114,abs_delta_Fx,0.0011641645666745637,0.8869527511710034
a_residual,s1,alpha,1631.1729092278397,abs_delta_Fx,0.0011663764310734237,0.8869505393066045
a_residual,s1,alpha,1678.8040181225606,abs_delta_Fx,0.0011685254948277102,0.8869483902428502
a_residual,s1,alpha,1727.8259805078628,abs_delta_Fx,0.0011706135422677733,0.8869463021954102
a_residual,s1,alpha,1778.2794100389228,abs_delta_Fx,0.0011726423069565728,0.8869442734307214
a_residual,s1,alpha,1830.2061063110568,abs_delta_Fx,0.001174613473136965,0.886942302264541
a_residual,s1,alpha,1883.649089489802,abs_delta_Fx,0.0011765286771402428,0.8869403870605377
a_residual,s1,alpha,1938.6526359522077,abs_delta_Fx,0.0011783895087515983,0.8869385262289263
a_residual,s1,alpha,1995.2623149688789,abs_delta_Fx,0.0011801975125373954,0.8869367182251405
a_residual,s1,alpha,2053.525026457146,abs_delta_Fx,0.0011819541891336938,0.8869349615485442
a_residual,s1,alpha,2113.489039836648,abs_delta_Fx,0.0011836609965004685,0.8869332547411775
a_residual,s1,alpha,2175.2040340195244,abs_delta_Fx,0.0011853193511361937,0.8869315963865417
a_residual,s1,alpha,2238.72113856834,abs_delta_Fx,0.0011869306292621173,0.8869299851084158
a_residual,s1,alpha,2304.0929760558447,abs_delta_Fx,0.0011884961679670125,0.8869284195697109
a_residual,s1,alpha,2371.373705661655,abs_delta_Fx,0.0011900172663238395,0.8869268984713541
a_residual,s1,alpha,2440.6190680419813,abs_delta_Fx,0.0011914951864725465,0.8869254205512054
a_residual,s1,alpha,2511.886431509582,abs_delta_Fx,0.0011929311546717836,0.8869239845830061
a_residual,s1,alpha,2585.234839562191,abs_delta_Fx,0.0011943263623224176,0.8869225893753555
a_residual,s1,alpha,2660.7250597988086,abs_delta_Fx,0.0011956819669585173,0.8869212337707194
a_residual,s1,alpha,2738.4196342643613,abs_delta_Fx,0.0011969990932115815,0.8869199166444663
a_residual,s1,alpha,2818.382931264455,abs_delta_Fx,0.0011982788337500105,0.8869186369039279
a_residual,s1,alpha,2900.681198693156,abs_delta_Fx,0.0011995222501853808,0.8869173934874925
a_residual,s1,alpha,2985.3826189179604,abs_delta_Fx,0.0012007303739609565,0.886916185363717
a_residual,s1,alpha,3072.557365267445,abs_delta_Fx,0.001201904207206117,0.8869150115304718
a_residual,s1,alpha,3162.2776601683795,abs_delta_Fx,0.0012030447235740205,0.8869138710141039
a_residual,s1,alpha,3254.61783498046,abs_delta_Fx,0.0012041528690492909,0.8869127628686286
a_residual,s1,alpha,3349.6543915782795,abs_delta_Fx,0.001205229562739607,0.8869116861749383
a_residual,s1,alpha,3447.4660657314944,abs_delta_Fx,0.001206275697634207,0.8869106400400437
a_residual,s1,alpha,3548.133892335753,abs_delta_Fx,0.001207292141353844,0.8869096235963241
a_residual,s1,alpha,3651.741272548377,abs_delta_Fx,0.0012082797368661025,0.8869086360008118
a_residual,s1,alpha,3758.374042884443,abs_delta_Fx,0.001209239303193499,0.8869076764344844
a_residual,s1,alpha,3868.120546330525,abs_delta_Fx,0.0012101716360886083,0.8869067441015893
a_residual,s1,alpha,3981.0717055349733,abs_delta_Fx,0.0012110775086995318,0.8869058382289784
a_residual,s1,alpha,4097.321098135413,abs_delta_Fx,0.0012119576722106062,0.8869049580654673
a_residual,s1,alpha,4216.965034285822,abs_delta_Fx,0.0012128128564693474,0.8869041028812086
a_residual,s1,alpha,4340.10263644744,abs_delta_Fx,0.0012136437705916325,0.8869032719670863
a_residual,s1,alpha,4466.835921509635,abs_delta_Fx,0.0012144511035525607,0.8869024646341254
a_residual,s1,alpha,4597.269885308723,abs_delta_Fx,0.0012152355247564417,0.8869016802129215
a_residual,s1,alpha,4731.512589614803,abs_delta_Fx,0.0012159976845977916,0.8869009180530801
a_residual,s1,alpha,4869.675251658631,abs_delta_Fx,0.0012167382149949058,0.886900177522683
a_residual,s1,alpha,5011.872336272725,abs_delta_Fx,0.0012174577299240985,0.8868994580077538
a_residual,s1,alpha,5158.2216507230605,abs_delta_Fx,0.0012181568259224118,0.8868987589117555
a_residual,s1,alpha,5308.8444423098845,abs_delta_Fx,0.0012188360825854394,0.8868980796550925
a_residual,s1,alpha,5463.86549881854,abs_delta_Fx,0.0012194960630519391,0.886897419674626
a_residual,s1,alpha,5623.413251903491,abs_delta_Fx,0.0012201373144647976,0.8868967784232131
a_residual,s1,alpha,5787.619883491208,abs_delta_Fx,0.0012207603684355472,0.8868961553692424
a_residual,s1,alpha,5956.62143529011,abs_delta_Fx,0.0012213657414745782,0.8868955499962033
a_residual,s1,alpha,6130.557921498208,abs_delta_Fx,0.001221953935429454,0.8868949618022485
a_residual,s1,alpha,6309.57344480193,abs_delta_Fx,0.001222525437895916,0.886894390299782
a_residual,s1,alpha,6493.816315762113,abs_delta_Fx,0.0012230807226275564,0.8868938350150504
a_residual,s1,alpha,6683.439175686149,abs_delta_Fx,0.001223620249922841,0.8868932954877551
a_residual,s1,alpha,6878.599123088082,abs_delta_Fx,0.0012241444670146873,0.8868927712706632
a_residual,s1,alpha,7079.457843841381,abs_delta_Fx,0.0012246538084357272,0.8868922619292422
a_residual,s1,alpha,7286.181745132274,abs_delta_Fx,0.0012251486963817948,0.8868917670412961
a_residual,s1,alpha,7498.942093324558,abs_delta_Fx,0.0012256295410641993,0.8868912861966137
a_residual,s1,alpha,7717.915155850127,abs_delta_Fx,0.001226096741045013,0.8868908189966329
a_residual,s1,alpha,7943.282347242822,abs_delta_Fx,0.0012265506835741347,0.8868903650541038
a_residual,s1,alpha,8175.230379436502,abs_delta_Fx,0.0012269917449051482,0.8868899239927728
a_residual,s1,alpha,8413.951416451948,abs_delta_Fx,0.001227420290611625,0.8868894954470663
a_residual,s1,alpha,8659.643233600653,abs_delta_Fx,0.0012278366758895487,0.8868890790617884
a_residual,s1,alpha,8912.509381337459,abs_delta_Fx,0.0012282412458507475,0.8868886744918272
a_residual,s1,alpha,9172.759353897804,abs_delta_Fx,0.001228634335809109,0.8868882814018688
a_residual,s1,alpha,9440.608762859236,abs_delta_Fx,0.0012290162715616892,0.8868878994661162
a_residual,s1,alpha,9716.279515771057,abs_delta_Fx,0.0012293873696569424,0.886887528368021
a_residual,s1,alpha,10000.0,abs_delta_Fx,0.0012297479376570664,0.8868871678000209
a_residual,s1,alpha,10292.005271944287,abs_delta_Fx,0.0012300982743941313,0.8868868174632838
a_residual,s1,alpha,10592.537251772897,abs_delta_Fx,0.0012304386702184367,0.8868864770674595
a_residual,s1,alpha,10901.844923851268,abs_delta_Fx,0.0012307694072367648,0.8868861463304412
a_residual,s1,alpha,11220.184543019654,abs_delta_Fx,0.0012310907595498577,0.8868858249781281
a_residual,s1,alpha,11547.819846894581,abs_delta_Fx,0.0012314029934785697,0.8868855127441994
a_residual,s1,alpha,11885.022274370189,abs_delta_Fx,0.0012317063677836915,0.8868852093698942
a_residual,s1,alpha,12232.071190499326,abs_delta_Fx,0.0012320011338818881,0.886884914603796
a_residual,s1,alpha,12589.254117941662,abs_delta_Fx,0.0012322875360524232,0.8868846282016255
a_residual,s1,alpha,12956.866975170216,abs_delta_Fx,0.001232565811643549,0.8868843499260344
a_residual,s1,alpha,13335.21432163324,abs_delta_Fx,0.0012328361912653518,0.8868840795464126
a_residual,s1,alpha,13724.609610075626,abs_delta_Fx,0.0012330988989825986,0.8868838168386953
a_residual,s1,alpha,14125.375446227554,abs_delta_Fx,0.0012333541525016978,0.8868835615851762
a_residual,s1,alpha,14537.843856076606,abs_delta_Fx,0.0012336021633490013,0.8868833135743289
a_residual,s1,alpha,14962.35656094436,abs_delta_Fx,0.0012338431370479963,0.8868830726006299
a_residual,s1,alpha,15399.26526059492,abs_delta_Fx,0.001234077273288503,0.8868828384643894
a_residual,s1,alpha,15848.93192461114,abs_delta_Fx,0.0012343047660940965,0.8868826109715838
a_residual,s1,alpha,16311.729092278396,abs_delta_Fx,0.0012345258039812013,0.8868823899336967
a_residual,s1,alpha,16788.040181225588,abs_delta_Fx,0.0012347405701160774,0.8868821751675618
a_residual,s1,alpha,17278.259805078662,abs_delta_Fx,0.0012349492424662545,0.8868819664952117
a_residual,s1,alpha,17782.794100389227,abs_delta_Fx,0.0012351519939487465,0.8868817637437292
a_residual,s1,alpha,18302.061063110566,abs_delta_Fx,0.001235348992573826,0.8868815667451041
a_residual,s1,alpha,18836.49089489802,abs_delta_Fx,0.001235540401583246,0.8868813753360947
a_residual,s1,alpha,19386.526359522057,abs_delta_Fx,0.0012357263795855777,0.8868811893580923
a_residual,s1,alpha,19952.62314968883,abs_delta_Fx,0.0012359070806892136,0.8868810086569887
a_residual,s1,alpha,20535.25026457146,abs_delta_Fx,0.0012360826546288228,0.8868808330830491
a_residual,s1,alpha,21134.890398366475,abs_delta_Fx,0.0012362532468885856,0.8868806624907893
a_residual,s1,alpha,21752.040340195246,abs_delta_Fx,0.0012364189988258723,0.886880496738852
a_residual,s1,alpha,22387.21138568338,abs_delta_Fx,0.0012365800477849298,0.886880335689893
a_residual,s1,alpha,23040.929760558494,abs_delta_Fx,0.0012367365272144548,0.8868801792104635
a_residual,s1,alpha,23713.737056616552,abs_delta_Fx,0.0012368885667738416,0.8868800271709041
a_residual,s1,alpha,24406.19068041981,abs_delta_Fx,0.0012370362924443157,0.8868798794452336
a_residual,s1,alpha,25118.864315095823,abs_delta_Fx,0.001237179826630852,0.8868797359110471
a_residual,s1,alpha,25852.348395621888,abs_delta_Fx,0.0012373192882679795,0.88687959644941
a_residual,s1,alpha,26607.25059798814,abs_delta_Fx,0.0012374547929112634,0.8868794609447667
a_residual,s1,alpha,27384.196342643612,abs_delta_Fx,0.0012375864528384461,0.8868793292848395
a_residual,s1,alpha,28183.82931264455,abs_delta_Fx,0.001237714377143262,0.8868792013605347
a_residual,s1,alpha,29006.81198693156,abs_delta_Fx,0.0012378386718220336,0.8868790770658559
a_residual,s1,alpha,29853.82618917957,abs_delta_Fx,0.0012379594398609362,0.886878956297817
a_residual,s1,alpha,30725.573652674517,abs_delta_Fx,0.0012380767813278126,0.8868788389563501
a_residual,s1,alpha,31622.776601683792,abs_delta_Fx,0.001238190793449112,0.8868787249442288
a_residual,s1,alpha,32546.178349804602,abs_delta_Fx,0.0012383015706916023,0.8868786141669863
a_residual,s1,alpha,33496.54391578279,abs_delta_Fx,0.0012384092048428608,0.8868785065328351
a_residual,s1,alpha,34474.66065731491,abs_delta_Fx,0.0012385137850841055,0.8868784019525938
a_residual,s1,alpha,35481.3389233576,abs_delta_Fx,0.0012386153980686876,0.8868783003396092
a_residual,s1,alpha,36517.41272548377,abs_delta_Fx,0.0012387141279880387,0.8868782016096899
a_residual,s1,alpha,37583.74042884443,abs_delta_Fx,0.001238810056647277,0.8868781056810306
a_residual,s1,alpha,38681.20546330525,abs_delta_Fx,0.001238903263527491,0.8868780124741504
a_residual,s1,alpha,39810.71705534969,abs_delta_Fx,0.0012389938258579036,0.88687792191182
a_residual,s1,alpha,40973.21098135422,abs_delta_Fx,0.0012390818186719388,0.886877833919006
a_residual,s1,alpha,42169.65034285822,abs_delta_Fx,0.0012391673148781646,0.8868777484227998
a_residual,s1,alpha,43401.026364474405,abs_delta_Fx,0.001239250385314028,0.8868776653523639
a_residual,s1,alpha,44668.359215096345,abs_delta_Fx,0.0012393310988065842,0.8868775846388713
a_residual,s1,alpha,45972.69885308718,abs_delta_Fx,0.0012394095222313384,0.8868775062154466
a_residual,s1,alpha,47315.12589614812,abs_delta_Fx,0.0012394857205665355,0.8868774300171114
a_residual,s1,alpha,48696.75251658631,abs_delta_Fx,0.0012395597569438976,0.886877355980734
a_residual,s1,alpha,50118.72336272725,abs_delta_Fx,0.0012396316927069106,0.886877284044971
a_residual,s1,alpha,51582.21650723061,abs_delta_Fx,0.0012397015874567874,0.8868772141502211
a_residual,s1,alpha,53088.444423098794,abs_delta_Fx,0.001239769499103982,0.8868771462385739
a_residual,s1,alpha,54638.65498818551,abs_delta_Fx,0.0012398354839158188,0.8868770802537621
a_residual,s1,alpha,56234.13251903491,abs_delta_Fx,0.0012398995965623438,0.8868770161411156
a_residual,s1,alpha,57876.19883491209,abs_delta_Fx,0.00123996189016351,0.8868769538475144
a_residual,s1,alpha,59566.214352901094,abs_delta_Fx,0.0012400224163323648,0.8868768933213456
a_residual,s1,alpha,61305.57921498202,abs_delta_Fx,0.0012400812252151283,0.8868768345124628
a_residual,s1,alpha,63095.73444801943,abs_delta_Fx,0.0012401383655371578,0.8868767773721408
a_residual,s1,alpha,64938.16315762113,abs_delta_Fx,0.0012401938846408056,0.8868767218530371
a_residual,s1,alpha,66834.39175686149,abs_delta_Fx,0.001240247828525054,0.8868766679091529
a_residual,s1,alpha,68785.99123088081,abs_delta_Fx,0.0012403002418837072,0.8868766154957942
a_residual,s1,alpha,70794.57843841374,abs_delta_Fx,0.001240351168143028,0.8868765645695349
a_residual,s1,alpha,72861.81745132289,abs_delta_Fx,0.0012404006494953768,0.8868765150881825
a_residual,s1,alpha,74989.42093324558,abs_delta_Fx,0.0012404487269375153,0.8868764670107404
a_residual,s1,alpha,77179.15155850127,abs_delta_Fx,0.0012404954403024693,0.8868764202973755
a_residual,s1,alpha,79432.82347242821,abs_delta_Fx,0.0012405408282936126,0.8868763749093843
a_residual,s1,alpha,81752.30379436494,abs_delta_Fx,0.0012405849285150872,0.8868763308091628
a_residual,s1,alpha,84139.51416451964,abs_delta_Fx,0.001240627777505665,0.8868762879601723
a_residual,s1,alpha,86596.43233600653,abs_delta_Fx,0.0012406694107642835,0.8868762463269136
a_residual,s1,alpha,89125.0938133746,abs_delta_Fx,0.001240709862786682,0.8868762058748912
a_residual,s1,alpha,91727.59353897804,abs_delta_Fx,0.0012407491670868298,0.8868761665705911
a_residual,s1,alpha,94406.08762859226,abs_delta_Fx,0.0012407873562290117,0.8868761283814489
a_residual,s1,alpha,97162.79515771077,abs_delta_Fx,0.0012408244618538067,0.8868760912758241
a_residual,s1,alpha,100000.0,abs_delta_Fx,0.0012408605147029572,0.886876055222975
a_residual,s1,alpha,102920.05271944286,abs_delta_Fx,0.0012408955446469028,0.886876020193031
a_residual,s1,alpha,105925.37251772897,abs_delta_Fx,0.0012409295807079834,0.8868759861569699
a_residual,s1,alpha,109018.44923851268,abs_delta_Fx,0.00124096265108542,0.8868759530865925
a_residual,s1,alpha,112201.84543019652,abs_delta_Fx,0.0012409947831788504,0.8868759209544991
a_residual,s1,alpha,115478.19846894582,abs_delta_Fx,0.0012410260036088694,0.8868758897340691
a_residual,s1,alpha,118850.22274370189,abs_delta_Fx,0.0012410563382423412,0.8868758593994356
a_residual,s1,alpha,122320.71190499325,abs_delta_Fx,0.0012410858122116064,0.8868758299254663
a_residual,s1,alpha,125892.54117941661,abs_delta_Fx,0.0012411144499363536,0.8868758012877416
a_residual,s1,alpha,129568.66975170215,abs_delta_Fx,0.0012411422751413825,0.8868757734625365
a_residual,s1,alpha,133352.1432163324,abs_delta_Fx,0.0012411693108822508,0.8868757464267957
a_residual,s1,alpha,137246.09610075626,abs_delta_Fx,0.0012411955795569307,0.886875720158121
a_residual,s1,alpha,141253.75446227554,abs_delta_Fx,0.001241221102928347,0.8868756946347496
a_residual,s1,alpha,145378.43856076605,abs_delta_Fx,0.001241245902144028,0.8868756698355339
a_residual,s1,alpha,149623.56560944358,abs_delta_Fx,0.0012412699977492059,0.8868756457399287
a_residual,s1,alpha,153992.6526059492,abs_delta_Fx,0.0012412934097068007,0.8868756223279711
a_residual,s1,alpha,158489.3192461114,abs_delta_Fx,0.0012413161574146292,0.8868755995802633
a_residual,s1,alpha,163117.29092278396,abs_delta_Fx,0.0012413382597187272,0.8868755774779592
a_residual,s1,alpha,167880.4018122559,abs_delta_Fx,0.0012413597349306693,0.8868755560027473
a_residual,s1,alpha,172782.59805078662,abs_delta_Fx,0.0012413806008425565,0.8868755351368354
a_residual,s1,alpha,177827.94100389228,abs_delta_Fx,0.0012414008747410055,0.8868755148629369
a_residual,s1,alpha,183020.6106311057,abs_delta_Fx,0.0012414205734239125,0.886875495164254
a_residual,s1,alpha,188364.9089489802,abs_delta_Fx,0.0012414397132116672,0.8868754760244663
a_residual,s1,alpha,193865.26359522057,abs_delta_Fx,0.0012414583099605858,0.8868754574277173
a_residual,s1,alpha,199526.2314968883,abs_delta_Fx,0.0012414763790790095,0.8868754393585989
a_residual,s1,alpha,205352.50264571462,abs_delta_Fx,0.0012414939355362975,0.8868754218021416
a_residual,s1,alpha,211348.90398366476,abs_delta_Fx,0.0012415109938774815,0.8868754047438004
a_residual,s1,alpha,217520.40340195244,abs_delta_Fx,0.0012415275682359228,0.886875388169442
a_residual,s1,alpha,223872.11385683378,abs_delta_Fx,0.001241543672344081,0.8868753720653338
a_residual,s1,alpha,230409.29760558493,abs_delta_Fx,0.0012415593195426178,0.8868753564181353
a_residual,s1,alpha,237137.37056616554,abs_delta_Fx,0.0012415745227956076,0.8868753412148823
a_residual,s1,alpha,244061.90680419814,abs_delta_Fx,0.001241589294700085,0.8868753264429778
a_residual,s1,alpha,251188.6431509582,abs_delta_Fx,0.001241603647492151,0.8868753120901858
a_residual,s1,alpha,258523.48395621887,abs_delta_Fx,0.0012416175930648476,0.8868752981446131
a_residual,s1,alpha,266072.5059798814,abs_delta_Fx,0.0012416311429710447,0.8868752845947069
a_residual,s1,alpha,273841.9634264361,abs_delta_Fx,0.0012416443084373174,0.8868752714292406
a_residual,s1,alpha,281838.2931264455,abs_delta_Fx,0.0012416571003706078,0.8868752586373073
a_residual,s1,alpha,290068.1198693156,abs_delta_Fx,0.0012416695293681057,0.8868752462083098
a_residual,s1,alpha,298538.26189179573,abs_delta_Fx,0.001241681605729017,0.8868752341319489
a_residual,s1,alpha,307255.7365267452,abs_delta_Fx,0.0012416933394575613,0.8868752223982204
a_residual,s1,alpha,316227.7660168379,abs_delta_Fx,0.0012417047402746295,0.8868752109974033
a_residual,s1,alpha,325461.783498046,abs_delta_Fx,0.001241715817626221,0.8868751999200517
a_residual,s1,alpha,334965.43915782793,abs_delta_Fx,0.0012417265806886624,0.8868751891569893
a_residual,s1,alpha,344746.6065731491,abs_delta_Fx,0.001241737038380819,0.8868751786992971
a_residual,s1,alpha,354813.389233576,abs_delta_Fx,0.0012417471993649842,0.8868751685383129
a_residual,s1,alpha,365174.1272548377,abs_delta_Fx,0.0012417570720609783,0.886875158665617
a_residual,s1,alpha,375837.4042884443,abs_delta_Fx,0.0012417666646470371,0.8868751490730309
a_residual,s1,alpha,386812.0546330525,abs_delta_Fx,0.0012417759850713583,0.8868751397526066
a_residual,s1,alpha,398107.1705534969,abs_delta_Fx,0.001241785041054988,0.8868751306966229
a_residual,s1,alpha,409732.10981354216,abs_delta_Fx,0.0012417938401009243,0.886875121897577
a_residual,s1,alpha,421696.5034285823,abs_delta_Fx,0.0012418023894996688,0.8868751133481783
a_residual,s1,alpha,434010.263644744,abs_delta_Fx,0.0012418106963330011,0.8868751050413449
a_residual,s1,alpha,446683.5921509635,abs_delta_Fx,0.001241818767484859,0.8868750969701931
a_residual,s1,alpha,459726.9885308718,abs_delta_Fx,0.0012418266096396735,0.8868750891280383
a_residual,s1,alpha,473151.2589614813,abs_delta_Fx,0.001241834229297134,0.8868750815083808
a_residual,s1,alpha,486967.5251658631,abs_delta_Fx,0.0012418416327681925,0.8868750741049097
a_residual,s1,alpha,501187.2336272725,abs_delta_Fx,0.0012418488261874971,0.8868750669114904
a_residual,s1,alpha,515822.1650723061,abs_delta_Fx,0.001241855815513837,0.8868750599221641
a_residual,s1,alpha,530884.4442309879,abs_delta_Fx,0.0012418626065382465,0.8868750531311397
a_residual,s1,alpha,546386.5498818551,abs_delta_Fx,0.0012418692048870028,0.8868750465327909
a_residual,s1,alpha,562341.3251903491,abs_delta_Fx,0.001241875616027066,0.8868750401216509
a_residual,s1,alpha,578761.9883491208,abs_delta_Fx,0.0012418818452689662,0.886875033892409
a_residual,s1,alpha,595662.1435290109,abs_delta_Fx,0.001241887897774352,0.8868750278399036
a_residual,s1,alpha,613055.7921498202,abs_delta_Fx,0.0012418937785574347,0.8868750219591205
a_residual,s1,alpha,630957.3444801943,abs_delta_Fx,0.0012418994924907611,0.8868750162451872
a_residual,s1,alpha,649381.6315762113,abs_delta_Fx,0.0012419050443075452,0.8868750106933704
a_residual,s1,alpha,668343.9175686149,abs_delta_Fx,0.001241910438607663,0.8868750052990703
a_residual,s1,alpha,687859.9123088082,abs_delta_Fx,0.0012419156798595399,0.8868750000578184
a_residual,s1,alpha,707945.7843841374,abs_delta_Fx,0.0012419207724067016,0.8868749949652712
a_residual,s1,alpha,728618.1745132289,abs_delta_Fx,0.0012419257204677736,0.8868749900172102
a_residual,s1,alpha,749894.2093324559,abs_delta_Fx,0.0012419305281415882,0.8868749852095363
a_residual,s1,alpha,771791.5155850127,abs_delta_Fx,0.0012419351994119587,0.886874980538266
a_residual,s1,alpha,794328.2347242822,abs_delta_Fx,0.0012419397381482344,0.8868749759995297
a_residual,s1,alpha,817523.0379436493,abs_delta_Fx,0.00124194414811174,0.8868749715895662
a_residual,s1,alpha,841395.1416451965,abs_delta_Fx,0.0012419484329548869,0.886874967304723
a_residual,s1,alpha,865964.3233600653,abs_delta_Fx,0.0012419525962280575,0.8868749631414499
a_residual,s1,alpha,891250.9381337459,abs_delta_Fx,0.0012419566413799377,0.886874959096298
a_residual,s1,alpha,917275.9353897803,abs_delta_Fx,0.0012419605717629567,0.886874955165915
a_residual,s1,alpha,944060.8762859226,abs_delta_Fx,0.0012419643906330657,0.8868749513470449
a_residual,s1,alpha,971627.9515771078,abs_delta_Fx,0.0012419681011539563,0.886874947636524
a_residual,s1,alpha,1000000.0,abs_delta_Fx,0.0012419717063991698,0.8868749440312788
a_residual,s1,alpha,1029200.5271944286,abs_delta_Fx,0.0012419752093565384,0.8868749405283214
a_residual,s1,alpha,1059253.7251772897,abs_delta_Fx,0.001241978612927741,0.8868749371247502
a_residual,s1,alpha,1090184.492385129,abs_delta_Fx,0.001241981919931523,0.8868749338177464
a_residual,s1,alpha,1122018.4543019629,abs_delta_Fx,0.001241985133110024,0.8868749306045679
a_residual,s1,alpha,1154781.9846894583,abs_delta_Fx,0.0012419882551233385,0.8868749274825546
a_residual,s1,alpha,1188502.2274370189,abs_delta_Fx,0.0012419912885588413,0.8868749244491191
a_residual,s1,alpha,1223207.1190499326,abs_delta_Fx,0.0012419942359293001,0.8868749215017486
a_residual,s1,alpha,1258925.4117941686,abs_delta_Fx,0.0012419970996766505,0.8868749186380013
a_residual,s1,alpha,1295686.697517019,abs_delta_Fx,0.001241999882173661,0.8868749158555043
a_residual,s1,alpha,1333521.432163324,abs_delta_Fx,0.001242002585725266,0.8868749131519527
a_residual,s1,alpha,1372460.9610075625,abs_delta_Fx,0.001242005212572228,0.8868749105251057
a_residual,s1,alpha,1412537.5446227554,abs_delta_Fx,0.0012420077648893635,0.8868749079727886
a_residual,s1,alpha,1453784.3856076635,abs_delta_Fx,0.001242010244791869,0.8868749054928861
a_residual,s1,alpha,1496235.6560944328,abs_delta_Fx,0.0012420126543349896,0.8868749030833429
a_residual,s1,alpha,1539926.526059492,abs_delta_Fx,0.0012420149955144622,0.8868749007421635
a_residual,s1,alpha,1584893.1924611141,abs_delta_Fx,0.001242017270269069,0.8868748984674089
a_residual,s1,alpha,1631172.9092278397,abs_delta_Fx,0.0012420194804848572,0.8868748962571931
a_residual,s1,alpha,1678804.0181225624,abs_delta_Fx,0.0012420216279919183,0.886874894109686
a_residual,s1,alpha,1727825.9805078628,abs_delta_Fx,0.0012420237145698287,0.8868748920231081
a_residual,s1,alpha,1778279.410038923,abs_delta_Fx,0.0012420257419474279,0.8868748899957305
a_residual,s1,alpha,1830206.1063110568,abs_delta_Fx,0.001242027711804039,0.8868748880258739
a_residual,s1,alpha,1883649.089489802,abs_delta_Fx,0.001242029625771246,0.8868748861119067
a_residual,s1,alpha,1938652.6359522096,abs_delta_Fx,0.0012420314854355574,0.8868748842522424
a_residual,s1,alpha,1995262.3149688789,abs_delta_Fx,0.0012420332923379629,0.88687488244534
a_residual,s1,alpha,2053525.026457146,abs_delta_Fx,0.001242035047974266,0.8868748806897037
a_residual,s1,alpha,2113489.0398366475,abs_delta_Fx,0.0012420367537994137,0.8868748789838785
a_residual,s1,alpha,2175204.034019524,abs_delta_Fx,0.0012420384112266092,0.8868748773264513
a_residual,s1,alpha,2238721.138568342,abs_delta_Fx,0.0012420400216297534,0.8868748757160482
a_residual,s1,alpha,2304092.9760558447,abs_delta_Fx,0.001242041586342446,0.8868748741513355
a_residual,s1,alpha,2371373.7056616554,abs_delta_Fx,0.0012420431066604287,0.8868748726310175
a_residual,s1,alpha,2440619.068041981,abs_delta_Fx,0.0012420445838439154,0.886874871153834
a_residual,s1,alpha,2511886.4315095823,abs_delta_Fx,0.001242046019117149,0.8868748697185608
a_residual,s1,alpha,2585234.839562194,abs_delta_Fx,0.0012420474136686233,0.8868748683240093
a_residual,s1,alpha,2660725.059798809,abs_delta_Fx,0.0012420487686535253,0.8868748669690244
a_residual,s1,alpha,2738419.634264361,abs_delta_Fx,0.0012420500851948457,0.8868748656524831
a_residual,s1,alpha,2818382.931264455,abs_delta_Fx,0.0012420513643832676,0.8868748643732947
a_residual,s1,alpha,2900681.1986931562,abs_delta_Fx,0.0012420526072786098,0.8868748631303993
a_residual,s1,alpha,2985382.6189179635,abs_delta_Fx,0.0012420538149103821,0.8868748619227675
a_residual,s1,alpha,3072557.3652674453,abs_delta_Fx,0.0012420549882790066,0.8868748607493989
a_residual,s1,alpha,3162277.6601683795,abs_delta_Fx,0.0012420561283564835,0.8868748596093214
a_residual,s1,alpha,3254617.83498046,abs_delta_Fx,0.0012420572360879456,0.88687485850159
a_residual,s1,alpha,3349654.3915782794,abs_delta_Fx,0.0012420583123905482,0.8868748574252874
a_residual,s1,alpha,3447466.065731498,abs_delta_Fx,0.0012420593581564665,0.8868748563795215
a_residual,s1,alpha,3548133.892335753,abs_delta_Fx,0.0012420603742522296,0.8868748553634257
a_residual,s1,alpha,3651741.272548377,abs_delta_Fx,0.0012420613615186094,0.8868748543761593
a_residual,s1,alpha,3758374.0428844434,abs_delta_Fx,0.0012420623207740622,0.8868748534169039
a_residual,s1,alpha,3868120.546330525,abs_delta_Fx,0.001242063252813952,0.886874852484864
a_residual,s1,alpha,3981071.7055349774,abs_delta_Fx,0.0012420641584095504,0.8868748515792684
a_residual,s1,alpha,4097321.098135413,abs_delta_Fx,0.0012420650383119236,0.886874850699366
a_residual,s1,alpha,4216965.034285823,abs_delta_Fx,0.001242065893250155,0.8868748498444278
a_residual,s1,alpha,4340102.63644744,abs_delta_Fx,0.0012420667239310124,0.8868748490137469
a_residual,s1,alpha,4466835.921509635,abs_delta_Fx,0.0012420675310439444,0.886874848206634
a_residual,s1,alpha,4597269.885308728,abs_delta_Fx,0.0012420683152577494,0.8868748474224202
a_residual,s1,alpha,4731512.589614803,abs_delta_Fx,0.001242069077222352,0.8868748466604556
a_residual,s1,alpha,4869675.2516586315,abs_delta_Fx,0.0012420698175671374,0.8868748459201108
a_residual,s1,alpha,5011872.336272725,abs_delta_Fx,0.0012420705369077245,0.8868748452007702
a_residual,s1,alpha,5158221.650723061,abs_delta_Fx,0.0012420712358390817,0.8868748445018388
a_residual,s1,alpha,5308844.44230989,abs_delta_Fx,0.0012420719149397463,0.8868748438227382
a_residual,s1,alpha,5463865.49881854,abs_delta_Fx,0.0012420725747733785,0.8868748431629045
a_residual,s1,alpha,5623413.251903491,abs_delta_Fx,0.001242073215886208,0.8868748425217917
a_residual,s1,alpha,5787619.883491209,abs_delta_Fx,0.0012420738388090324,0.8868748418988689
a_residual,s1,alpha,5956621.435290109,abs_delta_Fx,0.0012420744440588827,0.886874841293619
a_residual,s1,alpha,6130557.921498215,abs_delta_Fx,0.0012420750321360252,0.8868748407055419
a_residual,s1,alpha,6309573.444801942,abs_delta_Fx,0.001242075603528403,0.8868748401341495
a_residual,s1,alpha,6493816.315762113,abs_delta_Fx,0.0012420761587089713,0.886874839578969
a_residual,s1,alpha,6683439.175686149,abs_delta_Fx,0.0012420766981380282,0.8868748390395399
a_residual,s1,alpha,6878599.123088081,abs_delta_Fx,0.0012420772222621057,0.8868748385154158
a_residual,s1,alpha,7079457.843841388,abs_delta_Fx,0.001242077731516189,0.8868748380061617
a_residual,s1,alpha,7286181.745132289,abs_delta_Fx,0.001242078226321941,0.886874837511356
a_residual,s1,alpha,7498942.093324558,abs_delta_Fx,0.0012420787070883677,0.8868748370305896
a_residual,s1,alpha,7717915.155850127,abs_delta_Fx,0.0012420791742149273,0.886874836563463
a_residual,s1,alpha,7943282.347242822,abs_delta_Fx,0.0012420796280876445,0.8868748361095903
a_residual,s1,alpha,8175230.37943651,abs_delta_Fx,0.0012420800690832179,0.8868748356685947
a_residual,s1,alpha,8413951.416451965,abs_delta_Fx,0.001242080497567577,0.8868748352401103
a_residual,s1,alpha,8659643.233600654,abs_delta_Fx,0.0012420809138938838,0.886874834823784
a_residual,s1,alpha,8912509.381337458,abs_delta_Fx,0.0012420813184089718,0.886874834419269
a_residual,s1,alpha,9172759.353897803,abs_delta_Fx,0.0012420817114462412,0.8868748340262317
a_residual,s1,alpha,9440608.762859246,abs_delta_Fx,0.0012420820933330967,0.8868748336443448
a_residual,s1,alpha,9716279.515771078,abs_delta_Fx,0.0012420824643848416,0.8868748332732931
a_residual,s1,alpha,10000000.0,abs_delta_Fx,0.0012420828249092297,0.8868748329127687
a_residual,s4,alpha,100.0,abs_delta_Fx,0.0,0.8514589142555282
a_residual,s4,alpha,102.92005271944286,abs_delta_Fx,2.8560742657335325e-05,0.8514303535128709
a_residual,s4,alpha,105.92537251772886,abs_delta_Fx,5.630181623050845e-05,0.8514026124392977
a_residual,s4,alpha,109.01844923851279,abs_delta_Fx,8.32470027294363e-05,0.8513756672527988
a_residual,s4,alpha,112.2018454301963,abs_delta_Fx,0.00010941937966990611,0.8513494948758583
a_residual,s4,alpha,115.47819846894582,abs_delta_Fx,0.00013484134175101303,0.8513240729137772
a_residual,s4,alpha,118.85022274370189,abs_delta_Fx,0.00015953462181905742,0.8512993796337092
a_residual,s4,alpha,122.32071190499313,abs_delta_Fx,0.00018352031115109746,0.8512753939443771
a_residual,s4,alpha,125.89254117941675,abs_delta_Fx,0.00020681887907181284,0.8512520953764564
a_residual,s4,alpha,129.5686697517019,abs_delta_Fx,0.00022945019193498783,0.8512294640635932
a_residual,s4,alpha,133.3521432163324,abs_delta_Fx,0.00025143353149281733,0.8512074807240354
a_residual,s4,alpha,137.24609610075626,abs_delta_Fx,0.0002727876126660256,0.8511861266428622
a_residual,s4,alpha,141.2537544622754,abs_delta_Fx,0.000293530600746994,0.8511653836547812
a_residual,s4,alpha,145.37843856076623,abs_delta_Fx,0.0003136801280524404,0.8511452341274758
a_residual,s4,alpha,149.6235656094433,abs_delta_Fx,0.0003332533100365298,0.8511256609454917
a_residual,s4,alpha,153.9926526059492,abs_delta_Fx,0.0003522667608972796,0.8511066474946309
a_residual,s4,alpha,158.48931924611142,abs_delta_Fx,0.00037073660868414127,0.8510881776468441
a_residual,s4,alpha,163.1172909227838,abs_delta_Fx,0.0003886785099226353,0.8510702357456056
a_residual,s4,alpha,167.88040181225605,abs_delta_Fx,0.0004061076637862371,0.851052806591742
a_residual,s4,alpha,172.78259805078628,abs_delta_Fx,0.00042303882580985164,0.8510358754297184
a_residual,s4,alpha,177.82794100389228,abs_delta_Fx,0.0004394863211806266,0.8510194279343476
a_residual,s4,alpha,183.02061063110568,abs_delta_Fx,0.0004554640576087676,0.8510034501979195
a_residual,s4,alpha,188.36490894898,abs_delta_Fx,0.0004709855377952321,0.850987928717733
a_residual,s4,alpha,193.86526359522077,abs_delta_Fx,0.00048606387151062247,0.8509728503840176
a_residual,s4,alpha,199.52623149688787,abs_delta_Fx,0.0005007117872983802,0.8509582024682298
a_residual,s4,alpha,205.3525026457146,abs_delta_Fx,0.0005149416438138266,0.8509439726117144
a_residual,s4,alpha,211.34890398366477,abs_delta_Fx,0.000528765440816259,0.850930148814712
a_residual,s4,alpha,217.52040340195222,abs_delta_Fx,0.0005421948298109935,0.8509167194257172
a_residual,s4,alpha,223.872113856834,abs_delta_Fx,0.0005552411243741062,0.8509036731311541
a_residual,s4,alpha,230.40929760558447,abs_delta_Fx,0.0005679153101535439,0.8508909989453747
a_residual,s4,alpha,237.13737056616552,abs_delta_Fx,0.0005802280545641469,0.8508786862009641
a_residual,s4,alpha,244.06190680419814,abs_delta_Fx,0.0005921897161832446,0.850866724539345
a_residual,s4,alpha,251.18864315095797,abs_delta_Fx,0.0006038103538666961,0.8508551039016615
a_residual,s4,alpha,258.52348395621914,abs_delta_Fx,0.0006150997355758303,0.8508438145199524
a_residual,s4,alpha,266.0725059798809,abs_delta_Fx,0.0006260673469417055,0.8508328469085865
a_residual,s4,alpha,273.8419634264361,abs_delta_Fx,0.0006367223995701332,0.8508221918559581
a_residual,s4,alpha,281.8382931264455,abs_delta_Fx,0.0006470738390893516,0.8508118404164389
a_residual,s4,alpha,290.0681198693153,abs_delta_Fx,0.0006571303529592232,0.850801783902569
a_residual,s4,alpha,298.538261891796,abs_delta_Fx,0.000666900378037627,0.8507920138774906
a_residual,s4,alpha,307.25573652674456,abs_delta_Fx,0.0006763921079269153,0.8507825221476013
a_residual,s4,alpha,316.22776601683796,abs_delta_Fx,0.000685613500091331,0.8507733007554369
a_residual,s4,alpha,325.46178349804603,abs_delta_Fx,0.000694572282764927,0.8507643419727633
a_residual,s4,alpha,334.9654391578276,abs_delta_Fx,0.0007032759616470985,0.8507556382938811
a_residual,s4,alpha,344.74660657314945,abs_delta_Fx,0.0007117318264026062,0.8507471824291256
a_residual,s4,alpha,354.8133892335753,abs_delta_Fx,0.0007199469569639794,0.8507389672985642
a_residual,s4,alpha,365.1741272548377,abs_delta_Fx,0.0007279282296450695,0.8507309860258832
a_residual,s4,alpha,375.8374042884443,abs_delta_Fx,0.0007356823230725285,0.8507232319324557
a_residual,s4,alpha,386.81205463305207,abs_delta_Fx,0.0007432157239383175,0.8507156985315899
a_residual,s4,alpha,398.1071705534973,abs_delta_Fx,0.0007505347325891254,0.8507083795229391
a_residual,s4,alpha,409.73210981354134,abs_delta_Fx,0.00075764546843482,0.8507012687870934
a_residual,s4,alpha,421.6965034285823,abs_delta_Fx,0.0007645538752093506,0.8506943603803189
a_residual,s4,alpha,434.010263644744,abs_delta_Fx,0.000771265726070558,0.8506876485294577
a_residual,s4,alpha,446.683592150963,abs_delta_Fx,0.0007777866285467727,0.8506811276269814
a_residual,s4,alpha,459.7269885308723,abs_delta_Fx,0.0007841220293405282,0.8506747922261877
a_residual,s4,alpha,473.15125896148027,abs_delta_Fx,0.0007902772189873897,0.8506686370365408
a_residual,s4,alpha,486.9675251658631,abs_delta_Fx,0.0007962573363796688,0.8506626569191486
a_residual,s4,alpha,501.18723362727246,abs_delta_Fx,0.0008020673731544692,0.8506568468823738
a_residual,s4,alpha,515.8221650723056,abs_delta_Fx,0.0008077121779536123,0.8506512020775746
a_residual,s4,alpha,530.8844442309885,abs_delta_Fx,0.0008131964605571085,0.8506457177949711
a_residual,s4,alpha,546.386549881854,abs_delta_Fx,0.0008185247958969466,0.8506403894596313
a_residual,s4,alpha,562.341325190349,abs_delta_Fx,0.0008237016279497578,0.8506352126275785
a_residual,s4,alpha,578.7619883491209,abs_delta_Fx,0.0008287312735191232,0.8506301829820091
a_residual,s4,alpha,595.6621435290103,abs_delta_Fx,0.0008336179259029741,0.8506252963296252
a_residual,s4,alpha,613.0557921498208,abs_delta_Fx,0.0008383656584575183,0.8506205485970707
a_residual,s4,alpha,630.957344480193,abs_delta_Fx,0.0008429784280522545,0.850615935827476
a_residual,s4,alpha,649.3816315762114,abs_delta_Fx,0.0008474600784278419,0.8506114541771004
a_residual,s4,alpha,668.3439175686149,abs_delta_Fx,0.0008518143434538272,0.8506070999120744
a_residual,s4,alpha,687.8599123088075,abs_delta_Fx,0.0008560448502920037,0.8506028694052362
a_residual,s4,alpha,707.945784384138,abs_delta_Fx,0.0008601551224676207,0.8505987591330606
a_residual,s4,alpha,728.6181745132274,abs_delta_Fx,0.0008641485828477791,0.8505947656726804
a_residual,s4,alpha,749.8942093324558,abs_delta_Fx,0.0008680285565402235,0.850590885698988
a_residual,s4,alpha,771.7915155850127,abs_delta_Fx,0.0008717982736994312,0.8505871159818288
a_residual,s4,alpha,794.3282347242813,abs_delta_Fx,0.0008754608722575385,0.8505834533832707
a_residual,s4,alpha,817.5230379436501,abs_delta_Fx,0.0008790194005714458,0.8505798948549568
a_residual,s4,alpha,841.3951416451947,abs_delta_Fx,0.0008824768199952038,0.850576437435533
a_residual,s4,alpha,865.9643233600654,abs_delta_Fx,0.000885836007378904,0.8505730782481493
a_residual,s4,alpha,891.2509381337459,abs_delta_Fx,0.0008890997574908521,0.8505698144980374
a_residual,s4,alpha,917.2759353897794,abs_delta_Fx,0.0008922707853737943,0.8505666434701544
a_residual,s4,alpha,944.0608762859235,abs_delta_Fx,0.0008953517286316437,0.8505635625268966
a_residual,s4,alpha,971.6279515771058,abs_delta_Fx,0.0008983451496468176,0.8505605691058814
a_residual,s4,alpha,1000.0,abs_delta_Fx,0.0009012535377386222,0.8505576607177896
a_residual,s4,alpha,1029.2005271944286,abs_delta_Fx,0.0009040793112564671,0.8505548349442718
a_residual,s4,alpha,1059.2537251772897,abs_delta_Fx,0.0009068248196111295,0.8505520894359171
a_residual,s4,alpha,1090.184492385128,abs_delta_Fx,0.0009094923452499515,0.8505494219102783
a_residual,s4,alpha,1122.018454301963,abs_delta_Fx,0.0009120841055727524,0.8505468301499555
a_residual,s4,alpha,1154.781984689458,abs_delta_Fx,0.0009146022547966703,0.8505443120007316
a_residual,s4,alpha,1188.502227437019,abs_delta_Fx,0.00091704888575872,0.8505418653697695
a_residual,s4,alpha,1223.2071190499325,abs_delta_Fx,0.0009194260316767178,0.8505394882238515
a_residual,s4,alpha,1258.9254117941675,abs_delta_Fx,0.0009217356678532518,0.850537178587675
a_residual,s4,alpha,1295.686697517019,abs_delta_Fx,0.0009239797133291372,0.8505349345421991
a_residual,s4,alpha,1333.521432163324,abs_delta_Fx,0.0009261600324936836,0.8505327542230345
a_residual,s4,alpha,1372.4609610075624,abs_delta_Fx,0.0009282784366477781,0.8505306358188804
a_residual,s4,alpha,1412.5375446227554,abs_delta_Fx,0.0009303366855191175,0.8505285775700091
a_residual,s4,alpha,1453.7843856076622,abs_delta_Fx,0.0009323364887369179,0.8505265777667913
a_residual,s4,alpha,1496.235656094433,abs_delta_Fx,0.0009342795072617704,0.8505246347482665
a_residual,s4,alpha,1539.926526059492,abs_delta_Fx,0.0009361673547749749,0.8505227469007532
a_residual,s4,alpha,1584.893192461114,abs_delta_Fx,0.0009380015990331225,0.8505209126564951
a_residual,s4,alpha,1631.1729092278397,abs_delta_Fx,0.000939783763172497,0.8505191304923557
a_residual,s4,alpha,1678.8040181225606,abs_delta_Fx,0.0009415153269867194,0.8505173989285415
a_residual,s4,alpha,1727.8259805078628,abs_delta_Fx,0.0009431977281642023,0.850515716527364
a_residual,s4,alpha,1778.2794100389228,abs_delta_Fx,0.0009448323634869693,0.8505140818920413
a_residual,s4,alpha,1830.2061063110568,abs_delta_Fx,0.000946420589999164,0.8505124936655291
a_residual,s4,alpha,1883.649089489802,abs_delta_Fx,0.0009479637261405882,0.8505109505293876
a_residual,s4,alpha,1938.6526359522077,abs_delta_Fx,0.0009494630528484871,0.8505094512026797
a_residual,s4,alpha,1995.2623149688789,abs_delta_Fx,0.0009509198146250286,0.8505079944409032
a_residual,s4,alpha,2053.525026457146,abs_delta_Fx,0.0009523352205763613,0.8505065790349519
a_residual,s4,alpha,2113.489039836648,abs_delta_Fx,0.0009537104454243606,0.8505052038101039
a_residual,s4,alpha,2175.2040340195244,abs_delta_Fx,0.0009550466304835137,0.8505038676250447
a_residual,s4,alpha,2238.72113856834,abs_delta_Fx,0.0009563448846150457,0.8505025693709132
a_residual,s4,alpha,2304.0929760558447,abs_delta_Fx,0.0009576062851511802,0.850501307970377
a_residual,s4,alpha,2371.373705661655,abs_delta_Fx,0.0009588318787930872,0.8505000823767351
a_residual,s4,alpha,2440.6190680419813,abs_delta_Fx,0.000960022682483741,0.8504988915730445
a_residual,s4,alpha,2511.886431509582,abs_delta_Fx,0.0009611796842563525,0.8504977345712719
a_residual,s4,alpha,2585.234839562191,abs_delta_Fx,0.0009623038440568221,0.8504966104114714
a_residual,s4,alpha,2660.7250597988086,abs_delta_Fx,0.0009633960945449882,0.8504955181609832
a_residual,s4,alpha,2738.4196342643613,abs_delta_Fx,0.0009644573418695623,0.8504944569136587
a_residual,s4,alpha,2818.382931264455,abs_delta_Fx,0.0009654884664248575,0.8504934257891034
a_residual,s4,alpha,2900.681198693156,abs_delta_Fx,0.0009664903235834243,0.8504924239319448
a_residual,s4,alpha,2985.3826189179604,abs_delta_Fx,0.0009674637444087031,0.8504914505111195
a_residual,s4,alpha,3072.557365267445,abs_delta_Fx,0.0009684095363461376,0.8504905047191821
a_residual,s4,alpha,3162.2776601683795,abs_delta_Fx,0.0009693284838964145,0.8504895857716318
a_residual,s4,alpha,3254.61783498046,abs_delta_Fx,0.0009702213492677192,0.8504886929062605
a_residual,s4,alpha,3349.6543915782795,abs_delta_Fx,0.0009710888730113387,0.8504878253825169
a_residual,s4,alpha,3447.4660657314944,abs_delta_Fx,0.0009719317746355038,0.8504869824808927
a_residual,s4,alpha,3548.133892335753,abs_delta_Fx,0.000972750753207241,0.850486163502321
a_residual,s4,alpha,3651.741272548377,abs_delta_Fx,0.0009735464879310207,0.8504853677675972
a_residual,s4,alpha,3758.374042884443,abs_delta_Fx,0.0009743196387166364,0.8504845946168116
a_residual,s4,alpha,3868.120546330525,abs_delta_Fx,0.0009750708467255453,0.8504838434088027
a_residual,s4,alpha,3981.0717055349733,abs_delta_Fx,0.0009758007349064401,0.8504831135206218
a_residual,s4,alpha,4097.321098135413,abs_delta_Fx,0.0009765099085099482,0.8504824043470183
a_residual,s4,alpha,4216.965034285822,abs_delta_Fx,0.0009771989555958926,0.8504817152999323
a_residual,s4,alpha,4340.10263644744,abs_delta_Fx,0.0009778684475196808,0.8504810458080085
a_residual,s4,alpha,4466.835921509635,abs_delta_Fx,0.0009785189394088123,0.8504803953161194
a_residual,s4,alpha,4597.269885308723,abs_delta_Fx,0.000979150970622289,0.8504797632849059
a_residual,s4,alpha,4731.512589614803,abs_delta_Fx,0.0009797650652013656,0.8504791491903269
a_residual,s4,alpha,4869.675251658631,abs_delta_Fx,0.000980361732302426,0.8504785525232258
a_residual,s4,alpha,5011.872336272725,abs_delta_Fx,0.0009809414666227534,0.8504779727889055
a_residual,s4,alpha,5158.2216507230605,abs_delta_Fx,0.0009815047488106465,0.8504774095067176
a_residual,s4,alpha,5308.8444423098845,abs_delta_Fx,0.0009820520458635462,0.8504768622096647
a_residual,s4,alpha,5463.86549881854,abs_delta_Fx,0.0009825838115179453,0.8504763304440103
a_residual,s4,alpha,5623.413251903491,abs_delta_Fx,0.0009831004866239779,0.8504758137689042
a_residual,s4,alpha,5787.619883491208,abs_delta_Fx,0.000983602499515901,0.8504753117560123
a_residual,s4,alpha,5956.62143529011,abs_delta_Fx,0.0009840902663613704,0.8504748239891669
a_residual,s4,alpha,6130.557921498208,abs_delta_Fx,0.00098456419151427,0.850474350064014
a_residual,s4,alpha,6309.57344480193,abs_delta_Fx,0.0009850246678445584,0.8504738895876837
a_residual,s4,alpha,6493.816315762113,abs_delta_Fx,0.0009854720770692271,0.850473442178459
a_residual,s4,alpha,6683.439175686149,abs_delta_Fx,0.0009859067900644947,0.8504730074654637
a_residual,s4,alpha,6878.599123088082,abs_delta_Fx,0.0009863291671788899,0.8504725850883493
a_residual,s4,alpha,7079.457843841381,abs_delta_Fx,0.0009867395585280159,0.8504721746970002
a_residual,s4,alpha,7286.181745132274,abs_delta_Fx,0.0009871383042880932,0.8504717759512401
a_residual,s4,alpha,7498.942093324558,abs_delta_Fx,0.0009875257349777344,0.8504713885205505
a_residual,s4,alpha,7717.915155850127,abs_delta_Fx,0.0009879021717306147,0.8504710120837976
a_residual,s4,alpha,7943.282347242822,abs_delta_Fx,0.000988267926564368,0.8504706463289639
a_residual,s4,alpha,8175.230379436502,abs_delta_Fx,0.0009886233026393798,0.8504702909528888
a_residual,s4,alpha,8413.951416451948,abs_delta_Fx,0.0009889685945072557,0.850469945661021
a_residual,s4,alpha,8659.643233600653,abs_delta_Fx,0.0009893040883608428,0.8504696101671674
a_residual,s4,alpha,8912.509381337459,abs_delta_Fx,0.0009896300622662668,0.850469284193262
a_residual,s4,alpha,9172.759353897804,abs_delta_Fx,0.0009899467863960787,0.8504689674691321
a_residual,s4,alpha,9440.608762859236,abs_delta_Fx,0.00099025452325463,0.8504686597322736
a_residual,s4,alpha,9716.279515771057,abs_delta_Fx,0.0009905535278945665,0.8504683607276337
a_residual,s4,alpha,10000.0,abs_delta_Fx,0.0009908440481271041,0.8504680702074011
a_residual,s4,alpha,10292.005271944287,abs_delta_Fx,0.000991126324730418,0.8504677879307978
a_residual,s4,alpha,10592.537251772897,abs_delta_Fx,0.0009914005916482616,0.85046751366388
a_residual,s4,alpha,10901.844923851268,abs_delta_Fx,0.0009916670761818125,0.8504672471793464
a_residual,s4,alpha,11220.184543019654,abs_delta_Fx,0.0009919259991835183,0.8504669882563447
a_residual,s4,alpha,11547.819846894581,abs_delta_Fx,0.0009921775752342876,0.8504667366802939
a_residual,s4,alpha,11885.022274370189,abs_delta_Fx,0.000992422012826455,0.8504664922427018
a_residual,s4,alpha,12232.071190499326,abs_delta_Fx,0.0009926595145328676,0.8504662547409954
a_residual,s4,alpha,12589.254117941662,abs_delta_Fx,0.0009928902771774162,0.8504660239783508
a_residual,s4,alpha,12956.866975170216,abs_delta_Fx,0.000993114491998015,0.8504657997635302
a_residual,s4,alpha,13335.21432163324,abs_delta_Fx,0.0009933323448042541,0.850465581910724
a_residual,s4,alpha,13724.609610075626,abs_delta_Fx,0.0009935440161313869,0.8504653702393968
a_residual,s4,alpha,14125.375446227554,abs_delta_Fx,0.0009937496813918756,0.8504651645741363
a_residual,s4,alpha,14537.843856076606,abs_delta_Fx,0.0009939495110193874,0.8504649647445088
a_residual,s4,alpha,14962.35656094436,abs_delta_Fx,0.0009941436706091267,0.8504647705849191
a_residual,s4,alpha,15399.26526059492,abs_delta_Fx,0.0009943323210578336,0.8504645819344704
a_residual,s4,alpha,15848.93192461114,abs_delta_Fx,0.0009945156186961235,0.8504643986368321
a_residual,s4,alpha,16311.729092278396,abs_delta_Fx,0.0009946937154168278,0.8504642205401114
a_residual,s4,alpha,16788.040181225588,abs_delta_Fx,0.0009948667588020044,0.8504640474967262
a_residual,s4,alpha,17278.259805078662,abs_delta_Fx,0.0009950348922462826,0.8504638793632819
a_residual,s4,alpha,17782.794100389227,abs_delta_Fx,0.0009951982550735483,0.8504637160004547
a_residual,s4,alpha,18302.061063110566,abs_delta_Fx,0.000995356982654183,0.850463557272874
a_residual,s4,alpha,18836.49089489802,abs_delta_Fx,0.0009955112065176408,0.8504634030490106
a_residual,s4,alpha,19386.526359522057,abs_delta_Fx,0.0009956610544584743,0.8504632532010697
a_residual,s4,alpha,19952.62314968883,abs_delta_Fx,0.0009958066506475793,0.8504631076048806
a_residual,s4,alpha,20535.25026457146,abs_delta_Fx,0.0009959481157297834,0.8504629661397984
a_residual,s4,alpha,21134.890398366475,abs_delta_Fx,0.000996085566925875,0.8504628286886023
a_residual,s4,alpha,21752.040340195246,abs_delta_Fx,0.0009962191181323021,0.8504626951373959
a_residual,s4,alpha,22387.21138568338,abs_delta_Fx,0.0009963488800112108,0.850462565375517
a_residual,s4,alpha,23040.929760558494,abs_delta_Fx,0.0009964749600854805,0.8504624392954427
a_residual,s4,alpha,23713.737056616552,abs_delta_Fx,0.0009965974628258767,0.8504623167927023
a_residual,s4,alpha,24406.19068041981,abs_delta_Fx,0.0009967164897390912,0.8504621977657891
a_residual,s4,alpha,25118.864315095823,abs_delta_Fx,0.0009968321394511204,0.8504620821160771
a_residual,s4,alpha,25852.348395621888,abs_delta_Fx,0.0009969445077897543,0.8504619697477385
a_residual,s4,alpha,26607.25059798814,abs_delta_Fx,0.0009970536878625147,0.8504618605676657
a_residual,s4,alpha,27384.196342643612,abs_delta_Fx,0.0009971597701349255,0.8504617544853933
a_residual,s4,alpha,28183.82931264455,abs_delta_Fx,0.0009972628425062302,0.850461651413022
a_residual,s4,alpha,29006.81198693156,abs_delta_Fx,0.000997362990380557,0.8504615512651477
a_residual,s4,alpha,29853.82618917957,abs_delta_Fx,0.0009974602967385282,0.8504614539587897
a_residual,s4,alpha,30725.573652674517,abs_delta_Fx,0.0009975548422064273,0.8504613594133218
a_residual,s4,alpha,31622.776601683792,abs_delta_Fx,0.0009976467051227011,0.8504612675504055
a_residual,s4,alpha,32546.178349804602,abs_delta_Fx,0.0009977359616019088,0.8504611782939263
a_residual,s4,alpha,33496.54391578279,abs_delta_Fx,0.0009978226856002248,0.850461091569928
a_residual,s4,alpha,34474.66065731491,abs_delta_Fx,0.0009979069489737258,0.8504610073065545
a_residual,s4,alpha,35481.3389233576,abs_delta_Fx,0.0009979888215411181,0.8504609254339871
a_residual,s4,alpha,36517.41272548377,abs_delta_Fx,0.0009980683711382499,0.85046084588439
a_residual,s4,alpha,37583.74042884443,abs_delta_Fx,0.0009981456636775077,0.8504607685918507
a_residual,s4,alpha,38681.20546330525,abs_delta_Fx,0.0009982207631998863,0.8504606934923283
a_residual,s4,alpha,39810.71705534969,abs_delta_Fx,0.0009982937319304996,0.8504606205235977
a_residual,s4,alpha,40973.21098135422,abs_delta_Fx,0.0009983646303266536,0.8504605496252016
a_residual,s4,alpha,42169.65034285822,abs_delta_Fx,0.0009984335171318026,0.8504604807383964
a_residual,s4,alpha,43401.026364474405,abs_delta_Fx,0.0009985004494227345,0.8504604138061055
a_residual,s4,alpha,44668.359215096345,abs_delta_Fx,0.0009985654826556445,0.8504603487728726
a_residual,s4,alpha,45972.69885308718,abs_delta_Fx,0.0009986286707135417,0.8504602855848147
a_residual,s4,alpha,47315.12589614812,abs_delta_Fx,0.0009986900659509912,0.8504602241895772
a_residual,s4,alpha,48696.75251658631,abs_delta_Fx,0.0009987497192358585,0.8504601645362924
a_residual,s4,alpha,50118.72336272725,abs_delta_Fx,0.0009988076799940515,0.8504601065755342
a_residual,s4,alpha,51582.21650723061,abs_delta_Fx,0.0009988639962471568,0.8504600502592811
a_residual,s4,alpha,53088.444423098794,abs_delta_Fx,0.000998918714657071,0.8504599955408711
a_residual,s4,alpha,54638.65498818551,abs_delta_Fx,0.0009989718805587522,0.8504599423749695
a_residual,s4,alpha,56234.13251903491,abs_delta_Fx,0.000999023538002075,0.8504598907175261
a_residual,s4,alpha,57876.19883491209,abs_delta_Fx,0.0009990737297870256,0.8504598405257412
a_residual,s4,alpha,59566.214352901094,abs_delta_Fx,0.0009991224974997825,0.8504597917580284
a_residual,s4,alpha,61305.57921498202,abs_delta_Fx,0.0009991698815446926,0.8504597443739835
a_residual,s4,alpha,63095.73444801943,abs_delta_Fx,0.0009992159211811291,0.8504596983343471
a_residual,s4,alpha,64938.16315762113,abs_delta_Fx,0.000999260654554357,0.8504596536009739
a_residual,s4,alpha,66834.39175686149,abs_delta_Fx,0.0009993041187267293,0.8504596101368015
a_residual,s4,alpha,68785.99123088081,abs_delta_Fx,0.0009993463497099953,0.8504595679058182
a_residual,s4,alpha,70794.57843841374,abs_delta_Fx,0.0009993873824933885,0.8504595268730348
a_residual,s4,alpha,72861.81745132289,abs_delta_Fx,0.0009994272510730484,0.8504594870044552
a_residual,s4,alpha,74989.42093324558,abs_delta_Fx,0.0009994659884809964,0.8504594482670472
a_residual,s4,alpha,77179.15155850127,abs_delta_Fx,0.0009995036268116708,0.8504594106287166
a_residual,s4,alpha,79432.82347242821,abs_delta_Fx,0.000999540197249793,0.8504593740582784
a_residual,s4,alpha,81752.30379436494,abs_delta_Fx,0.0009995757300942376,0.850459338525434
a_residual,s4,alpha,84139.51416451964,abs_delta_Fx,0.0009996102547845664,0.8504593040007437
a_residual,s4,alpha,86596.43233600653,abs_delta_Fx,0.0009996437999248986,0.8504592704556033
a_residual,s4,alpha,89125.0938133746,abs_delta_Fx,0.0009996763933082242,0.85045923786222
a_residual,s4,alpha,91727.59353897804,abs_delta_Fx,0.0009997080619373877,0.8504592061935908
a_residual,s4,alpha,94406.08762859226,abs_delta_Fx,0.0009997388320514,0.8504591754234768
a_residual,s4,alpha,97162.79515771077,abs_delta_Fx,0.0009997687291438684,0.8504591455263844
a_residual,s4,alpha,100000.0,abs_delta_Fx,0.0009997977779834244,0.8504591164775448
a_residual,s4,alpha,102920.05271944286,abs_delta_Fx,0.000999826002638482,0.8504590882528897
a_residual,s4,alpha,105925.37251772897,abs_delta_Fx,0.0009998534264932246,0.850459060829035
a_residual,s4,alpha,109018.44923851268,abs_delta_Fx,0.0009998800722678114,0.8504590341832604
a_residual,s4,alpha,112201.84543019652,abs_delta_Fx,0.0009999059620395823,0.8504590082934886
a_residual,s4,alpha,115478.19846894582,abs_delta_Fx,0.000999931117257824,0.8504589831382704
a_residual,s4,alpha,118850.22274370189,abs_delta_Fx,0.0009999555587635323,0.8504589586967647
a_residual,s4,alpha,122320.71190499325,abs_delta_Fx,0.0009999793068061757,0.850458934948722
a_residual,s4,alpha,125892.54117941661,abs_delta_Fx,0.0010000023810623482,0.8504589118744659
a_residual,s4,alpha,129568.66975170215,abs_delta_Fx,0.0010000248006483137,0.8504588894548799
a_residual,s4,alpha,133352.1432163324,abs_delta_Fx,0.0010000465841388806,0.8504588676713893
a_residual,s4,alpha,137246.09610075626,abs_delta_Fx,0.0010000677495817234,0.8504588465059465
a_residual,s4,alpha,141253.75446227554,abs_delta_Fx,0.0010000883145118156,0.8504588259410164
a_residual,s4,alpha,145378.43856076605,abs_delta_Fx,0.0010001082959690821,0.8504588059595591
a_residual,s4,alpha,149623.56560944358,abs_delta_Fx,0.0010001277105059492,0.8504587865450223
a_residual,s4,alpha,153992.6526059492,abs_delta_Fx,0.001000146574208105,0.8504587676813201
a_residual,s4,alpha,158489.3192461114,abs_delta_Fx,0.0010001649027049364,0.8504587493528233
a_residual,s4,alpha,163117.29092278396,abs_delta_Fx,0.0010001827111808526,0.8504587315443474
a_residual,s4,alpha,167880.4018122559,abs_delta_Fx,0.0010002000143898293,0.8504587142411384
a_residual,s4,alpha,172782.59805078662,abs_delta_Fx,0.0010002168266685096,0.8504586974288597
a_residual,s4,alpha,177827.94100389228,abs_delta_Fx,0.0010002331619441973,0.850458681093584
a_residual,s4,alpha,183020.6106311057,abs_delta_Fx,0.0010002490337518433,0.8504586652217764
a_residual,s4,alpha,188364.9089489802,abs_delta_Fx,0.001000264455241262,0.850458649800287
a_residual,s4,alpha,193865.26359522057,abs_delta_Fx,0.0010002794391882341,0.85045863481634
a_residual,s4,alpha,199526.2314968883,abs_delta_Fx,0.0010002939980076064,0.8504586202575206
a_residual,s4,alpha,205352.50264571462,abs_delta_Fx,0.001000308143761286,0.8504586061117669
a_residual,s4,alpha,211348.90398366476,abs_delta_Fx,0.0010003218881681208,0.8504585923673601
a_residual,s4,alpha,217520.40340195244,abs_delta_Fx,0.0010003352426157797,0.8504585790129124
a_residual,s4,alpha,223872.11385683378,abs_delta_Fx,0.001000348218168856,0.8504585660373594
a_residual,s4,alpha,230409.29760558493,abs_delta_Fx,0.0010003608255765295,0.8504585534299517
a_residual,s4,alpha,237137.37056616554,abs_delta_Fx,0.0010003730752841111,0.8504585411802441
a_residual,s4,alpha,244061.90680419814,abs_delta_Fx,0.001000384977441371,0.8504585292780868
a_residual,s4,alpha,251188.6431509582,abs_delta_Fx,0.0010003965419081995,0.85045851771362
a_residual,s4,alpha,258523.48395621887,abs_delta_Fx,0.0010004077782655996,0.8504585064772626
a_residual,s4,alpha,266072.5059798814,abs_delta_Fx,0.0010004186958231243,0.8504584955597051
a_residual,s4,alpha,273841.9634264361,abs_delta_Fx,0.0010004293036258716,0.8504584849519023
a_residual,s4,alpha,281838.2931264455,abs_delta_Fx,0.001000439610462811,0.8504584746450654
a_residual,s4,alpha,290068.1198693156,abs_delta_Fx,0.0010004496248711137,0.8504584646306571
a_residual,s4,alpha,298538.26189179573,abs_delta_Fx,0.0010004593551500296,0.8504584549003782
a_residual,s4,alpha,307255.7365267452,abs_delta_Fx,0.00100046880936,0.8504584454461682
a_residual,s4,alpha,316227.7660168379,abs_delta_Fx,0.0010004779953330933,0.8504584362601951
a_residual,s4,alpha,325461.783498046,abs_delta_Fx,0.0010004869206808875,0.8504584273348473
a_residual,s4,alpha,334965.43915782793,abs_delta_Fx,0.0010004955927963577,0.8504584186627319
a_residual,s4,alpha,344746.6065731491,abs_delta_Fx,0.0010005040188660885,0.8504584102366621
a_residual,s4,alpha,354813.389233576,abs_delta_Fx,0.0010005122058698301,0.8504584020496584
a_residual,s4,alpha,365174.1272548377,abs_delta_Fx,0.0010005201605911562,0.8504583940949371
a_residual,s4,alpha,375837.4042884443,abs_delta_Fx,0.0010005278896196845,0.8504583863659085
a_residual,s4,alpha,386812.0546330525,abs_delta_Fx,0.0010005353993594035,0.8504583788561688
a_residual,s4,alpha,398107.1705534969,abs_delta_Fx,0.0010005426960314479,0.8504583715594968
a_residual,s4,alpha,409732.10981354216,abs_delta_Fx,0.001000549785681315,0.8504583644698469
a_residual,s4,alpha,421696.5034285823,abs_delta_Fx,0.001000556674183195,0.850458357581345
a_residual,s4,alpha,434010.263644744,abs_delta_Fx,0.001000563367242857,0.8504583508882854
a_residual,s4,alpha,446683.5921509635,abs_delta_Fx,0.0010005698704070864,0.8504583443851211
a_residual,s4,alpha,459726.9885308718,abs_delta_Fx,0.001000576189061797,0.8504583380664664
a_residual,s4,alpha,473151.2589614813,abs_delta_Fx,0.0010005823284436888,0.8504583319270845
a_residual,s4,alpha,486967.5251658631,abs_delta_Fx,0.0010005882936379162,0.8504583259618903
a_residual,s4,alpha,501187.2336272725,abs_delta_Fx,0.0010005940895866372,0.8504583201659416
a_residual,s4,alpha,515822.1650723061,abs_delta_Fx,0.0010005997210926765,0.8504583145344355
a_residual,s4,alpha,530884.4442309879,abs_delta_Fx,0.001000605192820636,0.8504583090627076
a_residual,s4,alpha,546386.5498818551,abs_delta_Fx,0.0010006105093041118,0.8504583037462241
a_residual,s4,alpha,562341.3251903491,abs_delta_Fx,0.0010006156749481354,0.8504582985805801
a_residual,s4,alpha,578761.9883491208,abs_delta_Fx,0.0010006206940313955,0.8504582935614968
a_residual,s4,alpha,595662.1435290109,abs_delta_Fx,0.0010006255707126765,0.8504582886848155
a_residual,s4,alpha,613055.7921498202,abs_delta_Fx,0.001000630309032302,0.8504582839464959
a_residual,s4,alpha,630957.3444801943,abs_delta_Fx,0.0010006349129162428,0.850458279342612
a_residual,s4,alpha,649381.6315762113,abs_delta_Fx,0.001000639386178337,0.8504582748693499
a_residual,s4,alpha,668343.9175686149,abs_delta_Fx,0.0010006437325242867,0.8504582705230039
a_residual,s4,alpha,687859.9123088082,abs_delta_Fx,0.0010006479555551007,0.8504582662999731
a_residual,s4,alpha,707945.7843841374,abs_delta_Fx,0.0010006520587697576,0.8504582621967585
a_residual,s4,alpha,728618.1745132289,abs_delta_Fx,0.0010006560455680935,0.8504582582099601
a_residual,s4,alpha,749894.2093324559,abs_delta_Fx,0.0010006599192524668,0.8504582543362758
a_residual,s4,alpha,771791.5155850127,abs_delta_Fx,0.001000663683031977,0.8504582505724962
a_residual,s4,alpha,794328.2347242822,abs_delta_Fx,0.0010006673400249078,0.8504582469155033
a_residual,s4,alpha,817523.0379436493,abs_delta_Fx,0.0010006708932621677,0.850458243362266
a_residual,s4,alpha,841395.1416451965,abs_delta_Fx,0.0010006743456865141,0.8504582399098417
a_residual,s4,alpha,865964.3233600653,abs_delta_Fx,0.0010006777001578815,0.8504582365553703
a_residual,s4,alpha,891250.9381337459,abs_delta_Fx,0.0010006809594557131,0.8504582332960725
a_residual,s4,alpha,917275.9353897803,abs_delta_Fx,0.0010006841262807376,0.8504582301292475
a_residual,s4,alpha,944060.8762859226,abs_delta_Fx,0.0010006872032565228,0.8504582270522717
a_residual,s4,alpha,971627.9515771078,abs_delta_Fx,0.001000690192932252,0.850458224062596
a_residual,s4,alpha,1000000.0,abs_delta_Fx,0.0010006930977841666,0.850458221157744
a_residual,s4,alpha,1029200.5271944286,abs_delta_Fx,0.0010006959202197852,0.8504582183353084
a_residual,s4,alpha,1059253.7251772897,abs_delta_Fx,0.0010006986625769043,0.8504582155929513
a_residual,s4,alpha,1090184.492385129,abs_delta_Fx,0.0010007013271272625,0.850458212928401
a_residual,s4,alpha,1122018.4543019629,abs_delta_Fx,0.0010007039160797593,0.8504582103394485
a_residual,s4,alpha,1154781.9846894583,abs_delta_Fx,0.0010007064315776804,0.8504582078239505
a_residual,s4,alpha,1188502.2274370189,abs_delta_Fx,0.0010007088757056914,0.8504582053798225
a_residual,s4,alpha,1223207.1190499326,abs_delta_Fx,0.0010007112504885063,0.8504582030050397
a_residual,s4,alpha,1258925.4117941686,abs_delta_Fx,0.0010007135578941062,0.8504582006976341
a_residual,s4,alpha,1295686.697517019,abs_delta_Fx,0.0010007157998336291,0.8504581984556946
a_residual,s4,alpha,1333521.432163324,abs_delta_Fx,0.0010007179781647002,0.8504581962773635
a_residual,s4,alpha,1372460.9610075625,abs_delta_Fx,0.001000720094692653,0.8504581941608356
a_residual,s4,alpha,1412537.5446227554,abs_delta_Fx,0.0010007221511694198,0.8504581921043588
a_residual,s4,alpha,1453784.3856076635,abs_delta_Fx,0.0010007241492997476,0.8504581901062285
a_residual,s4,alpha,1496235.6560944328,abs_delta_Fx,0.0010007260907394233,0.8504581881647888
a_residual,s4,alpha,1539926.526059492,abs_delta_Fx,0.0010007279770964939,0.8504581862784317
a_residual,s4,alpha,1584893.1924611141,abs_delta_Fx,0.001000729809933154,0.8504581844455951
a_residual,s4,alpha,1631172.9092278397,abs_delta_Fx,0.0010007315907690773,0.8504581826647591
a_residual,s4,alpha,1678804.0181225624,abs_delta_Fx,0.0010007333210781955,0.85045818093445
a_residual,s4,alpha,1727825.9805078628,abs_delta_Fx,0.001000735002295694,0.8504581792532325
a_residual,s4,alpha,1778279.410038923,abs_delta_Fx,0.0010007366358132375,0.850458177619715
a_residual,s4,alpha,1830206.1063110568,abs_delta_Fx,0.0010007382229845208,0.8504581760325437
a_residual,s4,alpha,1883649.089489802,abs_delta_Fx,0.001000739765124492,0.8504581744904037
a_residual,s4,alpha,1938652.6359522096,abs_delta_Fx,0.001000741263510574,0.8504581729920176
a_residual,s4,alpha,1995262.3149688789,abs_delta_Fx,0.0010007427193844398,0.8504581715361438
a_residual,s4,alpha,2053525.026457146,abs_delta_Fx,0.0010007441339525691,0.8504581701215757
a_residual,s4,alpha,2113489.0398366475,abs_delta_Fx,0.001000745508385914,0.8504581687471423
a_residual,s4,alpha,2175204.034019524,abs_delta_Fx,0.0010007468438238964,0.8504581674117043
a_residual,s4,alpha,2238721.138568342,abs_delta_Fx,0.0010007481413727426,0.8504581661141555
a_residual,s4,alpha,2304092.9760558447,abs_delta_Fx,0.0010007494021079255,0.8504581648534203
a_residual,s4,alpha,2371373.7056616554,abs_delta_Fx,0.0010007506270728328,0.8504581636284554
a_residual,s4,alpha,2440619.068041981,abs_delta_Fx,0.0010007518172827634,0.8504581624382455
a_residual,s4,alpha,2511886.4315095823,abs_delta_Fx,0.0010007529737249277,0.8504581612818033
a_residual,s4,alpha,2585234.839562194,abs_delta_Fx,0.0010007540973558937,0.8504581601581723
a_residual,s4,alpha,2660725.059798809,abs_delta_Fx,0.0010007551891071387,0.8504581590664211
a_residual,s4,alpha,2738419.634264361,abs_delta_Fx,0.0010007562498829392,0.8504581580056453
a_residual,s4,alpha,2818382.931264455,abs_delta_Fx,0.001000757280562592,0.8504581569749656
a_residual,s4,alpha,2900681.1986931562,abs_delta_Fx,0.0010007582820003025,0.8504581559735279
a_residual,s4,alpha,2985382.6189179635,abs_delta_Fx,0.0010007592550244082,0.8504581550005038
a_residual,s4,alpha,3072557.3652674453,abs_delta_Fx,0.0010007602004417082,0.8504581540550865
a_residual,s4,alpha,3162277.6601683795,abs_delta_Fx,0.0010007611190356869,0.8504581531364925
a_residual,s4,alpha,3254617.83498046,abs_delta_Fx,0.0010007620115677351,0.8504581522439605
a_residual,s4,alpha,3349654.3915782794,abs_delta_Fx,0.0010007628787763734,0.8504581513767518
a_residual,s4,alpha,3447466.065731498,abs_delta_Fx,0.001000763721380915,0.8504581505341473
a_residual,s4,alpha,3548133.892335753,abs_delta_Fx,0.0010007645400785803,0.8504581497154496
a_residual,s4,alpha,3651741.272548377,abs_delta_Fx,0.0010007653355483814,0.8504581489199798
a_residual,s4,alpha,3758374.0428844434,abs_delta_Fx,0.0010007661084484587,0.8504581481470798
a_residual,s4,alpha,3868120.546330525,abs_delta_Fx,0.001000766859420743,0.8504581473961075
a_residual,s4,alpha,3981071.7055349774,abs_delta_Fx,0.0010007675890857382,0.8504581466664425
a_residual,s4,alpha,4097321.098135413,abs_delta_Fx,0.0010007682980487376,0.8504581459574795
a_residual,s4,alpha,4216965.034285823,abs_delta_Fx,0.0010007689868974934,0.8504581452686307
a_residual,s4,alpha,4340102.63644744,abs_delta_Fx,0.001000769656201883,0.8504581445993263
a_residual,s4,alpha,4466835.921509635,abs_delta_Fx,0.001000770306516463,0.8504581439490118
a_residual,s4,alpha,4597269.885308728,abs_delta_Fx,0.0010007709383801355,0.8504581433171481
a_residual,s4,alpha,4731512.589614803,abs_delta_Fx,0.001000771552317703,0.8504581427032105
a_residual,s4,alpha,4869675.2516586315,abs_delta_Fx,0.001000772148835094,0.8504581421066931
a_residual,s4,alpha,5011872.336272725,abs_delta_Fx,0.0010007727284290224,0.8504581415270992
a_residual,s4,alpha,5158221.650723061,abs_delta_Fx,0.0010007732915786605,0.8504581409639496
a_residual,s4,alpha,5308844.44230989,abs_delta_Fx,0.0010007738387497467,0.8504581404167785
a_residual,s4,alpha,5463865.49881854,abs_delta_Fx,0.0010007743703973615,0.8504581398851309
a_residual,s4,alpha,5623413.251903491,abs_delta_Fx,0.0010007748869607092,0.8504581393685675
a_residual,s4,alpha,5787619.883491209,abs_delta_Fx,0.0010007753888682247,0.85045813886666
a_residual,s4,alpha,5956621.435290109,abs_delta_Fx,0.0010007758765355756,0.8504581383789926
a_residual,s4,alpha,6130557.921498215,abs_delta_Fx,0.00100077635036655,0.8504581379051617
a_residual,s4,alpha,6309573.444801942,abs_delta_Fx,0.001000776810753945,0.8504581374447743
a_residual,s4,alpha,6493816.315762113,abs_delta_Fx,0.001000777258079566,0.8504581369974487
a_residual,s4,alpha,6683439.175686149,abs_delta_Fx,0.0010007776927132284,0.850458136562815
a_residual,s4,alpha,6878599.123088081,abs_delta_Fx,0.0010007781150154216,0.8504581361405128
a_residual,s4,alpha,7079457.843841388,abs_delta_Fx,0.001000778525336754,0.8504581357301915
a_residual,s4,alpha,7286181.745132289,abs_delta_Fx,0.0010007789240159548,0.8504581353315123
a_residual,s4,alpha,7498942.093324558,abs_delta_Fx,0.0010007793113836483,0.8504581349441446
a_residual,s4,alpha,7717915.155850127,abs_delta_Fx,0.001000779687761466,0.8504581345677668
a_residual,s4,alpha,7943282.347242822,abs_delta_Fx,0.0010007800534598266,0.8504581342020684
a_residual,s4,alpha,8175230.37943651,abs_delta_Fx,0.0010007804087831529,0.8504581338467451
a_residual,s4,alpha,8413951.416451965,abs_delta_Fx,0.001000780754025099,0.8504581335015031
a_residual,s4,alpha,8659643.233600654,abs_delta_Fx,0.0010007810894716584,0.8504581331660566
a_residual,s4,alpha,8912509.381337458,abs_delta_Fx,0.001000781415401386,0.8504581328401268
a_residual,s4,alpha,9172759.353897803,abs_delta_Fx,0.001000781732083178,0.850458132523445
a_residual,s4,alpha,9440608.762859246,abs_delta_Fx,0.0010007820397807121,0.8504581322157475
a_residual,s4,alpha,9716279.515771078,abs_delta_Fx,0.0010007823387481185,0.8504581319167801
a_residual,s4,alpha,10000000.0,abs_delta_Fx,0.0010007826292327549,0.8504581316262955
