panel,series,x_name,x,y_name,y
a_value,hard_positive_part,x,-5e-05,value,0.0
a_value,hard_positive_part,x,-4.99e-05,value,0.0
a_value,hard_positive_part,x,-4.9800000000000004e-05,value,0.0
a_value,hard_positive_part,x,-4.97e-05,value,0.0
a_value,hard_positive_part,x,-4.96e-05,value,0.0
a_value,hard_positive_part,x,-4.9500000000000004e-05,value,0.0
a_value,hard_positive_part,x,-4.94e-05,value,0.0
a_value,hard_positive_part,x,-4.9300000000000006e-05,value,0.0
a_value,hard_positive_part,x,-4.92e-05,value,0.0
a_value,hard_positive_part,x,-4.91e-05,value,0.0
a_value,hard_positive_part,x,-4.9000000000000005e-05,value,0.0
a_value,hard_positive_part,x,-4.89e-05,value,0.0
a_value,hard_positive_part,x,-4.88e-05,value,0.0
a_value,hard_positive_part,x,-4.8700000000000005e-05,value,0.0
a_value,hard_positive_part,x,-4.86e-05,value,0.0
a_value,hard_positive_part,x,-4.85e-05,value,0.0
a_value,hard_positive_part,x,-4.8400000000000004e-05,value,0.0
a_value,hard_positive_part,x,-4.83e-05,value,0.0
a_value,hard_positive_part,x,-4.82e-05,value,0.0
a_value,hard_positive_part,x,-4.8100000000000004e-05,value,0.0
a_value,hard_positive_part,x,-4.8e-05,value,0.0
a_value,hard_positive_part,x,-4.79e-05,value,0.0
a_value,hard_positive_part,x,-4.78e-05,value,0.0
a_value,hard_positive_part,x,-4.77e-05,value,0.0
a_value,hard_positive_part,x,-4.7600000000000005e-05,value,0.0
a_value,hard_positive_part,x,-4.75e-05,value,0.0
a_value,hard_positive_part,x,-4.74e-05,value,0.0
a_value,hard_positive_part,x,-4.7300000000000005e-05,value,0.0
a_value,hard_positive_part,x,-4.72e-05,value,0.0
a_value,hard_positive_part,x,-4.71e-05,value,0.0
a_value,hard_positive_part,x,-4.7000000000000004e-05,value,0.0
a_value,hard_positive_part,x,-4.69e-05,value,0.0
a_value,hard_positive_part,x,-4.68e-05,value,0.0
a_value,hard_positive_part,x,-4.6700000000000003e-05,value,0.0
a_value,hard_positive_part,x,-4.66e-05,value,0.0
a_value,hard_positive_part,x,-4.6500000000000005e-05,value,0.0
a_value,hard_positive_part,x,-4.64e-05,value,0.0
a_value,hard_positive_part,x,-4.63e-05,value,0.0
a_value,hard_positive_part,x,-4.6200000000000005e-05,value,0.0
a_value,hard_positive_part,x,-4.61e-05,value,0.0
a_value,hard_positive_part,x,-4.6e-05,value,0.0
a_value,hard_positive_part,x,-4.5900000000000004e-05,value,0.0
a_value,hard_positive_part,x,-4.58e-05,value,0.0
a_value,hard_positive_part,x,-4.57e-05,value,0.0
a_value,hard_positive_part,x,-4.5600000000000004e-05,value,0.0
a_value,hard_positive_part,x,-4.55e-05,value,0.0
a_value,hard_positive_part,x,-4.5400000000000006e-05,value,0.0
a_value,hard_positive_part,x,-4.53e-05,value,0.0
a_value,hard_positive_part,x,-4.52e-05,value,0.0
a_value,hard_positive_part,x,-4.51e-05,value,0.0
a_value,hard_positive_part,x,-4.5e-05,value,0.0
a_value,hard_positive_part,x,-4.49e-05,value,0.0
a_value,hard_positive_part,x,-4.4800000000000005e-05,value,0.0
a_value,hard_positive_part,x,-4.47e-05,value,0.0
a_value,hard_positive_part,x,-4.46e-05,value,0.0
a_value,hard_positive_part,x,-4.4500000000000004e-05,value,0.0
a_value,hard_positive_part,x,-4.44e-05,value,0.0
a_value,hard_positive_part,x,-4.43e-05,value,0.0
a_value,hard_positive_part,x,-4.4200000000000004e-05,value,0.0
a_value,hard_positive_part,x,-4.41e-05,value,0.0
a_value,hard_positive_part,x,-4.4e-05,value,0.0
a_value,hard_positive_part,x,-4.39e-05,value,0.0
a_value,hard_positive_part,x,-4.38e-05,value,0.0
a_value,hard_positive_part,x,-4.3700000000000005e-05,value,0.0
a_value,hard_positive_part,x,-4.36e-05,value,0.0
a_value,hard_positive_part,x,-4.35e-05,value,0.0
a_value,hard_positive_part,x,-4.3400000000000005e-05,value,0.0
a_value,hard_positive_part,x,-4.33e-05,value,0.0
a_value,hard_positive_part,x,-4.32e-05,value,0.0
a_value,hard_positive_part,x,-4.3100000000000004e-05,value,0.0
a_value,hard_positive_part,x,-4.3e-05,value,0.0
a_value,hard_positive_part,x,-4.29e-05,value,0.0
a_value,hard_positive_part,x,-4.2800000000000004e-05,value,0.0
a_value,hard_positive_part,x,-4.27e-05,value,0.0
a_value,hard_positive_part,x,-4.2600000000000005e-05,value,0.0
a_value,hard_positive_part,x,-4.25e-05,value,0.0
a_value,hard_positive_part,x,-4.24e-05,value,0.0
a_value,hard_positive_part,x,-4.23e-05,value,0.0
a_value,hard_positive_part,x,-4.22e-05,value,0.0
a_value,hard_positive_part,x,-4.21e-05,value,0.0
a_value,hard_positive_part,x,-4.2000000000000004e-05,value,0.0
a_value,hard_positive_part,x,-4.19e-05,value,0.0
a_value,hard_positive_part,x,-4.18e-05,value,0.0
a_value,hard_positive_part,x,-4.1700000000000004e-05,value,0.0
a_value,hard_positive_part,x,-4.16e-05,value,0.0
a_value,hard_positive_part,x,-4.1500000000000006e-05,value,0.0
a_value,hard_positive_part,x,-4.1400000000000003e-05,value,0.0
a_value,hard_positive_part,x,-4.13e-05,value,0.0
a_value,hard_positive_part,x,-4.12e-05,value,0.0
a_value,hard_positive_part,x,-4.11e-05,value,0.0
a_value,hard_positive_part,x,-4.1e-05,value,0.0
a_value,hard_positive_part,x,-4.0900000000000005e-05,value,0.0
a_value,hard_positive_part,x,-4.08e-05,value,0.0
a_value,hard_positive_part,x,-4.07e-05,value,0.0
a_value,hard_positive_part,x,-4.06e-05,value,0.0
a_value,hard_positive_part,x,-4.05e-05,value,0.0
a_value,hard_positive_part,x,-4.04e-05,value,0.0
a_value,hard_positive_part,x,-4.0300000000000004e-05,value,0.0
a_value,hard_positive_part,x,-4.02e-05,value,0.0
a_value,hard_positive_part,x,-4.01e-05,value,0.0
a_value,hard_positive_part,x,-4e-05,value,0.0
a_value,hard_positive_part,x,-3.99e-05,value,0.0
a_value,hard_positive_part,x,-3.9800000000000005e-05,value,0.0
a_value,hard_positive_part,x,-3.97e-05,value,0.0
a_value,hard_positive_part,x,-3.96e-05,value,0.0
a_value,hard_positive_part,x,-3.95e-05,value,0.0
a_value,hard_positive_part,x,-3.94e-05,value,0.0
a_value,hard_positive_part,x,-3.93e-05,value,0.0
a_value,hard_positive_part,x,-3.9200000000000004e-05,value,0.0
a_value,hard_positive_part,x,-3.91e-05,value,0.0
a_value,hard_positive_part,x,-3.9e-05,value,0.0
a_value,hard_positive_part,x,-3.8900000000000004e-05,value,0.0
a_value,hard_positive_part,x,-3.88e-05,value,0.0
a_value,hard_positive_part,x,-3.8700000000000006e-05,value,0.0
a_value,hard_positive_part,x,-3.86e-05,value,0.0
a_value,hard_positive_part,x,-3.85e-05,value,0.0
a_value,hard_positive_part,x,-3.84e-05,value,0.0
a_value,hard_positive_part,x,-3.83e-05,value,0.0
a_value,hard_positive_part,x,-3.82e-05,value,0.0
a_value,hard_positive_part,x,-3.8100000000000005e-05,value,0.0
a_value,hard_positive_part,x,-3.8e-05,value,0.0
a_value,hard_positive_part,x,-3.79e-05,value,0.0
a_value,hard_positive_part,x,-3.78e-05,value,0.0
a_value,hard_positive_part,x,-3.77e-05,value,0.0
a_value,hard_positive_part,x,-3.76e-05,value,0.0
a_value,hard_positive_part,x,-3.7500000000000003e-05,value,0.0
a_value,hard_positive_part,x,-3.74e-05,value,0.0
a_value,hard_positive_part,x,-3.73e-05,value,0.0
a_value,hard_positive_part,x,-3.72e-05,value,0.0
a_value,hard_positive_part,x,-3.71e-05,value,0.0
a_value,hard_positive_part,x,-3.7000000000000005e-05,value,0.0
a_value,hard_positive_part,x,-3.69e-05,value,0.0
a_value,hard_positive_part,x,-3.68e-05,value,0.0
a_value,hard_positive_part,x,-3.67e-05,value,0.0
a_value,hard_positive_part,x,-3.66e-05,value,0.0
a_value,hard_positive_part,x,-3.65e-05,value,0.0
a_value,hard_positive_part,x,-3.6400000000000004e-05,value,0.0
a_value,hard_positive_part,x,-3.63e-05,value,0.0
a_value,hard_positive_part,x,-3.62e-05,value,0.0
a_value,hard_positive_part,x,-3.61e-05,value,0.0
a_value,hard_positive_part,x,-3.6e-05,value,0.0
a_value,hard_positive_part,x,-3.5900000000000005e-05,value,0.0
a_value,hard_positive_part,x,-3.58e-05,value,0.0
a_value,hard_positive_part,x,-3.57e-05,value,0.0
a_value,hard_positive_part,x,-3.56e-05,value,0.0
a_value,hard_positive_part,x,-3.55e-05,value,0.0
a_value,hard_positive_part,x,-3.54e-05,value,0.0
a_value,hard_positive_part,x,-3.5300000000000004e-05,value,0.0
a_value,hard_positive_part,x,-3.52e-05,value,0.0
a_value,hard_positive_part,x,-3.51e-05,value,0.0
a_value,hard_positive_part,x,-3.5e-05,value,0.0
a_value,hard_positive_part,x,-3.49e-05,value,0.0
a_value,hard_positive_part,x,-3.48e-05,value,0.0
a_value,hard_positive_part,x,-3.47e-05,value,0.0
a_value,hard_positive_part,x,-3.46e-05,value,0.0
a_value,hard_positive_part,x,-3.45e-05,value,0.0
a_value,hard_positive_part,x,-3.44e-05,value,0.0
a_value,hard_positive_part,x,-3.43e-05,value,0.0
a_value,hard_positive_part,x,-3.4200000000000005e-05,value,0.0
a_value,hard_positive_part,x,-3.41e-05,value,0.0
a_value,hard_positive_part,x,-3.4e-05,value,0.0
a_value,hard_positive_part,x,-3.39e-05,value,0.0
a_value,hard_positive_part,x,-3.38e-05,value,0.0
a_value,hard_positive_part,x,-3.3700000000000006e-05,value,0.0
a_value,hard_positive_part,x,-3.3600000000000004e-05,value,0.0
a_value,hard_positive_part,x,-3.35e-05,value,0.0
a_value,hard_positive_part,x,-3.34e-05,value,0.0
a_value,hard_positive_part,x,-3.3299999999999996e-05,value,0.0
a_value,hard_positive_part,x,-3.32e-05,value,0.0
a_value,hard_positive_part,x,-3.3100000000000005e-05,value,0.0
a_value,hard_positive_part,x,-3.3e-05,value,0.0
a_value,hard_positive_part,x,-3.29e-05,value,0.0
a_value,hard_positive_part,x,-3.28e-05,value,0.0
a_value,hard_positive_part,x,-3.27e-05,value,0.0
a_value,hard_positive_part,x,-3.26e-05,value,0.0
a_value,hard_positive_part,x,-3.2500000000000004e-05,value,0.0
a_value,hard_positive_part,x,-3.24e-05,value,0.0
a_value,hard_positive_part,x,-3.23e-05,value,0.0
a_value,hard_positive_part,x,-3.22e-05,value,0.0
a_value,hard_positive_part,x,-3.21e-05,value,0.0
a_value,hard_positive_part,x,-3.2000000000000005e-05,value,0.0
a_value,hard_positive_part,x,-3.19e-05,value,0.0
a_value,hard_positive_part,x,-3.18e-05,value,0.0
a_value,hard_positive_part,x,-3.17e-05,value,0.0
a_value,hard_positive_part,x,-3.16e-05,value,0.0
a_value,hard_positive_part,x,-3.15e-05,value,0.0
a_value,hard_positive_part,x,-3.1400000000000004e-05,value,0.0
a_value,hard_positive_part,x,-3.13e-05,value,0.0
a_value,hard_positive_part,x,-3.12e-05,value,0.0
a_value,hard_positive_part,x,-3.11e-05,value,0.0
a_value,hard_positive_part,x,-3.1e-05,value,0.0
a_value,hard_positive_part,x,-3.0900000000000006e-05,value,0.0
a_value,hard_positive_part,x,-3.08e-05,value,0.0
a_value,hard_positive_part,x,-3.07e-05,value,0.0
a_value,hard_positive_part,x,-3.06e-05,value,0.0
a_value,hard_positive_part,x,-3.05e-05,value,0.0
a_value,hard_positive_part,x,-3.04e-05,value,0.0
a_value,hard_positive_part,x,-3.03e-05,value,0.0
a_value,hard_positive_part,x,-3.0200000000000002e-05,value,0.0
a_value,hard_positive_part,x,-3.01e-05,value,0.0
a_value,hard_positive_part,x,-3e-05,value,0.0
a_value,hard_positive_part,x,-2.9900000000000002e-05,value,0.0
a_value,hard_positive_part,x,-2.98e-05,value,0.0
a_value,hard_positive_part,x,-2.97e-05,value,0.0
a_value,hard_positive_part,x,-2.96e-05,value,0.0
a_value,hard_positive_part,x,-2.9500000000000002e-05,value,0.0
a_value,hard_positive_part,x,-2.94e-05,value,0.0
a_value,hard_positive_part,x,-2.93e-05,value,0.0
a_value,hard_positive_part,x,-2.92e-05,value,0.0
a_value,hard_positive_part,x,-2.91e-05,value,0.0
a_value,hard_positive_part,x,-2.9e-05,value,0.0
a_value,hard_positive_part,x,-2.89e-05,value,0.0
a_value,hard_positive_part,x,-2.8800000000000002e-05,value,0.0
a_value,hard_positive_part,x,-2.87e-05,value,0.0
a_value,hard_positive_part,x,-2.86e-05,value,0.0
a_value,hard_positive_part,x,-2.85e-05,value,0.0
a_value,hard_positive_part,x,-2.84e-05,value,0.0
a_value,hard_positive_part,x,-2.83e-05,value,0.0
a_value,hard_positive_part,x,-2.82e-05,value,0.0
a_value,hard_positive_part,x,-2.8100000000000002e-05,value,0.0
a_value,hard_positive_part,x,-2.8e-05,value,0.0
a_value,hard_positive_part,x,-2.79e-05,value,0.0
a_value,hard_positive_part,x,-2.78e-05,value,0.0
a_value,hard_positive_part,x,-2.77e-05,value,0.0
a_value,hard_positive_part,x,-2.76e-05,value,0.0
a_value,hard_positive_part,x,-2.75e-05,value,0.0
a_value,hard_positive_part,x,-2.7400000000000002e-05,value,0.0
a_value,hard_positive_part,x,-2.73e-05,value,0.0
a_value,hard_positive_part,x,-2.72e-05,value,0.0
a_value,hard_positive_part,x,-2.71e-05,value,0.0
a_value,hard_positive_part,x,-2.7e-05,value,0.0
a_value,hard_positive_part,x,-2.69e-05,value,0.0
a_value,hard_positive_part,x,-2.68e-05,value,0.0
a_value,hard_positive_part,x,-2.6700000000000002e-05,value,0.0
a_value,hard_positive_part,x,-2.66e-05,value,0.0
a_value,hard_positive_part,x,-2.65e-05,value,0.0
a_value,hard_positive_part,x,-2.64e-05,value,0.0
a_value,hard_positive_part,x,-2.63e-05,value,0.0
a_value,hard_positive_part,x,-2.62e-05,value,0.0
a_value,hard_positive_part,x,-2.61e-05,value,0.0
a_value,hard_positive_part,x,-2.6000000000000002e-05,value,0.0
a_value,hard_positive_part,x,-2.59e-05,value,0.0
a_value,hard_positive_part,x,-2.58e-05,value,0.0
a_value,hard_positive_part,x,-2.57e-05,value,0.0
a_value,hard_positive_part,x,-2.56e-05,value,0.0
a_value,hard_positive_part,x,-2.55e-05,value,0.0
a_value,hard_positive_part,x,-2.54e-05,value,0.0
a_value,hard_positive_part,x,-2.5300000000000002e-05,value,0.0
a_value,hard_positive_part,x,-2.52e-05,value,0.0
a_value,hard_positive_part,x,-2.51e-05,value,0.0
a_value,hard_positive_part,x,-2.5e-05,value,0.0
a_value,hard_positive_part,x,-2.49e-05,value,0.0
a_value,hard_positive_part,x,-2.48e-05,value,0.0
a_value,hard_positive_part,x,-2.47e-05,value,0.0
a_value,hard_positive_part,x,-2.46e-05,value,0.0
a_value,hard_positive_part,x,-2.45e-05,value,0.0
a_value,hard_positive_part,x,-2.44e-05,value,0.0
a_value,hard_positive_part,x,-2.43e-05,value,0.0
a_value,hard_positive_part,x,-2.42e-05,value,0.0
a_value,hard_positive_part,x,-2.41e-05,value,0.0
a_value,hard_positive_part,x,-2.4e-05,value,0.0
a_value,hard_positive_part,x,-2.39e-05,value,0.0
a_value,hard_positive_part,x,-2.38e-05,value,0.0
a_value,hard_positive_part,x,-2.37e-05,value,0.0
a_value,hard_positive_part,x,-2.36e-05,value,0.0
a_value,hard_positive_part,x,-2.35e-05,value,0.0
a_value,hard_positive_part,x,-2.34e-05,value,0.0
a_value,hard_positive_part,x,-2.33e-05,value,0.0
a_value,hard_positive_part,x,-2.32e-05,value,0.0
a_value,hard_positive_part,x,-2.31e-05,value,0.0
a_value,hard_positive_part,x,-2.3e-05,value,0.0
a_value,hard_positive_part,x,-2.29e-05,value,0.0
a_value,hard_positive_part,x,-2.28e-05,value,0.0
a_value,hard_positive_part,x,-2.27e-05,value,0.0
a_value,hard_positive_part,x,-2.26e-05,value,0.0
a_value,hard_positive_part,x,-2.25e-05,value,0.0
a_value,hard_positive_part,x,-2.24e-05,value,0.0
a_value,hard_positive_part,x,-2.23e-05,value,0.0
a_value,hard_positive_part,x,-2.22e-05,value,0.0
a_value,hard_positive_part,x,-2.21e-05,value,0.0
a_value,hard_positive_part,x,-2.2e-05,value,0.0
a_value,hard_positive_part,x,-2.19e-05,value,0.0
a_value,hard_positive_part,x,-2.18e-05,value,0.0
a_value,hard_positive_part,x,-2.17e-05,value,0.0
a_value,hard_positive_part,x,-2.16e-05,value,0.0
a_value,hard_positive_part,x,-2.15e-05,value,0.0
a_value,hard_positive_part,x,-2.14e-05,value,0.0
a_value,hard_positive_part,x,-2.13e-05,value,0.0
a_value,hard_positive_part,x,-2.12e-05,value,0.0
a_value,hard_positive_part,x,-2.11e-05,value,0.0
a_value,hard_positive_part,x,-2.1e-05,value,0.0
a_value,hard_positive_part,x,-2.09e-05,value,0.0
a_value,hard_positive_part,x,-2.08e-05,value,0.0
a_value,hard_positive_part,x,-2.07e-05,value,0.0
a_value,hard_positive_part,x,-2.06e-05,value,0.0
a_value,hard_positive_part,x,-2.05e-05,value,0.0
a_value,hard_positive_part,x,-2.04e-05,value,0.0
a_value,hard_positive_part,x,-2.03e-05,value,0.0
a_value,hard_positive_part,x,-2.02e-05,value,0.0
a_value,hard_positive_part,x,-2.01e-05,value,0.0
a_value,hard_positive_part,x,-1.9999999999999998e-05,value,0.0
a_value,hard_positive_part,x,-1.99e-05,value,0.0
a_value,hard_positive_part,x,-1.98e-05,value,0.0
a_value,hard_positive_part,x,-1.97e-05,value,0.0
a_value,hard_positive_part,x,-1.96e-05,value,0.0
a_value,hard_positive_part,x,-1.95e-05,value,0.0
a_value,hard_positive_part,x,-1.9399999999999997e-05,value,0.0
a_value,hard_positive_part,x,-1.93e-05,value,0.0
a_value,hard_positive_part,x,-1.92e-05,value,0.0
a_value,hard_positive_part,x,-1.9099999999999997e-05,value,0.0
a_value,hard_positive_part,x,-1.9e-05,value,0.0
a_value,hard_positive_part,x,-1.89e-05,value,0.0
a_value,hard_positive_part,x,-1.8800000000000003e-05,value,0.0
a_value,hard_positive_part,x,-1.87e-05,value,0.0
a_value,hard_positive_part,x,-1.8599999999999998e-05,value,0.0
a_value,hard_positive_part,x,-1.8500000000000002e-05,value,0.0
a_value,hard_positive_part,x,-1.84e-05,value,0.0
a_value,hard_positive_part,x,-1.8299999999999998e-05,value,0.0
a_value,hard_positive_part,x,-1.8200000000000002e-05,value,0.0
a_value,hard_positive_part,x,-1.81e-05,value,0.0
a_value,hard_positive_part,x,-1.7999999999999997e-05,value,0.0
a_value,hard_positive_part,x,-1.79e-05,value,0.0
a_value,hard_positive_part,x,-1.78e-05,value,0.0
a_value,hard_positive_part,x,-1.7699999999999997e-05,value,0.0
a_value,hard_positive_part,x,-1.76e-05,value,0.0
a_value,hard_positive_part,x,-1.75e-05,value,0.0
a_value,hard_positive_part,x,-1.7400000000000003e-05,value,0.0
a_value,hard_positive_part,x,-1.73e-05,value,0.0
a_value,hard_positive_part,x,-1.7199999999999998e-05,value,0.0
a_value,hard_positive_part,x,-1.7100000000000002e-05,value,0.0
a_value,hard_positive_part,x,-1.7e-05,value,0.0
a_value,hard_positive_part,x,-1.6899999999999997e-05,value,0.0
a_value,hard_positive_part,x,-1.6800000000000002e-05,value,0.0
a_value,hard_positive_part,x,-1.67e-05,value,0.0
a_value,hard_positive_part,x,-1.6599999999999997e-05,value,0.0
a_value,hard_positive_part,x,-1.65e-05,value,0.0
a_value,hard_positive_part,x,-1.64e-05,value,0.0
a_value,hard_positive_part,x,-1.6299999999999996e-05,value,0.0
a_value,hard_positive_part,x,-1.62e-05,value,0.0
a_value,hard_positive_part,x,-1.61e-05,value,0.0
a_value,hard_positive_part,x,-1.6000000000000003e-05,value,0.0
a_value,hard_positive_part,x,-1.59e-05,value,0.0
a_value,hard_positive_part,x,-1.5799999999999998e-05,value,0.0
a_value,hard_positive_part,x,-1.5700000000000002e-05,value,0.0
a_value,hard_positive_part,x,-1.56e-05,value,0.0
a_value,hard_positive_part,x,-1.5499999999999997e-05,value,0.0
a_value,hard_positive_part,x,-1.54e-05,value,0.0
a_value,hard_positive_part,x,-1.53e-05,value,0.0
a_value,hard_positive_part,x,-1.5199999999999997e-05,value,0.0
a_value,hard_positive_part,x,-1.5100000000000001e-05,value,0.0
a_value,hard_positive_part,x,-1.4999999999999999e-05,value,0.0
a_value,hard_positive_part,x,-1.4899999999999996e-05,value,0.0
a_value,hard_positive_part,x,-1.48e-05,value,0.0
a_value,hard_positive_part,x,-1.4699999999999998e-05,value,0.0
a_value,hard_positive_part,x,-1.4600000000000003e-05,value,0.0
a_value,hard_positive_part,x,-1.45e-05,value,0.0
a_value,hard_positive_part,x,-1.4399999999999998e-05,value,0.0
a_value,hard_positive_part,x,-1.4300000000000002e-05,value,0.0
a_value,hard_positive_part,x,-1.42e-05,value,0.0
a_value,hard_positive_part,x,-1.4099999999999997e-05,value,0.0
a_value,hard_positive_part,x,-1.4000000000000001e-05,value,0.0
a_value,hard_positive_part,x,-1.3899999999999999e-05,value,0.0
a_value,hard_positive_part,x,-1.3799999999999997e-05,value,0.0
a_value,hard_positive_part,x,-1.3700000000000001e-05,value,0.0
a_value,hard_positive_part,x,-1.3599999999999999e-05,value,0.0
a_value,hard_positive_part,x,-1.3499999999999996e-05,value,0.0
a_value,hard_positive_part,x,-1.34e-05,value,0.0
a_value,hard_positive_part,x,-1.3299999999999998e-05,value,0.0
a_value,hard_positive_part,x,-1.3200000000000002e-05,value,0.0
a_value,hard_positive_part,x,-1.31e-05,value,0.0
a_value,hard_positive_part,x,-1.2999999999999998e-05,value,0.0
a_value,hard_positive_part,x,-1.2900000000000002e-05,value,0.0
a_value,hard_positive_part,x,-1.28e-05,value,0.0
a_value,hard_positive_part,x,-1.2699999999999997e-05,value,0.0
a_value,hard_positive_part,x,-1.2600000000000001e-05,value,0.0
a_value,hard_positive_part,x,-1.2499999999999999e-05,value,0.0
a_value,hard_positive_part,x,-1.2399999999999996e-05,value,0.0
a_value,hard_positive_part,x,-1.23e-05,value,0.0
a_value,hard_positive_part,x,-1.2199999999999998e-05,value,0.0
a_value,hard_positive_part,x,-1.2099999999999996e-05,value,0.0
a_value,hard_positive_part,x,-1.2e-05,value,0.0
a_value,hard_positive_part,x,-1.1899999999999998e-05,value,0.0
a_value,hard_positive_part,x,-1.1800000000000002e-05,value,0.0
a_value,hard_positive_part,x,-1.17e-05,value,0.0
a_value,hard_positive_part,x,-1.1599999999999997e-05,value,0.0
a_value,hard_positive_part,x,-1.1500000000000002e-05,value,0.0
a_value,hard_positive_part,x,-1.14e-05,value,0.0
a_value,hard_positive_part,x,-1.1299999999999997e-05,value,0.0
a_value,hard_positive_part,x,-1.1200000000000001e-05,value,0.0
a_value,hard_positive_part,x,-1.1099999999999999e-05,value,0.0
a_value,hard_positive_part,x,-1.0999999999999996e-05,value,0.0
a_value,hard_positive_part,x,-1.09e-05,value,0.0
a_value,hard_positive_part,x,-1.0799999999999998e-05,value,0.0
a_value,hard_positive_part,x,-1.0699999999999996e-05,value,0.0
a_value,hard_positive_part,x,-1.06e-05,value,0.0
a_value,hard_positive_part,x,-1.0499999999999998e-05,value,0.0
a_value,hard_positive_part,x,-1.0400000000000002e-05,value,0.0
a_value,hard_positive_part,x,-1.03e-05,value,0.0
a_value,hard_positive_part,x,-1.0199999999999997e-05,value,0.0
a_value,hard_positive_part,x,-1.0100000000000002e-05,value,0.0
a_value,hard_positive_part,x,-9.999999999999999e-06,value,0.0
a_value,hard_positive_part,x,-9.899999999999997e-06,value,0.0
a_value,hard_positive_part,x,-9.800000000000001e-06,value,0.0
a_value,hard_positive_part,x,-9.699999999999999e-06,value,0.0
a_value,hard_positive_part,x,-9.599999999999996e-06,value,0.0
a_value,hard_positive_part,x,-9.5e-06,value,0.0
a_value,hard_positive_part,x,-9.399999999999998e-06,value,0.0
a_value,hard_positive_part,x,-9.299999999999996e-06,value,0.0
a_value,hard_positive_part,x,-9.2e-06,value,0.0
a_value,hard_positive_part,x,-9.099999999999998e-06,value,0.0
a_value,hard_positive_part,x,-9.000000000000002e-06,value,0.0
a_value,hard_positive_part,x,-8.9e-06,value,0.0
a_value,hard_positive_part,x,-8.799999999999997e-06,value,0.0
a_value,hard_positive_part,x,-8.700000000000001e-06,value,0.0
a_value,hard_positive_part,x,-8.599999999999999e-06,value,0.0
a_value,hard_positive_part,x,-8.499999999999997e-06,value,0.0
a_value,hard_positive_part,x,-8.400000000000001e-06,value,0.0
a_value,hard_positive_part,x,-8.299999999999998e-06,value,0.0
a_value,hard_positive_part,x,-8.199999999999996e-06,value,0.0
a_value,hard_positive_part,x,-8.1e-06,value,0.0
a_value,hard_positive_part,x,-7.999999999999998e-06,value,0.0
a_value,hard_positive_part,x,-7.899999999999996e-06,value,0.0
a_value,hard_positive_part,x,-7.8e-06,value,0.0
a_value,hard_positive_part,x,-7.699999999999997e-06,value,0.0
a_value,hard_positive_part,x,-7.600000000000002e-06,value,0.0
a_value,hard_positive_part,x,-7.499999999999999e-06,value,0.0
a_value,hard_positive_part,x,-7.399999999999997e-06,value,0.0
a_value,hard_positive_part,x,-7.300000000000001e-06,value,0.0
a_value,hard_positive_part,x,-7.199999999999999e-06,value,0.0
a_value,hard_positive_part,x,-7.099999999999996e-06,value,0.0
a_value,hard_positive_part,x,-7.000000000000001e-06,value,0.0
a_value,hard_positive_part,x,-6.899999999999998e-06,value,0.0
a_value,hard_positive_part,x,-6.799999999999996e-06,value,0.0
a_value,hard_positive_part,x,-6.7e-06,value,0.0
a_value,hard_positive_part,x,-6.599999999999998e-06,value,0.0
a_value,hard_positive_part,x,-6.499999999999995e-06,value,0.0
a_value,hard_positive_part,x,-6.4e-06,value,0.0
a_value,hard_positive_part,x,-6.299999999999997e-06,value,0.0
a_value,hard_positive_part,x,-6.200000000000002e-06,value,0.0
a_value,hard_positive_part,x,-6.099999999999999e-06,value,0.0
a_value,hard_positive_part,x,-5.999999999999997e-06,value,0.0
a_value,hard_positive_part,x,-5.900000000000001e-06,value,0.0
a_value,hard_positive_part,x,-5.799999999999999e-06,value,0.0
a_value,hard_positive_part,x,-5.699999999999996e-06,value,0.0
a_value,hard_positive_part,x,-5.600000000000001e-06,value,0.0
a_value,hard_positive_part,x,-5.499999999999998e-06,value,0.0
a_value,hard_positive_part,x,-5.399999999999996e-06,value,0.0
a_value,hard_positive_part,x,-5.3e-06,value,0.0
a_value,hard_positive_part,x,-5.199999999999998e-06,value,0.0
a_value,hard_positive_part,x,-5.099999999999995e-06,value,0.0
a_value,hard_positive_part,x,-4.9999999999999996e-06,value,0.0
a_value,hard_positive_part,x,-4.899999999999997e-06,value,0.0
a_value,hard_positive_part,x,-4.8000000000000015e-06,value,0.0
a_value,hard_positive_part,x,-4.699999999999999e-06,value,0.0
a_value,hard_positive_part,x,-4.599999999999997e-06,value,0.0
a_value,hard_positive_part,x,-4.500000000000001e-06,value,0.0
a_value,hard_positive_part,x,-4.3999999999999985e-06,value,0.0
a_value,hard_positive_part,x,-4.299999999999996e-06,value,0.0
a_value,hard_positive_part,x,-4.2000000000000004e-06,value,0.0
a_value,hard_positive_part,x,-4.099999999999998e-06,value,0.0
a_value,hard_positive_part,x,-3.999999999999996e-06,value,0.0
a_value,hard_positive_part,x,-3.9e-06,value,0.0
a_value,hard_positive_part,x,-3.7999999999999975e-06,value,0.0
a_value,hard_positive_part,x,-3.699999999999995e-06,value,0.0
a_value,hard_positive_part,x,-3.5999999999999994e-06,value,0.0
a_value,hard_positive_part,x,-3.499999999999997e-06,value,0.0
a_value,hard_positive_part,x,-3.4000000000000013e-06,value,0.0
a_value,hard_positive_part,x,-3.299999999999999e-06,value,0.0
a_value,hard_positive_part,x,-3.1999999999999965e-06,value,0.0
a_value,hard_positive_part,x,-3.100000000000001e-06,value,0.0
a_value,hard_positive_part,x,-2.9999999999999984e-06,value,0.0
a_value,hard_positive_part,x,-2.899999999999996e-06,value,0.0
a_value,hard_positive_part,x,-2.8000000000000003e-06,value,0.0
a_value,hard_positive_part,x,-2.699999999999998e-06,value,0.0
a_value,hard_positive_part,x,-2.5999999999999954e-06,value,0.0
a_value,hard_positive_part,x,-2.4999999999999998e-06,value,0.0
a_value,hard_positive_part,x,-2.3999999999999974e-06,value,0.0
a_value,hard_positive_part,x,-2.299999999999995e-06,value,0.0
a_value,hard_positive_part,x,-2.1999999999999993e-06,value,0.0
a_value,hard_positive_part,x,-2.099999999999997e-06,value,0.0
a_value,hard_positive_part,x,-2.000000000000001e-06,value,0.0
a_value,hard_positive_part,x,-1.8999999999999987e-06,value,0.0
a_value,hard_positive_part,x,-1.7999999999999963e-06,value,0.0
a_value,hard_positive_part,x,-1.7000000000000007e-06,value,0.0
a_value,hard_positive_part,x,-1.5999999999999982e-06,value,0.0
a_value,hard_positive_part,x,-1.4999999999999958e-06,value,0.0
a_value,hard_positive_part,x,-1.4000000000000001e-06,value,0.0
a_value,hard_positive_part,x,-1.2999999999999977e-06,value,0.0
a_value,hard_positive_part,x,-1.1999999999999953e-06,value,0.0
a_value,hard_positive_part,x,-1.0999999999999996e-06,value,0.0
a_value,hard_positive_part,x,-9.999999999999972e-07,value,0.0
a_value,hard_positive_part,x,-8.999999999999948e-07,value,0.0
a_value,hard_positive_part,x,-7.999999999999991e-07,value,0.0
a_value,hard_positive_part,x,-6.999999999999967e-07,value,0.0
a_value,hard_positive_part,x,-6.00000000000001e-07,value,0.0
a_value,hard_positive_part,x,-4.999999999999986e-07,value,0.0
a_value,hard_positive_part,x,-3.9999999999999617e-07,value,0.0
a_value,hard_positive_part,x,-3.000000000000005e-07,value,0.0
a_value,hard_positive_part,x,-1.9999999999999809e-07,value,0.0
a_value,hard_positive_part,x,-9.999999999999565e-08,value,0.0
a_value,hard_positive_part,x,0.0,value,0.0
a_value,hard_positive_part,x,1.0000000000000243e-07,value,1.0000000000000243e-07
a_value,hard_positive_part,x,2.0000000000000486e-07,value,2.0000000000000486e-07
a_value,hard_positive_part,x,3.000000000000005e-07,value,3.000000000000005e-07
a_value,hard_positive_part,x,4.0000000000000295e-07,value,4.0000000000000295e-07
a_value,hard_positive_part,x,5.000000000000054e-07,value,5.000000000000054e-07
a_value,hard_positive_part,x,6.00000000000001e-07,value,6.00000000000001e-07
a_value,hard_positive_part,x,7.000000000000035e-07,value,7.000000000000035e-07
a_value,hard_positive_part,x,7.999999999999991e-07,value,7.999999999999991e-07
a_value,hard_positive_part,x,9.000000000000015e-07,value,9.000000000000015e-07
a_value,hard_positive_part,x,1.000000000000004e-06,value,1.000000000000004e-06
a_value,hard_positive_part,x,1.0999999999999996e-06,value,1.0999999999999996e-06
a_value,hard_positive_part,x,1.200000000000002e-06,value,1.200000000000002e-06
a_value,hard_positive_part,x,1.3000000000000045e-06,value,1.3000000000000045e-06
a_value,hard_positive_part,x,1.4000000000000001e-06,value,1.4000000000000001e-06
a_value,hard_positive_part,x,1.5000000000000026e-06,value,1.5000000000000026e-06
a_value,hard_positive_part,x,1.600000000000005e-06,value,1.600000000000005e-06
a_value,hard_positive_part,x,1.7000000000000007e-06,value,1.7000000000000007e-06
a_value,hard_positive_part,x,1.800000000000003e-06,value,1.800000000000003e-06
a_value,hard_positive_part,x,1.8999999999999987e-06,value,1.8999999999999987e-06
a_value,hard_positive_part,x,2.000000000000001e-06,value,2.000000000000001e-06
a_value,hard_positive_part,x,2.1000000000000036e-06,value,2.1000000000000036e-06
a_value,hard_positive_part,x,2.1999999999999993e-06,value,2.1999999999999993e-06
a_value,hard_positive_part,x,2.3000000000000017e-06,value,2.3000000000000017e-06
a_value,hard_positive_part,x,2.400000000000004e-06,value,2.400000000000004e-06
a_value,hard_positive_part,x,2.4999999999999998e-06,value,2.4999999999999998e-06
a_value,hard_positive_part,x,2.600000000000002e-06,value,2.600000000000002e-06
a_value,hard_positive_part,x,2.7000000000000046e-06,value,2.7000000000000046e-06
a_value,hard_positive_part,x,2.8000000000000003e-06,value,2.8000000000000003e-06
a_value,hard_positive_part,x,2.9000000000000027e-06,value,2.9000000000000027e-06
a_value,hard_positive_part,x,3.000000000000005e-06,value,3.000000000000005e-06
a_value,hard_positive_part,x,3.100000000000001e-06,value,3.100000000000001e-06
a_value,hard_positive_part,x,3.2000000000000032e-06,value,3.2000000000000032e-06
a_value,hard_positive_part,x,3.299999999999999e-06,value,3.299999999999999e-06
a_value,hard_positive_part,x,3.4000000000000013e-06,value,3.4000000000000013e-06
a_value,hard_positive_part,x,3.5000000000000038e-06,value,3.5000000000000038e-06
a_value,hard_positive_part,x,3.5999999999999994e-06,value,3.5999999999999994e-06
a_value,hard_positive_part,x,3.700000000000002e-06,value,3.700000000000002e-06
a_value,hard_positive_part,x,3.8000000000000043e-06,value,3.8000000000000043e-06
a_value,hard_positive_part,x,3.9e-06,value,3.9e-06
a_value,hard_positive_part,x,4.000000000000002e-06,value,4.000000000000002e-06
a_value,hard_positive_part,x,4.100000000000005e-06,value,4.100000000000005e-06
a_value,hard_positive_part,x,4.2000000000000004e-06,value,4.2000000000000004e-06
a_value,hard_positive_part,x,4.300000000000003e-06,value,4.300000000000003e-06
a_value,hard_positive_part,x,4.400000000000005e-06,value,4.400000000000005e-06
a_value,hard_positive_part,x,4.500000000000001e-06,value,4.500000000000001e-06
a_value,hard_positive_part,x,4.600000000000003e-06,value,4.600000000000003e-06
a_value,hard_positive_part,x,4.699999999999999e-06,value,4.699999999999999e-06
a_value,hard_positive_part,x,4.8000000000000015e-06,value,4.8000000000000015e-06
a_value,hard_positive_part,x,4.900000000000004e-06,value,4.900000000000004e-06
a_value,hard_positive_part,x,4.9999999999999996e-06,value,4.9999999999999996e-06
a_value,hard_positive_part,x,5.100000000000002e-06,value,5.100000000000002e-06
a_value,hard_positive_part,x,5.200000000000004e-06,value,5.200000000000004e-06
a_value,hard_positive_part,x,5.3e-06,value,5.3e-06
a_value,hard_positive_part,x,5.4000000000000025e-06,value,5.4000000000000025e-06
a_value,hard_positive_part,x,5.500000000000005e-06,value,5.500000000000005e-06
a_value,hard_positive_part,x,5.600000000000001e-06,value,5.600000000000001e-06
a_value,hard_positive_part,x,5.700000000000003e-06,value,5.700000000000003e-06
a_value,hard_positive_part,x,5.8000000000000055e-06,value,5.8000000000000055e-06
a_value,hard_positive_part,x,5.900000000000001e-06,value,5.900000000000001e-06
a_value,hard_positive_part,x,6.0000000000000035e-06,value,6.0000000000000035e-06
a_value,hard_positive_part,x,6.099999999999999e-06,value,6.099999999999999e-06
a_value,hard_positive_part,x,6.200000000000002e-06,value,6.200000000000002e-06
a_value,hard_positive_part,x,6.300000000000004e-06,value,6.300000000000004e-06
a_value,hard_positive_part,x,6.4e-06,value,6.4e-06
a_value,hard_positive_part,x,6.500000000000002e-06,value,6.500000000000002e-06
a_value,hard_positive_part,x,6.6000000000000046e-06,value,6.6000000000000046e-06
a_value,hard_positive_part,x,6.7e-06,value,6.7e-06
a_value,hard_positive_part,x,6.800000000000003e-06,value,6.800000000000003e-06
a_value,hard_positive_part,x,6.900000000000005e-06,value,6.900000000000005e-06
a_value,hard_positive_part,x,7.000000000000001e-06,value,7.000000000000001e-06
a_value,hard_positive_part,x,7.100000000000003e-06,value,7.100000000000003e-06
a_value,hard_positive_part,x,7.200000000000006e-06,value,7.200000000000006e-06
a_value,hard_positive_part,x,7.300000000000001e-06,value,7.300000000000001e-06
a_value,hard_positive_part,x,7.400000000000004e-06,value,7.400000000000004e-06
a_value,hard_positive_part,x,7.499999999999999e-06,value,7.499999999999999e-06
a_value,hard_positive_part,x,7.600000000000002e-06,value,7.600000000000002e-06
a_value,hard_positive_part,x,7.700000000000004e-06,value,7.700000000000004e-06
a_value,hard_positive_part,x,7.8e-06,value,7.8e-06
a_value,hard_positive_part,x,7.900000000000002e-06,value,7.900000000000002e-06
a_value,hard_positive_part,x,8.000000000000005e-06,value,8.000000000000005e-06
a_value,hard_positive_part,x,8.1e-06,value,8.1e-06
a_value,hard_positive_part,x,8.200000000000003e-06,value,8.200000000000003e-06
a_value,hard_positive_part,x,8.300000000000005e-06,value,8.300000000000005e-06
a_value,hard_positive_part,x,8.400000000000001e-06,value,8.400000000000001e-06
a_value,hard_positive_part,x,8.500000000000003e-06,value,8.500000000000003e-06
a_value,hard_positive_part,x,8.600000000000006e-06,value,8.600000000000006e-06
a_value,hard_positive_part,x,8.700000000000001e-06,value,8.700000000000001e-06
a_value,hard_positive_part,x,8.800000000000004e-06,value,8.800000000000004e-06
a_value,hard_positive_part,x,8.9e-06,value,8.9e-06
a_value,hard_positive_part,x,9.000000000000002e-06,value,9.000000000000002e-06
a_value,hard_positive_part,x,9.100000000000004e-06,value,9.100000000000004e-06
a_value,hard_positive_part,x,9.2e-06,value,9.2e-06
a_value,hard_positive_part,x,9.300000000000002e-06,value,9.300000000000002e-06
a_value,hard_positive_part,x,9.400000000000005e-06,value,9.400000000000005e-06
a_value,hard_positive_part,x,9.5e-06,value,9.5e-06
a_value,hard_positive_part,x,9.600000000000003e-06,value,9.600000000000003e-06
a_value,hard_positive_part,x,9.700000000000005e-06,value,9.700000000000005e-06
a_value,hard_positive_part,x,9.800000000000001e-06,value,9.800000000000001e-06
a_value,hard_positive_part,x,9.900000000000003e-06,value,9.900000000000003e-06
a_value,hard_positive_part,x,1.0000000000000006e-05,value,1.0000000000000006e-05
a_value,hard_positive_part,x,1.0100000000000002e-05,value,1.0100000000000002e-05
a_value,hard_positive_part,x,1.0200000000000004e-05,value,1.0200000000000004e-05
a_value,hard_positive_part,x,1.03e-05,value,1.03e-05
a_value,hard_positive_part,x,1.0400000000000002e-05,value,1.0400000000000002e-05
a_value,hard_positive_part,x,1.0500000000000005e-05,value,1.0500000000000005e-05
a_value,hard_positive_part,x,1.06e-05,value,1.06e-05
a_value,hard_positive_part,x,1.0700000000000003e-05,value,1.0700000000000003e-05
a_value,hard_positive_part,x,1.0800000000000005e-05,value,1.0800000000000005e-05
a_value,hard_positive_part,x,1.09e-05,value,1.09e-05
a_value,hard_positive_part,x,1.1000000000000003e-05,value,1.1000000000000003e-05
a_value,hard_positive_part,x,1.1100000000000006e-05,value,1.1100000000000006e-05
a_value,hard_positive_part,x,1.1200000000000008e-05,value,1.1200000000000008e-05
a_value,hard_positive_part,x,1.1299999999999997e-05,value,1.1299999999999997e-05
a_value,hard_positive_part,x,1.14e-05,value,1.14e-05
a_value,hard_positive_part,x,1.1500000000000002e-05,value,1.1500000000000002e-05
a_value,hard_positive_part,x,1.1600000000000004e-05,value,1.1600000000000004e-05
a_value,hard_positive_part,x,1.1700000000000007e-05,value,1.1700000000000007e-05
a_value,hard_positive_part,x,1.1800000000000009e-05,value,1.1800000000000009e-05
a_value,hard_positive_part,x,1.1899999999999998e-05,value,1.1899999999999998e-05
a_value,hard_positive_part,x,1.2e-05,value,1.2e-05
a_value,hard_positive_part,x,1.2100000000000003e-05,value,1.2100000000000003e-05
a_value,hard_positive_part,x,1.2200000000000005e-05,value,1.2200000000000005e-05
a_value,hard_positive_part,x,1.2300000000000008e-05,value,1.2300000000000008e-05
a_value,hard_positive_part,x,1.2399999999999996e-05,value,1.2399999999999996e-05
a_value,hard_positive_part,x,1.2499999999999999e-05,value,1.2499999999999999e-05
a_value,hard_positive_part,x,1.2600000000000001e-05,value,1.2600000000000001e-05
a_value,hard_positive_part,x,1.2700000000000004e-05,value,1.2700000000000004e-05
a_value,hard_positive_part,x,1.2800000000000006e-05,value,1.2800000000000006e-05
a_value,hard_positive_part,x,1.2900000000000009e-05,value,1.2900000000000009e-05
a_value,hard_positive_part,x,1.2999999999999998e-05,value,1.2999999999999998e-05
a_value,hard_positive_part,x,1.31e-05,value,1.31e-05
a_value,hard_positive_part,x,1.3200000000000002e-05,value,1.3200000000000002e-05
a_value,hard_positive_part,x,1.3300000000000005e-05,value,1.3300000000000005e-05
a_value,hard_positive_part,x,1.3400000000000007e-05,value,1.3400000000000007e-05
a_value,hard_positive_part,x,1.350000000000001e-05,value,1.350000000000001e-05
a_value,hard_positive_part,x,1.3599999999999999e-05,value,1.3599999999999999e-05
a_value,hard_positive_part,x,1.3700000000000001e-05,value,1.3700000000000001e-05
a_value,hard_positive_part,x,1.3800000000000003e-05,value,1.3800000000000003e-05
a_value,hard_positive_part,x,1.3900000000000006e-05,value,1.3900000000000006e-05
a_value,hard_positive_part,x,1.4000000000000008e-05,value,1.4000000000000008e-05
a_value,hard_positive_part,x,1.4099999999999997e-05,value,1.4099999999999997e-05
a_value,hard_positive_part,x,1.42e-05,value,1.42e-05
a_value,hard_positive_part,x,1.4300000000000002e-05,value,1.4300000000000002e-05
a_value,hard_positive_part,x,1.4400000000000004e-05,value,1.4400000000000004e-05
a_value,hard_positive_part,x,1.4500000000000007e-05,value,1.4500000000000007e-05
a_value,hard_positive_part,x,1.460000000000001e-05,value,1.460000000000001e-05
a_value,hard_positive_part,x,1.4699999999999998e-05,value,1.4699999999999998e-05
a_value,hard_positive_part,x,1.48e-05,value,1.48e-05
a_value,hard_positive_part,x,1.4900000000000003e-05,value,1.4900000000000003e-05
a_value,hard_positive_part,x,1.5000000000000005e-05,value,1.5000000000000005e-05
a_value,hard_positive_part,x,1.5100000000000008e-05,value,1.5100000000000008e-05
a_value,hard_positive_part,x,1.5199999999999997e-05,value,1.5199999999999997e-05
a_value,hard_positive_part,x,1.53e-05,value,1.53e-05
a_value,hard_positive_part,x,1.54e-05,value,1.54e-05
a_value,hard_positive_part,x,1.5500000000000004e-05,value,1.5500000000000004e-05
a_value,hard_positive_part,x,1.5600000000000006e-05,value,1.5600000000000006e-05
a_value,hard_positive_part,x,1.570000000000001e-05,value,1.570000000000001e-05
a_value,hard_positive_part,x,1.5799999999999998e-05,value,1.5799999999999998e-05
a_value,hard_positive_part,x,1.59e-05,value,1.59e-05
a_value,hard_positive_part,x,1.6000000000000003e-05,value,1.6000000000000003e-05
a_value,hard_positive_part,x,1.6100000000000005e-05,value,1.6100000000000005e-05
a_value,hard_positive_part,x,1.6200000000000008e-05,value,1.6200000000000008e-05
a_value,hard_positive_part,x,1.630000000000001e-05,value,1.630000000000001e-05
a_value,hard_positive_part,x,1.64e-05,value,1.64e-05
a_value,hard_positive_part,x,1.65e-05,value,1.65e-05
a_value,hard_positive_part,x,1.6600000000000004e-05,value,1.6600000000000004e-05
a_value,hard_positive_part,x,1.6700000000000006e-05,value,1.6700000000000006e-05
a_value,hard_positive_part,x,1.680000000000001e-05,value,1.680000000000001e-05
a_value,hard_positive_part,x,1.6899999999999997e-05,value,1.6899999999999997e-05
a_value,hard_positive_part,x,1.7e-05,value,1.7e-05
a_value,hard_positive_part,x,1.7100000000000002e-05,value,1.7100000000000002e-05
a_value,hard_positive_part,x,1.7200000000000005e-05,value,1.7200000000000005e-05
a_value,hard_positive_part,x,1.7300000000000007e-05,value,1.7300000000000007e-05
a_value,hard_positive_part,x,1.740000000000001e-05,value,1.740000000000001e-05
a_value,hard_positive_part,x,1.75e-05,value,1.75e-05
a_value,hard_positive_part,x,1.76e-05,value,1.76e-05
a_value,hard_positive_part,x,1.7700000000000003e-05,value,1.7700000000000003e-05
a_value,hard_positive_part,x,1.7800000000000006e-05,value,1.7800000000000006e-05
a_value,hard_positive_part,x,1.7900000000000008e-05,value,1.7900000000000008e-05
a_value,hard_positive_part,x,1.7999999999999997e-05,value,1.7999999999999997e-05
a_value,hard_positive_part,x,1.81e-05,value,1.81e-05
a_value,hard_positive_part,x,1.8200000000000002e-05,value,1.8200000000000002e-05
a_value,hard_positive_part,x,1.8300000000000004e-05,value,1.8300000000000004e-05
a_value,hard_positive_part,x,1.8400000000000007e-05,value,1.8400000000000007e-05
a_value,hard_positive_part,x,1.850000000000001e-05,value,1.850000000000001e-05
a_value,hard_positive_part,x,1.8599999999999998e-05,value,1.8599999999999998e-05
a_value,hard_positive_part,x,1.87e-05,value,1.87e-05
a_value,hard_positive_part,x,1.8800000000000003e-05,value,1.8800000000000003e-05
a_value,hard_positive_part,x,1.8900000000000005e-05,value,1.8900000000000005e-05
a_value,hard_positive_part,x,1.9000000000000008e-05,value,1.9000000000000008e-05
a_value,hard_positive_part,x,1.910000000000001e-05,value,1.910000000000001e-05
a_value,hard_positive_part,x,1.92e-05,value,1.92e-05
a_value,hard_positive_part,x,1.93e-05,value,1.93e-05
a_value,hard_positive_part,x,1.9400000000000004e-05,value,1.9400000000000004e-05
a_value,hard_positive_part,x,1.9500000000000006e-05,value,1.9500000000000006e-05
a_value,hard_positive_part,x,1.960000000000001e-05,value,1.960000000000001e-05
a_value,hard_positive_part,x,1.9699999999999998e-05,value,1.9699999999999998e-05
a_value,hard_positive_part,x,1.98e-05,value,1.98e-05
a_value,hard_positive_part,x,1.9900000000000003e-05,value,1.9900000000000003e-05
a_value,hard_positive_part,x,2.0000000000000005e-05,value,2.0000000000000005e-05
a_value,hard_positive_part,x,2.0100000000000007e-05,value,2.0100000000000007e-05
a_value,hard_positive_part,x,2.020000000000001e-05,value,2.020000000000001e-05
a_value,hard_positive_part,x,2.03e-05,value,2.03e-05
a_value,hard_positive_part,x,2.04e-05,value,2.04e-05
a_value,hard_positive_part,x,2.0500000000000004e-05,value,2.0500000000000004e-05
a_value,hard_positive_part,x,2.0600000000000006e-05,value,2.0600000000000006e-05
a_value,hard_positive_part,x,2.070000000000001e-05,value,2.070000000000001e-05
a_value,hard_positive_part,x,2.0799999999999997e-05,value,2.0799999999999997e-05
a_value,hard_positive_part,x,2.09e-05,value,2.09e-05
a_value,hard_positive_part,x,2.1000000000000002e-05,value,2.1000000000000002e-05
a_value,hard_positive_part,x,2.1100000000000005e-05,value,2.1100000000000005e-05
a_value,hard_positive_part,x,2.1200000000000007e-05,value,2.1200000000000007e-05
a_value,hard_positive_part,x,2.130000000000001e-05,value,2.130000000000001e-05
a_value,hard_positive_part,x,2.14e-05,value,2.14e-05
a_value,hard_positive_part,x,2.15e-05,value,2.15e-05
a_value,hard_positive_part,x,2.1600000000000003e-05,value,2.1600000000000003e-05
a_value,hard_positive_part,x,2.1700000000000006e-05,value,2.1700000000000006e-05
a_value,hard_positive_part,x,2.1800000000000008e-05,value,2.1800000000000008e-05
a_value,hard_positive_part,x,2.190000000000001e-05,value,2.190000000000001e-05
a_value,hard_positive_part,x,2.2e-05,value,2.2e-05
a_value,hard_positive_part,x,2.2100000000000002e-05,value,2.2100000000000002e-05
a_value,hard_positive_part,x,2.2200000000000004e-05,value,2.2200000000000004e-05
a_value,hard_positive_part,x,2.2300000000000007e-05,value,2.2300000000000007e-05
a_value,hard_positive_part,x,2.240000000000001e-05,value,2.240000000000001e-05
a_value,hard_positive_part,x,2.2499999999999998e-05,value,2.2499999999999998e-05
a_value,hard_positive_part,x,2.26e-05,value,2.26e-05
a_value,hard_positive_part,x,2.2700000000000003e-05,value,2.2700000000000003e-05
a_value,hard_positive_part,x,2.2800000000000005e-05,value,2.2800000000000005e-05
a_value,hard_positive_part,x,2.2900000000000008e-05,value,2.2900000000000008e-05
a_value,hard_positive_part,x,2.300000000000001e-05,value,2.300000000000001e-05
a_value,hard_positive_part,x,2.31e-05,value,2.31e-05
a_value,hard_positive_part,x,2.32e-05,value,2.32e-05
a_value,hard_positive_part,x,2.3300000000000004e-05,value,2.3300000000000004e-05
a_value,hard_positive_part,x,2.3400000000000006e-05,value,2.3400000000000006e-05
a_value,hard_positive_part,x,2.350000000000001e-05,value,2.350000000000001e-05
a_value,hard_positive_part,x,2.3599999999999998e-05,value,2.3599999999999998e-05
a_value,hard_positive_part,x,2.37e-05,value,2.37e-05
a_value,hard_positive_part,x,2.3800000000000003e-05,value,2.3800000000000003e-05
a_value,hard_positive_part,x,2.3900000000000005e-05,value,2.3900000000000005e-05
a_value,hard_positive_part,x,2.4000000000000007e-05,value,2.4000000000000007e-05
a_value,hard_positive_part,x,2.410000000000001e-05,value,2.410000000000001e-05
a_value,hard_positive_part,x,2.42e-05,value,2.42e-05
a_value,hard_positive_part,x,2.43e-05,value,2.43e-05
a_value,hard_positive_part,x,2.4400000000000004e-05,value,2.4400000000000004e-05
a_value,hard_positive_part,x,2.4500000000000006e-05,value,2.4500000000000006e-05
a_value,hard_positive_part,x,2.460000000000001e-05,value,2.460000000000001e-05
a_value,hard_positive_part,x,2.470000000000001e-05,value,2.470000000000001e-05
a_value,hard_positive_part,x,2.48e-05,value,2.48e-05
a_value,hard_positive_part,x,2.4900000000000002e-05,value,2.4900000000000002e-05
a_value,hard_positive_part,x,2.5000000000000005e-05,value,2.5000000000000005e-05
a_value,hard_positive_part,x,2.5100000000000007e-05,value,2.5100000000000007e-05
a_value,hard_positive_part,x,2.520000000000001e-05,value,2.520000000000001e-05
a_value,hard_positive_part,x,2.53e-05,value,2.53e-05
a_value,hard_positive_part,x,2.54e-05,value,2.54e-05
a_value,hard_positive_part,x,2.5500000000000003e-05,value,2.5500000000000003e-05
a_value,hard_positive_part,x,2.5600000000000006e-05,value,2.5600000000000006e-05
a_value,hard_positive_part,x,2.5700000000000008e-05,value,2.5700000000000008e-05
a_value,hard_positive_part,x,2.580000000000001e-05,value,2.580000000000001e-05
a_value,hard_positive_part,x,2.59e-05,value,2.59e-05
a_value,hard_positive_part,x,2.6000000000000002e-05,value,2.6000000000000002e-05
a_value,hard_positive_part,x,2.6100000000000004e-05,value,2.6100000000000004e-05
a_value,hard_positive_part,x,2.6200000000000007e-05,value,2.6200000000000007e-05
a_value,hard_positive_part,x,2.630000000000001e-05,value,2.630000000000001e-05
a_value,hard_positive_part,x,2.6399999999999998e-05,value,2.6399999999999998e-05
a_value,hard_positive_part,x,2.65e-05,value,2.65e-05
a_value,hard_positive_part,x,2.6600000000000003e-05,value,2.6600000000000003e-05
a_value,hard_positive_part,x,2.6700000000000005e-05,value,2.6700000000000005e-05
a_value,hard_positive_part,x,2.6800000000000008e-05,value,2.6800000000000008e-05
a_value,hard_positive_part,x,2.690000000000001e-05,value,2.690000000000001e-05
a_value,hard_positive_part,x,2.7e-05,value,2.7e-05
a_value,hard_positive_part,x,2.71e-05,value,2.71e-05
a_value,hard_positive_part,x,2.7200000000000004e-05,value,2.7200000000000004e-05
a_value,hard_positive_part,x,2.7300000000000006e-05,value,2.7300000000000006e-05
a_value,hard_positive_part,x,2.740000000000001e-05,value,2.740000000000001e-05
a_value,hard_positive_part,x,2.7499999999999998e-05,value,2.7499999999999998e-05
a_value,hard_positive_part,x,2.76e-05,value,2.76e-05
a_value,hard_positive_part,x,2.7700000000000002e-05,value,2.7700000000000002e-05
a_value,hard_positive_part,x,2.7800000000000005e-05,value,2.7800000000000005e-05
a_value,hard_positive_part,x,2.7900000000000007e-05,value,2.7900000000000007e-05
a_value,hard_positive_part,x,2.800000000000001e-05,value,2.800000000000001e-05
a_value,hard_positive_part,x,2.81e-05,value,2.81e-05
a_value,hard_positive_part,x,2.82e-05,value,2.82e-05
a_value,hard_positive_part,x,2.8300000000000003e-05,value,2.8300000000000003e-05
a_value,hard_positive_part,x,2.8400000000000006e-05,value,2.8400000000000006e-05
a_value,hard_positive_part,x,2.850000000000001e-05,value,2.850000000000001e-05
a_value,hard_positive_part,x,2.860000000000001e-05,value,2.860000000000001e-05
a_value,hard_positive_part,x,2.87e-05,value,2.87e-05
a_value,hard_positive_part,x,2.8800000000000002e-05,value,2.8800000000000002e-05
a_value,hard_positive_part,x,2.8900000000000005e-05,value,2.8900000000000005e-05
a_value,hard_positive_part,x,2.9000000000000007e-05,value,2.9000000000000007e-05
a_value,hard_positive_part,x,2.910000000000001e-05,value,2.910000000000001e-05
a_value,hard_positive_part,x,2.9199999999999998e-05,value,2.9199999999999998e-05
a_value,hard_positive_part,x,2.93e-05,value,2.93e-05
a_value,hard_positive_part,x,2.9400000000000003e-05,value,2.9400000000000003e-05
a_value,hard_positive_part,x,2.9500000000000006e-05,value,2.9500000000000006e-05
a_value,hard_positive_part,x,2.9600000000000008e-05,value,2.9600000000000008e-05
a_value,hard_positive_part,x,2.970000000000001e-05,value,2.970000000000001e-05
a_value,hard_positive_part,x,2.98e-05,value,2.98e-05
a_value,hard_positive_part,x,2.9900000000000002e-05,value,2.9900000000000002e-05
a_value,hard_positive_part,x,3.0000000000000004e-05,value,3.0000000000000004e-05
a_value,hard_positive_part,x,3.0100000000000007e-05,value,3.0100000000000007e-05
a_value,hard_positive_part,x,3.020000000000001e-05,value,3.020000000000001e-05
a_value,hard_positive_part,x,3.0299999999999998e-05,value,3.0299999999999998e-05
a_value,hard_positive_part,x,3.04e-05,value,3.04e-05
a_value,hard_positive_part,x,3.0500000000000003e-05,value,3.0500000000000003e-05
a_value,hard_positive_part,x,3.0600000000000005e-05,value,3.0600000000000005e-05
a_value,hard_positive_part,x,3.070000000000001e-05,value,3.070000000000001e-05
a_value,hard_positive_part,x,3.080000000000001e-05,value,3.080000000000001e-05
a_value,hard_positive_part,x,3.09e-05,value,3.09e-05
a_value,hard_positive_part,x,3.1e-05,value,3.1e-05
a_value,hard_positive_part,x,3.1100000000000004e-05,value,3.1100000000000004e-05
a_value,hard_positive_part,x,3.1200000000000006e-05,value,3.1200000000000006e-05
a_value,hard_positive_part,x,3.130000000000001e-05,value,3.130000000000001e-05
a_value,hard_positive_part,x,3.140000000000001e-05,value,3.140000000000001e-05
a_value,hard_positive_part,x,3.15e-05,value,3.15e-05
a_value,hard_positive_part,x,3.16e-05,value,3.16e-05
a_value,hard_positive_part,x,3.1700000000000005e-05,value,3.1700000000000005e-05
a_value,hard_positive_part,x,3.180000000000001e-05,value,3.180000000000001e-05
a_value,hard_positive_part,x,3.190000000000001e-05,value,3.190000000000001e-05
a_value,hard_positive_part,x,3.2e-05,value,3.2e-05
a_value,hard_positive_part,x,3.21e-05,value,3.21e-05
a_value,hard_positive_part,x,3.2200000000000003e-05,value,3.2200000000000003e-05
a_value,hard_positive_part,x,3.2300000000000006e-05,value,3.2300000000000006e-05
a_value,hard_positive_part,x,3.240000000000001e-05,value,3.240000000000001e-05
a_value,hard_positive_part,x,3.250000000000001e-05,value,3.250000000000001e-05
a_value,hard_positive_part,x,3.26e-05,value,3.26e-05
a_value,hard_positive_part,x,3.27e-05,value,3.27e-05
a_value,hard_positive_part,x,3.2800000000000004e-05,value,3.2800000000000004e-05
a_value,hard_positive_part,x,3.290000000000001e-05,value,3.290000000000001e-05
a_value,hard_positive_part,x,3.300000000000001e-05,value,3.300000000000001e-05
a_value,hard_positive_part,x,3.31e-05,value,3.31e-05
a_value,hard_positive_part,x,3.32e-05,value,3.32e-05
a_value,hard_positive_part,x,3.33e-05,value,3.33e-05
a_value,hard_positive_part,x,3.3400000000000005e-05,value,3.3400000000000005e-05
a_value,hard_positive_part,x,3.350000000000001e-05,value,3.350000000000001e-05
a_value,hard_positive_part,x,3.360000000000001e-05,value,3.360000000000001e-05
a_value,hard_positive_part,x,3.37e-05,value,3.37e-05
a_value,hard_positive_part,x,3.38e-05,value,3.38e-05
a_value,hard_positive_part,x,3.3900000000000004e-05,value,3.3900000000000004e-05
a_value,hard_positive_part,x,3.4000000000000007e-05,value,3.4000000000000007e-05
a_value,hard_positive_part,x,3.410000000000001e-05,value,3.410000000000001e-05
a_value,hard_positive_part,x,3.420000000000001e-05,value,3.420000000000001e-05
a_value,hard_positive_part,x,3.43e-05,value,3.43e-05
a_value,hard_positive_part,x,3.44e-05,value,3.44e-05
a_value,hard_positive_part,x,3.4500000000000005e-05,value,3.4500000000000005e-05
a_value,hard_positive_part,x,3.460000000000001e-05,value,3.460000000000001e-05
a_value,hard_positive_part,x,3.470000000000001e-05,value,3.470000000000001e-05
a_value,hard_positive_part,x,3.48e-05,value,3.48e-05
a_value,hard_positive_part,x,3.49e-05,value,3.49e-05
a_value,hard_positive_part,x,3.5000000000000004e-05,value,3.5000000000000004e-05
a_value,hard_positive_part,x,3.5100000000000006e-05,value,3.5100000000000006e-05
a_value,hard_positive_part,x,3.520000000000001e-05,value,3.520000000000001e-05
a_value,hard_positive_part,x,3.530000000000001e-05,value,3.530000000000001e-05
a_value,hard_positive_part,x,3.54e-05,value,3.54e-05
a_value,hard_positive_part,x,3.55e-05,value,3.55e-05
a_value,hard_positive_part,x,3.5600000000000005e-05,value,3.5600000000000005e-05
a_value,hard_positive_part,x,3.570000000000001e-05,value,3.570000000000001e-05
a_value,hard_positive_part,x,3.580000000000001e-05,value,3.580000000000001e-05
a_value,hard_positive_part,x,3.59e-05,value,3.59e-05
a_value,hard_positive_part,x,3.6e-05,value,3.6e-05
a_value,hard_positive_part,x,3.61e-05,value,3.61e-05
a_value,hard_positive_part,x,3.6200000000000006e-05,value,3.6200000000000006e-05
a_value,hard_positive_part,x,3.630000000000001e-05,value,3.630000000000001e-05
a_value,hard_positive_part,x,3.640000000000001e-05,value,3.640000000000001e-05
a_value,hard_positive_part,x,3.65e-05,value,3.65e-05
a_value,hard_positive_part,x,3.66e-05,value,3.66e-05
a_value,hard_positive_part,x,3.6700000000000004e-05,value,3.6700000000000004e-05
a_value,hard_positive_part,x,3.680000000000001e-05,value,3.680000000000001e-05
a_value,hard_positive_part,x,3.690000000000001e-05,value,3.690000000000001e-05
a_value,hard_positive_part,x,3.700000000000001e-05,value,3.700000000000001e-05
a_value,hard_positive_part,x,3.71e-05,value,3.71e-05
a_value,hard_positive_part,x,3.72e-05,value,3.72e-05
a_value,hard_positive_part,x,3.7300000000000005e-05,value,3.7300000000000005e-05
a_value,hard_positive_part,x,3.740000000000001e-05,value,3.740000000000001e-05
a_value,hard_positive_part,x,3.750000000000001e-05,value,3.750000000000001e-05
a_value,hard_positive_part,x,3.76e-05,value,3.76e-05
a_value,hard_positive_part,x,3.77e-05,value,3.77e-05
a_value,hard_positive_part,x,3.7800000000000004e-05,value,3.7800000000000004e-05
a_value,hard_positive_part,x,3.7900000000000006e-05,value,3.7900000000000006e-05
a_value,hard_positive_part,x,3.800000000000001e-05,value,3.800000000000001e-05
a_value,hard_positive_part,x,3.810000000000001e-05,value,3.810000000000001e-05
a_value,hard_positive_part,x,3.82e-05,value,3.82e-05
a_value,hard_positive_part,x,3.83e-05,value,3.83e-05
a_value,hard_positive_part,x,3.8400000000000005e-05,value,3.8400000000000005e-05
a_value,hard_positive_part,x,3.850000000000001e-05,value,3.850000000000001e-05
a_value,hard_positive_part,x,3.860000000000001e-05,value,3.860000000000001e-05
a_value,hard_positive_part,x,3.87e-05,value,3.87e-05
a_value,hard_positive_part,x,3.88e-05,value,3.88e-05
a_value,hard_positive_part,x,3.8900000000000004e-05,value,3.8900000000000004e-05
a_value,hard_positive_part,x,3.9000000000000006e-05,value,3.9000000000000006e-05
a_value,hard_positive_part,x,3.910000000000001e-05,value,3.910000000000001e-05
a_value,hard_positive_part,x,3.920000000000001e-05,value,3.920000000000001e-05
a_value,hard_positive_part,x,3.93e-05,value,3.93e-05
a_value,hard_positive_part,x,3.94e-05,value,3.94e-05
a_value,hard_positive_part,x,3.9500000000000005e-05,value,3.9500000000000005e-05
a_value,hard_positive_part,x,3.960000000000001e-05,value,3.960000000000001e-05
a_value,hard_positive_part,x,3.970000000000001e-05,value,3.970000000000001e-05
a_value,hard_positive_part,x,3.980000000000001e-05,value,3.980000000000001e-05
a_value,hard_positive_part,x,3.99e-05,value,3.99e-05
a_value,hard_positive_part,x,4e-05,value,4e-05
a_value,hard_positive_part,x,4.0100000000000006e-05,value,4.0100000000000006e-05
a_value,hard_positive_part,x,4.020000000000001e-05,value,4.020000000000001e-05
a_value,hard_positive_part,x,4.030000000000001e-05,value,4.030000000000001e-05
a_value,hard_positive_part,x,4.04e-05,value,4.04e-05
a_value,hard_positive_part,x,4.05e-05,value,4.05e-05
a_value,hard_positive_part,x,4.0600000000000004e-05,value,4.0600000000000004e-05
a_value,hard_positive_part,x,4.070000000000001e-05,value,4.070000000000001e-05
a_value,hard_positive_part,x,4.080000000000001e-05,value,4.080000000000001e-05
a_value,hard_positive_part,x,4.090000000000001e-05,value,4.090000000000001e-05
a_value,hard_positive_part,x,4.1e-05,value,4.1e-05
a_value,hard_positive_part,x,4.11e-05,value,4.11e-05
a_value,hard_positive_part,x,4.1200000000000005e-05,value,4.1200000000000005e-05
a_value,hard_positive_part,x,4.130000000000001e-05,value,4.130000000000001e-05
a_value,hard_positive_part,x,4.140000000000001e-05,value,4.140000000000001e-05
a_value,hard_positive_part,x,4.15e-05,value,4.15e-05
a_value,hard_positive_part,x,4.16e-05,value,4.16e-05
a_value,hard_positive_part,x,4.1700000000000004e-05,value,4.1700000000000004e-05
a_value,hard_positive_part,x,4.1800000000000006e-05,value,4.1800000000000006e-05
a_value,hard_positive_part,x,4.190000000000001e-05,value,4.190000000000001e-05
a_value,hard_positive_part,x,4.200000000000001e-05,value,4.200000000000001e-05
a_value,hard_positive_part,x,4.21e-05,value,4.21e-05
a_value,hard_positive_part,x,4.22e-05,value,4.22e-05
a_value,hard_positive_part,x,4.2300000000000005e-05,value,4.2300000000000005e-05
a_value,hard_positive_part,x,4.240000000000001e-05,value,4.240000000000001e-05
a_value,hard_positive_part,x,4.250000000000001e-05,value,4.250000000000001e-05
a_value,hard_positive_part,x,4.260000000000001e-05,value,4.260000000000001e-05
a_value,hard_positive_part,x,4.27e-05,value,4.27e-05
a_value,hard_positive_part,x,4.2800000000000004e-05,value,4.2800000000000004e-05
a_value,hard_positive_part,x,4.2900000000000006e-05,value,4.2900000000000006e-05
a_value,hard_positive_part,x,4.300000000000001e-05,value,4.300000000000001e-05
a_value,hard_positive_part,x,4.310000000000001e-05,value,4.310000000000001e-05
a_value,hard_positive_part,x,4.32e-05,value,4.32e-05
a_value,hard_positive_part,x,4.33e-05,value,4.33e-05
a_value,hard_positive_part,x,4.3400000000000005e-05,value,4.3400000000000005e-05
a_value,hard_positive_part,x,4.350000000000001e-05,value,4.350000000000001e-05
a_value,hard_positive_part,x,4.360000000000001e-05,value,4.360000000000001e-05
a_value,hard_positive_part,x,4.370000000000001e-05,value,4.370000000000001e-05
a_value,hard_positive_part,x,4.38e-05,value,4.38e-05
a_value,hard_positive_part,x,4.39e-05,value,4.39e-05
a_value,hard_positive_part,x,4.4000000000000006e-05,value,4.4000000000000006e-05
a_value,hard_positive_part,x,4.410000000000001e-05,value,4.410000000000001e-05
a_value,hard_positive_part,x,4.420000000000001e-05,value,4.420000000000001e-05
a_value,hard_positive_part,x,4.43e-05,value,4.43e-05
a_value,hard_positive_part,x,4.44e-05,value,4.44e-05
a_value,hard_positive_part,x,4.4500000000000004e-05,value,4.4500000000000004e-05
a_value,hard_positive_part,x,4.460000000000001e-05,value,4.460000000000001e-05
a_value,hard_positive_part,x,4.470000000000001e-05,value,4.470000000000001e-05
a_value,hard_positive_part,x,4.480000000000001e-05,value,4.480000000000001e-05
a_value,hard_positive_part,x,4.49e-05,value,4.49e-05
a_value,hard_positive_part,x,4.5e-05,value,4.5e-05
a_value,hard_positive_part,x,4.5100000000000005e-05,value,4.5100000000000005e-05
a_value,hard_positive_part,x,4.520000000000001e-05,value,4.520000000000001e-05
a_value,hard_positive_part,x,4.530000000000001e-05,value,4.530000000000001e-05
a_value,hard_positive_part,x,4.540000000000001e-05,value,4.540000000000001e-05
a_value,hard_positive_part,x,4.55e-05,value,4.55e-05
a_value,hard_positive_part,x,4.5600000000000004e-05,value,4.5600000000000004e-05
a_value,hard_positive_part,x,4.5700000000000006e-05,value,4.5700000000000006e-05
a_value,hard_positive_part,x,4.580000000000001e-05,value,4.580000000000001e-05
a_value,hard_positive_part,x,4.590000000000001e-05,value,4.590000000000001e-05
a_value,hard_positive_part,x,4.6e-05,value,4.6e-05
a_value,hard_positive_part,x,4.61e-05,value,4.61e-05
a_value,hard_positive_part,x,4.6200000000000005e-05,value,4.6200000000000005e-05
a_value,hard_positive_part,x,4.630000000000001e-05,value,4.630000000000001e-05
a_value,hard_positive_part,x,4.640000000000001e-05,value,4.640000000000001e-05
a_value,hard_positive_part,x,4.650000000000001e-05,value,4.650000000000001e-05
a_value,hard_positive_part,x,4.66e-05,value,4.66e-05
a_value,hard_positive_part,x,4.6700000000000003e-05,value,4.6700000000000003e-05
a_value,hard_positive_part,x,4.6800000000000006e-05,value,4.6800000000000006e-05
a_value,hard_positive_part,x,4.690000000000001e-05,value,4.690000000000001e-05
a_value,hard_positive_part,x,4.700000000000001e-05,value,4.700000000000001e-05
a_value,hard_positive_part,x,4.71e-05,value,4.71e-05
a_value,hard_positive_part,x,4.72e-05,value,4.72e-05
a_value,hard_positive_part,x,4.7300000000000005e-05,value,4.7300000000000005e-05
a_value,hard_positive_part,x,4.740000000000001e-05,value,4.740000000000001e-05
a_value,hard_positive_part,x,4.750000000000001e-05,value,4.750000000000001e-05
a_value,hard_positive_part,x,4.760000000000001e-05,value,4.760000000000001e-05
a_value,hard_positive_part,x,4.77e-05,value,4.77e-05
a_value,hard_positive_part,x,4.78e-05,value,4.78e-05
a_value,hard_positive_part,x,4.7900000000000006e-05,value,4.7900000000000006e-05
a_value,hard_positive_part,x,4.800000000000001e-05,value,4.800000000000001e-05
a_value,hard_positive_part,x,4.810000000000001e-05,value,4.810000000000001e-05
a_value,hard_positive_part,x,4.820000000000001e-05,value,4.820000000000001e-05
a_value,hard_positive_part,x,4.83e-05,value,4.83e-05
a_value,hard_positive_part,x,4.8400000000000004e-05,value,4.8400000000000004e-05
a_value,hard_positive_part,x,4.8500000000000007e-05,value,4.8500000000000007e-05
a_value,hard_positive_part,x,4.860000000000001e-05,value,4.860000000000001e-05
a_value,hard_positive_part,x,4.870000000000001e-05,value,4.870000000000001e-05
a_value,hard_positive_part,x,4.88e-05,value,4.88e-05
a_value,hard_positive_part,x,4.89e-05,value,4.89e-05
a_value,hard_positive_part,x,4.9000000000000005e-05,value,4.9000000000000005e-05
a_value,hard_positive_part,x,4.910000000000001e-05,value,4.910000000000001e-05
a_value,hard_positive_part,x,4.920000000000001e-05,value,4.920000000000001e-05
a_value,hard_positive_part,x,4.930000000000001e-05,value,4.930000000000001e-05
a_value,hard_positive_part,x,4.94e-05,value,4.94e-05
a_value,hard_positive_part,x,4.9500000000000004e-05,value,4.9500000000000004e-05
a_value,hard_positive_part,x,4.9600000000000006e-05,value,4.9600000000000006e-05
a_value,hard_positive_part,x,4.970000000000001e-05,value,4.970000000000001e-05
a_value,hard_positive_part,x,4.980000000000001e-05,value,4.980000000000001e-05
a_value,hard_positive_part,x,4.99e-05,value,4.99e-05
a_value,hard_positive_part,x,5e-05,value,5e-05
a_value,smooth_positive_part,x,-5e-05,value,4.950975679639225e-07
a_value,smooth_positive_part,x,-4.99e-05,value,4.960704235447728e-07
a_value,smooth_positive_part,x,-4.9800000000000004e-05,value,4.970470724452549e-07
a_value,smooth_positive_part,x,-4.97e-05,value,4.980275366743272e-07
a_value,smooth_positive_part,x,-4.96e-05,value,4.990118384098163e-07
a_value,smooth_positive_part,x,-4.9500000000000004e-05,value,4.999999999999986e-07
a_value,smooth_positive_part,x,-4.94e-05,value,5.009920439652542e-07
a_value,smooth_positive_part,x,-4.9300000000000006e-05,value,5.019879929996794e-07
a_value,smooth_positive_part,x,-4.92e-05,value,5.029878699727708e-07
a_value,smooth_positive_part,x,-4.91e-05,value,5.039916979310921e-07
a_value,smooth_positive_part,x,-4.9000000000000005e-05,value,5.04999500099975e-07
a_value,smooth_positive_part,x,-4.89e-05,value,5.060112998852472e-07
a_value,smooth_positive_part,x,-4.88e-05,value,5.070271208749432e-07
a_value,smooth_positive_part,x,-4.8700000000000005e-05,value,5.080469868411037e-07
a_value,smooth_positive_part,x,-4.86e-05,value,5.090709217415068e-07
a_value,smooth_positive_part,x,-4.85e-05,value,5.100989497215076e-07
a_value,smooth_positive_part,x,-4.8400000000000004e-05,value,5.111310951158206e-07
a_value,smooth_positive_part,x,-4.83e-05,value,5.121673824503932e-07
a_value,smooth_positive_part,x,-4.82e-05,value,5.132078364442388e-07
a_value,smooth_positive_part,x,-4.8100000000000004e-05,value,5.142524820113338e-07
a_value,smooth_positive_part,x,-4.8e-05,value,5.153013442625258e-07
a_value,smooth_positive_part,x,-4.79e-05,value,5.163544485074437e-07
a_value,smooth_positive_part,x,-4.78e-05,value,5.174118202564634e-07
a_value,smooth_positive_part,x,-4.77e-05,value,5.184734852226626e-07
a_value,smooth_positive_part,x,-4.7600000000000005e-05,value,5.1953946932384e-07
a_value,smooth_positive_part,x,-4.75e-05,value,5.206097986845008e-07
a_value,smooth_positive_part,x,-4.74e-05,value,5.216844996379236e-07
a_value,smooth_positive_part,x,-4.7300000000000005e-05,value,5.227635987282169e-07
a_value,smooth_positive_part,x,-4.72e-05,value,5.238471227124127e-07
a_value,smooth_positive_part,x,-4.71e-05,value,5.249350985625712e-07
a_value,smooth_positive_part,x,-4.7000000000000004e-05,value,5.260275534679281e-07
a_value,smooth_positive_part,x,-4.69e-05,value,5.271245148370534e-07
a_value,smooth_positive_part,x,-4.68e-05,value,5.282260103000534e-07
a_value,smooth_positive_part,x,-4.6700000000000003e-05,value,5.29332067710773e-07
a_value,smooth_positive_part,x,-4.66e-05,value,5.304427151490423e-07
a_value,smooth_positive_part,x,-4.6500000000000005e-05,value,5.315579809229497e-07
a_value,smooth_positive_part,x,-4.64e-05,value,5.326778935711358e-07
a_value,smooth_positive_part,x,-4.63e-05,value,5.33802481865111e-07
a_value,smooth_positive_part,x,-4.6200000000000005e-05,value,5.349317748116202e-07
a_value,smooth_positive_part,x,-4.61e-05,value,5.360658016550112e-07
a_value,smooth_positive_part,x,-4.6e-05,value,5.372045918796403e-07
a_value,smooth_positive_part,x,-4.5900000000000004e-05,value,5.383481752123219e-07
a_value,smooth_positive_part,x,-4.58e-05,value,5.394965816247849e-07
a_value,smooth_positive_part,x,-4.57e-05,value,5.406498413361766e-07
a_value,smooth_positive_part,x,-4.5600000000000004e-05,value,5.418079848155697e-07
a_value,smooth_positive_part,x,-4.55e-05,value,5.429710427845578e-07
a_value,smooth_positive_part,x,-4.5400000000000006e-05,value,5.441390462198e-07
a_value,smooth_positive_part,x,-4.53e-05,value,5.453120263556733e-07
a_value,smooth_positive_part,x,-4.52e-05,value,5.464900146868922e-07
a_value,smooth_positive_part,x,-4.51e-05,value,5.476730429712327e-07
a_value,smooth_positive_part,x,-4.5e-05,value,5.488611432322184e-07
a_value,smooth_positive_part,x,-4.49e-05,value,5.500543477618762e-07
a_value,smooth_positive_part,x,-4.4800000000000005e-05,value,5.512526891235304e-07
a_value,smooth_positive_part,x,-4.47e-05,value,5.524562001546019e-07
a_value,smooth_positive_part,x,-4.46e-05,value,5.536649139694881e-07
a_value,smooth_positive_part,x,-4.4500000000000004e-05,value,5.548788639624222e-07
a_value,smooth_positive_part,x,-4.44e-05,value,5.560980838104144e-07
a_value,smooth_positive_part,x,-4.43e-05,value,5.573226074762063e-07
a_value,smooth_positive_part,x,-4.4200000000000004e-05,value,5.585524692112656e-07
a_value,smooth_positive_part,x,-4.41e-05,value,5.597877035588292e-07
a_value,smooth_positive_part,x,-4.4e-05,value,5.610283453569558e-07
a_value,smooth_positive_part,x,-4.39e-05,value,5.622744297416561e-07
a_value,smooth_positive_part,x,-4.38e-05,value,5.635259921500307e-07
a_value,smooth_positive_part,x,-4.3700000000000005e-05,value,5.647830683234582e-07
a_value,smooth_positive_part,x,-4.36e-05,value,5.660456943108307e-07
a_value,smooth_positive_part,x,-4.35e-05,value,5.6731390647181e-07
a_value,smooth_positive_part,x,-4.3400000000000005e-05,value,5.68587741480151e-07
a_value,smooth_positive_part,x,-4.33e-05,value,5.698672363270432e-07
a_value,smooth_positive_part,x,-4.32e-05,value,5.711524283245148e-07
a_value,smooth_positive_part,x,-4.3100000000000004e-05,value,5.724433551088552e-07
a_value,smooth_positive_part,x,-4.3e-05,value,5.737400546441151e-07
a_value,smooth_positive_part,x,-4.29e-05,value,5.750425652256129e-07
a_value,smooth_positive_part,x,-4.2800000000000004e-05,value,5.763509254835125e-07
a_value,smooth_positive_part,x,-4.27e-05,value,5.776651743864423e-07
a_value,smooth_positive_part,x,-4.2600000000000005e-05,value,5.78985351245154e-07
a_value,smooth_positive_part,x,-4.25e-05,value,5.803114957162257e-07
a_value,smooth_positive_part,x,-4.24e-05,value,5.816436478058266e-07
a_value,smooth_positive_part,x,-4.23e-05,value,5.829818478735214e-07
a_value,smooth_positive_part,x,-4.22e-05,value,5.843261366361129e-07
a_value,smooth_positive_part,x,-4.21e-05,value,5.856765551715546e-07
a_value,smooth_positive_part,x,-4.2000000000000004e-05,value,5.870331449229021e-07
a_value,smooth_positive_part,x,-4.19e-05,value,5.883959477023275e-07
a_value,smooth_positive_part,x,-4.18e-05,value,5.897650056951547e-07
a_value,smooth_positive_part,x,-4.1700000000000004e-05,value,5.911403614639864e-07
a_value,smooth_positive_part,x,-4.16e-05,value,5.925220579528677e-07
a_value,smooth_positive_part,x,-4.1500000000000006e-05,value,5.939101384914948e-07
a_value,smooth_positive_part,x,-4.1400000000000003e-05,value,5.953046467994934e-07
a_value,smooth_positive_part,x,-4.13e-05,value,5.967056269907427e-07
a_value,smooth_positive_part,x,-4.12e-05,value,5.981131235777693e-07
a_value,smooth_positive_part,x,-4.11e-05,value,5.99527181476186e-07
a_value,smooth_positive_part,x,-4.1e-05,value,6.009478460091943e-07
a_value,smooth_positive_part,x,-4.0900000000000005e-05,value,6.023751629121417e-07
a_value,smooth_positive_part,x,-4.08e-05,value,6.038091783371531e-07
a_value,smooth_positive_part,x,-4.07e-05,value,6.052499388578032e-07
a_value,smooth_positive_part,x,-4.06e-05,value,6.066974914738768e-07
a_value,smooth_positive_part,x,-4.05e-05,value,6.081518836161525e-07
a_value,smooth_positive_part,x,-4.04e-05,value,6.096131631513026e-07
a_value,smooth_positive_part,x,-4.0300000000000004e-05,value,6.110813783868221e-07
a_value,smooth_positive_part,x,-4.02e-05,value,6.125565780760167e-07
a_value,smooth_positive_part,x,-4.01e-05,value,6.140388114230945e-07
a_value,smooth_positive_part,x,-4e-05,value,6.15528128088303e-07
a_value,smooth_positive_part,x,-3.99e-05,value,6.170245781931229e-07
a_value,smooth_positive_part,x,-3.9800000000000005e-05,value,6.185282123255634e-07
a_value,smooth_positive_part,x,-3.97e-05,value,6.200390815454992e-07
a_value,smooth_positive_part,x,-3.96e-05,value,6.215572373901009e-07
a_value,smooth_positive_part,x,-3.95e-05,value,6.230827318793381e-07
a_value,smooth_positive_part,x,-3.94e-05,value,6.246156175215285e-07
a_value,smooth_positive_part,x,-3.93e-05,value,6.2615594731901e-07
a_value,smooth_positive_part,x,-3.9200000000000004e-05,value,6.277037747738428e-07
a_value,smooth_positive_part,x,-3.91e-05,value,6.292591538936337e-07
a_value,smooth_positive_part,x,-3.9e-05,value,6.308221391973975e-07
a_value,smooth_positive_part,x,-3.8900000000000004e-05,value,6.323927857215269e-07
a_value,smooth_positive_part,x,-3.88e-05,value,6.339711490258468e-07
a_value,smooth_positive_part,x,-3.8700000000000006e-05,value,6.355572851997306e-07
a_value,smooth_positive_part,x,-3.86e-05,value,6.371512508683168e-07
a_value,smooth_positive_part,x,-3.85e-05,value,6.387531031988041e-07
a_value,smooth_positive_part,x,-3.84e-05,value,6.403628999068454e-07
a_value,smooth_positive_part,x,-3.83e-05,value,6.419806992630219e-07
a_value,smooth_positive_part,x,-3.82e-05,value,6.436065600993995e-07
a_value,smooth_positive_part,x,-3.8100000000000005e-05,value,6.452405418161863e-07
a_value,smooth_positive_part,x,-3.8e-05,value,6.468827043885023e-07
a_value,smooth_positive_part,x,-3.79e-05,value,6.485331083731892e-07
a_value,smooth_positive_part,x,-3.78e-05,value,6.501918149157801e-07
a_value,smooth_positive_part,x,-3.77e-05,value,6.518588857575332e-07
a_value,smooth_positive_part,x,-3.76e-05,value,6.535343832425467e-07
a_value,smooth_positive_part,x,-3.7500000000000003e-05,value,6.552183703250299e-07
a_value,smooth_positive_part,x,-3.74e-05,value,6.569109105766147e-07
a_value,smooth_positive_part,x,-3.73e-05,value,6.586120681938199e-07
a_value,smooth_positive_part,x,-3.72e-05,value,6.603219080055893e-07
a_value,smooth_positive_part,x,-3.71e-05,value,6.620404954809527e-07
a_value,smooth_positive_part,x,-3.7000000000000005e-05,value,6.637678967368017e-07
a_value,smooth_positive_part,x,-3.69e-05,value,6.655041785457496e-07
a_value,smooth_positive_part,x,-3.68e-05,value,6.672494083441417e-07
a_value,smooth_positive_part,x,-3.67e-05,value,6.690036542401455e-07
a_value,smooth_positive_part,x,-3.66e-05,value,6.707669850219809e-07
a_value,smooth_positive_part,x,-3.65e-05,value,6.725394701662617e-07
a_value,smooth_positive_part,x,-3.6400000000000004e-05,value,6.74321179846442e-07
a_value,smooth_positive_part,x,-3.63e-05,value,6.761121849414258e-07
a_value,smooth_positive_part,x,-3.62e-05,value,6.779125570442469e-07
a_value,smooth_positive_part,x,-3.61e-05,value,6.797223684709226e-07
a_value,smooth_positive_part,x,-3.6e-05,value,6.81541692269405e-07
a_value,smooth_positive_part,x,-3.5900000000000005e-05,value,6.833706022286811e-07
a_value,smooth_positive_part,x,-3.58e-05,value,6.852091728879925e-07
a_value,smooth_positive_part,x,-3.57e-05,value,6.870574795462068e-07
a_value,smooth_positive_part,x,-3.56e-05,value,6.889155982713075e-07
a_value,smooth_positive_part,x,-3.55e-05,value,6.907836059100267e-07
a_value,smooth_positive_part,x,-3.54e-05,value,6.926615800976469e-07
a_value,smooth_positive_part,x,-3.5300000000000004e-05,value,6.945495992678978e-07
a_value,smooth_positive_part,x,-3.52e-05,value,6.964477426630561e-07
a_value,smooth_positive_part,x,-3.51e-05,value,6.983560903441373e-07
a_value,smooth_positive_part,x,-3.5e-05,value,7.002747232012972e-07
a_value,smooth_positive_part,x,-3.49e-05,value,7.022037229643279e-07
a_value,smooth_positive_part,x,-3.48e-05,value,7.041431722133719e-07
a_value,smooth_positive_part,x,-3.47e-05,value,7.060931543897396e-07
a_value,smooth_positive_part,x,-3.46e-05,value,7.080537538069347e-07
a_value,smooth_positive_part,x,-3.45e-05,value,7.100250556618113e-07
a_value,smooth_positive_part,x,-3.44e-05,value,7.120071460459172e-07
a_value,smooth_positive_part,x,-3.43e-05,value,7.14000111957007e-07
a_value,smooth_positive_part,x,-3.4200000000000005e-05,value,7.16004041310724e-07
a_value,smooth_positive_part,x,-3.41e-05,value,7.180190229524457e-07
a_value,smooth_positive_part,x,-3.4e-05,value,7.200451466693517e-07
a_value,smooth_positive_part,x,-3.39e-05,value,7.220825032026145e-07
a_value,smooth_positive_part,x,-3.38e-05,value,7.241311842598342e-07
a_value,smooth_positive_part,x,-3.3700000000000006e-05,value,7.261912825276247e-07
a_value,smooth_positive_part,x,-3.3600000000000004e-05,value,7.282628916843912e-07
a_value,smooth_positive_part,x,-3.35e-05,value,7.3034610641334e-07
a_value,smooth_positive_part,x,-3.34e-05,value,7.324410224156517e-07
a_value,smooth_positive_part,x,-3.3299999999999996e-05,value,7.345477364238611e-07
a_value,smooth_positive_part,x,-3.32e-05,value,7.366663462154705e-07
a_value,smooth_positive_part,x,-3.3100000000000005e-05,value,7.387969506267262e-07
a_value,smooth_positive_part,x,-3.3e-05,value,7.409396495666685e-07
a_value,smooth_positive_part,x,-3.29e-05,value,7.43094544031332e-07
a_value,smooth_positive_part,x,-3.28e-05,value,7.452617361182327e-07
a_value,smooth_positive_part,x,-3.27e-05,value,7.474413290410219e-07
a_value,smooth_positive_part,x,-3.26e-05,value,7.496334271444079e-07
a_value,smooth_positive_part,x,-3.2500000000000004e-05,value,7.518381359193036e-07
a_value,smooth_positive_part,x,-3.24e-05,value,7.540555620181922e-07
a_value,smooth_positive_part,x,-3.23e-05,value,7.562858132707566e-07
a_value,smooth_positive_part,x,-3.22e-05,value,7.58528998699739e-07
a_value,smooth_positive_part,x,-3.21e-05,value,7.607852285370652e-07
a_value,smooth_positive_part,x,-3.2000000000000005e-05,value,7.630546142402095e-07
a_value,smooth_positive_part,x,-3.19e-05,value,7.653372685088231e-07
a_value,smooth_positive_part,x,-3.18e-05,value,7.676333053016277e-07
a_value,smooth_positive_part,x,-3.17e-05,value,7.69942839853573e-07
a_value,smooth_positive_part,x,-3.16e-05,value,7.722659886932788e-07
a_value,smooth_positive_part,x,-3.15e-05,value,7.746028696607411e-07
a_value,smooth_positive_part,x,-3.1400000000000004e-05,value,7.769536019253268e-07
a_value,smooth_positive_part,x,-3.13e-05,value,7.79318306004056e-07
a_value,smooth_positive_part,x,-3.12e-05,value,7.816971037801824e-07
a_value,smooth_positive_part,x,-3.11e-05,value,7.840901185220617e-07
a_value,smooth_positive_part,x,-3.1e-05,value,7.864974749023323e-07
a_value,smooth_positive_part,x,-3.0900000000000006e-05,value,7.889192990174065e-07
a_value,smooth_positive_part,x,-3.08e-05,value,7.913557184072749e-07
a_value,smooth_positive_part,x,-3.07e-05,value,7.938068620756244e-07
a_value,smooth_positive_part,x,-3.06e-05,value,7.962728605102862e-07
a_value,smooth_positive_part,x,-3.05e-05,value,7.987538457040335e-07
a_value,smooth_positive_part,x,-3.04e-05,value,8.012499511756912e-07
a_value,smooth_positive_part,x,-3.03e-05,value,8.037613119916018e-07
a_value,smooth_positive_part,x,-3.0200000000000002e-05,value,8.062880647874596e-07
a_value,smooth_positive_part,x,-3.01e-05,value,8.088303477904679e-07
a_value,smooth_positive_part,x,-3e-05,value,8.113883008418973e-07
a_value,smooth_positive_part,x,-2.9900000000000002e-05,value,8.139620654199751e-07
a_value,smooth_positive_part,x,-2.98e-05,value,8.165517846632018e-07
a_value,smooth_positive_part,x,-2.97e-05,value,8.191576033940009e-07
a_value,smooth_positive_part,x,-2.96e-05,value,8.217796681428062e-07
a_value,smooth_positive_part,x,-2.9500000000000002e-05,value,8.244181271725198e-07
a_value,smooth_positive_part,x,-2.94e-05,value,8.27073130503378e-07
a_value,smooth_positive_part,x,-2.93e-05,value,8.297448299382505e-07
a_value,smooth_positive_part,x,-2.92e-05,value,8.324333790883429e-07
a_value,smooth_positive_part,x,-2.91e-05,value,8.35138933399334e-07
a_value,smooth_positive_part,x,-2.9e-05,value,8.37861650177968e-07
a_value,smooth_positive_part,x,-2.89e-05,value,8.406016886190577e-07
a_value,smooth_positive_part,x,-2.8800000000000002e-05,value,8.433592098329824e-07
a_value,smooth_positive_part,x,-2.87e-05,value,8.461343768736133e-07
a_value,smooth_positive_part,x,-2.86e-05,value,8.489273547667397e-07
a_value,smooth_positive_part,x,-2.85e-05,value,8.517383105389561e-07
a_value,smooth_positive_part,x,-2.84e-05,value,8.545674132470512e-07
a_value,smooth_positive_part,x,-2.83e-05,value,8.574148340078874e-07
a_value,smooth_positive_part,x,-2.82e-05,value,8.602807460287994e-07
a_value,smooth_positive_part,x,-2.8100000000000002e-05,value,8.631653246384956e-07
a_value,smooth_positive_part,x,-2.8e-05,value,8.660687473185067e-07
a_value,smooth_positive_part,x,-2.79e-05,value,8.689911937351528e-07
a_value,smooth_positive_part,x,-2.78e-05,value,8.719328457720795e-07
a_value,smooth_positive_part,x,-2.77e-05,value,8.748938875633331e-07
a_value,smooth_positive_part,x,-2.76e-05,value,8.778745055270178e-07
a_value,smooth_positive_part,x,-2.75e-05,value,8.808748883995318e-07
a_value,smooth_positive_part,x,-2.7400000000000002e-05,value,8.83895227270388e-07
a_value,smooth_positive_part,x,-2.73e-05,value,8.869357156176496e-07
a_value,smooth_positive_part,x,-2.72e-05,value,8.899965493439657e-07
a_value,smooth_positive_part,x,-2.71e-05,value,8.930779268132445e-07
a_value,smooth_positive_part,x,-2.7e-05,value,8.961800488879688e-07
a_value,smooth_positive_part,x,-2.69e-05,value,8.993031189671377e-07
a_value,smooth_positive_part,x,-2.68e-05,value,9.024473430248997e-07
a_value,smooth_positive_part,x,-2.6700000000000002e-05,value,9.056129296498505e-07
a_value,smooth_positive_part,x,-2.66e-05,value,9.08800090085019e-07
a_value,smooth_positive_part,x,-2.65e-05,value,9.120090382685457e-07
a_value,smooth_positive_part,x,-2.64e-05,value,9.15239990875111e-07
a_value,smooth_positive_part,x,-2.63e-05,value,9.18493167358046e-07
a_value,smooth_positive_part,x,-2.62e-05,value,9.21768789992225e-07
a_value,smooth_positive_part,x,-2.61e-05,value,9.250670839177009e-07
a_value,smooth_positive_part,x,-2.6000000000000002e-05,value,9.283882771841187e-07
a_value,smooth_positive_part,x,-2.59e-05,value,9.317326007959099e-07
a_value,smooth_positive_part,x,-2.58e-05,value,9.351002887583011e-07
a_value,smooth_positive_part,x,-2.57e-05,value,9.384915781241286e-07
a_value,smooth_positive_part,x,-2.56e-05,value,9.419067090415088e-07
a_value,smooth_positive_part,x,-2.55e-05,value,9.453459248023378e-07
a_value,smooth_positive_part,x,-2.54e-05,value,9.488094718916786e-07
a_value,smooth_positive_part,x,-2.5300000000000002e-05,value,9.522976000380173e-07
a_value,smooth_positive_part,x,-2.52e-05,value,9.558105622644337e-07
a_value,smooth_positive_part,x,-2.51e-05,value,9.593486149406926e-07
a_value,smooth_positive_part,x,-2.5e-05,value,9.629120178362608e-07
a_value,smooth_positive_part,x,-2.49e-05,value,9.665010341742975e-07
a_value,smooth_positive_part,x,-2.48e-05,value,9.701159306866144e-07
a_value,smooth_positive_part,x,-2.47e-05,value,9.737569776696244e-07
a_value,smooth_positive_part,x,-2.46e-05,value,9.774244490413126e-07
a_value,smooth_positive_part,x,-2.45e-05,value,9.811186223992412e-07
a_value,smooth_positive_part,x,-2.44e-05,value,9.848397790796066e-07
a_value,smooth_positive_part,x,-2.43e-05,value,9.885882042173784e-07
a_value,smooth_positive_part,x,-2.42e-05,value,9.92364186807515e-07
a_value,smooth_positive_part,x,-2.41e-05,value,9.961680197673382e-07
a_value,smooth_positive_part,x,-2.4e-05,value,1.0000000000000006e-06
a_value,smooth_positive_part,x,-2.39e-05,value,1.0038604284591544e-06
a_value,smooth_positive_part,x,-2.38e-05,value,1.007749610214788e-06
a_value,smooth_positive_part,x,-2.37e-05,value,1.0116678545202684e-06
a_value,smooth_positive_part,x,-2.36e-05,value,1.0156154748806348e-06
a_value,smooth_positive_part,x,-2.35e-05,value,1.019592789122134e-06
a_value,smooth_positive_part,x,-2.34e-05,value,1.023600119463045e-06
a_value,smooth_positive_part,x,-2.33e-05,value,1.0276377925858097e-06
a_value,smooth_positive_part,x,-2.32e-05,value,1.0317061397105024e-06
a_value,smooth_positive_part,x,-2.31e-05,value,1.0358054966696523e-06
a_value,smooth_positive_part,x,-2.3e-05,value,1.0399362039844532e-06
a_value,smooth_positive_part,x,-2.29e-05,value,1.0440986069424005e-06
a_value,smooth_positive_part,x,-2.28e-05,value,1.0482930556763487e-06
a_value,smooth_positive_part,x,-2.27e-05,value,1.0525199052450638e-06
a_value,smooth_positive_part,x,-2.26e-05,value,1.05677951571525e-06
a_value,smooth_positive_part,x,-2.25e-05,value,1.06107225224513e-06
a_value,smooth_positive_part,x,-2.24e-05,value,1.0653984851695704e-06
a_value,smooth_positive_part,x,-2.23e-05,value,1.0697585900867949e-06
a_value,smooth_positive_part,x,-2.22e-05,value,1.0741529479467274e-06
a_value,smooth_positive_part,x,-2.21e-05,value,1.0785819451409905e-06
a_value,smooth_positive_part,x,-2.2e-05,value,1.0830459735945734e-06
a_value,smooth_positive_part,x,-2.19e-05,value,1.0875454308592336e-06
a_value,smooth_positive_part,x,-2.18e-05,value,1.09208072020865e-06
a_value,smooth_positive_part,x,-2.17e-05,value,1.0966522507353485e-06
a_value,smooth_positive_part,x,-2.16e-05,value,1.1012604374494724e-06
a_value,smooth_positive_part,x,-2.15e-05,value,1.1059057013793752e-06
a_value,smooth_positive_part,x,-2.14e-05,value,1.1105884696741514e-06
a_value,smooth_positive_part,x,-2.13e-05,value,1.1153091757080493e-06
a_value,smooth_positive_part,x,-2.12e-05,value,1.12006825918689e-06
a_value,smooth_positive_part,x,-2.11e-05,value,1.1248661662564675e-06
a_value,smooth_positive_part,x,-2.1e-05,value,1.1297033496130085e-06
a_value,smooth_positive_part,x,-2.09e-05,value,1.1345802686156923e-06
a_value,smooth_positive_part,x,-2.08e-05,value,1.1394973894013255e-06
a_value,smooth_positive_part,x,-2.07e-05,value,1.144455185001158e-06
a_value,smooth_positive_part,x,-2.06e-05,value,1.14945413545991e-06
a_value,smooth_positive_part,x,-2.05e-05,value,1.1544947279570445e-06
a_value,smooth_positive_part,x,-2.04e-05,value,1.1595774569303414e-06
a_value,smooth_positive_part,x,-2.03e-05,value,1.1647028242017922e-06
a_value,smooth_positive_part,x,-2.02e-05,value,1.169871339105874e-06
a_value,smooth_positive_part,x,-2.01e-05,value,1.1750835186202506e-06
a_value,smooth_positive_part,x,-1.9999999999999998e-05,value,1.180339887498948e-06
a_value,smooth_positive_part,x,-1.99e-05,value,1.1856409784080237e-06
a_value,smooth_positive_part,x,-1.98e-05,value,1.1909873320638158e-06
a_value,smooth_positive_part,x,-1.97e-05,value,1.1963794973737894e-06
a_value,smooth_positive_part,x,-1.96e-05,value,1.2018180315800532e-06
a_value,smooth_positive_part,x,-1.95e-05,value,1.2073035004055635e-06
a_value,smooth_positive_part,x,-1.9399999999999997e-05,value,1.2128364782030889e-06
a_value,smooth_positive_part,x,-1.93e-05,value,1.2184175481069919e-06
a_value,smooth_positive_part,x,-1.92e-05,value,1.224047302187846e-06
a_value,smooth_positive_part,x,-1.9099999999999997e-05,value,1.2297263416099755e-06
a_value,smooth_positive_part,x,-1.9e-05,value,1.2354552767919447e-06
a_value,smooth_positive_part,x,-1.89e-05,value,1.241234727570057e-06
a_value,smooth_positive_part,x,-1.8800000000000003e-05,value,1.2470653233649323e-06
a_value,smooth_positive_part,x,-1.87e-05,value,1.2529477033511767e-06
a_value,smooth_positive_part,x,-1.8599999999999998e-05,value,1.2588825166302514e-06
a_value,smooth_positive_part,x,-1.8500000000000002e-05,value,1.2648704224065453e-06
a_value,smooth_positive_part,x,-1.84e-05,value,1.2709120901667397e-06
a_value,smooth_positive_part,x,-1.8299999999999998e-05,value,1.2770081998625095e-06
a_value,smooth_positive_part,x,-1.8200000000000002e-05,value,1.2831594420966116e-06
a_value,smooth_positive_part,x,-1.81e-05,value,1.2893665183124253e-06
a_value,smooth_positive_part,x,-1.7999999999999997e-05,value,1.2956301409870013e-06
a_value,smooth_positive_part,x,-1.79e-05,value,1.301951033827658e-06
a_value,smooth_positive_part,x,-1.78e-05,value,1.308329931972222e-06
a_value,smooth_positive_part,x,-1.7699999999999997e-05,value,1.3147675821929152e-06
a_value,smooth_positive_part,x,-1.76e-05,value,1.3212647431039954e-06
a_value,smooth_positive_part,x,-1.75e-05,value,1.3278221853731872e-06
a_value,smooth_positive_part,x,-1.7400000000000003e-05,value,1.3344406919369453e-06
a_value,smooth_positive_part,x,-1.73e-05,value,1.341121058219643e-06
a_value,smooth_positive_part,x,-1.7199999999999998e-05,value,1.347864092356711e-06
a_value,smooth_positive_part,x,-1.7100000000000002e-05,value,1.3546706154217967e-06
a_value,smooth_positive_part,x,-1.7e-05,value,1.3615414616580107e-06
a_value,smooth_positive_part,x,-1.6899999999999997e-05,value,1.3684774787132868e-06
a_value,smooth_positive_part,x,-1.6800000000000002e-05,value,1.37547952787995e-06
a_value,smooth_positive_part,x,-1.67e-05,value,1.3825484843385184e-06
a_value,smooth_positive_part,x,-1.6599999999999997e-05,value,1.3896852374058052e-06
a_value,smooth_positive_part,x,-1.65e-05,value,1.3968906907873688e-06
a_value,smooth_positive_part,x,-1.64e-05,value,1.4041657628343759e-06
a_value,smooth_positive_part,x,-1.6299999999999996e-05,value,1.4115113868049138e-06
a_value,smooth_positive_part,x,-1.62e-05,value,1.4189285111298119e-06
a_value,smooth_positive_part,x,-1.61e-05,value,1.426418099683023e-06
a_value,smooth_positive_part,x,-1.6000000000000003e-05,value,1.4339811320566037e-06
a_value,smooth_positive_part,x,-1.59e-05,value,1.441618603840341e-06
a_value,smooth_positive_part,x,-1.5799999999999998e-05,value,1.4493315269060822e-06
a_value,smooth_positive_part,x,-1.5700000000000002e-05,value,1.457120929696788e-06
a_value,smooth_positive_part,x,-1.56e-05,value,1.4649878575203754e-06
a_value,smooth_positive_part,x,-1.5499999999999997e-05,value,1.4729333728483597e-06
a_value,smooth_positive_part,x,-1.54e-05,value,1.4809585556193424e-06
a_value,smooth_positive_part,x,-1.53e-05,value,1.4890645035473963e-06
a_value,smooth_positive_part,x,-1.5199999999999997e-05,value,1.4972523324353279e-06
a_value,smooth_positive_part,x,-1.5100000000000001e-05,value,1.5055231764928965e-06
a_value,smooth_positive_part,x,-1.4999999999999999e-05,value,1.5138781886599743e-06
a_value,smooth_positive_part,x,-1.4899999999999996e-05,value,1.5223185409346675e-06
a_value,smooth_positive_part,x,-1.48e-05,value,1.5308454247064435e-06
a_value,smooth_positive_part,x,-1.4699999999999998e-05,value,1.5394600510942183e-06
a_value,smooth_positive_part,x,-1.4600000000000003e-05,value,1.5481636512894577e-06
a_value,smooth_positive_part,x,-1.45e-05,value,1.5569574769042686e-06
a_value,smooth_positive_part,x,-1.4399999999999998e-05,value,1.5658428003244515e-06
a_value,smooth_positive_part,x,-1.4300000000000002e-05,value,1.5748209150675402e-06
a_value,smooth_positive_part,x,-1.42e-05,value,1.583893136145792e-06
a_value,smooth_positive_part,x,-1.4099999999999997e-05,value,1.593060800434069e-06
a_value,smooth_positive_part,x,-1.4000000000000001e-05,value,1.602325267042627e-06
a_value,smooth_positive_part,x,-1.3899999999999999e-05,value,1.6116879176947342e-06
a_value,smooth_positive_part,x,-1.3799999999999997e-05,value,1.6211501571090743e-06
a_value,smooth_positive_part,x,-1.3700000000000001e-05,value,1.6307134133868727e-06
a_value,smooth_positive_part,x,-1.3599999999999999e-05,value,1.6403791384036772e-06
a_value,smooth_positive_part,x,-1.3499999999999996e-05,value,1.650148808205722e-06
a_value,smooth_positive_part,x,-1.34e-05,value,1.6600239234107456e-06
a_value,smooth_positive_part,x,-1.3299999999999998e-05,value,1.6700060096132148e-06
a_value,smooth_positive_part,x,-1.3200000000000002e-05,value,1.6800966177937801e-06
a_value,smooth_positive_part,x,-1.31e-05,value,1.690297324732889e-06
a_value,smooth_positive_part,x,-1.2999999999999998e-05,value,1.7006097334283631e-06
a_value,smooth_positive_part,x,-1.2900000000000002e-05,value,1.7110354735168252e-06
a_value,smooth_positive_part,x,-1.28e-05,value,1.721576201698782e-06
a_value,smooth_positive_part,x,-1.2699999999999997e-05,value,1.7322336021671643e-06
a_value,smooth_positive_part,x,-1.2600000000000001e-05,value,1.743009387039157e-06
a_value,smooth_positive_part,x,-1.2499999999999999e-05,value,1.7539052967910619e-06
a_value,smooth_positive_part,x,-1.2399999999999996e-05,value,1.7649231006959513e-06
a_value,smooth_positive_part,x,-1.23e-05,value,1.7760645972638915e-06
a_value,smooth_positive_part,x,-1.2199999999999998e-05,value,1.7873316146843987e-06
a_value,smooth_positive_part,x,-1.2099999999999996e-05,value,1.7987260112708742e-06
a_value,smooth_positive_part,x,-1.2e-05,value,1.8102496759066547e-06
a_value,smooth_positive_part,x,-1.1899999999999998e-05,value,1.8219045284923563e-06
a_value,smooth_positive_part,x,-1.1800000000000002e-05,value,1.8336925203941226e-06
a_value,smooth_positive_part,x,-1.17e-05,value,1.8456156348923775e-06
a_value,smooth_positive_part,x,-1.1599999999999997e-05,value,1.8576758876306596e-06
a_value,smooth_positive_part,x,-1.1500000000000002e-05,value,1.8698753270640853e-06
a_value,smooth_positive_part,x,-1.14e-05,value,1.882216034906946e-06
a_value,smooth_positive_part,x,-1.1299999999999997e-05,value,1.8947001265789221e-06
a_value,smooth_positive_part,x,-1.1200000000000001e-05,value,1.9073297516493841e-06
a_value,smooth_positive_part,x,-1.1099999999999999e-05,value,1.920107094279171e-06
a_value,smooth_positive_part,x,-1.0999999999999996e-05,value,1.9330343736592534e-06
a_value,smooth_positive_part,x,-1.09e-05,value,1.9461138444456093e-06
a_value,smooth_positive_part,x,-1.0799999999999998e-05,value,1.95934779718964e-06
a_value,smooth_positive_part,x,-1.0699999999999996e-05,value,1.9727385587633818e-06
a_value,smooth_positive_part,x,-1.06e-05,value,1.9862884927787487e-06
a_value,smooth_positive_part,x,-1.0499999999999998e-05,value,2.0000000000000003e-06
a_value,smooth_positive_part,x,-1.0400000000000002e-05,value,2.0138755187485737e-06
a_value,smooth_positive_part,x,-1.03e-05,value,2.0279175252993817e-06
a_value,smooth_positive_part,x,-1.0199999999999997e-05,value,2.0421285342676385e-06
a_value,smooth_positive_part,x,-1.0100000000000002e-05,value,2.056511098985212e-06
a_value,smooth_positive_part,x,-9.999999999999999e-06,value,2.071067811865475e-06
a_value,smooth_positive_part,x,-9.899999999999997e-06,value,2.0858013047555577e-06
a_value,smooth_positive_part,x,-9.800000000000001e-06,value,2.100714249274855e-06
a_value,smooth_positive_part,x,-9.699999999999999e-06,value,2.115809357138624e-06
a_value,smooth_positive_part,x,-9.599999999999996e-06,value,2.1310893804653834e-06
a_value,smooth_positive_part,x,-9.5e-06,value,2.1465571120668616e-06
a_value,smooth_positive_part,x,-9.399999999999998e-06,value,2.162215385719105e-06
a_value,smooth_positive_part,x,-9.299999999999996e-06,value,2.1780670764133546e-06
a_value,smooth_positive_part,x,-9.2e-06,value,2.1941151005852117e-06
a_value,smooth_positive_part,x,-9.099999999999998e-06,value,2.2103624163205927e-06
a_value,smooth_positive_part,x,-9.000000000000002e-06,value,2.226812023536855e-06
a_value,smooth_positive_part,x,-8.9e-06,value,2.2434669641374944e-06
a_value,smooth_positive_part,x,-8.799999999999997e-06,value,2.2603303221386854e-06
a_value,smooth_positive_part,x,-8.700000000000001e-06,value,2.277405223765935e-06
a_value,smooth_positive_part,x,-8.599999999999999e-06,value,2.2946948375190195e-06
a_value,smooth_positive_part,x,-8.499999999999997e-06,value,2.3122023742033447e-06
a_value,smooth_positive_part,x,-8.400000000000001e-06,value,2.3299310869258034e-06
a_value,smooth_positive_part,x,-8.299999999999998e-06,value,2.3478842710531558e-06
a_value,smooth_positive_part,x,-8.199999999999996e-06,value,2.3660652641308855e-06
a_value,smooth_positive_part,x,-8.1e-06,value,2.384477445760456e-06
a_value,smooth_positive_part,x,-7.999999999999998e-06,value,2.4031242374328496e-06
a_value,smooth_positive_part,x,-7.899999999999996e-06,value,2.422009102316162e-06
a_value,smooth_positive_part,x,-7.8e-06,value,2.441135544995076e-06
a_value,smooth_positive_part,x,-7.699999999999997e-06,value,2.460507111159927e-06
a_value,smooth_positive_part,x,-7.600000000000002e-06,value,2.480127387243032e-06
a_value,smooth_positive_part,x,-7.499999999999999e-06,value,2.5000000000000006e-06
a_value,smooth_positive_part,x,-7.399999999999997e-06,value,2.5201286160335953e-06
a_value,smooth_positive_part,x,-7.300000000000001e-06,value,2.540516941257814e-06
a_value,smooth_positive_part,x,-7.199999999999999e-06,value,2.5611687202997465e-06
a_value,smooth_positive_part,x,-7.099999999999996e-06,value,2.5820877358367935e-06
a_value,smooth_positive_part,x,-7.000000000000001e-06,value,2.6032778078668516e-06
a_value,smooth_positive_part,x,-6.899999999999998e-06,value,2.6247427929090144e-06
a_value,smooth_positive_part,x,-6.799999999999996e-06,value,2.6464865831323905e-06
a_value,smooth_positive_part,x,-6.7e-06,value,2.6685131054106716e-06
a_value,smooth_positive_part,x,-6.599999999999998e-06,value,2.6908263203000643e-06
a_value,smooth_positive_part,x,-6.499999999999995e-06,value,2.713430220938283e-06
a_value,smooth_positive_part,x,-6.4e-06,value,2.7363288318623325e-06
a_value,smooth_positive_part,x,-6.299999999999997e-06,value,2.7595262077428855e-06
a_value,smooth_positive_part,x,-6.200000000000002e-06,value,2.7830264320330906e-06
a_value,smooth_positive_part,x,-6.099999999999999e-06,value,2.806833615529812e-06
a_value,smooth_positive_part,x,-5.999999999999997e-06,value,2.8309518948453015e-06
a_value,smooth_positive_part,x,-5.900000000000001e-06,value,2.85538543078752e-06
a_value,smooth_positive_part,x,-5.799999999999999e-06,value,2.8801384066473716e-06
a_value,smooth_positive_part,x,-5.699999999999996e-06,value,2.9052150263912833e-06
a_value,smooth_positive_part,x,-5.600000000000001e-06,value,2.9306195127577616e-06
a_value,smooth_positive_part,x,-5.499999999999998e-06,value,2.956356105256664e-06
a_value,smooth_positive_part,x,-5.399999999999996e-06,value,2.98242905807015e-06
a_value,smooth_positive_part,x,-5.3e-06,value,3.008842637854494e-06
a_value,smooth_positive_part,x,-5.199999999999998e-06,value,3.035601121442149e-06
a_value,smooth_positive_part,x,-5.099999999999995e-06,value,3.0627087934436805e-06
a_value,smooth_positive_part,x,-4.9999999999999996e-06,value,3.0901699437494747e-06
a_value,smooth_positive_part,x,-4.899999999999997e-06,value,3.1179888649313956e-06
a_value,smooth_positive_part,x,-4.8000000000000015e-06,value,3.146169849544819e-06
a_value,smooth_positive_part,x,-4.699999999999999e-06,value,3.1747171873318557e-06
a_value,smooth_positive_part,x,-4.599999999999997e-06,value,3.203635162326806e-06
a_value,smooth_positive_part,x,-4.500000000000001e-06,value,3.2329280498653276e-06
a_value,smooth_positive_part,x,-4.3999999999999985e-06,value,3.2626001134990665e-06
a_value,smooth_positive_part,x,-4.299999999999996e-06,value,3.292655601817923e-06
a_value,smooth_positive_part,x,-4.2000000000000004e-06,value,3.3230987451824996e-06
a_value,smooth_positive_part,x,-4.099999999999998e-06,value,3.3539337523696577e-06
a_value,smooth_positive_part,x,-3.999999999999996e-06,value,3.3851648071345056e-06
a_value,smooth_positive_part,x,-3.9e-06,value,3.416796064692602e-06
a_value,smooth_positive_part,x,-3.7999999999999975e-06,value,3.4488316481265335e-06
a_value,smooth_positive_part,x,-3.699999999999995e-06,value,3.481275644721442e-06
a_value,smooth_positive_part,x,-3.5999999999999994e-06,value,3.5141321022345694e-06
a_value,smooth_positive_part,x,-3.499999999999997e-06,value,3.547405025104274e-06
a_value,smooth_positive_part,x,-3.4000000000000013e-06,value,3.5810983706043573e-06
a_value,smooth_positive_part,x,-3.299999999999999e-06,value,3.615216044950103e-06
a_value,smooth_positive_part,x,-3.1999999999999965e-06,value,3.649761899362677e-06
a_value,smooth_positive_part,x,-3.100000000000001e-06,value,3.6847397260990926e-06
a_value,smooth_positive_part,x,-2.9999999999999984e-06,value,3.7201532544552764e-06
a_value,smooth_positive_part,x,-2.899999999999996e-06,value,3.756006146750119e-06
a_value,smooth_positive_part,x,-2.8000000000000003e-06,value,3.7923019942988683e-06
a_value,smooth_positive_part,x,-2.699999999999998e-06,value,3.829044313384469e-06
a_value,smooth_positive_part,x,-2.5999999999999954e-06,value,3.866236541235798e-06
a_value,smooth_positive_part,x,-2.4999999999999998e-06,value,3.903882032022076e-06
a_value,smooth_positive_part,x,-2.3999999999999974e-06,value,3.9419840528729774e-06
a_value,smooth_positive_part,x,-2.299999999999995e-06,value,3.980545779934141e-06
a_value,smooth_positive_part,x,-2.1999999999999993e-06,value,4.019570294468082e-06
a_value,smooth_positive_part,x,-2.099999999999997e-06,value,4.059060579010589e-06
a_value,smooth_positive_part,x,-2.000000000000001e-06,value,4.099019513592785e-06
a_value,smooth_positive_part,x,-1.8999999999999987e-06,value,4.139449872039218e-06
a_value,smooth_positive_part,x,-1.7999999999999963e-06,value,4.180354318352217e-06
a_value,smooth_positive_part,x,-1.7000000000000007e-06,value,4.221735403192876e-06
a_value,smooth_positive_part,x,-1.5999999999999982e-06,value,4.263595560468866e-06
a_value,smooth_positive_part,x,-1.4999999999999958e-06,value,4.305937104039173e-06
a_value,smooth_positive_part,x,-1.4000000000000001e-06,value,4.348762224545736e-06
a_value,smooth_positive_part,x,-1.2999999999999977e-06,value,4.392072986381694e-06
a_value,smooth_positive_part,x,-1.1999999999999953e-06,value,4.435871324805671e-06
a_value,smooth_positive_part,x,-1.0999999999999996e-06,value,4.480159043211259e-06
a_value,smooth_positive_part,x,-9.999999999999972e-07,value,4.524937810560447e-06
a_value,smooth_positive_part,x,-8.999999999999948e-07,value,4.5702091589892975e-06
a_value,smooth_positive_part,x,-7.999999999999991e-07,value,4.6159744815937815e-06
a_value,smooth_positive_part,x,-6.999999999999967e-07,value,4.662235030403105e-06
a_value,smooth_positive_part,x,-6.00000000000001e-07,value,4.7089919145472776e-06
a_value,smooth_positive_part,x,-4.999999999999986e-07,value,4.756246098625197e-06
a_value,smooth_positive_part,x,-3.9999999999999617e-07,value,4.8039984012787235e-06
a_value,smooth_positive_part,x,-3.000000000000005e-07,value,4.852249493977684e-06
a_value,smooth_positive_part,x,-1.9999999999999809e-07,value,4.900999900019996e-06
a_value,smooth_positive_part,x,-9.999999999999565e-08,value,4.950249993750315e-06
a_value,smooth_positive_part,x,0.0,value,5e-06
a_value,smooth_positive_part,x,1.0000000000000243e-07,value,5.050249993750314e-06
a_value,smooth_positive_part,x,2.0000000000000486e-07,value,5.100999900019998e-06
a_value,smooth_positive_part,x,3.000000000000005e-07,value,5.152249493977685e-06
a_value,smooth_positive_part,x,4.0000000000000295e-07,value,5.203998401278723e-06
a_value,smooth_positive_part,x,5.000000000000054e-07,value,5.256246098625199e-06
a_value,smooth_positive_part,x,6.00000000000001e-07,value,5.308991914547279e-06
a_value,smooth_positive_part,x,7.000000000000035e-07,value,5.362235030403106e-06
a_value,smooth_positive_part,x,7.999999999999991e-07,value,5.415974481593781e-06
a_value,smooth_positive_part,x,9.000000000000015e-07,value,5.470209158989296e-06
a_value,smooth_positive_part,x,1.000000000000004e-06,value,5.524937810560448e-06
a_value,smooth_positive_part,x,1.0999999999999996e-06,value,5.580159043211259e-06
a_value,smooth_positive_part,x,1.200000000000002e-06,value,5.63587132480567e-06
a_value,smooth_positive_part,x,1.3000000000000045e-06,value,5.692072986381695e-06
a_value,smooth_positive_part,x,1.4000000000000001e-06,value,5.748762224545736e-06
a_value,smooth_positive_part,x,1.5000000000000026e-06,value,5.805937104039173e-06
a_value,smooth_positive_part,x,1.600000000000005e-06,value,5.863595560468868e-06
a_value,smooth_positive_part,x,1.7000000000000007e-06,value,5.921735403192876e-06
a_value,smooth_positive_part,x,1.800000000000003e-06,value,5.9803543183522175e-06
a_value,smooth_positive_part,x,1.8999999999999987e-06,value,6.0394498720392166e-06
a_value,smooth_positive_part,x,2.000000000000001e-06,value,6.099019513592786e-06
a_value,smooth_positive_part,x,2.1000000000000036e-06,value,6.15906057901059e-06
a_value,smooth_positive_part,x,2.1999999999999993e-06,value,6.219570294468081e-06
a_value,smooth_positive_part,x,2.3000000000000017e-06,value,6.28054577993414e-06
a_value,smooth_positive_part,x,2.400000000000004e-06,value,6.341984052872979e-06
a_value,smooth_positive_part,x,2.4999999999999998e-06,value,6.403882032022076e-06
a_value,smooth_positive_part,x,2.600000000000002e-06,value,6.466236541235797e-06
a_value,smooth_positive_part,x,2.7000000000000046e-06,value,6.5290443133844714e-06
a_value,smooth_positive_part,x,2.8000000000000003e-06,value,6.592301994298869e-06
a_value,smooth_positive_part,x,2.9000000000000027e-06,value,6.656006146750119e-06
a_value,smooth_positive_part,x,3.000000000000005e-06,value,6.720153254455279e-06
a_value,smooth_positive_part,x,3.100000000000001e-06,value,6.7847397260990935e-06
a_value,smooth_positive_part,x,3.2000000000000032e-06,value,6.8497618993626775e-06
a_value,smooth_positive_part,x,3.299999999999999e-06,value,6.915216044950102e-06
a_value,smooth_positive_part,x,3.4000000000000013e-06,value,6.981098370604359e-06
a_value,smooth_positive_part,x,3.5000000000000038e-06,value,7.047405025104275e-06
a_value,smooth_positive_part,x,3.5999999999999994e-06,value,7.114132102234569e-06
a_value,smooth_positive_part,x,3.700000000000002e-06,value,7.181275644721441e-06
a_value,smooth_positive_part,x,3.8000000000000043e-06,value,7.248831648126536e-06
a_value,smooth_positive_part,x,3.9e-06,value,7.316796064692602e-06
a_value,smooth_positive_part,x,4.000000000000002e-06,value,7.385164807134506e-06
a_value,smooth_positive_part,x,4.100000000000005e-06,value,7.453933752369661e-06
a_value,smooth_positive_part,x,4.2000000000000004e-06,value,7.5230987451825e-06
a_value,smooth_positive_part,x,4.300000000000003e-06,value,7.592655601817924e-06
a_value,smooth_positive_part,x,4.400000000000005e-06,value,7.66260011349907e-06
a_value,smooth_positive_part,x,4.500000000000001e-06,value,7.73292804986533e-06
a_value,smooth_positive_part,x,4.600000000000003e-06,value,7.803635162326807e-06
a_value,smooth_positive_part,x,4.699999999999999e-06,value,7.874717187331854e-06
a_value,smooth_positive_part,x,4.8000000000000015e-06,value,7.94616984954482e-06
a_value,smooth_positive_part,x,4.900000000000004e-06,value,8.017988864931398e-06
a_value,smooth_positive_part,x,4.9999999999999996e-06,value,8.090169943749474e-06
a_value,smooth_positive_part,x,5.100000000000002e-06,value,8.16270879344368e-06
a_value,smooth_positive_part,x,5.200000000000004e-06,value,8.235601121442152e-06
a_value,smooth_positive_part,x,5.3e-06,value,8.308842637854494e-06
a_value,smooth_positive_part,x,5.4000000000000025e-06,value,8.382429058070152e-06
a_value,smooth_positive_part,x,5.500000000000005e-06,value,8.456356105256667e-06
a_value,smooth_positive_part,x,5.600000000000001e-06,value,8.530619512757762e-06
a_value,smooth_positive_part,x,5.700000000000003e-06,value,8.605215026391285e-06
a_value,smooth_positive_part,x,5.8000000000000055e-06,value,8.680138406647374e-06
a_value,smooth_positive_part,x,5.900000000000001e-06,value,8.755385430787521e-06
a_value,smooth_positive_part,x,6.0000000000000035e-06,value,8.830951894845304e-06
a_value,smooth_positive_part,x,6.099999999999999e-06,value,8.906833615529811e-06
a_value,smooth_positive_part,x,6.200000000000002e-06,value,8.983026432033091e-06
a_value,smooth_positive_part,x,6.300000000000004e-06,value,9.059526207742889e-06
a_value,smooth_positive_part,x,6.4e-06,value,9.136328831862332e-06
a_value,smooth_positive_part,x,6.500000000000002e-06,value,9.213430220938283e-06
a_value,smooth_positive_part,x,6.6000000000000046e-06,value,9.290826320300068e-06
a_value,smooth_positive_part,x,6.7e-06,value,9.368513105410671e-06
a_value,smooth_positive_part,x,6.800000000000003e-06,value,9.446486583132392e-06
a_value,smooth_positive_part,x,6.900000000000005e-06,value,9.524742792909018e-06
a_value,smooth_positive_part,x,7.000000000000001e-06,value,9.603277807866852e-06
a_value,smooth_positive_part,x,7.100000000000003e-06,value,9.682087735836794e-06
a_value,smooth_positive_part,x,7.200000000000006e-06,value,9.761168720299749e-06
a_value,smooth_positive_part,x,7.300000000000001e-06,value,9.840516941257816e-06
a_value,smooth_positive_part,x,7.400000000000004e-06,value,9.920128616033598e-06
a_value,smooth_positive_part,x,7.499999999999999e-06,value,9.999999999999999e-06
a_value,smooth_positive_part,x,7.600000000000002e-06,value,1.0080127387243034e-05
a_value,smooth_positive_part,x,7.700000000000004e-06,value,1.016050711115993e-05
a_value,smooth_positive_part,x,7.8e-06,value,1.0241135544995076e-05
a_value,smooth_positive_part,x,7.900000000000002e-06,value,1.0322009102316162e-05
a_value,smooth_positive_part,x,8.000000000000005e-06,value,1.0403124237432853e-05
a_value,smooth_positive_part,x,8.1e-06,value,1.0484477445760456e-05
a_value,smooth_positive_part,x,8.200000000000003e-06,value,1.0566065264130887e-05
a_value,smooth_positive_part,x,8.300000000000005e-06,value,1.064788427105316e-05
a_value,smooth_positive_part,x,8.400000000000001e-06,value,1.0729931086925804e-05
a_value,smooth_positive_part,x,8.500000000000003e-06,value,1.0812202374203347e-05
a_value,smooth_positive_part,x,8.600000000000006e-06,value,1.0894694837519025e-05
a_value,smooth_positive_part,x,8.700000000000001e-06,value,1.0977405223765936e-05
a_value,smooth_positive_part,x,8.800000000000004e-06,value,1.1060330322138688e-05
a_value,smooth_positive_part,x,8.9e-06,value,1.1143466964137495e-05
a_value,smooth_positive_part,x,9.000000000000002e-06,value,1.1226812023536857e-05
a_value,smooth_positive_part,x,9.100000000000004e-06,value,1.1310362416320595e-05
a_value,smooth_positive_part,x,9.2e-06,value,1.1394115100585211e-05
a_value,smooth_positive_part,x,9.300000000000002e-06,value,1.1478067076413355e-05
a_value,smooth_positive_part,x,9.400000000000005e-06,value,1.156221538571911e-05
a_value,smooth_positive_part,x,9.5e-06,value,1.1646557112066862e-05
a_value,smooth_positive_part,x,9.600000000000003e-06,value,1.1731089380465386e-05
a_value,smooth_positive_part,x,9.700000000000005e-06,value,1.1815809357138628e-05
a_value,smooth_positive_part,x,9.800000000000001e-06,value,1.1900714249274855e-05
a_value,smooth_positive_part,x,9.900000000000003e-06,value,1.198580130475556e-05
a_value,smooth_positive_part,x,1.0000000000000006e-05,value,1.2071067811865481e-05
a_value,smooth_positive_part,x,1.0100000000000002e-05,value,1.2156511098985213e-05
a_value,smooth_positive_part,x,1.0200000000000004e-05,value,1.2242128534267642e-05
a_value,smooth_positive_part,x,1.03e-05,value,1.2327917525299382e-05
a_value,smooth_positive_part,x,1.0400000000000002e-05,value,1.2413875518748576e-05
a_value,smooth_positive_part,x,1.0500000000000005e-05,value,1.2500000000000006e-05
a_value,smooth_positive_part,x,1.06e-05,value,1.258628849277875e-05
a_value,smooth_positive_part,x,1.0700000000000003e-05,value,1.2672738558763383e-05
a_value,smooth_positive_part,x,1.0800000000000005e-05,value,1.2759347797189644e-05
a_value,smooth_positive_part,x,1.09e-05,value,1.284611384444561e-05
a_value,smooth_positive_part,x,1.1000000000000003e-05,value,1.2933034373659256e-05
a_value,smooth_positive_part,x,1.1100000000000006e-05,value,1.3020107094279175e-05
a_value,smooth_positive_part,x,1.1200000000000008e-05,value,1.3107329751649392e-05
a_value,smooth_positive_part,x,1.1299999999999997e-05,value,1.3194700126578919e-05
a_value,smooth_positive_part,x,1.14e-05,value,1.3282216034906946e-05
a_value,smooth_positive_part,x,1.1500000000000002e-05,value,1.3369875327064087e-05
a_value,smooth_positive_part,x,1.1600000000000004e-05,value,1.3457675887630664e-05
a_value,smooth_positive_part,x,1.1700000000000007e-05,value,1.3545615634892384e-05
a_value,smooth_positive_part,x,1.1800000000000009e-05,value,1.363369252039413e-05
a_value,smooth_positive_part,x,1.1899999999999998e-05,value,1.3721904528492354e-05
a_value,smooth_positive_part,x,1.2e-05,value,1.3810249675906655e-05
a_value,smooth_positive_part,x,1.2100000000000003e-05,value,1.3898726011270877e-05
a_value,smooth_positive_part,x,1.2200000000000005e-05,value,1.3987331614684404e-05
a_value,smooth_positive_part,x,1.2300000000000008e-05,value,1.4076064597263897e-05
a_value,smooth_positive_part,x,1.2399999999999996e-05,value,1.4164923100695948e-05
a_value,smooth_positive_part,x,1.2499999999999999e-05,value,1.425390529679106e-05
a_value,smooth_positive_part,x,1.2600000000000001e-05,value,1.4343009387039158e-05
a_value,smooth_positive_part,x,1.2700000000000004e-05,value,1.4432233602167168e-05
a_value,smooth_positive_part,x,1.2800000000000006e-05,value,1.4521576201698786e-05
a_value,smooth_positive_part,x,1.2900000000000009e-05,value,1.4611035473516834e-05
a_value,smooth_positive_part,x,1.2999999999999998e-05,value,1.470060973342836e-05
a_value,smooth_positive_part,x,1.31e-05,value,1.4790297324732889e-05
a_value,smooth_positive_part,x,1.3200000000000002e-05,value,1.4880096617793782e-05
a_value,smooth_positive_part,x,1.3300000000000005e-05,value,1.497000600961322e-05
a_value,smooth_positive_part,x,1.3400000000000007e-05,value,1.5060023923410753e-05
a_value,smooth_positive_part,x,1.350000000000001e-05,value,1.515014880820573e-05
a_value,smooth_positive_part,x,1.3599999999999999e-05,value,1.5240379138403676e-05
a_value,smooth_positive_part,x,1.3700000000000001e-05,value,1.5330713413386875e-05
a_value,smooth_positive_part,x,1.3800000000000003e-05,value,1.5421150157109078e-05
a_value,smooth_positive_part,x,1.3900000000000006e-05,value,1.551168791769474e-05
a_value,smooth_positive_part,x,1.4000000000000008e-05,value,1.5602325267042634e-05
a_value,smooth_positive_part,x,1.4099999999999997e-05,value,1.5693060800434064e-05
a_value,smooth_positive_part,x,1.42e-05,value,1.578389313614579e-05
a_value,smooth_positive_part,x,1.4300000000000002e-05,value,1.5874820915067542e-05
a_value,smooth_positive_part,x,1.4400000000000004e-05,value,1.5965842800324454e-05
a_value,smooth_positive_part,x,1.4500000000000007e-05,value,1.6056957476904277e-05
a_value,smooth_positive_part,x,1.460000000000001e-05,value,1.614816365128947e-05
a_value,smooth_positive_part,x,1.4699999999999998e-05,value,1.6239460051094216e-05
a_value,smooth_positive_part,x,1.48e-05,value,1.6330845424706446e-05
a_value,smooth_positive_part,x,1.4900000000000003e-05,value,1.642231854093467e-05
a_value,smooth_positive_part,x,1.5000000000000005e-05,value,1.6513878188659978e-05
a_value,smooth_positive_part,x,1.5100000000000008e-05,value,1.6605523176492906e-05
a_value,smooth_positive_part,x,1.5199999999999997e-05,value,1.6697252332435325e-05
a_value,smooth_positive_part,x,1.53e-05,value,1.6789064503547395e-05
a_value,smooth_positive_part,x,1.54e-05,value,1.6880958555619344e-05
a_value,smooth_positive_part,x,1.5500000000000004e-05,value,1.6972933372848364e-05
a_value,smooth_positive_part,x,1.5600000000000006e-05,value,1.7064987857520382e-05
a_value,smooth_positive_part,x,1.570000000000001e-05,value,1.7157120929696797e-05
a_value,smooth_positive_part,x,1.5799999999999998e-05,value,1.724933152690608e-05
a_value,smooth_positive_part,x,1.59e-05,value,1.734161860384034e-05
a_value,smooth_positive_part,x,1.6000000000000003e-05,value,1.7433981132056608e-05
a_value,smooth_positive_part,x,1.6100000000000005e-05,value,1.752641809968303e-05
a_value,smooth_positive_part,x,1.6200000000000008e-05,value,1.761892851112982e-05
a_value,smooth_positive_part,x,1.630000000000001e-05,value,1.7711511386804922e-05
a_value,smooth_positive_part,x,1.64e-05,value,1.7804165762834375e-05
a_value,smooth_positive_part,x,1.65e-05,value,1.789689069078737e-05
a_value,smooth_positive_part,x,1.6600000000000004e-05,value,1.798968523740581e-05
a_value,smooth_positive_part,x,1.6700000000000006e-05,value,1.8082548484338525e-05
a_value,smooth_positive_part,x,1.680000000000001e-05,value,1.8175479527879957e-05
a_value,smooth_positive_part,x,1.6899999999999997e-05,value,1.8268477478713284e-05
a_value,smooth_positive_part,x,1.7e-05,value,1.836154146165801e-05
a_value,smooth_positive_part,x,1.7100000000000002e-05,value,1.84546706154218e-05
a_value,smooth_positive_part,x,1.7200000000000005e-05,value,1.8547864092356712e-05
a_value,smooth_positive_part,x,1.7300000000000007e-05,value,1.864112105821965e-05
a_value,smooth_positive_part,x,1.740000000000001e-05,value,1.8734440691936957e-05
a_value,smooth_positive_part,x,1.75e-05,value,1.8827822185373184e-05
a_value,smooth_positive_part,x,1.76e-05,value,1.8921264743103996e-05
a_value,smooth_positive_part,x,1.7700000000000003e-05,value,1.901476758219292e-05
a_value,smooth_positive_part,x,1.7800000000000006e-05,value,1.9108329931972226e-05
a_value,smooth_positive_part,x,1.7900000000000008e-05,value,1.9201951033827666e-05
a_value,smooth_positive_part,x,1.7999999999999997e-05,value,1.9295630140987e-05
a_value,smooth_positive_part,x,1.81e-05,value,1.9389366518312425e-05
a_value,smooth_positive_part,x,1.8200000000000002e-05,value,1.9483159442096614e-05
a_value,smooth_positive_part,x,1.8300000000000004e-05,value,1.9577008199862514e-05
a_value,smooth_positive_part,x,1.8400000000000007e-05,value,1.9670912090166746e-05
a_value,smooth_positive_part,x,1.850000000000001e-05,value,1.9764870422406555e-05
a_value,smooth_positive_part,x,1.8599999999999998e-05,value,1.9858882516630248e-05
a_value,smooth_positive_part,x,1.87e-05,value,1.9952947703351177e-05
a_value,smooth_positive_part,x,1.8800000000000003e-05,value,2.0047065323364935e-05
a_value,smooth_positive_part,x,1.8900000000000005e-05,value,2.0141234727570062e-05
a_value,smooth_positive_part,x,1.9000000000000008e-05,value,2.0235455276791953e-05
a_value,smooth_positive_part,x,1.910000000000001e-05,value,2.0329726341609987e-05
a_value,smooth_positive_part,x,1.92e-05,value,2.0424047302187845e-05
a_value,smooth_positive_part,x,1.93e-05,value,2.0518417548106993e-05
a_value,smooth_positive_part,x,1.9400000000000004e-05,value,2.0612836478203095e-05
a_value,smooth_positive_part,x,1.9500000000000006e-05,value,2.070730350040557e-05
a_value,smooth_positive_part,x,1.960000000000001e-05,value,2.0801818031580062e-05
a_value,smooth_positive_part,x,1.9699999999999998e-05,value,2.0896379497373787e-05
a_value,smooth_positive_part,x,1.98e-05,value,2.0990987332063818e-05
a_value,smooth_positive_part,x,1.9900000000000003e-05,value,2.1085640978408025e-05
a_value,smooth_positive_part,x,2.0000000000000005e-05,value,2.1180339887498955e-05
a_value,smooth_positive_part,x,2.0100000000000007e-05,value,2.1275083518620258e-05
a_value,smooth_positive_part,x,2.020000000000001e-05,value,2.136987133910588e-05
a_value,smooth_positive_part,x,2.03e-05,value,2.146470282420179e-05
a_value,smooth_positive_part,x,2.04e-05,value,2.1559577456930344e-05
a_value,smooth_positive_part,x,2.0500000000000004e-05,value,2.1654494727957046e-05
a_value,smooth_positive_part,x,2.0600000000000006e-05,value,2.1749454135459914e-05
a_value,smooth_positive_part,x,2.070000000000001e-05,value,2.1844455185001165e-05
a_value,smooth_positive_part,x,2.0799999999999997e-05,value,2.193949738940132e-05
a_value,smooth_positive_part,x,2.09e-05,value,2.2034580268615692e-05
a_value,smooth_positive_part,x,2.1000000000000002e-05,value,2.212970334961301e-05
a_value,smooth_positive_part,x,2.1100000000000005e-05,value,2.2224866166256472e-05
a_value,smooth_positive_part,x,2.1200000000000007e-05,value,2.2320068259186897e-05
a_value,smooth_positive_part,x,2.130000000000001e-05,value,2.2415309175708057e-05
a_value,smooth_positive_part,x,2.14e-05,value,2.251058846967415e-05
a_value,smooth_positive_part,x,2.15e-05,value,2.2605905701379378e-05
a_value,smooth_positive_part,x,2.1600000000000003e-05,value,2.2701260437449477e-05
a_value,smooth_positive_part,x,2.1700000000000006e-05,value,2.2796652250735356e-05
a_value,smooth_positive_part,x,2.1800000000000008e-05,value,2.2892080720208658e-05
a_value,smooth_positive_part,x,2.190000000000001e-05,value,2.2987545430859242e-05
a_value,smooth_positive_part,x,2.2e-05,value,2.3083045973594573e-05
a_value,smooth_positive_part,x,2.2100000000000002e-05,value,2.317858194514099e-05
a_value,smooth_positive_part,x,2.2200000000000004e-05,value,2.327415294794673e-05
a_value,smooth_positive_part,x,2.2300000000000007e-05,value,2.3369758590086803e-05
a_value,smooth_positive_part,x,2.240000000000001e-05,value,2.3465398485169578e-05
a_value,smooth_positive_part,x,2.2499999999999998e-05,value,2.3561072252245128e-05
a_value,smooth_positive_part,x,2.26e-05,value,2.365677951571525e-05
a_value,smooth_positive_part,x,2.2700000000000003e-05,value,2.3752519905245065e-05
a_value,smooth_positive_part,x,2.2800000000000005e-05,value,2.3848293055676354e-05
a_value,smooth_positive_part,x,2.2900000000000008e-05,value,2.3944098606942408e-05
a_value,smooth_positive_part,x,2.300000000000001e-05,value,2.403993620398446e-05
a_value,smooth_positive_part,x,2.31e-05,value,2.413580549666965e-05
a_value,smooth_positive_part,x,2.32e-05,value,2.4231706139710506e-05
a_value,smooth_positive_part,x,2.3300000000000004e-05,value,2.4327637792585814e-05
a_value,smooth_positive_part,x,2.3400000000000006e-05,value,2.442360011946305e-05
a_value,smooth_positive_part,x,2.350000000000001e-05,value,2.4519592789122145e-05
a_value,smooth_positive_part,x,2.3599999999999998e-05,value,2.4615615474880636e-05
a_value,smooth_positive_part,x,2.37e-05,value,2.471166785452027e-05
a_value,smooth_positive_part,x,2.3800000000000003e-05,value,2.480774961021479e-05
a_value,smooth_positive_part,x,2.3900000000000005e-05,value,2.490386042845916e-05
a_value,smooth_positive_part,x,2.4000000000000007e-05,value,2.5000000000000005e-05
a_value,smooth_positive_part,x,2.410000000000001e-05,value,2.5096168019767348e-05
a_value,smooth_positive_part,x,2.42e-05,value,2.5192364186807514e-05
a_value,smooth_positive_part,x,2.43e-05,value,2.528858820421738e-05
a_value,smooth_positive_part,x,2.4400000000000004e-05,value,2.5384839779079612e-05
a_value,smooth_positive_part,x,2.4500000000000006e-05,value,2.5481118622399245e-05
a_value,smooth_positive_part,x,2.460000000000001e-05,value,2.557742444904132e-05
a_value,smooth_positive_part,x,2.470000000000001e-05,value,2.5673756977669637e-05
a_value,smooth_positive_part,x,2.48e-05,value,2.5770115930686612e-05
a_value,smooth_positive_part,x,2.4900000000000002e-05,value,2.58665010341743e-05
a_value,smooth_positive_part,x,2.5000000000000005e-05,value,2.5962912017836265e-05
a_value,smooth_positive_part,x,2.5100000000000007e-05,value,2.60593486149407e-05
a_value,smooth_positive_part,x,2.520000000000001e-05,value,2.6155810562264443e-05
a_value,smooth_positive_part,x,2.53e-05,value,2.6252297600038016e-05
a_value,smooth_positive_part,x,2.54e-05,value,2.634880947189168e-05
a_value,smooth_positive_part,x,2.5500000000000003e-05,value,2.644534592480234e-05
a_value,smooth_positive_part,x,2.5600000000000006e-05,value,2.6541906709041516e-05
a_value,smooth_positive_part,x,2.5700000000000008e-05,value,2.6638491578124135e-05
a_value,smooth_positive_part,x,2.580000000000001e-05,value,2.673510028875831e-05
a_value,smooth_positive_part,x,2.59e-05,value,2.683173260079591e-05
a_value,smooth_positive_part,x,2.6000000000000002e-05,value,2.692838827718412e-05
a_value,smooth_positive_part,x,2.6100000000000004e-05,value,2.7025067083917705e-05
a_value,smooth_positive_part,x,2.6200000000000007e-05,value,2.712176878999223e-05
a_value,smooth_positive_part,x,2.630000000000001e-05,value,2.7218493167358055e-05
a_value,smooth_positive_part,x,2.6399999999999998e-05,value,2.731523999087511e-05
a_value,smooth_positive_part,x,2.65e-05,value,2.7412009038268548e-05
a_value,smooth_positive_part,x,2.6600000000000003e-05,value,2.750880009008502e-05
a_value,smooth_positive_part,x,2.6700000000000005e-05,value,2.7605612929649856e-05
a_value,smooth_positive_part,x,2.6800000000000008e-05,value,2.7702447343024907e-05
a_value,smooth_positive_part,x,2.690000000000001e-05,value,2.7799303118967148e-05
a_value,smooth_positive_part,x,2.7e-05,value,2.7896180048887968e-05
a_value,smooth_positive_part,x,2.71e-05,value,2.7993077926813244e-05
a_value,smooth_positive_part,x,2.7200000000000004e-05,value,2.808999654934397e-05
a_value,smooth_positive_part,x,2.7300000000000006e-05,value,2.8186935715617654e-05
a_value,smooth_positive_part,x,2.740000000000001e-05,value,2.8283895227270397e-05
a_value,smooth_positive_part,x,2.7499999999999998e-05,value,2.838087488839953e-05
a_value,smooth_positive_part,x,2.76e-05,value,2.847787450552702e-05
a_value,smooth_positive_part,x,2.7700000000000002e-05,value,2.8574893887563336e-05
a_value,smooth_positive_part,x,2.7800000000000005e-05,value,2.8671932845772084e-05
a_value,smooth_positive_part,x,2.7900000000000007e-05,value,2.8768991193735162e-05
a_value,smooth_positive_part,x,2.800000000000001e-05,value,2.8866068747318515e-05
a_value,smooth_positive_part,x,2.81e-05,value,2.8963165324638494e-05
a_value,smooth_positive_part,x,2.82e-05,value,2.90602807460288e-05
a_value,smooth_positive_part,x,2.8300000000000003e-05,value,2.915741483400789e-05
a_value,smooth_positive_part,x,2.8400000000000006e-05,value,2.925456741324706e-05
a_value,smooth_positive_part,x,2.850000000000001e-05,value,2.9351738310538964e-05
a_value,smooth_positive_part,x,2.860000000000001e-05,value,2.944892735476675e-05
a_value,smooth_positive_part,x,2.87e-05,value,2.9546134376873613e-05
a_value,smooth_positive_part,x,2.8800000000000002e-05,value,2.9643359209832984e-05
a_value,smooth_positive_part,x,2.8900000000000005e-05,value,2.9740601688619064e-05
a_value,smooth_positive_part,x,2.9000000000000007e-05,value,2.9837861650177975e-05
a_value,smooth_positive_part,x,2.910000000000001e-05,value,2.9935138933399345e-05
a_value,smooth_positive_part,x,2.9199999999999998e-05,value,3.003243337908834e-05
a_value,smooth_positive_part,x,2.93e-05,value,3.012974482993825e-05
a_value,smooth_positive_part,x,2.9400000000000003e-05,value,3.0227073130503383e-05
a_value,smooth_positive_part,x,2.9500000000000006e-05,value,3.0324418127172524e-05
a_value,smooth_positive_part,x,2.9600000000000008e-05,value,3.0421779668142814e-05
a_value,smooth_positive_part,x,2.970000000000001e-05,value,3.051915760339401e-05
a_value,smooth_positive_part,x,2.98e-05,value,3.06165517846632e-05
a_value,smooth_positive_part,x,2.9900000000000002e-05,value,3.071396206541998e-05
a_value,smooth_positive_part,x,3.0000000000000004e-05,value,3.08113883008419e-05
a_value,smooth_positive_part,x,3.0100000000000007e-05,value,3.0908830347790475e-05
a_value,smooth_positive_part,x,3.020000000000001e-05,value,3.100628806478747e-05
a_value,smooth_positive_part,x,3.0299999999999998e-05,value,3.11037613119916e-05
a_value,smooth_positive_part,x,3.04e-05,value,3.120124995117569e-05
a_value,smooth_positive_part,x,3.0500000000000003e-05,value,3.129875384570404e-05
a_value,smooth_positive_part,x,3.0600000000000005e-05,value,3.139627286051029e-05
a_value,smooth_positive_part,x,3.070000000000001e-05,value,3.149380686207563e-05
a_value,smooth_positive_part,x,3.080000000000001e-05,value,3.159135571840729e-05
a_value,smooth_positive_part,x,3.09e-05,value,3.16889192990174e-05
a_value,smooth_positive_part,x,3.1e-05,value,3.1786497474902334e-05
a_value,smooth_positive_part,x,3.1100000000000004e-05,value,3.188409011852207e-05
a_value,smooth_positive_part,x,3.1200000000000006e-05,value,3.198169710378019e-05
a_value,smooth_positive_part,x,3.130000000000001e-05,value,3.207931830600406e-05
a_value,smooth_positive_part,x,3.140000000000001e-05,value,3.217695360192534e-05
a_value,smooth_positive_part,x,3.15e-05,value,3.227460286966074e-05
a_value,smooth_positive_part,x,3.16e-05,value,3.237226598869328e-05
a_value,smooth_positive_part,x,3.1700000000000005e-05,value,3.246994283985358e-05
a_value,smooth_positive_part,x,3.180000000000001e-05,value,3.2567633305301635e-05
a_value,smooth_positive_part,x,3.190000000000001e-05,value,3.266533726850883e-05
a_value,smooth_positive_part,x,3.2e-05,value,3.276305461424021e-05
a_value,smooth_positive_part,x,3.21e-05,value,3.2860785228537066e-05
a_value,smooth_positive_part,x,3.2200000000000003e-05,value,3.295852899869974e-05
a_value,smooth_positive_part,x,3.2300000000000006e-05,value,3.305628581327076e-05
a_value,smooth_positive_part,x,3.240000000000001e-05,value,3.3154055562018204e-05
a_value,smooth_positive_part,x,3.250000000000001e-05,value,3.3251838135919314e-05
a_value,smooth_positive_part,x,3.26e-05,value,3.3349633427144404e-05
a_value,smooth_positive_part,x,3.27e-05,value,3.344744132904103e-05
a_value,smooth_positive_part,x,3.2800000000000004e-05,value,3.354526173611824e-05
a_value,smooth_positive_part,x,3.290000000000001e-05,value,3.364309454403134e-05
a_value,smooth_positive_part,x,3.300000000000001e-05,value,3.374093964956668e-05
a_value,smooth_positive_part,x,3.31e-05,value,3.3838796950626724e-05
a_value,smooth_positive_part,x,3.32e-05,value,3.393666634621547e-05
a_value,smooth_positive_part,x,3.33e-05,value,3.4034547736423864e-05
a_value,smooth_positive_part,x,3.3400000000000005e-05,value,3.4132441022415654e-05
a_value,smooth_positive_part,x,3.350000000000001e-05,value,3.423034610641335e-05
a_value,smooth_positive_part,x,3.360000000000001e-05,value,3.43282628916844e-05
a_value,smooth_positive_part,x,3.37e-05,value,3.4426191282527624e-05
a_value,smooth_positive_part,x,3.38e-05,value,3.4524131184259836e-05
a_value,smooth_positive_part,x,3.3900000000000004e-05,value,3.4622082503202615e-05
a_value,smooth_positive_part,x,3.4000000000000007e-05,value,3.4720045146669355e-05
a_value,smooth_positive_part,x,3.410000000000001e-05,value,3.4818019022952455e-05
a_value,smooth_positive_part,x,3.420000000000001e-05,value,3.491600404131073e-05
a_value,smooth_positive_part,x,3.43e-05,value,3.501400011195701e-05
a_value,smooth_positive_part,x,3.44e-05,value,3.511200714604592e-05
a_value,smooth_positive_part,x,3.4500000000000005e-05,value,3.521002505566182e-05
a_value,smooth_positive_part,x,3.460000000000001e-05,value,3.530805375380694e-05
a_value,smooth_positive_part,x,3.470000000000001e-05,value,3.540609315438975e-05
a_value,smooth_positive_part,x,3.48e-05,value,3.5504143172213374e-05
a_value,smooth_positive_part,x,3.49e-05,value,3.560220372296433e-05
a_value,smooth_positive_part,x,3.5000000000000004e-05,value,3.57002747232013e-05
a_value,smooth_positive_part,x,3.5100000000000006e-05,value,3.579835609034414e-05
a_value,smooth_positive_part,x,3.520000000000001e-05,value,3.5896447742663065e-05
a_value,smooth_positive_part,x,3.530000000000001e-05,value,3.5994549599267905e-05
a_value,smooth_positive_part,x,3.54e-05,value,3.609266158009765e-05
a_value,smooth_positive_part,x,3.55e-05,value,3.619078360591003e-05
a_value,smooth_positive_part,x,3.5600000000000005e-05,value,3.628891559827131e-05
a_value,smooth_positive_part,x,3.570000000000001e-05,value,3.638705747954622e-05
a_value,smooth_positive_part,x,3.580000000000001e-05,value,3.6485209172888e-05
a_value,smooth_positive_part,x,3.59e-05,value,3.658337060222868e-05
a_value,smooth_positive_part,x,3.6e-05,value,3.6681541692269406e-05
a_value,smooth_positive_part,x,3.61e-05,value,3.677972236847093e-05
a_value,smooth_positive_part,x,3.6200000000000006e-05,value,3.687791255704425e-05
a_value,smooth_positive_part,x,3.630000000000001e-05,value,3.697611218494144e-05
a_value,smooth_positive_part,x,3.640000000000001e-05,value,3.707432117984645e-05
a_value,smooth_positive_part,x,3.65e-05,value,3.717253947016626e-05
a_value,smooth_positive_part,x,3.66e-05,value,3.727076698502198e-05
a_value,smooth_positive_part,x,3.6700000000000004e-05,value,3.7369003654240146e-05
a_value,smooth_positive_part,x,3.680000000000001e-05,value,3.746724940834415e-05
a_value,smooth_positive_part,x,3.690000000000001e-05,value,3.756550417854576e-05
a_value,smooth_positive_part,x,3.700000000000001e-05,value,3.766376789673681e-05
a_value,smooth_positive_part,x,3.71e-05,value,3.776204049548095e-05
a_value,smooth_positive_part,x,3.72e-05,value,3.786032190800559e-05
a_value,smooth_positive_part,x,3.7300000000000005e-05,value,3.795861206819382e-05
a_value,smooth_positive_part,x,3.740000000000001e-05,value,3.8056910910576626e-05
a_value,smooth_positive_part,x,3.750000000000001e-05,value,3.815521837032504e-05
a_value,smooth_positive_part,x,3.76e-05,value,3.8253534383242546e-05
a_value,smooth_positive_part,x,3.77e-05,value,3.835185888575753e-05
a_value,smooth_positive_part,x,3.7800000000000004e-05,value,3.8450191814915784e-05
a_value,smooth_positive_part,x,3.7900000000000006e-05,value,3.85485331083732e-05
a_value,smooth_positive_part,x,3.800000000000001e-05,value,3.864688270438851e-05
a_value,smooth_positive_part,x,3.810000000000001e-05,value,3.87452405418162e-05
a_value,smooth_positive_part,x,3.82e-05,value,3.8843606560099396e-05
a_value,smooth_positive_part,x,3.83e-05,value,3.894198069926303e-05
a_value,smooth_positive_part,x,3.8400000000000005e-05,value,3.9040362899906854e-05
a_value,smooth_positive_part,x,3.850000000000001e-05,value,3.913875310319881e-05
a_value,smooth_positive_part,x,3.860000000000001e-05,value,3.923715125086832e-05
a_value,smooth_positive_part,x,3.87e-05,value,3.933555728519973e-05
a_value,smooth_positive_part,x,3.88e-05,value,3.943397114902585e-05
a_value,smooth_positive_part,x,3.8900000000000004e-05,value,3.953239278572153e-05
a_value,smooth_positive_part,x,3.9000000000000006e-05,value,3.9630822139197404e-05
a_value,smooth_positive_part,x,3.910000000000001e-05,value,3.972925915389364e-05
a_value,smooth_positive_part,x,3.920000000000001e-05,value,3.9827703774773854e-05
a_value,smooth_positive_part,x,3.93e-05,value,3.9926155947319006e-05
a_value,smooth_positive_part,x,3.94e-05,value,4.002461561752153e-05
a_value,smooth_positive_part,x,3.9500000000000005e-05,value,4.012308273187934e-05
a_value,smooth_positive_part,x,3.960000000000001e-05,value,4.022155723739011e-05
a_value,smooth_positive_part,x,3.970000000000001e-05,value,4.03200390815455e-05
a_value,smooth_positive_part,x,3.980000000000001e-05,value,4.041852821232557e-05
a_value,smooth_positive_part,x,3.99e-05,value,4.0517024578193124e-05
a_value,smooth_positive_part,x,4e-05,value,4.06155281280883e-05
a_value,smooth_positive_part,x,4.0100000000000006e-05,value,4.07140388114231e-05
a_value,smooth_positive_part,x,4.020000000000001e-05,value,4.081255657807602e-05
a_value,smooth_positive_part,x,4.030000000000001e-05,value,4.091108137838683e-05
a_value,smooth_positive_part,x,4.04e-05,value,4.10096131631513e-05
a_value,smooth_positive_part,x,4.05e-05,value,4.110815188361616e-05
a_value,smooth_positive_part,x,4.0600000000000004e-05,value,4.120669749147388e-05
a_value,smooth_positive_part,x,4.070000000000001e-05,value,4.130524993885781e-05
a_value,smooth_positive_part,x,4.080000000000001e-05,value,4.1403809178337166e-05
a_value,smooth_positive_part,x,4.090000000000001e-05,value,4.150237516291215e-05
a_value,smooth_positive_part,x,4.1e-05,value,4.1600947846009195e-05
a_value,smooth_positive_part,x,4.11e-05,value,4.169952718147619e-05
a_value,smooth_positive_part,x,4.1200000000000005e-05,value,4.1798113123577775e-05
a_value,smooth_positive_part,x,4.130000000000001e-05,value,4.189670562699075e-05
a_value,smooth_positive_part,x,4.140000000000001e-05,value,4.19953046467995e-05
a_value,smooth_positive_part,x,4.15e-05,value,4.2093910138491494e-05
a_value,smooth_positive_part,x,4.16e-05,value,4.219252205795287e-05
a_value,smooth_positive_part,x,4.1700000000000004e-05,value,4.2291140361463994e-05
a_value,smooth_positive_part,x,4.1800000000000006e-05,value,4.238976500569516e-05
a_value,smooth_positive_part,x,4.190000000000001e-05,value,4.2488395947702336e-05
a_value,smooth_positive_part,x,4.200000000000001e-05,value,4.258703314492291e-05
a_value,smooth_positive_part,x,4.21e-05,value,4.2685676555171555e-05
a_value,smooth_positive_part,x,4.22e-05,value,4.278432613663612e-05
a_value,smooth_positive_part,x,4.2300000000000005e-05,value,4.2882981847873526e-05
a_value,smooth_positive_part,x,4.240000000000001e-05,value,4.298164364780584e-05
a_value,smooth_positive_part,x,4.250000000000001e-05,value,4.308031149571624e-05
a_value,smooth_positive_part,x,4.260000000000001e-05,value,4.317898535124516e-05
a_value,smooth_positive_part,x,4.27e-05,value,4.3277665174386443e-05
a_value,smooth_positive_part,x,4.2800000000000004e-05,value,4.3376350925483516e-05
a_value,smooth_positive_part,x,4.2900000000000006e-05,value,4.3475042565225615e-05
a_value,smooth_positive_part,x,4.300000000000001e-05,value,4.3573740054644124e-05
a_value,smooth_positive_part,x,4.310000000000001e-05,value,4.367244335510887e-05
a_value,smooth_positive_part,x,4.32e-05,value,4.377115242832452e-05
a_value,smooth_positive_part,x,4.33e-05,value,4.3869867236327045e-05
a_value,smooth_positive_part,x,4.3400000000000005e-05,value,4.3968587741480156e-05
a_value,smooth_positive_part,x,4.350000000000001e-05,value,4.406731390647182e-05
a_value,smooth_positive_part,x,4.360000000000001e-05,value,4.416604569431084e-05
a_value,smooth_positive_part,x,4.370000000000001e-05,value,4.426478306832347e-05
a_value,smooth_positive_part,x,4.38e-05,value,4.436352599215003e-05
a_value,smooth_positive_part,x,4.39e-05,value,4.446227442974166e-05
a_value,smooth_positive_part,x,4.4000000000000006e-05,value,4.456102834535696e-05
a_value,smooth_positive_part,x,4.410000000000001e-05,value,4.465978770355884e-05
a_value,smooth_positive_part,x,4.420000000000001e-05,value,4.475855246921128e-05
a_value,smooth_positive_part,x,4.43e-05,value,4.485732260747621e-05
a_value,smooth_positive_part,x,4.44e-05,value,4.4956098083810416e-05
a_value,smooth_positive_part,x,4.4500000000000004e-05,value,4.5054878863962426e-05
a_value,smooth_positive_part,x,4.460000000000001e-05,value,4.51536649139695e-05
a_value,smooth_positive_part,x,4.470000000000001e-05,value,4.525245620015461e-05
a_value,smooth_positive_part,x,4.480000000000001e-05,value,4.535125268912354e-05
a_value,smooth_positive_part,x,4.49e-05,value,4.545005434776188e-05
a_value,smooth_positive_part,x,4.5e-05,value,4.554886114323222e-05
a_value,smooth_positive_part,x,4.5100000000000005e-05,value,4.564767304297124e-05
a_value,smooth_positive_part,x,4.520000000000001e-05,value,4.57464900146869e-05
a_value,smooth_positive_part,x,4.530000000000001e-05,value,4.584531202635568e-05
a_value,smooth_positive_part,x,4.540000000000001e-05,value,4.5944139046219816e-05
a_value,smooth_positive_part,x,4.55e-05,value,4.6042971042784556e-05
a_value,smooth_positive_part,x,4.5600000000000004e-05,value,4.6141807984815574e-05
a_value,smooth_positive_part,x,4.5700000000000006e-05,value,4.624064984133618e-05
a_value,smooth_positive_part,x,4.580000000000001e-05,value,4.63394965816248e-05
a_value,smooth_positive_part,x,4.590000000000001e-05,value,4.643834817521233e-05
a_value,smooth_positive_part,x,4.6e-05,value,4.6537204591879644e-05
a_value,smooth_positive_part,x,4.61e-05,value,4.663606580165501e-05
a_value,smooth_positive_part,x,4.6200000000000005e-05,value,4.673493177481162e-05
a_value,smooth_positive_part,x,4.630000000000001e-05,value,4.6833802481865115e-05
a_value,smooth_positive_part,x,4.640000000000001e-05,value,4.693267789357114e-05
a_value,smooth_positive_part,x,4.650000000000001e-05,value,4.703155798092296e-05
a_value,smooth_positive_part,x,4.66e-05,value,4.713044271514904e-05
a_value,smooth_positive_part,x,4.6700000000000003e-05,value,4.7229332067710777e-05
a_value,smooth_positive_part,x,4.6800000000000006e-05,value,4.732822601030006e-05
a_value,smooth_positive_part,x,4.690000000000001e-05,value,4.742712451483706e-05
a_value,smooth_positive_part,x,4.700000000000001e-05,value,4.7526027553467936e-05
a_value,smooth_positive_part,x,4.71e-05,value,4.762493509856257e-05
a_value,smooth_positive_part,x,4.72e-05,value,4.7723847122712415e-05
a_value,smooth_positive_part,x,4.7300000000000005e-05,value,4.7822763598728225e-05
a_value,smooth_positive_part,x,4.740000000000001e-05,value,4.792168449963793e-05
a_value,smooth_positive_part,x,4.750000000000001e-05,value,4.802060979868451e-05
a_value,smooth_positive_part,x,4.760000000000001e-05,value,4.811953946932385e-05
a_value,smooth_positive_part,x,4.77e-05,value,4.821847348522266e-05
a_value,smooth_positive_part,x,4.78e-05,value,4.831741182025646e-05
a_value,smooth_positive_part,x,4.7900000000000006e-05,value,4.841635444850745e-05
a_value,smooth_positive_part,x,4.800000000000001e-05,value,4.851530134426254e-05
a_value,smooth_positive_part,x,4.810000000000001e-05,value,4.8614252482011344e-05
a_value,smooth_positive_part,x,4.820000000000001e-05,value,4.871320783644425e-05
a_value,smooth_positive_part,x,4.83e-05,value,4.8812167382450395e-05
a_value,smooth_positive_part,x,4.8400000000000004e-05,value,4.891113109511582e-05
a_value,smooth_positive_part,x,4.8500000000000007e-05,value,4.901009894972151e-05
a_value,smooth_positive_part,x,4.860000000000001e-05,value,4.9109070921741516e-05
a_value,smooth_positive_part,x,4.870000000000001e-05,value,4.9208046986841115e-05
a_value,smooth_positive_part,x,4.88e-05,value,4.9307027120874944e-05
a_value,smooth_positive_part,x,4.89e-05,value,4.940601129988525e-05
a_value,smooth_positive_part,x,4.9000000000000005e-05,value,4.950499950009998e-05
a_value,smooth_positive_part,x,4.910000000000001e-05,value,4.9603991697931096e-05
a_value,smooth_positive_part,x,4.920000000000001e-05,value,4.9702987869972774e-05
a_value,smooth_positive_part,x,4.930000000000001e-05,value,4.980198799299969e-05
a_value,smooth_positive_part,x,4.94e-05,value,4.990099204396525e-05
a_value,smooth_positive_part,x,4.9500000000000004e-05,value,5e-05
a_value,smooth_positive_part,x,4.9600000000000006e-05,value,5.009901183840982e-05
a_value,smooth_positive_part,x,4.970000000000001e-05,value,5.019802753667434e-05
a_value,smooth_positive_part,x,4.980000000000001e-05,value,5.029704707244526e-05
a_value,smooth_positive_part,x,4.99e-05,value,5.039607042354477e-05
a_value,smooth_positive_part,x,5e-05,value,5.0495097567963925e-05
a_inset,excess_over_hard_clip,abs_x,1e-09,excess,4.9995000250000006e-06
a_inset,excess_over_hard_clip,abs_x,1.0368492521042686e-09,excess,4.9994816022503585e-06
a_inset,excess_over_hard_clip,abs_x,1.075056371589181e-09,excess,4.999462500707861e-06
a_inset,excess_over_hard_clip,abs_x,1.114671394852171e-09,excess,4.999442695364882e-06
a_inset,excess_over_hard_clip,abs_x,1.1557462020944952e-09,excess,4.9994221602926845e-06
a_inset,excess_over_hard_clip,abs_x,1.1983345852640263e-09,excess,4.9994008686075125e-06
a_inset,excess_over_hard_clip,abs_x,1.2424923185016844e-09,excess,4.9993787924354275e-06
a_inset,excess_over_hard_clip,abs_x,1.2882772311837702e-09,excess,4.999355902875863e-06
a_inset,excess_over_hard_clip,abs_x,1.33574928365585e-09,excess,4.999332169963827e-06
a_inset,excess_over_hard_clip,abs_x,1.3849706457573805e-09,excess,4.999307562630713e-06
a_inset,excess_over_hard_clip,abs_x,1.4360057782399058e-09,excess,4.999282048663695e-06
a_inset,excess_over_hard_clip,abs_x,1.4889215171854545e-09,excess,4.99925559466359e-06
a_inset,excess_over_hard_clip,abs_x,1.5437871615356913e-09,excess,4.999228166001202e-06
a_inset,excess_over_hard_clip,abs_x,1.6006745638464532e-09,excess,4.999199726772052e-06
a_inset,excess_over_hard_clip,abs_x,1.6596582243865212e-09,excess,4.999170239749443e-06
a_inset,excess_over_hard_clip,abs_x,1.7208153887038628e-09,excess,4.999139666335788e-06
a_inset,excess_over_hard_clip,abs_x,1.7842261487871164e-09,excess,4.99910796651218e-06
a_inset,excess_over_hard_clip,abs_x,1.849973547954801e-09,excess,4.999075098786076e-06
a_inset,excess_over_hard_clip,abs_x,1.9181436896096157e-09,excess,4.999041020137075e-06
a_inset,excess_over_hard_clip,abs_x,1.9888258500002523e-09,excess,4.9990056859607066e-06
a_inset,excess_over_hard_clip,abs_x,2.0621125951383978e-09,excess,4.998969050010139e-06
a_inset,excess_over_hard_clip,abs_x,2.13809990202404e-09,excess,4.998931064335767e-06
a_inset,excess_over_hard_clip,abs_x,2.2168872843378357e-09,excess,4.998891679222561e-06
a_inset,excess_over_hard_clip,abs_x,2.2985779227651477e-09,excess,4.998850843125127e-06
a_inset,excess_over_hard_clip,abs_x,2.3832788001224266e-09,excess,4.998808502600383e-06
a_inset,excess_over_hard_clip,abs_x,2.4711008414628965e-09,excess,4.998764602237751e-06
a_inset,excess_over_hard_clip,abs_x,2.562159059345033e-09,excess,4.998719084586801e-06
a_inset,excess_over_hard_clip,abs_x,2.6565727044540736e-09,excess,4.998671890082234e-06
a_inset,excess_over_hard_clip,abs_x,2.7544654217738203e-09,excess,4.9986229569661035e-06
a_inset,excess_over_hard_clip,abs_x,2.8559654125132543e-09,excess,4.998572221207201e-06
a_inset,excess_over_hard_clip,abs_x,2.9612056020000266e-09,excess,4.998519616417461e-06
a_inset,excess_over_hard_clip,abs_x,3.0703238137606977e-09,excess,4.9984650737653226e-06
a_inset,excess_over_hard_clip,abs_x,3.183462950015705e-09,excess,4.998408521885895e-06
a_inset,excess_over_hard_clip,abs_x,3.3007711788254323e-09,excess,4.998349886787839e-06
a_inset,excess_over_hard_clip,abs_x,3.422402128132474e-09,excess,4.998289091756833e-06
a_inset,excess_over_hard_clip,abs_x,3.548515086954213e-09,excess,4.998226057255497e-06
a_inset,excess_over_hard_clip,abs_x,3.6792752139891894e-09,excess,4.998160700819647e-06
a_inset,excess_over_hard_clip,abs_x,3.8148537539104635e-09,excess,4.998092936950762e-06
a_inset,excess_over_hard_clip,abs_x,3.955428261629225e-09,excess,4.998022677004489e-06
a_inset,excess_over_hard_clip,abs_x,4.101182834822349e-09,excess,4.997949829075088e-06
a_inset,excess_over_hard_clip,abs_x,4.252308355028417e-09,excess,4.997874297875625e-06
a_inset,excess_over_hard_clip,abs_x,4.4090027376279465e-09,excess,4.997795984613791e-06
a_inset,excess_over_hard_clip,abs_x,4.571471191035209e-09,excess,4.997714786863177e-06
a_inset,excess_over_hard_clip,abs_x,4.7399264854410665e-09,excess,4.997630598429826e-06
a_inset,excess_over_hard_clip,abs_x,4.914589231458784e-09,excess,4.997543309213918e-06
a_inset,excess_over_hard_clip,abs_x,5.095688169037732e-09,excess,4.997452805066387e-06
a_inset,excess_over_hard_clip,abs_x,5.283460467023342e-09,excess,4.997358967640303e-06
a_inset,excess_over_hard_clip,abs_x,5.478152033755621e-09,excess,4.9972616742368085e-06
a_inset,excess_over_hard_clip,abs_x,5.680017839112994e-09,excess,4.997160797645445e-06
a_inset,excess_over_hard_clip,abs_x,5.889322248423211e-09,excess,4.997056205978627e-06
a_inset,excess_over_hard_clip,abs_x,6.106339368678636e-09,excess,4.9969477625000855e-06
a_inset,excess_over_hard_clip,abs_x,6.331353407509295e-09,excess,4.996835325447045e-06
a_inset,excess_over_hard_clip,abs_x,6.564659045383824e-09,excess,4.996718747845902e-06
a_inset,excess_over_hard_clip,abs_x,6.80656182152574e-09,excess,4.9965978773211995e-06
a_inset,excess_over_hard_clip,abs_x,7.0573785340504315e-09,excess,4.996472555897614e-06
a_inset,excess_over_hard_clip,abs_x,7.3174376548469095e-09,excess,4.9963426197947435e-06
a_inset,excess_over_hard_clip,abs_x,7.58707975974763e-09,excess,4.996207899214401e-06
a_inset,excess_over_hard_clip,abs_x,7.866657974549764e-09,excess,4.996068218120179e-06
a_inset,excess_over_hard_clip,abs_x,8.156538437472003e-09,excess,4.99592339400897e-06
a_inset,excess_over_hard_clip,abs_x,8.457100778652566e-09,excess,4.995773237674194e-06
a_inset,excess_over_hard_clip,abs_x,8.76873861731634e-09,excess,4.995617552960396e-06
a_inset,excess_over_hard_clip,abs_x,9.091860077262265e-09,excess,4.995456136508934e-06
a_inset,excess_over_hard_clip,abs_x,9.426888321346036e-09,excess,4.99528877749442e-06
a_inset,excess_over_hard_clip,abs_x,9.774262105658102e-09,excess,4.995115257351594e-06
a_inset,excess_over_hard_clip,abs_x,1.0134436354122696e-08,excess,4.994935349492286e-06
a_inset,excess_over_hard_clip,abs_x,1.0507882754270428e-08,excess,4.994748819012102e-06
a_inset,excess_over_hard_clip,abs_x,1.0895090374964634e-08,excess,4.994555422386494e-06
a_inset,excess_over_hard_clip,abs_x,1.1296566306890495e-08,excess,4.994354907155796e-06
a_inset,excess_over_hard_clip,abs_x,1.1712836326645689e-08,excess,4.9941470115988715e-06
a_inset,excess_over_hard_clip,abs_x,1.2144445585302292e-08,excess,4.993931464394954e-06
a_inset,excess_over_hard_clip,abs_x,1.2591959322341667e-08,excess,4.993707984273248e-06
a_inset,excess_over_hard_clip,abs_x,1.3055963605897329e-08,excess,4.993476279649877e-06
a_inset,excess_over_hard_clip,abs_x,1.3537066100275195e-08,excess,4.993236048251728e-06
a_inset,excess_over_hard_clip,abs_x,1.4035896861756382e-08,excess,4.992986976726715e-06
a_inset,excess_over_hard_clip,abs_x,1.4553109163724755e-08,excess,4.992728740239993e-06
a_inset,excess_over_hard_clip,abs_x,1.508938035219979e-08,excess,4.992461002055646e-06
a_inset,excess_over_hard_clip,abs_x,1.5645412732895196e-08,excess,4.9921834131032975e-06
a_inset,excess_over_hard_clip,abs_x,1.6221934490964986e-08,excess,4.991895611529156e-06
a_inset,excess_over_hard_clip,abs_x,1.6819700644641483e-08,excess,4.991597222230922e-06
a_inset,excess_over_hard_clip,abs_x,1.7439494034014206e-08,excess,4.9912878563760165e-06
a_inset,excess_over_hard_clip,abs_x,1.8082126346244483e-08,excess,4.990967110902527e-06
a_inset,excess_over_hard_clip,abs_x,1.874843917855848e-08,excess,4.99063456800229e-06
a_inset,excess_over_hard_clip,abs_x,1.9439305140410727e-08,excess,4.990289794585479e-06
a_inset,excess_over_hard_clip,abs_x,2.0155628996261527e-08,excess,4.989932341726061e-06
a_inset,excess_over_hard_clip,abs_x,2.0898348850464875e-08,excess,4.9895617440874635e-06
a_inset,excess_over_hard_clip,abs_x,2.1668437375818605e-08,excess,4.989177519327771e-06
a_inset,excess_over_hard_clip,abs_x,2.24669030873857e-08,excess,4.988779167483742e-06
a_inset,excess_over_hard_clip,abs_x,2.3294791663254942e-08,excess,4.988366170332934e-06
a_inset,excess_over_hard_clip,abs_x,2.415318731397064e-08,excess,4.98793799073318e-06
a_inset,excess_over_hard_clip,abs_x,2.5043214202424764e-08,excess,4.987494071938644e-06
a_inset,excess_over_hard_clip,abs_x,2.5966037916071113e-08,excess,4.987033836891679e-06
a_inset,excess_over_hard_clip,abs_x,2.6922866993389414e-08,excess,4.986556687489647e-06
a_inset,excess_over_hard_clip,abs_x,2.791495450659851e-08,excess,4.986062003825877e-06
a_inset,excess_over_hard_clip,abs_x,2.8943599702691345e-08,excess,4.9855491434038865e-06
a_inset,excess_over_hard_clip,abs_x,3.0010149704940854e-08,excess,4.985017440323969e-06
a_inset,excess_over_hard_clip,abs_x,3.111600127710506e-08,excess,4.984466204441246e-06
a_inset,excess_over_hard_clip,abs_x,3.2262602652641845e-08,excess,4.983894720494214e-06
a_inset,excess_over_hard_clip,abs_x,3.3451455431328886e-08,excess,4.983302247202838e-06
a_inset,excess_over_hard_clip,abs_x,3.468411654577263e-08,excess,4.9826880163351806e-06
a_inset,excess_over_hard_clip,abs_x,3.596220030038164e-08,excess,4.982051231741536e-06
a_inset,excess_over_hard_clip,abs_x,3.72873804854746e-08,excess,4.981391068355034e-06
a_inset,excess_over_hard_clip,abs_x,3.8661392569291635e-08,excess,4.980706671157607e-06
a_inset,excess_over_hard_clip,abs_x,4.008603597077956e-08,excess,4.979997154110227e-06
a_inset,excess_over_hard_clip,abs_x,4.1563176416127596e-08,excess,4.9792615990462675e-06
a_inset,excess_over_hard_clip,abs_x,4.309474838213967e-08,excess,4.9784990545268215e-06
a_inset,excess_over_hard_clip,abs_x,4.4682757629643155e-08,excess,4.977708534656778e-06
a_inset,excess_over_hard_clip,abs_x,4.63292838302518e-08,excess,4.976889017860443e-06
a_inset,excess_over_hard_clip,abs_x,4.8036483289922966e-08,excess,4.976039445615428e-06
a_inset,excess_over_hard_clip,abs_x,4.980659177287582e-08,excess,4.975158721143552e-06
a_inset,excess_over_hard_clip,abs_x,5.164192742956891e-08,excess,4.9742457080574195e-06
a_inset,excess_over_hard_clip,abs_x,5.354489383257143e-08,excess,4.973299228961361e-06
a_inset,excess_over_hard_clip,abs_x,5.551798312430415e-08,excess,4.9723180640053474e-06
a_inset,excess_over_hard_clip,abs_x,5.756377928077216e-08,excess,4.971300949390511e-06
a_inset,excess_over_hard_clip,abs_x,5.968496149556381e-08,excess,4.970246575824829e-06
a_inset,excess_over_hard_clip,abs_x,6.18843076885474e-08,excess,4.96915358692755e-06
a_inset,excess_over_hard_clip,abs_x,6.41646981438608e-08,excess,4.9680205775808775e-06
a_inset,excess_over_hard_clip,abs_x,6.652911928195822e-08,excess,4.966846092227449e-06
a_inset,excess_over_hard_clip,abs_x,6.898066757065406e-08,excess,4.965628623112062e-06
a_inset,excess_over_hard_clip,abs_x,7.152255358028583e-08,excess,4.96436660846616e-06
a_inset,excess_over_hard_clip,abs_x,7.415810618830684e-08,excess,4.963058430633505e-06
a_inset,excess_over_hard_clip,abs_x,7.689077693881487e-08,excess,4.961702414135489e-06
a_inset,excess_over_hard_clip,abs_x,7.972414456272634e-08,excess,4.9602968236745014e-06
a_inset,excess_over_hard_clip,abs_x,8.26619196645154e-08,excess,4.958839862073796e-06
a_inset,excess_over_hard_clip,abs_x,8.570794958165591e-08,excess,4.957329668152237e-06
a_inset,excess_over_hard_clip,abs_x,8.886622342313029e-08,excess,4.95576431453236e-06
a_inset,excess_over_hard_clip,abs_x,9.214087729360348e-08,excess,4.954141805380157e-06
a_inset,excess_over_hard_clip,abs_x,9.553619971010394e-08,excess,4.952460074074991e-06
a_inset,excess_over_hard_clip,abs_x,9.905663721830532e-08,excess,4.950716980808092e-06
a_inset,excess_over_hard_clip,abs_x,1.0270680021576372e-07,excess,4.948910310108074e-06
a_inset,excess_over_hard_clip,abs_x,1.0649146898973714e-07,excess,4.947037768291938e-06
a_inset,excess_over_hard_clip,abs_x,1.1041559997749386e-07,excess,4.945096980840077e-06
a_inset,excess_over_hard_clip,abs_x,1.1448433225730859e-07,excess,4.943085489693822e-06
a_inset,excess_over_hard_clip,abs_x,1.18702994278647e-07,excess,4.941000750474107e-06
a_inset,excess_over_hard_clip,abs_x,1.230771108403524e-07,excess,4.938840129619908e-06
a_inset,excess_over_hard_clip,abs_x,1.2761241032597356e-07,excess,4.936600901445165e-06
a_inset,excess_over_hard_clip,abs_x,1.3231483220570873e-07,excess,4.934280245112952e-06
a_inset,excess_over_hard_clip,abs_x,1.3719053481479088e-07,excess,4.931875241525809e-06
a_inset,excess_over_hard_clip,abs_x,1.4224590341850054e-07,excess,4.92938287013116e-06
a_inset,excess_over_hard_clip,abs_x,1.4748755857436832e-07,excess,4.926800005640967e-06
a_inset,excess_over_hard_clip,abs_x,1.529223648025183e-07,excess,4.924123414664788e-06
a_inset,excess_over_hard_clip,abs_x,1.585574395755072e-07,excess,4.921349752255655e-06
a_inset,excess_over_hard_clip,abs_x,1.644001626394324e-07,excess,4.9184755583682815e-06
a_inset,excess_over_hard_clip,abs_x,1.704581856785156e-07,excess,4.915497254229356e-06
a_inset,excess_over_hard_clip,abs_x,1.7673944233581941e-07,excess,4.912411138619819e-06
a_inset,excess_over_hard_clip,abs_x,1.8325215860321986e-07,excess,4.9092133840693345e-06
a_inset,excess_over_hard_clip,abs_x,1.9000486359424133e-07,excess,4.905900032963352e-06
a_inset,excess_over_hard_clip,abs_x,1.9700640071386267e-07,excess,4.9024669935635e-06
a_inset,excess_over_hard_clip,abs_x,2.0426593923992235e-07,excess,4.898910035942318e-06
a_inset,excess_over_hard_clip,abs_x,2.1179298633128946e-07,excess,4.895224787833726e-06
a_inset,excess_over_hard_clip,abs_x,2.1959739947852705e-07,excess,4.891406730400998e-06
a_inset,excess_over_hard_clip,abs_x,2.2768939941335307e-07,excess,4.8874511939244235e-06
a_inset,excess_over_hard_clip,abs_x,2.360795834938052e-07,excess,4.883353353411319e-06
a_inset,excess_over_hard_clip,abs_x,2.4477893958263914e-07,excess,4.8791082241315525e-06
a_inset,excess_over_hard_clip,abs_x,2.5379886043713534e-07,excess,4.8747106570823e-06
a_inset,excess_over_hard_clip,abs_x,2.631511586291594e-07,excess,4.870155334386393e-06
a_inset,excess_over_hard_clip,abs_x,2.7284808201501566e-07,excess,4.8654367646292125e-06
a_inset,excess_over_hard_clip,abs_x,2.829023297753531e-07,excess,4.860549278139901e-06
a_inset,excess_over_hard_clip,abs_x,2.9332706904613e-07,excess,4.855487022223383e-06
a_inset,excess_over_hard_clip,abs_x,3.0413595216241703e-07,excess,4.850243956350579e-06
a_inset,excess_over_hard_clip,abs_x,3.153431345376217e-07,excess,4.844813847315125e-06
a_inset,excess_over_hard_clip,abs_x,3.2696329320154883e-07,excess,4.839190264365934e-06
a_inset,excess_over_hard_clip,abs_x,3.3901164602157457e-07,excess,4.833366574326023e-06
a_inset,excess_over_hard_clip,abs_x,3.5150397163210664e-07,excess,4.8273359367092235e-06
a_inset,excess_over_hard_clip,abs_x,3.6445663009842976e-07,excess,4.821091298847711e-06
a_inset,excess_over_hard_clip,abs_x,3.77886584341999e-07,excess,4.814625391044654e-06
a_inset,excess_over_hard_clip,abs_x,3.9181142235523824e-07,excess,4.807930721767807e-06
a_inset,excess_over_hard_clip,abs_x,4.0624938023493846e-07,excess,4.800999572901518e-06
a_inset,excess_over_hard_clip,abs_x,4.2121936606441854e-07,excess,4.793823995076327e-06
a_inset,excess_over_hard_clip,abs_x,4.3674098467572646e-07,excess,4.786395803097308e-06
a_inset,excess_over_hard_clip,abs_x,4.528345633243088e-07,excess,4.778706571494257e-06
a_inset,excess_over_hard_clip,abs_x,4.695211783097726e-07,excess,4.770747630219083e-06
a_inset,excess_over_hard_clip,abs_x,4.868226825776026e-07,excess,4.762510060518064e-06
a_inset,excess_over_hard_clip,abs_x,5.047617343379811e-07,excess,4.753984691009214e-06
a_inset,excess_over_hard_clip,abs_x,5.233618267391892e-07,excess,4.745162093997618e-06
a_inset,excess_over_hard_clip,abs_x,5.42647318634452e-07,excess,4.736032582064577e-06
a_inset,excess_over_hard_clip,abs_x,5.626434664825183e-07,excess,4.726586204969453e-06
a_inset,excess_over_hard_clip,abs_x,5.833764574237522e-07,excess,4.716812746906385e-06
a_inset,excess_over_hard_clip,abs_x,6.048734435750552e-07,excess,4.7067017241615945e-06
a_inset,excess_over_hard_clip,abs_x,6.271625775885294e-07,excess,4.696242383220738e-06
a_inset,excess_over_hard_clip,abs_x,6.50273049520452e-07,excess,4.685423699379702e-06
a_inset,excess_over_hard_clip,abs_x,6.742351250588426e-07,excess,4.67423437591651e-06
a_inset,excess_over_hard_clip,abs_x,6.990801851596889e-07,excess,4.662662843886389e-06
a_inset,excess_over_hard_clip,abs_x,7.24840767143737e-07,excess,4.650697262606843e-06
a_inset,excess_over_hard_clip,abs_x,7.515506073076681e-07,excess,4.638325520904457e-06
a_inset,excess_over_hard_clip,abs_x,7.792446851054645e-07,excess,4.625535239200436e-06
a_inset,excess_over_hard_clip,abs_x,8.079592689578271e-07,excess,4.612313772517304e-06
a_inset,excess_over_hard_clip,abs_x,8.377319637496346e-07,excess,4.598648214494931e-06
a_inset,excess_over_hard_clip,abs_x,8.686017600776488e-07,excess,4.584525402509965e-06
a_inset,excess_over_hard_clip,abs_x,9.006090853129614e-07,excess,4.569931923998957e-06
a_inset,excess_over_hard_clip,abs_x,9.337958565450535e-07,excess,4.554854124091786e-06
a_inset,excess_over_hard_clip,abs_x,9.682055354768035e-07,excess,4.539278114668583e-06
a_inset,excess_over_hard_clip,abs_x,1.0038831853423365e-06,excess,4.523189784959995e-06
a_inset,excess_over_hard_clip,abs_x,1.0408755299222526e-06,excess,4.50657481381742e-06
a_inset,excess_over_hard_clip,abs_x,1.0792310147335217e-06,excess,4.489418683786714e-06
a_inset,excess_over_hard_clip,abs_x,1.1189998704741828e-06,excess,4.471706697125597e-06
a_inset,excess_over_hard_clip,abs_x,1.1602341788059298e-06,excess,4.453423993911781e-06
a_inset,excess_over_hard_clip,abs_x,1.2029879405607386e-06,excess,4.434555572395283e-06
a_inset,excess_over_hard_clip,abs_x,1.247317146460856e-06,excess,4.415086311754702e-06
a_inset,excess_over_hard_clip,abs_x,1.293279850444769e-06,excess,4.395000997422903e-06
a_inset,excess_over_hard_clip,abs_x,1.340936245695179e-06,excess,4.374284349152873e-06
a_inset,excess_over_hard_clip,abs_x,1.390348743468552e-06,excess,4.352921051998931e-06
a_inset,excess_over_hard_clip,abs_x,1.4415820548294778e-06,excess,4.3308957903919235e-06
a_inset,excess_over_hard_clip,abs_x,1.4947032753968787e-06,excess,4.3081932854894205e-06
a_inset,excess_over_hard_clip,abs_x,1.549781973213054e-06,excess,4.284798335982761e-06
a_inset,excess_over_hard_clip,abs_x,1.6068902798506329e-06,excess,4.260695862541896e-06
a_inset,excess_over_hard_clip,abs_x,1.6661029848767473e-06,excess,4.235870956076084e-06
a_inset,excess_over_hard_clip,abs_x,1.727497633798145e-06,excess,4.210308929983057e-06
a_inset,excess_over_hard_clip,abs_x,1.7911546296155003e-06,excess,4.183995376551068e-06
a_inset,excess_over_hard_clip,abs_x,1.8571573381199295e-06,excess,4.156916227666722e-06
a_inset,excess_over_hard_clip,abs_x,1.925592197069603e-06,excess,4.129057819966184e-06
a_inset,excess_over_hard_clip,abs_x,1.9965488293894334e-06,excess,4.100406964547771e-06
a_inset,excess_over_hard_clip,abs_x,2.070120160542087e-06,excess,4.0709510213395575e-06
a_inset,excess_over_hard_clip,abs_x,2.146402540224031e-06,excess,4.040677978185705e-06
a_inset,excess_over_hard_clip,abs_x,2.225495868545989e-06,excess,4.0095765346794385e-06
a_inset,excess_over_hard_clip,abs_x,2.307503726863048e-06,excess,3.977636190728063e-06
a_inset,excess_over_hard_clip,abs_x,2.3925335134257635e-06,excess,3.944847339785693e-06
a_inset,excess_over_hard_clip,abs_x,2.4806965840299012e-06,excess,3.911201366631893e-06
a_inset,excess_over_hard_clip,abs_x,2.572108397849017e-06,excess,3.876690749508579e-06
a_inset,excess_over_hard_clip,abs_x,2.6668886686408615e-06,excess,3.841309166352935e-06
a_inset,excess_over_hard_clip,abs_x,2.7651615215256257e-06,excess,3.805051604780402e-06
a_inset,excess_over_hard_clip,abs_x,2.867055655541346e-06,excess,3.7679144753788017e-06
a_inset,excess_over_hard_clip,abs_x,2.9727045121893582e-06,excess,3.7298957277724364e-06
a_inset,excess_over_hard_clip,abs_x,3.0822464501905206e-06,excess,3.690994968803652e-06
a_inset,excess_over_hard_clip,abs_x,3.195824926681078e-06,excess,3.651213582059689e-06
a_inset,excess_over_hard_clip,abs_x,3.3135886850854545e-06,excess,3.6105548478453173e-06
a_inset,excess_over_hard_clip,abs_x,3.43569194991202e-06,excess,3.5690240625683255e-06
a_inset,excess_over_hard_clip,abs_x,3.562294628726934e-06,excess,3.5266286563670414e-06
a_inset,excess_over_hard_clip,abs_x,3.6935625215705745e-06,excess,3.483378307669272e-06
a_inset,excess_over_hard_clip,abs_x,3.829667538090807e-06,excess,3.4392850532330706e-06
a_inset,excess_over_hard_clip,abs_x,3.970787922677448e-06,excess,3.394363392085338e-06
a_inset,excess_over_hard_clip,abs_x,4.117108487892774e-06,excess,3.3486303816484973e-06
a_inset,excess_over_hard_clip,abs_x,4.268820856503759e-06,excess,3.3021057242331273e-06
a_inset,excess_over_hard_clip,abs_x,4.426123712433026e-06,excess,3.25481184198103e-06
a_inset,excess_over_hard_clip,abs_x,4.589223060957151e-06,excess,3.206773938274295e-06
a_inset,excess_over_hard_clip,abs_x,4.758332498493084e-06,excess,3.1580200435879205e-06
a_inset,excess_over_hard_clip,abs_x,4.93367349232599e-06,excess,3.108581043762711e-06
a_inset,excess_over_hard_clip,abs_x,5.115475670644858e-06,excess,3.0584906887175137e-06
a_inset,excess_over_hard_clip,abs_x,5.303977123265702e-06,excess,3.0077855797116133e-06
a_inset,excess_over_hard_clip,abs_x,5.499424713436193e-06,excess,2.956505133413891e-06
a_inset,excess_over_hard_clip,abs_x,5.702074401130048e-06,excess,2.90469152123951e-06
a_inset,excess_over_hard_clip,abs_x,5.9121915782545856e-06,excess,2.852389582679725e-06
a_inset,excess_over_hard_clip,abs_x,6.1300514162104215e-06,excess,2.799646711676295e-06
a_inset,excess_over_hard_clip,abs_x,6.355939226258488e-06,excess,2.7465127154774373e-06
a_inset,excess_over_hard_clip,abs_x,6.590150833166297e-06,excess,2.6930396458526615e-06
a_inset,excess_over_hard_clip,abs_x,6.832992962622797e-06,excess,2.6392816030319473e-06
a_inset,excess_over_hard_clip,abs_x,7.0847836429291774e-06,excess,2.5852945132607137e-06
a_inset,excess_over_hard_clip,abs_x,7.345852621491672e-06,excess,2.5311358814125417e-06
a_inset,excess_over_hard_clip,abs_x,7.616541796661821e-06,excess,2.476864520661597e-06
a_inset,excess_over_hard_clip,abs_x,7.897205665489712e-06,excess,2.4225402617681466e-06
a_inset,excess_over_hard_clip,abs_x,8.1882117879766e-06,excess,2.368223645054858e-06
a_inset,excess_over_hard_clip,abs_x,8.489941268434892e-06,excess,2.31397559862884e-06
a_inset,excess_over_hard_clip,abs_x,8.802789254585884e-06,excess,2.259857106815533e-06
a_inset,excess_over_hard_clip,abs_x,9.127165455048865e-06,excess,2.2059288730978267e-06
a_inset,excess_over_hard_clip,abs_x,9.463494675899333e-06,excess,2.1522509820816336e-06
a_inset,excess_over_hard_clip,abs_x,9.81221737699895e-06,excess,2.098882565126046e-06
a_inset,excess_over_hard_clip,abs_x,1.0173790248825869e-05,excess,2.0458814742740098e-06
a_inset,excess_over_hard_clip,abs_x,1.0548686810560802e-05,excess,1.993303968995876e-06
a_inset,excess_over_hard_clip,abs_x,1.093739803021213e-05,excess,1.9412044200152073e-06
a_inset,excess_over_hard_clip,abs_x,1.1340432967592146e-05,excess,1.889635034131559e-06
a_inset,excess_over_hard_clip,abs_x,1.1758319440986507e-05,excess,1.8386456035007574e-06
a_inset,excess_over_hard_clip,abs_x,1.2191604718389942e-05,excess,1.7882832822961825e-06
a_inset,excess_over_hard_clip,abs_x,1.2640856234213483e-05,excess,1.738592393073976e-06
a_inset,excess_over_hard_clip,abs_x,1.310666233240183e-05,excess,1.689614264523485e-06
a_inset,excess_over_hard_clip,abs_x,1.3589633036934026e-05,excess,1.6413871016237336e-06
a_inset,excess_over_hard_clip,abs_x,1.4090400850716504e-05,excess,1.593945888570462e-06
a_inset,excess_over_hard_clip,abs_x,1.4609621583914757e-05,excess,1.5473223242071644e-06
a_inset,excess_over_hard_clip,abs_x,1.5147975212808395e-05,excess,1.501544789106515e-06
a_inset,excess_over_hard_clip,abs_x,1.5706166770294384e-05,excess,1.4566383429215288e-06
a_inset,excess_over_hard_clip,abs_x,1.6284927269204646e-05,excess,1.4126247501705416e-06
a_inset,excess_over_hard_clip,abs_x,1.6885014659647243e-05,excess,1.3695225322449613e-06
a_inset,excess_over_hard_clip,abs_x,1.7507214821624855e-05,excess,1.32734704313836e-06
a_inset,excess_over_hard_clip,abs_x,1.8152342594230496e-05,excess,1.2861105661897022e-06
a_inset,excess_over_hard_clip,abs_x,1.882124284276835e-05,excess,1.2458224290105133e-06
a_inset,excess_over_hard_clip,abs_x,1.951479156519718e-05,excess,1.206489133719749e-06
a_inset,excess_over_hard_clip,abs_x,2.0233897039345383e-05,excess,1.1681144996332919e-06
a_inset,excess_over_hard_clip,abs_x,2.0979501012400035e-05,excess,1.1306998156387856e-06
a_inset,excess_over_hard_clip,abs_x,2.1752579934227723e-05,excess,1.0942439996205267e-06
a_inset,excess_over_hard_clip,abs_x,2.2554146236142334e-05,excess,1.058743762473199e-06
a_inset,excess_over_hard_clip,abs_x,2.3385249656794482e-05,excess,1.0241937744472452e-06
a_inset,excess_over_hard_clip,abs_x,2.424697861691896e-05,excess,9.90586831792692e-07
a_inset,excess_over_hard_clip,abs_x,2.5140461644740616e-05,excess,9.579140219041074e-07
a_inset,excess_over_hard_clip,abs_x,2.6066868853905358e-05,excess,9.261648854085199e-07
a_inset,excess_over_hard_clip,abs_x,2.702741347587182e-05,excess,8.953275738746628e-07
a_inset,excess_over_hard_clip,abs_x,2.802335344877053e-05,excess,8.653890020501654e-07
a_inset,excess_over_hard_clip,abs_x,2.9055993064811297e-05,excess,8.363349937490288e-07
a_inset,excess_over_hard_clip,abs_x,3.0126684678396406e-05,excess,8.081504207119747e-07
a_inset,excess_over_hard_clip,abs_x,3.123683047717644e-05,excess,7.80819333944877e-07
a_inset,excess_over_hard_clip,abs_x,3.2387884318368214e-05,excess,7.543250872042533e-07
a_inset,excess_over_hard_clip,abs_x,3.358135363273965e-05,excess,7.286504524432944e-07
a_inset,excess_over_hard_clip,abs_x,3.481880139875507e-05,excess,7.037777271573026e-07
a_inset,excess_over_hard_clip,abs_x,3.610184818946625e-05,excess,6.796888336741265e-07
a_inset,excess_over_hard_clip,abs_x,3.743217429482992e-05,excess,6.563654105249265e-07
a_inset,excess_over_hard_clip,abs_x,3.881152192223103e-05,excess,6.337888961032069e-07
a_inset,excess_over_hard_clip,abs_x,4.024169747809367e-05,excess,6.119406048789495e-07
a_inset,excess_over_hard_clip,abs_x,4.172457393356765e-05,excess,5.908017964791044e-07
a_inset,excess_over_hard_clip,abs_x,4.326209327738888e-05,excess,5.703537379794156e-07
a_inset,excess_over_hard_clip,abs_x,4.485626905912576e-05,excess,5.505777597750671e-07
a_inset,excess_over_hard_clip,abs_x,4.6509189026142386e-05,excess,5.314553054119289e-07
a_inset,excess_over_hard_clip,abs_x,4.822301785773179e-05,excess,5.129679757666101e-07
a_inset,excess_over_hard_clip,abs_x,4.9999999999999996e-05,excess,4.950975679639225e-07
a_inset,asymptote_w2_over_4x,abs_x,1e-09,excess,0.025
a_inset,asymptote_w2_over_4x,abs_x,1.0368492521042686e-09,excess,0.0241115089288659
a_inset,asymptote_w2_over_4x,abs_x,1.075056371589181e-09,excess,0.023254594513071204
a_inset,asymptote_w2_over_4x,abs_x,1.114671394852171e-09,excess,0.02242813452956289
a_inset,asymptote_w2_over_4x,abs_x,1.1557462020944952e-09,excess,0.021631046638694446
a_inset,asymptote_w2_over_4x,abs_x,1.1983345852640263e-09,excess,0.02086228696678383
a_inset,asymptote_w2_over_4x,abs_x,1.2424923185016844e-09,excess,0.02012084873904684
a_inset,asymptote_w2_over_4x,abs_x,1.2882772311837702e-09,excess,0.01940576096111552
a_inset,asymptote_w2_over_4x,abs_x,1.33574928365585e-09,excess,0.01871608714741497
a_inset,asymptote_w2_over_4x,abs_x,1.3849706457573805e-09,excess,0.01805092409473313
a_inset,asymptote_w2_over_4x,abs_x,1.4360057782399058e-09,excess,0.01740940069937754
a_inset,asymptote_w2_over_4x,abs_x,1.4889215171854545e-09,excess,0.01679067681636983
a_inset,asymptote_w2_over_4x,abs_x,1.5437871615356913e-09,excess,0.016193942159184113
a_inset,asymptote_w2_over_4x,abs_x,1.6006745638464532e-09,excess,0.015618415238588224
a_inset,asymptote_w2_over_4x,abs_x,1.6596582243865212e-09,excess,0.015063342339198208
a_inset,asymptote_w2_over_4x,abs_x,1.7208153887038628e-09,excess,0.014527996532405652
a_inset,asymptote_w2_over_4x,abs_x,1.7842261487871164e-09,excess,0.014011676724385268
a_inset,asymptote_w2_over_4x,abs_x,1.849973547954801e-09,excess,0.013513706737935914
a_inset,asymptote_w2_over_4x,abs_x,1.9181436896096157e-09,excess,0.013033434426952682
a_inset,asymptote_w2_over_4x,abs_x,1.9888258500002523e-09,excess,0.01257023082237031
a_inset,asymptote_w2_over_4x,abs_x,2.0621125951383978e-09,excess,0.012123489308459483
a_inset,asymptote_w2_over_4x,abs_x,2.13809990202404e-09,excess,0.011692624828397244
a_inset,asymptote_w2_over_4x,abs_x,2.2168872843378357e-09,excess,0.01127707311807117
a_inset,asymptote_w2_over_4x,abs_x,2.2985779227651477e-09,excess,0.010876289967113865
a_inset,asymptote_w2_over_4x,abs_x,2.3832788001224266e-09,excess,0.010489750506200022
a_inset,asymptote_w2_over_4x,abs_x,2.4711008414628965e-09,excess,0.010116948519672696
a_inset,asymptote_w2_over_4x,abs_x,2.562159059345033e-09,excess,0.009757395782598592
a_inset,asymptote_w2_over_4x,abs_x,2.6565727044540736e-09,excess,0.009410621421384179
a_inset,asymptote_w2_over_4x,abs_x,2.7544654217738203e-09,excess,0.009076171297115252
a_inset,asymptote_w2_over_4x,abs_x,2.8559654125132543e-09,excess,0.008753607410812431
a_inset,asymptote_w2_over_4x,abs_x,2.9612056020000266e-09,excess,0.008442507329823625
a_inset,asymptote_w2_over_4x,abs_x,3.0703238137606977e-09,excess,0.008142463634602326
a_inset,asymptote_w2_over_4x,abs_x,3.183462950015705e-09,excess,0.007853083385147194
a_inset,asymptote_w2_over_4x,abs_x,3.3007711788254323e-09,excess,0.007573987606404199
a_inset,asymptote_w2_over_4x,abs_x,3.422402128132474e-09,excess,0.007304810791957381
a_inset,asymptote_w2_over_4x,abs_x,3.548515086954213e-09,excess,0.007045200425358254
a_inset,asymptote_w2_over_4x,abs_x,3.6792752139891894e-09,excess,0.0067948165184670145
a_inset,asymptote_w2_over_4x,abs_x,3.8148537539104635e-09,excess,0.006553331166200917
a_inset,asymptote_w2_over_4x,abs_x,3.955428261629225e-09,excess,0.006320428117106744
a_inset,asymptote_w2_over_4x,abs_x,4.101182834822349e-09,excess,0.006095802359194973
a_inset,asymptote_w2_over_4x,abs_x,4.252308355028417e-09,excess,0.0058791597204932555
a_inset,asymptote_w2_over_4x,abs_x,4.4090027376279465e-09,excess,0.005670216483796075
a_inset,asymptote_w2_over_4x,abs_x,4.571471191035209e-09,excess,0.005468699015106066
a_inset,asymptote_w2_over_4x,abs_x,4.7399264854410665e-09,excess,0.005274343405280402
a_inset,asymptote_w2_over_4x,abs_x,4.914589231458784e-09,excess,0.005086895124412936
a_inset,asymptote_w2_over_4x,abs_x,5.095688169037732e-09,excess,0.004906108688499476
a_inset,asymptote_w2_over_4x,abs_x,5.283460467023342e-09,excess,0.004731747337949667
a_inset,asymptote_w2_over_4x,abs_x,5.478152033755621e-09,excess,0.004563582727524434
a_inset,asymptote_w2_over_4x,abs_x,5.680017839112994e-09,excess,0.004401394627292944
a_inset,asymptote_w2_over_4x,abs_x,5.889322248423211e-09,excess,0.004244970634217448
a_inset,asymptote_w2_over_4x,abs_x,6.106339368678636e-09,excess,0.004094105893988301
a_inset,asymptote_w2_over_4x,abs_x,6.331353407509295e-09,excess,0.003948602832744856
a_inset,asymptote_w2_over_4x,abs_x,6.564659045383824e-09,excess,0.003808270898330912
a_inset,asymptote_w2_over_4x,abs_x,6.80656182152574e-09,excess,0.0036729263107458375
a_inset,asymptote_w2_over_4x,abs_x,7.0573785340504315e-09,excess,0.0035423918214645897
a_inset,asymptote_w2_over_4x,abs_x,7.3174376548469095e-09,excess,0.0034164964813113994
a_inset,asymptote_w2_over_4x,abs_x,7.58707975974763e-09,excess,0.0032950754165831492
a_inset,asymptote_w2_over_4x,abs_x,7.866657974549764e-09,excess,0.003177969613129245
a_inset,asymptote_w2_over_4x,abs_x,8.156538437472003e-09,excess,0.003065025708105212
a_inset,asymptote_w2_over_4x,abs_x,8.457100778652566e-09,excess,0.002956095789127293
a_inset,asymptote_w2_over_4x,abs_x,8.76873861731634e-09,excess,0.002851037200565025
a_inset,asymptote_w2_over_4x,abs_x,9.091860077262265e-09,excess,0.002749712356718097
a_inset,asymptote_w2_over_4x,abs_x,9.426888321346036e-09,excess,0.002651988561632852
a_inset,asymptote_w2_over_4x,abs_x,9.774262105658102e-09,excess,0.0025577378353224293
a_inset,asymptote_w2_over_4x,abs_x,1.0134436354122696e-08,excess,0.0024668367461629956
a_inset,asymptote_w2_over_4x,abs_x,1.0507882754270428e-08,excess,0.0023791662492465425
a_inset,asymptote_w2_over_4x,abs_x,1.0895090374964634e-08,excess,0.002294611530478576
a_inset,asymptote_w2_over_4x,abs_x,1.1296566306890495e-08,excess,0.0022130618562165136
a_inset,asymptote_w2_over_4x,abs_x,1.1712836326645689e-08,excess,0.0021344104282518804
a_inset,asymptote_w2_over_4x,abs_x,1.2144445585302292e-08,excess,0.0020585542439463876
a_inset,asymptote_w2_over_4x,abs_x,1.2591959322341667e-08,excess,0.0019853939613387246
a_inset,asymptote_w2_over_4x,abs_x,1.3055963605897329e-08,excess,0.0019148337690454039
a_inset,asymptote_w2_over_4x,abs_x,1.3537066100275195e-08,excess,0.001846781260785288
a_inset,asymptote_w2_over_4x,abs_x,1.4035896861756382e-08,excess,0.0017811473143634676
a_inset,asymptote_w2_over_4x,abs_x,1.4553109163724755e-08,excess,0.0017178459749560106
a_inset,asymptote_w2_over_4x,abs_x,1.508938035219979e-08,excess,0.0016567943425427278
a_inset,asymptote_w2_over_4x,abs_x,1.5645412732895196e-08,excess,0.0015979124633405395
a_inset,asymptote_w2_over_4x,abs_x,1.6221934490964986e-08,excess,0.0015411232250952607
a_inset,asymptote_w2_over_4x,abs_x,1.6819700644641483e-08,excess,0.0014863522560946796
a_inset,asymptote_w2_over_4x,abs_x,1.7439494034014206e-08,excess,0.0014335278277706734
a_inset,asymptote_w2_over_4x,abs_x,1.8082126346244483e-08,excess,0.0013825807607628132
a_inset,asymptote_w2_over_4x,abs_x,1.874843917855848e-08,excess,0.0013334443343204312
a_inset,asymptote_w2_over_4x,abs_x,1.9439305140410727e-08,excess,0.0012860541989245088
a_inset,asymptote_w2_over_4x,abs_x,2.0155628996261527e-08,excess,0.001240348292014951
a_inset,asymptote_w2_over_4x,abs_x,2.0898348850464875e-08,excess,0.001196266756712882
a_inset,asymptote_w2_over_4x,abs_x,2.1668437375818605e-08,excess,0.0011537518634315244
a_inset,asymptote_w2_over_4x,abs_x,2.24669030873857e-08,excess,0.0011127479342729948
a_inset,asymptote_w2_over_4x,abs_x,2.3294791663254942e-08,excess,0.0010732012701120158
a_inset,asymptote_w2_over_4x,abs_x,2.415318731397064e-08,excess,0.0010350600802710437
a_inset,asymptote_w2_over_4x,abs_x,2.5043214202424764e-08,excess,0.0009982744146947169
a_inset,asymptote_w2_over_4x,abs_x,2.5966037916071113e-08,excess,0.0009627960985348019
a_inset,asymptote_w2_over_4x,abs_x,2.6922866993389414e-08,excess,0.000928578669059965
a_inset,asymptote_w2_over_4x,abs_x,2.791495450659851e-08,excess,0.0008955773148077503
a_inset,asymptote_w2_over_4x,abs_x,2.8943599702691345e-08,excess,0.0008637488168990728
a_inset,asymptote_w2_over_4x,abs_x,3.0010149704940854e-08,excess,0.0008330514924383738
a_inset,asymptote_w2_over_4x,abs_x,3.111600127710506e-08,excess,0.0008034451399253166
a_inset,asymptote_w2_over_4x,abs_x,3.2262602652641845e-08,excess,0.0007748909866065272
a_inset,asymptote_w2_over_4x,abs_x,3.3451455431328886e-08,excess,0.0007473516376984396
a_inset,asymptote_w2_over_4x,abs_x,3.468411654577263e-08,excess,0.0007207910274147391
a_inset,asymptote_w2_over_4x,abs_x,3.596220030038164e-08,excess,0.0006951743717342762
a_inset,asymptote_w2_over_4x,abs_x,3.72873804854746e-08,excess,0.0006704681228475898
a_inset,asymptote_w2_over_4x,abs_x,3.8661392569291635e-08,excess,0.0006466399252223848
a_inset,asymptote_w2_over_4x,abs_x,4.008603597077956e-08,excess,0.0006236585732304282
a_inset,asymptote_w2_over_4x,abs_x,4.1563176416127596e-08,excess,0.0006014939702803694
a_inset,asymptote_w2_over_4x,abs_x,4.309474838213967e-08,excess,0.0005801170894029651
a_inset,asymptote_w2_over_4x,abs_x,4.4682757629643155e-08,excess,0.0005594999352370915
a_inset,asymptote_w2_over_4x,abs_x,4.63292838302518e-08,excess,0.000539615507366761
a_inset,asymptote_w2_over_4x,abs_x,4.8036483289922966e-08,excess,0.0005204377649611263
a_inset,asymptote_w2_over_4x,abs_x,4.980659177287582e-08,excess,0.0005019415926711684
a_inset,asymptote_w2_over_4x,abs_x,5.164192742956891e-08,excess,0.0004841027677384019
a_inset,asymptote_w2_over_4x,abs_x,5.354489383257143e-08,excess,0.0004668979282725269
a_inset,asymptote_w2_over_4x,abs_x,5.551798312430415e-08,excess,0.0004503045426564809
a_inset,asymptote_w2_over_4x,abs_x,5.756377928077216e-08,excess,0.0004343008800388245
a_inset,asymptote_w2_over_4x,abs_x,5.968496149556381e-08,excess,0.0004188659818748174
a_inset,asymptote_w2_over_4x,abs_x,6.18843076885474e-08,excess,0.0004039796344789137
a_inset,asymptote_w2_over_4x,abs_x,6.41646981438608e-08,excess,0.0003896223425527324
a_inset,asymptote_w2_over_4x,abs_x,6.652911928195822e-08,excess,0.0003757753036538342
a_inset,asymptote_w2_over_4x,abs_x,6.898066757065406e-08,excess,0.0003624203835718686
a_inset,asymptote_w2_over_4x,abs_x,7.152255358028583e-08,excess,0.00034954009257984463
a_inset,asymptote_w2_over_4x,abs_x,7.415810618830684e-08,excess,0.00033711756252942143
a_inset,asymptote_w2_over_4x,abs_x,7.689077693881487e-08,excess,0.0003251365247602261
a_inset,asymptote_w2_over_4x,abs_x,7.972414456272634e-08,excess,0.0003135812887942648
a_inset,asymptote_w2_over_4x,abs_x,8.26619196645154e-08,excess,0.00030243672178752764
a_inset,asymptote_w2_over_4x,abs_x,8.570794958165591e-08,excess,0.0002916882287118762
a_inset,asymptote_w2_over_4x,abs_x,8.886622342313029e-08,excess,0.0002813217332412592
a_inset,asymptote_w2_over_4x,abs_x,9.214087729360348e-08,excess,0.0002713236593172261
a_inset,asymptote_w2_over_4x,abs_x,9.553619971010394e-08,excess,0.00026168091336959467
a_inset,asymptote_w2_over_4x,abs_x,9.905663721830532e-08,excess,0.0002523808671689906
a_inset,asymptote_w2_over_4x,abs_x,1.0270680021576372e-07,excess,0.0002434113412888014
a_inset,asymptote_w2_over_4x,abs_x,1.0649146898973714e-07,excess,0.00023476058915488637
a_inset,asymptote_w2_over_4x,abs_x,1.1041559997749386e-07,excess,0.00022641728166215445
a_inset,asymptote_w2_over_4x,abs_x,1.1448433225730859e-07,excess,0.0002183704923378633
a_inset,asymptote_w2_over_4x,abs_x,1.18702994278647e-07,excess,0.00021060968303220933
a_inset,asymptote_w2_over_4x,abs_x,1.230771108403524e-07,excess,0.0002031246901174693
a_inset,asymptote_w2_over_4x,abs_x,1.2761241032597356e-07,excess,0.0001959057111776192
a_inset,asymptote_w2_over_4x,abs_x,1.3231483220570873e-07,excess,0.00018894329217099954
a_inset,asymptote_w2_over_4x,abs_x,1.3719053481479088e-07,excess,0.00018222831504921495
a_inset,asymptote_w2_over_4x,abs_x,1.4224590341850054e-07,excess,0.00017575198581605336
a_inset,asymptote_w2_over_4x,abs_x,1.4748755857436832e-07,excess,0.0001695058230107873
a_inset,asymptote_w2_over_4x,abs_x,1.529223648025183e-07,excess,0.00016348164660077446
a_inset,asymptote_w2_over_4x,abs_x,1.585574395755072e-07,excess,0.0001576715672688109
a_inset,asymptote_w2_over_4x,abs_x,1.644001626394324e-07,excess,0.00015206797608120857
a_inset,asymptote_w2_over_4x,abs_x,1.704581856785156e-07,excess,0.00014666353452306505
a_inset,asymptote_w2_over_4x,abs_x,1.7673944233581941e-07,excess,0.0001414511648876766
a_inset,asymptote_w2_over_4x,abs_x,1.8325215860321986e-07,excess,0.0001364240410075079
a_inset,asymptote_w2_over_4x,abs_x,1.9000486359424133e-07,excess,0.00013157557931457975
a_inset,asymptote_w2_over_4x,abs_x,1.9700640071386267e-07,excess,0.0001268994302185677
a_inset,asymptote_w2_over_4x,abs_x,2.0426593923992235e-07,excess,0.00012238946979131963
a_inset,asymptote_w2_over_4x,abs_x,2.1179298633128946e-07,excess,0.00011803979174690263
a_inset,asymptote_w2_over_4x,abs_x,2.1959739947852705e-07,excess,0.00011384469970667657
a_inset,asymptote_w2_over_4x,abs_x,2.2768939941335307e-07,excess,0.00010979869973926356
a_inset,asymptote_w2_over_4x,abs_x,2.360795834938052e-07,excess,0.00010589649316564476
a_inset,asymptote_w2_over_4x,abs_x,2.4477893958263914e-07,excess,0.0001021329696199612
a_inset,asymptote_w2_over_4x,abs_x,2.5379886043713534e-07,excess,9.850320035693137e-05
a_inset,asymptote_w2_over_4x,abs_x,2.631511586291594e-07,excess,9.500243179712069e-05
a_inset,asymptote_w2_over_4x,abs_x,2.7284808201501566e-07,excess,9.162607930160996e-05
a_inset,asymptote_w2_over_4x,abs_x,2.829023297753531e-07,excess,8.836972116790974e-05
a_inset,asymptote_w2_over_4x,abs_x,2.9332706904613e-07,excess,8.522909283925783e-05
a_inset,asymptote_w2_over_4x,abs_x,3.0413595216241703e-07,excess,8.220008131971623e-05
a_inset,asymptote_w2_over_4x,abs_x,3.153431345376217e-07,excess,7.927871978775362e-05
a_inset,asymptote_w2_over_4x,abs_x,3.2696329320154883e-07,excess,7.646118240125916e-05
a_inset,asymptote_w2_over_4x,abs_x,3.3901164602157457e-07,excess,7.374377928718417e-05
a_inset,asymptote_w2_over_4x,abs_x,3.5150397163210664e-07,excess,7.11229517092503e-05
a_inset,asymptote_w2_over_4x,abs_x,3.6445663009842976e-07,excess,6.859526740739546e-05
a_inset,asymptote_w2_over_4x,abs_x,3.77886584341999e-07,excess,6.615741610285439e-05
a_inset,asymptote_w2_over_4x,abs_x,3.9181142235523824e-07,excess,6.38062051629868e-05
a_inset,asymptote_w2_over_4x,abs_x,4.0624938023493846e-07,excess,6.153855542017622e-05
a_inset,asymptote_w2_over_4x,abs_x,4.2121936606441854e-07,excess,5.9351497139323524e-05
a_inset,asymptote_w2_over_4x,abs_x,4.3674098467572646e-07,excess,5.7242166128654316e-05
a_inset,asymptote_w2_over_4x,abs_x,4.528345633243088e-07,excess,5.520779998874695e-05
a_inset,asymptote_w2_over_4x,abs_x,4.695211783097726e-07,excess,5.324573449486859e-05
a_inset,asymptote_w2_over_4x,abs_x,4.868226825776026e-07,excess,5.135340010788188e-05
a_inset,asymptote_w2_over_4x,abs_x,5.047617343379811e-07,excess,4.952831860915267e-05
a_inset,asymptote_w2_over_4x,abs_x,5.233618267391892e-07,excess,4.776809985505198e-05
a_inset,asymptote_w2_over_4x,abs_x,5.42647318634452e-07,excess,4.6070438646801754e-05
a_inset,asymptote_w2_over_4x,abs_x,5.626434664825183e-07,excess,4.443311171156516e-05
a_inset,asymptote_w2_over_4x,abs_x,5.833764574237522e-07,excess,4.285397479082797e-05
a_inset,asymptote_w2_over_4x,abs_x,6.048734435750552e-07,excess,4.133095983225771e-05
a_inset,asymptote_w2_over_4x,abs_x,6.271625775885294e-07,excess,3.9862072281363185e-05
a_inset,asymptote_w2_over_4x,abs_x,6.50273049520452e-07,excess,3.844538846940745e-05
a_inset,asymptote_w2_over_4x,abs_x,6.742351250588426e-07,excess,3.707905309415343e-05
a_inset,asymptote_w2_over_4x,abs_x,6.990801851596889e-07,excess,3.576127679014293e-05
a_inset,asymptote_w2_over_4x,abs_x,7.24840767143737e-07,excess,3.449033378532704e-05
a_inset,asymptote_w2_over_4x,abs_x,7.515506073076681e-07,excess,3.326455964097912e-05
a_inset,asymptote_w2_over_4x,abs_x,7.792446851054645e-07,excess,3.2082349071930414e-05
a_inset,asymptote_w2_over_4x,abs_x,8.079592689578271e-07,excess,3.094215384427371e-05
a_inset,asymptote_w2_over_4x,abs_x,8.377319637496346e-07,excess,2.9842480747781912e-05
a_inset,asymptote_w2_over_4x,abs_x,8.686017600776488e-07,excess,2.878188964038609e-05
a_inset,asymptote_w2_over_4x,abs_x,9.006090853129614e-07,excess,2.7758991562152086e-05
a_inset,asymptote_w2_over_4x,abs_x,9.337958565450535e-07,excess,2.6772446916285725e-05
a_inset,asymptote_w2_over_4x,abs_x,9.682055354768035e-07,excess,2.5820963714784464e-05
a_inset,asymptote_w2_over_4x,abs_x,1.0038831853423365e-06,excess,2.490329588643792e-05
a_inset,asymptote_w2_over_4x,abs_x,1.0408755299222526e-06,excess,2.401824164496149e-05
a_inset,asymptote_w2_over_4x,abs_x,1.0792310147335217e-06,excess,2.316464191512591e-05
a_inset,asymptote_w2_over_4x,abs_x,1.1189998704741828e-06,excess,2.2341378814821584e-05
a_inset,asymptote_w2_over_4x,abs_x,1.1602341788059298e-06,excess,2.1547374191069842e-05
a_inset,asymptote_w2_over_4x,abs_x,1.2029879405607386e-06,excess,2.0781588208063803e-05
a_inset,asymptote_w2_over_4x,abs_x,1.247317146460856e-06,excess,2.0043017985389786e-05
a_inset,asymptote_w2_over_4x,abs_x,1.293279850444769e-06,excess,1.9330696284645822e-05
a_inset,asymptote_w2_over_4x,abs_x,1.340936245695179e-06,excess,1.8643690242737306e-05
a_inset,asymptote_w2_over_4x,abs_x,1.390348743468552e-06,excess,1.7981100150190823e-05
a_inset,asymptote_w2_over_4x,abs_x,1.4415820548294778e-06,excess,1.734205827288632e-05
a_inset,asymptote_w2_over_4x,abs_x,1.4947032753968787e-06,excess,1.6725727715664448e-05
a_inset,asymptote_w2_over_4x,abs_x,1.549781973213054e-06,excess,1.613130132632093e-05
a_inset,asymptote_w2_over_4x,abs_x,1.6068902798506329e-06,excess,1.5558000638552534e-05
a_inset,asymptote_w2_over_4x,abs_x,1.6661029848767473e-06,excess,1.5005074852470431e-05
a_inset,asymptote_w2_over_4x,abs_x,1.727497633798145e-06,excess,1.4471799851345678e-05
a_inset,asymptote_w2_over_4x,abs_x,1.7911546296155003e-06,excess,1.3957477253299259e-05
a_inset,asymptote_w2_over_4x,abs_x,1.8571573381199295e-06,excess,1.3461433496694711e-05
a_inset,asymptote_w2_over_4x,abs_x,1.925592197069603e-06,excess,1.2983018958035561e-05
a_inset,asymptote_w2_over_4x,abs_x,1.9965488293894334e-06,excess,1.2521607101212385e-05
a_inset,asymptote_w2_over_4x,abs_x,2.070120160542087e-06,excess,1.2076593656985323e-05
a_inset,asymptote_w2_over_4x,abs_x,2.146402540224031e-06,excess,1.1647395831627476e-05
a_inset,asymptote_w2_over_4x,abs_x,2.225495868545989e-06,excess,1.1233451543692852e-05
a_inset,asymptote_w2_over_4x,abs_x,2.307503726863048e-06,excess,1.0834218687909305e-05
a_inset,asymptote_w2_over_4x,abs_x,2.3925335134257635e-06,excess,1.044917442523244e-05
a_inset,asymptote_w2_over_4x,abs_x,2.4806965840299012e-06,excess,1.0077814498130766e-05
a_inset,asymptote_w2_over_4x,abs_x,2.572108397849017e-06,excess,9.719652570205367e-06
a_inset,asymptote_w2_over_4x,abs_x,2.6668886686408615e-06,excess,9.374219589279244e-06
a_inset,asymptote_w2_over_4x,abs_x,2.7651615215256257e-06,excess,9.041063173122243e-06
a_inset,asymptote_w2_over_4x,abs_x,2.867055655541346e-06,excess,8.719747017007106e-06
a_inset,asymptote_w2_over_4x,abs_x,2.9727045121893582e-06,excess,8.409850322320743e-06
a_inset,asymptote_w2_over_4x,abs_x,3.0822464501905206e-06,excess,8.110967245482495e-06
a_inset,asymptote_w2_over_4x,abs_x,3.195824926681078e-06,excess,7.8227063664476e-06
a_inset,asymptote_w2_over_4x,abs_x,3.3135886850854545e-06,excess,7.544690176099897e-06
a_inset,asymptote_w2_over_4x,abs_x,3.43569194991202e-06,excess,7.27655458186238e-06
a_inset,asymptote_w2_over_4x,abs_x,3.562294628726934e-06,excess,7.0179484308781935e-06
a_inset,asymptote_w2_over_4x,abs_x,3.6935625215705745e-06,excess,6.7685330501375996e-06
a_inset,asymptote_w2_over_4x,abs_x,3.829667538090807e-06,excess,6.527981802948666e-06
a_inset,asymptote_w2_over_4x,abs_x,3.970787922677448e-06,excess,6.295979661170836e-06
a_inset,asymptote_w2_over_4x,abs_x,4.117108487892774e-06,excess,6.072222792651147e-06
a_inset,asymptote_w2_over_4x,abs_x,4.268820856503759e-06,excess,5.856418163322846e-06
a_inset,asymptote_w2_over_4x,abs_x,4.426123712433026e-06,excess,5.64828315344525e-06
a_inset,asymptote_w2_over_4x,abs_x,4.589223060957151e-06,excess,5.447545187482319e-06
a_inset,asymptote_w2_over_4x,abs_x,4.758332498493084e-06,excess,5.2539413771352155e-06
a_inset,asymptote_w2_over_4x,abs_x,4.93367349232599e-06,excess,5.0672181770613495e-06
a_inset,asymptote_w2_over_4x,abs_x,5.115475670644858e-06,excess,4.887131052829052e-06
a_inset,asymptote_w2_over_4x,abs_x,5.303977123265702e-06,excess,4.71344416067302e-06
a_inset,asymptote_w2_over_4x,abs_x,5.499424713436193e-06,excess,4.545930038631134e-06
a_inset,asymptote_w2_over_4x,abs_x,5.702074401130048e-06,excess,4.384369308658171e-06
a_inset,asymptote_w2_over_4x,abs_x,5.9121915782545856e-06,excess,4.228550389326284e-06
a_inset,asymptote_w2_over_4x,abs_x,6.1300514162104215e-06,excess,4.0782692187360025e-06
a_inset,asymptote_w2_over_4x,abs_x,6.355939226258488e-06,excess,3.933328987274883e-06
a_inset,asymptote_w2_over_4x,abs_x,6.590150833166297e-06,excess,3.7935398798738162e-06
a_inset,asymptote_w2_over_4x,abs_x,6.832992962622797e-06,excess,3.6587188274234555e-06
a_inset,asymptote_w2_over_4x,abs_x,7.0847836429291774e-06,excess,3.528689267025217e-06
a_inset,asymptote_w2_over_4x,abs_x,7.345852621491672e-06,excess,3.4032809107628714e-06
a_inset,asymptote_w2_over_4x,abs_x,7.616541796661821e-06,excess,3.2823295226919133e-06
a_inset,asymptote_w2_over_4x,abs_x,7.897205665489712e-06,excess,3.1656767037546482e-06
a_inset,asymptote_w2_over_4x,abs_x,8.1882117879766e-06,excess,3.053169684339319e-06
a_inset,asymptote_w2_over_4x,abs_x,8.489941268434892e-06,excess,2.9446611242116066e-06
a_inset,asymptote_w2_over_4x,abs_x,8.802789254585884e-06,excess,2.8400089195564974e-06
a_inset,asymptote_w2_over_4x,abs_x,9.127165455048865e-06,excess,2.7390760168778116e-06
a_inset,asymptote_w2_over_4x,abs_x,9.463494675899333e-06,excess,2.6417302335116714e-06
a_inset,asymptote_w2_over_4x,abs_x,9.81221737699895e-06,excess,2.5478440845188668e-06
a_inset,asymptote_w2_over_4x,abs_x,1.0173790248825869e-05,excess,2.4572946157293926e-06
a_inset,asymptote_w2_over_4x,abs_x,1.0548686810560802e-05,excess,2.3699632427205337e-06
a_inset,asymptote_w2_over_4x,abs_x,1.093739803021213e-05,excess,2.2857355955176054e-06
a_inset,asymptote_w2_over_4x,abs_x,1.1340432967592146e-05,excess,2.2045013688139742e-06
a_inset,asymptote_w2_over_4x,abs_x,1.1758319440986507e-05,excess,2.1261541775142093e-06
a_inset,asymptote_w2_over_4x,abs_x,1.2191604718389942e-05,excess,2.050591417411175e-06
a_inset,asymptote_w2_over_4x,abs_x,1.2640856234213483e-05,excess,1.9777141308146135e-06
a_inset,asymptote_w2_over_4x,abs_x,1.310666233240183e-05,excess,1.9074268769552323e-06
a_inset,asymptote_w2_over_4x,abs_x,1.3589633036934026e-05,excess,1.8396376069945952e-06
a_inset,asymptote_w2_over_4x,abs_x,1.4090400850716504e-05,excess,1.7742575434771071e-06
a_inset,asymptote_w2_over_4x,abs_x,1.4609621583914757e-05,excess,1.7112010640662376e-06
a_inset,asymptote_w2_over_4x,abs_x,1.5147975212808395e-05,excess,1.6503855894127166e-06
a_inset,asymptote_w2_over_4x,abs_x,1.5706166770294384e-05,excess,1.591731475007853e-06
a_inset,asymptote_w2_over_4x,abs_x,1.6284927269204646e-05,excess,1.5351619068803493e-06
a_inset,asymptote_w2_over_4x,abs_x,1.6885014659647243e-05,excess,1.480602801000014e-06
a_inset,asymptote_w2_over_4x,abs_x,1.7507214821624855e-05,excess,1.4279827062566278e-06
a_inset,asymptote_w2_over_4x,abs_x,1.8152342594230496e-05,excess,1.3772327108869108e-06
a_inset,asymptote_w2_over_4x,abs_x,1.882124284276835e-05,excess,1.3282863522270373e-06
a_inset,asymptote_w2_over_4x,abs_x,1.951479156519718e-05,excess,1.281079529672517e-06
a_inset,asymptote_w2_over_4x,abs_x,2.0233897039345383e-05,excess,1.2355504207314487e-06
a_inset,asymptote_w2_over_4x,abs_x,2.0979501012400035e-05,excess,1.1916394000612137e-06
a_inset,asymptote_w2_over_4x,abs_x,2.1752579934227723e-05,excess,1.1492889613825741e-06
a_inset,asymptote_w2_over_4x,abs_x,2.2554146236142334e-05,excess,1.108443642168918e-06
a_inset,asymptote_w2_over_4x,abs_x,2.3385249656794482e-05,excess,1.0690499510120203e-06
a_inset,asymptote_w2_over_4x,abs_x,2.424697861691896e-05,excess,1.031056297569199e-06
a_inset,asymptote_w2_over_4x,abs_x,2.5140461644740616e-05,excess,9.944129250001264e-07
a_inset,asymptote_w2_over_4x,abs_x,2.6066868853905358e-05,excess,9.590718448048081e-07
a_inset,asymptote_w2_over_4x,abs_x,2.702741347587182e-05,excess,9.249867739774008e-07
a_inset,asymptote_w2_over_4x,abs_x,2.802335344877053e-05,excess,8.921130743935584e-07
a_inset,asymptote_w2_over_4x,abs_x,2.9055993064811297e-05,excess,8.604076943519316e-07
a_inset,asymptote_w2_over_4x,abs_x,3.0126684678396406e-05,excess,8.298291121932609e-07
a_inset,asymptote_w2_over_4x,abs_x,3.123683047717644e-05,excess,8.003372819232269e-07
a_inset,asymptote_w2_over_4x,abs_x,3.2387884318368214e-05,excess,7.718935807678459e-07
a_inset,asymptote_w2_over_4x,abs_x,3.358135363273965e-05,excess,7.444607585927275e-07
a_inset,asymptote_w2_over_4x,abs_x,3.481880139875507e-05,excess,7.180028891199531e-07
a_inset,asymptote_w2_over_4x,abs_x,3.610184818946625e-05,excess,6.924853228786904e-07
a_inset,asymptote_w2_over_4x,abs_x,3.743217429482992e-05,excess,6.678746418279253e-07
a_inset,asymptote_w2_over_4x,abs_x,3.881152192223103e-05,excess,6.441386155918853e-07
a_inset,asymptote_w2_over_4x,abs_x,4.024169747809367e-05,excess,6.212461592508425e-07
a_inset,asymptote_w2_over_4x,abs_x,4.172457393356765e-05,excess,5.991672926320133e-07
a_inset,asymptote_w2_over_4x,abs_x,4.326209327738888e-05,excess,5.778731010472479e-07
a_inset,asymptote_w2_over_4x,abs_x,4.485626905912576e-05,excess,5.573356974260857e-07
a_inset,asymptote_w2_over_4x,abs_x,4.6509189026142386e-05,excess,5.375281857945907e-07
a_inset,asymptote_w2_over_4x,abs_x,4.822301785773179e-05,excess,5.184246260521344e-07
a_inset,asymptote_w2_over_4x,abs_x,4.9999999999999996e-05,excess,5.000000000000001e-07
b_roundtrip,inversion_error,x,-5e-05,abs_error,1.6940658945086007e-19
b_roundtrip,inversion_error,x,-4.99e-05,abs_error,1.0164395367051604e-19
b_roundtrip,inversion_error,x,-4.9800000000000004e-05,abs_error,1.7618285302889447e-19
b_roundtrip,inversion_error,x,-4.97e-05,abs_error,8.131516293641283e-20
b_roundtrip,inversion_error,x,-4.96e-05,abs_error,5.421010862427522e-20
b_roundtrip,inversion_error,x,-4.9500000000000004e-05,abs_error,1.4907779871675686e-19
b_roundtrip,inversion_error,x,-4.94e-05,abs_error,7.453889935837843e-20
b_roundtrip,inversion_error,x,-4.9300000000000006e-05,abs_error,8.131516293641283e-20
b_roundtrip,inversion_error,x,-4.92e-05,abs_error,1.2874900798265365e-19
b_roundtrip,inversion_error,x,-4.91e-05,abs_error,1.6263032587282567e-19
b_roundtrip,inversion_error,x,-4.9000000000000005e-05,abs_error,6.776263578034403e-21
b_roundtrip,inversion_error,x,-4.89e-05,abs_error,2.778268066994105e-19
b_roundtrip,inversion_error,x,-4.88e-05,abs_error,8.131516293641283e-20
b_roundtrip,inversion_error,x,-4.8700000000000005e-05,abs_error,1.4907779871675686e-19
b_roundtrip,inversion_error,x,-4.86e-05,abs_error,4.743384504624082e-20
b_roundtrip,inversion_error,x,-4.85e-05,abs_error,2.0328790734103208e-19
b_roundtrip,inversion_error,x,-4.8400000000000004e-05,abs_error,3.3881317890172014e-20
b_roundtrip,inversion_error,x,-4.83e-05,abs_error,1.4907779871675686e-19
b_roundtrip,inversion_error,x,-4.82e-05,abs_error,1.5585406229479126e-19
b_roundtrip,inversion_error,x,-4.8100000000000004e-05,abs_error,5.421010862427522e-20
b_roundtrip,inversion_error,x,-4.8e-05,abs_error,0.0
b_roundtrip,inversion_error,x,-4.79e-05,abs_error,5.421010862427522e-20
b_roundtrip,inversion_error,x,-4.78e-05,abs_error,1.0164395367051604e-19
b_roundtrip,inversion_error,x,-4.77e-05,abs_error,1.2874900798265365e-19
b_roundtrip,inversion_error,x,-4.7600000000000005e-05,abs_error,1.4907779871675686e-19
b_roundtrip,inversion_error,x,-4.75e-05,abs_error,1.8973538018496328e-19
b_roundtrip,inversion_error,x,-4.74e-05,abs_error,8.809142651444724e-20
b_roundtrip,inversion_error,x,-4.7300000000000005e-05,abs_error,1.2874900798265365e-19
b_roundtrip,inversion_error,x,-4.72e-05,abs_error,9.486769009248164e-20
b_roundtrip,inversion_error,x,-4.71e-05,abs_error,6.776263578034403e-21
b_roundtrip,inversion_error,x,-4.7000000000000004e-05,abs_error,1.3552527156068805e-19
b_roundtrip,inversion_error,x,-4.69e-05,abs_error,0.0
b_roundtrip,inversion_error,x,-4.68e-05,abs_error,6.776263578034403e-21
b_roundtrip,inversion_error,x,-4.6700000000000003e-05,abs_error,1.1519648082658485e-19
b_roundtrip,inversion_error,x,-4.66e-05,abs_error,1.0842021724855044e-19
b_roundtrip,inversion_error,x,-4.6500000000000005e-05,abs_error,8.131516293641283e-20
b_roundtrip,inversion_error,x,-4.64e-05,abs_error,1.6263032587282567e-19
b_roundtrip,inversion_error,x,-4.63e-05,abs_error,1.3552527156068805e-20
b_roundtrip,inversion_error,x,-4.6200000000000005e-05,abs_error,7.453889935837843e-20
b_roundtrip,inversion_error,x,-4.61e-05,abs_error,7.453889935837843e-20
b_roundtrip,inversion_error,x,-4.6e-05,abs_error,3.3881317890172014e-20
b_roundtrip,inversion_error,x,-4.5900000000000004e-05,abs_error,2.0328790734103208e-20
b_roundtrip,inversion_error,x,-4.58e-05,abs_error,5.421010862427522e-20
b_roundtrip,inversion_error,x,-4.57e-05,abs_error,1.8295911660692887e-19
b_roundtrip,inversion_error,x,-4.5600000000000004e-05,abs_error,2.1006417091906648e-19
b_roundtrip,inversion_error,x,-4.55e-05,abs_error,1.2874900798265365e-19
b_roundtrip,inversion_error,x,-4.5400000000000006e-05,abs_error,1.6263032587282567e-19
b_roundtrip,inversion_error,x,-4.53e-05,abs_error,2.303929616531697e-19
b_roundtrip,inversion_error,x,-4.52e-05,abs_error,6.776263578034403e-21
b_roundtrip,inversion_error,x,-4.51e-05,abs_error,8.131516293641283e-20
b_roundtrip,inversion_error,x,-4.5e-05,abs_error,6.776263578034403e-21
b_roundtrip,inversion_error,x,-4.49e-05,abs_error,3.3881317890172014e-20
b_roundtrip,inversion_error,x,-4.4800000000000005e-05,abs_error,1.4907779871675686e-19
b_roundtrip,inversion_error,x,-4.47e-05,abs_error,6.776263578034403e-20
b_roundtrip,inversion_error,x,-4.46e-05,abs_error,0.0
b_roundtrip,inversion_error,x,-4.4500000000000004e-05,abs_error,2.710505431213761e-20
b_roundtrip,inversion_error,x,-4.44e-05,abs_error,2.0328790734103208e-20
b_roundtrip,inversion_error,x,-4.43e-05,abs_error,2.0328790734103208e-20
b_roundtrip,inversion_error,x,-4.4200000000000004e-05,abs_error,1.0842021724855044e-19
b_roundtrip,inversion_error,x,-4.41e-05,abs_error,5.421010862427522e-20
b_roundtrip,inversion_error,x,-4.4e-05,abs_error,2.710505431213761e-20
b_roundtrip,inversion_error,x,-4.39e-05,abs_error,6.776263578034403e-21
b_roundtrip,inversion_error,x,-4.38e-05,abs_error,3.3881317890172014e-20
b_roundtrip,inversion_error,x,-4.3700000000000005e-05,abs_error,2.710505431213761e-20
b_roundtrip,inversion_error,x,-4.36e-05,abs_error,8.131516293641283e-20
b_roundtrip,inversion_error,x,-4.35e-05,abs_error,6.098637220230962e-20
b_roundtrip,inversion_error,x,-4.3400000000000005e-05,abs_error,9.486769009248164e-20
b_roundtrip,inversion_error,x,-4.33e-05,abs_error,1.3552527156068805e-20
b_roundtrip,inversion_error,x,-4.32e-05,abs_error,4.743384504624082e-20
b_roundtrip,inversion_error,x,-4.3100000000000004e-05,abs_error,1.0842021724855044e-19
b_roundtrip,inversion_error,x,-4.3e-05,abs_error,3.3881317890172014e-20
b_roundtrip,inversion_error,x,-4.29e-05,abs_error,6.776263578034403e-20
b_roundtrip,inversion_error,x,-4.2800000000000004e-05,abs_error,6.098637220230962e-20
b_roundtrip,inversion_error,x,-4.27e-05,abs_error,6.776263578034403e-21
b_roundtrip,inversion_error,x,-4.2600000000000005e-05,abs_error,5.421010862427522e-20
b_roundtrip,inversion_error,x,-4.25e-05,abs_error,1.3552527156068805e-20
b_roundtrip,inversion_error,x,-4.24e-05,abs_error,1.4907779871675686e-19
b_roundtrip,inversion_error,x,-4.23e-05,abs_error,4.0657581468206416e-20
b_roundtrip,inversion_error,x,-4.22e-05,abs_error,7.453889935837843e-20
b_roundtrip,inversion_error,x,-4.21e-05,abs_error,1.0842021724855044e-19
b_roundtrip,inversion_error,x,-4.2000000000000004e-05,abs_error,6.776263578034403e-20
b_roundtrip,inversion_error,x,-4.19e-05,abs_error,6.776263578034403e-20
b_roundtrip,inversion_error,x,-4.18e-05,abs_error,1.1519648082658485e-19
b_roundtrip,inversion_error,x,-4.1700000000000004e-05,abs_error,6.776263578034403e-21
b_roundtrip,inversion_error,x,-4.16e-05,abs_error,6.776263578034403e-21
b_roundtrip,inversion_error,x,-4.1500000000000006e-05,abs_error,3.3881317890172014e-20
b_roundtrip,inversion_error,x,-4.1400000000000003e-05,abs_error,1.6263032587282567e-19
b_roundtrip,inversion_error,x,-4.13e-05,abs_error,1.4230153513872246e-19
b_roundtrip,inversion_error,x,-4.12e-05,abs_error,8.131516293641283e-20
b_roundtrip,inversion_error,x,-4.11e-05,abs_error,3.3881317890172014e-20
b_roundtrip,inversion_error,x,-4.1e-05,abs_error,8.809142651444724e-20
b_roundtrip,inversion_error,x,-4.0900000000000005e-05,abs_error,3.3881317890172014e-20
b_roundtrip,inversion_error,x,-4.08e-05,abs_error,5.421010862427522e-20
b_roundtrip,inversion_error,x,-4.07e-05,abs_error,6.098637220230962e-20
b_roundtrip,inversion_error,x,-4.06e-05,abs_error,1.3552527156068805e-19
b_roundtrip,inversion_error,x,-4.05e-05,abs_error,7.453889935837843e-20
b_roundtrip,inversion_error,x,-4.04e-05,abs_error,6.776263578034403e-20
b_roundtrip,inversion_error,x,-4.0300000000000004e-05,abs_error,1.0842021724855044e-19
b_roundtrip,inversion_error,x,-4.02e-05,abs_error,1.0842021724855044e-19
b_roundtrip,inversion_error,x,-4.01e-05,abs_error,4.743384504624082e-20
b_roundtrip,inversion_error,x,-4e-05,abs_error,2.0328790734103208e-20
b_roundtrip,inversion_error,x,-3.99e-05,abs_error,0.0
b_roundtrip,inversion_error,x,-3.9800000000000005e-05,abs_error,1.2874900798265365e-19
b_roundtrip,inversion_error,x,-3.97e-05,abs_error,1.6263032587282567e-19
b_roundtrip,inversion_error,x,-3.96e-05,abs_error,1.3552527156068805e-20
b_roundtrip,inversion_error,x,-3.95e-05,abs_error,1.0842021724855044e-19
b_roundtrip,inversion_error,x,-3.94e-05,abs_error,3.3881317890172014e-20
b_roundtrip,inversion_error,x,-3.93e-05,abs_error,8.809142651444724e-20
b_roundtrip,inversion_error,x,-3.9200000000000004e-05,abs_error,5.421010862427522e-20
b_roundtrip,inversion_error,x,-3.91e-05,abs_error,1.3552527156068805e-20
b_roundtrip,inversion_error,x,-3.9e-05,abs_error,1.2874900798265365e-19
b_roundtrip,inversion_error,x,-3.8900000000000004e-05,abs_error,4.0657581468206416e-20
b_roundtrip,inversion_error,x,-3.88e-05,abs_error,6.776263578034403e-21
b_roundtrip,inversion_error,x,-3.8700000000000006e-05,abs_error,4.0657581468206416e-20
b_roundtrip,inversion_error,x,-3.86e-05,abs_error,1.3552527156068805e-19
b_roundtrip,inversion_error,x,-3.85e-05,abs_error,8.809142651444724e-20
b_roundtrip,inversion_error,x,-3.84e-05,abs_error,5.421010862427522e-20
b_roundtrip,inversion_error,x,-3.83e-05,abs_error,4.743384504624082e-20
b_roundtrip,inversion_error,x,-3.82e-05,abs_error,6.098637220230962e-20
b_roundtrip,inversion_error,x,-3.8100000000000005e-05,abs_error,8.809142651444724e-20
b_roundtrip,inversion_error,x,-3.8e-05,abs_error,1.0842021724855044e-19
b_roundtrip,inversion_error,x,-3.79e-05,abs_error,9.486769009248164e-20
b_roundtrip,inversion_error,x,-3.78e-05,abs_error,6.098637220230962e-20
b_roundtrip,inversion_error,x,-3.77e-05,abs_error,7.453889935837843e-20
b_roundtrip,inversion_error,x,-3.76e-05,abs_error,5.421010862427522e-20
b_roundtrip,inversion_error,x,-3.7500000000000003e-05,abs_error,6.776263578034403e-21
b_roundtrip,inversion_error,x,-3.74e-05,abs_error,2.710505431213761e-20
b_roundtrip,inversion_error,x,-3.73e-05,abs_error,2.710505431213761e-20
b_roundtrip,inversion_error,x,-3.72e-05,abs_error,8.809142651444724e-20
b_roundtrip,inversion_error,x,-3.71e-05,abs_error,1.3552527156068805e-20
b_roundtrip,inversion_error,x,-3.7000000000000005e-05,abs_error,8.809142651444724e-20
b_roundtrip,inversion_error,x,-3.69e-05,abs_error,1.3552527156068805e-20
b_roundtrip,inversion_error,x,-3.68e-05,abs_error,2.710505431213761e-20
b_roundtrip,inversion_error,x,-3.67e-05,abs_error,0.0
b_roundtrip,inversion_error,x,-3.66e-05,abs_error,3.3881317890172014e-20
b_roundtrip,inversion_error,x,-3.65e-05,abs_error,9.486769009248164e-20
b_roundtrip,inversion_error,x,-3.6400000000000004e-05,abs_error,1.3552527156068805e-20
b_roundtrip,inversion_error,x,-3.63e-05,abs_error,2.710505431213761e-20
b_roundtrip,inversion_error,x,-3.62e-05,abs_error,6.776263578034403e-21
b_roundtrip,inversion_error,x,-3.61e-05,abs_error,3.3881317890172014e-20
b_roundtrip,inversion_error,x,-3.6e-05,abs_error,2.710505431213761e-20
b_roundtrip,inversion_error,x,-3.5900000000000005e-05,abs_error,6.098637220230962e-20
b_roundtrip,inversion_error,x,-3.58e-05,abs_error,3.3881317890172014e-20
b_roundtrip,inversion_error,x,-3.57e-05,abs_error,5.421010862427522e-20
b_roundtrip,inversion_error,x,-3.56e-05,abs_error,8.131516293641283e-20
b_roundtrip,inversion_error,x,-3.55e-05,abs_error,6.776263578034403e-21
b_roundtrip,inversion_error,x,-3.54e-05,abs_error,1.0164395367051604e-19
b_roundtrip,inversion_error,x,-3.5300000000000004e-05,abs_error,1.3552527156068805e-20
b_roundtrip,inversion_error,x,-3.52e-05,abs_error,5.421010862427522e-20
b_roundtrip,inversion_error,x,-3.51e-05,abs_error,5.421010862427522e-20
b_roundtrip,inversion_error,x,-3.5e-05,abs_error,6.776263578034403e-20
b_roundtrip,inversion_error,x,-3.49e-05,abs_error,6.776263578034403e-21
b_roundtrip,inversion_error,x,-3.48e-05,abs_error,7.453889935837843e-20
b_roundtrip,inversion_error,x,-3.47e-05,abs_error,2.710505431213761e-20
b_roundtrip,inversion_error,x,-3.46e-05,abs_error,4.0657581468206416e-20
b_roundtrip,inversion_error,x,-3.45e-05,abs_error,6.776263578034403e-20
b_roundtrip,inversion_error,x,-3.44e-05,abs_error,6.776263578034403e-21
b_roundtrip,inversion_error,x,-3.43e-05,abs_error,6.098637220230962e-20
b_roundtrip,inversion_error,x,-3.4200000000000005e-05,abs_error,6.776263578034403e-20
b_roundtrip,inversion_error,x,-3.41e-05,abs_error,2.710505431213761e-20
b_roundtrip,inversion_error,x,-3.4e-05,abs_error,5.421010862427522e-20
b_roundtrip,inversion_error,x,-3.39e-05,abs_error,2.710505431213761e-20
b_roundtrip,inversion_error,x,-3.38e-05,abs_error,8.131516293641283e-20
b_roundtrip,inversion_error,x,-3.3700000000000006e-05,abs_error,9.486769009248164e-20
b_roundtrip,inversion_error,x,-3.3600000000000004e-05,abs_error,7.453889935837843e-20
b_roundtrip,inversion_error,x,-3.35e-05,abs_error,1.3552527156068805e-20
b_roundtrip,inversion_error,x,-3.34e-05,abs_error,6.776263578034403e-20
b_roundtrip,inversion_error,x,-3.3299999999999996e-05,abs_error,2.0328790734103208e-20
b_roundtrip,inversion_error,x,-3.32e-05,abs_error,9.486769009248164e-20
b_roundtrip,inversion_error,x,-3.3100000000000005e-05,abs_error,2.0328790734103208e-20
b_roundtrip,inversion_error,x,-3.3e-05,abs_error,4.743384504624082e-20
b_roundtrip,inversion_error,x,-3.29e-05,abs_error,6.776263578034403e-20
b_roundtrip,inversion_error,x,-3.28e-05,abs_error,1.3552527156068805e-20
b_roundtrip,inversion_error,x,-3.27e-05,abs_error,3.3881317890172014e-20
b_roundtrip,inversion_error,x,-3.26e-05,abs_error,4.743384504624082e-20
b_roundtrip,inversion_error,x,-3.2500000000000004e-05,abs_error,2.710505431213761e-20
b_roundtrip,inversion_error,x,-3.24e-05,abs_error,0.0
b_roundtrip,inversion_error,x,-3.23e-05,abs_error,5.421010862427522e-20
b_roundtrip,inversion_error,x,-3.22e-05,abs_error,2.0328790734103208e-20
b_roundtrip,inversion_error,x,-3.21e-05,abs_error,2.0328790734103208e-20
b_roundtrip,inversion_error,x,-3.2000000000000005e-05,abs_error,2.710505431213761e-20
b_roundtrip,inversion_error,x,-3.19e-05,abs_error,0.0
b_roundtrip,inversion_error,x,-3.18e-05,abs_error,7.453889935837843e-20
b_roundtrip,inversion_error,x,-3.17e-05,abs_error,5.421010862427522e-20
b_roundtrip,inversion_error,x,-3.16e-05,abs_error,2.0328790734103208e-20
b_roundtrip,inversion_error,x,-3.15e-05,abs_error,6.776263578034403e-21
b_roundtrip,inversion_error,x,-3.1400000000000004e-05,abs_error,0.0
b_roundtrip,inversion_error,x,-3.13e-05,abs_error,2.710505431213761e-20
b_roundtrip,inversion_error,x,-3.12e-05,abs_error,1.3552527156068805e-20
b_roundtrip,inversion_error,x,-3.11e-05,abs_error,6.776263578034403e-20
b_roundtrip,inversion_error,x,-3.1e-05,abs_error,5.421010862427522e-20
b_roundtrip,inversion_error,x,-3.0900000000000006e-05,abs_error,2.710505431213761e-20
b_roundtrip,inversion_error,x,-3.08e-05,abs_error,5.421010862427522e-20
b_roundtrip,inversion_error,x,-3.07e-05,abs_error,2.0328790734103208e-20
b_roundtrip,inversion_error,x,-3.06e-05,abs_error,1.3552527156068805e-20
b_roundtrip,inversion_error,x,-3.05e-05,abs_error,3.3881317890172014e-21
b_roundtrip,inversion_error,x,-3.04e-05,abs_error,7.453889935837843e-20
b_roundtrip,inversion_error,x,-3.03e-05,abs_error,1.0164395367051604e-20
b_roundtrip,inversion_error,x,-3.0200000000000002e-05,abs_error,2.371692252312041e-20
b_roundtrip,inversion_error,x,-3.01e-05,abs_error,8.809142651444724e-20
b_roundtrip,inversion_error,x,-3e-05,abs_error,1.6940658945086007e-20
b_roundtrip,inversion_error,x,-2.9900000000000002e-05,abs_error,3.3881317890172014e-21
b_roundtrip,inversion_error,x,-2.98e-05,abs_error,8.131516293641283e-20
b_roundtrip,inversion_error,x,-2.97e-05,abs_error,3.049318610115481e-20
b_roundtrip,inversion_error,x,-2.96e-05,abs_error,4.743384504624082e-20
b_roundtrip,inversion_error,x,-2.9500000000000002e-05,abs_error,3.049318610115481e-20
b_roundtrip,inversion_error,x,-2.94e-05,abs_error,4.404571325722362e-20
b_roundtrip,inversion_error,x,-2.93e-05,abs_error,1.0164395367051604e-20
b_roundtrip,inversion_error,x,-2.92e-05,abs_error,5.759824041329242e-20
b_roundtrip,inversion_error,x,-2.91e-05,abs_error,1.0164395367051604e-20
b_roundtrip,inversion_error,x,-2.9e-05,abs_error,2.0328790734103208e-20
b_roundtrip,inversion_error,x,-2.89e-05,abs_error,3.049318610115481e-20
b_roundtrip,inversion_error,x,-2.8800000000000002e-05,abs_error,3.3881317890172014e-21
b_roundtrip,inversion_error,x,-2.87e-05,abs_error,6.776263578034403e-21
b_roundtrip,inversion_error,x,-2.86e-05,abs_error,3.3881317890172014e-21
b_roundtrip,inversion_error,x,-2.85e-05,abs_error,3.3881317890172014e-21
b_roundtrip,inversion_error,x,-2.84e-05,abs_error,6.776263578034403e-21
b_roundtrip,inversion_error,x,-2.83e-05,abs_error,1.6940658945086007e-20
b_roundtrip,inversion_error,x,-2.82e-05,abs_error,1.0164395367051604e-20
b_roundtrip,inversion_error,x,-2.8100000000000002e-05,abs_error,3.3881317890172014e-21
b_roundtrip,inversion_error,x,-2.8e-05,abs_error,3.7269449679189215e-20
b_roundtrip,inversion_error,x,-2.79e-05,abs_error,6.776263578034403e-21
b_roundtrip,inversion_error,x,-2.78e-05,abs_error,6.776263578034403e-21
b_roundtrip,inversion_error,x,-2.77e-05,abs_error,3.3881317890172014e-21
b_roundtrip,inversion_error,x,-2.76e-05,abs_error,6.776263578034403e-21
b_roundtrip,inversion_error,x,-2.75e-05,abs_error,6.776263578034403e-21
b_roundtrip,inversion_error,x,-2.7400000000000002e-05,abs_error,0.0
b_roundtrip,inversion_error,x,-2.73e-05,abs_error,2.710505431213761e-20
b_roundtrip,inversion_error,x,-2.72e-05,abs_error,3.3881317890172014e-20
b_roundtrip,inversion_error,x,-2.71e-05,abs_error,3.3881317890172014e-20
b_roundtrip,inversion_error,x,-2.7e-05,abs_error,6.776263578034403e-21
b_roundtrip,inversion_error,x,-2.69e-05,abs_error,2.371692252312041e-20
b_roundtrip,inversion_error,x,-2.68e-05,abs_error,1.0164395367051604e-20
b_roundtrip,inversion_error,x,-2.6700000000000002e-05,abs_error,1.0164395367051604e-20
b_roundtrip,inversion_error,x,-2.66e-05,abs_error,4.404571325722362e-20
b_roundtrip,inversion_error,x,-2.65e-05,abs_error,2.710505431213761e-20
b_roundtrip,inversion_error,x,-2.64e-05,abs_error,0.0
b_roundtrip,inversion_error,x,-2.63e-05,abs_error,2.0328790734103208e-20
b_roundtrip,inversion_error,x,-2.62e-05,abs_error,2.0328790734103208e-20
b_roundtrip,inversion_error,x,-2.61e-05,abs_error,1.3552527156068805e-20
b_roundtrip,inversion_error,x,-2.6000000000000002e-05,abs_error,2.0328790734103208e-20
b_roundtrip,inversion_error,x,-2.59e-05,abs_error,3.049318610115481e-20
b_roundtrip,inversion_error,x,-2.58e-05,abs_error,2.371692252312041e-20
b_roundtrip,inversion_error,x,-2.57e-05,abs_error,2.0328790734103208e-20
b_roundtrip,inversion_error,x,-2.56e-05,abs_error,2.710505431213761e-20
b_roundtrip,inversion_error,x,-2.55e-05,abs_error,3.3881317890172014e-21
b_roundtrip,inversion_error,x,-2.54e-05,abs_error,0.0
b_roundtrip,inversion_error,x,-2.5300000000000002e-05,abs_error,3.3881317890172014e-21
b_roundtrip,inversion_error,x,-2.52e-05,abs_error,2.371692252312041e-20
b_roundtrip,inversion_error,x,-2.51e-05,abs_error,6.776263578034403e-21
b_roundtrip,inversion_error,x,-2.5e-05,abs_error,1.6940658945086007e-20
b_roundtrip,inversion_error,x,-2.49e-05,abs_error,1.0164395367051604e-20
b_roundtrip,inversion_error,x,-2.48e-05,abs_error,1.3552527156068805e-20
b_roundtrip,inversion_error,x,-2.47e-05,abs_error,3.3881317890172014e-21
b_roundtrip,inversion_error,x,-2.46e-05,abs_error,0.0
b_roundtrip,inversion_error,x,-2.45e-05,abs_error,1.3552527156068805e-20
b_roundtrip,inversion_error,x,-2.44e-05,abs_error,3.7269449679189215e-20
b_roundtrip,inversion_error,x,-2.43e-05,abs_error,3.3881317890172014e-20
b_roundtrip,inversion_error,x,-2.42e-05,abs_error,3.3881317890172014e-21
b_roundtrip,inversion_error,x,-2.41e-05,abs_error,2.710505431213761e-20
b_roundtrip,inversion_error,x,-2.4e-05,abs_error,1.0164395367051604e-20
b_roundtrip,inversion_error,x,-2.39e-05,abs_error,1.6940658945086007e-20
b_roundtrip,inversion_error,x,-2.38e-05,abs_error,3.3881317890172014e-21
b_roundtrip,inversion_error,x,-2.37e-05,abs_error,0.0
b_roundtrip,inversion_error,x,-2.36e-05,abs_error,3.3881317890172014e-21
b_roundtrip,inversion_error,x,-2.35e-05,abs_error,3.3881317890172014e-21
b_roundtrip,inversion_error,x,-2.34e-05,abs_error,6.776263578034403e-21
b_roundtrip,inversion_error,x,-2.33e-05,abs_error,3.3881317890172014e-21
b_roundtrip,inversion_error,x,-2.32e-05,abs_error,0.0
b_roundtrip,inversion_error,x,-2.31e-05,abs_error,2.710505431213761e-20
b_roundtrip,inversion_error,x,-2.3e-05,abs_error,1.0164395367051604e-20
b_roundtrip,inversion_error,x,-2.29e-05,abs_error,2.710505431213761e-20
b_roundtrip,inversion_error,x,-2.28e-05,abs_error,0.0
b_roundtrip,inversion_error,x,-2.27e-05,abs_error,1.6940658945086007e-20
b_roundtrip,inversion_error,x,-2.26e-05,abs_error,3.3881317890172014e-21
b_roundtrip,inversion_error,x,-2.25e-05,abs_error,2.0328790734103208e-20
b_roundtrip,inversion_error,x,-2.24e-05,abs_error,1.0164395367051604e-20
b_roundtrip,inversion_error,x,-2.23e-05,abs_error,6.776263578034403e-21
b_roundtrip,inversion_error,x,-2.22e-05,abs_error,1.0164395367051604e-20
b_roundtrip,inversion_error,x,-2.21e-05,abs_error,6.776263578034403e-21
b_roundtrip,inversion_error,x,-2.2e-05,abs_error,2.371692252312041e-20
b_roundtrip,inversion_error,x,-2.19e-05,abs_error,1.0164395367051604e-20
b_roundtrip,inversion_error,x,-2.18e-05,abs_error,1.3552527156068805e-20
b_roundtrip,inversion_error,x,-2.17e-05,abs_error,3.3881317890172014e-20
b_roundtrip,inversion_error,x,-2.16e-05,abs_error,3.3881317890172014e-21
b_roundtrip,inversion_error,x,-2.15e-05,abs_error,2.710505431213761e-20
b_roundtrip,inversion_error,x,-2.14e-05,abs_error,6.776263578034403e-21
b_roundtrip,inversion_error,x,-2.13e-05,abs_error,1.0164395367051604e-20
b_roundtrip,inversion_error,x,-2.12e-05,abs_error,1.3552527156068805e-20
b_roundtrip,inversion_error,x,-2.11e-05,abs_error,1.3552527156068805e-20
b_roundtrip,inversion_error,x,-2.1e-05,abs_error,2.371692252312041e-20
b_roundtrip,inversion_error,x,-2.09e-05,abs_error,1.6940658945086007e-20
b_roundtrip,inversion_error,x,-2.08e-05,abs_error,3.3881317890172014e-21
b_roundtrip,inversion_error,x,-2.07e-05,abs_error,3.3881317890172014e-21
b_roundtrip,inversion_error,x,-2.06e-05,abs_error,2.710505431213761e-20
b_roundtrip,inversion_error,x,-2.05e-05,abs_error,1.6940658945086007e-20
b_roundtrip,inversion_error,x,-2.04e-05,abs_error,0.0
b_roundtrip,inversion_error,x,-2.03e-05,abs_error,6.776263578034403e-21
b_roundtrip,inversion_error,x,-2.02e-05,abs_error,1.6940658945086007e-20
b_roundtrip,inversion_error,x,-2.01e-05,abs_error,1.3552527156068805e-20
b_roundtrip,inversion_error,x,-1.9999999999999998e-05,abs_error,1.3552527156068805e-20
b_roundtrip,inversion_error,x,-1.99e-05,abs_error,3.3881317890172014e-21
b_roundtrip,inversion_error,x,-1.98e-05,abs_error,2.710505431213761e-20
b_roundtrip,inversion_error,x,-1.97e-05,abs_error,1.0164395367051604e-20
b_roundtrip,inversion_error,x,-1.96e-05,abs_error,6.776263578034403e-21
b_roundtrip,inversion_error,x,-1.95e-05,abs_error,6.776263578034403e-21
b_roundtrip,inversion_error,x,-1.9399999999999997e-05,abs_error,6.776263578034403e-21
b_roundtrip,inversion_error,x,-1.93e-05,abs_error,3.3881317890172014e-21
b_roundtrip,inversion_error,x,-1.92e-05,abs_error,1.3552527156068805e-20
b_roundtrip,inversion_error,x,-1.9099999999999997e-05,abs_error,2.0328790734103208e-20
b_roundtrip,inversion_error,x,-1.9e-05,abs_error,6.776263578034403e-21
b_roundtrip,inversion_error,x,-1.89e-05,abs_error,1.3552527156068805e-20
b_roundtrip,inversion_error,x,-1.8800000000000003e-05,abs_error,6.776263578034403e-21
b_roundtrip,inversion_error,x,-1.87e-05,abs_error,6.776263578034403e-21
b_roundtrip,inversion_error,x,-1.8599999999999998e-05,abs_error,1.3552527156068805e-20
b_roundtrip,inversion_error,x,-1.8500000000000002e-05,abs_error,0.0
b_roundtrip,inversion_error,x,-1.84e-05,abs_error,3.3881317890172014e-21
b_roundtrip,inversion_error,x,-1.8299999999999998e-05,abs_error,3.3881317890172014e-21
b_roundtrip,inversion_error,x,-1.8200000000000002e-05,abs_error,1.3552527156068805e-20
b_roundtrip,inversion_error,x,-1.81e-05,abs_error,0.0
b_roundtrip,inversion_error,x,-1.7999999999999997e-05,abs_error,1.0164395367051604e-20
b_roundtrip,inversion_error,x,-1.79e-05,abs_error,1.3552527156068805e-20
b_roundtrip,inversion_error,x,-1.78e-05,abs_error,1.3552527156068805e-20
b_roundtrip,inversion_error,x,-1.7699999999999997e-05,abs_error,6.776263578034403e-21
b_roundtrip,inversion_error,x,-1.76e-05,abs_error,1.3552527156068805e-20
b_roundtrip,inversion_error,x,-1.75e-05,abs_error,0.0
b_roundtrip,inversion_error,x,-1.7400000000000003e-05,abs_error,0.0
b_roundtrip,inversion_error,x,-1.73e-05,abs_error,6.776263578034403e-21
b_roundtrip,inversion_error,x,-1.7199999999999998e-05,abs_error,3.3881317890172014e-21
b_roundtrip,inversion_error,x,-1.7100000000000002e-05,abs_error,6.776263578034403e-21
b_roundtrip,inversion_error,x,-1.7e-05,abs_error,6.776263578034403e-21
b_roundtrip,inversion_error,x,-1.6899999999999997e-05,abs_error,1.0164395367051604e-20
b_roundtrip,inversion_error,x,-1.6800000000000002e-05,abs_error,6.776263578034403e-21
b_roundtrip,inversion_error,x,-1.67e-05,abs_error,1.0164395367051604e-20
b_roundtrip,inversion_error,x,-1.6599999999999997e-05,abs_error,1.0164395367051604e-20
b_roundtrip,inversion_error,x,-1.65e-05,abs_error,3.3881317890172014e-21
b_roundtrip,inversion_error,x,-1.64e-05,abs_error,3.3881317890172014e-21
b_roundtrip,inversion_error,x,-1.6299999999999996e-05,abs_error,1.3552527156068805e-20
b_roundtrip,inversion_error,x,-1.62e-05,abs_error,1.0164395367051604e-20
b_roundtrip,inversion_error,x,-1.61e-05,abs_error,6.776263578034403e-21
b_roundtrip,inversion_error,x,-1.6000000000000003e-05,abs_error,0.0
b_roundtrip,inversion_error,x,-1.59e-05,abs_error,3.3881317890172014e-21
b_roundtrip,inversion_error,x,-1.5799999999999998e-05,abs_error,3.3881317890172014e-21
b_roundtrip,inversion_error,x,-1.5700000000000002e-05,abs_error,0.0
b_roundtrip,inversion_error,x,-1.56e-05,abs_error,6.776263578034403e-21
b_roundtrip,inversion_error,x,-1.5499999999999997e-05,abs_error,6.776263578034403e-21
b_roundtrip,inversion_error,x,-1.54e-05,abs_error,0.0
b_roundtrip,inversion_error,x,-1.53e-05,abs_error,6.776263578034403e-21
b_roundtrip,inversion_error,x,-1.5199999999999997e-05,abs_error,3.3881317890172014e-21
b_roundtrip,inversion_error,x,-1.5100000000000001e-05,abs_error,1.6940658945086007e-21
b_roundtrip,inversion_error,x,-1.4999999999999999e-05,abs_error,8.470329472543003e-21
b_roundtrip,inversion_error,x,-1.4899999999999996e-05,abs_error,6.776263578034403e-21
b_roundtrip,inversion_error,x,-1.48e-05,abs_error,8.470329472543003e-21
b_roundtrip,inversion_error,x,-1.4699999999999998e-05,abs_error,1.0164395367051604e-20
b_roundtrip,inversion_error,x,-1.4600000000000003e-05,abs_error,8.470329472543003e-21
b_roundtrip,inversion_error,x,-1.45e-05,abs_error,1.6940658945086007e-21
b_roundtrip,inversion_error,x,-1.4399999999999998e-05,abs_error,8.470329472543003e-21
b_roundtrip,inversion_error,x,-1.4300000000000002e-05,abs_error,6.776263578034403e-21
b_roundtrip,inversion_error,x,-1.42e-05,abs_error,3.3881317890172014e-21
b_roundtrip,inversion_error,x,-1.4099999999999997e-05,abs_error,1.6940658945086007e-21
b_roundtrip,inversion_error,x,-1.4000000000000001e-05,abs_error,1.6940658945086007e-21
b_roundtrip,inversion_error,x,-1.3899999999999999e-05,abs_error,6.776263578034403e-21
b_roundtrip,inversion_error,x,-1.3799999999999997e-05,abs_error,3.3881317890172014e-21
b_roundtrip,inversion_error,x,-1.3700000000000001e-05,abs_error,1.1858461261560205e-20
b_roundtrip,inversion_error,x,-1.3599999999999999e-05,abs_error,3.3881317890172014e-21
b_roundtrip,inversion_error,x,-1.3499999999999996e-05,abs_error,0.0
b_roundtrip,inversion_error,x,-1.34e-05,abs_error,5.082197683525802e-21
b_roundtrip,inversion_error,x,-1.3299999999999998e-05,abs_error,1.6940658945086007e-21
b_roundtrip,inversion_error,x,-1.3200000000000002e-05,abs_error,1.6940658945086007e-21
b_roundtrip,inversion_error,x,-1.31e-05,abs_error,3.3881317890172014e-21
b_roundtrip,inversion_error,x,-1.2999999999999998e-05,abs_error,0.0
b_roundtrip,inversion_error,x,-1.2900000000000002e-05,abs_error,5.082197683525802e-21
b_roundtrip,inversion_error,x,-1.28e-05,abs_error,5.082197683525802e-21
b_roundtrip,inversion_error,x,-1.2699999999999997e-05,abs_error,3.3881317890172014e-21
b_roundtrip,inversion_error,x,-1.2600000000000001e-05,abs_error,3.3881317890172014e-21
b_roundtrip,inversion_error,x,-1.2499999999999999e-05,abs_error,5.082197683525802e-21
b_roundtrip,inversion_error,x,-1.2399999999999996e-05,abs_error,1.6940658945086007e-21
b_roundtrip,inversion_error,x,-1.23e-05,abs_error,6.776263578034403e-21
b_roundtrip,inversion_error,x,-1.2199999999999998e-05,abs_error,1.6940658945086007e-21
b_roundtrip,inversion_error,x,-1.2099999999999996e-05,abs_error,1.6940658945086007e-21
b_roundtrip,inversion_error,x,-1.2e-05,abs_error,0.0
b_roundtrip,inversion_error,x,-1.1899999999999998e-05,abs_error,6.776263578034403e-21
b_roundtrip,inversion_error,x,-1.1800000000000002e-05,abs_error,1.6940658945086007e-21
b_roundtrip,inversion_error,x,-1.17e-05,abs_error,3.3881317890172014e-21
b_roundtrip,inversion_error,x,-1.1599999999999997e-05,abs_error,0.0
b_roundtrip,inversion_error,x,-1.1500000000000002e-05,abs_error,0.0
b_roundtrip,inversion_error,x,-1.14e-05,abs_error,3.3881317890172014e-21
b_roundtrip,inversion_error,x,-1.1299999999999997e-05,abs_error,3.3881317890172014e-21
b_roundtrip,inversion_error,x,-1.1200000000000001e-05,abs_error,1.6940658945086007e-21
b_roundtrip,inversion_error,x,-1.1099999999999999e-05,abs_error,1.6940658945086007e-21
b_roundtrip,inversion_error,x,-1.0999999999999996e-05,abs_error,1.6940658945086007e-21
b_roundtrip,inversion_error,x,-1.09e-05,abs_error,5.082197683525802e-21
b_roundtrip,inversion_error,x,-1.0799999999999998e-05,abs_error,0.0
b_roundtrip,inversion_error,x,-1.0699999999999996e-05,abs_error,0.0
b_roundtrip,inversion_error,x,-1.06e-05,abs_error,3.3881317890172014e-21
b_roundtrip,inversion_error,x,-1.0499999999999998e-05,abs_error,3.3881317890172014e-21
b_roundtrip,inversion_error,x,-1.0400000000000002e-05,abs_error,1.6940658945086007e-21
b_roundtrip,inversion_error,x,-1.03e-05,abs_error,3.3881317890172014e-21
b_roundtrip,inversion_error,x,-1.0199999999999997e-05,abs_error,0.0
b_roundtrip,inversion_error,x,-1.0100000000000002e-05,abs_error,1.6940658945086007e-21
b_roundtrip,inversion_error,x,-9.999999999999999e-06,abs_error,3.3881317890172014e-21
b_roundtrip,inversion_error,x,-9.899999999999997e-06,abs_error,0.0
b_roundtrip,inversion_error,x,-9.800000000000001e-06,abs_error,3.3881317890172014e-21
b_roundtrip,inversion_error,x,-9.699999999999999e-06,abs_error,0.0
b_roundtrip,inversion_error,x,-9.599999999999996e-06,abs_error,0.0
b_roundtrip,inversion_error,x,-9.5e-06,abs_error,3.3881317890172014e-21
b_roundtrip,inversion_error,x,-9.399999999999998e-06,abs_error,0.0
b_roundtrip,inversion_error,x,-9.299999999999996e-06,abs_error,0.0
b_roundtrip,inversion_error,x,-9.2e-06,abs_error,0.0
b_roundtrip,inversion_error,x,-9.099999999999998e-06,abs_error,3.3881317890172014e-21
b_roundtrip,inversion_error,x,-9.000000000000002e-06,abs_error,0.0
b_roundtrip,inversion_error,x,-8.9e-06,abs_error,0.0
b_roundtrip,inversion_error,x,-8.799999999999997e-06,abs_error,3.3881317890172014e-21
b_roundtrip,inversion_error,x,-8.700000000000001e-06,abs_error,1.6940658945086007e-21
b_roundtrip,inversion_error,x,-8.599999999999999e-06,abs_error,0.0
b_roundtrip,inversion_error,x,-8.499999999999997e-06,abs_error,0.0
b_roundtrip,inversion_error,x,-8.400000000000001e-06,abs_error,1.6940658945086007e-21
b_roundtrip,inversion_error,x,-8.299999999999998e-06,abs_error,3.3881317890172014e-21
b_roundtrip,inversion_error,x,-8.199999999999996e-06,abs_error,1.6940658945086007e-21
b_roundtrip,inversion_error,x,-8.1e-06,abs_error,0.0
b_roundtrip,inversion_error,x,-7.999999999999998e-06,abs_error,0.0
b_roundtrip,inversion_error,x,-7.899999999999996e-06,abs_error,1.6940658945086007e-21
b_roundtrip,inversion_error,x,-7.8e-06,abs_error,1.6940658945086007e-21
b_roundtrip,inversion_error,x,-7.699999999999997e-06,abs_error,1.6940658945086007e-21
b_roundtrip,inversion_error,x,-7.600000000000002e-06,abs_error,3.3881317890172014e-21
b_roundtrip,inversion_error,x,-7.499999999999999e-06,abs_error,8.470329472543003e-22
b_roundtrip,inversion_error,x,-7.399999999999997e-06,abs_error,8.470329472543003e-22
b_roundtrip,inversion_error,x,-7.300000000000001e-06,abs_error,8.470329472543003e-22
b_roundtrip,inversion_error,x,-7.199999999999999e-06,abs_error,3.3881317890172014e-21
b_roundtrip,inversion_error,x,-7.099999999999996e-06,abs_error,8.470329472543003e-22
b_roundtrip,inversion_error,x,-7.000000000000001e-06,abs_error,0.0
b_roundtrip,inversion_error,x,-6.899999999999998e-06,abs_error,1.6940658945086007e-21
b_roundtrip,inversion_error,x,-6.799999999999996e-06,abs_error,8.470329472543003e-22
b_roundtrip,inversion_error,x,-6.7e-06,abs_error,8.470329472543003e-22
b_roundtrip,inversion_error,x,-6.599999999999998e-06,abs_error,8.470329472543003e-22
b_roundtrip,inversion_error,x,-6.499999999999995e-06,abs_error,8.470329472543003e-22
b_roundtrip,inversion_error,x,-6.4e-06,abs_error,0.0
b_roundtrip,inversion_error,x,-6.299999999999997e-06,abs_error,8.470329472543003e-22
b_roundtrip,inversion_error,x,-6.200000000000002e-06,abs_error,8.470329472543003e-22
b_roundtrip,inversion_error,x,-6.099999999999999e-06,abs_error,1.6940658945086007e-21
b_roundtrip,inversion_error,x,-5.999999999999997e-06,abs_error,8.470329472543003e-22
b_roundtrip,inversion_error,x,-5.900000000000001e-06,abs_error,0.0
b_roundtrip,inversion_error,x,-5.799999999999999e-06,abs_error,2.541098841762901e-21
b_roundtrip,inversion_error,x,-5.699999999999996e-06,abs_error,1.6940658945086007e-21
b_roundtrip,inversion_error,x,-5.600000000000001e-06,abs_error,1.6940658945086007e-21
b_roundtrip,inversion_error,x,-5.499999999999998e-06,abs_error,8.470329472543003e-22
b_roundtrip,inversion_error,x,-5.399999999999996e-06,abs_error,8.470329472543003e-22
b_roundtrip,inversion_error,x,-5.3e-06,abs_error,1.6940658945086007e-21
b_roundtrip,inversion_error,x,-5.199999999999998e-06,abs_error,1.6940658945086007e-21
b_roundtrip,inversion_error,x,-5.099999999999995e-06,abs_error,1.6940658945086007e-21
b_roundtrip,inversion_error,x,-4.9999999999999996e-06,abs_error,0.0
b_roundtrip,inversion_error,x,-4.899999999999997e-06,abs_error,0.0
b_roundtrip,inversion_error,x,-4.8000000000000015e-06,abs_error,0.0
b_roundtrip,inversion_error,x,-4.699999999999999e-06,abs_error,8.470329472543003e-22
b_roundtrip,inversion_error,x,-4.599999999999997e-06,abs_error,2.541098841762901e-21
b_roundtrip,inversion_error,x,-4.500000000000001e-06,abs_error,8.470329472543003e-22
b_roundtrip,inversion_error,x,-4.3999999999999985e-06,abs_error,8.470329472543003e-22
b_roundtrip,inversion_error,x,-4.299999999999996e-06,abs_error,0.0
b_roundtrip,inversion_error,x,-4.2000000000000004e-06,abs_error,0.0
b_roundtrip,inversion_error,x,-4.099999999999998e-06,abs_error,8.470329472543003e-22
b_roundtrip,inversion_error,x,-3.999999999999996e-06,abs_error,8.470329472543003e-22
b_roundtrip,inversion_error,x,-3.9e-06,abs_error,8.470329472543003e-22
b_roundtrip,inversion_error,x,-3.7999999999999975e-06,abs_error,8.470329472543003e-22
b_roundtrip,inversion_error,x,-3.699999999999995e-06,abs_error,8.470329472543003e-22
b_roundtrip,inversion_error,x,-3.5999999999999994e-06,abs_error,8.470329472543003e-22
b_roundtrip,inversion_error,x,-3.499999999999997e-06,abs_error,0.0
b_roundtrip,inversion_error,x,-3.4000000000000013e-06,abs_error,8.470329472543003e-22
b_roundtrip,inversion_error,x,-3.299999999999999e-06,abs_error,0.0
b_roundtrip,inversion_error,x,-3.1999999999999965e-06,abs_error,8.470329472543003e-22
b_roundtrip,inversion_error,x,-3.100000000000001e-06,abs_error,8.470329472543003e-22
b_roundtrip,inversion_error,x,-2.9999999999999984e-06,abs_error,8.470329472543003e-22
b_roundtrip,inversion_error,x,-2.899999999999996e-06,abs_error,8.470329472543003e-22
b_roundtrip,inversion_error,x,-2.8000000000000003e-06,abs_error,8.470329472543003e-22
b_roundtrip,inversion_error,x,-2.699999999999998e-06,abs_error,8.470329472543003e-22
b_roundtrip,inversion_error,x,-2.5999999999999954e-06,abs_error,8.470329472543003e-22
b_roundtrip,inversion_error,x,-2.4999999999999998e-06,abs_error,0.0
b_roundtrip,inversion_error,x,-2.3999999999999974e-06,abs_error,8.470329472543003e-22
b_roundtrip,inversion_error,x,-2.299999999999995e-06,abs_error,8.470329472543003e-22
b_roundtrip,inversion_error,x,-2.1999999999999993e-06,abs_error,8.470329472543003e-22
b_roundtrip,inversion_error,x,-2.099999999999997e-06,abs_error,8.470329472543003e-22
b_roundtrip,inversion_error,x,-2.000000000000001e-06,abs_error,8.470329472543003e-22
b_roundtrip,inversion_error,x,-1.8999999999999987e-06,abs_error,0.0
b_roundtrip,inversion_error,x,-1.7999999999999963e-06,abs_error,0.0
b_roundtrip,inversion_error,x,-1.7000000000000007e-06,abs_error,0.0
b_roundtrip,inversion_error,x,-1.5999999999999982e-06,abs_error,8.470329472543003e-22
b_roundtrip,inversion_error,x,-1.4999999999999958e-06,abs_error,0.0
b_roundtrip,inversion_error,x,-1.4000000000000001e-06,abs_error,0.0
b_roundtrip,inversion_error,x,-1.2999999999999977e-06,abs_error,0.0
b_roundtrip,inversion_error,x,-1.1999999999999953e-06,abs_error,8.470329472543003e-22
b_roundtrip,inversion_error,x,-1.0999999999999996e-06,abs_error,8.470329472543003e-22
b_roundtrip,inversion_error,x,-9.999999999999972e-07,abs_error,8.470329472543003e-22
b_roundtrip,inversion_error,x,-8.999999999999948e-07,abs_error,0.0
b_roundtrip,inversion_error,x,-7.999999999999991e-07,abs_error,8.470329472543003e-22
b_roundtrip,inversion_error,x,-6.999999999999967e-07,abs_error,8.470329472543003e-22
b_roundtrip,inversion_error,x,-6.00000000000001e-07,abs_error,0.0
b_roundtrip,inversion_error,x,-4.999999999999986e-07,abs_error,8.470329472543003e-22
b_roundtrip,inversion_error,x,-3.9999999999999617e-07,abs_error,0.0
b_roundtrip,inversion_error,x,-3.000000000000005e-07,abs_error,8.470329472543003e-22
b_roundtrip,inversion_error,x,-1.9999999999999809e-07,abs_error,8.470329472543003e-22
b_roundtrip,inversion_error,x,-9.999999999999565e-08,abs_error,8.470329472543003e-22
b_roundtrip,inversion_error,x,0.0,abs_error,0.0
b_roundtrip,inversion_error,x,1.0000000000000243e-07,abs_error,8.470329472543003e-22
b_roundtrip,inversion_error,x,2.0000000000000486e-07,abs_error,8.470329472543003e-22
b_roundtrip,inversion_error,x,3.000000000000005e-07,abs_error,8.470329472543003e-22
b_roundtrip,inversion_error,x,4.0000000000000295e-07,abs_error,8.470329472543003e-22
b_roundtrip,inversion_error,x,5.000000000000054e-07,abs_error,8.470329472543003e-22
b_roundtrip,inversion_error,x,6.00000000000001e-07,abs_error,0.0
b_roundtrip,inversion_error,x,7.000000000000035e-07,abs_error,0.0
b_roundtrip,inversion_error,x,7.999999999999991e-07,abs_error,8.470329472543003e-22
b_roundtrip,inversion_error,x,9.000000000000015e-07,abs_error,0.0
b_roundtrip,inversion_error,x,1.000000000000004e-06,abs_error,0.0
b_roundtrip,inversion_error,x,1.0999999999999996e-06,abs_error,8.470329472543003e-22
b_roundtrip,inversion_error,x,1.200000000000002e-06,abs_error,0.0
b_roundtrip,inversion_error,x,1.3000000000000045e-06,abs_error,8.470329472543003e-22
b_roundtrip,inversion_error,x,1.4000000000000001e-06,abs_error,0.0
b_roundtrip,inversion_error,x,1.5000000000000026e-06,abs_error,8.470329472543003e-22
b_roundtrip,inversion_error,x,1.600000000000005e-06,abs_error,0.0
b_roundtrip,inversion_error,x,1.7000000000000007e-06,abs_error,0.0
b_roundtrip,inversion_error,x,1.800000000000003e-06,abs_error,0.0
b_roundtrip,inversion_error,x,1.8999999999999987e-06,abs_error,0.0
b_roundtrip,inversion_error,x,2.000000000000001e-06,abs_error,0.0
b_roundtrip,inversion_error,x,2.1000000000000036e-06,abs_error,0.0
b_roundtrip,inversion_error,x,2.1999999999999993e-06,abs_error,8.470329472543003e-22
b_roundtrip,inversion_error,x,2.3000000000000017e-06,abs_error,8.470329472543003e-22
b_roundtrip,inversion_error,x,2.400000000000004e-06,abs_error,8.470329472543003e-22
b_roundtrip,inversion_error,x,2.4999999999999998e-06,abs_error,0.0
b_roundtrip,inversion_error,x,2.600000000000002e-06,abs_error,8.470329472543003e-22
b_roundtrip,inversion_error,x,2.7000000000000046e-06,abs_error,8.470329472543003e-22
b_roundtrip,inversion_error,x,2.8000000000000003e-06,abs_error,4.235164736271502e-22
b_roundtrip,inversion_error,x,2.9000000000000027e-06,abs_error,0.0
b_roundtrip,inversion_error,x,3.000000000000005e-06,abs_error,4.235164736271502e-22
b_roundtrip,inversion_error,x,3.100000000000001e-06,abs_error,4.235164736271502e-22
b_roundtrip,inversion_error,x,3.2000000000000032e-06,abs_error,0.0
b_roundtrip,inversion_error,x,3.299999999999999e-06,abs_error,0.0
b_roundtrip,inversion_error,x,3.4000000000000013e-06,abs_error,4.235164736271502e-22
b_roundtrip,inversion_error,x,3.5000000000000038e-06,abs_error,4.235164736271502e-22
b_roundtrip,inversion_error,x,3.5999999999999994e-06,abs_error,4.235164736271502e-22
b_roundtrip,inversion_error,x,3.700000000000002e-06,abs_error,0.0
b_roundtrip,inversion_error,x,3.8000000000000043e-06,abs_error,4.235164736271502e-22
b_roundtrip,inversion_error,x,3.9e-06,abs_error,0.0
b_roundtrip,inversion_error,x,4.000000000000002e-06,abs_error,0.0
b_roundtrip,inversion_error,x,4.100000000000005e-06,abs_error,0.0
b_roundtrip,inversion_error,x,4.2000000000000004e-06,abs_error,0.0
b_roundtrip,inversion_error,x,4.300000000000003e-06,abs_error,0.0
b_roundtrip,inversion_error,x,4.400000000000005e-06,abs_error,0.0
b_roundtrip,inversion_error,x,4.500000000000001e-06,abs_error,1.6940658945086007e-21
b_roundtrip,inversion_error,x,4.600000000000003e-06,abs_error,1.6940658945086007e-21
b_roundtrip,inversion_error,x,4.699999999999999e-06,abs_error,8.470329472543003e-22
b_roundtrip,inversion_error,x,4.8000000000000015e-06,abs_error,0.0
b_roundtrip,inversion_error,x,4.900000000000004e-06,abs_error,0.0
b_roundtrip,inversion_error,x,4.9999999999999996e-06,abs_error,0.0
b_roundtrip,inversion_error,x,5.100000000000002e-06,abs_error,0.0
b_roundtrip,inversion_error,x,5.200000000000004e-06,abs_error,0.0
b_roundtrip,inversion_error,x,5.3e-06,abs_error,0.0
b_roundtrip,inversion_error,x,5.4000000000000025e-06,abs_error,8.470329472543003e-22
b_roundtrip,inversion_error,x,5.500000000000005e-06,abs_error,1.6940658945086007e-21
b_roundtrip,inversion_error,x,5.600000000000001e-06,abs_error,0.0
b_roundtrip,inversion_error,x,5.700000000000003e-06,abs_error,0.0
b_roundtrip,inversion_error,x,5.8000000000000055e-06,abs_error,0.0
b_roundtrip,inversion_error,x,5.900000000000001e-06,abs_error,0.0
b_roundtrip,inversion_error,x,6.0000000000000035e-06,abs_error,8.470329472543003e-22
b_roundtrip,inversion_error,x,6.099999999999999e-06,abs_error,0.0
b_roundtrip,inversion_error,x,6.200000000000002e-06,abs_error,1.6940658945086007e-21
b_roundtrip,inversion_error,x,6.300000000000004e-06,abs_error,8.470329472543003e-22
b_roundtrip,inversion_error,x,6.4e-06,abs_error,0.0
b_roundtrip,inversion_error,x,6.500000000000002e-06,abs_error,8.470329472543003e-22
b_roundtrip,inversion_error,x,6.6000000000000046e-06,abs_error,8.470329472543003e-22
b_roundtrip,inversion_error,x,6.7e-06,abs_error,8.470329472543003e-22
b_roundtrip,inversion_error,x,6.800000000000003e-06,abs_error,0.0
b_roundtrip,inversion_error,x,6.900000000000005e-06,abs_error,0.0
b_roundtrip,inversion_error,x,7.000000000000001e-06,abs_error,0.0
b_roundtrip,inversion_error,x,7.100000000000003e-06,abs_error,1.6940658945086007e-21
b_roundtrip,inversion_error,x,7.200000000000006e-06,abs_error,1.6940658945086007e-21
b_roundtrip,inversion_error,x,7.300000000000001e-06,abs_error,1.6940658945086007e-21
b_roundtrip,inversion_error,x,7.400000000000004e-06,abs_error,0.0
b_roundtrip,inversion_error,x,7.499999999999999e-06,abs_error,8.470329472543003e-22
b_roundtrip,inversion_error,x,7.600000000000002e-06,abs_error,8.470329472543003e-22
b_roundtrip,inversion_error,x,7.700000000000004e-06,abs_error,0.0
b_roundtrip,inversion_error,x,7.8e-06,abs_error,0.0
b_roundtrip,inversion_error,x,7.900000000000002e-06,abs_error,0.0
b_roundtrip,inversion_error,x,8.000000000000005e-06,abs_error,0.0
b_roundtrip,inversion_error,x,8.1e-06,abs_error,0.0
b_roundtrip,inversion_error,x,8.200000000000003e-06,abs_error,0.0
b_roundtrip,inversion_error,x,8.300000000000005e-06,abs_error,0.0
b_roundtrip,inversion_error,x,8.400000000000001e-06,abs_error,0.0
b_roundtrip,inversion_error,x,8.500000000000003e-06,abs_error,0.0
b_roundtrip,inversion_error,x,8.600000000000006e-06,abs_error,1.6940658945086007e-21
b_roundtrip,inversion_error,x,8.700000000000001e-06,abs_error,0.0
b_roundtrip,inversion_error,x,8.800000000000004e-06,abs_error,0.0
b_roundtrip,inversion_error,x,8.9e-06,abs_error,1.6940658945086007e-21
b_roundtrip,inversion_error,x,9.000000000000002e-06,abs_error,0.0
b_roundtrip,inversion_error,x,9.100000000000004e-06,abs_error,1.6940658945086007e-21
b_roundtrip,inversion_error,x,9.2e-06,abs_error,1.6940658945086007e-21
b_roundtrip,inversion_error,x,9.300000000000002e-06,abs_error,0.0
b_roundtrip,inversion_error,x,9.400000000000005e-06,abs_error,0.0
b_roundtrip,inversion_error,x,9.5e-06,abs_error,0.0
b_roundtrip,inversion_error,x,9.600000000000003e-06,abs_error,0.0
b_roundtrip,inversion_error,x,9.700000000000005e-06,abs_error,0.0
b_roundtrip,inversion_error,x,9.800000000000001e-06,abs_error,1.6940658945086007e-21
b_roundtrip,inversion_error,x,9.900000000000003e-06,abs_error,0.0
b_roundtrip,inversion_error,x,1.0000000000000006e-05,abs_error,0.0
b_roundtrip,inversion_error,x,1.0100000000000002e-05,abs_error,0.0
b_roundtrip,inversion_error,x,1.0200000000000004e-05,abs_error,0.0
b_roundtrip,inversion_error,x,1.03e-05,abs_error,0.0
b_roundtrip,inversion_error,x,1.0400000000000002e-05,abs_error,0.0
b_roundtrip,inversion_error,x,1.0500000000000005e-05,abs_error,1.6940658945086007e-21
b_roundtrip,inversion_error,x,1.06e-05,abs_error,1.6940658945086007e-21
b_roundtrip,inversion_error,x,1.0700000000000003e-05,abs_error,0.0
b_roundtrip,inversion_error,x,1.0800000000000005e-05,abs_error,0.0
b_roundtrip,inversion_error,x,1.09e-05,abs_error,0.0
b_roundtrip,inversion_error,x,1.1000000000000003e-05,abs_error,0.0
b_roundtrip,inversion_error,x,1.1100000000000006e-05,abs_error,1.6940658945086007e-21
b_roundtrip,inversion_error,x,1.1200000000000008e-05,abs_error,1.6940658945086007e-21
b_roundtrip,inversion_error,x,1.1299999999999997e-05,abs_error,0.0
b_roundtrip,inversion_error,x,1.14e-05,abs_error,1.6940658945086007e-21
b_roundtrip,inversion_error,x,1.1500000000000002e-05,abs_error,0.0
b_roundtrip,inversion_error,x,1.1600000000000004e-05,abs_error,1.6940658945086007e-21
b_roundtrip,inversion_error,x,1.1700000000000007e-05,abs_error,1.6940658945086007e-21
b_roundtrip,inversion_error,x,1.1800000000000009e-05,abs_error,1.6940658945086007e-21
b_roundtrip,inversion_error,x,1.1899999999999998e-05,abs_error,0.0
b_roundtrip,inversion_error,x,1.2e-05,abs_error,0.0
b_roundtrip,inversion_error,x,1.2100000000000003e-05,abs_error,0.0
b_roundtrip,inversion_error,x,1.2200000000000005e-05,abs_error,0.0
b_roundtrip,inversion_error,x,1.2300000000000008e-05,abs_error,0.0
b_roundtrip,inversion_error,x,1.2399999999999996e-05,abs_error,0.0
b_roundtrip,inversion_error,x,1.2499999999999999e-05,abs_error,0.0
b_roundtrip,inversion_error,x,1.2600000000000001e-05,abs_error,0.0
b_roundtrip,inversion_error,x,1.2700000000000004e-05,abs_error,1.6940658945086007e-21
b_roundtrip,inversion_error,x,1.2800000000000006e-05,abs_error,0.0
b_roundtrip,inversion_error,x,1.2900000000000009e-05,abs_error,0.0
b_roundtrip,inversion_error,x,1.2999999999999998e-05,abs_error,0.0
b_roundtrip,inversion_error,x,1.31e-05,abs_error,0.0
b_roundtrip,inversion_error,x,1.3200000000000002e-05,abs_error,0.0
b_roundtrip,inversion_error,x,1.3300000000000005e-05,abs_error,0.0
b_roundtrip,inversion_error,x,1.3400000000000007e-05,abs_error,0.0
b_roundtrip,inversion_error,x,1.350000000000001e-05,abs_error,0.0
b_roundtrip,inversion_error,x,1.3599999999999999e-05,abs_error,0.0
b_roundtrip,inversion_error,x,1.3700000000000001e-05,abs_error,3.3881317890172014e-21
b_roundtrip,inversion_error,x,1.3800000000000003e-05,abs_error,0.0
b_roundtrip,inversion_error,x,1.3900000000000006e-05,abs_error,0.0
b_roundtrip,inversion_error,x,1.4000000000000008e-05,abs_error,0.0
b_roundtrip,inversion_error,x,1.4099999999999997e-05,abs_error,1.6940658945086007e-21
b_roundtrip,inversion_error,x,1.42e-05,abs_error,0.0
b_roundtrip,inversion_error,x,1.4300000000000002e-05,abs_error,0.0
b_roundtrip,inversion_error,x,1.4400000000000004e-05,abs_error,0.0
b_roundtrip,inversion_error,x,1.4500000000000007e-05,abs_error,1.6940658945086007e-21
b_roundtrip,inversion_error,x,1.460000000000001e-05,abs_error,1.6940658945086007e-21
b_roundtrip,inversion_error,x,1.4699999999999998e-05,abs_error,0.0
b_roundtrip,inversion_error,x,1.48e-05,abs_error,3.3881317890172014e-21
b_roundtrip,inversion_error,x,1.4900000000000003e-05,abs_error,0.0
b_roundtrip,inversion_error,x,1.5000000000000005e-05,abs_error,0.0
b_roundtrip,inversion_error,x,1.5100000000000008e-05,abs_error,1.6940658945086007e-21
b_roundtrip,inversion_error,x,1.5199999999999997e-05,abs_error,0.0
b_roundtrip,inversion_error,x,1.53e-05,abs_error,0.0
b_roundtrip,inversion_error,x,1.54e-05,abs_error,0.0
b_roundtrip,inversion_error,x,1.5500000000000004e-05,abs_error,0.0
b_roundtrip,inversion_error,x,1.5600000000000006e-05,abs_error,0.0
b_roundtrip,inversion_error,x,1.570000000000001e-05,abs_error,0.0
b_roundtrip,inversion_error,x,1.5799999999999998e-05,abs_error,0.0
b_roundtrip,inversion_error,x,1.59e-05,abs_error,0.0
b_roundtrip,inversion_error,x,1.6000000000000003e-05,abs_error,0.0
b_roundtrip,inversion_error,x,1.6100000000000005e-05,abs_error,0.0
b_roundtrip,inversion_error,x,1.6200000000000008e-05,abs_error,0.0
b_roundtrip,inversion_error,x,1.630000000000001e-05,abs_error,0.0
b_roundtrip,inversion_error,x,1.64e-05,abs_error,0.0
b_roundtrip,inversion_error,x,1.65e-05,abs_error,0.0
b_roundtrip,inversion_error,x,1.6600000000000004e-05,abs_error,0.0
b_roundtrip,inversion_error,x,1.6700000000000006e-05,abs_error,0.0
b_roundtrip,inversion_error,x,1.680000000000001e-05,abs_error,0.0
b_roundtrip,inversion_error,x,1.6899999999999997e-05,abs_error,0.0
b_roundtrip,inversion_error,x,1.7e-05,abs_error,0.0
b_roundtrip,inversion_error,x,1.7100000000000002e-05,abs_error,0.0
b_roundtrip,inversion_error,x,1.7200000000000005e-05,abs_error,3.3881317890172014e-21
b_roundtrip,inversion_error,x,1.7300000000000007e-05,abs_error,0.0
b_roundtrip,inversion_error,x,1.740000000000001e-05,abs_error,3.3881317890172014e-21
b_roundtrip,inversion_error,x,1.75e-05,abs_error,3.3881317890172014e-21
b_roundtrip,inversion_error,x,1.76e-05,abs_error,0.0
b_roundtrip,inversion_error,x,1.7700000000000003e-05,abs_error,3.3881317890172014e-21
b_roundtrip,inversion_error,x,1.7800000000000006e-05,abs_error,3.3881317890172014e-21
b_roundtrip,inversion_error,x,1.7900000000000008e-05,abs_error,0.0
b_roundtrip,inversion_error,x,1.7999999999999997e-05,abs_error,0.0
b_roundtrip,inversion_error,x,1.81e-05,abs_error,0.0
b_roundtrip,inversion_error,x,1.8200000000000002e-05,abs_error,0.0
b_roundtrip,inversion_error,x,1.8300000000000004e-05,abs_error,0.0
b_roundtrip,inversion_error,x,1.8400000000000007e-05,abs_error,0.0
b_roundtrip,inversion_error,x,1.850000000000001e-05,abs_error,0.0
b_roundtrip,inversion_error,x,1.8599999999999998e-05,abs_error,3.3881317890172014e-21
b_roundtrip,inversion_error,x,1.87e-05,abs_error,0.0
b_roundtrip,inversion_error,x,1.8800000000000003e-05,abs_error,0.0
b_roundtrip,inversion_error,x,1.8900000000000005e-05,abs_error,0.0
b_roundtrip,inversion_error,x,1.9000000000000008e-05,abs_error,0.0
b_roundtrip,inversion_error,x,1.910000000000001e-05,abs_error,0.0
b_roundtrip,inversion_error,x,1.92e-05,abs_error,0.0
b_roundtrip,inversion_error,x,1.93e-05,abs_error,0.0
b_roundtrip,inversion_error,x,1.9400000000000004e-05,abs_error,0.0
b_roundtrip,inversion_error,x,1.9500000000000006e-05,abs_error,0.0
b_roundtrip,inversion_error,x,1.960000000000001e-05,abs_error,0.0
b_roundtrip,inversion_error,x,1.9699999999999998e-05,abs_error,0.0
b_roundtrip,inversion_error,x,1.98e-05,abs_error,3.3881317890172014e-21
b_roundtrip,inversion_error,x,1.9900000000000003e-05,abs_error,0.0
b_roundtrip,inversion_error,x,2.0000000000000005e-05,abs_error,0.0
b_roundtrip,inversion_error,x,2.0100000000000007e-05,abs_error,0.0
b_roundtrip,inversion_error,x,2.020000000000001e-05,abs_error,3.3881317890172014e-21
b_roundtrip,inversion_error,x,2.03e-05,abs_error,0.0
b_roundtrip,inversion_error,x,2.04e-05,abs_error,3.3881317890172014e-21
b_roundtrip,inversion_error,x,2.0500000000000004e-05,abs_error,0.0
b_roundtrip,inversion_error,x,2.0600000000000006e-05,abs_error,0.0
b_roundtrip,inversion_error,x,2.070000000000001e-05,abs_error,0.0
b_roundtrip,inversion_error,x,2.0799999999999997e-05,abs_error,3.3881317890172014e-21
b_roundtrip,inversion_error,x,2.09e-05,abs_error,0.0
b_roundtrip,inversion_error,x,2.1000000000000002e-05,abs_error,0.0
b_roundtrip,inversion_error,x,2.1100000000000005e-05,abs_error,0.0
b_roundtrip,inversion_error,x,2.1200000000000007e-05,abs_error,0.0
b_roundtrip,inversion_error,x,2.130000000000001e-05,abs_error,0.0
b_roundtrip,inversion_error,x,2.14e-05,abs_error,0.0
b_roundtrip,inversion_error,x,2.15e-05,abs_error,0.0
b_roundtrip,inversion_error,x,2.1600000000000003e-05,abs_error,3.3881317890172014e-21
b_roundtrip,inversion_error,x,2.1700000000000006e-05,abs_error,0.0
b_roundtrip,inversion_error,x,2.1800000000000008e-05,abs_error,0.0
b_roundtrip,inversion_error,x,2.190000000000001e-05,abs_error,0.0
b_roundtrip,inversion_error,x,2.2e-05,abs_error,0.0
b_roundtrip,inversion_error,x,2.2100000000000002e-05,abs_error,3.3881317890172014e-21
b_roundtrip,inversion_error,x,2.2200000000000004e-05,abs_error,0.0
b_roundtrip,inversion_error,x,2.2300000000000007e-05,abs_error,3.3881317890172014e-21
b_roundtrip,inversion_error,x,2.240000000000001e-05,abs_error,3.3881317890172014e-21
b_roundtrip,inversion_error,x,2.2499999999999998e-05,abs_error,0.0
b_roundtrip,inversion_error,x,2.26e-05,abs_error,0.0
b_roundtrip,inversion_error,x,2.2700000000000003e-05,abs_error,0.0
b_roundtrip,inversion_error,x,2.2800000000000005e-05,abs_error,0.0
b_roundtrip,inversion_error,x,2.2900000000000008e-05,abs_error,0.0
b_roundtrip,inversion_error,x,2.300000000000001e-05,abs_error,0.0
b_roundtrip,inversion_error,x,2.31e-05,abs_error,0.0
b_roundtrip,inversion_error,x,2.32e-05,abs_error,0.0
b_roundtrip,inversion_error,x,2.3300000000000004e-05,abs_error,0.0
b_roundtrip,inversion_error,x,2.3400000000000006e-05,abs_error,0.0
b_roundtrip,inversion_error,x,2.350000000000001e-05,abs_error,3.3881317890172014e-21
b_roundtrip,inversion_error,x,2.3599999999999998e-05,abs_error,3.3881317890172014e-21
b_roundtrip,inversion_error,x,2.37e-05,abs_error,3.3881317890172014e-21
b_roundtrip,inversion_error,x,2.3800000000000003e-05,abs_error,0.0
b_roundtrip,inversion_error,x,2.3900000000000005e-05,abs_error,0.0
b_roundtrip,inversion_error,x,2.4000000000000007e-05,abs_error,3.3881317890172014e-21
b_roundtrip,inversion_error,x,2.410000000000001e-05,abs_error,0.0
b_roundtrip,inversion_error,x,2.42e-05,abs_error,0.0
b_roundtrip,inversion_error,x,2.43e-05,abs_error,3.3881317890172014e-21
b_roundtrip,inversion_error,x,2.4400000000000004e-05,abs_error,0.0
b_roundtrip,inversion_error,x,2.4500000000000006e-05,abs_error,3.3881317890172014e-21
b_roundtrip,inversion_error,x,2.460000000000001e-05,abs_error,0.0
b_roundtrip,inversion_error,x,2.470000000000001e-05,abs_error,3.3881317890172014e-21
b_roundtrip,inversion_error,x,2.48e-05,abs_error,3.3881317890172014e-21
b_roundtrip,inversion_error,x,2.4900000000000002e-05,abs_error,0.0
b_roundtrip,inversion_error,x,2.5000000000000005e-05,abs_error,0.0
b_roundtrip,inversion_error,x,2.5100000000000007e-05,abs_error,0.0
b_roundtrip,inversion_error,x,2.520000000000001e-05,abs_error,0.0
b_roundtrip,inversion_error,x,2.53e-05,abs_error,0.0
b_roundtrip,inversion_error,x,2.54e-05,abs_error,0.0
b_roundtrip,inversion_error,x,2.5500000000000003e-05,abs_error,0.0
b_roundtrip,inversion_error,x,2.5600000000000006e-05,abs_error,3.3881317890172014e-21
b_roundtrip,inversion_error,x,2.5700000000000008e-05,abs_error,0.0
b_roundtrip,inversion_error,x,2.580000000000001e-05,abs_error,0.0
b_roundtrip,inversion_error,x,2.59e-05,abs_error,0.0
b_roundtrip,inversion_error,x,2.6000000000000002e-05,abs_error,0.0
b_roundtrip,inversion_error,x,2.6100000000000004e-05,abs_error,0.0
b_roundtrip,inversion_error,x,2.6200000000000007e-05,abs_error,0.0
b_roundtrip,inversion_error,x,2.630000000000001e-05,abs_error,0.0
b_roundtrip,inversion_error,x,2.6399999999999998e-05,abs_error,0.0
b_roundtrip,inversion_error,x,2.65e-05,abs_error,0.0
b_roundtrip,inversion_error,x,2.6600000000000003e-05,abs_error,0.0
b_roundtrip,inversion_error,x,2.6700000000000005e-05,abs_error,0.0
b_roundtrip,inversion_error,x,2.6800000000000008e-05,abs_error,0.0
b_roundtrip,inversion_error,x,2.690000000000001e-05,abs_error,0.0
b_roundtrip,inversion_error,x,2.7e-05,abs_error,0.0
b_roundtrip,inversion_error,x,2.71e-05,abs_error,3.3881317890172014e-21
b_roundtrip,inversion_error,x,2.7200000000000004e-05,abs_error,0.0
b_roundtrip,inversion_error,x,2.7300000000000006e-05,abs_error,0.0
b_roundtrip,inversion_error,x,2.740000000000001e-05,abs_error,0.0
b_roundtrip,inversion_error,x,2.7499999999999998e-05,abs_error,0.0
b_roundtrip,inversion_error,x,2.76e-05,abs_error,0.0
b_roundtrip,inversion_error,x,2.7700000000000002e-05,abs_error,0.0
b_roundtrip,inversion_error,x,2.7800000000000005e-05,abs_error,0.0
b_roundtrip,inversion_error,x,2.7900000000000007e-05,abs_error,3.3881317890172014e-21
b_roundtrip,inversion_error,x,2.800000000000001e-05,abs_error,0.0
b_roundtrip,inversion_error,x,2.81e-05,abs_error,0.0
b_roundtrip,inversion_error,x,2.82e-05,abs_error,0.0
b_roundtrip,inversion_error,x,2.8300000000000003e-05,abs_error,3.3881317890172014e-21
b_roundtrip,inversion_error,x,2.8400000000000006e-05,abs_error,3.3881317890172014e-21
b_roundtrip,inversion_error,x,2.850000000000001e-05,abs_error,0.0
b_roundtrip,inversion_error,x,2.860000000000001e-05,abs_error,0.0
b_roundtrip,inversion_error,x,2.87e-05,abs_error,0.0
b_roundtrip,inversion_error,x,2.8800000000000002e-05,abs_error,0.0
b_roundtrip,inversion_error,x,2.8900000000000005e-05,abs_error,0.0
b_roundtrip,inversion_error,x,2.9000000000000007e-05,abs_error,0.0
b_roundtrip,inversion_error,x,2.910000000000001e-05,abs_error,3.3881317890172014e-21
b_roundtrip,inversion_error,x,2.9199999999999998e-05,abs_error,0.0
b_roundtrip,inversion_error,x,2.93e-05,abs_error,0.0
b_roundtrip,inversion_error,x,2.9400000000000003e-05,abs_error,0.0
b_roundtrip,inversion_error,x,2.9500000000000006e-05,abs_error,3.3881317890172014e-21
b_roundtrip,inversion_error,x,2.9600000000000008e-05,abs_error,0.0
b_roundtrip,inversion_error,x,2.970000000000001e-05,abs_error,0.0
b_roundtrip,inversion_error,x,2.98e-05,abs_error,3.3881317890172014e-21
b_roundtrip,inversion_error,x,2.9900000000000002e-05,abs_error,3.3881317890172014e-21
b_roundtrip,inversion_error,x,3.0000000000000004e-05,abs_error,0.0
b_roundtrip,inversion_error,x,3.0100000000000007e-05,abs_error,3.3881317890172014e-21
b_roundtrip,inversion_error,x,3.020000000000001e-05,abs_error,3.3881317890172014e-21
b_roundtrip,inversion_error,x,3.0299999999999998e-05,abs_error,0.0
b_roundtrip,inversion_error,x,3.04e-05,abs_error,3.3881317890172014e-21
b_roundtrip,inversion_error,x,3.0500000000000003e-05,abs_error,3.3881317890172014e-21
b_roundtrip,inversion_error,x,3.0600000000000005e-05,abs_error,0.0
b_roundtrip,inversion_error,x,3.070000000000001e-05,abs_error,0.0
b_roundtrip,inversion_error,x,3.080000000000001e-05,abs_error,0.0
b_roundtrip,inversion_error,x,3.09e-05,abs_error,6.776263578034403e-21
b_roundtrip,inversion_error,x,3.1e-05,abs_error,0.0
b_roundtrip,inversion_error,x,3.1100000000000004e-05,abs_error,6.776263578034403e-21
b_roundtrip,inversion_error,x,3.1200000000000006e-05,abs_error,0.0
b_roundtrip,inversion_error,x,3.130000000000001e-05,abs_error,6.776263578034403e-21
b_roundtrip,inversion_error,x,3.140000000000001e-05,abs_error,6.776263578034403e-21
b_roundtrip,inversion_error,x,3.15e-05,abs_error,6.776263578034403e-21
b_roundtrip,inversion_error,x,3.16e-05,abs_error,0.0
b_roundtrip,inversion_error,x,3.1700000000000005e-05,abs_error,0.0
b_roundtrip,inversion_error,x,3.180000000000001e-05,abs_error,0.0
b_roundtrip,inversion_error,x,3.190000000000001e-05,abs_error,0.0
b_roundtrip,inversion_error,x,3.2e-05,abs_error,0.0
b_roundtrip,inversion_error,x,3.21e-05,abs_error,0.0
b_roundtrip,inversion_error,x,3.2200000000000003e-05,abs_error,0.0
b_roundtrip,inversion_error,x,3.2300000000000006e-05,abs_error,0.0
b_roundtrip,inversion_error,x,3.240000000000001e-05,abs_error,6.776263578034403e-21
b_roundtrip,inversion_error,x,3.250000000000001e-05,abs_error,0.0
b_roundtrip,inversion_error,x,3.26e-05,abs_error,6.776263578034403e-21
b_roundtrip,inversion_error,x,3.27e-05,abs_error,6.776263578034403e-21
b_roundtrip,inversion_error,x,3.2800000000000004e-05,abs_error,0.0
b_roundtrip,inversion_error,x,3.290000000000001e-05,abs_error,0.0
b_roundtrip,inversion_error,x,3.300000000000001e-05,abs_error,0.0
b_roundtrip,inversion_error,x,3.31e-05,abs_error,0.0
b_roundtrip,inversion_error,x,3.32e-05,abs_error,0.0
b_roundtrip,inversion_error,x,3.33e-05,abs_error,0.0
b_roundtrip,inversion_error,x,3.3400000000000005e-05,abs_error,0.0
b_roundtrip,inversion_error,x,3.350000000000001e-05,abs_error,0.0
b_roundtrip,inversion_error,x,3.360000000000001e-05,abs_error,0.0
b_roundtrip,inversion_error,x,3.37e-05,abs_error,0.0
b_roundtrip,inversion_error,x,3.38e-05,abs_error,0.0
b_roundtrip,inversion_error,x,3.3900000000000004e-05,abs_error,6.776263578034403e-21
b_roundtrip,inversion_error,x,3.4000000000000007e-05,abs_error,0.0
b_roundtrip,inversion_error,x,3.410000000000001e-05,abs_error,0.0
b_roundtrip,inversion_error,x,3.420000000000001e-05,abs_error,0.0
b_roundtrip,inversion_error,x,3.43e-05,abs_error,0.0
b_roundtrip,inversion_error,x,3.44e-05,abs_error,0.0
b_roundtrip,inversion_error,x,3.4500000000000005e-05,abs_error,6.776263578034403e-21
b_roundtrip,inversion_error,x,3.460000000000001e-05,abs_error,0.0
b_roundtrip,inversion_error,x,3.470000000000001e-05,abs_error,6.776263578034403e-21
b_roundtrip,inversion_error,x,3.48e-05,abs_error,6.776263578034403e-21
b_roundtrip,inversion_error,x,3.49e-05,abs_error,0.0
b_roundtrip,inversion_error,x,3.5000000000000004e-05,abs_error,0.0
b_roundtrip,inversion_error,x,3.5100000000000006e-05,abs_error,6.776263578034403e-21
b_roundtrip,inversion_error,x,3.520000000000001e-05,abs_error,0.0
b_roundtrip,inversion_error,x,3.530000000000001e-05,abs_error,6.776263578034403e-21
b_roundtrip,inversion_error,x,3.54e-05,abs_error,6.776263578034403e-21
b_roundtrip,inversion_error,x,3.55e-05,abs_error,0.0
b_roundtrip,inversion_error,x,3.5600000000000005e-05,abs_error,0.0
b_roundtrip,inversion_error,x,3.570000000000001e-05,abs_error,0.0
b_roundtrip,inversion_error,x,3.580000000000001e-05,abs_error,0.0
b_roundtrip,inversion_error,x,3.59e-05,abs_error,0.0
b_roundtrip,inversion_error,x,3.6e-05,abs_error,0.0
b_roundtrip,inversion_error,x,3.61e-05,abs_error,6.776263578034403e-21
b_roundtrip,inversion_error,x,3.6200000000000006e-05,abs_error,0.0
b_roundtrip,inversion_error,x,3.630000000000001e-05,abs_error,6.776263578034403e-21
b_roundtrip,inversion_error,x,3.640000000000001e-05,abs_error,6.776263578034403e-21
b_roundtrip,inversion_error,x,3.65e-05,abs_error,0.0
b_roundtrip,inversion_error,x,3.66e-05,abs_error,0.0
b_roundtrip,inversion_error,x,3.6700000000000004e-05,abs_error,0.0
b_roundtrip,inversion_error,x,3.680000000000001e-05,abs_error,0.0
b_roundtrip,inversion_error,x,3.690000000000001e-05,abs_error,0.0
b_roundtrip,inversion_error,x,3.700000000000001e-05,abs_error,0.0
b_roundtrip,inversion_error,x,3.71e-05,abs_error,0.0
b_roundtrip,inversion_error,x,3.72e-05,abs_error,0.0
b_roundtrip,inversion_error,x,3.7300000000000005e-05,abs_error,0.0
b_roundtrip,inversion_error,x,3.740000000000001e-05,abs_error,0.0
b_roundtrip,inversion_error,x,3.750000000000001e-05,abs_error,0.0
b_roundtrip,inversion_error,x,3.76e-05,abs_error,0.0
b_roundtrip,inversion_error,x,3.77e-05,abs_error,0.0
b_roundtrip,inversion_error,x,3.7800000000000004e-05,abs_error,0.0
b_roundtrip,inversion_error,x,3.7900000000000006e-05,abs_error,6.776263578034403e-21
b_roundtrip,inversion_error,x,3.800000000000001e-05,abs_error,0.0
b_roundtrip,inversion_error,x,3.810000000000001e-05,abs_error,0.0
b_roundtrip,inversion_error,x,3.82e-05,abs_error,0.0
b_roundtrip,inversion_error,x,3.83e-05,abs_error,0.0
b_roundtrip,inversion_error,x,3.8400000000000005e-05,abs_error,0.0
b_roundtrip,inversion_error,x,3.850000000000001e-05,abs_error,0.0
b_roundtrip,inversion_error,x,3.860000000000001e-05,abs_error,6.776263578034403e-21
b_roundtrip,inversion_error,x,3.87e-05,abs_error,6.776263578034403e-21
b_roundtrip,inversion_error,x,3.88e-05,abs_error,0.0
b_roundtrip,inversion_error,x,3.8900000000000004e-05,abs_error,0.0
b_roundtrip,inversion_error,x,3.9000000000000006e-05,abs_error,0.0
b_roundtrip,inversion_error,x,3.910000000000001e-05,abs_error,0.0
b_roundtrip,inversion_error,x,3.920000000000001e-05,abs_error,0.0
b_roundtrip,inversion_error,x,3.93e-05,abs_error,0.0
b_roundtrip,inversion_error,x,3.94e-05,abs_error,0.0
b_roundtrip,inversion_error,x,3.9500000000000005e-05,abs_error,0.0
b_roundtrip,inversion_error,x,3.960000000000001e-05,abs_error,0.0
b_roundtrip,inversion_error,x,3.970000000000001e-05,abs_error,6.776263578034403e-21
b_roundtrip,inversion_error,x,3.980000000000001e-05,abs_error,6.776263578034403e-21
b_roundtrip,inversion_error,x,3.99e-05,abs_error,0.0
b_roundtrip,inversion_error,x,4e-05,abs_error,0.0
b_roundtrip,inversion_error,x,4.0100000000000006e-05,abs_error,0.0
b_roundtrip,inversion_error,x,4.020000000000001e-05,abs_error,0.0
b_roundtrip,inversion_error,x,4.030000000000001e-05,abs_error,0.0
b_roundtrip,inversion_error,x,4.04e-05,abs_error,0.0
b_roundtrip,inversion_error,x,4.05e-05,abs_error,6.776263578034403e-21
b_roundtrip,inversion_error,x,4.0600000000000004e-05,abs_error,0.0
b_roundtrip,inversion_error,x,4.070000000000001e-05,abs_error,0.0
b_roundtrip,inversion_error,x,4.080000000000001e-05,abs_error,6.776263578034403e-21
b_roundtrip,inversion_error,x,4.090000000000001e-05,abs_error,0.0
b_roundtrip,inversion_error,x,4.1e-05,abs_error,0.0
b_roundtrip,inversion_error,x,4.11e-05,abs_error,0.0
b_roundtrip,inversion_error,x,4.1200000000000005e-05,abs_error,0.0
b_roundtrip,inversion_error,x,4.130000000000001e-05,abs_error,0.0
b_roundtrip,inversion_error,x,4.140000000000001e-05,abs_error,0.0
b_roundtrip,inversion_error,x,4.15e-05,abs_error,0.0
b_roundtrip,inversion_error,x,4.16e-05,abs_error,0.0
b_roundtrip,inversion_error,x,4.1700000000000004e-05,abs_error,6.776263578034403e-21
b_roundtrip,inversion_error,x,4.1800000000000006e-05,abs_error,0.0
b_roundtrip,inversion_error,x,4.190000000000001e-05,abs_error,0.0
b_roundtrip,inversion_error,x,4.200000000000001e-05,abs_error,0.0
b_roundtrip,inversion_error,x,4.21e-05,abs_error,0.0
b_roundtrip,inversion_error,x,4.22e-05,abs_error,6.776263578034403e-21
b_roundtrip,inversion_error,x,4.2300000000000005e-05,abs_error,0.0
b_roundtrip,inversion_error,x,4.240000000000001e-05,abs_error,0.0
b_roundtrip,inversion_error,x,4.250000000000001e-05,abs_error,6.776263578034403e-21
b_roundtrip,inversion_error,x,4.260000000000001e-05,abs_error,0.0
b_roundtrip,inversion_error,x,4.27e-05,abs_error,0.0
b_roundtrip,inversion_error,x,4.2800000000000004e-05,abs_error,0.0
b_roundtrip,inversion_error,x,4.2900000000000006e-05,abs_error,0.0
b_roundtrip,inversion_error,x,4.300000000000001e-05,abs_error,0.0
b_roundtrip,inversion_error,x,4.310000000000001e-05,abs_error,0.0
b_roundtrip,inversion_error,x,4.32e-05,abs_error,6.776263578034403e-21
b_roundtrip,inversion_error,x,4.33e-05,abs_error,0.0
b_roundtrip,inversion_error,x,4.3400000000000005e-05,abs_error,0.0
b_roundtrip,inversion_error,x,4.350000000000001e-05,abs_error,0.0
b_roundtrip,inversion_error,x,4.360000000000001e-05,abs_error,0.0
b_roundtrip,inversion_error,x,4.370000000000001e-05,abs_error,0.0
b_roundtrip,inversion_error,x,4.38e-05,abs_error,0.0
b_roundtrip,inversion_error,x,4.39e-05,abs_error,6.776263578034403e-21
b_roundtrip,inversion_error,x,4.4000000000000006e-05,abs_error,0.0
b_roundtrip,inversion_error,x,4.410000000000001e-05,abs_error,6.776263578034403e-21
b_roundtrip,inversion_error,x,4.420000000000001e-05,abs_error,6.776263578034403e-21
b_roundtrip,inversion_error,x,4.43e-05,abs_error,6.776263578034403e-21
b_roundtrip,inversion_error,x,4.44e-05,abs_error,0.0
b_roundtrip,inversion_error,x,4.4500000000000004e-05,abs_error,0.0
b_roundtrip,inversion_error,x,4.460000000000001e-05,abs_error,6.776263578034403e-21
b_roundtrip,inversion_error,x,4.470000000000001e-05,abs_error,0.0
b_roundtrip,inversion_error,x,4.480000000000001e-05,abs_error,0.0
b_roundtrip,inversion_error,x,4.49e-05,abs_error,0.0
b_roundtrip,inversion_error,x,4.5e-05,abs_error,0.0
b_roundtrip,inversion_error,x,4.5100000000000005e-05,abs_error,0.0
b_roundtrip,inversion_error,x,4.520000000000001e-05,abs_error,0.0
b_roundtrip,inversion_error,x,4.530000000000001e-05,abs_error,0.0
b_roundtrip,inversion_error,x,4.540000000000001e-05,abs_error,0.0
b_roundtrip,inversion_error,x,4.55e-05,abs_error,6.776263578034403e-21
b_roundtrip,inversion_error,x,4.5600000000000004e-05,abs_error,0.0
b_roundtrip,inversion_error,x,4.5700000000000006e-05,abs_error,0.0
b_roundtrip,inversion_error,x,4.580000000000001e-05,abs_error,0.0
b_roundtrip,inversion_error,x,4.590000000000001e-05,abs_error,0.0
b_roundtrip,inversion_error,x,4.6e-05,abs_error,6.776263578034403e-21
b_roundtrip,inversion_error,x,4.61e-05,abs_error,0.0
b_roundtrip,inversion_error,x,4.6200000000000005e-05,abs_error,6.776263578034403e-21
b_roundtrip,inversion_error,x,4.630000000000001e-05,abs_error,6.776263578034403e-21
b_roundtrip,inversion_error,x,4.640000000000001e-05,abs_error,0.0
b_roundtrip,inversion_error,x,4.650000000000001e-05,abs_error,0.0
b_roundtrip,inversion_error,x,4.66e-05,abs_error,0.0
b_roundtrip,inversion_error,x,4.6700000000000003e-05,abs_error,0.0
b_roundtrip,inversion_error,x,4.6800000000000006e-05,abs_error,0.0
b_roundtrip,inversion_error,x,4.690000000000001e-05,abs_error,6.776263578034403e-21
b_roundtrip,inversion_error,x,4.700000000000001e-05,abs_error,0.0
b_roundtrip,inversion_error,x,4.71e-05,abs_error,0.0
b_roundtrip,inversion_error,x,4.72e-05,abs_error,0.0
b_roundtrip,inversion_error,x,4.7300000000000005e-05,abs_error,0.0
b_roundtrip,inversion_error,x,4.740000000000001e-05,abs_error,0.0
b_roundtrip,inversion_error,x,4.750000000000001e-05,abs_error,0.0
b_roundtrip,inversion_error,x,4.760000000000001e-05,abs_error,0.0
b_roundtrip,inversion_error,x,4.77e-05,abs_error,6.776263578034403e-21
b_roundtrip,inversion_error,x,4.78e-05,abs_error,0.0
b_roundtrip,inversion_error,x,4.7900000000000006e-05,abs_error,0.0
b_roundtrip,inversion_error,x,4.800000000000001e-05,abs_error,6.776263578034403e-21
b_roundtrip,inversion_error,x,4.810000000000001e-05,abs_error,0.0
b_roundtrip,inversion_error,x,4.820000000000001e-05,abs_error,0.0
b_roundtrip,inversion_error,x,4.83e-05,abs_error,0.0
b_roundtrip,inversion_error,x,4.8400000000000004e-05,abs_error,0.0
b_roundtrip,inversion_error,x,4.8500000000000007e-05,abs_error,0.0
b_roundtrip,inversion_error,x,4.860000000000001e-05,abs_error,0.0
b_roundtrip,inversion_error,x,4.870000000000001e-05,abs_error,0.0
b_roundtrip,inversion_error,x,4.88e-05,abs_error,0.0
b_roundtrip,inversion_error,x,4.89e-05,abs_error,0.0
b_roundtrip,inversion_error,x,4.9000000000000005e-05,abs_error,0.0
b_roundtrip,inversion_error,x,4.910000000000001e-05,abs_error,0.0
b_roundtrip,inversion_error,x,4.920000000000001e-05,abs_error,6.776263578034403e-21
b_roundtrip,inversion_error,x,4.930000000000001e-05,abs_error,0.0
b_roundtrip,inversion_error,x,4.94e-05,abs_error,0.0
b_roundtrip,inversion_error,x,4.9500000000000004e-05,abs_error,0.0
b_roundtrip,inversion_error,x,4.9600000000000006e-05,abs_error,0.0
b_roundtrip,inversion_error,x,4.970000000000001e-05,abs_error,0.0
b_roundtrip,inversion_error,x,4.980000000000001e-05,abs_error,0.0
b_roundtrip,inversion_error,x,4.99e-05,abs_error,0.0
b_roundtrip,inversion_error,x,5e-05,abs_error,0.0
b_roundtrip,conditioning_scale,x,-5e-05,abs_error,1.1434208595054566e-18
b_roundtrip,conditioning_scale,x,-4.99e-05,abs_error,1.1367060121199496e-18
b_roundtrip,conditioning_scale,x,-4.9800000000000004e-05,abs_error,1.1300177560040425e-18
b_roundtrip,conditioning_scale,x,-4.97e-05,abs_error,1.1233560378626374e-18
b_roundtrip,conditioning_scale,x,-4.96e-05,abs_error,1.116720804400568e-18
b_roundtrip,conditioning_scale,x,-4.9500000000000004e-05,abs_error,1.1101120023227005e-18
b_roundtrip,conditioning_scale,x,-4.94e-05,abs_error,1.103529578333801e-18
b_roundtrip,conditioning_scale,x,-4.9300000000000006e-05,abs_error,1.096973479138667e-18
b_roundtrip,conditioning_scale,x,-4.92e-05,abs_error,1.0904436514420213e-18
b_roundtrip,conditioning_scale,x,-4.91e-05,abs_error,1.0839400419485696e-18
b_roundtrip,conditioning_scale,x,-4.9000000000000005e-05,abs_error,1.0774625973629887e-18
b_roundtrip,conditioning_scale,x,-4.89e-05,abs_error,1.071011264389885e-18
b_roundtrip,conditioning_scale,x,-4.88e-05,abs_error,1.0645859897339065e-18
b_roundtrip,conditioning_scale,x,-4.8700000000000005e-05,abs_error,1.0581867200995674e-18
b_roundtrip,conditioning_scale,x,-4.86e-05,abs_error,1.051813402191442e-18
b_roundtrip,conditioning_scale,x,-4.85e-05,abs_error,1.0454659827139908e-18
b_roundtrip,conditioning_scale,x,-4.8400000000000004e-05,abs_error,1.0391444083717118e-18
b_roundtrip,conditioning_scale,x,-4.83e-05,abs_error,1.0328486258690003e-18
b_roundtrip,conditioning_scale,x,-4.82e-05,abs_error,1.0265785819102642e-18
b_roundtrip,conditioning_scale,x,-4.8100000000000004e-05,abs_error,1.0203342231998614e-18
b_roundtrip,conditioning_scale,x,-4.8e-05,abs_error,1.0141154964420883e-18
b_roundtrip,conditioning_scale,x,-4.79e-05,abs_error,1.0079223483412408e-18
b_roundtrip,conditioning_scale,x,-4.78e-05,abs_error,1.0017547256015497e-18
b_roundtrip,conditioning_scale,x,-4.77e-05,abs_error,9.956125749272433e-19
b_roundtrip,conditioning_scale,x,-4.7600000000000005e-05,abs_error,9.894958430224544e-19
b_roundtrip,conditioning_scale,x,-4.75e-05,abs_error,9.83404476591341e-19
b_roundtrip,conditioning_scale,x,-4.74e-05,abs_error,9.773384223379908e-19
b_roundtrip,conditioning_scale,x,-4.7300000000000005e-05,abs_error,9.712976269664542e-19
b_roundtrip,conditioning_scale,x,-4.72e-05,abs_error,9.652820371807283e-19
b_roundtrip,conditioning_scale,x,-4.71e-05,abs_error,9.592915996847947e-19
b_roundtrip,conditioning_scale,x,-4.7000000000000004e-05,abs_error,9.533262611825856e-19
b_roundtrip,conditioning_scale,x,-4.69e-05,abs_error,9.473859683780071e-19
b_roundtrip,conditioning_scale,x,-4.68e-05,abs_error,9.414706679748933e-19
b_roundtrip,conditioning_scale,x,-4.6700000000000003e-05,abs_error,9.355803066770574e-19
b_roundtrip,conditioning_scale,x,-4.66e-05,abs_error,9.297148311882758e-19
b_roundtrip,conditioning_scale,x,-4.6500000000000005e-05,abs_error,9.238741882122732e-19
b_roundtrip,conditioning_scale,x,-4.64e-05,abs_error,9.180583244527284e-19
b_roundtrip,conditioning_scale,x,-4.63e-05,abs_error,9.12267186613298e-19
b_roundtrip,conditioning_scale,x,-4.6200000000000005e-05,abs_error,9.065007213975674e-19
b_roundtrip,conditioning_scale,x,-4.61e-05,abs_error,9.007588755090883e-19
b_roundtrip,conditioning_scale,x,-4.6e-05,abs_error,8.950415956513881e-19
b_roundtrip,conditioning_scale,x,-4.5900000000000004e-05,abs_error,8.893488285279273e-19
b_roundtrip,conditioning_scale,x,-4.58e-05,abs_error,8.836805208421304e-19
b_roundtrip,conditioning_scale,x,-4.57e-05,abs_error,8.780366192973635e-19
b_roundtrip,conditioning_scale,x,-4.5600000000000004e-05,abs_error,8.724170705969936e-19
b_roundtrip,conditioning_scale,x,-4.55e-05,abs_error,8.668218214442661e-19
b_roundtrip,conditioning_scale,x,-4.5400000000000006e-05,abs_error,8.612508185424437e-19
b_roundtrip,conditioning_scale,x,-4.53e-05,abs_error,8.557040085946999e-19
b_roundtrip,conditioning_scale,x,-4.52e-05,abs_error,8.501813383042199e-19
b_roundtrip,conditioning_scale,x,-4.51e-05,abs_error,8.44682754374075e-19
b_roundtrip,conditioning_scale,x,-4.5e-05,abs_error,8.392082035073152e-19
b_roundtrip,conditioning_scale,x,-4.49e-05,abs_error,8.337576324069533e-19
b_roundtrip,conditioning_scale,x,-4.4800000000000005e-05,abs_error,8.283309877759307e-19
b_roundtrip,conditioning_scale,x,-4.47e-05,abs_error,8.22928216317173e-19
b_roundtrip,conditioning_scale,x,-4.46e-05,abs_error,8.175492647335104e-19
b_roundtrip,conditioning_scale,x,-4.4500000000000004e-05,abs_error,8.121940797277593e-19
b_roundtrip,conditioning_scale,x,-4.44e-05,abs_error,8.068626080026711e-19
b_roundtrip,conditioning_scale,x,-4.43e-05,abs_error,8.015547962609472e-19
b_roundtrip,conditioning_scale,x,-4.4200000000000004e-05,abs_error,7.962705912052422e-19
b_roundtrip,conditioning_scale,x,-4.41e-05,abs_error,7.910099395381387e-19
b_roundtrip,conditioning_scale,x,-4.4e-05,abs_error,7.857727879621996e-19
b_roundtrip,conditioning_scale,x,-4.39e-05,abs_error,7.805590831799093e-19
b_roundtrip,conditioning_scale,x,-4.38e-05,abs_error,7.753687718937045e-19
b_roundtrip,conditioning_scale,x,-4.3700000000000005e-05,abs_error,7.702018008059741e-19
b_roundtrip,conditioning_scale,x,-4.36e-05,abs_error,7.650581166190377e-19
b_roundtrip,conditioning_scale,x,-4.35e-05,abs_error,7.599376660351802e-19
b_roundtrip,conditioning_scale,x,-4.3400000000000005e-05,abs_error,7.548403957566131e-19
b_roundtrip,conditioning_scale,x,-4.33e-05,abs_error,7.497662524855044e-19
b_roundtrip,conditioning_scale,x,-4.32e-05,abs_error,7.447151829239488e-19
b_roundtrip,conditioning_scale,x,-4.3100000000000004e-05,abs_error,7.396871337740066e-19
b_roundtrip,conditioning_scale,x,-4.3e-05,abs_error,7.346820517376525e-19
b_roundtrip,conditioning_scale,x,-4.29e-05,abs_error,7.296998835168242e-19
b_roundtrip,conditioning_scale,x,-4.2800000000000004e-05,abs_error,7.247405758133984e-19
b_roundtrip,conditioning_scale,x,-4.27e-05,abs_error,7.198040753291849e-19
b_roundtrip,conditioning_scale,x,-4.2600000000000005e-05,abs_error,7.148903287659311e-19
b_roundtrip,conditioning_scale,x,-4.25e-05,abs_error,7.099992828253352e-19
b_roundtrip,conditioning_scale,x,-4.24e-05,abs_error,7.051308842090259e-19
b_roundtrip,conditioning_scale,x,-4.23e-05,abs_error,7.002850796185609e-19
b_roundtrip,conditioning_scale,x,-4.22e-05,abs_error,6.954618157554539e-19
b_roundtrip,conditioning_scale,x,-4.21e-05,abs_error,6.906610393211495e-19
b_roundtrip,conditioning_scale,x,-4.2000000000000004e-05,abs_error,6.858826970170306e-19
b_roundtrip,conditioning_scale,x,-4.19e-05,abs_error,6.811267355443945e-19
b_roundtrip,conditioning_scale,x,-4.18e-05,abs_error,6.763931016045033e-19
b_roundtrip,conditioning_scale,x,-4.1700000000000004e-05,abs_error,6.7168174189854315e-19
b_roundtrip,conditioning_scale,x,-4.16e-05,abs_error,6.669926031276225e-19
b_roundtrip,conditioning_scale,x,-4.1500000000000006e-05,abs_error,6.62325631992794e-19
b_roundtrip,conditioning_scale,x,-4.1400000000000003e-05,abs_error,6.576807751950392e-19
b_roundtrip,conditioning_scale,x,-4.13e-05,abs_error,6.530579794352794e-19
b_roundtrip,conditioning_scale,x,-4.12e-05,abs_error,6.484571914143582e-19
b_roundtrip,conditioning_scale,x,-4.11e-05,abs_error,6.4387835783305e-19
b_roundtrip,conditioning_scale,x,-4.1e-05,abs_error,6.393214253920579e-19
b_roundtrip,conditioning_scale,x,-4.0900000000000005e-05,abs_error,6.347863407920235e-19
b_roundtrip,conditioning_scale,x,-4.08e-05,abs_error,6.302730507335051e-19
b_roundtrip,conditioning_scale,x,-4.07e-05,abs_error,6.25781501917e-19
b_roundtrip,conditioning_scale,x,-4.06e-05,abs_error,6.213116410429132e-19
b_roundtrip,conditioning_scale,x,-4.05e-05,abs_error,6.16863414811607e-19
b_roundtrip,conditioning_scale,x,-4.04e-05,abs_error,6.124367699233457e-19
b_roundtrip,conditioning_scale,x,-4.0300000000000004e-05,abs_error,6.080316530783127e-19
b_roundtrip,conditioning_scale,x,-4.02e-05,abs_error,6.036480109766417e-19
b_roundtrip,conditioning_scale,x,-4.01e-05,abs_error,5.992857903183742e-19
b_roundtrip,conditioning_scale,x,-4e-05,abs_error,5.949449378034653e-19
b_roundtrip,conditioning_scale,x,-3.99e-05,abs_error,5.906254001318099e-19
b_roundtrip,conditioning_scale,x,-3.9800000000000005e-05,abs_error,5.863271240032101e-19
b_roundtrip,conditioning_scale,x,-3.97e-05,abs_error,5.8205005611740055e-19
b_roundtrip,conditioning_scale,x,-3.96e-05,abs_error,5.777941431740318e-19
b_roundtrip,conditioning_scale,x,-3.95e-05,abs_error,5.735593318726583e-19
b_roundtrip,conditioning_scale,x,-3.94e-05,abs_error,5.693455689127769e-19
b_roundtrip,conditioning_scale,x,-3.93e-05,abs_error,5.651528009937797e-19
b_roundtrip,conditioning_scale,x,-3.9200000000000004e-05,abs_error,5.609809748149943e-19
b_roundtrip,conditioning_scale,x,-3.91e-05,abs_error,5.568300370756426e-19
b_roundtrip,conditioning_scale,x,-3.9e-05,abs_error,5.526999344748769e-19
b_roundtrip,conditioning_scale,x,-3.8900000000000004e-05,abs_error,5.485906137117662e-19
b_roundtrip,conditioning_scale,x,-3.88e-05,abs_error,5.445020214852775e-19
b_roundtrip,conditioning_scale,x,-3.8700000000000006e-05,abs_error,5.404341044942978e-19
b_roundtrip,conditioning_scale,x,-3.86e-05,abs_error,5.363868094376243e-19
b_roundtrip,conditioning_scale,x,-3.85e-05,abs_error,5.323600830139711e-19
b_roundtrip,conditioning_scale,x,-3.84e-05,abs_error,5.283538719219543e-19
b_roundtrip,conditioning_scale,x,-3.83e-05,abs_error,5.243681228600932e-19
b_roundtrip,conditioning_scale,x,-3.82e-05,abs_error,5.204027825268234e-19
b_roundtrip,conditioning_scale,x,-3.8100000000000005e-05,abs_error,5.164577976204938e-19
b_roundtrip,conditioning_scale,x,-3.8e-05,abs_error,5.125331148393348e-19
b_roundtrip,conditioning_scale,x,-3.79e-05,abs_error,5.086286808815116e-19
b_roundtrip,conditioning_scale,x,-3.78e-05,abs_error,5.047444424450769e-19
b_roundtrip,conditioning_scale,x,-3.77e-05,abs_error,5.008803462279773e-19
b_roundtrip,conditioning_scale,x,-3.76e-05,abs_error,4.970363389280862e-19
b_roundtrip,conditioning_scale,x,-3.7500000000000003e-05,abs_error,4.932123672431526e-19
b_roundtrip,conditioning_scale,x,-3.74e-05,abs_error,4.894083778708432e-19
b_roundtrip,conditioning_scale,x,-3.73e-05,abs_error,4.856243175087132e-19
b_roundtrip,conditioning_scale,x,-3.72e-05,abs_error,4.818601328542212e-19
b_roundtrip,conditioning_scale,x,-3.71e-05,abs_error,4.781157706047248e-19
b_roundtrip,conditioning_scale,x,-3.7000000000000005e-05,abs_error,4.743911774574667e-19
b_roundtrip,conditioning_scale,x,-3.69e-05,abs_error,4.706863001095985e-19
b_roundtrip,conditioning_scale,x,-3.68e-05,abs_error,4.670010852581532e-19
b_roundtrip,conditioning_scale,x,-3.67e-05,abs_error,4.633354796000643e-19
b_roundtrip,conditioning_scale,x,-3.66e-05,abs_error,4.596894298321542e-19
b_roundtrip,conditioning_scale,x,-3.65e-05,abs_error,4.560628826511314e-19
b_roundtrip,conditioning_scale,x,-3.6400000000000004e-05,abs_error,4.524557847536084e-19
b_roundtrip,conditioning_scale,x,-3.63e-05,abs_error,4.4886808283606585e-19
b_roundtrip,conditioning_scale,x,-3.62e-05,abs_error,4.452997235948878e-19
b_roundtrip,conditioning_scale,x,-3.61e-05,abs_error,4.417506537263351e-19
b_roundtrip,conditioning_scale,x,-3.6e-05,abs_error,4.382208199265587e-19
b_roundtrip,conditioning_scale,x,-3.5900000000000005e-05,abs_error,4.347101688915896e-19
b_roundtrip,conditioning_scale,x,-3.58e-05,abs_error,4.312186473173463e-19
b_roundtrip,conditioning_scale,x,-3.57e-05,abs_error,4.2774620189962115e-19
b_roundtrip,conditioning_scale,x,-3.56e-05,abs_error,4.2429277933408916e-19
b_roundtrip,conditioning_scale,x,-3.55e-05,abs_error,4.2085832631631433e-19
b_roundtrip,conditioning_scale,x,-3.54e-05,abs_error,4.174427895417213e-19
b_roundtrip,conditioning_scale,x,-3.5300000000000004e-05,abs_error,4.140461157056289e-19
b_roundtrip,conditioning_scale,x,-3.52e-05,abs_error,4.1066825150321307e-19
b_roundtrip,conditioning_scale,x,-3.51e-05,abs_error,4.073091436295417e-19
b_roundtrip,conditioning_scale,x,-3.5e-05,abs_error,4.039687387795379e-19
b_roundtrip,conditioning_scale,x,-3.49e-05,abs_error,4.0064698364801433e-19
b_roundtrip,conditioning_scale,x,-3.48e-05,abs_error,3.9734382492963778e-19
b_roundtrip,conditioning_scale,x,-3.47e-05,abs_error,3.940592093189563e-19
b_roundtrip,conditioning_scale,x,-3.46e-05,abs_error,3.907930835103759e-19
b_roundtrip,conditioning_scale,x,-3.45e-05,abs_error,3.875453941981749e-19
b_roundtrip,conditioning_scale,x,-3.44e-05,abs_error,3.843160880764963e-19
b_roundtrip,conditioning_scale,x,-3.43e-05,abs_error,3.8110511183934333e-19
b_roundtrip,conditioning_scale,x,-3.4200000000000005e-05,abs_error,3.77912412180579e-19
b_roundtrip,conditioning_scale,x,-3.41e-05,abs_error,3.747379357939398e-19
b_roundtrip,conditioning_scale,x,-3.4e-05,abs_error,3.7158162937300466e-19
b_roundtrip,conditioning_scale,x,-3.39e-05,abs_error,3.68443439611226e-19
b_roundtrip,conditioning_scale,x,-3.38e-05,abs_error,3.6532331320190173e-19
b_roundtrip,conditioning_scale,x,-3.3700000000000006e-05,abs_error,3.6222119683818473e-19
b_roundtrip,conditioning_scale,x,-3.3600000000000004e-05,abs_error,3.591370372130939e-19
b_roundtrip,conditioning_scale,x,-3.35e-05,abs_error,3.560707810194892e-19
b_roundtrip,conditioning_scale,x,-3.34e-05,abs_error,3.530223749500814e-19
b_roundtrip,conditioning_scale,x,-3.3299999999999996e-05,abs_error,3.499917656974379e-19
b_roundtrip,conditioning_scale,x,-3.32e-05,abs_error,3.4697889995396313e-19
b_roundtrip,conditioning_scale,x,-3.3100000000000005e-05,abs_error,3.4398372441192214e-19
b_roundtrip,conditioning_scale,x,-3.3e-05,abs_error,3.410061857634083e-19
b_roundtrip,conditioning_scale,x,-3.29e-05,abs_error,3.380462307003737e-19
b_roundtrip,conditioning_scale,x,-3.28e-05,abs_error,3.3510380591459795e-19
b_roundtrip,conditioning_scale,x,-3.27e-05,abs_error,3.3217885809771103e-19
b_roundtrip,conditioning_scale,x,-3.26e-05,abs_error,3.292713339411798e-19
b_roundtrip,conditioning_scale,x,-3.2500000000000004e-05,abs_error,3.263811801363022e-19
b_roundtrip,conditioning_scale,x,-3.24e-05,abs_error,3.235083433742168e-19
b_roundtrip,conditioning_scale,x,-3.23e-05,abs_error,3.2065277034589387e-19
b_roundtrip,conditioning_scale,x,-3.22e-05,abs_error,3.178144077421388e-19
b_roundtrip,conditioning_scale,x,-3.21e-05,abs_error,3.1499320225358317e-19
b_roundtrip,conditioning_scale,x,-3.2000000000000005e-05,abs_error,3.1218910057068816e-19
b_roundtrip,conditioning_scale,x,-3.19e-05,abs_error,3.0940204938374254e-19
b_roundtrip,conditioning_scale,x,-3.18e-05,abs_error,3.0663199538286053e-19
b_roundtrip,conditioning_scale,x,-3.17e-05,abs_error,3.038788852579828e-19
b_roundtrip,conditioning_scale,x,-3.16e-05,abs_error,3.0114266569886827e-19
b_roundtrip,conditioning_scale,x,-3.15e-05,abs_error,2.984232833950962e-19
b_roundtrip,conditioning_scale,x,-3.1400000000000004e-05,abs_error,2.9572068503606543e-19
b_roundtrip,conditioning_scale,x,-3.13e-05,abs_error,2.930348173109923e-19
b_roundtrip,conditioning_scale,x,-3.12e-05,abs_error,2.9036562690890606e-19
b_roundtrip,conditioning_scale,x,-3.11e-05,abs_error,2.8771306051865127e-19
b_roundtrip,conditioning_scale,x,-3.1e-05,abs_error,2.8507706482888505e-19
b_roundtrip,conditioning_scale,x,-3.0900000000000006e-05,abs_error,2.8245758652807205e-19
b_roundtrip,conditioning_scale,x,-3.08e-05,abs_error,2.7985457230448303e-19
b_roundtrip,conditioning_scale,x,-3.07e-05,abs_error,2.7726796884619644e-19
b_roundtrip,conditioning_scale,x,-3.06e-05,abs_error,2.7469772284109903e-19
b_roundtrip,conditioning_scale,x,-3.05e-05,abs_error,2.7214378097687385e-19
b_roundtrip,conditioning_scale,x,-3.04e-05,abs_error,2.69606089941007e-19
b_roundtrip,conditioning_scale,x,-3.03e-05,abs_error,2.67084596420787e-19
b_roundtrip,conditioning_scale,x,-3.0200000000000002e-05,abs_error,2.645792471032919e-19
b_roundtrip,conditioning_scale,x,-3.01e-05,abs_error,2.620899886754007e-19
b_roundtrip,conditioning_scale,x,-3e-05,abs_error,2.596167678237797e-19
b_roundtrip,conditioning_scale,x,-2.9900000000000002e-05,abs_error,2.5715953123489487e-19
b_roundtrip,conditioning_scale,x,-2.98e-05,abs_error,2.547182255949934e-19
b_roundtrip,conditioning_scale,x,-2.97e-05,abs_error,2.5229279759011683e-19
b_roundtrip,conditioning_scale,x,-2.96e-05,abs_error,2.498831939060871e-19
b_roundtrip,conditioning_scale,x,-2.9500000000000002e-05,abs_error,2.4748936122850954e-19
b_roundtrip,conditioning_scale,x,-2.94e-05,abs_error,2.4511124624277486e-19
b_roundtrip,conditioning_scale,x,-2.93e-05,abs_error,2.4274879563405083e-19
b_roundtrip,conditioning_scale,x,-2.92e-05,abs_error,2.4040195608728423e-19
b_roundtrip,conditioning_scale,x,-2.91e-05,abs_error,2.3807067428719986e-19
b_roundtrip,conditioning_scale,x,-2.9e-05,abs_error,2.3575489691829105e-19
b_roundtrip,conditioning_scale,x,-2.89e-05,abs_error,2.33454570664829e-19
b_roundtrip,conditioning_scale,x,-2.8800000000000002e-05,abs_error,2.3116964221084994e-19
b_roundtrip,conditioning_scale,x,-2.87e-05,abs_error,2.2890005824016263e-19
b_roundtrip,conditioning_scale,x,-2.86e-05,abs_error,2.2664576543633955e-19
b_roundtrip,conditioning_scale,x,-2.85e-05,abs_error,2.2440671048271863e-19
b_roundtrip,conditioning_scale,x,-2.84e-05,abs_error,2.221828400623995e-19
b_roundtrip,conditioning_scale,x,-2.83e-05,abs_error,2.1997410085824325e-19
b_roundtrip,conditioning_scale,x,-2.82e-05,abs_error,2.177804395528676e-19
b_roundtrip,conditioning_scale,x,-2.8100000000000002e-05,abs_error,2.1560180282864921e-19
b_roundtrip,conditioning_scale,x,-2.8e-05,abs_error,2.1343813736771765e-19
b_roundtrip,conditioning_scale,x,-2.79e-05,abs_error,2.1128938985195737e-19
b_roundtrip,conditioning_scale,x,-2.78e-05,abs_error,2.091555069630012e-19
b_roundtrip,conditioning_scale,x,-2.77e-05,abs_error,2.0703643538223257e-19
b_roundtrip,conditioning_scale,x,-2.76e-05,abs_error,2.0493212179078196e-19
b_roundtrip,conditioning_scale,x,-2.75e-05,abs_error,2.0284251286952445e-19
b_roundtrip,conditioning_scale,x,-2.7400000000000002e-05,abs_error,2.0076755529907966e-19
b_roundtrip,conditioning_scale,x,-2.73e-05,abs_error,1.9870719575980752e-19
b_roundtrip,conditioning_scale,x,-2.72e-05,abs_error,1.9666138093180928e-19
b_roundtrip,conditioning_scale,x,-2.71e-05,abs_error,1.9463005749492421e-19
b_roundtrip,conditioning_scale,x,-2.7e-05,abs_error,1.9261317212872455e-19
b_roundtrip,conditioning_scale,x,-2.69e-05,abs_error,1.906106715125213e-19
b_roundtrip,conditioning_scale,x,-2.68e-05,abs_error,1.886225023253568e-19
b_roundtrip,conditioning_scale,x,-2.6700000000000002e-05,abs_error,1.8664861124600393e-19
b_roundtrip,conditioning_scale,x,-2.66e-05,abs_error,1.8468894495296418e-19
b_roundtrip,conditioning_scale,x,-2.65e-05,abs_error,1.8274345012447067e-19
b_roundtrip,conditioning_scale,x,-2.64e-05,abs_error,1.8081207343847718e-19
b_roundtrip,conditioning_scale,x,-2.63e-05,abs_error,1.7889476157266638e-19
b_roundtrip,conditioning_scale,x,-2.62e-05,abs_error,1.76991461204443e-19
b_roundtrip,conditioning_scale,x,-2.61e-05,abs_error,1.7510211901093335e-19
b_roundtrip,conditioning_scale,x,-2.6000000000000002e-05,abs_error,1.732266816689831e-19
b_roundtrip,conditioning_scale,x,-2.59e-05,abs_error,1.7136509585515774e-19
b_roundtrip,conditioning_scale,x,-2.58e-05,abs_error,1.6951730824573943e-19
b_roundtrip,conditioning_scale,x,-2.57e-05,abs_error,1.6768326551672864e-19
b_roundtrip,conditioning_scale,x,-2.56e-05,abs_error,1.6586291434383863e-19
b_roundtrip,conditioning_scale,x,-2.55e-05,abs_error,1.6405620140249796e-19
b_roundtrip,conditioning_scale,x,-2.54e-05,abs_error,1.622630733678466e-19
b_roundtrip,conditioning_scale,x,-2.5300000000000002e-05,abs_error,1.6048347691473747e-19
b_roundtrip,conditioning_scale,x,-2.52e-05,abs_error,1.5871735871773425e-19
b_roundtrip,conditioning_scale,x,-2.51e-05,abs_error,1.5696466545110944e-19
b_roundtrip,conditioning_scale,x,-2.5e-05,abs_error,1.5522534378884637e-19
b_roundtrip,conditioning_scale,x,-2.49e-05,abs_error,1.5349934040463624e-19
b_roundtrip,conditioning_scale,x,-2.48e-05,abs_error,1.5178660197187725e-19
b_roundtrip,conditioning_scale,x,-2.47e-05,abs_error,1.500870751636759e-19
b_roundtrip,conditioning_scale,x,-2.46e-05,abs_error,1.4840070665284558e-19
b_roundtrip,conditioning_scale,x,-2.45e-05,abs_error,1.4672744311190614e-19
b_roundtrip,conditioning_scale,x,-2.44e-05,abs_error,1.4506723121308409e-19
b_roundtrip,conditioning_scale,x,-2.43e-05,abs_error,1.4342001762831097e-19
b_roundtrip,conditioning_scale,x,-2.42e-05,abs_error,1.4178574902922804e-19
b_roundtrip,conditioning_scale,x,-2.41e-05,abs_error,1.4016437208717954e-19
b_roundtrip,conditioning_scale,x,-2.4e-05,abs_error,1.3855583347321941e-19
b_roundtrip,conditioning_scale,x,-2.39e-05,abs_error,1.369600798581076e-19
b_roundtrip,conditioning_scale,x,-2.38e-05,abs_error,1.3537705791231197e-19
b_roundtrip,conditioning_scale,x,-2.37e-05,abs_error,1.3380671430601052e-19
b_roundtrip,conditioning_scale,x,-2.36e-05,abs_error,1.3224899570909019e-19
b_roundtrip,conditioning_scale,x,-2.35e-05,abs_error,1.3070384879114891e-19
b_roundtrip,conditioning_scale,x,-2.34e-05,abs_error,1.2917122022149719e-19
b_roundtrip,conditioning_scale,x,-2.33e-05,abs_error,1.2765105666915943e-19
b_roundtrip,conditioning_scale,x,-2.32e-05,abs_error,1.2614330480287513e-19
b_roundtrip,conditioning_scale,x,-2.31e-05,abs_error,1.246479112911013e-19
b_roundtrip,conditioning_scale,x,-2.3e-05,abs_error,1.2316482280201557e-19
b_roundtrip,conditioning_scale,x,-2.29e-05,abs_error,1.2169398600351607e-19
b_roundtrip,conditioning_scale,x,-2.28e-05,abs_error,1.2023534756322706e-19
b_roundtrip,conditioning_scale,x,-2.27e-05,abs_error,1.18788854148499e-19
b_roundtrip,conditioning_scale,x,-2.26e-05,abs_error,1.1735445242641443e-19
b_roundtrip,conditioning_scale,x,-2.25e-05,abs_error,1.1593208906378932e-19
b_roundtrip,conditioning_scale,x,-2.24e-05,abs_error,1.1452171072717735e-19
b_roundtrip,conditioning_scale,x,-2.23e-05,abs_error,1.13123264082875e-19
b_roundtrip,conditioning_scale,x,-2.22e-05,abs_error,1.1173669579692524e-19
b_roundtrip,conditioning_scale,x,-2.21e-05,abs_error,1.1036195253512116e-19
b_roundtrip,conditioning_scale,x,-2.2e-05,abs_error,1.0899898096301314e-19
b_roundtrip,conditioning_scale,x,-2.19e-05,abs_error,1.0764772774591326e-19
b_roundtrip,conditioning_scale,x,-2.18e-05,abs_error,1.0630813954890025e-19
b_roundtrip,conditioning_scale,x,-2.17e-05,abs_error,1.0498016303682787e-19
b_roundtrip,conditioning_scale,x,-2.16e-05,abs_error,1.0366374487432869e-19
b_roundtrip,conditioning_scale,x,-2.15e-05,abs_error,1.0235883172582518e-19
b_roundtrip,conditioning_scale,x,-2.14e-05,abs_error,1.0106537025553277e-19
b_roundtrip,conditioning_scale,x,-2.13e-05,abs_error,9.978330712747204e-20
b_roundtrip,conditioning_scale,x,-2.12e-05,abs_error,9.851258900547448e-20
b_roundtrip,conditioning_scale,x,-2.11e-05,abs_error,9.725316255319297e-20
b_roundtrip,conditioning_scale,x,-2.1e-05,abs_error,9.600497443411017e-20
b_roundtrip,conditioning_scale,x,-2.09e-05,abs_error,9.476797131155127e-20
b_roundtrip,conditioning_scale,x,-2.08e-05,abs_error,9.35420998486921e-20
b_roundtrip,conditioning_scale,x,-2.07e-05,abs_error,9.232730670857186e-20
b_roundtrip,conditioning_scale,x,-2.06e-05,abs_error,9.112353855410531e-20
b_roundtrip,conditioning_scale,x,-2.05e-05,abs_error,8.993074204809599e-20
b_roundtrip,conditioning_scale,x,-2.04e-05,abs_error,8.874886385324859e-20
b_roundtrip,conditioning_scale,x,-2.03e-05,abs_error,8.757785063218388e-20
b_roundtrip,conditioning_scale,x,-2.02e-05,abs_error,8.641764904745437e-20
b_roundtrip,conditioning_scale,x,-2.01e-05,abs_error,8.526820576155973e-20
b_roundtrip,conditioning_scale,x,-1.9999999999999998e-05,abs_error,8.412946743696269e-20
b_roundtrip,conditioning_scale,x,-1.99e-05,abs_error,8.300138073610837e-20
b_roundtrip,conditioning_scale,x,-1.98e-05,abs_error,8.188389232144177e-20
b_roundtrip,conditioning_scale,x,-1.97e-05,abs_error,8.077694885542809e-20
b_roundtrip,conditioning_scale,x,-1.96e-05,abs_error,7.968049700057198e-20
b_roundtrip,conditioning_scale,x,-1.95e-05,abs_error,7.859448341944038e-20
b_roundtrip,conditioning_scale,x,-1.9399999999999997e-05,abs_error,7.75188547746854e-20
b_roundtrip,conditioning_scale,x,-1.93e-05,abs_error,7.645355772906705e-20
b_roundtrip,conditioning_scale,x,-1.92e-05,abs_error,7.539853894547954e-20
b_roundtrip,conditioning_scale,x,-1.9099999999999997e-05,abs_error,7.435374508697683e-20
b_roundtrip,conditioning_scale,x,-1.9e-05,abs_error,7.331912281680075e-20
b_roundtrip,conditioning_scale,x,-1.89e-05,abs_error,7.229461879841021e-20
b_roundtrip,conditioning_scale,x,-1.8800000000000003e-05,abs_error,7.128017969551068e-20
b_roundtrip,conditioning_scale,x,-1.87e-05,abs_error,7.027575217208762e-20
b_roundtrip,conditioning_scale,x,-1.8599999999999998e-05,abs_error,6.928128289243857e-20
b_roundtrip,conditioning_scale,x,-1.8500000000000002e-05,abs_error,6.829671852120925e-20
b_roundtrip,conditioning_scale,x,-1.84e-05,abs_error,6.732200572343007e-20
b_roundtrip,conditioning_scale,x,-1.8299999999999998e-05,abs_error,6.635709116455457e-20
b_roundtrip,conditioning_scale,x,-1.8200000000000002e-05,abs_error,6.540192151050016e-20
b_roundtrip,conditioning_scale,x,-1.81e-05,abs_error,6.445644342769025e-20
b_roundtrip,conditioning_scale,x,-1.7999999999999997e-05,abs_error,6.352060358309844e-20
b_roundtrip,conditioning_scale,x,-1.79e-05,abs_error,6.259434864429572e-20
b_roundtrip,conditioning_scale,x,-1.78e-05,abs_error,6.16776252794978e-20
b_roundtrip,conditioning_scale,x,-1.7699999999999997e-05,abs_error,6.077038015761731e-20
b_roundtrip,conditioning_scale,x,-1.76e-05,abs_error,5.987255994831654e-20
b_roundtrip,conditioning_scale,x,-1.75e-05,abs_error,5.898411132206272e-20
b_roundtrip,conditioning_scale,x,-1.7400000000000003e-05,abs_error,5.810498095018728e-20
b_roundtrip,conditioning_scale,x,-1.73e-05,abs_error,5.723511550494605e-20
b_roundtrip,conditioning_scale,x,-1.7199999999999998e-05,abs_error,5.637446165958342e-20
b_roundtrip,conditioning_scale,x,-1.7100000000000002e-05,abs_error,5.552296608839929e-20
b_roundtrip,conditioning_scale,x,-1.7e-05,abs_error,5.468057546681812e-20
b_roundtrip,conditioning_scale,x,-1.6899999999999997e-05,abs_error,5.3847236471462996e-20
b_roundtrip,conditioning_scale,x,-1.6800000000000002e-05,abs_error,5.302289578023108e-20
b_roundtrip,conditioning_scale,x,-1.67e-05,abs_error,5.2207500072373616e-20
b_roundtrip,conditioning_scale,x,-1.6599999999999997e-05,abs_error,5.140099602857924e-20
b_roundtrip,conditioning_scale,x,-1.65e-05,abs_error,5.0603330331061463e-20
b_roundtrip,conditioning_scale,x,-1.64e-05,abs_error,4.9814449663649276e-20
b_roundtrip,conditioning_scale,x,-1.6299999999999996e-05,abs_error,4.903430071188264e-20
b_roundtrip,conditioning_scale,x,-1.62e-05,abs_error,4.826283016311186e-20
b_roundtrip,conditioning_scale,x,-1.61e-05,abs_error,4.749998470660122e-20
b_roundtrip,conditioning_scale,x,-1.6000000000000003e-05,abs_error,4.6745711033637715e-20
b_roundtrip,conditioning_scale,x,-1.59e-05,abs_error,4.5999955837644524e-20
b_roundtrip,conditioning_scale,x,-1.5799999999999998e-05,abs_error,4.52626658142992e-20
b_roundtrip,conditioning_scale,x,-1.5700000000000002e-05,abs_error,4.453378766165772e-20
b_roundtrip,conditioning_scale,x,-1.56e-05,abs_error,4.381326808028306e-20
b_roundtrip,conditioning_scale,x,-1.5499999999999997e-05,abs_error,4.310105377338058e-20
b_roundtrip,conditioning_scale,x,-1.54e-05,abs_error,4.2397091446939e-20
b_roundtrip,conditioning_scale,x,-1.53e-05,abs_error,4.1701327809876834e-20
b_roundtrip,conditioning_scale,x,-1.5199999999999997e-05,abs_error,4.101370957419673e-20
b_roundtrip,conditioning_scale,x,-1.5100000000000001e-05,abs_error,4.0334183455145357e-20
b_roundtrip,conditioning_scale,x,-1.4999999999999999e-05,abs_error,3.9662696171380754e-20
b_roundtrip,conditioning_scale,x,-1.4899999999999996e-05,abs_error,3.899919444514758e-20
b_roundtrip,conditioning_scale,x,-1.48e-05,abs_error,3.8343625002458875e-20
b_roundtrip,conditioning_scale,x,-1.4699999999999998e-05,abs_error,3.7695934573286954e-20
b_roundtrip,conditioning_scale,x,-1.4600000000000003e-05,abs_error,3.7056069891762054e-20
b_roundtrip,conditioning_scale,x,-1.45e-05,abs_error,3.6423977696379265e-20
b_roundtrip,conditioning_scale,x,-1.4399999999999998e-05,abs_error,3.5799604730215796e-20
b_roundtrip,conditioning_scale,x,-1.4300000000000002e-05,abs_error,3.5182897741156486e-20
b_roundtrip,conditioning_scale,x,-1.42e-05,abs_error,3.457380348212913e-20
b_roundtrip,conditioning_scale,x,-1.4099999999999997e-05,abs_error,3.3972268711351234e-20
b_roundtrip,conditioning_scale,x,-1.4000000000000001e-05,abs_error,3.337824019258621e-20
b_roundtrip,conditioning_scale,x,-1.3899999999999999e-05,abs_error,3.2791664695411184e-20
b_roundtrip,conditioning_scale,x,-1.3799999999999997e-05,abs_error,3.221248899549646e-20
b_roundtrip,conditioning_scale,x,-1.3700000000000001e-05,abs_error,3.164065987489708e-20
b_roundtrip,conditioning_scale,x,-1.3599999999999999e-05,abs_error,3.107612412235689e-20
b_roundtrip,conditioning_scale,x,-1.3499999999999996e-05,abs_error,3.051882853362544e-20
b_roundtrip,conditioning_scale,x,-1.34e-05,abs_error,2.996871991178938e-20
b_roundtrip,conditioning_scale,x,-1.3299999999999998e-05,abs_error,2.942574506761701e-20
b_roundtrip,conditioning_scale,x,-1.3200000000000002e-05,abs_error,2.8889850819918816e-20
b_roundtrip,conditioning_scale,x,-1.31e-05,abs_error,2.836098399592233e-20
b_roundtrip,conditioning_scale,x,-1.2999999999999998e-05,abs_error,2.7839091431664106e-20
b_roundtrip,conditioning_scale,x,-1.2900000000000002e-05,abs_error,2.732411997239781e-20
b_roundtrip,conditioning_scale,x,-1.28e-05,abs_error,2.6816016473019796e-20
b_roundtrip,conditioning_scale,x,-1.2699999999999997e-05,abs_error,2.6314727798513525e-20
b_roundtrip,conditioning_scale,x,-1.2600000000000001e-05,abs_error,2.582020082441206e-20
b_roundtrip,conditioning_scale,x,-1.2499999999999999e-05,abs_error,2.5332382437280643e-20
b_roundtrip,conditioning_scale,x,-1.2399999999999996e-05,abs_error,2.4851219535220252e-20
b_roundtrip,conditioning_scale,x,-1.23e-05,abs_error,2.4376659028391605e-20
b_roundtrip,conditioning_scale,x,-1.2199999999999998e-05,abs_error,2.390864783956226e-20
b_roundtrip,conditioning_scale,x,-1.2099999999999996e-05,abs_error,2.3447132904676298e-20
b_roundtrip,conditioning_scale,x,-1.2e-05,abs_error,2.2992061173448498e-20
b_roundtrip,conditioning_scale,x,-1.1899999999999998e-05,abs_error,2.2543379609983234e-20
b_roundtrip,conditioning_scale,x,-1.1800000000000002e-05,abs_error,2.2101035193419695e-20
b_roundtrip,conditioning_scale,x,-1.17e-05,abs_error,2.166497491860412e-20
b_roundtrip,conditioning_scale,x,-1.1599999999999997e-05,abs_error,2.1235145796790355e-20
b_roundtrip,conditioning_scale,x,-1.1500000000000002e-05,abs_error,2.0811494856369578e-20
b_roundtrip,conditioning_scale,x,-1.14e-05,abs_error,2.039396914363061e-20
b_roundtrip,conditioning_scale,x,-1.1299999999999997e-05,abs_error,1.9982515723552135e-20
b_roundtrip,conditioning_scale,x,-1.1200000000000001e-05,abs_error,1.957708168062754e-20
b_roundtrip,conditioning_scale,x,-1.1099999999999999e-05,abs_error,1.9177614119724286e-20
b_roundtrip,conditioning_scale,x,-1.0999999999999996e-05,abs_error,1.8784060166978804e-20
b_roundtrip,conditioning_scale,x,-1.09e-05,abs_error,1.839636697072839e-20
b_roundtrip,conditioning_scale,x,-1.0799999999999998e-05,abs_error,1.8014481702481416e-20
b_roundtrip,conditioning_scale,x,-1.0699999999999996e-05,abs_error,1.763835155792764e-20
b_roundtrip,conditioning_scale,x,-1.06e-05,abs_error,1.7267923757989753e-20
b_roundtrip,conditioning_scale,x,-1.0499999999999998e-05,abs_error,1.6903145549918e-20
b_roundtrip,conditioning_scale,x,-1.0400000000000002e-05,abs_error,1.654396420842948e-20
b_roundtrip,conditioning_scale,x,-1.03e-05,abs_error,1.6190327036893597e-20
b_roundtrip,conditioning_scale,x,-1.0199999999999997e-05,abs_error,1.584218136856567e-20
b_roundtrip,conditioning_scale,x,-1.0100000000000002e-05,abs_error,1.5499474567870323e-20
b_roundtrip,conditioning_scale,x,-9.999999999999999e-06,abs_error,1.5162154031736354e-20
b_roundtrip,conditioning_scale,x,-9.899999999999997e-06,abs_error,1.4979966859581138e-20
b_roundtrip,conditioning_scale,x,-9.800000000000001e-06,abs_error,1.479945052221986e-20
b_roundtrip,conditioning_scale,x,-9.699999999999999e-06,abs_error,1.4620602574332916e-20
b_roundtrip,conditioning_scale,x,-9.599999999999996e-06,abs_error,1.4443420508711177e-20
b_roundtrip,conditioning_scale,x,-9.5e-06,abs_error,1.426790175470628e-20
b_roundtrip,conditioning_scale,x,-9.399999999999998e-06,abs_error,1.4094043676649863e-20
b_roundtrip,conditioning_scale,x,-9.299999999999996e-06,abs_error,1.3921843572241606e-20
b_roundtrip,conditioning_scale,x,-9.2e-06,abs_error,1.3751298670906208e-20
b_roundtrip,conditioning_scale,x,-9.099999999999998e-06,abs_error,1.3582406132119243e-20
b_roundtrip,conditioning_scale,x,-9.000000000000002e-06,abs_error,1.3415163043702426e-20
b_roundtrip,conditioning_scale,x,-8.9e-06,abs_error,1.3249566420088115e-20
b_roundtrip,conditioning_scale,x,-8.799999999999997e-06,abs_error,1.3085613200553717e-20
b_roundtrip,conditioning_scale,x,-8.700000000000001e-06,abs_error,1.2923300247426151e-20
b_roundtrip,conditioning_scale,x,-8.599999999999999e-06,abs_error,1.2762624344256994e-20
b_roundtrip,conditioning_scale,x,-8.499999999999997e-06,abs_error,1.2603582193968808e-20
b_roundtrip,conditioning_scale,x,-8.400000000000001e-06,abs_error,1.244617041697331e-20
b_roundtrip,conditioning_scale,x,-8.299999999999998e-06,abs_error,1.2290385549262091e-20
b_roundtrip,conditioning_scale,x,-8.199999999999996e-06,abs_error,1.2136224040470823e-20
b_roundtrip,conditioning_scale,x,-8.1e-06,abs_error,1.19836822519179e-20
b_roundtrip,conditioning_scale,x,-7.999999999999998e-06,abs_error,1.1832756454618365e-20
b_roundtrip,conditioning_scale,x,-7.899999999999996e-06,abs_error,1.1683442827274742e-20
b_roundtrip,conditioning_scale,x,-7.8e-06,abs_error,1.1535737454245664e-20
b_roundtrip,conditioning_scale,x,-7.699999999999997e-06,abs_error,1.1389636323493894e-20
b_roundtrip,conditioning_scale,x,-7.600000000000002e-06,abs_error,1.124513532451551e-20
b_roundtrip,conditioning_scale,x,-7.499999999999999e-06,abs_error,1.1102230246251563e-20
b_roundtrip,conditioning_scale,x,-7.399999999999997e-06,abs_error,1.0960916774984548e-20
b_roundtrip,conditioning_scale,x,-7.300000000000001e-06,abs_error,1.0821190492221261e-20
b_roundtrip,conditioning_scale,x,-7.199999999999999e-06,abs_error,1.0683046872564547e-20
b_roundtrip,conditioning_scale,x,-7.099999999999996e-06,abs_error,1.0546481281576196e-20
b_roundtrip,conditioning_scale,x,-7.000000000000001e-06,abs_error,1.0411488973633353e-20
b_roundtrip,conditioning_scale,x,-6.899999999999998e-06,abs_error,1.027806508978132e-20
b_roundtrip,conditioning_scale,x,-6.799999999999996e-06,abs_error,1.0146204655585596e-20
b_roundtrip,conditioning_scale,x,-6.7e-06,abs_error,1.0015902578986013e-20
b_roundtrip,conditioning_scale,x,-6.599999999999998e-06,abs_error,9.887153648156434e-21
b_roundtrip,conditioning_scale,x,-6.499999999999995e-06,abs_error,9.75995252937334e-21
b_roundtrip,conditioning_scale,x,-6.4e-06,abs_error,9.634293764896899e-21
b_roundtrip,conditioning_scale,x,-6.299999999999997e-06,abs_error,9.510171770868339e-21
b_roundtrip,conditioning_scale,x,-6.200000000000002e-06,abs_error,9.387580835227745e-21
b_roundtrip,conditioning_scale,x,-6.099999999999999e-06,abs_error,9.26651511565629e-21
b_roundtrip,conditioning_scale,x,-5.999999999999997e-06,abs_error,9.146968637547538e-21
b_roundtrip,conditioning_scale,x,-5.900000000000001e-06,abs_error,9.028935292012219e-21
b_roundtrip,conditioning_scale,x,-5.799999999999999e-06,abs_error,8.912408833921388e-21
b_roundtrip,conditioning_scale,x,-5.699999999999996e-06,abs_error,8.797382879993009e-21
b_roundtrip,conditioning_scale,x,-5.600000000000001e-06,abs_error,8.683850906927001e-21
b_roundtrip,conditioning_scale,x,-5.499999999999998e-06,abs_error,8.57180624959423e-21
b_roundtrip,conditioning_scale,x,-5.399999999999996e-06,abs_error,8.461242099285007e-21
b_roundtrip,conditioning_scale,x,-5.3e-06,abs_error,8.352151502022736e-21
b_roundtrip,conditioning_scale,x,-5.199999999999998e-06,abs_error,8.24452735694862e-21
b_roundtrip,conditioning_scale,x,-5.099999999999995e-06,abs_error,8.138362414783515e-21
b_roundtrip,conditioning_scale,x,-4.9999999999999996e-06,abs_error,8.033649276373057e-21
b_roundtrip,conditioning_scale,x,-4.899999999999997e-06,abs_error,7.930380391322327e-21
b_roundtrip,conditioning_scale,x,-4.8000000000000015e-06,abs_error,7.828548056726627e-21
b_roundtrip,conditioning_scale,x,-4.699999999999999e-06,abs_error,7.728144416004641e-21
b_roundtrip,conditioning_scale,x,-4.599999999999997e-06,abs_error,7.62916145784083e-21
b_roundtrip,conditioning_scale,x,-4.500000000000001e-06,abs_error,7.531591015243498e-21
b_roundtrip,conditioning_scale,x,-4.3999999999999985e-06,abs_error,7.435424764725328e-21
b_roundtrip,conditioning_scale,x,-4.299999999999996e-06,abs_error,7.3406542256131e-21
b_roundtrip,conditioning_scale,x,-4.2000000000000004e-06,abs_error,7.247270759493185e-21
b_roundtrip,conditioning_scale,x,-4.099999999999998e-06,abs_error,7.155265569799559e-21
b_roundtrip,conditioning_scale,x,-3.999999999999996e-06,abs_error,7.064629701550904e-21
b_roundtrip,conditioning_scale,x,-3.9e-06,abs_error,6.975354041243268e-21
b_roundtrip,conditioning_scale,x,-3.7999999999999975e-06,abs_error,6.88742931690463e-21
b_roundtrip,conditioning_scale,x,-3.699999999999995e-06,abs_error,6.800846098317705e-21
b_roundtrip,conditioning_scale,x,-3.5999999999999994e-06,abs_error,6.7155947974168525e-21
b_roundtrip,conditioning_scale,x,-3.499999999999997e-06,abs_error,6.6316656688649665e-21
b_roundtrip,conditioning_scale,x,-3.4000000000000013e-06,abs_error,6.5490488108159576e-21
b_roundtrip,conditioning_scale,x,-3.299999999999999e-06,abs_error,6.467734165867907e-21
b_roundtrip,conditioning_scale,x,-3.1999999999999965e-06,abs_error,6.387711522212005e-21
b_roundtrip,conditioning_scale,x,-3.100000000000001e-06,abs_error,6.3089705149816664e-21
b_roundtrip,conditioning_scale,x,-2.9999999999999984e-06,abs_error,6.231500627806046e-21
b_roundtrip,conditioning_scale,x,-2.899999999999996e-06,abs_error,6.155291194571725e-21
b_roundtrip,conditioning_scale,x,-2.8000000000000003e-06,abs_error,6.080331401395684e-21
b_roundtrip,conditioning_scale,x,-2.699999999999998e-06,abs_error,6.006610288812381e-21
b_roundtrip,conditioning_scale,x,-2.5999999999999954e-06,abs_error,5.9341167541771474e-21
b_roundtrip,conditioning_scale,x,-2.4999999999999998e-06,abs_error,5.862839554287474e-21
b_roundtrip,conditioning_scale,x,-2.3999999999999974e-06,abs_error,5.792767308223213e-21
b_roundtrip,conditioning_scale,x,-2.299999999999995e-06,abs_error,5.7238885004061475e-21
b_roundtrip,conditioning_scale,x,-2.1999999999999993e-06,abs_error,5.656191483878617e-21
b_roundtrip,conditioning_scale,x,-2.099999999999997e-06,abs_error,5.589664483800247e-21
b_roundtrip,conditioning_scale,x,-2.000000000000001e-06,abs_error,5.52429560116124e-21
b_roundtrip,conditioning_scale,x,-1.8999999999999987e-06,abs_error,5.46007281670975e-21
b_roundtrip,conditioning_scale,x,-1.7999999999999963e-06,abs_error,5.3969839950903845e-21
b_roundtrip,conditioning_scale,x,-1.7000000000000007e-06,abs_error,5.335016889189949e-21
b_roundtrip,conditioning_scale,x,-1.5999999999999982e-06,abs_error,5.274159144685892e-21
b_roundtrip,conditioning_scale,x,-1.4999999999999958e-06,abs_error,5.214398304792199e-21
b_roundtrip,conditioning_scale,x,-1.4000000000000001e-06,abs_error,5.1557218151966594e-21
b_roundtrip,conditioning_scale,x,-1.2999999999999977e-06,abs_error,5.098117029182719e-21
b_roundtrip,conditioning_scale,x,-1.1999999999999953e-06,abs_error,5.0415712129285215e-21
b_roundtrip,conditioning_scale,x,-1.0999999999999996e-06,abs_error,4.986071550974846e-21
b_roundtrip,conditioning_scale,x,-9.999999999999972e-07,abs_error,4.9316051518531295e-21
b_roundtrip,conditioning_scale,x,-8.999999999999948e-07,abs_error,4.8781590538640465e-21
b_roundtrip,conditioning_scale,x,-7.999999999999991e-07,abs_error,4.8257202309964805e-21
b_roundtrip,conditioning_scale,x,-6.999999999999967e-07,abs_error,4.774275598976111e-21
b_roundtrip,conditioning_scale,x,-6.00000000000001e-07,abs_error,4.723812021432428e-21
b_roundtrip,conditioning_scale,x,-4.999999999999986e-07,abs_error,4.67431631617222e-21
b_roundtrip,conditioning_scale,x,-3.9999999999999617e-07,abs_error,4.625775261547413e-21
b_roundtrip,conditioning_scale,x,-3.000000000000005e-07,abs_error,4.578175602904483e-21
b_roundtrip,conditioning_scale,x,-1.9999999999999809e-07,abs_error,4.5315040591024315e-21
b_roundtrip,conditioning_scale,x,-9.999999999999565e-08,abs_error,4.485747329086021e-21
b_roundtrip,conditioning_scale,x,0.0,abs_error,4.4408920985006265e-21
b_roundtrip,conditioning_scale,x,1.0000000000000243e-07,abs_error,4.396925046334928e-21
b_roundtrip,conditioning_scale,x,2.0000000000000486e-07,abs_error,4.35383285157762e-21
b_roundtrip,conditioning_scale,x,3.000000000000005e-07,abs_error,4.311602199874071e-21
b_roundtrip,conditioning_scale,x,4.0000000000000295e-07,abs_error,4.270219790169039e-21
b_roundtrip,conditioning_scale,x,5.000000000000054e-07,abs_error,4.229672341321534e-21
b_roundtrip,conditioning_scale,x,6.00000000000001e-07,abs_error,4.18994659867803e-21
b_roundtrip,conditioning_scale,x,7.000000000000035e-07,abs_error,4.151029340590445e-21
b_roundtrip,conditioning_scale,x,7.999999999999991e-07,abs_error,4.112907384865582e-21
b_roundtrip,conditioning_scale,x,9.000000000000015e-07,abs_error,4.075567595132913e-21
b_roundtrip,conditioning_scale,x,1.000000000000004e-06,abs_error,4.038996887118133e-21
b_roundtrip,conditioning_scale,x,1.0999999999999996e-06,abs_error,4.0031822348101205e-21
b_roundtrip,conditioning_scale,x,1.200000000000002e-06,abs_error,3.968110676509546e-21
b_roundtrip,conditioning_scale,x,1.3000000000000045e-06,abs_error,3.9337693207478526e-21
b_roundtrip,conditioning_scale,x,1.4000000000000001e-06,abs_error,3.900145352065818e-21
b_roundtrip,conditioning_scale,x,1.5000000000000026e-06,abs_error,3.867226036641579e-21
b_roundtrip,conditioning_scale,x,1.600000000000005e-06,abs_error,3.8349987277585924e-21
b_roundtrip,conditioning_scale,x,1.7000000000000007e-06,abs_error,3.80345087110464e-21
b_roundtrip,conditioning_scale,x,1.800000000000003e-06,abs_error,3.772570009893706e-21
b_roundtrip,conditioning_scale,x,1.8999999999999987e-06,abs_error,3.742343789803248e-21
b_roundtrip,conditioning_scale,x,2.000000000000001e-06,abs_error,3.712759963720063e-21
b_roundtrip,conditioning_scale,x,2.1000000000000036e-06,abs_error,3.683806396288759e-21
b_roundtrip,conditioning_scale,x,2.1999999999999993e-06,abs_error,3.655471068257497e-21
b_roundtrip,conditioning_scale,x,2.3000000000000017e-06,abs_error,3.6277420806164684e-21
b_roundtrip,conditioning_scale,x,2.400000000000004e-06,abs_error,3.60060765852531e-21
b_roundtrip,conditioning_scale,x,2.4999999999999998e-06,abs_error,3.574056155026356e-21
b_roundtrip,conditioning_scale,x,2.600000000000002e-06,abs_error,3.548076054541387e-21
b_roundtrip,conditioning_scale,x,2.7000000000000046e-06,abs_error,3.522655976150262e-21
b_roundtrip,conditioning_scale,x,2.8000000000000003e-06,abs_error,3.497784676650466e-21
b_roundtrip,conditioning_scale,x,2.9000000000000027e-06,abs_error,3.473451053397328e-21
b_roundtrip,conditioning_scale,x,3.000000000000005e-06,abs_error,3.449644146925316e-21
b_roundtrip,conditioning_scale,x,3.100000000000001e-06,abs_error,3.426353143351407e-21
b_roundtrip,conditioning_scale,x,3.2000000000000032e-06,abs_error,3.403567376562172e-21
b_roundtrip,conditioning_scale,x,3.299999999999999e-06,abs_error,3.3812763301867815e-21
b_roundtrip,conditioning_scale,x,3.4000000000000013e-06,abs_error,3.359469639358642e-21
b_roundtrip,conditioning_scale,x,3.5000000000000038e-06,abs_error,3.3381370922689374e-21
b_roundtrip,conditioning_scale,x,3.5999999999999994e-06,abs_error,3.3172686315157624e-21
b_roundtrip,conditioning_scale,x,3.700000000000002e-06,abs_error,3.2968543552530138e-21
b_roundtrip,conditioning_scale,x,3.8000000000000043e-06,abs_error,3.276884518143601e-21
b_roundtrip,conditioning_scale,x,3.9e-06,abs_error,3.2573495321218766e-21
b_roundtrip,conditioning_scale,x,4.000000000000002e-06,abs_error,3.238239966970545e-21
b_roundtrip,conditioning_scale,x,4.100000000000005e-06,abs_error,3.2195465507176023e-21
b_roundtrip,conditioning_scale,x,4.2000000000000004e-06,abs_error,3.2012601698590885e-21
b_roundtrip,conditioning_scale,x,4.300000000000003e-06,abs_error,3.183371869413681e-21
b_roundtrip,conditioning_scale,x,4.400000000000005e-06,abs_error,3.1658728528153642e-21
b_roundtrip,conditioning_scale,x,4.500000000000001e-06,abs_error,3.148754481650509e-21
b_roundtrip,conditioning_scale,x,4.600000000000003e-06,abs_error,3.132008275245885e-21
b_roundtrip,conditioning_scale,x,4.699999999999999e-06,abs_error,3.1156259101141872e-21
b_roundtrip,conditioning_scale,x,4.8000000000000015e-06,abs_error,3.099599219263715e-21
b_roundtrip,conditioning_scale,x,4.900000000000004e-06,abs_error,3.0839201913789226e-21
b_roundtrip,conditioning_scale,x,4.9999999999999996e-06,abs_error,3.06858096987851e-21
b_roundtrip,conditioning_scale,x,5.100000000000002e-06,abs_error,3.0535738518577597e-21
b_roundtrip,conditioning_scale,x,5.200000000000004e-06,abs_error,3.0388912869217696e-21
b_roundtrip,conditioning_scale,x,5.3e-06,abs_error,3.0245258759161675e-21
b_roundtrip,conditioning_scale,x,5.4000000000000025e-06,abs_error,3.010470369561808e-21
b_roundtrip,conditioning_scale,x,5.500000000000005e-06,abs_error,2.996717666999902e-21
b_roundtrip,conditioning_scale,x,5.600000000000001e-06,abs_error,2.9832608142538442e-21
b_roundtrip,conditioning_scale,x,5.700000000000003e-06,abs_error,2.9700930026139442e-21
b_roundtrip,conditioning_scale,x,5.8000000000000055e-06,abs_error,2.957207566951081e-21
b_roundtrip,conditioning_scale,x,5.900000000000001e-06,abs_error,2.9445979839651698e-21
b_roundtrip,conditioning_scale,x,6.0000000000000035e-06,abs_error,2.9322578703741612e-21
b_roundtrip,conditioning_scale,x,6.099999999999999e-06,abs_error,2.9201809810491278e-21
b_roundtrip,conditioning_scale,x,6.200000000000002e-06,abs_error,2.908361207100793e-21
b_roundtrip,conditioning_scale,x,6.300000000000004e-06,abs_error,2.8967925739227084e-21
b_roundtrip,conditioning_scale,x,6.4e-06,abs_error,2.8854692391960658e-21
b_roundtrip,conditioning_scale,x,6.500000000000002e-06,abs_error,2.874385490860935e-21
b_roundtrip,conditioning_scale,x,6.6000000000000046e-06,abs_error,2.863535745058561e-21
b_roundtrip,conditioning_scale,x,6.7e-06,abs_error,2.8529145440491017e-21
b_roundtrip,conditioning_scale,x,6.800000000000003e-06,abs_error,2.8425165541090316e-21
b_roundtrip,conditioning_scale,x,6.900000000000005e-06,abs_error,2.8323365634122238e-21
b_roundtrip,conditioning_scale,x,7.000000000000001e-06,abs_error,2.8223694798985158e-21
b_roundtrip,conditioning_scale,x,7.100000000000003e-06,abs_error,2.8126103291333824e-21
b_roundtrip,conditioning_scale,x,7.200000000000006e-06,abs_error,2.8030542521621482e-21
b_roundtrip,conditioning_scale,x,7.300000000000001e-06,abs_error,2.7936965033619607e-21
b_roundtrip,conditioning_scale,x,7.400000000000004e-06,abs_error,2.7845324482945876e-21
b_roundtrip,conditioning_scale,x,7.499999999999999e-06,abs_error,2.7755575615628915e-21
b_roundtrip,conditioning_scale,x,7.600000000000002e-06,abs_error,2.766767424673673e-21
b_roundtrip,conditioning_scale,x,7.700000000000004e-06,abs_error,2.7581577239093995e-21
b_roundtrip,conditioning_scale,x,7.8e-06,abs_error,2.7497242482111527e-21
b_roundtrip,conditioning_scale,x,7.900000000000002e-06,abs_error,2.7414628870749824e-21
b_roundtrip,conditioning_scale,x,8.000000000000005e-06,abs_error,2.7333696284636853e-21
b_roundtrip,conditioning_scale,x,8.1e-06,abs_error,2.725440556735875e-21
b_roundtrip,conditioning_scale,x,8.200000000000003e-06,abs_error,2.7176718505940613e-21
b_roundtrip,conditioning_scale,x,8.300000000000005e-06,abs_error,2.7100597810533253e-21
b_roundtrip,conditioning_scale,x,8.400000000000001e-06,abs_error,2.7026007094320243e-21
b_roundtrip,conditioning_scale,x,8.500000000000003e-06,abs_error,2.6952910853658433e-21
b_roundtrip,conditioning_scale,x,8.600000000000006e-06,abs_error,2.688127444846383e-21
b_roundtrip,conditioning_scale,x,8.700000000000001e-06,abs_error,2.681106408285349e-21
b_roundtrip,conditioning_scale,x,8.800000000000004e-06,abs_error,2.6742246786053032e-21
b_roundtrip,conditioning_scale,x,8.9e-06,abs_error,2.667479039357828e-21
b_roundtrip,conditioning_scale,x,9.000000000000002e-06,abs_error,2.6608663528698444e-21
b_roundtrip,conditioning_scale,x,9.100000000000004e-06,abs_error,2.6543835584187476e-21
b_roundtrip,conditioning_scale,x,9.2e-06,abs_error,2.648027670436908e-21
b_roundtrip,conditioning_scale,x,9.300000000000002e-06,abs_error,2.6417957767460202e-21
b_roundtrip,conditioning_scale,x,9.400000000000005e-06,abs_error,2.6356850368216925e-21
b_roundtrip,conditioning_scale,x,9.5e-06,abs_error,2.6296926800885976e-21
b_roundtrip,conditioning_scale,x,9.600000000000003e-06,abs_error,2.623816004246422e-21
b_roundtrip,conditioning_scale,x,9.700000000000005e-06,abs_error,2.6180523736268097e-21
b_roundtrip,conditioning_scale,x,9.800000000000001e-06,abs_error,2.6123992175814002e-21
b_roundtrip,conditioning_scale,x,9.900000000000003e-06,abs_error,2.6068540289010385e-21
b_roundtrip,conditioning_scale,x,1.0000000000000006e-05,abs_error,2.6014143622661533e-21
b_roundtrip,conditioning_scale,x,1.0100000000000002e-05,abs_error,2.6220386110555314e-21
b_roundtrip,conditioning_scale,x,1.0200000000000004e-05,abs_error,2.642658956506905e-21
b_roundtrip,conditioning_scale,x,1.03e-05,abs_error,2.6632760862542835e-21
b_roundtrip,conditioning_scale,x,1.0400000000000002e-05,abs_error,2.6838906554274398e-21
b_roundtrip,conditioning_scale,x,1.0500000000000005e-05,abs_error,2.704503287986882e-21
b_roundtrip,conditioning_scale,x,1.06e-05,abs_error,2.7251145780072137e-21
b_roundtrip,conditioning_scale,x,1.0700000000000003e-05,abs_error,2.745725090910694e-21
b_roundtrip,conditioning_scale,x,1.0800000000000005e-05,abs_error,2.7663353646527663e-21
b_roundtrip,conditioning_scale,x,1.09e-05,abs_error,2.7869459108613026e-21
b_roundtrip,conditioning_scale,x,1.1000000000000003e-05,abs_error,2.8075572159312265e-21
b_roundtrip,conditioning_scale,x,1.1100000000000006e-05,abs_error,2.8281697420761227e-21
b_roundtrip,conditioning_scale,x,1.1200000000000008e-05,abs_error,2.8487839283384404e-21
b_roundtrip,conditioning_scale,x,1.1299999999999997e-05,abs_error,2.869400191559789e-21
b_roundtrip,conditioning_scale,x,1.14e-05,abs_error,2.8900189273128285e-21
b_roundtrip,conditioning_scale,x,1.1500000000000002e-05,abs_error,2.9106405107961453e-21
b_roundtrip,conditioning_scale,x,1.1600000000000004e-05,abs_error,2.931265297693552e-21
b_roundtrip,conditioning_scale,x,1.1700000000000007e-05,abs_error,2.9518936249991043e-21
b_roundtrip,conditioning_scale,x,1.1800000000000009e-05,abs_error,2.9725258118091575e-21
b_roundtrip,conditioning_scale,x,1.1899999999999998e-05,abs_error,2.993162160082695e-21
b_roundtrip,conditioning_scale,x,1.2e-05,abs_error,3.013802955371163e-21
b_roundtrip,conditioning_scale,x,1.2100000000000003e-05,abs_error,3.034448467518937e-21
b_roundtrip,conditioning_scale,x,1.2200000000000005e-05,abs_error,3.0550989513355934e-21
b_roundtrip,conditioning_scale,x,1.2300000000000008e-05,abs_error,3.075754647241046e-21
b_roundtrip,conditioning_scale,x,1.2399999999999996e-05,abs_error,3.0964157818846033e-21
b_roundtrip,conditioning_scale,x,1.2499999999999999e-05,abs_error,3.1170825687389645e-21
b_roundtrip,conditioning_scale,x,1.2600000000000001e-05,abs_error,3.1377552086701094e-21
b_roundtrip,conditioning_scale,x,1.2700000000000004e-05,abs_error,3.1584338904840543e-21
b_roundtrip,conditioning_scale,x,1.2800000000000006e-05,abs_error,3.1791187914513572e-21
b_roundtrip,conditioning_scale,x,1.2900000000000009e-05,abs_error,3.199810077810252e-21
b_roundtrip,conditioning_scale,x,1.2999999999999998e-05,abs_error,3.220507905249252e-21
b_roundtrip,conditioning_scale,x,1.31e-05,abs_error,3.2412124193700453e-21
b_roundtrip,conditioning_scale,x,1.3200000000000002e-05,abs_error,3.2619237561314286e-21
b_roundtrip,conditioning_scale,x,1.3300000000000005e-05,abs_error,3.282642042275074e-21
b_roundtrip,conditioning_scale,x,1.3400000000000007e-05,abs_error,3.3033673957338173e-21
b_roundtrip,conditioning_scale,x,1.350000000000001e-05,abs_error,3.3240999260231833e-21
b_roundtrip,conditioning_scale,x,1.3599999999999999e-05,abs_error,3.3448397346167963e-21
b_roundtrip,conditioning_scale,x,1.3700000000000001e-05,abs_error,3.3655869153063564e-21
b_roundtrip,conditioning_scale,x,1.3800000000000003e-05,abs_error,3.386341554546739e-21
b_roundtrip,conditioning_scale,x,1.3900000000000006e-05,abs_error,3.40710373178688e-21
b_roundtrip,conditioning_scale,x,1.4000000000000008e-05,abs_error,3.427873519786976e-21
b_roundtrip,conditioning_scale,x,1.4099999999999997e-05,abs_error,3.448650984922554e-21
b_roundtrip,conditioning_scale,x,1.42e-05,abs_error,3.469436187475971e-21
b_roundtrip,conditioning_scale,x,1.4300000000000002e-05,abs_error,3.490229181915782e-21
b_roundtrip,conditioning_scale,x,1.4400000000000004e-05,abs_error,3.511030017164548e-21
b_roundtrip,conditioning_scale,x,1.4500000000000007e-05,abs_error,3.5318387368554984e-21
b_roundtrip,conditioning_scale,x,1.460000000000001e-05,abs_error,3.552655379578511e-21
b_roundtrip,conditioning_scale,x,1.4699999999999998e-05,abs_error,3.57347997911584e-21
b_roundtrip,conditioning_scale,x,1.48e-05,abs_error,3.5943125646680305e-21
b_roundtrip,conditioning_scale,x,1.4900000000000003e-05,abs_error,3.6151531610703684e-21
b_roundtrip,conditioning_scale,x,1.5000000000000005e-05,abs_error,3.636001789000309e-21
b_roundtrip,conditioning_scale,x,1.5100000000000008e-05,abs_error,3.656858465176204e-21
b_roundtrip,conditioning_scale,x,1.5199999999999997e-05,abs_error,3.6777232025477064e-21
b_roundtrip,conditioning_scale,x,1.53e-05,abs_error,3.698596010478196e-21
b_roundtrip,conditioning_scale,x,1.54e-05,abs_error,3.719476894919509e-21
b_roundtrip,conditioning_scale,x,1.5500000000000004e-05,abs_error,3.740365858579348e-21
b_roundtrip,conditioning_scale,x,1.5600000000000006e-05,abs_error,3.7612629010816215e-21
b_roundtrip,conditioning_scale,x,1.570000000000001e-05,abs_error,3.782168019120026e-21
b_roundtrip,conditioning_scale,x,1.5799999999999998e-05,abs_error,3.803081206605137e-21
b_roundtrip,conditioning_scale,x,1.59e-05,abs_error,3.8240024548052825e-21
b_roundtrip,conditioning_scale,x,1.6000000000000003e-05,abs_error,3.844931752481435e-21
b_roundtrip,conditioning_scale,x,1.6100000000000005e-05,abs_error,3.865869086016393e-21
b_roundtrip,conditioning_scale,x,1.6200000000000008e-05,abs_error,3.886814439538467e-21
b_roundtrip,conditioning_scale,x,1.630000000000001e-05,abs_error,3.9077677950399006e-21
b_roundtrip,conditioning_scale,x,1.64e-05,abs_error,3.928729132490239e-21
b_roundtrip,conditioning_scale,x,1.65e-05,abs_error,3.949698429944871e-21
b_roundtrip,conditioning_scale,x,1.6600000000000004e-05,abs_error,3.970675663648893e-21
b_roundtrip,conditioning_scale,x,1.6700000000000006e-05,abs_error,3.9916608081365606e-21
b_roundtrip,conditioning_scale,x,1.680000000000001e-05,abs_error,4.0126538363264365e-21
b_roundtrip,conditioning_scale,x,1.6899999999999997e-05,abs_error,4.033654719612464e-21
b_roundtrip,conditioning_scale,x,1.7e-05,abs_error,4.054663427951112e-21
b_roundtrip,conditioning_scale,x,1.7100000000000002e-05,abs_error,4.07567992994473e-21
b_roundtrip,conditioning_scale,x,1.7200000000000005e-05,abs_error,4.096704192921327e-21
b_roundtrip,conditioning_scale,x,1.7300000000000007e-05,abs_error,4.117736183010862e-21
b_roundtrip,conditioning_scale,x,1.740000000000001e-05,abs_error,4.138775865218231e-21
b_roundtrip,conditioning_scale,x,1.75e-05,abs_error,4.159823203493053e-21
b_roundtrip,conditioning_scale,x,1.76e-05,abs_error,4.180878160796431e-21
b_roundtrip,conditioning_scale,x,1.7700000000000003e-05,abs_error,4.201940699164745e-21
b_roundtrip,conditioning_scale,x,1.7800000000000006e-05,abs_error,4.223010779770686e-21
b_roundtrip,conditioning_scale,x,1.7900000000000008e-05,abs_error,4.244088362981558e-21
b_roundtrip,conditioning_scale,x,1.7999999999999997e-05,abs_error,4.2651734084150294e-21
b_roundtrip,conditioning_scale,x,1.81e-05,abs_error,4.2862658749924025e-21
b_roundtrip,conditioning_scale,x,1.8200000000000002e-05,abs_error,4.3073657209894976e-21
b_roundtrip,conditioning_scale,x,1.8300000000000004e-05,abs_error,4.328472904085285e-21
b_roundtrip,conditioning_scale,x,1.8400000000000007e-05,abs_error,4.349587381408327e-21
b_roundtrip,conditioning_scale,x,1.850000000000001e-05,abs_error,4.370709109581129e-21
b_roundtrip,conditioning_scale,x,1.8599999999999998e-05,abs_error,4.391838044762491e-21
b_roundtrip,conditioning_scale,x,1.87e-05,abs_error,4.412974142687948e-21
b_roundtrip,conditioning_scale,x,1.8800000000000003e-05,abs_error,4.434117358708344e-21
b_roundtrip,conditioning_scale,x,1.8900000000000005e-05,abs_error,4.4552676478266655e-21
b_roundtrip,conditioning_scale,x,1.9000000000000008e-05,abs_error,4.4764249647331796e-21
b_roundtrip,conditioning_scale,x,1.910000000000001e-05,abs_error,4.4975892638389404e-21
b_roundtrip,conditioning_scale,x,1.92e-05,abs_error,4.5187604993077475e-21
b_roundtrip,conditioning_scale,x,1.93e-05,abs_error,4.539938625086629e-21
b_roundtrip,conditioning_scale,x,1.9400000000000004e-05,abs_error,4.561123594934861e-21
b_roundtrip,conditioning_scale,x,1.9500000000000006e-05,abs_error,4.58231536245166e-21
b_roundtrip,conditioning_scale,x,1.960000000000001e-05,abs_error,4.6035138811025334e-21
b_roundtrip,conditioning_scale,x,1.9699999999999998e-05,abs_error,4.62471910424439e-21
b_roundtrip,conditioning_scale,x,1.98e-05,abs_error,4.6459309851494476e-21
b_roundtrip,conditioning_scale,x,1.9900000000000003e-05,abs_error,4.6671494770279656e-21
b_roundtrip,conditioning_scale,x,2.0000000000000005e-05,abs_error,4.688374533049895e-21
b_roundtrip,conditioning_scale,x,2.0100000000000007e-05,abs_error,4.709606106365461e-21
b_roundtrip,conditioning_scale,x,2.020000000000001e-05,abs_error,4.7308441501247236e-21
b_roundtrip,conditioning_scale,x,2.03e-05,abs_error,4.752088617496175e-21
b_roundtrip,conditioning_scale,x,2.04e-05,abs_error,4.773339461684405e-21
b_roundtrip,conditioning_scale,x,2.0500000000000004e-05,abs_error,4.794596635946857e-21
b_roundtrip,conditioning_scale,x,2.0600000000000006e-05,abs_error,4.815860093609755e-21
b_roundtrip,conditioning_scale,x,2.070000000000001e-05,abs_error,4.837129788083186e-21
b_roundtrip,conditioning_scale,x,2.0799999999999997e-05,abs_error,4.858405672875415e-21
b_roundtrip,conditioning_scale,x,2.09e-05,abs_error,4.879687701606449e-21
b_roundtrip,conditioning_scale,x,2.1000000000000002e-05,abs_error,4.9009758280208605e-21
b_roundtrip,conditioning_scale,x,2.1100000000000005e-05,abs_error,4.9222700059999445e-21
b_roundtrip,conditioning_scale,x,2.1200000000000007e-05,abs_error,4.943570189573207e-21
b_roundtrip,conditioning_scale,x,2.130000000000001e-05,abs_error,4.96487633292922e-21
b_roundtrip,conditioning_scale,x,2.14e-05,abs_error,4.986188390425868e-21
b_roundtrip,conditioning_scale,x,2.15e-05,abs_error,5.007506316600037e-21
b_roundtrip,conditioning_scale,x,2.1600000000000003e-05,abs_error,5.028830066176709e-21
b_roundtrip,conditioning_scale,x,2.1700000000000006e-05,abs_error,5.0501595940775635e-21
b_roundtrip,conditioning_scale,x,2.1800000000000008e-05,abs_error,5.071494855429052e-21
b_roundtrip,conditioning_scale,x,2.190000000000001e-05,abs_error,5.092835805569993e-21
b_roundtrip,conditioning_scale,x,2.2e-05,abs_error,5.114182400058694e-21
b_roundtrip,conditioning_scale,x,2.2100000000000002e-05,abs_error,5.135534594679651e-21
b_roundtrip,conditioning_scale,x,2.2200000000000004e-05,abs_error,5.15689234544978e-21
b_roundtrip,conditioning_scale,x,2.2300000000000007e-05,abs_error,5.178255608624289e-21
b_roundtrip,conditioning_scale,x,2.240000000000001e-05,abs_error,5.1996243407021256e-21
b_roundtrip,conditioning_scale,x,2.2499999999999998e-05,abs_error,5.220998498431073e-21
b_roundtrip,conditioning_scale,x,2.26e-05,abs_error,5.242378038812482e-21
b_roundtrip,conditioning_scale,x,2.2700000000000003e-05,abs_error,5.2637629191056565e-21
b_roundtrip,conditioning_scale,x,2.2800000000000005e-05,abs_error,5.2851530968319264e-21
b_roundtrip,conditioning_scale,x,2.2900000000000008e-05,abs_error,5.3065485297784026e-21
b_roundtrip,conditioning_scale,x,2.300000000000001e-05,abs_error,5.327949176001433e-21
b_roundtrip,conditioning_scale,x,2.31e-05,abs_error,5.34935499382978e-21
b_roundtrip,conditioning_scale,x,2.32e-05,abs_error,5.370765941867532e-21
b_roundtrip,conditioning_scale,x,2.3300000000000004e-05,abs_error,5.392181978996734e-21
b_roundtrip,conditioning_scale,x,2.3400000000000006e-05,abs_error,5.413603064379795e-21
b_roundtrip,conditioning_scale,x,2.350000000000001e-05,abs_error,5.435029157461651e-21
b_roundtrip,conditioning_scale,x,2.3599999999999998e-05,abs_error,5.456460217971695e-21
b_roundtrip,conditioning_scale,x,2.37e-05,abs_error,5.4778962059255194e-21
b_roundtrip,conditioning_scale,x,2.3800000000000003e-05,abs_error,5.499337081626406e-21
b_roundtrip,conditioning_scale,x,2.3900000000000005e-05,abs_error,5.520782805666669e-21
b_roundtrip,conditioning_scale,x,2.4000000000000007e-05,abs_error,5.542233338928783e-21
b_roundtrip,conditioning_scale,x,2.410000000000001e-05,abs_error,5.563688642586346e-21
b_roundtrip,conditioning_scale,x,2.42e-05,abs_error,5.5851486781048635e-21
b_roundtrip,conditioning_scale,x,2.43e-05,abs_error,5.6066134072423874e-21
b_roundtrip,conditioning_scale,x,2.4400000000000004e-05,abs_error,5.62808279204998e-21
b_roundtrip,conditioning_scale,x,2.4500000000000006e-05,abs_error,5.649556794872051e-21
b_roundtrip,conditioning_scale,x,2.460000000000001e-05,abs_error,5.671035378346541e-21
b_roundtrip,conditioning_scale,x,2.470000000000001e-05,abs_error,5.692518505404991e-21
b_roundtrip,conditioning_scale,x,2.48e-05,abs_error,5.714006139272461e-21
b_roundtrip,conditioning_scale,x,2.4900000000000002e-05,abs_error,5.735498243467363e-21
b_roundtrip,conditioning_scale,x,2.5000000000000005e-05,abs_error,5.7569947818011405e-21
b_roundtrip,conditioning_scale,x,2.5100000000000007e-05,abs_error,5.778495718377872e-21
b_roundtrip,conditioning_scale,x,2.520000000000001e-05,abs_error,5.80000101759376e-21
b_roundtrip,conditioning_scale,x,2.53e-05,abs_error,5.821510644136524e-21
b_roundtrip,conditioning_scale,x,2.54e-05,abs_error,5.8430245629847085e-21
b_roundtrip,conditioning_scale,x,2.5500000000000003e-05,abs_error,5.864542739406885e-21
b_roundtrip,conditioning_scale,x,2.5600000000000006e-05,abs_error,5.886065138960795e-21
b_roundtrip,conditioning_scale,x,2.5700000000000008e-05,abs_error,5.907591727492402e-21
b_roundtrip,conditioning_scale,x,2.580000000000001e-05,abs_error,5.9291224711348655e-21
b_roundtrip,conditioning_scale,x,2.59e-05,abs_error,5.9506573363074644e-21
b_roundtrip,conditioning_scale,x,2.6000000000000002e-05,abs_error,5.972196289714441e-21
b_roundtrip,conditioning_scale,x,2.6100000000000004e-05,abs_error,5.9937392983437735e-21
b_roundtrip,conditioning_scale,x,2.6200000000000007e-05,abs_error,6.01528632946591e-21
b_roundtrip,conditioning_scale,x,2.630000000000001e-05,abs_error,6.036837350632442e-21
b_roundtrip,conditioning_scale,x,2.6399999999999998e-05,abs_error,6.058392329674713e-21
b_roundtrip,conditioning_scale,x,2.65e-05,abs_error,6.079951234702404e-21
b_roundtrip,conditioning_scale,x,2.6600000000000003e-05,abs_error,6.101514034102041e-21
b_roundtrip,conditioning_scale,x,2.6700000000000005e-05,abs_error,6.123080696535493e-21
b_roundtrip,conditioning_scale,x,2.6800000000000008e-05,abs_error,6.144651190938402e-21
b_roundtrip,conditioning_scale,x,2.690000000000001e-05,abs_error,6.166225486518598e-21
b_roundtrip,conditioning_scale,x,2.7e-05,abs_error,6.187803552754462e-21
b_roundtrip,conditioning_scale,x,2.71e-05,abs_error,6.209385359393278e-21
b_roundtrip,conditioning_scale,x,2.7200000000000004e-05,abs_error,6.2309708764495154e-21
b_roundtrip,conditioning_scale,x,2.7300000000000006e-05,abs_error,6.252560074203142e-21
b_roundtrip,conditioning_scale,x,2.740000000000001e-05,abs_error,6.274152923197851e-21
b_roundtrip,conditioning_scale,x,2.7499999999999998e-05,abs_error,6.295749394239308e-21
b_roundtrip,conditioning_scale,x,2.76e-05,abs_error,6.317349458393363e-21
b_roundtrip,conditioning_scale,x,2.7700000000000002e-05,abs_error,6.3389530869842266e-21
b_roundtrip,conditioning_scale,x,2.7800000000000005e-05,abs_error,6.360560251592653e-21
b_roundtrip,conditioning_scale,x,2.7900000000000007e-05,abs_error,6.382170924054088e-21
b_roundtrip,conditioning_scale,x,2.800000000000001e-05,abs_error,6.40378507645682e-21
b_roundtrip,conditioning_scale,x,2.81e-05,abs_error,6.425402681140092e-21
b_roundtrip,conditioning_scale,x,2.82e-05,abs_error,6.4470237106922374e-21
b_roundtrip,conditioning_scale,x,2.8300000000000003e-05,abs_error,6.468648137948765e-21
b_roundtrip,conditioning_scale,x,2.8400000000000006e-05,abs_error,6.490275935990464e-21
b_roundtrip,conditioning_scale,x,2.850000000000001e-05,abs_error,6.511907078141495e-21
b_roundtrip,conditioning_scale,x,2.860000000000001e-05,abs_error,6.533541537967463e-21
b_roundtrip,conditioning_scale,x,2.87e-05,abs_error,6.555179289273502e-21
b_roundtrip,conditioning_scale,x,2.8800000000000002e-05,abs_error,6.5768203061023495e-21
b_roundtrip,conditioning_scale,x,2.8900000000000005e-05,abs_error,6.598464562732399e-21
b_roundtrip,conditioning_scale,x,2.9000000000000007e-05,abs_error,6.620112033675782e-21
b_roundtrip,conditioning_scale,x,2.910000000000001e-05,abs_error,6.641762693676423e-21
b_roundtrip,conditioning_scale,x,2.9199999999999998e-05,abs_error,6.6634165177081134e-21
b_roundtrip,conditioning_scale,x,2.93e-05,abs_error,6.68507348097257e-21
b_roundtrip,conditioning_scale,x,2.9400000000000003e-05,abs_error,6.7067335588975e-21
b_roundtrip,conditioning_scale,x,2.9500000000000006e-05,abs_error,6.72839672713467e-21
b_roundtrip,conditioning_scale,x,2.9600000000000008e-05,abs_error,6.750062961557984e-21
b_roundtrip,conditioning_scale,x,2.970000000000001e-05,abs_error,6.771732238261546e-21
b_roundtrip,conditioning_scale,x,2.98e-05,abs_error,6.793404533557745e-21
b_roundtrip,conditioning_scale,x,2.9900000000000002e-05,abs_error,6.815079823975341e-21
b_roundtrip,conditioning_scale,x,3.0000000000000004e-05,abs_error,6.836758086257548e-21
b_roundtrip,conditioning_scale,x,3.0100000000000007e-05,abs_error,6.858439297360131e-21
b_roundtrip,conditioning_scale,x,3.020000000000001e-05,abs_error,6.880123434449504e-21
b_roundtrip,conditioning_scale,x,3.0299999999999998e-05,abs_error,6.901810474900839e-21
b_roundtrip,conditioning_scale,x,3.04e-05,abs_error,6.92350039629619e-21
b_roundtrip,conditioning_scale,x,3.0500000000000003e-05,abs_error,6.945193176422598e-21
b_roundtrip,conditioning_scale,x,3.0600000000000005e-05,abs_error,6.966888793270238e-21
b_roundtrip,conditioning_scale,x,3.070000000000001e-05,abs_error,6.988587225030557e-21
b_roundtrip,conditioning_scale,x,3.080000000000001e-05,abs_error,7.01028845009441e-21
b_roundtrip,conditioning_scale,x,3.09e-05,abs_error,7.031992447050235e-21
b_roundtrip,conditioning_scale,x,3.1e-05,abs_error,7.053699194682218e-21
b_roundtrip,conditioning_scale,x,3.1100000000000004e-05,abs_error,7.075408671968462e-21
b_roundtrip,conditioning_scale,x,3.1200000000000006e-05,abs_error,7.097120858079185e-21
b_roundtrip,conditioning_scale,x,3.130000000000001e-05,abs_error,7.118835732374916e-21
b_roundtrip,conditioning_scale,x,3.140000000000001e-05,abs_error,7.140553274404705e-21
b_roundtrip,conditioning_scale,x,3.15e-05,abs_error,7.162273463904342e-21
b_roundtrip,conditioning_scale,x,3.16e-05,abs_error,7.183996280794603e-21
b_roundtrip,conditioning_scale,x,3.1700000000000005e-05,abs_error,7.205721705179476e-21
b_roundtrip,conditioning_scale,x,3.180000000000001e-05,abs_error,7.227449717344429e-21
b_roundtrip,conditioning_scale,x,3.190000000000001e-05,abs_error,7.24918029775467e-21
b_roundtrip,conditioning_scale,x,3.2e-05,abs_error,7.270913427053437e-21
b_roundtrip,conditioning_scale,x,3.21e-05,abs_error,7.292649086060286e-21
b_roundtrip,conditioning_scale,x,3.2200000000000003e-05,abs_error,7.314387255769392e-21
b_roundtrip,conditioning_scale,x,3.2300000000000006e-05,abs_error,7.33612791734787e-21
b_roundtrip,conditioning_scale,x,3.240000000000001e-05,abs_error,7.357871052134103e-21
b_roundtrip,conditioning_scale,x,3.250000000000001e-05,abs_error,7.37961664163609e-21
b_roundtrip,conditioning_scale,x,3.26e-05,abs_error,7.401364667529791e-21
b_roundtrip,conditioning_scale,x,3.27e-05,abs_error,7.42311511165751e-21
b_roundtrip,conditioning_scale,x,3.2800000000000004e-05,abs_error,7.444867956026261e-21
b_roundtrip,conditioning_scale,x,3.290000000000001e-05,abs_error,7.466623182806172e-21
b_roundtrip,conditioning_scale,x,3.300000000000001e-05,abs_error,7.488380774328891e-21
b_roundtrip,conditioning_scale,x,3.31e-05,abs_error,7.510140713085995e-21
b_roundtrip,conditioning_scale,x,3.32e-05,abs_error,7.531902981727453e-21
b_roundtrip,conditioning_scale,x,3.33e-05,abs_error,7.553667563060037e-21
b_roundtrip,conditioning_scale,x,3.3400000000000005e-05,abs_error,7.575434440045802e-21
b_roundtrip,conditioning_scale,x,3.350000000000001e-05,abs_error,7.59720359580056e-21
b_roundtrip,conditioning_scale,x,3.360000000000001e-05,abs_error,7.618975013592361e-21
b_roundtrip,conditioning_scale,x,3.37e-05,abs_error,7.640748676839984e-21
b_roundtrip,conditioning_scale,x,3.38e-05,abs_error,7.662524569111481e-21
b_roundtrip,conditioning_scale,x,3.3900000000000004e-05,abs_error,7.684302674122661e-21
b_roundtrip,conditioning_scale,x,3.4000000000000007e-05,abs_error,7.70608297573566e-21
b_roundtrip,conditioning_scale,x,3.410000000000001e-05,abs_error,7.727865457957483e-21
b_roundtrip,conditioning_scale,x,3.420000000000001e-05,abs_error,7.74965010493857e-21
b_roundtrip,conditioning_scale,x,3.43e-05,abs_error,7.771436900971369e-21
b_roundtrip,conditioning_scale,x,3.44e-05,abs_error,7.793225830488947e-21
b_roundtrip,conditioning_scale,x,3.4500000000000005e-05,abs_error,7.81501687806357e-21
b_roundtrip,conditioning_scale,x,3.460000000000001e-05,abs_error,7.83681002840534e-21
b_roundtrip,conditioning_scale,x,3.470000000000001e-05,abs_error,7.858605266360813e-21
b_roundtrip,conditioning_scale,x,3.48e-05,abs_error,7.880402576911648e-21
b_roundtrip,conditioning_scale,x,3.49e-05,abs_error,7.902201945173274e-21
b_roundtrip,conditioning_scale,x,3.5000000000000004e-05,abs_error,7.924003356393543e-21
b_roundtrip,conditioning_scale,x,3.5100000000000006e-05,abs_error,7.945806795951414e-21
b_roundtrip,conditioning_scale,x,3.520000000000001e-05,abs_error,7.967612249355659e-21
b_roundtrip,conditioning_scale,x,3.530000000000001e-05,abs_error,7.989419702243563e-21
b_roundtrip,conditioning_scale,x,3.54e-05,abs_error,8.01122914037964e-21
b_roundtrip,conditioning_scale,x,3.55e-05,abs_error,8.033040549654384e-21
b_roundtrip,conditioning_scale,x,3.5600000000000005e-05,abs_error,8.054853916082986e-21
b_roundtrip,conditioning_scale,x,3.570000000000001e-05,abs_error,8.076669225804114e-21
b_roundtrip,conditioning_scale,x,3.580000000000001e-05,abs_error,8.098486465078671e-21
b_roundtrip,conditioning_scale,x,3.59e-05,abs_error,8.12030562028858e-21
b_roundtrip,conditioning_scale,x,3.6e-05,abs_error,8.142126677935586e-21
b_roundtrip,conditioning_scale,x,3.61e-05,abs_error,8.163949624640044e-21
b_roundtrip,conditioning_scale,x,3.6200000000000006e-05,abs_error,8.185774447139749e-21
b_roundtrip,conditioning_scale,x,3.630000000000001e-05,abs_error,8.207601132288767e-21
b_roundtrip,conditioning_scale,x,3.640000000000001e-05,abs_error,8.229429667056269e-21
b_roundtrip,conditioning_scale,x,3.65e-05,abs_error,8.251260038525389e-21
b_roundtrip,conditioning_scale,x,3.66e-05,abs_error,8.273092233892095e-21
b_roundtrip,conditioning_scale,x,3.6700000000000004e-05,abs_error,8.294926240464048e-21
b_roundtrip,conditioning_scale,x,3.680000000000001e-05,abs_error,8.316762045659503e-21
b_roundtrip,conditioning_scale,x,3.690000000000001e-05,abs_error,8.338599637006206e-21
b_roundtrip,conditioning_scale,x,3.700000000000001e-05,abs_error,8.360439002140305e-21
b_roundtrip,conditioning_scale,x,3.71e-05,abs_error,8.382280128805261e-21
b_roundtrip,conditioning_scale,x,3.72e-05,abs_error,8.404123004850806e-21
b_roundtrip,conditioning_scale,x,3.7300000000000005e-05,abs_error,8.425967618231857e-21
b_roundtrip,conditioning_scale,x,3.740000000000001e-05,abs_error,8.447813957007481e-21
b_roundtrip,conditioning_scale,x,3.750000000000001e-05,abs_error,8.469662009339871e-21
b_roundtrip,conditioning_scale,x,3.76e-05,abs_error,8.491511763493308e-21
b_roundtrip,conditioning_scale,x,3.77e-05,abs_error,8.513363207833159e-21
b_roundtrip,conditioning_scale,x,3.7800000000000004e-05,abs_error,8.535216330824861e-21
b_roundtrip,conditioning_scale,x,3.7900000000000006e-05,abs_error,8.557071121032941e-21
b_roundtrip,conditioning_scale,x,3.800000000000001e-05,abs_error,8.578927567120024e-21
b_roundtrip,conditioning_scale,x,3.810000000000001e-05,abs_error,8.60078565784587e-21
b_roundtrip,conditioning_scale,x,3.82e-05,abs_error,8.622645382066398e-21
b_roundtrip,conditioning_scale,x,3.83e-05,abs_error,8.644506728732758e-21
b_roundtrip,conditioning_scale,x,3.8400000000000005e-05,abs_error,8.666369686890372e-21
b_roundtrip,conditioning_scale,x,3.850000000000001e-05,abs_error,8.688234245677995e-21
b_roundtrip,conditioning_scale,x,3.860000000000001e-05,abs_error,8.710100394326814e-21
b_roundtrip,conditioning_scale,x,3.87e-05,abs_error,8.731968122159518e-21
b_roundtrip,conditioning_scale,x,3.88e-05,abs_error,8.753837418589412e-21
b_roundtrip,conditioning_scale,x,3.8900000000000004e-05,abs_error,8.775708273119504e-21
b_roundtrip,conditioning_scale,x,3.9000000000000006e-05,abs_error,8.797580675341635e-21
b_roundtrip,conditioning_scale,x,3.910000000000001e-05,abs_error,8.819454614935601e-21
b_roundtrip,conditioning_scale,x,3.920000000000001e-05,abs_error,8.841330081668286e-21
b_roundtrip,conditioning_scale,x,3.93e-05,abs_error,8.863207065392804e-21
b_roundtrip,conditioning_scale,x,3.94e-05,abs_error,8.885085556047665e-21
b_roundtrip,conditioning_scale,x,3.9500000000000005e-05,abs_error,8.906965543655915e-21
b_roundtrip,conditioning_scale,x,3.960000000000001e-05,abs_error,8.928847018324325e-21
b_roundtrip,conditioning_scale,x,3.970000000000001e-05,abs_error,8.950729970242563e-21
b_roundtrip,conditioning_scale,x,3.980000000000001e-05,abs_error,8.97261438968238e-21
b_roundtrip,conditioning_scale,x,3.99e-05,abs_error,8.994500266996811e-21
b_roundtrip,conditioning_scale,x,4e-05,abs_error,9.016387592619385e-21
b_roundtrip,conditioning_scale,x,4.0100000000000006e-05,abs_error,9.038276357063325e-21
b_roundtrip,conditioning_scale,x,4.020000000000001e-05,abs_error,9.060166550920784e-21
b_roundtrip,conditioning_scale,x,4.030000000000001e-05,abs_error,9.082058164862064e-21
b_roundtrip,conditioning_scale,x,4.04e-05,abs_error,9.103951189634859e-21
b_roundtrip,conditioning_scale,x,4.05e-05,abs_error,9.125845616063514e-21
b_roundtrip,conditioning_scale,x,4.0600000000000004e-05,abs_error,9.147741435048255e-21
b_roundtrip,conditioning_scale,x,4.070000000000001e-05,abs_error,9.169638637564472e-21
b_roundtrip,conditioning_scale,x,4.080000000000001e-05,abs_error,9.191537214661976e-21
b_roundtrip,conditioning_scale,x,4.090000000000001e-05,abs_error,9.21343715746429e-21
b_roundtrip,conditioning_scale,x,4.1e-05,abs_error,9.235338457167922e-21
b_roundtrip,conditioning_scale,x,4.11e-05,abs_error,9.257241105041672e-21
b_roundtrip,conditioning_scale,x,4.1200000000000005e-05,abs_error,9.27914509242592e-21
b_roundtrip,conditioning_scale,x,4.130000000000001e-05,abs_error,9.301050410731938e-21
b_roundtrip,conditioning_scale,x,4.140000000000001e-05,abs_error,9.322957051441211e-21
b_roundtrip,conditioning_scale,x,4.15e-05,abs_error,9.344865006104753e-21
b_roundtrip,conditioning_scale,x,4.16e-05,abs_error,9.36677426634245e-21
b_roundtrip,conditioning_scale,x,4.1700000000000004e-05,abs_error,9.388684823842378e-21
b_roundtrip,conditioning_scale,x,4.1800000000000006e-05,abs_error,9.410596670360157e-21
b_roundtrip,conditioning_scale,x,4.190000000000001e-05,abs_error,9.432509797718313e-21
b_roundtrip,conditioning_scale,x,4.200000000000001e-05,abs_error,9.454424197805618e-21
b_roundtrip,conditioning_scale,x,4.21e-05,abs_error,9.476339862576456e-21
b_roundtrip,conditioning_scale,x,4.22e-05,abs_error,9.498256784050223e-21
b_roundtrip,conditioning_scale,x,4.2300000000000005e-05,abs_error,9.520174954310666e-21
b_roundtrip,conditioning_scale,x,4.240000000000001e-05,abs_error,9.542094365505295e-21
b_roundtrip,conditioning_scale,x,4.250000000000001e-05,abs_error,9.56401500984476e-21
b_roundtrip,conditioning_scale,x,4.260000000000001e-05,abs_error,9.585936879602261e-21
b_roundtrip,conditioning_scale,x,4.27e-05,abs_error,9.607859967112942e-21
b_roundtrip,conditioning_scale,x,4.2800000000000004e-05,abs_error,9.629784264773316e-21
b_roundtrip,conditioning_scale,x,4.2900000000000006e-05,abs_error,9.651709765040656e-21
b_roundtrip,conditioning_scale,x,4.300000000000001e-05,abs_error,9.673636460432449e-21
b_roundtrip,conditioning_scale,x,4.310000000000001e-05,abs_error,9.695564343525807e-21
b_roundtrip,conditioning_scale,x,4.32e-05,abs_error,9.7174934069569e-21
b_roundtrip,conditioning_scale,x,4.33e-05,abs_error,9.739423643420417e-21
b_roundtrip,conditioning_scale,x,4.3400000000000005e-05,abs_error,9.761355045668987e-21
b_roundtrip,conditioning_scale,x,4.350000000000001e-05,abs_error,9.783287606512654e-21
b_roundtrip,conditioning_scale,x,4.360000000000001e-05,abs_error,9.805221318818318e-21
b_roundtrip,conditioning_scale,x,4.370000000000001e-05,abs_error,9.827156175509219e-21
b_roundtrip,conditioning_scale,x,4.38e-05,abs_error,9.849092169564386e-21
b_roundtrip,conditioning_scale,x,4.39e-05,abs_error,9.871029294018136e-21
b_roundtrip,conditioning_scale,x,4.4000000000000006e-05,abs_error,9.892967541959536e-21
b_roundtrip,conditioning_scale,x,4.410000000000001e-05,abs_error,9.914906906531896e-21
b_roundtrip,conditioning_scale,x,4.420000000000001e-05,abs_error,9.936847380932264e-21
b_roundtrip,conditioning_scale,x,4.43e-05,abs_error,9.958788958410919e-21
b_roundtrip,conditioning_scale,x,4.44e-05,abs_error,9.980731632270886e-21
b_roundtrip,conditioning_scale,x,4.4500000000000004e-05,abs_error,1.0002675395867427e-20
b_roundtrip,conditioning_scale,x,4.460000000000001e-05,abs_error,1.0024620242607563e-20
b_roundtrip,conditioning_scale,x,4.470000000000001e-05,abs_error,1.0046566165949591e-20
b_roundtrip,conditioning_scale,x,4.480000000000001e-05,abs_error,1.0068513159402613e-20
b_roundtrip,conditioning_scale,x,4.49e-05,abs_error,1.0090461216526053e-20
b_roundtrip,conditioning_scale,x,4.5e-05,abs_error,1.0112410330929204e-20
b_roundtrip,conditioning_scale,x,4.5100000000000005e-05,abs_error,1.0134360496270759e-20
b_roundtrip,conditioning_scale,x,4.520000000000001e-05,abs_error,1.0156311706258344e-20
b_roundtrip,conditioning_scale,x,4.530000000000001e-05,abs_error,1.0178263954648093e-20
b_roundtrip,conditioning_scale,x,4.540000000000001e-05,abs_error,1.0200217235244167e-20
b_roundtrip,conditioning_scale,x,4.55e-05,abs_error,1.0222171541898339e-20
b_roundtrip,conditioning_scale,x,4.5600000000000004e-05,abs_error,1.0244126868509547e-20
b_roundtrip,conditioning_scale,x,4.5700000000000006e-05,abs_error,1.0266083209023455e-20
b_roundtrip,conditioning_scale,x,4.580000000000001e-05,abs_error,1.0288040557432024e-20
b_roundtrip,conditioning_scale,x,4.590000000000001e-05,abs_error,1.03099989077731e-20
b_roundtrip,conditioning_scale,x,4.6e-05,abs_error,1.0331958254129977e-20
b_roundtrip,conditioning_scale,x,4.61e-05,abs_error,1.0353918590631001e-20
b_roundtrip,conditioning_scale,x,4.6200000000000005e-05,abs_error,1.0375879911449138e-20
b_roundtrip,conditioning_scale,x,4.630000000000001e-05,abs_error,1.0397842210801576e-20
b_roundtrip,conditioning_scale,x,4.640000000000001e-05,abs_error,1.041980548294933e-20
b_roundtrip,conditioning_scale,x,4.650000000000001e-05,abs_error,1.044176972219683e-20
b_roundtrip,conditioning_scale,x,4.66e-05,abs_error,1.046373492289153e-20
b_roundtrip,conditioning_scale,x,4.6700000000000003e-05,abs_error,1.0485701079423529e-20
b_roundtrip,conditioning_scale,x,4.6800000000000006e-05,abs_error,1.0507668186225165e-20
b_roundtrip,conditioning_scale,x,4.690000000000001e-05,abs_error,1.0529636237770651e-20
b_roundtrip,conditioning_scale,x,4.700000000000001e-05,abs_error,1.0551605228575683e-20
b_roundtrip,conditioning_scale,x,4.71e-05,abs_error,1.057357515319707e-20
b_roundtrip,conditioning_scale,x,4.72e-05,abs_error,1.0595546006232372e-20
b_roundtrip,conditioning_scale,x,4.7300000000000005e-05,abs_error,1.0617517782319517e-20
b_roundtrip,conditioning_scale,x,4.740000000000001e-05,abs_error,1.0639490476136449e-20
b_roundtrip,conditioning_scale,x,4.750000000000001e-05,abs_error,1.0661464082400765e-20
b_roundtrip,conditioning_scale,x,4.760000000000001e-05,abs_error,1.0683438595869358e-20
b_roundtrip,conditioning_scale,x,4.77e-05,abs_error,1.0705414011338069e-20
b_roundtrip,conditioning_scale,x,4.78e-05,abs_error,1.072739032364134e-20
b_roundtrip,conditioning_scale,x,4.7900000000000006e-05,abs_error,1.0749367527651857e-20
b_roundtrip,conditioning_scale,x,4.800000000000001e-05,abs_error,1.0771345618280223e-20
b_roundtrip,conditioning_scale,x,4.810000000000001e-05,abs_error,1.0793324590474613e-20
b_roundtrip,conditioning_scale,x,4.820000000000001e-05,abs_error,1.081530443922044e-20
b_roundtrip,conditioning_scale,x,4.83e-05,abs_error,1.083728515954002e-20
b_roundtrip,conditioning_scale,x,4.8400000000000004e-05,abs_error,1.0859266746492262e-20
b_roundtrip,conditioning_scale,x,4.8500000000000007e-05,abs_error,1.0881249195172316e-20
b_roundtrip,conditioning_scale,x,4.860000000000001e-05,abs_error,1.0903232500711278e-20
b_roundtrip,conditioning_scale,x,4.870000000000001e-05,abs_error,1.0925216658275853e-20
b_roundtrip,conditioning_scale,x,4.88e-05,abs_error,1.0947201663068048e-20
b_roundtrip,conditioning_scale,x,4.89e-05,abs_error,1.0969187510324874e-20
b_roundtrip,conditioning_scale,x,4.9000000000000005e-05,abs_error,1.0991174195318012e-20
b_roundtrip,conditioning_scale,x,4.910000000000001e-05,abs_error,1.101316171335352e-20
b_roundtrip,conditioning_scale,x,4.920000000000001e-05,abs_error,1.1035150059771542e-20
b_roundtrip,conditioning_scale,x,4.930000000000001e-05,abs_error,1.105713922994599e-20
b_roundtrip,conditioning_scale,x,4.94e-05,abs_error,1.107912921928426e-20
b_roundtrip,conditioning_scale,x,4.9500000000000004e-05,abs_error,1.1101120023226941e-20
b_roundtrip,conditioning_scale,x,4.9600000000000006e-05,abs_error,1.1123111637247513e-20
b_roundtrip,conditioning_scale,x,4.970000000000001e-05,abs_error,1.1145104056852068e-20
b_roundtrip,conditioning_scale,x,4.980000000000001e-05,abs_error,1.1167097277579028e-20
b_roundtrip,conditioning_scale,x,4.99e-05,abs_error,1.1189091294998859e-20
b_roundtrip,conditioning_scale,x,5e-05,abs_error,1.1211086104713794e-20
