arch,channel,rs,s,f_model,f_parent
deep_3x16,fx,,0.000000,1.0,1.0
deep_3x16,fx,,0.025000,1.000137172430502,1.0001371734503082
deep_3x16,fx,,0.050000,1.0005484090306216,1.0005484131007953
deep_3x16,fx,,0.075000,1.0012328691688435,1.0012328782849313
deep_3x16,fx,,0.100000,1.0021891565771137,1.002189172660767
deep_3x16,fx,,0.125000,1.0034153264675802,1.0034153513166864
deep_3x16,fx,,0.150000,1.0049088953944003,1.0049089306249135
deep_3x16,fx,,0.175000,1.0066668537673351,1.0066669007499534
deep_3x16,fx,,0.200000,1.0086856808998363,1.0086857406950527
deep_3x16,fx,,0.225000,1.0109613624521083,1.010961435747421
deep_3x16,fx,,0.250000,1.0134894101094936,1.0134894971626558
deep_3x16,fx,,0.275000,1.0162648833187284,1.0162649839108355
deep_3x16,fx,,0.300000,1.0192824128893765,1.0192825262913066
deep_3x16,fx,,0.325000,1.0225362262551816,1.022536351210436
deep_3x16,fx,,0.350000,1.0260201741803183,1.0260203089066646
deep_3x16,fx,,0.375000,1.0297277586885913,1.0297279009001115
deep_3x16,fx,,0.400000,1.0336521619895245,1.0336523089397605
deep_3x16,fx,,0.425000,1.0377862761739405,1.0377864247198565
deep_3x16,fx,,0.450000,1.0421227334529584,1.0421228801384386
deep_3x16,fx,,0.475000,1.0466539367181806,1.0466540778748243
deep_3x16,fx,,0.500000,1.0513720902070367,1.0513722220691275
deep_3x16,fx,,0.525000,1.0562692300655654,1.056269348895353
deep_3x16,fx,,0.550000,1.0613372546111637,1.061337356830009
deep_3x16,fx,,0.575000,1.0665679541097122,1.0665680364302768
deep_3x16,fx,,0.600000,1.0719530398947976,1.0719530994492863
deep_3x16,fx,,0.625000,1.0774841726711548,1.0774842071307018
deep_3x16,fx,,0.650000,1.0831529898597985,1.0831529975403624
deep_3x16,fx,,0.675000,1.0889511318582048,1.0889511118088369
deep_3x16,fx,,0.700000,1.0948702671052062,1.0948702191752313
deep_3x16,fx,,0.725000,1.1009021158566834,1.1009020407391494
deep_3x16,fx,,0.750000,1.107038472594459,1.1070383718441337
deep_3x16,fx,,0.775000,1.1132712270068328,1.1132711030320084
deep_3x16,fx,,0.800000,1.1195923834947552,1.119592239523111
deep_3x16,fx,,0.825000,1.1259940791725547,1.1259939191922888
deep_3x16,fx,,0.850000,1.1324686003462758,1.1324684290245925
deep_3x16,fx,,0.875000,1.1390083974659406,1.139008220047757
deep_3x16,fx,,0.900000,1.1456060985603183,1.1456059207506675
deep_3x16,fx,,0.925000,1.1522545211740045,1.152254349008086
deep_3x16,fx,,0.950000,1.15894668283673,1.1589465225418367
deep_3x16,fx,,0.975000,1.1656758101038107,1.1656756679574736
deep_3x16,fx,,1.000000,1.1724353462144985,1.172435228403129
deep_3x16,fx,,1.025000,1.179218957421732,1.1792188699038115
deep_3x16,fx,,1.050000,1.1860205380523754,1.1860204864298936
deep_3x16,fx,,1.075000,1.192834214361627,1.192834203762979
deep_3x16,fx,,1.100000,1.1996543472487804,1.1996543822257886
deep_3x16,fx,,1.125000,1.20647553390412,1.2064756183452223
deep_3x16,fx,,1.150000,1.2132926084584235,1.2132927455194251
deep_3x16,fx,,1.175000,1.220100641707399,1.220100833760554
deep_3x16,fx,,1.200000,1.2268949399835327,1.2268951885850992
deep_3x16,fx,,1.225000,1.2336710432472815,1.2336713491231373
deep_3x16,fx,,1.250000,1.2404247224684195,1.2404250855168273
deep_3x16,fx,,1.275000,1.247151976366744,1.2471523956769321
deep_3x16,fx,,1.300000,1.2538490275792702,1.2538495014641662
deep_3x16,fx,,1.325000,1.2605123183186384,1.2605128443598486
deep_3x16,fx,,1.350000,1.2671385055847493,1.2671390806877225
deep_3x16,fx,,1.375000,1.273724455988706,1.2737250764459462
deep_3x16,fx,,1.400000,1.2802672402450335,1.2802679018052352
deep_3x16,fx,,1.425000,1.2867641273849286,1.2867648253259727
deep_3x16,fx,,1.450000,1.2932125787399826,1.2932133079438641
deep_3x16,fx,,1.475000,1.2996102417425117,1.2996109967704328
deep_3x16,fx,,1.500000,1.3059549435852897,1.3059557187513589
deep_3x16,fx,,1.525000,1.3122446847802134,1.3122454742224083
deep_3x16,fx,,1.550000,1.318477632652196,1.3184784303994812
deep_3x16,fx,,1.575000,1.3246521148014592,1.3246529148361825
deep_3x16,fx,,1.600000,1.3307666125643631,1.330767408879276
deep_3x16,fx,,1.625000,1.3368197544999945,1.3368205411494571
deep_3x16,fx,,1.650000,1.3428103099269557,1.3428110810720784
deep_3x16,fx,,1.675000,1.3487371825321441,1.3487379324797883
deep_3x16,fx,,1.700000,1.3545994040708091,1.3546001273065218
deep_3x16,fx,,1.725000,1.3603961281748111,1.360396819389886
deep_3x16,fx,,1.750000,1.3661266242837962,1.3661272783967613
deep_3x16,fx,,1.775000,1.3717902717119297,1.3717908838848296
deep_3x16,fx,,1.800000,1.3773865538609178,1.3773871195108214
deep_3x16,fx,,1.825000,1.3829150525882565,1.3829155673944546
deep_3x16,fx,,1.850000,1.3883754427380244,1.3883759026453952
deep_3x16,fx,,1.875000,1.3937674868400114,1.3937678880590432
deep_3x16,fx,,1.900000,1.3990910299816197,1.3990913689855675
deep_3x16,fx,,1.925000,1.4043459948557058,1.4043462683753405
deep_3x16,fx,,1.950000,1.4095323769864117,1.4095325820027964
deep_3x16,fx,,1.975000,1.414650240134008,1.4146503738697032
deep_3x16,fx,,2.000000,1.4196997118788584,1.4196997717879212
deep_3x16,fx,,2.025000,1.4246809793837973,1.4246809631409094
deep_3x16,fx,,2.050000,1.4295942853335015,1.4295941908225116
deep_3x16,fx,,2.075000,1.434439924048785,1.4344397493509262
deep_3x16,fx,,2.100000,1.439218237773218,1.4392179811552137
deep_3x16,fx,,2.125000,1.4439296131289652,1.4439292730312083
deep_3x16,fx,,2.150000,1.4485744777383542,1.4485740527633122
deep_3x16,fx,,2.175000,1.4531532970073278,1.4531527859082907
deep_3x16,fx,,2.200000,1.4576665710666412,1.4576659727369123
deep_3x16,fx,,2.225000,1.462114831866449,1.4621141453290472
deep_3x16,fx,,2.250000,1.4664986404197249,1.4664978648176454
deep_3x16,fx,,2.275000,1.470818584189823,1.470817718776893
deep_3x16,fx,,2.300000,1.4750752746173776,1.475074318749721
deep_3x16,fx,,2.325000,1.4792693447816891,1.479268297909802
deep_3x16,fx,,2.350000,1.4834014471916805,1.483400308853113
deep_3x16,fx,,2.375000,1.4874722517015233,1.4874710215141502
deep_3x16,fx,,2.400000,1.4914824435460332,1.491481121201892
deep_3x16,fx,,2.425000,1.495432721490979,1.4954313067506453
deep_3x16,fx,,2.450000,1.4993237960935009,1.4993222887809725
deep_3x16,fx,,2.475000,1.5031563880679062,1.5031547880659621
deep_3x16,fx,,2.500000,1.5069312267522004,1.5069295339981974
deep_3x16,fx,,2.525000,1.5106490486707982,1.5106472631528727
deep_3x16,fx,,2.550000,1.5143105961889811,1.514308717942618
deep_3x16,fx,,2.575000,1.5179166162547661,1.5179146453597039
deep_3x16,fx,,2.600000,1.521467859223985,1.5214657958014208
deep_3x16,fx,,2.625000,1.5249650777644947,1.5249629219745588
deep_3x16,fx,,2.650000,1.5284090258355632,1.5284067778750356
deep_3x16,fx,,2.675000,1.5318004577386213,1.5317981178388593
deep_3x16,fx,,2.700000,1.5351401272356948,1.5351376956607474
deep_3x16,fx,,2.725000,1.5384287867319624,1.538426263776851
deep_3x16,fx,,2.750000,1.5416671865190401,1.5416645725081797
deep_3x16,fx,,2.775000,1.5448560740756987,1.5448533693614435
deep_3x16,fx,,2.800000,1.5479961934228788,1.5479933983841754
deep_3x16,fx,,2.825000,1.551088284529984,1.5510853995711167
deep_3x16,fx,,2.850000,1.5541330827695703,1.5541301083189827
deep_3x16,fx,,2.875000,1.5571313184176652,1.5571282549268526
deep_3x16,fx,,2.900000,1.5600837161970944,1.5600805641395499
deep_3x16,fx,,2.925000,1.5629909948612866,1.562987754731498
deep_3x16,fx,,2.950000,1.56585386681617,1.5658505391286572
deep_3x16,fx,,2.975000,1.5686730377778708,1.5686696230662598
deep_3x16,fx,,3.000000,1.5714492064640433,1.5714457052801694
deep_3x16,fx,,3.025000,1.5741830643167636,1.5741794772298021
deep_3x16,fx,,3.050000,1.576875295255024,1.5768716228506432
deep_3x16,fx,,3.075000,1.579526575454962,1.5795228183344976
deep_3x16,fx,,3.100000,1.5821375731560554,1.5821337319357038
deep_3x16,fx,,3.125000,1.5847089484916088,1.5847050238016365
deep_3x16,fx,,3.150000,1.5872413533419378,1.587237345825908
deep_3x16,fx,,3.175000,1.5897354312087488,1.5897313415227634
deep_3x16,fx,,3.200000,1.5921918171092921,1.592187645921248
deep_3x16,fx,,3.225000,1.594611137488935,1.5946068854777975
deep_3x16,fx,,3.250000,1.5969940101508928,1.5969896780059818
deep_3x16,fx,,3.275000,1.5993410442019065,1.5993366326221994
deep_3x16,fx,,3.300000,1.6016528400127388,1.601648349706187
deep_3x16,fx,,3.325000,1.6039299891924121,1.6039254208752762
deep_3x16,fx,,3.350000,1.6061730745751868,1.6061684289713845
deep_3x16,fx,,3.375000,1.6083826702193231,1.6083779480597964
deep_3x16,fx,,3.400000,1.6105593414167343,1.6105545434388309
deep_3x16,fx,,3.425000,1.612703644712684,1.6126987716595576
deep_3x16,fx,,3.450000,1.6148161279347417,1.6148111805547691
deep_3x16,fx,,3.475000,1.616897330230246,1.6168923092764607
deep_3x16,fx,,3.500000,1.6189477821115728,1.6189426883411182
deep_3x16,fx,,3.525000,1.620968005508559,1.6209628396821578
deep_3x16,fx,,3.550000,1.622958513827456,1.622953276708899
deep_3x16,fx,,3.575000,1.624919812015841,1.6249145043714908
deep_3x16,fx,,3.600000,1.626852396632932,1.6268470192312494
deep_3x16,fx,,3.625000,1.6287567559248155,1.6287513095359003
deep_3x16,fx,,3.650000,1.6306333699040938,1.630627855299244
deep_3x16,fx,,3.675000,1.6324827104335151,1.632477128384804
deep_3x16,fx,,3.700000,1.6343052413131698,1.6342995925930408
deep_3x16,fx,,3.725000,1.63610141837086,1.6360957037517374
deep_3x16,fx,,3.750000,1.6378716895552823,1.6378659098091999
deep_3x16,fx,,3.775000,1.6396164950316805,1.6396106509299275
deep_3x16,fx,,3.800000,1.6413362672796619,1.641330359592442
deep_3x16,fx,,3.825000,1.6430314311928658,1.6430254606889751
deep_3x16,fx,,3.850000,1.644702404180227,1.6446963716267469
deep_3x16,fx,,3.875000,1.646349596268572,1.6463435024305744
deep_3x16,fx,,3.900000,1.6479734102063057,1.6479672558465768
deep_3x16,fx,,3.925000,1.6495742415679795,1.6495680274467555
deep_3x16,fx,,3.950000,1.6511524788595304,1.651146205734246
deep_3x16,fx,,3.975000,1.6527085036240015,1.6527021722490547
deep_3x16,fx,,4.000000,1.654242690547572,1.654236301674099
deep_3x16,fx,,4.025000,1.6557554075657348,1.6557489619413992
deep_3x16,fx,,4.050000,1.6572470159694699,1.6572405143382634
deep_3x16,fx,,4.075000,1.6587178705112822,1.6587113136133356
deep_3x16,fx,,4.100000,1.6601683195109689,1.6601617080823763
deep_3x16,fx,,4.125000,1.6615987049610066,1.6615920397336599
deep_3x16,fx,,4.150000,1.6630093626314533,1.663002644332885
deep_3x16,fx,,4.175000,1.6644006221742578,1.6643938515274967
deep_3x16,fx,,4.200000,1.665772807226901,1.6657659849503361
deep_3x16,fx,,4.225000,1.6671262355152778,1.6671193623225302
deep_3x16,fx,,4.250000,1.6684612189557495,1.668454295555556
deep_3x16,fx,,4.275000,1.669778063756302,1.6697710908524037
deep_3x16,fx,,4.300000,1.6710770705167475,1.6710700488077885
deep_3x16,fx,,4.325000,1.6723585343279113,1.672351464507346
deep_3x16,fx,,4.350000,1.6736227448697678,1.6736156276257725
deep_3x16,fx,,4.375000,1.6748699865084655,1.6748628225238602
deep_3x16,fx,,4.400000,1.6761005383922176,1.6760933283443924
deep_3x16,fx,,4.425000,1.6773146745460141,1.6773074191068635
deep_3x16,fx,,4.450000,1.6785126639651338,1.6785053638009961
deep_3x16,fx,,4.475000,1.6796947707074217,1.6796874264790258
deep_3x16,fx,,4.500000,1.6808612539843208,1.6808538663467358
deep_3x16,fx,,4.525000,1.6820123682506287,1.682004937853222
deep_3x16,fx,,4.550000,1.6831483632929722,1.6831408907793708
deep_3x16,fx,,4.575000,1.6842694843169836,1.6842619703250405
deep_3x16,fx,,4.600000,1.6853759720331691,1.685368417194935
deep_3x16,fx,,4.625000,1.6864680627414637,1.6864604676831623
deep_3x16,fx,,4.650000,1.6875459884144655,1.687538353756474
deep_3x16,fx,,4.675000,1.6886099767793519,1.6886023031361845
deep_3x16,fx,,4.700000,1.6896602513984689,1.6896525393787643
deep_3x16,fx,,4.725000,1.6906970317486025,1.6906892819551151
deep_3x16,fx,,4.750000,1.6917205332989305,1.691712746328525
deep_3x16,fx,,4.775000,1.6927309675876596,1.69272314403131
deep_3x16,fx,,4.800000,1.6937285422973574,1.6937206827401463
deep_3x16,fx,,4.825000,1.694713461328979,1.6947055663501032
deep_3x16,fx,,4.850000,1.6956859248746063,1.695677995047382
deep_3x16,fx,,4.875000,1.6966461294888986,1.6966381653807714
deep_3x16,fx,,4.900000,1.6975942681592737,1.6975862703318307
deep_3x16,fx,,4.925000,1.6985305303748264,1.6985224993838095
deep_3x16,fx,,4.950000,1.6994551021939963,1.6994470385893194
deep_3x16,fx,,4.975000,1.7003681663109997,1.7003600706367672
deep_3x16,fx,,5.000000,1.7012699021210391,1.701261774915565
deep_3x16,fx,,5.025000,1.702160485784298,1.7021523275801298
deep_3x16,fx,,5.050000,1.703040090288747,1.7030319016126885
deep_3x16,fx,,5.075000,1.7039088855117634,1.7039006668849015
deep_3x16,fx,,5.100000,1.704767038280592,1.7047587902183228
deep_3x16,fx,,5.125000,1.7056147124316487,1.7056064354437073
deep_3x16,fx,,5.150000,1.7064520688686984,1.7064437634591885
deep_3x16,fx,,5.175000,1.7072792656199096,1.7072709322873345
deep_3x16,fx,,5.200000,1.7080964578938111,1.708088097131107
deep_3x16,fx,,5.225000,1.7089037981341624,1.7088954104287313
deep_3x16,fx,,5.250000,1.709701436073756,1.7096930219075017
deep_3x16,fx,,5.275000,1.7104895187871714,1.7104810786365339
deep_3x16,fx,,5.300000,1.7112681907424903,1.711259725078483
deep_3x16,fx,,5.325000,1.7120375938519972,1.7120291031402441
deep_3x16,fx,,5.350000,1.7127978675218773,1.7127893522226525
deep_3x16,fx,,5.375000,1.7135491487009342,1.7135406092691985
deep_3x16,fx,,5.400000,1.7142915719283327,1.714283008813776
deep_3x16,fx,,5.425000,1.7150252693804011,1.7150166830274802
deep_3x16,fx,,5.450000,1.7157503709164919,1.7157417617644724
deep_3x16,fx,,5.475000,1.7164670041239267,1.7164583726069251
deep_3x16,fx,,5.500000,1.7171752943620453,1.7171666409090691
deep_3x16,fx,,5.525000,1.7178753648053624,1.717866689840354
deep_3x16,fx,,5.550000,1.7185673364858631,1.7185586404277413
deep_3x16,fx,,5.575000,1.719251328334442,1.7192426115971444
deep_3x16,fx,,5.600000,1.7199274572215058,1.719918720214034
deep_3x16,fx,,5.625000,1.7205958379967594,1.7205870811232205
deep_3x16,fx,,5.650000,1.7212565835281812,1.721247807187832
deep_3x16,fx,,5.675000,1.7219098047402133,1.7219010093275047
deep_3x16,fx,,5.700000,1.7225556106511744,1.7225467965557948
deep_3x16,fx,,5.725000,1.723194108409915,1.7231852760168345
deep_3x16,fx,,5.750000,1.7238254033317253,1.7238165530212408
deep_3x16,fx,,5.775000,1.724449598933517,1.7244407310812953
deep_3x16,fx,,5.800000,1.7250667969682851,1.725057911945408
deep_3x16,fx,,5.825000,1.7256770974588709,1.7256681956318787
deep_3x16,fx,,5.850000,1.726280598731034,1.7262716804619718
deep_3x16,fx,,5.875000,1.7268773974458569,1.7268684630923166
deep_3x16,fx,,5.900000,1.727467588631481,1.727458638546647
deep_3x16,fx,,5.925000,1.7280512657142018,1.7280423002468948
deep_3x16,fx,,5.950000,1.7286285205489267,1.728619540043648
deep_3x16,fx,,5.975000,1.7291994434490134,1.7291904482459888
deep_3x16,fx,,6.000000,1.7297641232154994,1.7297551136507232
deep_3x16,fc,0.5,0.000000,0.9999961712608586,0.9999961712608588
deep_3x16,fc,0.5,0.025000,0.9983586639030627,0.9983586646344352
deep_3x16,fc,0.5,0.050000,0.9934854342795458,0.9934854371990305
deep_3x16,fc,0.5,0.075000,0.9854913510784203,0.9854913576191164
deep_3x16,fc,0.5,0.100000,0.9745583120868601,0.9745583236306017
deep_3x16,fc,0.5,0.125000,0.9609224681642832,0.9609224860044977
deep_3x16,fc,0.5,0.150000,0.944859027337229,0.9448590526338713
deep_3x16,fc,0.5,0.175000,0.9266665341353398,0.9266665678644719
deep_3x16,fc,0.5,0.200000,0.9066522443686362,0.906652287270015
deep_3x16,fc,0.5,0.225000,0.8851197210674847,0.8851197735940066
deep_3x16,fc,0.5,0.250000,0.8623592254460798,0.8623592877190294
deep_3x16,fc,0.5,0.275000,0.838640994734507,0.838641066508284
deep_3x16,fc,0.5,0.300000,0.8142111543049907,0.8142112349444125
deep_3x16,fc,0.5,0.325000,0.7892898170937451,0.7892899055662282
deep_3x16,fc,0.5,0.350000,0.7640708552269906,0.7640709501109981
deep_3x16,fc,0.5,0.375000,0.7387228483783568,0.738722947888542
deep_3x16,fc,0.5,0.400000,0.7133907824903052,0.7133908845188547
deep_3x16,fc,0.5,0.425000,0.6881981611218546,0.6881982632946789
deep_3x16,fc,0.5,0.450000,0.6632492801516909,0.663249379897375
deep_3x16,fc,0.5,0.475000,0.6386314941631261,0.6386315887919551
deep_3x16,fc,0.5,0.500000,0.6144173653268585,0.614417452116793
deep_3x16,fc,0.5,0.525000,0.5906666327243315,0.5906667090105318
deep_3x16,fc,0.5,0.550000,0.5674279736205479,0.5674280368849434
deep_3x16,fc,0.5,0.575000,0.5447405507808615,0.5447405987383155
deep_3x16,fc,0.5,0.600000,0.5226353541530325,0.5226353848308631
deep_3x16,fc,0.5,0.625000,0.501136353407642,0.5011363652156074
deep_3x16,fc,0.5,0.650000,0.4802614818075781,0.4802614735958944
deep_3x16,fc,0.5,0.675000,0.4600234730793886,0.46002344418289265
deep_3x16,fc,0.5,0.700000,0.4404305724207507,0.4404305226879344
deep_3x16,fc,0.5,0.725000,0.4214871412269593,0.4214870710332323
deep_3x16,fc,0.5,0.750000,0.4031941730497881,0.4031940832949596
deep_3x16,fc,0.5,0.775000,0.38554973603890597,0.38554962812948085
deep_3x16,fc,0.5,0.800000,0.36854935486365725,0.36854923068108175
deep_3x16,fc,0.5,0.825000,0.3521863429930532,0.35218620484951263
deep_3x16,fc,0.5,0.850000,0.3364520942904696,0.3364519448742073
deep_3x16,fc,0.5,0.875000,0.3213363411865361,0.3213361834989273
deep_3x16,fc,0.5,0.900000,0.3068273852356844,0.306827222522449
deep_3x16,fc,0.5,0.925000,0.2929123046310911,0.2929121403100752
deep_3x16,fc,0.5,0.950000,0.2795771422333104,0.2795769798212084
deep_3x16,fc,0.5,0.975000,0.26680707683926563,0.2668069198795077
deep_3x16,fc,0.5,1.000000,0.25458657975799803,0.25458643175180856
deep_3x16,fc,0.5,1.025000,0.2428995582449167,0.24289942258726716
deep_3x16,fc,0.5,1.050000,0.23172948695515072,0.23172936687701973
deep_3x16,fc,0.5,1.075000,0.22105952828827713,0.22105942680628568
deep_3x16,fc,0.5,1.100000,0.21087264229216562,0.21087256216631964
deep_3x16,fc,0.5,1.125000,0.20115168665592698,0.20115163035586586
deep_3x16,fc,0.5,1.150000,0.1918795072359829,0.1918794769158274
deep_3x16,fc,0.5,1.175000,0.18303901951217394,0.18303901699379402
deep_3x16,fc,0.5,1.200000,0.17461328135167664,0.1746133081159656
deep_3x16,fc,0.5,1.225000,0.16658555745827985,0.16658561464383392
deep_3x16,fc,0.5,1.250000,0.15893937589601492,0.15893946430447428
deep_3x16,fc,0.5,1.275000,0.15165857709353125,0.15165869720073666
deep_3x16,fc,0.5,1.300000,0.144727355754672,0.14472750772673904
deep_3x16,fc,0.5,1.325000,0.13813029611829042,0.13813047983167853
deep_3x16,fc,0.5,1.350000,0.13185240102439066,0.13185261608906113
deep_3x16,fc,0.5,1.375000,0.12587911525284823,0.1258793610376418
deep_3x16,fc,0.5,1.400000,0.12019634360465525,0.12019661926408308
deep_3x16,fc,0.5,1.425000,0.11479046419371919,0.11479076869543448
deep_3x16,fc,0.5,1.450000,0.10964833740991975,0.1096486695622258
deep_3x16,fc,0.5,1.475000,0.10475731100192398,0.10475766948076473
deep_3x16,fc,0.5,1.500000,0.10010522171179814,0.10010560508677041
deep_3x16,fc,0.5,1.525000,0.0956803938734806,0.09568080063249802
deep_3x16,fc,0.5,1.550000,0.09147163536443825,0.09147206393676467
deep_3x16,fc,0.5,1.575000,0.08746823127509662,0.08746868005254455
deep_3x16,fc,0.5,1.600000,0.08365993563455798,0.08366040299072135
deep_3x16,fc,0.5,1.625000,0.080036961504383,0.08003744581183542
deep_3x16,fc,0.5,1.650000,0.07658996972532084,0.07659046937076666
deep_3x16,fc,0.5,1.675000,0.07331005657531331,0.07331056997272188
deep_3x16,fc,0.5,1.700000,0.07018874057126778,0.07018926617305912
deep_3x16,fc,0.5,1.725000,0.06721794862225416,0.06721848492863296
deep_3x16,fc,0.5,1.750000,0.06439000171821574,0.06439054728477098
deep_3x16,fc,0.5,1.775000,0.06169760031610849,0.0616981537598125
deep_3x16,fc,0.5,1.800000,0.059133809564746675,0.059134369568493717
deep_3x16,fc,0.5,1.825000,0.056692044490552096,0.05669260980638358
deep_3x16,fc,0.5,1.850000,0.05436605524893612,0.05436662470009754
deep_3x16,fc,0.5,1.875000,0.052149912530138676,0.05215048501211195
deep_3x16,fc,0.5,1.900000,0.05003799319398827,0.050038567674637165
deep_3x16,fc,0.5,1.925000,0.04802496619516017,0.0480255417141179
deep_3x16,fc,0.5,1.950000,0.04610577884900258,0.04610635451642435
deep_3x16,fc,0.5,1.975000,0.04427564347783819,0.04427621847262877
deep_3x16,fc,0.5,2.000000,0.04253002446867138,0.042530598036290536
deep_3x16,fc,0.5,2.025000,0.040864625765390405,0.04086519721532707
deep_3x16,fc,0.5,2.050000,0.03927537881175258,0.03927594751474929
deep_3x16,fc,0.5,2.075000,0.037758430955551314,0.03775899634064951
deep_3x16,fc,0.5,2.100000,0.03631013431933938,0.03631069587080901
deep_3x16,fc,0.5,2.125000,0.03492703513879991,0.03492759239300612
deep_3x16,fc,0.5,2.150000,0.03360586356626882,0.033606416108520214
deep_3x16,fc,0.5,2.175000,0.0323435239339005,0.032344071395319085
deep_3x16,fc,0.5,2.200000,0.03113708546851468,0.03113762752295615
deep_3x16,fc,0.5,2.225000,0.029983773448151174,0.029984309809202872
deep_3x16,fc,0.5,2.250000,0.02888096078877178,0.028881491206847024
deep_3x16,fc,0.5,2.275000,0.02782616004830618,0.027826684307850874
deep_3x16,fc,0.5,2.300000,0.026817015834306956,0.026817533751129878
deep_3x16,fc,0.5,2.325000,0.025851297600805845,0.025851809019539436
deep_3x16,fc,0.5,2.350000,0.024926892819521762,0.024927397611219253
deep_3x16,fc,0.5,2.375000,0.02404180051031346,0.024042298570184424
deep_3x16,fc,0.5,2.400000,0.023194125115679864,0.02319461636096361
deep_3x16,fc,0.5,2.425000,0.02238207070414233,0.022382555072118837
deep_3x16,fc,0.5,2.450000,0.021603935487510606,0.021604412933645116
deep_3x16,fc,0.5,2.475000,0.020858106637255514,0.020858577133474034
deep_3x16,fc,0.5,2.500000,0.020143055385547615,0.020143518918636836
deep_3x16,fc,0.5,2.525000,0.01945733239687697,0.019457788967005542
deep_3x16,fc,0.5,2.550000,0.01879956339659916,0.01880001301595232
deep_3x16,fc,0.5,2.575000,0.0181684450431987,0.018168887734721407
deep_3x16,fc,0.5,2.600000,0.017562741031536988,0.017563176827779654
deep_3x16,fc,0.5,2.625000,0.016981278414847423,0.016981707356906937
deep_3x16,fc,0.5,2.650000,0.016422944133738127,0.016423366270288828
deep_3x16,fc,0.5,2.675000,0.015886681740969855,0.01588709712737786
deep_3x16,fc,0.5,2.700000,0.01537148831127333,0.015371897008789036
deep_3x16,fc,0.5,2.725000,0.014876411525985733,0.014876813601008254
deep_3x16,fc,0.5,2.750000,0.014400546922753388,0.014400942446161183
deep_3x16,fc,0.5,2.775000,0.013943035301042905,0.01394342434758682
deep_3x16,fc,0.5,2.800000,0.013503060274669298,0.0135034429224213
deep_3x16,fc,0.5,2.825000,0.013079845962992387,0.013080222292847036
deep_3x16,fc,0.5,2.850000,0.012672654812880157,0.012673024908103358
deep_3x16,fc,0.5,2.875000,0.012280785543952732,0.012281149489774493
deep_3x16,fc,0.5,2.900000,0.011903571210029384,0.011903929093276212
deep_3x16,fc,0.5,2.925000,0.011540377370079846,0.0115407292788442
deep_3x16,fc,0.5,2.950000,0.011190600362368852,0.011190946385711102
deep_3x16,fc,0.5,2.975000,0.01085366567581103,0.010854005903492529
deep_3x16,fc,0.5,3.000000,0.010529026412916753,0.010529360935159847
deep_3x16,fc,0.5,3.025000,0.010216161839006532,0.010216490746280376
deep_3x16,fc,0.5,3.050000,0.009914576012694631,0.00991489939552285
deep_3x16,fc,0.5,3.075000,0.009623796492914005,0.00962411444170394
deep_3x16,fc,0.5,3.100000,0.009343373118043341,0.009343685722933544
deep_3x16,fc,0.5,3.125000,0.00907287685294167,0.009073184203666275
deep_3x16,fc,0.5,3.150000,0.00881189869995358,0.00881220088572273
deep_3x16,fc,0.5,3.175000,0.008560048670167797,0.00856034577956125
deep_3x16,fc,0.5,3.200000,0.008316954811438237,0.008317246932311853
deep_3x16,fc,0.5,3.225000,0.00808226228987774,0.008082549509281826
deep_3x16,fc,0.5,3.250000,0.00785563252173338,0.007855914925840547
deep_3x16,fc,0.5,3.275000,0.007636742352728931,0.007637020026771776
deep_3x16,fc,0.5,3.300000,0.0074252832821386505,0.007425556310355653
deep_3x16,fc,0.5,3.325000,0.007220960729016013,0.007221229194605152
deep_3x16,fc,0.5,3.350000,0.0070234933381535525,0.007023757323232783
deep_3x16,fc,0.5,3.375000,0.0068326123234973,0.0068328719090709365
deep_3x16,fc,0.5,3.400000,0.0066480608468661995,0.006648316112797191
deep_3x16,fc,0.5,3.425000,0.006469593429967779,0.006469844454954951
deep_3x16,fc,0.5,3.450000,0.006296975397805271,0.006297222259364868
deep_3x16,fc,0.5,3.475000,0.006129982351698815,0.006130225126150202
deep_3x16,fc,0.5,3.500000,0.005968399670235658,0.005968638432691078
deep_3x16,fc,0.5,3.525000,0.005812022036575049,0.005812256860931846
deep_3x16,fc,0.5,3.550000,0.005660652990620907,0.005660883949557558
deep_3x16,fc,0.5,3.575000,0.005514104504660278,0.005514331669634566
deep_3x16,fc,0.5,3.600000,0.005372196581159172,0.005372420022408773
deep_3x16,fc,0.5,3.625000,0.00523475687146957,0.0052349766580150085
deep_3x16,fc,0.5,3.650000,0.005101620314289401,0.0051018365139386904
deep_3x16,fc,0.5,3.675000,0.004972628792772604,0.0049728414721276004
deep_3x16,fc,0.5,3.700000,0.004847630809261871,0.004847840033726076
deep_3x16,fc,0.5,3.725000,0.004726481176665853,0.004726687010453871
deep_3x16,fc,0.5,3.750000,0.004609040725571001,0.0046092432317188185
deep_3x16,fc,0.5,3.775000,0.004495176026220626,0.004495375266596954
deep_3x16,fc,0.5,3.800000,0.004384759124552717,0.00438495515987154
deep_3x16,fc,0.5,3.825000,0.004277667291527232,0.004277860181360855
deep_3x16,fc,0.5,3.850000,0.0041737827850264475,0.00417397258781929
deep_3x16,fc,0.5,3.875000,0.004072992623642913,0.004073179396726176
deep_3x16,fc,0.5,3.900000,0.003975188371719507,0.003975372171325868
deep_3x16,fc,0.5,3.925000,0.003880265935036209,0.003880446816315581
deep_3x16,fc,0.5,3.950000,0.003788125366571471,0.0037883033836064225
deep_3x16,fc,0.5,3.975000,0.0036986706818040727,0.0036988458876262074
deep_3x16,fc,0.5,4.000000,0.0036118096830501933,0.0036119821296561735
deep_3x16,fc,0.5,4.025000,0.0035274537923516425,0.0035276235307199755
deep_3x16,fc,0.5,4.050000,0.003445517892472272,0.003445684972579932
deep_3x16,fc,0.5,4.075000,0.0033659201755715795,0.0033660846464103494
deep_3x16,fc,0.5,4.100000,0.0032885819991558263,0.0032887439087498005
deep_3x16,fc,0.5,4.125000,0.0032134277489257457,0.0032135871443476484
deep_3x16,fc,0.5,4.150000,0.0031403847081676872,0.003140541635555781
deep_3x16,fc,0.5,4.175000,0.003069382933342246,0.003069537437917249
deep_3x16,fc,0.5,4.200000,0.003000355135557742,0.003000507261639546
deep_3x16,fc,0.5,4.225000,0.002933236567623232,0.002933386358647509
deep_3x16,fc,0.5,4.250000,0.002867964916397514,0.002868112414932197
deep_3x16,fc,0.5,4.275000,0.002804480200161219,0.0028046254479229715
deep_3x16,fc,0.5,4.300000,0.0027427246707623087,0.002742867708632816
deep_3x16,fc,0.5,4.325000,0.0026826427202902847,0.0026827835883323843
deep_3x16,fc,0.5,4.350000,0.002624180792049846,0.0026243195295232785
deep_3x16,fc,0.5,4.375000,0.0025672872956243875,0.0025674239410017246
deep_3x16,fc,0.5,4.400000,0.0025119125258170616,0.002512047116799274
deep_3x16,fc,0.5,4.425000,0.0024580085852846656,0.0024581411588165073
deep_3x16,fc,0.5,4.450000,0.0024055293106749476,0.0024056599029599174
deep_3x16,fc,0.5,4.475000,0.0023544302020979124,0.0023545588486135268
deep_3x16,fc,0.5,4.500000,0.0023046683557660375,0.002304795091278237
deep_3x16,fc,0.5,4.525000,0.0022562023996494096,0.0022563272582273074
deep_3x16,fc,0.5,4.550000,0.0022089924319976806,0.002209115447027629
deep_3x16,fc,0.5,4.575000,0.0021629999625875085,0.002163121166787322
deep_3x16,fc,0.5,4.600000,0.0021181878565702528,0.0021183072820026927
deep_3x16,fc,0.5,4.625000,0.0020745202807861407,0.0020746379588730468
deep_3x16,fc,0.5,4.650000,0.002031962652433661,0.002032078613968704
deep_3x16,fc,0.5,4.675000,0.0019904815899769446,0.0019905958651390177
deep_3x16,fc,0.5,4.700000,0.001950044866186218,0.0019501574845522565
deep_3x16,fc,0.5,4.725000,0.0019106213632110736,0.0019107323537686412
deep_3x16,fc,0.5,4.750000,0.0018721810295887487,0.0018722904207485434
deep_3x16,fc,0.5,4.775000,0.0018346948390975948,0.0018348026587054643
deep_3x16,fc,0.5,4.800000,0.0017981347513684742,0.0017982410267173958
deep_3x16,fc,0.5,4.825000,0.0017624736741724822,0.001762578432014152
deep_3x16,fc,0.5,4.850000,0.0017276854273070574,0.0017277886938635106
deep_3x16,fc,0.5,4.875000,0.0016937447080063173,0.0016938465089809934
deep_3x16,fc,0.5,4.900000,0.0016606270578035653,0.0016607274183924714
deep_3x16,fc,0.5,4.925000,0.001628308830784686,0.001628407775686919
deep_3x16,fc,0.5,4.950000,0.001596767163160373,0.001596864716589041
deep_3x16,fc,0.5,4.975000,0.0015659799441054556,0.0015660761297978003
deep_3x16,fc,0.5,5.000000,0.0015359257878012622,0.001536020629028713
deep_3x16,fc,0.5,5.025000,0.001506584006631173,0.0015066775262095645
deep_3x16,fc,0.5,5.050000,0.001477934585473628,0.0014780268057724868
deep_3x16,fc,0.5,5.075000,0.001449958157047404,0.0014500490999996532
deep_3x16,fc,0.5,5.100000,0.001422635978257314,0.0014227256653687938
deep_3x16,fc,0.5,5.125000,0.0013959499075006931,0.0013960383598590484
deep_3x16,fc,0.5,5.150000,0.0013698823828881546,0.0013699696211715122
deep_3x16,fc,0.5,5.175000,0.0013444164013398652,0.001344502445826072
deep_3x16,fc,0.5,5.200000,0.0013195354985194863,0.001319620369094148
deep_3x16,fc,0.5,5.225000,0.0012952237295669189,0.0012953074457320137
deep_3x16,fc,0.5,5.250000,0.0012714656505973254,0.0012715482314793827
deep_3x16,fc,0.5,5.275000,0.001248246300931899,0.0012483277652897444
deep_3x16,fc,0.5,5.300000,0.00122555118602663,0.0012256315522594916
deep_3x16,fc,0.5,5.325000,0.0012033662610750895,0.0012034455472299352
deep_3x16,fc,0.5,5.350000,0.00118167791524737,0.0011817561390265222
deep_3x16,fc,0.5,5.375000,0.0011604729565469762,0.0011605501353155188
deep_3x16,fc,0.5,5.400000,0.0011397385972513607,0.0011398147480441024
deep_3x16,fc,0.5,5.425000,0.0011194624399178954,0.0011195375794464772
deep_3x16,fc,0.5,5.450000,0.0010996324639263033,0.0010997066085859438
deep_3x16,fc,0.5,5.475000,0.001080237012537899,0.0010803101784139062
deep_3x16,fc,0.5,5.500000,0.0010612647804476572,0.0010613369833224516
deep_3x16,fc,0.5,5.525000,0.0010427048018125662,0.0010427760571714813
deep_3x16,fc,0.5,5.550000,0.0010245464387297343,0.0010246167617677558
deep_3x16,fc,0.5,5.575000,0.0010067793701526995,0.001006848775780092
deep_3x16,fc,0.5,5.600000,0.0009893935812217425,0.0009894620840704305
deep_3x16,fc,0.5,5.625000,0.0009723793529956559,0.000972446967424831
deep_3x16,fc,0.5,5.650000,0.0009557272525667626,0.0009557939926686374
deep_3x16,fc,0.5,5.675000,0.0009394281235408641,0.0009394940031462534
deep_3x16,fc,0.5,5.700000,0.0009234730768725719,0.0009235381095562882
deep_3x16,fc,0.5,5.725000,0.0009078534820375905,0.0009079176811237815
deep_3x16,fc,0.5,5.750000,0.000892560958528299,0.0008926243370957384
deep_3x16,fc,0.5,5.775000,0.0008775873676628576,0.000877649938550017
deep_3x16,fc,0.5,5.800000,0.0008629248046905236,0.0008629865805003556
deep_3x16,fc,0.5,5.825000,0.000848565591186512,0.0008486265842915688
deep_3x16,fc,0.5,5.850000,0.0008345022677191949,0.0008345624902662513
deep_3x16,fc,0.5,5.875000,0.0008207275867850861,0.0008207870506999125
deep_3x16,fc,0.5,5.900000,0.000807234505994181,0.0008072932229858862
deep_3x16,fc,0.5,5.925000,0.0007940161815022106,0.0007940741630678401
deep_3x16,fc,0.5,5.950000,0.0007810659616753757,0.0007811232191043099
deep_3x16,fc,0.5,5.975000,0.0007683773809804562,0.0007684339253583744
deep_3x16,fc,0.5,6.000000,0.0007559441540920808,0.0007559999963054072
deep_3x16,fc,2,0.000000,0.9999979292399578,0.9999979292399579
deep_3x16,fc,2,0.025000,0.9992960990147048,0.9992961010731113
deep_3x16,fc,2,0.050000,0.997194857178342,0.9971948653968338
deep_3x16,fc,2,0.075000,0.9937068895278958,0.9937069079517921
deep_3x16,fc,2,0.100000,0.9888531384144338,0.9888531709729896
deep_3x16,fc,2,0.125000,0.9826625078761324,0.9826625583062567
deep_3x16,fc,2,0.150000,0.9751714627144791,0.9751715344708285
deep_3x16,fc,2,0.175000,0.9664235326663835,0.9664236288215278
deep_3x16,fc,2,0.200000,0.956468735015318,0.95646885815437
deep_3x16,fc,2,0.225000,0.9453629305400097,0.9453630826547406
deep_3x16,fc,2,0.250000,0.9331671285873313,0.9331673109752425
deep_3x16,fc,2,0.275000,0.9199467572897789,0.919946970463837
deep_3x16,fc,2,0.300000,0.9057709145802685,0.9057711581949571
deep_3x16,fc,2,0.325000,0.8907116147720032,0.890711887570984
deep_3x16,fc,2,0.350000,0.874843044173918,0.8748433439638938
deep_3x16,fc,2,0.375000,0.8582408376176913,0.8582411612720591
deep_3x16,fc,2,0.400000,0.8409813859956556,0.8409817294902436
deep_3x16,fc,2,0.425000,0.8231411830569177,0.8231415415386202
deep_3x16,fc,2,0.450000,0.8047962178740974,0.8047965857616002
deep_3x16,fc,2,0.475000,0.7860214176495609,0.7860217887637229
deep_3x16,fc,2,0.500000,0.7668901439326139,0.7668905116525188
deep_3x16,fc,2,0.525000,0.7474737439032431,0.7474741013425734
deep_3x16,fc,2,0.550000,0.7278411571617864,0.72784149735908
deep_3x16,fc,2,0.575000,0.7080585774507968,0.7080588935663934
deep_3x16,fc,2,0.600000,0.6881891679174447,0.6881894534295714
deep_3x16,fc,2,0.625000,0.668292827886059,0.668293076778535
deep_3x16,fc,2,0.650000,0.6484260086298577,0.6484262155643347
deep_3x16,fc,2,0.675000,0.6286415752852665,0.6286417357517053
deep_3x16,fc,2,0.700000,0.6089887118180072,0.6089888222581751
deep_3x16,fc,2,0.725000,0.589512865805312,0.589512923705394
deep_3x16,fc,2,0.750000,0.5702557297236851,0.570255733673549
deep_3x16,fc,2,0.775000,0.5512552554100745,0.551255205128223
deep_3x16,fc,2,0.800000,0.5325456983829859,0.5325455947076924
deep_3x16,fc,2,0.825000,0.5141576887588782,0.5141575336073486
deep_3x16,fc,2,0.850000,0.49611832557092983,0.49611812186950627
deep_3x16,fc,2,0.875000,0.4784512913870469,0.4784510429764151
deep_3x16,fc,2,0.900000,0.4611769842287927,0.4611766957488485
deep_3x16,fc,2,0.925000,0.44431266391097535,0.4443123406704296
deep_3x16,fc,2,0.950000,0.42787261005201005,0.4278722578879763
deep_3x16,fc,2,0.975000,0.4118682891473283,0.4118679142800541
deep_3x16,fc,2,1.000000,0.3963085282515102,0.39630813713912205
deep_3x16,fc,2,1.025000,0.3811996929788022,0.38119929217645976
deep_3x16,fc,2,1.050000,0.3665458677051697,0.3665454637324295
deep_3x16,fc,2,1.075000,0.35234903603660883,0.35234863525610427
deep_3x16,fc,2,1.100000,0.3386092597962218,0.3386088683060421
deep_3x16,fc,2,1.125000,0.3253248549743625,0.325324478515772
deep_3x16,fc,2,1.150000,0.31249256327950514,0.31249220716094483
deep_3x16,fc,2,1.175000,0.30010771811982373,0.3001073871574854
deep_3x16,fc,2,1.200000,0.2881644040341398,0.28816410250883695
deep_3x16,fc,2,1.225000,0.27665560877345485,0.27665534040303363
deep_3x16,fc,2,1.250000,0.26557336740840265,0.2655731353345545
deep_3x16,fc,2,1.275000,0.2549088980016645,0.2549087047897165
deep_3x16,fc,2,1.300000,0.2446527285360096,0.24465257618608027
deep_3x16,fc,2,1.325000,0.2347948149269442,0.234794704894746
deep_3x16,fc,2,1.350000,0.22532465007307245,0.22532458329861285
deep_3x16,fc,2,1.375000,0.21623136400674403,0.21623134094921204
deep_3x16,fc,2,1.400000,0.20750381530230877,0.2075038359795181
deep_3x16,fc,2,1.425000,0.1991306739795159,0.199130738010403
deep_3x16,fc,2,1.450000,0.19110049620583525,0.19110060285465802
deep_3x16,fc,2,1.475000,0.18340179115447608,0.18340193937552854
deep_3x16,fc,2,1.500000,0.17602308041556647,0.17602326889740094
deep_3x16,fc,2,1.525000,0.16895295038741076,0.16895317759573308
deep_3x16,fc,2,1.550000,0.1621800980940875,0.16218036231265762
deep_3x16,fc,2,1.575000,0.15569337088607416,0.15569367025510647
deep_3x16,fc,2,1.600000,0.14948180048328796,0.14948213303498506
deep_3x16,fc,2,1.625000,0.14353463181602655,0.1435349955070108
deep_3x16,fc,2,1.650000,0.13784134710993423,0.13784173985045117
deep_3x16,fc,2,1.675000,0.13239168564726822,0.13239210532712925
deep_3x16,fc,2,1.700000,0.12717565961942023,0.12717610413072902
deep_3x16,fc,2,1.725000,0.12218356646561979,0.12218403372238908
deep_3x16,fc,2,1.750000,0.11740599807084184,0.11740648602565415
deep_3x16,fc,2,1.775000,0.11283384717278677,0.11283435383068481
deep_3x16,fc,2,1.800000,0.10845831130393124,0.1084588347337509
deep_3x16,fc,2,1.825000,0.10427089457062022,0.1042714329139894
deep_3x16,fc,2,1.850000,0.10026340754729013,0.10026395902552457
deep_3x16,fc,2,1.875000,0.09642796554056488,0.09642852845968962
deep_3x16,fc,2,1.900000,0.09275698545536148,0.09275755820948363
deep_3x16,fc,2,1.925000,0.08924318147351151,0.08924376254675773
deep_3x16,fc,2,1.950000,0.0858795597348394,0.08588014770206033
deep_3x16,fc,2,1.975000,0.08265941219128636,0.08266000571771653
deep_3x16,fc,2,2.000000,0.07957630978654773,0.07957690762659296
deep_3x16,fc,2,2.025000,0.0766240950968533,0.07662469609216203
deep_3x16,fc,2,2.050000,0.07379687455294526,0.0737974776299044
deep_3x16,fc,2,2.075000,0.07108901034900494,0.07108961451578498
deep_3x16,fc,2,2.100000,0.06849511213117432,0.06849571647443305
deep_3x16,fc,2,2.125000,0.06601002854640292,0.06601063222774378
deep_3x16,fc,2,2.150000,0.06362883872154257,0.06362944097380911
deep_3x16,fc,2,2.175000,0.061346843732852485,0.06134744385632948
deep_3x16,fc,2,2.200000,0.05915955811731177,0.05916015547589158
deep_3x16,fc,2,2.225000,0.05706270146928338,0.05706329548664664
deep_3x16,fc,2,2.250000,0.05505219015907614,0.05505278031492643
deep_3x16,fc,2,2.275000,0.053124129203723225,0.05312471503010885
deep_3x16,fc,2,2.300000,0.05127480431480502,0.0512753853925513
deep_3x16,fc,2,2.325000,0.04950067414328396,0.049501250098557395
deep_3x16,fc,2,2.350000,0.0477983627370725,0.047798933238089425
deep_3x16,fc,2,2.375000,0.04616465222333388,0.046165216977224074
deep_3x16,fc,2,2.400000,0.04459647572427827,0.044597034474109544
deep_3x16,fc,2,2.425000,0.04309091051243008,0.04309146303439602
deep_3x16,fc,2,2.450000,0.04164517140891255,0.04164571750968536
deep_3x16,fc,2,2.475000,0.040256604426257336,0.040257143940502574
deep_3x16,fc,2,2.500000,0.038922680655473996,0.038923213443524764
deep_3x16,fc,2,2.525000,0.037640990395642726,0.03764151634132921
deep_3x16,fc,2,2.550000,0.036409237523057025,0.036409756531684365
deep_3x16,fc,2,2.575000,0.035225234095914826,0.03522574609238472
deep_3x16,fc,2,2.600000,0.03408689518971686,0.034087400116785065
deep_3x16,fc,2,2.625000,0.032992233957862216,0.03299273177452561
deep_3x16,fc,2,2.650000,0.031939356911393935,0.03193984759139919
deep_3x16,fc,2,2.675000,0.030926459411437346,0.030926942941904803
deep_3x16,fc,2,2.700000,0.029951821367576792,0.029952297747731768
deep_3x16,fc,2,2.725000,0.029013803135207294,0.02901427237521226
deep_3x16,fc,2,2.750000,0.028110841604754855,0.02811130372463498
deep_3x16,fc,2,2.775000,0.027241446475613218,0.027241901504269916
deep_3x16,fc,2,2.800000,0.026404196707623173,0.026404644681927984
deep_3x16,fc,2,2.825000,0.02559773714296465,0.025598178106928483
deep_3x16,fc,2,2.850000,0.02482077529141924,0.024821209295431242
deep_3x16,fc,2,2.875000,0.02407207827206148,0.024072505372191445
deep_3x16,fc,2,2.900000,0.023350469904588333,0.023350890161948933
deep_3x16,fc,2,2.925000,0.02265482794365159,0.022655241423814636
deep_3x16,fc,2,2.950000,0.02198408144973696,0.02198448822219974
deep_3x16,fc,2,2.975000,0.02133720829032737,0.021337608428025324
deep_3x16,fc,2,3.000000,0.02071323276528103,0.020713626344142904
deep_3x16,fc,2,3.025000,0.020111223350579577,0.020111610449121096
deep_3x16,fc,2,3.050000,0.01953029055478872,0.019530671253741985
deep_3x16,fc,2,3.075000,0.018969584882807422,0.018969959264783273
deep_3x16,fc,2,3.100000,0.018428294901690068,0.01842866305087054
deep_3x16,fc,2,3.125000,0.0179056454035309,0.01790600740538857
deep_3x16,fc,2,3.150000,0.017400895660623417,0.01740125160166688
deep_3x16,fc,2,3.175000,0.01691333776830395,0.01691368773584563
deep_3x16,fc,2,3.200000,0.016442295071096402,0.016442639153041987
deep_3x16,fc,2,3.225000,0.015987120667970034,0.015987458952627043
deep_3x16,fc,2,3.250000,0.01554719599272203,0.01554752856862642
deep_3x16,fc,2,3.275000,0.015121929465666595,0.015122256421425359
deep_3x16,fc,2,3.300000,0.01471075521301446,0.014711076637163482
deep_3x16,fc,2,3.325000,0.014313131850482663,0.014313447831357885
deep_3x16,fc,2,3.350000,0.01392854132785215,0.013928851953473702
deep_3x16,fc,2,3.375000,0.013556487831349773,0.013556793189317143
deep_3x16,fc,2,3.400000,0.013196496740882968,0.013196796918281035
deep_3x16,fc,2,3.425000,0.012848113639307823,0.012848408722622606
deep_3x16,fc,2,3.450000,0.012510903371052318,0.012511193446095005
deep_3x16,fc,2,3.475000,0.01218444914755068,0.012184734299390572
deep_3x16,fc,2,3.500000,0.01186835169707623,0.011868632009980432
deep_3x16,fc,2,3.525000,0.011562228456680868,0.011562504014061415
deep_3x16,fc,2,3.550000,0.011265712804072403,0.011265983688439207
deep_3x16,fc,2,3.575000,0.010978453327369575,0.010978719620289117
deep_3x16,fc,2,3.600000,0.010700113130779454,0.010700374912838966
deep_3x16,fc,2,3.625000,0.010430369174348142,0.010430626525124654
deep_3x16,fc,2,3.650000,0.010168911646033951,0.010169164644067214
deep_3x16,fc,2,3.675000,0.00991544336443384,0.00991569208720407
deep_3x16,fc,2,3.700000,0.009669679210592808,0.009669923734501585
deep_3x16,fc,2,3.725000,0.00943134558740144,0.009431585987756015
deep_3x16,fc,2,3.750000,0.009200179905169192,0.009200416256170275
deep_3x16,fc,2,3.775000,0.00897593009203268,0.008976162466764602
deep_3x16,fc,2,3.800000,0.008758354127929802,0.008758582598353621
deep_3x16,fc,2,3.825000,0.008547219600938516,0.00854744423788731
deep_3x16,fc,2,3.850000,0.008342303284841757,0.008342524158018077
deep_3x16,fc,2,3.875000,0.008143390736839007,0.008143607914814084
deep_3x16,fc,2,3.900000,0.0079502759143818,0.007950489464597189
deep_3x16,fc,2,3.925000,0.00776276081017091,0.007762970798941056
deep_3x16,fc,2,3.950000,0.007580655104388989,0.007580861596905375
deep_3x16,fc,2,3.975000,0.007403775833308979,0.007403978893646075
deep_3x16,fc,2,4.000000,0.007231947073451983,0.0072321467645740005
deep_3x16,fc,2,4.025000,0.007064999640512659,0.0070651960242810626
deep_3x16,fc,2,4.050000,0.006902770802317937,0.00690296393950086
deep_3x16,fc,2,4.075000,0.006745104005116742,0.006745293955398438
deep_3x16,fc,2,4.100000,0.0065918486125378095,0.00659203543452906
deep_3x16,fc,2,4.125000,0.006442859656586641,0.0064430434078363
deep_3x16,fc,2,4.150000,0.006297997600087535,0.006298178337093973
deep_3x16,fc,2,4.175000,0.006157128110005461,0.006157305888229191
deep_3x16,fc,2,4.200000,0.006020121841109782,0.006020296714986096
deep_3x16,fc,2,4.225000,0.005886854229476546,0.005887026252428785
deep_3x16,fc,2,4.250000,0.005757205295347734,0.005757374519800969
deep_3x16,fc,2,4.275000,0.0056310594548864,0.005631225932281169
deep_3x16,fc,2,4.300000,0.005508305340403141,0.005508469121209777
deep_3x16,fc,2,4.325000,0.0053888356286344585,0.005388996762367058
deep_3x16,fc,2,4.350000,0.005272546876690876,0.005272705411922309
deep_3x16,fc,2,4.375000,0.005159339365303439,0.005159495349679465
deep_3x16,fc,2,4.400000,0.005049116949015886,0.005049270429270179
deep_3x16,fc,2,4.425000,0.0049417869129928516,0.004941937934961711
deep_3x16,fc,2,4.450000,0.004837259836127039,0.004837408444764286
deep_3x16,fc,2,4.475000,0.004735449460146923,0.004735595699538422
deep_3x16,fc,2,4.500000,0.004636272564437882,0.00463641647781682
deep_3x16,fc,2,4.525000,0.004539648846312638,0.004539790476073858
deep_3x16,fc,2,4.550000,0.004445500806465441,0.0044456401941804025
deep_3x16,fc,2,4.575000,0.004353753639376512,0.0043538908258078015
deep_3x16,fc,2,4.600000,0.004264335128426722,0.004264470153542824
deep_3x16,fc,2,4.625000,0.004177175545511669,0.004177308448501121
deep_3x16,fc,2,4.650000,0.004092207554934557,0.00409233837422035
deep_3x16,fc,2,4.675000,0.004009366121391689,0.004009494894645649
deep_3x16,fc,2,4.700000,0.0039285884218551725,0.003928715186011864
deep_3x16,fc,2,4.725000,0.0038498137611736594,0.003849938552444208
deep_3x16,fc,2,4.750000,0.00377298349122257,0.0037731063451085585
deep_3x16,fc,2,4.775000,0.0036980409334411712,0.003698161884748136
deep_3x16,fc,2,4.800000,0.003624931304602619,0.0036250503874534
deep_3x16,fc,2,4.825000,0.0035536016456698682,0.0035537188935180495
deep_3x16,fc,2,4.850000,0.003484000753595673,0.0034841161992384935
deep_3x16,fc,2,4.875000,0.0034160791159417725,0.003416192791532784
deep_3x16,fc,2,4.900000,0.00334978884817827,0.003349900785240403
deep_3x16,fc,2,4.925000,0.003285083633557506,0.0032851938629953315
deep_3x16,fc,2,4.950000,0.0032219186654361964,0.0032220272175482114
deep_3x16,fc,2,4.975000,0.0031602505919418045,0.003160357496432501
deep_3x16,fc,2,5.000000,0.0031000374628812333,0.0031001427488730796
deep_3x16,fc,2,5.025000,0.003041238678789693,0.0030413423748346722
deep_3x16,fc,2,5.050000,0.0029838149420245985,0.0029839170761159985
deep_3x16,fc,2,5.075000,0.0029277282098217894,0.0029278288094051505
deep_3x16,fc,2,5.100000,0.0028729416492195847,0.0028730407412039653
deep_3x16,fc,2,5.125000,0.0028194195937751854,0.0028195172045440277
deep_3x16,fc,2,5.150000,0.002767127501994371,0.002767223657416334
deep_3x16,fc,2,5.175000,0.002716031917400774,0.002716126642840039
deep_3x16,fc,2,5.200000,0.0026661004301723468,0.0026661937504989823
deep_3x16,fc,2,5.225000,0.0026173016402797344,0.0026173935798797948
deep_3x16,fc,2,5.250000,0.0025696051220626126,0.00256969570484818
deep_3x16,fc,2,5.275000,0.002522981390181256,0.002523070639600119
deep_3x16,fc,2,5.300000,0.002477401866885942,0.002477489805931105
deep_3x16,fc,2,5.325000,0.002432838850548791,0.0024329255017677574
deep_3x16,fc,2,5.350000,0.002389265485402081,0.002389350870906149
deep_3x16,fc,2,5.375000,0.0023466557324390847,0.0023467398739123713
deep_3x16,fc,2,5.400000,0.002304984341419125,0.002305067260127343
deep_3x16,fc,2,5.425000,0.0022642268239405627,0.0022643085407395933
deep_3x16,fc,2,5.450000,0.002224359427529632,0.0022244399628739303
deep_3x16,fc,2,5.475000,0.0021853591107084958,0.002185438484659717
deep_3x16,fc,2,5.500000,0.002147203518998775,0.002147281751233332
deep_3x16,fc,2,5.525000,0.0021098709618222466,0.00210994807163994
deep_3x16,fc,2,5.550000,0.0020733403902672976,0.002073416396598594
deep_3x16,fc,2,5.575000,0.00203759137567483,0.002037666297088671
deep_3x16,fc,2,5.600000,0.0020026040890231966,0.002002677943734377
deep_3x16,fc,2,5.625000,0.0019683592810701978,0.0019684320869470203
deep_3x16,fc,2,5.650000,0.0019348382632249361,0.001934910037795905
deep_3x16,fc,2,5.675000,0.0019020228891208912,0.0019020936495821128
deep_3x16,fc,2,5.700000,0.0018698955368625647,0.0018699653000843219
deep_3x16,fc,2,5.725000,0.001838439091913946,0.0018385078744475162
deep_3x16,fc,2,5.750000,0.001807636930611034,0.001807704748695522
deep_3x16,fc,2,5.775000,0.0017774729042658866,0.0017775397738341902
deep_3x16,fc,2,5.800000,0.0017479313238444316,0.0017479972605298807
deep_3x16,fc,2,5.825000,0.001718996945192841,0.0017190619643353434
deep_3x16,fc,2,5.850000,0.0016906549547911487,0.0016907190714431513
deep_3x16,fc,2,5.875000,0.001662890956013685,0.0016629541849460688
deep_3x16,fc,2,5.900000,0.0016356909558771227,0.0016357533115849763
deep_3x16,fc,2,5.925000,0.0016090413522551472,0.0016091028489635777
deep_3x16,fc,2,5.950000,0.0015829289215467668,0.0015829895732162476
deep_3x16,fc,2,5.975000,0.0015573408067722783,0.0015574006271040614
deep_3x16,fc,2,6.000000,0.0015322645060877882,0.0015323235085293945
deep_3x16,fc,5,0.000000,0.9999990149527558,0.9999990149527557
deep_3x16,fc,5,0.025000,0.9995535507839606,0.9995535545956326
deep_3x16,fc,5,0.050000,0.9982182398116192,0.9982182550348954
deep_3x16,fc,5,0.075000,0.9959963298309596,0.9959963639857915
deep_3x16,fc,5,0.100000,0.9928932441616136,0.9928933046151531
deep_3x16,fc,5,0.125000,0.9889165960753373,0.988916689954814
deep_3x16,fc,5,0.150000,0.9840762069320041,0.9840763410260884
deep_3x16,fc,5,0.175000,0.9783841260681548,0.9783843067201043
deep_3x16,fc,5,0.200000,0.9718546500615902,0.9718548830579382
deep_3x16,fc,5,0.225000,0.9645043386714373,0.9645046291303571
deep_3x16,fc,5,0.250000,0.9563520245401024,0.95635237680383
deep_3x16,fc,5,0.275000,0.9474188136516511,0.9474192311874634
deep_3x16,fc,5,0.300000,0.9377280735759635,0.9377285588901255
deep_3x16,fc,5,0.325000,0.9273054066899166,0.9273059612587633
deep_3x16,fc,5,0.350000,0.916178605851204,0.9161792300730569
deep_3x16,fc,5,0.375000,0.9043775903973349,0.904378283568314
deep_3x16,fc,5,0.400000,0.8919343208372644,0.8919350811532322
deep_3x16,fc,5,0.425000,0.8788826911770883,0.8788835157629997
deep_3x16,fc,5,0.450000,0.8652583984519462,0.8652592834188174
deep_3x16,fc,5,0.475000,0.8510987896989964,0.8510997302275789
deep_3x16,fc,5,0.500000,0.8364426872749633,0.8364436777241008
deep_3x16,fc,5,0.525000,0.8213301940702927,0.8213312281068833
deep_3x16,fc,5,0.550000,0.8058024807755398,0.8058035515220902
deep_3x16,fc,5,0.575000,0.7899015578918018,0.789902658086808
deep_3x16,fc,5,0.600000,0.7736700356268288,0.7736711577926741
deep_3x16,fc,5,0.625000,0.7571508751670792,0.7571520117798487
deep_3x16,fc,5,0.650000,0.7403871350534774,0.7403882787090609
deep_3x16,fc,5,0.675000,0.7234217165099806,0.7234228600810844
deep_3x16,fc,5,0.700000,0.7062971115793987,0.7062982483585597
deep_3x16,fc,5,0.725000,0.6890551578149068,0.6890562816393245
deep_3x16,fc,5,0.750000,0.6717368030674387,0.6717379084223036
deep_3x16,fc,5,0.775000,0.6543818836109677,0.6543829657089731
deep_3x16,fc,5,0.800000,0.6370289184747873,0.6370299733105577
deep_3x16,fc,5,0.825000,0.61971492242104,0.6197159468002725
deep_3x16,fc,5,0.850000,0.6024752395347226,0.6024762310788355
deep_3x16,fc,5,0.875000,0.5853433988998802,0.5853443560278541
deep_3x16,fc,5,0.900000,0.5683509933367151,0.5683519152265687
deep_3x16,fc,5,0.925000,0.5515275816854898,0.5515284682184035
deep_3x16,fc,5,0.950000,0.5349006146581107,0.5349014663486072
deep_3x16,fc,5,0.975000,0.5184953838487035,0.5184962017644935
deep_3x16,fc,5,1.000000,0.5023349931093677,0.5023357787844921
deep_3x16,fc,5,1.025000,0.4864403511632833,0.4864411065080455
deep_3x16,fc,5,1.050000,0.47083018404854005,0.4708309112594444
deep_3x16,fc,5,1.075000,0.4555210657643888,0.45552176723692184
deep_3x16,fc,5,1.100000,0.4405274653268231,0.44052814357346226
deep_3x16,fc,5,1.125000,0.4258618083305452,0.42586246590588206
deep_3x16,fc,5,1.150000,0.4115345510559897,0.41153519049035014
deep_3x16,fc,5,1.175000,0.39755426514857395,0.3975548888910253
deep_3x16,fc,5,1.200000,0.38392773092732524,0.38392834129850273
deep_3x16,fc,5,1.225000,0.37066003744557685,0.370660636600358
deep_3x16,fc,5,1.250000,0.3577546875213913,0.3577552774211005
deep_3x16,fc,5,1.275000,0.34521370607362556,0.34521428846717805
deep_3x16,fc,5,1.300000,0.3330377502351912,0.3330383266483743
deep_3x16,fc,5,1.325000,0.3212262198625341,0.32122679159448314
deep_3x16,fc,5,1.350000,0.3097773672146541,0.30977793534049813
deep_3x16,fc,5,1.375000,0.2986884047316145,0.2986889701102368
deep_3x16,fc,5,1.400000,0.2879556099976467,0.2879561732835211
deep_3x16,fc,5,1.425000,0.2775744271244325,0.277574988782547
deep_3x16,fc,5,1.450000,0.2675395639334056,0.26754012425636026
deep_3x16,fc,5,1.475000,0.2578450844499566,0.25784564357642004
deep_3x16,fc,5,1.500000,0.24848449634588998,0.24848505427970202
deep_3x16,fc,5,1.525000,0.23945083307843273,0.2394513897077521
deep_3x16,fc,5,1.550000,0.2307367305740613,0.2307372856900662
deep_3x16,fc,5,1.575000,0.22233449839330077,0.2223350517080542
deep_3x16,fc,5,1.600000,0.21423618538866596,0.2142367365518528
deep_3x16,fc,5,1.625000,0.20643363993247388,0.20643418854680623
deep_3x16,fc,5,1.650000,0.19891856484504766,0.198919110480207
deep_3x16,fc,5,1.675000,0.19168256719754462,0.19168310940259609
deep_3x16,fc,5,1.700000,0.1847172031982074,0.1847177415124742
deep_3x16,fc,5,1.725000,0.17801401839709352,0.17801455235952063
deep_3x16,fc,5,1.750000,0.17156458346324377,0.1715651126203154
deep_3x16,fc,5,1.775000,0.16536052580069505,0.16536104971299231
deep_3x16,fc,5,1.800000,0.15939355727661286,0.15939407552411586
deep_3x16,fc,5,1.825000,0.15365549833692782,0.1536560105231757
deep_3x16,fc,5,1.850000,0.14813829878300733,0.14813880453823608
deep_3x16,fc,5,1.875000,0.14283405547777694,0.14283455446115373
deep_3x16,fc,5,1.900000,0.13773502724194975,0.13773551914301999
deep_3x16,fc,5,1.925000,0.1328336471912248,0.13283413173068498
deep_3x16,fc,5,1.950000,0.12812253275398255,0.12812300968388157
deep_3x16,fc,5,1.975000,0.12359449359653596,0.12359496270000238
deep_3x16,fc,5,2.000000,0.11924253766982729,0.11924299876040963
deep_3x16,fc,5,2.025000,0.11505987557785136,0.11506032849854929
deep_3x16,fc,5,2.050000,0.11103992345435221,0.11104036807640862
deep_3x16,fc,5,2.075000,0.10717630452067017,0.10717674074218457
deep_3x16,fc,5,2.100000,0.10346284948418982,0.10346327722860513
deep_3x16,fc,5,2.125000,0.09989359592382219,0.09989401513832925
deep_3x16,fc,5,2.150000,0.09646278679640874,0.09646319745030717
deep_3x16,fc,5,2.175000,0.09316486818598024,0.09316527026902503
deep_3x16,fc,5,2.200000,0.08999448640647645,0.08999487992723759
deep_3x16,fc,5,2.225000,0.08694648455786247,0.08694686954211561
deep_3x16,fc,5,2.250000,0.08401589862559433,0.0840162751147613
deep_3x16,fc,5,2.275000,0.08119795320410339,0.08119832125375193
deep_3x16,fc,5,2.300000,0.07848805691633387,0.07848841659474731
deep_3x16,fc,5,2.325000,0.07588179759344105,0.07588214898026313
deep_3x16,fc,5,2.350000,0.07337493727144384,0.07337528045640314
deep_3x16,fc,5,2.375000,0.07096340705493742,0.0709637421366524
deep_3x16,fc,5,2.400000,0.06864330189188239,0.06864362897674837
deep_3x16,fc,5,2.425000,0.06641087529793854,0.06641119449909502
deep_3x16,fc,5,2.450000,0.06426253406378868,0.06426284550016602
deep_3x16,fc,5,2.475000,0.06219483297437045,0.06219513676981234
deep_3x16,fc,5,2.500000,0.06020446956484382,0.060204765847302694
deep_3x16,fc,5,2.525000,0.058288278934464866,0.05828856783526772
deep_3x16,fc,5,2.550000,0.056443228636254394,0.05644351028943357
deep_3x16,fc,5,2.575000,0.05466641365743197,0.05466668819911841
deep_3x16,fc,5,2.600000,0.052955051502980965,0.05295531907085509
deep_3x16,fc,5,2.625000,0.05130647739241223,0.05130673812520908
deep_3x16,fc,5,2.650000,0.04971813957775495,0.04971839361481907
deep_3x16,fc,5,2.675000,0.04818759478901613,0.048187842269903004
deep_3x16,fc,5,2.700000,0.046712503811777606,0.046712744875897896
deep_3x16,fc,5,2.725000,0.045290627200227696,0.045290861986530255
deep_3x16,fc,5,2.750000,0.04391982112773252,0.04392004977442389
deep_3x16,fc,5,2.775000,0.0425980333760162,0.04259825602031256
deep_3x16,fc,5,2.800000,0.04132329946313695,0.04132351624104625
deep_3x16,fc,5,2.825000,0.04009373890967671,0.04009394995580804
deep_3x16,fc,5,2.850000,0.038907551641918614,0.03890775708931617
deep_3x16,fc,5,2.875000,0.03776301453023834,0.037763214510238105
deep_3x16,fc,5,2.900000,0.03665847806048783,0.036658672702594416
deep_3x16,fc,5,2.925000,0.0355923631357582,0.03559255256754023
deep_3x16,fc,5,2.950000,0.03456315800561438,0.034563342352615975
deep_3x16,fc,5,2.975000,0.03356941531964186,0.03356959470530945
deep_3x16,fc,5,3.000000,0.03260974930195604,0.03260992384757856
deep_3x16,fc,5,3.025000,0.03168283304317987,0.03168300286784069
deep_3x16,fc,5,3.050000,0.030787395906287984,0.030787561126827977
deep_3x16,fc,5,3.075000,0.029922221042653407,0.02992238177364323
deep_3x16,fc,5,3.100000,0.029086143014585786,0.02908629936830695
deep_3x16,fc,5,3.125000,0.02827804552064428,0.028278197607078143
deep_3x16,fc,5,3.150000,0.02749685922001488,0.02749700714683811
deep_3x16,fc,5,3.175000,0.026741559652275204,0.02674170352486146
deep_3x16,fc,5,3.200000,0.026011165248905788,0.026011305170332698
deep_3x16,fc,5,3.225000,0.025304735432974623,0.025304871504035504
deep_3x16,fc,5,3.250000,0.024621368803485866,0.024621501122705596
deep_3x16,fc,5,3.275000,0.02396020140096078,0.02396033006461559
deep_3x16,fc,5,3.300000,0.023320405050906157,0.02332053015304608
deep_3x16,fc,5,3.325000,0.022701185781916045,0.022701307414390606
deep_3x16,fc,5,3.350000,0.022101782315244844,0.022101900567731217
deep_3x16,fc,5,3.375000,0.02152146462278881,0.02152157958282148
deep_3x16,fc,5,3.400000,0.020959532550517856,0.020959644303520642
deep_3x16,fc,5,3.425000,0.02041531450448819,0.020415423133807592
deep_3x16,fc,5,3.450000,0.019888166196682544,0.019888271783622076
deep_3x16,fc,5,3.475000,0.01937746944801244,0.019377572071868618
deep_3x16,fc,5,3.500000,0.018882631045929132,0.018882730784027312
deep_3x16,fc,5,3.525000,0.018403081654177145,0.01840317858190917
deep_3x16,fc,5,3.550000,0.01793827477233212,0.017938368963193514
deep_3x16,fc,5,3.575000,0.01748768574285464,0.017487777268482583
deep_3x16,fc,5,3.600000,0.01705081080348425,0.017050899733695963
deep_3x16,fc,5,3.625000,0.01662716618289517,0.01662725258572584
deep_3x16,fc,5,3.650000,0.0162162872376157,0.01621637117935688
deep_3x16,fc,5,3.675000,0.01581772762830347,0.015817809173541454
deep_3x16,fc,5,3.700000,0.015431058533556974,0.015431137745210538
deep_3x16,fc,5,3.725000,0.015055867899509523,0.015055944838867765
deep_3x16,fc,5,3.750000,0.014691759723548081,0.014691834450308115
deep_3x16,fc,5,3.775000,0.014338353370559442,0.014338425942863312
deep_3x16,fc,5,3.800000,0.013995282920186147,0.013995353394657682
deep_3x16,fc,5,3.825000,0.013662196543640315,0.013662264975421378
deep_3x16,fc,5,3.850000,0.013338755908694377,0.013338822351480577
deep_3x16,fc,5,3.875000,0.013024635611523783,0.0130247001176001
deep_3x16,fc,5,3.900000,0.012719522634150993,0.012719585254425991
deep_3x16,fc,5,3.925000,0.012423115826279973,0.012423176610320625
deep_3x16,fc,5,3.950000,0.012135125410389191,0.012135184406454037
deep_3x16,fc,5,3.975000,0.011855272508983217,0.011855329764055456
deep_3x16,fc,5,4.000000,0.011583288692973093,0.011583344252793145
deep_3x16,fc,5,4.025000,0.011318915550188269,0.011318969459285231
deep_3x16,fc,5,4.050000,0.011061904273083067,0.011061956574806305
deep_3x16,fc,5,4.075000,0.010812015264739183,0.010812066001288487
deep_3x16,fc,5,4.100000,0.01056901776230812,0.010569066974763647
deep_3x16,fc,5,4.125000,0.010332689477080104,0.010332737205431649
deep_3x16,fc,5,4.150000,0.010102816250405211,0.010102862533580738
deep_3x16,fc,5,4.175000,0.00987919172472762,0.009879236600621332
deep_3x16,fc,5,4.200000,0.009661617029032232,0.009661660534531725
deep_3x16,fc,5,4.225000,0.009449900478031958,0.009449942649044966
deep_3x16,fc,5,4.250000,0.00924385728446131,0.009243898155941826
deep_3x16,fc,5,4.275000,0.009043309283868206,0.00904334888984183
deep_3x16,fc,5,4.300000,0.008848084671328249,0.008848123044917012
deep_3x16,fc,5,4.325000,0.008658017749531455,0.00865805492297805
deep_3x16,fc,5,4.350000,0.00847294868771642,0.008472984692407837
deep_3x16,fc,5,4.375000,0.008292723290958204,0.008292758157448845
deep_3x16,fc,5,4.400000,0.008117192779329097,0.008117226537362866
deep_3x16,fc,5,4.425000,0.007946213576488947,0.007946246255021595
deep_3x16,fc,5,4.450000,0.0077796471072655304,0.007779678734485535
deep_3x16,fc,5,4.475000,0.007617359603825702,0.007617390207175521
deep_3x16,fc,5,4.500000,0.007459221920039227,0.00745925152623505
deep_3x16,fc,5,4.525000,0.0073051093536674605,0.007305137988719207
deep_3x16,fc,5,4.550000,0.007154901476024711,0.007154929165255192
deep_3x16,fc,5,4.575000,0.007008481968771574,0.007008508736834862
deep_3x16,fc,5,4.600000,0.006865738467524807,0.006865764338424728
deep_3x16,fc,5,4.625000,0.006726562411969561,0.006726587409077422
deep_3x16,fc,5,4.650000,0.006590848902196855,0.006590873048268464
deep_3x16,fc,5,4.675000,0.006458496560970417,0.0064585198781628465
deep_3x16,fc,5,4.700000,0.006329407401678089,0.006329429911565912
deep_3x16,fc,5,4.725000,0.006203486701697902,0.006203508425289461
deep_3x16,fc,5,4.750000,0.006080642880955778,0.006080663838708088
deep_3x16,fc,5,4.775000,0.0059607873854317095,0.005960807597265741
deep_3x16,fc,5,4.800000,0.005843834575403606,0.005843854060718774
deep_3x16,fc,5,4.825000,0.005729701618224392,0.005729720395912886
deep_3x16,fc,5,4.850000,0.005618308385421211,0.005618326473881569
deep_3x16,fc,5,4.875000,0.005509577353945638,0.0055095947710962845
deep_3x16,fc,5,4.900000,0.005403433511378064,0.005403450274670497
deep_3x16,fc,5,4.925000,0.005299804264925934,0.005299820391357137
deep_3x16,fc,5,4.950000,0.005198619354045975,0.00519863486017101
deep_3x16,fc,5,4.975000,0.005099810766536539,0.005099825668480255
deep_3x16,fc,5,5.000000,0.005003312657950176,0.005003326971419181
deep_3x16,fc,5,5.025000,0.004909061274183668,0.004909075014477372
deep_3x16,fc,5,5.050000,0.004816994877110514,0.004817008059132411
deep_3x16,fc,5,5.075000,0.004727053673127979,0.004727066311396233
deep_3x16,fc,5,5.100000,0.004639179744488908,0.004639191853146637
deep_3x16,fc,5,5.125000,0.00455331698330963,0.004553328576135116
deep_3x16,fc,5,5.150000,0.004469411028130588,0.004469422118547324
deep_3x16,fc,5,5.175000,0.004387409202931791,0.0043874198040178055
deep_3x16,fc,5,5.200000,0.004307260458494611,0.0043072705829917705
deep_3x16,fc,5,5.225000,0.004228915316011772,0.004228924976334929
deep_3x16,fc,5,5.250000,0.0041523258128559615,0.004152335021101629
deep_3x16,fc,5,5.275000,0.004077445450410111,0.004077454218365142
deep_3x16,fc,5,5.300000,0.004004229143884874,0.0040042374830345975
deep_3x16,fc,5,5.325000,0.00393263317402881,0.003932641095565119
deep_3x16,fc,5,5.350000,0.0038626151406619957,0.003862622655491328
deep_3x16,fc,5,5.375000,0.003794133917957354,0.0037941410367080836
deep_3x16,fc,5,5.400000,0.0037271496113908675,0.003727156344421023
deep_3x16,fc,5,5.425000,0.003661623516306056,0.003661629873710311
deep_3x16,fc,5,5.450000,0.0035975180780126736,0.0035975240696294233
deep_3x16,fc,5,5.475000,0.003534796853367106,0.003534802488785088
deep_3x16,fc,5,5.500000,0.003473424473772302,0.00347342976233753
deep_3x16,fc,5,5.525000,0.0034133666095366166,0.0034133715603585552
deep_3x16,fc,5,5.550000,0.003354589935543828,0.003354594557501852
deep_3x16,fc,5,5.575000,0.0032970620981741527,0.003297066399923296
deep_3x16,fc,5,5.600000,0.003240751683432741,0.0032407556734100657
deep_3x16,fc,5,5.625000,0.003185628186233469,0.0031856318726634857
deep_3x16,fc,5,5.650000,0.0031316619807959523,0.003131665371696122
deep_3x16,fc,5,5.675000,0.0030788242921070408,0.003078827395293707
deep_3x16,fc,5,5.700000,0.0030270871684108247,0.003027089991503894
deep_3x16,fc,5,5.725000,0.0029764234546811874,0.0029764260051096687
deep_3x16,fc,5,5.750000,0.0029268067670408238,0.0029268090520475788
deep_3x16,fc,5,5.775000,0.0028782114680928617,0.002878213494739797
deep_3x16,fc,5,5.800000,0.0028306126431237866,0.002830614418296118
deep_3x16,fc,5,5.825000,0.002783986077147249,0.00278398760755835
deep_3x16,fc,5,5.850000,0.002738308232757891,0.002738309524953898
deep_3x16,fc,5,5.875000,0.0026935562287594417,0.00269355728912338
deep_3x16,fc,5,5.900000,0.002649707819542657,0.002649708654298654
deep_3x16,fc,5,5.925000,0.0026067413751790225,0.0026067419903964785
deep_3x16,fc,5,5.950000,0.002564635862207343,0.0025646362638050363
deep_3x16,fc,5,5.975000,0.0025233708250863573,0.0025233710188360442
deep_3x16,fc,5,6.000000,0.002482926368283067,0.002482926359813787
deep_attn_3x16,fx,,0.000000,1.0,1.0
deep_attn_3x16,fx,,0.025000,1.0001371724515984,1.0001371734503082
deep_attn_3x16,fx,,0.050000,1.0005484091146308,1.0005484131007953
deep_attn_3x16,fx,,0.075000,1.0012328693558736,1.0012328782849313
deep_attn_3x16,fx,,0.100000,1.0021891569033052,1.002189172660767
deep_attn_3x16,fx,,0.125000,1.003415326962145,1.0034153513166864
deep_attn_3x16,fx,,0.150000,1.00490889607632,1.0049089306249135
deep_attn_3x16,fx,,0.175000,1.0066668546421822,1.0066669007499534
deep_attn_3x16,fx,,0.200000,1.0086856819572747,1.0086857406950527
deep_attn_3x16,fx,,0.225000,1.0109613636646546,1.010961435747421
deep_attn_3x16,fx,,0.250000,1.0134894114330808,1.0134894971626558
deep_attn_3x16,fx,,0.275000,1.0162648846954965,1.0162649839108355
deep_attn_3x16,fx,,0.300000,1.0192824142528922,1.0192825262913066
deep_attn_3x16,fx,,0.325000,1.0225362275380192,1.022536351210436
deep_attn_3x16,fx,,0.350000,1.0260201753235865,1.0260203089066646
deep_attn_3x16,fx,,0.375000,1.0297277596526462,1.0297279009001115
deep_attn_3x16,fx,,0.400000,1.0336521627647786,1.0336523089397605
deep_attn_3x16,fx,,0.425000,1.0377862767904358,1.0377864247198565
deep_attn_3x16,fx,,0.450000,1.042122733987239,1.0421228801384386
deep_attn_3x16,fx,,0.475000,1.0466539372960362,1.0466540778748243
deep_attn_3x16,fx,,0.500000,1.0513720910008957,1.0513722220691275
deep_attn_3x16,fx,,0.525000,1.0562692312857185,1.056269348895353
deep_attn_3x16,fx,,0.550000,1.0613372564905477,1.061337356830009
deep_attn_3x16,fx,,0.575000,1.0665679568826643,1.0665680364302768
deep_attn_3x16,fx,,0.600000,1.0719530437709002,1.0719530994492863
deep_attn_3x16,fx,,0.625000,1.0774841778059998,1.0774842071307018
deep_attn_3x16,fx,,0.650000,1.0831529963250628,1.0831529975403624
deep_attn_3x16,fx,,0.675000,1.0889511396138116,1.0889511118088369
deep_attn_3x16,fx,,0.700000,1.0948702759764792,1.0948702191752313
deep_attn_3x16,fx,,0.725000,1.1009021255192313,1.1009020407391494
deep_attn_3x16,fx,,0.750000,1.1070384825690684,1.1070383718441337
deep_attn_3x16,fx,,0.775000,1.1132712366659439,1.1132711030320084
deep_attn_3x16,fx,,0.800000,1.1195923920811788,1.119592239523111
deep_attn_3x16,fx,,0.825000,1.1259940858300992,1.1259939191922888
deep_attn_3x16,fx,,0.850000,1.1324686041609364,1.1324684290245925
deep_attn_3x16,fx,,0.875000,1.1390083975154197,1.139008220047757
deep_attn_3x16,fx,,0.900000,1.1456060939689254,1.1456059207506675
deep_attn_3x16,fx,,0.925000,1.1522545111695417,1.152254349008086
deep_attn_3x16,fx,,0.950000,1.1589466668057977,1.1589465225418367
deep_attn_3x16,fx,,0.975000,1.165675787642102,1.1656756679574736
deep_attn_3x16,fx,,1.000000,1.1724353171690376,1.172435228403129
deep_attn_3x16,fx,,1.025000,1.1792189219226086,1.1792188699038115
deep_attn_3x16,fx,,1.050000,1.1860204965322863,1.1860204864298936
deep_attn_3x16,fx,,1.075000,1.1928341675623364,1.192834203762979
deep_attn_3x16,fx,,1.100000,1.1996542962144399,1.1996543822257886
deep_attn_3x16,fx,,1.125000,1.2064754799621455,1.2064756183452223
deep_attn_3x16,fx,,1.150000,1.2132925531892556,1.2132927455194251
deep_attn_3x16,fx,,1.175000,1.2201005869049857,1.220100833760554
deep_attn_3x16,fx,,1.200000,1.226894887608702,1.2268951885850992
deep_attn_3x16,fx,,1.225000,1.2336709953763392,1.2336713491231373
deep_attn_3x16,fx,,1.250000,1.2404246812393396,1.2404250855168273
deep_attn_3x16,fx,,1.275000,1.2471519439251924,1.2471523956769321
deep_attn_3x16,fx,,1.300000,1.253849006026487,1.2538495014641662
deep_attn_3x16,fx,,1.325000,1.2605123096629147,1.2605128443598486
deep_attn_3x16,fx,,1.350000,1.26713851169788,1.2671390806877225
deep_attn_3x16,fx,,1.375000,1.273724478568437,1.2737250764459462
deep_attn_3x16,fx,,1.400000,1.2802672807841695,1.2802679018052352
deep_attn_3x16,fx,,1.425000,1.2867641871474131,1.2867648253259727
deep_attn_3x16,fx,,1.450000,1.293212658743967,1.2932133079438641
deep_attn_3x16,fx,,1.475000,1.299610342750168,1.2996109967704328
deep_attn_3x16,fx,,1.500000,1.3059550660989183,1.3059557187513589
deep_attn_3x16,fx,,1.525000,1.312244829044029,1.3122454742224083
deep_attn_3x16,fx,,1.550000,1.3184777986590823,1.3184784303994812
deep_attn_3x16,fx,,1.575000,1.3246523023039136,1.3246529148361825
deep_attn_3x16,fx,,1.600000,1.3307668210888328,1.330767408879276
deep_attn_3x16,fx,,1.625000,1.3368199833638184,1.3368205411494571
deep_attn_3x16,fx,,1.650000,1.342810558257168,1.3428110810720784
deep_attn_3x16,fx,,1.675000,1.3487374492854538,1.3487379324797883
deep_attn_3x16,fx,,1.700000,1.3545996880541413,1.3546001273065218
deep_attn_3x16,fx,,1.725000,1.3603964280658791,1.360396819389886
deep_attn_3x16,fx,,1.750000,1.3661269386512571,1.3661272783967613
deep_attn_3x16,fx,,1.775000,1.3717905990347632,1.3717908838848296
deep_attn_3x16,fx,,1.800000,1.3773868925467418,1.3773871195108214
deep_attn_3x16,fx,,1.825000,1.3829154009903772,1.3829155673944546
deep_attn_3x16,fx,,1.850000,1.3883757991710752,1.3883759026453952
deep_attn_3x16,fx,,1.875000,1.393767849594102,1.3937678880590432
deep_attn_3x16,fx,,1.900000,1.3990913973349637,1.3990913689855675
deep_attn_3x16,fx,,1.925000,1.4043463650857362,1.4043462683753405
deep_attn_3x16,fx,,1.950000,1.40953274837943,1.4095325820027964
deep_attn_3x16,fx,,1.975000,1.4146506109934336,1.4146503738697032
deep_attn_3x16,fx,,2.000000,1.419700080532169,1.4196997717879212
deep_attn_3x16,fx,,2.025000,1.4246813441882615,1.4246809631409094
deep_attn_3x16,fx,,2.050000,1.4295946446808123,1.4295941908225116
deep_attn_3x16,fx,,2.075000,1.4344402763687072,1.4344397493509262
deep_attn_3x16,fx,,2.100000,1.439218581536363,1.4392179811552137
deep_attn_3x16,fx,,2.125000,1.443929946848801,1.4439292730312083
deep_attn_3x16,fx,,2.150000,1.448574799972558,1.4485740527633122
deep_attn_3x16,fx,,2.175000,1.4531536063585768,1.4531527859082907
deep_attn_3x16,fx,,2.200000,1.4576668661829342,1.4576659727369123
deep_attn_3x16,fx,,2.225000,1.4621151114410431,1.4621141453290472
deep_attn_3x16,fx,,2.250000,1.4664989031907552,1.4664978648176454
deep_attn_3x16,fx,,2.275000,1.4708188289396777,1.470817718776893
deep_attn_3x16,fx,,2.300000,1.475075500171885,1.475074318749721
deep_attn_3x16,fx,,2.325000,1.4792695500091606,1.479268297909802
deep_attn_3x16,fx,,2.350000,1.4834016310018592,1.483400308853113
deep_attn_3x16,fx,,2.375000,1.48747241304447,1.4874710215141502
deep_attn_3x16,fx,,2.400000,1.4914825814109787,1.491481121201892
deep_attn_3x16,fx,,2.425000,1.495432834905169,1.4954313067506453
deep_attn_3x16,fx,,2.450000,1.4993238841210494,1.4993222887809725
deep_attn_3x16,fx,,2.475000,1.5031564498086758,1.5031547880659621
deep_attn_3x16,fx,,2.500000,1.506931261340716,1.5069295339981974
deep_attn_3x16,fx,,2.525000,1.5106490552752059,1.5106472631528727
deep_attn_3x16,fx,,2.550000,1.514310574010053,1.514308717942618
deep_attn_3x16,fx,,2.575000,1.5179165645249595,1.5179146453597039
deep_attn_3x16,fx,,2.600000,1.5214677772065504,1.5214657958014208
deep_attn_3x16,fx,,2.625000,1.5249649647526362,1.5249629219745588
deep_attn_3x16,fx,,2.650000,1.52840888115165,1.5284067778750356
deep_attn_3x16,fx,,2.675000,1.531800280733446,1.5317981178388593
deep_attn_3x16,fx,,2.700000,1.535139917287773,1.5351376956607474
deep_attn_3x16,fx,,2.725000,1.5384285432468778,1.538426263776851
deep_attn_3x16,fx,,2.750000,1.5416669089288217,1.5416645725081797
deep_attn_3x16,fx,,2.775000,1.544855761838234,1.5448533693614435
deep_attn_3x16,fx,,2.800000,1.5479958460213543,1.5479933983841754
deep_attn_3x16,fx,,2.825000,1.551087901472353,1.5510853995711167
deep_attn_3x16,fx,,2.850000,1.5541326635880395,1.5541301083189827
deep_attn_3x16,fx,,2.875000,1.557130862668203,1.5571282549268526
deep_attn_3x16,fx,,2.900000,1.560083223458952,1.5600805641395499
deep_attn_3x16,fx,,2.925000,1.562990464736533,1.562987754731498
deep_attn_3x16,fx,,2.950000,1.565853298929235,1.5658505391286572
deep_attn_3x16,fx,,2.975000,1.5686724317751009,1.5686696230662598
deep_attn_3x16,fx,,3.000000,1.571448562013257,1.5714457052801694
deep_attn_3x16,fx,,3.025000,1.5741823811068156,1.5741794772298021
deep_attn_3x16,fx,,3.050000,1.5768745729953715,1.5768716228506432
deep_attn_3x16,fx,,3.075000,1.5795258138752317,1.5795228183344976
deep_attn_3x16,fx,,3.100000,1.5821367720056145,1.5821337319357038
deep_attn_3x16,fx,,3.125000,1.5847081075391334,1.5847050238016365
deep_attn_3x16,fx,,3.150000,1.587240472374984,1.587237345825908
deep_attn_3x16,fx,,3.175000,1.589734510033322,1.5897313415227634
deep_attn_3x16,fx,,3.200000,1.5921908555494175,1.592187645921248
deep_attn_3x16,fx,,3.225000,1.5946101353862279,1.5946068854777975
deep_attn_3x16,fx,,3.250000,1.5969929673641288,1.5969896780059818
deep_attn_3x16,fx,,3.275000,1.5993399606065908,1.5993366326221994
deep_attn_3x16,fx,,3.300000,1.6016517155006775,1.601648349706187
deep_attn_3x16,fx,,3.325000,1.603928823671285,1.6039254208752762
deep_attn_3x16,fx,,3.350000,1.606171867968119,1.6061684289713845
deep_attn_3x16,fx,,3.375000,1.6083814224644626,1.6083779480597964
deep_attn_3x16,fx,,3.400000,1.6105580524668268,1.6105545434388309
deep_attn_3x16,fx,,3.425000,1.6127023145346537,1.6126987716595576
deep_attn_3x16,fx,,3.450000,1.6148147565092754,1.6148111805547691
deep_attn_3x16,fx,,3.475000,1.6168959175513788,1.6168923092764607
deep_attn_3x16,fx,,3.500000,1.6189463281862801,1.6189426883411182
deep_attn_3x16,fx,,3.525000,1.62096651035635,1.6209628396821578
deep_attn_3x16,fx,,3.550000,1.6229569774799757,1.622953276708899
deep_attn_3x16,fx,,3.575000,1.6249182345164734,1.6249145043714908
deep_attn_3x16,fx,,3.600000,1.626850778036413,1.6268470192312494
deep_attn_3x16,fx,,3.625000,1.6287550962968482,1.6287513095359003
deep_attn_3x16,fx,,3.650000,1.6306316693209717,1.630627855299244
deep_attn_3x16,fx,,3.675000,1.632480968981751,1.632477128384804
deep_attn_3x16,fx,,3.700000,1.634303459089132,1.6342995925930408
deep_attn_3x16,fx,,3.725000,1.6360995954804138,1.6360957037517374
deep_attn_3x16,fx,,3.750000,1.6378698261134406,1.6378659098091999
deep_attn_3x16,fx,,3.775000,1.63961459116226,1.6396106509299275
deep_attn_3x16,fx,,3.800000,1.6413343231149458,1.641330359592442
deep_attn_3x16,fx,,3.825000,1.643029446873276,1.6430254606889751
deep_attn_3x16,fx,,3.850000,1.6447003798540025,1.6446963716267469
deep_attn_3x16,fx,,3.875000,1.6463475320914527,1.6463435024305744
deep_attn_3x16,fx,,3.900000,1.647971306341227,1.6479672558465768
deep_attn_3x16,fx,,3.925000,1.649572098184774,1.6495680274467555
deep_attn_3x16,fx,,3.950000,1.6511502961346323,1.651146205734246
deep_attn_3x16,fx,,3.975000,1.6527062817401645,1.6527021722490547
deep_attn_3x16,fx,,4.000000,1.6542404296935913,1.654236301674099
deep_attn_3x16,fx,,4.025000,1.655753107936176,1.6557489619413992
deep_attn_3x16,fx,,4.050000,1.6572446777644074,1.6572405143382634
deep_attn_3x16,fx,,4.075000,1.6587154939360411,1.6587113136133356
deep_attn_3x16,fx,,4.100000,1.6601659047758786,1.6601617080823763
deep_attn_3x16,fx,,4.125000,1.6615962522811576,1.6615920397336599
deep_attn_3x16,fx,,4.150000,1.6630068722264606,1.663002644332885
deep_attn_3x16,fx,,4.175000,1.6643980942680354,1.6643938515274967
deep_attn_3x16,fx,,4.200000,1.6657702420474378,1.6657659849503361
deep_attn_3x16,fx,,4.225000,1.6671236332944235,1.6671193623225302
deep_attn_3x16,fx,,4.250000,1.6684585799290048,1.668454295555556
deep_attn_3x16,fx,,4.275000,1.6697753881626167,1.6697710908524037
deep_attn_3x16,fx,,4.300000,1.6710743585983232,1.6710700488077885
deep_attn_3x16,fx,,4.325000,1.6723557863300118,1.672351464507346
deep_attn_3x16,fx,,4.350000,1.6736199610405336,1.6736156276257725
deep_attn_3x16,fx,,4.375000,1.6748671670987347,1.6748628225238602
deep_attn_3x16,fx,,4.400000,1.6760976836553532,1.6760933283443924
deep_attn_3x16,fx,,4.425000,1.6773117847377363,1.6773074191068635
deep_attn_3x16,fx,,4.450000,1.6785097393433575,1.6785053638009961
deep_attn_3x16,fx,,4.475000,1.6796918115320987,1.6796874264790258
deep_attn_3x16,fx,,4.500000,1.6808582605172881,1.6808538663467358
deep_attn_3x16,fx,,4.525000,1.6820093407554622,1.682004937853222
deep_attn_3x16,fx,,4.550000,1.683145302034843,1.6831408907793708
deep_attn_3x16,fx,,4.575000,1.6842663895625218,1.6842619703250405
deep_attn_3x16,fx,,4.600000,1.6853728440503302,1.685368417194935
deep_attn_3x16,fx,,4.625000,1.6864649017993998,1.6864604676831623
deep_attn_3x16,fx,,4.650000,1.6875427947834032,1.687538353756474
deep_attn_3x16,fx,,4.675000,1.6886067507304707,1.6886023031361845
deep_attn_3x16,fx,,4.700000,1.6896569932037873,1.6896525393787643
deep_attn_3x16,fx,,4.725000,1.6906937416808647,1.6906892819551151
deep_attn_3x16,fx,,4.750000,1.6917172116314998,1.691712746328525
deep_attn_3x16,fx,,4.775000,1.6927276145944152,1.69272314403131
deep_attn_3x16,fx,,4.800000,1.693725158252593,1.6937206827401463
deep_attn_3x16,fx,,4.825000,1.694710046507308,1.6947055663501032
deep_attn_3x16,fx,,4.850000,1.695682479550868,1.695677995047382
deep_attn_3x16,fx,,4.875000,1.6966426539380683,1.6966381653807714
deep_attn_3x16,fx,,4.900000,1.6975907626563778,1.6975862703318307
deep_attn_3x16,fx,,4.925000,1.6985269951948578,1.6985224993838095
deep_attn_3x16,fx,,4.950000,1.6994515376118366,1.6994470385893194
deep_attn_3x16,fx,,4.975000,1.7003645726013417,1.7003600706367672
deep_attn_3x16,fx,,5.000000,1.7012662795583116,1.701261774915565
deep_attn_3x16,fx,,5.025000,1.702156834642597,1.7021523275801298
deep_attn_3x16,fx,,5.050000,1.7030364108417657,1.7030319016126885
deep_attn_3x16,fx,,5.075000,1.703905178032729,1.7039006668849015
deep_attn_3x16,fx,,5.100000,1.7047633030422,1.7047587902183228
deep_attn_3x16,fx,,5.125000,1.705610949706005,1.7056064354437073
deep_attn_3x16,fx,,5.150000,1.7064482789272608,1.7064437634591885
deep_attn_3x16,fx,,5.175000,1.7072754487334307,1.7072709322873345
deep_attn_3x16,fx,,5.200000,1.708092614332288,1.708088097131107
deep_attn_3x16,fx,,5.225000,1.7088999281667838,1.7088954104287313
deep_attn_3x16,fx,,5.250000,1.709697539968855,1.7096930219075017
deep_attn_3x16,fx,,5.275000,1.7104855968121768,1.7104810786365339
deep_attn_3x16,fx,,5.300000,1.7112642431638836,1.711259725078483
deep_attn_3x16,fx,,5.325000,1.7120336209352702,1.7120291031402441
deep_attn_3x16,fx,,5.350000,1.7127938695314908,1.7127893522226525
deep_attn_3x16,fx,,5.375000,1.7135451259002785,1.7135406092691985
deep_attn_3x16,fx,,5.400000,1.7142875245796927,1.714283008813776
deep_attn_3x16,fx,,5.425000,1.715021197744919,1.7150166830274802
deep_attn_3x16,fx,,5.450000,1.7157462752541341,1.7157417617644724
deep_attn_3x16,fx,,5.475000,1.716462884693453,1.7164583726069251
deep_attn_3x16,fx,,5.500000,1.7171711514209769,1.7171666409090691
deep_attn_3x16,fx,,5.525000,1.717871198609955,1.717866689840354
deep_attn_3x16,fx,,5.550000,1.7185631472910783,1.7185586404277413
deep_attn_3x16,fx,,5.575000,1.71924711639392,1.7192426115971444
deep_attn_3x16,fx,,5.600000,1.7199232227875438,1.719918720214034
deep_attn_3x16,fx,,5.625000,1.7205915813202872,1.7205870811232205
deep_attn_3x16,fx,,5.650000,1.7212523048587387,1.721247807187832
deep_attn_3x16,fx,,5.675000,1.72190550432593,1.7219010093275047
deep_attn_3x16,fx,,5.700000,1.7225512887387509,1.7225467965557948
deep_attn_3x16,fx,,5.725000,1.723189765244603,1.7231852760168345
deep_attn_3x16,fx,,5.750000,1.7238210391573128,1.7238165530212408
deep_attn_3x16,fx,,5.775000,1.7244452139923103,1.7244407310812953
deep_attn_3x16,fx,,5.800000,1.7250623915010952,1.725057911945408
deep_attn_3x16,fx,,5.825000,1.7256726717049977,1.7256681956318787
deep_attn_3x16,fx,,5.850000,1.726276152928256,1.7262716804619718
deep_attn_3x16,fx,,5.875000,1.7268729318304166,1.7268684630923166
deep_attn_3x16,fx,,5.900000,1.7274631034380752,1.727458638546647
deep_attn_3x16,fx,,5.925000,1.7280467611759707,1.7280423002468948
deep_attn_3x16,fx,,5.950000,1.728623996897445,1.728619540043648
deep_attn_3x16,fx,,5.975000,1.729194900914282,1.7291904482459888
deep_attn_3x16,fx,,6.000000,1.7297595620259367,1.7297551136507232
deep_attn_3x16,fc,0.5,0.000000,0.9999961712608586,0.9999961712608588
deep_attn_3x16,fc,0.5,0.025000,0.9983586665283264,0.9983586646344352
deep_attn_3x16,fc,0.5,0.050000,0.9934854447619315,0.9934854371990305
deep_attn_3x16,fc,0.5,0.075000,0.9854913745800424,0.9854913576191164
deep_attn_3x16,fc,0.5,0.100000,0.9745583536238106,0.9745583236306017
deep_attn_3x16,fc,0.5,0.125000,0.9609225325053496,0.9609224860044977
deep_attn_3x16,fc,0.5,0.150000,0.9448591188810865,0.9448590526338713
deep_attn_3x16,fc,0.5,0.175000,0.9266666567726357,0.9266665678644719
deep_attn_3x16,fc,0.5,0.200000,0.9066524013377323,0.906652287270015
deep_attn_3x16,fc,0.5,0.225000,0.8851199148140092,0.8851197735940066
deep_attn_3x16,fc,0.5,0.250000,0.8623594574966844,0.8623592877190294
deep_attn_3x16,fc,0.5,0.275000,0.8386412655944171,0.838641066508284
deep_attn_3x16,fc,0.5,0.300000,0.814211463387328,0.8142112349444125
deep_attn_3x16,fc,0.5,0.325000,0.7892901626864534,0.7892899055662282
deep_attn_3x16,fc,0.5,0.350000,0.7640712345007932,0.7640709501109981
deep_attn_3x16,fc,0.5,0.375000,0.7387232574367388,0.738722947888542
deep_attn_3x16,fc,0.5,0.400000,0.7133912164602116,0.7133908845188547
deep_attn_3x16,fc,0.5,0.425000,0.6881986142817386,0.6881982632946789
deep_attn_3x16,fc,0.5,0.450000,0.6632497460918185,0.663249379897375
deep_attn_3x16,fc,0.5,0.475000,0.6386319659716888,0.6386315887919551
deep_attn_3x16,fc,0.5,0.500000,0.6144178357944816,0.614417452116793
deep_attn_3x16,fc,0.5,0.525000,0.5906670945590172,0.5906667090105318
deep_attn_3x16,fc,0.5,0.550000,0.5674284196649437,0.5674280368849434
deep_attn_3x16,fc,0.5,0.575000,0.544740974223973,0.5447405987383155
deep_attn_3x16,fc,0.5,0.600000,0.5226357487290805,0.5226353848308631
deep_attn_3x16,fc,0.5,0.625000,0.5011367135756455,0.5011363652156074
deep_attn_3x16,fc,0.5,0.650000,0.4802618029063661,0.4802614735958944
deep_attn_3x16,fc,0.5,0.675000,0.4600237514540322,0.46002344418289265
deep_attn_3x16,fc,0.5,0.700000,0.4404308055177951,0.4404305226879344
deep_attn_3x16,fc,0.5,0.725000,0.4214873276572326,0.4214870710332323
deep_attn_3x16,fc,0.5,0.750000,0.4031943126188877,0.4031940832949596
deep_attn_3x16,fc,0.5,0.775000,0.38554982974665797,0.38554962812948085
deep_attn_3x16,fc,0.5,0.800000,0.3685494048748277,0.36854923068108175
deep_attn_3x16,fc,0.5,0.825000,0.35218635258233455,0.35218620484951263
deep_attn_3x16,fc,0.5,0.850000,0.33645206776524184,0.3364519448742073
deep_attn_3x16,fc,0.5,0.875000,0.32133628379111423,0.3213361834989273
deep_attn_3x16,fc,0.5,0.900000,0.3068273030407356,0.306827222522449
deep_attn_3x16,fc,0.5,0.925000,0.2929122044116862,0.2929121403100752
deep_attn_3x16,fc,0.5,0.950000,0.279577031338725,0.2795769798212084
deep_attn_3x16,fc,0.5,0.975000,0.26680696305724005,0.2668069198795077
deep_attn_3x16,fc,0.5,1.000000,0.2545864711757784,0.25458643175180856
deep_attn_3x16,fc,0.5,1.025000,0.24289946310908217,0.24289942258726716
deep_attn_3x16,fc,0.5,1.050000,0.2317294135320439,0.23172936687701973
deep_attn_3x16,fc,0.5,1.075000,0.22105948472679215,0.22105942680628568
deep_attn_3x16,fc,0.5,1.100000,0.21087263649072385,0.21087256216631964
deep_attn_3x16,fc,0.5,1.125000,0.20115172613562138,0.20115163035586586
deep_attn_3x16,fc,0.5,1.150000,0.1918795990220663,0.1918794769158274
deep_attn_3x16,fc,0.5,1.175000,0.1830391700262164,0.18303901699379402
deep_attn_3x16,fc,0.5,1.200000,0.17461349631677192,0.1746133081159656
deep_attn_3x16,fc,0.5,1.225000,0.16658584181958325,0.16658561464383392
deep_attn_3x16,fc,0.5,1.250000,0.1589397337586156,0.15893946430447428
deep_attn_3x16,fc,0.5,1.275000,0.15165901167920204,0.15165869720073666
deep_attn_3x16,fc,0.5,1.300000,0.1447278693784232,0.14472750772673904
deep_attn_3x16,fc,0.5,1.325000,0.1381308901849294,0.13813047983167853
deep_attn_3x16,fc,0.5,1.350000,0.1318530760445198,0.13185261608906113
deep_attn_3x16,fc,0.5,1.375000,0.1258798708769846,0.1258793610376418
deep_attn_3x16,fc,0.5,1.400000,0.1201971786734991,0.12019661926408308
deep_attn_3x16,fc,0.5,1.425000,0.11479137680206564,0.11479076869543448
deep_attn_3x16,fc,0.5,1.450000,0.10964932498135538,0.1096486695622258
deep_attn_3x16,fc,0.5,1.475000,0.10475837037127034,0.10475766948076473
deep_attn_3x16,fc,0.5,1.500000,0.10010634921226125,0.10010560508677041
deep_attn_3x16,fc,0.5,1.525000,0.09568158542561844,0.09568080063249802
deep_attn_3x16,fc,0.5,1.550000,0.09147288656433361,0.09147206393676467
deep_attn_3x16,fc,0.5,1.575000,0.08746953747948727,0.08746868005254455
deep_attn_3x16,fc,0.5,1.600000,0.08366129204109063,0.08366040299072135
deep_attn_3x16,fc,0.5,1.625000,0.08003836322559144,0.08003744581183542
deep_attn_3x16,fc,0.5,1.650000,0.0765914118553519,0.07659046937076666
deep_attn_3x16,fc,0.5,1.675000,0.0733115342488152,0.07331056997272188
deep_attn_3x16,fc,0.5,1.700000,0.0701902490141999,0.07018926617305912
deep_attn_3x16,fc,0.5,1.725000,0.06721948319466708,0.06721848492863296
deep_attn_3x16,fc,0.5,1.750000,0.0643915579492822,0.06439054728477098
deep_attn_3x16,fc,0.5,1.775000,0.06169917393186197,0.0616981537598125
deep_attn_3x16,fc,0.5,1.800000,0.05913539650910604,0.059134369568493717
deep_attn_3x16,fc,0.5,1.825000,0.0566936409402885,0.05669260980638358
deep_attn_3x16,fc,0.5,1.850000,0.05436765762327744,0.05436662470009754
deep_attn_3x16,fc,0.5,1.875000,0.05215151749571312,0.05215048501211195
deep_attn_3x16,fc,0.5,1.900000,0.050039597665792246,0.050038567674637165
deep_attn_3x16,fc,0.5,1.925000,0.04802656733419863,0.0480255417141179
deep_attn_3x16,fc,0.5,1.950000,0.04610737405720722,0.04610635451642435
deep_attn_3x16,fc,0.5,1.975000,0.04427723039080811,0.04427621847262877
deep_attn_3x16,fc,0.5,2.000000,0.04253160094672892,0.042530598036290536
deep_attn_3x16,fc,0.5,2.025000,0.0408661898833802,0.04086519721532707
deep_attn_3x16,fc,0.5,2.050000,0.03927692884795875,0.03927594751474929
deep_attn_3x16,fc,0.5,2.075000,0.03775996538004822,0.03775899634064951
deep_attn_3x16,fc,0.5,2.100000,0.03631165178204565,0.03631069587080901
deep_attn_3x16,fc,0.5,2.125000,0.034928534457454585,0.03492759239300612
deep_attn_3x16,fc,0.5,2.150000,0.033607343714509796,0.033606416108520214
deep_attn_3x16,fc,0.5,2.175000,0.032344984029588075,0.032344071395319085
deep_attn_3x16,fc,0.5,2.200000,0.03113852476241108,0.03113762752295615
deep_attn_3x16,fc,0.5,2.225000,0.029985191313039117,0.029984309809202872
deep_attn_3x16,fc,0.5,2.250000,0.02888235670907313,0.028881491206847024
deep_attn_3x16,fc,0.5,2.275000,0.027827533610240263,0.027826684307850874
deep_attn_3x16,fc,0.5,2.300000,0.026818366716615083,0.026817533751129878
deep_attn_3x16,fc,0.5,2.325000,0.02585262556605017,0.025851809019539436
deep_attn_3x16,fc,0.5,2.350000,0.02492819770596222,0.024927397611219253
deep_attn_3x16,fc,0.5,2.375000,0.02404308222435292,0.024042298570184424
deep_attn_3x16,fc,0.5,2.400000,0.02319538362486373,0.02319461636096361
deep_attn_3x16,fc,0.5,2.425000,0.022383306030693162,0.022382555072118837
deep_attn_3x16,fc,0.5,2.450000,0.02160514770237487,0.021604412933645116
deep_attn_3x16,fc,0.5,2.475000,0.02085929585463764,0.020858577133474034
deep_attn_3x16,fc,0.5,2.500000,0.020144221757902758,0.020143518918636836
deep_attn_3x16,fc,0.5,2.525000,0.01945847611033713,0.019457788967005542
deep_attn_3x16,fc,0.5,2.550000,0.018800684666802736,0.01880001301595232
deep_attn_3x16,fc,0.5,2.575000,0.018169544111496072,0.018168887734721407
deep_attn_3x16,fc,0.5,2.600000,0.017563818161547062,0.017563176827779654
deep_attn_3x16,fc,0.5,2.625000,0.016982333889335566,0.016981707356906937
deep_attn_3x16,fc,0.5,2.650000,0.016423978251793647,0.016423366270288828
deep_attn_3x16,fc,0.5,2.675000,0.01588769481545671,0.01588709712737786
deep_attn_3x16,fc,0.5,2.700000,0.015372480666533295,0.015371897008789036
deep_attn_3x16,fc,0.5,2.725000,0.014877383495772278,0.014876813601008254
deep_attn_3x16,fc,0.5,2.750000,0.014401498848374827,0.014400942446161183
deep_attn_3x16,fc,0.5,2.775000,0.013943967529699841,0.01394342434758682
deep_attn_3x16,fc,0.5,2.800000,0.013503973157965365,0.0135034429224213
deep_attn_3x16,fc,0.5,2.825000,0.01308073985560576,0.013080222292847036
deep_attn_3x16,fc,0.5,2.850000,0.01267353007137828,0.012673024908103358
deep_attn_3x16,fc,0.5,2.875000,0.0122816425257396,0.012281149489774493
deep_attn_3x16,fc,0.5,2.900000,0.011904410272410737,0.011903929093276212
deep_attn_3x16,fc,0.5,2.925000,0.01154119886943683,0.0115407292788442
deep_attn_3x16,fc,0.5,2.950000,0.011191404653427939,0.011190946385711102
deep_attn_3x16,fc,0.5,2.975000,0.010854453111003082,0.010854005903492529
deep_attn_3x16,fc,0.5,3.000000,0.010529797341814251,0.010529360935159847
deep_attn_3x16,fc,0.5,3.025000,0.010216916607833637,0.010216490746280376
deep_attn_3x16,fc,0.5,3.050000,0.00991531496390019,0.00991489939552285
deep_attn_3x16,fc,0.5,3.075000,0.009624519964803957,0.00962411444170394
deep_attn_3x16,fc,0.5,3.100000,0.009344081444464303,0.009343685722933544
deep_attn_3x16,fc,0.5,3.125000,0.009073570363011818,0.009073184203666275
deep_attn_3x16,fc,0.5,3.150000,0.008812577717836279,0.00881220088572273
deep_attn_3x16,fc,0.5,3.175000,0.008560713514881635,0.00856034577956125
deep_attn_3x16,fc,0.5,3.200000,0.008317605796702154,0.008317246932311853
deep_attn_3x16,fc,0.5,3.225000,0.008082899723986015,0.008082549509281826
deep_attn_3x16,fc,0.5,3.250000,0.00785625670745782,0.007855914925840547
deep_attn_3x16,fc,0.5,3.275000,0.007637353587245044,0.007637020026771776
deep_attn_3x16,fc,0.5,3.300000,0.007425881856973904,0.007425556310355653
deep_attn_3x16,fc,0.5,3.325000,0.007221546930016753,0.007221229194605152
deep_attn_3x16,fc,0.5,3.350000,0.007024067445470128,0.007023757323232783
deep_attn_3x16,fc,0.5,3.375000,0.006833174611582948,0.0068328719090709365
deep_attn_3x16,fc,0.5,3.400000,0.0066486115844905935,0.006648316112797191
deep_attn_3x16,fc,0.5,3.425000,0.006470132880242119,0.006469844454954951
deep_attn_3x16,fc,0.5,3.450000,0.006297503818217698,0.006297222259364868
deep_attn_3x16,fc,0.5,3.475000,0.006130499994158933,0.006130225126150202
deep_attn_3x16,fc,0.5,3.500000,0.005968906781128158,0.005968638432691078
deep_attn_3x16,fc,0.5,3.525000,0.00581251885681866,0.005812256860931846
deep_attn_3x16,fc,0.5,3.550000,0.005661139755735345,0.005660883949557558
deep_attn_3x16,fc,0.5,3.575000,0.0055145814448370745,0.005514331669634566
deep_attn_3x16,fc,0.5,3.600000,0.005372663921337284,0.005372420022408773
deep_attn_3x16,fc,0.5,3.625000,0.005235214831415647,0.0052349766580150085
deep_attn_3x16,fc,0.5,3.650000,0.005102069108680274,0.0051018365139386904
deep_attn_3x16,fc,0.5,3.675000,0.004973068631280775,0.0049728414721276004
deep_attn_3x16,fc,0.5,3.700000,0.00484806189664333,0.004847840033726076
deep_attn_3x16,fc,0.5,3.725000,0.004726903712849673,0.004726687010453871
deep_attn_3x16,fc,0.5,3.750000,0.004609454905749821,0.0046092432317188185
deep_attn_3x16,fc,0.5,3.775000,0.004495582040942581,0.004495375266596954
deep_attn_3x16,fc,0.5,3.800000,0.004385157159813469,0.00438495515987154
deep_attn_3x16,fc,0.5,3.825000,0.004278057528863122,0.004277860181360855
deep_attn_3x16,fc,0.5,3.850000,0.004174165401606866,0.00417397258781929
deep_attn_3x16,fc,0.5,3.875000,0.004073367792363336,0.004073179396726176
deep_attn_3x16,fc,0.5,3.900000,0.003975556261293534,0.003975372171325868
deep_attn_3x16,fc,0.5,3.925000,0.003880626710087709,0.003880446816315581
deep_attn_3x16,fc,0.5,3.950000,0.003788479187725402,0.0037883033836064225
deep_attn_3x16,fc,0.5,3.975000,0.0036990177057771856,0.0036988458876262074
deep_attn_3x16,fc,0.5,4.000000,0.0036121500627399605,0.0036119821296561735
deep_attn_3x16,fc,0.5,4.025000,0.003527787676925076,0.0035276235307199755
deep_attn_3x16,fc,0.5,4.050000,0.003445845427453187,0.003445684972579932
deep_attn_3x16,fc,0.5,4.075000,0.0033662415029258597,0.0033660846464103494
deep_attn_3x16,fc,0.5,4.100000,0.0032888972573771325,0.0032887439087498005
deep_attn_3x16,fc,0.5,4.125000,0.003213737073118339,0.0032135871443476484
deep_attn_3x16,fc,0.5,4.150000,0.0031406882301283634,0.003140541635555781
deep_attn_3x16,fc,0.5,4.175000,0.0030696807816410487,0.003069537437917249
deep_attn_3x16,fc,0.5,4.200000,0.003000647435617232,0.003000507261639546
deep_attn_3x16,fc,0.5,4.225000,0.002933523441795649,0.002933386358647509
deep_attn_3x16,fc,0.5,4.250000,0.0028682464840413813,0.002868112414932197
deep_attn_3x16,fc,0.5,4.275000,0.002804756577715284,0.0028046254479229715
deep_attn_3x16,fc,0.5,4.300000,0.002742995971819151,0.002742867708632816
deep_attn_3x16,fc,0.5,4.325000,0.0026829090556675927,0.0026827835883323843
deep_attn_3x16,fc,0.5,4.350000,0.002624442269860028,0.0026243195295232785
deep_attn_3x16,fc,0.5,4.375000,0.002567544021343293,0.0025674239410017246
deep_attn_3x16,fc,0.5,4.400000,0.0025121646023510413,0.002512047116799274
deep_attn_3x16,fc,0.5,4.425000,0.0024582561130356284,0.0024581411588165073
deep_attn_3x16,fc,0.5,4.450000,0.002405772387604199,0.0024056599029599174
deep_attn_3x16,fc,0.5,4.475000,0.002354668923788883,0.0023545588486135268
deep_attn_3x16,fc,0.5,4.500000,0.0023049028154846773,0.002304795091278237
deep_attn_3x16,fc,0.5,4.525000,0.00225643268840392,0.0022563272582273074
deep_attn_3x16,fc,0.5,4.550000,0.0022092186385965773,0.002209115447027629
deep_attn_3x16,fc,0.5,4.575000,0.002163222173695911,0.002163121166787322
deep_attn_3x16,fc,0.5,4.600000,0.0021184061567651735,0.0021183072820026927
deep_attn_3x16,fc,0.5,4.625000,0.002074734752610552,0.0020746379588730468
deep_attn_3x16,fc,0.5,4.650000,0.002032173376448565,0.002032078613968704
deep_attn_3x16,fc,0.5,4.675000,0.001990688644812777,0.0019905958651390177
deep_attn_3x16,fc,0.5,4.700000,0.0019502483285924743,0.0019501574845522565
deep_attn_3x16,fc,0.5,4.725000,0.0019108213081051595,0.0019107323537686412
deep_attn_3x16,fc,0.5,4.750000,0.0018723775301029422,0.0018722904207485434
deep_attn_3x16,fc,0.5,4.775000,0.0018348879666254536,0.0018348026587054643
deep_attn_3x16,fc,0.5,4.800000,0.0017983245756096888,0.0017982410267173958
deep_attn_3x16,fc,0.5,4.825000,0.0017626602631762855,0.001762578432014152
deep_attn_3x16,fc,0.5,4.850000,0.0017278688475151904,0.0017277886938635106
deep_attn_3x16,fc,0.5,4.875000,0.0016939250242942183,0.0016938465089809934
deep_attn_3x16,fc,0.5,4.900000,0.0016608043335208933,0.0016607274183924714
deep_attn_3x16,fc,0.5,4.925000,0.0016284831277946221,0.001628407775686919
deep_attn_3x16,fc,0.5,4.950000,0.0015969385418778126,0.001596864716589041
deep_attn_3x16,fc,0.5,4.975000,0.0015661484635343115,0.0015660761297978003
deep_attn_3x16,fc,0.5,5.000000,0.001536091505570658,0.001536020629028713
deep_attn_3x16,fc,0.5,5.025000,0.0015067469790308596,0.0015066775262095645
deep_attn_3x16,fc,0.5,5.050000,0.0014780948674879557,0.0014780268057724868
deep_attn_3x16,fc,0.5,5.075000,0.0014501158023890737,0.0014500490999996532
deep_attn_3x16,fc,0.5,5.100000,0.0014227910394001286,0.0014227256653687938
deep_attn_3x16,fc,0.5,5.125000,0.0013961024357106444,0.0013960383598590484
deep_attn_3x16,fc,0.5,5.150000,0.0013700324282543974,0.0013699696211715122
deep_attn_3x16,fc,0.5,5.175000,0.0013445640128050274,0.001344502445826072
deep_attn_3x16,fc,0.5,5.200000,0.001319680723908312,0.001319620369094148
deep_attn_3x16,fc,0.5,5.225000,0.0012953666156151344,0.0012953074457320137
deep_attn_3x16,fc,0.5,5.250000,0.001271606242978951,0.0012715482314793827
deep_attn_3x16,fc,0.5,5.275000,0.0012483846442861157,0.0012483277652897444
deep_attn_3x16,fc,0.5,5.300000,0.0012256873239840926,0.0012256315522594916
deep_attn_3x16,fc,0.5,5.325000,0.0012035002362832392,0.0012034455472299352
deep_attn_3x16,fc,0.5,5.350000,0.0011818097693950813,0.0011817561390265222
deep_attn_3x16,fc,0.5,5.375000,0.001160602730388871,0.0011605501353155188
deep_attn_3x16,fc,0.5,5.400000,0.001139866330631234,0.0011398147480441024
deep_attn_3x16,fc,0.5,5.425000,0.0011195881717912526,0.0011195375794464772
deep_attn_3x16,fc,0.5,5.450000,0.001099756232383009,0.0010997066085859438
deep_attn_3x16,fc,0.5,5.475000,0.0010803588548229381,0.0010803101784139062
deep_attn_3x16,fc,0.5,5.500000,0.0010613847329832282,0.0010613369833224516
deep_attn_3x16,fc,0.5,5.525000,0.0010428229002177325,0.0010427760571714813
deep_attn_3x16,fc,0.5,5.550000,0.0010246627178406298,0.0010246167617677558
deep_attn_3x16,fc,0.5,5.575000,0.0010068938640416247,0.001006848775780092
deep_attn_3x16,fc,0.5,5.600000,0.0009895063232164825,0.0009894620840704305
deep_attn_3x16,fc,0.5,5.625000,0.0009724903756974657,0.000972446967424831
deep_attn_3x16,fc,0.5,5.650000,0.0009558365878681307,0.0009557939926686374
deep_attn_3x16,fc,0.5,5.675000,0.0009395358026432765,0.0009394940031462534
deep_attn_3x16,fc,0.5,5.700000,0.0009235791303030538,0.0009235381095562882
deep_attn_3x16,fc,0.5,5.725000,0.0009079579396652493,0.0009079176811237815
deep_attn_3x16,fc,0.5,5.750000,0.0008926638495804218,0.0008926243370957384
deep_attn_3x16,fc,0.5,5.775000,0.0008776887207405659,0.000877649938550017
deep_attn_3x16,fc,0.5,5.800000,0.000863024647783539,0.0008629865805003556
deep_attn_3x16,fc,0.5,5.825000,0.0008486639516883665,0.0008486265842915688
deep_attn_3x16,fc,0.5,5.850000,0.0008345991724415525,0.0008345624902662513
deep_attn_3x16,fc,0.5,5.875000,0.0008208230619717316,0.0008207870506999125
deep_attn_3x16,fc,0.5,5.900000,0.000807328577334343,0.0008072932229858862
deep_attn_3x16,fc,0.5,5.925000,0.000794108874144217,0.0007940741630678401
deep_attn_3x16,fc,0.5,5.950000,0.0007811573002395322,0.0007811232191043099
deep_attn_3x16,fc,0.5,5.975000,0.000768467389571259,0.0007684339253583744
deep_attn_3x16,fc,0.5,6.000000,0.0007560328563108731,0.0007559999963054072
deep_attn_3x16,fc,2,0.000000,0.9999979292399578,0.9999979292399579
deep_attn_3x16,fc,2,0.025000,0.9992961045015134,0.9992961010731113
deep_attn_3x16,fc,2,0.050000,0.9971948790894618,0.9971948653968338
deep_attn_3x16,fc,2,0.075000,0.9937069386727158,0.9937069079517921
deep_attn_3x16,fc,2,0.100000,0.9888532253486091,0.9888531709729896
deep_attn_3x16,fc,2,0.125000,0.9826626427453526,0.9826625583062567
deep_attn_3x16,fc,2,0.150000,0.975171655072586,0.9751715344708285
deep_attn_3x16,fc,2,0.175000,0.9664237912742198,0.9664236288215278
deep_attn_3x16,fc,2,0.200000,0.9564690676280567,0.95646885815437
deep_attn_3x16,fc,2,0.225000,0.9453633436919613,0.9453630826547406
deep_attn_3x16,fc,2,0.250000,0.9331676273841651,0.9331673109752425
deep_attn_3x16,fc,2,0.275000,0.9199473452186486,0.919946970463837
deep_attn_3x16,fc,2,0.300000,0.9057715933483532,0.9057711581949571
deep_attn_3x16,fc,2,0.325000,0.890712384183438,0.890711887570984
deep_attn_3x16,fc,2,0.350000,0.8748439020539291,0.8748433439638938
deep_attn_3x16,fc,2,0.375000,0.8582417797910139,0.8582411612720591
deep_attn_3x16,fc,2,0.400000,0.8409824063240645,0.8409817294902436
deep_attn_3x16,fc,2,0.425000,0.8231422735380677,0.8231415415386202
deep_attn_3x16,fc,2,0.450000,0.8047973688009913,0.8047965857616002
deep_attn_3x16,fc,2,0.475000,0.7860226178270402,0.7860217887637229
deep_attn_3x16,fc,2,0.500000,0.76689138094446,0.7668905116525188
deep_attn_3x16,fc,2,0.525000,0.7474750044209836,0.7474741013425734
deep_attn_3x16,fc,2,0.550000,0.7278424272842741,0.72784149735908
deep_attn_3x16,fc,2,0.575000,0.7080598430621716,0.7080588935663934
deep_attn_3x16,fc,2,0.600000,0.6881904150503143,0.6881894534295714
deep_attn_3x16,fc,2,0.625000,0.6682940430766339,0.668293076778535
deep_attn_3x16,fc,2,0.650000,0.6484271792523666,0.6484262155643347
deep_attn_3x16,fc,2,0.675000,0.6286426898541813,0.6286417357517053
deep_attn_3x16,fc,2,0.700000,0.608989760248331,0.6089888222581751
deep_attn_3x16,fc,2,0.725000,0.5895138396233066,0.589512923705394
deep_attn_3x16,fc,2,0.750000,0.570256622222795,0.570255733673549
deep_attn_3x16,fc,2,0.775000,0.551256061749291,0.551255205128223
deep_attn_3x16,fc,2,0.800000,0.5325464156273582,0.5325455947076924
deep_attn_3x16,fc,2,0.825000,0.5141583158641787,0.5141575336073486
deep_attn_3x16,fc,2,0.850000,0.4961188633165152,0.49611812186950627
deep_attn_3x16,fc,2,0.875000,0.47845174226265086,0.4784510429764151
deep_attn_3x16,fc,2,0.900000,0.46117735228227685,0.4611766957488485
deep_attn_3x16,fc,2,0.925000,0.44431295456492825,0.4443123406704296
deep_attn_3x16,fc,2,0.950000,0.42787282989753495,0.4278722578879763
deep_attn_3x16,fc,2,0.975000,0.4118684457233994,0.4118679142800541
deep_attn_3x16,fc,2,1.000000,0.3963086298179749,0.39630813713912205
deep_attn_3x16,fc,2,1.025000,0.3811997482904861,0.38119929217645976
deep_attn_3x16,fc,2,1.050000,0.3665458857937127,0.3665454637324295
deep_attn_3x16,fc,2,1.075000,0.3523490260056381,0.35234863525610427
deep_attn_3x16,fc,2,1.100000,0.3386092306343703,0.3386088683060421
deep_attn_3x16,fc,2,1.125000,0.3253248153894961,0.325324478515772
deep_attn_3x16,fc,2,1.150000,0.3124925215564014,0.31249220716094483
deep_attn_3x16,fc,2,1.175000,0.3001076820024906,0.3001073871574854
deep_attn_3x16,fc,2,1.200000,0.2881643806330121,0.28816410250883695
deep_attn_3x16,fc,2,1.225000,0.2766556044968813,0.27665534040303363
deep_attn_3x16,fc,2,1.250000,0.26557338791715446,0.2655731353345545
deep_attn_3x16,fc,2,1.275000,0.25490894818466403,0.2549087047897165
deep_attn_3x16,fc,2,1.300000,0.2446528125050922,0.24465257618608027
deep_attn_3x16,fc,2,1.325000,0.23479493602821377,0.234794704894746
deep_attn_3x16,fc,2,1.350000,0.2253248109122894,0.22532458329861285
deep_attn_3x16,fc,2,1.375000,0.21623156648616682,0.21623134094921204
deep_attn_3x16,fc,2,1.400000,0.2075040606664813,0.2075038359795181
deep_attn_3x16,fc,2,1.425000,0.19913096286763965,0.199130738010403
deep_attn_3x16,fc,2,1.450000,0.19110082870855793,0.19110060285465802
deep_attn_3x16,fc,2,1.475000,0.1834021668731617,0.18340193937552854
deep_attn_3x16,fc,2,1.500000,0.1760234985223632,0.17602326889740094
deep_attn_3x16,fc,2,1.525000,0.1689534096846934,0.16895317759573308
deep_attn_3x16,fc,2,1.550000,0.1621805970721043,0.16218036231265762
deep_attn_3x16,fc,2,1.575000,0.1556939077778745,0.15569367025510647
deep_attn_3x16,fc,2,1.600000,0.1494823733162337,0.14948213303498506
deep_attn_3x16,fc,2,1.625000,0.14353523845939253,0.1435349955070108
deep_attn_3x16,fc,2,1.650000,0.13784198531828507,0.13784173985045117
deep_attn_3x16,fc,2,1.675000,0.1323923530994523,0.13239210532712925
deep_attn_3x16,fc,2,1.700000,0.1271763539531514,0.12717610413072902
deep_attn_3x16,fc,2,1.725000,0.1221842853077223,0.12218403372238908
deep_attn_3x16,fc,2,1.750000,0.11740673906331822,0.11740648602565415
deep_attn_3x16,fc,2,1.775000,0.11283460799492795,0.11283435383068481
deep_attn_3x16,fc,2,1.800000,0.10845908969073603,0.1084588347337509
deep_attn_3x16,fc,2,1.825000,0.10427168832781875,0.1042714329139894
deep_attn_3x16,fc,2,1.850000,0.10026421456328216,0.10026395902552457
deep_attn_3x16,fc,2,1.875000,0.09642878379558883,0.09642852845968962
deep_attn_3x16,fc,2,1.900000,0.09275781302820829,0.09275755820948363
deep_attn_3x16,fc,2,1.925000,0.08924401654608582,0.08924376254675773
deep_attn_3x16,fc,2,1.950000,0.08588040059485669,0.08588014770206033
deep_attn_3x16,fc,2,1.975000,0.08266025723337622,0.08266000571771653
deep_attn_3x16,fc,2,2.000000,0.07957715751201244,0.07957690762659296
deep_attn_3x16,fc,2,2.025000,0.07662494411230925,0.07662469609216203
deep_attn_3x16,fc,2,2.050000,0.07379772356805225,0.0737974776299044
deep_attn_3x16,fc,2,2.075000,0.0710898581734668,0.07108961451578498
deep_attn_3x16,fc,2,2.100000,0.06849595767117156,0.06849571647443305
deep_attn_3x16,fc,2,2.125000,0.06601087080059986,0.06601063222774378
deep_attn_3x16,fc,2,2.150000,0.06362967677678966,0.06362944097380911
deep_attn_3x16,fc,2,2.175000,0.06134767675968911,0.06134744385632948
deep_attn_3x16,fc,2,2.200000,0.05916038536535828,0.05916015547589158
deep_attn_3x16,fc,2,2.225000,0.05706352226259492,0.05706329548664664
deep_attn_3x16,fc,2,2.250000,0.05505300389152035,0.05505278031492643
deep_attn_3x16,fc,2,2.275000,0.0531249353344313,0.05312471503010885
deep_attn_3x16,fc,2,2.300000,0.05127560236373352,0.0512753853925513
deep_attn_3x16,fc,2,2.325000,0.0495014636869211,0.049501250098557395
deep_attn_3x16,fc,2,2.350000,0.0477991434043088,0.047798933238089425
deep_attn_3x16,fc,2,2.375000,0.046165423691515994,0.046165216977224074
deep_attn_3x16,fc,2,2.400000,0.04459723771545576,0.044597034474109544
deep_attn_3x16,fc,2,2.425000,0.04309166278980214,0.04309146303439602
deep_attn_3x16,fc,2,2.450000,0.041645913773477705,0.04164571750968536
deep_attn_3x16,fc,2,2.475000,0.04025733671366538,0.040257143940502574
deep_attn_3x16,fc,2,2.500000,0.038923402733077705,0.038923213443524764
deep_attn_3x16,fc,2,2.525000,0.03764170215974483,0.03764151634132921
deep_attn_3x16,fc,2,2.550000,0.03640993889634547,0.036409756531684365
deep_attn_3x16,fc,2,2.575000,0.03522592502507993,0.03522574609238472
deep_attn_3x16,fc,2,2.600000,0.034087575643241386,0.034087400116785065
deep_attn_3x16,fc,2,2.625000,0.032992903923977135,0.03299273177452561
deep_attn_3x16,fc,2,2.650000,0.03194001639618871,0.03193984759139919
deep_attn_3x16,fc,2,2.675000,0.0309271084371181,0.030926942941904803
deep_attn_3x16,fc,2,2.700000,0.029952459970861378,0.029952297747731768
deep_attn_3x16,fc,2,2.725000,0.02901443136584958,0.02901427237521226
deep_attn_3x16,fc,2,2.750000,0.02811145952418881,0.02811130372463498
deep_attn_3x16,fc,2,2.775000,0.02724205415570946,0.027241901504269916
deep_attn_3x16,fc,2,2.800000,0.026404794229548112,0.026404644681927984
deep_attn_3x16,fc,2,2.825000,0.025598324596136646,0.025598178106928483
deep_attn_3x16,fc,2,2.850000,0.024821352772553262,0.024821209295431242
deep_attn_3x16,fc,2,2.875000,0.024072645884295474,0.024072505372191445
deep_attn_3x16,fc,2,2.900000,0.02335102775668585,0.023350890161948933
deep_attn_3x16,fc,2,2.925000,0.022655376149273265,0.022655241423814636
deep_attn_3x16,fc,2,2.950000,0.0219846201267766,0.02198448822219974
deep_attn_3x16,fc,2,2.975000,0.021337737560306103,0.021337608428025324
deep_attn_3x16,fc,2,3.000000,0.020713752752796633,0.020713626344142904
deep_attn_3x16,fc,2,3.025000,0.020111734182804097,0.020111610449121096
deep_attn_3x16,fc,2,3.050000,0.019530792361012073,0.019530671253741985
deep_attn_3x16,fc,2,3.075000,0.0189700777940226,0.018969959264783273
deep_attn_3x16,fc,2,3.100000,0.01842877905021656,0.01842866305087054
deep_attn_3x16,fc,2,3.125000,0.01790612092267252,0.01790600740538857
deep_attn_3x16,fc,2,3.150000,0.01740136268435888,0.01740125160166688
deep_attn_3x16,fc,2,3.175000,0.01691379643100588,0.01691368773584563
deep_attn_3x16,fc,2,3.200000,0.016442745507277756,0.016442639153041987
deep_attn_3x16,fc,2,3.225000,0.015987563012054617,0.015987458952627043
deep_attn_3x16,fc,2,3.250000,0.015547630378837773,0.01554752856862642
deep_attn_3x16,fc,2,3.275000,0.015122356027459039,0.015122256421425359
deep_attn_3x16,fc,2,3.300000,0.014711174083479217,0.014711076637163482
deep_attn_3x16,fc,2,3.325000,0.014313543161814879,0.014313447831357885
deep_attn_3x16,fc,2,3.350000,0.01392894521131216,0.013928851953473702
deep_attn_3x16,fc,2,3.375000,0.013556884417142534,0.013556793189317143
deep_attn_3x16,fc,2,3.400000,0.013196886158050924,0.013196796918281035
deep_attn_3x16,fc,2,3.425000,0.012848496015636202,0.012848408722622606
deep_attn_3x16,fc,2,3.450000,0.012511278832984751,0.012511193446095005
deep_attn_3x16,fc,2,3.475000,0.012184817820115379,0.012184734299390572
deep_attn_3x16,fc,2,3.500000,0.011868713703821476,0.011868632009980432
deep_attn_3x16,fc,2,3.525000,0.01156258391961873,0.011562504014061415
deep_attn_3x16,fc,2,3.550000,0.011266061843630326,0.011265983688439207
deep_attn_3x16,fc,2,3.575000,0.01097879606234864,0.010978719620289117
deep_attn_3x16,fc,2,3.600000,0.010700449678319734,0.010700374912838966
deep_attn_3x16,fc,2,3.625000,0.010430699649899733,0.010430626525124654
deep_attn_3x16,fc,2,3.650000,0.010169236163332984,0.010169164644067214
deep_attn_3x16,fc,2,3.675000,0.009915762035484277,0.00991569208720407
deep_attn_3x16,fc,2,3.700000,0.009669992145651785,0.009669923734501585
deep_attn_3x16,fc,2,3.725000,0.009431652894969278,0.009431585987756015
deep_attn_3x16,fc,2,3.750000,0.009200481691983065,0.009200416256170275
deep_attn_3x16,fc,2,3.775000,0.008976226463063619,0.008976162466764602
deep_attn_3x16,fc,2,3.800000,0.008758645186382807,0.008758582598353621
deep_attn_3x16,fc,2,3.825000,0.008547505448255222,0.00854744423788731
deep_attn_3x16,fc,2,3.850000,0.008342584020706312,0.008342524158018077
deep_attn_3x16,fc,2,3.875000,0.008143666459185073,0.008143607914814084
deep_attn_3x16,fc,2,3.900000,0.007950546719403206,0.007950489464597189
deep_attn_3x16,fc,2,3.925000,0.00776302679233265,0.007762970798941056
deep_attn_3x16,fc,2,3.950000,0.007580916356440759,0.007580861596905375
deep_attn_3x16,fc,2,3.975000,0.007404032446300057,0.007403978893646075
deep_attn_3x16,fc,2,4.000000,0.007232199136747441,0.0072321467645740005
deep_attn_3x16,fc,2,4.025000,0.007065247241810568,0.0070651960242810626
deep_attn_3x16,fc,2,4.050000,0.006903014027667909,0.00690296393950086
deep_attn_3x16,fc,2,4.075000,0.006745342938939358,0.006745293955398438
deep_attn_3x16,fc,2,4.100000,0.006592083337644494,0.00659203543452906
deep_attn_3x16,fc,2,4.125000,0.006443090254200867,0.0064430434078363
deep_attn_3x16,fc,2,4.150000,0.006298224149866027,0.006298178337093973
deep_attn_3x16,fc,2,4.175000,0.006157350690060515,0.006157305888229191
deep_attn_3x16,fc,2,4.200000,0.006020340528031465,0.006020296714986096
deep_attn_3x16,fc,2,4.225000,0.0058870690983554574,0.005887026252428785
deep_attn_3x16,fc,2,4.250000,0.0057574164197984334,0.005757374519800969
deep_attn_3x16,fc,2,4.275000,0.005631266907070387,0.005631225932281169
deep_attn_3x16,fc,2,4.300000,0.005508509191052613,0.005508469121209777
deep_attn_3x16,fc,2,4.325000,0.005389035947075738,0.005388996762367058
deep_attn_3x16,fc,2,4.350000,0.00527274373086839,0.005272705411922309
deep_attn_3x16,fc,2,4.375000,0.005159532821803037,0.005159495349679465
deep_attn_3x16,fc,2,4.400000,0.005049307073088927,0.005049270429270179
deep_attn_3x16,fc,2,4.425000,0.004941973768579522,0.004941937934961711
deep_attn_3x16,fc,2,4.450000,0.004837443485880222,0.004837408444764286
deep_attn_3x16,fc,2,4.475000,0.004735629965455401,0.004735595699538422
deep_attn_3x16,fc,2,4.500000,0.004636449985449875,0.00463641647781682
deep_attn_3x16,fc,2,4.525000,0.004539823241958563,0.004539790476073858
deep_attn_3x16,fc,2,4.550000,0.004445672234481335,0.0044456401941804025
deep_attn_3x16,fc,2,4.575000,0.004353922156326462,0.0043538908258078015
deep_attn_3x16,fc,2,4.600000,0.004264500789725623,0.004264470153542824
deep_attn_3x16,fc,2,4.625000,0.004177338405446984,0.004177308448501121
deep_attn_3x16,fc,2,4.650000,0.0040923676666889675,0.00409233837422035
deep_attn_3x16,fc,2,4.675000,0.004009523537064408,0.004009494894645649
deep_attn_3x16,fc,2,4.700000,0.003928743192483708,0.003928715186011864
deep_attn_3x16,fc,2,4.725000,0.0038499659367546846,0.003849938552444208
deep_attn_3x16,fc,2,4.750000,0.0037731331207330188,0.0037731063451085585
deep_attn_3x16,fc,2,4.775000,0.003698188064858665,0.003698161884748136
deep_attn_3x16,fc,2,4.800000,0.003625075984925674,0.0036250503874534
deep_attn_3x16,fc,2,4.825000,0.0035537439209382127,0.0035537188935180495
deep_attn_3x16,fc,2,4.850000,0.0034841406689096743,0.0034841161992384935
deep_attn_3x16,fc,2,4.875000,0.003416216715481424,0.003416192791532784
deep_attn_3x16,fc,2,4.900000,0.0033499241752225073,0.003349900785240403
deep_attn_3x16,fc,2,4.925000,0.003285216730503082,0.0032851938629953315
deep_attn_3x16,fc,2,4.950000,0.003222049573815444,0.0032220272175482114
deep_attn_3x16,fc,2,4.975000,0.0031603793524411783,0.003160357496432501
deep_attn_3x16,fc,2,5.000000,0.003100164115358628,0.0031001427488730796
deep_attn_3x16,fc,2,5.025000,0.003041363262291874,0.0030413423748346722
deep_attn_3x16,fc,2,5.050000,0.0029839374948046338,0.0029839170761159985
deep_attn_3x16,fc,2,5.075000,0.002927848769355146,0.0029278288094051505
deep_attn_3x16,fc,2,5.100000,0.0028730602522210047,0.0028730407412039653
deep_attn_3x16,fc,2,5.125000,0.0028195362762144516,0.0028195172045440277
deep_attn_3x16,fc,2,5.150000,0.0027672422991125156,0.002767223657416334
deep_attn_3x16,fc,2,5.175000,0.0027161448637249563,0.002716126642840039
deep_attn_3x16,fc,2,5.200000,0.002666211559531506,0.0026661937504989823
deep_attn_3x16,fc,2,5.225000,0.002617410985819024,0.0026173935798797948
deep_attn_3x16,fc,2,5.250000,0.0025697127162583877,0.00256969570484818
deep_attn_3x16,fc,2,5.275000,0.0025230872648550617,0.002523070639600119
deep_attn_3x16,fc,2,5.300000,0.0024775060532185034,0.002477489805931105
deep_attn_3x16,fc,2,5.325000,0.002432941379093556,0.0024329255017677574
deep_attn_3x16,fc,2,5.350000,0.00238936638609899,0.002389350870906149
deep_attn_3x16,fc,2,5.375000,0.0023467550346273347,0.0023467398739123713
deep_attn_3x16,fc,2,5.400000,0.002305082073850162,0.002305067260127343
deep_attn_3x16,fc,2,5.425000,0.0022643230147907367,0.0022643085407395933
deep_attn_3x16,fc,2,5.450000,0.002224454104412077,0.0022244399628739303
deep_attn_3x16,fc,2,5.475000,0.0021854523006857862,0.002185438484659717
deep_attn_3x16,fc,2,5.500000,0.002147295248594139,0.002147281751233332
deep_attn_3x16,fc,2,5.525000,0.0021099612570315562,0.00210994807163994
deep_attn_3x16,fc,2,5.550000,0.00207342927657006,0.002073416396598594
deep_attn_3x16,fc,2,5.575000,0.0020376788780452904,0.002037666297088671
deep_attn_3x16,fc,2,5.600000,0.0020026902319409956,0.002002677943734377
deep_attn_3x16,fc,2,5.625000,0.0019684440885312515,0.0019684320869470203
deep_attn_3x16,fc,2,5.650000,0.001934921758751651,0.001934910037795905
deep_attn_3x16,fc,2,5.675000,0.0019021050957722663,0.0019020936495821128
deep_attn_3x16,fc,2,5.700000,0.001869976477243851,0.0018699653000843219
deep_attn_3x16,fc,2,5.725000,0.0018385187881864162,0.0018385078744475162
deep_attn_3x16,fc,2,5.750000,0.001807715404501975,0.001807704748695522
deep_attn_3x16,fc,2,5.775000,0.0017775501770770363,0.0017775397738341902
deep_attn_3x16,fc,2,5.800000,0.0017480074164614168,0.0017479972605298807
deep_attn_3x16,fc,2,5.825000,0.0017190718780941694,0.0017190619643353434
deep_attn_3x16,fc,2,5.850000,0.0016907287480565358,0.0016907190714431513
deep_attn_3x16,fc,2,5.875000,0.0016629636293327144,0.0016629541849460688
deep_attn_3x16,fc,2,5.900000,0.0016357625285575716,0.0016357533115849763
deep_attn_3x16,fc,2,5.925000,0.0016091118432308704,0.0016091028489635777
deep_attn_3x16,fc,2,5.950000,0.0015829983493856892,0.0015829895732162476
deep_attn_3x16,fc,2,5.975000,0.0015574091896842779,0.0015574006271040614
deep_attn_3x16,fc,2,6.000000,0.0015323318619319126,0.0015323235085293945
deep_attn_3x16,fc,5,0.000000,0.9999990149527558,0.9999990149527557
deep_attn_3x16,fc,5,0.025000,0.9995535628014178,0.9995535545956326
deep_attn_3x16,fc,5,0.050000,0.9982182878108422,0.9982182550348954
deep_attn_3x16,fc,5,0.075000,0.9959964375408675,0.9959963639857915
deep_attn_3x16,fc,5,0.100000,0.9928934348715338,0.9928933046151531
deep_attn_3x16,fc,5,0.125000,0.9889168923958492,0.988916689954814
deep_attn_3x16,fc,5,0.150000,0.9840766305272126,0.9840763410260884
deep_attn_3x16,fc,5,0.175000,0.9783846973668846,0.9783843067201043
deep_attn_3x16,fc,5,0.200000,0.9718553879560133,0.9718548830579382
deep_attn_3x16,fc,5,0.225000,0.9645052602124801,0.9645046291303571
deep_attn_3x16,fc,5,0.250000,0.9563531446395991,0.95635237680383
deep_attn_3x16,fc,5,0.275000,0.9474201448015435,0.9474192311874634
deep_attn_3x16,fc,5,0.300000,0.9377296255948296,0.9377285588901255
deep_attn_3x16,fc,5,0.325000,0.9273071865067345,0.9273059612587633
deep_attn_3x16,fc,5,0.350000,0.9161806173354793,0.9161792300730569
deep_attn_3x16,fc,5,0.375000,0.9043798342435484,0.904378283568314
deep_attn_3x16,fc,5,0.400000,0.8919367945100504,0.8919350811532322
deep_attn_3x16,fc,5,0.425000,0.8788853889216716,0.8788835157629997
deep_attn_3x16,fc,5,0.450000,0.8652613113722328,0.8652592834188174
deep_attn_3x16,fc,5,0.475000,0.8511019059033766,0.8510997302275789
deep_attn_3x16,fc,5,0.500000,0.8364459920874896,0.8364436777241008
deep_attn_3x16,fc,5,0.525000,0.8213336703025254,0.8213312281068833
deep_attn_3x16,fc,5,0.550000,0.8058061090521239,0.8058035515220902
deep_attn_3x16,fc,5,0.575000,0.789905317020884,0.789902658086808
deep_attn_3x16,fc,5,0.600000,0.7736739030048108,0.7736711577926741
deep_attn_3x16,fc,5,0.625000,0.7571548272060468,0.7571520117798487
deep_attn_3x16,fc,5,0.650000,0.7403911476189732,0.7403882787090609
deep_attn_3x16,fc,5,0.675000,0.7234257653566576,0.7234228600810844
deep_attn_3x16,fc,5,0.700000,0.706301172772467,0.7062982483585597
deep_attn_3x16,fc,5,0.725000,0.6890592081261793,0.6890562816393245
deep_attn_3x16,fc,5,0.750000,0.6717408203360853,0.6717379084223036
deep_attn_3x16,fc,5,0.775000,0.654385847060768,0.6543829657089731
deep_attn_3x16,fc,5,0.800000,0.6370328089815854,0.6370299733105577
deep_attn_3x16,fc,5,0.825000,0.61971872272619,0.6197159468002725
deep_attn_3x16,fc,5,0.850000,0.6024789344024164,0.6024762310788355
deep_attn_3x16,fc,5,0.875000,0.5853469752183015,0.5853443560278541
deep_attn_3x16,fc,5,0.900000,0.5683544401648509,0.5683519152265687
deep_attn_3x16,fc,5,0.925000,0.5515308902490856,0.5515284682184035
deep_attn_3x16,fc,5,0.950000,0.5349037782996198,0.5349014663486072
deep_attn_3x16,fc,5,0.975000,0.518498397937117,0.5184962017644935
deep_attn_3x16,fc,5,1.000000,0.502337854916513,0.5023357787844921
deep_attn_3x16,fc,5,1.025000,0.4864430597135372,0.4864411065080455
deep_attn_3x16,fc,5,1.050000,0.4708327399489587,0.4708309112594444
deep_attn_3x16,fc,5,1.075000,0.4555234710220293,0.45552176723692184
deep_attn_3x16,fc,5,1.100000,0.44052972315958216,0.44052814357346226
deep_attn_3x16,fc,5,1.125000,0.42586392297720677,0.42586246590588206
deep_attn_3x16,fc,5,1.150000,0.4115365275904186,0.41153519049035014
deep_attn_3x16,fc,5,1.175000,0.3975561093021629,0.3975548888910253
deep_attn_3x16,fc,5,1.200000,0.38392944892294867,0.38392834129850273
deep_attn_3x16,fc,5,1.225000,0.3706616358454603,0.370660636600358
deep_attn_3x16,fc,5,1.250000,0.3577561730905142,0.3577552774211005
deep_attn_3x16,fc,5,1.275000,0.3452150856595543,0.34521428846717805
deep_attn_3x16,fc,5,1.300000,0.3330390306646065,0.3330383266483743
deep_attn_3x16,fc,5,1.325000,0.3212274078541897,0.32122679159448314
deep_attn_3x16,fc,5,1.350000,0.30977846930807296,0.30977793534049813
deep_attn_3x16,fc,5,1.375000,0.29868942723050507,0.2986889701102368
deep_attn_3x16,fc,5,1.400000,0.28795655892678895,0.2879561732835211
deep_attn_3x16,fc,5,1.425000,0.2775753081986383,0.277574988782547
deep_attn_3x16,fc,5,1.450000,0.26754038253708634,0.26754012425636026
deep_attn_3x16,fc,5,1.475000,0.25784584562581914,0.25784564357642004
deep_attn_3x16,fc,5,1.500000,0.24848520479132485,0.24848505427970202
deep_attn_3x16,fc,5,1.525000,0.23945149314823166,0.2394513897077521
deep_attn_3x16,fc,5,1.550000,0.23073734628820863,0.2307372856900662
deep_attn_3x16,fc,5,1.575000,0.2223350734487025,0.2223350517080542
deep_attn_3x16,fc,5,1.600000,0.21423672317381037,0.2142367365518528
deep_attn_3x16,fc,5,1.625000,0.20643414354415301,0.20643418854680623
deep_attn_3x16,fc,5,1.650000,0.19891903710639514,0.198919110480207
deep_attn_3x16,fc,5,1.675000,0.19168301067677262,0.19168310940259609
deep_attn_3x16,fc,5,1.700000,0.1847176202275378,0.1847177415124742
deep_attn_3x16,fc,5,1.725000,0.17801441109148008,0.17801455235952063
deep_attn_3x16,fc,5,1.750000,0.17156495373857816,0.1715651126203154
deep_attn_3x16,fc,5,1.775000,0.16536087539126276,0.16536104971299231
deep_attn_3x16,fc,5,1.800000,0.15939388775163876,0.15939407552411586
deep_attn_3x16,fc,5,1.825000,0.1536558111161016,0.1536560105231757
deep_attn_3x16,fc,5,1.850000,0.14813859515092986,0.14813880453823608
deep_attn_3x16,fc,5,1.875000,0.1428343365973046,0.14283455446115373
deep_attn_3x16,fc,5,1.900000,0.13773529416643904,0.13773551914301999
deep_attn_3x16,fc,5,1.925000,0.13283390087570912,0.13283413173068498
deep_attn_3x16,fc,5,1.950000,0.1281227740653207,0.12812300968388157
deep_attn_3x16,fc,5,1.975000,0.12359472332259014,0.12359496270000238
deep_attn_3x16,fc,5,2.000000,0.11924275652773064,0.11924299876040963
deep_attn_3x16,fc,5,2.025000,0.11506008422143277,0.11506032849854929
deep_attn_3x16,fc,5,2.050000,0.11104012248078399,0.11104036807640862
deep_attn_3x16,fc,5,2.075000,0.10717649447640765,0.10717674074218457
deep_attn_3x16,fc,5,2.100000,0.10346303087026676,0.10346327722860513
deep_attn_3x16,fc,5,2.125000,0.09989376920056425,0.09989401513832925
deep_attn_3x16,fc,5,2.150000,0.09646295238762437,0.09646319745030717
deep_attn_3x16,fc,5,2.175000,0.09316502648268254,0.09316527026902503
deep_attn_3x16,fc,5,2.200000,0.08999463777018724,0.08999487992723759
deep_attn_3x16,fc,5,2.225000,0.0869466293235438,0.08694686954211561
deep_attn_3x16,fc,5,2.250000,0.08401603710424987,0.0840162751147613
deep_attn_3x16,fc,5,2.275000,0.08119808568508724,0.08119832125375193
deep_attn_3x16,fc,5,2.300000,0.07848818366940025,0.07848841659474731
deep_attn_3x16,fc,5,2.325000,0.07588191887056561,0.07588214898026313
deep_attn_3x16,fc,5,2.350000,0.07337505330844418,0.07337528045640314
deep_attn_3x16,fc,5,2.375000,0.07096351807291479,0.0709637421366524
deep_attn_3x16,fc,5,2.400000,0.06864340809850777,0.06864362897674837
deep_attn_3x16,fc,5,2.425000,0.06641097688860076,0.06641119449909502
deep_attn_3x16,fc,5,2.450000,0.06426263122262121,0.06426284550016602
deep_attn_3x16,fc,5,2.475000,0.06219492587517117,0.06219513676981234
deep_attn_3x16,fc,5,2.500000,0.06020455837190031,0.060204765847302694
deep_attn_3x16,fc,5,2.525000,0.05828836380329683,0.05828856783526772
deep_attn_3x16,fc,5,2.550000,0.056443309714282686,0.05644351028943357
deep_attn_3x16,fc,5,2.575000,0.05466649108458199,0.05466668819911841
deep_attn_3x16,fc,5,2.600000,0.0529551254122288,0.05295531907085509
deep_attn_3x16,fc,5,2.625000,0.05130654791028011,0.05130673812520908
deep_attn_3x16,fc,5,2.650000,0.04971820682476025,0.04971839361481907
deep_attn_3x16,fc,5,2.675000,0.04818765888008092,0.048187842269903004
deep_attn_3x16,fc,5,2.700000,0.04671256485660136,0.046712744875897896
deep_attn_3x16,fc,5,2.725000,0.04529068530362823,0.045290861986530255
deep_attn_3x16,fc,5,2.750000,0.043919876389957646,0.04392004977442389
deep_attn_3x16,fc,5,2.775000,0.04259808589302927,0.04259825602031256
deep_attn_3x16,fc,5,2.800000,0.04132334932687942,0.04132351624104625
deep_attn_3x16,fc,5,2.825000,0.04009378620830928,0.04009394995580804
deep_attn_3x16,fc,5,2.850000,0.03890759646004327,0.03890775708931617
deep_attn_3x16,fc,5,2.875000,0.037763056949103424,0.037763214510238105
deep_attn_3x16,fc,5,2.900000,0.03665851815817711,0.036658672702594416
deep_attn_3x16,fc,5,2.925000,0.035592400987365824,0.03559255256754023
deep_attn_3x16,fc,5,2.950000,0.03456319368340699,0.034563342352615975
deep_attn_3x16,fc,5,2.975000,0.03356944889320834,0.03356959470530945
deep_attn_3x16,fc,5,3.000000,0.032609780838347535,0.03260992384757856
deep_attn_3x16,fc,5,3.025000,0.031682862607038675,0.03168300286784069
deep_attn_3x16,fc,5,3.050000,0.03078742355996822,0.030787561126827977
deep_attn_3x16,fc,5,3.075000,0.029922246846333378,0.02992238177364323
deep_attn_3x16,fc,5,3.100000,0.02908616702637179,0.02908629936830695
deep_attn_3x16,fc,5,3.125000,0.028278067796669082,0.028278197607078143
deep_attn_3x16,fc,5,3.150000,0.027496879814528197,0.02749700714683811
deep_attn_3x16,fc,5,3.175000,0.0267415786177293,0.02674170352486146
deep_attn_3x16,fc,5,3.200000,0.02601118263603497,0.026011305170332698
deep_attn_3x16,fc,5,3.225000,0.025304751290869953,0.025304871504035504
deep_attn_3x16,fc,5,3.250000,0.024621383179665446,0.024621501122705596
deep_attn_3x16,fc,5,3.275000,0.023960214341435804,0.02396033006461559
deep_attn_3x16,fc,5,3.300000,0.02332041660024231,0.02332053015304608
deep_attn_3x16,fc,5,3.325000,0.022701195983292122,0.022701307414390606
deep_attn_3x16,fc,5,3.350000,0.022101791210507704,0.022101900567731217
deep_attn_3x16,fc,5,3.375000,0.02152147225250478,0.02152157958282148
deep_attn_3x16,fc,5,3.400000,0.020959538954022028,0.020959644303520642
deep_attn_3x16,fc,5,3.425000,0.02041531971993038,0.020415423133807592
deep_attn_3x16,fc,5,3.450000,0.019888170261071147,0.019888271783622076
deep_attn_3x16,fc,5,3.475000,0.019377472397255957,0.019377572071868618
deep_attn_3x16,fc,5,3.500000,0.01888263291487502,0.018882730784027312
deep_attn_3x16,fc,5,3.525000,0.0184030824766499,0.01840317858190917
deep_attn_3x16,fc,5,3.550000,0.017938274581168034,0.017938368963193514
deep_attn_3x16,fc,5,3.575000,0.01748768456993577,0.017487777268482583
deep_attn_3x16,fc,5,3.600000,0.017050808679770713,0.017050899733695963
deep_attn_3x16,fc,5,3.625000,0.01662716313845558,0.01662725258572584
deep_attn_3x16,fc,5,3.650000,0.016216283301656587,0.01621637117935688
deep_attn_3x16,fc,5,3.675000,0.015817722829197134,0.015817809173541454
deep_attn_3x16,fc,5,3.700000,0.015431052898868147,0.015431137745210538
deep_attn_3x16,fc,5,3.725000,0.015055861456021002,0.015055944838867765
deep_attn_3x16,fc,5,3.750000,0.014691752497285382,0.014691834450308115
deep_attn_3x16,fc,5,3.775000,0.014338345386813889,0.014338425942863312
deep_attn_3x16,fc,5,3.800000,0.013995274203537966,0.013995353394657682
deep_attn_3x16,fc,5,3.825000,0.01366218711797973,0.013662264975421378
deep_attn_3x16,fc,5,3.850000,0.013338745797242701,0.013338822351480577
deep_attn_3x16,fc,5,3.875000,0.013024624836853516,0.0130247001176001
deep_attn_3x16,fc,5,3.900000,0.012719511218204693,0.012719585254425991
deep_attn_3x16,fc,5,3.925000,0.012423103790389467,0.012423176610320625
deep_attn_3x16,fc,5,3.950000,0.012135112775292889,0.012135184406454037
deep_attn_3x16,fc,5,3.975000,0.011855259294843323,0.011855329764055456
deep_attn_3x16,fc,5,4.000000,0.011583274919392705,0.011583344252793145
deep_attn_3x16,fc,5,4.025000,0.01131890123622703,0.011318969459285231
deep_attn_3x16,fc,5,4.050000,0.011061889437272932,0.011061956574806305
deep_attn_3x16,fc,5,4.075000,0.010811999925099403,0.010812066001288487
deep_attn_3x16,fc,5,4.100000,0.010569001936359346,0.010569066974763647
deep_attn_3x16,fc,5,4.125000,0.010332673181858931,0.010332737205431649
deep_attn_3x16,fc,5,4.150000,0.010102799502477389,0.010102862533580738
deep_attn_3x16,fc,5,4.175000,0.009879174540201485,0.009879236600621332
deep_attn_3x16,fc,5,4.200000,0.009661599423571143,0.009661660534531725
deep_attn_3x16,fc,5,4.225000,0.009449882466866621,0.009449942649044966
deep_attn_3x16,fc,5,4.250000,0.009243838882401989,0.009243898155941826
deep_attn_3x16,fc,5,4.275000,0.00904329050531616,0.00904334888984183
deep_attn_3x16,fc,5,4.300000,0.00884806553028683,0.008848123044917012
deep_attn_3x16,fc,5,4.325000,0.008657998259617106,0.00865805492297805
deep_attn_3x16,fc,5,4.350000,0.008472928862169327,0.008472984692407837
deep_attn_3x16,fc,5,4.375000,0.008292703142652291,0.008292758157448845
deep_attn_3x16,fc,5,4.400000,0.008117172320782018,0.008117226537362866
deep_attn_3x16,fc,5,4.425000,0.007946192819872078,0.007946246255021595
deep_attn_3x16,fc,5,4.450000,0.007779626064412848,0.007779678734485535
deep_attn_3x16,fc,5,4.475000,0.007617338286243336,0.007617390207175521
deep_attn_3x16,fc,5,4.500000,0.007459200338913896,0.00745925152623505
deep_attn_3x16,fc,5,4.525000,0.007305087519875464,0.007305137988719207
deep_attn_3x16,fc,5,4.550000,0.007154879400139924,0.007154929165255192
deep_attn_3x16,fc,5,4.575000,0.007008459661073663,0.007008508736834862
deep_attn_3x16,fc,5,4.600000,0.006865715938007111,0.006865764338424728
deep_attn_3x16,fc,5,4.625000,0.006726539670346865,0.006726587409077422
deep_attn_3x16,fc,5,4.650000,0.006590825957912827,0.006590873048268464
deep_attn_3x16,fc,5,4.675000,0.006458473423204603,0.0064585198781628465
deep_attn_3x16,fc,5,4.700000,0.006329384079353129,0.006329429911565912
deep_attn_3x16,fc,5,4.725000,0.0062034632034864146,0.006203508425289461
deep_attn_3x16,fc,5,4.750000,0.00608061921528702,0.006080663838708088
deep_attn_3x16,fc,5,4.775000,0.005960763560497795,0.005960807597265741
deep_attn_3x16,fc,5,4.800000,0.005843810599166055,0.005843854060718774
deep_attn_3x16,fc,5,4.825000,0.005729677498420349,0.005729720395912886
deep_attn_3x16,fc,5,4.850000,0.005618284129569107,0.005618326473881569
deep_attn_3x16,fc,5,4.875000,0.0055095529693509615,0.0055095947710962845
deep_attn_3x16,fc,5,4.900000,0.00540340900513947,0.005403450274670497
deep_attn_3x16,fc,5,4.925000,0.00529977964394035,0.005299820391357137
deep_attn_3x16,fc,5,4.950000,0.005198594625013819,0.00519863486017101
deep_attn_3x16,fc,5,4.975000,0.0050997859359672715,0.005099825668480255
deep_attn_3x16,fc,5,5.000000,0.005003287732167072,0.005003326971419181
deep_attn_3x16,fc,5,5.025000,0.004909036259328925,0.004909075014477372
deep_attn_3x16,fc,5,5.050000,0.0048169697791500266,0.004817008059132411
deep_attn_3x16,fc,5,5.075000,0.004727028497856001,0.004727066311396233
deep_attn_3x16,fc,5,5.100000,0.004639154497532161,0.004639191853146637
deep_attn_3x16,fc,5,5.125000,0.004553291670132409,0.004553328576135116
deep_attn_3x16,fc,5,5.150000,0.004469385654038538,0.004469422118547324
deep_attn_3x16,fc,5,5.175000,0.00438738377307657,0.0043874198040178055
deep_attn_3x16,fc,5,5.200000,0.004307234977877328,0.0043072705829917705
deep_attn_3x16,fc,5,5.225000,0.004228889789487544,0.004228924976334929
deep_attn_3x16,fc,5,5.250000,0.0041523002451373525,0.004152335021101629
deep_attn_3x16,fc,5,5.275000,0.00407741984607124,0.004077454218365142
deep_attn_3x16,fc,5,5.300000,0.004004203507364856,0.0040042374830345975
deep_attn_3x16,fc,5,5.325000,0.003932607509635089,0.003932641095565119
deep_attn_3x16,fc,5,5.350000,0.0038625894525744497,0.003862622655491328
deep_attn_3x16,fc,5,5.375000,0.003794108210231073,0.0037941410367080836
deep_attn_3x16,fc,5,5.400000,0.0037271238879597046,0.003727156344421023
deep_attn_3x16,fc,5,5.425000,0.003661597780985848,0.003661629873710311
deep_attn_3x16,fc,5,5.450000,0.0035974923345043486,0.0035975240696294233
deep_attn_3x16,fc,5,5.475000,0.00353477110525946,0.003534802488785088
deep_attn_3x16,fc,5,5.500000,0.003473398724545329,0.00347342976233753
deep_attn_3x16,fc,5,5.525000,0.0034133408625641737,0.0034133715603585552
deep_attn_3x16,fc,5,5.550000,0.003354564194096521,0.003354594557501852
deep_attn_3x16,fc,5,5.575000,0.0032970363654218904,0.003297066399923296
deep_attn_3x16,fc,5,5.600000,0.0032407259624476215,0.0032407556734100657
deep_attn_3x16,fc,5,5.625000,0.0031856024799923333,0.0031856318726634857
deep_attn_3x16,fc,5,5.650000,0.0031316362921827157,0.003131665371696122
deep_attn_3x16,fc,5,5.675000,0.0030787986239153575,0.003078827395293707
deep_attn_3x16,fc,5,5.700000,0.0030270615233464193,0.003027089991503894
deep_attn_3x16,fc,5,5.725000,0.002976397835363964,0.0029764260051096687
deep_attn_3x16,fc,5,5.750000,0.0029267811760075313,0.0029268090520475788
deep_attn_3x16,fc,5,5.775000,0.0028781859077990912,0.002878213494739797
deep_attn_3x16,fc,5,5.800000,0.0028305871159459706,0.002830614418296118
deep_attn_3x16,fc,5,5.825000,0.0027839605853848814,0.00278398760755835
deep_attn_3x16,fc,5,5.850000,0.0027382827786358588,0.002738309524953898
deep_attn_3x16,fc,5,5.875000,0.002693530814429579,0.00269355728912338
deep_attn_3x16,fc,5,5.900000,0.002649682447085966,0.002649708654298654
deep_attn_3x16,fc,5,5.925000,0.002606716046607116,0.0026067419903964785
deep_attn_3x16,fc,5,5.950000,0.0025646105794649987,0.0025646362638050363
deep_attn_3x16,fc,5,5.975000,0.002523345590052628,0.0025233710188360442
deep_attn_3x16,fc,5,6.000000,0.0024829011827735004,0.002482926359813787
deep_cusp_3x16,fx,,0.000000,1.0,1.0
deep_cusp_3x16,fx,,0.025000,1.0001371702617867,1.0001371734503082
deep_cusp_3x16,fx,,0.050000,1.0005484003688032,1.0005484131007953
deep_cusp_3x16,fx,,0.075000,1.0012328497315701,1.0012328782849313
deep_cusp_3x16,fx,,0.100000,1.0021891221578583,1.002189172660767
deep_cusp_3x16,fx,,0.125000,1.0034152729737653,1.0034153513166864
deep_cusp_3x16,fx,,0.150000,1.0049088188895223,1.0049089306249135
deep_cusp_3x16,fx,,0.175000,1.0066667505170355,1.0066669007499534
deep_cusp_3x16,fx,,0.200000,1.008685547422154,1.0086857406950527
deep_cusp_3x16,fx,,0.225000,1.0109611955723998,1.010961435747421
deep_cusp_3x16,fx,,0.250000,1.0134892070206607,1.0134894971626558
deep_cusp_3x16,fx,,0.275000,1.0162646416474446,1.0162649839108355
deep_cusp_3x16,fx,,0.300000,1.0192821307688962,1.0192825262913066
deep_cusp_3x16,fx,,0.325000,1.0225359024050793,1.022536351210436
deep_cusp_3x16,fx,,0.350000,1.0260198079931153,1.0260203089066646
deep_cusp_3x16,fx,,0.375000,1.0297273503227304,1.0297279009001115
deep_cusp_3x16,fx,,0.400000,1.0336517124675524,1.0336523089397605
deep_cusp_3x16,fx,,0.425000,1.037785787484128,1.0377864247198565
deep_cusp_3x16,fx,,0.450000,1.0421222086519404,1.0421228801384386
deep_cusp_3x16,fx,,0.475000,1.0466533800316116,1.0466540778748243
deep_cusp_3x16,fx,,0.500000,1.0513715071247502,1.0513722220691275
deep_cusp_3x16,fx,,0.525000,1.056268627427372,1.056269348895353
deep_cusp_3x16,fx,,0.550000,1.0613366406792197,1.061337356830009
deep_cusp_3x16,fx,,0.575000,1.0665673386234016,1.0665680364302768
deep_cusp_3x16,fx,,0.600000,1.0719524341042634,1.0719530994492863
deep_cusp_3x16,fx,,0.625000,1.077483589346043,1.0774842071307018
deep_cusp_3x16,fx,,0.650000,1.0831524432703643,1.0831529975403624
deep_cusp_3x16,fx,,0.675000,1.0889506377267113,1.0889511118088369
deep_cusp_3x16,fx,,0.700000,1.0948698425264387,1.0948702191752313
deep_cusp_3x16,fx,,0.725000,1.1009017791873952,1.1009020407391494
deep_cusp_3x16,fx,,0.750000,1.1070382433126014,1.1070383718441337
deep_cusp_3x16,fx,,0.775000,1.1132711255424392,1.1132711030320084
deep_cusp_3x16,fx,,0.800000,1.1195924310353293,1.119592239523111
deep_cusp_3x16,fx,,0.825000,1.125994297446684,1.1259939191922888
deep_cusp_3x16,fx,,0.850000,1.1324690113899247,1.1324684290245925
deep_cusp_3x16,fx,,0.875000,1.1390090233764587,1.139008220047757
deep_cusp_3x16,fx,,0.900000,1.1456069612435695,1.1456059207506675
deep_cusp_3x16,fx,,0.925000,1.152255642090218,1.152254349008086
deep_cusp_3x16,fx,,0.950000,1.158948082750656,1.1589465225418367
deep_cusp_3x16,fx,,0.975000,1.1656775088445566,1.1656756679574736
deep_cusp_3x16,fx,,1.000000,1.1724373624500413,1.172435228403129
deep_cusp_3x16,fx,,1.025000,1.1792213084525716,1.1792188699038115
deep_cusp_3x16,fx,,1.050000,1.1860232396281405,1.1860204864298936
deep_cusp_3x16,fx,,1.075000,1.192837280523695,1.192834203762979
deep_cusp_3x16,fx,,1.100000,1.1996577902011758,1.1996543822257886
deep_cusp_3x16,fx,,1.125000,1.2064793639141331,1.2064756183452223
deep_cusp_3x16,fx,,1.150000,1.2132968337875703,1.2132927455194251
deep_cusp_3x16,fx,,1.175000,1.220105268572566,1.220100833760554
deep_cusp_3x16,fx,,1.200000,1.2268999725474394,1.2268951885850992
deep_cusp_3x16,fx,,1.225000,1.2336764836367442,1.2336713491231373
deep_cusp_3x16,fx,,1.250000,1.2404305708183807,1.2404250855168273
deep_cusp_3x16,fx,,1.275000,1.2471582308875782,1.2471523956769321
deep_cusp_3x16,fx,,1.300000,1.2538556846445614,1.2538495014641662
deep_cusp_3x16,fx,,1.325000,1.260519372570406,1.2605128443598486
deep_cusp_3x16,fx,,1.350000,1.2671459500529867,1.2671390806877225
deep_cusp_3x16,fx,,1.375000,1.2737322822220765,1.2737250764459462
deep_cusp_3x16,fx,,1.400000,1.280275438449638,1.2802679018052352
deep_cusp_3x16,fx,,1.425000,1.2867726865682005,1.2867648253259727
deep_cusp_3x16,fx,,1.450000,1.2932214868569656,1.2932133079438641
deep_cusp_3x16,fx,,1.475000,1.299619485842021,1.2996109967704328
deep_cusp_3x16,fx,,1.500000,1.305964509953737,1.3059557187513589
deep_cusp_3x16,fx,,1.525000,1.3122545590811743,1.3122454742224083
deep_cusp_3x16,fx,,1.550000,1.3184878000601055,1.3184784303994812
deep_cusp_3x16,fx,,1.575000,1.324662560128125,1.3246529148361825
deep_cusp_3x16,fx,,1.600000,1.330777320377281,1.330767408879276
deep_cusp_3x16,fx,,1.625000,1.3368307092317313,1.3368205411494571
deep_cusp_3x16,fx,,1.650000,1.3428214959751166,1.3428110810720784
deep_cusp_3x16,fx,,1.675000,1.3487485843496763,1.3487379324797883
deep_cusp_3x16,fx,,1.700000,1.3546110062465921,1.3546001273065218
deep_cusp_3x16,fx,,1.725000,1.3604079155046636,1.360396819389886
deep_cusp_3x16,fx,,1.750000,1.3661385818321652,1.3661272783967613
deep_cusp_3x16,fx,,1.775000,1.3718023848646599,1.3717908838848296
deep_cusp_3x16,fx,,1.800000,1.3773988083695732,1.3773871195108214
deep_cusp_3x16,fx,,1.825000,1.3829274346065517,1.3829155673944546
deep_cusp_3x16,fx,,1.850000,1.388387938850952,1.3883759026453952
deep_cusp_3x16,fx,,1.875000,1.3937800840862933,1.3937678880590432
deep_cusp_3x16,fx,,1.900000,1.3991037158701138,1.3990913689855675
deep_cusp_3x16,fx,,1.925000,1.4043587573763943,1.4043462683753405
deep_cusp_3x16,fx,,1.950000,1.4095452046165908,1.4095325820027964
deep_cusp_3x16,fx,,1.975000,1.414663121840269,1.4146503738697032
deep_cusp_3x16,fx,,2.000000,1.4197126371154203,1.4196997717879212
deep_cusp_3x16,fx,,2.025000,1.424693938087723,1.4246809631409094
deep_cusp_3x16,fx,,2.050000,1.4296072679172793,1.4295941908225116
deep_cusp_3x16,fx,,2.075000,1.4344529213907318,1.4344397493509262
deep_cusp_3x16,fx,,2.100000,1.4392312412061035,1.4392179811552137
deep_cusp_3x16,fx,,2.125000,1.4439426144272292,1.4439292730312083
deep_cusp_3x16,fx,,2.150000,1.4485874691042417,1.4485740527633122
deep_cusp_3x16,fx,,2.175000,1.4531662710562288,1.4531527859082907
deep_cusp_3x16,fx,,2.200000,1.4576795208118891,1.4576659727369123
deep_cusp_3x16,fx,,2.225000,1.4621277507037969,1.4621141453290472
deep_cusp_3x16,fx,,2.250000,1.466511522111682,1.4664978648176454
deep_cusp_3x16,fx,,2.275000,1.4708314228500117,1.470817718776893
deep_cusp_3x16,fx,,2.300000,1.4750880646950462,1.475074318749721
deep_cusp_3x16,fx,,2.325000,1.4792820810464793,1.479268297909802
deep_cusp_3x16,fx,,2.350000,1.4834141247187471,1.483400308853113
deep_cusp_3x16,fx,,2.375000,1.4874848658570679,1.4874710215141502
deep_cusp_3x16,fx,,2.400000,1.4914949899733054,1.491481121201892
deep_cusp_3x16,fx,,2.425000,1.4954451960967867,1.4954313067506453
deep_cusp_3x16,fx,,2.450000,1.499336195035249,1.4993222887809725
deep_cusp_3x16,fx,,2.475000,1.5031687077411875,1.5031547880659621
deep_cusp_3x16,fx,,2.500000,1.506943463778937,1.5069295339981974
deep_cusp_3x16,fx,,2.525000,1.510661199887942,1.5106472631528727
deep_cusp_3x16,fx,,2.550000,1.514322658637758,1.514308717942618
deep_cusp_3x16,fx,,2.575000,1.5179285871704622,1.5179146453597039
deep_cusp_3x16,fx,,2.600000,1.5214797360262495,1.5214657958014208
deep_cusp_3x16,fx,,2.625000,1.5249768580481515,1.5249629219745588
deep_cusp_3x16,fx,,2.650000,1.5284207073619065,1.5284067778750356
deep_cusp_3x16,fx,,2.675000,1.531812038427174,1.5317981178388593
deep_cusp_3x16,fx,,2.700000,1.5351516051564076,1.5351376956607474
deep_cusp_3x16,fx,,2.725000,1.5384401600978321,1.538426263776851
deep_cusp_3x16,fx,,2.750000,1.5416784536791248,1.5416645725081797
deep_cusp_3x16,fx,,2.775000,1.5448672335085047,1.5448533693614435
deep_cusp_3x16,fx,,2.800000,1.5480072437301013,1.5479933983841754
deep_cusp_3x16,fx,,2.825000,1.5510992244305766,1.5510853995711167
deep_cusp_3x16,fx,,2.850000,1.5541439110941238,1.5541301083189827
deep_cusp_3x16,fx,,2.875000,1.5571420341030795,1.5571282549268526
deep_cusp_3x16,fx,,2.900000,1.5600943182815208,1.5600805641395499
deep_cusp_3x16,fx,,2.925000,1.5630014824793255,1.562987754731498
deep_cusp_3x16,fx,,2.950000,1.5658642391943052,1.5658505391286572
deep_cusp_3x16,fx,,2.975000,1.5686832942301319,1.5686696230662598
deep_cusp_3x16,fx,,3.000000,1.5714593463878712,1.5714457052801694
deep_cusp_3x16,fx,,3.025000,1.574193087189076,1.5741794772298021
deep_cusp_3x16,fx,,3.050000,1.5768852006284633,1.5768716228506432
deep_cusp_3x16,fx,,3.075000,1.579536362954315,1.5795228183344976
deep_cusp_3x16,fx,,3.100000,1.5821472424748384,1.5821337319357038
deep_cusp_3x16,fx,,3.125000,1.5847184993888006,1.5847050238016365
deep_cusp_3x16,fx,,3.150000,1.5872507856388587,1.587237345825908
deep_cusp_3x16,fx,,3.175000,1.5897447447860777,1.5897313415227634
deep_cusp_3x16,fx,,3.200000,1.5922010119042072,1.592187645921248
deep_cusp_3x16,fx,,3.225000,1.59462021349238,1.5946068854777975
deep_cusp_3x16,fx,,3.250000,1.597002967404956,1.5969896780059818
deep_cusp_3x16,fx,,3.275000,1.599349882797311,1.5993366326221994
deep_cusp_3x16,fx,,3.300000,1.601661560086434,1.601648349706187
deep_cusp_3x16,fx,,3.325000,1.6039385909252675,1.6039254208752762
deep_cusp_3x16,fx,,3.350000,1.6061815581897787,1.6061684289713845
deep_cusp_3x16,fx,,3.375000,1.6083910359778129,1.6083779480597964
deep_cusp_3x16,fx,,3.400000,1.61056758961883,1.6105545434388309
deep_cusp_3x16,fx,,3.425000,1.6127117756936882,1.6126987716595576
deep_cusp_3x16,fx,,3.450000,1.6148241420636777,1.6148111805547691
deep_cusp_3x16,fx,,3.475000,1.616905227908057,1.6168923092764607
deep_cusp_3x16,fx,,3.500000,1.6189555637693995,1.6189426883411182
deep_cusp_3x16,fx,,3.525000,1.620975671606083,1.6209628396821578
deep_cusp_3x16,fx,,3.550000,1.6229660648513113,1.622953276708899
deep_cusp_3x16,fx,,3.575000,1.6249272484780912,1.6249145043714908
deep_cusp_3x16,fx,,3.600000,1.6268597190696104,1.6268470192312494
deep_cusp_3x16,fx,,3.625000,1.6287639648945234,1.6287513095359003
deep_cusp_3x16,fx,,3.650000,1.6306404659866571,1.630627855299244
deep_cusp_3x16,fx,,3.675000,1.632489694228698,1.632477128384804
deep_cusp_3x16,fx,,3.700000,1.6343121134394398,1.6342995925930408
deep_cusp_3x16,fx,,3.725000,1.6361081794642056,1.6360957037517374
deep_cusp_3x16,fx,,3.750000,1.6378783402680803,1.6378659098091999
deep_cusp_3x16,fx,,3.775000,1.6396230360316124,1.6396106509299275
deep_cusp_3x16,fx,,3.800000,1.6413426992486724,1.641330359592442
deep_cusp_3x16,fx,,3.825000,1.6430377548261699,1.6430254606889751
deep_cusp_3x16,fx,,3.850000,1.6447086201853578,1.6446963716267469
deep_cusp_3x16,fx,,3.875000,1.6463557053644688,1.6463435024305744
deep_cusp_3x16,fx,,3.900000,1.6479794131224437,1.6479672558465768
deep_cusp_3x16,fx,,3.925000,1.6495801390435374,1.6495680274467555
deep_cusp_3x16,fx,,3.950000,1.6511582716425908,1.651146205734246
deep_cusp_3x16,fx,,3.975000,1.6527141924707913,1.6527021722490547
deep_cusp_3x16,fx,,4.000000,1.6542482762217348,1.654236301674099
deep_cusp_3x16,fx,,4.025000,1.655760890837635,1.6557489619413992
deep_cusp_3x16,fx,,4.050000,1.65725239761553,1.6572405143382634
deep_cusp_3x16,fx,,4.075000,1.6587231513133482,1.6587113136133356
deep_cusp_3x16,fx,,4.100000,1.6601735002557052,1.6601617080823763
deep_cusp_3x16,fx,,4.125000,1.66160378643932,1.6615920397336599
deep_cusp_3x16,fx,,4.150000,1.663014345637942,1.663002644332885
deep_cusp_3x16,fx,,4.175000,1.6644055075066868,1.6643938515274967
deep_cusp_3x16,fx,,4.200000,1.6657775956857024,1.6657659849503361
deep_cusp_3x16,fx,,4.225000,1.6671309279030737,1.6671193623225302
deep_cusp_3x16,fx,,4.250000,1.6684658160768993,1.668454295555556
deep_cusp_3x16,fx,,4.275000,1.6697825664164692,1.6697710908524037
deep_cusp_3x16,fx,,4.300000,1.6710814795224886,1.6710700488077885
deep_cusp_3x16,fx,,4.325000,1.6723628504862873,1.672351464507346
deep_cusp_3x16,fx,,4.350000,1.6736269689879684,1.6736156276257725
deep_cusp_3x16,fx,,4.375000,1.674874119393459,1.6748628225238602
deep_cusp_3x16,fx,,4.400000,1.6761045808504142,1.6760933283443924
deep_cusp_3x16,fx,,4.425000,1.6773186273829466,1.6773074191068635
deep_cusp_3x16,fx,,4.450000,1.6785165279851555,1.6785053638009961
deep_cusp_3x16,fx,,4.475000,1.6796985467134204,1.6796874264790258
deep_cusp_3x16,fx,,4.500000,1.680864942777446,1.6808538663467358
deep_cusp_3x16,fx,,4.525000,1.6820159706300342,1.682004937853222
deep_cusp_3x16,fx,,4.550000,1.683151880055573,1.6831408907793708
deep_cusp_3x16,fx,,4.575000,1.6842729162572234,1.6842619703250405
deep_cusp_3x16,fx,,4.600000,1.685379319942804,1.685368417194935
deep_cusp_3x16,fx,,4.625000,1.6864713274093552,1.6864604676831623
deep_cusp_3x16,fx,,4.650000,1.6875491706263868,1.687538353756474
deep_cusp_3x16,fx,,4.675000,1.688613077317803,1.6886023031361845
deep_cusp_3x16,fx,,4.700000,1.6896632710425057,1.6896525393787643
deep_cusp_3x16,fx,,4.725000,1.6906999712736723,1.6906892819551151
deep_cusp_3x16,fx,,4.750000,1.6917233934767197,1.691712746328525
deep_cusp_3x16,fx,,4.775000,1.6927337491859498,1.69272314403131
deep_cusp_3x16,fx,,4.800000,1.693731246079891,1.6937206827401463
deep_cusp_3x16,fx,,4.825000,1.694716088055333,1.6947055663501032
deep_cusp_3x16,fx,,4.850000,1.695688475300072,1.695677995047382
deep_cusp_3x16,fx,,4.875000,1.696648604364374,1.6966381653807714
deep_cusp_3x16,fx,,4.900000,1.6975966682311583,1.6975862703318307
deep_cusp_3x16,fx,,4.925000,1.6985328563849265,1.6985224993838095
deep_cusp_3x16,fx,,4.950000,1.699457354879435,1.6994470385893194
deep_cusp_3x16,fx,,4.975000,1.700370346404135,1.7003600706367672
deep_cusp_3x16,fx,,5.000000,1.701272010349387,1.701261774915565
deep_cusp_3x16,fx,,5.025000,1.7021625228704624,1.7021523275801298
deep_cusp_3x16,fx,,5.050000,1.703042056950354,1.7030319016126885
deep_cusp_3x16,fx,,5.075000,1.703910782461403,1.7039006668849015
deep_cusp_3x16,fx,,5.100000,1.7047688662257627,1.7047587902183228
deep_cusp_3x16,fx,,5.125000,1.7056164720747085,1.7056064354437073
deep_cusp_3x16,fx,,5.150000,1.706453760906821,1.7064437634591885
deep_cusp_3x16,fx,,5.175000,1.7072808907450436,1.7072709322873345
deep_cusp_3x16,fx,,5.200000,1.7080980167926432,1.708088097131107
deep_cusp_3x16,fx,,5.225000,1.7089052914880862,1.7088954104287313
deep_cusp_3x16,fx,,5.250000,1.709702864558846,1.7096930219075017
deep_cusp_3x16,fx,,5.275000,1.7104908830741563,1.7104810786365339
deep_cusp_3x16,fx,,5.300000,1.711269491496733,1.711259725078483
deep_cusp_3x16,fx,,5.325000,1.7120388317334776,1.7120291031402441
deep_cusp_3x16,fx,,5.350000,1.7127990431851796,1.7127893522226525
deep_cusp_3x16,fx,,5.375000,1.7135502627952333,1.7135406092691985
deep_cusp_3x16,fx,,5.400000,1.7142926250973887,1.714283008813776
deep_cusp_3x16,fx,,5.425000,1.7150262622625514,1.7150166830274802
deep_cusp_3x16,fx,,5.450000,1.7157513041446504,1.7157417617644724
deep_cusp_3x16,fx,,5.475000,1.7164678783255836,1.7164583726069251
deep_cusp_3x16,fx,,5.500000,1.7171761101592677,1.7171666409090691
deep_cusp_3x16,fx,,5.525000,1.7178761228148005,1.717866689840354
deep_cusp_3x16,fx,,5.550000,1.7185680373187562,1.7185586404277413
deep_cusp_3x16,fx,,5.575000,1.7192519725966253,1.7192426115971444
deep_cusp_3x16,fx,,5.600000,1.719928045513425,1.719918720214034
deep_cusp_3x16,fx,,5.625000,1.7205963709134788,1.7205870811232205
deep_cusp_3x16,fx,,5.650000,1.7212570616594003,1.721247807187832
deep_cusp_3x16,fx,,5.675000,1.7219102286702817,1.7219010093275047
deep_cusp_3x16,fx,,5.700000,1.7225559809591093,1.7225467965557948
deep_cusp_3x16,fx,,5.725000,1.7231944256694192,1.7231852760168345
deep_cusp_3x16,fx,,5.750000,1.7238256681112094,1.7238165530212408
deep_cusp_3x16,fx,,5.775000,1.7244498117961187,1.7244407310812953
deep_cusp_3x16,fx,,5.800000,1.7250669584718925,1.725057911945408
deep_cusp_3x16,fx,,5.825000,1.725677208156146,1.7256681956318787
deep_cusp_3x16,fx,,5.850000,1.7262806591694397,1.7262716804619718
deep_cusp_3x16,fx,,5.875000,1.72687740816768,1.7268684630923166
deep_cusp_3x16,fx,,5.900000,1.727467550173861,1.727458638546647
deep_cusp_3x16,fx,,5.925000,1.728051178609158,1.7280423002468948
deep_cusp_3x16,fx,,5.950000,1.728628385323387,1.728619540043648
deep_cusp_3x16,fx,,5.975000,1.7291992606248443,1.7291904482459888
deep_cusp_3x16,fx,,6.000000,1.7297638933095363,1.7297551136507232
deep_cusp_3x16,fc,0.5,0.000000,0.9999961712608586,0.9999961712608588
deep_cusp_3x16,fc,0.5,0.025000,0.9983586555283726,0.9983586646344352
deep_cusp_3x16,fc,0.5,0.050000,0.9934854008315633,0.9934854371990305
deep_cusp_3x16,fc,0.5,0.075000,0.9854912760351048,0.9854913576191164
deep_cusp_3x16,fc,0.5,0.100000,0.9745581792765312,0.9745583236306017
deep_cusp_3x16,fc,0.5,0.125000,0.9609222619913775,0.9609224860044977
deep_cusp_3x16,fc,0.5,0.150000,0.9448587330557338,0.9448590526338713
deep_cusp_3x16,fc,0.5,0.175000,0.9266661381579974,0.9266665678644719
deep_cusp_3x16,fc,0.5,0.200000,0.9066517345940339,0.906652287270015
deep_cusp_3x16,fc,0.5,0.225000,0.8851190872038548,0.8851197735940066
deep_cusp_3x16,fc,0.5,0.250000,0.8623584593101971,0.8623592877190294
deep_cusp_3x16,fc,0.5,0.275000,0.8386400905061172,0.838641066508284
deep_cusp_3x16,fc,0.5,0.300000,0.8142101087209687,0.8142112349444125
deep_cusp_3x16,fc,0.5,0.325000,0.7892886295708968,0.7892899055662282
deep_cusp_3x16,fc,0.5,0.350000,0.7640695279073724,0.7640709501109981
deep_cusp_3x16,fc,0.5,0.375000,0.7387213860957156,0.738722947888542
deep_cusp_3x16,fc,0.5,0.400000,0.7133891926604299,0.7133908845188547
deep_cusp_3x16,fc,0.5,0.425000,0.688196453563095,0.6881982632946789
deep_cusp_3x16,fc,0.5,0.450000,0.6632474668446106,0.663249379897375
deep_cusp_3x16,fc,0.5,0.475000,0.6386295889601862,0.6386315887919551
deep_cusp_3x16,fc,0.5,0.500000,0.6144153836242311,0.614417452116793
deep_cusp_3x16,fc,0.5,0.525000,0.5906645911084697,0.5906667090105318
deep_cusp_3x16,fc,0.5,0.550000,0.5674258895020693,0.5674280368849434
deep_cusp_3x16,fc,0.5,0.575000,0.5447384420277114,0.5447405987383155
deep_cusp_3x16,fc,0.5,0.600000,0.5226332387338787,0.5226353848308631
deep_cusp_3x16,fc,0.5,0.625000,0.5011342490551038,0.5011363652156074
deep_cusp_3x16,fc,0.5,0.650000,0.4802594057093118,0.4802614735958944
deep_cusp_3x16,fc,0.5,0.675000,0.4600214416033229,0.46002344418289265
deep_cusp_3x16,fc,0.5,0.700000,0.44042860087900015,0.4404305226879344
deep_cusp_3x16,fc,0.5,0.725000,0.42148524368120033,0.4214870710332323
deep_cusp_3x16,fc,0.5,0.750000,0.40319236215924537,0.4031940832949596
deep_cusp_3x16,fc,0.5,0.775000,0.3855480229506216,0.38554962812948085
deep_cusp_3x16,fc,0.5,0.800000,0.36854774914343613,0.36854923068108175
deep_cusp_3x16,fc,0.5,0.825000,0.35218485259442933,0.35218620484951263
deep_cusp_3x16,fc,0.5,0.850000,0.33645072555822386,0.3364519448742073
deep_cusp_3x16,fc,0.5,0.875000,0.3213350988907222,0.3213361834989273
deep_cusp_3x16,fc,0.5,0.900000,0.3068262726317663,0.306827222522449
deep_cusp_3x16,fc,0.5,0.925000,0.2929113235416476,0.2929121403100752
deep_cusp_3x16,fc,0.5,0.950000,0.2795762931467882,0.2795769798212084
deep_cusp_3x16,fc,0.5,0.975000,0.26680635902143557,0.2668069198795077
deep_cusp_3x16,fc,0.5,1.000000,0.2545859913720584,0.25458643175180856
deep_cusp_3x16,fc,0.5,1.025000,0.24289909647655084,0.24289942258726716
deep_cusp_3x16,fc,0.5,1.050000,0.23172914813928003,0.23172936687701973
deep_cusp_3x16,fc,0.5,1.075000,0.22105930803469231,0.22105942680628568
deep_cusp_3x16,fc,0.5,1.100000,0.2108725356076897,0.21087256216631964
deep_cusp_3x16,fc,0.5,1.125000,0.20115168806120498,0.20115163035586586
deep_cusp_3x16,fc,0.5,1.150000,0.19187961087542293,0.1918794769158274
deep_cusp_3x16,fc,0.5,1.175000,0.18303921925595523,0.18303901699379402
deep_cusp_3x16,fc,0.5,1.200000,0.17461357088909035,0.1746133081159656
deep_cusp_3x16,fc,0.5,1.225000,0.1665859303819789,0.16658561464383392
deep_cusp_3x16,fc,0.5,1.250000,0.15893982577701093,0.15893946430447428
deep_cusp_3x16,fc,0.5,1.275000,0.15165909754699736,0.15165869720073666
deep_cusp_3x16,fc,0.5,1.300000,0.14472794049679139,0.14472750772673904
deep_cusp_3x16,fc,0.5,1.325000,0.13813093901452567,0.13813047983167853
deep_cusp_3x16,fc,0.5,1.350000,0.13185309612966178,0.13185261608906113
deep_cusp_3x16,fc,0.5,1.375000,0.12587985684417768,0.1258793610376418
deep_cusp_3x16,fc,0.5,1.400000,0.12019712620689171,0.12019661926408308
deep_cusp_3x16,fc,0.5,1.425000,0.11479128259897431,0.11479076869543448
deep_cusp_3x16,fc,0.5,1.450000,0.10964918669136592,0.1096486695622258
deep_cusp_3x16,fc,0.5,1.475000,0.10475818652259061,0.10475766948076473
deep_cusp_3x16,fc,0.5,1.500000,0.10010611912898748,0.10010560508677041
deep_cusp_3x16,fc,0.5,1.525000,0.09568130913939465,0.09568080063249802
deep_cusp_3x16,fc,0.5,1.550000,0.09147256472357712,0.09147206393676467
deep_cusp_3x16,fc,0.5,1.575000,0.08746917125894493,0.08746868005254455
deep_cusp_3x16,fc,0.5,1.600000,0.08366088305403963,0.08366040299072135
deep_cusp_3x16,fc,0.5,1.625000,0.08003791344051447,0.08003744581183542
deep_cusp_3x16,fc,0.5,1.650000,0.07659092351845753,0.07659046937076666
deep_cusp_3x16,fc,0.5,1.675000,0.0733110098133326,0.07331056997272188
deep_cusp_3x16,fc,0.5,1.700000,0.07018969107699702,0.07018926617305912
deep_cusp_3x16,fc,0.5,1.725000,0.06721889444040918,0.06721848492863296
deep_cusp_3x16,fc,0.5,1.750000,0.0643909411020791,0.06439054728477098
deep_cusp_3x16,fc,0.5,1.775000,0.06169853171414352,0.0616981537598125
deep_cusp_3x16,fc,0.5,1.800000,0.05913473160731053,0.059134369568493717
deep_cusp_3x16,fc,0.5,1.825000,0.056692955976842985,0.05669260980638358
deep_cusp_3x16,fc,0.5,1.850000,0.05436695513428358,0.05436662470009754
deep_cusp_3x16,fc,0.5,1.875000,0.05215079991372451,0.05215048501211195
deep_cusp_3x16,fc,0.5,1.900000,0.050038867307064416,0.050038567674637165
deep_cusp_3x16,fc,0.5,1.925000,0.04802582638981123,0.0480255417141179
deep_cusp_3x16,fc,0.5,1.950000,0.0461066245874886,0.04610635451642435
deep_cusp_3x16,fc,0.5,1.975000,0.04427647432253645,0.04427621847262877
deep_cusp_3x16,fc,0.5,2.000000,0.042530840072628195,0.042530598036290536
deep_cusp_3x16,fc,0.5,2.025000,0.04086542586348263,0.04086519721532707
deep_cusp_3x16,fc,0.5,2.050000,0.03927616321245342,0.03927594751474929
deep_cusp_3x16,fc,0.5,2.075000,0.03775919953328466,0.03775899634064951
deep_cusp_3x16,fc,0.5,2.100000,0.03631088700740759,0.03631069587080901
deep_cusp_3x16,fc,0.5,2.125000,0.03492777192286256,0.03492759239300612
deep_cusp_3x16,fc,0.5,2.150000,0.033606584478346524,0.033606416108520214
deep_cusp_3x16,fc,0.5,2.175000,0.032344229046880724,0.032344071395319085
deep_cusp_3x16,fc,0.5,2.200000,0.031137774891129455,0.03113762752295615
deep_cusp_3x16,fc,0.5,2.225000,0.029984447320399843,0.029984309809202872
deep_cusp_3x16,fc,0.5,2.250000,0.028881619277760562,0.028881491206847024
deep_cusp_3x16,fc,0.5,2.275000,0.02782680334447596,0.027826684307850874
deep_cusp_3x16,fc,0.5,2.300000,0.026817644148023123,0.026817533751129878
deep_cusp_3x16,fc,0.5,2.325000,0.02585191115928198,0.025851809019539436
deep_cusp_3x16,fc,0.5,2.350000,0.02492749186405252,0.024927397611219253
deep_cusp_3x16,fc,0.5,2.375000,0.0240423852937921,0.024042298570184424
deep_cusp_3x16,fc,0.5,2.400000,0.023194695900376372,0.02319461636096361
deep_cusp_3x16,fc,0.5,2.425000,0.02238262775972122,0.022382555072118837
deep_cusp_3x16,fc,0.5,2.450000,0.021604479089266326,0.021604412933645116
deep_cusp_3x16,fc,0.5,2.475000,0.020858637064547714,0.020858577133474034
deep_cusp_3x16,fc,0.5,2.500000,0.02014357292041624,0.020143518918636836
deep_cusp_3x16,fc,0.5,2.525000,0.019457837322822358,0.019457788967005542
deep_cusp_3x16,fc,0.5,2.550000,0.01880005599750989,0.01880001301595232
deep_cusp_3x16,fc,0.5,2.575000,0.018168925602413455,0.018168887734721407
deep_cusp_3x16,fc,0.5,2.600000,0.017563209831028326,0.017563176827779654
deep_cusp_3x16,fc,0.5,2.625000,0.016981735734513004,0.016981707356906937
deep_cusp_3x16,fc,0.5,2.650000,0.016423390250790537,0.016423366270288828
deep_cusp_3x16,fc,0.5,2.675000,0.015887116929413025,0.01588709712737786
deep_cusp_3x16,fc,0.5,2.700000,0.015371912841457891,0.015371897008789036
deep_cusp_3x16,fc,0.5,2.725000,0.014876825664234206,0.014876813601008254
deep_cusp_3x16,fc,0.5,2.750000,0.014400950931046652,0.014400942446161183
deep_cusp_3x16,fc,0.5,2.775000,0.013943429436763188,0.01394342434758682
deep_cusp_3x16,fc,0.5,2.800000,0.013503444790391117,0.0135034429224213
deep_cusp_3x16,fc,0.5,2.825000,0.01308022110631768,0.013080222292847036
deep_cusp_3x16,fc,0.5,2.850000,0.012673020826310832,0.012673024908103358
deep_cusp_3x16,fc,0.5,2.875000,0.01228114266479774,0.012281149489774493
deep_cusp_3x16,fc,0.5,2.900000,0.01190391967034099,0.011903929093276212
deep_cusp_3x16,fc,0.5,2.925000,0.011540717396615996,0.0115407292788442
deep_cusp_3x16,fc,0.5,2.950000,0.01119093217657774,0.011190946385711102
deep_cusp_3x16,fc,0.5,2.975000,0.01085398949383587,0.010854005903492529
deep_cusp_3x16,fc,0.5,3.000000,0.010529342445617318,0.010529360935159847
deep_cusp_3x16,fc,0.5,3.025000,0.010216470291995794,0.010216490746280376
deep_cusp_3x16,fc,0.5,3.050000,0.009914877086387053,0.00991489939552285
deep_cusp_3x16,fc,0.5,3.075000,0.009624090382585826,0.00962411444170394
deep_cusp_3x16,fc,0.5,3.100000,0.009343660013900967,0.009343685722933544
deep_cusp_3x16,fc,0.5,3.125000,0.009073156940198168,0.009073184203666275
deep_cusp_3x16,fc,0.5,3.150000,0.008812172158911835,0.00881220088572273
deep_cusp_3x16,fc,0.5,3.175000,0.008560315676307995,0.00856034577956125
deep_cusp_3x16,fc,0.5,3.200000,0.008317215535510236,0.008317246932311853
deep_cusp_3x16,fc,0.5,3.225000,0.008082516897997105,0.008082549509281826
deep_cusp_3x16,fc,0.5,3.250000,0.007855881175478863,0.007855914925840547
deep_cusp_3x16,fc,0.5,3.275000,0.007636985209243052,0.007637020026771776
deep_cusp_3x16,fc,0.5,3.300000,0.007425520494228399,0.007425556310355653
deep_cusp_3x16,fc,0.5,3.325000,0.007221192445255209,0.007221229194605152
deep_cusp_3x16,fc,0.5,3.350000,0.0070237197029853204,0.007023757323232783
deep_cusp_3x16,fc,0.5,3.375000,0.006832833477335987,0.0068328719090709365
deep_cusp_3x16,fc,0.5,3.400000,0.0066482769261994035,0.006648316112797191
deep_cusp_3x16,fc,0.5,3.425000,0.006469804567457715,0.006469844454954951
deep_cusp_3x16,fc,0.5,3.450000,0.006297181722388578,0.006297222259364868
deep_cusp_3x16,fc,0.5,3.475000,0.0061301839886857,0.006130225126150202
deep_cusp_3x16,fc,0.5,3.500000,0.005968596741407595,0.005968638432691078
deep_cusp_3x16,fc,0.5,3.525000,0.005812214660280812,0.005812256860931846
deep_cusp_3x16,fc,0.5,3.550000,0.005660841281871276,0.005660883949557558
deep_cusp_3x16,fc,0.5,3.575000,0.005514288575220849,0.005514331669634566
deep_cusp_3x16,fc,0.5,3.600000,0.005372376539640955,0.005372420022408773
deep_cusp_3x16,fc,0.5,3.625000,0.005234932823418803,0.0052349766580150085
deep_cusp_3x16,fc,0.5,3.650000,0.005101792362274149,0.0051018365139386904
deep_cusp_3x16,fc,0.5,3.675000,0.004972797036468357,0.0049728414721276004
deep_cusp_3x16,fc,0.5,3.700000,0.004847795345534367,0.004847840033726076
deep_cusp_3x16,fc,0.5,3.725000,0.004726642099652789,0.004726687010453871
deep_cusp_3x16,fc,0.5,3.750000,0.004609198126761194,0.0046092432317188185
deep_cusp_3x16,fc,0.5,3.775000,0.004495329994531061,0.004495375266596954
deep_cusp_3x16,fc,0.5,3.800000,0.00438490974640382,0.00438495515987154
deep_cusp_3x16,fc,0.5,3.825000,0.004277814650916145,0.004277860181360855
deep_cusp_3x16,fc,0.5,3.850000,0.004173926963598307,0.00417397258781929
deep_cusp_3x16,fc,0.5,3.875000,0.004073133700760345,0.004073179396726176
deep_cusp_3x16,fc,0.5,3.900000,0.00397532642452969,0.003975372171325868
deep_cusp_3x16,fc,0.5,3.925000,0.003880401038536929,0.003880446816315581
deep_cusp_3x16,fc,0.5,3.950000,0.0037882575936744045,0.0037883033836064225
deep_cusp_3x16,fc,0.5,3.975000,0.0036988001033968487,0.0036988458876262074
deep_cusp_3x16,fc,0.5,4.000000,0.0036119363680562344,0.0036119821296561735
deep_cusp_3x16,fc,0.5,4.025000,0.0035275778077887843,0.0035276235307199755
deep_cusp_3x16,fc,0.5,4.050000,0.0034456393035093846,0.003445684972579932
deep_cusp_3x16,fc,0.5,4.075000,0.00336603904558308,0.0033660846464103494
deep_cusp_3x16,fc,0.5,4.100000,0.003288698389775635,0.0032887439087498005
deep_cusp_3x16,fc,0.5,4.125000,0.0032135417200986893,0.0032135871443476484
deep_cusp_3x16,fc,0.5,4.150000,0.0031404963181994594,0.003140541635555781
deep_cusp_3x16,fc,0.5,4.175000,0.003069492238948368,0.003069537437917249
deep_cusp_3x16,fc,0.5,4.200000,0.0030004621919107466,0.003000507261639546
deep_cusp_3x16,fc,0.5,4.225000,0.002933341428398406,0.002933386358647509
deep_cusp_3x16,fc,0.5,4.250000,0.002868067633817084,0.002868112414932197
deep_cusp_3x16,fc,0.5,4.275000,0.0028045808250375392,0.0028046254479229715
deep_cusp_3x16,fc,0.5,4.300000,0.0027428232525393836,0.002742867708632816
deep_cusp_3x16,fc,0.5,4.325000,0.002682739307084514,0.0026827835883323843
deep_cusp_3x16,fc,0.5,4.350000,0.0026242754306885496,0.0026243195295232785
deep_cusp_3x16,fc,0.5,4.375000,0.002567380031684441,0.0025674239410017246
deep_cusp_3x16,fc,0.5,4.400000,0.0025120034036612005,0.002512047116799274
deep_cusp_3x16,fc,0.5,4.425000,0.002458097648097568,0.0024581411588165073
deep_cusp_3x16,fc,0.5,4.450000,0.002405616600497096,0.0024056599029599174
deep_cusp_3x16,fc,0.5,4.475000,0.0023545157598598987,0.0023545588486135268
deep_cusp_3x16,fc,0.5,4.500000,0.0023047522213203164,0.002304795091278237
deep_cusp_3x16,fc,0.5,4.525000,0.0022562846118020508,0.0022563272582273074
deep_cusp_3x16,fc,0.5,4.550000,0.0022090730285387883,0.002209115447027629
deep_cusp_3x16,fc,0.5,4.575000,0.002163078980320754,0.002163121166787322
deep_cusp_3x16,fc,0.5,4.600000,0.0021182653313411848,0.0021183072820026927
deep_cusp_3x16,fc,0.5,4.625000,0.002074596247510496,0.0020746379588730468
deep_cusp_3x16,fc,0.5,4.650000,0.0020320371451233443,0.002032078613968704
deep_cusp_3x16,fc,0.5,4.675000,0.001990554641766895,0.0019905958651390177
deep_cusp_3x16,fc,0.5,4.700000,0.0019501165093590567,0.0019501574845522565
deep_cusp_3x16,fc,0.5,4.725000,0.0019106916292217502,0.0019107323537686412
deep_cusp_3x16,fc,0.5,4.750000,0.0018722499490883004,0.0018722904207485434
deep_cusp_3x16,fc,0.5,4.775000,0.001834762441955795,0.0018348026587054643
deep_cusp_3x16,fc,0.5,4.800000,0.001798201066696592,0.0017982410267173958
deep_cusp_3x16,fc,0.5,4.825000,0.0017625387303440432,0.001762578432014152
deep_cusp_3x16,fc,0.5,4.850000,0.0017277492519794935,0.0017277886938635106
deep_cusp_3x16,fc,0.5,4.875000,0.0016938073281408395,0.0016938465089809934
deep_cusp_3x16,fc,0.5,4.900000,0.0016606884996847038,0.0016607274183924714
deep_cusp_3x16,fc,0.5,4.925000,0.0016283691200393857,0.001628407775686919
deep_cusp_3x16,fc,0.5,4.950000,0.0015968263247767567,0.001596864716589041
deep_cusp_3x16,fc,0.5,4.975000,0.001566038002450365,0.0015660761297978003
deep_cusp_3x16,fc,0.5,5.000000,0.001535982766637467,0.001536020629028713
deep_cusp_3x16,fc,0.5,5.025000,0.001506639929134579,0.0015066775262095645
deep_cusp_3x16,fc,0.5,5.050000,0.0014779894742492639,0.0014780268057724868
deep_cusp_3x16,fc,0.5,5.075000,0.0014500120341450762,0.0014500490999996532
deep_cusp_3x16,fc,0.5,5.100000,0.0014226888651873715,0.0014227256653687938
deep_cusp_3x16,fc,0.5,5.125000,0.0013960018252487938,0.0013960383598590484
deep_cusp_3x16,fc,0.5,5.150000,0.0013699333519290313,0.0013699696211715122
deep_cusp_3x16,fc,0.5,5.175000,0.0013444664416523144,0.001344502445826072
deep_cusp_3x16,fc,0.5,5.200000,0.0013195846295991354,0.001319620369094148
deep_cusp_3x16,fc,0.5,5.225000,0.0012952719704396598,0.0012953074457320137
deep_cusp_3x16,fc,0.5,5.250000,0.0012715130198320823,0.0012715482314793827
deep_cusp_3x16,fc,0.5,5.275000,0.0012482928166528406,0.0012483277652897444
deep_cusp_3x16,fc,0.5,5.300000,0.0012255968659253824,0.0012256315522594916
deep_cusp_3x16,fc,0.5,5.325000,0.001203411122422282,0.0012034455472299352
deep_cusp_3x16,fc,0.5,5.350000,0.0011817219749037378,0.0011817561390265222
deep_cusp_3x16,fc,0.5,5.375000,0.0011605162309747952,0.0011605501353155188
deep_cusp_3x16,fc,0.5,5.400000,0.0011397811025245508,0.0011398147480441024
deep_cusp_3x16,fc,0.5,5.425000,0.0011195041917329007,0.0011195375794464772
deep_cusp_3x16,fc,0.5,5.450000,0.0010996734776116401,0.0010997066085859438
deep_cusp_3x16,fc,0.5,5.475000,0.0010802773030639257,0.0010803101784139062
deep_cusp_3x16,fc,0.5,5.500000,0.0010613043624363439,0.0010613369833224516
deep_cusp_3x16,fc,0.5,5.525000,0.001042743689546377,0.0010427760571714813
deep_cusp_3x16,fc,0.5,5.550000,0.001024584646160731,0.0010246167617677558
deep_cusp_3x16,fc,0.5,5.575000,0.0010068169109109792,0.001006848775780092
deep_cusp_3x16,fc,0.5,5.600000,0.0009894304686238753,0.0009894620840704305
deep_cusp_3x16,fc,0.5,5.625000,0.0009724156000530115,0.000972446967424831
deep_cusp_3x16,fc,0.5,5.650000,0.000955762871993282,0.0009557939926686374
deep_cusp_3x16,fc,0.5,5.675000,0.0009394631277608312,0.0009394940031462534
deep_cusp_3x16,fc,0.5,5.700000,0.0009235074780278296,0.0009235381095562882
deep_cusp_3x16,fc,0.5,5.725000,0.0009078872919949799,0.0009079176811237815
deep_cusp_3x16,fc,0.5,5.750000,0.0008925941888868749,0.0008926243370957384
deep_cusp_3x16,fc,0.5,5.775000,0.0008776200297605508,0.000877649938550017
deep_cusp_3x16,fc,0.5,5.800000,0.0008629569096106904,0.0008629865805003556
deep_cusp_3x16,fc,0.5,5.825000,0.0008485971497644851,0.0008486265842915688
deep_cusp_3x16,fc,0.5,5.850000,0.0008345332905486114,0.0008345624902662513
deep_cusp_3x16,fc,0.5,5.875000,0.0008207580842241047,0.0008207870506999125
deep_cusp_3x16,fc,0.5,5.900000,0.0008072644881711444,0.0008072932229858862
deep_cusp_3x16,fc,0.5,5.925000,0.0007940456583215294,0.0007940741630678401
deep_cusp_3x16,fc,0.5,5.950000,0.0007810949428234126,0.0007811232191043099
deep_cusp_3x16,fc,0.5,5.975000,0.0007684058759303003,0.0007684339253583744
deep_cusp_3x16,fc,0.5,6.000000,0.0007559721721094315,0.0007559999963054072
deep_cusp_3x16,fc,2,0.000000,0.9999979292399578,0.9999979292399579
deep_cusp_3x16,fc,2,0.025000,0.9992960906242428,0.9992961010731113
deep_cusp_3x16,fc,2,0.050000,0.9971948236628236,0.9971948653968338
deep_cusp_3x16,fc,2,0.075000,0.9937068143020894,0.9937069079517921
deep_cusp_3x16,fc,2,0.100000,0.9888530051640111,0.9888531709729896
deep_cusp_3x16,fc,2,0.125000,0.9826623006974736,0.9826625583062567
deep_cusp_3x16,fc,2,0.150000,0.9751711662713228,0.9751715344708285
deep_cusp_3x16,fc,2,0.175000,0.9664231323609206,0.9664236288215278
deep_cusp_3x16,fc,2,0.200000,0.956468217170284,0.95646885815437
deep_cusp_3x16,fc,2,0.225000,0.9453622825873229,0.9453630826547406
deep_cusp_3x16,fc,2,0.250000,0.9331663392579207,0.9331673109752425
deep_cusp_3x16,fc,2,0.275000,0.9199458167985441,0.919946970463837
deep_cusp_3x16,fc,2,0.300000,0.9057698147996686,0.9057711581949571
deep_cusp_3x16,fc,2,0.325000,0.8907103493876554,0.890711887570984
deep_cusp_3x16,fc,2,0.350000,0.8748416088158056,0.8748433439638938
deep_cusp_3x16,fc,2,0.375000,0.8582392299611559,0.8582411612720591
deep_cusp_3x16,fc,2,0.400000,0.8409796058272414,0.8409817294902436
deep_cusp_3x16,fc,2,0.425000,0.8231392323013093,0.8231415415386202
deep_cusp_3x16,fc,2,0.450000,0.8047941005797732,0.8047965857616002
deep_cusp_3x16,fc,2,0.475000,0.7860191399322972,0.7860217887637229
deep_cusp_3x16,fc,2,0.500000,0.7668877138775188,0.7668905116525188
deep_cusp_3x16,fc,2,0.525000,0.7474711714275214,0.7474741013425734
deep_cusp_3x16,fc,2,0.550000,0.7278384538418177,0.72784149735908
deep_cusp_3x16,fc,2,0.575000,0.708055756318309,0.7080588935663934
deep_cusp_3x16,fc,2,0.600000,0.6881862432305322,0.6881894534295714
deep_cusp_3x16,fc,2,0.625000,0.6682898148814738,0.668293076778535
deep_cusp_3x16,fc,2,0.650000,0.648422923263402,0.6484262155643347
deep_cusp_3x16,fc,2,0.675000,0.628638433967223,0.6286417357517053
deep_cusp_3x16,fc,2,0.700000,0.6089855311503747,0.6089888222581751
deep_cusp_3x16,fc,2,0.725000,0.5895096623272094,0.589512923705394
deep_cusp_3x16,fc,2,0.750000,0.5702525196706661,0.570255733673549
deep_cusp_3x16,fc,2,0.775000,0.5512520544923231,0.551255205128223
deep_cusp_3x16,fc,2,0.800000,0.5325425215864659,0.5325455947076924
deep_cusp_3x16,fc,2,0.825000,0.514154550172555,0.5141575336073486
deep_cusp_3x16,fc,2,0.850000,0.49611523824219583,0.49611812186950627
deep_cusp_3x16,fc,2,0.875000,0.47844826720651845,0.4784510429764151
deep_cusp_3x16,fc,2,0.900000,0.46117403384473543,0.4611766957488485
deep_cusp_3x16,fc,2,0.925000,0.4443097966727786,0.4443123406704296
deep_cusp_3x16,fc,2,0.950000,0.4278698339814041,0.4278722578879763
deep_cusp_3x16,fc,2,0.975000,0.41186561093542606,0.4118679142800541
deep_cusp_3x16,fc,2,1.000000,0.3963059532792692,0.39630813713912205
deep_cusp_3x16,fc,2,1.025000,0.38119722535813794,0.38119929217645976
deep_cusp_3x16,fc,2,1.050000,0.3665435103377268,0.3665454637324295
deep_cusp_3x16,fc,2,1.075000,0.35234679068706976,0.35234863525610427
deep_cusp_3x16,fc,2,1.100000,0.33860712717703056,0.3386088683060421
deep_cusp_3x16,fc,2,1.125000,0.32532283483881963,0.325324478515772
deep_cusp_3x16,fc,2,1.150000,0.31249065452035385,0.31249220716094483
deep_cusp_3x16,fc,2,1.175000,0.3001059188706693,0.3001073871574854
deep_cusp_3x16,fc,2,1.200000,0.28816271177131647,0.28816410250883695
deep_cusp_3x16,fc,2,1.225000,0.276654020416256,0.27665534040303363
deep_cusp_3x16,fc,2,1.250000,0.265571879415907,0.2655731353345545
deep_cusp_3x16,fc,2,1.275000,0.25490750646471483,0.2549087047897165
deep_cusp_3x16,fc,2,1.300000,0.24465142926321726,0.24465257618608027
deep_cusp_3x16,fc,2,1.325000,0.23479360352389111,0.234794704894746
deep_cusp_3x16,fc,2,1.350000,0.2253235220141614,0.22532458329861285
deep_cusp_3x16,fc,2,1.375000,0.21623031469939658,0.21623134094921204
deep_cusp_3x16,fc,2,1.400000,0.207502840143428,0.2075038359795181
deep_cusp_3x16,fc,2,1.425000,0.19912976840431873,0.199130738010403
deep_cusp_3x16,fc,2,1.450000,0.19109965572930998,0.19110060285465802
deep_cusp_3x16,fc,2,1.475000,0.18340101140584197,0.18340193937552854
deep_cusp_3x16,fc,2,1.500000,0.1760223571662033,0.17602326889740094
deep_cusp_3x16,fc,2,1.525000,0.1689522795727899,0.16895317759573308
deep_cusp_3x16,fc,2,1.550000,0.16217947583027348,0.16218036231265762
deep_cusp_3x16,fc,2,1.575000,0.1556927934813851,0.15569367025510647
deep_cusp_3x16,fc,2,1.600000,0.14948126444570164,0.14948213303498506
deep_cusp_3x16,fc,2,1.625000,0.14353413385690728,0.1435349955070108
deep_cusp_3x16,fc,2,1.650000,0.13784088414462603,0.13784173985045117
deep_cusp_3x16,fc,2,1.675000,0.13239125479307023,0.13239210532712925
deep_cusp_3x16,fc,2,1.700000,0.12717525819141606,0.12717610413072902
deep_cusp_3x16,fc,2,1.725000,0.12218319197079341,0.12218403372238908
deep_cusp_3x16,fc,2,1.750000,0.11740564820086363,0.11740648602565415
deep_cusp_3x16,fc,2,1.775000,0.11283351979581147,0.11283435383068481
deep_cusp_3x16,fc,2,1.800000,0.10845800445570175,0.1084588347337509
deep_cusp_3x16,fc,2,1.825000,0.10427060644513331,0.1042714329139894
deep_cusp_3x16,fc,2,1.850000,0.10026313648723673,0.10026395902552457
deep_cusp_3x16,fc,2,1.875000,0.09642771002772266,0.09642852845968962
deep_cusp_3x16,fc,2,1.900000,0.09275674410108736,0.09275755820948363
deep_cusp_3x16,fc,2,1.925000,0.08924295300944673,0.08924376254675773
deep_cusp_3x16,fc,2,1.950000,0.08587934300391886,0.08588014770206033
deep_cusp_3x16,fc,2,1.975000,0.08265920613911937,0.08266000571771653
deep_cusp_3x16,fc,2,2.000000,0.07957611345321747,0.07957690762659296
deep_cusp_3x16,fc,2,2.025000,0.07662390760916815,0.07662469609216203
deep_cusp_3x16,fc,2,2.050000,0.07379669511715847,0.0737974776299044
deep_cusp_3x16,fc,2,2.075000,0.07108883824401135,0.07108961451578498
deep_cusp_3x16,fc,2,2.100000,0.0684949467021807,0.06849571647443305
deep_cusp_3x16,fc,2,2.125000,0.06600986919906404,0.06601063222774378
deep_cusp_3x16,fc,2,2.150000,0.06362868491654794,0.06362944097380911
deep_cusp_3x16,fc,2,2.175000,0.06134669498094514,0.06134744385632948
deep_cusp_3x16,fc,2,2.200000,0.05915941397471847,0.05916015547589158
deep_cusp_3x16,fc,2,2.225000,0.05706256153353173,0.05706329548664664
deep_cusp_3x16,fc,2,2.250000,0.05505205406517588,0.05505278031492643
deep_cusp_3x16,fc,2,2.275000,0.0531239966206859,0.05312471503010885
deep_cusp_3x16,fc,2,2.300000,0.05127467494247717,0.0512753853925513
deep_cusp_3x16,fc,2,2.325000,0.0495005477094711,0.049501250098557395
deep_cusp_3x16,fc,2,2.350000,0.047798238994929076,0.047798933238089425
deep_cusp_3x16,fc,2,2.375000,0.04616453094899786,0.046165216977224074
deep_cusp_3x16,fc,2,2.400000,0.04459635671472917,0.044597034474109544
deep_cusp_3x16,fc,2,2.425000,0.043090793583549725,0.04309146303439602
deep_cusp_3x16,fc,2,2.450000,0.041645056393731616,0.04164571750968536
deep_cusp_3x16,fc,2,2.475000,0.04025649117336916,0.040257143940502574
deep_cusp_3x16,fc,2,2.500000,0.03892256902759983,0.038923213443524764
deep_cusp_3x16,fc,2,2.525000,0.037640880268335564,0.03764151634132921
deep_cusp_3x16,fc,2,2.550000,0.03640912878352798,0.036409756531684365
deep_cusp_3x16,fc,2,2.575000,0.03522512664197219,0.03522574609238472
deep_cusp_3x16,fc,2,2.600000,0.03408678892880579,0.034087400116785065
deep_cusp_3x16,fc,2,2.625000,0.032992128806195176,0.03299273177452561
deep_cusp_3x16,fc,2,2.650000,0.03193925279316279,0.03193984759139919
deep_cusp_3x16,fc,2,2.675000,0.030926356258098697,0.030926942941904803
deep_cusp_3x16,fc,2,2.700000,0.02995171911720451,0.029952297747731768
deep_cusp_3x16,fc,2,2.725000,0.02901370173190354,0.02901427237521226
deep_cusp_3x16,fc,2,2.750000,0.02811074099811517,0.02811130372463498
deep_cusp_3x16,fc,2,2.775000,0.02724134662024047,0.027241901504269916
deep_cusp_3x16,fc,2,2.800000,0.026404097562684248,0.026404644681927984
deep_cusp_3x16,fc,2,2.825000,0.025597638671787104,0.025598178106928483
deep_cusp_3x16,fc,2,2.850000,0.024820677461123264,0.024821209295431242
deep_cusp_3x16,fc,2,2.875000,0.024071981053223723,0.024072505372191445
deep_cusp_3x16,fc,2,2.900000,0.023350373270935254,0.023350890161948933
deep_cusp_3x16,fc,2,2.925000,0.02265473187177891,0.022655241423814636
deep_cusp_3x16,fc,2,2.950000,0.021983985918852755,0.02198448822219974
deep_cusp_3x16,fc,2,2.975000,0.02133711328201715,0.021337608428025324
deep_cusp_3x16,fc,2,3.000000,0.020713138263292796,0.020713626344142904
deep_cusp_3x16,fc,2,3.025000,0.020111129340626088,0.020111610449121096
deep_cusp_3x16,fc,2,3.050000,0.019530197024366758,0.019530671253741985
deep_cusp_3x16,fc,2,3.075000,0.018969491821031692,0.018969959264783273
deep_cusp_3x16,fc,2,3.100000,0.018428202299141327,0.01842866305087054
deep_cusp_3x16,fc,2,3.125000,0.017905553252115514,0.01790600740538857
deep_cusp_3x16,fc,2,3.150000,0.017400803953445787,0.01740125160166688
deep_cusp_3x16,fc,2,3.175000,0.016913246499548285,0.01691368773584563
deep_cusp_3x16,fc,2,3.200000,0.01644220423591869,0.016442639153041987
deep_cusp_3x16,fc,2,3.225000,0.015987030262399116,0.015987458952627043
deep_cusp_3x16,fc,2,3.250000,0.015547106013568124,0.01554752856862642
deep_cusp_3x16,fc,2,3.275000,0.01512183991043814,0.015122256421425359
deep_cusp_3x16,fc,2,3.300000,0.014710666079841395,0.014711076637163482
deep_cusp_3x16,fc,2,3.325000,0.014313043138046266,0.014313447831357885
deep_cusp_3x16,fc,2,3.350000,0.013928453035320865,0.013928851953473702
deep_cusp_3x16,fc,2,3.375000,0.013556399958320253,0.013556793189317143
deep_cusp_3x16,fc,2,3.400000,0.013196409287326127,0.013196796918281035
deep_cusp_3x16,fc,2,3.425000,0.012848026605520091,0.012848408722622606
deep_cusp_3x16,fc,2,3.450000,0.012510816757610232,0.012511193446095005
deep_cusp_3x16,fc,2,3.475000,0.012184362955270478,0.012184734299390572
deep_cusp_3x16,fc,2,3.500000,0.011868265926975874,0.011868632009980432
deep_cusp_3x16,fc,2,3.525000,0.011562143109946743,0.011562504014061415
deep_cusp_3x16,fc,2,3.550000,0.011265627882028229,0.011265983688439207
deep_cusp_3x16,fc,2,3.575000,0.010978368831448315,0.010978719620289117
deep_cusp_3x16,fc,2,3.600000,0.010700029062498229,0.010700374912838966
deep_cusp_3x16,fc,2,3.625000,0.010430285535285355,0.010430626525124654
deep_cusp_3x16,fc,2,3.650000,0.01016882843780842,0.010169164644067214
deep_cusp_3x16,fc,2,3.675000,0.009915360588686473,0.00991569208720407
deep_cusp_3x16,fc,2,3.700000,0.009669596868969843,0.009669923734501585
deep_cusp_3x16,fc,2,3.725000,0.009431263681539459,0.009431585987756015
deep_cusp_3x16,fc,2,3.750000,0.009200098436682125,0.009200416256170275
deep_cusp_3x16,fc,2,3.775000,0.008975849062499819,0.008976162466764602
deep_cusp_3x16,fc,2,3.800000,0.008758273538885253,0.008758582598353621
deep_cusp_3x16,fc,2,3.825000,0.008547139453862318,0.00854744423788731
deep_cusp_3x16,fc,2,3.850000,0.008342223581151553,0.008342524158018077
deep_cusp_3x16,fc,2,3.875000,0.008143311477882942,0.008143607914814084
deep_cusp_3x16,fc,2,3.900000,0.007950197101432965,0.007950489464597189
deep_cusp_3x16,fc,2,3.925000,0.007762682444421687,0.007762970798941056
deep_cusp_3x16,fc,2,3.950000,0.007580577186946935,0.007580861596905375
deep_cusp_3x16,fc,2,3.975000,0.007403698365193057,0.007403978893646075
deep_cusp_3x16,fc,2,4.000000,0.007231870055589895,0.0072321467645740005
deep_cusp_3x16,fc,2,4.025000,0.00706492307373785,0.0070651960242810626
deep_cusp_3x16,fc,2,4.050000,0.00690269468736826,0.00690296393950086
deep_cusp_3x16,fc,2,4.075000,0.00674502834263313,0.006745293955398438
deep_cusp_3x16,fc,2,4.100000,0.00659177340306305,0.00659203543452906
deep_cusp_3x16,fc,2,4.125000,0.006442784900565379,0.0064430434078363
deep_cusp_3x16,fc,2,4.150000,0.006297923297865493,0.006298178337093973
deep_cusp_3x16,fc,2,4.175000,0.00615705426183033,0.006157305888229191
deep_cusp_3x16,fc,2,4.200000,0.006020048447131221,0.006020296714986096
deep_cusp_3x16,fc,2,4.225000,0.005886781289747178,0.005887026252428785
deep_cusp_3x16,fc,2,4.250000,0.005757132809824039,0.005757374519800969
deep_cusp_3x16,fc,2,4.275000,0.005630987423429934,0.005631225932281169
deep_cusp_3x16,fc,2,4.300000,0.005508233762782089,0.005508469121209777
deep_cusp_3x16,fc,2,4.325000,0.005388764504524746,0.005388996762367058
deep_cusp_3x16,fc,2,4.350000,0.005272476205678389,0.005272705411922309
deep_cusp_3x16,fc,2,4.375000,0.005159269146885248,0.005159495349679465
deep_cusp_3x16,fc,2,4.400000,0.005049047182602462,0.005049270429270179
deep_cusp_3x16,fc,2,4.425000,0.004941717597910178,0.004941937934961711
deep_cusp_3x16,fc,2,4.450000,0.004837190971618499,0.004837408444764286
deep_cusp_3x16,fc,2,4.475000,0.0047353810453750755,0.004735595699538422
deep_cusp_3x16,fc,2,4.500000,0.004636204598487348,0.00463641647781682
deep_cusp_3x16,fc,2,4.525000,0.004539581328191655,0.004539790476073858
deep_cusp_3x16,fc,2,4.550000,0.004445433735108528,0.0044456401941804025
deep_cusp_3x16,fc,2,4.575000,0.004353687013646357,0.0043538908258078015
deep_cusp_3x16,fc,2,4.600000,0.004264268947116845,0.004264470153542824
deep_cusp_3x16,fc,2,4.625000,0.0041771098073483115,0.004177308448501121
deep_cusp_3x16,fc,2,4.650000,0.004092142258579123,0.00409233837422035
deep_cusp_3x16,fc,2,4.675000,0.004009301265443077,0.004009494894645649
deep_cusp_3x16,fc,2,4.700000,0.0039285240048518855,0.003928715186011864
deep_cusp_3x16,fc,2,4.725000,0.0038497497815960235,0.003849938552444208
deep_cusp_3x16,fc,2,4.750000,0.003772919947494957,0.0037731063451085585
deep_cusp_3x16,fc,2,4.775000,0.0036979778239344396,0.003698161884748136
deep_cusp_3x16,fc,2,4.800000,0.003624868627635669,0.0036250503874534
deep_cusp_3x16,fc,2,4.825000,0.0035535393995124176,0.0035537188935180495
deep_cusp_3x16,fc,2,4.850000,0.0034839389364701434,0.0034841161992384935
deep_cusp_3x16,fc,2,4.875000,0.0034160177260248448,0.003416192791532784
deep_cusp_3x16,fc,2,4.900000,0.0033497278836036593,0.003349900785240403
deep_cusp_3x16,fc,2,4.925000,0.003285023092417516,0.0032851938629953315
deep_cusp_3x16,fc,2,4.950000,0.003221858545783718,0.0032220272175482114
deep_cusp_3x16,fc,2,4.975000,0.003160190891792203,0.003160357496432501
deep_cusp_3x16,fc,2,5.000000,0.0030999781802143467,0.0031001427488730796
deep_cusp_3x16,fc,2,5.025000,0.0030411798115511646,0.0030413423748346722
deep_cusp_3x16,fc,2,5.050000,0.0029837564881285417,0.0029839170761159985
deep_cusp_3x16,fc,2,5.075000,0.0029276701671515637,0.0029278288094051505
deep_cusp_3x16,fc,2,5.100000,0.0028728840156300173,0.0028730407412039653
deep_cusp_3x16,fc,2,5.125000,0.0028193623670940138,0.0028195172045440277
deep_cusp_3x16,fc,2,5.150000,0.0027670706800240197,0.002767223657416334
deep_cusp_3x16,fc,2,5.175000,0.002715975497919798,0.002716126642840039
deep_cusp_3x16,fc,2,5.200000,0.002666044410936763,0.0026661937504989823
deep_cusp_3x16,fc,2,5.225000,0.0026172460190247993,0.0026173935798797948
deep_cusp_3x16,fc,2,5.250000,0.002569549896504042,0.00256969570484818
deep_cusp_3x16,fc,2,5.275000,0.0025229265580167803,0.002523070639600119
deep_cusp_3x16,fc,2,5.300000,0.0024773474257964168,0.002477489805931105
deep_cusp_3x16,fc,2,5.325000,0.0024327847981996387,0.0024329255017677574
deep_cusp_3x16,fc,2,5.350000,0.0023892118194444034,0.002389350870906149
deep_cusp_3x16,fc,2,5.375000,0.002346602450511215,0.0023467398739123713
deep_cusp_3x16,fc,2,5.400000,0.0023049314411475175,0.002305067260127343
deep_cusp_3x16,fc,2,5.425000,0.0022641743029409023,0.0022643085407395933
deep_cusp_3x16,fc,2,5.450000,0.0022243072834081667,0.0022244399628739303
deep_cusp_3x16,fc,2,5.475000,0.0021853073410629253,0.002185438484659717
deep_cusp_3x16,fc,2,5.500000,0.002147152121419249,0.002147281751233332
deep_cusp_3x16,fc,2,5.525000,0.002109819933892698,0.00210994807163994
deep_cusp_3x16,fc,2,5.550000,0.002073289729565886,0.002073416396598594
deep_cusp_3x16,fc,2,5.575000,0.0020375410797752735,0.002037666297088671
deep_cusp_3x16,fc,2,5.600000,0.0020025541554953286,0.002002677943734377
deep_cusp_3x16,fc,2,5.625000,0.001968309707481297,0.0019684320869470203
deep_cusp_3x16,fc,2,5.650000,0.001934789047140173,0.001934910037795905
deep_cusp_3x16,fc,2,5.675000,0.0019019740281043251,0.0019020936495821128
deep_cusp_3x16,fc,2,5.700000,0.0018698470284775892,0.0018699653000843219
deep_cusp_3x16,fc,2,5.725000,0.0018383909337243987,0.0018385078744475162
deep_cusp_3x16,fc,2,5.750000,0.0018075891201819738,0.001807704748695522
deep_cusp_3x16,fc,2,5.775000,0.0017774254391638156,0.0017775397738341902
deep_cusp_3x16,fc,2,5.800000,0.0017478842016381835,0.0017479972605298807
deep_cusp_3x16,fc,2,5.825000,0.001718950163454469,0.0017190619643353434
deep_cusp_3x16,fc,2,5.850000,0.0016906085110962588,0.0016907190714431513
deep_cusp_3x16,fc,2,5.875000,0.001662844847941991,0.0016629541849460688
deep_cusp_3x16,fc,2,5.900000,0.0016356451810131123,0.0016357533115849763
deep_cusp_3x16,fc,2,5.925000,0.0016089959081885263,0.0016091028489635777
deep_cusp_3x16,fc,2,5.950000,0.0015828838058732364,0.0015829895732162476
deep_cusp_3x16,fc,2,5.975000,0.0015572960170935346,0.0015574006271040614
deep_cusp_3x16,fc,2,6.000000,0.0015322200400124109,0.0015323235085293945
deep_cusp_3x16,fc,5,0.000000,0.9999990149527558,0.9999990149527557
deep_cusp_3x16,fc,5,0.025000,0.9995535458834234,0.9995535545956326
deep_cusp_3x16,fc,5,0.050000,0.9982182202361614,0.9982182550348954
deep_cusp_3x16,fc,5,0.075000,0.9959962858911895,0.9959963639857915
deep_cusp_3x16,fc,5,0.100000,0.9928931663197187,0.9928933046151531
deep_cusp_3x16,fc,5,0.125000,0.9889164750191144,0.988916689954814
deep_cusp_3x16,fc,5,0.150000,0.9840760336550907,0.9840763410260884
deep_cusp_3x16,fc,5,0.175000,0.9783838919549609,0.9783843067201043
deep_cusp_3x16,fc,5,0.200000,0.9718543469752071,0.9718548830579382
deep_cusp_3x16,fc,5,0.225000,0.9645039590425706,0.9645046291303571
deep_cusp_3x16,fc,5,0.250000,0.9563515614548997,0.95635237680383
deep_cusp_3x16,fc,5,0.275000,0.947418260936161,0.9474192311874634
deep_cusp_3x16,fc,5,0.300000,0.9377274258748721,0.9377285588901255
deep_cusp_3x16,fc,5,0.325000,0.927304659537202,0.9273059612587633
deep_cusp_3x16,fc,5,0.350000,0.9161777557304019,0.9161792300730569
deep_cusp_3x16,fc,5,0.375000,0.9043766347892562,0.904378283568314
deep_cusp_3x16,fc,5,0.400000,0.8919332582532246,0.8919350811532322
deep_cusp_3x16,fc,5,0.425000,0.87888152117602,0.8788835157629997
deep_cusp_3x16,fc,5,0.450000,0.8652571216401567,0.8652592834188174
deep_cusp_3x16,fc,5,0.475000,0.851097407711779,0.8510997302275789
deep_cusp_3x16,fc,5,0.500000,0.8364412027397926,0.8364436777241008
deep_cusp_3x16,fc,5,0.525000,0.8213286105518792,0.8213312281068833
deep_cusp_3x16,fc,5,0.550000,0.805800802703583,0.8058035515220902
deep_cusp_3x16,fc,5,0.575000,0.7898997904728485,0.789902658086808
deep_cusp_3x16,fc,5,0.600000,0.7736681847421691,0.7736711577926741
deep_cusp_3x16,fc,5,0.625000,0.7571489472590862,0.7571520117798487
deep_cusp_3x16,fc,5,0.650000,0.740385137003197,0.7403882787090609
deep_cusp_3x16,fc,5,0.675000,0.7234196555090797,0.7234228600810844
deep_cusp_3x16,fc,5,0.700000,0.7062949949997626,0.7062982483585597
deep_cusp_3x16,fc,5,0.725000,0.6890529930792488,0.6890562816393245
deep_cusp_3x16,fc,5,0.750000,0.6717345975242189,0.6717379084223036
deep_cusp_3x16,fc,5,0.775000,0.6543796444167406,0.6543829657089731
deep_cusp_3x16,fc,5,0.800000,0.6370266524867898,0.6370299733105577
deep_cusp_3x16,fc,5,0.825000,0.6197126361024419,0.6197159468002725
deep_cusp_3x16,fc,5,0.850000,0.6024729388744721,0.6024762310788355
deep_cusp_3x16,fc,5,0.875000,0.5853410893485451,0.5853443560278541
deep_cusp_3x16,fc,5,0.900000,0.5683486797591459,0.5683519152265687
deep_cusp_3x16,fc,5,0.925000,0.5515252683305538,0.5515284682184035
deep_cusp_3x16,fc,5,0.950000,0.5348983051451921,0.5349014663486072
deep_cusp_3x16,fc,5,0.975000,0.5184930811701438,0.5184962017644935
deep_cusp_3x16,fc,5,1.000000,0.5023326996475729,0.5023357787844921
deep_cusp_3x16,fc,5,1.025000,0.4864380687208454,0.4864411065080455
deep_cusp_3x16,fc,5,1.050000,0.47082791388943934,0.4708309112594444
deep_cusp_3x16,fc,5,1.075000,0.4555188086641446,0.45552176723692184
deep_cusp_3x16,fc,5,1.100000,0.4405252216293696,0.44052814357346226
deep_cusp_3x16,fc,5,1.125000,0.42585957800959795,0.42586246590588206
deep_cusp_3x16,fc,5,1.150000,0.41153233377874476,0.41153519049035014
deep_cusp_3x16,fc,5,1.175000,0.397552060339726,0.3975548888910253
deep_cusp_3x16,fc,5,1.200000,0.383925537831596,0.38392834129850273
deep_cusp_3x16,fc,5,1.225000,0.37065785518718797,0.370660636600358
deep_cusp_3x16,fc,5,1.250000,0.3577525151591918,0.3577552774211005
deep_cusp_3x16,fc,5,1.275000,0.34521154265086795,0.34521428846717805
deep_cusp_3x16,fc,5,1.300000,0.33303559482323686,0.3330383266483743
deep_cusp_3x16,fc,5,1.325000,0.32122407159804656,0.32122679159448314
deep_cusp_3x16,fc,5,1.350000,0.3097752253300874,0.30977793534049813
deep_cusp_3x16,fc,5,1.375000,0.2986862685790368,0.2986889701102368
deep_cusp_3x16,fc,5,1.400000,0.2879534790661271,0.2879561732835211
deep_cusp_3x16,fc,5,1.425000,0.2775723010513833,0.277574988782547
deep_cusp_3x16,fc,5,1.450000,0.2675374425103898,0.26754012425636026
deep_cusp_3x16,fc,5,1.475000,0.25784296762356274,0.25784564357642004
deep_cusp_3x16,fc,5,1.500000,0.24848238421432878,0.24848505427970202
deep_cusp_3x16,fc,5,1.525000,0.23944872588453592,0.2394513897077521
deep_cusp_3x16,fc,5,1.550000,0.23073462869536465,0.2307372856900662
deep_cusp_3x16,fc,5,1.575000,0.2223324023298704,0.2223350517080542
deep_cusp_3x16,fc,5,1.600000,0.2142340957492872,0.2142367365518528
deep_cusp_3x16,fc,5,1.625000,0.2064315574197776,0.20643418854680623
deep_cusp_3x16,fc,5,1.650000,0.19891649024007974,0.198919110480207
deep_cusp_3x16,fc,5,1.675000,0.19168050134422643,0.19168310940259609
deep_cusp_3x16,fc,5,1.700000,0.1847151469880659,0.1847177415124742
deep_cusp_3x16,fc,5,1.725000,0.1780119727545717,0.17801455235952063
deep_cusp_3x16,fc,5,1.750000,0.17156254933183945,0.1715651126203154
deep_cusp_3x16,fc,5,1.775000,0.1653585041301161,0.16536104971299231
deep_cusp_3x16,fc,5,1.800000,0.15939154901108188,0.15939407552411586
deep_cusp_3x16,fc,5,1.825000,0.15365350440471992,0.1536560105231757
deep_cusp_3x16,fc,5,1.850000,0.14813632008726263,0.14813880453823608
deep_cusp_3x16,fc,5,1.875000,0.14283209288859544,0.14283455446115373
deep_cusp_3x16,fc,5,1.900000,0.13773308158974118,0.13773551914301999
deep_cusp_3x16,fc,5,1.925000,0.1328317192612689,0.13283413173068498
deep_cusp_3x16,fc,5,1.950000,0.1281206232821308,0.12812300968388157
deep_cusp_3x16,fc,5,1.975000,0.1235926032659761,0.12359496270000238
deep_cusp_3x16,fc,5,2.000000,0.1192406671088222,0.11924299876040963
deep_cusp_3x16,fc,5,2.025000,0.11505802535835619,0.11506032849854929
deep_cusp_3x16,fc,5,2.050000,0.11103809409141374,0.11104036807640862
deep_cusp_3x16,fc,5,2.075000,0.10717449647251387,0.10717674074218457
deep_cusp_3x16,fc,5,2.100000,0.10346106315289783,0.10346327722860513
deep_cusp_3x16,fc,5,2.125000,0.09989183165651516,0.09989401513832925
deep_cusp_3x16,fc,5,2.150000,0.0964610448868457,0.09646319745030717
deep_cusp_3x16,fc,5,2.175000,0.0931631488764989,0.09316527026902503
deep_cusp_3x16,fc,5,2.200000,0.08999278989020176,0.08999487992723759
deep_cusp_3x16,fc,5,2.225000,0.08694481098111895,0.08694686954211561
deep_cusp_3x16,fc,5,2.250000,0.0840142480904652,0.0840162751147613
deep_cusp_3x16,fc,5,2.275000,0.08119632577108427,0.08119832125375193
deep_cusp_3x16,fc,5,2.300000,0.07848645260703768,0.07848841659474731
deep_cusp_3x16,fc,5,2.325000,0.07588021639331577,0.07588214898026313
deep_cusp_3x16,fc,5,2.350000,0.073373379132471,0.07337528045640314
deep_cusp_3x16,fc,5,2.375000,0.07096187189828429,0.0709637421366524
deep_cusp_3x16,fc,5,2.400000,0.06864178961048606,0.06864362897674837
deep_cusp_3x16,fc,5,2.425000,0.06640938575900424,0.06641119449909502
deep_cusp_3x16,fc,5,2.450000,0.06426106711118929,0.06426284550016602
deep_cusp_3x16,fc,5,2.475000,0.062193388430935914,0.06219513676981234
deep_cusp_3x16,fc,5,2.500000,0.06020304723453418,0.060204765847302694
deep_cusp_3x16,fc,5,2.525000,0.05828687860442283,0.05828856783526772
deep_cusp_3x16,fc,5,2.550000,0.05644185007873326,0.05644351028943357
deep_cusp_3x16,fc,5,2.575000,0.05466505663160104,0.05466668819911841
deep_cusp_3x16,fc,5,2.600000,0.0529537157566069,0.05295531907085509
deep_cusp_3x16,fc,5,2.625000,0.05130516266342078,0.05130673812520908
deep_cusp_3x16,fc,5,2.650000,0.04971684559567546,0.04971839361481907
deep_cusp_3x16,fc,5,2.675000,0.048186321276312616,0.048187842269903004
deep_cusp_3x16,fc,5,2.700000,0.0467112504850723,0.046712744875897896
deep_cusp_3x16,fc,5,2.725000,0.04528939377142094,0.045290861986530255
deep_cusp_3x16,fc,5,2.750000,0.04391860730502528,0.04392004977442389
deep_cusp_3x16,fc,5,2.775000,0.04259683886484067,0.04259825602031256
deep_cusp_3x16,fc,5,2.800000,0.04132212396700041,0.04132351624104625
deep_cusp_3x16,fc,5,2.825000,0.040092582130924814,0.04009394995580804
deep_cusp_3x16,fc,5,2.850000,0.0389064132824235,0.03890775708931617
deep_cusp_3x16,fc,5,2.875000,0.03776189429201693,0.037763214510238105
deep_cusp_3x16,fc,5,2.900000,0.036657375646255375,0.036658672702594416
deep_cusp_3x16,fc,5,2.925000,0.035591278249422764,0.03559255256754023
deep_cusp_3x16,fc,5,2.950000,0.03456209035271551,0.034563342352615975
deep_cusp_3x16,fc,5,2.975000,0.03356836460773993,0.03356959470530945
deep_cusp_3x16,fc,5,3.000000,0.032608715240975195,0.03260992384757856
deep_cusp_3x16,fc,5,3.025000,0.0316818153457088,0.03168300286784069
deep_cusp_3x16,fc,5,3.050000,0.03078639428784291,0.030787561126827977
deep_cusp_3x16,fc,5,3.075000,0.02992123522190515,0.02992238177364323
deep_cusp_3x16,fc,5,3.100000,0.029085172713556373,0.02908629936830695
deep_cusp_3x16,fc,5,3.125000,0.028277090464874588,0.028278197607078143
deep_cusp_3x16,fc,5,3.150000,0.02749591913870597,0.02749700714683811
deep_cusp_3x16,fc,5,3.175000,0.026740634278406894,0.02674170352486146
deep_cusp_3x16,fc,5,3.200000,0.02601025431933368,0.026011305170332698
deep_cusp_3x16,fc,5,3.225000,0.02530383868850894,0.025304871504035504
deep_cusp_3x16,fc,5,3.250000,0.0246204859889525,0.024621501122705596
deep_cusp_3x16,fc,5,3.275000,0.023959332265247824,0.02396033006461559
deep_cusp_3x16,fc,5,3.300000,0.023319549346996316,0.02332053015304608
deep_cusp_3x16,fc,5,3.325000,0.022700343266907508,0.022701307414390606
deep_cusp_3x16,fc,5,3.350000,0.022100952750361058,0.022101900567731217
deep_cusp_3x16,fc,5,3.375000,0.021520647773378587,0.02152157958282148
deep_cusp_3x16,fc,5,3.400000,0.02095872818604716,0.020959644303520642
deep_cusp_3x16,fc,5,3.425000,0.020414522398524704,0.020415423133807592
deep_cusp_3x16,fc,5,3.450000,0.019887386126872686,0.019888271783622076
deep_cusp_3x16,fc,5,3.475000,0.019376701196053947,0.019377572071868618
deep_cusp_3x16,fc,5,3.500000,0.01888187439753708,0.018882730784027312
deep_cusp_3x16,fc,5,3.525000,0.01840233639904687,0.01840317858190917
deep_cusp_3x16,fc,5,3.550000,0.017937540704097366,0.017938368963193514
deep_cusp_3x16,fc,5,3.575000,0.017486962659042593,0.017487777268482583
deep_cusp_3x16,fc,5,3.600000,0.017050098505468125,0.017050899733695963
deep_cusp_3x16,fc,5,3.625000,0.016626464475843705,0.01662725258572584
deep_cusp_3x16,fc,5,3.650000,0.016215595930441196,0.01621637117935688
deep_cusp_3x16,fc,5,3.675000,0.015817046533607715,0.015817809173541454
deep_cusp_3x16,fc,5,3.700000,0.015430387467575968,0.015431137745210538
deep_cusp_3x16,fc,5,3.725000,0.015055206682056954,0.015055944838867765
deep_cusp_3x16,fc,5,3.750000,0.014691108177958045,0.014691834450308115
deep_cusp_3x16,fc,5,3.775000,0.014337711323628044,0.014338425942863312
deep_cusp_3x16,fc,5,3.800000,0.013994650202113545,0.013995353394657682
deep_cusp_3x16,fc,5,3.825000,0.013661572987971216,0.013662264975421378
deep_cusp_3x16,fc,5,3.850000,0.013338141352259303,0.013338822351480577
deep_cusp_3x16,fc,5,3.875000,0.013024029894380451,0.0130247001176001
deep_cusp_3x16,fc,5,3.900000,0.012718925599524478,0.012719585254425991
deep_cusp_3x16,fc,5,3.925000,0.01242252732050475,0.012423176610320625
deep_cusp_3x16,fc,5,3.950000,0.012134545282850406,0.012135184406454037
deep_cusp_3x16,fc,5,3.975000,0.011854700612058622,0.011855329764055456
deep_cusp_3x16,fc,5,4.000000,0.011582724881975537,0.011583344252793145
deep_cusp_3x16,fc,5,4.025000,0.01131835968330841,0.011318969459285231
deep_cusp_3x16,fc,5,4.050000,0.011061356211333417,0.011061956574806305
deep_cusp_3x16,fc,5,4.075000,0.01081147487189782,0.010812066001288487
deep_cusp_3x16,fc,5,4.100000,0.010568484904863507,0.010569066974763647
deep_cusp_3x16,fc,5,4.125000,0.010332164024176915,0.010332737205431649
deep_cusp_3x16,fc,5,4.150000,0.010102298073790261,0.010102862533580738
deep_cusp_3x16,fc,5,4.175000,0.009878680698697462,0.009879236600621332
deep_cusp_3x16,fc,5,4.200000,0.009661113030380308,0.009661660534531725
deep_cusp_3x16,fc,5,4.225000,0.009449403385997646,0.009449942649044966
deep_cusp_3x16,fc,5,4.250000,0.009243366980679624,0.009243898155941826
deep_cusp_3x16,fc,5,4.275000,0.009042825652319508,0.00904334888984183
deep_cusp_3x16,fc,5,4.300000,0.008847607598290064,0.008848123044917012
deep_cusp_3x16,fc,5,4.325000,0.008657547123530063,0.00865805492297805
deep_cusp_3x16,fc,5,4.350000,0.008472484399479674,0.008472984692407837
deep_cusp_3x16,fc,5,4.375000,0.008292265233369789,0.008292758157448845
deep_cusp_3x16,fc,5,4.400000,0.008116740847382453,0.008117226537362866
deep_cusp_3x16,fc,5,4.425000,0.007945767667243198,0.007946246255021595
deep_cusp_3x16,fc,5,4.450000,0.007779207119801401,0.007779678734485535
deep_cusp_3x16,fc,5,4.475000,0.007616925439203115,0.007617390207175521
deep_cusp_3x16,fc,5,4.500000,0.007458793481254999,0.00745925152623505
deep_cusp_3x16,fc,5,4.525000,0.007304686545614003,0.007305137988719207
deep_cusp_3x16,fc,5,4.550000,0.007154484205450284,0.007154929165255192
deep_cusp_3x16,fc,5,4.575000,0.007008070144239875,0.007008508736834862
deep_cusp_3x16,fc,5,4.600000,0.006865331999376889,0.006865764338424728
deep_cusp_3x16,fc,5,4.625000,0.006726161212285975,0.006726587409077422
deep_cusp_3x16,fc,5,4.650000,0.006590452884760234,0.006590873048268464
deep_cusp_3x16,fc,5,4.675000,0.006458105641229284,0.0064585198781628465
deep_cusp_3x16,fc,5,4.700000,0.006329021496710996,0.006329429911565912
deep_cusp_3x16,fc,5,4.725000,0.006203105730179237,0.006203508425289461
deep_cusp_3x16,fc,5,4.750000,0.006080266763121123,0.006080663838708088
deep_cusp_3x16,fc,5,4.775000,0.005960416043044869,0.005960807597265741
deep_cusp_3x16,fc,5,4.800000,0.005843467931723856,0.005843854060718774
deep_cusp_3x16,fc,5,4.825000,0.005729339597974614,0.005729720395912886
deep_cusp_3x16,fc,5,4.850000,0.0056179509147566975,0.005618326473881569
deep_cusp_3x16,fc,5,4.875000,0.005509224360423448,0.0055095947710962845
deep_cusp_3x16,fc,5,4.900000,0.0054030849239274925,0.005403450274670497
deep_cusp_3x16,fc,5,4.925000,0.005299460013819091,0.005299820391357137
deep_cusp_3x16,fc,5,4.950000,0.005198279370869363,0.00519863486017101
deep_cusp_3x16,fc,5,4.975000,0.005099474984162855,0.005099825668480255
deep_cusp_3x16,fc,5,5.000000,0.0050029810105116646,0.005003326971419181
deep_cusp_3x16,fc,5,5.025000,0.004908733697044698,0.004909075014477372
deep_cusp_3x16,fc,5,5.050000,0.004816671306842046,0.004817008059132411
deep_cusp_3x16,fc,5,5.075000,0.0047267340474820285,0.004727066311396233
deep_cusp_3x16,fc,5,5.100000,0.004638864002373233,0.004639191853146637
deep_cusp_3x16,fc,5,5.125000,0.004553005064763749,0.004553328576135116
deep_cusp_3x16,fc,5,5.150000,0.0044691028743018,0.004469422118547324
deep_cusp_3x16,fc,5,5.175000,0.004387104756052085,0.0043874198040178055
deep_cusp_3x16,fc,5,5.200000,0.00430695966185779,0.0043072705829917705
deep_cusp_3x16,fc,5,5.225000,0.004228618113951033,0.004228924976334929
deep_cusp_3x16,fc,5,5.250000,0.004152032150722462,0.004152335021101629
deep_cusp_3x16,fc,5,5.275000,0.004077155274551658,0.004077454218365142
deep_cusp_3x16,fc,5,5.300000,0.004003942401624938,0.0040042374830345975
deep_cusp_3x16,fc,5,5.325000,0.003932349813646541,0.003932641095565119
deep_cusp_3x16,fc,5,5.350000,0.0038623351113721283,0.003862622655491328
deep_cusp_3x16,fc,5,5.375000,0.0037938571698908907,0.0037941410367080836
deep_cusp_3x16,fc,5,5.400000,0.0037268760955763147,0.003727156344421023
deep_cusp_3x16,fc,5,5.425000,0.003661353184650773,0.003661629873710311
deep_cusp_3x16,fc,5,5.450000,0.003597250883284664,0.0035975240696294233
deep_cusp_3x16,fc,5,5.475000,0.003534532749177255,0.003534802488785088
deep_cusp_3x16,fc,5,5.500000,0.0034731634145573897,0.00347342976233753
deep_cusp_3x16,fc,5,5.525000,0.003413108550542221,0.0034133715603585552
deep_cusp_3x16,fc,5,5.550000,0.0033543348328077816,0.003354594557501852
deep_cusp_3x16,fc,5,5.575000,0.003296809908510334,0.003297066399923296
deep_cusp_3x16,fc,5,5.600000,0.0032405023644156428,0.0032407556734100657
deep_cusp_3x16,fc,5,5.625000,0.00318538169618221,0.0031856318726634857
deep_cusp_3x16,fc,5,5.650000,0.0031314182787594014,0.003131665371696122
deep_cusp_3x16,fc,5,5.675000,0.0030785833378494942,0.003078827395293707
deep_cusp_3x16,fc,5,5.700000,0.0030268489223969075,0.003027089991503894
deep_cusp_3x16,fc,5,5.725000,0.0029761878780620865,0.0029764260051096687
deep_cusp_3x16,fc,5,5.750000,0.0029265738216405213,0.0029268090520475788
deep_cusp_3x16,fc,5,5.775000,0.002877981116394701,0.002878213494739797
deep_cusp_3x16,fc,5,5.800000,0.0028303848482570393,0.002830614418296118
deep_cusp_3x16,fc,5,5.825000,0.0027837608028743466,0.00278398760755835
deep_cusp_3x16,fc,5,5.850000,0.0027380854434621016,0.002738309524953898
deep_cusp_3x16,fc,5,5.875000,0.0026933358894322135,0.00269355728912338
deep_cusp_3x16,fc,5,5.900000,0.0026494898957715174,0.002649708654298654
deep_cusp_3x16,fc,5,5.925000,0.002606525833136142,0.0026067419903964785
deep_cusp_3x16,fc,5,5.950000,0.002564422668637767,0.0025646362638050363
deep_cusp_3x16,fc,5,5.975000,0.0025231599472967936,0.0025233710188360442
deep_cusp_3x16,fc,5,6.000000,0.0024827177741310047,0.002482926359813787
