arch,arch_stored,channel,rs,alpha,s,f_model,f_parent
deep0_cusp_mgga_3x16,deep_cusp_mgga_3x16,fx,,0,0.000000,1.1690007125556747,1.174
deep0_cusp_mgga_3x16,deep_cusp_mgga_3x16,fx,,0,0.025000,1.1690006694939747,1.1739999999999697
deep0_cusp_mgga_3x16,deep_cusp_mgga_3x16,fx,,0,0.050000,1.1690003687309138,1.1739999997117707
deep0_cusp_mgga_3x16,deep_cusp_mgga_3x16,fx,,0,0.075000,1.1689995338708694,1.1739999832816606
deep0_cusp_mgga_3x16,deep_cusp_mgga_3x16,fx,,0,0.100000,1.1689978059898414,1.1739998118858568
deep0_cusp_mgga_3x16,deep_cusp_mgga_3x16,fx,,0,0.125000,1.1689946450473057,1.1739990186707916
deep0_cusp_mgga_3x16,deep_cusp_mgga_3x16,fx,,0,0.150000,1.1689892055083548,1.1739966782079427
deep0_cusp_mgga_3x16,deep_cusp_mgga_3x16,fx,,0,0.175000,1.168980192548351,1.1739914307174975
deep0_cusp_mgga_3x16,deep_cusp_mgga_3x16,fx,,0,0.200000,1.168965702236729,1.1739816048593708
deep0_cusp_mgga_3x16,deep_cusp_mgga_3x16,fx,,0,0.225000,1.168943045018488,1.1739653659192677
deep0_cusp_mgga_3x16,deep_cusp_mgga_3x16,fx,,0,0.250000,1.1689085489988946,1.1739408470016728
deep0_cusp_mgga_3x16,deep_cusp_mgga_3x16,fx,,0,0.275000,1.1688573454879023,1.173906248075868
deep0_cusp_mgga_3x16,deep_cusp_mgga_3x16,fx,,0,0.300000,1.1687831717763248,1.1738599024257972
deep0_cusp_mgga_3x16,deep_cusp_mgga_3x16,fx,,0,0.325000,1.1686783198456683,1.173800315917155
deep0_cusp_mgga_3x16,deep_cusp_mgga_3x16,fx,,0,0.350000,1.1685340658629082,1.1737261857914447
deep0_cusp_mgga_3x16,deep_cusp_mgga_3x16,fx,,0,0.375000,1.168342261784133,1.173636405071631
deep0_cusp_mgga_3x16,deep_cusp_mgga_3x16,fx,,0,0.400000,1.1680990964130993,1.1735300574458616
deep0_cusp_mgga_3x16,deep_cusp_mgga_3x16,fx,,0,0.425000,1.1678116003875239,1.1734064062619238
deep0_cusp_mgga_3x16,deep_cusp_mgga_3x16,fx,,0,0.450000,1.1675047053273708,1.1732648802223025
deep0_cusp_mgga_3x16,deep_cusp_mgga_3x16,fx,,0,0.475000,1.1672209949719414,1.1731050575598443
deep0_cusp_mgga_3x16,deep_cusp_mgga_3x16,fx,,0,0.500000,1.1670030687958568,1.1729266498750575
deep0_cusp_mgga_3x16,deep_cusp_mgga_3x16,fx,,0,0.525000,1.1668631556985947,1.1727294863871929
deep0_cusp_mgga_3x16,deep_cusp_mgga_3x16,fx,,0,0.550000,1.1667698109205613,1.1725134990516597
deep0_cusp_mgga_3x16,deep_cusp_mgga_3x16,fx,,0,0.575000,1.1666735612866928,1.1722787087915814
deep0_cusp_mgga_3x16,deep_cusp_mgga_3x16,fx,,0,0.600000,1.1665450925014467,1.1720252129544764
deep0_cusp_mgga_3x16,deep_cusp_mgga_3x16,fx,,0,0.625000,1.1663825035164412,1.1717531740160276
deep0_cusp_mgga_3x16,deep_cusp_mgga_3x16,fx,,0,0.650000,1.1661864015958023,1.171462809497049
deep0_cusp_mgga_3x16,deep_cusp_mgga_3x16,fx,,0,0.675000,1.1659412311431296,1.1711543830265692
deep0_cusp_mgga_3x16,deep_cusp_mgga_3x16,fx,,0,0.700000,1.1656281104775668,1.1708281964660416
deep0_cusp_mgga_3x16,deep_cusp_mgga_3x16,fx,,0,0.725000,1.1652505673163518,1.1704845830018829
deep0_cusp_mgga_3x16,deep_cusp_mgga_3x16,fx,,0,0.750000,1.16483902230638,1.1701239011122389
deep0_cusp_mgga_3x16,deep_cusp_mgga_3x16,fx,,0,0.775000,1.1644253197301442,1.1697465293166707
deep0_cusp_mgga_3x16,deep_cusp_mgga_3x16,fx,,0,0.800000,1.164013572509304,1.169352861622596
deep0_cusp_mgga_3x16,deep_cusp_mgga_3x16,fx,,0,0.825000,1.163585234163977,1.1689433035887846
deep0_cusp_mgga_3x16,deep_cusp_mgga_3x16,fx,,0,0.850000,1.1631417918164435,1.168518268933181
deep0_cusp_mgga_3x16,deep_cusp_mgga_3x16,fx,,0,0.875000,1.162736411321669,1.1680781766193893
deep0_cusp_mgga_3x16,deep_cusp_mgga_3x16,fx,,0,0.900000,1.1624433254137376,1.1676234483629735
deep0_cusp_mgga_3x16,deep_cusp_mgga_3x16,fx,,0,0.925000,1.1622842649054423,1.1671545065051685
deep0_cusp_mgga_3x16,deep_cusp_mgga_3x16,fx,,0,0.950000,1.1621971790825085,1.1666717722075282
deep0_cusp_mgga_3x16,deep_cusp_mgga_3x16,fx,,0,0.975000,1.1620839442946926,1.1661756639264584
deep0_cusp_mgga_3x16,deep_cusp_mgga_3x16,fx,,0,1.000000,1.1618750390482568,1.1656665961314685
deep0_cusp_mgga_3x16,deep_cusp_mgga_3x16,fx,,0,1.025000,1.1615513724500097,1.1651449782353507
deep0_cusp_mgga_3x16,deep_cusp_mgga_3x16,fx,,0,1.050000,1.1611295217705435,1.1646112137083935
deep0_cusp_mgga_3x16,deep_cusp_mgga_3x16,fx,,0,1.075000,1.1606410202767568,1.1640656993521898
deep0_cusp_mgga_3x16,deep_cusp_mgga_3x16,fx,,0,1.100000,1.1601206346684714,1.163508824711651
deep0_cusp_mgga_3x16,deep_cusp_mgga_3x16,fx,,0,1.125000,1.1596019916710432,1.1629409716065238
deep0_cusp_mgga_3x16,deep_cusp_mgga_3x16,fx,,0,1.150000,1.1591144741105295,1.1623625137660767
deep0_cusp_mgga_3x16,deep_cusp_mgga_3x16,fx,,0,1.175000,1.1586789086885116,1.161773816552685
deep0_cusp_mgga_3x16,deep_cusp_mgga_3x16,fx,,0,1.200000,1.1583036831407791,1.1611752367618726
deep0_cusp_mgga_3x16,deep_cusp_mgga_3x16,fx,,0,1.225000,1.1579836760650895,1.1605671224879528
deep0_cusp_mgga_3x16,deep_cusp_mgga_3x16,fx,,0,1.250000,1.1577026956910665,1.159949813045806
deep0_cusp_mgga_3x16,deep_cusp_mgga_3x16,fx,,0,1.275000,1.1574382729280233,1.159323638940552
deep0_cusp_mgga_3x16,deep_cusp_mgga_3x16,fx,,0,1.300000,1.1571668786627474,1.1586889218779366
deep0_cusp_mgga_3x16,deep_cusp_mgga_3x16,fx,,0,1.325000,1.1568679951037841,1.1580459748091831
deep0_cusp_mgga_3x16,deep_cusp_mgga_3x16,fx,,0,1.350000,1.1565263745944456,1.1573951020048758
deep0_cusp_mgga_3x16,deep_cusp_mgga_3x16,fx,,0,1.375000,1.156132626861236,1.1567365991531484
deep0_cusp_mgga_3x16,deep_cusp_mgga_3x16,fx,,0,1.400000,1.15568268093057,1.1560707534780776
deep0_cusp_mgga_3x16,deep_cusp_mgga_3x16,fx,,0,1.425000,1.1551767056817788,1.1553978438747157
deep0_cusp_mgga_3x16,deep_cusp_mgga_3x16,fx,,0,1.450000,1.154617920955792,1.1547181410576752
deep0_cusp_mgga_3x16,deep_cusp_mgga_3x16,fx,,0,1.475000,1.1540115432786513,1.1540319077205958
deep0_cusp_mgga_3x16,deep_cusp_mgga_3x16,fx,,0,1.500000,1.153363962654461,1.153339398704175
deep0_cusp_mgga_3x16,deep_cusp_mgga_3x16,fx,,0,1.525000,1.1526821556836957,1.1526408611707666
deep0_cusp_mgga_3x16,deep_cusp_mgga_3x16,fx,,0,1.550000,1.1519732948946841,1.1519365347838304
deep0_cusp_mgga_3x16,deep_cusp_mgga_3x16,fx,,0,1.575000,1.1512444990145478,1.1512266518907446
deep0_cusp_mgga_3x16,deep_cusp_mgga_3x16,fx,,0,1.600000,1.1505026714196116,1.1505114377077155
deep0_cusp_mgga_3x16,deep_cusp_mgga_3x16,fx,,0,1.625000,1.149754385582225,1.1497911105056975
deep0_cusp_mgga_3x16,deep_cusp_mgga_3x16,fx,,0,1.650000,1.149005791087082,1.149065881796391
deep0_cusp_mgga_3x16,deep_cusp_mgga_3x16,fx,,0,1.675000,1.1482625276893996,1.1483359565175384
deep0_cusp_mgga_3x16,deep_cusp_mgga_3x16,fx,,0,1.700000,1.1475296454663677,1.1476015332168448
deep0_cusp_mgga_3x16,deep_cusp_mgga_3x16,fx,,0,1.725000,1.1468115353888024,1.1468628042339688
deep0_cusp_mgga_3x16,deep_cusp_mgga_3x16,fx,,0,1.750000,1.1461118768580054,1.1461199558801156
deep0_cusp_mgga_3x16,deep_cusp_mgga_3x16,fx,,0,1.775000,1.1454336079401173,1.1453731686148423
deep0_cusp_mgga_3x16,deep_cusp_mgga_3x16,fx,,0,1.800000,1.144778921492726,1.1446226172197609
deep0_cusp_mgga_3x16,deep_cusp_mgga_3x16,fx,,0,1.825000,1.1441492873049646,1.1438684709688847
deep0_cusp_mgga_3x16,deep_cusp_mgga_3x16,fx,,0,1.850000,1.1435454976176431,1.143110893795409
deep0_cusp_mgga_3x16,deep_cusp_mgga_3x16,fx,,0,1.875000,1.1429677314239266,1.1423500444547745
deep0_cusp_mgga_3x16,deep_cusp_mgga_3x16,fx,,0,1.900000,1.1424156319164924,1.1415860766838877
deep0_cusp_mgga_3x16,deep_cusp_mgga_3x16,fx,,0,1.925000,1.1418883912630426,1.1408191393564204
deep0_cusp_mgga_3x16,deep_cusp_mgga_3x16,fx,,0,1.950000,1.1413848373587399,1.14004937663413
deep0_cusp_mgga_3x16,deep_cusp_mgga_3x16,fx,,0,1.975000,1.1409035180853675,1.139276928114168
deep0_cusp_mgga_3x16,deep_cusp_mgga_3x16,fx,,0,2.000000,1.1404427796840746,1.1385019289723721
deep0_cusp_mgga_3x16,deep_cusp_mgga_3x16,fx,,0,2.025000,1.140000836948127,1.1377245101025515
deep0_cusp_mgga_3x16,deep_cusp_mgga_3x16,fx,,0,2.050000,1.1395758339450608,1.1369447982517829
deep0_cusp_mgga_3x16,deep_cusp_mgga_3x16,fx,,0,2.075000,1.1391658948156487,1.1361629161517686
deep0_cusp_mgga_3x16,deep_cusp_mgga_3x16,fx,,0,2.100000,1.1387691648429208,1.135378982646293
deep0_cusp_mgga_3x16,deep_cusp_mgga_3x16,fx,,0,2.125000,1.1383838424403538,1.134593112814844
deep0_cusp_mgga_3x16,deep_cusp_mgga_3x16,fx,,0,2.150000,1.1380082029948593,1.1338054180924624
deep0_cusp_mgga_3x16,deep_cusp_mgga_3x16,fx,,0,2.175000,1.137640615647262,1.1330160063858914
deep0_cusp_mgga_3x16,deep_cusp_mgga_3x16,fx,,0,2.200000,1.1372795541331093,1.132224982186104
deep0_cusp_mgga_3x16,deep_cusp_mgga_3x16,fx,,0,2.225000,1.1369236027706784,1.1314324466772876
deep0_cusp_mgga_3x16,deep_cusp_mgga_3x16,fx,,0,2.250000,1.136571458597598,1.1306384978423718
deep0_cusp_mgga_3x16,deep_cusp_mgga_3x16,fx,,0,2.275000,1.1362219305440389,1.1298432305651835
deep0_cusp_mgga_3x16,deep_cusp_mgga_3x16,fx,,0,2.300000,1.1358739364051689,1.1290467367293173
deep0_cusp_mgga_3x16,deep_cusp_mgga_3x16,fx,,0,2.325000,1.1355264982499895,1.1282491053138093
deep0_cusp_mgga_3x16,deep_cusp_mgga_3x16,fx,,0,2.350000,1.1351787367853403,1.1274504224857038
deep0_cusp_mgga_3x16,deep_cusp_mgga_3x16,fx,,0,2.375000,1.1348298650871576,1.1266507716896004
deep0_cusp_mgga_3x16,deep_cusp_mgga_3x16,fx,,0,2.400000,1.134479182018159,1.1258502337342684
deep0_cusp_mgga_3x16,deep_cusp_mgga_3x16,fx,,0,2.425000,1.1341260655724672,1.1250488868764206
deep0_cusp_mgga_3x16,deep_cusp_mgga_3x16,fx,,0,2.450000,1.1337699663227556,1.1242468069017264
deep0_cusp_mgga_3x16,deep_cusp_mgga_3x16,fx,,0,2.475000,1.1334104010930854,1.1234440672031538
deep0_cusp_mgga_3x16,deep_cusp_mgga_3x16,fx,,0,2.500000,1.1330469469392344,1.1226407388567223
deep0_cusp_mgga_3x16,deep_cusp_mgga_3x16,fx,,0,2.525000,1.1326792354863446,1.1218368906947505
deep0_cusp_mgga_3x16,deep_cusp_mgga_3x16,fx,,0,2.550000,1.1323069476496195,1.1210325893766737
deep0_cusp_mgga_3x16,deep_cusp_mgga_3x16,fx,,0,2.575000,1.1319298087460845,1.1202278994575188
deep0_cusp_mgga_3x16,deep_cusp_mgga_3x16,fx,,0,2.600000,1.1315475839928313,1.119422883454104
deep0_cusp_mgga_3x16,deep_cusp_mgga_3x16,fx,,0,2.625000,1.1311600743785843,1.1186176019090446
deep0_cusp_mgga_3x16,deep_cusp_mgga_3x16,fx,,0,2.650000,1.1307671128899035,1.1178121134526344
deep0_cusp_mgga_3x16,deep_cusp_mgga_3x16,fx,,0,2.675000,1.1303685610701546,1.1170064748626771
deep0_cusp_mgga_3x16,deep_cusp_mgga_3x16,fx,,0,2.700000,1.1299643058878666,1.1162007411223307
deep0_cusp_mgga_3x16,deep_cusp_mgga_3x16,fx,,0,2.725000,1.1295542568908035,1.1153949654760382
deep0_cusp_mgga_3x16,deep_cusp_mgga_3x16,fx,,0,2.750000,1.1291383436226226,1.1145891994836064
deep0_cusp_mgga_3x16,deep_cusp_mgga_3x16,fx,,0,2.775000,1.1287165132800485,1.113783493072495
deep0_cusp_mgga_3x16,deep_cusp_mgga_3x16,fx,,0,2.800000,1.1282887285899084,1.1129778945883795
deep0_cusp_mgga_3x16,deep_cusp_mgga_3x16,fx,,0,2.825000,1.1278549658869055,1.112172450844045
deep0_cusp_mgga_3x16,deep_cusp_mgga_3x16,fx,,0,2.850000,1.12741521337463,1.111367207166669
deep0_cusp_mgga_3x16,deep_cusp_mgga_3x16,fx,,0,2.875000,1.1269694695538683,1.1105622074435488
deep0_cusp_mgga_3x16,deep_cusp_mgga_3x16,fx,,0,2.900000,1.1265177418037655,1.1097574941663262
deep0_cusp_mgga_3x16,deep_cusp_mgga_3x16,fx,,0,2.925000,1.1260600451027838,1.1089531084737612
deep0_cusp_mgga_3x16,deep_cusp_mgga_3x16,fx,,0,2.950000,1.1255964008776433,1.1081490901931075
deep0_cusp_mgga_3x16,deep_cusp_mgga_3x16,fx,,0,2.975000,1.125126835969565,1.1073454778801328
deep0_cusp_mgga_3x16,deep_cusp_mgga_3x16,fx,,0,3.000000,1.1246513817081312,1.1065423088578359
deep0_cusp_mgga_3x16,deep_cusp_mgga_3x16,fx,,0,3.025000,1.1241700730839523,1.105739619253904
deep0_cusp_mgga_3x16,deep_cusp_mgga_3x16,fx,,0,3.050000,1.1236829480120956,1.1049374440369497
deep0_cusp_mgga_3x16,deep_cusp_mgga_3x16,fx,,0,3.075000,1.1231900466789055,1.104135817051578
deep0_cusp_mgga_3x16,deep_cusp_mgga_3x16,fx,,0,3.100000,1.1226914109654222,1.1033347710523163
deep0_cusp_mgga_3x16,deep_cusp_mgga_3x16,fx,,0,3.125000,1.122187083941119,1.1025343377364487
deep0_cusp_mgga_3x16,deep_cusp_mgga_3x16,fx,,0,3.150000,1.1216771094221294,1.1017345477757954
deep0_cusp_mgga_3x16,deep_cusp_mgga_3x16,fx,,0,3.175000,1.121161531588527,1.1009354308474695
deep0_cusp_mgga_3x16,deep_cusp_mgga_3x16,fx,,0,3.200000,1.1206403946555863,1.1001370156636485
deep0_cusp_mgga_3x16,deep_cusp_mgga_3x16,fx,,0,3.225000,1.120113742594257,1.0993393300003946
deep0_cusp_mgga_3x16,deep_cusp_mgga_3x16,fx,,0,3.250000,1.119581618896403,1.0985424007255535
deep0_cusp_mgga_3x16,deep_cusp_mgga_3x16,fx,,0,3.275000,1.1190440663806072,1.0977462538257692
deep0_cusp_mgga_3x16,deep_cusp_mgga_3x16,fx,,0,3.300000,1.1185011270346095,1.0969509144326373
deep0_cusp_mgga_3x16,deep_cusp_mgga_3x16,fx,,0,3.325000,1.1179528418906914,1.0961564068480345
deep0_cusp_mgga_3x16,deep_cusp_mgga_3x16,fx,,0,3.350000,1.1173992509305395,1.0953627545686442
deep0_cusp_mgga_3x16,deep_cusp_mgga_3x16,fx,,0,3.375000,1.1168403930163553,1.094569980309713
deep0_cusp_mgga_3x16,deep_cusp_mgga_3x16,fx,,0,3.400000,1.1162763058451837,1.0937781060280596
deep0_cusp_mgga_3x16,deep_cusp_mgga_3x16,fx,,0,3.425000,1.1157070259236488,1.0929871529443604
deep0_cusp_mgga_3x16,deep_cusp_mgga_3x16,fx,,0,3.450000,1.1151325885604815,1.0921971415647445
deep0_cusp_mgga_3x16,deep_cusp_mgga_3x16,fx,,0,3.475000,1.1145530278744216,1.091408091701708
deep0_cusp_mgga_3x16,deep_cusp_mgga_3x16,fx,,0,3.500000,1.113968376815269,1.090620022494385
deep0_cusp_mgga_3x16,deep_cusp_mgga_3x16,fx,,0,3.525000,1.1133786671960402,1.0898329524281853
deep0_cusp_mgga_3x16,deep_cusp_mgga_3x16,fx,,0,3.550000,1.1127839297343618,1.089046899353828
deep0_cusp_mgga_3x16,deep_cusp_mgga_3x16,fx,,0,3.575000,1.1121841941014092,1.088261880505785
deep0_cusp_mgga_3x16,deep_cusp_mgga_3x16,fx,,0,3.600000,1.1115794889768527,1.08747791252016
deep0_cusp_mgga_3x16,deep_cusp_mgga_3x16,fx,,0,3.625000,1.110969842108433,1.0866950114520173
deep0_cusp_mgga_3x16,deep_cusp_mgga_3x16,fx,,0,3.650000,1.1103552803749404,1.085913192792181
deep0_cusp_mgga_3x16,deep_cusp_mgga_3x16,fx,,0,3.675000,1.1097358298514968,1.0851324714835215
deep0_cusp_mgga_3x16,deep_cusp_mgga_3x16,fx,,0,3.700000,1.1091115158761862,1.084352861936746
deep0_cusp_mgga_3x16,deep_cusp_mgga_3x16,fx,,0,3.725000,1.1084823631171878,1.08357437804571
deep0_cusp_mgga_3x16,deep_cusp_mgga_3x16,fx,,0,3.750000,1.1078483956396872,1.0827970332022658
deep0_cusp_mgga_3x16,deep_cusp_mgga_3x16,fx,,0,3.775000,1.1072096369719422,1.0820208403106608
deep0_cusp_mgga_3x16,deep_cusp_mgga_3x16,fx,,0,3.800000,1.1065661101699769,1.081245811801505
deep0_cusp_mgga_3x16,deep_cusp_mgga_3x16,fx,,0,3.825000,1.1059178378804673,1.0804719596453165
deep0_cusp_mgga_3x16,deep_cusp_mgga_3x16,fx,,0,3.850000,1.105264842401454,1.0796992953656632
deep0_cusp_mgga_3x16,deep_cusp_mgga_3x16,fx,,0,3.875000,1.1046071457406035,1.0789278300519098
deep0_cusp_mgga_3x16,deep_cusp_mgga_3x16,fx,,0,3.900000,1.1039447696707876,1.0781575743715874
deep0_cusp_mgga_3x16,deep_cusp_mgga_3x16,fx,,0,3.925000,1.1032777357828232,1.0773885385823938
deep0_cusp_mgga_3x16,deep_cusp_mgga_3x16,fx,,0,3.950000,1.1026060655352532,1.076620732543838
deep0_cusp_mgga_3x16,deep_cusp_mgga_3x16,fx,,0,3.975000,1.1019297803011041,1.0758541657285416
deep0_cusp_mgga_3x16,deep_cusp_mgga_3x16,fx,,0,4.000000,1.1012489014115874,1.0750888472332067
deep0_cusp_mgga_3x16,deep_cusp_mgga_3x16,fx,,0,4.025000,1.1005634501967456,1.0743247857892602
deep0_cusp_mgga_3x16,deep_cusp_mgga_3x16,fx,,0,4.050000,1.0998734480230814,1.0735619897731867
deep0_cusp_mgga_3x16,deep_cusp_mgga_3x16,fx,,0,4.075000,1.099178916328218,1.0728004672165588
deep0_cusp_mgga_3x16,deep_cusp_mgga_3x16,fx,,0,4.100000,1.098479876652667,1.0720402258157746
deep0_cusp_mgga_3x16,deep_cusp_mgga_3x16,fx,,0,4.125000,1.0977763506688016,1.0712812729415127
deep0_cusp_mgga_3x16,deep_cusp_mgga_3x16,fx,,0,4.150000,1.0970683602071245,1.0705236156479097
deep0_cusp_mgga_3x16,deep_cusp_mgga_3x16,fx,,0,4.175000,1.0963559272799628,1.069767260681476
deep0_cusp_mgga_3x16,deep_cusp_mgga_3x16,fx,,0,4.200000,1.0956390741026902,1.0690122144897514
deep0_cusp_mgga_3x16,deep_cusp_mgga_3x16,fx,,0,4.225000,1.0949178231126175,1.0682584832297097
deep0_cusp_mgga_3x16,deep_cusp_mgga_3x16,fx,,0,4.250000,1.0941921969856698,1.0675060727759265
deep0_cusp_mgga_3x16,deep_cusp_mgga_3x16,fx,,0,4.275000,1.0934622186509821,1.066754988728507
deep0_cusp_mgga_3x16,deep_cusp_mgga_3x16,fx,,0,4.300000,1.0927279113035404,1.0660052364207921
deep0_cusp_mgga_3x16,deep_cusp_mgga_3x16,fx,,0,4.325000,1.0919892984149993,1.0652568209268407
deep0_cusp_mgga_3x16,deep_cusp_mgga_3x16,fx,,0,4.350000,1.0912464037427925,1.0645097470687008
deep0_cusp_mgga_3x16,deep_cusp_mgga_3x16,fx,,0,4.375000,1.0904992513376621,1.0637640194234734
deep0_cusp_mgga_3x16,deep_cusp_mgga_3x16,fx,,0,4.400000,1.0897478655497217,1.0630196423301772
deep0_cusp_mgga_3x16,deep_cusp_mgga_3x16,fx,,0,4.425000,1.0889922710331632,1.0622766198964166
deep0_cusp_mgga_3x16,deep_cusp_mgga_3x16,fx,,0,4.450000,1.0882324927497171,1.0615349560048657
deep0_cusp_mgga_3x16,deep_cusp_mgga_3x16,fx,,0,4.475000,1.0874685559709627,1.0607946543195659
deep0_cusp_mgga_3x16,deep_cusp_mgga_3x16,fx,,0,4.500000,1.0867004862795906,1.0600557182920478
deep0_cusp_mgga_3x16,deep_cusp_mgga_3x16,fx,,0,4.525000,1.0859283095697003,1.0593181511672842
deep0_cusp_mgga_3x16,deep_cusp_mgga_3x16,fx,,0,4.550000,1.0851520520462234,1.0585819559894716
deep0_cusp_mgga_3x16,deep_cusp_mgga_3x16,fx,,0,4.575000,1.0843717402235498,1.0578471356076555
deep0_cusp_mgga_3x16,deep_cusp_mgga_3x16,fx,,0,4.600000,1.0835874009234325,1.0571136926811953
deep0_cusp_mgga_3x16,deep_cusp_mgga_3x16,fx,,0,4.625000,1.0827990612722338,1.0563816296850805
deep0_cusp_mgga_3x16,deep_cusp_mgga_3x16,fx,,0,4.650000,1.0820067486975875,1.0556509489150971
deep0_cusp_mgga_3x16,deep_cusp_mgga_3x16,fx,,0,4.675000,1.0812104909245268,1.0549216524928522
deep0_cusp_mgga_3x16,deep_cusp_mgga_3x16,fx,,0,4.700000,1.0804103159711342,1.05419374237066
deep0_cusp_mgga_3x16,deep_cusp_mgga_3x16,fx,,0,4.725000,1.0796062521437741,1.0534672203362934
deep0_cusp_mgga_3x16,deep_cusp_mgga_3x16,fx,,0,4.750000,1.0787983280319324,1.052742088017604
deep0_cusp_mgga_3x16,deep_cusp_mgga_3x16,fx,,0,4.775000,1.0779865725027338,1.0520183468870172
deep0_cusp_mgga_3x16,deep_cusp_mgga_3x16,fx,,0,4.800000,1.0771710146951472,1.0512959982659025
deep0_cusp_mgga_3x16,deep_cusp_mgga_3x16,fx,,0,4.825000,1.0763516840139398,1.0505750433288248
deep0_cusp_mgga_3x16,deep_cusp_mgga_3x16,fx,,0,4.850000,1.075528610123393,1.0498554831076812
deep0_cusp_mgga_3x16,deep_cusp_mgga_3x16,fx,,0,4.875000,1.0747018229408207,1.0491373184957231
deep0_cusp_mgga_3x16,deep_cusp_mgga_3x16,fx,,0,4.900000,1.0738713526299155,1.0484205502514707
deep0_cusp_mgga_3x16,deep_cusp_mgga_3x16,fx,,0,4.925000,1.0730372295939419,1.0477051790025216
deep0_cusp_mgga_3x16,deep_cusp_mgga_3x16,fx,,0,4.950000,1.0721994844688059,1.0469912052492543
deep0_cusp_mgga_3x16,deep_cusp_mgga_3x16,fx,,0,4.975000,1.0713581481160146,1.0462786293684336
deep0_cusp_mgga_3x16,deep_cusp_mgga_3x16,fx,,0,5.000000,1.070513251615551,1.0455674516167188
deep0_cusp_mgga_3x16,deep_cusp_mgga_3x16,fx,,0,5.025000,1.069664826258673,1.0448576721340765
deep0_cusp_mgga_3x16,deep_cusp_mgga_3x16,fx,,0,5.050000,1.0688129035406586,1.0441492909471024
deep0_cusp_mgga_3x16,deep_cusp_mgga_3x16,fx,,0,5.075000,1.0679575151535083,1.0434423079722535
deep0_cusp_mgga_3x16,deep_cusp_mgga_3x16,fx,,0,5.100000,1.067098692978611,1.0427367230189954
deep0_cusp_mgga_3x16,deep_cusp_mgga_3x16,fx,,0,5.125000,1.0662364690793977,1.042032535792863
deep0_cusp_mgga_3x16,deep_cusp_mgga_3x16,fx,,0,5.150000,1.065370875693982,1.0413297458984416
deep0_cusp_mgga_3x16,deep_cusp_mgga_3x16,fx,,0,5.175000,1.064501945227798,1.0406283528422682
deep0_cusp_mgga_3x16,deep_cusp_mgga_3x16,fx,,0,5.200000,1.0636297102462515,1.0399283560356543
deep0_cusp_mgga_3x16,deep_cusp_mgga_3x16,fx,,0,5.225000,1.0627542034673811,1.0392297547974363
deep0_cusp_mgga_3x16,deep_cusp_mgga_3x16,fx,,0,5.250000,1.0618754577545455,1.038532548356651
deep0_cusp_mgga_3x16,deep_cusp_mgga_3x16,fx,,0,5.275000,1.060993506109136,1.0378367358551408
deep0_cusp_mgga_3x16,deep_cusp_mgga_3x16,fx,,0,5.300000,1.0601083816633272,1.0371423163500901
deep0_cusp_mgga_3x16,deep_cusp_mgga_3x16,fx,,0,5.325000,1.0592201176728622,1.0364492888164956
deep0_cusp_mgga_3x16,deep_cusp_mgga_3x16,fx,,0,5.350000,1.0583287475098828,1.0357576521495702
deep0_cusp_mgga_3x16,deep_cusp_mgga_3x16,fx,,0,5.375000,1.0574343046558126,1.0350674051670847
deep0_cusp_mgga_3x16,deep_cusp_mgga_3x16,fx,,0,5.400000,1.056536822694284,1.0343785466116477
deep0_cusp_mgga_3x16,deep_cusp_mgga_3x16,fx,,0,5.425000,1.0556363353041258,1.0336910751529251
deep0_cusp_mgga_3x16,deep_cusp_mgga_3x16,fx,,0,5.450000,1.0547328762524089,1.0330049893898028
deep0_cusp_mgga_3x16,deep_cusp_mgga_3x16,fx,,0,5.475000,1.0538264793875514,1.0323202878524915
deep0_cusp_mgga_3x16,deep_cusp_mgga_3x16,fx,,0,5.500000,1.0529171786324911,1.031636969004577
deep0_cusp_mgga_3x16,deep_cusp_mgga_3x16,fx,,0,5.525000,1.0520050079779213,1.030955031245018
deep0_cusp_mgga_3x16,deep_cusp_mgga_3x16,fx,,0,5.550000,1.051090001475597,1.0302744729100892
deep0_cusp_mgga_3x16,deep_cusp_mgga_3x16,fx,,0,5.575000,1.0501721932317143,1.0295952922752776
deep0_cusp_mgga_3x16,deep_cusp_mgga_3x16,fx,,0,5.600000,1.0492516174003585,1.028917487557126
deep0_cusp_mgga_3x16,deep_cusp_mgga_3x16,fx,,0,5.625000,1.0483283081770298,1.0282410569150302
deep0_cusp_mgga_3x16,deep_cusp_mgga_3x16,fx,,0,5.650000,1.0474022997922459,1.0275659984529908
deep0_cusp_mgga_3x16,deep_cusp_mgga_3x16,fx,,0,5.675000,1.0464736265052181,1.0268923102213159
deep0_cusp_mgga_3x16,deep_cusp_mgga_3x16,fx,,0,5.700000,1.0455423225976122,1.0262199902182847
deep0_cusp_mgga_3x16,deep_cusp_mgga_3x16,fx,,0,5.725000,1.0446084223673853,1.025549036391764
deep0_cusp_mgga_3x16,deep_cusp_mgga_3x16,fx,,0,5.750000,1.0436719601227056,1.024879446640785
deep0_cusp_mgga_3x16,deep_cusp_mgga_3x16,fx,,0,5.775000,1.0427329701759558,1.024211218817078
deep0_cusp_mgga_3x16,deep_cusp_mgga_3x16,fx,,0,5.800000,1.0417914868378175,1.02354435072657
deep0_cusp_mgga_3x16,deep_cusp_mgga_3x16,fx,,0,5.825000,1.0408475444114442,1.0228788401308406
deep0_cusp_mgga_3x16,deep_cusp_mgga_3x16,fx,,0,5.850000,1.0399011771867117,1.0222146847485427
deep0_cusp_mgga_3x16,deep_cusp_mgga_3x16,fx,,0,5.875000,1.038952419434563,1.0215518822567862
deep0_cusp_mgga_3x16,deep_cusp_mgga_3x16,fx,,0,5.900000,1.0380013054014336,1.020890430292485
deep0_cusp_mgga_3x16,deep_cusp_mgga_3x16,fx,,0,5.925000,1.0370478693037672,1.020230326453671
deep0_cusp_mgga_3x16,deep_cusp_mgga_3x16,fx,,0,5.950000,1.0360921453226164,1.0195715683007733
deep0_cusp_mgga_3x16,deep_cusp_mgga_3x16,fx,,0,5.975000,1.035134167598332,1.0189141533578652
deep0_cusp_mgga_3x16,deep_cusp_mgga_3x16,fx,,0,6.000000,1.0341739702253427,1.0182580791138793
deep0_cusp_mgga_3x16,deep_cusp_mgga_3x16,fx,,1,0.000000,0.9999999999999999,1.0
deep0_cusp_mgga_3x16,deep_cusp_mgga_3x16,fx,,1,0.025000,1.0000096048606746,1.000077126015428
deep0_cusp_mgga_3x16,deep_cusp_mgga_3x16,fx,,1,0.050000,1.000075789604674,1.0003080874041483
deep0_cusp_mgga_3x16,deep_cusp_mgga_3x16,fx,,1,0.075000,1.0002519088657977,1.0006916018297418
deep0_cusp_mgga_3x16,deep_cusp_mgga_3x16,fx,,1,0.100000,1.0005868301727583,1.00122537363987
deep0_cusp_mgga_3x16,deep_cusp_mgga_3x16,fx,,1,0.125000,1.0011234551736228,1.0019058340763338
deep0_cusp_mgga_3x16,deep_cusp_mgga_3x16,fx,,1,0.150000,1.001896888008442,1.002727928117751
deep0_cusp_mgga_3x16,deep_cusp_mgga_3x16,fx,,1,0.175000,1.0029323404540378,1.0036850322250028
deep0_cusp_mgga_3x16,deep_cusp_mgga_3x16,fx,,1,0.200000,1.0042428326333166,1.004768972960261
deep0_cusp_mgga_3x16,deep_cusp_mgga_3x16,fx,,1,0.225000,1.0058267029164876,1.005970101642073
deep0_cusp_mgga_3x16,deep_cusp_mgga_3x16,fx,,1,0.250000,1.007664884902768,1.0072774039220882
deep0_cusp_mgga_3x16,deep_cusp_mgga_3x16,fx,,1,0.275000,1.009717873638116,1.0086786420382468
deep0_cusp_mgga_3x16,deep_cusp_mgga_3x16,fx,,1,0.300000,1.011922394453737,1.0101605343302198
deep0_cusp_mgga_3x16,deep_cusp_mgga_3x16,fx,,1,0.325000,1.0141882867254013,1.0117089751803436
deep0_cusp_mgga_3x16,deep_cusp_mgga_3x16,fx,,1,0.350000,1.0163975828960394,1.0133092932875567
deep0_cusp_mgga_3x16,deep_cusp_mgga_3x16,fx,,1,0.375000,1.0184108563980787,1.0149465401468651
deep0_cusp_mgga_3x16,deep_cusp_mgga_3x16,fx,,1,0.400000,1.0200899753143466,1.0166057956112062
deep0_cusp_mgga_3x16,deep_cusp_mgga_3x16,fx,,1,0.425000,1.021345790442875,1.0182724743981733
deep0_cusp_mgga_3x16,deep_cusp_mgga_3x16,fx,,1,0.450000,1.0222011004297291,1.0199326166851808
deep0_cusp_mgga_3x16,deep_cusp_mgga_3x16,fx,,1,0.475000,1.0228192976577153,1.0215731473666494
deep0_cusp_mgga_3x16,deep_cusp_mgga_3x16,fx,,1,0.500000,1.023434920638106,1.023182091660349
deep0_cusp_mgga_3x16,deep_cusp_mgga_3x16,fx,,1,0.525000,1.0242132132197637,1.024748738905099
deep0_cusp_mgga_3x16,deep_cusp_mgga_3x16,fx,,1,0.550000,1.025180998090859,1.0262637509070724
deep0_cusp_mgga_3x16,deep_cusp_mgga_3x16,fx,,1,0.575000,1.0262831524620208,1.027719215461434
deep0_cusp_mgga_3x16,deep_cusp_mgga_3x16,fx,,1,0.600000,1.0274507001150746,1.0291086492486752
deep0_cusp_mgga_3x16,deep_cusp_mgga_3x16,fx,,1,0.625000,1.0286164704198113,1.0304269569176834
deep0_cusp_mgga_3x16,deep_cusp_mgga_3x16,fx,,1,0.650000,1.0297166538166584,1.0316703547398254
deep0_cusp_mgga_3x16,deep_cusp_mgga_3x16,fx,,1,0.675000,1.0306960519950707,1.0328362678173069
deep0_cusp_mgga_3x16,deep_cusp_mgga_3x16,fx,,1,0.700000,1.0315134529540402,1.0339232096209783
deep0_cusp_mgga_3x16,deep_cusp_mgga_3x16,fx,,1,0.725000,1.0321562640976585,1.0349306518323131
deep0_cusp_mgga_3x16,deep_cusp_mgga_3x16,fx,,1,0.750000,1.032651258150866,1.0358588912925095
deep0_cusp_mgga_3x16,deep_cusp_mgga_3x16,fx,,1,0.775000,1.0330460207716554,1.0367089195161243
deep0_cusp_mgga_3x16,deep_cusp_mgga_3x16,fx,,1,0.800000,1.033373258498359,1.037482298864651
deep0_cusp_mgga_3x16,deep_cusp_mgga_3x16,fx,,1,0.825000,1.033632145160309,1.0381810482086806
deep0_cusp_mgga_3x16,deep_cusp_mgga_3x16,fx,,1,0.850000,1.0337983903845147,1.0388075398042285
deep0_cusp_mgga_3x16,deep_cusp_mgga_3x16,fx,,1,0.875000,1.03384782976799,1.0393644082017732
deep0_cusp_mgga_3x16,deep_cusp_mgga_3x16,fx,,1,0.900000,1.0337747423140067,1.039854471300772
deep0_cusp_mgga_3x16,deep_cusp_mgga_3x16,fx,,1,0.925000,1.0335970424132035,1.040280663144777
deep0_cusp_mgga_3x16,deep_cusp_mgga_3x16,fx,,1,0.950000,1.0333500659717634,1.040645977699074
deep0_cusp_mgga_3x16,deep_cusp_mgga_3x16,fx,,1,0.975000,1.0330747401593228,1.0409534226356034
deep0_cusp_mgga_3x16,deep_cusp_mgga_3x16,fx,,1,1.000000,1.032806149337975,1.0412059820398643
deep0_cusp_mgga_3x16,deep_cusp_mgga_3x16,fx,,1,1.025000,1.0325663992792244,1.0414065869248033
deep0_cusp_mgga_3x16,deep_cusp_mgga_3x16,fx,,1,1.050000,1.0323628311343678,1.0415580924640704
deep0_cusp_mgga_3x16,deep_cusp_mgga_3x16,fx,,1,1.075000,1.0321904591874864,1.04166326092239
deep0_cusp_mgga_3x16,deep_cusp_mgga_3x16,fx,,1,1.100000,1.032036564246239,1.041724749349034
deep0_cusp_mgga_3x16,deep_cusp_mgga_3x16,fx,,1,1.125000,1.0318854927622478,1.0417451012001402
deep0_cusp_mgga_3x16,deep_cusp_mgga_3x16,fx,,1,1.150000,1.0317224076365714,1.0417267411586144
deep0_cusp_mgga_3x16,deep_cusp_mgga_3x16,fx,,1,1.175000,1.0315355323191537,1.0416719725209855
deep0_cusp_mgga_3x16,deep_cusp_mgga_3x16,fx,,1,1.200000,1.0313170145276231,1.0415829766151044
deep0_cusp_mgga_3x16,deep_cusp_mgga_3x16,fx,,1,1.225000,1.031062812523467,1.0414618137989569
deep0_cusp_mgga_3x16,deep_cusp_mgga_3x16,fx,,1,1.250000,1.030772038305657,1.0413104256679637
deep0_cusp_mgga_3x16,deep_cusp_mgga_3x16,fx,,1,1.275000,1.0304460984425252,1.0411306381657643
deep0_cusp_mgga_3x16,deep_cusp_mgga_3x16,fx,,1,1.300000,1.030087851245756,1.0409241653518562
deep0_cusp_mgga_3x16,deep_cusp_mgga_3x16,fx,,1,1.325000,1.0297008963172745,1.0406926136291317
deep0_cusp_mgga_3x16,deep_cusp_mgga_3x16,fx,,1,1.350000,1.029289040771089,1.040437486276089
deep0_cusp_mgga_3x16,deep_cusp_mgga_3x16,fx,,1,1.375000,1.0288559417488998,1.0401601881631057
deep0_cusp_mgga_3x16,deep_cusp_mgga_3x16,fx,,1,1.400000,1.0284049002863105,1.0398620305604855
deep0_cusp_mgga_3x16,deep_cusp_mgga_3x16,fx,,1,1.425000,1.0279387711927503,1.03954423596885
deep0_cusp_mgga_3x16,deep_cusp_mgga_3x16,fx,,1,1.450000,1.027459952646287,1.0392079429206125
deep0_cusp_mgga_3x16,deep_cusp_mgga_3x16,fx,,1,1.475000,1.0269704238168496,1.0388542107154195
deep0_cusp_mgga_3x16,deep_cusp_mgga_3x16,fx,,1,1.500000,1.0264718059755786,1.0384840240632753
deep0_cusp_mgga_3x16,deep_cusp_mgga_3x16,fx,,1,1.525000,1.0259654300632828,1.0380982976170656
deep0_cusp_mgga_3x16,deep_cusp_mgga_3x16,fx,,1,1.550000,1.0254524002816936,1.0376978803819894
deep0_cusp_mgga_3x16,deep_cusp_mgga_3x16,fx,,1,1.575000,1.0249336483615084,1.0372835599933328
deep0_cusp_mgga_3x16,deep_cusp_mgga_3x16,fx,,1,1.600000,1.0244099766779695,1.0368560668565787
deep0_cusp_mgga_3x16,deep_cusp_mgga_3x16,fx,,1,1.625000,1.0238820905409012,1.0364160781453278
deep0_cusp_mgga_3x16,deep_cusp_mgga_3x16,fx,,1,1.650000,1.0233506211094996,1.0359642216532339
deep0_cusp_mgga_3x16,deep_cusp_mgga_3x16,fx,,1,1.675000,1.0228161408039946,1.0355010794964032
deep0_cusp_mgga_3x16,deep_cusp_mgga_3x16,fx,,1,1.700000,1.0222791730837555,1.0350271916626659
deep0_cusp_mgga_3x16,deep_cusp_mgga_3x16,fx,,1,1.725000,1.0217401982385828,1.0345430594039822
deep0_cusp_mgga_3x16,deep_cusp_mgga_3x16,fx,,1,1.750000,1.021199656531604,1.0340491484681429
deep0_cusp_mgga_3x16,deep_cusp_mgga_3x16,fx,,1,1.775000,1.02065794971787,1.0335458921659484
deep0_cusp_mgga_3x16,deep_cusp_mgga_3x16,fx,,1,1.800000,1.0201154416828822,1.0330336942702585
deep0_cusp_mgga_3x16,deep_cusp_mgga_3x16,fx,,1,1.825000,1.019572458715406,1.0325129317437718
deep0_cusp_mgga_3x16,deep_cusp_mgga_3x16,fx,,1,1.850000,1.0190292897504485,1.03198395729307
deep0_cusp_mgga_3x16,deep_cusp_mgga_3x16,fx,,1,1.875000,1.018486186785637,1.0314471017473676
deep0_cusp_mgga_3x16,deep_cusp_mgga_3x16,fx,,1,1.900000,1.0179433655793035,1.0309026762615185
deep0_cusp_mgga_3x16,deep_cusp_mgga_3x16,fx,,1,1.925000,1.0174010066731263,1.0303509743440518
deep0_cusp_mgga_3x16,deep_cusp_mgga_3x16,fx,,1,1.950000,1.01685925673882,1.0297922737123535
deep0_cusp_mgga_3x16,deep_cusp_mgga_3x16,fx,,1,1.975000,1.016318230221203,1.0292268379784637
deep0_cusp_mgga_3x16,deep_cusp_mgga_3x16,fx,,1,2.000000,1.0157780112342871,1.0286549181702986
deep0_cusp_mgga_3x16,deep_cusp_mgga_3x16,fx,,1,2.025000,1.0152386556593656,1.0280767540943783
deep0_cusp_mgga_3x16,deep_cusp_mgga_3x16,fx,,1,2.050000,1.0147001933918454,1.027492575547279
deep0_cusp_mgga_3x16,deep_cusp_mgga_3x16,fx,,1,2.075000,1.0141626306849074,1.0269026033840367
deep0_cusp_mgga_3x16,deep_cusp_mgga_3x16,fx,,1,2.100000,1.0136259525416578,1.0263070504525307
deep0_cusp_mgga_3x16,deep_cusp_mgga_3x16,fx,,1,2.125000,1.0130901251123532,1.0257061224035078
deep0_cusp_mgga_3x16,deep_cusp_mgga_3x16,fx,,1,2.150000,1.0125550980588365,1.025100018386322
deep0_cusp_mgga_3x16,deep_cusp_mgga_3x16,fx,,1,2.175000,1.012020806854107,1.0244889316406927
deep0_cusp_mgga_3x16,deep_cusp_mgga_3x16,fx,,1,2.200000,1.0114871749906489,1.0238730499948074
deep0_cusp_mgga_3x16,deep_cusp_mgga_3x16,fx,,1,2.225000,1.01095411607655,1.0232525562799633
deep0_cusp_mgga_3x16,deep_cusp_mgga_3x16,fx,,1,2.250000,1.0104215358034592,1.0226276286716498
deep0_cusp_mgga_3x16,deep_cusp_mgga_3x16,fx,,1,2.275000,1.0098893337749493,1.0219984409665455
deep0_cusp_mgga_3x16,deep_cusp_mgga_3x16,fx,,1,2.300000,1.0093574051878949,1.0213651628043778
deep0_cusp_mgga_3x16,deep_cusp_mgga_3x16,fx,,1,2.325000,1.0088256423629651,1.0207279598429906
deep0_cusp_mgga_3x16,deep_cusp_mgga_3x16,fx,,1,2.350000,1.0082939361233585,1.0200869938942942
deep0_cusp_mgga_3x16,deep_cusp_mgga_3x16,fx,,1,2.375000,1.0077621770234304,1.019442423028072
deep0_cusp_mgga_3x16,deep_cusp_mgga_3x16,fx,,1,2.400000,1.0072302564309557,1.0187944016499157
deep0_cusp_mgga_3x16,deep_cusp_mgga_3x16,fx,,1,2.425000,1.006698067468461,1.0181430805588372
deep0_cusp_mgga_3x16,deep_cusp_mgga_3x16,fx,,1,2.450000,1.0061655058203627,1.0174886069894218
deep0_cusp_mgga_3x16,deep_cusp_mgga_3x16,fx,,1,2.475000,1.0056324704136634,1.0168311246427255
deep0_cusp_mgga_3x16,deep_cusp_mgga_3x16,fx,,1,2.500000,1.0050988639806377,1.0161707737094865
deep0_cusp_mgga_3x16,deep_cusp_mgga_3x16,fx,,1,2.525000,1.0045645935124092,1.0155076908886551
deep0_cusp_mgga_3x16,deep_cusp_mgga_3x16,fx,,1,2.550000,1.0040295706125577,1.0148420094037067
deep0_cusp_mgga_3x16,deep_cusp_mgga_3x16,fx,,1,2.575000,1.0034937117599543,1.014173859018729
deep0_cusp_mgga_3x16,deep_cusp_mgga_3x16,fx,,1,2.600000,1.0029569384899226,1.0135033660558517
deep0_cusp_mgga_3x16,deep_cusp_mgga_3x16,fx,,1,2.625000,1.0024191775026268,1.0128306534152085
deep0_cusp_mgga_3x16,deep_cusp_mgga_3x16,fx,,1,2.650000,1.0018803607072437,1.012155840598302
deep0_cusp_mgga_3x16,deep_cusp_mgga_3x16,fx,,1,2.675000,1.0013404252101177,1.0114790437353596
deep0_cusp_mgga_3x16,deep_cusp_mgga_3x16,fx,,1,2.700000,1.00079931325461,1.0108003756170394
deep0_cusp_mgga_3x16,deep_cusp_mgga_3x16,fx,,1,2.725000,1.0002569721198904,1.0101199457306476
deep0_cusp_mgga_3x16,deep_cusp_mgga_3x16,fx,,1,2.750000,0.9997133539853759,1.0094378603008718
deep0_cusp_mgga_3x16,deep_cusp_mgga_3x16,fx,,1,2.775000,0.9991684157670085,1.0087542223349104
deep0_cusp_mgga_3x16,deep_cusp_mgga_3x16,fx,,1,2.800000,0.9986221189310033,1.008069131671777
deep0_cusp_mgga_3x16,deep_cusp_mgga_3x16,fx,,1,2.825000,0.9980744292901729,1.0073826850354866
deep0_cusp_mgga_3x16,deep_cusp_mgga_3x16,fx,,1,2.850000,0.9975253167874204,1.0066949760917798
deep0_cusp_mgga_3x16,deep_cusp_mgga_3x16,fx,,1,2.875000,0.9969747552704631,1.0060060955080066
deep0_cusp_mgga_3x16,deep_cusp_mgga_3x16,fx,,1,2.900000,0.9964227222613941,1.005316131015764
deep0_cusp_mgga_3x16,deep_cusp_mgga_3x16,fx,,1,2.925000,0.9958691987242048,1.004625167475888
deep0_cusp_mgga_3x16,deep_cusp_mgga_3x16,fx,,1,2.950000,0.9953141688329796,1.0039332869453925
deep0_cusp_mgga_3x16,deep_cusp_mgga_3x16,fx,,1,2.975000,0.9947576197430613,1.0032405687459562
deep0_cusp_mgga_3x16,deep_cusp_mgga_3x16,fx,,1,3.000000,0.9941995413671249,1.0025470895335853
deep0_cusp_mgga_3x16,deep_cusp_mgga_3x16,fx,,1,3.025000,0.993639926157747,1.001852923369092
deep0_cusp_mgga_3x16,deep_cusp_mgga_3x16,fx,,1,3.050000,0.9930787688977621,1.0011581417890496
deep0_cusp_mgga_3x16,deep_cusp_mgga_3x16,fx,,1,3.075000,0.9925160664994125,1.0004628138769258
deep0_cusp_mgga_3x16,deep_cusp_mgga_3x16,fx,,1,3.100000,0.9919518178130449,0.9997670063341002
deep0_cusp_mgga_3x16,deep_cusp_mgga_3x16,fx,,1,3.125000,0.9913860234459004,0.9990707835505201
deep0_cusp_mgga_3x16,deep_cusp_mgga_3x16,fx,,1,3.150000,0.990818685591333,0.9983742076747646
deep0_cusp_mgga_3x16,deep_cusp_mgga_3x16,fx,,1,3.175000,0.9902498078686414,0.9976773386833117
deep0_cusp_mgga_3x16,deep_cusp_mgga_3x16,fx,,1,3.200000,0.9896793951735378,0.9969802344488408
deep0_cusp_mgga_3x16,deep_cusp_mgga_3x16,fx,,1,3.225000,0.9891074535391666,0.996282950807408
deep0_cusp_mgga_3x16,deep_cusp_mgga_3x16,fx,,1,3.250000,0.9885339900074724,0.9955855416243745
deep0_cusp_mgga_3x16,deep_cusp_mgga_3x16,fx,,1,3.275000,0.987959012510642,0.9948880588589714
deep0_cusp_mgga_3x16,deep_cusp_mgga_3x16,fx,,1,3.300000,0.9873825297622687,0.9941905526274198
deep0_cusp_mgga_3x16,deep_cusp_mgga_3x16,fx,,1,3.325000,0.986804551157837,0.9934930712645277
deep0_cusp_mgga_3x16,deep_cusp_mgga_3x16,fx,,1,3.350000,0.9862250866840857,0.9927956613837123
deep0_cusp_mgga_3x16,deep_cusp_mgga_3x16,fx,,1,3.375000,0.985644146836778,0.9920983679354076
deep0_cusp_mgga_3x16,deep_cusp_mgga_3x16,fx,,1,3.400000,0.9850617425463879,0.9914012342638262
deep0_cusp_mgga_3x16,deep_cusp_mgga_3x16,fx,,1,3.425000,0.9844778851112039,0.9907043021620617
deep0_cusp_mgga_3x16,deep_cusp_mgga_3x16,fx,,1,3.450000,0.98389258613735,0.9900076119255249
deep0_cusp_mgga_3x16,deep_cusp_mgga_3x16,fx,,1,3.475000,0.9833058574852186,0.9893112024037166
deep0_cusp_mgga_3x16,deep_cusp_mgga_3x16,fx,,1,3.500000,0.9827177112218375,0.9886151110503455
deep0_cusp_mgga_3x16,deep_cusp_mgga_3x16,fx,,1,3.525000,0.9821281595786893,0.9879193739718123
deep0_cusp_mgga_3x16,deep_cusp_mgga_3x16,fx,,1,3.550000,0.9815372149145224,0.9872240259740784
deep0_cusp_mgga_3x16,deep_cusp_mgga_3x16,fx,,1,3.575000,0.9809448896827236,0.9865291006079477
deep0_cusp_mgga_3x16,deep_cusp_mgga_3x16,fx,,1,3.600000,0.9803511964028289,0.9858346302127938
deep0_cusp_mgga_3x16,deep_cusp_mgga_3x16,fx,,1,3.625000,0.9797561476357808,0.9851406459587677
deep0_cusp_mgga_3x16,deep_cusp_mgga_3x16,fx,,1,3.650000,0.979159755962562,0.9844471778875169
deep0_cusp_mgga_3x16,deep_cusp_mgga_3x16,fx,,1,3.675000,0.9785620339658613,0.9837542549514634
deep0_cusp_mgga_3x16,deep_cusp_mgga_3x16,fx,,1,3.700000,0.9779629942144457,0.9830619050516752
deep0_cusp_mgga_3x16,deep_cusp_mgga_3x16,fx,,1,3.725000,0.9773626492499472,0.9823701550743712
deep0_cusp_mgga_3x16,deep_cusp_mgga_3x16,fx,,1,3.750000,0.9767610115757848,0.9816790309261079
deep0_cusp_mgga_3x16,deep_cusp_mgga_3x16,fx,,1,3.775000,0.976158093647975,0.9809885575676817
deep0_cusp_mgga_3x16,deep_cusp_mgga_3x16,fx,,1,3.800000,0.9755539078675963,0.9802987590467975
deep0_cusp_mgga_3x16,deep_cusp_mgga_3x16,fx,,1,3.825000,0.9749484665747039,0.979609658529538
deep0_cusp_mgga_3x16,deep_cusp_mgga_3x16,fx,,1,3.850000,0.9743417820435,0.9789212783306785
deep0_cusp_mgga_3x16,deep_cusp_mgga_3x16,fx,,1,3.875000,0.9737338664785946,0.9782336399428906
deep0_cusp_mgga_3x16,deep_cusp_mgga_3x16,fx,,1,3.900000,0.9731247320122016,0.9775467640648684
deep0_cusp_mgga_3x16,deep_cusp_mgga_3x16,fx,,1,3.925000,0.9725143907021262,0.9768606706284232
deep0_cusp_mgga_3x16,deep_cusp_mgga_3x16,fx,,1,3.950000,0.9719028545304355,0.9761753788245814
deep0_cusp_mgga_3x16,deep_cusp_mgga_3x16,fx,,1,3.975000,0.9712901354026896,0.9754909071287219
deep0_cusp_mgga_3x16,deep_cusp_mgga_3x16,fx,,1,4.000000,0.9706762451476452,0.9748072733247942
deep0_cusp_mgga_3x16,deep_cusp_mgga_3x16,fx,,1,4.025000,0.9700611955173438,0.9741244945286455
deep0_cusp_mgga_3x16,deep_cusp_mgga_3x16,fx,,1,4.050000,0.9694449981875147,0.9734425872104977
deep0_cusp_mgga_3x16,deep_cusp_mgga_3x16,fx,,1,4.075000,0.9688276647582224,0.9727615672166016
deep0_cusp_mgga_3x16,deep_cusp_mgga_3x16,fx,,1,4.100000,0.9682092067547056,0.9720814497901045
deep0_cusp_mgga_3x16,deep_cusp_mgga_3x16,fx,,1,4.125000,0.9675896356283623,0.9714022495911578
deep0_cusp_mgga_3x16,deep_cusp_mgga_3x16,fx,,1,4.150000,0.9669689627578355,0.970723980716298
deep0_cusp_mgga_3x16,deep_cusp_mgga_3x16,fx,,1,4.175000,0.9663471994501629,0.9700466567171261
deep0_cusp_mgga_3x16,deep_cusp_mgga_3x16,fx,,1,4.200000,0.9657243569419691,0.9693702906183164
deep0_cusp_mgga_3x16,deep_cusp_mgga_3x16,fx,,1,4.225000,0.9651004464006651,0.9686948949349768
deep0_cusp_mgga_3x16,deep_cusp_mgga_3x16,fx,,1,4.250000,0.9644754789256422,0.968020481689389
deep0_cusp_mgga_3x16,deep_cusp_mgga_3x16,fx,,1,4.275000,0.9638494655494401,0.9673470624271521
deep0_cusp_mgga_3x16,deep_cusp_mgga_3x16,fx,,1,4.300000,0.9632224172388767,0.9666746482327526
deep0_cusp_mgga_3x16,deep_cusp_mgga_3x16,fx,,1,4.325000,0.962594344896126,0.9660032497445823
deep0_cusp_mgga_3x16,deep_cusp_mgga_3x16,fx,,1,4.350000,0.9619652593597424,0.9653328771694288
deep0_cusp_mgga_3x16,deep_cusp_mgga_3x16,fx,,1,4.375000,0.961335171405618,0.9646635402964531
deep0_cusp_mgga_3x16,deep_cusp_mgga_3x16,fx,,1,4.400000,0.9607040917478705,0.9639952485106825
deep0_cusp_mgga_3x16,deep_cusp_mgga_3x16,fx,,1,4.425000,0.9600720310396651,0.9633280108060285
deep0_cusp_mgga_3x16,deep_cusp_mgga_3x16,fx,,1,4.450000,0.9594389998739588,0.9626618357978549
deep0_cusp_mgga_3x16,deep_cusp_mgga_3x16,fx,,1,4.475000,0.9588050087841744,0.9619967317351112
deep0_cusp_mgga_3x16,deep_cusp_mgga_3x16,fx,,1,4.500000,0.958170068244803,0.9613327065120458
deep0_cusp_mgga_3x16,deep_cusp_mgga_3x16,fx,,1,4.525000,0.9575341886719331,0.9606697676795186
deep0_cusp_mgga_3x16,deep_cusp_mgga_3x16,fx,,1,4.550000,0.956897380423714,0.9600079224559257
deep0_cusp_mgga_3x16,deep_cusp_mgga_3x16,fx,,1,4.575000,0.9562596538007483,0.9593471777377519
deep0_cusp_mgga_3x16,deep_cusp_mgga_3x16,fx,,1,4.600000,0.9556210190464259,0.9586875401097654
deep0_cusp_mgga_3x16,deep_cusp_mgga_3x16,fx,,1,4.625000,0.9549814863471949,0.9580290158548668
deep0_cusp_mgga_3x16,deep_cusp_mgga_3x16,fx,,1,4.650000,0.9543410658327729,0.957371610963608
deep0_cusp_mgga_3x16,deep_cusp_mgga_3x16,fx,,1,4.675000,0.9536997675763108,0.9567153311433895
deep0_cusp_mgga_3x16,deep_cusp_mgga_3x16,fx,,1,4.700000,0.9530576015944988,0.9560601818273518
deep0_cusp_mgga_3x16,deep_cusp_mgga_3x16,fx,,1,4.725000,0.9524145778476331,0.9554061681829704
deep0_cusp_mgga_3x16,deep_cusp_mgga_3x16,fx,,1,4.750000,0.9517707062396353,0.9547532951203652
deep0_cusp_mgga_3x16,deep_cusp_mgga_3x16,fx,,1,4.775000,0.951125996618033,0.9541015673003359
deep0_cusp_mgga_3x16,deep_cusp_mgga_3x16,fx,,1,4.800000,0.9504804587739052,0.9534509891421321
deep0_cusp_mgga_3x16,deep_cusp_mgga_3x16,fx,,1,4.825000,0.9498341024417977,0.9528015648309692
deep0_cusp_mgga_3x16,deep_cusp_mgga_3x16,fx,,1,4.850000,0.9491869372996046,0.9521532983252985
deep0_cusp_mgga_3x16,deep_cusp_mgga_3x16,fx,,1,4.875000,0.9485389729684287,0.9515061933638401
deep0_cusp_mgga_3x16,deep_cusp_mgga_3x16,fx,,1,4.900000,0.9478902190124174,0.9508602534723888
deep0_cusp_mgga_3x16,deep_cusp_mgga_3x16,fx,,1,4.925000,0.9472406849385787,0.9502154819703983
deep0_cusp_mgga_3x16,deep_cusp_mgga_3x16,fx,,1,4.950000,0.9465903801965814,0.9495718819773558
deep0_cusp_mgga_3x16,deep_cusp_mgga_3x16,fx,,1,4.975000,0.9459393141785405,0.9489294564189484
deep0_cusp_mgga_3x16,deep_cusp_mgga_3x16,fx,,1,5.000000,0.945287496218794,0.9482882080330374
deep0_cusp_mgga_3x16,deep_cusp_mgga_3x16,fx,,1,5.025000,0.9446349355936655,0.9476481393754367
deep0_cusp_mgga_3x16,deep_cusp_mgga_3x16,fx,,1,5.050000,0.9439816415212254,0.9470092528255126
deep0_cusp_mgga_3x16,deep_cusp_mgga_3x16,fx,,1,5.075000,0.943327623161045,0.9463715505916034
deep0_cusp_mgga_3x16,deep_cusp_mgga_3x16,fx,,1,5.100000,0.9426728896139488,0.9457350347162685
deep0_cusp_mgga_3x16,deep_cusp_mgga_3x16,fx,,1,5.125000,0.9420174499217672,0.9450997070813746
deep0_cusp_mgga_3x16,deep_cusp_mgga_3x16,fx,,1,5.150000,0.9413613130670874,0.9444655694130195
deep0_cusp_mgga_3x16,deep_cusp_mgga_3x16,fx,,1,5.175000,0.9407044879730118,0.9438326232863062
deep0_cusp_mgga_3x16,deep_cusp_mgga_3x16,fx,,1,5.200000,0.9400469835029158,0.9432008701299636
deep0_cusp_mgga_3x16,deep_cusp_mgga_3x16,fx,,1,5.225000,0.9393888084602182,0.9425703112308289
deep0_cusp_mgga_3x16,deep_cusp_mgga_3x16,fx,,1,5.250000,0.9387299715881485,0.9419409477381878
deep0_cusp_mgga_3x16,deep_cusp_mgga_3x16,fx,,1,5.275000,0.9380704815695337,0.9413127806679837
deep0_cusp_mgga_3x16,deep_cusp_mgga_3x16,fx,,1,5.300000,0.9374103470265864,0.9406858109068954
deep0_cusp_mgga_3x16,deep_cusp_mgga_3x16,fx,,1,5.325000,0.9367495765207072,0.9400600392162917
deep0_cusp_mgga_3x16,deep_cusp_mgga_3x16,fx,,1,5.350000,0.9360881785522964,0.9394354662360648
deep0_cusp_mgga_3x16,deep_cusp_mgga_3x16,fx,,1,5.375000,0.9354261615605787,0.9388120924883473
deep0_cusp_mgga_3x16,deep_cusp_mgga_3x16,fx,,1,5.400000,0.9347635339234395,0.9381899183811157
deep0_cusp_mgga_3x16,deep_cusp_mgga_3x16,fx,,1,5.425000,0.9341003039572772,0.9375689442116866
deep0_cusp_mgga_3x16,deep_cusp_mgga_3x16,fx,,1,5.450000,0.9334364799168647,0.9369491701701064
deep0_cusp_mgga_3x16,deep_cusp_mgga_3x16,fx,,1,5.475000,0.9327720699952295,0.9363305963424385
deep0_cusp_mgga_3x16,deep_cusp_mgga_3x16,fx,,1,5.500000,0.9321070823235473,0.9357132227139547
deep0_cusp_mgga_3x16,deep_cusp_mgga_3x16,fx,,1,5.525000,0.9314415249710487,0.9350970491722284
deep0_cusp_mgga_3x16,deep_cusp_mgga_3x16,fx,,1,5.550000,0.9307754059449425,0.9344820755101365
deep0_cusp_mgga_3x16,deep_cusp_mgga_3x16,fx,,1,5.575000,0.9301087331903569,0.9338683014287742
deep0_cusp_mgga_3x16,deep_cusp_mgga_3x16,fx,,1,5.600000,0.929441514590293,0.9332557265402808
deep0_cusp_mgga_3x16,deep_cusp_mgga_3x16,fx,,1,5.625000,0.928773757965594,0.9326443503705826
deep0_cusp_mgga_3x16,deep_cusp_mgga_3x16,fx,,1,5.650000,0.9281054710749342,0.9320341723620569
deep0_cusp_mgga_3x16,deep_cusp_mgga_3x16,fx,,1,5.675000,0.9274366616148189,0.9314251918761152
deep0_cusp_mgga_3x16,deep_cusp_mgga_3x16,fx,,1,5.700000,0.9267673372196049,0.9308174081957138
deep0_cusp_mgga_3x16,deep_cusp_mgga_3x16,fx,,1,5.725000,0.9260975054615325,0.930210820527787
deep0_cusp_mgga_3x16,deep_cusp_mgga_3x16,fx,,1,5.750000,0.9254271738507759,0.9296054280056135
deep0_cusp_mgga_3x16,deep_cusp_mgga_3x16,fx,,1,5.775000,0.9247563498355099,0.9290012296911111
deep0_cusp_mgga_3x16,deep_cusp_mgga_3x16,fx,,1,5.800000,0.9240850408019896,0.9283982245770669
deep0_cusp_mgga_3x16,deep_cusp_mgga_3x16,fx,,1,5.825000,0.9234132540746459,0.9277964115893016
deep0_cusp_mgga_3x16,deep_cusp_mgga_3x16,fx,,1,5.850000,0.9227409969161978,0.9271957895887724
deep0_cusp_mgga_3x16,deep_cusp_mgga_3x16,fx,,1,5.875000,0.9220682765277805,0.926596357373614
deep0_cusp_mgga_3x16,deep_cusp_mgga_3x16,fx,,1,5.900000,0.9213951000490817,0.9259981136811237
deep0_cusp_mgga_3x16,deep_cusp_mgga_3x16,fx,,1,5.925000,0.9207214745585013,0.9254010571896856
deep0_cusp_mgga_3x16,deep_cusp_mgga_3x16,fx,,1,5.950000,0.9200474070733182,0.924805186520644
deep0_cusp_mgga_3x16,deep_cusp_mgga_3x16,fx,,1,5.975000,0.9193729045498737,0.924210500240121
deep0_cusp_mgga_3x16,deep_cusp_mgga_3x16,fx,,1,6.000000,0.9186979738837696,0.9236169968607824
deep0_cusp_mgga_3x16,deep_cusp_mgga_3x16,fc,0.5,0,0.000000,0.3291651749549054,0.3313403504893755
deep0_cusp_mgga_3x16,deep_cusp_mgga_3x16,fc,0.5,0,0.025000,0.32916133143047777,0.3312976492408245
deep0_cusp_mgga_3x16,deep_cusp_mgga_3x16,fc,0.5,0,0.050000,0.3291348440806243,0.3311696771809543
deep0_cusp_mgga_3x16,deep_cusp_mgga_3x16,fc,0.5,0,0.075000,0.3290643383770664,0.3309568282142708
deep0_cusp_mgga_3x16,deep_cusp_mgga_3x16,fc,0.5,0,0.100000,0.3289301668386393,0.33065975502532446
deep0_cusp_mgga_3x16,deep_cusp_mgga_3x16,fc,0.5,0,0.125000,0.32871491923669804,0.3302793634131942
deep0_cusp_mgga_3x16,deep_cusp_mgga_3x16,fc,0.5,0,0.150000,0.3284040258138571,0.3298168044955968
deep0_cusp_mgga_3x16,deep_cusp_mgga_3x16,fc,0.5,0,0.175000,0.32798639008265185,0.3292734649138565
deep0_cusp_mgga_3x16,deep_cusp_mgga_3x16,fc,0.5,0,0.200000,0.32745498389838246,0.32865095520110366
deep0_cusp_mgga_3x16,deep_cusp_mgga_3x16,fc,0.5,0,0.225000,0.32680733737308865,0.3279510965028174
deep0_cusp_mgga_3x16,deep_cusp_mgga_3x16,fc,0.5,0,0.250000,0.3260458609434498,0.32717590586055467
deep0_cusp_mgga_3x16,deep_cusp_mgga_3x16,fc,0.5,0,0.275000,0.3251779469804412,0.32632758028605496
deep0_cusp_mgga_3x16,deep_cusp_mgga_3x16,fc,0.5,0,0.300000,0.3242158134277333,0.3254084798636299
deep0_cusp_mgga_3x16,deep_cusp_mgga_3x16,fc,0.5,0,0.325000,0.32317607103652946,0.3244211101238694
deep0_cusp_mgga_3x16,deep_cusp_mgga_3x16,fc,0.5,0,0.350000,0.32207901720330734,0.32336810393137777
deep0_cusp_mgga_3x16,deep_cusp_mgga_3x16,fc,0.5,0,0.375000,0.320947681288859,0.32225220312386377
deep0_cusp_mgga_3x16,deep_cusp_mgga_3x16,fc,0.5,0,0.400000,0.31980666672139224,0.3210762401299165
deep0_cusp_mgga_3x16,deep_cusp_mgga_3x16,fc,0.5,0,0.425000,0.31868085263766044,0.31984311977881646
deep0_cusp_mgga_3x16,deep_cusp_mgga_3x16,fc,0.5,0,0.450000,0.3175940312709806,0.31855580149843327
deep0_cusp_mgga_3x16,deep_cusp_mgga_3x16,fc,0.5,0,0.475000,0.316567566119344,0.3172172820773531
deep0_cusp_mgga_3x16,deep_cusp_mgga_3x16,fc,0.5,0,0.500000,0.31561915951930875,0.31583057914561896
deep0_cusp_mgga_3x16,deep_cusp_mgga_3x16,fc,0.5,0,0.525000,0.31476181564055916,0.31439871550553894
deep0_cusp_mgga_3x16,deep_cusp_mgga_3x16,fc,0.5,0,0.550000,0.31400307465084065,0.31292470442062886
deep0_cusp_mgga_3x16,deep_cusp_mgga_3x16,fc,0.5,0,0.575000,0.3133445744454113,0.3114115359474975
deep0_cusp_mgga_3x16,deep_cusp_mgga_3x16,fc,0.5,0,0.600000,0.31278196759444654,0.3098621643729093
deep0_cusp_mgga_3x16,deep_cusp_mgga_3x16,fc,0.5,0,0.625000,0.31230518520750516,0.30827949679682304
deep0_cusp_mgga_3x16,deep_cusp_mgga_3x16,fc,0.5,0,0.650000,0.3118990016024654,0.30666638288227216
deep0_cusp_mgga_3x16,deep_cusp_mgga_3x16,fc,0.5,0,0.675000,0.31154382188351293,0.3050256057748015
deep0_cusp_mgga_3x16,deep_cusp_mgga_3x16,fc,0.5,0,0.700000,0.3112165969743521,0.3033598741779992
deep0_cusp_mgga_3x16,deep_cusp_mgga_3x16,fc,0.5,0,0.725000,0.3108917727324909,0.3016718155575726
deep0_cusp_mgga_3x16,deep_cusp_mgga_3x16,fc,0.5,0,0.750000,0.31054220152330303,0.29996397043444967
deep0_cusp_mgga_3x16,deep_cusp_mgga_3x16,fc,0.5,0,0.775000,0.31013997996094234,0.2982387877175273
deep0_cusp_mgga_3x16,deep_cusp_mgga_3x16,fc,0.5,0,0.800000,0.3096572148449408,0.296498621018854
deep0_cusp_mgga_3x16,deep_cusp_mgga_3x16,fc,0.5,0,0.825000,0.30906674904711295,0.2947457258881186
deep0_cusp_mgga_3x16,deep_cusp_mgga_3x16,fc,0.5,0,0.850000,0.3083428915203593,0.29298225789916543
deep0_cusp_mgga_3x16,deep_cusp_mgga_3x16,fc,0.5,0,0.875000,0.307462187619554,0.29121027151871076
deep0_cusp_mgga_3x16,deep_cusp_mgga_3x16,fc,0.5,0,0.900000,0.3064042407408718,0.2894317196863083
deep0_cusp_mgga_3x16,deep_cusp_mgga_3x16,fc,0.5,0,0.925000,0.30515256194081086,0.2876484540347219
deep0_cusp_mgga_3x16,deep_cusp_mgga_3x16,fc,0.5,0,0.950000,0.30369539079848595,0.28586222568102476
deep0_cusp_mgga_3x16,deep_cusp_mgga_3x16,fc,0.5,0,0.975000,0.3020264074939971,0.28407468652077544
deep0_cusp_mgga_3x16,deep_cusp_mgga_3x16,fc,0.5,0,1.000000,0.30014524880155313,0.2822873909603596
deep0_cusp_mgga_3x16,deep_cusp_mgga_3x16,fc,0.5,0,1.025000,0.29805775103379817,0.28050179802586334
deep0_cusp_mgga_3x16,deep_cusp_mgga_3x16,fc,0.5,0,1.050000,0.2957758684091898,0.2787192737905341
deep0_cusp_mgga_3x16,deep_cusp_mgga_3x16,fc,0.5,0,1.075000,0.2933172503731032,0.2769410940668413
deep0_cusp_mgga_3x16,deep_cusp_mgga_3x16,fc,0.5,0,1.100000,0.29070449926201736,0.2751684473132806
deep0_cusp_mgga_3x16,deep_cusp_mgga_3x16,fc,0.5,0,1.125000,0.28796416378611867,0.27340243771025846
deep0_cusp_mgga_3x16,deep_cusp_mgga_3x16,fc,0.5,0,1.150000,0.28512554904088494,0.27164408836358467
deep0_cusp_mgga_3x16,deep_cusp_mgga_3x16,fc,0.5,0,1.175000,0.28221943726423926,0.2698943445982087
deep0_cusp_mgga_3x16,deep_cusp_mgga_3x16,fc,0.5,0,1.200000,0.2792768147935636,0.26815407730881924
deep0_cusp_mgga_3x16,deep_cusp_mgga_3x16,fc,0.5,0,1.225000,0.276327691117484,0.2664240863377366
deep0_cusp_mgga_3x16,deep_cusp_mgga_3x16,fc,0.5,0,1.250000,0.2734000784093237,0.26470510385413837
deep0_cusp_mgga_3x16,deep_cusp_mgga_3x16,fc,0.5,0,1.275000,0.27051917795256597,0.2629977977120472
deep0_cusp_mgga_3x16,deep_cusp_mgga_3x16,fc,0.5,0,1.300000,0.26770679684389753,0.26130277476765973
deep0_cusp_mgga_3x16,deep_cusp_mgga_3x16,fc,0.5,0,1.325000,0.2649809971291128,0.2596205841395056
deep0_cusp_mgga_3x16,deep_cusp_mgga_3x16,fc,0.5,0,1.350000,0.26235596206492007,0.2579517203975876
deep0_cusp_mgga_3x16,deep_cusp_mgga_3x16,fc,0.5,0,1.375000,0.2598420515393327,0.2562966266700757
deep0_cusp_mgga_3x16,deep_cusp_mgga_3x16,fc,0.5,0,1.400000,0.25744601102032694,0.2546556976583169
deep0_cusp_mgga_3x16,deep_cusp_mgga_3x16,fc,0.5,0,1.425000,0.25517129529810445,0.2530292825528789
deep0_cusp_mgga_3x16,deep_cusp_mgga_3x16,fc,0.5,0,1.450000,0.25301846890807544,0.2514176878450953
deep0_cusp_mgga_3x16,deep_cusp_mgga_3x16,fc,0.5,0,1.475000,0.25098564846576865,0.24982118003012163
deep0_cusp_mgga_3x16,deep_cusp_mgga_3x16,fc,0.5,0,1.500000,0.2490689572114556,0.24823998819886675
deep0_cusp_mgga_3x16,deep_cusp_mgga_3x16,fc,0.5,0,1.525000,0.24726296797099656,0.24667430651734645
deep0_cusp_mgga_3x16,deep_cusp_mgga_3x16,fc,0.5,0,1.550000,0.245561116789624,0.24512429659302354
deep0_cusp_mgga_3x16,deep_cusp_mgga_3x16,fc,0.5,0,1.575000,0.24395607518254325,0.24359008972857565
deep0_cusp_mgga_3x16,deep_cusp_mgga_3x16,fc,0.5,0,1.600000,0.24244007394885725,0.24207178906427043
deep0_cusp_mgga_3x16,deep_cusp_mgga_3x16,fc,0.5,0,1.625000,0.2410051756459548,0.2405694716107513
deep0_cusp_mgga_3x16,deep_cusp_mgga_3x16,fc,0.5,0,1.650000,0.2396434960713113,0.23908319017454924
deep0_cusp_mgga_3x16,deep_cusp_mgga_3x16,fc,0.5,0,1.675000,0.23834737748276114,0.23761297517905672
deep0_cusp_mgga_3x16,deep_cusp_mgga_3x16,fc,0.5,0,1.700000,0.23710951789544532,0.2361588363840303
deep0_cusp_mgga_3x16,deep_cusp_mgga_3x16,fc,0.5,0,1.725000,0.2359230617414293,0.2347207645069526
deep0_cusp_mgga_3x16,deep_cusp_mgga_3x16,fc,0.5,0,1.750000,0.2347816575945696,0.23329873274977247
deep0_cusp_mgga_3x16,deep_cusp_mgga_3x16,fc,0.5,0,1.775000,0.23367948867408006,0.23189269823468467
deep0_cusp_mgga_3x16,deep_cusp_mgga_3x16,fc,0.5,0,1.800000,0.2326112815599808,0.23050260335269374
deep0_cusp_mgga_3x16,deep_cusp_mgga_3x16,fc,0.5,0,1.825000,0.23157229808107982,0.22912837702875558
deep0_cusp_mgga_3x16,deep_cusp_mgga_3x16,fc,0.5,0,1.850000,0.23055831475255684,0.22776993590729927
deep0_cusp_mgga_3x16,deep_cusp_mgga_3x16,fc,0.5,0,1.875000,0.22956559350919292,0.22642718546190987
deep0_cusp_mgga_3x16,deep_cusp_mgga_3x16,fc,0.5,0,1.900000,0.22859084684902098,0.22510002103290963
deep0_cusp_mgga_3x16,deep_cusp_mgga_3x16,fc,0.5,0,1.925000,0.22763119990364222,0.22378832879650545
deep0_cusp_mgga_3x16,deep_cusp_mgga_3x16,fc,0.5,0,1.950000,0.2266841514066411,0.22249198666909004
deep0_cusp_mgga_3x16,deep_cusp_mgga_3x16,fc,0.5,0,1.975000,0.22574753505205658,0.22121086515018337
deep0_cusp_mgga_3x16,deep_cusp_mgga_3x16,fc,0.5,0,2.000000,0.22481948232506122,0.219944828107396
deep0_cusp_mgga_3x16,deep_cusp_mgga_3x16,fc,0.5,0,2.025000,0.22389838754617286,0.21869373350667778
deep0_cusp_mgga_3x16,deep_cusp_mgga_3x16,fc,0.5,0,2.050000,0.22298287559419827,0.21745743409099527
deep0_cusp_mgga_3x16,deep_cusp_mgga_3x16,fc,0.5,0,2.075000,0.2220717725554544,0.21623577801045382
deep0_cusp_mgga_3x16,deep_cusp_mgga_3x16,fc,0.5,0,2.100000,0.221164079380201,0.21502860940675309
deep0_cusp_mgga_3x16,deep_cusp_mgga_3x16,fc,0.5,0,2.125000,0.22025894850406313,0.2138357689547368
deep0_cusp_mgga_3x16,deep_cusp_mgga_3x16,fc,0.5,0,2.150000,0.21935566330505074,0.2126570943636662
deep0_cusp_mgga_3x16,deep_cusp_mgga_3x16,fc,0.5,0,2.175000,0.2184536202087718,0.21149242084072278
deep0_cusp_mgga_3x16,deep_cusp_mgga_3x16,fc,0.5,0,2.200000,0.21755231321942692,0.2103415815191169
deep0_cusp_mgga_3x16,deep_cusp_mgga_3x16,fc,0.5,0,2.225000,0.21665132063690484,0.20920440785305966
deep0_cusp_mgga_3x16,deep_cusp_mgga_3x16,fc,0.5,0,2.250000,0.21575029371628285,0.20808072998173271
deep0_cusp_mgga_3x16,deep_cusp_mgga_3x16,fc,0.5,0,2.275000,0.2148489470315853,0.2069703770642767
deep0_cusp_mgga_3x16,deep_cusp_mgga_3x16,fc,0.5,0,2.300000,0.21394705031783345,0.20587317758770768
deep0_cusp_mgga_3x16,deep_cusp_mgga_3x16,fc,0.5,0,2.325000,0.21304442158181103,0.2047889596495595
deep0_cusp_mgga_3x16,deep_cusp_mgga_3x16,fc,0.5,0,2.350000,0.2121409212908587,0.20371755121695145
deep0_cusp_mgga_3x16,deep_cusp_mgga_3x16,fc,0.5,0,2.375000,0.21123644746892745,0.2026587803636763
deep0_cusp_mgga_3x16,deep_cusp_mgga_3x16,fc,0.5,0,2.400000,0.2103309315491495,0.20161247548681305
deep0_cusp_mgga_3x16,deep_cusp_mgga_3x16,fc,0.5,0,2.425000,0.20942433485156864,0.20057846550427505
deep0_cusp_mgga_3x16,deep_cusp_mgga_3x16,fc,0.5,0,2.450000,0.20851664557294847,0.19955658003462096
deep0_cusp_mgga_3x16,deep_cusp_mgga_3x16,fc,0.5,0,2.475000,0.20760787619246446,0.1985466495603711
deep0_cusp_mgga_3x16,deep_cusp_mgga_3x16,fc,0.5,0,2.500000,0.20669806121238588,0.19754850557599712
deep0_cusp_mgga_3x16,deep_cusp_mgga_3x16,fc,0.5,0,2.525000,0.20578725516654783,0.19656198072167724
deep0_cusp_mgga_3x16,deep_cusp_mgga_3x16,fc,0.5,0,2.550000,0.20487553084147914,0.1955869089038409
deep0_cusp_mgga_3x16,deep_cusp_mgga_3x16,fc,0.5,0,2.575000,0.2039629776655607,0.19462312540346077
deep0_cusp_mgga_3x16,deep_cusp_mgga_3x16,fc,0.5,0,2.600000,0.20304970023064428,0.1936704669729871
deep0_cusp_mgga_3x16,deep_cusp_mgga_3x16,fc,0.5,0,2.625000,0.202135816918251,0.19272877192276328
deep0_cusp_mgga_3x16,deep_cusp_mgga_3x16,fc,0.5,0,2.650000,0.20122145860894625,0.19179788019770336
deep0_cusp_mgga_3x16,deep_cusp_mgga_3x16,fc,0.5,0,2.675000,0.20030676745886034,0.19087763344496303
deep0_cusp_mgga_3x16,deep_cusp_mgga_3x16,fc,0.5,0,2.700000,0.19939189573171578,0.18996787507328558
deep0_cusp_mgga_3x16,deep_cusp_mgga_3x16,fc,0.5,0,2.725000,0.19847700467828633,0.18906845030465902
deep0_cusp_mgga_3x16,deep_cusp_mgga_3x16,fc,0.5,0,2.750000,0.19756226345799843,0.18817920621887696
deep0_cusp_mgga_3x16,deep_cusp_mgga_3x16,fc,0.5,0,2.775000,0.19664784809958713,0.18729999179155726
deep0_cusp_mgga_3x16,deep_cusp_mgga_3x16,fc,0.5,0,2.800000,0.1957339404993379,0.18643065792613206
deep0_cusp_mgga_3x16,deep_cusp_mgga_3x16,fc,0.5,0,2.825000,0.1948207274566527,0.1855710574802897
deep0_cusp_mgga_3x16,deep_cusp_mgga_3x16,fc,0.5,0,2.850000,0.19390839974748175,0.18472104528731484
deep0_cusp_mgga_3x16,deep_cusp_mgga_3x16,fc,0.5,0,2.875000,0.19299715123669803,0.1838804781727427
deep0_cusp_mgga_3x16,deep_cusp_mgga_3x16,fc,0.5,0,2.900000,0.19208717803074116,0.18304921496671248
deep0_cusp_mgga_3x16,deep_cusp_mgga_3x16,fc,0.5,0,2.925000,0.19117867767196128,0.1822271165123812
deep0_cusp_mgga_3x16,deep_cusp_mgga_3x16,fc,0.5,0,2.950000,0.19027184837601385,0.18141404567072983
deep0_cusp_mgga_3x16,deep_cusp_mgga_3x16,fc,0.5,0,2.975000,0.18936688831349469,0.180609867322074
deep0_cusp_mgga_3x16,deep_cusp_mgga_3x16,fc,0.5,0,3.000000,0.1884639949367528,0.17981444836456556
deep0_cusp_mgga_3x16,deep_cusp_mgga_3x16,fc,0.5,0,3.025000,0.18756336435252585,0.179027657709953
deep0_cusp_mgga_3x16,deep_cusp_mgga_3x16,fc,0.5,0,3.050000,0.18666519074071752,0.17824936627684973
deep0_cusp_mgga_3x16,deep_cusp_mgga_3x16,fc,0.5,0,3.075000,0.18576966581930765,0.17747944698173865
deep0_cusp_mgga_3x16,deep_cusp_mgga_3x16,fc,0.5,0,3.100000,0.18487697835505879,0.17671777472792738
deep0_cusp_mgga_3x16,deep_cusp_mgga_3x16,fc,0.5,0,3.125000,0.18398731371936283,0.17596422639265208
deep0_cusp_mgga_3x16,deep_cusp_mgga_3x16,fc,0.5,0,3.150000,0.1831008534882972,0.1752186808125115
deep0_cusp_mgga_3x16,deep_cusp_mgga_3x16,fc,0.5,0,3.175000,0.18221777508568193,0.17448101876740207
deep0_cusp_mgga_3x16,deep_cusp_mgga_3x16,fc,0.5,0,3.200000,0.18133825146771454,0.17375112296311035
deep0_cusp_mgga_3x16,deep_cusp_mgga_3x16,fc,0.5,0,3.225000,0.18046245084755208,0.17302887801270725
deep0_cusp_mgga_3x16,deep_cusp_mgga_3x16,fc,0.5,0,3.250000,0.17959053645806178,0.1723141704168793
deep0_cusp_mgga_3x16,deep_cusp_mgga_3x16,fc,0.5,0,3.275000,0.17872266635082124,0.17160688854331868
deep0_cusp_mgga_3x16,deep_cusp_mgga_3x16,fc,0.5,0,3.300000,0.17785899322936094,0.17090692260528872
deep0_cusp_mgga_3x16,deep_cusp_mgga_3x16,fc,0.5,0,3.325000,0.17699966431458192,0.17021416463946792
deep0_cusp_mgga_3x16,deep_cusp_mgga_3x16,fc,0.5,0,3.350000,0.17614482124022968,0.16952850848317152
deep0_cusp_mgga_3x16,deep_cusp_mgga_3x16,fc,0.5,0,3.375000,0.1752945999763159,0.16884984975103826
deep0_cusp_mgga_3x16,deep_cusp_mgga_3x16,fc,0.5,0,3.400000,0.1744491307783691,0.1681780858112667
deep0_cusp_mgga_3x16,deep_cusp_mgga_3x16,fc,0.5,0,3.425000,0.17360853816044308,0.1675131157614748
deep0_cusp_mgga_3x16,deep_cusp_mgga_3x16,fc,0.5,0,3.450000,0.1727729408898504,0.16685484040425386
deep0_cusp_mgga_3x16,deep_cusp_mgga_3x16,fc,0.5,0,3.475000,0.1719424520016548,0.1662031622224799
deep0_cusp_mgga_3x16,deep_cusp_mgga_3x16,fc,0.5,0,3.500000,0.17111717883102706,0.16555798535444163
deep0_cusp_mgga_3x16,deep_cusp_mgga_3x16,fc,0.5,0,3.525000,0.1702972230616555,0.16491921556883718
deep0_cusp_mgga_3x16,deep_cusp_mgga_3x16,fc,0.5,0,3.550000,0.16948268078848605,0.16428676023969127
deep0_cusp_mgga_3x16,deep_cusp_mgga_3x16,fc,0.5,0,3.575000,0.16867364259316753,0.16366052832123476
deep0_cusp_mgga_3x16,deep_cusp_mgga_3x16,fc,0.5,0,3.600000,0.16787019363066746,0.1630404303227895
deep0_cusp_mgga_3x16,deep_cusp_mgga_3x16,fc,0.5,0,3.625000,0.16707241372563064,0.16242637828369502
deep0_cusp_mgga_3x16,deep_cusp_mgga_3x16,fc,0.5,0,3.650000,0.16628037747714597,0.16181828574831011
deep0_cusp_mgga_3x16,deep_cusp_mgga_3x16,fc,0.5,0,3.675000,0.16549415437068316,0.16121606774112202
deep0_cusp_mgga_3x16,deep_cusp_mgga_3x16,fc,0.5,0,3.700000,0.16471380889606746,0.16061964074198865
deep0_cusp_mgga_3x16,deep_cusp_mgga_3x16,fc,0.5,0,3.725000,0.16393940067043522,0.16002892266154084
deep0_cusp_mgga_3x16,deep_cusp_mgga_3x16,fc,0.5,0,3.750000,0.16317098456522183,0.15944383281676652
deep0_cusp_mgga_3x16,deep_cusp_mgga_3x16,fc,0.5,0,3.775000,0.16240861083630453,0.1588642919067969
deep0_cusp_mgga_3x16,deep_cusp_mgga_3x16,fc,0.5,0,3.800000,0.1616523252565112,0.158290221988913
deep0_cusp_mgga_3x16,deep_cusp_mgga_3x16,fc,0.5,0,3.825000,0.1609021692497813,0.15772154645478986
deep0_cusp_mgga_3x16,deep_cusp_mgga_3x16,fc,0.5,0,3.850000,0.16015818002633697,0.15715819000699058
deep0_cusp_mgga_3x16,deep_cusp_mgga_3x16,fc,0.5,0,3.875000,0.15942039071828695,0.15660007863572586
deep0_cusp_mgga_3x16,deep_cusp_mgga_3x16,fc,0.5,0,3.900000,0.1586888305151567,0.1560471395958869
deep0_cusp_mgga_3x16,deep_cusp_mgga_3x16,fc,0.5,0,3.925000,0.1579635247988841,0.15549930138436474
deep0_cusp_mgga_3x16,deep_cusp_mgga_3x16,fc,0.5,0,3.950000,0.15724449527788553,0.15495649371766224
deep0_cusp_mgga_3x16,deep_cusp_mgga_3x16,fc,0.5,0,3.975000,0.1565317601198396,0.15441864750980674
deep0_cusp_mgga_3x16,deep_cusp_mgga_3x16,fc,0.5,0,4.000000,0.1558253340828828,0.15388569485056963
deep0_cusp_mgga_3x16,deep_cusp_mgga_3x16,fc,0.5,0,4.025000,0.1551252286449495,0.1533575689839974
deep0_cusp_mgga_3x16,deep_cusp_mgga_3x16,fc,0.5,0,4.050000,0.15443145213103515,0.15283420428725958
deep0_cusp_mgga_3x16,deep_cusp_mgga_3x16,fc,0.5,0,4.075000,0.15374400983818415,0.1523155362498149
deep0_cusp_mgga_3x16,deep_cusp_mgga_3x16,fc,0.5,0,4.100000,0.15306290415804058,0.15180150145290017
deep0_cusp_mgga_3x16,deep_cusp_mgga_3x16,fc,0.5,0,4.125000,0.152388134696831,0.15129203754934262
deep0_cusp_mgga_3x16,deep_cusp_mgga_3x16,fc,0.5,0,4.150000,0.1517196983926632,0.15078708324369658
deep0_cusp_mgga_3x16,deep_cusp_mgga_3x16,fc,0.5,0,4.175000,0.151057589630059,0.15028657827270658
deep0_cusp_mgga_3x16,deep_cusp_mgga_3x16,fc,0.5,0,4.200000,0.15040180035165096,0.149790463386094
deep0_cusp_mgga_3x16,deep_cusp_mgga_3x16,fc,0.5,0,4.225000,0.14975232016699103,0.14929868032767024
deep0_cusp_mgga_3x16,deep_cusp_mgga_3x16,fc,0.5,0,4.250000,0.14910913645844415,0.14881117181677259
deep0_cusp_mgga_3x16,deep_cusp_mgga_3x16,fc,0.5,0,4.275000,0.14847223448413382,0.14832788153002277
deep0_cusp_mgga_3x16,deep_cusp_mgga_3x16,fc,0.5,0,4.300000,0.14784159747794934,0.1478487540834059
deep0_cusp_mgga_3x16,deep_cusp_mgga_3x16,fc,0.5,0,4.325000,0.14721720674659977,0.14737373501466866
deep0_cusp_mgga_3x16,deep_cusp_mgga_3x16,fc,0.5,0,4.350000,0.1465990417637405,0.1469027707660326
deep0_cusp_mgga_3x16,deep_cusp_mgga_3x16,fc,0.5,0,4.375000,0.14598708026118645,0.1464358086672206
deep0_cusp_mgga_3x16,deep_cusp_mgga_3x16,fc,0.5,0,4.400000,0.1453812983172379,0.14597279691879567
deep0_cusp_mgga_3x16,deep_cusp_mgga_3x16,fc,0.5,0,4.425000,0.14478167044216383,0.14551368457580452
deep0_cusp_mgga_3x16,deep_cusp_mgga_3x16,fc,0.5,0,4.450000,0.14418816966086645,0.14505842153172646
deep0_cusp_mgga_3x16,deep_cusp_mgga_3x16,fc,0.5,0,4.475000,0.14360076759278384,0.14460695850272298
deep0_cusp_mgga_3x16,deep_cusp_mgga_3x16,fc,0.5,0,4.500000,0.14301943452907095,0.1441592470121828
deep0_cusp_mgga_3x16,deep_cusp_mgga_3x16,fc,0.5,0,4.525000,0.14244413950711476,0.14371523937556108
deep0_cusp_mgga_3x16,deep_cusp_mgga_3x16,fc,0.5,0,4.550000,0.14187485038243186,0.14327488868550697
deep0_cusp_mgga_3x16,deep_cusp_mgga_3x16,fc,0.5,0,4.575000,0.14131153389800577,0.14283814879727608
deep0_cusp_mgga_3x16,deep_cusp_mgga_3x16,fc,0.5,0,4.600000,0.14075415575112804,0.1424049743144244
deep0_cusp_mgga_3x16,deep_cusp_mgga_3x16,fc,0.5,0,4.625000,0.1402026806577884,0.1419753205747783
deep0_cusp_mgga_3x16,deep_cusp_mgga_3x16,fc,0.5,0,4.650000,0.13965707241468528,0.1415491436366775
deep0_cusp_mgga_3x16,deep_cusp_mgga_3x16,fc,0.5,0,4.675000,0.1391172939589117,0.14112640026548623
deep0_cusp_mgga_3x16,deep_cusp_mgga_3x16,fc,0.5,0,4.700000,0.13858330742537806,0.1407070479203679
deep0_cusp_mgga_3x16,deep_cusp_mgga_3x16,fc,0.5,0,4.725000,0.13805507420203167,0.14029104474132023
deep0_cusp_mgga_3x16,deep_cusp_mgga_3x16,fc,0.5,0,4.750000,0.13753255498293449,0.1398783495364646
deep0_cusp_mgga_3x16,deep_cusp_mgga_3x16,fc,0.5,0,4.775000,0.13701570981926037,0.13946892176958758
deep0_cusp_mgga_3x16,deep_cusp_mgga_3x16,fc,0.5,0,4.800000,0.1365044981682686,0.13906272154792787
deep0_cusp_mgga_3x16,deep_cusp_mgga_3x16,fc,0.5,0,4.825000,0.13599887894031926,0.1386597096102065
deep0_cusp_mgga_3x16,deep_cusp_mgga_3x16,fc,0.5,0,4.850000,0.13549881054398139,0.13825984731489438
deep0_cusp_mgga_3x16,deep_cusp_mgga_3x16,fc,0.5,0,4.875000,0.13500425092929635,0.13786309662871396
deep0_cusp_mgga_3x16,deep_cusp_mgga_3x16,fc,0.5,0,4.900000,0.1345151576292577,0.13746942011536997
deep0_cusp_mgga_3x16,deep_cusp_mgga_3x16,fc,0.5,0,4.925000,0.13403148779955332,0.13707878092450526
deep0_cusp_mgga_3x16,deep_cusp_mgga_3x16,fc,0.5,0,4.950000,0.13355319825663414,0.13669114278087835
deep0_cusp_mgga_3x16,deep_cusp_mgga_3x16,fc,0.5,0,4.975000,0.13308024551416264,0.13630646997375656
deep0_cusp_mgga_3x16,deep_cusp_mgga_3x16,fc,0.5,0,5.000000,0.1326125858178866,0.1359247273465229
deep0_cusp_mgga_3x16,deep_cusp_mgga_3x16,fc,0.5,0,5.025000,0.13215017517900252,0.13554588028649092
deep0_cusp_mgga_3x16,deep_cusp_mgga_3x16,fc,0.5,0,5.050000,0.13169296940604813,0.13516989471492433
deep0_cusp_mgga_3x16,deep_cusp_mgga_3x16,fc,0.5,0,5.075000,0.1312409241353818,0.13479673707725684
deep0_cusp_mgga_3x16,deep_cusp_mgga_3x16,fc,0.5,0,5.100000,0.13079399486029142,0.13442637433350926
deep0_cusp_mgga_3x16,deep_cusp_mgga_3x16,fc,0.5,0,5.125000,0.13035213695878523,0.13405877394889873
deep0_cusp_mgga_3x16,deep_cusp_mgga_3x16,fc,0.5,0,5.150000,0.12991530572010768,0.1336939038846367
deep0_cusp_mgga_3x16,deep_cusp_mgga_3x16,fc,0.5,0,5.175000,0.12948345637002656,0.1333317325889129
deep0_cusp_mgga_3x16,deep_cusp_mgga_3x16,fc,0.5,0,5.200000,0.1290565440949326,0.1329722289880596
deep0_cusp_mgga_3x16,deep_cusp_mgga_3x16,fc,0.5,0,5.225000,0.12863452406479992,0.1326153624778942
deep0_cusp_mgga_3x16,deep_cusp_mgga_3x16,fc,0.5,0,5.250000,0.12821735145504265,0.1322611029152361
deep0_cusp_mgga_3x16,deep_cusp_mgga_3x16,fc,0.5,0,5.275000,0.12780498146731045,0.13190942060959335
deep0_cusp_mgga_3x16,deep_cusp_mgga_3x16,fc,0.5,0,5.300000,0.12739736934926282,0.13156028631501718
deep0_cusp_mgga_3x16,deep_cusp_mgga_3x16,fc,0.5,0,5.325000,0.12699447041335976,0.13121367122211955
deep0_cusp_mgga_3x16,deep_cusp_mgga_3x16,fc,0.5,0,5.350000,0.12659624005470305,0.1308695469502513
deep0_cusp_mgga_3x16,deep_cusp_mgga_3x16,fc,0.5,0,5.375000,0.12620263376796825,0.13052788553983724
deep0_cusp_mgga_3x16,deep_cusp_mgga_3x16,fc,0.5,0,5.400000,0.12581360716345913,0.13018865944486457
deep0_cusp_mgga_3x16,deep_cusp_mgga_3x16,fc,0.5,0,5.425000,0.12542911598231665,0.12985184152552212
deep0_cusp_mgga_3x16,deep_cusp_mgga_3x16,fc,0.5,0,5.450000,0.1250491161109214,0.12951740504098702
deep0_cusp_mgga_3x16,deep_cusp_mgga_3x16,fc,0.5,0,5.475000,0.1246735635945111,0.129185323642355
deep0_cusp_mgga_3x16,deep_cusp_mgga_3x16,fc,0.5,0,5.500000,0.12430241465005265,0.12885557136571307
deep0_cusp_mgga_3x16,deep_cusp_mgga_3x16,fc,0.5,0,5.525000,0.12393562567839411,0.128528122625349
deep0_cusp_mgga_3x16,deep_cusp_mgga_3x16,fc,0.5,0,5.550000,0.12357315327572482,0.12820295220709765
deep0_cusp_mgga_3x16,deep_cusp_mgga_3x16,fc,0.5,0,5.575000,0.12321495424437157,0.12788003526181874
deep0_cusp_mgga_3x16,deep_cusp_mgga_3x16,fc,0.5,0,5.600000,0.1228609856029581,0.1275593472990049
deep0_cusp_mgga_3x16,deep_cusp_mgga_3x16,fc,0.5,0,5.625000,0.12251120459595599,0.1272408641805166
deep0_cusp_mgga_3x16,deep_cusp_mgga_3x16,fc,0.5,0,5.650000,0.12216556870264306,0.12692456211444123
deep0_cusp_mgga_3x16,deep_cusp_mgga_3x16,fc,0.5,0,5.675000,0.1218240356455057,0.12661041764907438
deep0_cusp_mgga_3x16,deep_cusp_mgga_3x16,fc,0.5,0,5.700000,0.12148656339809927,0.12629840766701914
deep0_cusp_mgga_3x16,deep_cusp_mgga_3x16,fc,0.5,0,5.725000,0.12115311019238972,0.12598850937940373
deep0_cusp_mgga_3x16,deep_cusp_mgga_3x16,fc,0.5,0,5.750000,0.12082363452560396,0.125680700320211
deep0_cusp_mgga_3x16,deep_cusp_mgga_3x16,fc,0.5,0,5.775000,0.12049809516660293,0.1253749583407219
deep0_cusp_mgga_3x16,deep_cusp_mgga_3x16,fc,0.5,0,5.800000,0.12017645116180131,0.12507126160406637
deep0_cusp_mgga_3x16,deep_cusp_mgga_3x16,fc,0.5,0,5.825000,0.11985866184065097,0.12476958857988306
deep0_cusp_mgga_3x16,deep_cusp_mgga_3x16,fc,0.5,0,5.850000,0.11954468682071151,0.1244699180390814
deep0_cusp_mgga_3x16,deep_cusp_mgga_3x16,fc,0.5,0,5.875000,0.11923448601231679,0.12417222904870914
deep0_cusp_mgga_3x16,deep_cusp_mgga_3x16,fc,0.5,0,5.900000,0.11892801962286637,0.12387650096691742
deep0_cusp_mgga_3x16,deep_cusp_mgga_3x16,fc,0.5,0,5.925000,0.11862524816074915,0.12358271343802625
deep0_cusp_mgga_3x16,deep_cusp_mgga_3x16,fc,0.5,0,5.950000,0.11832613243891921,0.1232908463876843
deep0_cusp_mgga_3x16,deep_cusp_mgga_3x16,fc,0.5,0,5.975000,0.11803063357813981,0.12300088001812445
deep0_cusp_mgga_3x16,deep_cusp_mgga_3x16,fc,0.5,0,6.000000,0.11773871300990923,0.12271279480351016
deep0_cusp_mgga_3x16,deep_cusp_mgga_3x16,fc,2,0,0.000000,0.4598966216796887,0.4637124935893196
deep0_cusp_mgga_3x16,deep_cusp_mgga_3x16,fc,2,0,0.025000,0.4598921170891215,0.46365797510614426
deep0_cusp_mgga_3x16,deep_cusp_mgga_3x16,fc,2,0,0.050000,0.45986106573409424,0.46349457828501833
deep0_cusp_mgga_3x16,deep_cusp_mgga_3x16,fc,2,0,0.075000,0.4597783402177087,0.46322277769074155
deep0_cusp_mgga_3x16,deep_cusp_mgga_3x16,fc,2,0,0.100000,0.4596206269491727,0.4628433598850073
deep0_cusp_mgga_3x16,deep_cusp_mgga_3x16,fc,2,0,0.125000,0.45936681315742156,0.4623574169322783
deep0_cusp_mgga_3x16,deep_cusp_mgga_3x16,fc,2,0,0.150000,0.4589984395122688,0.4617663374565877
deep0_cusp_mgga_3x16,deep_cusp_mgga_3x16,fc,2,0,0.175000,0.45850017293796075,0.4610717953930279
deep0_cusp_mgga_3x16,deep_cusp_mgga_3x16,fc,2,0,0.200000,0.45786025206981806,0.46027573661210736
deep0_cusp_mgga_3x16,deep_cusp_mgga_3x16,fc,2,0,0.225000,0.4570708586781188,0.4593803636249541
deep0_cusp_mgga_3x16,deep_cusp_mgga_3x16,fc,2,0,0.250000,0.45612837305844967,0.458388118601862
deep0_cusp_mgga_3x16,deep_cusp_mgga_3x16,fc,2,0,0.275000,0.4550334800347231,0.45730166495548114
deep0_cusp_mgga_3x16,deep_cusp_mgga_3x16,fc,2,0,0.300000,0.45379110430915737,0.45612386775278785
deep0_cusp_mgga_3x16,deep_cusp_mgga_3x16,fc,2,0,0.325000,0.4524101682408289,0.45485777322679916
deep0_cusp_mgga_3x16,deep_cusp_mgga_3x16,fc,2,0,0.350000,0.45090318008113117,0.45350658765997187
deep0_cusp_mgga_3x16,deep_cusp_mgga_3x16,fc,2,0,0.375000,0.44928567435976663,0.45207365590667414
deep0_cusp_mgga_3x16,deep_cusp_mgga_3x16,fc,2,0,0.400000,0.44757553668497285,0.4505624398125133
deep0_cusp_mgga_3x16,deep_cusp_mgga_3x16,fc,2,0,0.425000,0.44579225124159083,0.44897649677425233
deep0_cusp_mgga_3x16,deep_cusp_mgga_3x16,fc,2,0,0.450000,0.44395610993801937,0.4473194586662224
deep0_cusp_mgga_3x16,deep_cusp_mgga_3x16,fc,2,0,0.475000,0.4420874176093139,0.4455950113382937
deep0_cusp_mgga_3x16,deep_cusp_mgga_3x16,fc,2,0,0.500000,0.4402057192261468,0.4438068748673543
deep0_cusp_mgga_3x16,deep_cusp_mgga_3x16,fc,2,0,0.525000,0.43832906511695047,0.44195878471962796
deep0_cusp_mgga_3x16,deep_cusp_mgga_3x16,fc,2,0,0.550000,0.43647332191392696,0.44005447395576214
deep0_cusp_mgga_3x16,deep_cusp_mgga_3x16,fc,2,0,0.575000,0.4346515332555043,0.43809765658510047
deep0_cusp_mgga_3x16,deep_cusp_mgga_3x16,fc,2,0,0.600000,0.43287333697466346,0.43609201215052357
deep0_cusp_mgga_3x16,deep_cusp_mgga_3x16,fc,2,0,0.625000,0.4311444542885201,0.4340411716012089
deep0_cusp_mgga_3x16,deep_cusp_mgga_3x16,fc,2,0,0.650000,0.42946627887555877,0.431948704488058
deep0_cusp_mgga_3x16,deep_cusp_mgga_3x16,fc,2,0,0.675000,0.42783560559109524,0.42981810749569455
deep0_cusp_mgga_3x16,deep_cusp_mgga_3x16,fc,2,0,0.700000,0.426244545477688,0.4276527943060994
deep0_cusp_mgga_3x16,deep_cusp_mgga_3x16,fc,2,0,0.725000,0.4246806722243587,0.4254560867722806
deep0_cusp_mgga_3x16,deep_cusp_mgga_3x16,fc,2,0,0.750000,0.42312743385921214,0.42323120736595304
deep0_cusp_mgga_3x16,deep_cusp_mgga_3x16,fc,2,0,0.775000,0.42156484308749276,0.42098127285104386
deep0_cusp_mgga_3x16,deep_cusp_mgga_3x16,fc,2,0,0.800000,0.4199704331424401,0.4187092891248944
deep0_cusp_mgga_3x16,deep_cusp_mgga_3x16,fc,2,0,0.825000,0.41832043729857127,0.4164181471612089
deep0_cusp_mgga_3x16,deep_cusp_mgga_3x16,fc,2,0,0.850000,0.4165911235535502,0.41411061998296744
deep0_cusp_mgga_3x16,deep_cusp_mgga_3x16,fc,2,0,0.875000,0.41476019514564,0.41178936058951576
deep0_cusp_mgga_3x16,deep_cusp_mgga_3x16,fc,2,0,0.900000,0.41280815527554937,0.40945690075969354
deep0_cusp_mgga_3x16,deep_cusp_mgga_3x16,fc,2,0,0.925000,0.4107195321922772,0.40711565065196964
deep0_cusp_mgga_3x16,deep_cusp_mgga_3x16,fc,2,0,0.950000,0.40848386904000367,0.4047678991229293
deep0_cusp_mgga_3x16,deep_cusp_mgga_3x16,fc,2,0,0.975000,0.40609640080356035,0.40241581468690557
deep0_cusp_mgga_3x16,deep_cusp_mgga_3x16,fc,2,0,1.000000,0.40355836660648836,0.40006144704189445
deep0_cusp_mgga_3x16,deep_cusp_mgga_3x16,fc,2,0,1.025000,0.400876936933543,0.39770672908995053
deep0_cusp_mgga_3x16,deep_cusp_mgga_3x16,fc,2,0,1.050000,0.39806476883178943,0.3953534793838818
deep0_cusp_mgga_3x16,deep_cusp_mgga_3x16,fc,2,0,1.075000,0.3951392341727491,0.3930034049360875
deep0_cusp_mgga_3x16,deep_cusp_mgga_3x16,fc,2,0,1.100000,0.3921213930328884,0.3906581043297023
deep0_cusp_mgga_3x16,deep_cusp_mgga_3x16,fc,2,0,1.125000,0.38903480308655225,0.3883190710766848
deep0_cusp_mgga_3x16,deep_cusp_mgga_3x16,fc,2,0,1.150000,0.3859042645422063,0.3859876971720425
deep0_cusp_mgga_3x16,deep_cusp_mgga_3x16,fc,2,0,1.175000,0.3827545979413589,0.3836652767979275
deep0_cusp_mgga_3x16,deep_cusp_mgga_3x16,fc,2,0,1.200000,0.37960953999453895,0.38135301013579076
deep0_cusp_mgga_3x16,deep_cusp_mgga_3x16,fc,2,0,1.225000,0.37649082286100266,0.3790520072491119
deep0_cusp_mgga_3x16,deep_cusp_mgga_3x16,fc,2,0,1.250000,0.3734174781336198,0.3767632920033665
deep0_cusp_mgga_3x16,deep_cusp_mgga_3x16,fc,2,0,1.275000,0.3704053818042805,0.3744878059938269
deep0_cusp_mgga_3x16,deep_cusp_mgga_3x16,fc,2,0,1.300000,0.36746703383356916,0.3722264124554973
deep0_cusp_mgga_3x16,deep_cusp_mgga_3x16,fc,2,0,1.325000,0.3646115479466414,0.36997990013293486
deep0_cusp_mgga_3x16,deep_cusp_mgga_3x16,fc,2,0,1.350000,0.361844815137345,0.367748987090909
deep0_cusp_mgga_3x16,deep_cusp_mgga_3x16,fc,2,0,1.375000,0.3591697982195998,0.3655343244497885
deep0_cusp_mgga_3x16,deep_cusp_mgga_3x16,fc,2,0,1.400000,0.3565869139086302,0.36333650003222684
deep0_cusp_mgga_3x16,deep_cusp_mgga_3x16,fc,2,0,1.425000,0.35409446212239515,0.36115604191015194
deep0_cusp_mgga_3x16,deep_cusp_mgga_3x16,fc,2,0,1.450000,0.3516890680642938,0.35899342184325267
deep0_cusp_mgga_3x16,deep_cusp_mgga_3x16,fc,2,0,1.475000,0.3493661098636692,0.35684905860211963
deep0_cusp_mgga_3x16,deep_cusp_mgga_3x16,fc,2,0,1.500000,0.34712011203631643,0.35472332117093486
deep0_cusp_mgga_3x16,deep_cusp_mgga_3x16,fc,2,0,1.525000,0.3449450920166459,0.3526165318261523
deep0_cusp_mgga_3x16,deep_cusp_mgga_3x16,fc,2,0,1.550000,0.34283485303993033,0.35052896908895104
deep0_cusp_mgga_3x16,deep_cusp_mgga_3x16,fc,2,0,1.575000,0.3407832215012272,0.3484608705504263
deep0_cusp_mgga_3x16,deep_cusp_mgga_3x16,fc,2,0,1.600000,0.33878423055553875,0.34641243556949486
deep0_cusp_mgga_3x16,deep_cusp_mgga_3x16,fc,2,0,1.625000,0.3368322542403719,0.34438382784435767
deep0_cusp_mgga_3x16,deep_cusp_mgga_3x16,fc,2,0,1.650000,0.3349220979526635,0.3423751778591022
deep0_cusp_mgga_3x16,deep_cusp_mgga_3x16,fc,2,0,1.675000,0.3330490518799112,0.34038658520764153
deep0_cusp_mgga_3x16,deep_cusp_mgga_3x16,fc,2,0,1.700000,0.3312089141537704,0.3384181207976971
deep0_cusp_mgga_3x16,deep_cusp_mgga_3x16,fc,2,0,1.725000,0.32939799023157534,0.3364698289379469
deep0_cusp_mgga_3x16,deep_cusp_mgga_3x16,fc,2,0,1.750000,0.3276130744618244,0.3345417293117887
deep0_cusp_mgga_3x16,deep_cusp_mgga_3x16,fc,2,0,1.775000,0.3258514190718922,0.33263381884142695
deep0_cusp_mgga_3x16,deep_cusp_mgga_3x16,fc,2,0,1.800000,0.32411069502204515,0.3307460734461768
deep0_cusp_mgga_3x16,deep_cusp_mgga_3x16,fc,2,0,1.825000,0.32238894836753174,0.32887844969901675
deep0_cusp_mgga_3x16,deep_cusp_mgga_3x16,fc,2,0,1.850000,0.3206845550075612,0.32703088638550154
deep0_cusp_mgga_3x16,deep_cusp_mgga_3x16,fc,2,0,1.875000,0.31899617600691366,0.32520330596918856
deep0_cusp_mgga_3x16,deep_cusp_mgga_3x16,fc,2,0,1.900000,0.3173227150696871,0.323395615967739
deep0_cusp_mgga_3x16,deep_cusp_mgga_3x16,fc,2,0,1.925000,0.3156632792319828,0.32160771024382623
deep0_cusp_mgga_3x16,deep_cusp_mgga_3x16,fc,2,0,1.950000,0.3140171434204537,0.3198394702149331
deep0_cusp_mgga_3x16,deep_cusp_mgga_3x16,fc,2,0,1.975000,0.3123837191908472,0.3180907659860507
deep0_cusp_mgga_3x16,deep_cusp_mgga_3x16,fc,2,0,2.000000,0.31076252770623713,0.31636145740919613
deep0_cusp_mgga_3x16,deep_cusp_mgga_3x16,fc,2,0,2.025000,0.30915317682811505,0.31465139507356843
deep0_cusp_mgga_3x16,deep_cusp_mgga_3x16,fc,2,0,2.050000,0.30755534206418367,0.3129604212300418
deep0_cusp_mgga_3x16,deep_cusp_mgga_3x16,fc,2,0,2.075000,0.3059687510339586,0.3112883706535782
deep0_cusp_mgga_3x16,deep_cusp_mgga_3x16,fc,2,0,2.100000,0.30439317106752073,0.3096350714470056
deep0_cusp_mgga_3x16,deep_cusp_mgga_3x16,fc,2,0,2.125000,0.3028283995353229,0.30800034578948027
deep0_cusp_mgga_3x16,deep_cusp_mgga_3x16,fc,2,0,2.150000,0.3012742565104658,0.30638401063281323
deep0_cusp_mgga_3x16,deep_cusp_mgga_3x16,fc,2,0,2.175000,0.2997305793831677,0.30478587834870396
deep0_cusp_mgga_3x16,deep_cusp_mgga_3x16,fc,2,0,2.200000,0.2981972190752611,0.30320575732978744
deep0_cusp_mgga_3x16,deep_cusp_mgga_3x16,fc,2,0,2.225000,0.29667403753652166,0.301643452547268
deep0_cusp_mgga_3x16,deep_cusp_mgga_3x16,fc,2,0,2.250000,0.2951609062414092,0.3000987660677743
deep0_cusp_mgga_3x16,deep_cusp_mgga_3x16,fc,2,0,2.275000,0.29365770544221514,0.29857149753194373
deep0_cusp_mgga_3x16,deep_cusp_mgga_3x16,fc,2,0,2.300000,0.29216432397093417,0.29706144459711337
deep0_cusp_mgga_3x16,deep_cusp_mgga_3x16,fc,2,0,2.325000,0.29068065941643617,0.2955684033463727
deep0_cusp_mgga_3x16,deep_cusp_mgga_3x16,fc,2,0,2.350000,0.28920661853496366,0.29409216866611015
deep0_cusp_mgga_3x16,deep_cusp_mgga_3x16,fc,2,0,2.375000,0.28774211778022174,0.2926325345940717
deep0_cusp_mgga_3x16,deep_cusp_mgga_3x16,fc,2,0,2.400000,0.2862870838642968,0.29118929463983667
deep0_cusp_mgga_3x16,deep_cusp_mgga_3x16,fc,2,0,2.425000,0.2848414542822615,0.2897622420795101
deep0_cusp_mgga_3x16,deep_cusp_mgga_3x16,fc,2,0,2.450000,0.2834051777518112,0.28835117022632417
deep0_cusp_mgga_3x16,deep_cusp_mgga_3x16,fc,2,0,2.475000,0.28197821453479066,0.2869558726787487
deep0_cusp_mgga_3x16,deep_cusp_mgga_3x16,fc,2,0,2.500000,0.2805605366202847,0.28557614354761207
deep0_cusp_mgga_3x16,deep_cusp_mgga_3x16,fc,2,0,2.525000,0.2791521277593503,0.2842117776636468
deep0_cusp_mgga_3x16,deep_cusp_mgga_3x16,fc,2,0,2.550000,0.27775298334970056,0.28286257076678956
deep0_cusp_mgga_3x16,deep_cusp_mgga_3x16,fc,2,0,2.575000,0.2763631101750388,0.2815283196784822
deep0_cusp_mgga_3x16,deep_cusp_mgga_3x16,fc,2,0,2.600000,0.27498252600851647,0.2802088224581476
deep0_cusp_mgga_3x16,deep_cusp_mgga_3x16,fc,2,0,2.625000,0.2736112590931825,0.278903878544938
deep0_cusp_mgga_3x16,deep_cusp_mgga_3x16,fc,2,0,2.650000,0.27224934751456753,0.2776132888857885
deep0_cusp_mgga_3x16,deep_cusp_mgga_3x16,fc,2,0,2.675000,0.2708968384818613,0.27633685605074015
deep0_cusp_mgga_3x16,deep_cusp_mgga_3x16,fc,2,0,2.700000,0.26955378753469694,0.2750743843364387
deep0_cusp_mgga_3x16,deep_cusp_mgga_3x16,fc,2,0,2.725000,0.2682202576924957,0.27382567985865647
deep0_cusp_mgga_3x16,deep_cusp_mgga_3x16,fc,2,0,2.750000,0.2668963185627977,0.27259055063462984
deep0_cusp_mgga_3x16,deep_cusp_mgga_3x16,fc,2,0,2.775000,0.26558204542411445,0.2713688066559538
deep0_cusp_mgga_3x16,deep_cusp_mgga_3x16,fc,2,0,2.800000,0.2642775182976793,0.2701602599527297
deep0_cusp_mgga_3x16,deep_cusp_mgga_3x16,fc,2,0,2.825000,0.26298282102115755,0.2689647246496099
deep0_cusp_mgga_3x16,deep_cusp_mgga_3x16,fc,2,0,2.850000,0.26169804033593347,0.26778201701435067
deep0_cusp_mgga_3x16,deep_cusp_mgga_3x16,fc,2,0,2.875000,0.26042326499812396,0.2666119554994342
deep0_cusp_mgga_3x16,deep_cusp_mgga_3x16,fc,2,0,2.900000,0.2591585849219613,0.2654543607772907
deep0_cusp_mgga_3x16,deep_cusp_mgga_3x16,fc,2,0,2.925000,0.2579040903627645,0.26430905576961355
deep0_cusp_mgga_3x16,deep_cusp_mgga_3x16,fc,2,0,2.950000,0.256659871145295,0.26317586567122503
deep0_cusp_mgga_3x16,deep_cusp_mgga_3x16,fc,2,0,2.975000,0.25542601594202274,0.2620546179689243
deep0_cusp_mgga_3x16,deep_cusp_mgga_3x16,fc,2,0,3.000000,0.25420261160458435,0.260945142455715
deep0_cusp_mgga_3x16,deep_cusp_mgga_3x16,fc,2,0,3.025000,0.25298974255063555,0.2598472712407876
deep0_cusp_mgga_3x16,deep_cusp_mgga_3x16,fc,2,0,3.050000,0.2517874902073014,0.2587608387556007
deep0_cusp_mgga_3x16,deep_cusp_mgga_3x16,fc,2,0,3.075000,0.2505959325115579,0.25768568175638656
deep0_cusp_mgga_3x16,deep_cusp_mgga_3x16,fc,2,0,3.100000,0.24941514346710858,0.2566216393233812
deep0_cusp_mgga_3x16,deep_cusp_mgga_3x16,fc,2,0,3.125000,0.248245192756682,0.2555685528570589
deep0_cusp_mgga_3x16,deep_cusp_mgga_3x16,fc,2,0,3.150000,0.24708614540811713,0.2545262660716307
deep0_cusp_mgga_3x16,deep_cusp_mgga_3x16,fc,2,0,3.175000,0.24593806151216668,0.2534946249860516
deep0_cusp_mgga_3x16,deep_cusp_mgga_3x16,fc,2,0,3.200000,0.24480099598958294,0.2524734779127581
deep0_cusp_mgga_3x16,deep_cusp_mgga_3x16,fc,2,0,3.225000,0.24367499840479223,0.251462675444348
deep0_cusp_mgga_3x16,deep_cusp_mgga_3x16,fc,2,0,3.250000,0.24256011282324863,0.250462070438396
deep0_cusp_mgga_3x16,deep_cusp_mgga_3x16,fc,2,0,3.275000,0.24145637770944728,0.24947151800058348
deep0_cusp_mgga_3x16,deep_cusp_mgga_3x16,fc,2,0,3.300000,0.2403638258624915,0.24849087546631324
deep0_cusp_mgga_3x16,deep_cusp_mgga_3x16,fc,2,0,3.325000,0.23928248438609057,0.247520002380961
deep0_cusp_mgga_3x16,deep_cusp_mgga_3x16,fc,2,0,3.350000,0.23821237468990109,0.2465587604789098
deep0_cusp_mgga_3x16,deep_cusp_mgga_3x16,fc,2,0,3.375000,0.23715351251916128,0.24560701366149937
deep0_cusp_mgga_3x16,deep_cusp_mgga_3x16,fc,2,0,3.400000,0.23610590800967857,0.244664627974014
deep0_cusp_mgga_3x16,deep_cusp_mgga_3x16,fc,2,0,3.425000,0.23506956576533333,0.2437314715818238
deep0_cusp_mgga_3x16,deep_cusp_mgga_3x16,fc,2,0,3.450000,0.23404448495539298,0.24280741474578352
deep0_cusp_mgga_3x16,deep_cusp_mgga_3x16,fc,2,0,3.475000,0.23303065942908008,0.24189232979698927
deep0_cusp_mgga_3x16,deep_cusp_mgga_3x16,fc,2,0,3.500000,0.23202807784499324,0.24098609111097882
deep0_cusp_mgga_3x16,deep_cusp_mgga_3x16,fc,2,0,3.525000,0.23103672381313622,0.24008857508146478
deep0_cusp_mgga_3x16,deep_cusp_mgga_3x16,fc,2,0,3.550000,0.23005657604747864,0.23919966009367097
deep0_cusp_mgga_3x16,deep_cusp_mgga_3x16,fc,2,0,3.575000,0.22908760852713295,0.23831922649734727
deep0_cusp_mgga_3x16,deep_cusp_mgga_3x16,fc,2,0,3.600000,0.22812979066439187,0.23744715657952747
deep0_cusp_mgga_3x16,deep_cusp_mgga_3x16,fc,2,0,3.625000,0.22718308747803562,0.23658333453708694
deep0_cusp_mgga_3x16,deep_cusp_mgga_3x16,fc,2,0,3.650000,0.22624745977045702,0.23572764644915917
deep0_cusp_mgga_3x16,deep_cusp_mgga_3x16,fc,2,0,3.675000,0.22532286430730908,0.23487998024945925
deep0_cusp_mgga_3x16,deep_cusp_mgga_3x16,fc,2,0,3.700000,0.22440925399851697,0.23404022569856114
deep0_cusp_mgga_3x16,deep_cusp_mgga_3x16,fc,2,0,3.725000,0.22350657807961205,0.23320827435617125
deep0_cusp_mgga_3x16,deep_cusp_mgga_3x16,fc,2,0,3.750000,0.22261478229249043,0.2323840195534376
deep0_cusp_mgga_3x16,deep_cusp_mgga_3x16,fc,2,0,3.775000,0.22173380906478846,0.23156735636532824
deep0_cusp_mgga_3x16,deep_cusp_mgga_3x16,fc,2,0,3.800000,0.22086359768718844,0.2307581815831134
deep0_cusp_mgga_3x16,deep_cusp_mgga_3x16,fc,2,0,3.825000,0.22000408448805575,0.2299563936869787
deep0_cusp_mgga_3x16,deep_cusp_mgga_3x16,fc,2,0,3.850000,0.21915520300489755,0.22916189281879717
deep0_cusp_mgga_3x16,deep_cusp_mgga_3x16,fc,2,0,3.875000,0.21831688415221784,0.22837458075508446
deep0_cusp_mgga_3x16,deep_cusp_mgga_3x16,fc,2,0,3.900000,0.2174890563854066,0.22759436088015705
deep0_cusp_mgga_3x16,deep_cusp_mgga_3x16,fc,2,0,3.925000,0.21667164586038012,0.22682113815951563
deep0_cusp_mgga_3x16,deep_cusp_mgga_3x16,fc,2,0,3.950000,0.21586457658873082,0.22605481911346947
deep0_cusp_mgga_3x16,deep_cusp_mgga_3x16,fc,2,0,3.975000,0.21506777058821502,0.22529531179101767
deep0_cusp_mgga_3x16,deep_cusp_mgga_3x16,fc,2,0,4.000000,0.21428114802843967,0.22454252574400185
deep0_cusp_mgga_3x16,deep_cusp_mgga_3x16,fc,2,0,4.025000,0.21350462737165554,0.22379637200154323
deep0_cusp_mgga_3x16,deep_cusp_mgga_3x16,fc,2,0,4.050000,0.21273812550860582,0.22305676304477295
deep0_cusp_mgga_3x16,deep_cusp_mgga_3x16,fc,2,0,4.075000,0.21198155788939488,0.2223236127818666
deep0_cusp_mgga_3x16,deep_cusp_mgga_3x16,fc,2,0,4.100000,0.21123483864939285,0.22159683652339265
deep0_cusp_mgga_3x16,deep_cusp_mgga_3x16,fc,2,0,4.125000,0.21049788073018894,0.2208763509579786
deep0_cusp_mgga_3x16,deep_cusp_mgga_3x16,fc,2,0,4.150000,0.2097705959956505,0.22016207412830358
deep0_cusp_mgga_3x16,deep_cusp_mgga_3x16,fc,2,0,4.175000,0.20905289534314409,0.21945392540742137
deep0_cusp_mgga_3x16,deep_cusp_mgga_3x16,fc,2,0,4.200000,0.20834468881000345,0.2187518254754187
deep0_cusp_mgga_3x16,deep_cusp_mgga_3x16,fc,2,0,4.225000,0.20764588567532738,0.2180556962964114
deep0_cusp_mgga_3x16,deep_cusp_mgga_3x16,fc,2,0,4.250000,0.2069563945572147,0.21736546109588067
deep0_cusp_mgga_3x16,deep_cusp_mgga_3x16,fc,2,0,4.275000,0.20627612350554037,0.2166810443383531
deep0_cusp_mgga_3x16,deep_cusp_mgga_3x16,fc,2,0,4.300000,0.20560498009038986,0.21600237170542338
deep0_cusp_mgga_3x16,deep_cusp_mgga_3x16,fc,2,0,4.325000,0.2049428714862711,0.2153293700741224
deep0_cusp_mgga_3x16,deep_cusp_mgga_3x16,fc,2,0,4.350000,0.2042897045522254,0.21466196749562855
deep0_cusp_mgga_3x16,deep_cusp_mgga_3x16,fc,2,0,4.375000,0.20364538590796788,0.21400009317432347
deep0_cusp_mgga_3x16,deep_cusp_mgga_3x16,fc,2,0,4.400000,0.2030098220061799,0.21334367744719182
deep0_cusp_mgga_3x16,deep_cusp_mgga_3x16,fc,2,0,4.425000,0.20238291920108442,0.212692651763561
deep0_cusp_mgga_3x16,deep_cusp_mgga_3x16,fc,2,0,4.450000,0.20176458381343232,0.2120469486651822
deep0_cusp_mgga_3x16,deep_cusp_mgga_3x16,fc,2,0,4.475000,0.20115472219202646,0.211406501766649
deep0_cusp_mgga_3x16,deep_cusp_mgga_3x16,fc,2,0,4.500000,0.2005532407719084,0.21077124573615202
deep0_cusp_mgga_3x16,deep_cusp_mgga_3x16,fc,2,0,4.525000,0.19996004612934026,0.21014111627656573
deep0_cusp_mgga_3x16,deep_cusp_mgga_3x16,fc,2,0,4.550000,0.19937504503368908,0.20951605010686644
deep0_cusp_mgga_3x16,deep_cusp_mgga_3x16,fc,2,0,4.575000,0.19879814449635314,0.20889598494387676
deep0_cusp_mgga_3x16,deep_cusp_mgga_3x16,fc,2,0,4.600000,0.19822925181683215,0.20828085948433367
deep0_cusp_mgga_3x16,deep_cusp_mgga_3x16,fc,2,0,4.625000,0.19766827462606928,0.2076706133872779
deep0_cusp_mgga_3x16,deep_cusp_mgga_3x16,fc,2,0,4.650000,0.19711512092716454,0.2070651872567583
deep0_cusp_mgga_3x16,deep_cusp_mgga_3x16,fc,2,0,4.675000,0.1965696991335837,0.20646452262485057
deep0_cusp_mgga_3x16,deep_cusp_mgga_3x16,fc,2,0,4.700000,0.1960319181049558,0.20586856193498426
deep0_cusp_mgga_3x16,deep_cusp_mgga_3x16,fc,2,0,4.725000,0.19550168718057181,0.20527724852557444
deep0_cusp_mgga_3x16,deep_cusp_mgga_3x16,fc,2,0,4.750000,0.19497891621068086,0.20469052661395523
deep0_cusp_mgga_3x16,deep_cusp_mgga_3x16,fc,2,0,4.775000,0.19446351558567976,0.20410834128060876
deep0_cusp_mgga_3x16,deep_cusp_mgga_3x16,fc,2,0,4.800000,0.19395539626329195,0.20353063845368755
deep0_cusp_mgga_3x16,deep_cusp_mgga_3x16,fc,2,0,4.825000,0.19345446979382896,0.2029573648938246
deep0_cusp_mgga_3x16,deep_cusp_mgga_3x16,fc,2,0,4.850000,0.1929606483436137,0.20238846817922718
deep0_cusp_mgga_3x16,deep_cusp_mgga_3x16,fc,2,0,4.875000,0.19247384471665852,0.20182389669105044
deep0_cusp_mgga_3x16,deep_cusp_mgga_3x16,fc,2,0,4.900000,0.19199397237467775,0.2012635995990459
deep0_cusp_mgga_3x16,deep_cusp_mgga_3x16,fc,2,0,4.925000,0.19152094545550657,0.2007075268474808
deep0_cusp_mgga_3x16,deep_cusp_mgga_3x16,fc,2,0,4.950000,0.19105467879001226,0.20015562914132293
deep0_cusp_mgga_3x16,deep_cusp_mgga_3x16,fc,2,0,4.975000,0.19059508791756063,0.19960785793268823
deep0_cusp_mgga_3x16,deep_cusp_mgga_3x16,fc,2,0,5.000000,0.1901420891001151,0.1990641654075457
deep0_cusp_mgga_3x16,deep_cusp_mgga_3x16,fc,2,0,5.025000,0.18969559933503055,0.19852450447267503
deep0_cusp_mgga_3x16,deep_cusp_mgga_3x16,fc,2,0,5.050000,0.1892555363666084,0.19798882874287285
deep0_cusp_mgga_3x16,deep_cusp_mgga_3x16,fc,2,0,5.075000,0.18882181869647596,0.19745709252840385
deep0_cusp_mgga_3x16,deep_cusp_mgga_3x16,fc,2,0,5.100000,0.18839436559284672,0.19692925082269164
deep0_cusp_mgga_3x16,deep_cusp_mgga_3x16,fc,2,0,5.125000,0.1879730970987199,0.196405259290245
deep0_cusp_mgga_3x16,deep_cusp_mgga_3x16,fc,2,0,5.150000,0.18755793403907595,0.19588507425481655
deep0_cusp_mgga_3x16,deep_cusp_mgga_3x16,fc,2,0,5.175000,0.18714879802711737,0.19536865268778786
deep0_cusp_mgga_3x16,deep_cusp_mgga_3x16,fc,2,0,5.200000,0.18674561146960467,0.1948559521967777
deep0_cusp_mgga_3x16,deep_cusp_mgga_3x16,fc,2,0,5.225000,0.18634829757134086,0.19434693101446987
deep0_cusp_mgga_3x16,deep_cusp_mgga_3x16,fc,2,0,5.250000,0.1859567803388411,0.19384154798765593
deep0_cusp_mgga_3x16,deep_cusp_mgga_3x16,fc,2,0,5.275000,0.18557098458324328,0.19333976256648758
deep0_cusp_mgga_3x16,deep_cusp_mgga_3x16,fc,2,0,5.300000,0.18519083592249053,0.1928415347939379
deep0_cusp_mgga_3x16,deep_cusp_mgga_3x16,fc,2,0,5.325000,0.18481626078283309,0.1923468252954638
deep0_cusp_mgga_3x16,deep_cusp_mgga_3x16,fc,2,0,5.350000,0.18444718639968616,0.19185559526886803
deep0_cusp_mgga_3x16,deep_cusp_mgga_3x16,fc,2,0,5.375000,0.1840835408178777,0.19136780647435758
deep0_cusp_mgga_3x16,deep_cusp_mgga_3x16,fc,2,0,5.400000,0.18372525289132768,0.1908834212247919
deep0_cusp_mgga_3x16,deep_cusp_mgga_3x16,fc,2,0,5.425000,0.1833722522821848,0.1904024023761197
deep0_cusp_mgga_3x16,deep_cusp_mgga_3x16,fc,2,0,5.450000,0.1830244694594575,0.18992471331800037
deep0_cusp_mgga_3x16,deep_cusp_mgga_3x16,fc,2,0,5.475000,0.18268183569717134,0.1894503179646045
deep0_cusp_mgga_3x16,deep_cusp_mgga_3x16,fc,2,0,5.500000,0.18234428307207395,0.18897918074559295
deep0_cusp_mgga_3x16,deep_cusp_mgga_3x16,fc,2,0,5.525000,0.18201174446092705,0.18851126659726813
deep0_cusp_mgga_3x16,deep_cusp_mgga_3x16,fc,2,0,5.550000,0.18168415353740064,0.18804654095389647
deep0_cusp_mgga_3x16,deep_cusp_mgga_3x16,fc,2,0,5.575000,0.1813614447686025,0.18758496973919642
deep0_cusp_mgga_3x16,deep_cusp_mgga_3x16,fc,2,0,5.600000,0.18104355341126377,0.18712651935799052
deep0_cusp_mgga_3x16,deep_cusp_mgga_3x16,fc,2,0,5.625000,0.18073041550760482,0.1866711566880177
deep0_cusp_mgga_3x16,deep_cusp_mgga_3x16,fc,2,0,5.650000,0.18042196788090092,0.18621884907190214
deep0_cusp_mgga_3x16,deep_cusp_mgga_3x16,fc,2,0,5.675000,0.18011814813077232,0.18576956430927574
deep0_cusp_mgga_3x16,deep_cusp_mgga_3x16,fc,2,0,5.700000,0.17981889462821532,0.18532327064905213
deep0_cusp_mgga_3x16,deep_cusp_mgga_3x16,fc,2,0,5.725000,0.1795241465103956,0.1848799367818472
deep0_cusp_mgga_3x16,deep_cusp_mgga_3x16,fc,2,0,5.750000,0.17923384367521744,0.1844395318325446
deep0_cusp_mgga_3x16,deep_cusp_mgga_3x16,fc,2,0,5.775000,0.1789479267756926,0.18400202535300478
deep0_cusp_mgga_3x16,deep_cusp_mgga_3x16,fc,2,0,5.800000,0.1786663372141195,0.18356738731490982
deep0_cusp_mgga_3x16,deep_cusp_mgga_3x16,fc,2,0,5.825000,0.17838901713609,0.18313558810274683
deep0_cusp_mgga_3x16,deep_cusp_mgga_3x16,fc,2,0,5.850000,0.1781159094243372,0.18270659850692378
deep0_cusp_mgga_3x16,deep_cusp_mgga_3x16,fc,2,0,5.875000,0.17784695769244196,0.18228038971701582
deep0_cusp_mgga_3x16,deep_cusp_mgga_3x16,fc,2,0,5.900000,0.17758210627840587,0.18185693331514038
deep0_cusp_mgga_3x16,deep_cusp_mgga_3x16,fc,2,0,5.925000,0.17732130023810655,0.18143620126945664
deep0_cusp_mgga_3x16,deep_cusp_mgga_3x16,fc,2,0,5.950000,0.1770644853386456,0.18101816592778855
deep0_cusp_mgga_3x16,deep_cusp_mgga_3x16,fc,2,0,5.975000,0.1768116080516049,0.18060280001136791
deep0_cusp_mgga_3x16,deep_cusp_mgga_3x16,fc,2,0,6.000000,0.17656261554621033,0.18019007660869604
deep0_cusp_mgga_3x16,deep_cusp_mgga_3x16,fc,5,0,0.000000,0.5629071922811475,0.5544857754313772
deep0_cusp_mgga_3x16,deep_cusp_mgga_3x16,fc,5,0,0.025000,0.5629022860760101,0.5544267190341762
deep0_cusp_mgga_3x16,deep_cusp_mgga_3x16,fc,5,0,0.050000,0.5628684642011325,0.5542497120954382
deep0_cusp_mgga_3x16,deep_cusp_mgga_3x16,fc,5,0,0.075000,0.5627783398053029,0.553955240085491
deep0_cusp_mgga_3x16,deep_cusp_mgga_3x16,fc,5,0,0.100000,0.5626064487655668,0.5535441078476212
deep0_cusp_mgga_3x16,deep_cusp_mgga_3x16,fc,5,0,0.125000,0.5623296177423883,0.5530174332576545
deep0_cusp_mgga_3x16,deep_cusp_mgga_3x16,fc,5,0,0.150000,0.5619273915043114,0.5523766384864307
deep0_cusp_mgga_3x16,deep_cusp_mgga_3x16,fc,5,0,0.175000,0.5613824761076156,0.5516234389999005
deep0_cusp_mgga_3x16,deep_cusp_mgga_3x16,fc,5,0,0.200000,0.5606811525927464,0.5507598304640728
deep0_cusp_mgga_3x16,deep_cusp_mgga_3x16,fc,5,0,0.225000,0.559813617186232,0.5497880737503587
deep0_cusp_mgga_3x16,deep_cusp_mgga_3x16,fc,5,0,0.250000,0.5587742093502881,0.5487106782603984
deep0_cusp_mgga_3x16,deep_cusp_mgga_3x16,fc,5,0,0.275000,0.5575614983947527,0.5475303838078052
deep0_cusp_mgga_3x16,deep_cusp_mgga_3x16,fc,5,0,0.300000,0.5561782118606012,0.5462501413071461
deep0_cusp_mgga_3x16,deep_cusp_mgga_3x16,fc,5,0,0.325000,0.5546310028229432,0.5448730925278805
deep0_cusp_mgga_3x16,deep_cusp_mgga_3x16,fc,5,0,0.350000,0.5529300665437639,0.54340254917295
deep0_cusp_mgga_3x16,deep_cusp_mgga_3x16,fc,5,0,0.375000,0.5510886275669487,0.5418419715385733
deep0_cusp_mgga_3x16,deep_cusp_mgga_3x16,fc,5,0,0.400000,0.5491223251628624,0.5401949470039137
deep0_cusp_mgga_3x16,deep_cusp_mgga_3x16,fc,5,0,0.425000,0.5470485279101291,0.5384651685871872
deep0_cusp_mgga_3x16,deep_cusp_mgga_3x16,fc,5,0,0.450000,0.5448856081838499,0.5366564137890562
deep0_cusp_mgga_3x16,deep_cusp_mgga_3x16,fc,5,0,0.475000,0.5426522060451444,0.5347725239254726
deep0_cusp_mgga_3x16,deep_cusp_mgga_3x16,fc,5,0,0.500000,0.5403665109088643,0.5328173841311602
deep0_cusp_mgga_3x16,deep_cusp_mgga_3x16,fc,5,0,0.525000,0.538045588836913,0.5307949041923599
deep0_cusp_mgga_3x16,deep_cusp_mgga_3x16,fc,5,0,0.550000,0.5357047825994372,0.5287090003439469
deep0_cusp_mgga_3x16,deep_cusp_mgga_3x16,fc,5,0,0.575000,0.533357209316579,0.5265635781422086
deep0_cusp_mgga_3x16,deep_cusp_mgga_3x16,fc,5,0,0.600000,0.5310133754009699,0.5243625165009729
deep0_cusp_mgga_3x16,deep_cusp_mgga_3x16,fc,5,0,0.625000,0.5286809207238187,0.5221096529559254
deep0_cusp_mgga_3x16,deep_cusp_mgga_3x16,fc,5,0,0.650000,0.5263644948843563,0.519808770200247
deep0_cusp_mgga_3x16,deep_cusp_mgga_3x16,fc,5,0,0.675000,0.5240657604003728,0.517463583914472
deep0_cusp_mgga_3x16,deep_cusp_mgga_3x16,fc,5,0,0.700000,0.5217835124571562,0.5150777318949817
deep0_cusp_mgga_3x16,deep_cusp_mgga_3x16,fc,5,0,0.725000,0.5195139032213388,0.5126547644689723
deep0_cusp_mgga_3x16,deep_cusp_mgga_3x16,fc,5,0,0.750000,0.5172507598416175,0.5101981361691884
deep0_cusp_mgga_3x16,deep_cusp_mgga_3x16,fc,5,0,0.775000,0.5149859873118078,0.5077111986292233
deep0_cusp_mgga_3x16,deep_cusp_mgga_3x16,fc,5,0,0.800000,0.5127100483765548,0.5051971946497459
deep0_cusp_mgga_3x16,deep_cusp_mgga_3x16,fc,5,0,0.825000,0.5104125112001479,0.5026592533775737
deep0_cusp_mgga_3x16,deep_cusp_mgga_3x16,fc,5,0,0.850000,0.5080826511459463,0.5001003865329368
deep0_cusp_mgga_3x16,deep_cusp_mgga_3x16,fc,5,0,0.875000,0.5057100862610161,0.4975234856154844
deep0_cusp_mgga_3x16,deep_cusp_mgga_3x16,fc,5,0,0.900000,0.5032854181951308,0.49493132001638257
deep0_cusp_mgga_3x16,deep_cusp_mgga_3x16,fc,5,0,0.925000,0.5008008429572828,0.4923265359621072
deep0_cusp_mgga_3x16,deep_cusp_mgga_3x16,fc,5,0,0.950000,0.4982506908227792,0.4897116562150498
deep0_cusp_mgga_3x16,deep_cusp_mgga_3x16,fc,5,0,0.975000,0.49563185331574966,0.48708908045668386
deep0_cusp_mgga_3x16,deep_cusp_mgga_3x16,fc,5,0,1.000000,0.4929440585371432,0.4844610862805865
deep0_cusp_mgga_3x16,deep_cusp_mgga_3x16,fc,5,0,1.025000,0.4901899646357927,0.4818298307249389
deep0_cusp_mgga_3x16,deep_cusp_mgga_3x16,fc,5,0,1.050000,0.48737505468063325,0.47919735227706733
deep0_cusp_mgga_3x16,deep_cusp_mgga_3x16,fc,5,0,1.075000,0.48450733355322595,0.47656557328600857
deep0_cusp_mgga_3x16,deep_cusp_mgga_3x16,fc,5,0,1.100000,0.4815968469041858,0.4739363027228544
deep0_cusp_mgga_3x16,deep_cusp_mgga_3x16,fc,5,0,1.125000,0.47865506117472056,0.471311239232641
deep0_cusp_mgga_3x16,deep_cusp_mgga_3x16,fc,5,0,1.150000,0.4756941592678672,0.4686919744256981
deep0_cusp_mgga_3x16,deep_cusp_mgga_3x16,fc,5,0,1.175000,0.4727263159135401,0.46607999636058217
deep0_cusp_mgga_3x16,deep_cusp_mgga_3x16,fc,5,0,1.200000,0.46976301817241795,0.46347669317490353
deep0_cusp_mgga_3x16,deep_cusp_mgga_3x16,fc,5,0,1.225000,0.46681448932467084,0.46088335682447545
deep0_cusp_mgga_3x16,deep_cusp_mgga_3x16,fc,5,0,1.250000,0.46388925970959893,0.45830118689520055
deep0_cusp_mgga_3x16,deep_cusp_mgga_3x16,fc,5,0,1.275000,0.4609939085135195,0.45573129445594024
deep0_cusp_mgga_3x16,deep_cusp_mgga_3x16,fc,5,0,1.300000,0.4581329794944722,0.45317470592425413
deep0_cusp_mgga_3x16,deep_cusp_mgga_3x16,fc,5,0,1.325000,0.45530905464666094,0.45063236692032244
deep0_cusp_mgga_3x16,deep_cusp_mgga_3x16,fc,5,0,1.350000,0.4525229555350445,0.44810514608757446
deep0_cusp_mgga_3x16,deep_cusp_mgga_3x16,fc,5,0,1.375000,0.4497740338973172,0.44559383886151827
deep0_cusp_mgga_3x16,deep_cusp_mgga_3x16,fc,5,0,1.400000,0.4470605111888498,0.44309917117101477
deep0_cusp_mgga_3x16,deep_cusp_mgga_3x16,fc,5,0,1.425000,0.4443798300154782,0.44062180305874216
deep0_cusp_mgga_3x16,deep_cusp_mgga_3x16,fc,5,0,1.450000,0.44172898720702203,0.43816233220989076
deep0_cusp_mgga_3x16,deep_cusp_mgga_3x16,fc,5,0,1.475000,0.4391048268312988,0.4357212973801876
deep0_cusp_mgga_3x16,deep_cusp_mgga_3x16,fc,5,0,1.500000,0.43650428016367004,0.4332991817162094
deep0_cusp_mgga_3x16,deep_cusp_mgga_3x16,fc,5,0,1.525000,0.43392454737943664,0.4308964159626009
deep0_cusp_mgga_3x16,deep_cusp_mgga_3x16,fc,5,0,1.550000,0.4313632218840189,0.4285133815522881
deep0_cusp_mgga_3x16,deep_cusp_mgga_3x16,fc,5,0,1.575000,0.4288183625247497,0.42615041357707084
deep0_cusp_mgga_3x16,deep_cusp_mgga_3x16,fc,5,0,1.600000,0.4262885215336787,0.4238078036371223
deep0_cusp_mgga_3x16,deep_cusp_mgga_3x16,fc,5,0,1.625000,0.42377273721055064,0.42148580256890444
deep0_cusp_mgga_3x16,deep_cusp_mgga_3x16,fc,5,0,1.650000,0.4212705004212802,0.4191846230518673
deep0_cusp_mgga_3x16,deep_cusp_mgga_3x16,fc,5,0,1.675000,0.418781703310668,0.4169044420950267
deep0_cusp_mgga_3x16,deep_cusp_mgga_3x16,fc,5,0,1.700000,0.41630657751396405,0.41464540340513245
deep0_cusp_mgga_3x16,deep_cusp_mgga_3x16,fc,5,0,1.725000,0.41384562784029655,0.4124076196386569
deep0_cusp_mgga_3x16,deep_cusp_mgga_3x16,fc,5,0,1.750000,0.4113995660646401,0.41019117454025883
deep0_cusp_mgga_3x16,deep_cusp_mgga_3x16,fc,5,0,1.775000,0.40896924821676905,0.40799612497072657
deep0_cusp_mgga_3x16,deep_cusp_mgga_3x16,fc,5,0,1.800000,0.40655561766000625,0.40582250282767435
deep0_cusp_mgga_3x16,deep_cusp_mgga_3x16,fc,5,0,1.825000,0.40415965533825604,0.40367031686248195
deep0_cusp_mgga_3x16,deep_cusp_mgga_3x16,fc,5,0,1.850000,0.4017823378408035,0.4015395543971219
deep0_cusp_mgga_3x16,deep_cusp_mgga_3x16,fc,5,0,1.875000,0.39942460337910535,0.39943018294462707
deep0_cusp_mgga_3x16,deep_cusp_mgga_3x16,fc,5,0,1.900000,0.39708732536808244,0.39734215173701826
deep0_cusp_mgga_3x16,deep_cusp_mgga_3x16,fc,5,0,1.925000,0.3947712930323122,0.3952753931645421
deep0_cusp_mgga_3x16,deep_cusp_mgga_3x16,fc,5,0,1.950000,0.39247719829053007,0.3932298241300676
deep0_cusp_mgga_3x16,deep_cusp_mgga_3x16,fc,5,0,1.975000,0.39020562808708104,0.3912053473224654
deep0_cusp_mgga_3x16,deep_cusp_mgga_3x16,fc,5,0,2.000000,0.3879570613159967,0.3892018524127446
deep0_cusp_mgga_3x16,deep_cusp_mgga_3x16,fc,5,0,2.025000,0.3857318695049552,0.387219217176654
deep0_cusp_mgga_3x16,deep_cusp_mgga_3x16,fc,5,0,2.050000,0.38353032047823543,0.38525730854737456
deep0_cusp_mgga_3x16,deep_cusp_mgga_3x16,fc,5,0,2.075000,0.3813525842886376,0.38331598360183616
deep0_cusp_mgga_3x16,deep_cusp_mgga_3x16,fc,5,0,2.100000,0.3791987407894477,0.3813950904840865
deep0_cusp_mgga_3x16,deep_cusp_mgga_3x16,fc,5,0,2.125000,0.37706878830237023,0.3794944692690332
deep0_cusp_mgga_3x16,deep_cusp_mgga_3x16,fc,5,0,2.150000,0.3749626529212895,0.3776139527697599
deep0_cusp_mgga_3x16,deep_cusp_mgga_3x16,fc,5,0,2.175000,0.3728801980714789,0.3757533672915002
deep0_cusp_mgga_3x16,deep_cusp_mgga_3x16,fc,5,0,2.200000,0.37082123401748446,0.3739125333352315
deep0_cusp_mgga_3x16,deep_cusp_mgga_3x16,fc,5,0,2.225000,0.368785527079154,0.3720912662537262
deep0_cusp_mgga_3x16,deep_cusp_mgga_3x16,fc,5,0,2.250000,0.36677280837368054,0.3702893768627755
deep0_cusp_mgga_3x16,deep_cusp_mgga_3x16,fc,5,0,2.275000,0.3647827819520366,0.3685066720101793
deep0_cusp_mgga_3x16,deep_cusp_mgga_3x16,fc,5,0,2.300000,0.3628151322411173,0.366742955104975
deep0_cusp_mgga_3x16,deep_cusp_mgga_3x16,fc,5,0,2.325000,0.36086953073871886,0.36499802660925884
deep0_cusp_mgga_3x16,deep_cusp_mgga_3x16,fc,5,0,2.350000,0.3589456419378527,0.3632716844948376
deep0_cusp_mgga_3x16,deep_cusp_mgga_3x16,fc,5,0,2.375000,0.35704312848047703,0.36156372466683856
deep0_cusp_mgga_3x16,deep_cusp_mgga_3x16,fc,5,0,2.400000,0.3551616555592052,0.3598739413562909
deep0_cusp_mgga_3x16,deep_cusp_mgga_3x16,fc,5,0,2.425000,0.35330089459964364,0.3582021274835926
deep0_cusp_mgga_3x16,deep_cusp_mgga_3x16,fc,5,0,2.450000,0.35146052626631574,0.3565480749946682
deep0_cusp_mgga_3x16,deep_cusp_mgga_3x16,fc,5,0,2.475000,0.34964024284227047,0.35491157517153077
deep0_cusp_mgga_3x16,deep_cusp_mgga_3x16,fc,5,0,2.500000,0.347839750036979,0.3532924189188632
deep0_cusp_mgga_3x16,deep_cusp_mgga_3x16,fc,5,0,2.525000,0.3460587682794356,0.35169039702814436
deep0_cusp_mgga_3x16,deep_cusp_mgga_3x16,fc,5,0,2.550000,0.3442970335539858,0.35010530042076193
deep0_cusp_mgga_3x16,deep_cusp_mgga_3x16,fc,5,0,2.575000,0.3425542978355961,0.3485369203714671
deep0_cusp_mgga_3x16,deep_cusp_mgga_3x16,fc,5,0,2.600000,0.3408303291794158,0.3469850487134535
deep0_cusp_mgga_3x16,deep_cusp_mgga_3x16,fc,5,0,2.625000,0.3391249115168167,0.3454494780262607
deep0_cusp_mgga_3x16,deep_cusp_mgga_3x16,fc,5,0,2.650000,0.337437844206842,0.3439300018076401
deep0_cusp_mgga_3x16,deep_cusp_mgga_3x16,fc,5,0,2.675000,0.3357689413883641,0.3424264146304455
deep0_cusp_mgga_3x16,deep_cusp_mgga_3x16,fc,5,0,2.700000,0.33411803117438166,0.3409385122855547
deep0_cusp_mgga_3x16,deep_cusp_mgga_3x16,fc,5,0,2.725000,0.33248495472588835,0.339466091911759
deep0_cusp_mgga_3x16,deep_cusp_mgga_3x16,fc,5,0,2.750000,0.3308695652387872,0.3380089521135095
deep0_cusp_mgga_3x16,deep_cusp_mgga_3x16,fc,5,0,2.775000,0.3292717268733789,0.3365668930673474
deep0_cusp_mgga_3x16,deep_cusp_mgga_3x16,fc,5,0,2.800000,0.3276913136522107,0.33513971661779945
deep0_cusp_mgga_3x16,deep_cusp_mgga_3x16,fc,5,0,2.825000,0.3261282083484581,0.3337272263634682
deep0_cusp_mgga_3x16,deep_cusp_mgga_3x16,fc,5,0,2.850000,0.3245823013836564,0.3323292277340013
deep0_cusp_mgga_3x16,deep_cusp_mgga_3x16,fc,5,0,2.875000,0.3230534897504642,0.330945528058585
deep0_cusp_mgga_3x16,deep_cusp_mgga_3x16,fc,5,0,2.900000,0.3215416759732792,0.32957593662656054
deep0_cusp_mgga_3x16,deep_cusp_mgga_3x16,fc,5,0,2.925000,0.3200467671169054,0.32822026474072796
deep0_cusp_mgga_3x16,deep_cusp_mgga_3x16,fc,5,0,2.950000,0.3185686738511456,0.3268783257638657
deep0_cusp_mgga_3x16,deep_cusp_mgga_3x16,fc,5,0,2.975000,0.3171073095770919,0.3255499351589587
deep0_cusp_mgga_3x16,deep_cusp_mgga_3x16,fc,5,0,3.000000,0.31566258961905724,0.32423491052359754
deep0_cusp_mgga_3x16,deep_cusp_mgga_3x16,fc,5,0,3.025000,0.3142344304845057,0.3229330716189806
deep0_cusp_mgga_3x16,deep_cusp_mgga_3x16,fc,5,0,3.050000,0.31282274919295217,0.3216442403939239
deep0_cusp_mgga_3x16,deep_cusp_mgga_3x16,fc,5,0,3.075000,0.31142746267364874,0.32036824100425537
deep0_cusp_mgga_3x16,deep_cusp_mgga_3x16,fc,5,0,3.100000,0.3100484872309115,0.31910489982794765
deep0_cusp_mgga_3x16,deep_cusp_mgga_3x16,fc,5,0,3.125000,0.30868573807514044,0.317854045476318
deep0_cusp_mgga_3x16,deep_cusp_mgga_3x16,fc,5,0,3.150000,0.30733912891695636,0.3166155088016044
deep0_cusp_mgga_3x16,deep_cusp_mgga_3x16,fc,5,0,3.175000,0.30600857162139106,0.31538912290120497
deep0_cusp_mgga_3x16,deep_cusp_mgga_3x16,fc,5,0,3.200000,0.30469397591869773,0.31417472311884825
deep0_cusp_mgga_3x16,deep_cusp_mgga_3x16,fc,5,0,3.225000,0.30339524916810123,0.3129721470429461
deep0_cusp_mgga_3x16,deep_cusp_mgga_3x16,fc,5,0,3.250000,0.3021122961706404,0.31178123450236195
deep0_cusp_mgga_3x16,deep_cusp_mgga_3x16,fc,5,0,3.275000,0.3008450190271893,0.31060182755981197
deep0_cusp_mgga_3x16,deep_cusp_mgga_3x16,fc,5,0,3.300000,0.2995933170377335,0.30943377050310267
deep0_cusp_mgga_3x16,deep_cusp_mgga_3x16,fc,5,0,3.325000,0.29835708663802163,0.30827690983439354
deep0_cusp_mgga_3x16,deep_cusp_mgga_3x16,fc,5,0,3.350000,0.29713622136981943,0.3071310942576613
deep0_cusp_mgga_3x16,deep_cusp_mgga_3x16,fc,5,0,3.375000,0.29593061188112324,0.3059961746645293
deep0_cusp_mgga_3x16,deep_cusp_mgga_3x16,fc,5,0,3.400000,0.294740145952858,0.30487200411861487
deep0_cusp_mgga_3x16,deep_cusp_mgga_3x16,fc,5,0,3.425000,0.2935647085487556,0.30375843783853723
deep0_cusp_mgga_3x16,deep_cusp_mgga_3x16,fc,5,0,3.450000,0.2924041818853347,0.3026553331797168
deep0_cusp_mgga_3x16,deep_cusp_mgga_3x16,fc,5,0,3.475000,0.2912584455190852,0.30156254961508944
deep0_cusp_mgga_3x16,deep_cusp_mgga_3x16,fc,5,0,3.500000,0.29012737644819264,0.30047994871484934
deep0_cusp_mgga_3x16,deep_cusp_mgga_3x16,fc,5,0,3.525000,0.2890108492263461,0.29940739412532796
deep0_cusp_mgga_3x16,deep_cusp_mgga_3x16,fc,5,0,3.550000,0.2879087360863838,0.29834475154710355
deep0_cusp_mgga_3x16,deep_cusp_mgga_3x16,fc,5,0,3.575000,0.28682090707174157,0.297291888712437
deep0_cusp_mgga_3x16,deep_cusp_mgga_3x16,fc,5,0,3.600000,0.2857472301738606,0.2962486753621153
deep0_cusp_mgga_3x16,deep_cusp_mgga_3x16,fc,5,0,3.625000,0.28468757147391566,0.29521498322178275
deep0_cusp_mgga_3x16,deep_cusp_mgga_3x16,fc,5,0,3.650000,0.2836417952873874,0.29419068597783077
deep0_cusp_mgga_3x16,deep_cusp_mgga_3x16,fc,5,0,3.675000,0.2826097643101855,0.2931756592529155
deep0_cusp_mgga_3x16,deep_cusp_mgga_3x16,fc,5,0,3.700000,0.2815913397651849,0.29216978058116344
deep0_cusp_mgga_3x16,deep_cusp_mgga_3x16,fc,5,0,3.725000,0.2805863815481753,0.2911729293831231
deep0_cusp_mgga_3x16,deep_cusp_mgga_3x16,fc,5,0,3.750000,0.2795947483723731,0.2901849869405158
deep0_cusp_mgga_3x16,deep_cusp_mgga_3x16,fc,5,0,3.775000,0.2786162979107589,0.2892058363708347
deep0_cusp_mgga_3x16,deep_cusp_mgga_3x16,fc,5,0,3.800000,0.2776508869356136,0.28823536260183585
deep0_cusp_mgga_3x16,deep_cusp_mgga_3x16,fc,5,0,3.825000,0.27669837145474263,0.28727345234596335
deep0_cusp_mgga_3x16,deep_cusp_mgga_3x16,fc,5,0,3.850000,0.27575860684395415,0.28631999407474723
deep0_cusp_mgga_3x16,deep_cusp_mgga_3x16,fc,5,0,3.875000,0.2748314479754419,0.2853748779932082
deep0_cusp_mgga_3x16,deep_cusp_mgga_3x16,fc,5,0,3.900000,0.2739167493418131,0.2844379960143012
deep0_cusp_mgga_3x16,deep_cusp_mgga_3x16,fc,5,0,3.925000,0.2730143651755361,0.283509241733428
deep0_cusp_mgga_3x16,deep_cusp_mgga_3x16,fc,5,0,3.950000,0.27212414956367237,0.28258851040304445
deep0_cusp_mgga_3x16,deep_cusp_mgga_3x16,fc,5,0,3.975000,0.27124595655778383,0.2816756989073878
deep0_cusp_mgga_3x16,deep_cusp_mgga_3x16,fc,5,0,4.000000,0.2703796402789631,0.2807707057373459
deep0_cusp_mgga_3x16,deep_cusp_mgga_3x16,fc,5,0,4.025000,0.2695250550179624,0.2798734309654892
deep0_cusp_mgga_3x16,deep_cusp_mgga_3x16,fc,5,0,4.050000,0.2686820553304412,0.27898377622128206
deep0_cusp_mgga_3x16,deep_cusp_mgga_3x16,fc,5,0,4.075000,0.26785049612736733,0.2781016446664924
deep0_cusp_mgga_3x16,deep_cusp_mgga_3x16,fc,5,0,4.100000,0.2670302327606393,0.2772269409708137
deep0_cusp_mgga_3x16,deep_cusp_mgga_3x16,fc,5,0,4.125000,0.26622112110401264,0.2763595712877112
deep0_cusp_mgga_3x16,deep_cusp_mgga_3x16,fc,5,0,4.150000,0.2654230176294293,0.2754994432305072
deep0_cusp_mgga_3x16,deep_cusp_mgga_3x16,fc,5,0,4.175000,0.26463577947886086,0.2746464658487141
deep0_cusp_mgga_3x16,deep_cusp_mgga_3x16,fc,5,0,4.200000,0.2638592645317941,0.273800549604625
deep0_cusp_mgga_3x16,deep_cusp_mgga_3x16,fc,5,0,4.225000,0.2630933314684827,0.2729616063501716
deep0_cusp_mgga_3x16,deep_cusp_mgga_3x16,fc,5,0,4.250000,0.2623378398291064,0.27212954930405386
deep0_cusp_mgga_3x16,deep_cusp_mgga_3x16,fc,5,0,4.275000,0.26159265006898025,0.2713042930291521
deep0_cusp_mgga_3x16,deep_cusp_mgga_3x16,fc,5,0,4.300000,0.26085762360995024,0.270485753410222
deep0_cusp_mgga_3x16,deep_cusp_mgga_3x16,fc,5,0,4.325000,0.2601326228881329,0.269673847631881
deep0_cusp_mgga_3x16,deep_cusp_mgga_3x16,fc,5,0,4.350000,0.25941751139812874,0.26886849415688896
deep0_cusp_mgga_3x16,deep_cusp_mgga_3x16,fc,5,0,4.375000,0.25871215373387324,0.26806961270472474
deep0_cusp_mgga_3x16,deep_cusp_mgga_3x16,fc,5,0,4.400000,0.2580164156262499,0.26727712423046274
deep0_cusp_mgga_3x16,deep_cusp_mgga_3x16,fc,5,0,4.425000,0.25733016397762487,0.26649095090395186
deep0_cusp_mgga_3x16,deep_cusp_mgga_3x16,fc,5,0,4.450000,0.25665326689342627,0.26571101608929615
deep0_cusp_mgga_3x16,deep_cusp_mgga_3x16,fc,5,0,4.475000,0.25598559371091945,0.2649372443246392
deep0_cusp_mgga_3x16,deep_cusp_mgga_3x16,fc,5,0,4.500000,0.2553270150252973,0.2641695613022536
deep0_cusp_mgga_3x16,deep_cusp_mgga_3x16,fc,5,0,4.525000,0.25467740271322437,0.26340789384893337
deep0_cusp_mgga_3x16,deep_cusp_mgga_3x16,fc,5,0,4.550000,0.2540366299539589,0.2626521699066897
deep0_cusp_mgga_3x16,deep_cusp_mgga_3x16,fc,5,0,4.575000,0.25340457124816673,0.2619023185137512
deep0_cusp_mgga_3x16,deep_cusp_mgga_3x16,fc,5,0,4.600000,0.252781102434557,0.2611582697858629
deep0_cusp_mgga_3x16,deep_cusp_mgga_3x16,fc,5,0,4.625000,0.2521661007044418,0.260419954897888
deep0_cusp_mgga_3x16,deep_cusp_mgga_3x16,fc,5,0,4.650000,0.251559444614335,0.25968730606570634
deep0_cusp_mgga_3x16,deep_cusp_mgga_3x16,fc,5,0,4.675000,0.25096101409669425,0.25896025652840965
deep0_cusp_mgga_3x16,deep_cusp_mgga_3x16,fc,5,0,4.700000,0.25037069046890714,0.25823874053079116
deep0_cusp_mgga_3x16,deep_cusp_mgga_3x16,fc,5,0,4.725000,0.24978835644061692,0.257522693306127
deep0_cusp_mgga_3x16,deep_cusp_mgga_3x16,fc,5,0,4.750000,0.24921389611948364,0.25681205105924626
deep0_cusp_mgga_3x16,deep_cusp_mgga_3x16,fc,5,0,4.775000,0.24864719501546662,0.2561067509498882
deep0_cusp_mgga_3x16,deep_cusp_mgga_3x16,fc,5,0,4.800000,0.24808814004371837,0.25540673107634243
deep0_cusp_mgga_3x16,deep_cusp_mgga_3x16,fc,5,0,4.825000,0.24753661952616457,0.25471193045936924
deep0_cusp_mgga_3x16,deep_cusp_mgga_3x16,fc,5,0,4.850000,0.24699252319185627,0.2540222890263985
deep0_cusp_mgga_3x16,deep_cusp_mgga_3x16,fc,5,0,4.875000,0.24645574217616106,0.2533377475960011
deep0_cusp_mgga_3x16,deep_cusp_mgga_3x16,fc,5,0,4.900000,0.245926169018869,0.25265824786263147
deep0_cusp_mgga_3x16,deep_cusp_mgga_3x16,fc,5,0,4.925000,0.245403697661282,0.25198373238163874
deep0_cusp_mgga_3x16,deep_cusp_mgga_3x16,fc,5,0,4.950000,0.24488822344234706,0.2513141445545391
deep0_cusp_mgga_3x16,deep_cusp_mgga_3x16,fc,5,0,4.975000,0.24437964309389826,0.2506494286145507
deep0_cusp_mgga_3x16,deep_cusp_mgga_3x16,fc,5,0,5.000000,0.24387785473506574,0.24998952961238374
deep0_cusp_mgga_3x16,deep_cusp_mgga_3x16,fc,5,0,5.025000,0.24338275786590602,0.24933439340228428
deep0_cusp_mgga_3x16,deep_cusp_mgga_3x16,fc,5,0,5.050000,0.24289425336030934,0.24868396662832676
deep0_cusp_mgga_3x16,deep_cusp_mgga_3x16,fc,5,0,5.075000,0.2424122434582323,0.24803819671095262
deep0_cusp_mgga_3x16,deep_cusp_mgga_3x16,fc,5,0,5.100000,0.24193663175730562,0.24739703183375045
deep0_cusp_mgga_3x16,deep_cusp_mgga_3x16,fc,5,0,5.125000,0.241467323203859,0.2467604209304745
deep0_cusp_mgga_3x16,deep_cusp_mgga_3x16,fc,5,0,5.150000,0.2410042240834146,0.24612831367229768
deep0_cusp_mgga_3x16,deep_cusp_mgga_3x16,fc,5,0,5.175000,0.24054724201068012,0.24550066045529495
deep0_cusp_mgga_3x16,deep_cusp_mgga_3x16,fc,5,0,5.200000,0.24009628591908672,0.24487741238815436
deep0_cusp_mgga_3x16,deep_cusp_mgga_3x16,fc,5,0,5.225000,0.23965126604990905,0.2442585212801106
deep0_cusp_mgga_3x16,deep_cusp_mgga_3x16,fc,5,0,5.250000,0.23921209394099874,0.2436439396290991
deep0_cusp_mgga_3x16,deep_cusp_mgga_3x16,fc,5,0,5.275000,0.23877868241516964,0.2430336206101252
deep0_cusp_mgga_3x16,deep_cusp_mgga_3x16,fc,5,0,5.300000,0.2383509455682593,0.24242751806384624
deep0_cusp_mgga_3x16,deep_cusp_mgga_3x16,fc,5,0,5.325000,0.23792879875690431,0.24182558648536162
deep0_cusp_mgga_3x16,deep_cusp_mgga_3x16,fc,5,0,5.350000,0.23751215858605512,0.24122778101320994
deep0_cusp_mgga_3x16,deep_cusp_mgga_3x16,fc,5,0,5.375000,0.23710094289625083,0.24063405741856464
deep0_cusp_mgga_3x16,deep_cusp_mgga_3x16,fc,5,0,5.400000,0.23669507075068852,0.24004437209462973
deep0_cusp_mgga_3x16,deep_cusp_mgga_3x16,fc,5,0,5.425000,0.2362944624221065,0.23945868204623016
deep0_cusp_mgga_3x16,deep_cusp_mgga_3x16,fc,5,0,5.450000,0.23589903937950385,0.23887694487959177
deep0_cusp_mgga_3x16,deep_cusp_mgga_3x16,fc,5,0,5.475000,0.2355087242747177,0.23829911879231044
deep0_cusp_mgga_3x16,deep_cusp_mgga_3x16,fc,5,0,5.500000,0.2351234409288777,0.2377251625635044
deep0_cusp_mgga_3x16,deep_cusp_mgga_3x16,fc,5,0,5.525000,0.23474311431876027,0.23715503554414796
deep0_cusp_mgga_3x16,deep_cusp_mgga_3x16,fc,5,0,5.550000,0.23436767056305507,0.23658869764758303
deep0_cusp_mgga_3x16,deep_cusp_mgga_3x16,fc,5,0,5.575000,0.23399703690856288,0.23602610934020468
deep0_cusp_mgga_3x16,deep_cusp_mgga_3x16,fc,5,0,5.600000,0.23363114171634414,0.2354672316323175
deep0_cusp_mgga_3x16,deep_cusp_mgga_3x16,fc,5,0,5.625000,0.2332699144478233,0.2349120260691614
deep0_cusp_mgga_3x16,deep_cusp_mgga_3x16,fc,5,0,5.650000,0.23291328565087632,0.23436045472210015
deep0_cusp_mgga_3x16,deep_cusp_mgga_3x16,fc,5,0,5.675000,0.23256118694590244,0.2338124801799742
deep0_cusp_mgga_3x16,deep_cusp_mgga_3x16,fc,5,0,5.700000,0.2322135510118989,0.23326806554060975
deep0_cusp_mgga_3x16,deep_cusp_mgga_3x16,fc,5,0,5.725000,0.23187031157254756,0.2327271744024856
deep0_cusp_mgga_3x16,deep_cusp_mgga_3x16,fc,5,0,5.750000,0.2315314033823268,0.23218977085655232
deep0_cusp_mgga_3x16,deep_cusp_mgga_3x16,fc,5,0,5.775000,0.2311967622126554,0.23165581947820052
deep0_cusp_mgga_3x16,deep_cusp_mgga_3x16,fc,5,0,5.800000,0.23086632483808056,0.23112528531937732
deep0_cusp_mgga_3x16,deep_cusp_mgga_3x16,fc,5,0,5.825000,0.23054002902251614,0.23059813390084713
deep0_cusp_mgga_3x16,deep_cusp_mgga_3x16,fc,5,0,5.850000,0.2302178135055425,0.23007433120459309
deep0_cusp_mgga_3x16,deep_cusp_mgga_3x16,fc,5,0,5.875000,0.229899617988774,0.22955384366635842
deep0_cusp_mgga_3x16,deep_cusp_mgga_3x16,fc,5,0,5.900000,0.22958538312229848,0.2290366381683236
deep0_cusp_mgga_3x16,deep_cusp_mgga_3x16,fc,5,0,5.925000,0.229275050491201,0.22852268203191708
deep0_cusp_mgga_3x16,deep_cusp_mgga_3x16,fc,5,0,5.950000,0.22896856260217402,0.22801194301075733
deep0_cusp_mgga_3x16,deep_cusp_mgga_3x16,fc,5,0,5.975000,0.22866586287021895,0.2275043892837228
deep0_cusp_mgga_3x16,deep_cusp_mgga_3x16,fc,5,0,6.000000,0.22836689560544665,0.2269999894481493
deep0_cusp_mgga_3x16,deep_cusp_mgga_3x16,fc,0.5,1,0.000000,1.0,0.9999961712608588
deep0_cusp_mgga_3x16,deep_cusp_mgga_3x16,fc,0.5,1,0.025000,0.9998924281955363,0.9984184760081829
deep0_cusp_mgga_3x16,deep_cusp_mgga_3x16,fc,0.5,1,0.050000,0.9991510632651205,0.9937387158781839
deep0_cusp_mgga_3x16,deep_cusp_mgga_3x16,fc,0.5,1,0.075000,0.9971773172940465,0.9861116767855248
deep0_cusp_mgga_3x16,deep_cusp_mgga_3x16,fc,0.5,1,0.100000,0.9934201946596848,0.9757790342212942
deep0_cusp_mgga_3x16,deep_cusp_mgga_3x16,fc,0.5,1,0.125000,0.9873908891981958,0.9630480921576084
deep0_cusp_mgga_3x16,deep_cusp_mgga_3x16,fc,0.5,1,0.150000,0.9786824484524336,0.9482674028443029
deep0_cusp_mgga_3x16,deep_cusp_mgga_3x16,fc,0.5,1,0.175000,0.9669949594669899,0.9318027757434102
deep0_cusp_mgga_3x16,deep_cusp_mgga_3x16,fc,0.5,1,0.200000,0.9521662476991026,0.9140163849862294
deep0_cusp_mgga_3x16,deep_cusp_mgga_3x16,fc,0.5,1,0.225000,0.9342063500022753,0.895250544126424
deep0_cusp_mgga_3x16,deep_cusp_mgga_3x16,fc,0.5,1,0.250000,0.9133308363984333,0.8758166137599275
deep0_cusp_mgga_3x16,deep_cusp_mgga_3x16,fc,0.5,1,0.275000,0.8899837600488961,0.8559886798683672
deep0_cusp_mgga_3x16,deep_cusp_mgga_3x16,fc,0.5,1,0.300000,0.8648367402985523,0.836001162915475
deep0_cusp_mgga_3x16,deep_cusp_mgga_3x16,fc,0.5,1,0.325000,0.8387485501430113,0.8160493469631397
deep0_cusp_mgga_3x16,deep_cusp_mgga_3x16,fc,0.5,1,0.350000,0.812672761698267,0.7962918591444997
deep0_cusp_mgga_3x16,deep_cusp_mgga_3x16,fc,0.5,1,0.375000,0.7875131976467404,0.7768542849414322
deep0_cusp_mgga_3x16,deep_cusp_mgga_3x16,fc,0.5,1,0.400000,0.7639501749583667,0.7578332988001893
deep0_cusp_mgga_3x16,deep_cusp_mgga_3x16,fc,0.5,1,0.425000,0.7422902207289784,0.7393008761348733
deep0_cusp_mgga_3x16,deep_cusp_mgga_3x16,fc,0.5,1,0.450000,0.722411020030081,0.7213083090367803
deep0_cusp_mgga_3x16,deep_cusp_mgga_3x16,fc,0.5,1,0.475000,0.703855217357596,0.7038898673741572
deep0_cusp_mgga_3x16,deep_cusp_mgga_3x16,fc,0.5,1,0.500000,0.686058159414941,0.6870660316733914
deep0_cusp_mgga_3x16,deep_cusp_mgga_3x16,fc,0.5,1,0.525000,0.6686062197358753,0.6708462803055282
deep0_cusp_mgga_3x16,deep_cusp_mgga_3x16,fc,0.5,1,0.550000,0.6513843397744753,0.6552314479842513
deep0_cusp_mgga_3x16,deep_cusp_mgga_3x16,fc,0.5,1,0.575000,0.6345354823404644,0.6402156916755075
deep0_cusp_mgga_3x16,deep_cusp_mgga_3x16,fc,0.5,1,0.600000,0.6182860677417807,0.6257881087693496
deep0_cusp_mgga_3x16,deep_cusp_mgga_3x16,fc,0.5,1,0.625000,0.6027790942728415,0.6119340545434856
deep0_cusp_mgga_3x16,deep_cusp_mgga_3x16,fc,0.5,1,0.650000,0.5880222557939169,0.598636204225167
deep0_cusp_mgga_3x16,deep_cusp_mgga_3x16,fc,0.5,1,0.675000,0.5739465745857916,0.5858754011371419
deep0_cusp_mgga_3x16,deep_cusp_mgga_3x16,fc,0.5,1,0.700000,0.5604954649775228,0.5736313276602746
deep0_cusp_mgga_3x16,deep_cusp_mgga_3x16,fc,0.5,1,0.725000,0.5476749184994816,0.5618830307776007
deep0_cusp_mgga_3x16,deep_cusp_mgga_3x16,fc,0.5,1,0.750000,0.5355473174616184,0.5506093291962164
deep0_cusp_mgga_3x16,deep_cusp_mgga_3x16,fc,0.5,1,0.775000,0.5241886125950841,0.5397891246909768
deep0_cusp_mgga_3x16,deep_cusp_mgga_3x16,fc,0.5,1,0.800000,0.5136394403332302,0.5294016364695502
deep0_cusp_mgga_3x16,deep_cusp_mgga_3x16,fc,0.5,1,0.825000,0.5038747983068489,0.5194265740394319
deep0_cusp_mgga_3x16,deep_cusp_mgga_3x16,fc,0.5,1,0.850000,0.4948025281809092,0.5098442612394509
deep0_cusp_mgga_3x16,deep_cusp_mgga_3x16,fc,0.5,1,0.875000,0.48628584982001555,0.5006357217351001
deep0_cusp_mgga_3x16,deep_cusp_mgga_3x16,fc,0.5,1,0.900000,0.47817642692906914,0.4917827343141886
deep0_cusp_mgga_3x16,deep_cusp_mgga_3x16,fc,0.5,1,0.925000,0.47034406045701393,0.4832678647011884
deep0_cusp_mgga_3x16,deep_cusp_mgga_3x16,fc,0.5,1,0.950000,0.4626944691032603,0.4750744792826998
deep0_cusp_mgga_3x16,deep_cusp_mgga_3x16,fc,0.5,1,0.975000,0.4551734494472338,0.4671867450552573
deep0_cusp_mgga_3x16,deep_cusp_mgga_3x16,fc,0.5,1,1.000000,0.44776077784732315,0.4595896192286324
deep0_cusp_mgga_3x16,deep_cusp_mgga_3x16,fc,0.5,1,1.025000,0.44045925760906013,0.4522688312072218
deep0_cusp_mgga_3x16,deep_cusp_mgga_3x16,fc,0.5,1,1.050000,0.4332837201186728,0.4452108590988182
deep0_cusp_mgga_3x16,deep_cusp_mgga_3x16,fc,0.5,1,1.075000,0.42625280688479417,0.4384029024388287
deep0_cusp_mgga_3x16,deep_cusp_mgga_3x16,fc,0.5,1,1.100000,0.41938427840166914,0.43183285244791647
deep0_cusp_mgga_3x16,deep_cusp_mgga_3x16,fc,0.5,1,1.125000,0.41269320562579326,0.42548926084482935
deep0_cusp_mgga_3x16,deep_cusp_mgga_3x16,fc,0.5,1,1.150000,0.406191875823253,0.4193613079997367
deep0_cusp_mgga_3x16,deep_cusp_mgga_3x16,fc,0.5,1,1.175000,0.3998903511455747,0.41343877102519516
deep0_cusp_mgga_3x16,deep_cusp_mgga_3x16,fc,0.5,1,1.200000,0.3937970031874354,0.40771199225250004
deep0_cusp_mgga_3x16,deep_cusp_mgga_3x16,fc,0.5,1,1.225000,0.38791874015209993,0.4021718484230683
deep0_cusp_mgga_3x16,deep_cusp_mgga_3x16,fc,0.5,1,1.250000,0.38226091653215977,0.3968097208314555
deep0_cusp_mgga_3x16,deep_cusp_mgga_3x16,fc,0.5,1,1.275000,0.37682704925362986,0.39161746658366636
deep0_cusp_mgga_3x16,deep_cusp_mgga_3x16,fc,0.5,1,1.300000,0.3716184933811443,0.3865873910775427
deep0_cusp_mgga_3x16,deep_cusp_mgga_3x16,fc,0.5,1,1.325000,0.3666342005868296,0.3817122217679804
deep0_cusp_mgga_3x16,deep_cusp_mgga_3x16,fc,0.5,1,1.350000,0.36187063171961276,0.3769850832459103
deep0_cusp_mgga_3x16,deep_cusp_mgga_3x16,fc,0.5,1,1.375000,0.3573218441888064,0.37239947363429526
deep0_cusp_mgga_3x16,deep_cusp_mgga_3x16,fc,0.5,1,1.400000,0.3529797367502423,0.3679492422851587
deep0_cusp_mgga_3x16,deep_cusp_mgga_3x16,fc,0.5,1,1.425000,0.3488344117359198,0.36362856874750565
deep0_cusp_mgga_3x16,deep_cusp_mgga_3x16,fc,0.5,1,1.450000,0.34487460620261423,0.3594319429658608
deep0_cusp_mgga_3x16,deep_cusp_mgga_3x16,fc,0.5,1,1.475000,0.3410881452171145,0.3553541466621454
deep0_cusp_mgga_3x16,deep_cusp_mgga_3x16,fc,0.5,1,1.500000,0.3374623784861499,0.3513902358490631
deep0_cusp_mgga_3x16,deep_cusp_mgga_3x16,fc,0.5,1,1.525000,0.33398457227672607,0.3475355244205047
deep0_cusp_mgga_3x16,deep_cusp_mgga_3x16,fc,0.5,1,1.550000,0.3306422395080183,0.3437855687632761
deep0_cusp_mgga_3x16,deep_cusp_mgga_3x16,fc,0.5,1,1.575000,0.3274234004647817,0.3401361533343542
deep0_cusp_mgga_3x16,deep_cusp_mgga_3x16,fc,0.5,1,1.600000,0.32431677404336456,0.33658327714859115
deep0_cusp_mgga_3x16,deep_cusp_mgga_3x16,fc,0.5,1,1.625000,0.3213119046432533,0.33312314112312563
deep0_cusp_mgga_3x16,deep_cusp_mgga_3x16,fc,0.5,1,1.650000,0.31839923296862993,0.329752136226511
deep0_cusp_mgga_3x16,deep_cusp_mgga_3x16,fc,0.5,1,1.675000,0.31557012049103395,0.3264668323826388
deep0_cusp_mgga_3x16,deep_cusp_mgga_3x16,fc,0.5,1,1.700000,0.31281683757900214,0.3232639680817821
deep0_cusp_mgga_3x16,deep_cusp_mgga_3x16,fc,0.5,1,1.725000,0.31013252472700503,0.32014044065345
deep0_cusp_mgga_3x16,deep_cusp_mgga_3x16,fc,0.5,1,1.750000,0.30751113525000906,0.31709329715815265
deep0_cusp_mgga_3x16,deep_cusp_mgga_3x16,fc,0.5,1,1.775000,0.30494736650837595,0.31411972585759074
deep0_cusp_mgga_3x16,deep_cusp_mgga_3x16,fc,0.5,1,1.800000,0.30243658537240226,0.3112170482251605
deep0_cusp_mgga_3x16,deep_cusp_mgga_3x16,fc,0.5,1,1.825000,0.29997475234505955,0.3083827114609816
deep0_cusp_mgga_3x16,deep_cusp_mgga_3x16,fc,0.5,1,1.850000,0.2975583476045177,0.3056142814778942
deep0_cusp_mgga_3x16,deep_cusp_mgga_3x16,fc,0.5,1,1.875000,0.295184301237847,0.30290943632701667
deep0_cusp_mgga_3x16,deep_cusp_mgga_3x16,fc,0.5,1,1.900000,0.2928499291222797,0.30026596003350664
deep0_cusp_mgga_3x16,deep_cusp_mgga_3x16,fc,0.5,1,1.925000,0.29055287526331974,0.2976817368151027
deep0_cusp_mgga_3x16,deep_cusp_mgga_3x16,fc,0.5,1,1.950000,0.2882910609034519,0.29515474565787
deep0_cusp_mgga_3x16,deep_cusp_mgga_3x16,fc,0.5,1,1.975000,0.28606264035066786,0.2926830552252958
deep0_cusp_mgga_3x16,deep_cusp_mgga_3x16,fc,0.5,1,2.000000,0.28386596322065016,0.2902648190785099
deep0_cusp_mgga_3x16,deep_cusp_mgga_3x16,fc,0.5,1,2.025000,0.28169954261932517,0.2878982711869325
deep0_cusp_mgga_3x16,deep_cusp_mgga_3x16,fc,0.5,1,2.050000,0.27956202869449087,0.28558172171007484
deep0_cusp_mgga_3x16,deep_cusp_mgga_3x16,fc,0.5,1,2.075000,0.27745218693980633,0.28331355303255157
deep0_cusp_mgga_3x16,deep_cusp_mgga_3x16,fc,0.5,1,2.100000,0.2753688806276191,0.2810922160356118
deep0_cusp_mgga_3x16,deep_cusp_mgga_3x16,fc,0.5,1,2.125000,0.27331105676748324,0.2789162265896511
deep0_cusp_mgga_3x16,deep_cusp_mgga_3x16,fc,0.5,1,2.150000,0.27127773502568053,0.2767841622532473
deep0_cusp_mgga_3x16,deep_cusp_mgga_3x16,fc,0.5,1,2.175000,0.2692679990905318,0.27469465916527047
deep0_cusp_mgga_3x16,deep_cusp_mgga_3x16,fc,0.5,1,2.200000,0.2672809900234546,0.27264640911754634
deep0_cusp_mgga_3x16,deep_cusp_mgga_3x16,fc,0.5,1,2.225000,0.2653159011925851,0.2706381567964263
deep0_cusp_mgga_3x16,deep_cusp_mgga_3x16,fc,0.5,1,2.250000,0.2633719744416896,0.26866869718241826
deep0_cusp_mgga_3x16,deep_cusp_mgga_3x16,fc,0.5,1,2.275000,0.26144849720001784,0.26673687309778743
deep0_cusp_mgga_3x16,deep_cusp_mgga_3x16,fc,0.5,1,2.300000,0.2595448002876617,0.2648415728927243
deep0_cusp_mgga_3x16,deep_cusp_mgga_3x16,fc,0.5,1,2.325000,0.25766025621513755,0.2629817282613315
deep0_cusp_mgga_3x16,deep_cusp_mgga_3x16,fc,0.5,1,2.350000,0.2557942778150687,0.261156312179271
deep0_cusp_mgga_3x16,deep_cusp_mgga_3x16,fc,0.5,1,2.375000,0.25394631707804116,0.2593643369554784
deep0_cusp_mgga_3x16,deep_cusp_mgga_3x16,fc,0.5,1,2.400000,0.25211586409407905,0.25760485239085973
deep0_cusp_mgga_3x16,deep_cusp_mgga_3x16,fc,0.5,1,2.425000,0.25030244602610496,0.25587694403737166
deep0_cusp_mgga_3x16,deep_cusp_mgga_3x16,fc,0.5,1,2.450000,0.24850562606257431,0.254179731551325
deep0_cusp_mgga_3x16,deep_cusp_mgga_3x16,fc,0.5,1,2.475000,0.24672500231358396,0.25251236713517167
deep0_cusp_mgga_3x16,deep_cusp_mgga_3x16,fc,0.5,1,2.500000,0.24496020662866136,0.25087403406241
deep0_cusp_mgga_3x16,deep_cusp_mgga_3x16,fc,0.5,1,2.525000,0.24321090332546058,0.24926394528060775
deep0_cusp_mgga_3x16,deep_cusp_mgga_3x16,fc,0.5,1,2.550000,0.2414767878271855,0.2476813420878693
deep0_cusp_mgga_3x16,deep_cusp_mgga_3x16,fc,0.5,1,2.575000,0.23975758521306068,0.24612549287837895
deep0_cusp_mgga_3x16,deep_cusp_mgga_3x16,fc,0.5,1,2.600000,0.2380530486908924,0.244595691952943
deep0_cusp_mgga_3x16,deep_cusp_mgga_3x16,fc,0.5,1,2.625000,0.23636295800406004,0.2430912583907152
deep0_cusp_mgga_3x16,deep_cusp_mgga_3x16,fc,0.5,1,2.650000,0.23468711778733442,0.2416115349785379
deep0_cusp_mgga_3x16,deep_cusp_mgga_3x16,fc,0.5,1,2.675000,0.23302535588701256,0.2401558871945624
deep0_cusp_mgga_3x16,deep_cusp_mgga_3x16,fc,0.5,1,2.700000,0.2313775216612053,0.23872370224302325
deep0_cusp_mgga_3x16,deep_cusp_mgga_3x16,fc,0.5,1,2.725000,0.22974348427581726,0.23731438813724479
deep0_cusp_mgga_3x16,deep_cusp_mgga_3x16,fc,0.5,1,2.750000,0.2281231310110311,0.2359273728281351
deep0_cusp_mgga_3x16,deep_cusp_mgga_3x16,fc,0.5,1,2.775000,0.2265163655920419,0.23456210337560698
deep0_cusp_mgga_3x16,deep_cusp_mgga_3x16,fc,0.5,1,2.800000,0.2249231065564915,0.23321804516051328
deep0_cusp_mgga_3x16,deep_cusp_mgga_3x16,fc,0.5,1,2.825000,0.2233432856696016,0.23189468113484532
deep0_cusp_mgga_3x16,deep_cusp_mgga_3x16,fc,0.5,1,2.850000,0.22177684639650042,0.2305915111080737
deep0_cusp_mgga_3x16,deep_cusp_mgga_3x16,fc,0.5,1,2.875000,0.22022374243968434,0.2293080510676474
deep0_cusp_mgga_3x16,deep_cusp_mgga_3x16,fc,0.5,1,2.900000,0.21868393634804872,0.22804383253178506
deep0_cusp_mgga_3x16,deep_cusp_mgga_3x16,fc,0.5,1,2.925000,0.2171573982024786,0.22679840193280637
deep0_cusp_mgga_3x16,deep_cusp_mgga_3x16,fc,0.5,1,2.950000,0.21564410438159354,0.22557132002935876
deep0_cusp_mgga_3x16,deep_cusp_mgga_3x16,fc,0.5,1,2.975000,0.21414403640999724,0.22436216134599152
deep0_cusp_mgga_3x16,deep_cusp_mgga_3x16,fc,0.5,1,3.000000,0.21265717989020816,0.22317051363862328
deep0_cusp_mgga_3x16,deep_cusp_mgga_3x16,fc,0.5,1,3.025000,0.21118352351842984,0.2219959773845346
deep0_cusp_mgga_3x16,deep_cusp_mgga_3x16,fc,0.5,1,3.050000,0.2097230581833872,0.22083816529559788
deep0_cusp_mgga_3x16,deep_cusp_mgga_3x16,fc,0.5,1,3.075000,0.20827577614668913,0.21969670185353313
deep0_cusp_mgga_3x16,deep_cusp_mgga_3x16,fc,0.5,1,3.100000,0.2068416703024869,0.21857122286604785
deep0_cusp_mgga_3x16,deep_cusp_mgga_3x16,fc,0.5,1,3.125000,0.20542073351366597,0.21746137504278581
deep0_cusp_mgga_3x16,deep_cusp_mgga_3x16,fc,0.5,1,3.150000,0.20401295802133246,0.21636681559007237
deep0_cusp_mgga_3x16,deep_cusp_mgga_3x16,fc,0.5,1,3.175000,0.20261833492404036,0.21528721182349994
deep0_cusp_mgga_3x16,deep_cusp_mgga_3x16,fc,0.5,1,3.200000,0.20123685372291134,0.21422224079745308
deep0_cusp_mgga_3x16,deep_cusp_mgga_3x16,fc,0.5,1,3.225000,0.1998685019286548,0.21317158895072427
deep0_cusp_mgga_3x16,deep_cusp_mgga_3x16,fc,0.5,1,3.250000,0.19851326472636943,0.21213495176741698
deep0_cusp_mgga_3x16,deep_cusp_mgga_3x16,fc,0.5,1,3.275000,0.19717112469398146,0.21111203345237947
deep0_cusp_mgga_3x16,deep_cusp_mgga_3x16,fc,0.5,1,3.300000,0.19584206157017947,0.21010254662045394
deep0_cusp_mgga_3x16,deep_cusp_mgga_3x16,fc,0.5,1,3.325000,0.19452605206777362,0.2091062119988659
deep0_cusp_mgga_3x16,deep_cusp_mgga_3x16,fc,0.5,1,3.350000,0.19322306972850622,0.2081227581421139
deep0_cusp_mgga_3x16,deep_cusp_mgga_3x16,fc,0.5,1,3.375000,0.1919330848154701,0.20715192115875722
deep0_cusp_mgga_3x16,deep_cusp_mgga_3x16,fc,0.5,1,3.400000,0.1906560642394517,0.20619344444953
deep0_cusp_mgga_3x16,deep_cusp_mgga_3x16,fc,0.5,1,3.425000,0.18939197151569176,0.20524707845624146
deep0_cusp_mgga_3x16,deep_cusp_mgga_3x16,fc,0.5,1,3.450000,0.1881407667477446,0.20431258042095127
deep0_cusp_mgga_3x16,deep_cusp_mgga_3x16,fc,0.5,1,3.475000,0.18690240663531976,0.2033897141549355
deep0_cusp_mgga_3x16,deep_cusp_mgga_3x16,fc,0.5,1,3.500000,0.185676844503194,0.20247824981698617
deep0_cusp_mgga_3x16,deep_cusp_mgga_3x16,fc,0.5,1,3.525000,0.18446403034848624,0.20157796370060838
deep0_cusp_mgga_3x16,deep_cusp_mgga_3x16,fc,0.5,1,3.550000,0.18326391090379757,0.20068863802970538
deep0_cusp_mgga_3x16,deep_cusp_mgga_3x16,fc,0.5,1,3.575000,0.18207642971391602,0.19981006076235963
deep0_cusp_mgga_3x16,deep_cusp_mgga_3x16,fc,0.5,1,3.600000,0.18090152722398545,0.19894202540234204
deep0_cusp_mgga_3x16,deep_cusp_mgga_3x16,fc,0.5,1,3.625000,0.17973914087722254,0.19808433081799626
deep0_cusp_mgga_3x16,deep_cusp_mgga_3x16,fc,0.5,1,3.650000,0.1785892052204543,0.1972367810681679
deep0_cusp_mgga_3x16,deep_cusp_mgga_3x16,fc,0.5,1,3.675000,0.17745165201590807,0.19639918523485989
deep0_cusp_mgga_3x16,deep_cusp_mgga_3x16,fc,0.5,1,3.700000,0.1763264103578588,0.19557135726231661
deep0_cusp_mgga_3x16,deep_cusp_mgga_3x16,fc,0.5,1,3.725000,0.17521340679288055,0.19475311580224858
deep0_cusp_mgga_3x16,deep_cusp_mgga_3x16,fc,0.5,1,3.750000,0.17411256544259635,0.1939442840649317
deep0_cusp_mgga_3x16,deep_cusp_mgga_3x16,fc,0.5,1,3.775000,0.17302380812794538,0.1931446896759194
deep0_cusp_mgga_3x16,deep_cusp_mgga_3x16,fc,0.5,1,3.800000,0.17194705449410752,0.1923541645381254
deep0_cusp_mgga_3x16,deep_cusp_mgga_3x16,fc,0.5,1,3.825000,0.17088222213533866,0.19157254469904472
deep0_cusp_mgga_3x16,deep_cusp_mgga_3x16,fc,0.5,1,3.850000,0.16982922671906597,0.19079967022289113
deep0_cusp_mgga_3x16,deep_cusp_mgga_3x16,fc,0.5,1,3.875000,0.16878798210868395,0.19003538506744047
deep0_cusp_mgga_3x16,deep_cusp_mgga_3x16,fc,0.5,1,3.900000,0.1677584004845778,0.189279536965381
deep0_cusp_mgga_3x16,deep_cusp_mgga_3x16,fc,0.5,1,3.925000,0.1667403924629709,0.18853197730997814
deep0_cusp_mgga_3x16,deep_cusp_mgga_3x16,fc,0.5,1,3.950000,0.16573386721226036,0.18779256104487418
deep0_cusp_mgga_3x16,deep_cusp_mgga_3x16,fc,0.5,1,3.975000,0.16473873256656546,0.18706114655784864
deep0_cusp_mgga_3x16,deep_cusp_mgga_3x16,fc,0.5,1,4.000000,0.16375489513626806,0.18633759557837573
deep0_cusp_mgga_3x16,deep_cusp_mgga_3x16,fc,0.5,1,4.025000,0.16278226041536314,0.18562177307881986
deep0_cusp_mgga_3x16,deep_cusp_mgga_3x16,fc,0.5,1,4.050000,0.16182073288548904,0.18491354717912353
deep0_cusp_mgga_3x16,deep_cusp_mgga_3x16,fc,0.5,1,4.075000,0.16087021611653662,0.18421278905484048
deep0_cusp_mgga_3x16,deep_cusp_mgga_3x16,fc,0.5,1,4.100000,0.15993061286376808,0.18351937284838016
deep0_cusp_mgga_3x16,deep_cusp_mgga_3x16,fc,0.5,1,4.125000,0.15900182516140848,0.18283317558333598
deep0_cusp_mgga_3x16,deep_cusp_mgga_3x16,fc,0.5,1,4.150000,0.1580837544126904,0.18215407708176726
deep0_cusp_mgga_3x16,deep_cusp_mgga_3x16,fc,0.5,1,4.175000,0.1571763014763573,0.18148195988432425
deep0_cusp_mgga_3x16,deep_cusp_mgga_3x16,fc,0.5,1,4.200000,0.15627936674964826,0.18081670917309653
deep0_cusp_mgga_3x16,deep_cusp_mgga_3x16,fc,0.5,1,4.225000,0.15539285024779392,0.18015821269708324
deep0_cusp_mgga_3x16,deep_cusp_mgga_3x16,fc,0.5,1,4.250000,0.15451665168008377,0.1795063607001756
deep0_cusp_mgga_3x16,deep_cusp_mgga_3x16,fc,0.5,1,4.275000,0.15365067052254866,0.17886104585155926
deep0_cusp_mgga_3x16,deep_cusp_mgga_3x16,fc,0.5,1,4.300000,0.15279480608733975,0.17822216317843895
deep0_cusp_mgga_3x16,deep_cusp_mgga_3x16,fc,0.5,1,4.325000,0.15194895758886828,0.17758961000099663
deep0_cusp_mgga_3x16,deep_cusp_mgga_3x16,fc,0.5,1,4.350000,0.15111302420678951,0.17696328586949575
deep0_cusp_mgga_3x16,deep_cusp_mgga_3x16,fc,0.5,1,4.375000,0.1502869051459177,0.17634309250345392
deep0_cusp_mgga_3x16,deep_cusp_mgga_3x16,fc,0.5,1,4.400000,0.14947049969314996,0.17572893373279852
deep0_cusp_mgga_3x16,deep_cusp_mgga_3x16,fc,0.5,1,4.425000,0.1486637072715007,0.1751207154409365
deep0_cusp_mgga_3x16,deep_cusp_mgga_3x16,fc,0.5,1,4.450000,0.14786642749132528,0.17451834550966117
deep0_cusp_mgga_3x16,deep_cusp_mgga_3x16,fc,0.5,1,4.475000,0.14707856019883447,0.17392173376583175
deep0_cusp_mgga_3x16,deep_cusp_mgga_3x16,fc,0.5,1,4.500000,0.1463000055219832,0.17333079192975498
deep0_cusp_mgga_3x16,deep_cusp_mgga_3x16,fc,0.5,1,4.525000,0.14553066391383251,0.17274543356520955
deep0_cusp_mgga_3x16,deep_cusp_mgga_3x16,fc,0.5,1,4.550000,0.1447704361934683,0.17216557403105057
deep0_cusp_mgga_3x16,deep_cusp_mgga_3x16,fc,0.5,1,4.575000,0.14401922358457364,0.1715911304343365
deep0_cusp_mgga_3x16,deep_cusp_mgga_3x16,fc,0.5,1,4.600000,0.14327692775173706,0.1710220215849235
deep0_cusp_mgga_3x16,deep_cusp_mgga_3x16,fc,0.5,1,4.625000,0.14254345083458864,0.17045816795147253
deep0_cusp_mgga_3x16,deep_cusp_mgga_3x16,fc,0.5,1,4.650000,0.1418186954798446,0.16989949161882065
deep0_cusp_mgga_3x16,deep_cusp_mgga_3x16,fc,0.5,1,4.675000,0.1411025648713472,0.169345916246664
deep0_cusp_mgga_3x16,deep_cusp_mgga_3x16,fc,0.5,1,4.700000,0.14039496275818042,0.16879736702950832
deep0_cusp_mgga_3x16,deep_cusp_mgga_3x16,fc,0.5,1,4.725000,0.13969579348093975,0.16825377065784222
deep0_cusp_mgga_3x16,deep_cusp_mgga_3x16,fc,0.5,1,4.750000,0.1390049619962308,0.16771505528048544
deep0_cusp_mgga_3x16,deep_cusp_mgga_3x16,fc,0.5,1,4.775000,0.13832237389947932,0.16718115046807694
deep0_cusp_mgga_3x16,deep_cusp_mgga_3x16,fc,0.5,1,4.800000,0.13764793544611464,0.16665198717765758
deep0_cusp_mgga_3x16,deep_cusp_mgga_3x16,fc,0.5,1,4.825000,0.13698155357120745,0.16612749771831284
deep0_cusp_mgga_3x16,deep_cusp_mgga_3x16,fc,0.5,1,4.850000,0.13632313590761824,0.16560761571783714
deep0_cusp_mgga_3x16,deep_cusp_mgga_3x16,fc,0.5,1,4.875000,0.1356725908027363,0.16509227609038232
deep0_cusp_mgga_3x16,deep_cusp_mgga_3x16,fc,0.5,1,4.900000,0.13502982733385904,0.16458141500506226
deep0_cusp_mgga_3x16,deep_cusp_mgga_3x16,fc,0.5,1,4.925000,0.13439475532228196,0.16407496985547446
deep0_cusp_mgga_3x16,deep_cusp_mgga_3x16,fc,0.5,1,4.950000,0.13376728534615578,0.1635728792301117
deep0_cusp_mgga_3x16,deep_cusp_mgga_3x16,fc,0.5,1,4.975000,0.1331473287521674,0.16307508288363087
deep0_cusp_mgga_3x16,deep_cusp_mgga_3x16,fc,0.5,1,5.000000,0.13253479766610088,0.16258152170895424
deep0_cusp_mgga_3x16,deep_cusp_mgga_3x16,fc,0.5,1,5.025000,0.13192960500232953,0.1620921377101671
deep0_cusp_mgga_3x16,deep_cusp_mgga_3x16,fc,0.5,1,5.050000,0.1313316644722926,0.16160687397619602
deep0_cusp_mgga_3x16,deep_cusp_mgga_3x16,fc,0.5,1,5.075000,0.13074089059200455,0.16112567465523162
deep0_cusp_mgga_3x16,deep_cusp_mgga_3x16,fc,0.5,1,5.100000,0.13015719868864284,0.16064848492987935
deep0_cusp_mgga_3x16,deep_cusp_mgga_3x16,fc,0.5,1,5.125000,0.12958050490626294,0.16017525099300686
deep0_cusp_mgga_3x16,deep_cusp_mgga_3x16,fc,0.5,1,5.150000,0.12901072621067977,0.15970592002427247
deep0_cusp_mgga_3x16,deep_cusp_mgga_3x16,fc,0.5,1,5.175000,0.12844778039356175,0.1592404401673063
deep0_cusp_mgga_3x16,deep_cusp_mgga_3x16,fc,0.5,1,5.200000,0.1278915860757749,0.15877876050752676
deep0_cusp_mgga_3x16,deep_cusp_mgga_3x16,fc,0.5,1,5.225000,0.12734206271001602,0.15832083105056988
deep0_cusp_mgga_3x16,deep_cusp_mgga_3x16,fc,0.5,1,5.250000,0.12679913058277403,0.1578666027013137
deep0_cusp_mgga_3x16,deep_cusp_mgga_3x16,fc,0.5,1,5.275000,0.12626271081565155,0.15741602724347523
deep0_cusp_mgga_3x16,deep_cusp_mgga_3x16,fc,0.5,1,5.300000,0.1257327253660846,0.15696905731976635
deep0_cusp_mgga_3x16,deep_cusp_mgga_3x16,fc,0.5,1,5.325000,0.1252090970274885,0.1565256464125864
deep0_cusp_mgga_3x16,deep_cusp_mgga_3x16,fc,0.5,1,5.350000,0.12469174942886696,0.15608574882523746
deep0_cusp_mgga_3x16,deep_cusp_mgga_3x16,fc,0.5,1,5.375000,0.12418060703390976,0.15564931966364534
deep0_cusp_mgga_3x16,deep_cusp_mgga_3x16,fc,0.5,1,5.400000,0.12367559513960757,0.1552163148185686
deep0_cusp_mgga_3x16,deep_cusp_mgga_3x16,fc,0.5,1,5.425000,0.1231766398744163,0.1547866909482838
deep0_cusp_mgga_3x16,deep_cusp_mgga_3x16,fc,0.5,1,5.450000,0.12268366819599263,0.15436040546172822
deep0_cusp_mgga_3x16,deep_cusp_mgga_3x16,fc,0.5,1,5.475000,0.12219660788852615,0.15393741650208853
deep0_cusp_mgga_3x16,deep_cusp_mgga_3x16,fc,0.5,1,5.500000,0.12171538755969413,0.15351768293082343
deep0_cusp_mgga_3x16,deep_cusp_mgga_3x16,fc,0.5,1,5.525000,0.12123993663726174,0.15310116431209972
deep0_cusp_mgga_3x16,deep_cusp_mgga_3x16,fc,0.5,1,5.550000,0.12077018536534845,0.15268782089763872
deep0_cusp_mgga_3x16,deep_cusp_mgga_3x16,fc,0.5,1,5.575000,0.12030606480038153,0.1522776136119535
deep0_cusp_mgga_3x16,deep_cusp_mgga_3x16,fc,0.5,1,5.600000,0.11984750680675782,0.1518705040379679
deep0_cusp_mgga_3x16,deep_cusp_mgga_3x16,fc,0.5,1,5.625000,0.11939444405223443,0.1514664544030052
deep0_cusp_mgga_3x16,deep_cusp_mgga_3x16,fc,0.5,1,5.650000,0.11894681000306084,0.15106542756513777
deep0_cusp_mgga_3x16,deep_cusp_mgga_3x16,fc,0.5,1,5.675000,0.11850453891887669,0.1506673869998804
deep0_cusp_mgga_3x16,deep_cusp_mgga_3x16,fc,0.5,1,5.700000,0.11806756584738931,0.1502722967872271
deep0_cusp_mgga_3x16,deep_cusp_mgga_3x16,fc,0.5,1,5.725000,0.1176358266188432,0.14988012159901035
deep0_cusp_mgga_3x16,deep_cusp_mgga_3x16,fc,0.5,1,5.750000,0.11720925784030423,0.14949082668658112
deep0_cusp_mgga_3x16,deep_cusp_mgga_3x16,fc,0.5,1,5.775000,0.11678779688976604,0.14910437786879902
deep0_cusp_mgga_3x16,deep_cusp_mgga_3x16,fc,0.5,1,5.800000,0.11637138191009477,0.14872074152031808
deep0_cusp_mgga_3x16,deep_cusp_mgga_3x16,fc,0.5,1,5.825000,0.11595995180282814,0.14833988456016775
deep0_cusp_mgga_3x16,deep_cusp_mgga_3x16,fc,0.5,1,5.850000,0.11555344622183572,0.14796177444061417
deep0_cusp_mgga_3x16,deep_cusp_mgga_3x16,fc,0.5,1,5.875000,0.11515180556685689,0.1475863791362959
deep0_cusp_mgga_3x16,deep_cusp_mgga_3x16,fc,0.5,1,5.900000,0.11475497097692666,0.147213667133628
deep0_cusp_mgga_3x16,deep_cusp_mgga_3x16,fc,0.5,1,5.925000,0.1143628843236979,0.14684360742046257
deep0_cusp_mgga_3x16,deep_cusp_mgga_3x16,fc,0.5,1,5.950000,0.11397548820467351,0.1464761694760027
deep0_cusp_mgga_3x16,deep_cusp_mgga_3x16,fc,0.5,1,5.975000,0.11359272593635505,0.14611132326095994
deep0_cusp_mgga_3x16,deep_cusp_mgga_3x16,fc,0.5,1,6.000000,0.11321454154732025,0.14574903920795002
deep0_cusp_mgga_3x16,deep_cusp_mgga_3x16,fc,2,1,0.000000,1.0,0.9999979292399579
deep0_cusp_mgga_3x16,deep_cusp_mgga_3x16,fc,2,1,0.025000,0.9999403097237836,0.9993770542431832
deep0_cusp_mgga_3x16,deep_cusp_mgga_3x16,fc,2,1,0.050000,0.9995290565323661,0.9975228957770809
deep0_cusp_mgga_3x16,deep_cusp_mgga_3x16,fc,2,1,0.075000,0.9984351969546835,0.994460530999504
deep0_cusp_mgga_3x16,deep_cusp_mgga_3x16,fc,2,1,0.100000,0.9963570470570999,0.9902307044211887
deep0_cusp_mgga_3x16,deep_cusp_mgga_3x16,fc,2,1,0.125000,0.9930329762182619,0.9848883327285808
deep0_cusp_mgga_3x16,deep_cusp_mgga_3x16,fc,2,1,0.150000,0.988254609239653,0.9785005634473067
deep0_cusp_mgga_3x16,deep_cusp_mgga_3x16,fc,2,1,0.175000,0.9818816023833667,0.9711445178442647
deep0_cusp_mgga_3x16,deep_cusp_mgga_3x16,fc,2,1,0.200000,0.9738568077262738,0.962904859173321
deep0_cusp_mgga_3x16,deep_cusp_mgga_3x16,fc,2,1,0.225000,0.9642201083177194,0.9538713244108318
deep0_cusp_mgga_3x16,deep_cusp_mgga_3x16,fc,2,1,0.250000,0.9531183639488761,0.9441363431076241
deep0_cusp_mgga_3x16,deep_cusp_mgga_3x16,fc,2,1,0.275000,0.9408078462315784,0.9337928442081102
deep0_cusp_mgga_3x16,deep_cusp_mgga_3x16,fc,2,1,0.300000,0.9276445426825334,0.9229323244306081
deep0_cusp_mgga_3x16,deep_cusp_mgga_3x16,fc,2,1,0.325000,0.9140573164183938,0.9116432236494123
deep0_cusp_mgga_3x16,deep_cusp_mgga_3x16,fc,2,1,0.350000,0.9004999980139434,0.9000096265825765
deep0_cusp_mgga_3x16,deep_cusp_mgga_3x16,fc,2,1,0.375000,0.8873822358188188,0.8881102879680052
deep0_cusp_mgga_3x16,deep_cusp_mgga_3x16,fc,2,1,0.400000,0.8749864041726337,0.8760179613553188
deep0_cusp_mgga_3x16,deep_cusp_mgga_3x16,fc,2,1,0.425000,0.8633888126029112,0.8637989998809493
deep0_cusp_mgga_3x16,deep_cusp_mgga_3x16,fc,2,1,0.450000,0.8524143139868129,0.8515131905458164
deep0_cusp_mgga_3x16,deep_cusp_mgga_3x16,fc,2,1,0.475000,0.8416561220759339,0.8392137808151852
deep0_cusp_mgga_3x16,deep_cusp_mgga_3x16,fc,2,1,0.500000,0.8305776793167097,0.8269476568730664
deep0_cusp_mgga_3x16,deep_cusp_mgga_3x16,fc,2,1,0.525000,0.8186786060052633,0.8147556356408845
deep0_cusp_mgga_3x16,deep_cusp_mgga_3x16,fc,2,1,0.550000,0.8056663595880617,0.8026728368579534
deep0_cusp_mgga_3x16,deep_cusp_mgga_3x16,fc,2,1,0.575000,0.7915573470310411,0.7907291064157039
deep0_cusp_mgga_3x16,deep_cusp_mgga_3x16,fc,2,1,0.600000,0.776658103917021,0.7789494672031972
deep0_cusp_mgga_3x16,deep_cusp_mgga_3x16,fc,2,1,0.625000,0.7614403379700513,0.7673545785836753
deep0_cusp_mgga_3x16,deep_cusp_mgga_3x16,fc,2,1,0.650000,0.7463805810721282,0.7559611900447227
deep0_cusp_mgga_3x16,deep_cusp_mgga_3x16,fc,2,1,0.675000,0.7318426471145418,0.7447825784221427
deep0_cusp_mgga_3x16,deep_cusp_mgga_3x16,fc,2,1,0.700000,0.7180380242894516,0.7338289613453942
deep0_cusp_mgga_3x16,deep_cusp_mgga_3x16,fc,2,1,0.725000,0.7050475965267314,0.7231078822018028
deep0_cusp_mgga_3x16,deep_cusp_mgga_3x16,fc,2,1,0.750000,0.6928666586309697,0.7126245640138944
deep0_cusp_mgga_3x16,deep_cusp_mgga_3x16,fc,2,1,0.775000,0.6814452995982204,0.7023822312342055
deep0_cusp_mgga_3x16,deep_cusp_mgga_3x16,fc,2,1,0.800000,0.6707148009782259,0.6923823996571112
deep0_cusp_mgga_3x16,deep_cusp_mgga_3x16,fc,2,1,0.825000,0.6606017979966944,0.6826251354996576
deep0_cusp_mgga_3x16,deep_cusp_mgga_3x16,fc,2,1,0.850000,0.6510350540041092,0.6731092852800223
deep0_cusp_mgga_3x16,deep_cusp_mgga_3x16,fc,2,1,0.875000,0.6419490080647593,0.6638326784825364
deep0_cusp_mgga_3x16,deep_cusp_mgga_3x16,fc,2,1,0.900000,0.633286201734525,0.6547923051930069
deep0_cusp_mgga_3x16,deep_cusp_mgga_3x16,fc,2,1,0.925000,0.624998702033152,0.6459844709597109
deep0_cusp_mgga_3x16,deep_cusp_mgga_3x16,fc,2,1,0.950000,0.6170478176222779,0.6374049311182255
deep0_cusp_mgga_3x16,deep_cusp_mgga_3x16,fc,2,1,0.975000,0.6094018932584183,0.6290490067394222
deep0_cusp_mgga_3x16,deep_cusp_mgga_3x16,fc,2,1,1.000000,0.602032955861651,0.6209116842406892
deep0_cusp_mgga_3x16,deep_cusp_mgga_3x16,fc,2,1,1.025000,0.5949135568097744,0.6129877005568195
deep0_cusp_mgga_3x16,deep_cusp_mgga_3x16,fc,2,1,1.050000,0.5880149609846658,0.6052716156109965
deep0_cusp_mgga_3x16,deep_cusp_mgga_3x16,fc,2,1,1.075000,0.5813071263177725,0.5977578736666059
deep0_cusp_mgga_3x16,deep_cusp_mgga_3x16,fc,2,1,1.100000,0.5747601735191058,0.5904408549832783
deep0_cusp_mgga_3x16,deep_cusp_mgga_3x16,fc,2,1,1.125000,0.5683466043019517,0.5833149190497332
deep0_cusp_mgga_3x16,deep_cusp_mgga_3x16,fc,2,1,1.150000,0.5620434674858078,0.5763744405242637
deep0_cusp_mgga_3x16,deep_cusp_mgga_3x16,fc,2,1,1.175000,0.5558338855245611,0.5696138388825301
deep0_cusp_mgga_3x16,deep_cusp_mgga_3x16,fc,2,1,1.200000,0.5497076700563497,0.5630276026524232
deep0_cusp_mgga_3x16,deep_cusp_mgga_3x16,fc,2,1,1.225000,0.543661040340056,0.5566103090071902
deep0_cusp_mgga_3x16,deep_cusp_mgga_3x16,fc,2,1,1.250000,0.5376956465877235,0.5503566393905188
deep0_cusp_mgga_3x16,deep_cusp_mgga_3x16,fc,2,1,1.275000,0.53181718143344,0.5442613917602815
deep0_cusp_mgga_3x16,deep_cusp_mgga_3x16,fc,2,1,1.300000,0.5260338591677142,0.5383194899604652
deep0_cusp_mgga_3x16,deep_cusp_mgga_3x16,fc,2,1,1.325000,0.5203549866141817,0.5325259906626605
deep0_cusp_mgga_3x16,deep_cusp_mgga_3x16,fc,2,1,1.350000,0.5147897721557055,0.5268760882585468
deep0_cusp_mgga_3x16,deep_cusp_mgga_3x16,fc,2,1,1.375000,0.5093464430390656,0.5213651180322839
deep0_cusp_mgga_3x16,deep_cusp_mgga_3x16,fc,2,1,1.400000,0.5040316791228177,0.5159885578958218
deep0_cusp_mgga_3x16,deep_cusp_mgga_3x16,fc,2,1,1.425000,0.4988503290731967,0.5107420289301449
deep0_cusp_mgga_3x16,deep_cusp_mgga_3x16,fc,2,1,1.450000,0.4938053522766628,0.505621294940694
deep0_cusp_mgga_3x16,deep_cusp_mgga_3x16,fc,2,1,1.475000,0.48889792272707755,0.5006222612050479
deep0_cusp_mgga_3x16,deep_cusp_mgga_3x16,fc,2,1,1.500000,0.4841276349306436,0.49574097256481264
deep0_cusp_mgga_3x16,deep_cusp_mgga_3x16,fc,2,1,1.525000,0.47949276172744604,0.49097361099109743
deep0_cusp_mgga_3x16,deep_cusp_mgga_3x16,fc,2,1,1.550000,0.4749905261018825,0.4863164927334565
deep0_cusp_mgga_3x16,deep_cusp_mgga_3x16,fc,2,1,1.575000,0.47061736100047036,0.4817660651453901
deep0_cusp_mgga_3x16,deep_cusp_mgga_3x16,fc,2,1,1.600000,0.46636914145655983,0.4773189032650351
deep0_cusp_mgga_3x16,deep_cusp_mgga_3x16,fc,2,1,1.625000,0.46224138134770054,0.4729717062172614
deep0_cusp_mgga_3x16,deep_cusp_mgga_3x16,fc,2,1,1.650000,0.45822939285298037,0.46872129349273167
deep0_cusp_mgga_3x16,deep_cusp_mgga_3x16,fc,2,1,1.675000,0.4543284104155483,0.4645646011503388
deep0_cusp_mgga_3x16,deep_cusp_mgga_3x16,fc,2,1,1.700000,0.4505336831602317,0.46049867798163124
deep0_cusp_mgga_3x16,deep_cusp_mgga_3x16,fc,2,1,1.725000,0.4468405406918535,0.456520681669137
deep0_cusp_mgga_3x16,deep_cusp_mgga_3x16,fc,2,1,1.750000,0.44324443738242536,0.45262787496481893
deep0_cusp_mgga_3x16,deep_cusp_mgga_3x16,fc,2,1,1.775000,0.4397409799467419,0.44881762191001456
deep0_cusp_mgga_3x16,deep_cusp_mgga_3x16,fc,2,1,1.800000,0.43632594253104373,0.44508738411410614
deep0_cusp_mgga_3x16,deep_cusp_mgga_3x16,fc,2,1,1.825000,0.43299527285487927,0.4414347171056468
deep0_cusp_mgga_3x16,deep_cusp_mgga_3x16,fc,2,1,1.850000,0.4297450922535584,0.43785726676671094
deep0_cusp_mgga_3x16,deep_cusp_mgga_3x16,fc,2,1,1.875000,0.4265716918274731,0.4343527658587303
deep0_cusp_mgga_3x16,deep_cusp_mgga_3x16,fc,2,1,1.900000,0.4234715263456732,0.43091903064596176
deep0_cusp_mgga_3x16,deep_cusp_mgga_3x16,fc,2,1,1.925000,0.4204412070852783,0.4275539576209672
deep0_cusp_mgga_3x16,deep_cusp_mgga_3x16,fc,2,1,1.950000,0.41747749441444837,0.42425552033500025
deep0_cusp_mgga_3x16,deep_cusp_mgga_3x16,fc,2,1,1.975000,0.4145772906365621,0.42102176633496174
deep0_cusp_mgga_3x16,deep_cusp_mgga_3x16,fc,2,1,2.000000,0.41173763339560576,0.4178508142075638
deep0_cusp_mgga_3x16,deep_cusp_mgga_3x16,fc,2,1,2.025000,0.40895568978529795,0.4147408507304974
deep0_cusp_mgga_3x16,deep_cusp_mgga_3x16,fc,2,1,2.050000,0.4062287511952565,0.4116901281297167
deep0_cusp_mgga_3x16,deep_cusp_mgga_3x16,fc,2,1,2.075000,0.40355422885587955,0.40869696144138795
deep0_cusp_mgga_3x16,deep_cusp_mgga_3x16,fc,2,1,2.100000,0.400929650000465,0.4057597259766089
deep0_cusp_mgga_3x16,deep_cusp_mgga_3x16,fc,2,1,2.125000,0.39835265454078994,0.4028768548866527
deep0_cusp_mgga_3x16,deep_cusp_mgga_3x16,fc,2,1,2.150000,0.3958209921448812,0.40004683682621295
deep0_cusp_mgga_3x16,deep_cusp_mgga_3x16,fc,2,1,2.175000,0.3933325196082411,0.3972682137119251
deep0_cusp_mgga_3x16,deep_cusp_mgga_3x16,fc,2,1,2.200000,0.3908851984187338,0.39453957857328703
deep0_cusp_mgga_3x16,deep_cusp_mgga_3x16,fc,2,1,2.225000,0.38847709242798867,0.3918595734929977
deep0_cusp_mgga_3x16,deep_cusp_mgga_3x16,fc,2,1,2.250000,0.38610636555655353,0.3892268876336721
deep0_cusp_mgga_3x16,deep_cusp_mgga_3x16,fc,2,1,2.275000,0.38377127947478806,0.38664025534786034
deep0_cusp_mgga_3x16,deep_cusp_mgga_3x16,fc,2,1,2.300000,0.3814701912157037,0.38409845436829027
deep0_cusp_mgga_3x16,deep_cusp_mgga_3x16,fc,2,1,2.325000,0.3792015506890395,0.3816003040752743
deep0_cusp_mgga_3x16,deep_cusp_mgga_3x16,fc,2,1,2.350000,0.3769638980774488,0.3791446638382631
deep0_cusp_mgga_3x16,deep_cusp_mgga_3x16,fc,2,1,2.375000,0.374755861105714,0.37673043142856466
deep0_cusp_mgga_3x16,deep_cusp_mgga_3x16,fc,2,1,2.400000,0.3725761521822125,0.3743565415003257
deep0_cusp_mgga_3x16,deep_cusp_mgga_3x16,fc,2,1,2.425000,0.37042356541864985,0.37202196413693345
deep0_cusp_mgga_3x16,deep_cusp_mgga_3x16,fc,2,1,2.450000,0.3682969735393353,0.36972570346007544
deep0_cusp_mgga_3x16,deep_cusp_mgga_3x16,fc,2,1,2.475000,0.36619532469523874,0.36746679629878193
deep0_cusp_mgga_3x16,deep_cusp_mgga_3x16,fc,2,1,2.500000,0.3641176392008023,0.36524431091585596
deep0_cusp_mgga_3x16,deep_cusp_mgga_3x16,fc,2,1,2.525000,0.3620630062132444,0.3630573457891894
deep0_cusp_mgga_3x16,deep_cusp_mgga_3x16,fc,2,1,2.550000,0.36003058037493973,0.36090502844555156
deep0_cusp_mgga_3x16,deep_cusp_mgga_3x16,fc,2,1,2.575000,0.35801957843962806,0.35878651434452946
deep0_cusp_mgga_3x16,deep_cusp_mgga_3x16,fc,2,1,2.600000,0.35602927590276123,0.35670098581038173
deep0_cusp_mgga_3x16,deep_cusp_mgga_3x16,fc,2,1,2.625000,0.3540590036554172,0.3546476510096695
deep0_cusp_mgga_3x16,deep_cusp_mgga_3x16,fc,2,1,2.650000,0.352108144679953,0.3526257429726038
deep0_cusp_mgga_3x16,deep_cusp_mgga_3x16,fc,2,1,2.675000,0.35017613080408183,0.3506345186561396
deep0_cusp_mgga_3x16,deep_cusp_mgga_3x16,fc,2,1,2.700000,0.3482624395283782,0.34867325804693405
deep0_cusp_mgga_3x16,deep_cusp_mgga_3x16,fc,2,1,2.725000,0.3463665909404421,0.3467412633023611
deep0_cusp_mgga_3x16,deep_cusp_mgga_3x16,fc,2,1,2.750000,0.34448814472711264,0.3448378579278594
deep0_cusp_mgga_3x16,deep_cusp_mgga_3x16,fc,2,1,2.775000,0.34262669729433237,0.34296238598896517
deep0_cusp_mgga_3x16,deep_cusp_mgga_3x16,fc,2,1,2.800000,0.3407818790024354,0.34111421135645564
deep0_cusp_mgga_3x16,deep_cusp_mgga_3x16,fc,2,1,2.825000,0.3389533515229628,0.33929271698309965
deep0_cusp_mgga_3x16,deep_cusp_mgga_3x16,fc,2,1,2.850000,0.3371408053214622,0.3374973042105832
deep0_cusp_mgga_3x16,deep_cusp_mgga_3x16,fc,2,1,2.875000,0.33534395726923716,0.33572739210524005
deep0_cusp_mgga_3x16,deep_cusp_mgga_3x16,fc,2,1,2.900000,0.3335625483856286,0.33398241682128416
deep0_cusp_mgga_3x16,deep_cusp_mgga_3x16,fc,2,1,2.925000,0.331796341711146,0.33226183099029705
deep0_cusp_mgga_3x16,deep_cusp_mgga_3x16,fc,2,1,2.950000,0.3300451203106691,0.3305651031357905
deep0_cusp_mgga_3x16,deep_cusp_mgga_3x16,fc,2,1,2.975000,0.3283086854049311,0.3288917171117058
deep0_cusp_mgga_3x16,deep_cusp_mgga_3x16,fc,2,1,3.000000,0.3265868546276689,0.3272411715637788
deep0_cusp_mgga_3x16,deep_cusp_mgga_3x16,fc,2,1,3.025000,0.3248794604050729,0.325612979412743
deep0_cusp_mgga_3x16,deep_cusp_mgga_3x16,fc,2,1,3.050000,0.3231863484535874,0.32400666735839034
deep0_cusp_mgga_3x16,deep_cusp_mgga_3x16,fc,2,1,3.075000,0.3215073763916102,0.3224217754035607
deep0_cusp_mgga_3x16,deep_cusp_mgga_3x16,fc,2,1,3.100000,0.3198424124602537,0.3208578563971705
deep0_cusp_mgga_3x16,deep_cusp_mgga_3x16,fc,2,1,3.125000,0.31819133434805225,0.31931447559543635
deep0_cusp_mgga_3x16,deep_cusp_mgga_3x16,fc,2,1,3.150000,0.3165540281142858,0.31779121024048645
deep0_cusp_mgga_3x16,deep_cusp_mgga_3x16,fc,2,1,3.175000,0.31493038720548516,0.31628764915559354
deep0_cusp_mgga_3x16,deep_cusp_mgga_3x16,fc,2,1,3.200000,0.31332031155962303,0.31480339235629645
deep0_cusp_mgga_3x16,deep_cusp_mgga_3x16,fc,2,1,3.225000,0.3117237067924945,0.31333805067671594
deep0_cusp_mgga_3x16,deep_cusp_mgga_3x16,fc,2,1,3.250000,0.31014048346088896,0.3118912454103982
deep0_cusp_mgga_3x16,deep_cusp_mgga_3x16,fc,2,1,3.275000,0.30857055639721276,0.3104626079650559
deep0_cusp_mgga_3x16,deep_cusp_mgga_3x16,fc,2,1,3.300000,0.307013844110414,0.3090517795306019
deep0_cusp_mgga_3x16,deep_cusp_mgga_3x16,fc,2,1,3.325000,0.30547026824819945,0.3076584107599022
deep0_cusp_mgga_3x16,deep_cusp_mgga_3x16,fc,2,1,3.350000,0.3039397531157595,0.3062821614617
deep0_cusp_mgga_3x16,deep_cusp_mgga_3x16,fc,2,1,3.375000,0.3024222252464115,0.3049227003051915
deep0_cusp_mgga_3x16,deep_cusp_mgga_3x16,fc,2,1,3.400000,0.30091761301982345,0.30357970453574934
deep0_cusp_mgga_3x16,deep_cusp_mgga_3x16,fc,2,1,3.425000,0.2994258463237037,0.30225285970132765
deep0_cusp_mgga_3x16,deep_cusp_mgga_3x16,fc,2,1,3.450000,0.29794685625509,0.3009418593890887
deep0_cusp_mgga_3x16,deep_cusp_mgga_3x16,fc,2,1,3.475000,0.296480574857623,0.2996464049718257
deep0_cusp_mgga_3x16,deep_cusp_mgga_3x16,fc,2,1,3.500000,0.2950269348914254,0.2983662053637661
deep0_cusp_mgga_3x16,deep_cusp_mgga_3x16,fc,2,1,3.525000,0.2935858696324458,0.2971009767853637
deep0_cusp_mgga_3x16,deep_cusp_mgga_3x16,fc,2,1,3.550000,0.29215731269836553,0.2958504425367076
deep0_cusp_mgga_3x16,deep_cusp_mgga_3x16,fc,2,1,3.575000,0.2907411978983908,0.29461433277918625
deep0_cusp_mgga_3x16,deep_cusp_mgga_3x16,fc,2,1,3.600000,0.28933745910445574,0.29339238432506953
deep0_cusp_mgga_3x16,deep_cusp_mgga_3x16,fc,2,1,3.625000,0.2879460301415927,0.29218434043467995
deep0_cusp_mgga_3x16,deep_cusp_mgga_3x16,fc,2,1,3.650000,0.2865668446953893,0.29098995062084504
deep0_cusp_mgga_3x16,deep_cusp_mgga_3x16,fc,2,1,3.675000,0.28519983623466527,0.2898089704603319
deep0_cusp_mgga_3x16,deep_cusp_mgga_3x16,fc,2,1,3.700000,0.28384493794765153,0.28864116141198104
deep0_cusp_mgga_3x16,deep_cusp_mgga_3x16,fc,2,1,3.725000,0.2825020826901279,0.28748629064127096
deep0_cusp_mgga_3x16,deep_cusp_mgga_3x16,fc,2,1,3.750000,0.28117120294411857,0.2863441308510491
deep0_cusp_mgga_3x16,deep_cusp_mgga_3x16,fc,2,1,3.775000,0.2798522307858854,0.2852144601181904
deep0_cusp_mgga_3x16,deep_cusp_mgga_3x16,fc,2,1,3.800000,0.2785450978620859,0.2840970617359392
deep0_cusp_mgga_3x16,deep_cusp_mgga_3x16,fc,2,1,3.825000,0.27724973537307374,0.28299172406171447
deep0_cusp_mgga_3x16,deep_cusp_mgga_3x16,fc,2,1,3.850000,0.27596607406243856,0.28189824037015937
deep0_cusp_mgga_3x16,deep_cusp_mgga_3x16,fc,2,1,3.875000,0.2746940442119682,0.2808164087112307
deep0_cusp_mgga_3x16,deep_cusp_mgga_3x16,fc,2,1,3.900000,0.2734335756413079,0.2797460317731291
deep0_cusp_mgga_3x16,deep_cusp_mgga_3x16,fc,2,1,3.925000,0.272184597711675,0.278686916749883
deep0_cusp_mgga_3x16,deep_cusp_mgga_3x16,fc,2,1,3.950000,0.2709470393330533,0.27763887521340663
deep0_cusp_mgga_3x16,deep_cusp_mgga_3x16,fc,2,1,3.975000,0.26972082897436966,0.27660172298985414
deep0_cusp_mgga_3x16,deep_cusp_mgga_3x16,fc,2,1,4.000000,0.26850589467619024,0.2755752800401125
deep0_cusp_mgga_3x16,deep_cusp_mgga_3x16,fc,2,1,4.025000,0.26730216406555396,0.2745593703442679
deep0_cusp_mgga_3x16,deep_cusp_mgga_3x16,fc,2,1,4.050000,0.2661095643725955,0.27355382178989796
deep0_cusp_mgga_3x16,deep_cusp_mgga_3x16,fc,2,1,4.075000,0.264928022448638,0.2725584660640442
deep0_cusp_mgga_3x16,deep_cusp_mgga_3x16,fc,2,1,4.100000,0.2637574647855008,0.2715731385487246
deep0_cusp_mgga_3x16,deep_cusp_mgga_3x16,fc,2,1,4.125000,0.26259781753578537,0.27059767821985464
deep0_cusp_mgga_3x16,deep_cusp_mgga_3x16,fc,2,1,4.150000,0.2614490065339232,0.2696319275494482
deep0_cusp_mgga_3x16,deep_cusp_mgga_3x16,fc,2,1,4.175000,0.2603109573178175,0.2686757324109783
deep0_cusp_mgga_3x16,deep_cusp_mgga_3x16,fc,2,1,4.200000,0.25918359515091616,0.2677289419877766
deep0_cusp_mgga_3x16,deep_cusp_mgga_3x16,fc,2,1,4.225000,0.2580668450445789,0.2667914086843645
deep0_cusp_mgga_3x16,deep_cusp_mgga_3x16,fc,2,1,4.250000,0.25696063178062356,0.2658629880406043
deep0_cusp_mgga_3x16,deep_cusp_mgga_3x16,fc,2,1,4.275000,0.2558648799339459,0.2649435386485696
deep0_cusp_mgga_3x16,deep_cusp_mgga_3x16,fc,2,1,4.300000,0.2547795138951241,0.26403292207203394
deep0_cusp_mgga_3x16,deep_cusp_mgga_3x16,fc,2,1,4.325000,0.2537044578929326,0.26313100276848567
deep0_cusp_mgga_3x16,deep_cusp_mgga_3x16,fc,2,1,4.350000,0.2526396360166978,0.2622376480135749
deep0_cusp_mgga_3x16,deep_cusp_mgga_3x16,fc,2,1,4.375000,0.25158497223843934,0.261352727827909
deep0_cusp_mgga_3x16,deep_cusp_mgga_3x16,fc,2,1,4.400000,0.25054039043474885,0.2604761149061068
deep0_cusp_mgga_3x16,deep_cusp_mgga_3x16,fc,2,1,4.425000,0.24950581440836161,0.25960768454803845
deep0_cusp_mgga_3x16,deep_cusp_mgga_3x16,fc,2,1,4.450000,0.24848116790939234,0.2587473145921683
deep0_cusp_mgga_3x16,deep_cusp_mgga_3x16,fc,2,1,4.475000,0.2474663746561958,0.257894885350928
deep0_cusp_mgga_3x16,deep_cusp_mgga_3x16,fc,2,1,4.500000,0.24646135835583782,0.25705027954804943
deep0_cusp_mgga_3x16,deep_cusp_mgga_3x16,fc,2,1,4.525000,0.24546604272414563,0.25621338225778867
deep0_cusp_mgga_3x16,deep_cusp_mgga_3x16,fc,2,1,4.550000,0.24448035150532987,0.25538408084597464
deep0_cusp_mgga_3x16,deep_cusp_mgga_3x16,fc,2,1,4.575000,0.24350420849115584,0.2545622649128204
deep0_cusp_mgga_3x16,deep_cusp_mgga_3x16,fc,2,1,4.600000,0.24253753753965834,0.25374782623743414
deep0_cusp_mgga_3x16,deep_cusp_mgga_3x16,fc,2,1,4.625000,0.24158026259339072,0.2529406587239747
deep0_cusp_mgga_3x16,deep_cusp_mgga_3x16,fc,2,1,4.650000,0.24063230769719723,0.252140658349393
deep0_cusp_mgga_3x16,deep_cusp_mgga_3x16,fc,2,1,4.675000,0.2396935970155094,0.2513477231127058
deep0_cusp_mgga_3x16,deep_cusp_mgga_3x16,fc,2,1,4.700000,0.2387640548491612,0.2505617529857525
deep0_cusp_mgga_3x16,deep_cusp_mgga_3x16,fc,2,1,4.725000,0.2378436056517199,0.24978264986537968
deep0_cusp_mgga_3x16,deep_cusp_mgga_3x16,fc,2,1,4.750000,0.23693217404533495,0.24901031752701194
deep0_cusp_mgga_3x16,deep_cusp_mgga_3x16,fc,2,1,4.775000,0.23602968483610176,0.24824466157955616
deep0_cusp_mgga_3x16,deep_cusp_mgga_3x16,fc,2,1,4.800000,0.2351360630289494,0.24748558942160173
deep0_cusp_mgga_3x16,deep_cusp_mgga_3x16,fc,2,1,4.825000,0.2342512338420455,0.24673301019886745
deep0_cusp_mgga_3x16,deep_cusp_mgga_3x16,fc,2,1,4.850000,0.23337512272072714,0.2459868347628584
deep0_cusp_mgga_3x16,deep_cusp_mgga_3x16,fc,2,1,4.875000,0.23250765535096485,0.24524697563069034
deep0_cusp_mgga_3x16,deep_cusp_mgga_3x16,fc,2,1,4.900000,0.23164875767235527,0.24451334694604612
deep0_cusp_mgga_3x16,deep_cusp_mgga_3x16,fc,2,1,4.925000,0.23079835589065612,0.24378586444122397
deep0_cusp_mgga_3x16,deep_cusp_mgga_3x16,fc,2,1,4.950000,0.229956376489866,0.2430644454002464
deep0_cusp_mgga_3x16,deep_cusp_mgga_3x16,fc,2,1,4.975000,0.22912274624385354,0.24234900862299066
deep0_cusp_mgga_3x16,deep_cusp_mgga_3x16,fc,2,1,5.000000,0.2282973922275432,0.2416394743903123
deep0_cusp_mgga_3x16,deep_cusp_mgga_3x16,fc,2,1,5.025000,0.22748024182766902,0.24093576443012776
deep0_cusp_mgga_3x16,deep_cusp_mgga_3x16,fc,2,1,5.050000,0.2266712227530946,0.24023780188442595
deep0_cusp_mgga_3x16,deep_cusp_mgga_3x16,fc,2,1,5.075000,0.22587026304471247,0.23954551127717988
deep0_cusp_mgga_3x16,deep_cusp_mgga_3x16,fc,2,1,5.100000,0.22507729108493169,0.23885881848312807
deep0_cusp_mgga_3x16,deep_cusp_mgga_3x16,fc,2,1,5.125000,0.22429223560675315,0.23817765069740152
deep0_cusp_mgga_3x16,deep_cusp_mgga_3x16,fc,2,1,5.150000,0.22351502570245196,0.23750193640596662
deep0_cusp_mgga_3x16,deep_cusp_mgga_3x16,fc,2,1,5.175000,0.22274559083186218,0.2368316053568613
deep0_cusp_mgga_3x16,deep_cusp_mgga_3x16,fc,2,1,5.200000,0.22198386083028387,0.2361665885321971
deep0_cusp_mgga_3x16,deep_cusp_mgga_3x16,fc,2,1,5.225000,0.2212297659160093,0.23550681812090557
deep0_cusp_mgga_3x16,deep_cusp_mgga_3x16,fc,2,1,5.250000,0.22048323669748404,0.2348522274922058
deep0_cusp_mgga_3x16,deep_cusp_mgga_3x16,fc,2,1,5.275000,0.21974420418011142,0.2342027511697695
deep0_cusp_mgga_3x16,deep_cusp_mgga_3x16,fc,2,1,5.300000,0.21901259977269927,0.23355832480656416
deep0_cusp_mgga_3x16,deep_cusp_mgga_3x16,fc,2,1,5.325000,0.21828835529356871,0.23291888516035325
deep0_cusp_mgga_3x16,deep_cusp_mgga_3x16,fc,2,1,5.350000,0.2175714029763266,0.23228437006983182
deep0_cusp_mgga_3x16,deep_cusp_mgga_3x16,fc,2,1,5.375000,0.21686167547530855,0.23165471843138197
deep0_cusp_mgga_3x16,deep_cusp_mgga_3x16,fc,2,1,5.400000,0.21615910587070664,0.23102987017642448
deep0_cusp_mgga_3x16,deep_cusp_mgga_3x16,fc,2,1,5.425000,0.21546362767338256,0.2304097662493547
deep0_cusp_mgga_3x16,deep_cusp_mgga_3x16,fc,2,1,5.450000,0.21477517482938024,0.22979434858604042
deep0_cusp_mgga_3x16,deep_cusp_mgga_3x16,fc,2,1,5.475000,0.21409368172414256,0.22918356009286728
deep0_cusp_mgga_3x16,deep_cusp_mgga_3x16,fc,2,1,5.500000,0.21341908318643976,0.2285773446263154
deep0_cusp_mgga_3x16,deep_cusp_mgga_3x16,fc,2,1,5.525000,0.21275131449201967,0.22797564697305178
deep0_cusp_mgga_3x16,deep_cusp_mgga_3x16,fc,2,1,5.550000,0.21209031136698564,0.22737841283052157
deep0_cusp_mgga_3x16,deep_cusp_mgga_3x16,fc,2,1,5.575000,0.21143600999090917,0.226785588788027
deep0_cusp_mgga_3x16,deep_cusp_mgga_3x16,fc,2,1,5.600000,0.21078834699968818,0.22619712230827665
deep0_cusp_mgga_3x16,deep_cusp_mgga_3x16,fc,2,1,5.625000,0.2101472594881525,0.22561296170939235
deep0_cusp_mgga_3x16,deep_cusp_mgga_3x16,fc,2,1,5.650000,0.20951268501243037,0.22503305614736244
deep0_cusp_mgga_3x16,deep_cusp_mgga_3x16,fc,2,1,5.675000,0.20888456159207847,0.22445735559892538
deep0_cusp_mgga_3x16,deep_cusp_mgga_3x16,fc,2,1,5.700000,0.20826282771198457,0.22388581084487277
deep0_cusp_mgga_3x16,deep_cusp_mgga_3x16,fc,2,1,5.725000,0.20764742232404965,0.22331837345376276
deep0_cusp_mgga_3x16,deep_cusp_mgga_3x16,fc,2,1,5.750000,0.20703828484865539,0.22275499576602592
deep0_cusp_mgga_3x16,deep_cusp_mgga_3x16,fc,2,1,5.775000,0.2064353551759257,0.22219563087845898
deep0_cusp_mgga_3x16,deep_cusp_mgga_3x16,fc,2,1,5.800000,0.20583857366678615,0.22164023262909055
deep0_cusp_mgga_3x16,deep_cusp_mgga_3x16,fc,2,1,5.825000,0.20524788115383108,0.2210887555824118
deep0_cusp_mgga_3x16,deep_cusp_mgga_3x16,fc,2,1,5.850000,0.20466321894200246,0.22054115501495927
deep0_cusp_mgga_3x16,deep_cusp_mgga_3x16,fc,2,1,5.875000,0.2040845288090869,0.21999738690124393
deep0_cusp_mgga_3x16,deep_cusp_mgga_3x16,fc,2,1,5.900000,0.20351175300603697,0.21945740790001048
deep0_cusp_mgga_3x16,deep_cusp_mgga_3x16,fc,2,1,5.925000,0.20294483425712695,0.21892117534082484
deep0_cusp_mgga_3x16,deep_cusp_mgga_3x16,fc,2,1,5.950000,0.20238371575994007,0.2183886472109757
deep0_cusp_mgga_3x16,deep_cusp_mgga_3x16,fc,2,1,5.975000,0.20182834118520399,0.2178597821426839
deep0_cusp_mgga_3x16,deep_cusp_mgga_3x16,fc,2,1,6.000000,0.20127865467646877,0.21733453940061145
deep0_cusp_mgga_3x16,deep_cusp_mgga_3x16,fc,5,1,0.000000,1.0,0.9999990149527557
deep0_cusp_mgga_3x16,deep_cusp_mgga_3x16,fc,5,1,0.025000,0.9999623872785954,0.9996454650158665
deep0_cusp_mgga_3x16,deep_cusp_mgga_3x16,fc,5,1,0.050000,0.999703245498101,0.9985877903808377
deep0_cusp_mgga_3x16,deep_cusp_mgga_3x16,fc,5,1,0.075000,0.9990139885271889,0.9968348457593228
deep0_cusp_mgga_3x16,deep_cusp_mgga_3x16,fc,5,1,0.100000,0.9977045546493822,0.994401156254488
deep0_cusp_mgga_3x16,deep_cusp_mgga_3x16,fc,5,1,0.125000,0.9956100989471249,0.991306579538298
deep0_cusp_mgga_3x16,deep_cusp_mgga_3x16,fc,5,1,0.150000,0.9925990996774411,0.9875758546215633
deep0_cusp_mgga_3x16,deep_cusp_mgga_3x16,fc,5,1,0.175000,0.9885821515263149,0.9832380569823586
deep0_cusp_mgga_3x16,deep_cusp_mgga_3x16,fc,5,1,0.200000,0.9835205945863598,0.9783259829140583
deep0_cusp_mgga_3x16,deep_cusp_mgga_3x16,fc,5,1,0.225000,0.9774339281345493,0.9728754875211882
deep0_cusp_mgga_3x16,deep_cusp_mgga_3x16,fc,5,1,0.250000,0.9704046828848814,0.9669248008460498
deep0_cusp_mgga_3x16,deep_cusp_mgga_3x16,fc,5,1,0.275000,0.9625791102200455,0.9605138452979184
deep0_cusp_mgga_3x16,deep_cusp_mgga_3x16,fc,5,1,0.300000,0.9541617737184948,0.9536835751252656
deep0_cusp_mgga_3x16,deep_cusp_mgga_3x16,fc,5,1,0.325000,0.9454020322092251,0.9464753554267609
deep0_cusp_mgga_3x16,deep_cusp_mgga_3x16,fc,5,1,0.350000,0.9365706874815368,0.9389303944673031
deep0_cusp_mgga_3x16,deep_cusp_mgga_3x16,fc,5,1,0.375000,0.9279260323268368,0.9310892391657972
deep0_cusp_mgga_3x16,deep_cusp_mgga_3x16,fc,5,1,0.400000,0.9196705907009544,0.9229913398257114
deep0_cusp_mgga_3x16,deep_cusp_mgga_3x16,fc,5,1,0.425000,0.9119034442863654,0.9146746867032198
deep0_cusp_mgga_3x16,deep_cusp_mgga_3x16,fc,5,1,0.450000,0.9045783048322753,0.9061755180009162
deep0_cusp_mgga_3x16,deep_cusp_mgga_3x16,fc,5,1,0.475000,0.8974833110748593,0.8975280964230576
deep0_cusp_mgga_3x16,deep_cusp_mgga_3x16,fc,5,1,0.500000,0.8902613923985803,0.8887645495592437
deep0_cusp_mgga_3x16,deep_cusp_mgga_3x16,fc,5,1,0.525000,0.8824840204339487,0.8799147680594598
deep0_cusp_mgga_3x16,deep_cusp_mgga_3x16,fc,5,1,0.550000,0.873771534468128,0.8710063547732961
deep0_cusp_mgga_3x16,deep_cusp_mgga_3x16,fc,5,1,0.575000,0.8639239766491974,0.8620646176776797
deep0_cusp_mgga_3x16,deep_cusp_mgga_3x16,fc,5,1,0.600000,0.8530052321842793,0.8531125994283771
deep0_cusp_mgga_3x16,deep_cusp_mgga_3x16,fc,5,1,0.625000,0.841333084942558,0.8441711366572578
deep0_cusp_mgga_3x16,deep_cusp_mgga_3x16,fc,5,1,0.650000,0.8293733794674265,0.8352589426212103
deep0_cusp_mgga_3x16,deep_cusp_mgga_3x16,fc,5,1,0.675000,0.8175896741715802,0.8263927074201369
deep0_cusp_mgga_3x16,deep_cusp_mgga_3x16,fc,5,1,0.700000,0.8063197768577424,0.8175872106821805
deep0_cusp_mgga_3x16,deep_cusp_mgga_3x16,fc,5,1,0.725000,0.7957244694050501,0.8088554423176804
deep0_cusp_mgga_3x16,deep_cusp_mgga_3x16,fc,5,1,0.750000,0.7858075481397527,0.8002087276340036
deep0_cusp_mgga_3x16,deep_cusp_mgga_3x16,fc,5,1,0.775000,0.776474869322733,0.7916568537562961
deep0_cusp_mgga_3x16,deep_cusp_mgga_3x16,fc,5,1,0.800000,0.767596822491682,0.7832081948979432
deep0_cusp_mgga_3x16,deep_cusp_mgga_3x16,fc,5,1,0.825000,0.759053477889387,0.7748698345598082
deep0_cusp_mgga_3x16,deep_cusp_mgga_3x16,fc,5,1,0.850000,0.7507577948145959,0.7666476832053
deep0_cusp_mgga_3x16,deep_cusp_mgga_3x16,fc,5,1,0.875000,0.7426611156081635,0.7585465903592546
deep0_cusp_mgga_3x16,deep_cusp_mgga_3x16,fc,5,1,0.900000,0.7347475681642999,0.7505704504155506
deep0_cusp_mgga_3x16,deep_cusp_mgga_3x16,fc,5,1,0.925000,0.7270233811989226,0.742722301716235
deep0_cusp_mgga_3x16,deep_cusp_mgga_3x16,fc,5,1,0.950000,0.7195054332610087,0.7350044186896625
deep0_cusp_mgga_3x16,deep_cusp_mgga_3x16,fc,5,1,0.975000,0.7122115221754984,0.7274183970131036
deep0_cusp_mgga_3x16,deep_cusp_mgga_3x16,fc,5,1,1.000000,0.7051534343109375,0.7199652319029054
deep0_cusp_mgga_3x16,deep_cusp_mgga_3x16,fc,5,1,1.025000,0.6983330576604742,0.7126453897386826
deep0_cusp_mgga_3x16,deep_cusp_mgga_3x16,fc,5,1,1.050000,0.6917413124439767,0.7054588733028593
deep0_cusp_mgga_3x16,deep_cusp_mgga_3x16,fc,5,1,1.075000,0.6853593540807533,0.6984052809682795
deep0_cusp_mgga_3x16,deep_cusp_mgga_3x16,fc,5,1,1.100000,0.6791612882769381,0.6914838601990331
deep0_cusp_mgga_3x16,deep_cusp_mgga_3x16,fc,5,1,1.125000,0.6731175705889813,0.6846935557470246
deep0_cusp_mgga_3x16,deep_cusp_mgga_3x16,fc,5,1,1.150000,0.66719835836174,0.6780330529324223
deep0_cusp_mgga_3x16,deep_cusp_mgga_3x16,fc,5,1,1.175000,0.6613762931901402,0.6715008163927761
deep0_cusp_mgga_3x16,deep_cusp_mgga_3x16,fc,5,1,1.200000,0.6556284396929039,0.6650951246755552
deep0_cusp_mgga_3x16,deep_cusp_mgga_3x16,fc,5,1,1.225000,0.6499373261759412,0.6588141010340396
deep0_cusp_mgga_3x16,deep_cusp_mgga_3x16,fc,5,1,1.250000,0.6442911894585189,0.6526557407683822
deep0_cusp_mgga_3x16,deep_cusp_mgga_3x16,fc,5,1,1.275000,0.6386836122211826,0.6466179354334792
deep0_cusp_mgga_3x16,deep_cusp_mgga_3x16,fc,5,1,1.300000,0.6331127668488616,0.6406984942139579
deep0_cusp_mgga_3x16,deep_cusp_mgga_3x16,fc,5,1,1.325000,0.6275804628592349,0.6348951627448584
deep0_cusp_mgga_3x16,deep_cusp_mgga_3x16,fc,5,1,1.350000,0.6220911544933886,0.6292056396349859
deep0_cusp_mgga_3x16,deep_cusp_mgga_3x16,fc,5,1,1.375000,0.6166510166334864,0.6236275909288448
deep0_cusp_mgga_3x16,deep_cusp_mgga_3x16,fc,5,1,1.400000,0.6112671517655586,0.6181586627228287
deep0_cusp_mgga_3x16,deep_cusp_mgga_3x16,fc,5,1,1.425000,0.605946954151116,0.6127964921321176
deep0_cusp_mgga_3x16,deep_cusp_mgga_3x16,fc,5,1,1.450000,0.6006976316370887,0.6075387167866465
deep0_cusp_mgga_3x16,deep_cusp_mgga_3x16,fc,5,1,1.475000,0.5955258699007697,0.6023829830176339
deep0_cusp_mgga_3x16,deep_cusp_mgga_3x16,fc,5,1,1.500000,0.5904376163299219,0.5973269528804983
deep0_cusp_mgga_3x16,deep_cusp_mgga_3x16,fc,5,1,1.525000,0.5854379587523353,0.5923683101455629
deep0_cusp_mgga_3x16,deep_cusp_mgga_3x16,fc,5,1,1.550000,0.5805310756659698,0.587504765374695
deep0_cusp_mgga_3x16,deep_cusp_mgga_3x16,fc,5,1,1.575000,0.5757202377947818,0.5827340601899168
deep0_cusp_mgga_3x16,deep_cusp_mgga_3x16,fc,5,1,1.600000,0.571007844561956,0.5780539708289968
deep0_cusp_mgga_3x16,deep_cusp_mgga_3x16,fc,5,1,1.625000,0.5663954827466886,0.5734623110730128
deep0_cusp_mgga_3x16,deep_cusp_mgga_3x16,fc,5,1,1.650000,0.5618839978255848,0.5689569346218099
deep0_cusp_mgga_3x16,deep_cusp_mgga_3x16,fc,5,1,1.675000,0.5574735711673197,0.5645357369850825
deep0_cusp_mgga_3x16,deep_cusp_mgga_3x16,fc,5,1,1.700000,0.5531637983489581,0.5601966569494266
deep0_cusp_mgga_3x16,deep_cusp_mgga_3x16,fc,5,1,1.725000,0.5489537654564218,0.5559376776750583
deep0_cusp_mgga_3x16,deep_cusp_mgga_3x16,fc,5,1,1.750000,0.5448421214055787,0.5517568274699277
deep0_cusp_mgga_3x16,deep_cusp_mgga_3x16,fc,5,1,1.775000,0.5408271451611064,0.5476521802836081
deep0_cusp_mgga_3x16,deep_cusp_mgga_3x16,fc,5,1,1.800000,0.5369068073152607,0.543621855958531
deep0_cusp_mgga_3x16,deep_cusp_mgga_3x16,fc,5,1,1.825000,0.5330788258825969,0.5396640202718658
deep0_cusp_mgga_3x16,deep_cusp_mgga_3x16,fc,5,1,1.850000,0.5293407164212656,0.5357768847974943
deep0_cusp_mgga_3x16,deep_cusp_mgga_3x16,fc,5,1,1.875000,0.5256898367465699,0.5319587066141122
deep0_cusp_mgga_3x16,deep_cusp_mgga_3x16,fc,5,1,1.900000,0.5221234265882878,0.5282077878824455
deep0_cusp_mgga_3x16,deep_cusp_mgga_3x16,fc,5,1,1.925000,0.5186386425821596,0.5245224753118387
deep0_cusp_mgga_3x16,deep_cusp_mgga_3x16,fc,5,1,1.950000,0.5152325889942606,0.5209011595340554
deep0_cusp_mgga_3x16,deep_cusp_mgga_3x16,fc,5,1,1.975000,0.5119023445662937,0.517342274399984
deep0_cusp_mgga_3x16,deep_cusp_mgga_3x16,fc,5,1,2.000000,0.508644985848291,0.5138442962130143
deep0_cusp_mgga_3x16,deep_cusp_mgga_3x16,fc,5,1,2.025000,0.5054576073583114,0.5104057429111634
deep0_cusp_mgga_3x16,deep_cusp_mgga_3x16,fc,5,1,2.050000,0.5023373388800213,0.5070251732085082
deep0_cusp_mgga_3x16,deep_cusp_mgga_3x16,fc,5,1,2.075000,0.4992813601808379,0.5037011857051521
deep0_cusp_mgga_3x16,deep_cusp_mgga_3x16,fc,5,1,2.100000,0.4962869134068365,0.5004324179737605
deep0_cusp_mgga_3x16,deep_cusp_mgga_3x16,fc,5,1,2.125000,0.4933513133865016,0.4972175456296509
deep0_cusp_mgga_3x16,deep_cusp_mgga_3x16,fc,5,1,2.150000,0.4904719560538937,0.4940552813904952
deep0_cusp_mgga_3x16,deep_cusp_mgga_3x16,fc,5,1,2.175000,0.48764632518275675,0.4909443741308621
deep0_cusp_mgga_3x16,deep_cusp_mgga_3x16,fc,5,1,2.200000,0.48487199760638533,0.4878836079361111
deep0_cusp_mgga_3x16,deep_cusp_mgga_3x16,fc,5,1,2.225000,0.48214664708338195,0.48487180115949635
deep0_cusp_mgga_3x16,deep_cusp_mgga_3x16,fc,5,1,2.250000,0.47946804695642486,0.48190780548578205
deep0_cusp_mgga_3x16,deep_cusp_mgga_3x16,fc,5,1,2.275000,0.4768340717396442,0.47899050500416546
deep0_cusp_mgga_3x16,deep_cusp_mgga_3x16,fc,5,1,2.300000,0.47424269775977357,0.4761188152928677
deep0_cusp_mgga_3x16,deep_cusp_mgga_3x16,fc,5,1,2.325000,0.47169200296680125,0.473291682517367
deep0_cusp_mgga_3x16,deep_cusp_mgga_3x16,fc,5,1,2.350000,0.4691801660211057,0.47050808254390697
deep0_cusp_mgga_3x16,deep_cusp_mgga_3x16,fc,5,1,2.375000,0.4667054647559564,0.46776702006961846
deep0_cusp_mgga_3x16,deep_cusp_mgga_3x16,fc,5,1,2.400000,0.46426627410660115,0.4650675277703309
deep0_cusp_mgga_3x16,deep_cusp_mgga_3x16,fc,5,1,2.425000,0.46186106358993007,0.4624086654669244
deep0_cusp_mgga_3x16,deep_cusp_mgga_3x16,fc,5,1,2.450000,0.4594883944118112,0.4597895193108712
deep0_cusp_mgga_3x16,deep_cusp_mgga_3x16,fc,5,1,2.475000,0.45714691627258563,0.45720920098944784
deep0_cusp_mgga_3x16,deep_cusp_mgga_3x16,fc,5,1,2.500000,0.4548353639348872,0.4546668469509451
deep0_cusp_mgga_3x16,deep_cusp_mgga_3x16,fc,5,1,2.525000,0.4525525536119289,0.4521616176500745
deep0_cusp_mgga_3x16,deep_cusp_mgga_3x16,fc,5,1,2.550000,0.45029737922857815,0.44969269681366114
deep0_cusp_mgga_3x16,deep_cusp_mgga_3x16,fc,5,1,2.575000,0.44806880860204734,0.4472592907266093
deep0_cusp_mgga_3x16,deep_cusp_mgga_3x16,fc,5,1,2.600000,0.44586587958377977,0.44486062753805344
deep0_cusp_mgga_3x16,deep_cusp_mgga_3x16,fc,5,1,2.625000,0.4436876961991343,0.44249595658753055
deep0_cusp_mgga_3x16,deep_cusp_mgga_3x16,fc,5,1,2.650000,0.4415334248168028,0.4401645477509543
deep0_cusp_mgga_3x16,deep_cusp_mgga_3x16,fc,5,1,2.675000,0.43940229037550127,0.4378656908061182
deep0_cusp_mgga_3x16,deep_cusp_mgga_3x16,fc,5,1,2.700000,0.4372935726913898,0.4355986948174173
deep0_cusp_mgga_3x16,deep_cusp_mgga_3x16,fc,5,1,2.725000,0.4352066028658712,0.4333628875394389
deep0_cusp_mgga_3x16,deep_cusp_mgga_3x16,fc,5,1,2.750000,0.4331407598099375,0.43115761483905096
deep0_cusp_mgga_3x16,deep_cusp_mgga_3x16,fc,5,1,2.775000,0.43109546689802203,0.4289822401355888
deep0_cusp_mgga_3x16,deep_cusp_mgga_3x16,fc,5,1,2.800000,0.4290701887614101,0.4268361438587218
deep0_cusp_mgga_3x16,deep_cusp_mgga_3x16,fc,5,1,2.825000,0.42706442822863844,0.4247187229235841
deep0_cusp_mgga_3x16,deep_cusp_mgga_3x16,fc,5,1,2.850000,0.42507772341794703,0.42262939022271595
deep0_cusp_mgga_3x16,deep_cusp_mgga_3x16,fc,5,1,2.875000,0.42310964498478965,0.42056757413438567
deep0_cusp_mgga_3x16,deep_cusp_mgga_3x16,fc,5,1,2.900000,0.42115979352553434,0.4185327180468393
deep0_cusp_mgga_3x16,deep_cusp_mgga_3x16,fc,5,1,2.925000,0.4192277971369196,0.4165242798980287
deep0_cusp_mgga_3x16,deep_cusp_mgga_3x16,fc,5,1,2.950000,0.41731330912943587,0.4145417317303747
deep0_cusp_mgga_3x16,deep_cusp_mgga_3x16,fc,5,1,2.975000,0.4154160058916485,0.4125845592601183
deep0_cusp_mgga_3x16,deep_cusp_mgga_3x16,fc,5,1,3.000000,0.41353558490149567,0.41065226146082096
deep0_cusp_mgga_3x16,deep_cusp_mgga_3x16,fc,5,1,3.025000,0.4116717628798008,0.408744350160579
deep0_cusp_mgga_3x16,deep_cusp_mgga_3x16,fc,5,1,3.050000,0.4098242740806075,0.40686034965252166
deep0_cusp_mgga_3x16,deep_cusp_mgga_3x16,fc,5,1,3.075000,0.4079928687124428,0.40499979631817745
deep0_cusp_mgga_3x16,deep_cusp_mgga_3x16,fc,5,1,3.100000,0.4061773114842735,0.40316223826329
deep0_cusp_mgga_3x16,deep_cusp_mgga_3x16,fc,5,1,3.125000,0.4043773802696613,0.40134723496568275
deep0_cusp_mgga_3x16,deep_cusp_mgga_3x16,fc,5,1,3.150000,0.4025928648824906,0.3995543569347777
deep0_cusp_mgga_3x16,deep_cusp_mgga_3x16,fc,5,1,3.175000,0.4008235659575845,0.3977831853823812
deep0_cusp_mgga_3x16,deep_cusp_mgga_3x16,fc,5,1,3.200000,0.3990692939295599,0.39603331190436375
deep0_cusp_mgga_3x16,deep_cusp_mgga_3x16,fc,5,1,3.225000,0.397329868103349,0.3943043381728628
deep0_cusp_mgga_3x16,deep_cusp_mgga_3x16,fc,5,1,3.250000,0.3956051158099694,0.39259587563866183
deep0_cusp_mgga_3x16,deep_cusp_mgga_3x16,fc,5,1,3.275000,0.3938948716413071,0.3909075452433913
deep0_cusp_mgga_3x16,deep_cusp_mgga_3x16,fc,5,1,3.300000,0.39219897675790494,0.38923897714122113
deep0_cusp_mgga_3x16,deep_cusp_mgga_3x16,fc,5,1,3.325000,0.3905172782640003,0.38758981042971863
deep0_cusp_mgga_3x16,deep_cusp_mgga_3x16,fc,5,1,3.350000,0.3888496286443296,0.38595969288955584
deep0_cusp_mgga_3x16,deep_cusp_mgga_3x16,fc,5,1,3.375000,0.3871958852574987,0.38434828073276117
deep0_cusp_mgga_3x16,deep_cusp_mgga_3x16,fc,5,1,3.400000,0.3855559098810256,0.3827552383592205
deep0_cusp_mgga_3x16,deep_cusp_mgga_3x16,fc,5,1,3.425000,0.38392956830345093,0.3811802381211392
deep0_cusp_mgga_3x16,deep_cusp_mgga_3x16,fc,5,1,3.450000,0.38231672995921717,0.3796229600951923
deep0_cusp_mgga_3x16,deep_cusp_mgga_3x16,fc,5,1,3.475000,0.3807172676023147,0.3780830918620921
deep0_cusp_mgga_3x16,deep_cusp_mgga_3x16,fc,5,1,3.500000,0.3791310570149802,0.3765603282933156
deep0_cusp_mgga_3x16,deep_cusp_mgga_3x16,fc,5,1,3.525000,0.37755797674801783,0.3750543713447426
deep0_cusp_mgga_3x16,deep_cusp_mgga_3x16,fc,5,1,3.550000,0.37599790788958487,0.3735649298569645
deep0_cusp_mgga_3x16,deep_cusp_mgga_3x16,fc,5,1,3.575000,0.3744507338595351,0.3720917193620273
deep0_cusp_mgga_3x16,deep_cusp_mgga_3x16,fc,5,1,3.600000,0.3729163402266762,0.3706344618963883
deep0_cusp_mgga_3x16,deep_cusp_mgga_3x16,fc,5,1,3.625000,0.371394614546514,0.36919288581986776
deep0_cusp_mgga_3x16,deep_cusp_mgga_3x16,fc,5,1,3.650000,0.3698854462172845,0.36776672564038704
deep0_cusp_mgga_3x16,deep_cusp_mgga_3x16,fc,5,1,3.675000,0.3683887263522765,0.36635572184428994
deep0_cusp_mgga_3x16,deep_cusp_mgga_3x16,fc,5,1,3.700000,0.3669043476666396,0.3649596207320557
deep0_cusp_mgga_3x16,deep_cusp_mgga_3x16,fc,5,1,3.725000,0.3654322043770539,0.3635781742592128
deep0_cusp_mgga_3x16,deep_cusp_mgga_3x16,fc,5,1,3.750000,0.3639721921127851,0.36221113988227666
deep0_cusp_mgga_3x16,deep_cusp_mgga_3x16,fc,5,1,3.775000,0.36252420783682227,0.3608582804095324
deep0_cusp_mgga_3x16,deep_cusp_mgga_3x16,fc,5,1,3.800000,0.3610881497759124,0.35951936385649846
deep0_cusp_mgga_3x16,deep_cusp_mgga_3x16,fc,5,1,3.825000,0.3596639173584468,0.3581941633059065
deep0_cusp_mgga_3x16,deep_cusp_mgga_3x16,fc,5,1,3.850000,0.35825141115925474,0.3568824567720446
deep0_cusp_mgga_3x16,deep_cusp_mgga_3x16,fc,5,1,3.875000,0.3568505328504813,0.3555840270693093
deep0_cusp_mgga_3x16,deep_cusp_mgga_3x16,fc,5,1,3.900000,0.3554611851578,0.35429866168482543
deep0_cusp_mgga_3x16,deep_cusp_mgga_3x16,fc,5,1,3.925000,0.3540832718213158,0.35302615265499115
deep0_cusp_mgga_3x16,deep_cusp_mgga_3x16,fc,5,1,3.950000,0.3527166975605682,0.3517662964458161
deep0_cusp_mgga_3x16,deep_cusp_mgga_3x16,fc,5,1,3.975000,0.35136136804313867,0.35051889383692036
deep0_cusp_mgga_3x16,deep_cusp_mgga_3x16,fc,5,1,4.000000,0.3500171898564015,0.3492837498090728
deep0_cusp_mgga_3x16,deep_cusp_mgga_3x16,fc,5,1,4.025000,0.348684070482033,0.34806067343514313
deep0_cusp_mgga_3x16,deep_cusp_mgga_3x16,fc,5,1,4.050000,0.3473619182729232,0.3468494777743586
deep0_cusp_mgga_3x16,deep_cusp_mgga_3x16,fc,5,1,4.075000,0.3460506424321974,0.34564997976974704
deep0_cusp_mgga_3x16,deep_cusp_mgga_3x16,fc,5,1,4.100000,0.34475015299407996,0.34446200014866274
deep0_cusp_mgga_3x16,deep_cusp_mgga_3x16,fc,5,1,4.125000,0.34346036080636144,0.3432853633262889
deep0_cusp_mgga_3x16,deep_cusp_mgga_3x16,fc,5,1,4.150000,0.34218117751428023,0.34211989731201875
deep0_cusp_mgga_3x16,deep_cusp_mgga_3x16,fc,5,1,4.175000,0.3409125155456336,0.34096543361861753
deep0_cusp_mgga_3x16,deep_cusp_mgga_3x16,fc,5,1,4.200000,0.3396542880969713,0.33982180717407245
deep0_cusp_mgga_3x16,deep_cusp_mgga_3x16,fc,5,1,4.225000,0.3384064091207366,0.3386888562360414
deep0_cusp_mgga_3x16,deep_cusp_mgga_3x16,fc,5,1,4.250000,0.33716879331324234,0.33756642230881523
deep0_cusp_mgga_3x16,deep_cusp_mgga_3x16,fc,5,1,4.275000,0.3359413561033763,0.3364543500627077
deep0_cusp_mgga_3x16,deep_cusp_mgga_3x16,fc,5,1,4.300000,0.33472401364196314,0.3353524872557952
deep0_cusp_mgga_3x16,deep_cusp_mgga_3x16,fc,5,1,4.325000,0.33351668279168867,0.3342606846579296
deep0_cusp_mgga_3x16,deep_cusp_mgga_3x16,fc,5,1,4.350000,0.3323192811175415,0.333178795976946
deep0_cusp_mgga_3x16,deep_cusp_mgga_3x16,fc,5,1,4.375000,0.3311317268777044,0.3321066777869978
deep0_cusp_mgga_3x16,deep_cusp_mgga_3x16,fc,5,1,4.400000,0.3299539390148457,0.33104418945894687
deep0_cusp_mgga_3x16,deep_cusp_mgga_3x16,fc,5,1,4.425000,0.328785837147783,0.32999119309274394
deep0_cusp_mgga_3x16,deep_cusp_mgga_3x16,fc,5,1,4.450000,0.32762734156346185,0.32894755345173254
deep0_cusp_mgga_3x16,deep_cusp_mgga_3x16,fc,5,1,4.475000,0.3264783732092382,0.32791313789881793
deep0_cusp_mgga_3x16,deep_cusp_mgga_3x16,fc,5,1,4.500000,0.32533885368542304,0.3268878163344363
deep0_cusp_mgga_3x16,deep_cusp_mgga_3x16,fc,5,1,4.525000,0.3242087052380719,0.3258714611362714
deep0_cusp_mgga_3x16,deep_cusp_mgga_3x16,fc,5,1,4.550000,0.3230878507520001,0.324863947100658
deep0_cusp_mgga_3x16,deep_cusp_mgga_3x16,fc,5,1,4.575000,0.32197621374400054,0.32386515138562305
deep0_cusp_mgga_3x16,deep_cusp_mgga_3x16,fc,5,1,4.600000,0.3208737183562518,0.32287495345550876
deep0_cusp_mgga_3x16,deep_cusp_mgga_3x16,fc,5,1,4.625000,0.319780289349902,0.3218932350271314
deep0_cusp_mgga_3x16,deep_cusp_mgga_3x16,fc,5,1,4.650000,0.3186958520988161,0.32091988001742017
deep0_cusp_mgga_3x16,deep_cusp_mgga_3x16,fc,5,1,4.675000,0.3176203325834761,0.31995477449250154
deep0_cusp_mgga_3x16,deep_cusp_mgga_3x16,fc,5,1,4.700000,0.3165536573850254,0.31899780661817084
deep0_cusp_mgga_3x16,deep_cusp_mgga_3x16,fc,5,1,4.725000,0.31549575367944604,0.3180488666117171
deep0_cusp_mgga_3x16,deep_cusp_mgga_3x16,fc,5,1,4.750000,0.3144465492318682,0.31710784669505476
deep0_cusp_mgga_3x16,deep_cusp_mgga_3x16,fc,5,1,4.775000,0.3134059723909919,0.3161746410491227
deep0_cusp_mgga_3x16,deep_cusp_mgga_3x16,fc,5,1,4.800000,0.31237395208363217,0.31524914576951185
deep0_cusp_mgga_3x16,deep_cusp_mgga_3x16,fc,5,1,4.825000,0.31135041780936823,0.31433125882328217
deep0_cusp_mgga_3x16,deep_cusp_mgga_3x16,fc,5,1,4.850000,0.31033529963529727,0.31342088000693685
deep0_cusp_mgga_3x16,deep_cusp_mgga_3x16,fc,5,1,4.875000,0.30932852819089063,0.31251791090550957
deep0_cusp_mgga_3x16,deep_cusp_mgga_3x16,fc,5,1,4.900000,0.30833003466293907,0.3116222548527418
deep0_cusp_mgga_3x16,deep_cusp_mgga_3x16,fc,5,1,4.925000,0.3073397507905966,0.31073381689230917
deep0_cusp_mgga_3x16,deep_cusp_mgga_3x16,fc,5,1,4.950000,0.30635760886050667,0.30985250374006773
deep0_cusp_mgga_3x16,deep_cusp_mgga_3x16,fc,5,1,4.975000,0.3053835417020154,0.30897822374729
deep0_cusp_mgga_3x16,deep_cusp_mgga_3x16,fc,5,1,5.000000,0.3044174826824644,0.30811088686486104
deep0_cusp_mgga_3x16,deep_cusp_mgga_3x16,fc,5,1,5.025000,0.3034593657025638,0.30725040460840314
deep0_cusp_mgga_3x16,deep_cusp_mgga_3x16,fc,5,1,5.050000,0.3025091251918385,0.30639669002430625
deep0_cusp_mgga_3x16,deep_cusp_mgga_3x16,fc,5,1,5.075000,0.30156669610414877,0.3055496576566333
deep0_cusp_mgga_3x16,deep_cusp_mgga_3x16,fc,5,1,5.100000,0.30063201391328065,0.30470922351487484
deep0_cusp_mgga_3x16,deep_cusp_mgga_3x16,fc,5,1,5.125000,0.2997050146086052,0.3038753050425315
deep0_cusp_mgga_3x16,deep_cusp_mgga_3x16,fc,5,1,5.150000,0.2987856346908029,0.30304782108649503
deep0_cusp_mgga_3x16,deep_cusp_mgga_3x16,fc,5,1,5.175000,0.29787381116765055,0.30222669186720713
deep0_cusp_mgga_3x16,deep_cusp_mgga_3x16,fc,5,1,5.200000,0.29696948154987357,0.3014118389495745
deep0_cusp_mgga_3x16,deep_cusp_mgga_3x16,fc,5,1,5.225000,0.29607258384705193,0.30060318521461604
deep0_cusp_mgga_3x16,deep_cusp_mgga_3x16,fc,5,1,5.250000,0.29518305656359056,0.29980065483182117
deep0_cusp_mgga_3x16,deep_cusp_mgga_3x16,fc,5,1,5.275000,0.294300838694741,0.29900417323219936
deep0_cusp_mgga_3x16,deep_cusp_mgga_3x16,fc,5,1,5.300000,0.2934258697226808,0.2982136670820024
deep0_cusp_mgga_3x16,deep_cusp_mgga_3x16,fc,5,1,5.325000,0.29255808961264007,0.2974290642570966
deep0_cusp_mgga_3x16,deep_cusp_mgga_3x16,fc,5,1,5.350000,0.2916974388090887,0.29665029381796965
deep0_cusp_mgga_3x16,deep_cusp_mgga_3x16,fc,5,1,5.375000,0.2908438582319617,0.29587728598535235
deep0_cusp_mgga_3x16,deep_cusp_mgga_3x16,fc,5,1,5.400000,0.28999728927294177,0.295109972116438
deep0_cusp_mgga_3x16,deep_cusp_mgga_3x16,fc,5,1,5.425000,0.2891576737917839,0.29434828468168495
deep0_cusp_mgga_3x16,deep_cusp_mgga_3x16,fc,5,1,5.450000,0.2883249541126863,0.2935921572421799
deep0_cusp_mgga_3x16,deep_cusp_mgga_3x16,fc,5,1,5.475000,0.2874990730207063,0.2928415244275539
deep0_cusp_mgga_3x16,deep_cusp_mgga_3x16,fc,5,1,5.500000,0.2866799737582165,0.2920963219144287
deep0_cusp_mgga_3x16,deep_cusp_mgga_3x16,fc,5,1,5.525000,0.285867600021406,0.29135648640538486
deep0_cusp_mgga_3x16,deep_cusp_mgga_3x16,fc,5,1,5.550000,0.28506189595681797,0.2906219556084315
deep0_cusp_mgga_3x16,deep_cusp_mgga_3x16,fc,5,1,5.575000,0.2842628061579302,0.2898926682169676
deep0_cusp_mgga_3x16,deep_cusp_mgga_3x16,fc,5,1,5.600000,0.2834702756617702,0.28916856389021944
deep0_cusp_mgga_3x16,deep_cusp_mgga_3x16,fc,5,1,5.625000,0.28268424994556973,0.2884495832341424
deep0_cusp_mgga_3x16,deep_cusp_mgga_3x16,fc,5,1,5.650000,0.2819046749234545,0.28773566778277415
deep0_cusp_mgga_3x16,deep_cusp_mgga_3x16,fc,5,1,5.675000,0.2811314969431684,0.28702675998002475
deep0_cusp_mgga_3x16,deep_cusp_mgga_3x16,fc,5,1,5.700000,0.28036466278283245,0.286322803161895
deep0_cusp_mgga_3x16,deep_cusp_mgga_3x16,fc,5,1,5.725000,0.2796041196477368,0.2856237415391107
deep0_cusp_mgga_3x16,deep_cusp_mgga_3x16,fc,5,1,5.750000,0.27884981516716234,0.2849295201801586
deep0_cusp_mgga_3x16,deep_cusp_mgga_3x16,fc,5,1,5.775000,0.2781016973912387,0.28424008499471776
deep0_cusp_mgga_3x16,deep_cusp_mgga_3x16,fc,5,1,5.800000,0.2773597147878286,0.2835553827174724
deep0_cusp_mgga_3x16,deep_cusp_mgga_3x16,fc,5,1,5.825000,0.276623816239442,0.282875360892298
deep0_cusp_mgga_3x16,deep_cusp_mgga_3x16,fc,5,1,5.850000,0.2758939510401821,0.28219996785680873
deep0_cusp_mgga_3x16,deep_cusp_mgga_3x16,fc,5,1,5.875000,0.27517006889271556,0.2815291527272585
deep0_cusp_mgga_3x16,deep_cusp_mgga_3x16,fc,5,1,5.900000,0.2744521199052745,0.2808628653837865
deep0_cusp_mgga_3x16,deep_cusp_mgga_3x16,fc,5,1,5.925000,0.2737400545886798,0.28020105645599513
deep0_cusp_mgga_3x16,deep_cusp_mgga_3x16,fc,5,1,5.950000,0.27303382385339614,0.2795436773088565
deep0_cusp_mgga_3x16,deep_cusp_mgga_3x16,fc,5,1,5.975000,0.27233337900660737,0.278890680028933
deep0_cusp_mgga_3x16,deep_cusp_mgga_3x16,fc,5,1,6.000000,0.27163867174932044,0.2782420174109092
deep0_mgga_3x16,deep_mgga_3x16,fx,,0,0.000000,1.1713225384153234,1.174
deep0_mgga_3x16,deep_mgga_3x16,fx,,0,0.025000,1.1713225555616558,1.1739999999999697
deep0_mgga_3x16,deep_mgga_3x16,fx,,0,0.050000,1.1713226719855556,1.1739999997117707
deep0_mgga_3x16,deep_mgga_3x16,fx,,0,0.075000,1.1713229670222551,1.1739999832816606
deep0_mgga_3x16,deep_mgga_3x16,fx,,0,0.100000,1.1713234681391076,1.1739998118858568
deep0_mgga_3x16,deep_mgga_3x16,fx,,0,0.125000,1.1713241036147626,1.1739990186707916
deep0_mgga_3x16,deep_mgga_3x16,fx,,0,0.150000,1.1713246436755673,1.1739966782079427
deep0_mgga_3x16,deep_mgga_3x16,fx,,0,0.175000,1.1713246341353498,1.1739914307174975
deep0_mgga_3x16,deep_mgga_3x16,fx,,0,0.200000,1.1713233258056697,1.1739816048593708
deep0_mgga_3x16,deep_mgga_3x16,fx,,0,0.225000,1.171319601447977,1.1739653659192677
deep0_mgga_3x16,deep_mgga_3x16,fx,,0,0.250000,1.1713118996060974,1.1739408470016728
deep0_mgga_3x16,deep_mgga_3x16,fx,,0,0.275000,1.1712981312190658,1.173906248075868
deep0_mgga_3x16,deep_mgga_3x16,fx,,0,0.300000,1.1712755809006676,1.1738599024257972
deep0_mgga_3x16,deep_mgga_3x16,fx,,0,0.325000,1.1712407821000268,1.173800315917155
deep0_mgga_3x16,deep_mgga_3x16,fx,,0,0.350000,1.1711893600309247,1.1737261857914447
deep0_mgga_3x16,deep_mgga_3x16,fx,,0,0.375000,1.1711158642186599,1.173636405071631
deep0_mgga_3x16,deep_mgga_3x16,fx,,0,0.400000,1.1710136996078346,1.1735300574458616
deep0_mgga_3x16,deep_mgga_3x16,fx,,0,0.425000,1.1708754728088842,1.1734064062619238
deep0_mgga_3x16,deep_mgga_3x16,fx,,0,0.450000,1.1706944400245227,1.1732648802223025
deep0_mgga_3x16,deep_mgga_3x16,fx,,0,0.475000,1.1704680666534932,1.1731050575598443
deep0_mgga_3x16,deep_mgga_3x16,fx,,0,0.500000,1.1702039818838443,1.1729266498750575
deep0_mgga_3x16,deep_mgga_3x16,fx,,0,0.525000,1.1699249624349468,1.1727294863871929
deep0_mgga_3x16,deep_mgga_3x16,fx,,0,0.550000,1.1696638484095063,1.1725134990516597
deep0_mgga_3x16,deep_mgga_3x16,fx,,0,0.575000,1.1694421252431944,1.1722787087915814
deep0_mgga_3x16,deep_mgga_3x16,fx,,0,0.600000,1.1692474846536862,1.1720252129544764
deep0_mgga_3x16,deep_mgga_3x16,fx,,0,0.625000,1.1690398712961472,1.1717531740160276
deep0_mgga_3x16,deep_mgga_3x16,fx,,0,0.650000,1.168785591264776,1.171462809497049
deep0_mgga_3x16,deep_mgga_3x16,fx,,0,0.675000,1.1684838147051402,1.1711543830265692
deep0_mgga_3x16,deep_mgga_3x16,fx,,0,0.700000,1.168162855884622,1.1708281964660416
deep0_mgga_3x16,deep_mgga_3x16,fx,,0,0.725000,1.1678567844933114,1.1704845830018829
deep0_mgga_3x16,deep_mgga_3x16,fx,,0,0.750000,1.1675859346594506,1.1701239011122389
deep0_mgga_3x16,deep_mgga_3x16,fx,,0,0.775000,1.167354170309246,1.1697465293166707
deep0_mgga_3x16,deep_mgga_3x16,fx,,0,0.800000,1.1671575997951937,1.169352861622596
deep0_mgga_3x16,deep_mgga_3x16,fx,,0,0.825000,1.1669918305621412,1.1689433035887846
deep0_mgga_3x16,deep_mgga_3x16,fx,,0,0.850000,1.1668507422794758,1.168518268933181
deep0_mgga_3x16,deep_mgga_3x16,fx,,0,0.875000,1.166721093185158,1.1680781766193893
deep0_mgga_3x16,deep_mgga_3x16,fx,,0,0.900000,1.1665820709058177,1.1676234483629735
deep0_mgga_3x16,deep_mgga_3x16,fx,,0,0.925000,1.1664126411984537,1.1671545065051685
deep0_mgga_3x16,deep_mgga_3x16,fx,,0,0.950000,1.1662011845192644,1.1666717722075282
deep0_mgga_3x16,deep_mgga_3x16,fx,,0,0.975000,1.1659506241016184,1.1661756639264584
deep0_mgga_3x16,deep_mgga_3x16,fx,,0,1.000000,1.165676646058323,1.1656665961314685
deep0_mgga_3x16,deep_mgga_3x16,fx,,0,1.025000,1.1654008197167876,1.1651449782353507
deep0_mgga_3x16,deep_mgga_3x16,fx,,0,1.050000,1.1651421676782976,1.1646112137083935
deep0_mgga_3x16,deep_mgga_3x16,fx,,0,1.075000,1.1649106178243664,1.1640656993521898
deep0_mgga_3x16,deep_mgga_3x16,fx,,0,1.100000,1.164704413936268,1.163508824711651
deep0_mgga_3x16,deep_mgga_3x16,fx,,0,1.125000,1.164511548579364,1.1629409716065238
deep0_mgga_3x16,deep_mgga_3x16,fx,,0,1.150000,1.1643136497028446,1.1623625137660767
deep0_mgga_3x16,deep_mgga_3x16,fx,,0,1.175000,1.1640902980470618,1.161773816552685
deep0_mgga_3x16,deep_mgga_3x16,fx,,0,1.200000,1.1638223563087553,1.1611752367618726
deep0_mgga_3x16,deep_mgga_3x16,fx,,0,1.225000,1.1634938446223602,1.1605671224879528
deep0_mgga_3x16,deep_mgga_3x16,fx,,0,1.250000,1.1630926026553685,1.159949813045806
deep0_mgga_3x16,deep_mgga_3x16,fx,,0,1.275000,1.162610251129227,1.159323638940552
deep0_mgga_3x16,deep_mgga_3x16,fx,,0,1.300000,1.1620419158153674,1.1586889218779366
deep0_mgga_3x16,deep_mgga_3x16,fx,,0,1.325000,1.1613859920811582,1.1580459748091831
deep0_mgga_3x16,deep_mgga_3x16,fx,,0,1.350000,1.1606440407002054,1.1573951020048758
deep0_mgga_3x16,deep_mgga_3x16,fx,,0,1.375000,1.159820772400885,1.1567365991531484
deep0_mgga_3x16,deep_mgga_3x16,fx,,0,1.400000,1.158924008805165,1.1560707534780776
deep0_mgga_3x16,deep_mgga_3x16,fx,,0,1.425000,1.157964493362931,1.1553978438747157
deep0_mgga_3x16,deep_mgga_3x16,fx,,0,1.450000,1.1569554566493874,1.1547181410576752
deep0_mgga_3x16,deep_mgga_3x16,fx,,0,1.475000,1.1559119025519582,1.1540319077205958
deep0_mgga_3x16,deep_mgga_3x16,fx,,0,1.500000,1.1548496573040303,1.153339398704175
deep0_mgga_3x16,deep_mgga_3x16,fx,,0,1.525000,1.153784290330927,1.1526408611707666
deep0_mgga_3x16,deep_mgga_3x16,fx,,0,1.550000,1.1527300548421762,1.1519365347838304
deep0_mgga_3x16,deep_mgga_3x16,fx,,0,1.575000,1.1516989964608717,1.1512266518907446
deep0_mgga_3x16,deep_mgga_3x16,fx,,0,1.600000,1.15070034225911,1.1505114377077155
deep0_mgga_3x16,deep_mgga_3x16,fx,,0,1.625000,1.1497402239428625,1.1497911105056975
deep0_mgga_3x16,deep_mgga_3x16,fx,,0,1.650000,1.1488217262455471,1.149065881796391
deep0_mgga_3x16,deep_mgga_3x16,fx,,0,1.675000,1.1479452013037037,1.1483359565175384
deep0_mgga_3x16,deep_mgga_3x16,fx,,0,1.700000,1.1471087612268176,1.1476015332168448
deep0_mgga_3x16,deep_mgga_3x16,fx,,0,1.725000,1.1463088553248106,1.1468628042339688
deep0_mgga_3x16,deep_mgga_3x16,fx,,0,1.750000,1.1455408504477538,1.1461199558801156
deep0_mgga_3x16,deep_mgga_3x16,fx,,0,1.775000,1.1447995548272474,1.1453731686148423
deep0_mgga_3x16,deep_mgga_3x16,fx,,0,1.800000,1.1440796502415627,1.1446226172197609
deep0_mgga_3x16,deep_mgga_3x16,fx,,0,1.825000,1.1433760189528621,1.1438684709688847
deep0_mgga_3x16,deep_mgga_3x16,fx,,0,1.850000,1.1426839679775151,1.143110893795409
deep0_mgga_3x16,deep_mgga_3x16,fx,,0,1.875000,1.141999363298827,1.1423500444547745
deep0_mgga_3x16,deep_mgga_3x16,fx,,0,1.900000,1.1413186914203466,1.1415860766838877
deep0_mgga_3x16,deep_mgga_3x16,fx,,0,1.925000,1.1406390665825468,1.1408191393564204
deep0_mgga_3x16,deep_mgga_3x16,fx,,0,1.950000,1.1399582004681106,1.14004937663413
deep0_mgga_3x16,deep_mgga_3x16,fx,,0,1.975000,1.139274348496876,1.139276928114168
deep0_mgga_3x16,deep_mgga_3x16,fx,,0,2.000000,1.1385862437109802,1.1385019289723721
deep0_mgga_3x16,deep_mgga_3x16,fx,,0,2.025000,1.137893026297624,1.1377245101025515
deep0_mgga_3x16,deep_mgga_3x16,fx,,0,2.050000,1.1371941742592953,1.1369447982517829
deep0_mgga_3x16,deep_mgga_3x16,fx,,0,2.075000,1.1364894387131748,1.1361629161517686
deep0_mgga_3x16,deep_mgga_3x16,fx,,0,2.100000,1.1357787857722752,1.135378982646293
deep0_mgga_3x16,deep_mgga_3x16,fx,,0,2.125000,1.1350623458674676,1.134593112814844
deep0_mgga_3x16,deep_mgga_3x16,fx,,0,2.150000,1.1343403706293202,1.1338054180924624
deep0_mgga_3x16,deep_mgga_3x16,fx,,0,2.175000,1.1336131969793601,1.1330160063858914
deep0_mgga_3x16,deep_mgga_3x16,fx,,0,2.200000,1.1328812178094285,1.132224982186104
deep0_mgga_3x16,deep_mgga_3x16,fx,,0,2.225000,1.1321448584959994,1.1314324466772876
deep0_mgga_3x16,deep_mgga_3x16,fx,,0,2.250000,1.1314045584578585,1.1306384978423718
deep0_mgga_3x16,deep_mgga_3x16,fx,,0,2.275000,1.130660756986338,1.1298432305651835
deep0_mgga_3x16,deep_mgga_3x16,fx,,0,2.300000,1.1299138826329893,1.1290467367293173
deep0_mgga_3x16,deep_mgga_3x16,fx,,0,2.325000,1.129164345513333,1.1282491053138093
deep0_mgga_3x16,deep_mgga_3x16,fx,,0,2.350000,1.1284125319658416,1.1274504224857038
deep0_mgga_3x16,deep_mgga_3x16,fx,,0,2.375000,1.127658801085512,1.1266507716896004
deep0_mgga_3x16,deep_mgga_3x16,fx,,0,2.400000,1.1269034827268782,1.1258502337342684
deep0_mgga_3x16,deep_mgga_3x16,fx,,0,2.425000,1.1261468766398572,1.1250488868764206
deep0_mgga_3x16,deep_mgga_3x16,fx,,0,2.450000,1.1253892524623539,1.1242468069017264
deep0_mgga_3x16,deep_mgga_3x16,fx,,0,2.475000,1.1246308503459281,1.1234440672031538
deep0_mgga_3x16,deep_mgga_3x16,fx,,0,2.500000,1.123871882035352,1.1226407388567223
deep0_mgga_3x16,deep_mgga_3x16,fx,,0,2.525000,1.12311253226027,1.1218368906947505
deep0_mgga_3x16,deep_mgga_3x16,fx,,0,2.550000,1.1223529603280809,1.1210325893766737
deep0_mgga_3x16,deep_mgga_3x16,fx,,0,2.575000,1.1215933018325146,1.1202278994575188
deep0_mgga_3x16,deep_mgga_3x16,fx,,0,2.600000,1.1208336704128867,1.119422883454104
deep0_mgga_3x16,deep_mgga_3x16,fx,,0,2.625000,1.1200741595154962,1.1186176019090446
deep0_mgga_3x16,deep_mgga_3x16,fx,,0,2.650000,1.1193148441216978,1.1178121134526344
deep0_mgga_3x16,deep_mgga_3x16,fx,,0,2.675000,1.1185557824174637,1.1170064748626771
deep0_mgga_3x16,deep_mgga_3x16,fx,,0,2.700000,1.117797017387271,1.1162007411223307
deep0_mgga_3x16,deep_mgga_3x16,fx,,0,2.725000,1.1170385783212822,1.1153949654760382
deep0_mgga_3x16,deep_mgga_3x16,fx,,0,2.750000,1.1162804822295076,1.1145891994836064
deep0_mgga_3x16,deep_mgga_3x16,fx,,0,2.775000,1.1155227351601278,1.113783493072495
deep0_mgga_3x16,deep_mgga_3x16,fx,,0,2.800000,1.1147653334217638,1.1129778945883795
deep0_mgga_3x16,deep_mgga_3x16,fx,,0,2.825000,1.1140082647113665,1.112172450844045
deep0_mgga_3x16,deep_mgga_3x16,fx,,0,2.850000,1.1132515091507171,1.111367207166669
deep0_mgga_3x16,deep_mgga_3x16,fx,,0,2.875000,1.1124950402354414,1.1105622074435488
deep0_mgga_3x16,deep_mgga_3x16,fx,,0,2.900000,1.111738825701027,1.1097574941663262
deep0_mgga_3x16,deep_mgga_3x16,fx,,0,2.925000,1.1109828283106666,1.1089531084737612
deep0_mgga_3x16,deep_mgga_3x16,fx,,0,2.950000,1.110227006569933,1.1081490901931075
deep0_mgga_3x16,deep_mgga_3x16,fx,,0,2.975000,1.1094713153732993,1.1073454778801328
deep0_mgga_3x16,deep_mgga_3x16,fx,,0,3.000000,1.108715706587485,1.1065423088578359
deep0_mgga_3x16,deep_mgga_3x16,fx,,0,3.025000,1.1079601295764512,1.105739619253904
deep0_mgga_3x16,deep_mgga_3x16,fx,,0,3.050000,1.107204531672703,1.1049374440369497
deep0_mgga_3x16,deep_mgga_3x16,fx,,0,3.075000,1.1064488585993488,1.104135817051578
deep0_mgga_3x16,deep_mgga_3x16,fx,,0,3.100000,1.1056930548471173,1.1033347710523163
deep0_mgga_3x16,deep_mgga_3x16,fx,,0,3.125000,1.1049370640103116,1.1025343377364487
deep0_mgga_3x16,deep_mgga_3x16,fx,,0,3.150000,1.1041808290854056,1.1017345477757954
deep0_mgga_3x16,deep_mgga_3x16,fx,,0,3.175000,1.1034242927357567,1.1009354308474695
deep0_mgga_3x16,deep_mgga_3x16,fx,,0,3.200000,1.102667397525639,1.1001370156636485
deep0_mgga_3x16,deep_mgga_3x16,fx,,0,3.225000,1.1019100861265818,1.0993393300003946
deep0_mgga_3x16,deep_mgga_3x16,fx,,0,3.250000,1.1011523014987383,1.0985424007255535
deep0_mgga_3x16,deep_mgga_3x16,fx,,0,3.275000,1.1003939870498005,1.0977462538257692
deep0_mgga_3x16,deep_mgga_3x16,fx,,0,3.300000,1.0996350867737477,1.0969509144326373
deep0_mgga_3x16,deep_mgga_3x16,fx,,0,3.325000,1.0988755453715218,1.0961564068480345
deep0_mgga_3x16,deep_mgga_3x16,fx,,0,3.350000,1.0981153083555248,1.0953627545686442
deep0_mgga_3x16,deep_mgga_3x16,fx,,0,3.375000,1.0973543221396522,1.094569980309713
deep0_mgga_3x16,deep_mgga_3x16,fx,,0,3.400000,1.0965925341164104,1.0937781060280596
deep0_mgga_3x16,deep_mgga_3x16,fx,,0,3.425000,1.0958298927225167,1.0929871529443604
deep0_mgga_3x16,deep_mgga_3x16,fx,,0,3.450000,1.0950663474942317,1.0921971415647445
deep0_mgga_3x16,deep_mgga_3x16,fx,,0,3.475000,1.0943018491135355,1.091408091701708
deep0_mgga_3x16,deep_mgga_3x16,fx,,0,3.500000,1.0935363494461712,1.090620022494385
deep0_mgga_3x16,deep_mgga_3x16,fx,,0,3.525000,1.0927698015724296,1.0898329524281853
deep0_mgga_3x16,deep_mgga_3x16,fx,,0,3.550000,1.092002159811486,1.089046899353828
deep0_mgga_3x16,deep_mgga_3x16,fx,,0,3.575000,1.0912333797399962,1.088261880505785
deep0_mgga_3x16,deep_mgga_3x16,fx,,0,3.600000,1.090463418205587,1.08747791252016
deep0_mgga_3x16,deep_mgga_3x16,fx,,0,3.625000,1.0896922333358008,1.0866950114520173
deep0_mgga_3x16,deep_mgga_3x16,fx,,0,3.650000,1.0889197845430039,1.085913192792181
deep0_mgga_3x16,deep_mgga_3x16,fx,,0,3.675000,1.0881460325256957,1.0851324714835215
deep0_mgga_3x16,deep_mgga_3x16,fx,,0,3.700000,1.0873709392666282,1.084352861936746
deep0_mgga_3x16,deep_mgga_3x16,fx,,0,3.725000,1.0865944680280866,1.08357437804571
deep0_mgga_3x16,deep_mgga_3x16,fx,,0,3.750000,1.0858165833446478,1.0827970332022658
deep0_mgga_3x16,deep_mgga_3x16,fx,,0,3.775000,1.0850372510137145,1.0820208403106608
deep0_mgga_3x16,deep_mgga_3x16,fx,,0,3.800000,1.0842564380840607,1.081245811801505
deep0_mgga_3x16,deep_mgga_3x16,fx,,0,3.825000,1.0834741128426455,1.0804719596453165
deep0_mgga_3x16,deep_mgga_3x16,fx,,0,3.850000,1.0826902447998805,1.0796992953656632
deep0_mgga_3x16,deep_mgga_3x16,fx,,0,3.875000,1.0819048046735573,1.0789278300519098
deep0_mgga_3x16,deep_mgga_3x16,fx,,0,3.900000,1.081117764371597,1.0781575743715874
deep0_mgga_3x16,deep_mgga_3x16,fx,,0,3.925000,1.0803290969737778,1.0773885385823938
deep0_mgga_3x16,deep_mgga_3x16,fx,,0,3.950000,1.0795387767125875,1.076620732543838
deep0_mgga_3x16,deep_mgga_3x16,fx,,0,3.975000,1.0787467789533256,1.0758541657285416
deep0_mgga_3x16,deep_mgga_3x16,fx,,0,4.000000,1.0779530801735768,1.0750888472332067
deep0_mgga_3x16,deep_mgga_3x16,fx,,0,4.025000,1.0771576579421611,1.0743247857892602
deep0_mgga_3x16,deep_mgga_3x16,fx,,0,4.050000,1.076360490897659,1.0735619897731867
deep0_mgga_3x16,deep_mgga_3x16,fx,,0,4.075000,1.0755615587266087,1.0728004672165588
deep0_mgga_3x16,deep_mgga_3x16,fx,,0,4.100000,1.0747608421414498,1.0720402258157746
deep0_mgga_3x16,deep_mgga_3x16,fx,,0,4.125000,1.0739583228582952,1.0712812729415127
deep0_mgga_3x16,deep_mgga_3x16,fx,,0,4.150000,1.0731539835746,1.0705236156479097
deep0_mgga_3x16,deep_mgga_3x16,fx,,0,4.175000,1.0723478079467887,1.069767260681476
deep0_mgga_3x16,deep_mgga_3x16,fx,,0,4.200000,1.0715397805678981,1.0690122144897514
deep0_mgga_3x16,deep_mgga_3x16,fx,,0,4.225000,1.0707298869452944,1.0682584832297097
deep0_mgga_3x16,deep_mgga_3x16,fx,,0,4.250000,1.0699181134785047,1.0675060727759265
deep0_mgga_3x16,deep_mgga_3x16,fx,,0,4.275000,1.0691044474372093,1.066754988728507
deep0_mgga_3x16,deep_mgga_3x16,fx,,0,4.300000,1.068288876939434,1.0660052364207921
deep0_mgga_3x16,deep_mgga_3x16,fx,,0,4.325000,1.0674713909299782,1.0652568209268407
deep0_mgga_3x16,deep_mgga_3x16,fx,,0,4.350000,1.0666519791591034,1.0645097470687008
deep0_mgga_3x16,deep_mgga_3x16,fx,,0,4.375000,1.0658306321615207,1.0637640194234734
deep0_mgga_3x16,deep_mgga_3x16,fx,,0,4.400000,1.06500734123569,1.0630196423301772
deep0_mgga_3x16,deep_mgga_3x16,fx,,0,4.425000,1.06418209842346,1.0622766198964166
deep0_mgga_3x16,deep_mgga_3x16,fx,,0,4.450000,1.0633548964900605,1.0615349560048657
deep0_mgga_3x16,deep_mgga_3x16,fx,,0,4.475000,1.0625257289044696,1.0607946543195659
deep0_mgga_3x16,deep_mgga_3x16,fx,,0,4.500000,1.0616945898201657,1.0600557182920478
deep0_mgga_3x16,deep_mgga_3x16,fx,,0,4.525000,1.0608614740562696,1.0593181511672842
deep0_mgga_3x16,deep_mgga_3x16,fx,,0,4.550000,1.0600263770790959,1.0585819559894716
deep0_mgga_3x16,deep_mgga_3x16,fx,,0,4.575000,1.0591892949841102,1.0578471356076555
deep0_mgga_3x16,deep_mgga_3x16,fx,,0,4.600000,1.058350224478305,1.0571136926811953
deep0_mgga_3x16,deep_mgga_3x16,fx,,0,4.625000,1.0575091628629891,1.0563816296850805
deep0_mgga_3x16,deep_mgga_3x16,fx,,0,4.650000,1.056666108017001,1.0556509489150971
deep0_mgga_3x16,deep_mgga_3x16,fx,,0,4.675000,1.0558210583803374,1.0549216524928522
deep0_mgga_3x16,deep_mgga_3x16,fx,,0,4.700000,1.0549740129382048,1.05419374237066
deep0_mgga_3x16,deep_mgga_3x16,fx,,0,4.725000,1.0541249712054854,1.0534672203362934
deep0_mgga_3x16,deep_mgga_3x16,fx,,0,4.750000,1.0532739332116139,1.052742088017604
deep0_mgga_3x16,deep_mgga_3x16,fx,,0,4.775000,1.0524208994858697,1.0520183468870172
deep0_mgga_3x16,deep_mgga_3x16,fx,,0,4.800000,1.0515658710430675,1.0512959982659025
deep0_mgga_3x16,deep_mgga_3x16,fx,,0,4.825000,1.0507088493696457,1.0505750433288248
deep0_mgga_3x16,deep_mgga_3x16,fx,,0,4.850000,1.0498498364101556,1.0498554831076812
deep0_mgga_3x16,deep_mgga_3x16,fx,,0,4.875000,1.048988834554126,1.0491373184957231
deep0_mgga_3x16,deep_mgga_3x16,fx,,0,4.900000,1.0481258466233112,1.0484205502514707
deep0_mgga_3x16,deep_mgga_3x16,fx,,0,4.925000,1.0472608758593107,1.0477051790025216
deep0_mgga_3x16,deep_mgga_3x16,fx,,0,4.950000,1.0463939259115465,1.0469912052492543
deep0_mgga_3x16,deep_mgga_3x16,fx,,0,4.975000,1.0455250008256012,1.0462786293684336
deep0_mgga_3x16,deep_mgga_3x16,fx,,0,5.000000,1.044654105031896,1.0455674516167188
deep0_mgga_3x16,deep_mgga_3x16,fx,,0,5.025000,1.04378124333471,1.0448576721340765
deep0_mgga_3x16,deep_mgga_3x16,fx,,0,5.050000,1.0429064209015273,1.0441492909471024
deep0_mgga_3x16,deep_mgga_3x16,fx,,0,5.075000,1.0420296432526999,1.0434423079722535
deep0_mgga_3x16,deep_mgga_3x16,fx,,0,5.100000,1.0411509162514263,1.0427367230189954
deep0_mgga_3x16,deep_mgga_3x16,fx,,0,5.125000,1.040270246094031,1.042032535792863
deep0_mgga_3x16,deep_mgga_3x16,fx,,0,5.150000,1.0393876393005315,1.0413297458984416
deep0_mgga_3x16,deep_mgga_3x16,fx,,0,5.175000,1.0385031027054987,1.0406283528422682
deep0_mgga_3x16,deep_mgga_3x16,fx,,0,5.200000,1.0376166434491834,1.0399283560356543
deep0_mgga_3x16,deep_mgga_3x16,fx,,0,5.225000,1.036728268968915,1.0392297547974363
deep0_mgga_3x16,deep_mgga_3x16,fx,,0,5.250000,1.035837986990754,1.038532548356651
deep0_mgga_3x16,deep_mgga_3x16,fx,,0,5.275000,1.0349458055213998,1.0378367358551408
deep0_mgga_3x16,deep_mgga_3x16,fx,,0,5.300000,1.0340517328403331,1.0371423163500901
deep0_mgga_3x16,deep_mgga_3x16,fx,,0,5.325000,1.033155777492195,1.0364492888164956
deep0_mgga_3x16,deep_mgga_3x16,fx,,0,5.350000,1.0322579482793919,1.0357576521495702
deep0_mgga_3x16,deep_mgga_3x16,fx,,0,5.375000,1.0313582542549136,1.0350674051670847
deep0_mgga_3x16,deep_mgga_3x16,fx,,0,5.400000,1.0304567047153623,1.0343785466116477
deep0_mgga_3x16,deep_mgga_3x16,fx,,0,5.425000,1.0295533091941913,1.0336910751529251
deep0_mgga_3x16,deep_mgga_3x16,fx,,0,5.450000,1.0286480774551199,1.0330049893898028
deep0_mgga_3x16,deep_mgga_3x16,fx,,0,5.475000,1.0277410194857584,1.0323202878524915
deep0_mgga_3x16,deep_mgga_3x16,fx,,0,5.500000,1.0268321454913973,1.031636969004577
deep0_mgga_3x16,deep_mgga_3x16,fx,,0,5.525000,1.0259214658889753,1.030955031245018
deep0_mgga_3x16,deep_mgga_3x16,fx,,0,5.550000,1.0250089913012184,1.0302744729100892
deep0_mgga_3x16,deep_mgga_3x16,fx,,0,5.575000,1.0240947325509362,1.0295952922752776
deep0_mgga_3x16,deep_mgga_3x16,fx,,0,5.600000,1.023178700655472,1.028917487557126
deep0_mgga_3x16,deep_mgga_3x16,fx,,0,5.625000,1.0222609068213093,1.0282410569150302
deep0_mgga_3x16,deep_mgga_3x16,fx,,0,5.650000,1.0213413624388088,1.0275659984529908
deep0_mgga_3x16,deep_mgga_3x16,fx,,0,5.675000,1.0204200790770983,1.0268923102213159
deep0_mgga_3x16,deep_mgga_3x16,fx,,0,5.700000,1.0194970684790863,1.0262199902182847
deep0_mgga_3x16,deep_mgga_3x16,fx,,0,5.725000,1.0185723425565991,1.025549036391764
deep0_mgga_3x16,deep_mgga_3x16,fx,,0,5.750000,1.017645913385653,1.024879446640785
deep0_mgga_3x16,deep_mgga_3x16,fx,,0,5.775000,1.0167177932018328,1.024211218817078
deep0_mgga_3x16,deep_mgga_3x16,fx,,0,5.800000,1.0157879943957855,1.02354435072657
deep0_mgga_3x16,deep_mgga_3x16,fx,,0,5.825000,1.0148565295088305,1.0228788401308406
deep0_mgga_3x16,deep_mgga_3x16,fx,,0,5.850000,1.013923411228661,1.0222146847485427
deep0_mgga_3x16,deep_mgga_3x16,fx,,0,5.875000,1.0129886523851568,1.0215518822567862
deep0_mgga_3x16,deep_mgga_3x16,fx,,0,5.900000,1.0120522659462854,1.020890430292485
deep0_mgga_3x16,deep_mgga_3x16,fx,,0,5.925000,1.0111142650141027,1.020230326453671
deep0_mgga_3x16,deep_mgga_3x16,fx,,0,5.950000,1.0101746628208368,1.0195715683007733
deep0_mgga_3x16,deep_mgga_3x16,fx,,0,5.975000,1.0092334727250583,1.0189141533578652
deep0_mgga_3x16,deep_mgga_3x16,fx,,0,6.000000,1.0082907082079355,1.0182580791138793
deep0_mgga_3x16,deep_mgga_3x16,fx,,1,0.000000,0.9999999999999999,1.0
deep0_mgga_3x16,deep_mgga_3x16,fx,,1,0.025000,1.000008771161048,1.000077126015428
deep0_mgga_3x16,deep_mgga_3x16,fx,,1,0.050000,1.000069179989267,1.0003080874041483
deep0_mgga_3x16,deep_mgga_3x16,fx,,1,0.075000,1.0002296654959841,1.0006916018297418
deep0_mgga_3x16,deep_mgga_3x16,fx,,1,0.100000,1.0005338041929261,1.00122537363987
deep0_mgga_3x16,deep_mgga_3x16,fx,,1,0.125000,1.0010182645949612,1.0019058340763338
deep0_mgga_3x16,deep_mgga_3x16,fx,,1,0.150000,1.0017104719571717,1.002727928117751
deep0_mgga_3x16,deep_mgga_3x16,fx,,1,0.175000,1.002626370641831,1.0036850322250028
deep0_mgga_3x16,deep_mgga_3x16,fx,,1,0.200000,1.003768727918724,1.004768972960261
deep0_mgga_3x16,deep_mgga_3x16,fx,,1,0.225000,1.005126439832111,1.005970101642073
deep0_mgga_3x16,deep_mgga_3x16,fx,,1,0.250000,1.0066752330395758,1.0072774039220882
deep0_mgga_3x16,deep_mgga_3x16,fx,,1,0.275000,1.008379924729436,1.0086786420382468
deep0_mgga_3x16,deep_mgga_3x16,fx,,1,0.300000,1.0101978763850081,1.0101605343302198
deep0_mgga_3x16,deep_mgga_3x16,fx,,1,0.325000,1.0120823368054321,1.0117089751803436
deep0_mgga_3x16,deep_mgga_3x16,fx,,1,0.350000,1.0139831625343156,1.0133092932875567
deep0_mgga_3x16,deep_mgga_3x16,fx,,1,0.375000,1.0158419145884778,1.0149465401468651
deep0_mgga_3x16,deep_mgga_3x16,fx,,1,0.400000,1.01758092940496,1.0166057956112062
deep0_mgga_3x16,deep_mgga_3x16,fx,,1,0.425000,1.0190943421765228,1.0182724743981733
deep0_mgga_3x16,deep_mgga_3x16,fx,,1,0.450000,1.0202611040369327,1.0199326166851808
deep0_mgga_3x16,deep_mgga_3x16,fx,,1,0.475000,1.0210014110979595,1.0215731473666494
deep0_mgga_3x16,deep_mgga_3x16,fx,,1,0.500000,1.0213659435436333,1.023182091660349
deep0_mgga_3x16,deep_mgga_3x16,fx,,1,0.525000,1.0215854628642926,1.024748738905099
deep0_mgga_3x16,deep_mgga_3x16,fx,,1,0.550000,1.0219905891437855,1.0262637509070724
deep0_mgga_3x16,deep_mgga_3x16,fx,,1,0.575000,1.0228238561808154,1.027719215461434
deep0_mgga_3x16,deep_mgga_3x16,fx,,1,0.600000,1.0241081853825316,1.0291086492486752
deep0_mgga_3x16,deep_mgga_3x16,fx,,1,0.625000,1.0256663459574478,1.0304269569176834
deep0_mgga_3x16,deep_mgga_3x16,fx,,1,0.650000,1.027201331119704,1.0316703547398254
deep0_mgga_3x16,deep_mgga_3x16,fx,,1,0.675000,1.028387484795907,1.0328362678173069
deep0_mgga_3x16,deep_mgga_3x16,fx,,1,0.700000,1.0290127333622712,1.0339232096209783
deep0_mgga_3x16,deep_mgga_3x16,fx,,1,0.725000,1.0291063604368498,1.0349306518323131
deep0_mgga_3x16,deep_mgga_3x16,fx,,1,0.750000,1.0289372274448234,1.0358588912925095
deep0_mgga_3x16,deep_mgga_3x16,fx,,1,0.775000,1.0288780562571345,1.0367089195161243
deep0_mgga_3x16,deep_mgga_3x16,fx,,1,0.800000,1.029238024769525,1.037482298864651
deep0_mgga_3x16,deep_mgga_3x16,fx,,1,0.825000,1.030162580194675,1.0381810482086806
deep0_mgga_3x16,deep_mgga_3x16,fx,,1,0.850000,1.0316243377684562,1.0388075398042285
deep0_mgga_3x16,deep_mgga_3x16,fx,,1,0.875000,1.0334720449736328,1.0393644082017732
deep0_mgga_3x16,deep_mgga_3x16,fx,,1,0.900000,1.0354966300463682,1.039854471300772
deep0_mgga_3x16,deep_mgga_3x16,fx,,1,0.925000,1.037489208329024,1.040280663144777
deep0_mgga_3x16,deep_mgga_3x16,fx,,1,0.950000,1.0392807204751506,1.040645977699074
deep0_mgga_3x16,deep_mgga_3x16,fx,,1,0.975000,1.0407612787106721,1.0409534226356034
deep0_mgga_3x16,deep_mgga_3x16,fx,,1,1.000000,1.0418821318439284,1.0412059820398643
deep0_mgga_3x16,deep_mgga_3x16,fx,,1,1.025000,1.042645848490395,1.0414065869248033
deep0_mgga_3x16,deep_mgga_3x16,fx,,1,1.050000,1.0430908040543776,1.0415580924640704
deep0_mgga_3x16,deep_mgga_3x16,fx,,1,1.075000,1.0432749110751882,1.04166326092239
deep0_mgga_3x16,deep_mgga_3x16,fx,,1,1.100000,1.0432618027249023,1.041724749349034
deep0_mgga_3x16,deep_mgga_3x16,fx,,1,1.125000,1.0431110230612268,1.0417451012001402
deep0_mgga_3x16,deep_mgga_3x16,fx,,1,1.150000,1.042872433161299,1.0417267411586144
deep0_mgga_3x16,deep_mgga_3x16,fx,,1,1.175000,1.042584132443,1.0416719725209855
deep0_mgga_3x16,deep_mgga_3x16,fx,,1,1.200000,1.0422727804816718,1.0415829766151044
deep0_mgga_3x16,deep_mgga_3x16,fx,,1,1.225000,1.0419552178609246,1.0414618137989569
deep0_mgga_3x16,deep_mgga_3x16,fx,,1,1.250000,1.0416405494961445,1.0413104256679637
deep0_mgga_3x16,deep_mgga_3x16,fx,,1,1.275000,1.0413321838002556,1.0411306381657643
deep0_mgga_3x16,deep_mgga_3x16,fx,,1,1.300000,1.0410295933603306,1.0409241653518562
deep0_mgga_3x16,deep_mgga_3x16,fx,,1,1.325000,1.0407297347707742,1.0406926136291317
deep0_mgga_3x16,deep_mgga_3x16,fx,,1,1.350000,1.0404281488314624,1.040437486276089
deep0_mgga_3x16,deep_mgga_3x16,fx,,1,1.375000,1.0401197896445138,1.0401601881631057
deep0_mgga_3x16,deep_mgga_3x16,fx,,1,1.400000,1.0397996316447138,1.0398620305604855
deep0_mgga_3x16,deep_mgga_3x16,fx,,1,1.425000,1.0394630956794042,1.03954423596885
deep0_mgga_3x16,deep_mgga_3x16,fx,,1,1.450000,1.0391063273147867,1.0392079429206125
deep0_mgga_3x16,deep_mgga_3x16,fx,,1,1.475000,1.0387263549475494,1.0388542107154195
deep0_mgga_3x16,deep_mgga_3x16,fx,,1,1.500000,1.038321151781053,1.0384840240632753
deep0_mgga_3x16,deep_mgga_3x16,fx,,1,1.525000,1.0378896233559896,1.0380982976170656
deep0_mgga_3x16,deep_mgga_3x16,fx,,1,1.550000,1.0374315403212422,1.0376978803819894
deep0_mgga_3x16,deep_mgga_3x16,fx,,1,1.575000,1.036947434042171,1.0372835599933328
deep0_mgga_3x16,deep_mgga_3x16,fx,,1,1.600000,1.0364384703105025,1.0368560668565787
deep0_mgga_3x16,deep_mgga_3x16,fx,,1,1.625000,1.035906313868673,1.0364160781453278
deep0_mgga_3x16,deep_mgga_3x16,fx,,1,1.650000,1.035352993813066,1.0359642216532339
deep0_mgga_3x16,deep_mgga_3x16,fx,,1,1.675000,1.0347807773460573,1.0355010794964032
deep0_mgga_3x16,deep_mgga_3x16,fx,,1,1.700000,1.0341920569456002,1.0350271916626659
deep0_mgga_3x16,deep_mgga_3x16,fx,,1,1.725000,1.0335892539195324,1.0345430594039822
deep0_mgga_3x16,deep_mgga_3x16,fx,,1,1.750000,1.0329747395740754,1.0340491484681429
deep0_mgga_3x16,deep_mgga_3x16,fx,,1,1.775000,1.032350773875402,1.0335458921659484
deep0_mgga_3x16,deep_mgga_3x16,fx,,1,1.800000,1.031719460508317,1.0330336942702585
deep0_mgga_3x16,deep_mgga_3x16,fx,,1,1.825000,1.0310827166003034,1.0325129317437718
deep0_mgga_3x16,deep_mgga_3x16,fx,,1,1.850000,1.0304422550300736,1.03198395729307
deep0_mgga_3x16,deep_mgga_3x16,fx,,1,1.875000,1.029799577118182,1.0314471017473676
deep0_mgga_3x16,deep_mgga_3x16,fx,,1,1.900000,1.029155973544224,1.0309026762615185
deep0_mgga_3x16,deep_mgga_3x16,fx,,1,1.925000,1.028512531496928,1.0303509743440518
deep0_mgga_3x16,deep_mgga_3x16,fx,,1,1.950000,1.0278701462943047,1.0297922737123535
deep0_mgga_3x16,deep_mgga_3x16,fx,,1,1.975000,1.02722953597455,1.0292268379784637
deep0_mgga_3x16,deep_mgga_3x16,fx,,1,2.000000,1.0265912576275456,1.0286549181702986
deep0_mgga_3x16,deep_mgga_3x16,fx,,1,2.025000,1.0259557244927855,1.0280767540943783
deep0_mgga_3x16,deep_mgga_3x16,fx,,1,2.050000,1.025323223080784,1.027492575547279
deep0_mgga_3x16,deep_mgga_3x16,fx,,1,2.075000,1.0246939297753705,1.0269026033840367
deep0_mgga_3x16,deep_mgga_3x16,fx,,1,2.100000,1.024067926541816,1.0263070504525307
deep0_mgga_3x16,deep_mgga_3x16,fx,,1,2.125000,1.0234452155013265,1.0257061224035078
deep0_mgga_3x16,deep_mgga_3x16,fx,,1,2.150000,1.0228257322387297,1.025100018386322
deep0_mgga_3x16,deep_mgga_3x16,fx,,1,2.175000,1.022209357790774,1.0244889316406927
deep0_mgga_3x16,deep_mgga_3x16,fx,,1,2.200000,1.021595929321352,1.0238730499948074
deep0_mgga_3x16,deep_mgga_3x16,fx,,1,2.225000,1.020985249531047,1.0232525562799633
deep0_mgga_3x16,deep_mgga_3x16,fx,,1,2.250000,1.020377094875368,1.0226276286716498
deep0_mgga_3x16,deep_mgga_3x16,fx,,1,2.275000,1.0197712226820583,1.0219984409665455
deep0_mgga_3x16,deep_mgga_3x16,fx,,1,2.300000,1.0191673772657128,1.0213651628043778
deep0_mgga_3x16,deep_mgga_3x16,fx,,1,2.325000,1.0185652951398394,1.0207279598429906
deep0_mgga_3x16,deep_mgga_3x16,fx,,1,2.350000,1.0179647094242648,1.0200869938942942
deep0_mgga_3x16,deep_mgga_3x16,fx,,1,2.375000,1.0173653535408433,1.019442423028072
deep0_mgga_3x16,deep_mgga_3x16,fx,,1,2.400000,1.0167669642838293,1.0187944016499157
deep0_mgga_3x16,deep_mgga_3x16,fx,,1,2.425000,1.0161692843438073,1.0181430805588372
deep0_mgga_3x16,deep_mgga_3x16,fx,,1,2.450000,1.0155720643563488,1.0174886069894218
deep0_mgga_3x16,deep_mgga_3x16,fx,,1,2.475000,1.0149750645389235,1.0168311246427255
deep0_mgga_3x16,deep_mgga_3x16,fx,,1,2.500000,1.0143780559723161,1.0161707737094865
deep0_mgga_3x16,deep_mgga_3x16,fx,,1,2.525000,1.013780821576065,1.0155076908886551
deep0_mgga_3x16,deep_mgga_3x16,fx,,1,2.550000,1.0131831568212721,1.0148420094037067
deep0_mgga_3x16,deep_mgga_3x16,fx,,1,2.575000,1.012584870218624,1.014173859018729
deep0_mgga_3x16,deep_mgga_3x16,fx,,1,2.600000,1.0119857836145736,1.0135033660558517
deep0_mgga_3x16,deep_mgga_3x16,fx,,1,2.625000,1.011385732324313,1.0128306534152085
deep0_mgga_3x16,deep_mgga_3x16,fx,,1,2.650000,1.0107845651264302,1.012155840598302
deep0_mgga_3x16,deep_mgga_3x16,fx,,1,2.675000,1.0101821441408776,1.0114790437353596
deep0_mgga_3x16,deep_mgga_3x16,fx,,1,2.700000,1.0095783446090614,1.0108003756170394
deep0_mgga_3x16,deep_mgga_3x16,fx,,1,2.725000,1.0089730545924391,1.0101199457306476
deep0_mgga_3x16,deep_mgga_3x16,fx,,1,2.750000,1.0083661746039099,1.0094378603008718
deep0_mgga_3x16,deep_mgga_3x16,fx,,1,2.775000,1.0077576171844913,1.0087542223349104
deep0_mgga_3x16,deep_mgga_3x16,fx,,1,2.800000,1.0071473064362058,1.008069131671777
deep0_mgga_3x16,deep_mgga_3x16,fx,,1,2.825000,1.0065351775207565,1.0073826850354866
deep0_mgga_3x16,deep_mgga_3x16,fx,,1,2.850000,1.0059211761324014,1.0066949760917798
deep0_mgga_3x16,deep_mgga_3x16,fx,,1,2.875000,1.0053052579524009,1.0060060955080066
deep0_mgga_3x16,deep_mgga_3x16,fx,,1,2.900000,1.0046873880915166,1.005316131015764
deep0_mgga_3x16,deep_mgga_3x16,fx,,1,2.925000,1.0040675405262405,1.004625167475888
deep0_mgga_3x16,deep_mgga_3x16,fx,,1,2.950000,1.0034456975337158,1.0039332869453925
deep0_mgga_3x16,deep_mgga_3x16,fx,,1,2.975000,1.0028218491296834,1.0032405687459562
deep0_mgga_3x16,deep_mgga_3x16,fx,,1,3.000000,1.0021959925132045,1.0025470895335853
deep0_mgga_3x16,deep_mgga_3x16,fx,,1,3.025000,1.0015681315213942,1.001852923369092
deep0_mgga_3x16,deep_mgga_3x16,fx,,1,3.050000,1.000938276096925,1.0011581417890496
deep0_mgga_3x16,deep_mgga_3x16,fx,,1,3.075000,1.0003064417706369,1.0004628138769258
deep0_mgga_3x16,deep_mgga_3x16,fx,,1,3.100000,0.9996726491611843,0.9997670063341002
deep0_mgga_3x16,deep_mgga_3x16,fx,,1,3.125000,0.9990369234933082,0.9990707835505201
deep0_mgga_3x16,deep_mgga_3x16,fx,,1,3.150000,0.9983992941359792,0.9983742076747646
deep0_mgga_3x16,deep_mgga_3x16,fx,,1,3.175000,0.9977597941613793,0.9976773386833117
deep0_mgga_3x16,deep_mgga_3x16,fx,,1,3.200000,0.9971184599253977,0.9969802344488408
deep0_mgga_3x16,deep_mgga_3x16,fx,,1,3.225000,0.9964753306701037,0.996282950807408
deep0_mgga_3x16,deep_mgga_3x16,fx,,1,3.250000,0.9958304481484109,0.9955855416243745
deep0_mgga_3x16,deep_mgga_3x16,fx,,1,3.275000,0.9951838562709826,0.9948880588589714
deep0_mgga_3x16,deep_mgga_3x16,fx,,1,3.300000,0.9945356007752382,0.9941905526274198
deep0_mgga_3x16,deep_mgga_3x16,fx,,1,3.325000,0.9938857289161757,0.9934930712645277
deep0_mgga_3x16,deep_mgga_3x16,fx,,1,3.350000,0.9932342891786076,0.9927956613837123
deep0_mgga_3x16,deep_mgga_3x16,fx,,1,3.375000,0.9925813310102787,0.9920983679354076
deep0_mgga_3x16,deep_mgga_3x16,fx,,1,3.400000,0.9919269045752594,0.9914012342638262
deep0_mgga_3x16,deep_mgga_3x16,fx,,1,3.425000,0.9912710605269223,0.9907043021620617
deep0_mgga_3x16,deep_mgga_3x16,fx,,1,3.450000,0.9906138497997519,0.9900076119255249
deep0_mgga_3x16,deep_mgga_3x16,fx,,1,3.475000,0.9899553234191883,0.9893112024037166
deep0_mgga_3x16,deep_mgga_3x16,fx,,1,3.500000,0.9892955323286822,0.9886151110503455
deep0_mgga_3x16,deep_mgga_3x16,fx,,1,3.525000,0.9886345272330921,0.9879193739718123
deep0_mgga_3x16,deep_mgga_3x16,fx,,1,3.550000,0.9879723584575728,0.9872240259740784
deep0_mgga_3x16,deep_mgga_3x16,fx,,1,3.575000,0.9873090758210703,0.9865291006079477
deep0_mgga_3x16,deep_mgga_3x16,fx,,1,3.600000,0.9866447285235656,0.9858346302127938
deep0_mgga_3x16,deep_mgga_3x16,fx,,1,3.625000,0.9859793650462017,0.9851406459587677
deep0_mgga_3x16,deep_mgga_3x16,fx,,1,3.650000,0.9853130330634603,0.9844471778875169
deep0_mgga_3x16,deep_mgga_3x16,fx,,1,3.675000,0.9846457793665604,0.9837542549514634
deep0_mgga_3x16,deep_mgga_3x16,fx,,1,3.700000,0.983977649797294,0.9830619050516752
deep0_mgga_3x16,deep_mgga_3x16,fx,,1,3.725000,0.983308689191514,0.9823701550743712
deep0_mgga_3x16,deep_mgga_3x16,fx,,1,3.750000,0.982638941331558,0.9816790309261079
deep0_mgga_3x16,deep_mgga_3x16,fx,,1,3.775000,0.9819684489068865,0.9809885575676817
deep0_mgga_3x16,deep_mgga_3x16,fx,,1,3.800000,0.9812972534822703,0.9802987590467975
deep0_mgga_3x16,deep_mgga_3x16,fx,,1,3.825000,0.980625395472889,0.979609658529538
deep0_mgga_3x16,deep_mgga_3x16,fx,,1,3.850000,0.979952914125739,0.9789212783306785
deep0_mgga_3x16,deep_mgga_3x16,fx,,1,3.875000,0.979279847506778,0.9782336399428906
deep0_mgga_3x16,deep_mgga_3x16,fx,,1,3.900000,0.9786062324932769,0.9775467640648684
deep0_mgga_3x16,deep_mgga_3x16,fx,,1,3.925000,0.9779321047708704,0.9768606706284232
deep0_mgga_3x16,deep_mgga_3x16,fx,,1,3.950000,0.9772574988348468,0.9761753788245814
deep0_mgga_3x16,deep_mgga_3x16,fx,,1,3.975000,0.9765824479952349,0.9754909071287219
deep0_mgga_3x16,deep_mgga_3x16,fx,,1,4.000000,0.975906984385279,0.9748072733247942
deep0_mgga_3x16,deep_mgga_3x16,fx,,1,4.025000,0.9752311389729327,0.9741244945286455
deep0_mgga_3x16,deep_mgga_3x16,fx,,1,4.050000,0.974554941575017,0.9734425872104977
deep0_mgga_3x16,deep_mgga_3x16,fx,,1,4.075000,0.9738784208737178,0.9727615672166016
deep0_mgga_3x16,deep_mgga_3x16,fx,,1,4.100000,0.9732016044351358,0.9720814497901045
deep0_mgga_3x16,deep_mgga_3x16,fx,,1,4.125000,0.9725245187296025,0.9714022495911578
deep0_mgga_3x16,deep_mgga_3x16,fx,,1,4.150000,0.9718471891535233,0.970723980716298
deep0_mgga_3x16,deep_mgga_3x16,fx,,1,4.175000,0.9711696400525048,0.9700466567171261
deep0_mgga_3x16,deep_mgga_3x16,fx,,1,4.200000,0.9704918947455771,0.9693702906183164
deep0_mgga_3x16,deep_mgga_3x16,fx,,1,4.225000,0.9698139755502968,0.9686948949349768
deep0_mgga_3x16,deep_mgga_3x16,fx,,1,4.250000,0.969135903808564,0.968020481689389
deep0_mgga_3x16,deep_mgga_3x16,fx,,1,4.275000,0.9684576999130152,0.9673470624271521
deep0_mgga_3x16,deep_mgga_3x16,fx,,1,4.300000,0.9677793833338116,0.9666746482327526
deep0_mgga_3x16,deep_mgga_3x16,fx,,1,4.325000,0.9671009726457316,0.9660032497445823
deep0_mgga_3x16,deep_mgga_3x16,fx,,1,4.350000,0.9664224855554203,0.9653328771694288
deep0_mgga_3x16,deep_mgga_3x16,fx,,1,4.375000,0.9657439389287179,0.9646635402964531
deep0_mgga_3x16,deep_mgga_3x16,fx,,1,4.400000,0.9650653488179516,0.9639952485106825
deep0_mgga_3x16,deep_mgga_3x16,fx,,1,4.425000,0.9643867304891214,0.9633280108060285
deep0_mgga_3x16,deep_mgga_3x16,fx,,1,4.450000,0.9637080984488998,0.9626618357978549
deep0_mgga_3x16,deep_mgga_3x16,fx,,1,4.475000,0.9630294664713851,0.9619967317351112
deep0_mgga_3x16,deep_mgga_3x16,fx,,1,4.500000,0.9623508476245419,0.9613327065120458
deep0_mgga_3x16,deep_mgga_3x16,fx,,1,4.525000,0.9616722542962854,0.9606697676795186
deep0_mgga_3x16,deep_mgga_3x16,fx,,1,4.550000,0.9609936982201673,0.9600079224559257
deep0_mgga_3x16,deep_mgga_3x16,fx,,1,4.575000,0.9603151905006129,0.9593471777377519
deep0_mgga_3x16,deep_mgga_3x16,fx,,1,4.600000,0.9596367416376929,0.9586875401097654
deep0_mgga_3x16,deep_mgga_3x16,fx,,1,4.625000,0.9589583615513882,0.9580290158548668
deep0_mgga_3x16,deep_mgga_3x16,fx,,1,4.650000,0.9582800596053388,0.957371610963608
deep0_mgga_3x16,deep_mgga_3x16,fx,,1,4.675000,0.9576018446300399,0.9567153311433895
deep0_mgga_3x16,deep_mgga_3x16,fx,,1,4.700000,0.9569237249454855,0.9560601818273518
deep0_mgga_3x16,deep_mgga_3x16,fx,,1,4.725000,0.9562457083832431,0.9554061681829704
deep0_mgga_3x16,deep_mgga_3x16,fx,,1,4.750000,0.9555678023079411,0.9547532951203652
deep0_mgga_3x16,deep_mgga_3x16,fx,,1,4.775000,0.9548900136381803,0.9541015673003359
deep0_mgga_3x16,deep_mgga_3x16,fx,,1,4.800000,0.9542123488668476,0.9534509891421321
deep0_mgga_3x16,deep_mgga_3x16,fx,,1,4.825000,0.9535348140808423,0.9528015648309692
deep0_mgga_3x16,deep_mgga_3x16,fx,,1,4.850000,0.9528574149802091,0.9521532983252985
deep0_mgga_3x16,deep_mgga_3x16,fx,,1,4.875000,0.9521801568966862,0.9515061933638401
deep0_mgga_3x16,deep_mgga_3x16,fx,,1,4.900000,0.9515030448116619,0.9508602534723888
deep0_mgga_3x16,deep_mgga_3x16,fx,,1,4.925000,0.9508260833735567,0.9502154819703983
deep0_mgga_3x16,deep_mgga_3x16,fx,,1,4.950000,0.9501492769146215,0.9495718819773558
deep0_mgga_3x16,deep_mgga_3x16,fx,,1,4.975000,0.9494726294671827,0.9489294564189484
deep0_mgga_3x16,deep_mgga_3x16,fx,,1,5.000000,0.9487961447793144,0.9482882080330374
deep0_mgga_3x16,deep_mgga_3x16,fx,,1,5.025000,0.9481198263299685,0.9476481393754367
deep0_mgga_3x16,deep_mgga_3x16,fx,,1,5.050000,0.9474436773435602,0.9470092528255126
deep0_mgga_3x16,deep_mgga_3x16,fx,,1,5.075000,0.9467677008040241,0.9463715505916034
deep0_mgga_3x16,deep_mgga_3x16,fx,,1,5.100000,0.9460918994683545,0.9457350347162685
deep0_mgga_3x16,deep_mgga_3x16,fx,,1,5.125000,0.945416275879626,0.9450997070813746
deep0_mgga_3x16,deep_mgga_3x16,fx,,1,5.150000,0.9447408323795317,0.9444655694130195
deep0_mgga_3x16,deep_mgga_3x16,fx,,1,5.175000,0.9440655711204213,0.9438326232863062
deep0_mgga_3x16,deep_mgga_3x16,fx,,1,5.200000,0.9433904940768759,0.9432008701299636
deep0_mgga_3x16,deep_mgga_3x16,fx,,1,5.225000,0.942715603056814,0.9425703112308289
deep0_mgga_3x16,deep_mgga_3x16,fx,,1,5.250000,0.9420408997121548,0.9419409477381878
deep0_mgga_3x16,deep_mgga_3x16,fx,,1,5.275000,0.9413663855490333,0.9413127806679837
deep0_mgga_3x16,deep_mgga_3x16,fx,,1,5.300000,0.9406920619376045,0.9406858109068954
deep0_mgga_3x16,deep_mgga_3x16,fx,,1,5.325000,0.940017930121421,0.9400600392162917
deep0_mgga_3x16,deep_mgga_3x16,fx,,1,5.350000,0.9393439912264132,0.9394354662360648
deep0_mgga_3x16,deep_mgga_3x16,fx,,1,5.375000,0.9386702462694899,0.9388120924883473
deep0_mgga_3x16,deep_mgga_3x16,fx,,1,5.400000,0.9379966961667439,0.9381899183811157
deep0_mgga_3x16,deep_mgga_3x16,fx,,1,5.425000,0.9373233417413099,0.9375689442116866
deep0_mgga_3x16,deep_mgga_3x16,fx,,1,5.450000,0.9366501837308547,0.9369491701701064
deep0_mgga_3x16,deep_mgga_3x16,fx,,1,5.475000,0.9359772227947339,0.9363305963424385
deep0_mgga_3x16,deep_mgga_3x16,fx,,1,5.500000,0.9353044595208138,0.9357132227139547
deep0_mgga_3x16,deep_mgga_3x16,fx,,1,5.525000,0.9346318944319688,0.9350970491722284
deep0_mgga_3x16,deep_mgga_3x16,fx,,1,5.550000,0.9339595279922815,0.9344820755101365
deep0_mgga_3x16,deep_mgga_3x16,fx,,1,5.575000,0.9332873606129306,0.9338683014287742
deep0_mgga_3x16,deep_mgga_3x16,fx,,1,5.600000,0.9326153926577986,0.9332557265402808
deep0_mgga_3x16,deep_mgga_3x16,fx,,1,5.625000,0.9319436244487997,0.9326443503705826
deep0_mgga_3x16,deep_mgga_3x16,fx,,1,5.650000,0.9312720562709372,0.9320341723620569
deep0_mgga_3x16,deep_mgga_3x16,fx,,1,5.675000,0.9306006883771059,0.9314251918761152
deep0_mgga_3x16,deep_mgga_3x16,fx,,1,5.700000,0.9299295209926413,0.9308174081957138
deep0_mgga_3x16,deep_mgga_3x16,fx,,1,5.725000,0.9292585543196366,0.930210820527787
deep0_mgga_3x16,deep_mgga_3x16,fx,,1,5.750000,0.9285877885410159,0.9296054280056135
deep0_mgga_3x16,deep_mgga_3x16,fx,,1,5.775000,0.927917223824404,0.9290012296911111
deep0_mgga_3x16,deep_mgga_3x16,fx,,1,5.800000,0.9272468603257608,0.9283982245770669
deep0_mgga_3x16,deep_mgga_3x16,fx,,1,5.825000,0.9265766981928294,0.9277964115893016
deep0_mgga_3x16,deep_mgga_3x16,fx,,1,5.850000,0.9259067375683752,0.9271957895887724
deep0_mgga_3x16,deep_mgga_3x16,fx,,1,5.875000,0.925236978593243,0.926596357373614
deep0_mgga_3x16,deep_mgga_3x16,fx,,1,5.900000,0.924567421409226,0.9259981136811237
deep0_mgga_3x16,deep_mgga_3x16,fx,,1,5.925000,0.9238980661617644,0.9254010571896856
deep0_mgga_3x16,deep_mgga_3x16,fx,,1,5.950000,0.9232289130024764,0.924805186520644
deep0_mgga_3x16,deep_mgga_3x16,fx,,1,5.975000,0.9225599620915267,0.924210500240121
deep0_mgga_3x16,deep_mgga_3x16,fx,,1,6.000000,0.9218912135998407,0.9236169968607824
deep0_mgga_3x16,deep_mgga_3x16,fc,0.5,0,0.000000,0.3308788087733818,0.3313403504893755
deep0_mgga_3x16,deep_mgga_3x16,fc,0.5,0,0.025000,0.3308741359563272,0.3312976492408245
deep0_mgga_3x16,deep_mgga_3x16,fc,0.5,0,0.050000,0.3308419466787378,0.3311696771809543
deep0_mgga_3x16,deep_mgga_3x16,fc,0.5,0,0.075000,0.3307563745580758,0.3309568282142708
deep0_mgga_3x16,deep_mgga_3x16,fc,0.5,0,0.100000,0.33059397898888476,0.33065975502532446
deep0_mgga_3x16,deep_mgga_3x16,fc,0.5,0,0.125000,0.33033467736584443,0.3302793634131942
deep0_mgga_3x16,deep_mgga_3x16,fc,0.5,0,0.150000,0.32996281814590855,0.3298168044955968
deep0_mgga_3x16,deep_mgga_3x16,fc,0.5,0,0.175000,0.3294682328015016,0.3292734649138565
deep0_mgga_3x16,deep_mgga_3x16,fc,0.5,0,0.200000,0.32884708429516385,0.32865095520110366
deep0_mgga_3x16,deep_mgga_3x16,fc,0.5,0,0.225000,0.32810232288399455,0.3279510965028174
deep0_mgga_3x16,deep_mgga_3x16,fc,0.5,0,0.250000,0.32724357434392704,0.32717590586055467
deep0_mgga_3x16,deep_mgga_3x16,fc,0.5,0,0.275000,0.32628632851051576,0.32632758028605496
deep0_mgga_3x16,deep_mgga_3x16,fc,0.5,0,0.300000,0.3252503735318786,0.3254084798636299
deep0_mgga_3x16,deep_mgga_3x16,fc,0.5,0,0.325000,0.32415753557260407,0.3244211101238694
deep0_mgga_3x16,deep_mgga_3x16,fc,0.5,0,0.350000,0.3230289285713337,0.32336810393137777
deep0_mgga_3x16,deep_mgga_3x16,fc,0.5,0,0.375000,0.3218820740825141,0.32225220312386377
deep0_mgga_3x16,deep_mgga_3x16,fc,0.5,0,0.400000,0.3207283804454417,0.3210762401299165
deep0_mgga_3x16,deep_mgga_3x16,fc,0.5,0,0.425000,0.3195715229261613,0.31984311977881646
deep0_mgga_3x16,deep_mgga_3x16,fc,0.5,0,0.450000,0.3184071909844226,0.31855580149843327
deep0_mgga_3x16,deep_mgga_3x16,fc,0.5,0,0.475000,0.31722443790281485,0.3172172820773531
deep0_mgga_3x16,deep_mgga_3x16,fc,0.5,0,0.500000,0.3160085049364192,0.31583057914561896
deep0_mgga_3x16,deep_mgga_3x16,fc,0.5,0,0.525000,0.31474458498416036,0.31439871550553894
deep0_mgga_3x16,deep_mgga_3x16,fc,0.5,0,0.550000,0.31342167537454535,0.31292470442062886
deep0_mgga_3x16,deep_mgga_3x16,fc,0.5,0,0.575000,0.3120355764297419,0.3114115359474975
deep0_mgga_3x16,deep_mgga_3x16,fc,0.5,0,0.600000,0.3105902800942162,0.3098621643729093
deep0_mgga_3x16,deep_mgga_3x16,fc,0.5,0,0.625000,0.309097405332747,0.30827949679682304
deep0_mgga_3x16,deep_mgga_3x16,fc,0.5,0,0.650000,0.3075738237561929,0.30666638288227216
deep0_mgga_3x16,deep_mgga_3x16,fc,0.5,0,0.675000,0.3060380107752898,0.3050256057748015
deep0_mgga_3x16,deep_mgga_3x16,fc,0.5,0,0.700000,0.30450585421843823,0.3033598741779992
deep0_mgga_3x16,deep_mgga_3x16,fc,0.5,0,0.725000,0.30298666563994603,0.3016718155575726
deep0_mgga_3x16,deep_mgga_3x16,fc,0.5,0,0.750000,0.3014800645287581,0.29996397043444967
deep0_mgga_3x16,deep_mgga_3x16,fc,0.5,0,0.775000,0.2999743378350992,0.2982387877175273
deep0_mgga_3x16,deep_mgga_3x16,fc,0.5,0,0.800000,0.29844682748792817,0.296498621018854
deep0_mgga_3x16,deep_mgga_3x16,fc,0.5,0,0.825000,0.2968667622061194,0.2947457258881186
deep0_mgga_3x16,deep_mgga_3x16,fc,0.5,0,0.850000,0.2952005674642961,0.29298225789916543
deep0_mgga_3x16,deep_mgga_3x16,fc,0.5,0,0.875000,0.2934189880231006,0.29121027151871076
deep0_mgga_3x16,deep_mgga_3x16,fc,0.5,0,0.900000,0.2915045055322356,0.2894317196863083
deep0_mgga_3x16,deep_mgga_3x16,fc,0.5,0,0.925000,0.2894569466450265,0.2876484540347219
deep0_mgga_3x16,deep_mgga_3x16,fc,0.5,0,0.950000,0.28729531994338364,0.28586222568102476
deep0_mgga_3x16,deep_mgga_3x16,fc,0.5,0,0.975000,0.2850549593914202,0.28407468652077544
deep0_mgga_3x16,deep_mgga_3x16,fc,0.5,0,1.000000,0.28278063418389743,0.2822873909603596
deep0_mgga_3x16,deep_mgga_3x16,fc,0.5,0,1.025000,0.2805176771185749,0.28050179802586334
deep0_mgga_3x16,deep_mgga_3x16,fc,0.5,0,1.050000,0.27830372504245715,0.2787192737905341
deep0_mgga_3x16,deep_mgga_3x16,fc,0.5,0,1.075000,0.2761631768948236,0.2769410940668413
deep0_mgga_3x16,deep_mgga_3x16,fc,0.5,0,1.100000,0.27410531504822355,0.2751684473132806
deep0_mgga_3x16,deep_mgga_3x16,fc,0.5,0,1.125000,0.27212580359161165,0.27340243771025846
deep0_mgga_3x16,deep_mgga_3x16,fc,0.5,0,1.150000,0.2702104481565595,0.27164408836358467
deep0_mgga_3x16,deep_mgga_3x16,fc,0.5,0,1.175000,0.26833984101538133,0.2698943445982087
deep0_mgga_3x16,deep_mgga_3x16,fc,0.5,0,1.200000,0.26649371631490104,0.26815407730881924
deep0_mgga_3x16,deep_mgga_3x16,fc,0.5,0,1.225000,0.264654276270194,0.2664240863377366
deep0_mgga_3x16,deep_mgga_3x16,fc,0.5,0,1.250000,0.2628082082234503,0.26470510385413837
deep0_mgga_3x16,deep_mgga_3x16,fc,0.5,0,1.275000,0.2609474651102601,0.2629977977120472
deep0_mgga_3x16,deep_mgga_3x16,fc,0.5,0,1.300000,0.2590690847019248,0.26130277476765973
deep0_mgga_3x16,deep_mgga_3x16,fc,0.5,0,1.325000,0.25717439141466936,0.2596205841395056
deep0_mgga_3x16,deep_mgga_3x16,fc,0.5,0,1.350000,0.2552679003701852,0.2579517203975876
deep0_mgga_3x16,deep_mgga_3x16,fc,0.5,0,1.375000,0.25335617131226384,0.2562966266700757
deep0_mgga_3x16,deep_mgga_3x16,fc,0.5,0,1.400000,0.2514467747417013,0.2546556976583169
deep0_mgga_3x16,deep_mgga_3x16,fc,0.5,0,1.425000,0.24954745577899806,0.2530292825528789
deep0_mgga_3x16,deep_mgga_3x16,fc,0.5,0,1.450000,0.24766552270326625,0.2514176878450953
deep0_mgga_3x16,deep_mgga_3x16,fc,0.5,0,1.475000,0.24580744866286874,0.24982118003012163
deep0_mgga_3x16,deep_mgga_3x16,fc,0.5,0,1.500000,0.2439786540231479,0.24823998819886675
deep0_mgga_3x16,deep_mgga_3x16,fc,0.5,0,1.525000,0.242183428749978,0.24667430651734645
deep0_mgga_3x16,deep_mgga_3x16,fc,0.5,0,1.550000,0.24042495459292113,0.24512429659302354
deep0_mgga_3x16,deep_mgga_3x16,fc,0.5,0,1.575000,0.23870539186927575,0.24359008972857565
deep0_mgga_3x16,deep_mgga_3x16,fc,0.5,0,1.600000,0.23702600264009344,0.24207178906427043
deep0_mgga_3x16,deep_mgga_3x16,fc,0.5,0,1.625000,0.23538728926985886,0.2405694716107513
deep0_mgga_3x16,deep_mgga_3x16,fc,0.5,0,1.650000,0.2337891338089535,0.23908319017454924
deep0_mgga_3x16,deep_mgga_3x16,fc,0.5,0,1.675000,0.2322309289140594,0.23761297517905672
deep0_mgga_3x16,deep_mgga_3x16,fc,0.5,0,1.700000,0.23071169505086186,0.2361588363840303
deep0_mgga_3x16,deep_mgga_3x16,fc,0.5,0,1.725000,0.22923018161794362,0.2347207645069526
deep0_mgga_3x16,deep_mgga_3x16,fc,0.5,0,1.750000,0.22778495158512135,0.23329873274977247
deep0_mgga_3x16,deep_mgga_3x16,fc,0.5,0,1.775000,0.2263744504653814,0.23189269823468467
deep0_mgga_3x16,deep_mgga_3x16,fc,0.5,0,1.800000,0.2249970611314981,0.23050260335269374
deep0_mgga_3x16,deep_mgga_3x16,fc,0.5,0,1.825000,0.2236511463083536,0.22912837702875558
deep0_mgga_3x16,deep_mgga_3x16,fc,0.5,0,1.850000,0.22233508064619256,0.22776993590729927
deep0_mgga_3x16,deep_mgga_3x16,fc,0.5,0,1.875000,0.22104727420208514,0.22642718546190987
deep0_mgga_3x16,deep_mgga_3x16,fc,0.5,0,1.900000,0.21978618899306934,0.22510002103290963
deep0_mgga_3x16,deep_mgga_3x16,fc,0.5,0,1.925000,0.21855035007986,0.22378832879650545
deep0_mgga_3x16,deep_mgga_3x16,fc,0.5,0,1.950000,0.21733835242402322,0.22249198666909004
deep0_mgga_3x16,deep_mgga_3x16,fc,0.5,0,1.975000,0.21614886455216153,0.22121086515018337
deep0_mgga_3x16,deep_mgga_3x16,fc,0.5,0,2.000000,0.21498062986827648,0.219944828107396
deep0_mgga_3x16,deep_mgga_3x16,fc,0.5,0,2.025000,0.21383246628513564,0.21869373350667778
deep0_mgga_3x16,deep_mgga_3x16,fc,0.5,0,2.050000,0.21270326469890088,0.21745743409099527
deep0_mgga_3x16,deep_mgga_3x16,fc,0.5,0,2.075000,0.2115919867080902,0.21623577801045382
deep0_mgga_3x16,deep_mgga_3x16,fc,0.5,0,2.100000,0.21049766187657715,0.21502860940675309
deep0_mgga_3x16,deep_mgga_3x16,fc,0.5,0,2.125000,0.20941938475846478,0.2138357689547368
deep0_mgga_3x16,deep_mgga_3x16,fc,0.5,0,2.150000,0.20835631183794057,0.2126570943636662
deep0_mgga_3x16,deep_mgga_3x16,fc,0.5,0,2.175000,0.2073076584869179,0.21149242084072278
deep0_mgga_3x16,deep_mgga_3x16,fc,0.5,0,2.200000,0.20627269600518994,0.2103415815191169
deep0_mgga_3x16,deep_mgga_3x16,fc,0.5,0,2.225000,0.20525074877961447,0.20920440785305966
deep0_mgga_3x16,deep_mgga_3x16,fc,0.5,0,2.250000,0.20424119157868448,0.20808072998173271
deep0_mgga_3x16,deep_mgga_3x16,fc,0.5,0,2.275000,0.20324344698496732,0.2069703770642767
deep0_mgga_3x16,deep_mgga_3x16,fc,0.5,0,2.300000,0.2022569829589227,0.20587317758770768
deep0_mgga_3x16,deep_mgga_3x16,fc,0.5,0,2.325000,0.20128131052233744,0.2047889596495595
deep0_mgga_3x16,deep_mgga_3x16,fc,0.5,0,2.350000,0.20031598154707542,0.20371755121695145
deep0_mgga_3x16,deep_mgga_3x16,fc,0.5,0,2.375000,0.1993605866342255,0.2026587803636763
deep0_mgga_3x16,deep_mgga_3x16,fc,0.5,0,2.400000,0.1984147530694883,0.20161247548681305
deep0_mgga_3x16,deep_mgga_3x16,fc,0.5,0,2.425000,0.1974781428421718,0.20057846550427505
deep0_mgga_3x16,deep_mgga_3x16,fc,0.5,0,2.450000,0.19655045071725008,0.19955658003462096
deep0_mgga_3x16,deep_mgga_3x16,fc,0.5,0,2.475000,0.19563140235217114,0.1985466495603711
deep0_mgga_3x16,deep_mgga_3x16,fc,0.5,0,2.500000,0.19472075245236886,0.19754850557599712
deep0_mgga_3x16,deep_mgga_3x16,fc,0.5,0,2.525000,0.19381828296158554,0.19656198072167724
deep0_mgga_3x16,deep_mgga_3x16,fc,0.5,0,2.550000,0.1929238012850174,0.1955869089038409
deep0_mgga_3x16,deep_mgga_3x16,fc,0.5,0,2.575000,0.19203713854498772,0.19462312540346077
deep0_mgga_3x16,deep_mgga_3x16,fc,0.5,0,2.600000,0.19115814787020313,0.1936704669729871
deep0_mgga_3x16,deep_mgga_3x16,fc,0.5,0,2.625000,0.19028670272075665,0.19272877192276328
deep0_mgga_3x16,deep_mgga_3x16,fc,0.5,0,2.650000,0.18942269525182454,0.19179788019770336
deep0_mgga_3x16,deep_mgga_3x16,fc,0.5,0,2.675000,0.18856603471956135,0.19087763344496303
deep0_mgga_3x16,deep_mgga_3x16,fc,0.5,0,2.700000,0.1877166459329903,0.18996787507328558
deep0_mgga_3x16,deep_mgga_3x16,fc,0.5,0,2.725000,0.18687446775580063,0.18906845030465902
deep0_mgga_3x16,deep_mgga_3x16,fc,0.5,0,2.750000,0.18603945166185798,0.18817920621887696
deep0_mgga_3x16,deep_mgga_3x16,fc,0.5,0,2.775000,0.1852115603480491,0.18729999179155726
deep0_mgga_3x16,deep_mgga_3x16,fc,0.5,0,2.800000,0.18439076640770802,0.18643065792613206
deep0_mgga_3x16,deep_mgga_3x16,fc,0.5,0,2.825000,0.1835770510674657,0.1855710574802897
deep0_mgga_3x16,deep_mgga_3x16,fc,0.5,0,2.850000,0.18277040298987535,0.18472104528731484
deep0_mgga_3x16,deep_mgga_3x16,fc,0.5,0,2.875000,0.18197081714362084,0.1838804781727427
deep0_mgga_3x16,deep_mgga_3x16,fc,0.5,0,2.900000,0.18117829374259542,0.18304921496671248
deep0_mgga_3x16,deep_mgga_3x16,fc,0.5,0,2.925000,0.18039283725455435,0.1822271165123812
deep0_mgga_3x16,deep_mgga_3x16,fc,0.5,0,2.950000,0.17961445547953503,0.18141404567072983
deep0_mgga_3x16,deep_mgga_3x16,fc,0.5,0,2.975000,0.17884315869770262,0.180609867322074
deep0_mgga_3x16,deep_mgga_3x16,fc,0.5,0,3.000000,0.17807895888580416,0.17981444836456556
deep0_mgga_3x16,deep_mgga_3x16,fc,0.5,0,3.025000,0.17732186900097158,0.179027657709953
deep0_mgga_3x16,deep_mgga_3x16,fc,0.5,0,3.050000,0.17657190233020603,0.17824936627684973
deep0_mgga_3x16,deep_mgga_3x16,fc,0.5,0,3.075000,0.17582907190353747,0.17747944698173865
deep0_mgga_3x16,deep_mgga_3x16,fc,0.5,0,3.100000,0.1750933899685374,0.17671777472792738
deep0_mgga_3x16,deep_mgga_3x16,fc,0.5,0,3.125000,0.17436486752362346,0.17596422639265208
deep0_mgga_3x16,deep_mgga_3x16,fc,0.5,0,3.150000,0.17364351390737776,0.1752186808125115
deep0_mgga_3x16,deep_mgga_3x16,fc,0.5,0,3.175000,0.1729293364409541,0.17448101876740207
deep0_mgga_3x16,deep_mgga_3x16,fc,0.5,0,3.200000,0.1722223401205274,0.17375112296311035
deep0_mgga_3x16,deep_mgga_3x16,fc,0.5,0,3.225000,0.1715225273566775,0.17302887801270725
deep0_mgga_3x16,deep_mgga_3x16,fc,0.5,0,3.250000,0.17082989775755109,0.1723141704168793
deep0_mgga_3x16,deep_mgga_3x16,fc,0.5,0,3.275000,0.17014444795266748,0.17160688854331868
deep0_mgga_3x16,deep_mgga_3x16,fc,0.5,0,3.300000,0.16946617145422693,0.17090692260528872
deep0_mgga_3x16,deep_mgga_3x16,fc,0.5,0,3.325000,0.168795058552891,0.17021416463946792
deep0_mgga_3x16,deep_mgga_3x16,fc,0.5,0,3.350000,0.16813109624502565,0.16952850848317152
deep0_mgga_3x16,deep_mgga_3x16,fc,0.5,0,3.375000,0.16747426818853572,0.16884984975103826
deep0_mgga_3x16,deep_mgga_3x16,fc,0.5,0,3.400000,0.16682455468451907,0.1681780858112667
deep0_mgga_3x16,deep_mgga_3x16,fc,0.5,0,3.425000,0.16618193268209136,0.1675131157614748
deep0_mgga_3x16,deep_mgga_3x16,fc,0.5,0,3.450000,0.16554637580386655,0.16685484040425386
deep0_mgga_3x16,deep_mgga_3x16,fc,0.5,0,3.475000,0.16491785438972728,0.1662031622224799
deep0_mgga_3x16,deep_mgga_3x16,fc,0.5,0,3.500000,0.16429633555665568,0.16555798535444163
deep0_mgga_3x16,deep_mgga_3x16,fc,0.5,0,3.525000,0.1636817832725399,0.16491921556883718
deep0_mgga_3x16,deep_mgga_3x16,fc,0.5,0,3.550000,0.16307415844202522,0.16428676023969127
deep0_mgga_3x16,deep_mgga_3x16,fc,0.5,0,3.575000,0.1624734190026209,0.16366052832123476
deep0_mgga_3x16,deep_mgga_3x16,fc,0.5,0,3.600000,0.16187952002940353,0.1630404303227895
deep0_mgga_3x16,deep_mgga_3x16,fc,0.5,0,3.625000,0.16129241384681858,0.16242637828369502
deep0_mgga_3x16,deep_mgga_3x16,fc,0.5,0,3.650000,0.16071205014618561,0.16181828574831011
deep0_mgga_3x16,deep_mgga_3x16,fc,0.5,0,3.675000,0.16013837610766224,0.16121606774112202
deep0_mgga_3x16,deep_mgga_3x16,fc,0.5,0,3.700000,0.15957133652552957,0.16061964074198865
deep0_mgga_3x16,deep_mgga_3x16,fc,0.5,0,3.725000,0.15901087393577729,0.16002892266154084
deep0_mgga_3x16,deep_mgga_3x16,fc,0.5,0,3.750000,0.15845692874507822,0.15944383281676652
deep0_mgga_3x16,deep_mgga_3x16,fc,0.5,0,3.775000,0.15790943936033108,0.1588642919067969
deep0_mgga_3x16,deep_mgga_3x16,fc,0.5,0,3.800000,0.1573683423180574,0.158290221988913
deep0_mgga_3x16,deep_mgga_3x16,fc,0.5,0,3.825000,0.15683357241301354,0.15772154645478986
deep0_mgga_3x16,deep_mgga_3x16,fc,0.5,0,3.850000,0.15630506282546164,0.15715819000699058
deep0_mgga_3x16,deep_mgga_3x16,fc,0.5,0,3.875000,0.1557827452466184,0.15660007863572586
deep0_mgga_3x16,deep_mgga_3x16,fc,0.5,0,3.900000,0.1552665500018625,0.1560471395958869
deep0_mgga_3x16,deep_mgga_3x16,fc,0.5,0,3.925000,0.15475640617135233,0.15549930138436474
deep0_mgga_3x16,deep_mgga_3x16,fc,0.5,0,3.950000,0.1542522417077452,0.15495649371766224
deep0_mgga_3x16,deep_mgga_3x16,fc,0.5,0,3.975000,0.15375398355077918,0.15441864750980674
deep0_mgga_3x16,deep_mgga_3x16,fc,0.5,0,4.000000,0.15326155773850259,0.15388569485056963
deep0_mgga_3x16,deep_mgga_3x16,fc,0.5,0,4.025000,0.1527748895149985,0.1533575689839974
deep0_mgga_3x16,deep_mgga_3x16,fc,0.5,0,4.050000,0.15229390343447102,0.15283420428725958
deep0_mgga_3x16,deep_mgga_3x16,fc,0.5,0,4.075000,0.15181852346160063,0.1523155362498149
deep0_mgga_3x16,deep_mgga_3x16,fc,0.5,0,4.100000,0.15134867306810595,0.15180150145290017
deep0_mgga_3x16,deep_mgga_3x16,fc,0.5,0,4.125000,0.15088427532546922,0.15129203754934262
deep0_mgga_3x16,deep_mgga_3x16,fc,0.5,0,4.150000,0.15042525299380893,0.15078708324369658
deep0_mgga_3x16,deep_mgga_3x16,fc,0.5,0,4.175000,0.1499715286069061,0.15028657827270658
deep0_mgga_3x16,deep_mgga_3x16,fc,0.5,0,4.200000,0.14952302455340227,0.149790463386094
deep0_mgga_3x16,deep_mgga_3x16,fc,0.5,0,4.225000,0.14907966315420162,0.14929868032767024
deep0_mgga_3x16,deep_mgga_3x16,fc,0.5,0,4.250000,0.14864136673613149,0.14881117181677259
deep0_mgga_3x16,deep_mgga_3x16,fc,0.5,0,4.275000,0.14820805770191348,0.14832788153002277
deep0_mgga_3x16,deep_mgga_3x16,fc,0.5,0,4.300000,0.14777965859652498,0.1478487540834059
deep0_mgga_3x16,deep_mgga_3x16,fc,0.5,0,4.325000,0.14735609217001233,0.14737373501466866
deep0_mgga_3x16,deep_mgga_3x16,fc,0.5,0,4.350000,0.14693728143685436,0.1469027707660326
deep0_mgga_3x16,deep_mgga_3x16,fc,0.5,0,4.375000,0.14652314973195368,0.1464358086672206
deep0_mgga_3x16,deep_mgga_3x16,fc,0.5,0,4.400000,0.14611362076335566,0.14597279691879567
deep0_mgga_3x16,deep_mgga_3x16,fc,0.5,0,4.425000,0.14570861866178653,0.14551368457580452
deep0_mgga_3x16,deep_mgga_3x16,fc,0.5,0,4.450000,0.14530806802711504,0.14505842153172646
deep0_mgga_3x16,deep_mgga_3x16,fc,0.5,0,4.475000,0.1449118939718288,0.14460695850272298
deep0_mgga_3x16,deep_mgga_3x16,fc,0.5,0,4.500000,0.14452002216163884,0.1441592470121828
deep0_mgga_3x16,deep_mgga_3x16,fc,0.5,0,4.525000,0.14413237885330554,0.14371523937556108
deep0_mgga_3x16,deep_mgga_3x16,fc,0.5,0,4.550000,0.14374889092979104,0.14327488868550697
deep0_mgga_3x16,deep_mgga_3x16,fc,0.5,0,4.575000,0.14336948593283827,0.14283814879727608
deep0_mgga_3x16,deep_mgga_3x16,fc,0.5,0,4.600000,0.1429940920930851,0.1424049743144244
deep0_mgga_3x16,deep_mgga_3x16,fc,0.5,0,4.625000,0.1426226383577971,0.1419753205747783
deep0_mgga_3x16,deep_mgga_3x16,fc,0.5,0,4.650000,0.142255054416337,0.1415491436366775
deep0_mgga_3x16,deep_mgga_3x16,fc,0.5,0,4.675000,0.14189127072345098,0.14112640026548623
deep0_mgga_3x16,deep_mgga_3x16,fc,0.5,0,4.700000,0.14153121852048045,0.1407070479203679
deep0_mgga_3x16,deep_mgga_3x16,fc,0.5,0,4.725000,0.1411748298545753,0.14029104474132023
deep0_mgga_3x16,deep_mgga_3x16,fc,0.5,0,4.750000,0.14082203759601952,0.1398783495364646
deep0_mgga_3x16,deep_mgga_3x16,fc,0.5,0,4.775000,0.14047277545374082,0.13946892176958758
deep0_mgga_3x16,deep_mgga_3x16,fc,0.5,0,4.800000,0.1401269779890979,0.13906272154792787
deep0_mgga_3x16,deep_mgga_3x16,fc,0.5,0,4.825000,0.13978458062802845,0.1386597096102065
deep0_mgga_3x16,deep_mgga_3x16,fc,0.5,0,4.850000,0.13944551967163787,0.13825984731489438
deep0_mgga_3x16,deep_mgga_3x16,fc,0.5,0,4.875000,0.13910973230530743,0.13786309662871396
deep0_mgga_3x16,deep_mgga_3x16,fc,0.5,0,4.900000,0.13877715660639856,0.13746942011536997
deep0_mgga_3x16,deep_mgga_3x16,fc,0.5,0,4.925000,0.13844773155062384,0.13707878092450526
deep0_mgga_3x16,deep_mgga_3x16,fc,0.5,0,4.950000,0.13812139701716453,0.13669114278087835
deep0_mgga_3x16,deep_mgga_3x16,fc,0.5,0,4.975000,0.13779809379258845,0.13630646997375656
deep0_mgga_3x16,deep_mgga_3x16,fc,0.5,0,5.000000,0.1374777635736496,0.1359247273465229
deep0_mgga_3x16,deep_mgga_3x16,fc,0.5,0,5.025000,0.13716034896902096,0.13554588028649092
deep0_mgga_3x16,deep_mgga_3x16,fc,0.5,0,5.050000,0.13684579350003,0.13516989471492433
deep0_mgga_3x16,deep_mgga_3x16,fc,0.5,0,5.075000,0.13653404160045168,0.13479673707725684
deep0_mgga_3x16,deep_mgga_3x16,fc,0.5,0,5.100000,0.13622503861541368,0.13442637433350926
deep0_mgga_3x16,deep_mgga_3x16,fc,0.5,0,5.125000,0.13591873079947236,0.13405877394889873
deep0_mgga_3x16,deep_mgga_3x16,fc,0.5,0,5.150000,0.1356150653139081,0.1336939038846367
deep0_mgga_3x16,deep_mgga_3x16,fc,0.5,0,5.175000,0.13531399022329205,0.1333317325889129
deep0_mgga_3x16,deep_mgga_3x16,fc,0.5,0,5.200000,0.13501545449136698,0.1329722289880596
deep0_mgga_3x16,deep_mgga_3x16,fc,0.5,0,5.225000,0.1347194079762959,0.1326153624778942
deep0_mgga_3x16,deep_mgga_3x16,fc,0.5,0,5.250000,0.13442580142531257,0.1322611029152361
deep0_mgga_3x16,deep_mgga_3x16,fc,0.5,0,5.275000,0.13413458646882415,0.13190942060959335
deep0_mgga_3x16,deep_mgga_3x16,fc,0.5,0,5.300000,0.1338457156139966,0.13156028631501718
deep0_mgga_3x16,deep_mgga_3x16,fc,0.5,0,5.325000,0.1335591422378707,0.13121367122211955
deep0_mgga_3x16,deep_mgga_3x16,fc,0.5,0,5.350000,0.13327482058003526,0.1308695469502513
deep0_mgga_3x16,deep_mgga_3x16,fc,0.5,0,5.375000,0.1329927057348972,0.13052788553983724
deep0_mgga_3x16,deep_mgga_3x16,fc,0.5,0,5.400000,0.1327127536435826,0.13018865944486457
deep0_mgga_3x16,deep_mgga_3x16,fc,0.5,0,5.425000,0.13243492108549126,0.12985184152552212
deep0_mgga_3x16,deep_mgga_3x16,fc,0.5,0,5.450000,0.1321591656695461,0.12951740504098702
deep0_mgga_3x16,deep_mgga_3x16,fc,0.5,0,5.475000,0.1318854458251566,0.129185323642355
deep0_mgga_3x16,deep_mgga_3x16,fc,0.5,0,5.500000,0.13161372079292466,0.12885557136571307
deep0_mgga_3x16,deep_mgga_3x16,fc,0.5,0,5.525000,0.13134395061512194,0.128528122625349
deep0_mgga_3x16,deep_mgga_3x16,fc,0.5,0,5.550000,0.13107609612595883,0.12820295220709765
deep0_mgga_3x16,deep_mgga_3x16,fc,0.5,0,5.575000,0.13081011894166694,0.12788003526181874
deep0_mgga_3x16,deep_mgga_3x16,fc,0.5,0,5.600000,0.13054598145042084,0.1275593472990049
deep0_mgga_3x16,deep_mgga_3x16,fc,0.5,0,5.625000,0.13028364680211757,0.1272408641805166
deep0_mgga_3x16,deep_mgga_3x16,fc,0.5,0,5.650000,0.13002307889802833,0.12692456211444123
deep0_mgga_3x16,deep_mgga_3x16,fc,0.5,0,5.675000,0.12976424238034912,0.12661041764907438
deep0_mgga_3x16,deep_mgga_3x16,fc,0.5,0,5.700000,0.12950710262166132,0.12629840766701914
deep0_mgga_3x16,deep_mgga_3x16,fc,0.5,0,5.725000,0.1292516257143188,0.12598850937940373
deep0_mgga_3x16,deep_mgga_3x16,fc,0.5,0,5.750000,0.12899777845977933,0.125680700320211
deep0_mgga_3x16,deep_mgga_3x16,fc,0.5,0,5.775000,0.1287455283578921,0.1253749583407219
deep0_mgga_3x16,deep_mgga_3x16,fc,0.5,0,5.800000,0.1284948435961577,0.12507126160406637
deep0_mgga_3x16,deep_mgga_3x16,fc,0.5,0,5.825000,0.12824569303897015,0.12476958857988306
deep0_mgga_3x16,deep_mgga_3x16,fc,0.5,0,5.850000,0.12799804621685174,0.1244699180390814
deep0_mgga_3x16,deep_mgga_3x16,fc,0.5,0,5.875000,0.1277518733156997,0.12417222904870914
deep0_mgga_3x16,deep_mgga_3x16,fc,0.5,0,5.900000,0.1275071451660431,0.12387650096691742
deep0_mgga_3x16,deep_mgga_3x16,fc,0.5,0,5.925000,0.12726383323233237,0.12358271343802625
deep0_mgga_3x16,deep_mgga_3x16,fc,0.5,0,5.950000,0.127021909602258,0.1232908463876843
deep0_mgga_3x16,deep_mgga_3x16,fc,0.5,0,5.975000,0.1267813469761182,0.12300088001812445
deep0_mgga_3x16,deep_mgga_3x16,fc,0.5,0,6.000000,0.12654211865623588,0.12271279480351016
deep0_mgga_3x16,deep_mgga_3x16,fc,2,0,0.000000,0.4609645287628943,0.4637124935893196
deep0_mgga_3x16,deep_mgga_3x16,fc,2,0,0.025000,0.46096027198239664,0.46365797510614426
deep0_mgga_3x16,deep_mgga_3x16,fc,2,0,0.050000,0.4609309426318019,0.46349457828501833
deep0_mgga_3x16,deep_mgga_3x16,fc,2,0,0.075000,0.46085292216675133,0.46322277769074155
deep0_mgga_3x16,deep_mgga_3x16,fc,2,0,0.100000,0.4607046505524678,0.4628433598850073
deep0_mgga_3x16,deep_mgga_3x16,fc,2,0,0.125000,0.46046732437891336,0.4623574169322783
deep0_mgga_3x16,deep_mgga_3x16,fc,2,0,0.150000,0.46012569412236504,0.4617663374565877
deep0_mgga_3x16,deep_mgga_3x16,fc,2,0,0.175000,0.45966883714679607,0.4610717953930279
deep0_mgga_3x16,deep_mgga_3x16,fc,2,0,0.200000,0.4590907695196922,0.46027573661210736
deep0_mgga_3x16,deep_mgga_3x16,fc,2,0,0.225000,0.4583907594173433,0.4593803636249541
deep0_mgga_3x16,deep_mgga_3x16,fc,2,0,0.250000,0.45757322371061027,0.458388118601862
deep0_mgga_3x16,deep_mgga_3x16,fc,2,0,0.275000,0.4566471315617715,0.45730166495548114
deep0_mgga_3x16,deep_mgga_3x16,fc,2,0,0.300000,0.45562490561653624,0.45612386775278785
deep0_mgga_3x16,deep_mgga_3x16,fc,2,0,0.325000,0.45452089812199026,0.45485777322679916
deep0_mgga_3x16,deep_mgga_3x16,fc,2,0,0.350000,0.45334961338017177,0.45350658765997187
deep0_mgga_3x16,deep_mgga_3x16,fc,2,0,0.375000,0.452123927442316,0.45207365590667414
deep0_mgga_3x16,deep_mgga_3x16,fc,2,0,0.400000,0.4508535922571246,0.4505624398125133
deep0_mgga_3x16,deep_mgga_3x16,fc,2,0,0.425000,0.4495442774747702,0.44897649677425233
deep0_mgga_3x16,deep_mgga_3x16,fc,2,0,0.450000,0.4481972864858931,0.4473194586662224
deep0_mgga_3x16,deep_mgga_3x16,fc,2,0,0.475000,0.44680990067948323,0.4455950113382937
deep0_mgga_3x16,deep_mgga_3x16,fc,2,0,0.500000,0.44537610926468185,0.4438068748673543
deep0_mgga_3x16,deep_mgga_3x16,fc,2,0,0.525000,0.4438873486743826,0.44195878471962796
deep0_mgga_3x16,deep_mgga_3x16,fc,2,0,0.550000,0.44233288037222396,0.44005447395576214
deep0_mgga_3x16,deep_mgga_3x16,fc,2,0,0.575000,0.4406996145984454,0.43809765658510047
deep0_mgga_3x16,deep_mgga_3x16,fc,2,0,0.600000,0.438971509976642,0.43609201215052357
deep0_mgga_3x16,deep_mgga_3x16,fc,2,0,0.625000,0.4371290467038923,0.4340411716012089
deep0_mgga_3x16,deep_mgga_3x16,fc,2,0,0.650000,0.435149542781345,0.431948704488058
deep0_mgga_3x16,deep_mgga_3x16,fc,2,0,0.675000,0.4330091138805001,0.42981810749569455
deep0_mgga_3x16,deep_mgga_3x16,fc,2,0,0.700000,0.43068676425248564,0.4276527943060994
deep0_mgga_3x16,deep_mgga_3x16,fc,2,0,0.725000,0.42817042258490057,0.4254560867722806
deep0_mgga_3x16,deep_mgga_3x16,fc,2,0,0.750000,0.42546382653568904,0.42323120736595304
deep0_mgga_3x16,deep_mgga_3x16,fc,2,0,0.775000,0.42259230978155404,0.42098127285104386
deep0_mgga_3x16,deep_mgga_3x16,fc,2,0,0.800000,0.4196051805205059,0.4187092891248944
deep0_mgga_3x16,deep_mgga_3x16,fc,2,0,0.825000,0.41657287381650765,0.4164181471612089
deep0_mgga_3x16,deep_mgga_3x16,fc,2,0,0.850000,0.41357846639026197,0.41411061998296744
deep0_mgga_3x16,deep_mgga_3x16,fc,2,0,0.875000,0.4107050256556425,0.41178936058951576
deep0_mgga_3x16,deep_mgga_3x16,fc,2,0,0.900000,0.4080218269641295,0.40945690075969354
deep0_mgga_3x16,deep_mgga_3x16,fc,2,0,0.925000,0.40557297930322167,0.40711565065196964
deep0_mgga_3x16,deep_mgga_3x16,fc,2,0,0.950000,0.4033712201772224,0.4047678991229293
deep0_mgga_3x16,deep_mgga_3x16,fc,2,0,0.975000,0.40139797243103537,0.40241581468690557
deep0_mgga_3x16,deep_mgga_3x16,fc,2,0,1.000000,0.39960895011490416,0.40006144704189445
deep0_mgga_3x16,deep_mgga_3x16,fc,2,0,1.025000,0.3979433275630634,0.39770672908995053
deep0_mgga_3x16,deep_mgga_3x16,fc,2,0,1.050000,0.3963340470086061,0.3953534793838818
deep0_mgga_3x16,deep_mgga_3x16,fc,2,0,1.075000,0.39471714744442243,0.3930034049360875
deep0_mgga_3x16,deep_mgga_3x16,fc,2,0,1.100000,0.39303873895561836,0.3906581043297023
deep0_mgga_3x16,deep_mgga_3x16,fc,2,0,1.125000,0.3912590819597521,0.3883190710766848
deep0_mgga_3x16,deep_mgga_3x16,fc,2,0,1.150000,0.3893539168997239,0.3859876971720425
deep0_mgga_3x16,deep_mgga_3x16,fc,2,0,1.175000,0.38731361807640097,0.3836652767979275
deep0_mgga_3x16,deep_mgga_3x16,fc,2,0,1.200000,0.3851409159750916,0.38135301013579076
deep0_mgga_3x16,deep_mgga_3x16,fc,2,0,1.225000,0.3828479081028723,0.3790520072491119
deep0_mgga_3x16,deep_mgga_3x16,fc,2,0,1.250000,0.380452939972004,0.3767632920033665
deep0_mgga_3x16,deep_mgga_3x16,fc,2,0,1.275000,0.3779777567536181,0.3744878059938269
deep0_mgga_3x16,deep_mgga_3x16,fc,2,0,1.300000,0.375445151739646,0.3722264124554973
deep0_mgga_3x16,deep_mgga_3x16,fc,2,0,1.325000,0.3728771967805983,0.36997990013293486
deep0_mgga_3x16,deep_mgga_3x16,fc,2,0,1.350000,0.3702940411667922,0.367748987090909
deep0_mgga_3x16,deep_mgga_3x16,fc,2,0,1.375000,0.3677132065483153,0.3655343244497885
deep0_mgga_3x16,deep_mgga_3x16,fc,2,0,1.400000,0.36514927845404166,0.36333650003222684
deep0_mgga_3x16,deep_mgga_3x16,fc,2,0,1.425000,0.36261389027860624,0.36115604191015194
deep0_mgga_3x16,deep_mgga_3x16,fc,2,0,1.450000,0.3601159045972837,0.35899342184325267
deep0_mgga_3x16,deep_mgga_3x16,fc,2,0,1.475000,0.35766171253941337,0.35684905860211963
deep0_mgga_3x16,deep_mgga_3x16,fc,2,0,1.500000,0.35525558994837314,0.35472332117093486
deep0_mgga_3x16,deep_mgga_3x16,fc,2,0,1.525000,0.35290006623033343,0.3526165318261523
deep0_mgga_3x16,deep_mgga_3x16,fc,2,0,1.550000,0.35059627658437376,0.35052896908895104
deep0_mgga_3x16,deep_mgga_3x16,fc,2,0,1.575000,0.3483442801164707,0.3484608705504263
deep0_mgga_3x16,deep_mgga_3x16,fc,2,0,1.600000,0.3461433351760759,0.34641243556949486
deep0_mgga_3x16,deep_mgga_3x16,fc,2,0,1.625000,0.3439921294533491,0.34438382784435767
deep0_mgga_3x16,deep_mgga_3x16,fc,2,0,1.650000,0.34188896641571986,0.3423751778591022
deep0_mgga_3x16,deep_mgga_3x16,fc,2,0,1.675000,0.3398319120448392,0.34038658520764153
deep0_mgga_3x16,deep_mgga_3x16,fc,2,0,1.700000,0.33781890701517425,0.3384181207976971
deep0_mgga_3x16,deep_mgga_3x16,fc,2,0,1.725000,0.33584784981464033,0.3364698289379469
deep0_mgga_3x16,deep_mgga_3x16,fc,2,0,1.750000,0.33391665614369836,0.3345417293117887
deep0_mgga_3x16,deep_mgga_3x16,fc,2,0,1.775000,0.33202329946307674,0.33263381884142695
deep0_mgga_3x16,deep_mgga_3x16,fc,2,0,1.800000,0.33016583694639534,0.3307460734461768
deep0_mgga_3x16,deep_mgga_3x16,fc,2,0,1.825000,0.3283424244353558,0.32887844969901675
deep0_mgga_3x16,deep_mgga_3x16,fc,2,0,1.850000,0.3265513233553282,0.32703088638550154
deep0_mgga_3x16,deep_mgga_3x16,fc,2,0,1.875000,0.32479090196416893,0.32520330596918856
deep0_mgga_3x16,deep_mgga_3x16,fc,2,0,1.900000,0.32305963279393146,0.323395615967739
deep0_mgga_3x16,deep_mgga_3x16,fc,2,0,1.925000,0.32135608770872404,0.32160771024382623
deep0_mgga_3x16,deep_mgga_3x16,fc,2,0,1.950000,0.3196789316401514,0.3198394702149331
deep0_mgga_3x16,deep_mgga_3x16,fc,2,0,1.975000,0.31802691576809483,0.3180907659860507
deep0_mgga_3x16,deep_mgga_3x16,fc,2,0,2.000000,0.3163988706811025,0.31636145740919613
deep0_mgga_3x16,deep_mgga_3x16,fc,2,0,2.025000,0.31479369986857075,0.31465139507356843
deep0_mgga_3x16,deep_mgga_3x16,fc,2,0,2.050000,0.3132103737580625,0.3129604212300418
deep0_mgga_3x16,deep_mgga_3x16,fc,2,0,2.075000,0.31164792440763245,0.3112883706535782
deep0_mgga_3x16,deep_mgga_3x16,fc,2,0,2.100000,0.3101054408883158,0.3096350714470056
deep0_mgga_3x16,deep_mgga_3x16,fc,2,0,2.125000,0.30858206533999033,0.30800034578948027
deep0_mgga_3x16,deep_mgga_3x16,fc,2,0,2.150000,0.3070769896497225,0.30638401063281323
deep0_mgga_3x16,deep_mgga_3x16,fc,2,0,2.175000,0.30558945268123117,0.30478587834870396
deep0_mgga_3x16,deep_mgga_3x16,fc,2,0,2.200000,0.304118737973912,0.30320575732978744
deep0_mgga_3x16,deep_mgga_3x16,fc,2,0,2.225000,0.3026641718271278,0.301643452547268
deep0_mgga_3x16,deep_mgga_3x16,fc,2,0,2.250000,0.3012251216879638,0.3000987660677743
deep0_mgga_3x16,deep_mgga_3x16,fc,2,0,2.275000,0.2998009947666771,0.29857149753194373
deep0_mgga_3x16,deep_mgga_3x16,fc,2,0,2.300000,0.2983912368122482,0.29706144459711337
deep0_mgga_3x16,deep_mgga_3x16,fc,2,0,2.325000,0.29699533098972686,0.2955684033463727
deep0_mgga_3x16,deep_mgga_3x16,fc,2,0,2.350000,0.29561279681077157,0.29409216866611015
deep0_mgga_3x16,deep_mgga_3x16,fc,2,0,2.375000,0.29424318907829194,0.2926325345940717
deep0_mgga_3x16,deep_mgga_3x16,fc,2,0,2.400000,0.2928860968150676,0.29118929463983667
deep0_mgga_3x16,deep_mgga_3x16,fc,2,0,2.425000,0.29154114215443205,0.2897622420795101
deep0_mgga_3x16,deep_mgga_3x16,fc,2,0,2.450000,0.29020797917838403,0.28835117022632417
deep0_mgga_3x16,deep_mgga_3x16,fc,2,0,2.475000,0.28888629269479216,0.2869558726787487
deep0_mgga_3x16,deep_mgga_3x16,fc,2,0,2.500000,0.2875757969506674,0.28557614354761207
deep0_mgga_3x16,deep_mgga_3x16,fc,2,0,2.525000,0.28627623428284577,0.2842117776636468
deep0_mgga_3x16,deep_mgga_3x16,fc,2,0,2.550000,0.2849873737109001,0.28286257076678956
deep0_mgga_3x16,deep_mgga_3x16,fc,2,0,2.575000,0.28370900947972366,0.2815283196784822
deep0_mgga_3x16,deep_mgga_3x16,fc,2,0,2.600000,0.28244095956119275,0.2802088224581476
deep0_mgga_3x16,deep_mgga_3x16,fc,2,0,2.625000,0.28118306412555794,0.278903878544938
deep0_mgga_3x16,deep_mgga_3x16,fc,2,0,2.650000,0.27993518399396455,0.2776132888857885
deep0_mgga_3x16,deep_mgga_3x16,fc,2,0,2.675000,0.2786971990837648,0.27633685605074015
deep0_mgga_3x16,deep_mgga_3x16,fc,2,0,2.700000,0.27746900685816356,0.2750743843364387
deep0_mgga_3x16,deep_mgga_3x16,fc,2,0,2.725000,0.27625052079129997,0.27382567985865647
deep0_mgga_3x16,deep_mgga_3x16,fc,2,0,2.750000,0.27504166885922143,0.27259055063462984
deep0_mgga_3x16,deep_mgga_3x16,fc,2,0,2.775000,0.2738423920663249,0.2713688066559538
deep0_mgga_3x16,deep_mgga_3x16,fc,2,0,2.800000,0.27265264301589176,0.2701602599527297
deep0_mgga_3x16,deep_mgga_3x16,fc,2,0,2.825000,0.27147238453224976,0.2689647246496099
deep0_mgga_3x16,deep_mgga_3x16,fc,2,0,2.850000,0.2703015883410136,0.26778201701435067
deep0_mgga_3x16,deep_mgga_3x16,fc,2,0,2.875000,0.26914023381273844,0.2666119554994342
deep0_mgga_3x16,deep_mgga_3x16,fc,2,0,2.900000,0.26798830677421503,0.2654543607772907
deep0_mgga_3x16,deep_mgga_3x16,fc,2,0,2.925000,0.2668457983905832,0.26430905576961355
deep0_mgga_3x16,deep_mgga_3x16,fc,2,0,2.950000,0.26571270412044756,0.26317586567122503
deep0_mgga_3x16,deep_mgga_3x16,fc,2,0,2.975000,0.2645890227452352,0.2620546179689243
deep0_mgga_3x16,deep_mgga_3x16,fc,2,0,3.000000,0.2634747554731933,0.260945142455715
deep0_mgga_3x16,deep_mgga_3x16,fc,2,0,3.025000,0.26236990511765035,0.2598472712407876
deep0_mgga_3x16,deep_mgga_3x16,fc,2,0,3.050000,0.2612744753484839,0.2587608387556007
deep0_mgga_3x16,deep_mgga_3x16,fc,2,0,3.075000,0.2601884700151529,0.25768568175638656
deep0_mgga_3x16,deep_mgga_3x16,fc,2,0,3.100000,0.2591118925391296,0.2566216393233812
deep0_mgga_3x16,deep_mgga_3x16,fc,2,0,3.125000,0.2580447453731647,0.2555685528570589
deep0_mgga_3x16,deep_mgga_3x16,fc,2,0,3.150000,0.25698702952445684,0.2545262660716307
deep0_mgga_3x16,deep_mgga_3x16,fc,2,0,3.175000,0.2559387441385442,0.2534946249860516
deep0_mgga_3x16,deep_mgga_3x16,fc,2,0,3.200000,0.25489988614053116,0.2524734779127581
deep0_mgga_3x16,deep_mgga_3x16,fc,2,0,3.225000,0.25387044993012375,0.251462675444348
deep0_mgga_3x16,deep_mgga_3x16,fc,2,0,3.250000,0.25285042712687966,0.250462070438396
deep0_mgga_3x16,deep_mgga_3x16,fc,2,0,3.275000,0.25183980636204084,0.24947151800058348
deep0_mgga_3x16,deep_mgga_3x16,fc,2,0,3.300000,0.25083857311332236,0.24849087546631324
deep0_mgga_3x16,deep_mgga_3x16,fc,2,0,3.325000,0.24984670957911925,0.247520002380961
deep0_mgga_3x16,deep_mgga_3x16,fc,2,0,3.350000,0.24886419458862896,0.2465587604789098
deep0_mgga_3x16,deep_mgga_3x16,fc,2,0,3.375000,0.24789100354453564,0.24560701366149937
deep0_mgga_3x16,deep_mgga_3x16,fc,2,0,3.400000,0.24692710839502519,0.244664627974014
deep0_mgga_3x16,deep_mgga_3x16,fc,2,0,3.425000,0.24597247763202923,0.2437314715818238
deep0_mgga_3x16,deep_mgga_3x16,fc,2,0,3.450000,0.2450270763127924,0.24280741474578352
deep0_mgga_3x16,deep_mgga_3x16,fc,2,0,3.475000,0.24409086610199382,0.24189232979698927
deep0_mgga_3x16,deep_mgga_3x16,fc,2,0,3.500000,0.24316380533184012,0.24098609111097882
deep0_mgga_3x16,deep_mgga_3x16,fc,2,0,3.525000,0.24224584907774382,0.24008857508146478
deep0_mgga_3x16,deep_mgga_3x16,fc,2,0,3.550000,0.24133694924733085,0.23919966009367097
deep0_mgga_3x16,deep_mgga_3x16,fc,2,0,3.575000,0.24043705468074816,0.23831922649734727
deep0_mgga_3x16,deep_mgga_3x16,fc,2,0,3.600000,0.23954611126037284,0.23744715657952747
deep0_mgga_3x16,deep_mgga_3x16,fc,2,0,3.625000,0.23866406202821233,0.23658333453708694
deep0_mgga_3x16,deep_mgga_3x16,fc,2,0,3.650000,0.2377908473094208,0.23572764644915917
deep0_mgga_3x16,deep_mgga_3x16,fc,2,0,3.675000,0.23692640484054228,0.23487998024945925
deep0_mgga_3x16,deep_mgga_3x16,fc,2,0,3.700000,0.23607066990118952,0.23404022569856114
deep0_mgga_3x16,deep_mgga_3x16,fc,2,0,3.725000,0.23522357544803574,0.23320827435617125
deep0_mgga_3x16,deep_mgga_3x16,fc,2,0,3.750000,0.23438505225011608,0.2323840195534376
deep0_mgga_3x16,deep_mgga_3x16,fc,2,0,3.775000,0.23355502902453007,0.23156735636532824
deep0_mgga_3x16,deep_mgga_3x16,fc,2,0,3.800000,0.2327334325717737,0.2307581815831134
deep0_mgga_3x16,deep_mgga_3x16,fc,2,0,3.825000,0.23192018791001878,0.2299563936869787
deep0_mgga_3x16,deep_mgga_3x16,fc,2,0,3.850000,0.23111521840773475,0.22916189281879717
deep0_mgga_3x16,deep_mgga_3x16,fc,2,0,3.875000,0.23031844591414996,0.22837458075508446
deep0_mgga_3x16,deep_mgga_3x16,fc,2,0,3.900000,0.22952979088712788,0.22759436088015705
deep0_mgga_3x16,deep_mgga_3x16,fc,2,0,3.925000,0.2287491725180738,0.22682113815951563
deep0_mgga_3x16,deep_mgga_3x16,fc,2,0,3.950000,0.22797650885359122,0.22605481911346947
deep0_mgga_3x16,deep_mgga_3x16,fc,2,0,3.975000,0.22721171691362552,0.22529531179101767
deep0_mgga_3x16,deep_mgga_3x16,fc,2,0,4.000000,0.22645471280590668,0.22454252574400185
deep0_mgga_3x16,deep_mgga_3x16,fc,2,0,4.025000,0.2257054118365358,0.22379637200154323
deep0_mgga_3x16,deep_mgga_3x16,fc,2,0,4.050000,0.22496372861660052,0.22305676304477295
deep0_mgga_3x16,deep_mgga_3x16,fc,2,0,4.075000,0.22422957716475378,0.2223236127818666
deep0_mgga_3x16,deep_mgga_3x16,fc,2,0,4.100000,0.2235028710056879,0.22159683652339265
deep0_mgga_3x16,deep_mgga_3x16,fc,2,0,4.125000,0.22278352326450446,0.2208763509579786
deep0_mgga_3x16,deep_mgga_3x16,fc,2,0,4.150000,0.22207144675697055,0.22016207412830358
deep0_mgga_3x16,deep_mgga_3x16,fc,2,0,4.175000,0.22136655407569183,0.21945392540742137
deep0_mgga_3x16,deep_mgga_3x16,fc,2,0,4.200000,0.22066875767223526,0.2187518254754187
deep0_mgga_3x16,deep_mgga_3x16,fc,2,0,4.225000,0.21997796993526852,0.2180556962964114
deep0_mgga_3x16,deep_mgga_3x16,fc,2,0,4.250000,0.21929410326477228,0.21736546109588067
deep0_mgga_3x16,deep_mgga_3x16,fc,2,0,4.275000,0.21861707014241205,0.2166810443383531
deep0_mgga_3x16,deep_mgga_3x16,fc,2,0,4.300000,0.2179467831981554,0.21600237170542338
deep0_mgga_3x16,deep_mgga_3x16,fc,2,0,4.325000,0.21728315527322484,0.2153293700741224
deep0_mgga_3x16,deep_mgga_3x16,fc,2,0,4.350000,0.21662609947949474,0.21466196749562855
deep0_mgga_3x16,deep_mgga_3x16,fc,2,0,4.375000,0.2159755292554253,0.21400009317432347
deep0_mgga_3x16,deep_mgga_3x16,fc,2,0,4.400000,0.2153313584186528,0.21334367744719182
deep0_mgga_3x16,deep_mgga_3x16,fc,2,0,4.425000,0.2146935012153368,0.212692651763561
deep0_mgga_3x16,deep_mgga_3x16,fc,2,0,4.450000,0.21406187236638474,0.2120469486651822
deep0_mgga_3x16,deep_mgga_3x16,fc,2,0,4.475000,0.2134363871106555,0.211406501766649
deep0_mgga_3x16,deep_mgga_3x16,fc,2,0,4.500000,0.21281696124526372,0.21077124573615202
deep0_mgga_3x16,deep_mgga_3x16,fc,2,0,4.525000,0.21220351116309055,0.21014111627656573
deep0_mgga_3x16,deep_mgga_3x16,fc,2,0,4.550000,0.21159595388761687,0.20951605010686644
deep0_mgga_3x16,deep_mgga_3x16,fc,2,0,4.575000,0.2109942071051808,0.20889598494387676
deep0_mgga_3x16,deep_mgga_3x16,fc,2,0,4.600000,0.21039818919477815,0.20828085948433367
deep0_mgga_3x16,deep_mgga_3x16,fc,2,0,4.625000,0.20980781925549863,0.2076706133872779
deep0_mgga_3x16,deep_mgga_3x16,fc,2,0,4.650000,0.2092230171317171,0.2070651872567583
deep0_mgga_3x16,deep_mgga_3x16,fc,2,0,4.675000,0.2086437034361237,0.20646452262485057
deep0_mgga_3x16,deep_mgga_3x16,fc,2,0,4.700000,0.2080697995707076,0.20586856193498426
deep0_mgga_3x16,deep_mgga_3x16,fc,2,0,4.725000,0.20750122774578117,0.20527724852557444
deep0_mgga_3x16,deep_mgga_3x16,fc,2,0,4.750000,0.20693791099714154,0.20469052661395523
deep0_mgga_3x16,deep_mgga_3x16,fc,2,0,4.775000,0.20637977320145506,0.20410834128060876
deep0_mgga_3x16,deep_mgga_3x16,fc,2,0,4.800000,0.2058267390899664,0.20353063845368755
deep0_mgga_3x16,deep_mgga_3x16,fc,2,0,4.825000,0.20527873426059495,0.2029573648938246
deep0_mgga_3x16,deep_mgga_3x16,fc,2,0,4.850000,0.20473568518852447,0.20238846817922718
deep0_mgga_3x16,deep_mgga_3x16,fc,2,0,4.875000,0.20419751923534812,0.20182389669105044
deep0_mgga_3x16,deep_mgga_3x16,fc,2,0,4.900000,0.20366416465685078,0.2012635995990459
deep0_mgga_3x16,deep_mgga_3x16,fc,2,0,4.925000,0.2031355506095054,0.2007075268474808
deep0_mgga_3x16,deep_mgga_3x16,fc,2,0,4.950000,0.20261160715574889,0.20015562914132293
deep0_mgga_3x16,deep_mgga_3x16,fc,2,0,4.975000,0.20209226526810975,0.19960785793268823
deep0_mgga_3x16,deep_mgga_3x16,fc,2,0,5.000000,0.20157745683224815,0.1990641654075457
deep0_mgga_3x16,deep_mgga_3x16,fc,2,0,5.025000,0.20106711464897664,0.19852450447267503
deep0_mgga_3x16,deep_mgga_3x16,fc,2,0,5.050000,0.20056117243531535,0.19798882874287285
deep0_mgga_3x16,deep_mgga_3x16,fc,2,0,5.075000,0.20005956482464649,0.19745709252840385
deep0_mgga_3x16,deep_mgga_3x16,fc,2,0,5.100000,0.19956222736601592,0.19692925082269164
deep0_mgga_3x16,deep_mgga_3x16,fc,2,0,5.125000,0.1990690965226385,0.196405259290245
deep0_mgga_3x16,deep_mgga_3x16,fc,2,0,5.150000,0.19858010966965778,0.19588507425481655
deep0_mgga_3x16,deep_mgga_3x16,fc,2,0,5.175000,0.19809520509120881,0.19536865268778786
deep0_mgga_3x16,deep_mgga_3x16,fc,2,0,5.200000,0.19761432197682305,0.1948559521967777
deep0_mgga_3x16,deep_mgga_3x16,fc,2,0,5.225000,0.19713740041722883,0.19434693101446987
deep0_mgga_3x16,deep_mgga_3x16,fc,2,0,5.250000,0.19666438139958642,0.19384154798765593
deep0_mgga_3x16,deep_mgga_3x16,fc,2,0,5.275000,0.1961952068021917,0.19333976256648758
deep0_mgga_3x16,deep_mgga_3x16,fc,2,0,5.300000,0.1957298193886936,0.1928415347939379
deep0_mgga_3x16,deep_mgga_3x16,fc,2,0,5.325000,0.19526816280185744,0.1923468252954638
deep0_mgga_3x16,deep_mgga_3x16,fc,2,0,5.350000,0.19481018155690955,0.19185559526886803
deep0_mgga_3x16,deep_mgga_3x16,fc,2,0,5.375000,0.1943558210344971,0.19136780647435758
deep0_mgga_3x16,deep_mgga_3x16,fc,2,0,5.400000,0.19390502747329208,0.1908834212247919
deep0_mgga_3x16,deep_mgga_3x16,fc,2,0,5.425000,0.19345774796226878,0.1904024023761197
deep0_mgga_3x16,deep_mgga_3x16,fc,2,0,5.450000,0.19301393043268755,0.18992471331800037
deep0_mgga_3x16,deep_mgga_3x16,fc,2,0,5.475000,0.19257352364979974,0.1894503179646045
deep0_mgga_3x16,deep_mgga_3x16,fc,2,0,5.500000,0.19213647720431604,0.18897918074559295
deep0_mgga_3x16,deep_mgga_3x16,fc,2,0,5.525000,0.19170274150364708,0.18851126659726813
deep0_mgga_3x16,deep_mgga_3x16,fc,2,0,5.550000,0.1912722677629426,0.18804654095389647
deep0_mgga_3x16,deep_mgga_3x16,fc,2,0,5.575000,0.19084500799595872,0.18758496973919642
deep0_mgga_3x16,deep_mgga_3x16,fc,2,0,5.600000,0.19042091500576275,0.18712651935799052
deep0_mgga_3x16,deep_mgga_3x16,fc,2,0,5.625000,0.18999994237529672,0.1866711566880177
deep0_mgga_3x16,deep_mgga_3x16,fc,2,0,5.650000,0.18958204445782578,0.18621884907190214
deep0_mgga_3x16,deep_mgga_3x16,fc,2,0,5.675000,0.1891671763672753,0.18576956430927574
deep0_mgga_3x16,deep_mgga_3x16,fc,2,0,5.700000,0.18875529396848711,0.18532327064905213
deep0_mgga_3x16,deep_mgga_3x16,fc,2,0,5.725000,0.1883463538673954,0.1848799367818472
deep0_mgga_3x16,deep_mgga_3x16,fc,2,0,5.750000,0.18794031340114736,0.1844395318325446
deep0_mgga_3x16,deep_mgga_3x16,fc,2,0,5.775000,0.18753713062817678,0.18400202535300478
deep0_mgga_3x16,deep_mgga_3x16,fc,2,0,5.800000,0.18713676431824544,0.18356738731490982
deep0_mgga_3x16,deep_mgga_3x16,fc,2,0,5.825000,0.18673917394246153,0.18313558810274683
deep0_mgga_3x16,deep_mgga_3x16,fc,2,0,5.850000,0.18634431966328846,0.18270659850692378
deep0_mgga_3x16,deep_mgga_3x16,fc,2,0,5.875000,0.18595216232455114,0.18228038971701582
deep0_mgga_3x16,deep_mgga_3x16,fc,2,0,5.900000,0.185562663441454,0.18185693331514038
deep0_mgga_3x16,deep_mgga_3x16,fc,2,0,5.925000,0.18517578519061895,0.18143620126945664
deep0_mgga_3x16,deep_mgga_3x16,fc,2,0,5.950000,0.18479149040014442,0.18101816592778855
deep0_mgga_3x16,deep_mgga_3x16,fc,2,0,5.975000,0.18440974253970333,0.18060280001136791
deep0_mgga_3x16,deep_mgga_3x16,fc,2,0,6.000000,0.18403050571068347,0.18019007660869604
deep0_mgga_3x16,deep_mgga_3x16,fc,5,0,0.000000,0.5525126097674635,0.5544857754313772
deep0_mgga_3x16,deep_mgga_3x16,fc,5,0,0.025000,0.5525075347344771,0.5544267190341762
deep0_mgga_3x16,deep_mgga_3x16,fc,5,0,0.050000,0.5524725601427002,0.5542497120954382
deep0_mgga_3x16,deep_mgga_3x16,fc,5,0,0.075000,0.5523794589521148,0.553955240085491
deep0_mgga_3x16,deep_mgga_3x16,fc,5,0,0.100000,0.5522022717715313,0.5535441078476212
deep0_mgga_3x16,deep_mgga_3x16,fc,5,0,0.125000,0.5519179584502211,0.5530174332576545
deep0_mgga_3x16,deep_mgga_3x16,fc,5,0,0.150000,0.5515071458156163,0.5523766384864307
deep0_mgga_3x16,deep_mgga_3x16,fc,5,0,0.175000,0.550954865767181,0.5516234389999005
deep0_mgga_3x16,deep_mgga_3x16,fc,5,0,0.200000,0.5502511668073412,0.5507598304640728
deep0_mgga_3x16,deep_mgga_3x16,fc,5,0,0.225000,0.549391480886362,0.5497880737503587
deep0_mgga_3x16,deep_mgga_3x16,fc,5,0,0.250000,0.5483766406042534,0.5487106782603984
deep0_mgga_3x16,deep_mgga_3x16,fc,5,0,0.275000,0.547212472638147,0.5475303838078052
deep0_mgga_3x16,deep_mgga_3x16,fc,5,0,0.300000,0.5459089427319043,0.5462501413071461
deep0_mgga_3x16,deep_mgga_3x16,fc,5,0,0.325000,0.5444788927198543,0.5448730925278805
deep0_mgga_3x16,deep_mgga_3x16,fc,5,0,0.350000,0.5429364822906791,0.54340254917295
deep0_mgga_3x16,deep_mgga_3x16,fc,5,0,0.375000,0.541295512923084,0.5418419715385733
deep0_mgga_3x16,deep_mgga_3x16,fc,5,0,0.400000,0.5395678502389357,0.5401949470039137
deep0_mgga_3x16,deep_mgga_3x16,fc,5,0,0.425000,0.5377621576186258,0.5384651685871872
deep0_mgga_3x16,deep_mgga_3x16,fc,5,0,0.450000,0.5358831027210565,0.5366564137890562
deep0_mgga_3x16,deep_mgga_3x16,fc,5,0,0.475000,0.5339311122589283,0.5347725239254726
deep0_mgga_3x16,deep_mgga_3x16,fc,5,0,0.500000,0.5319026607263203,0.5328173841311602
deep0_mgga_3x16,deep_mgga_3x16,fc,5,0,0.525000,0.529791025675654,0.5307949041923599
deep0_mgga_3x16,deep_mgga_3x16,fc,5,0,0.550000,0.5275874523407623,0.5287090003439469
deep0_mgga_3x16,deep_mgga_3x16,fc,5,0,0.575000,0.5252827348480609,0.5265635781422086
deep0_mgga_3x16,deep_mgga_3x16,fc,5,0,0.600000,0.5228692859323735,0.5243625165009729
deep0_mgga_3x16,deep_mgga_3x16,fc,5,0,0.625000,0.5203437494509435,0.5221096529559254
deep0_mgga_3x16,deep_mgga_3x16,fc,5,0,0.650000,0.5177100416818881,0.519808770200247
deep0_mgga_3x16,deep_mgga_3x16,fc,5,0,0.675000,0.5149823876829995,0.517463583914472
deep0_mgga_3x16,deep_mgga_3x16,fc,5,0,0.700000,0.5121875508720704,0.5150777318949817
deep0_mgga_3x16,deep_mgga_3x16,fc,5,0,0.725000,0.5093652314948941,0.5126547644689723
deep0_mgga_3x16,deep_mgga_3x16,fc,5,0,0.750000,0.5065657398321719,0.5101981361691884
deep0_mgga_3x16,deep_mgga_3x16,fc,5,0,0.775000,0.5038446296189315,0.5077111986292233
deep0_mgga_3x16,deep_mgga_3x16,fc,5,0,0.800000,0.5012548897277097,0.5051971946497459
deep0_mgga_3x16,deep_mgga_3x16,fc,5,0,0.825000,0.49883820875472407,0.5026592533775737
deep0_mgga_3x16,deep_mgga_3x16,fc,5,0,0.850000,0.4966173457604839,0.5001003865329368
deep0_mgga_3x16,deep_mgga_3x16,fc,5,0,0.875000,0.494591499068157,0.4975234856154844
deep0_mgga_3x16,deep_mgga_3x16,fc,5,0,0.900000,0.49273579222388464,0.49493132001638257
deep0_mgga_3x16,deep_mgga_3x16,fc,5,0,0.925000,0.4910048957746985,0.4923265359621072
deep0_mgga_3x16,deep_mgga_3x16,fc,5,0,0.950000,0.4893397887358887,0.4897116562150498
deep0_mgga_3x16,deep_mgga_3x16,fc,5,0,0.975000,0.4876760564620761,0.48708908045668386
deep0_mgga_3x16,deep_mgga_3x16,fc,5,0,1.000000,0.48595203501134043,0.4844610862805865
deep0_mgga_3x16,deep_mgga_3x16,fc,5,0,1.025000,0.48411545609881323,0.4818298307249389
deep0_mgga_3x16,deep_mgga_3x16,fc,5,0,1.050000,0.48212781905641655,0.47919735227706733
deep0_mgga_3x16,deep_mgga_3x16,fc,5,0,1.075000,0.4799663072668643,0.47656557328600857
deep0_mgga_3x16,deep_mgga_3x16,fc,5,0,1.100000,0.47762352953621323,0.4739363027228544
deep0_mgga_3x16,deep_mgga_3x16,fc,5,0,1.125000,0.47510563921107474,0.471311239232641
deep0_mgga_3x16,deep_mgga_3x16,fc,5,0,1.150000,0.4724294725016138,0.4686919744256981
deep0_mgga_3x16,deep_mgga_3x16,fc,5,0,1.175000,0.46961929926563195,0.46607999636058217
deep0_mgga_3x16,deep_mgga_3x16,fc,5,0,1.200000,0.4667036528916033,0.46347669317490353
deep0_mgga_3x16,deep_mgga_3x16,fc,5,0,1.225000,0.4637125521930583,0.46088335682447545
deep0_mgga_3x16,deep_mgga_3x16,fc,5,0,1.250000,0.4606752831718254,0.45830118689520055
deep0_mgga_3x16,deep_mgga_3x16,fc,5,0,1.275000,0.45761879163234287,0.45573129445594024
deep0_mgga_3x16,deep_mgga_3x16,fc,5,0,1.300000,0.45456665549088715,0.45317470592425413
deep0_mgga_3x16,deep_mgga_3x16,fc,5,0,1.325000,0.4515385563713793,0.45063236692032244
deep0_mgga_3x16,deep_mgga_3x16,fc,5,0,1.350000,0.44855014755164424,0.44810514608757446
deep0_mgga_3x16,deep_mgga_3x16,fc,5,0,1.375000,0.4456132120220446,0.44559383886151827
deep0_mgga_3x16,deep_mgga_3x16,fc,5,0,1.400000,0.44273601330437273,0.44309917117101477
deep0_mgga_3x16,deep_mgga_3x16,fc,5,0,1.425000,0.4399237570359088,0.44062180305874216
deep0_mgga_3x16,deep_mgga_3x16,fc,5,0,1.450000,0.4371790989900123,0.43816233220989076
deep0_mgga_3x16,deep_mgga_3x16,fc,5,0,1.475000,0.4345026524558291,0.4357212973801876
deep0_mgga_3x16,deep_mgga_3x16,fc,5,0,1.500000,0.4318934631719975,0.4332991817162094
deep0_mgga_3x16,deep_mgga_3x16,fc,5,0,1.525000,0.4293494325895941,0.4308964159626009
deep0_mgga_3x16,deep_mgga_3x16,fc,5,0,1.550000,0.42686767998322916,0.4285133815522881
deep0_mgga_3x16,deep_mgga_3x16,fc,5,0,1.575000,0.42444484103387103,0.42615041357707084
deep0_mgga_3x16,deep_mgga_3x16,fc,5,0,1.600000,0.42207730534616306,0.4238078036371223
deep0_mgga_3x16,deep_mgga_3x16,fc,5,0,1.625000,0.4197613983732976,0.42148580256890444
deep0_mgga_3x16,deep_mgga_3x16,fc,5,0,1.650000,0.41749351483353747,0.4191846230518673
deep0_mgga_3x16,deep_mgga_3x16,fc,5,0,1.675000,0.415270211297991,0.4169044420950267
deep0_mgga_3x16,deep_mgga_3x16,fc,5,0,1.700000,0.41308826553012024,0.41464540340513245
deep0_mgga_3x16,deep_mgga_3x16,fc,5,0,1.725000,0.41094470961806584,0.4124076196386569
deep0_mgga_3x16,deep_mgga_3x16,fc,5,0,1.750000,0.40883684315379143,0.41019117454025883
deep0_mgga_3x16,deep_mgga_3x16,fc,5,0,1.775000,0.4067622318171942,0.40799612497072657
deep0_mgga_3x16,deep_mgga_3x16,fc,5,0,1.800000,0.4047186958140253,0.40582250282767435
deep0_mgga_3x16,deep_mgga_3x16,fc,5,0,1.825000,0.4027042917548387,0.40367031686248195
deep0_mgga_3x16,deep_mgga_3x16,fc,5,0,1.850000,0.40071729078385443,0.4015395543971219
deep0_mgga_3x16,deep_mgga_3x16,fc,5,0,1.875000,0.39875615508880946,0.39943018294462707
deep0_mgga_3x16,deep_mgga_3x16,fc,5,0,1.900000,0.39681951435027774,0.39734215173701826
deep0_mgga_3x16,deep_mgga_3x16,fc,5,0,1.925000,0.3949061432181393,0.3952753931645421
deep0_mgga_3x16,deep_mgga_3x16,fc,5,0,1.950000,0.39301494052550723,0.3932298241300676
deep0_mgga_3x16,deep_mgga_3x16,fc,5,0,1.975000,0.3911449106556901,0.3912053473224654
deep0_mgga_3x16,deep_mgga_3x16,fc,5,0,2.000000,0.3892951472539774,0.3892018524127446
deep0_mgga_3x16,deep_mgga_3x16,fc,5,0,2.025000,0.3874648193115229,0.387219217176654
deep0_mgga_3x16,deep_mgga_3x16,fc,5,0,2.050000,0.38565315953260226,0.38525730854737456
deep0_mgga_3x16,deep_mgga_3x16,fc,5,0,2.075000,0.38385945481929173,0.38331598360183616
deep0_mgga_3x16,deep_mgga_3x16,fc,5,0,2.100000,0.38208303866069393,0.3813950904840865
deep0_mgga_3x16,deep_mgga_3x16,fc,5,0,2.125000,0.3803232851900433,0.3794944692690332
deep0_mgga_3x16,deep_mgga_3x16,fc,5,0,2.150000,0.3785796046663976,0.3776139527697599
deep0_mgga_3x16,deep_mgga_3x16,fc,5,0,2.175000,0.37685144014325145,0.3757533672915002
deep0_mgga_3x16,deep_mgga_3x16,fc,5,0,2.200000,0.3751382651004659,0.3739125333352315
deep0_mgga_3x16,deep_mgga_3x16,fc,5,0,2.225000,0.37343958183526627,0.3720912662537262
deep0_mgga_3x16,deep_mgga_3x16,fc,5,0,2.250000,0.37175492043043323,0.3702893768627755
deep0_mgga_3x16,deep_mgga_3x16,fc,5,0,2.275000,0.3700838381414062,0.3685066720101793
deep0_mgga_3x16,deep_mgga_3x16,fc,5,0,2.300000,0.3684259190675714,0.366742955104975
deep0_mgga_3x16,deep_mgga_3x16,fc,5,0,2.325000,0.36678077399559217,0.36499802660925884
deep0_mgga_3x16,deep_mgga_3x16,fc,5,0,2.350000,0.3651480403237337,0.3632716844948376
deep0_mgga_3x16,deep_mgga_3x16,fc,5,0,2.375000,0.36352738199525514,0.36156372466683856
deep0_mgga_3x16,deep_mgga_3x16,fc,5,0,2.400000,0.361918489386024,0.3598739413562909
deep0_mgga_3x16,deep_mgga_3x16,fc,5,0,2.425000,0.360321079106414,0.3582021274835926
deep0_mgga_3x16,deep_mgga_3x16,fc,5,0,2.450000,0.35873489369034073,0.3565480749946682
deep0_mgga_3x16,deep_mgga_3x16,fc,5,0,2.475000,0.357159701155072,0.35491157517153077
deep0_mgga_3x16,deep_mgga_3x16,fc,5,0,2.500000,0.35559529442434834,0.3532924189188632
deep0_mgga_3x16,deep_mgga_3x16,fc,5,0,2.525000,0.3540414906145599,0.35169039702814436
deep0_mgga_3x16,deep_mgga_3x16,fc,5,0,2.550000,0.35249813018936615,0.35010530042076193
deep0_mgga_3x16,deep_mgga_3x16,fc,5,0,2.575000,0.35096507599250293,0.3485369203714671
deep0_mgga_3x16,deep_mgga_3x16,fc,5,0,2.600000,0.3494422121716194,0.3469850487134535
deep0_mgga_3x16,deep_mgga_3x16,fc,5,0,2.625000,0.347929443008161,0.3454494780262607
deep0_mgga_3x16,deep_mgga_3x16,fc,5,0,2.650000,0.34642669166959894,0.3439300018076401
deep0_mgga_3x16,deep_mgga_3x16,fc,5,0,2.675000,0.34493389890085946,0.3424264146304455
deep0_mgga_3x16,deep_mgga_3x16,fc,5,0,2.700000,0.34345102167189157,0.3409385122855547
deep0_mgga_3x16,deep_mgga_3x16,fc,5,0,2.725000,0.3419780317977714,0.339466091911759
deep0_mgga_3x16,deep_mgga_3x16,fc,5,0,2.750000,0.3405149145470101,0.3380089521135095
deep0_mgga_3x16,deep_mgga_3x16,fc,5,0,2.775000,0.33906166725263454,0.3365668930673474
deep0_mgga_3x16,deep_mgga_3x16,fc,5,0,2.800000,0.3376182979393365,0.33513971661779945
deep0_mgga_3x16,deep_mgga_3x16,fc,5,0,2.825000,0.3361848239786154,0.3337272263634682
deep0_mgga_3x16,deep_mgga_3x16,fc,5,0,2.850000,0.33476127078239903,0.3323292277340013
deep0_mgga_3x16,deep_mgga_3x16,fc,5,0,2.875000,0.33334767054410586,0.330945528058585
deep0_mgga_3x16,deep_mgga_3x16,fc,5,0,2.900000,0.3319440610346991,0.32957593662656054
deep0_mgga_3x16,deep_mgga_3x16,fc,5,0,2.925000,0.33055048445982727,0.32822026474072796
deep0_mgga_3x16,deep_mgga_3x16,fc,5,0,2.950000,0.3291669863828275,0.3268783257638657
deep0_mgga_3x16,deep_mgga_3x16,fc,5,0,2.975000,0.32779361471706814,0.3255499351589587
deep0_mgga_3x16,deep_mgga_3x16,fc,5,0,3.000000,0.3264304187899798,0.32423491052359754
deep0_mgga_3x16,deep_mgga_3x16,fc,5,0,3.025000,0.3250774484800337,0.3229330716189806
deep0_mgga_3x16,deep_mgga_3x16,fc,5,0,3.050000,0.32373475342699753,0.3216442403939239
deep0_mgga_3x16,deep_mgga_3x16,fc,5,0,3.075000,0.322402382314944,0.32036824100425537
deep0_mgga_3x16,deep_mgga_3x16,fc,5,0,3.100000,0.3210803822267807,0.31910489982794765
deep0_mgga_3x16,deep_mgga_3x16,fc,5,0,3.125000,0.3197687980684344,0.317854045476318
deep0_mgga_3x16,deep_mgga_3x16,fc,5,0,3.150000,0.31846767206031745,0.3166155088016044
deep0_mgga_3x16,deep_mgga_3x16,fc,5,0,3.175000,0.3171770432932759,0.31538912290120497
deep0_mgga_3x16,deep_mgga_3x16,fc,5,0,3.200000,0.315896947345893,0.31417472311884825
deep0_mgga_3x16,deep_mgga_3x16,fc,5,0,3.225000,0.3146274159597813,0.3129721470429461
deep0_mgga_3x16,deep_mgga_3x16,fc,5,0,3.250000,0.31336847676930035,0.31178123450236195
deep0_mgga_3x16,deep_mgga_3x16,fc,5,0,3.275000,0.31212015308205765,0.31060182755981197
deep0_mgga_3x16,deep_mgga_3x16,fc,5,0,3.300000,0.310882463706472,0.30943377050310267
deep0_mgga_3x16,deep_mgga_3x16,fc,5,0,3.325000,0.3096554228227075,0.30827690983439354
deep0_mgga_3x16,deep_mgga_3x16,fc,5,0,3.350000,0.3084390398933057,0.3071310942576613
deep0_mgga_3x16,deep_mgga_3x16,fc,5,0,3.375000,0.30723331960993794,0.3059961746645293
deep0_mgga_3x16,deep_mgga_3x16,fc,5,0,3.400000,0.30603826187281213,0.30487200411861487
deep0_mgga_3x16,deep_mgga_3x16,fc,5,0,3.425000,0.30485386179938834,0.30375843783853723
deep0_mgga_3x16,deep_mgga_3x16,fc,5,0,3.450000,0.3036801097592283,0.3026553331797168
deep0_mgga_3x16,deep_mgga_3x16,fc,5,0,3.475000,0.3025169914319561,0.30156254961508944
deep0_mgga_3x16,deep_mgga_3x16,fc,5,0,3.500000,0.30136448788549486,0.30047994871484934
deep0_mgga_3x16,deep_mgga_3x16,fc,5,0,3.525000,0.30022257567191857,0.29940739412532796
deep0_mgga_3x16,deep_mgga_3x16,fc,5,0,3.550000,0.29909122693844403,0.29834475154710355
deep0_mgga_3x16,deep_mgga_3x16,fc,5,0,3.575000,0.29797040955128173,0.297291888712437
deep0_mgga_3x16,deep_mgga_3x16,fc,5,0,3.600000,0.2968600872302263,0.2962486753621153
deep0_mgga_3x16,deep_mgga_3x16,fc,5,0,3.625000,0.2957602196920732,0.29521498322178275
deep0_mgga_3x16,deep_mgga_3x16,fc,5,0,3.650000,0.29467076280109117,0.29419068597783077
deep0_mgga_3x16,deep_mgga_3x16,fc,5,0,3.675000,0.29359166872496856,0.2931756592529155
deep0_mgga_3x16,deep_mgga_3x16,fc,5,0,3.700000,0.2925228860947866,0.29216978058116344
deep0_mgga_3x16,deep_mgga_3x16,fc,5,0,3.725000,0.2914643601677509,0.2911729293831231
deep0_mgga_3x16,deep_mgga_3x16,fc,5,0,3.750000,0.29041603299151153,0.2901849869405158
deep0_mgga_3x16,deep_mgga_3x16,fc,5,0,3.775000,0.2893778435690708,0.2892058363708347
deep0_mgga_3x16,deep_mgga_3x16,fc,5,0,3.800000,0.28834972802337866,0.28823536260183585
deep0_mgga_3x16,deep_mgga_3x16,fc,5,0,3.825000,0.287331619760822,0.28727345234596335
deep0_mgga_3x16,deep_mgga_3x16,fc,5,0,3.850000,0.28632344963294354,0.28631999407474723
deep0_mgga_3x16,deep_mgga_3x16,fc,5,0,3.875000,0.28532514609577864,0.2853748779932082
deep0_mgga_3x16,deep_mgga_3x16,fc,5,0,3.900000,0.28433663536633424,0.2844379960143012
deep0_mgga_3x16,deep_mgga_3x16,fc,5,0,3.925000,0.28335784157576693,0.283509241733428
deep0_mgga_3x16,deep_mgga_3x16,fc,5,0,3.950000,0.2823886869189127,0.28258851040304445
deep0_mgga_3x16,deep_mgga_3x16,fc,5,0,3.975000,0.2814290917998792,0.2816756989073878
deep0_mgga_3x16,deep_mgga_3x16,fc,5,0,4.000000,0.2804789749734673,0.2807707057373459
deep0_mgga_3x16,deep_mgga_3x16,fc,5,0,4.025000,0.2795382536822393,0.2798734309654892
deep0_mgga_3x16,deep_mgga_3x16,fc,5,0,4.050000,0.2786068437890883,0.27898377622128206
deep0_mgga_3x16,deep_mgga_3x16,fc,5,0,4.075000,0.2776846599052267,0.2781016446664924
deep0_mgga_3x16,deep_mgga_3x16,fc,5,0,4.100000,0.2767716155135185,0.2772269409708137
deep0_mgga_3x16,deep_mgga_3x16,fc,5,0,4.125000,0.2758676230871231,0.2763595712877112
deep0_mgga_3x16,deep_mgga_3x16,fc,5,0,4.150000,0.2749725942034569,0.2754994432305072
deep0_mgga_3x16,deep_mgga_3x16,fc,5,0,4.175000,0.2740864396534778,0.2746464658487141
deep0_mgga_3x16,deep_mgga_3x16,fc,5,0,4.200000,0.2732090695463394,0.273800549604625
deep0_mgga_3x16,deep_mgga_3x16,fc,5,0,4.225000,0.27234039340946903,0.2729616063501716
deep0_mgga_3x16,deep_mgga_3x16,fc,5,0,4.250000,0.27148032028413305,0.27212954930405386
deep0_mgga_3x16,deep_mgga_3x16,fc,5,0,4.275000,0.2706287588165799,0.2713042930291521
deep0_mgga_3x16,deep_mgga_3x16,fc,5,0,4.300000,0.26978561734485007,0.270485753410222
deep0_mgga_3x16,deep_mgga_3x16,fc,5,0,4.325000,0.26895080398134963,0.269673847631881
deep0_mgga_3x16,deep_mgga_3x16,fc,5,0,4.350000,0.26812422669130287,0.26886849415688896
deep0_mgga_3x16,deep_mgga_3x16,fc,5,0,4.375000,0.2673057933671885,0.26806961270472474
deep0_mgga_3x16,deep_mgga_3x16,fc,5,0,4.400000,0.2664954118992777,0.26727712423046274
deep0_mgga_3x16,deep_mgga_3x16,fc,5,0,4.425000,0.2656929902423987,0.26649095090395186
deep0_mgga_3x16,deep_mgga_3x16,fc,5,0,4.450000,0.26489843647904243,0.26571101608929615
deep0_mgga_3x16,deep_mgga_3x16,fc,5,0,4.475000,0.26411165887893606,0.2649372443246392
deep0_mgga_3x16,deep_mgga_3x16,fc,5,0,4.500000,0.26333256595520504,0.2641695613022536
deep0_mgga_3x16,deep_mgga_3x16,fc,5,0,4.525000,0.2625610665172462,0.26340789384893337
deep0_mgga_3x16,deep_mgga_3x16,fc,5,0,4.550000,0.2617970697204369,0.2626521699066897
deep0_mgga_3x16,deep_mgga_3x16,fc,5,0,4.575000,0.2610404851127952,0.2619023185137512
deep0_mgga_3x16,deep_mgga_3x16,fc,5,0,4.600000,0.2602912226787142,0.2611582697858629
deep0_mgga_3x16,deep_mgga_3x16,fc,5,0,4.625000,0.259549192879888,0.260419954897888
deep0_mgga_3x16,deep_mgga_3x16,fc,5,0,4.650000,0.25881430669353866,0.25968730606570634
deep0_mgga_3x16,deep_mgga_3x16,fc,5,0,4.675000,0.2580864756480674,0.25896025652840965
deep0_mgga_3x16,deep_mgga_3x16,fc,5,0,4.700000,0.25736561185622175,0.25823874053079116
deep0_mgga_3x16,deep_mgga_3x16,fc,5,0,4.725000,0.25665162804590724,0.257522693306127
deep0_mgga_3x16,deep_mgga_3x16,fc,5,0,4.750000,0.25594443758873076,0.25681205105924626
deep0_mgga_3x16,deep_mgga_3x16,fc,5,0,4.775000,0.25524395452638715,0.2561067509498882
deep0_mgga_3x16,deep_mgga_3x16,fc,5,0,4.800000,0.2545500935949756,0.25540673107634243
deep0_mgga_3x16,deep_mgga_3x16,fc,5,0,4.825000,0.2538627702473609,0.25471193045936924
deep0_mgga_3x16,deep_mgga_3x16,fc,5,0,4.850000,0.25318190067364776,0.2540222890263985
deep0_mgga_3x16,deep_mgga_3x16,fc,5,0,4.875000,0.25250740181987574,0.2533377475960011
deep0_mgga_3x16,deep_mgga_3x16,fc,5,0,4.900000,0.25183919140500866,0.25265824786263147
deep0_mgga_3x16,deep_mgga_3x16,fc,5,0,4.925000,0.25117718793631416,0.25198373238163874
deep0_mgga_3x16,deep_mgga_3x16,fc,5,0,4.950000,0.2505213107231983,0.2513141445545391
deep0_mgga_3x16,deep_mgga_3x16,fc,5,0,4.975000,0.2498714798895837,0.2506494286145507
deep0_mgga_3x16,deep_mgga_3x16,fc,5,0,5.000000,0.24922761638490365,0.24998952961238374
deep0_mgga_3x16,deep_mgga_3x16,fc,5,0,5.025000,0.24858964199377542,0.24933439340228428
deep0_mgga_3x16,deep_mgga_3x16,fc,5,0,5.050000,0.24795747934443657,0.24868396662832676
deep0_mgga_3x16,deep_mgga_3x16,fc,5,0,5.075000,0.24733105191599125,0.24803819671095262
deep0_mgga_3x16,deep_mgga_3x16,fc,5,0,5.100000,0.24671028404454876,0.24739703183375045
deep0_mgga_3x16,deep_mgga_3x16,fc,5,0,5.125000,0.24609510092830034,0.2467604209304745
deep0_mgga_3x16,deep_mgga_3x16,fc,5,0,5.150000,0.24548542863159628,0.24612831367229768
deep0_mgga_3x16,deep_mgga_3x16,fc,5,0,5.175000,0.24488119408809172,0.24550066045529495
deep0_mgga_3x16,deep_mgga_3x16,fc,5,0,5.200000,0.24428232510298642,0.24487741238815436
deep0_mgga_3x16,deep_mgga_3x16,fc,5,0,5.225000,0.2436887503544426,0.2442585212801106
deep0_mgga_3x16,deep_mgga_3x16,fc,5,0,5.250000,0.24310039939420414,0.2436439396290991
deep0_mgga_3x16,deep_mgga_3x16,fc,5,0,5.275000,0.24251720264747856,0.2430336206101252
deep0_mgga_3x16,deep_mgga_3x16,fc,5,0,5.300000,0.24193909141211578,0.24242751806384624
deep0_mgga_3x16,deep_mgga_3x16,fc,5,0,5.325000,0.24136599785714186,0.24182558648536162
deep0_mgga_3x16,deep_mgga_3x16,fc,5,0,5.350000,0.2407978550206631,0.24122778101320994
deep0_mgga_3x16,deep_mgga_3x16,fc,5,0,5.375000,0.24023459680721249,0.24063405741856464
deep0_mgga_3x16,deep_mgga_3x16,fc,5,0,5.400000,0.23967615798454456,0.24004437209462973
deep0_mgga_3x16,deep_mgga_3x16,fc,5,0,5.425000,0.23912247417993093,0.23945868204623016
deep0_mgga_3x16,deep_mgga_3x16,fc,5,0,5.450000,0.23857348187598926,0.23887694487959177
deep0_mgga_3x16,deep_mgga_3x16,fc,5,0,5.475000,0.23802911840607233,0.23829911879231044
deep0_mgga_3x16,deep_mgga_3x16,fc,5,0,5.500000,0.23748932194925176,0.2377251625635044
deep0_mgga_3x16,deep_mgga_3x16,fc,5,0,5.525000,0.23695403152492078,0.23715503554414796
deep0_mgga_3x16,deep_mgga_3x16,fc,5,0,5.550000,0.2364231869870519,0.23658869764758303
deep0_mgga_3x16,deep_mgga_3x16,fc,5,0,5.575000,0.23589672901812664,0.23602610934020468
deep0_mgga_3x16,deep_mgga_3x16,fc,5,0,5.600000,0.23537459912276926,0.2354672316323175
deep0_mgga_3x16,deep_mgga_3x16,fc,5,0,5.625000,0.2348567396211041,0.2349120260691614
deep0_mgga_3x16,deep_mgga_3x16,fc,5,0,5.650000,0.23434309364185946,0.23436045472210015
deep0_mgga_3x16,deep_mgga_3x16,fc,5,0,5.675000,0.23383360511524398,0.2338124801799742
deep0_mgga_3x16,deep_mgga_3x16,fc,5,0,5.700000,0.2333282187656056,0.23326806554060975
deep0_mgga_3x16,deep_mgga_3x16,fc,5,0,5.725000,0.23282688010390795,0.2327271744024856
deep0_mgga_3x16,deep_mgga_3x16,fc,5,0,5.750000,0.23232953542002366,0.23218977085655232
deep0_mgga_3x16,deep_mgga_3x16,fc,5,0,5.775000,0.23183613177487972,0.23165581947820052
deep0_mgga_3x16,deep_mgga_3x16,fc,5,0,5.800000,0.2313466169924573,0.23112528531937732
deep0_mgga_3x16,deep_mgga_3x16,fc,5,0,5.825000,0.23086093965166876,0.23059813390084713
deep0_mgga_3x16,deep_mgga_3x16,fc,5,0,5.850000,0.23037904907812912,0.23007433120459309
deep0_mgga_3x16,deep_mgga_3x16,fc,5,0,5.875000,0.22990089533582314,0.22955384366635842
deep0_mgga_3x16,deep_mgga_3x16,fc,5,0,5.900000,0.22942642921869538,0.2290366381683236
deep0_mgga_3x16,deep_mgga_3x16,fc,5,0,5.925000,0.22895560224217137,0.22852268203191708
deep0_mgga_3x16,deep_mgga_3x16,fc,5,0,5.950000,0.22848836663461458,0.22801194301075733
deep0_mgga_3x16,deep_mgga_3x16,fc,5,0,5.975000,0.22802467532873583,0.2275043892837228
deep0_mgga_3x16,deep_mgga_3x16,fc,5,0,6.000000,0.22756448195296852,0.2269999894481493
deep0_mgga_3x16,deep_mgga_3x16,fc,0.5,1,0.000000,1.0,0.9999961712608588
deep0_mgga_3x16,deep_mgga_3x16,fc,0.5,1,0.025000,0.9998506552715868,0.9984184760081829
deep0_mgga_3x16,deep_mgga_3x16,fc,0.5,1,0.050000,0.998822263006198,0.9937387158781839
deep0_mgga_3x16,deep_mgga_3x16,fc,0.5,1,0.075000,0.9960917418728719,0.9861116767855248
deep0_mgga_3x16,deep_mgga_3x16,fc,0.5,1,0.100000,0.990923948485201,0.9757790342212942
deep0_mgga_3x16,deep_mgga_3x16,fc,0.5,1,0.125000,0.9827138323210024,0.9630480921576084
deep0_mgga_3x16,deep_mgga_3x16,fc,0.5,1,0.150000,0.971039411399236,0.9482674028443029
deep0_mgga_3x16,deep_mgga_3x16,fc,0.5,1,0.175000,0.9557206264180995,0.9318027757434102
deep0_mgga_3x16,deep_mgga_3x16,fc,0.5,1,0.200000,0.9368747684103329,0.9140163849862294
deep0_mgga_3x16,deep_mgga_3x16,fc,0.5,1,0.225000,0.9149527626159841,0.895250544126424
deep0_mgga_3x16,deep_mgga_3x16,fc,0.5,1,0.250000,0.8907351149786793,0.8758166137599275
deep0_mgga_3x16,deep_mgga_3x16,fc,0.5,1,0.275000,0.8652668897580365,0.8559886798683672
deep0_mgga_3x16,deep_mgga_3x16,fc,0.5,1,0.300000,0.8397229876746722,0.836001162915475
deep0_mgga_3x16,deep_mgga_3x16,fc,0.5,1,0.325000,0.8152195045926081,0.8160493469631397
deep0_mgga_3x16,deep_mgga_3x16,fc,0.5,1,0.350000,0.7926153823705013,0.7962918591444997
deep0_mgga_3x16,deep_mgga_3x16,fc,0.5,1,0.375000,0.7723617659781437,0.7768542849414322
deep0_mgga_3x16,deep_mgga_3x16,fc,0.5,1,0.400000,0.7544394753722709,0.7578332988001893
deep0_mgga_3x16,deep_mgga_3x16,fc,0.5,1,0.425000,0.7383885103796257,0.7393008761348733
deep0_mgga_3x16,deep_mgga_3x16,fc,0.5,1,0.450000,0.7234122514549984,0.7213083090367803
deep0_mgga_3x16,deep_mgga_3x16,fc,0.5,1,0.475000,0.7085521408527692,0.7038898673741572
deep0_mgga_3x16,deep_mgga_3x16,fc,0.5,1,0.500000,0.6929423645609936,0.6870660316733914
deep0_mgga_3x16,deep_mgga_3x16,fc,0.5,1,0.525000,0.6761170087365984,0.6708462803055282
deep0_mgga_3x16,deep_mgga_3x16,fc,0.5,1,0.550000,0.6582657300264736,0.6552314479842513
deep0_mgga_3x16,deep_mgga_3x16,fc,0.5,1,0.575000,0.6402866111772904,0.6402156916755075
deep0_mgga_3x16,deep_mgga_3x16,fc,0.5,1,0.600000,0.6235275892001371,0.6257881087693496
deep0_mgga_3x16,deep_mgga_3x16,fc,0.5,1,0.625000,0.6092648834712359,0.6119340545434856
deep0_mgga_3x16,deep_mgga_3x16,fc,0.5,1,0.650000,0.5981542288259861,0.598636204225167
deep0_mgga_3x16,deep_mgga_3x16,fc,0.5,1,0.675000,0.5899348142746047,0.5858754011371419
deep0_mgga_3x16,deep_mgga_3x16,fc,0.5,1,0.700000,0.5835223773712281,0.5736313276602746
deep0_mgga_3x16,deep_mgga_3x16,fc,0.5,1,0.725000,0.5774251299033355,0.5618830307776007
deep0_mgga_3x16,deep_mgga_3x16,fc,0.5,1,0.750000,0.5702755771732565,0.5506093291962164
deep0_mgga_3x16,deep_mgga_3x16,fc,0.5,1,0.775000,0.5612453119870456,0.5397891246909768
deep0_mgga_3x16,deep_mgga_3x16,fc,0.5,1,0.800000,0.550199634225767,0.5294016364695502
deep0_mgga_3x16,deep_mgga_3x16,fc,0.5,1,0.825000,0.5375906068365207,0.5194265740394319
deep0_mgga_3x16,deep_mgga_3x16,fc,0.5,1,0.850000,0.5241935277565799,0.5098442612394509
deep0_mgga_3x16,deep_mgga_3x16,fc,0.5,1,0.875000,0.5108219734594335,0.5006357217351001
deep0_mgga_3x16,deep_mgga_3x16,fc,0.5,1,0.900000,0.49812228783650647,0.4917827343141886
deep0_mgga_3x16,deep_mgga_3x16,fc,0.5,1,0.925000,0.48648452215330096,0.4832678647011884
deep0_mgga_3x16,deep_mgga_3x16,fc,0.5,1,0.950000,0.476051158451424,0.4750744792826998
deep0_mgga_3x16,deep_mgga_3x16,fc,0.5,1,0.975000,0.4667798283467184,0.4671867450552573
deep0_mgga_3x16,deep_mgga_3x16,fc,0.5,1,1.000000,0.4585194887954094,0.4595896192286324
deep0_mgga_3x16,deep_mgga_3x16,fc,0.5,1,1.025000,0.45107548231255645,0.4522688312072218
deep0_mgga_3x16,deep_mgga_3x16,fc,0.5,1,1.050000,0.4442543339341064,0.4452108590988182
deep0_mgga_3x16,deep_mgga_3x16,fc,0.5,1,1.075000,0.4378888009872953,0.4384029024388287
deep0_mgga_3x16,deep_mgga_3x16,fc,0.5,1,1.100000,0.43184786201052616,0.43183285244791647
deep0_mgga_3x16,deep_mgga_3x16,fc,0.5,1,1.125000,0.42603704722409963,0.42548926084482935
deep0_mgga_3x16,deep_mgga_3x16,fc,0.5,1,1.150000,0.42039361912103934,0.4193613079997367
deep0_mgga_3x16,deep_mgga_3x16,fc,0.5,1,1.175000,0.4148797589796106,0.41343877102519516
deep0_mgga_3x16,deep_mgga_3x16,fc,0.5,1,1.200000,0.4094756695006031,0.40771199225250004
deep0_mgga_3x16,deep_mgga_3x16,fc,0.5,1,1.225000,0.40417356813989946,0.4021718484230683
deep0_mgga_3x16,deep_mgga_3x16,fc,0.5,1,1.250000,0.3989729343863886,0.3968097208314555
deep0_mgga_3x16,deep_mgga_3x16,fc,0.5,1,1.275000,0.3938770232784703,0.39161746658366636
deep0_mgga_3x16,deep_mgga_3x16,fc,0.5,1,1.300000,0.38889048578667773,0.3865873910775427
deep0_mgga_3x16,deep_mgga_3x16,fc,0.5,1,1.325000,0.3840178746175257,0.3817122217679804
deep0_mgga_3x16,deep_mgga_3x16,fc,0.5,1,1.350000,0.37926281176965215,0.3769850832459103
deep0_mgga_3x16,deep_mgga_3x16,fc,0.5,1,1.375000,0.3746276204389489,0.37239947363429526
deep0_mgga_3x16,deep_mgga_3x16,fc,0.5,1,1.400000,0.3701132606228448,0.3679492422851587
deep0_mgga_3x16,deep_mgga_3x16,fc,0.5,1,1.425000,0.36571944546372614,0.36362856874750565
deep0_mgga_3x16,deep_mgga_3x16,fc,0.5,1,1.450000,0.3614448493594541,0.3594319429658608
deep0_mgga_3x16,deep_mgga_3x16,fc,0.5,1,1.475000,0.357287347249415,0.3553541466621454
deep0_mgga_3x16,deep_mgga_3x16,fc,0.5,1,1.500000,0.35324424684220246,0.3513902358490631
deep0_mgga_3x16,deep_mgga_3x16,fc,0.5,1,1.525000,0.34931249226282435,0.3475355244205047
deep0_mgga_3x16,deep_mgga_3x16,fc,0.5,1,1.550000,0.34548882942778647,0.3437855687632761
deep0_mgga_3x16,deep_mgga_3x16,fc,0.5,1,1.575000,0.34176993131344546,0.3401361533343542
deep0_mgga_3x16,deep_mgga_3x16,fc,0.5,1,1.600000,0.338152486070902,0.33658327714859115
deep0_mgga_3x16,deep_mgga_3x16,fc,0.5,1,1.625000,0.3346332534761661,0.33312314112312563
deep0_mgga_3x16,deep_mgga_3x16,fc,0.5,1,1.650000,0.33120909617665517,0.329752136226511
deep0_mgga_3x16,deep_mgga_3x16,fc,0.5,1,1.675000,0.32787699215428523,0.3264668323826388
deep0_mgga_3x16,deep_mgga_3x16,fc,0.5,1,1.700000,0.3246340341889825,0.3232639680817821
deep0_mgga_3x16,deep_mgga_3x16,fc,0.5,1,1.725000,0.32147742117523226,0.32014044065345
deep0_mgga_3x16,deep_mgga_3x16,fc,0.5,1,1.750000,0.3184044451229837,0.31709329715815265
deep0_mgga_3x16,deep_mgga_3x16,fc,0.5,1,1.775000,0.3154124766922647,0.31411972585759074
deep0_mgga_3x16,deep_mgga_3x16,fc,0.5,1,1.800000,0.3124989512413836,0.3112170482251605
deep0_mgga_3x16,deep_mgga_3x16,fc,0.5,1,1.825000,0.30966135664514205,0.3083827114609816
deep0_mgga_3x16,deep_mgga_3x16,fc,0.5,1,1.850000,0.30689722356903293,0.3056142814778942
deep0_mgga_3x16,deep_mgga_3x16,fc,0.5,1,1.875000,0.3042041184587321,0.30290943632701667
deep0_mgga_3x16,deep_mgga_3x16,fc,0.5,1,1.900000,0.3015796392032297,0.30026596003350664
deep0_mgga_3x16,deep_mgga_3x16,fc,0.5,1,1.925000,0.29902141323302045,0.2976817368151027
deep0_mgga_3x16,deep_mgga_3x16,fc,0.5,1,1.950000,0.2965270976998793,0.29515474565787
deep0_mgga_3x16,deep_mgga_3x16,fc,0.5,1,1.975000,0.29409438133162846,0.2926830552252958
deep0_mgga_3x16,deep_mgga_3x16,fc,0.5,1,2.000000,0.29172098754647,0.2902648190785099
deep0_mgga_3x16,deep_mgga_3x16,fc,0.5,1,2.025000,0.28940467843244355,0.2878982711869325
deep0_mgga_3x16,deep_mgga_3x16,fc,0.5,1,2.050000,0.28714325923705375,0.28558172171007484
deep0_mgga_3x16,deep_mgga_3x16,fc,0.5,1,2.075000,0.28493458306148667,0.28331355303255157
deep0_mgga_3x16,deep_mgga_3x16,fc,0.5,1,2.100000,0.28277655550687797,0.2810922160356118
deep0_mgga_3x16,deep_mgga_3x16,fc,0.5,1,2.125000,0.2806671390724791,0.2789162265896511
deep0_mgga_3x16,deep_mgga_3x16,fc,0.5,1,2.150000,0.27860435715456955,0.2767841622532473
deep0_mgga_3x16,deep_mgga_3x16,fc,0.5,1,2.175000,0.2765862975389075,0.27469465916527047
deep0_mgga_3x16,deep_mgga_3x16,fc,0.5,1,2.200000,0.27461111531760873,0.27264640911754634
deep0_mgga_3x16,deep_mgga_3x16,fc,0.5,1,2.225000,0.272677035193453,0.2706381567964263
deep0_mgga_3x16,deep_mgga_3x16,fc,0.5,1,2.250000,0.270782353160844,0.26866869718241826
deep0_mgga_3x16,deep_mgga_3x16,fc,0.5,1,2.275000,0.26892543757348997,0.26673687309778743
deep0_mgga_3x16,deep_mgga_3x16,fc,0.5,1,2.300000,0.2671047296248791,0.2648415728927243
deep0_mgga_3x16,deep_mgga_3x16,fc,0.5,1,2.325000,0.26531874327938887,0.2629817282613315
deep0_mgga_3x16,deep_mgga_3x16,fc,0.5,1,2.350000,0.2635660647000553,0.261156312179271
deep0_mgga_3x16,deep_mgga_3x16,fc,0.5,1,2.375000,0.2618453512242169,0.2593643369554784
deep0_mgga_3x16,deep_mgga_3x16,fc,0.5,1,2.400000,0.2601553299409818,0.25760485239085973
deep0_mgga_3x16,deep_mgga_3x16,fc,0.5,1,2.425000,0.25849479592522995,0.25587694403737166
deep0_mgga_3x16,deep_mgga_3x16,fc,0.5,1,2.450000,0.25686261018211753,0.254179731551325
deep0_mgga_3x16,deep_mgga_3x16,fc,0.5,1,2.475000,0.255257697354104,0.25251236713517167
deep0_mgga_3x16,deep_mgga_3x16,fc,0.5,1,2.500000,0.2536790432397432,0.25087403406241
deep0_mgga_3x16,deep_mgga_3x16,fc,0.5,1,2.525000,0.2521256921700835,0.24926394528060775
deep0_mgga_3x16,deep_mgga_3x16,fc,0.5,1,2.550000,0.25059674428474465,0.2476813420878693
deep0_mgga_3x16,deep_mgga_3x16,fc,0.5,1,2.575000,0.24909135274573246,0.24612549287837895
deep0_mgga_3x16,deep_mgga_3x16,fc,0.5,1,2.600000,0.24760872092298059,0.244595691952943
deep0_mgga_3x16,deep_mgga_3x16,fc,0.5,1,2.625000,0.2461480995815407,0.2430912583907152
deep0_mgga_3x16,deep_mgga_3x16,fc,0.5,1,2.650000,0.2447087840964055,0.2416115349785379
deep0_mgga_3x16,deep_mgga_3x16,fc,0.5,1,2.675000,0.24329011171715742,0.2401558871945624
deep0_mgga_3x16,deep_mgga_3x16,fc,0.5,1,2.700000,0.241891458901087,0.23872370224302325
deep0_mgga_3x16,deep_mgga_3x16,fc,0.5,1,2.725000,0.24051223873009764,0.23731438813724479
deep0_mgga_3x16,deep_mgga_3x16,fc,0.5,1,2.750000,0.23915189842365936,0.2359273728281351
deep0_mgga_3x16,deep_mgga_3x16,fc,0.5,1,2.775000,0.2378099169573057,0.23456210337560698
deep0_mgga_3x16,deep_mgga_3x16,fc,0.5,1,2.800000,0.23648580279365372,0.23321804516051328
deep0_mgga_3x16,deep_mgga_3x16,fc,0.5,1,2.825000,0.2351790917307146,0.23189468113484532
deep0_mgga_3x16,deep_mgga_3x16,fc,0.5,1,2.850000,0.2338893448702808,0.2305915111080737
deep0_mgga_3x16,deep_mgga_3x16,fc,0.5,1,2.875000,0.23261614670748954,0.2293080510676474
deep0_mgga_3x16,deep_mgga_3x16,fc,0.5,1,2.900000,0.23135910334118037,0.22804383253178506
deep0_mgga_3x16,deep_mgga_3x16,fc,0.5,1,2.925000,0.2301178408034188,0.22679840193280637
deep0_mgga_3x16,deep_mgga_3x16,fc,0.5,1,2.950000,0.2288920035055414,0.22557132002935876
deep0_mgga_3x16,deep_mgga_3x16,fc,0.5,1,2.975000,0.22768125279720097,0.22436216134599152
deep0_mgga_3x16,deep_mgga_3x16,fc,0.5,1,3.000000,0.22648526563424842,0.22317051363862328
deep0_mgga_3x16,deep_mgga_3x16,fc,0.5,1,3.025000,0.2253037333507386,0.2219959773845346
deep0_mgga_3x16,deep_mgga_3x16,fc,0.5,1,3.050000,0.2241363605299862,0.22083816529559788
deep0_mgga_3x16,deep_mgga_3x16,fc,0.5,1,3.075000,0.2229828639693212,0.21969670185353313
deep0_mgga_3x16,deep_mgga_3x16,fc,0.5,1,3.100000,0.221842971733051,0.21857122286604785
deep0_mgga_3x16,deep_mgga_3x16,fc,0.5,1,3.125000,0.22071642228804889,0.21746137504278581
deep0_mgga_3x16,deep_mgga_3x16,fc,0.5,1,3.150000,0.21960296371642285,0.21636681559007237
deep0_mgga_3x16,deep_mgga_3x16,fc,0.5,1,3.175000,0.21850235299977994,0.21528721182349994
deep0_mgga_3x16,deep_mgga_3x16,fc,0.5,1,3.200000,0.21741435536972786,0.21422224079745308
deep0_mgga_3x16,deep_mgga_3x16,fc,0.5,1,3.225000,0.2163387437194395,0.21317158895072427
deep0_mgga_3x16,deep_mgga_3x16,fc,0.5,1,3.250000,0.2152752980712931,0.21213495176741698
deep0_mgga_3x16,deep_mgga_3x16,fc,0.5,1,3.275000,0.2142238050958467,0.21111203345237947
deep0_mgga_3x16,deep_mgga_3x16,fc,0.5,1,3.300000,0.21318405767764426,0.21010254662045394
deep0_mgga_3x16,deep_mgga_3x16,fc,0.5,1,3.325000,0.21215585452360775,0.2091062119988659
deep0_mgga_3x16,deep_mgga_3x16,fc,0.5,1,3.350000,0.21113899981004713,0.2081227581421139
deep0_mgga_3x16,deep_mgga_3x16,fc,0.5,1,3.375000,0.21013330286457998,0.20715192115875722
deep0_mgga_3x16,deep_mgga_3x16,fc,0.5,1,3.400000,0.2091385778795184,0.20619344444953
deep0_mgga_3x16,deep_mgga_3x16,fc,0.5,1,3.425000,0.2081546436535443,0.20524707845624146
deep0_mgga_3x16,deep_mgga_3x16,fc,0.5,1,3.450000,0.20718132335875716,0.20431258042095127
deep0_mgga_3x16,deep_mgga_3x16,fc,0.5,1,3.475000,0.20621844433040026,0.2033897141549355
deep0_mgga_3x16,deep_mgga_3x16,fc,0.5,1,3.500000,0.20526583787683417,0.20247824981698617
deep0_mgga_3x16,deep_mgga_3x16,fc,0.5,1,3.525000,0.2043233391075221,0.20157796370060838
deep0_mgga_3x16,deep_mgga_3x16,fc,0.5,1,3.550000,0.20339078677701694,0.20068863802970538
deep0_mgga_3x16,deep_mgga_3x16,fc,0.5,1,3.575000,0.20246802314312962,0.19981006076235963
deep0_mgga_3x16,deep_mgga_3x16,fc,0.5,1,3.600000,0.20155489383764036,0.19894202540234204
deep0_mgga_3x16,deep_mgga_3x16,fc,0.5,1,3.625000,0.2006512477480833,0.19808433081799626
deep0_mgga_3x16,deep_mgga_3x16,fc,0.5,1,3.650000,0.19975693690929475,0.1972367810681679
deep0_mgga_3x16,deep_mgga_3x16,fc,0.5,1,3.675000,0.19887181640355067,0.19639918523485989
deep0_mgga_3x16,deep_mgga_3x16,fc,0.5,1,3.700000,0.19799574426826294,0.19557135726231661
deep0_mgga_3x16,deep_mgga_3x16,fc,0.5,1,3.725000,0.1971285814103021,0.19475311580224858
deep0_mgga_3x16,deep_mgga_3x16,fc,0.5,1,3.750000,0.19627019152614755,0.1939442840649317
deep0_mgga_3x16,deep_mgga_3x16,fc,0.5,1,3.775000,0.1954204410271445,0.1931446896759194
deep0_mgga_3x16,deep_mgga_3x16,fc,0.5,1,3.800000,0.19457919896924114,0.1923541645381254
deep0_mgga_3x16,deep_mgga_3x16,fc,0.5,1,3.825000,0.19374633698666122,0.19157254469904472
deep0_mgga_3x16,deep_mgga_3x16,fc,0.5,1,3.850000,0.1929217292290336,0.19079967022289113
deep0_mgga_3x16,deep_mgga_3x16,fc,0.5,1,3.875000,0.19210525230156406,0.19003538506744047
deep0_mgga_3x16,deep_mgga_3x16,fc,0.5,1,3.900000,0.19129678520789117,0.189279536965381
deep0_mgga_3x16,deep_mgga_3x16,fc,0.5,1,3.925000,0.19049620929531308,0.18853197730997814
deep0_mgga_3x16,deep_mgga_3x16,fc,0.5,1,3.950000,0.18970340820212606,0.18779256104487418
deep0_mgga_3x16,deep_mgga_3x16,fc,0.5,1,3.975000,0.18891826780683407,0.18706114655784864
deep0_mgga_3x16,deep_mgga_3x16,fc,0.5,1,4.000000,0.18814067617904717,0.18633759557837573
deep0_mgga_3x16,deep_mgga_3x16,fc,0.5,1,4.025000,0.18737052353189076,0.18562177307881986
deep0_mgga_3x16,deep_mgga_3x16,fc,0.5,1,4.050000,0.18660770217579203,0.18491354717912353
deep0_mgga_3x16,deep_mgga_3x16,fc,0.5,1,4.075000,0.1858521064735168,0.18421278905484048
deep0_mgga_3x16,deep_mgga_3x16,fc,0.5,1,4.100000,0.18510363279636266,0.18351937284838016
deep0_mgga_3x16,deep_mgga_3x16,fc,0.5,1,4.125000,0.18436217948141664,0.18283317558333598
deep0_mgga_3x16,deep_mgga_3x16,fc,0.5,1,4.150000,0.18362764678980903,0.18215407708176726
deep0_mgga_3x16,deep_mgga_3x16,fc,0.5,1,4.175000,0.18289993686590555,0.18148195988432425
deep0_mgga_3x16,deep_mgga_3x16,fc,0.5,1,4.200000,0.18217895369737924,0.18081670917309653
deep0_mgga_3x16,deep_mgga_3x16,fc,0.5,1,4.225000,0.1814646030761322,0.18015821269708324
deep0_mgga_3x16,deep_mgga_3x16,fc,0.5,1,4.250000,0.1807567925600223,0.1795063607001756
deep0_mgga_3x16,deep_mgga_3x16,fc,0.5,1,4.275000,0.1800554314353695,0.17886104585155926
deep0_mgga_3x16,deep_mgga_3x16,fc,0.5,1,4.300000,0.179360430680217,0.17822216317843895
deep0_mgga_3x16,deep_mgga_3x16,fc,0.5,1,4.325000,0.17867170292832713,0.17758961000099663
deep0_mgga_3x16,deep_mgga_3x16,fc,0.5,1,4.350000,0.1779891624338925,0.17696328586949575
deep0_mgga_3x16,deep_mgga_3x16,fc,0.5,1,4.375000,0.17731272503694973,0.17634309250345392
deep0_mgga_3x16,deep_mgga_3x16,fc,0.5,1,4.400000,0.17664230812948079,0.17572893373279852
deep0_mgga_3x16,deep_mgga_3x16,fc,0.5,1,4.425000,0.17597783062219086,0.1751207154409365
deep0_mgga_3x16,deep_mgga_3x16,fc,0.5,1,4.450000,0.17531921291195474,0.17451834550966117
deep0_mgga_3x16,deep_mgga_3x16,fc,0.5,1,4.475000,0.17466637684991793,0.17392173376583175
deep0_mgga_3x16,deep_mgga_3x16,fc,0.5,1,4.500000,0.17401924571024807,0.17333079192975498
deep0_mgga_3x16,deep_mgga_3x16,fc,0.5,1,4.525000,0.173377744159527,0.17274543356520955
deep0_mgga_3x16,deep_mgga_3x16,fc,0.5,1,4.550000,0.17274179822677205,0.17216557403105057
deep0_mgga_3x16,deep_mgga_3x16,fc,0.5,1,4.575000,0.17211133527408684,0.1715911304343365
deep0_mgga_3x16,deep_mgga_3x16,fc,0.5,1,4.600000,0.17148628396792287,0.1710220215849235
deep0_mgga_3x16,deep_mgga_3x16,fc,0.5,1,4.625000,0.1708665742509543,0.17045816795147253
deep0_mgga_3x16,deep_mgga_3x16,fc,0.5,1,4.650000,0.17025213731455136,0.16989949161882065
deep0_mgga_3x16,deep_mgga_3x16,fc,0.5,1,4.675000,0.1696429055718479,0.169345916246664
deep0_mgga_3x16,deep_mgga_3x16,fc,0.5,1,4.700000,0.16903881263139253,0.16879736702950832
deep0_mgga_3x16,deep_mgga_3x16,fc,0.5,1,4.725000,0.16843979327137593,0.16825377065784222
deep0_mgga_3x16,deep_mgga_3x16,fc,0.5,1,4.750000,0.16784578341442913,0.16771505528048544
deep0_mgga_3x16,deep_mgga_3x16,fc,0.5,1,4.775000,0.167256720102976,0.16718115046807694
deep0_mgga_3x16,deep_mgga_3x16,fc,0.5,1,4.800000,0.166672541475142,0.16665198717765758
deep0_mgga_3x16,deep_mgga_3x16,fc,0.5,1,4.825000,0.16609318674119944,0.16612749771831284
deep0_mgga_3x16,deep_mgga_3x16,fc,0.5,1,4.850000,0.16551859616054887,0.16560761571783714
deep0_mgga_3x16,deep_mgga_3x16,fc,0.5,1,4.875000,0.16494871101922215,0.16509227609038232
deep0_mgga_3x16,deep_mgga_3x16,fc,0.5,1,4.900000,0.1643834736079003,0.16458141500506226
deep0_mgga_3x16,deep_mgga_3x16,fc,0.5,1,4.925000,0.1638228272004355,0.16407496985547446
deep0_mgga_3x16,deep_mgga_3x16,fc,0.5,1,4.950000,0.1632667160328709,0.1635728792301117
deep0_mgga_3x16,deep_mgga_3x16,fc,0.5,1,4.975000,0.1627150852829411,0.16307508288363087
deep0_mgga_3x16,deep_mgga_3x16,fc,0.5,1,5.000000,0.16216788105005497,0.16258152170895424
deep0_mgga_3x16,deep_mgga_3x16,fc,0.5,1,5.025000,0.16162505033574193,0.1620921377101671
deep0_mgga_3x16,deep_mgga_3x16,fc,0.5,1,5.050000,0.16108654102455633,0.16160687397619602
deep0_mgga_3x16,deep_mgga_3x16,fc,0.5,1,5.075000,0.16055230186543046,0.16112567465523162
deep0_mgga_3x16,deep_mgga_3x16,fc,0.5,1,5.100000,0.16002228245346606,0.16064848492987935
deep0_mgga_3x16,deep_mgga_3x16,fc,0.5,1,5.125000,0.1594964332121529,0.16017525099300686
deep0_mgga_3x16,deep_mgga_3x16,fc,0.5,1,5.150000,0.1589747053760111,0.15970592002427247
deep0_mgga_3x16,deep_mgga_3x16,fc,0.5,1,5.175000,0.15845705097364104,0.1592404401673063
deep0_mgga_3x16,deep_mgga_3x16,fc,0.5,1,5.200000,0.15794342281117502,0.15877876050752676
deep0_mgga_3x16,deep_mgga_3x16,fc,0.5,1,5.225000,0.1574337744561235,0.15832083105056988
deep0_mgga_3x16,deep_mgga_3x16,fc,0.5,1,5.250000,0.15692806022160166,0.1578666027013137
deep0_mgga_3x16,deep_mgga_3x16,fc,0.5,1,5.275000,0.156426235150933,0.15741602724347523
deep0_mgga_3x16,deep_mgga_3x16,fc,0.5,1,5.300000,0.15592825500261887,0.15696905731976635
deep0_mgga_3x16,deep_mgga_3x16,fc,0.5,1,5.325000,0.15543407623566297,0.1565256464125864
deep0_mgga_3x16,deep_mgga_3x16,fc,0.5,1,5.350000,0.15494365599524784,0.15608574882523746
deep0_mgga_3x16,deep_mgga_3x16,fc,0.5,1,5.375000,0.15445695209874932,0.15564931966364534
deep0_mgga_3x16,deep_mgga_3x16,fc,0.5,1,5.400000,0.1539739230220848,0.1552163148185686
deep0_mgga_3x16,deep_mgga_3x16,fc,0.5,1,5.425000,0.1534945278863853,0.1547866909482838
deep0_mgga_3x16,deep_mgga_3x16,fc,0.5,1,5.450000,0.15301872644498493,0.15436040546172822
deep0_mgga_3x16,deep_mgga_3x16,fc,0.5,1,5.475000,0.15254647907071717,0.15393741650208853
deep0_mgga_3x16,deep_mgga_3x16,fc,0.5,1,5.500000,0.15207774674351393,0.15351768293082343
deep0_mgga_3x16,deep_mgga_3x16,fc,0.5,1,5.525000,0.15161249103829766,0.15310116431209972
deep0_mgga_3x16,deep_mgga_3x16,fc,0.5,1,5.550000,0.15115067411315974,0.15268782089763872
deep0_mgga_3x16,deep_mgga_3x16,fc,0.5,1,5.575000,0.15069225869781833,0.1522776136119535
deep0_mgga_3x16,deep_mgga_3x16,fc,0.5,1,5.600000,0.15023720808234842,0.1518705040379679
deep0_mgga_3x16,deep_mgga_3x16,fc,0.5,1,5.625000,0.1497854861061776,0.1514664544030052
deep0_mgga_3x16,deep_mgga_3x16,fc,0.5,1,5.650000,0.14933705714733914,0.15106542756513777
deep0_mgga_3x16,deep_mgga_3x16,fc,0.5,1,5.675000,0.1488918861119798,0.1506673869998804
deep0_mgga_3x16,deep_mgga_3x16,fc,0.5,1,5.700000,0.14844993842411114,0.1502722967872271
deep0_mgga_3x16,deep_mgga_3x16,fc,0.5,1,5.725000,0.14801118001560165,0.14988012159901035
deep0_mgga_3x16,deep_mgga_3x16,fc,0.5,1,5.750000,0.14757557731640225,0.14949082668658112
deep0_mgga_3x16,deep_mgga_3x16,fc,0.5,1,5.775000,0.1471430972449983,0.14910437786879902
deep0_mgga_3x16,deep_mgga_3x16,fc,0.5,1,5.800000,0.14671370719908583,0.14872074152031808
deep0_mgga_3x16,deep_mgga_3x16,fc,0.5,1,5.825000,0.1462873750464606,0.14833988456016775
deep0_mgga_3x16,deep_mgga_3x16,fc,0.5,1,5.850000,0.1458640691161205,0.14796177444061417
deep0_mgga_3x16,deep_mgga_3x16,fc,0.5,1,5.875000,0.1454437581895719,0.1475863791362959
deep0_mgga_3x16,deep_mgga_3x16,fc,0.5,1,5.900000,0.14502641149233608,0.147213667133628
deep0_mgga_3x16,deep_mgga_3x16,fc,0.5,1,5.925000,0.14461199868565022,0.14684360742046257
deep0_mgga_3x16,deep_mgga_3x16,fc,0.5,1,5.950000,0.1442004898583591,0.1464761694760027
deep0_mgga_3x16,deep_mgga_3x16,fc,0.5,1,5.975000,0.14379185551899099,0.14611132326095994
deep0_mgga_3x16,deep_mgga_3x16,fc,0.5,1,6.000000,0.14338606658801356,0.14574903920795002
deep0_mgga_3x16,deep_mgga_3x16,fc,2,1,0.000000,1.0,0.9999979292399579
deep0_mgga_3x16,deep_mgga_3x16,fc,2,1,0.025000,0.9999286652373578,0.9993770542431832
deep0_mgga_3x16,deep_mgga_3x16,fc,2,1,0.050000,0.999437582511691,0.9975228957770809
deep0_mgga_3x16,deep_mgga_3x16,fc,2,1,0.075000,0.9981347915001035,0.994460530999504
deep0_mgga_3x16,deep_mgga_3x16,fc,2,1,0.100000,0.9956734429608486,0.9902307044211887
deep0_mgga_3x16,deep_mgga_3x16,fc,2,1,0.125000,0.9917744096899868,0.9848883327285808
deep0_mgga_3x16,deep_mgga_3x16,fc,2,1,0.150000,0.986253105252705,0.9785005634473067
deep0_mgga_3x16,deep_mgga_3x16,fc,2,1,0.175000,0.9790463218997729,0.9711445178442647
deep0_mgga_3x16,deep_mgga_3x16,fc,2,1,0.200000,0.9702327565591026,0.962904859173321
deep0_mgga_3x16,deep_mgga_3x16,fc,2,1,0.225000,0.9600384438648737,0.9538713244108318
deep0_mgga_3x16,deep_mgga_3x16,fc,2,1,0.250000,0.948817302733574,0.9441363431076241
deep0_mgga_3x16,deep_mgga_3x16,fc,2,1,0.275000,0.9370000653783469,0.9337928442081102
deep0_mgga_3x16,deep_mgga_3x16,fc,2,1,0.300000,0.9250140813431099,0.9229323244306081
deep0_mgga_3x16,deep_mgga_3x16,fc,2,1,0.325000,0.9131908862247404,0.9116432236494123
deep0_mgga_3x16,deep_mgga_3x16,fc,2,1,0.350000,0.9016914751374778,0.9000096265825765
deep0_mgga_3x16,deep_mgga_3x16,fc,2,1,0.375000,0.890479727944373,0.8881102879680052
deep0_mgga_3x16,deep_mgga_3x16,fc,2,1,0.400000,0.879355094511549,0.8760179613553188
deep0_mgga_3x16,deep_mgga_3x16,fc,2,1,0.425000,0.8680267835087282,0.8637989998809493
deep0_mgga_3x16,deep_mgga_3x16,fc,2,1,0.450000,0.8562006818535541,0.8515131905458164
deep0_mgga_3x16,deep_mgga_3x16,fc,2,1,0.475000,0.8436688729219095,0.8392137808151852
deep0_mgga_3x16,deep_mgga_3x16,fc,2,1,0.500000,0.8304067560807935,0.8269476568730664
deep0_mgga_3x16,deep_mgga_3x16,fc,2,1,0.525000,0.8166544906269787,0.8147556356408845
deep0_mgga_3x16,deep_mgga_3x16,fc,2,1,0.550000,0.8029116803250231,0.8026728368579534
deep0_mgga_3x16,deep_mgga_3x16,fc,2,1,0.575000,0.789784033554539,0.7907291064157039
deep0_mgga_3x16,deep_mgga_3x16,fc,2,1,0.600000,0.7777192963308452,0.7789494672031972
deep0_mgga_3x16,deep_mgga_3x16,fc,2,1,0.625000,0.7667781075286031,0.7673545785836753
deep0_mgga_3x16,deep_mgga_3x16,fc,2,1,0.650000,0.7565916292500426,0.7559611900447227
deep0_mgga_3x16,deep_mgga_3x16,fc,2,1,0.675000,0.7465452975191379,0.7447825784221427
deep0_mgga_3x16,deep_mgga_3x16,fc,2,1,0.700000,0.7360839803725964,0.7338289613453942
deep0_mgga_3x16,deep_mgga_3x16,fc,2,1,0.725000,0.7249618524639602,0.7231078822018028
deep0_mgga_3x16,deep_mgga_3x16,fc,2,1,0.750000,0.7133080043015896,0.7126245640138944
deep0_mgga_3x16,deep_mgga_3x16,fc,2,1,0.775000,0.7015065774631599,0.7023822312342055
deep0_mgga_3x16,deep_mgga_3x16,fc,2,1,0.800000,0.6899974927046743,0.6923823996571112
deep0_mgga_3x16,deep_mgga_3x16,fc,2,1,0.825000,0.6791167542565031,0.6826251354996576
deep0_mgga_3x16,deep_mgga_3x16,fc,2,1,0.850000,0.6690312594681159,0.6731092852800223
deep0_mgga_3x16,deep_mgga_3x16,fc,2,1,0.875000,0.6597537597904634,0.6638326784825364
deep0_mgga_3x16,deep_mgga_3x16,fc,2,1,0.900000,0.6511949124620132,0.6547923051930069
deep0_mgga_3x16,deep_mgga_3x16,fc,2,1,0.925000,0.6432168643338297,0.6459844709597109
deep0_mgga_3x16,deep_mgga_3x16,fc,2,1,0.950000,0.6356721317710246,0.6374049311182255
deep0_mgga_3x16,deep_mgga_3x16,fc,2,1,0.975000,0.6284261624827073,0.6290490067394222
deep0_mgga_3x16,deep_mgga_3x16,fc,2,1,1.000000,0.6213680971392511,0.6209116842406892
deep0_mgga_3x16,deep_mgga_3x16,fc,2,1,1.025000,0.6144146384702845,0.6129877005568195
deep0_mgga_3x16,deep_mgga_3x16,fc,2,1,1.050000,0.6075101924705353,0.6052716156109965
deep0_mgga_3x16,deep_mgga_3x16,fc,2,1,1.075000,0.6006247638266381,0.5977578736666059
deep0_mgga_3x16,deep_mgga_3x16,fc,2,1,1.100000,0.5937501979818384,0.5904408549832783
deep0_mgga_3x16,deep_mgga_3x16,fc,2,1,1.125000,0.586895178123433,0.5833149190497332
deep0_mgga_3x16,deep_mgga_3x16,fc,2,1,1.150000,0.5800795445864722,0.5763744405242637
deep0_mgga_3x16,deep_mgga_3x16,fc,2,1,1.175000,0.5733286690767575,0.5696138388825301
deep0_mgga_3x16,deep_mgga_3x16,fc,2,1,1.200000,0.5666686001122876,0.5630276026524232
deep0_mgga_3x16,deep_mgga_3x16,fc,2,1,1.225000,0.5601224808688519,0.5566103090071902
deep0_mgga_3x16,deep_mgga_3x16,fc,2,1,1.250000,0.5537084210654678,0.5503566393905188
deep0_mgga_3x16,deep_mgga_3x16,fc,2,1,1.275000,0.5474387041348382,0.5442613917602815
deep0_mgga_3x16,deep_mgga_3x16,fc,2,1,1.300000,0.5413200148366107,0.5383194899604652
deep0_mgga_3x16,deep_mgga_3x16,fc,2,1,1.325000,0.5353543035460835,0.5325259906626605
deep0_mgga_3x16,deep_mgga_3x16,fc,2,1,1.350000,0.5295399358107277,0.5268760882585468
deep0_mgga_3x16,deep_mgga_3x16,fc,2,1,1.375000,0.5238728634147611,0.5213651180322839
deep0_mgga_3x16,deep_mgga_3x16,fc,2,1,1.400000,0.5183476539651063,0.5159885578958218
deep0_mgga_3x16,deep_mgga_3x16,fc,2,1,1.425000,0.5129583029486524,0.5107420289301449
deep0_mgga_3x16,deep_mgga_3x16,fc,2,1,1.450000,0.5076988141419307,0.505621294940694
deep0_mgga_3x16,deep_mgga_3x16,fc,2,1,1.475000,0.5025635710345432,0.5006222612050479
deep0_mgga_3x16,deep_mgga_3x16,fc,2,1,1.500000,0.49754753886139147,0.49574097256481264
deep0_mgga_3x16,deep_mgga_3x16,fc,2,1,1.525000,0.49264634057113366,0.49097361099109743
deep0_mgga_3x16,deep_mgga_3x16,fc,2,1,1.550000,0.48785624636480196,0.4863164927334565
deep0_mgga_3x16,deep_mgga_3x16,fc,2,1,1.575000,0.4831741094622135,0.4817660651453901
deep0_mgga_3x16,deep_mgga_3x16,fc,2,1,1.600000,0.4785972730567867,0.4773189032650351
deep0_mgga_3x16,deep_mgga_3x16,fc,2,1,1.625000,0.47412346635741587,0.4729717062172614
deep0_mgga_3x16,deep_mgga_3x16,fc,2,1,1.650000,0.4697507017539566,0.46872129349273167
deep0_mgga_3x16,deep_mgga_3x16,fc,2,1,1.675000,0.46547718059034193,0.4645646011503388
deep0_mgga_3x16,deep_mgga_3x16,fc,2,1,1.700000,0.4613012116705201,0.46049867798163124
deep0_mgga_3x16,deep_mgga_3x16,fc,2,1,1.725000,0.4572211442547325,0.456520681669137
deep0_mgga_3x16,deep_mgga_3x16,fc,2,1,1.750000,0.45323531571210307,0.45262787496481893
deep0_mgga_3x16,deep_mgga_3x16,fc,2,1,1.775000,0.44934201298696985,0.44881762191001456
deep0_mgga_3x16,deep_mgga_3x16,fc,2,1,1.800000,0.44553944645135857,0.44508738411410614
deep0_mgga_3x16,deep_mgga_3x16,fc,2,1,1.825000,0.4418257344291745,0.4414347171056468
deep0_mgga_3x16,deep_mgga_3x16,fc,2,1,1.850000,0.43819889659395905,0.43785726676671094
deep0_mgga_3x16,deep_mgga_3x16,fc,2,1,1.875000,0.43465685449076596,0.4343527658587303
deep0_mgga_3x16,deep_mgga_3x16,fc,2,1,1.900000,0.43119743756268847,0.43091903064596176
deep0_mgga_3x16,deep_mgga_3x16,fc,2,1,1.925000,0.42781839323727755,0.4275539576209672
deep0_mgga_3x16,deep_mgga_3x16,fc,2,1,1.950000,0.4245173998222378,0.42425552033500025
deep0_mgga_3x16,deep_mgga_3x16,fc,2,1,1.975000,0.4212920811562686,0.42102176633496174
deep0_mgga_3x16,deep_mgga_3x16,fc,2,1,2.000000,0.418140022148785,0.4178508142075638
deep0_mgga_3x16,deep_mgga_3x16,fc,2,1,2.025000,0.4150587845148467,0.4147408507304974
deep0_mgga_3x16,deep_mgga_3x16,fc,2,1,2.050000,0.4120459221655489,0.4116901281297167
deep0_mgga_3x16,deep_mgga_3x16,fc,2,1,2.075000,0.40909899584799825,0.40869696144138795
deep0_mgga_3x16,deep_mgga_3x16,fc,2,1,2.100000,0.4062155867430266,0.4057597259766089
deep0_mgga_3x16,deep_mgga_3x16,fc,2,1,2.125000,0.40339330882398317,0.4028768548866527
deep0_mgga_3x16,deep_mgga_3x16,fc,2,1,2.150000,0.40062981985797663,0.40004683682621295
deep0_mgga_3x16,deep_mgga_3x16,fc,2,1,2.175000,0.39792283099360803,0.3972682137119251
deep0_mgga_3x16,deep_mgga_3x16,fc,2,1,2.200000,0.39527011492855013,0.39453957857328703
deep0_mgga_3x16,deep_mgga_3x16,fc,2,1,2.225000,0.39266951268822137,0.3918595734929977
deep0_mgga_3x16,deep_mgga_3x16,fc,2,1,2.250000,0.39011893907497996,0.3892268876336721
deep0_mgga_3x16,deep_mgga_3x16,fc,2,1,2.275000,0.3876163868674778,0.38664025534786034
deep0_mgga_3x16,deep_mgga_3x16,fc,2,1,2.300000,0.38515992986340164,0.38409845436829027
deep0_mgga_3x16,deep_mgga_3x16,fc,2,1,2.325000,0.38274772486714226,0.3816003040752743
deep0_mgga_3x16,deep_mgga_3x16,fc,2,1,2.350000,0.38037801272798677,0.3791446638382631
deep0_mgga_3x16,deep_mgga_3x16,fc,2,1,2.375000,0.37804911853519063,0.37673043142856466
deep0_mgga_3x16,deep_mgga_3x16,fc,2,1,2.400000,0.37575945107450504,0.3743565415003257
deep0_mgga_3x16,deep_mgga_3x16,fc,2,1,2.425000,0.3735075016470344,0.37202196413693345
deep0_mgga_3x16,deep_mgga_3x16,fc,2,1,2.450000,0.371291842346235,0.36972570346007544
deep0_mgga_3x16,deep_mgga_3x16,fc,2,1,2.475000,0.3691111238828355,0.36746679629878193
deep0_mgga_3x16,deep_mgga_3x16,fc,2,1,2.500000,0.3669640730408077,0.36524431091585596
deep0_mgga_3x16,deep_mgga_3x16,fc,2,1,2.525000,0.36484948984054566,0.3630573457891894
deep0_mgga_3x16,deep_mgga_3x16,fc,2,1,2.550000,0.36276624447828043,0.36090502844555156
deep0_mgga_3x16,deep_mgga_3x16,fc,2,1,2.575000,0.36071327410369736,0.35878651434452946
deep0_mgga_3x16,deep_mgga_3x16,fc,2,1,2.600000,0.35868957949082114,0.35670098581038173
deep0_mgga_3x16,deep_mgga_3x16,fc,2,1,2.625000,0.3566942216505802,0.3546476510096695
deep0_mgga_3x16,deep_mgga_3x16,fc,2,1,2.650000,0.35472631842717806,0.3526257429726038
deep0_mgga_3x16,deep_mgga_3x16,fc,2,1,2.675000,0.3527850411144611,0.3506345186561396
deep0_mgga_3x16,deep_mgga_3x16,fc,2,1,2.700000,0.35086961112297055,0.34867325804693405
deep0_mgga_3x16,deep_mgga_3x16,fc,2,1,2.725000,0.34897929672329897,0.3467412633023611
deep0_mgga_3x16,deep_mgga_3x16,fc,2,1,2.750000,0.3471134098867188,0.3448378579278594
deep0_mgga_3x16,deep_mgga_3x16,fc,2,1,2.775000,0.34527130323986,0.34296238598896517
deep0_mgga_3x16,deep_mgga_3x16,fc,2,1,2.800000,0.3434523671464429,0.34111421135645564
deep0_mgga_3x16,deep_mgga_3x16,fc,2,1,2.825000,0.3416560269256954,0.33929271698309965
deep0_mgga_3x16,deep_mgga_3x16,fc,2,1,2.850000,0.33988174021413164,0.3374973042105832
deep0_mgga_3x16,deep_mgga_3x16,fc,2,1,2.875000,0.33812899447476463,0.33572739210524005
deep0_mgga_3x16,deep_mgga_3x16,fc,2,1,2.900000,0.3363973046555825,0.33398241682128416
deep0_mgga_3x16,deep_mgga_3x16,fc,2,1,2.925000,0.3346862109971942,0.33226183099029705
deep0_mgga_3x16,deep_mgga_3x16,fc,2,1,2.950000,0.3329952769879295,0.3305651031357905
deep0_mgga_3x16,deep_mgga_3x16,fc,2,1,2.975000,0.3313240874633294,0.3288917171117058
deep0_mgga_3x16,deep_mgga_3x16,fc,2,1,3.000000,0.32967224684585394,0.3272411715637788
deep0_mgga_3x16,deep_mgga_3x16,fc,2,1,3.025000,0.32803937751976964,0.325612979412743
deep0_mgga_3x16,deep_mgga_3x16,fc,2,1,3.050000,0.32642511833548293,0.32400666735839034
deep0_mgga_3x16,deep_mgga_3x16,fc,2,1,3.075000,0.32482912323709945,0.3224217754035607
deep0_mgga_3x16,deep_mgga_3x16,fc,2,1,3.100000,0.3232510600066214,0.3208578563971705
deep0_mgga_3x16,deep_mgga_3x16,fc,2,1,3.125000,0.32169060911800584,0.31931447559543635
deep0_mgga_3x16,deep_mgga_3x16,fc,2,1,3.150000,0.32014746269418004,0.31779121024048645
deep0_mgga_3x16,deep_mgga_3x16,fc,2,1,3.175000,0.3186213235601315,0.31628764915559354
deep0_mgga_3x16,deep_mgga_3x16,fc,2,1,3.200000,0.31711190438525994,0.31480339235629645
deep0_mgga_3x16,deep_mgga_3x16,fc,2,1,3.225000,0.3156189269083335,0.31333805067671594
deep0_mgga_3x16,deep_mgga_3x16,fc,2,1,3.250000,0.3141421212385844,0.3118912454103982
deep0_mgga_3x16,deep_mgga_3x16,fc,2,1,3.275000,0.31268122522674346,0.3104626079650559
deep0_mgga_3x16,deep_mgga_3x16,fc,2,1,3.300000,0.3112359839000709,0.3090517795306019
deep0_mgga_3x16,deep_mgga_3x16,fc,2,1,3.325000,0.3098061489557635,0.3076584107599022
deep0_mgga_3x16,deep_mgga_3x16,fc,2,1,3.350000,0.3083914783074164,0.3062821614617
deep0_mgga_3x16,deep_mgga_3x16,fc,2,1,3.375000,0.30699173567956883,0.3049227003051915
deep0_mgga_3x16,deep_mgga_3x16,fc,2,1,3.400000,0.30560669024566645,0.30357970453574934
deep0_mgga_3x16,deep_mgga_3x16,fc,2,1,3.425000,0.30423611630513014,0.30225285970132765
deep0_mgga_3x16,deep_mgga_3x16,fc,2,1,3.450000,0.3028797929955218,0.3009418593890887
deep0_mgga_3x16,deep_mgga_3x16,fc,2,1,3.475000,0.30153750403612634,0.2996464049718257
deep0_mgga_3x16,deep_mgga_3x16,fc,2,1,3.500000,0.3002090374995714,0.2983662053637661
deep0_mgga_3x16,deep_mgga_3x16,fc,2,1,3.525000,0.2988941856083893,0.2971009767853637
deep0_mgga_3x16,deep_mgga_3x16,fc,2,1,3.550000,0.2975927445537194,0.2958504425367076
deep0_mgga_3x16,deep_mgga_3x16,fc,2,1,3.575000,0.2963045143335816,0.29461433277918625
deep0_mgga_3x16,deep_mgga_3x16,fc,2,1,3.600000,0.2950292986084361,0.29339238432506953
deep0_mgga_3x16,deep_mgga_3x16,fc,2,1,3.625000,0.29376690457192844,0.29218434043467995
deep0_mgga_3x16,deep_mgga_3x16,fc,2,1,3.650000,0.292517142834971,0.29098995062084504
deep0_mgga_3x16,deep_mgga_3x16,fc,2,1,3.675000,0.29127982732148294,0.2898089704603319
deep0_mgga_3x16,deep_mgga_3x16,fc,2,1,3.700000,0.2900547751742989,0.28864116141198104
deep0_mgga_3x16,deep_mgga_3x16,fc,2,1,3.725000,0.28884180666992454,0.28748629064127096
deep0_mgga_3x16,deep_mgga_3x16,fc,2,1,3.750000,0.28764074514096516,0.2863441308510491
deep0_mgga_3x16,deep_mgga_3x16,fc,2,1,3.775000,0.2864514169051904,0.2852144601181904
deep0_mgga_3x16,deep_mgga_3x16,fc,2,1,3.800000,0.2852736512003199,0.2840970617359392
deep0_mgga_3x16,deep_mgga_3x16,fc,2,1,3.825000,0.284107280123735,0.28299172406171447
deep0_mgga_3x16,deep_mgga_3x16,fc,2,1,3.850000,0.28295213857641155,0.28189824037015937
deep0_mgga_3x16,deep_mgga_3x16,fc,2,1,3.875000,0.28180806421046767,0.2808164087112307
deep0_mgga_3x16,deep_mgga_3x16,fc,2,1,3.900000,0.2806748973797918,0.2797460317731291
deep0_mgga_3x16,deep_mgga_3x16,fc,2,1,3.925000,0.279552481093299,0.278686916749883
deep0_mgga_3x16,deep_mgga_3x16,fc,2,1,3.950000,0.27844066097041686,0.27763887521340663
deep0_mgga_3x16,deep_mgga_3x16,fc,2,1,3.975000,0.27733928519846485,0.27660172298985414
deep0_mgga_3x16,deep_mgga_3x16,fc,2,1,4.000000,0.2762482044916339,0.2755752800401125
deep0_mgga_3x16,deep_mgga_3x16,fc,2,1,4.025000,0.27516727205132563,0.2745593703442679
deep0_mgga_3x16,deep_mgga_3x16,fc,2,1,4.050000,0.2740963435276391,0.27355382178989796
deep0_mgga_3x16,deep_mgga_3x16,fc,2,1,4.075000,0.2730352769818334,0.2725584660640442
deep0_mgga_3x16,deep_mgga_3x16,fc,2,1,4.100000,0.2719839328496131,0.2715731385487246
deep0_mgga_3x16,deep_mgga_3x16,fc,2,1,4.125000,0.2709421739051243,0.27059767821985464
deep0_mgga_3x16,deep_mgga_3x16,fc,2,1,4.150000,0.2699098652255547,0.2696319275494482
deep0_mgga_3x16,deep_mgga_3x16,fc,2,1,4.175000,0.2688868741562557,0.2686757324109783
deep0_mgga_3x16,deep_mgga_3x16,fc,2,1,4.200000,0.267873070276325,0.2677289419877766
deep0_mgga_3x16,deep_mgga_3x16,fc,2,1,4.225000,0.26686832536459026,0.2667914086843645
deep0_mgga_3x16,deep_mgga_3x16,fc,2,1,4.250000,0.2658725133659625,0.2658629880406043
deep0_mgga_3x16,deep_mgga_3x16,fc,2,1,4.275000,0.2648855103581127,0.2649435386485696
deep0_mgga_3x16,deep_mgga_3x16,fc,2,1,4.300000,0.2639071945184631,0.26403292207203394
deep0_mgga_3x16,deep_mgga_3x16,fc,2,1,4.325000,0.2629374460914635,0.26313100276848567
deep0_mgga_3x16,deep_mgga_3x16,fc,2,1,4.350000,0.26197614735615127,0.2622376480135749
deep0_mgga_3x16,deep_mgga_3x16,fc,2,1,4.375000,0.26102318259397483,0.261352727827909
deep0_mgga_3x16,deep_mgga_3x16,fc,2,1,4.400000,0.2600784380568921,0.2604761149061068
deep0_mgga_3x16,deep_mgga_3x16,fc,2,1,4.425000,0.25914180193573,0.25960768454803845
deep0_mgga_3x16,deep_mgga_3x16,fc,2,1,4.450000,0.25821316432881436,0.2587473145921683
deep0_mgga_3x16,deep_mgga_3x16,fc,2,1,4.475000,0.2572924172108697,0.257894885350928
deep0_mgga_3x16,deep_mgga_3x16,fc,2,1,4.500000,0.2563794544021941,0.25705027954804943
deep0_mgga_3x16,deep_mgga_3x16,fc,2,1,4.525000,0.2554741715381157,0.25621338225778867
deep0_mgga_3x16,deep_mgga_3x16,fc,2,1,4.550000,0.25457646603873696,0.25538408084597464
deep0_mgga_3x16,deep_mgga_3x16,fc,2,1,4.575000,0.25368623707897053,0.2545622649128204
deep0_mgga_3x16,deep_mgga_3x16,fc,2,1,4.600000,0.2528033855588755,0.25374782623743414
deep0_mgga_3x16,deep_mgga_3x16,fc,2,1,4.625000,0.2519278140743024,0.2529406587239747
deep0_mgga_3x16,deep_mgga_3x16,fc,2,1,4.650000,0.2510594268878501,0.252140658349393
deep0_mgga_3x16,deep_mgga_3x16,fc,2,1,4.675000,0.2501981299001419,0.2513477231127058
deep0_mgga_3x16,deep_mgga_3x16,fc,2,1,4.700000,0.24934383062142862,0.2505617529857525
deep0_mgga_3x16,deep_mgga_3x16,fc,2,1,4.725000,0.24849643814352285,0.24978264986537968
deep0_mgga_3x16,deep_mgga_3x16,fc,2,1,4.750000,0.24765586311206944,0.24901031752701194
deep0_mgga_3x16,deep_mgga_3x16,fc,2,1,4.775000,0.2468220176991589,0.24824466157955616
deep0_mgga_3x16,deep_mgga_3x16,fc,2,1,4.800000,0.24599481557628355,0.24748558942160173
deep0_mgga_3x16,deep_mgga_3x16,fc,2,1,4.825000,0.24517417188764845,0.24673301019886745
deep0_mgga_3x16,deep_mgga_3x16,fc,2,1,4.850000,0.24436000322383045,0.2459868347628584
deep0_mgga_3x16,deep_mgga_3x16,fc,2,1,4.875000,0.24355222759579698,0.24524697563069034
deep0_mgga_3x16,deep_mgga_3x16,fc,2,1,4.900000,0.24275076440928123,0.24451334694604612
deep0_mgga_3x16,deep_mgga_3x16,fc,2,1,4.925000,0.24195553443951956,0.24378586444122397
deep0_mgga_3x16,deep_mgga_3x16,fc,2,1,4.950000,0.24116645980634965,0.2430644454002464
deep0_mgga_3x16,deep_mgga_3x16,fc,2,1,4.975000,0.2403834639496718,0.24234900862299066
deep0_mgga_3x16,deep_mgga_3x16,fc,2,1,5.000000,0.23960647160527648,0.2416394743903123
deep0_mgga_3x16,deep_mgga_3x16,fc,2,1,5.025000,0.23883540878103238,0.24093576443012776
deep0_mgga_3x16,deep_mgga_3x16,fc,2,1,5.050000,0.23807020273344115,0.24023780188442595
deep0_mgga_3x16,deep_mgga_3x16,fc,2,1,5.075000,0.2373107819445579,0.23954551127717988
deep0_mgga_3x16,deep_mgga_3x16,fc,2,1,5.100000,0.23655707609926713,0.23885881848312807
deep0_mgga_3x16,deep_mgga_3x16,fc,2,1,5.125000,0.23580901606292948,0.23817765069740152
deep0_mgga_3x16,deep_mgga_3x16,fc,2,1,5.150000,0.23506653385938392,0.23750193640596662
deep0_mgga_3x16,deep_mgga_3x16,fc,2,1,5.175000,0.2343295626493096,0.2368316053568613
deep0_mgga_3x16,deep_mgga_3x16,fc,2,1,5.200000,0.23359803670894486,0.2361665885321971
deep0_mgga_3x16,deep_mgga_3x16,fc,2,1,5.225000,0.23287189140916253,0.23550681812090557
deep0_mgga_3x16,deep_mgga_3x16,fc,2,1,5.250000,0.23215106319489465,0.2348522274922058
deep0_mgga_3x16,deep_mgga_3x16,fc,2,1,5.275000,0.23143548956491022,0.2342027511697695
deep0_mgga_3x16,deep_mgga_3x16,fc,2,1,5.300000,0.2307251090519371,0.23355832480656416
deep0_mgga_3x16,deep_mgga_3x16,fc,2,1,5.325000,0.23001986120313256,0.23291888516035325
deep0_mgga_3x16,deep_mgga_3x16,fc,2,1,5.350000,0.22931968656088786,0.23228437006983182
deep0_mgga_3x16,deep_mgga_3x16,fc,2,1,5.375000,0.22862452664397925,0.23165471843138197
deep0_mgga_3x16,deep_mgga_3x16,fc,2,1,5.400000,0.22793432392904556,0.23102987017642448
deep0_mgga_3x16,deep_mgga_3x16,fc,2,1,5.425000,0.22724902183240214,0.2304097662493547
deep0_mgga_3x16,deep_mgga_3x16,fc,2,1,5.450000,0.2265685646921789,0.22979434858604042
deep0_mgga_3x16,deep_mgga_3x16,fc,2,1,5.475000,0.22589289775078447,0.22918356009286728
deep0_mgga_3x16,deep_mgga_3x16,fc,2,1,5.500000,0.2252219671376876,0.2285773446263154
deep0_mgga_3x16,deep_mgga_3x16,fc,2,1,5.525000,0.224555719852517,0.22797564697305178
deep0_mgga_3x16,deep_mgga_3x16,fc,2,1,5.550000,0.22389410374847007,0.22737841283052157
deep0_mgga_3x16,deep_mgga_3x16,fc,2,1,5.575000,0.223237067516034,0.226785588788027
deep0_mgga_3x16,deep_mgga_3x16,fc,2,1,5.600000,0.22258456066700572,0.22619712230827665
deep0_mgga_3x16,deep_mgga_3x16,fc,2,1,5.625000,0.22193653351881582,0.22561296170939235
deep0_mgga_3x16,deep_mgga_3x16,fc,2,1,5.650000,0.2212929371791459,0.22503305614736244
deep0_mgga_3x16,deep_mgga_3x16,fc,2,1,5.675000,0.2206537235308359,0.22445735559892538
deep0_mgga_3x16,deep_mgga_3x16,fc,2,1,5.700000,0.2200188452170838,0.22388581084487277
deep0_mgga_3x16,deep_mgga_3x16,fc,2,1,5.725000,0.2193882556269232,0.22331837345376276
deep0_mgga_3x16,deep_mgga_3x16,fc,2,1,5.750000,0.2187619088809809,0.22275499576602592
deep0_mgga_3x16,deep_mgga_3x16,fc,2,1,5.775000,0.2181397598175121,0.22219563087845898
deep0_mgga_3x16,deep_mgga_3x16,fc,2,1,5.800000,0.21752176397870038,0.22164023262909055
deep0_mgga_3x16,deep_mgga_3x16,fc,2,1,5.825000,0.21690787759722996,0.2210887555824118
deep0_mgga_3x16,deep_mgga_3x16,fc,2,1,5.850000,0.21629805758311393,0.22054115501495927
deep0_mgga_3x16,deep_mgga_3x16,fc,2,1,5.875000,0.2156922615107848,0.21999738690124393
deep0_mgga_3x16,deep_mgga_3x16,fc,2,1,5.900000,0.2150904476064348,0.21945740790001048
deep0_mgga_3x16,deep_mgga_3x16,fc,2,1,5.925000,0.21449257473560812,0.21892117534082484
deep0_mgga_3x16,deep_mgga_3x16,fc,2,1,5.950000,0.21389860239103597,0.2183886472109757
deep0_mgga_3x16,deep_mgga_3x16,fc,2,1,5.975000,0.2133084906807149,0.2178597821426839
deep0_mgga_3x16,deep_mgga_3x16,fc,2,1,6.000000,0.21272220031621858,0.21733453940061145
deep0_mgga_3x16,deep_mgga_3x16,fc,5,1,0.000000,1.0,0.9999990149527557
deep0_mgga_3x16,deep_mgga_3x16,fc,5,1,0.025000,0.9999547492620531,0.9996454650158665
deep0_mgga_3x16,deep_mgga_3x16,fc,5,1,0.050000,0.999643310603259,0.9985877903808377
deep0_mgga_3x16,deep_mgga_3x16,fc,5,1,0.075000,0.9988177469601448,0.9968348457593228
deep0_mgga_3x16,deep_mgga_3x16,fc,5,1,0.100000,0.9972606311306659,0.994401156254488
deep0_mgga_3x16,deep_mgga_3x16,fc,5,1,0.125000,0.9948011555146712,0.991306579538298
deep0_mgga_3x16,deep_mgga_3x16,fc,5,1,0.150000,0.9913339387571247,0.9875758546215633
deep0_mgga_3x16,deep_mgga_3x16,fc,5,1,0.175000,0.9868371924870146,0.9832380569823586
deep0_mgga_3x16,deep_mgga_3x16,fc,5,1,0.200000,0.9813853176614658,0.9783259829140583
deep0_mgga_3x16,deep_mgga_3x16,fc,5,1,0.225000,0.9751492642846237,0.9728754875211882
deep0_mgga_3x16,deep_mgga_3x16,fc,5,1,0.250000,0.9683774262822016,0.9669248008460498
deep0_mgga_3x16,deep_mgga_3x16,fc,5,1,0.275000,0.9613524807249912,0.9605138452979184
deep0_mgga_3x16,deep_mgga_3x16,fc,5,1,0.300000,0.9543270346753143,0.9536835751252656
deep0_mgga_3x16,deep_mgga_3x16,fc,5,1,0.325000,0.9474523164043742,0.9464753554267609
deep0_mgga_3x16,deep_mgga_3x16,fc,5,1,0.350000,0.9407239535471557,0.9389303944673031
deep0_mgga_3x16,deep_mgga_3x16,fc,5,1,0.375000,0.9339679835061093,0.9310892391657972
deep0_mgga_3x16,deep_mgga_3x16,fc,5,1,0.400000,0.9268735737438685,0.9229913398257114
deep0_mgga_3x16,deep_mgga_3x16,fc,5,1,0.425000,0.9190568680232367,0.9146746867032198
deep0_mgga_3x16,deep_mgga_3x16,fc,5,1,0.450000,0.9101361880893579,0.9061755180009162
deep0_mgga_3x16,deep_mgga_3x16,fc,5,1,0.475000,0.8998193285818005,0.8975280964230576
deep0_mgga_3x16,deep_mgga_3x16,fc,5,1,0.500000,0.8880158087752579,0.8887645495592437
deep0_mgga_3x16,deep_mgga_3x16,fc,5,1,0.525000,0.8749517991003889,0.8799147680594598
deep0_mgga_3x16,deep_mgga_3x16,fc,5,1,0.550000,0.8612039111057004,0.8710063547732961
deep0_mgga_3x16,deep_mgga_3x16,fc,5,1,0.575000,0.8475658879529269,0.8620646176776797
deep0_mgga_3x16,deep_mgga_3x16,fc,5,1,0.600000,0.8347722462255734,0.8531125994283771
deep0_mgga_3x16,deep_mgga_3x16,fc,5,1,0.625000,0.823238033652129,0.8441711366572578
deep0_mgga_3x16,deep_mgga_3x16,fc,5,1,0.650000,0.8129799739396023,0.8352589426212103
deep0_mgga_3x16,deep_mgga_3x16,fc,5,1,0.675000,0.8037440365305301,0.8263927074201369
deep0_mgga_3x16,deep_mgga_3x16,fc,5,1,0.700000,0.7952201343314512,0.8175872106821805
deep0_mgga_3x16,deep_mgga_3x16,fc,5,1,0.725000,0.7871973730146723,0.8088554423176804
deep0_mgga_3x16,deep_mgga_3x16,fc,5,1,0.750000,0.7795947148086034,0.8002087276340036
deep0_mgga_3x16,deep_mgga_3x16,fc,5,1,0.775000,0.7724020601113682,0.7916568537562961
deep0_mgga_3x16,deep_mgga_3x16,fc,5,1,0.800000,0.7656078213740579,0.7832081948979432
deep0_mgga_3x16,deep_mgga_3x16,fc,5,1,0.825000,0.7591625837299503,0.7748698345598082
deep0_mgga_3x16,deep_mgga_3x16,fc,5,1,0.850000,0.7529816237207362,0.7666476832053
deep0_mgga_3x16,deep_mgga_3x16,fc,5,1,0.875000,0.7469647688719043,0.7585465903592546
deep0_mgga_3x16,deep_mgga_3x16,fc,5,1,0.900000,0.7410148214932764,0.7505704504155506
deep0_mgga_3x16,deep_mgga_3x16,fc,5,1,0.925000,0.7350480074382575,0.742722301716235
deep0_mgga_3x16,deep_mgga_3x16,fc,5,1,0.950000,0.7289982595127553,0.7350044186896625
deep0_mgga_3x16,deep_mgga_3x16,fc,5,1,0.975000,0.7228191068110377,0.7274183970131036
deep0_mgga_3x16,deep_mgga_3x16,fc,5,1,1.000000,0.7164852996487843,0.7199652319029054
deep0_mgga_3x16,deep_mgga_3x16,fc,5,1,1.025000,0.70999406444207,0.7126453897386826
deep0_mgga_3x16,deep_mgga_3x16,fc,5,1,1.050000,0.7033646870041929,0.7054588733028593
deep0_mgga_3x16,deep_mgga_3x16,fc,5,1,1.075000,0.6966353038701766,0.6984052809682795
deep0_mgga_3x16,deep_mgga_3x16,fc,5,1,1.100000,0.689856854166474,0.6914838601990331
deep0_mgga_3x16,deep_mgga_3x16,fc,5,1,1.125000,0.6830853161051125,0.6846935557470246
deep0_mgga_3x16,deep_mgga_3x16,fc,5,1,1.150000,0.6763739794917047,0.6780330529324223
deep0_mgga_3x16,deep_mgga_3x16,fc,5,1,1.175000,0.6697673706158656,0.6715008163927761
deep0_mgga_3x16,deep_mgga_3x16,fc,5,1,1.200000,0.6632977538141137,0.6650951246755552
deep0_mgga_3x16,deep_mgga_3x16,fc,5,1,1.225000,0.6569842926176138,0.6588141010340396
deep0_mgga_3x16,deep_mgga_3x16,fc,5,1,1.250000,0.6508343129565897,0.6526557407683822
deep0_mgga_3x16,deep_mgga_3x16,fc,5,1,1.275000,0.6448458228654629,0.6466179354334792
deep0_mgga_3x16,deep_mgga_3x16,fc,5,1,1.300000,0.6390104706933387,0.6406984942139579
deep0_mgga_3x16,deep_mgga_3x16,fc,5,1,1.325000,0.6333163353247041,0.6348951627448584
deep0_mgga_3x16,deep_mgga_3x16,fc,5,1,1.350000,0.6277502032538619,0.6292056396349859
deep0_mgga_3x16,deep_mgga_3x16,fc,5,1,1.375000,0.6222992107043012,0.6236275909288448
deep0_mgga_3x16,deep_mgga_3x16,fc,5,1,1.400000,0.6169518790526598,0.6181586627228287
deep0_mgga_3x16,deep_mgga_3x16,fc,5,1,1.425000,0.6116986499654887,0.6127964921321176
deep0_mgga_3x16,deep_mgga_3x16,fc,5,1,1.450000,0.6065320512905812,0.6075387167866465
deep0_mgga_3x16,deep_mgga_3x16,fc,5,1,1.475000,0.6014466171989828,0.6023829830176339
deep0_mgga_3x16,deep_mgga_3x16,fc,5,1,1.500000,0.5964386635826829,0.5973269528804983
deep0_mgga_3x16,deep_mgga_3x16,fc,5,1,1.525000,0.5915059935243407,0.5923683101455629
deep0_mgga_3x16,deep_mgga_3x16,fc,5,1,1.550000,0.5866475837968651,0.587504765374695
deep0_mgga_3x16,deep_mgga_3x16,fc,5,1,1.575000,0.5818632842417812,0.5827340601899168
deep0_mgga_3x16,deep_mgga_3x16,fc,5,1,1.600000,0.5771535478466956,0.5780539708289968
deep0_mgga_3x16,deep_mgga_3x16,fc,5,1,1.625000,0.5725191997343613,0.5734623110730128
deep0_mgga_3x16,deep_mgga_3x16,fc,5,1,1.650000,0.5679612471081841,0.5689569346218099
deep0_mgga_3x16,deep_mgga_3x16,fc,5,1,1.675000,0.56348072851462,0.5645357369850825
deep0_mgga_3x16,deep_mgga_3x16,fc,5,1,1.700000,0.5590785987904271,0.5601966569494266
deep0_mgga_3x16,deep_mgga_3x16,fc,5,1,1.725000,0.5547556451662098,0.5559376776750583
deep0_mgga_3x16,deep_mgga_3x16,fc,5,1,1.750000,0.5505124297762313,0.5517568274699277
deep0_mgga_3x16,deep_mgga_3x16,fc,5,1,1.775000,0.5463492539948004,0.5476521802836081
deep0_mgga_3x16,deep_mgga_3x16,fc,5,1,1.800000,0.5422661403984431,0.543621855958531
deep0_mgga_3x16,deep_mgga_3x16,fc,5,1,1.825000,0.5382628286262997,0.5396640202718658
deep0_mgga_3x16,deep_mgga_3x16,fc,5,1,1.850000,0.5343387819102082,0.5357768847974943
deep0_mgga_3x16,deep_mgga_3x16,fc,5,1,1.875000,0.5304932015313449,0.5319587066141122
deep0_mgga_3x16,deep_mgga_3x16,fc,5,1,1.900000,0.5267250469110749,0.5282077878824455
deep0_mgga_3x16,deep_mgga_3x16,fc,5,1,1.925000,0.5230330594498539,0.5245224753118387
deep0_mgga_3x16,deep_mgga_3x16,fc,5,1,1.950000,0.5194157885862634,0.5209011595340554
deep0_mgga_3x16,deep_mgga_3x16,fc,5,1,1.975000,0.5158716188591272,0.517342274399984
deep0_mgga_3x16,deep_mgga_3x16,fc,5,1,2.000000,0.5123987970216934,0.5138442962130143
deep0_mgga_3x16,deep_mgga_3x16,fc,5,1,2.025000,0.5089954584818667,0.5104057429111634
deep0_mgga_3x16,deep_mgga_3x16,fc,5,1,2.050000,0.5056596525305861,0.5070251732085082
deep0_mgga_3x16,deep_mgga_3x16,fc,5,1,2.075000,0.5023893659759401,0.5037011857051521
deep0_mgga_3x16,deep_mgga_3x16,fc,5,1,2.100000,0.49918254492770076,0.5004324179737605
deep0_mgga_3x16,deep_mgga_3x16,fc,5,1,2.125000,0.496037114579468,0.4972175456296509
deep0_mgga_3x16,deep_mgga_3x16,fc,5,1,2.150000,0.4929509969171728,0.4940552813904952
deep0_mgga_3x16,deep_mgga_3x16,fc,5,1,2.175000,0.4899221263465352,0.4909443741308621
deep0_mgga_3x16,deep_mgga_3x16,fc,5,1,2.200000,0.48694846328098673,0.4878836079361111
deep0_mgga_3x16,deep_mgga_3x16,fc,5,1,2.225000,0.48402800576816873,0.48487180115949635
deep0_mgga_3x16,deep_mgga_3x16,fc,5,1,2.250000,0.48115879925952676,0.48190780548578205
deep0_mgga_3x16,deep_mgga_3x16,fc,5,1,2.275000,0.47833894464559945,0.47899050500416546
deep0_mgga_3x16,deep_mgga_3x16,fc,5,1,2.300000,0.4755666046910182,0.4761188152928677
deep0_mgga_3x16,deep_mgga_3x16,fc,5,1,2.325000,0.4728400090092626,0.473291682517367
deep0_mgga_3x16,deep_mgga_3x16,fc,5,1,2.350000,0.47015745771905293,0.47050808254390697
deep0_mgga_3x16,deep_mgga_3x16,fc,5,1,2.375000,0.467517323922811,0.46776702006961846
deep0_mgga_3x16,deep_mgga_3x16,fc,5,1,2.400000,0.4649180551437042,0.4650675277703309
deep0_mgga_3x16,deep_mgga_3x16,fc,5,1,2.425000,0.4623581738519915,0.4624086654669244
deep0_mgga_3x16,deep_mgga_3x16,fc,5,1,2.450000,0.4598362772043403,0.4597895193108712
deep0_mgga_3x16,deep_mgga_3x16,fc,5,1,2.475000,0.4573510361117523,0.45720920098944784
deep0_mgga_3x16,deep_mgga_3x16,fc,5,1,2.500000,0.45490119374326254,0.4546668469509451
deep0_mgga_3x16,deep_mgga_3x16,fc,5,1,2.525000,0.45248556356373437,0.4521616176500745
deep0_mgga_3x16,deep_mgga_3x16,fc,5,1,2.550000,0.4501030269952364,0.44969269681366114
deep0_mgga_3x16,deep_mgga_3x16,fc,5,1,2.575000,0.4477525307827389,0.4472592907266093
deep0_mgga_3x16,deep_mgga_3x16,fc,5,1,2.600000,0.44543308413635596,0.44486062753805344
deep0_mgga_3x16,deep_mgga_3x16,fc,5,1,2.625000,0.4431437557142037,0.44249595658753055
deep0_mgga_3x16,deep_mgga_3x16,fc,5,1,2.650000,0.4408836705021848,0.4401645477509543
deep0_mgga_3x16,deep_mgga_3x16,fc,5,1,2.675000,0.43865200663971526,0.4378656908061182
deep0_mgga_3x16,deep_mgga_3x16,fc,5,1,2.700000,0.43644799223360764,0.4355986948174173
deep0_mgga_3x16,deep_mgga_3x16,fc,5,1,2.725000,0.4342709021960376,0.4333628875394389
deep0_mgga_3x16,deep_mgga_3x16,fc,5,1,2.750000,0.4321200551367397,0.43115761483905096
deep0_mgga_3x16,deep_mgga_3x16,fc,5,1,2.775000,0.4299948103343183,0.4289822401355888
deep0_mgga_3x16,deep_mgga_3x16,fc,5,1,2.800000,0.42789456480681287,0.4268361438587218
deep0_mgga_3x16,deep_mgga_3x16,fc,5,1,2.825000,0.4258187504973793,0.4247187229235841
deep0_mgga_3x16,deep_mgga_3x16,fc,5,1,2.850000,0.42376683158715056,0.42262939022271595
deep0_mgga_3x16,deep_mgga_3x16,fc,5,1,2.875000,0.42173830194399264,0.42056757413438567
deep0_mgga_3x16,deep_mgga_3x16,fc,5,1,2.900000,0.41973268271293085,0.4185327180468393
deep0_mgga_3x16,deep_mgga_3x16,fc,5,1,2.925000,0.4177495200514726,0.4165242798980287
deep0_mgga_3x16,deep_mgga_3x16,fc,5,1,2.950000,0.4157883830108797,0.4145417317303747
deep0_mgga_3x16,deep_mgga_3x16,fc,5,1,2.975000,0.41384886156258405,0.4125845592601183
deep0_mgga_3x16,deep_mgga_3x16,fc,5,1,3.000000,0.41193056476740464,0.41065226146082096
deep0_mgga_3x16,deep_mgga_3x16,fc,5,1,3.025000,0.4100331190839457,0.408744350160579
deep0_mgga_3x16,deep_mgga_3x16,fc,5,1,3.050000,0.40815616681154276,0.40686034965252166
deep0_mgga_3x16,deep_mgga_3x16,fc,5,1,3.075000,0.4062993646623194,0.40499979631817745
deep0_mgga_3x16,deep_mgga_3x16,fc,5,1,3.100000,0.4044623824563178,0.40316223826329
deep0_mgga_3x16,deep_mgga_3x16,fc,5,1,3.125000,0.4026449019332349,0.40134723496568275
deep0_mgga_3x16,deep_mgga_3x16,fc,5,1,3.150000,0.40084661567400937,0.3995543569347777
deep0_mgga_3x16,deep_mgga_3x16,fc,5,1,3.175000,0.3990672261253694,0.3977831853823812
deep0_mgga_3x16,deep_mgga_3x16,fc,5,1,3.200000,0.39730644472039,0.39603331190436375
deep0_mgga_3x16,deep_mgga_3x16,fc,5,1,3.225000,0.395563991088166,0.3943043381728628
deep0_mgga_3x16,deep_mgga_3x16,fc,5,1,3.250000,0.39383959234584687,0.39259587563866183
deep0_mgga_3x16,deep_mgga_3x16,fc,5,1,3.275000,0.3921329824664428,0.3909075452433913
deep0_mgga_3x16,deep_mgga_3x16,fc,5,1,3.300000,0.390443901716073,0.38923897714122113
deep0_mgga_3x16,deep_mgga_3x16,fc,5,1,3.325000,0.38877209615458375,0.38758981042971863
deep0_mgga_3x16,deep_mgga_3x16,fc,5,1,3.350000,0.3871173171937836,0.38595969288955584
deep0_mgga_3x16,deep_mgga_3x16,fc,5,1,3.375000,0.3854793212078509,0.38434828073276117
deep0_mgga_3x16,deep_mgga_3x16,fc,5,1,3.400000,0.38385786919080767,0.3827552383592205
deep0_mgga_3x16,deep_mgga_3x16,fc,5,1,3.425000,0.3822527264562965,0.3811802381211392
deep0_mgga_3x16,deep_mgga_3x16,fc,5,1,3.450000,0.38066366237523286,0.3796229600951923
deep0_mgga_3x16,deep_mgga_3x16,fc,5,1,3.475000,0.37909045014723164,0.3780830918620921
deep0_mgga_3x16,deep_mgga_3x16,fc,5,1,3.500000,0.3775328666020503,0.3765603282933156
deep0_mgga_3x16,deep_mgga_3x16,fc,5,1,3.525000,0.3759906920275864,0.3750543713447426
deep0_mgga_3x16,deep_mgga_3x16,fc,5,1,3.550000,0.37446371002128576,0.3735649298569645
deep0_mgga_3x16,deep_mgga_3x16,fc,5,1,3.575000,0.37295170736209116,0.3720917193620273
deep0_mgga_3x16,deep_mgga_3x16,fc,5,1,3.600000,0.3714544739003447,0.3706344618963883
deep0_mgga_3x16,deep_mgga_3x16,fc,5,1,3.625000,0.3699718024633025,0.36919288581986776
deep0_mgga_3x16,deep_mgga_3x16,fc,5,1,3.650000,0.3685034887741636,0.36776672564038704
deep0_mgga_3x16,deep_mgga_3x16,fc,5,1,3.675000,0.3670493313827301,0.36635572184428994
deep0_mgga_3x16,deep_mgga_3x16,fc,5,1,3.700000,0.36560913160603026,0.3649596207320557
deep0_mgga_3x16,deep_mgga_3x16,fc,5,1,3.725000,0.36418269347740906,0.3635781742592128
deep0_mgga_3x16,deep_mgga_3x16,fc,5,1,3.750000,0.362769823702778,0.36221113988227666
deep0_mgga_3x16,deep_mgga_3x16,fc,5,1,3.775000,0.36137033162285426,0.3608582804095324
deep0_mgga_3x16,deep_mgga_3x16,fc,5,1,3.800000,0.3599840291803862,0.35951936385649846
deep0_mgga_3x16,deep_mgga_3x16,fc,5,1,3.825000,0.3586107308914599,0.3581941633059065
deep0_mgga_3x16,deep_mgga_3x16,fc,5,1,3.850000,0.357250253820131,0.3568824567720446
deep0_mgga_3x16,deep_mgga_3x16,fc,5,1,3.875000,0.35590241755569774,0.3555840270693093
deep0_mgga_3x16,deep_mgga_3x16,fc,5,1,3.900000,0.3545670441920483,0.35429866168482543
deep0_mgga_3x16,deep_mgga_3x16,fc,5,1,3.925000,0.3532439583085847,0.35302615265499115
deep0_mgga_3x16,deep_mgga_3x16,fc,5,1,3.950000,0.3519329869523047,0.3517662964458161
deep0_mgga_3x16,deep_mgga_3x16,fc,5,1,3.975000,0.350633959620688,0.35051889383692036
deep0_mgga_3x16,deep_mgga_3x16,fc,5,1,4.000000,0.3493467082450856,0.3492837498090728
deep0_mgga_3x16,deep_mgga_3x16,fc,5,1,4.025000,0.3480710671743652,0.34806067343514313
deep0_mgga_3x16,deep_mgga_3x16,fc,5,1,4.050000,0.34680687315861347,0.3468494777743586
deep0_mgga_3x16,deep_mgga_3x16,fc,5,1,4.075000,0.3455539653327214,0.34564997976974704
deep0_mgga_3x16,deep_mgga_3x16,fc,5,1,4.100000,0.3443121851997285,0.34446200014866274
deep0_mgga_3x16,deep_mgga_3x16,fc,5,1,4.125000,0.343081376613816,0.3432853633262889
deep0_mgga_3x16,deep_mgga_3x16,fc,5,1,4.150000,0.3418613857628736,0.34211989731201875
deep0_mgga_3x16,deep_mgga_3x16,fc,5,1,4.175000,0.3406520611505761,0.34096543361861753
deep0_mgga_3x16,deep_mgga_3x16,fc,5,1,4.200000,0.33945325357793954,0.33982180717407245
deep0_mgga_3x16,deep_mgga_3x16,fc,5,1,4.225000,0.33826481612431736,0.3386888562360414
deep0_mgga_3x16,deep_mgga_3x16,fc,5,1,4.250000,0.33708660412783775,0.33756642230881523
deep0_mgga_3x16,deep_mgga_3x16,fc,5,1,4.275000,0.3359184751652702,0.3364543500627077
deep0_mgga_3x16,deep_mgga_3x16,fc,5,1,4.300000,0.33476028903133226,0.3353524872557952
deep0_mgga_3x16,deep_mgga_3x16,fc,5,1,4.325000,0.3336119077174493,0.3342606846579296
deep0_mgga_3x16,deep_mgga_3x16,fc,5,1,4.350000,0.33247319538998554,0.333178795976946
deep0_mgga_3x16,deep_mgga_3x16,fc,5,1,4.375000,0.33134401836797167,0.3321066777869978
deep0_mgga_3x16,deep_mgga_3x16,fc,5,1,4.400000,0.33022424510035386,0.33104418945894687
deep0_mgga_3x16,deep_mgga_3x16,fc,5,1,4.425000,0.32911374614279987,0.32999119309274394
deep0_mgga_3x16,deep_mgga_3x16,fc,5,1,4.450000,0.32801239413408445,0.32894755345173254
deep0_mgga_3x16,deep_mgga_3x16,fc,5,1,4.475000,0.32692006377209637,0.32791313789881793
deep0_mgga_3x16,deep_mgga_3x16,fc,5,1,4.500000,0.32583663178949573,0.3268878163344363
deep0_mgga_3x16,deep_mgga_3x16,fc,5,1,4.525000,0.3247619769290586,0.3258714611362714
deep0_mgga_3x16,deep_mgga_3x16,fc,5,1,4.550000,0.3236959799187398,0.324863947100658
deep0_mgga_3x16,deep_mgga_3x16,fc,5,1,4.575000,0.32263852344648936,0.32386515138562305
deep0_mgga_3x16,deep_mgga_3x16,fc,5,1,4.600000,0.3215894921348579,0.32287495345550876
deep0_mgga_3x16,deep_mgga_3x16,fc,5,1,4.625000,0.32054877251541913,0.3218932350271314
deep0_mgga_3x16,deep_mgga_3x16,fc,5,1,4.650000,0.3195162530030431,0.32091988001742017
deep0_mgga_3x16,deep_mgga_3x16,fc,5,1,4.675000,0.3184918238700528,0.31995477449250154
deep0_mgga_3x16,deep_mgga_3x16,fc,5,1,4.700000,0.3174753772202883,0.31899780661817084
deep0_mgga_3x16,deep_mgga_3x16,fc,5,1,4.725000,0.31646680696311114,0.3180488666117171
deep0_mgga_3x16,deep_mgga_3x16,fc,5,1,4.750000,0.3154660087873745,0.31710784669505476
deep0_mgga_3x16,deep_mgga_3x16,fc,5,1,4.775000,0.31447288013538155,0.3161746410491227
deep0_mgga_3x16,deep_mgga_3x16,fc,5,1,4.800000,0.31348732017686265,0.31524914576951185
deep0_mgga_3x16,deep_mgga_3x16,fc,5,1,4.825000,0.312509229782989,0.31433125882328217
deep0_mgga_3x16,deep_mgga_3x16,fc,5,1,4.850000,0.31153851150044654,0.31342088000693685
deep0_mgga_3x16,deep_mgga_3x16,fc,5,1,4.875000,0.3105750695255922,0.31251791090550957
deep0_mgga_3x16,deep_mgga_3x16,fc,5,1,4.900000,0.30961880967870603,0.3116222548527418
deep0_mgga_3x16,deep_mgga_3x16,fc,5,1,4.925000,0.3086696393783692,0.31073381689230917
deep0_mgga_3x16,deep_mgga_3x16,fc,5,1,4.950000,0.30772746761596925,0.30985250374006773
deep0_mgga_3x16,deep_mgga_3x16,fc,5,1,4.975000,0.30679220493036263,0.30897822374729
deep0_mgga_3x16,deep_mgga_3x16,fc,5,1,5.000000,0.3058637633826997,0.30811088686486104
deep0_mgga_3x16,deep_mgga_3x16,fc,5,1,5.025000,0.30494205653143247,0.30725040460840314
deep0_mgga_3x16,deep_mgga_3x16,fc,5,1,5.050000,0.304026999407513,0.30639669002430625
deep0_mgga_3x16,deep_mgga_3x16,fc,5,1,5.075000,0.30311850848979693,0.3055496576566333
deep0_mgga_3x16,deep_mgga_3x16,fc,5,1,5.100000,0.3022165016806655,0.30470922351487484
deep0_mgga_3x16,deep_mgga_3x16,fc,5,1,5.125000,0.30132089828186714,0.3038753050425315
deep0_mgga_3x16,deep_mgga_3x16,fc,5,1,5.150000,0.30043161897060133,0.30304782108649503
deep0_mgga_3x16,deep_mgga_3x16,fc,5,1,5.175000,0.29954858577583876,0.30222669186720713
deep0_mgga_3x16,deep_mgga_3x16,fc,5,1,5.200000,0.29867172205489834,0.3014118389495745
deep0_mgga_3x16,deep_mgga_3x16,fc,5,1,5.225000,0.29780095247027916,0.30060318521461604
deep0_mgga_3x16,deep_mgga_3x16,fc,5,1,5.250000,0.2969362029667567,0.29980065483182117
deep0_mgga_3x16,deep_mgga_3x16,fc,5,1,5.275000,0.29607740074875066,0.29900417323219936
deep0_mgga_3x16,deep_mgga_3x16,fc,5,1,5.300000,0.2952244742579653,0.2982136670820024
deep0_mgga_3x16,deep_mgga_3x16,fc,5,1,5.325000,0.29437735315131164,0.2974290642570966
deep0_mgga_3x16,deep_mgga_3x16,fc,5,1,5.350000,0.29353596827911077,0.29665029381796965
deep0_mgga_3x16,deep_mgga_3x16,fc,5,1,5.375000,0.29270025166358504,0.29587728598535235
deep0_mgga_3x16,deep_mgga_3x16,fc,5,1,5.400000,0.29187013647763793,0.295109972116438
deep0_mgga_3x16,deep_mgga_3x16,fc,5,1,5.425000,0.2910455570239252,0.29434828468168495
deep0_mgga_3x16,deep_mgga_3x16,fc,5,1,5.450000,0.2902264487142212,0.2935921572421799
deep0_mgga_3x16,deep_mgga_3x16,fc,5,1,5.475000,0.2894127480490789,0.2928415244275539
deep0_mgga_3x16,deep_mgga_3x16,fc,5,1,5.500000,0.28860439259778714,0.2920963219144287
deep0_mgga_3x16,deep_mgga_3x16,fc,5,1,5.525000,0.28780132097862343,0.29135648640538486
deep0_mgga_3x16,deep_mgga_3x16,fc,5,1,5.550000,0.2870034728394075,0.2906219556084315
deep0_mgga_3x16,deep_mgga_3x16,fc,5,1,5.575000,0.28621078883834905,0.2898926682169676
deep0_mgga_3x16,deep_mgga_3x16,fc,5,1,5.600000,0.2854232106251935,0.28916856389021944
deep0_mgga_3x16,deep_mgga_3x16,fc,5,1,5.625000,0.2846406808226667,0.2884495832341424
deep0_mgga_3x16,deep_mgga_3x16,fc,5,1,5.650000,0.2838631430082128,0.28773566778277415
deep0_mgga_3x16,deep_mgga_3x16,fc,5,1,5.675000,0.2830905416960299,0.28702675998002475
deep0_mgga_3x16,deep_mgga_3x16,fc,5,1,5.700000,0.28232282231939787,0.286322803161895
deep0_mgga_3x16,deep_mgga_3x16,fc,5,1,5.725000,0.2815599312132988,0.2856237415391107
deep0_mgga_3x16,deep_mgga_3x16,fc,5,1,5.750000,0.28080181559732786,0.2849295201801586
deep0_mgga_3x16,deep_mgga_3x16,fc,5,1,5.775000,0.2800484235588947,0.28424008499471776
deep0_mgga_3x16,deep_mgga_3x16,fc,5,1,5.800000,0.279299704036709,0.2835553827174724
deep0_mgga_3x16,deep_mgga_3x16,fc,5,1,5.825000,0.2785556068045527,0.282875360892298
deep0_mgga_3x16,deep_mgga_3x16,fc,5,1,5.850000,0.2778160824553353,0.28219996785680873
deep0_mgga_3x16,deep_mgga_3x16,fc,5,1,5.875000,0.27708108238542484,0.2815291527272585
deep0_mgga_3x16,deep_mgga_3x16,fc,5,1,5.900000,0.27635055877925996,0.2808628653837865
deep0_mgga_3x16,deep_mgga_3x16,fc,5,1,5.925000,0.27562446459423795,0.28020105645599513
deep0_mgga_3x16,deep_mgga_3x16,fc,5,1,5.950000,0.2749027535458677,0.2795436773088565
deep0_mgga_3x16,deep_mgga_3x16,fc,5,1,5.975000,0.27418538009319904,0.278890680028933
deep0_mgga_3x16,deep_mgga_3x16,fc,5,1,6.000000,0.27347229942451345,0.2782420174109092
deep0_rung35_mgga_3x16,deep_rung35_mgga_3x16,fx,,0,0.000000,1.1466802688103508,1.174
deep0_rung35_mgga_3x16,deep_rung35_mgga_3x16,fx,,0,0.025000,1.146683063173812,1.1739999999999697
deep0_rung35_mgga_3x16,deep_rung35_mgga_3x16,fx,,0,0.050000,1.1467023231023337,1.1739999997117707
deep0_rung35_mgga_3x16,deep_rung35_mgga_3x16,fx,,0,0.075000,1.1467536142257908,1.1739999832816606
deep0_rung35_mgga_3x16,deep_rung35_mgga_3x16,fx,,0,0.100000,1.146851317059299,1.1739998118858568
deep0_rung35_mgga_3x16,deep_rung35_mgga_3x16,fx,,0,0.125000,1.147008326756793,1.1739990186707916
deep0_rung35_mgga_3x16,deep_rung35_mgga_3x16,fx,,0,0.150000,1.1472356998121065,1.1739966782079427
deep0_rung35_mgga_3x16,deep_rung35_mgga_3x16,fx,,0,0.175000,1.1475422845132681,1.1739914307174975
deep0_rung35_mgga_3x16,deep_rung35_mgga_3x16,fx,,0,0.200000,1.147934374767169,1.1739816048593708
deep0_rung35_mgga_3x16,deep_rung35_mgga_3x16,fx,,0,0.225000,1.1484154280325451,1.1739653659192677
deep0_rung35_mgga_3x16,deep_rung35_mgga_3x16,fx,,0,0.250000,1.1489858867315261,1.1739408470016728
deep0_rung35_mgga_3x16,deep_rung35_mgga_3x16,fx,,0,0.275000,1.1496431379300887,1.173906248075868
deep0_rung35_mgga_3x16,deep_rung35_mgga_3x16,fx,,0,0.300000,1.1503816377235518,1.1738599024257972
deep0_rung35_mgga_3x16,deep_rung35_mgga_3x16,fx,,0,0.325000,1.151193214405996,1.173800315917155
deep0_rung35_mgga_3x16,deep_rung35_mgga_3x16,fx,,0,0.350000,1.1520675484295806,1.1737261857914447
deep0_rung35_mgga_3x16,deep_rung35_mgga_3x16,fx,,0,0.375000,1.152992808210273,1.173636405071631
deep0_rung35_mgga_3x16,deep_rung35_mgga_3x16,fx,,0,0.400000,1.153956400080377,1.1735300574458616
deep0_rung35_mgga_3x16,deep_rung35_mgga_3x16,fx,,0,0.425000,1.1549457685716094,1.1734064062619238
deep0_rung35_mgga_3x16,deep_rung35_mgga_3x16,fx,,0,0.450000,1.155949158143174,1.1732648802223025
deep0_rung35_mgga_3x16,deep_rung35_mgga_3x16,fx,,0,0.475000,1.1569562141334662,1.1731050575598443
deep0_rung35_mgga_3x16,deep_rung35_mgga_3x16,fx,,0,0.500000,1.1579582491000626,1.1729266498750575
deep0_rung35_mgga_3x16,deep_rung35_mgga_3x16,fx,,0,0.525000,1.158947918520787,1.1727294863871929
deep0_rung35_mgga_3x16,deep_rung35_mgga_3x16,fx,,0,0.550000,1.1599179351078006,1.1725134990516597
deep0_rung35_mgga_3x16,deep_rung35_mgga_3x16,fx,,0,0.575000,1.1608583501671317,1.1722787087915814
deep0_rung35_mgga_3x16,deep_rung35_mgga_3x16,fx,,0,0.600000,1.1617520257497795,1.1720252129544764
deep0_rung35_mgga_3x16,deep_rung35_mgga_3x16,fx,,0,0.625000,1.1625686696651143,1.1717531740160276
deep0_rung35_mgga_3x16,deep_rung35_mgga_3x16,fx,,0,0.650000,1.1632599711135534,1.171462809497049
deep0_rung35_mgga_3x16,deep_rung35_mgga_3x16,fx,,0,0.675000,1.1637623168239672,1.1711543830265692
deep0_rung35_mgga_3x16,deep_rung35_mgga_3x16,fx,,0,0.700000,1.164016408402028,1.1708281964660416
deep0_rung35_mgga_3x16,deep_rung35_mgga_3x16,fx,,0,0.725000,1.1640035850009194,1.1704845830018829
deep0_rung35_mgga_3x16,deep_rung35_mgga_3x16,fx,,0,0.750000,1.163764297374653,1.1701239011122389
deep0_rung35_mgga_3x16,deep_rung35_mgga_3x16,fx,,0,0.775000,1.1633488636884213,1.1697465293166707
deep0_rung35_mgga_3x16,deep_rung35_mgga_3x16,fx,,0,0.800000,1.1627497231138337,1.169352861622596
deep0_rung35_mgga_3x16,deep_rung35_mgga_3x16,fx,,0,0.825000,1.1619316877366856,1.1689433035887846
deep0_rung35_mgga_3x16,deep_rung35_mgga_3x16,fx,,0,0.850000,1.1609077453532572,1.168518268933181
deep0_rung35_mgga_3x16,deep_rung35_mgga_3x16,fx,,0,0.875000,1.1597508182035905,1.1680781766193893
deep0_rung35_mgga_3x16,deep_rung35_mgga_3x16,fx,,0,0.900000,1.1585714626078965,1.1676234483629735
deep0_rung35_mgga_3x16,deep_rung35_mgga_3x16,fx,,0,0.925000,1.1574926309167857,1.1671545065051685
deep0_rung35_mgga_3x16,deep_rung35_mgga_3x16,fx,,0,0.950000,1.1566160680372204,1.1666717722075282
deep0_rung35_mgga_3x16,deep_rung35_mgga_3x16,fx,,0,0.975000,1.1559901199596996,1.1661756639264584
deep0_rung35_mgga_3x16,deep_rung35_mgga_3x16,fx,,0,1.000000,1.1555970531720605,1.1656665961314685
deep0_rung35_mgga_3x16,deep_rung35_mgga_3x16,fx,,0,1.025000,1.155367805723581,1.1651449782353507
deep0_rung35_mgga_3x16,deep_rung35_mgga_3x16,fx,,0,1.050000,1.155215001762682,1.1646112137083935
deep0_rung35_mgga_3x16,deep_rung35_mgga_3x16,fx,,0,1.075000,1.1550651712320459,1.1640656993521898
deep0_rung35_mgga_3x16,deep_rung35_mgga_3x16,fx,,0,1.100000,1.1548759268299615,1.163508824711651
deep0_rung35_mgga_3x16,deep_rung35_mgga_3x16,fx,,0,1.125000,1.1546365099428755,1.1629409716065238
deep0_rung35_mgga_3x16,deep_rung35_mgga_3x16,fx,,0,1.150000,1.1543585643473282,1.1623625137660767
deep0_rung35_mgga_3x16,deep_rung35_mgga_3x16,fx,,0,1.175000,1.1540646458311532,1.161773816552685
deep0_rung35_mgga_3x16,deep_rung35_mgga_3x16,fx,,0,1.200000,1.1537788542244445,1.1611752367618726
deep0_rung35_mgga_3x16,deep_rung35_mgga_3x16,fx,,0,1.225000,1.153520987048629,1.1605671224879528
deep0_rung35_mgga_3x16,deep_rung35_mgga_3x16,fx,,0,1.250000,1.1533039150974964,1.159949813045806
deep0_rung35_mgga_3x16,deep_rung35_mgga_3x16,fx,,0,1.275000,1.1531332372150336,1.159323638940552
deep0_rung35_mgga_3x16,deep_rung35_mgga_3x16,fx,,0,1.300000,1.1530082453087867,1.1586889218779366
deep0_rung35_mgga_3x16,deep_rung35_mgga_3x16,fx,,0,1.325000,1.1529234677189568,1.1580459748091831
deep0_rung35_mgga_3x16,deep_rung35_mgga_3x16,fx,,0,1.350000,1.1528703284543977,1.1573951020048758
deep0_rung35_mgga_3x16,deep_rung35_mgga_3x16,fx,,0,1.375000,1.1528386621195714,1.1567365991531484
deep0_rung35_mgga_3x16,deep_rung35_mgga_3x16,fx,,0,1.400000,1.1528179536658785,1.1560707534780776
deep0_rung35_mgga_3x16,deep_rung35_mgga_3x16,fx,,0,1.425000,1.1527982544508906,1.1553978438747157
deep0_rung35_mgga_3x16,deep_rung35_mgga_3x16,fx,,0,1.450000,1.152770781237341,1.1547181410576752
deep0_rung35_mgga_3x16,deep_rung35_mgga_3x16,fx,,0,1.475000,1.152728240011288,1.1540319077205958
deep0_rung35_mgga_3x16,deep_rung35_mgga_3x16,fx,,0,1.500000,1.1526649341856468,1.153339398704175
deep0_rung35_mgga_3x16,deep_rung35_mgga_3x16,fx,,0,1.525000,1.1525767200187262,1.1526408611707666
deep0_rung35_mgga_3x16,deep_rung35_mgga_3x16,fx,,0,1.550000,1.1524608656538877,1.1519365347838304
deep0_rung35_mgga_3x16,deep_rung35_mgga_3x16,fx,,0,1.575000,1.1523158589572566,1.1512266518907446
deep0_rung35_mgga_3x16,deep_rung35_mgga_3x16,fx,,0,1.600000,1.1521411970607387,1.1505114377077155
deep0_rung35_mgga_3x16,deep_rung35_mgga_3x16,fx,,0,1.625000,1.1519371794749362,1.1497911105056975
deep0_rung35_mgga_3x16,deep_rung35_mgga_3x16,fx,,0,1.650000,1.1517047178182993,1.149065881796391
deep0_rung35_mgga_3x16,deep_rung35_mgga_3x16,fx,,0,1.675000,1.151445168772878,1.1483359565175384
deep0_rung35_mgga_3x16,deep_rung35_mgga_3x16,fx,,0,1.700000,1.151160192536837,1.1476015332168448
deep0_rung35_mgga_3x16,deep_rung35_mgga_3x16,fx,,0,1.725000,1.1508516363457044,1.1468628042339688
deep0_rung35_mgga_3x16,deep_rung35_mgga_3x16,fx,,0,1.750000,1.1505214411186793,1.1461199558801156
deep0_rung35_mgga_3x16,deep_rung35_mgga_3x16,fx,,0,1.775000,1.1501715685642127,1.1453731686148423
deep0_rung35_mgga_3x16,deep_rung35_mgga_3x16,fx,,0,1.800000,1.1498039458546172,1.1446226172197609
deep0_rung35_mgga_3x16,deep_rung35_mgga_3x16,fx,,0,1.825000,1.1494204250447935,1.1438684709688847
deep0_rung35_mgga_3x16,deep_rung35_mgga_3x16,fx,,0,1.850000,1.1490227546284917,1.143110893795409
deep0_rung35_mgga_3x16,deep_rung35_mgga_3x16,fx,,0,1.875000,1.1486125609119673,1.1423500444547745
deep0_rung35_mgga_3x16,deep_rung35_mgga_3x16,fx,,0,1.900000,1.1481913371900465,1.1415860766838877
deep0_rung35_mgga_3x16,deep_rung35_mgga_3x16,fx,,0,1.925000,1.1477604390063696,1.1408191393564204
deep0_rung35_mgga_3x16,deep_rung35_mgga_3x16,fx,,0,1.950000,1.1473210840545223,1.14004937663413
deep0_rung35_mgga_3x16,deep_rung35_mgga_3x16,fx,,0,1.975000,1.1468743555240986,1.139276928114168
deep0_rung35_mgga_3x16,deep_rung35_mgga_3x16,fx,,0,2.000000,1.1464212079138465,1.1385019289723721
deep0_rung35_mgga_3x16,deep_rung35_mgga_3x16,fx,,0,2.025000,1.1459624745235326,1.1377245101025515
deep0_rung35_mgga_3x16,deep_rung35_mgga_3x16,fx,,0,2.050000,1.145498875998606,1.1369447982517829
deep0_rung35_mgga_3x16,deep_rung35_mgga_3x16,fx,,0,2.075000,1.1450310294392965,1.1361629161517686
deep0_rung35_mgga_3x16,deep_rung35_mgga_3x16,fx,,0,2.100000,1.1445594577008336,1.135378982646293
deep0_rung35_mgga_3x16,deep_rung35_mgga_3x16,fx,,0,2.125000,1.144084598606409,1.134593112814844
deep0_rung35_mgga_3x16,deep_rung35_mgga_3x16,fx,,0,2.150000,1.14360681387183,1.1338054180924624
deep0_rung35_mgga_3x16,deep_rung35_mgga_3x16,fx,,0,2.175000,1.1431263976028307,1.1330160063858914
deep0_rung35_mgga_3x16,deep_rung35_mgga_3x16,fx,,0,2.200000,1.1426435842749805,1.132224982186104
deep0_rung35_mgga_3x16,deep_rung35_mgga_3x16,fx,,0,2.225000,1.1421585561441359,1.1314324466772876
deep0_rung35_mgga_3x16,deep_rung35_mgga_3x16,fx,,0,2.250000,1.1416714500642648,1.1306384978423718
deep0_rung35_mgga_3x16,deep_rung35_mgga_3x16,fx,,0,2.275000,1.1411823637109468,1.1298432305651835
deep0_rung35_mgga_3x16,deep_rung35_mgga_3x16,fx,,0,2.300000,1.1406913612243041,1.1290467367293173
deep0_rung35_mgga_3x16,deep_rung35_mgga_3x16,fx,,0,2.325000,1.1401984782958643,1.1282491053138093
deep0_rung35_mgga_3x16,deep_rung35_mgga_3x16,fx,,0,2.350000,1.1397037267308594,1.1274504224857038
deep0_rung35_mgga_3x16,deep_rung35_mgga_3x16,fx,,0,2.375000,1.1392070985216614,1.1266507716896004
deep0_rung35_mgga_3x16,deep_rung35_mgga_3x16,fx,,0,2.400000,1.138708569470071,1.1258502337342684
deep0_rung35_mgga_3x16,deep_rung35_mgga_3x16,fx,,0,2.425000,1.138208102396649,1.1250488868764206
deep0_rung35_mgga_3x16,deep_rung35_mgga_3x16,fx,,0,2.450000,1.1377056499745972,1.1242468069017264
deep0_rung35_mgga_3x16,deep_rung35_mgga_3x16,fx,,0,2.475000,1.1372011572242313,1.1234440672031538
deep0_rung35_mgga_3x16,deep_rung35_mgga_3x16,fx,,0,2.500000,1.1366945637021173,1.1226407388567223
deep0_rung35_mgga_3x16,deep_rung35_mgga_3x16,fx,,0,2.525000,1.1361858054166425,1.1218368906947505
deep0_rung35_mgga_3x16,deep_rung35_mgga_3x16,fx,,0,2.550000,1.1356748164993353,1.1210325893766737
deep0_rung35_mgga_3x16,deep_rung35_mgga_3x16,fx,,0,2.575000,1.1351615306587515,1.1202278994575188
deep0_rung35_mgga_3x16,deep_rung35_mgga_3x16,fx,,0,2.600000,1.1346458824412549,1.119422883454104
deep0_rung35_mgga_3x16,deep_rung35_mgga_3x16,fx,,0,2.625000,1.1341278083206399,1.1186176019090446
deep0_rung35_mgga_3x16,deep_rung35_mgga_3x16,fx,,0,2.650000,1.1336072476362653,1.1178121134526344
deep0_rung35_mgga_3x16,deep_rung35_mgga_3x16,fx,,0,2.675000,1.1330841433972532,1.1170064748626771
deep0_rung35_mgga_3x16,deep_rung35_mgga_3x16,fx,,0,2.700000,1.1325584429683422,1.1162007411223307
deep0_rung35_mgga_3x16,deep_rung35_mgga_3x16,fx,,0,2.725000,1.1320300986511778,1.1153949654760382
deep0_rung35_mgga_3x16,deep_rung35_mgga_3x16,fx,,0,2.750000,1.131499068173207,1.1145891994836064
deep0_rung35_mgga_3x16,deep_rung35_mgga_3x16,fx,,0,2.775000,1.1309653150948504,1.113783493072495
deep0_rung35_mgga_3x16,deep_rung35_mgga_3x16,fx,,0,2.800000,1.1304288091443242,1.1129778945883795
deep0_rung35_mgga_3x16,deep_rung35_mgga_3x16,fx,,0,2.825000,1.1298895264883013,1.112172450844045
deep0_rung35_mgga_3x16,deep_rung35_mgga_3x16,fx,,0,2.850000,1.129347449945563,1.111367207166669
deep0_rung35_mgga_3x16,deep_rung35_mgga_3x16,fx,,0,2.875000,1.1288025691498835,1.1105622074435488
deep0_rung35_mgga_3x16,deep_rung35_mgga_3x16,fx,,0,2.900000,1.128254880667589,1.1097574941663262
deep0_rung35_mgga_3x16,deep_rung35_mgga_3x16,fx,,0,2.925000,1.12770438807453,1.1089531084737612
deep0_rung35_mgga_3x16,deep_rung35_mgga_3x16,fx,,0,2.950000,1.1271511019966167,1.1081490901931075
deep0_rung35_mgga_3x16,deep_rung35_mgga_3x16,fx,,0,2.975000,1.1265950401175298,1.1073454778801328
deep0_rung35_mgga_3x16,deep_rung35_mgga_3x16,fx,,0,3.000000,1.1260362271567874,1.1065423088578359
deep0_rung35_mgga_3x16,deep_rung35_mgga_3x16,fx,,0,3.025000,1.1254746948209615,1.105739619253904
deep0_rung35_mgga_3x16,deep_rung35_mgga_3x16,fx,,0,3.050000,1.124910481730508,1.1049374440369497
deep0_rung35_mgga_3x16,deep_rung35_mgga_3x16,fx,,0,3.075000,1.1243436333244061,1.104135817051578
deep0_rung35_mgga_3x16,deep_rung35_mgga_3x16,fx,,0,3.100000,1.1237742017445667,1.1033347710523163
deep0_rung35_mgga_3x16,deep_rung35_mgga_3x16,fx,,0,3.125000,1.1232022457017723,1.1025343377364487
deep0_rung35_mgga_3x16,deep_rung35_mgga_3x16,fx,,0,3.150000,1.122627830324749,1.1017345477757954
deep0_rung35_mgga_3x16,deep_rung35_mgga_3x16,fx,,0,3.175000,1.1220510269938249,1.1009354308474695
deep0_rung35_mgga_3x16,deep_rung35_mgga_3x16,fx,,0,3.200000,1.1214719131605262,1.1001370156636485
deep0_rung35_mgga_3x16,deep_rung35_mgga_3x16,fx,,0,3.225000,1.1208905721543527,1.0993393300003946
deep0_rung35_mgga_3x16,deep_rung35_mgga_3x16,fx,,0,3.250000,1.1203070929778973,1.0985424007255535
deep0_rung35_mgga_3x16,deep_rung35_mgga_3x16,fx,,0,3.275000,1.1197215700914056,1.0977462538257692
deep0_rung35_mgga_3x16,deep_rung35_mgga_3x16,fx,,0,3.300000,1.1191341031878146,1.0969509144326373
deep0_rung35_mgga_3x16,deep_rung35_mgga_3x16,fx,,0,3.325000,1.118544796959257,1.0961564068480345
deep0_rung35_mgga_3x16,deep_rung35_mgga_3x16,fx,,0,3.350000,1.1179537608559762,1.0953627545686442
deep0_rung35_mgga_3x16,deep_rung35_mgga_3x16,fx,,0,3.375000,1.11736110883856,1.094569980309713
deep0_rung35_mgga_3x16,deep_rung35_mgga_3x16,fx,,0,3.400000,1.116766959124372,1.0937781060280596
deep0_rung35_mgga_3x16,deep_rung35_mgga_3x16,fx,,0,3.425000,1.116171433929024,1.0929871529443604
deep0_rung35_mgga_3x16,deep_rung35_mgga_3x16,fx,,0,3.450000,1.1155746592037115,1.0921971415647445
deep0_rung35_mgga_3x16,deep_rung35_mgga_3x16,fx,,0,3.475000,1.1149767643692061,1.091408091701708
deep0_rung35_mgga_3x16,deep_rung35_mgga_3x16,fx,,0,3.500000,1.1143778820472863,1.090620022494385
deep0_rung35_mgga_3x16,deep_rung35_mgga_3x16,fx,,0,3.525000,1.1137781477903426,1.0898329524281853
deep0_rung35_mgga_3x16,deep_rung35_mgga_3x16,fx,,0,3.550000,1.1131776998099,1.089046899353828
deep0_rung35_mgga_3x16,deep_rung35_mgga_3x16,fx,,0,3.575000,1.1125766787047586,1.088261880505785
deep0_rung35_mgga_3x16,deep_rung35_mgga_3x16,fx,,0,3.600000,1.11197522718944,1.08747791252016
deep0_rung35_mgga_3x16,deep_rung35_mgga_3x16,fx,,0,3.625000,1.1113734898236014,1.0866950114520173
deep0_rung35_mgga_3x16,deep_rung35_mgga_3x16,fx,,0,3.650000,1.1107716127430634,1.085913192792181
deep0_rung35_mgga_3x16,deep_rung35_mgga_3x16,fx,,0,3.675000,1.1101697433930677,1.0851324714835215
deep0_rung35_mgga_3x16,deep_rung35_mgga_3x16,fx,,0,3.700000,1.1095680302643638,1.084352861936746
deep0_rung35_mgga_3x16,deep_rung35_mgga_3x16,fx,,0,3.725000,1.1089666226326853,1.08357437804571
deep0_rung35_mgga_3x16,deep_rung35_mgga_3x16,fx,,0,3.750000,1.1083656703021803,1.0827970332022658
deep0_rung35_mgga_3x16,deep_rung35_mgga_3x16,fx,,0,3.775000,1.107765323353297,1.0820208403106608
deep0_rung35_mgga_3x16,deep_rung35_mgga_3x16,fx,,0,3.800000,1.1071657318956325,1.081245811801505
deep0_rung35_mgga_3x16,deep_rung35_mgga_3x16,fx,,0,3.825000,1.1065670458262027,1.0804719596453165
deep0_rung35_mgga_3x16,deep_rung35_mgga_3x16,fx,,0,3.850000,1.1059694145935788,1.0796992953656632
deep0_rung35_mgga_3x16,deep_rung35_mgga_3x16,fx,,0,3.875000,1.105372986968289,1.0789278300519098
deep0_rung35_mgga_3x16,deep_rung35_mgga_3x16,fx,,0,3.900000,1.1047779108198807,1.0781575743715874
deep0_rung35_mgga_3x16,deep_rung35_mgga_3x16,fx,,0,3.925000,1.104184332900985,1.0773885385823938
deep0_rung35_mgga_3x16,deep_rung35_mgga_3x16,fx,,0,3.950000,1.1035923986387013,1.076620732543838
deep0_rung35_mgga_3x16,deep_rung35_mgga_3x16,fx,,0,3.975000,1.103002251933604,1.0758541657285416
deep0_rung35_mgga_3x16,deep_rung35_mgga_3x16,fx,,0,4.000000,1.1024140349666203,1.0750888472332067
deep0_rung35_mgga_3x16,deep_rung35_mgga_3x16,fx,,0,4.025000,1.1018278880140158,1.0743247857892602
deep0_rung35_mgga_3x16,deep_rung35_mgga_3x16,fx,,0,4.050000,1.101243949270687,1.0735619897731867
deep0_rung35_mgga_3x16,deep_rung35_mgga_3x16,fx,,0,4.075000,1.1006623546819239,1.0728004672165588
deep0_rung35_mgga_3x16,deep_rung35_mgga_3x16,fx,,0,4.100000,1.1000832377837908,1.0720402258157746
deep0_rung35_mgga_3x16,deep_rung35_mgga_3x16,fx,,0,4.125000,1.0995067295522334,1.0712812729415127
deep0_rung35_mgga_3x16,deep_rung35_mgga_3x16,fx,,0,4.150000,1.098932958260985,1.0705236156479097
deep0_rung35_mgga_3x16,deep_rung35_mgga_3x16,fx,,0,4.175000,1.0983620493483433,1.069767260681476
deep0_rung35_mgga_3x16,deep_rung35_mgga_3x16,fx,,0,4.200000,1.0977941252928232,1.0690122144897514
deep0_rung35_mgga_3x16,deep_rung35_mgga_3x16,fx,,0,4.225000,1.0972293054977025,1.0682584832297097
deep0_rung35_mgga_3x16,deep_rung35_mgga_3x16,fx,,0,4.250000,1.0966677061844279,1.0675060727759265
deep0_rung35_mgga_3x16,deep_rung35_mgga_3x16,fx,,0,4.275000,1.0961094402948257,1.066754988728507
deep0_rung35_mgga_3x16,deep_rung35_mgga_3x16,fx,,0,4.300000,1.0955546174020572,1.0660052364207921
deep0_rung35_mgga_3x16,deep_rung35_mgga_3x16,fx,,0,4.325000,1.0950033436302105,1.0652568209268407
deep0_rung35_mgga_3x16,deep_rung35_mgga_3x16,fx,,0,4.350000,1.094455721582418,1.0645097470687008
deep0_rung35_mgga_3x16,deep_rung35_mgga_3x16,fx,,0,4.375000,1.0939118502773648,1.0637640194234734
deep0_rung35_mgga_3x16,deep_rung35_mgga_3x16,fx,,0,4.400000,1.0933718250940307,1.0630196423301772
deep0_rung35_mgga_3x16,deep_rung35_mgga_3x16,fx,,0,4.425000,1.092835737724492,1.0622766198964166
deep0_rung35_mgga_3x16,deep_rung35_mgga_3x16,fx,,0,4.450000,1.0923036761345999,1.0615349560048657
deep0_rung35_mgga_3x16,deep_rung35_mgga_3x16,fx,,0,4.475000,1.0917757245323363,1.0607946543195659
deep0_rung35_mgga_3x16,deep_rung35_mgga_3x16,fx,,0,4.500000,1.0912519633436182,1.0600557182920478
deep0_rung35_mgga_3x16,deep_rung35_mgga_3x16,fx,,0,4.525000,1.0907324691953446,1.0593181511672842
deep0_rung35_mgga_3x16,deep_rung35_mgga_3x16,fx,,0,4.550000,1.0902173149054302,1.0585819559894716
deep0_rung35_mgga_3x16,deep_rung35_mgga_3x16,fx,,0,4.575000,1.0897065694795922,1.0578471356076555
deep0_rung35_mgga_3x16,deep_rung35_mgga_3x16,fx,,0,4.600000,1.0892002981146283,1.0571136926811953
deep0_rung35_mgga_3x16,deep_rung35_mgga_3x16,fx,,0,4.625000,1.088698562207932,1.0563816296850805
deep0_rung35_mgga_3x16,deep_rung35_mgga_3x16,fx,,0,4.650000,1.0882014193729719,1.0556509489150971
deep0_rung35_mgga_3x16,deep_rung35_mgga_3x16,fx,,0,4.675000,1.0877089234604747,1.0549216524928522
deep0_rung35_mgga_3x16,deep_rung35_mgga_3x16,fx,,0,4.700000,1.0872211245850283,1.05419374237066
deep0_rung35_mgga_3x16,deep_rung35_mgga_3x16,fx,,0,4.725000,1.086738069156835,1.0534672203362934
deep0_rung35_mgga_3x16,deep_rung35_mgga_3x16,fx,,0,4.750000,1.0862597999183403,1.052742088017604
deep0_rung35_mgga_3x16,deep_rung35_mgga_3x16,fx,,0,4.775000,1.085786355985458,1.0520183468870172
deep0_rung35_mgga_3x16,deep_rung35_mgga_3x16,fx,,0,4.800000,1.0853177728931143,1.0512959982659025
deep0_rung35_mgga_3x16,deep_rung35_mgga_3x16,fx,,0,4.825000,1.0848540826448425,1.0505750433288248
deep0_rung35_mgga_3x16,deep_rung35_mgga_3x16,fx,,0,4.850000,1.0843953137661553,1.0498554831076812
deep0_rung35_mgga_3x16,deep_rung35_mgga_3x16,fx,,0,4.875000,1.0839414913614234,1.0491373184957231
deep0_rung35_mgga_3x16,deep_rung35_mgga_3x16,fx,,0,4.900000,1.0834926371739995,1.0484205502514707
deep0_rung35_mgga_3x16,deep_rung35_mgga_3x16,fx,,0,4.925000,1.083048769649328,1.0477051790025216
deep0_rung35_mgga_3x16,deep_rung35_mgga_3x16,fx,,0,4.950000,1.0826099040007897,1.0469912052492543
deep0_rung35_mgga_3x16,deep_rung35_mgga_3x16,fx,,0,4.975000,1.0821760522780235,1.0462786293684336
deep0_rung35_mgga_3x16,deep_rung35_mgga_3x16,fx,,0,5.000000,1.081747223437492,1.0455674516167188
deep0_rung35_mgga_3x16,deep_rung35_mgga_3x16,fx,,0,5.025000,1.0813234234150535,1.0448576721340765
deep0_rung35_mgga_3x16,deep_rung35_mgga_3x16,fx,,0,5.050000,1.080904655200305,1.0441492909471024
deep0_rung35_mgga_3x16,deep_rung35_mgga_3x16,fx,,0,5.075000,1.0804909189124858,1.0434423079722535
deep0_rung35_mgga_3x16,deep_rung35_mgga_3x16,fx,,0,5.100000,1.080082211877715,1.0427367230189954
deep0_rung35_mgga_3x16,deep_rung35_mgga_3x16,fx,,0,5.125000,1.0796785287073671,1.042032535792863
deep0_rung35_mgga_3x16,deep_rung35_mgga_3x16,fx,,0,5.150000,1.0792798613773822,1.0413297458984416
deep0_rung35_mgga_3x16,deep_rung35_mgga_3x16,fx,,0,5.175000,1.0788861993083192,1.0406283528422682
deep0_rung35_mgga_3x16,deep_rung35_mgga_3x16,fx,,0,5.200000,1.0784975294459715,1.0399283560356543
deep0_rung35_mgga_3x16,deep_rung35_mgga_3x16,fx,,0,5.225000,1.0781138363423766,1.0392297547974363
deep0_rung35_mgga_3x16,deep_rung35_mgga_3x16,fx,,0,5.250000,1.077735102237037,1.038532548356651
deep0_rung35_mgga_3x16,deep_rung35_mgga_3x16,fx,,0,5.275000,1.0773613071382184,1.0378367358551408
deep0_rung35_mgga_3x16,deep_rung35_mgga_3x16,fx,,0,5.300000,1.076992428904152,1.0371423163500901
deep0_rung35_mgga_3x16,deep_rung35_mgga_3x16,fx,,0,5.325000,1.0766284433240216,1.0364492888164956
deep0_rung35_mgga_3x16,deep_rung35_mgga_3x16,fx,,0,5.350000,1.0762693241985792,1.0357576521495702
deep0_rung35_mgga_3x16,deep_rung35_mgga_3x16,fx,,0,5.375000,1.075915043420287,1.0350674051670847
deep0_rung35_mgga_3x16,deep_rung35_mgga_3x16,fx,,0,5.400000,1.0755655710528516,1.0343785466116477
deep0_rung35_mgga_3x16,deep_rung35_mgga_3x16,fx,,0,5.425000,1.0752208754100447,1.0336910751529251
deep0_rung35_mgga_3x16,deep_rung35_mgga_3x16,fx,,0,5.450000,1.0748809231337138,1.0330049893898028
deep0_rung35_mgga_3x16,deep_rung35_mgga_3x16,fx,,0,5.475000,1.0745456792708818,1.0323202878524915
deep0_rung35_mgga_3x16,deep_rung35_mgga_3x16,fx,,0,5.500000,1.074215107349848,1.031636969004577
deep0_rung35_mgga_3x16,deep_rung35_mgga_3x16,fx,,0,5.525000,1.0738891694552126,1.030955031245018
deep0_rung35_mgga_3x16,deep_rung35_mgga_3x16,fx,,0,5.550000,1.0735678263017485,1.0302744729100892
deep0_rung35_mgga_3x16,deep_rung35_mgga_3x16,fx,,0,5.575000,1.073251037307055,1.0295952922752776
deep0_rung35_mgga_3x16,deep_rung35_mgga_3x16,fx,,0,5.600000,1.0729387606629261,1.028917487557126
deep0_rung35_mgga_3x16,deep_rung35_mgga_3x16,fx,,0,5.625000,1.0726309534053895,1.0282410569150302
deep0_rung35_mgga_3x16,deep_rung35_mgga_3x16,fx,,0,5.650000,1.0723275714833542,1.0275659984529908
deep0_rung35_mgga_3x16,deep_rung35_mgga_3x16,fx,,0,5.675000,1.0720285698258287,1.0268923102213159
deep0_rung35_mgga_3x16,deep_rung35_mgga_3x16,fx,,0,5.700000,1.0717339024076784,1.0262199902182847
deep0_rung35_mgga_3x16,deep_rung35_mgga_3x16,fx,,0,5.725000,1.0714435223138712,1.025549036391764
deep0_rung35_mgga_3x16,deep_rung35_mgga_3x16,fx,,0,5.750000,1.0711573818022053,1.024879446640785
deep0_rung35_mgga_3x16,deep_rung35_mgga_3x16,fx,,0,5.775000,1.0708754323644747,1.024211218817078
deep0_rung35_mgga_3x16,deep_rung35_mgga_3x16,fx,,0,5.800000,1.0705976247860665,1.02354435072657
deep0_rung35_mgga_3x16,deep_rung35_mgga_3x16,fx,,0,5.825000,1.0703239092039718,1.0228788401308406
deep0_rung35_mgga_3x16,deep_rung35_mgga_3x16,fx,,0,5.850000,1.0700542351631959,1.0222146847485427
deep0_rung35_mgga_3x16,deep_rung35_mgga_3x16,fx,,0,5.875000,1.0697885516715624,1.0215518822567862
deep0_rung35_mgga_3x16,deep_rung35_mgga_3x16,fx,,0,5.900000,1.06952680725291,1.020890430292485
deep0_rung35_mgga_3x16,deep_rung35_mgga_3x16,fx,,0,5.925000,1.0692689499986765,1.020230326453671
deep0_rung35_mgga_3x16,deep_rung35_mgga_3x16,fx,,0,5.950000,1.0690149276178773,1.0195715683007733
deep0_rung35_mgga_3x16,deep_rung35_mgga_3x16,fx,,0,5.975000,1.0687646874854797,1.0189141533578652
deep0_rung35_mgga_3x16,deep_rung35_mgga_3x16,fx,,0,6.000000,1.068518176689186,1.0182580791138793
deep0_rung35_mgga_3x16,deep_rung35_mgga_3x16,fx,,1,0.000000,0.9999999999999999,1.0
deep0_rung35_mgga_3x16,deep_rung35_mgga_3x16,fx,,1,0.025000,1.0000072282563843,1.000077126015428
deep0_rung35_mgga_3x16,deep_rung35_mgga_3x16,fx,,1,0.050000,1.0000570422292032,1.0003080874041483
deep0_rung35_mgga_3x16,deep_rung35_mgga_3x16,fx,,1,0.075000,1.0001896481866708,1.0006916018297418
deep0_rung35_mgga_3x16,deep_rung35_mgga_3x16,fx,,1,0.100000,1.0004420223345576,1.00122537363987
deep0_rung35_mgga_3x16,deep_rung35_mgga_3x16,fx,,1,0.125000,1.0008469439328918,1.0019058340763338
deep0_rung35_mgga_3x16,deep_rung35_mgga_3x16,fx,,1,0.150000,1.001431792742661,1.002727928117751
deep0_rung35_mgga_3x16,deep_rung35_mgga_3x16,fx,,1,0.175000,1.0022171675311045,1.0036850322250028
deep0_rung35_mgga_3x16,deep_rung35_mgga_3x16,fx,,1,0.200000,1.0032153812742162,1.004768972960261
deep0_rung35_mgga_3x16,deep_rung35_mgga_3x16,fx,,1,0.225000,1.0044289016432466,1.005970101642073
deep0_rung35_mgga_3x16,deep_rung35_mgga_3x16,fx,,1,0.250000,1.0058488399394476,1.0072774039220882
deep0_rung35_mgga_3x16,deep_rung35_mgga_3x16,fx,,1,0.275000,1.0074536556683078,1.0086786420382468
deep0_rung35_mgga_3x16,deep_rung35_mgga_3x16,fx,,1,0.300000,1.0092083448146845,1.0101605343302198
deep0_rung35_mgga_3x16,deep_rung35_mgga_3x16,fx,,1,0.325000,1.0110645229656225,1.0117089751803436
deep0_rung35_mgga_3x16,deep_rung35_mgga_3x16,fx,,1,0.350000,1.0129619989311298,1.0133092932875567
deep0_rung35_mgga_3x16,deep_rung35_mgga_3x16,fx,,1,0.375000,1.0148326430182029,1.0149465401468651
deep0_rung35_mgga_3x16,deep_rung35_mgga_3x16,fx,,1,0.400000,1.0166075266811967,1.0166057956112062
deep0_rung35_mgga_3x16,deep_rung35_mgga_3x16,fx,,1,0.425000,1.018228280035578,1.0182724743981733
deep0_rung35_mgga_3x16,deep_rung35_mgga_3x16,fx,,1,0.450000,1.0196629482753754,1.0199326166851808
deep0_rung35_mgga_3x16,deep_rung35_mgga_3x16,fx,,1,0.475000,1.0209242669665757,1.0215731473666494
deep0_rung35_mgga_3x16,deep_rung35_mgga_3x16,fx,,1,0.500000,1.022081908749405,1.023182091660349
deep0_rung35_mgga_3x16,deep_rung35_mgga_3x16,fx,,1,0.525000,1.0232464548199476,1.024748738905099
deep0_rung35_mgga_3x16,deep_rung35_mgga_3x16,fx,,1,0.550000,1.024484543739696,1.0262637509070724
deep0_rung35_mgga_3x16,deep_rung35_mgga_3x16,fx,,1,0.575000,1.0256440962034576,1.027719215461434
deep0_rung35_mgga_3x16,deep_rung35_mgga_3x16,fx,,1,0.600000,1.0262429257272547,1.0291086492486752
deep0_rung35_mgga_3x16,deep_rung35_mgga_3x16,fx,,1,0.625000,1.0258399207387334,1.0304269569176834
deep0_rung35_mgga_3x16,deep_rung35_mgga_3x16,fx,,1,0.650000,1.0247834528075048,1.0316703547398254
deep0_rung35_mgga_3x16,deep_rung35_mgga_3x16,fx,,1,0.675000,1.0239458784281616,1.0328362678173069
deep0_rung35_mgga_3x16,deep_rung35_mgga_3x16,fx,,1,0.700000,1.0235929970966922,1.0339232096209783
deep0_rung35_mgga_3x16,deep_rung35_mgga_3x16,fx,,1,0.725000,1.0235092776238168,1.0349306518323131
deep0_rung35_mgga_3x16,deep_rung35_mgga_3x16,fx,,1,0.750000,1.0236014069907835,1.0358588912925095
deep0_rung35_mgga_3x16,deep_rung35_mgga_3x16,fx,,1,0.775000,1.0238286533445262,1.0367089195161243
deep0_rung35_mgga_3x16,deep_rung35_mgga_3x16,fx,,1,0.800000,1.0240995408178615,1.037482298864651
deep0_rung35_mgga_3x16,deep_rung35_mgga_3x16,fx,,1,0.825000,1.0243257574237705,1.0381810482086806
deep0_rung35_mgga_3x16,deep_rung35_mgga_3x16,fx,,1,0.850000,1.024473367199309,1.0388075398042285
deep0_rung35_mgga_3x16,deep_rung35_mgga_3x16,fx,,1,0.875000,1.024560836388866,1.0393644082017732
deep0_rung35_mgga_3x16,deep_rung35_mgga_3x16,fx,,1,0.900000,1.0246282892008918,1.039854471300772
deep0_rung35_mgga_3x16,deep_rung35_mgga_3x16,fx,,1,0.925000,1.0247101697944796,1.040280663144777
deep0_rung35_mgga_3x16,deep_rung35_mgga_3x16,fx,,1,0.950000,1.0248238889574672,1.040645977699074
deep0_rung35_mgga_3x16,deep_rung35_mgga_3x16,fx,,1,0.975000,1.024971077801752,1.0409534226356034
deep0_rung35_mgga_3x16,deep_rung35_mgga_3x16,fx,,1,1.000000,1.02514366051397,1.0412059820398643
deep0_rung35_mgga_3x16,deep_rung35_mgga_3x16,fx,,1,1.025000,1.0253294302884464,1.0414065869248033
deep0_rung35_mgga_3x16,deep_rung35_mgga_3x16,fx,,1,1.050000,1.0255154873229144,1.0415580924640704
deep0_rung35_mgga_3x16,deep_rung35_mgga_3x16,fx,,1,1.075000,1.0256900135703544,1.04166326092239
deep0_rung35_mgga_3x16,deep_rung35_mgga_3x16,fx,,1,1.100000,1.0258432326501252,1.041724749349034
deep0_rung35_mgga_3x16,deep_rung35_mgga_3x16,fx,,1,1.125000,1.0259679871417262,1.0417451012001402
deep0_rung35_mgga_3x16,deep_rung35_mgga_3x16,fx,,1,1.150000,1.0260599885550465,1.0417267411586144
deep0_rung35_mgga_3x16,deep_rung35_mgga_3x16,fx,,1,1.175000,1.0261177042495027,1.0416719725209855
deep0_rung35_mgga_3x16,deep_rung35_mgga_3x16,fx,,1,1.200000,1.0261419200098525,1.0415829766151044
deep0_rung35_mgga_3x16,deep_rung35_mgga_3x16,fx,,1,1.225000,1.0261350985613582,1.0414618137989569
deep0_rung35_mgga_3x16,deep_rung35_mgga_3x16,fx,,1,1.250000,1.0261006790120273,1.0413104256679637
deep0_rung35_mgga_3x16,deep_rung35_mgga_3x16,fx,,1,1.275000,1.026042437797409,1.0411306381657643
deep0_rung35_mgga_3x16,deep_rung35_mgga_3x16,fx,,1,1.300000,1.0259639859459262,1.0409241653518562
deep0_rung35_mgga_3x16,deep_rung35_mgga_3x16,fx,,1,1.325000,1.0258684317820865,1.0406926136291317
deep0_rung35_mgga_3x16,deep_rung35_mgga_3x16,fx,,1,1.350000,1.025758203170915,1.040437486276089
deep0_rung35_mgga_3x16,deep_rung35_mgga_3x16,fx,,1,1.375000,1.0256350020266207,1.0401601881631057
deep0_rung35_mgga_3x16,deep_rung35_mgga_3x16,fx,,1,1.400000,1.0254998547192784,1.0398620305604855
deep0_rung35_mgga_3x16,deep_rung35_mgga_3x16,fx,,1,1.425000,1.0253532219355392,1.03954423596885
deep0_rung35_mgga_3x16,deep_rung35_mgga_3x16,fx,,1,1.450000,1.025195136826199,1.0392079429206125
deep0_rung35_mgga_3x16,deep_rung35_mgga_3x16,fx,,1,1.475000,1.0250253478168463,1.0388542107154195
deep0_rung35_mgga_3x16,deep_rung35_mgga_3x16,fx,,1,1.500000,1.024843450147107,1.0384840240632753
deep0_rung35_mgga_3x16,deep_rung35_mgga_3x16,fx,,1,1.525000,1.0246489968686068,1.0380982976170656
deep0_rung35_mgga_3x16,deep_rung35_mgga_3x16,fx,,1,1.550000,1.0244415852165056,1.0376978803819894
deep0_rung35_mgga_3x16,deep_rung35_mgga_3x16,fx,,1,1.575000,1.0242209179562558,1.0372835599933328
deep0_rung35_mgga_3x16,deep_rung35_mgga_3x16,fx,,1,1.600000,1.0239868416921079,1.0368560668565787
deep0_rung35_mgga_3x16,deep_rung35_mgga_3x16,fx,,1,1.625000,1.0237393654750597,1.0364160781453278
deep0_rung35_mgga_3x16,deep_rung35_mgga_3x16,fx,,1,1.650000,1.0234786636314774,1.0359642216532339
deep0_rung35_mgga_3x16,deep_rung35_mgga_3x16,fx,,1,1.675000,1.023205066782248,1.0355010794964032
deep0_rung35_mgga_3x16,deep_rung35_mgga_3x16,fx,,1,1.700000,1.0229190447260905,1.0350271916626659
deep0_rung35_mgga_3x16,deep_rung35_mgga_3x16,fx,,1,1.725000,1.0226211843675332,1.0345430594039822
deep0_rung35_mgga_3x16,deep_rung35_mgga_3x16,fx,,1,1.750000,1.0223121652900171,1.0340491484681429
deep0_rung35_mgga_3x16,deep_rung35_mgga_3x16,fx,,1,1.775000,1.0219927349849836,1.0335458921659484
deep0_rung35_mgga_3x16,deep_rung35_mgga_3x16,fx,,1,1.800000,1.0216636851988683,1.0330336942702585
deep0_rung35_mgga_3x16,deep_rung35_mgga_3x16,fx,,1,1.825000,1.0213258303807264,1.0325129317437718
deep0_rung35_mgga_3x16,deep_rung35_mgga_3x16,fx,,1,1.850000,1.0209799888165398,1.03198395729307
deep0_rung35_mgga_3x16,deep_rung35_mgga_3x16,fx,,1,1.875000,1.0206269667238073,1.0314471017473676
deep0_rung35_mgga_3x16,deep_rung35_mgga_3x16,fx,,1,1.900000,1.0202675453460475,1.0309026762615185
deep0_rung35_mgga_3x16,deep_rung35_mgga_3x16,fx,,1,1.925000,1.019902470921582,1.0303509743440518
deep0_rung35_mgga_3x16,deep_rung35_mgga_3x16,fx,,1,1.950000,1.019532447292814,1.0297922737123535
deep0_rung35_mgga_3x16,deep_rung35_mgga_3x16,fx,,1,1.975000,1.0191581308594553,1.0292268379784637
deep0_rung35_mgga_3x16,deep_rung35_mgga_3x16,fx,,1,2.000000,1.0187801275508956,1.0286549181702986
deep0_rung35_mgga_3x16,deep_rung35_mgga_3x16,fx,,1,2.025000,1.0183989914896714,1.0280767540943783
deep0_rung35_mgga_3x16,deep_rung35_mgga_3x16,fx,,1,2.050000,1.0180152250319197,1.027492575547279
deep0_rung35_mgga_3x16,deep_rung35_mgga_3x16,fx,,1,2.075000,1.0176292798955187,1.0269026033840367
deep0_rung35_mgga_3x16,deep_rung35_mgga_3x16,fx,,1,2.100000,1.0172415591175432,1.0263070504525307
deep0_rung35_mgga_3x16,deep_rung35_mgga_3x16,fx,,1,2.125000,1.0168524196161668,1.0257061224035078
deep0_rung35_mgga_3x16,deep_rung35_mgga_3x16,fx,,1,2.150000,1.0164621751657577,1.025100018386322
deep0_rung35_mgga_3x16,deep_rung35_mgga_3x16,fx,,1,2.175000,1.0160710996259787,1.0244889316406927
deep0_rung35_mgga_3x16,deep_rung35_mgga_3x16,fx,,1,2.200000,1.0156794302952215,1.0238730499948074
deep0_rung35_mgga_3x16,deep_rung35_mgga_3x16,fx,,1,2.225000,1.0152873712851134,1.0232525562799633
deep0_rung35_mgga_3x16,deep_rung35_mgga_3x16,fx,,1,2.250000,1.0148950968359614,1.0226276286716498
deep0_rung35_mgga_3x16,deep_rung35_mgga_3x16,fx,,1,2.275000,1.014502754512819,1.0219984409665455
deep0_rung35_mgga_3x16,deep_rung35_mgga_3x16,fx,,1,2.300000,1.0141104682385937,1.0213651628043778
deep0_rung35_mgga_3x16,deep_rung35_mgga_3x16,fx,,1,2.325000,1.0137183411344688,1.0207279598429906
deep0_rung35_mgga_3x16,deep_rung35_mgga_3x16,fx,,1,2.350000,1.013326458149234,1.0200869938942942
deep0_rung35_mgga_3x16,deep_rung35_mgga_3x16,fx,,1,2.375000,1.012934888468184,1.019442423028072
deep0_rung35_mgga_3x16,deep_rung35_mgga_3x16,fx,,1,2.400000,1.0125436876993799,1.0187944016499157
deep0_rung35_mgga_3x16,deep_rung35_mgga_3x16,fx,,1,2.425000,1.012152899840567,1.0181430805588372
deep0_rung35_mgga_3x16,deep_rung35_mgga_3x16,fx,,1,2.450000,1.01176255903416,1.0174886069894218
deep0_rung35_mgga_3x16,deep_rung35_mgga_3x16,fx,,1,2.475000,1.0113726911206673,1.0168311246427255
deep0_rung35_mgga_3x16,deep_rung35_mgga_3x16,fx,,1,2.500000,1.010983315002988,1.0161707737094865
deep0_rung35_mgga_3x16,deep_rung35_mgga_3x16,fx,,1,2.525000,1.0105944438352767,1.0155076908886551
deep0_rung35_mgga_3x16,deep_rung35_mgga_3x16,fx,,1,2.550000,1.0102060860507647,1.0148420094037067
deep0_rung35_mgga_3x16,deep_rung35_mgga_3x16,fx,,1,2.575000,1.0098182462431344,1.014173859018729
deep0_rung35_mgga_3x16,deep_rung35_mgga_3x16,fx,,1,2.600000,1.0094309259158825,1.0135033660558517
deep0_rung35_mgga_3x16,deep_rung35_mgga_3x16,fx,,1,2.625000,1.0090441241136785,1.0128306534152085
deep0_rung35_mgga_3x16,deep_rung35_mgga_3x16,fx,,1,2.650000,1.008657837949098,1.012155840598302
deep0_rung35_mgga_3x16,deep_rung35_mgga_3x16,fx,,1,2.675000,1.0082720630373307,1.0114790437353596
deep0_rung35_mgga_3x16,deep_rung35_mgga_3x16,fx,,1,2.700000,1.0078867938506075,1.0108003756170394
deep0_rung35_mgga_3x16,deep_rung35_mgga_3x16,fx,,1,2.725000,1.0075020240031742,1.0101199457306476
deep0_rung35_mgga_3x16,deep_rung35_mgga_3x16,fx,,1,2.750000,1.0071177464766996,1.0094378603008718
deep0_rung35_mgga_3x16,deep_rung35_mgga_3x16,fx,,1,2.775000,1.0067339537950797,1.0087542223349104
deep0_rung35_mgga_3x16,deep_rung35_mgga_3x16,fx,,1,2.800000,1.0063506381566778,1.008069131671777
deep0_rung35_mgga_3x16,deep_rung35_mgga_3x16,fx,,1,2.825000,1.0059677915311778,1.0073826850354866
deep0_rung35_mgga_3x16,deep_rung35_mgga_3x16,fx,,1,2.850000,1.0055854057273774,1.0066949760917798
deep0_rung35_mgga_3x16,deep_rung35_mgga_3x16,fx,,1,2.875000,1.0052034724374894,1.0060060955080066
deep0_rung35_mgga_3x16,deep_rung35_mgga_3x16,fx,,1,2.900000,1.0048219832627705,1.005316131015764
deep0_rung35_mgga_3x16,deep_rung35_mgga_3x16,fx,,1,2.925000,1.004440929724658,1.004625167475888
deep0_rung35_mgga_3x16,deep_rung35_mgga_3x16,fx,,1,2.950000,1.0040603032649618,1.0039332869453925
deep0_rung35_mgga_3x16,deep_rung35_mgga_3x16,fx,,1,2.975000,1.0036800952381304,1.0032405687459562
deep0_rung35_mgga_3x16,deep_rung35_mgga_3x16,fx,,1,3.000000,1.0033002968981004,1.0025470895335853
deep0_rung35_mgga_3x16,deep_rung35_mgga_3x16,fx,,1,3.025000,1.0029208993818175,1.001852923369092
deep0_rung35_mgga_3x16,deep_rung35_mgga_3x16,fx,,1,3.050000,1.0025418936911101,1.0011581417890496
deep0_rung35_mgga_3x16,deep_rung35_mgga_3x16,fx,,1,3.075000,1.0021632706742771,1.0004628138769258
deep0_rung35_mgga_3x16,deep_rung35_mgga_3x16,fx,,1,3.100000,1.0017850210084365,0.9997670063341002
deep0_rung35_mgga_3x16,deep_rung35_mgga_3x16,fx,,1,3.125000,1.001407135183447,0.9990707835505201
deep0_rung35_mgga_3x16,deep_rung35_mgga_3x16,fx,,1,3.150000,1.0010296034879809,0.9983742076747646
deep0_rung35_mgga_3x16,deep_rung35_mgga_3x16,fx,,1,3.175000,1.0006524159981502,0.9976773386833117
deep0_rung35_mgga_3x16,deep_rung35_mgga_3x16,fx,,1,3.200000,1.0002755625689408,0.9969802344488408
deep0_rung35_mgga_3x16,deep_rung35_mgga_3x16,fx,,1,3.225000,0.9998990328285703,0.996282950807408
deep0_rung35_mgga_3x16,deep_rung35_mgga_3x16,fx,,1,3.250000,0.9995228161757934,0.9955855416243745
deep0_rung35_mgga_3x16,deep_rung35_mgga_3x16,fx,,1,3.275000,0.9991469017800889,0.9948880588589714
deep0_rung35_mgga_3x16,deep_rung35_mgga_3x16,fx,,1,3.300000,0.9987712785846096,0.9941905526274198
deep0_rung35_mgga_3x16,deep_rung35_mgga_3x16,fx,,1,3.325000,0.9983959353117156,0.9934930712645277
deep0_rung35_mgga_3x16,deep_rung35_mgga_3x16,fx,,1,3.350000,0.9980208604708839,0.9927956613837123
deep0_rung35_mgga_3x16,deep_rung35_mgga_3x16,fx,,1,3.375000,0.9976460423687702,0.9920983679354076
deep0_rung35_mgga_3x16,deep_rung35_mgga_3x16,fx,,1,3.400000,0.997271469121164,0.9914012342638262
deep0_rung35_mgga_3x16,deep_rung35_mgga_3x16,fx,,1,3.425000,0.9968971286666036,0.9907043021620617
deep0_rung35_mgga_3x16,deep_rung35_mgga_3x16,fx,,1,3.450000,0.996523008781383,0.9900076119255249
deep0_rung35_mgga_3x16,deep_rung35_mgga_3x16,fx,,1,3.475000,0.9961490970957162,0.9893112024037166
deep0_rung35_mgga_3x16,deep_rung35_mgga_3x16,fx,,1,3.500000,0.9957753811108218,0.9886151110503455
deep0_rung35_mgga_3x16,deep_rung35_mgga_3x16,fx,,1,3.525000,0.9954018482166972,0.9879193739718123
deep0_rung35_mgga_3x16,deep_rung35_mgga_3x16,fx,,1,3.550000,0.9950284857103806,0.9872240259740784
deep0_rung35_mgga_3x16,deep_rung35_mgga_3x16,fx,,1,3.575000,0.9946552808145023,0.9865291006079477
deep0_rung35_mgga_3x16,deep_rung35_mgga_3x16,fx,,1,3.600000,0.9942822206959494,0.9858346302127938
deep0_rung35_mgga_3x16,deep_rung35_mgga_3x16,fx,,1,3.625000,0.9939092924844865,0.9851406459587677
deep0_rung35_mgga_3x16,deep_rung35_mgga_3x16,fx,,1,3.650000,0.9935364832911865,0.9844471778875169
deep0_rung35_mgga_3x16,deep_rung35_mgga_3x16,fx,,1,3.675000,0.9931637802265464,0.9837542549514634
deep0_rung35_mgga_3x16,deep_rung35_mgga_3x16,fx,,1,3.700000,0.9927911704181838,0.9830619050516752
deep0_rung35_mgga_3x16,deep_rung35_mgga_3x16,fx,,1,3.725000,0.9924186410280088,0.9823701550743712
deep0_rung35_mgga_3x16,deep_rung35_mgga_3x16,fx,,1,3.750000,0.9920461792688067,0.9816790309261079
deep0_rung35_mgga_3x16,deep_rung35_mgga_3x16,fx,,1,3.775000,0.9916737724201579,0.9809885575676817
deep0_rung35_mgga_3x16,deep_rung35_mgga_3x16,fx,,1,3.800000,0.9913014078436391,0.9802987590467975
deep0_rung35_mgga_3x16,deep_rung35_mgga_3x16,fx,,1,3.825000,0.990929072997276,0.979609658529538
deep0_rung35_mgga_3x16,deep_rung35_mgga_3x16,fx,,1,3.850000,0.990556755449207,0.9789212783306785
deep0_rung35_mgga_3x16,deep_rung35_mgga_3x16,fx,,1,3.875000,0.9901844428905433,0.9782336399428906
deep0_rung35_mgga_3x16,deep_rung35_mgga_3x16,fx,,1,3.900000,0.989812123147409,0.9775467640648684
deep0_rung35_mgga_3x16,deep_rung35_mgga_3x16,fx,,1,3.925000,0.9894397841921645,0.9768606706284232
deep0_rung35_mgga_3x16,deep_rung35_mgga_3x16,fx,,1,3.950000,0.989067414153803,0.9761753788245814
deep0_rung35_mgga_3x16,deep_rung35_mgga_3x16,fx,,1,3.975000,0.9886950013275398,0.9754909071287219
deep0_rung35_mgga_3x16,deep_rung35_mgga_3x16,fx,,1,4.000000,0.9883225341836026,0.9748072733247942
deep0_rung35_mgga_3x16,deep_rung35_mgga_3x16,fx,,1,4.025000,0.9879500013752368,0.9741244945286455
deep0_rung35_mgga_3x16,deep_rung35_mgga_3x16,fx,,1,4.050000,0.9875773917459524,0.9734425872104977
deep0_rung35_mgga_3x16,deep_rung35_mgga_3x16,fx,,1,4.075000,0.987204694336031,0.9727615672166016
deep0_rung35_mgga_3x16,deep_rung35_mgga_3x16,fx,,1,4.100000,0.986831898388325,0.9720814497901045
deep0_rung35_mgga_3x16,deep_rung35_mgga_3x16,fx,,1,4.125000,0.9864589933533653,0.9714022495911578
deep0_rung35_mgga_3x16,deep_rung35_mgga_3x16,fx,,1,4.150000,0.986085968893822,0.970723980716298
deep0_rung35_mgga_3x16,deep_rung35_mgga_3x16,fx,,1,4.175000,0.9857128148883321,0.9700466567171261
deep0_rung35_mgga_3x16,deep_rung35_mgga_3x16,fx,,1,4.200000,0.9853395214347404,0.9693702906183164
deep0_rung35_mgga_3x16,deep_rung35_mgga_3x16,fx,,1,4.225000,0.9849660788527659,0.9686948949349768
deep0_rung35_mgga_3x16,deep_rung35_mgga_3x16,fx,,1,4.250000,0.9845924776861465,0.968020481689389
deep0_rung35_mgga_3x16,deep_rung35_mgga_3x16,fx,,1,4.275000,0.984218708704273,0.9673470624271521
deep0_rung35_mgga_3x16,deep_rung35_mgga_3x16,fx,,1,4.300000,0.983844762903352,0.9666746482327526
deep0_rung35_mgga_3x16,deep_rung35_mgga_3x16,fx,,1,4.325000,0.9834706315071284,0.9660032497445823
deep0_rung35_mgga_3x16,deep_rung35_mgga_3x16,fx,,1,4.350000,0.9830963059671927,0.9653328771694288
deep0_rung35_mgga_3x16,deep_rung35_mgga_3x16,fx,,1,4.375000,0.9827217779629001,0.9646635402964531
deep0_rung35_mgga_3x16,deep_rung35_mgga_3x16,fx,,1,4.400000,0.9823470394009346,0.9639952485106825
deep0_rung35_mgga_3x16,deep_rung35_mgga_3x16,fx,,1,4.425000,0.9819720824145374,0.9633280108060285
deep0_rung35_mgga_3x16,deep_rung35_mgga_3x16,fx,,1,4.450000,0.9815968993624288,0.9626618357978549
deep0_rung35_mgga_3x16,deep_rung35_mgga_3x16,fx,,1,4.475000,0.9812214828274483,0.9619967317351112
deep0_rung35_mgga_3x16,deep_rung35_mgga_3x16,fx,,1,4.500000,0.9808458256149328,0.9613327065120458
deep0_rung35_mgga_3x16,deep_rung35_mgga_3x16,fx,,1,4.525000,0.9804699207508543,0.9606697676795186
deep0_rung35_mgga_3x16,deep_rung35_mgga_3x16,fx,,1,4.550000,0.9800937614797461,0.9600079224559257
deep0_rung35_mgga_3x16,deep_rung35_mgga_3x16,fx,,1,4.575000,0.9797173412624269,0.9593471777377519
deep0_rung35_mgga_3x16,deep_rung35_mgga_3x16,fx,,1,4.600000,0.9793406537735448,0.9586875401097654
deep0_rung35_mgga_3x16,deep_rung35_mgga_3x16,fx,,1,4.625000,0.9789636928989643,0.9580290158548668
deep0_rung35_mgga_3x16,deep_rung35_mgga_3x16,fx,,1,4.650000,0.9785864527330069,0.957371610963608
deep0_rung35_mgga_3x16,deep_rung35_mgga_3x16,fx,,1,4.675000,0.9782089275755603,0.9567153311433895
deep0_rung35_mgga_3x16,deep_rung35_mgga_3x16,fx,,1,4.700000,0.9778311119290796,0.9560601818273518
deep0_rung35_mgga_3x16,deep_rung35_mgga_3x16,fx,,1,4.725000,0.9774530004954793,0.9554061681829704
deep0_rung35_mgga_3x16,deep_rung35_mgga_3x16,fx,,1,4.750000,0.9770745881729509,0.9547532951203652
deep0_rung35_mgga_3x16,deep_rung35_mgga_3x16,fx,,1,4.775000,0.9766958700526881,0.9541015673003359
deep0_rung35_mgga_3x16,deep_rung35_mgga_3x16,fx,,1,4.800000,0.9763168414155651,0.9534509891421321
deep0_rung35_mgga_3x16,deep_rung35_mgga_3x16,fx,,1,4.825000,0.9759374977287519,0.9528015648309692
deep0_rung35_mgga_3x16,deep_rung35_mgga_3x16,fx,,1,4.850000,0.9755578346422857,0.9521532983252985
deep0_rung35_mgga_3x16,deep_rung35_mgga_3x16,fx,,1,4.875000,0.9751778479856154,0.9515061933638401
deep0_rung35_mgga_3x16,deep_rung35_mgga_3x16,fx,,1,4.900000,0.9747975337641092,0.9508602534723888
deep0_rung35_mgga_3x16,deep_rung35_mgga_3x16,fx,,1,4.925000,0.9744168881555537,0.9502154819703983
deep0_rung35_mgga_3x16,deep_rung35_mgga_3x16,fx,,1,4.950000,0.9740359075066369,0.9495718819773558
deep0_rung35_mgga_3x16,deep_rung35_mgga_3x16,fx,,1,4.975000,0.9736545883294262,0.9489294564189484
deep0_rung35_mgga_3x16,deep_rung35_mgga_3x16,fx,,1,5.000000,0.973272927297853,0.9482882080330374
deep0_rung35_mgga_3x16,deep_rung35_mgga_3x16,fx,,1,5.025000,0.9728909212441982,0.9476481393754367
deep0_rung35_mgga_3x16,deep_rung35_mgga_3x16,fx,,1,5.050000,0.9725085671555938,0.9470092528255126
deep0_rung35_mgga_3x16,deep_rung35_mgga_3x16,fx,,1,5.075000,0.9721258621705435,0.9463715505916034
deep0_rung35_mgga_3x16,deep_rung35_mgga_3x16,fx,,1,5.100000,0.9717428035754607,0.9457350347162685
deep0_rung35_mgga_3x16,deep_rung35_mgga_3x16,fx,,1,5.125000,0.9713593888012336,0.9450997070813746
deep0_rung35_mgga_3x16,deep_rung35_mgga_3x16,fx,,1,5.150000,0.97097561541982,0.9444655694130195
deep0_rung35_mgga_3x16,deep_rung35_mgga_3x16,fx,,1,5.175000,0.9705914811408739,0.9438326232863062
deep0_rung35_mgga_3x16,deep_rung35_mgga_3x16,fx,,1,5.200000,0.9702069838084069,0.9432008701299636
deep0_rung35_mgga_3x16,deep_rung35_mgga_3x16,fx,,1,5.225000,0.9698221213974866,0.9425703112308289
deep0_rung35_mgga_3x16,deep_rung35_mgga_3x16,fx,,1,5.250000,0.9694368920109767,0.9419409477381878
deep0_rung35_mgga_3x16,deep_rung35_mgga_3x16,fx,,1,5.275000,0.9690512938763185,0.9413127806679837
deep0_rung35_mgga_3x16,deep_rung35_mgga_3x16,fx,,1,5.300000,0.9686653253423553,0.9406858109068954
deep0_rung35_mgga_3x16,deep_rung35_mgga_3x16,fx,,1,5.325000,0.9682789848762015,0.9400600392162917
deep0_rung35_mgga_3x16,deep_rung35_mgga_3x16,fx,,1,5.350000,0.967892271060165,0.9394354662360648
deep0_rung35_mgga_3x16,deep_rung35_mgga_3x16,fx,,1,5.375000,0.9675051825887067,0.9388120924883473
deep0_rung35_mgga_3x16,deep_rung35_mgga_3x16,fx,,1,5.400000,0.96711771826546,0.9381899183811157
deep0_rung35_mgga_3x16,deep_rung35_mgga_3x16,fx,,1,5.425000,0.966729877000294,0.9375689442116866
deep0_rung35_mgga_3x16,deep_rung35_mgga_3x16,fx,,1,5.450000,0.966341657806426,0.9369491701701064
deep0_rung35_mgga_3x16,deep_rung35_mgga_3x16,fx,,1,5.475000,0.9659530597975945,0.9363305963424385
deep0_rung35_mgga_3x16,deep_rung35_mgga_3x16,fx,,1,5.500000,0.9655640821852703,0.9357132227139547
deep0_rung35_mgga_3x16,deep_rung35_mgga_3x16,fx,,1,5.525000,0.9651747242759338,0.9350970491722284
deep0_rung35_mgga_3x16,deep_rung35_mgga_3x16,fx,,1,5.550000,0.9647849854683921,0.9344820755101365
deep0_rung35_mgga_3x16,deep_rung35_mgga_3x16,fx,,1,5.575000,0.9643948652511554,0.9338683014287742
deep0_rung35_mgga_3x16,deep_rung35_mgga_3x16,fx,,1,5.600000,0.9640043631998665,0.9332557265402808
deep0_rung35_mgga_3x16,deep_rung35_mgga_3x16,fx,,1,5.625000,0.9636134789747762,0.9326443503705826
deep0_rung35_mgga_3x16,deep_rung35_mgga_3x16,fx,,1,5.650000,0.9632222123182789,0.9320341723620569
deep0_rung35_mgga_3x16,deep_rung35_mgga_3x16,fx,,1,5.675000,0.9628305630524917,0.9314251918761152
deep0_rung35_mgga_3x16,deep_rung35_mgga_3x16,fx,,1,5.700000,0.9624385310768921,0.9308174081957138
deep0_rung35_mgga_3x16,deep_rung35_mgga_3x16,fx,,1,5.725000,0.9620461163660035,0.930210820527787
deep0_rung35_mgga_3x16,deep_rung35_mgga_3x16,fx,,1,5.750000,0.9616533189671307,0.9296054280056135
deep0_rung35_mgga_3x16,deep_rung35_mgga_3x16,fx,,1,5.775000,0.9612601389981477,0.9290012296911111
deep0_rung35_mgga_3x16,deep_rung35_mgga_3x16,fx,,1,5.800000,0.9608665766453349,0.9283982245770669
deep0_rung35_mgga_3x16,deep_rung35_mgga_3x16,fx,,1,5.825000,0.9604726321612647,0.9277964115893016
deep0_rung35_mgga_3x16,deep_rung35_mgga_3x16,fx,,1,5.850000,0.9600783058627375,0.9271957895887724
deep0_rung35_mgga_3x16,deep_rung35_mgga_3x16,fx,,1,5.875000,0.9596835981287618,0.926596357373614
deep0_rung35_mgga_3x16,deep_rung35_mgga_3x16,fx,,1,5.900000,0.959288509398587,0.9259981136811237
deep0_rung35_mgga_3x16,deep_rung35_mgga_3x16,fx,,1,5.925000,0.9588930401697796,0.9254010571896856
deep0_rung35_mgga_3x16,deep_rung35_mgga_3x16,fx,,1,5.950000,0.9584971909963486,0.924805186520644
deep0_rung35_mgga_3x16,deep_rung35_mgga_3x16,fx,,1,5.975000,0.9581009624869088,0.924210500240121
deep0_rung35_mgga_3x16,deep_rung35_mgga_3x16,fx,,1,6.000000,0.9577043553029001,0.9236169968607824
deep0_rung35_mgga_3x16,deep_rung35_mgga_3x16,fc,0.5,0,0.000000,0.39213054217256116,0.3313403504893755
deep0_rung35_mgga_3x16,deep_rung35_mgga_3x16,fc,0.5,0,0.025000,0.392123056823104,0.3312976492408245
deep0_rung35_mgga_3x16,deep_rung35_mgga_3x16,fc,0.5,0,0.050000,0.3920714272452559,0.3311696771809543
deep0_rung35_mgga_3x16,deep_rung35_mgga_3x16,fc,0.5,0,0.075000,0.39193361341718147,0.3309568282142708
deep0_rung35_mgga_3x16,deep_rung35_mgga_3x16,fc,0.5,0,0.100000,0.3916698084167074,0.33065975502532446
deep0_rung35_mgga_3x16,deep_rung35_mgga_3x16,fc,0.5,0,0.125000,0.3912423113965653,0.3302793634131942
deep0_rung35_mgga_3x16,deep_rung35_mgga_3x16,fc,0.5,0,0.150000,0.390615382879676,0.3298168044955968
deep0_rung35_mgga_3x16,deep_rung35_mgga_3x16,fc,0.5,0,0.175000,0.38975514911004017,0.3292734649138565
deep0_rung35_mgga_3x16,deep_rung35_mgga_3x16,fc,0.5,0,0.200000,0.3886296378814009,0.32865095520110366
deep0_rung35_mgga_3x16,deep_rung35_mgga_3x16,fc,0.5,0,0.225000,0.387209037769347,0.3279510965028174
deep0_rung35_mgga_3x16,deep_rung35_mgga_3x16,fc,0.5,0,0.250000,0.3854662709093142,0.32717590586055467
deep0_rung35_mgga_3x16,deep_rung35_mgga_3x16,fc,0.5,0,0.275000,0.38337795015434584,0.32632758028605496
deep0_rung35_mgga_3x16,deep_rung35_mgga_3x16,fc,0.5,0,0.300000,0.3809257480557706,0.3254084798636299
deep0_rung35_mgga_3x16,deep_rung35_mgga_3x16,fc,0.5,0,0.325000,0.37809813318449126,0.3244211101238694
deep0_rung35_mgga_3x16,deep_rung35_mgga_3x16,fc,0.5,0,0.350000,0.37489233055753113,0.32336810393137777
deep0_rung35_mgga_3x16,deep_rung35_mgga_3x16,fc,0.5,0,0.375000,0.3713162499140785,0.32225220312386377
deep0_rung35_mgga_3x16,deep_rung35_mgga_3x16,fc,0.5,0,0.400000,0.367390024737152,0.3210762401299165
deep0_rung35_mgga_3x16,deep_rung35_mgga_3x16,fc,0.5,0,0.425000,0.36314675467893887,0.31984311977881646
deep0_rung35_mgga_3x16,deep_rung35_mgga_3x16,fc,0.5,0,0.450000,0.35863208533097923,0.31855580149843327
deep0_rung35_mgga_3x16,deep_rung35_mgga_3x16,fc,0.5,0,0.475000,0.3539024184328192,0.3172172820773531
deep0_rung35_mgga_3x16,deep_rung35_mgga_3x16,fc,0.5,0,0.500000,0.34902181495827356,0.31583057914561896
deep0_rung35_mgga_3x16,deep_rung35_mgga_3x16,fc,0.5,0,0.525000,0.3440579792196914,0.31439871550553894
deep0_rung35_mgga_3x16,deep_rung35_mgga_3x16,fc,0.5,0,0.550000,0.33907799966198615,0.31292470442062886
deep0_rung35_mgga_3x16,deep_rung35_mgga_3x16,fc,0.5,0,0.575000,0.3341446633306242,0.3114115359474975
deep0_rung35_mgga_3x16,deep_rung35_mgga_3x16,fc,0.5,0,0.600000,0.32931407635195575,0.3098621643729093
deep0_rung35_mgga_3x16,deep_rung35_mgga_3x16,fc,0.5,0,0.625000,0.32463500049648264,0.30827949679682304
deep0_rung35_mgga_3x16,deep_rung35_mgga_3x16,fc,0.5,0,0.650000,0.32014983136335373,0.30666638288227216
deep0_rung35_mgga_3x16,deep_rung35_mgga_3x16,fc,0.5,0,0.675000,0.31589664550910657,0.3050256057748015
deep0_rung35_mgga_3x16,deep_rung35_mgga_3x16,fc,0.5,0,0.700000,0.3119114070989262,0.3033598741779992
deep0_rung35_mgga_3x16,deep_rung35_mgga_3x16,fc,0.5,0,0.725000,0.3082293843334518,0.3016718155575726
deep0_rung35_mgga_3x16,deep_rung35_mgga_3x16,fc,0.5,0,0.750000,0.30488511443720656,0.29996397043444967
deep0_rung35_mgga_3x16,deep_rung35_mgga_3x16,fc,0.5,0,0.775000,0.30191077645904074,0.2982387877175273
deep0_rung35_mgga_3x16,deep_rung35_mgga_3x16,fc,0.5,0,0.800000,0.2993333883431679,0.296498621018854
deep0_rung35_mgga_3x16,deep_rung35_mgga_3x16,fc,0.5,0,0.825000,0.29717162873529057,0.2947457258881186
deep0_rung35_mgga_3x16,deep_rung35_mgga_3x16,fc,0.5,0,0.850000,0.2954331658256161,0.29298225789916543
deep0_rung35_mgga_3x16,deep_rung35_mgga_3x16,fc,0.5,0,0.875000,0.2941131612819108,0.29121027151871076
deep0_rung35_mgga_3x16,deep_rung35_mgga_3x16,fc,0.5,0,0.900000,0.29319423026662494,0.2894317196863083
deep0_rung35_mgga_3x16,deep_rung35_mgga_3x16,fc,0.5,0,0.925000,0.2926477452640557,0.2876484540347219
deep0_rung35_mgga_3x16,deep_rung35_mgga_3x16,fc,0.5,0,0.950000,0.29243610082077587,0.28586222568102476
deep0_rung35_mgga_3x16,deep_rung35_mgga_3x16,fc,0.5,0,0.975000,0.2925154559749863,0.28407468652077544
deep0_rung35_mgga_3x16,deep_rung35_mgga_3x16,fc,0.5,0,1.000000,0.2928385142860489,0.2822873909603596
deep0_rung35_mgga_3x16,deep_rung35_mgga_3x16,fc,0.5,0,1.025000,0.29335702418456755,0.28050179802586334
deep0_rung35_mgga_3x16,deep_rung35_mgga_3x16,fc,0.5,0,1.050000,0.2940238227341254,0.2787192737905341
deep0_rung35_mgga_3x16,deep_rung35_mgga_3x16,fc,0.5,0,1.075000,0.2947943643724985,0.2769410940668413
deep0_rung35_mgga_3x16,deep_rung35_mgga_3x16,fc,0.5,0,1.100000,0.29562775784969975,0.2751684473132806
deep0_rung35_mgga_3x16,deep_rung35_mgga_3x16,fc,0.5,0,1.125000,0.2964873806404187,0.27340243771025846
deep0_rung35_mgga_3x16,deep_rung35_mgga_3x16,fc,0.5,0,1.150000,0.29734115866428,0.27164408836358467
deep0_rung35_mgga_3x16,deep_rung35_mgga_3x16,fc,0.5,0,1.175000,0.2981615992615885,0.2698943445982087
deep0_rung35_mgga_3x16,deep_rung35_mgga_3x16,fc,0.5,0,1.200000,0.29892565472987465,0.26815407730881924
deep0_rung35_mgga_3x16,deep_rung35_mgga_3x16,fc,0.5,0,1.225000,0.29961447817742237,0.2664240863377366
deep0_rung35_mgga_3x16,deep_rung35_mgga_3x16,fc,0.5,0,1.250000,0.3002131171326732,0.26470510385413837
deep0_rung35_mgga_3x16,deep_rung35_mgga_3x16,fc,0.5,0,1.275000,0.30071017587559434,0.2629977977120472
deep0_rung35_mgga_3x16,deep_rung35_mgga_3x16,fc,0.5,0,1.300000,0.3010974661226258,0.26130277476765973
deep0_rung35_mgga_3x16,deep_rung35_mgga_3x16,fc,0.5,0,1.325000,0.30136965776283997,0.2596205841395056
deep0_rung35_mgga_3x16,deep_rung35_mgga_3x16,fc,0.5,0,1.350000,0.30152393639359976,0.2579517203975876
deep0_rung35_mgga_3x16,deep_rung35_mgga_3x16,fc,0.5,0,1.375000,0.30155967169719666,0.2562966266700757
deep0_rung35_mgga_3x16,deep_rung35_mgga_3x16,fc,0.5,0,1.400000,0.30147809944459447,0.2546556976583169
deep0_rung35_mgga_3x16,deep_rung35_mgga_3x16,fc,0.5,0,1.425000,0.30128201944012756,0.2530292825528789
deep0_rung35_mgga_3x16,deep_rung35_mgga_3x16,fc,0.5,0,1.450000,0.30097551155631763,0.2514176878450953
deep0_rung35_mgga_3x16,deep_rung35_mgga_3x16,fc,0.5,0,1.475000,0.3005636718671034,0.24982118003012163
deep0_rung35_mgga_3x16,deep_rung35_mgga_3x16,fc,0.5,0,1.500000,0.3000523706390712,0.24823998819886675
deep0_rung35_mgga_3x16,deep_rung35_mgga_3x16,fc,0.5,0,1.525000,0.29944803355398997,0.24667430651734645
deep0_rung35_mgga_3x16,deep_rung35_mgga_3x16,fc,0.5,0,1.550000,0.29875744703910123,0.24512429659302354
deep0_rung35_mgga_3x16,deep_rung35_mgga_3x16,fc,0.5,0,1.575000,0.2979875880248142,0.24359008972857565
deep0_rung35_mgga_3x16,deep_rung35_mgga_3x16,fc,0.5,0,1.600000,0.2971454778861544,0.24207178906427043
deep0_rung35_mgga_3x16,deep_rung35_mgga_3x16,fc,0.5,0,1.625000,0.29623805979991036,0.2405694716107513
deep0_rung35_mgga_3x16,deep_rung35_mgga_3x16,fc,0.5,0,1.650000,0.295272098296661,0.23908319017454924
deep0_rung35_mgga_3x16,deep_rung35_mgga_3x16,fc,0.5,0,1.675000,0.2942540994256203,0.23761297517905672
deep0_rung35_mgga_3x16,deep_rung35_mgga_3x16,fc,0.5,0,1.700000,0.29319024968863716,0.2361588363840303
deep0_rung35_mgga_3x16,deep_rung35_mgga_3x16,fc,0.5,0,1.725000,0.2920863717367922,0.2347207645069526
deep0_rung35_mgga_3x16,deep_rung35_mgga_3x16,fc,0.5,0,1.750000,0.29094789475094396,0.23329873274977247
deep0_rung35_mgga_3x16,deep_rung35_mgga_3x16,fc,0.5,0,1.775000,0.2897798374341556,0.23189269823468467
deep0_rung35_mgga_3x16,deep_rung35_mgga_3x16,fc,0.5,0,1.800000,0.28858680161456196,0.23050260335269374
deep0_rung35_mgga_3x16,deep_rung35_mgga_3x16,fc,0.5,0,1.825000,0.28737297457672084,0.22912837702875558
deep0_rung35_mgga_3x16,deep_rung35_mgga_3x16,fc,0.5,0,1.850000,0.28614213839314506,0.22776993590729927
deep0_rung35_mgga_3x16,deep_rung35_mgga_3x16,fc,0.5,0,1.875000,0.284897684702352,0.22642718546190987
deep0_rung35_mgga_3x16,deep_rung35_mgga_3x16,fc,0.5,0,1.900000,0.2836426335641229,0.22510002103290963
deep0_rung35_mgga_3x16,deep_rung35_mgga_3x16,fc,0.5,0,1.925000,0.2823796552076797,0.22378832879650545
deep0_rung35_mgga_3x16,deep_rung35_mgga_3x16,fc,0.5,0,1.950000,0.28111109366724085,0.22249198666909004
deep0_rung35_mgga_3x16,deep_rung35_mgga_3x16,fc,0.5,0,1.975000,0.27983899146697877,0.22121086515018337
deep0_rung35_mgga_3x16,deep_rung35_mgga_3x16,fc,0.5,0,2.000000,0.2785651146706336,0.219944828107396
deep0_rung35_mgga_3x16,deep_rung35_mgga_3x16,fc,0.5,0,2.025000,0.2772909777481469,0.21869373350667778
deep0_rung35_mgga_3x16,deep_rung35_mgga_3x16,fc,0.5,0,2.050000,0.27601786783210125,0.21745743409099527
deep0_rung35_mgga_3x16,deep_rung35_mgga_3x16,fc,0.5,0,2.075000,0.2747468680406834,0.21623577801045382
deep0_rung35_mgga_3x16,deep_rung35_mgga_3x16,fc,0.5,0,2.100000,0.273478879632193,0.21502860940675309
deep0_rung35_mgga_3x16,deep_rung35_mgga_3x16,fc,0.5,0,2.125000,0.2722146428299279,0.2138357689547368
deep0_rung35_mgga_3x16,deep_rung35_mgga_3x16,fc,0.5,0,2.150000,0.2709547562170933,0.2126570943636662
deep0_rung35_mgga_3x16,deep_rung35_mgga_3x16,fc,0.5,0,2.175000,0.2696996946506367,0.21149242084072278
deep0_rung35_mgga_3x16,deep_rung35_mgga_3x16,fc,0.5,0,2.200000,0.26844982568214637,0.2103415815191169
deep0_rung35_mgga_3x16,deep_rung35_mgga_3x16,fc,0.5,0,2.225000,0.26720542450455276,0.20920440785305966
deep0_rung35_mgga_3x16,deep_rung35_mgga_3x16,fc,0.5,0,2.250000,0.2659666874667448,0.20808072998173271
deep0_rung35_mgga_3x16,deep_rung35_mgga_3x16,fc,0.5,0,2.275000,0.2647337442154375,0.2069703770642767
deep0_rung35_mgga_3x16,deep_rung35_mgga_3x16,fc,0.5,0,2.300000,0.26350666853588134,0.20587317758770768
deep0_rung35_mgga_3x16,deep_rung35_mgga_3x16,fc,0.5,0,2.325000,0.26228548797112416,0.2047889596495595
deep0_rung35_mgga_3x16,deep_rung35_mgga_3x16,fc,0.5,0,2.350000,0.26107019230436856,0.20371755121695145
deep0_rung35_mgga_3x16,deep_rung35_mgga_3x16,fc,0.5,0,2.375000,0.25986074099116163,0.2026587803636763
deep0_rung35_mgga_3x16,deep_rung35_mgga_3x16,fc,0.5,0,2.400000,0.2586570696282908,0.20161247548681305
deep0_rung35_mgga_3x16,deep_rung35_mgga_3x16,fc,0.5,0,2.425000,0.25745909554479396,0.20057846550427505
deep0_rung35_mgga_3x16,deep_rung35_mgga_3x16,fc,0.5,0,2.450000,0.2562667225978662,0.19955658003462096
deep0_rung35_mgga_3x16,deep_rung35_mgga_3x16,fc,0.5,0,2.475000,0.2550798452528884,0.1985466495603711
deep0_rung35_mgga_3x16,deep_rung35_mgga_3x16,fc,0.5,0,2.500000,0.2538983520226763,0.19754850557599712
deep0_rung35_mgga_3x16,deep_rung35_mgga_3x16,fc,0.5,0,2.525000,0.25272212833650154,0.19656198072167724
deep0_rung35_mgga_3x16,deep_rung35_mgga_3x16,fc,0.5,0,2.550000,0.2515510589046317,0.1955869089038409
deep0_rung35_mgga_3x16,deep_rung35_mgga_3x16,fc,0.5,0,2.575000,0.25038502963926756,0.19462312540346077
deep0_rung35_mgga_3x16,deep_rung35_mgga_3x16,fc,0.5,0,2.600000,0.24922392918784375,0.1936704669729871
deep0_rung35_mgga_3x16,deep_rung35_mgga_3x16,fc,0.5,0,2.625000,0.24806765012986387,0.19272877192276328
deep0_rung35_mgga_3x16,deep_rung35_mgga_3x16,fc,0.5,0,2.650000,0.2469160898837588,0.19179788019770336
deep0_rung35_mgga_3x16,deep_rung35_mgga_3x16,fc,0.5,0,2.675000,0.24576915136578736,0.19087763344496303
deep0_rung35_mgga_3x16,deep_rung35_mgga_3x16,fc,0.5,0,2.700000,0.24462674343873192,0.18996787507328558
deep0_rung35_mgga_3x16,deep_rung35_mgga_3x16,fc,0.5,0,2.725000,0.24348878118411377,0.18906845030465902
deep0_rung35_mgga_3x16,deep_rung35_mgga_3x16,fc,0.5,0,2.750000,0.24235518602791306,0.18817920621887696
deep0_rung35_mgga_3x16,deep_rung35_mgga_3x16,fc,0.5,0,2.775000,0.24122588574625148,0.18729999179155726
deep0_rung35_mgga_3x16,deep_rung35_mgga_3x16,fc,0.5,0,2.800000,0.24010081437428465,0.18643065792613206
deep0_rung35_mgga_3x16,deep_rung35_mgga_3x16,fc,0.5,0,2.825000,0.2389799120385694,0.1855710574802897
deep0_rung35_mgga_3x16,deep_rung35_mgga_3x16,fc,0.5,0,2.850000,0.23786312473045612,0.18472104528731484
deep0_rung35_mgga_3x16,deep_rung35_mgga_3x16,fc,0.5,0,2.875000,0.23675040403559955,0.1838804781727427
deep0_rung35_mgga_3x16,deep_rung35_mgga_3x16,fc,0.5,0,2.900000,0.23564170683244823,0.18304921496671248
deep0_rung35_mgga_3x16,deep_rung35_mgga_3x16,fc,0.5,0,2.925000,0.23453699497057046,0.1822271165123812
deep0_rung35_mgga_3x16,deep_rung35_mgga_3x16,fc,0.5,0,2.950000,0.2334362349378991,0.18141404567072983
deep0_rung35_mgga_3x16,deep_rung35_mgga_3x16,fc,0.5,0,2.975000,0.23233939752437438,0.180609867322074
deep0_rung35_mgga_3x16,deep_rung35_mgga_3x16,fc,0.5,0,3.000000,0.23124645748808303,0.17981444836456556
deep0_rung35_mgga_3x16,deep_rung35_mgga_3x16,fc,0.5,0,3.025000,0.23015739322874762,0.179027657709953
deep0_rung35_mgga_3x16,deep_rung35_mgga_3x16,fc,0.5,0,3.050000,0.22907218647235872,0.17824936627684973
deep0_rung35_mgga_3x16,deep_rung35_mgga_3x16,fc,0.5,0,3.075000,0.22799082196982134,0.17747944698173865
deep0_rung35_mgga_3x16,deep_rung35_mgga_3x16,fc,0.5,0,3.100000,0.22691328721168613,0.17671777472792738
deep0_rung35_mgga_3x16,deep_rung35_mgga_3x16,fc,0.5,0,3.125000,0.2258395721603701,0.17596422639265208
deep0_rung35_mgga_3x16,deep_rung35_mgga_3x16,fc,0.5,0,3.150000,0.22476966900070217,0.1752186808125115
deep0_rung35_mgga_3x16,deep_rung35_mgga_3x16,fc,0.5,0,3.175000,0.2237035719091558,0.17448101876740207
deep0_rung35_mgga_3x16,deep_rung35_mgga_3x16,fc,0.5,0,3.200000,0.2226412768417524,0.17375112296311035
deep0_rung35_mgga_3x16,deep_rung35_mgga_3x16,fc,0.5,0,3.225000,0.22158278134030152,0.17302887801270725
deep0_rung35_mgga_3x16,deep_rung35_mgga_3x16,fc,0.5,0,3.250000,0.22052808435639437,0.1723141704168793
deep0_rung35_mgga_3x16,deep_rung35_mgga_3x16,fc,0.5,0,3.275000,0.21947718609239497,0.17160688854331868
deep0_rung35_mgga_3x16,deep_rung35_mgga_3x16,fc,0.5,0,3.300000,0.2184300878585138,0.17090692260528872
deep0_rung35_mgga_3x16,deep_rung35_mgga_3x16,fc,0.5,0,3.325000,0.2173867919449639,0.17021416463946792
deep0_rung35_mgga_3x16,deep_rung35_mgga_3x16,fc,0.5,0,3.350000,0.2163473015081343,0.16952850848317152
deep0_rung35_mgga_3x16,deep_rung35_mgga_3x16,fc,0.5,0,3.375000,0.21531162046967944,0.16884984975103826
deep0_rung35_mgga_3x16,deep_rung35_mgga_3x16,fc,0.5,0,3.400000,0.21427975342742245,0.1681780858112667
deep0_rung35_mgga_3x16,deep_rung35_mgga_3x16,fc,0.5,0,3.425000,0.21325170557697593,0.1675131157614748
deep0_rung35_mgga_3x16,deep_rung35_mgga_3x16,fc,0.5,0,3.450000,0.21222748264301616,0.16685484040425386
deep0_rung35_mgga_3x16,deep_rung35_mgga_3x16,fc,0.5,0,3.475000,0.2112070908191881,0.1662031622224799
deep0_rung35_mgga_3x16,deep_rung35_mgga_3x16,fc,0.5,0,3.500000,0.21019053671566146,0.16555798535444163
deep0_rung35_mgga_3x16,deep_rung35_mgga_3x16,fc,0.5,0,3.525000,0.20917782731342893,0.16491921556883718
deep0_rung35_mgga_3x16,deep_rung35_mgga_3x16,fc,0.5,0,3.550000,0.20816896992448464,0.16428676023969127
deep0_rung35_mgga_3x16,deep_rung35_mgga_3x16,fc,0.5,0,3.575000,0.20716397215709637,0.16366052832123476
deep0_rung35_mgga_3x16,deep_rung35_mgga_3x16,fc,0.5,0,3.600000,0.20616284188544443,0.1630404303227895
deep0_rung35_mgga_3x16,deep_rung35_mgga_3x16,fc,0.5,0,3.625000,0.20516558722296496,0.16242637828369502
deep0_rung35_mgga_3x16,deep_rung35_mgga_3x16,fc,0.5,0,3.650000,0.204172216498814,0.16181828574831011
deep0_rung35_mgga_3x16,deep_rung35_mgga_3x16,fc,0.5,0,3.675000,0.2031827382368988,0.16121606774112202
deep0_rung35_mgga_3x16,deep_rung35_mgga_3x16,fc,0.5,0,3.700000,0.2021971611370268,0.16061964074198865
deep0_rung35_mgga_3x16,deep_rung35_mgga_3x16,fc,0.5,0,3.725000,0.20121549405773442,0.16002892266154084
deep0_rung35_mgga_3x16,deep_rung35_mgga_3x16,fc,0.5,0,3.750000,0.2002377460004493,0.15944383281676652
deep0_rung35_mgga_3x16,deep_rung35_mgga_3x16,fc,0.5,0,3.775000,0.1992639260946576,0.1588642919067969
deep0_rung35_mgga_3x16,deep_rung35_mgga_3x16,fc,0.5,0,3.800000,0.19829404358381975,0.158290221988913
deep0_rung35_mgga_3x16,deep_rung35_mgga_3x16,fc,0.5,0,3.825000,0.19732810781179788,0.15772154645478986
deep0_rung35_mgga_3x16,deep_rung35_mgga_3x16,fc,0.5,0,3.850000,0.19636612820961508,0.15715819000699058
deep0_rung35_mgga_3x16,deep_rung35_mgga_3x16,fc,0.5,0,3.875000,0.19540811428238758,0.15660007863572586
deep0_rung35_mgga_3x16,deep_rung35_mgga_3x16,fc,0.5,0,3.900000,0.194454075596307,0.1560471395958869
deep0_rung35_mgga_3x16,deep_rung35_mgga_3x16,fc,0.5,0,3.925000,0.19350402176557924,0.15549930138436474
deep0_rung35_mgga_3x16,deep_rung35_mgga_3x16,fc,0.5,0,3.950000,0.19255796243924517,0.15495649371766224
deep0_rung35_mgga_3x16,deep_rung35_mgga_3x16,fc,0.5,0,3.975000,0.19161590728783806,0.15441864750980674
deep0_rung35_mgga_3x16,deep_rung35_mgga_3x16,fc,0.5,0,4.000000,0.1906778659898397,0.15388569485056963
deep0_rung35_mgga_3x16,deep_rung35_mgga_3x16,fc,0.5,0,4.025000,0.18974384821792456,0.1533575689839974
deep0_rung35_mgga_3x16,deep_rung35_mgga_3x16,fc,0.5,0,4.050000,0.1888138636249851,0.15283420428725958
deep0_rung35_mgga_3x16,deep_rung35_mgga_3x16,fc,0.5,0,4.075000,0.1878879218299525,0.1523155362498149
deep0_rung35_mgga_3x16,deep_rung35_mgga_3x16,fc,0.5,0,4.100000,0.18696603240342502,0.15180150145290017
deep0_rung35_mgga_3x16,deep_rung35_mgga_3x16,fc,0.5,0,4.125000,0.18604820485313323,0.15129203754934262
deep0_rung35_mgga_3x16,deep_rung35_mgga_3x16,fc,0.5,0,4.150000,0.18513444860927353,0.15078708324369658
deep0_rung35_mgga_3x16,deep_rung35_mgga_3x16,fc,0.5,0,4.175000,0.18422477300974516,0.15028657827270658
deep0_rung35_mgga_3x16,deep_rung35_mgga_3x16,fc,0.5,0,4.200000,0.18331918728533125,0.149790463386094
deep0_rung35_mgga_3x16,deep_rung35_mgga_3x16,fc,0.5,0,4.225000,0.18241770054486417,0.14929868032767024
deep0_rung35_mgga_3x16,deep_rung35_mgga_3x16,fc,0.5,0,4.250000,0.18152032176042177,0.14881117181677259
deep0_rung35_mgga_3x16,deep_rung35_mgga_3x16,fc,0.5,0,4.275000,0.18062705975259308,0.14832788153002277
deep0_rung35_mgga_3x16,deep_rung35_mgga_3x16,fc,0.5,0,4.300000,0.179737923175865,0.1478487540834059
deep0_rung35_mgga_3x16,deep_rung35_mgga_3x16,fc,0.5,0,4.325000,0.1788529205041618,0.14737373501466866
deep0_rung35_mgga_3x16,deep_rung35_mgga_3x16,fc,0.5,0,4.350000,0.17797206001658994,0.1469027707660326
deep0_rung35_mgga_3x16,deep_rung35_mgga_3x16,fc,0.5,0,4.375000,0.17709534978342,0.1464358086672206
deep0_rung35_mgga_3x16,deep_rung35_mgga_3x16,fc,0.5,0,4.400000,0.17622279765235138,0.14597279691879567
deep0_rung35_mgga_3x16,deep_rung35_mgga_3x16,fc,0.5,0,4.425000,0.1753544112350871,0.14551368457580452
deep0_rung35_mgga_3x16,deep_rung35_mgga_3x16,fc,0.5,0,4.450000,0.1744901978942578,0.14505842153172646
deep0_rung35_mgga_3x16,deep_rung35_mgga_3x16,fc,0.5,0,4.475000,0.17363016473072623,0.14460695850272298
deep0_rung35_mgga_3x16,deep_rung35_mgga_3x16,fc,0.5,0,4.500000,0.17277431857129733,0.1441592470121828
deep0_rung35_mgga_3x16,deep_rung35_mgga_3x16,fc,0.5,0,4.525000,0.171922665956862,0.14371523937556108
deep0_rung35_mgga_3x16,deep_rung35_mgga_3x16,fc,0.5,0,4.550000,0.17107521313099516,0.14327488868550697
deep0_rung35_mgga_3x16,deep_rung35_mgga_3x16,fc,0.5,0,4.575000,0.1702319660290329,0.14283814879727608
deep0_rung35_mgga_3x16,deep_rung35_mgga_3x16,fc,0.5,0,4.600000,0.1693929302676408,0.1424049743144244
deep0_rung35_mgga_3x16,deep_rung35_mgga_3x16,fc,0.5,0,4.625000,0.16855811113489283,0.1419753205747783
deep0_rung35_mgga_3x16,deep_rung35_mgga_3x16,fc,0.5,0,4.650000,0.16772751358087312,0.1415491436366775
deep0_rung35_mgga_3x16,deep_rung35_mgga_3x16,fc,0.5,0,4.675000,0.16690114220880714,0.14112640026548623
deep0_rung35_mgga_3x16,deep_rung35_mgga_3x16,fc,0.5,0,4.700000,0.16607900126673625,0.1407070479203679
deep0_rung35_mgga_3x16,deep_rung35_mgga_3x16,fc,0.5,0,4.725000,0.16526109463973548,0.14029104474132023
deep0_rung35_mgga_3x16,deep_rung35_mgga_3x16,fc,0.5,0,4.750000,0.16444742584268357,0.1398783495364646
deep0_rung35_mgga_3x16,deep_rung35_mgga_3x16,fc,0.5,0,4.775000,0.16363799801358248,0.13946892176958758
deep0_rung35_mgga_3x16,deep_rung35_mgga_3x16,fc,0.5,0,4.800000,0.16283281390742932,0.13906272154792787
deep0_rung35_mgga_3x16,deep_rung35_mgga_3x16,fc,0.5,0,4.825000,0.16203187589063717,0.1386597096102065
deep0_rung35_mgga_3x16,deep_rung35_mgga_3x16,fc,0.5,0,4.850000,0.1612351859360045,0.13825984731489438
deep0_rung35_mgga_3x16,deep_rung35_mgga_3x16,fc,0.5,0,4.875000,0.16044274561822236,0.13786309662871396
deep0_rung35_mgga_3x16,deep_rung35_mgga_3x16,fc,0.5,0,4.900000,0.15965455610991963,0.13746942011536997
deep0_rung35_mgga_3x16,deep_rung35_mgga_3x16,fc,0.5,0,4.925000,0.15887061817823445,0.13707878092450526
deep0_rung35_mgga_3x16,deep_rung35_mgga_3x16,fc,0.5,0,4.950000,0.15809093218190484,0.13669114278087835
deep0_rung35_mgga_3x16,deep_rung35_mgga_3x16,fc,0.5,0,4.975000,0.15731549806887013,0.13630646997375656
deep0_rung35_mgga_3x16,deep_rung35_mgga_3x16,fc,0.5,0,5.000000,0.15654431537436797,0.1359247273465229
deep0_rung35_mgga_3x16,deep_rung35_mgga_3x16,fc,0.5,0,5.025000,0.1557773832195226,0.13554588028649092
deep0_rung35_mgga_3x16,deep_rung35_mgga_3x16,fc,0.5,0,5.050000,0.15501470031040587,0.13516989471492433
deep0_rung35_mgga_3x16,deep_rung35_mgga_3x16,fc,0.5,0,5.075000,0.15425626493755906,0.13479673707725684
deep0_rung35_mgga_3x16,deep_rung35_mgga_3x16,fc,0.5,0,5.100000,0.15350207497596924,0.13442637433350926
deep0_rung35_mgga_3x16,deep_rung35_mgga_3x16,fc,0.5,0,5.125000,0.1527521278854752,0.13405877394889873
deep0_rung35_mgga_3x16,deep_rung35_mgga_3x16,fc,0.5,0,5.150000,0.15200642071159598,0.1336939038846367
deep0_rung35_mgga_3x16,deep_rung35_mgga_3x16,fc,0.5,0,5.175000,0.15126495008676866,0.1333317325889129
deep0_rung35_mgga_3x16,deep_rung35_mgga_3x16,fc,0.5,0,5.200000,0.1505277122319728,0.1329722289880596
deep0_rung35_mgga_3x16,deep_rung35_mgga_3x16,fc,0.5,0,5.225000,0.14979470295873598,0.1326153624778942
deep0_rung35_mgga_3x16,deep_rung35_mgga_3x16,fc,0.5,0,5.250000,0.14906591767149746,0.1322611029152361
deep0_rung35_mgga_3x16,deep_rung35_mgga_3x16,fc,0.5,0,5.275000,0.148341351370319,0.13190942060959335
deep0_rung35_mgga_3x16,deep_rung35_mgga_3x16,fc,0.5,0,5.300000,0.14762099865392841,0.13156028631501718
deep0_rung35_mgga_3x16,deep_rung35_mgga_3x16,fc,0.5,0,5.325000,0.1469048537230755,0.13121367122211955
deep0_rung35_mgga_3x16,deep_rung35_mgga_3x16,fc,0.5,0,5.350000,0.14619291038418936,0.1308695469502513
deep0_rung35_mgga_3x16,deep_rung35_mgga_3x16,fc,0.5,0,5.375000,0.1454851620533233,0.13052788553983724
deep0_rung35_mgga_3x16,deep_rung35_mgga_3x16,fc,0.5,0,5.400000,0.14478160176036725,0.13018865944486457
deep0_rung35_mgga_3x16,deep_rung35_mgga_3x16,fc,0.5,0,5.425000,0.14408222215351474,0.12985184152552212
deep0_rung35_mgga_3x16,deep_rung35_mgga_3x16,fc,0.5,0,5.450000,0.1433870155039756,0.12951740504098702
deep0_rung35_mgga_3x16,deep_rung35_mgga_3x16,fc,0.5,0,5.475000,0.14269597371090836,0.129185323642355
deep0_rung35_mgga_3x16,deep_rung35_mgga_3x16,fc,0.5,0,5.500000,0.14200908830657122,0.12885557136571307
deep0_rung35_mgga_3x16,deep_rung35_mgga_3x16,fc,0.5,0,5.525000,0.14132635046166597,0.128528122625349
deep0_rung35_mgga_3x16,deep_rung35_mgga_3x16,fc,0.5,0,5.550000,0.14064775099087146,0.12820295220709765
deep0_rung35_mgga_3x16,deep_rung35_mgga_3x16,fc,0.5,0,5.575000,0.13997328035854306,0.12788003526181874
deep0_rung35_mgga_3x16,deep_rung35_mgga_3x16,fc,0.5,0,5.600000,0.13930292868457528,0.1275593472990049
deep0_rung35_mgga_3x16,deep_rung35_mgga_3x16,fc,0.5,0,5.625000,0.13863668575040855,0.1272408641805166
deep0_rung35_mgga_3x16,deep_rung35_mgga_3x16,fc,0.5,0,5.650000,0.13797454100516715,0.12692456211444123
deep0_rung35_mgga_3x16,deep_rung35_mgga_3x16,fc,0.5,0,5.675000,0.1373164835719215,0.12661041764907438
deep0_rung35_mgga_3x16,deep_rung35_mgga_3x16,fc,0.5,0,5.700000,0.13666250225405974,0.12629840766701914
deep0_rung35_mgga_3x16,deep_rung35_mgga_3x16,fc,0.5,0,5.725000,0.13601258554175466,0.12598850937940373
deep0_rung35_mgga_3x16,deep_rung35_mgga_3x16,fc,0.5,0,5.750000,0.1353667216185227,0.125680700320211
deep0_rung35_mgga_3x16,deep_rung35_mgga_3x16,fc,0.5,0,5.775000,0.13472489836785795,0.1253749583407219
deep0_rung35_mgga_3x16,deep_rung35_mgga_3x16,fc,0.5,0,5.800000,0.13408710337993002,0.12507126160406637
deep0_rung35_mgga_3x16,deep_rung35_mgga_3x16,fc,0.5,0,5.825000,0.1334533239583452,0.12476958857988306
deep0_rung35_mgga_3x16,deep_rung35_mgga_3x16,fc,0.5,0,5.850000,0.13282354712694922,0.1244699180390814
deep0_rung35_mgga_3x16,deep_rung35_mgga_3x16,fc,0.5,0,5.875000,0.13219775963667169,0.12417222904870914
deep0_rung35_mgga_3x16,deep_rung35_mgga_3x16,fc,0.5,0,5.900000,0.13157594797240002,0.12387650096691742
deep0_rung35_mgga_3x16,deep_rung35_mgga_3x16,fc,0.5,0,5.925000,0.1309580983598737,0.12358271343802625
deep0_rung35_mgga_3x16,deep_rung35_mgga_3x16,fc,0.5,0,5.950000,0.130344196772594,0.1232908463876843
deep0_rung35_mgga_3x16,deep_rung35_mgga_3x16,fc,0.5,0,5.975000,0.12973422893873576,0.12300088001812445
deep0_rung35_mgga_3x16,deep_rung35_mgga_3x16,fc,0.5,0,6.000000,0.12912818034806173,0.12271279480351016
deep0_rung35_mgga_3x16,deep_rung35_mgga_3x16,fc,2,0,0.000000,0.499569822802993,0.4637124935893196
deep0_rung35_mgga_3x16,deep_rung35_mgga_3x16,fc,2,0,0.025000,0.4995632051672112,0.46365797510614426
deep0_rung35_mgga_3x16,deep_rung35_mgga_3x16,fc,2,0,0.050000,0.4995175499909634,0.46349457828501833
deep0_rung35_mgga_3x16,deep_rung35_mgga_3x16,fc,2,0,0.075000,0.4993955930888566,0.46322277769074155
deep0_rung35_mgga_3x16,deep_rung35_mgga_3x16,fc,2,0,0.100000,0.49916177547116036,0.4628433598850073
deep0_rung35_mgga_3x16,deep_rung35_mgga_3x16,fc,2,0,0.125000,0.49878185591090407,0.4623574169322783
deep0_rung35_mgga_3x16,deep_rung35_mgga_3x16,fc,2,0,0.150000,0.4982224390835439,0.4617663374565877
deep0_rung35_mgga_3x16,deep_rung35_mgga_3x16,fc,2,0,0.175000,0.49745050323876194,0.4610717953930279
deep0_rung35_mgga_3x16,deep_rung35_mgga_3x16,fc,2,0,0.200000,0.49643302729232,0.46027573661210736
deep0_rung35_mgga_3x16,deep_rung35_mgga_3x16,fc,2,0,0.225000,0.49513683055261726,0.4593803636249541
deep0_rung35_mgga_3x16,deep_rung35_mgga_3x16,fc,2,0,0.250000,0.4935287451893724,0.458388118601862
deep0_rung35_mgga_3x16,deep_rung35_mgga_3x16,fc,2,0,0.275000,0.4915762360692997,0.45730166495548114
deep0_rung35_mgga_3x16,deep_rung35_mgga_3x16,fc,2,0,0.300000,0.48924855666975575,0.45612386775278785
deep0_rung35_mgga_3x16,deep_rung35_mgga_3x16,fc,2,0,0.325000,0.4865184748091206,0.45485777322679916
deep0_rung35_mgga_3x16,deep_rung35_mgga_3x16,fc,2,0,0.350000,0.48336451224277277,0.45350658765997187
deep0_rung35_mgga_3x16,deep_rung35_mgga_3x16,fc,2,0,0.375000,0.4797735203459452,0.45207365590667414
deep0_rung35_mgga_3x16,deep_rung35_mgga_3x16,fc,2,0,0.400000,0.47574327651402615,0.4505624398125133
deep0_rung35_mgga_3x16,deep_rung35_mgga_3x16,fc,2,0,0.425000,0.47128466571236094,0.44897649677425233
deep0_rung35_mgga_3x16,deep_rung35_mgga_3x16,fc,2,0,0.450000,0.4664229554696153,0.4473194586662224
deep0_rung35_mgga_3x16,deep_rung35_mgga_3x16,fc,2,0,0.475000,0.4611977284193265,0.4455950113382937
deep0_rung35_mgga_3x16,deep_rung35_mgga_3x16,fc,2,0,0.500000,0.45566123283514104,0.4438068748673543
deep0_rung35_mgga_3x16,deep_rung35_mgga_3x16,fc,2,0,0.525000,0.4498752354364792,0.44195878471962796
deep0_rung35_mgga_3x16,deep_rung35_mgga_3x16,fc,2,0,0.550000,0.4439068446293647,0.44005447395576214
deep0_rung35_mgga_3x16,deep_rung35_mgga_3x16,fc,2,0,0.575000,0.4378241025193673,0.43809765658510047
deep0_rung35_mgga_3x16,deep_rung35_mgga_3x16,fc,2,0,0.600000,0.43169229315075164,0.43609201215052357
deep0_rung35_mgga_3x16,deep_rung35_mgga_3x16,fc,2,0,0.625000,0.4255717906910277,0.4340411716012089
deep0_rung35_mgga_3x16,deep_rung35_mgga_3x16,fc,2,0,0.650000,0.4195178651061382,0.431948704488058
deep0_rung35_mgga_3x16,deep_rung35_mgga_3x16,fc,2,0,0.675000,0.4135822698506939,0.42981810749569455
deep0_rung35_mgga_3x16,deep_rung35_mgga_3x16,fc,2,0,0.700000,0.40781584132385706,0.4276527943060994
deep0_rung35_mgga_3x16,deep_rung35_mgga_3x16,fc,2,0,0.725000,0.40227096080675784,0.4254560867722806
deep0_rung35_mgga_3x16,deep_rung35_mgga_3x16,fc,2,0,0.750000,0.39700273097684513,0.42323120736595304
deep0_rung35_mgga_3x16,deep_rung35_mgga_3x16,fc,2,0,0.775000,0.39206813111223937,0.42098127285104386
deep0_rung35_mgga_3x16,deep_rung35_mgga_3x16,fc,2,0,0.800000,0.3875230991789532,0.4187092891248944
deep0_rung35_mgga_3x16,deep_rung35_mgga_3x16,fc,2,0,0.825000,0.3834181835047422,0.4164181471612089
deep0_rung35_mgga_3x16,deep_rung35_mgga_3x16,fc,2,0,0.850000,0.37979384407434247,0.41411061998296744
deep0_rung35_mgga_3x16,deep_rung35_mgga_3x16,fc,2,0,0.875000,0.37667651862263063,0.41178936058951576
deep0_rung35_mgga_3x16,deep_rung35_mgga_3x16,fc,2,0,0.900000,0.3740762418342778,0.40945690075969354
deep0_rung35_mgga_3x16,deep_rung35_mgga_3x16,fc,2,0,0.925000,0.3719861013799797,0.40711565065196964
deep0_rung35_mgga_3x16,deep_rung35_mgga_3x16,fc,2,0,0.950000,0.3703833488423197,0.4047678991229293
deep0_rung35_mgga_3x16,deep_rung35_mgga_3x16,fc,2,0,0.975000,0.36923169951148105,0.40241581468690557
deep0_rung35_mgga_3x16,deep_rung35_mgga_3x16,fc,2,0,1.000000,0.3684842802803594,0.40006144704189445
deep0_rung35_mgga_3x16,deep_rung35_mgga_3x16,fc,2,0,1.025000,0.3680867607771874,0.39770672908995053
deep0_rung35_mgga_3x16,deep_rung35_mgga_3x16,fc,2,0,1.050000,0.3679803434916462,0.3953534793838818
deep0_rung35_mgga_3x16,deep_rung35_mgga_3x16,fc,2,0,1.075000,0.3681044271929652,0.3930034049360875
deep0_rung35_mgga_3x16,deep_rung35_mgga_3x16,fc,2,0,1.100000,0.3683988625180068,0.3906581043297023
deep0_rung35_mgga_3x16,deep_rung35_mgga_3x16,fc,2,0,1.125000,0.3688057846931735,0.3883190710766848
deep0_rung35_mgga_3x16,deep_rung35_mgga_3x16,fc,2,0,1.150000,0.36927104424737855,0.3859876971720425
deep0_rung35_mgga_3x16,deep_rung35_mgga_3x16,fc,2,0,1.175000,0.3697452727951933,0.3836652767979275
deep0_rung35_mgga_3x16,deep_rung35_mgga_3x16,fc,2,0,1.200000,0.3701846258552486,0.38135301013579076
deep0_rung35_mgga_3x16,deep_rung35_mgga_3x16,fc,2,0,1.225000,0.3705512438227877,0.3790520072491119
deep0_rung35_mgga_3x16,deep_rung35_mgga_3x16,fc,2,0,1.250000,0.3708134691652917,0.3767632920033665
deep0_rung35_mgga_3x16,deep_rung35_mgga_3x16,fc,2,0,1.275000,0.37094585470863706,0.3744878059938269
deep0_rung35_mgga_3x16,deep_rung35_mgga_3x16,fc,2,0,1.300000,0.3709289954707593,0.3722264124554973
deep0_rung35_mgga_3x16,deep_rung35_mgga_3x16,fc,2,0,1.325000,0.3707492150117464,0.36997990013293486
deep0_rung35_mgga_3x16,deep_rung35_mgga_3x16,fc,2,0,1.350000,0.37039813634904606,0.367748987090909
deep0_rung35_mgga_3x16,deep_rung35_mgga_3x16,fc,2,0,1.375000,0.36987216661282396,0.3655343244497885
deep0_rung35_mgga_3x16,deep_rung35_mgga_3x16,fc,2,0,1.400000,0.3691719233448798,0.36333650003222684
deep0_rung35_mgga_3x16,deep_rung35_mgga_3x16,fc,2,0,1.425000,0.36830162843142156,0.36115604191015194
deep0_rung35_mgga_3x16,deep_rung35_mgga_3x16,fc,2,0,1.450000,0.36726849307658305,0.35899342184325267
deep0_rung35_mgga_3x16,deep_rung35_mgga_3x16,fc,2,0,1.475000,0.36608211409858926,0.35684905860211963
deep0_rung35_mgga_3x16,deep_rung35_mgga_3x16,fc,2,0,1.500000,0.36475389836967476,0.35472332117093486
deep0_rung35_mgga_3x16,deep_rung35_mgga_3x16,fc,2,0,1.525000,0.36329652863889295,0.3526165318261523
deep0_rung35_mgga_3x16,deep_rung35_mgga_3x16,fc,2,0,1.550000,0.3617234804566667,0.35052896908895104
deep0_rung35_mgga_3x16,deep_rung35_mgga_3x16,fc,2,0,1.575000,0.36004859659933064,0.3484608705504263
deep0_rung35_mgga_3x16,deep_rung35_mgga_3x16,fc,2,0,1.600000,0.3582857223677667,0.34641243556949486
deep0_rung35_mgga_3x16,deep_rung35_mgga_3x16,fc,2,0,1.625000,0.3564484024727699,0.34438382784435767
deep0_rung35_mgga_3x16,deep_rung35_mgga_3x16,fc,2,0,1.650000,0.35454963796487937,0.3423751778591022
deep0_rung35_mgga_3x16,deep_rung35_mgga_3x16,fc,2,0,1.675000,0.35260169984452505,0.34038658520764153
deep0_rung35_mgga_3x16,deep_rung35_mgga_3x16,fc,2,0,1.700000,0.3506159946084557,0.3384181207976971
deep0_rung35_mgga_3x16,deep_rung35_mgga_3x16,fc,2,0,1.725000,0.3486029760412561,0.3364698289379469
deep0_rung35_mgga_3x16,deep_rung35_mgga_3x16,fc,2,0,1.750000,0.34657209701851854,0.3345417293117887
deep0_rung35_mgga_3x16,deep_rung35_mgga_3x16,fc,2,0,1.775000,0.3445317949061224,0.33263381884142695
deep0_rung35_mgga_3x16,deep_rung35_mgga_3x16,fc,2,0,1.800000,0.342489504260472,0.3307460734461768
deep0_rung35_mgga_3x16,deep_rung35_mgga_3x16,fc,2,0,1.825000,0.340451690892288,0.32887844969901675
deep0_rung35_mgga_3x16,deep_rung35_mgga_3x16,fc,2,0,1.850000,0.33842390188474014,0.32703088638550154
deep0_rung35_mgga_3x16,deep_rung35_mgga_3x16,fc,2,0,1.875000,0.33641082679195466,0.32520330596918856
deep0_rung35_mgga_3x16,deep_rung35_mgga_3x16,fc,2,0,1.900000,0.3344163659304509,0.323395615967739
deep0_rung35_mgga_3x16,deep_rung35_mgga_3x16,fc,2,0,1.925000,0.3324437023678497,0.32160771024382623
deep0_rung35_mgga_3x16,deep_rung35_mgga_3x16,fc,2,0,1.950000,0.33049537487534464,0.3198394702149331
deep0_rung35_mgga_3x16,deep_rung35_mgga_3x16,fc,2,0,1.975000,0.3285733497185601,0.3180907659860507
deep0_rung35_mgga_3x16,deep_rung35_mgga_3x16,fc,2,0,2.000000,0.3266790897007089,0.31636145740919613
deep0_rung35_mgga_3x16,deep_rung35_mgga_3x16,fc,2,0,2.025000,0.3248136193355594,0.31465139507356843
deep0_rung35_mgga_3x16,deep_rung35_mgga_3x16,fc,2,0,2.050000,0.3229775854147353,0.3129604212300418
deep0_rung35_mgga_3x16,deep_rung35_mgga_3x16,fc,2,0,2.075000,0.32117131254795583,0.3112883706535782
deep0_rung35_mgga_3x16,deep_rung35_mgga_3x16,fc,2,0,2.100000,0.31939485350234564,0.3096350714470056
deep0_rung35_mgga_3x16,deep_rung35_mgga_3x16,fc,2,0,2.125000,0.3176480343558553,0.30800034578948027
deep0_rung35_mgga_3x16,deep_rung35_mgga_3x16,fc,2,0,2.150000,0.3159304946187197,0.30638401063281323
deep0_rung35_mgga_3x16,deep_rung35_mgga_3x16,fc,2,0,2.175000,0.31424172257422733,0.30478587834870396
deep0_rung35_mgga_3x16,deep_rung35_mgga_3x16,fc,2,0,2.200000,0.3125810861537406,0.30320575732978744
deep0_rung35_mgga_3x16,deep_rung35_mgga_3x16,fc,2,0,2.225000,0.3109478596980282,0.301643452547268
deep0_rung35_mgga_3x16,deep_rung35_mgga_3x16,fc,2,0,2.250000,0.3093412469736905,0.3000987660677743
deep0_rung35_mgga_3x16,deep_rung35_mgga_3x16,fc,2,0,2.275000,0.3077604008149022,0.29857149753194373
deep0_rung35_mgga_3x16,deep_rung35_mgga_3x16,fc,2,0,2.300000,0.30620443975121714,0.29706144459711337
deep0_rung35_mgga_3x16,deep_rung35_mgga_3x16,fc,2,0,2.325000,0.3046724619650809,0.2955684033463727
deep0_rung35_mgga_3x16,deep_rung35_mgga_3x16,fc,2,0,2.350000,0.30316355690075825,0.29409216866611015
deep0_rung35_mgga_3x16,deep_rung35_mgga_3x16,fc,2,0,2.375000,0.30167681482163067,0.2926325345940717
deep0_rung35_mgga_3x16,deep_rung35_mgga_3x16,fc,2,0,2.400000,0.3002113345867895,0.29118929463983667
deep0_rung35_mgga_3x16,deep_rung35_mgga_3x16,fc,2,0,2.425000,0.298766229891698,0.2897622420795101
deep0_rung35_mgga_3x16,deep_rung35_mgga_3x16,fc,2,0,2.450000,0.2973406341922191,0.28835117022632417
deep0_rung35_mgga_3x16,deep_rung35_mgga_3x16,fc,2,0,2.475000,0.2959337045070103,0.2869558726787487
deep0_rung35_mgga_3x16,deep_rung35_mgga_3x16,fc,2,0,2.500000,0.2945446242705596,0.28557614354761207
deep0_rung35_mgga_3x16,deep_rung35_mgga_3x16,fc,2,0,2.525000,0.2931726053881124,0.2842117776636468
deep0_rung35_mgga_3x16,deep_rung35_mgga_3x16,fc,2,0,2.550000,0.2918168896245723,0.28286257076678956
deep0_rung35_mgga_3x16,deep_rung35_mgga_3x16,fc,2,0,2.575000,0.29047674944206836,0.2815283196784822
deep0_rung35_mgga_3x16,deep_rung35_mgga_3x16,fc,2,0,2.600000,0.28915148838528737,0.2802088224581476
deep0_rung35_mgga_3x16,deep_rung35_mgga_3x16,fc,2,0,2.625000,0.2878404410997526,0.278903878544938
deep0_rung35_mgga_3x16,deep_rung35_mgga_3x16,fc,2,0,2.650000,0.2865429730558797,0.2776132888857885
deep0_rung35_mgga_3x16,deep_rung35_mgga_3x16,fc,2,0,2.675000,0.28525848004076537,0.27633685605074015
deep0_rung35_mgga_3x16,deep_rung35_mgga_3x16,fc,2,0,2.700000,0.28398638747009675,0.2750743843364387
deep0_rung35_mgga_3x16,deep_rung35_mgga_3x16,fc,2,0,2.725000,0.2827261495642388,0.27382567985865647
deep0_rung35_mgga_3x16,deep_rung35_mgga_3x16,fc,2,0,2.750000,0.2814772484252781,0.27259055063462984
deep0_rung35_mgga_3x16,deep_rung35_mgga_3x16,fc,2,0,2.775000,0.280239193045541,0.2713688066559538
deep0_rung35_mgga_3x16,deep_rung35_mgga_3x16,fc,2,0,2.800000,0.2790115182726709,0.2701602599527297
deep0_rung35_mgga_3x16,deep_rung35_mgga_3x16,fc,2,0,2.825000,0.27779378375170716,0.2689647246496099
deep0_rung35_mgga_3x16,deep_rung35_mgga_3x16,fc,2,0,2.850000,0.2765855728606391,0.26778201701435067
deep0_rung35_mgga_3x16,deep_rung35_mgga_3x16,fc,2,0,2.875000,0.27538649165253415,0.2666119554994342
deep0_rung35_mgga_3x16,deep_rung35_mgga_3x16,fc,2,0,2.900000,0.2741961678144904,0.2654543607772907
deep0_rung35_mgga_3x16,deep_rung35_mgga_3x16,fc,2,0,2.925000,0.27301424965125154,0.26430905576961355
deep0_rung35_mgga_3x16,deep_rung35_mgga_3x16,fc,2,0,2.950000,0.2718404050993424,0.26317586567122503
deep0_rung35_mgga_3x16,deep_rung35_mgga_3x16,fc,2,0,2.975000,0.27067432077589615,0.2620546179689243
deep0_rung35_mgga_3x16,deep_rung35_mgga_3x16,fc,2,0,3.000000,0.2695157010649907,0.260945142455715
deep0_rung35_mgga_3x16,deep_rung35_mgga_3x16,fc,2,0,3.025000,0.2683642672431902,0.2598472712407876
deep0_rung35_mgga_3x16,deep_rung35_mgga_3x16,fc,2,0,3.050000,0.26721975664508846,0.2587608387556007
deep0_rung35_mgga_3x16,deep_rung35_mgga_3x16,fc,2,0,3.075000,0.26608192186892465,0.25768568175638656
deep0_rung35_mgga_3x16,deep_rung35_mgga_3x16,fc,2,0,3.100000,0.2649505300217865,0.2566216393233812
deep0_rung35_mgga_3x16,deep_rung35_mgga_3x16,fc,2,0,3.125000,0.2638253620034796,0.2555685528570589
deep0_rung35_mgga_3x16,deep_rung35_mgga_3x16,fc,2,0,3.150000,0.2627062118278114,0.2545262660716307
deep0_rung35_mgga_3x16,deep_rung35_mgga_3x16,fc,2,0,3.175000,0.2615928859798058,0.2534946249860516
deep0_rung35_mgga_3x16,deep_rung35_mgga_3x16,fc,2,0,3.200000,0.2604852028072069,0.2524734779127581
deep0_rung35_mgga_3x16,deep_rung35_mgga_3x16,fc,2,0,3.225000,0.2593829919445261,0.251462675444348
deep0_rung35_mgga_3x16,deep_rung35_mgga_3x16,fc,2,0,3.250000,0.2582860937678336,0.250462070438396
deep0_rung35_mgga_3x16,deep_rung35_mgga_3x16,fc,2,0,3.275000,0.2571943588784924,0.24947151800058348
deep0_rung35_mgga_3x16,deep_rung35_mgga_3x16,fc,2,0,3.300000,0.2561076476140396,0.24849087546631324
deep0_rung35_mgga_3x16,deep_rung35_mgga_3x16,fc,2,0,3.325000,0.2550258295844765,0.247520002380961
deep0_rung35_mgga_3x16,deep_rung35_mgga_3x16,fc,2,0,3.350000,0.25394878323227743,0.2465587604789098
deep0_rung35_mgga_3x16,deep_rung35_mgga_3x16,fc,2,0,3.375000,0.25287639541451146,0.24560701366149937
deep0_rung35_mgga_3x16,deep_rung35_mgga_3x16,fc,2,0,3.400000,0.2518085610055497,0.244664627974014
deep0_rung35_mgga_3x16,deep_rung35_mgga_3x16,fc,2,0,3.425000,0.25074518251892075,0.2437314715818238
deep0_rung35_mgga_3x16,deep_rung35_mgga_3x16,fc,2,0,3.450000,0.24968616974696745,0.24280741474578352
deep0_rung35_mgga_3x16,deep_rung35_mgga_3x16,fc,2,0,3.475000,0.2486314394170579,0.24189232979698927
deep0_rung35_mgga_3x16,deep_rung35_mgga_3x16,fc,2,0,3.500000,0.24758091486318845,0.24098609111097882
deep0_rung35_mgga_3x16,deep_rung35_mgga_3x16,fc,2,0,3.525000,0.24653452571191714,0.24008857508146478
deep0_rung35_mgga_3x16,deep_rung35_mgga_3x16,fc,2,0,3.550000,0.2454922075816326,0.23919966009367097
deep0_rung35_mgga_3x16,deep_rung35_mgga_3x16,fc,2,0,3.575000,0.2444539017942844,0.23831922649734727
deep0_rung35_mgga_3x16,deep_rung35_mgga_3x16,fc,2,0,3.600000,0.24341955509873636,0.23744715657952747
deep0_rung35_mgga_3x16,deep_rung35_mgga_3x16,fc,2,0,3.625000,0.24238911940501207,0.23658333453708694
deep0_rung35_mgga_3x16,deep_rung35_mgga_3x16,fc,2,0,3.650000,0.24136255152876085,0.23572764644915917
deep0_rung35_mgga_3x16,deep_rung35_mgga_3x16,fc,2,0,3.675000,0.2403398129453309,0.23487998024945925
deep0_rung35_mgga_3x16,deep_rung35_mgga_3x16,fc,2,0,3.700000,0.23932086955290366,0.23404022569856114
deep0_rung35_mgga_3x16,deep_rung35_mgga_3x16,fc,2,0,3.725000,0.238305691444202,0.23320827435617125
deep0_rung35_mgga_3x16,deep_rung35_mgga_3x16,fc,2,0,3.750000,0.23729425268632065,0.2323840195534376
deep0_rung35_mgga_3x16,deep_rung35_mgga_3x16,fc,2,0,3.775000,0.23628653110829245,0.23156735636532824
deep0_rung35_mgga_3x16,deep_rung35_mgga_3x16,fc,2,0,3.800000,0.23528250809602258,0.2307581815831134
deep0_rung35_mgga_3x16,deep_rung35_mgga_3x16,fc,2,0,3.825000,0.23428216839428084,0.2299563936869787
deep0_rung35_mgga_3x16,deep_rung35_mgga_3x16,fc,2,0,3.850000,0.23328549991546566,0.22916189281879717
deep0_rung35_mgga_3x16,deep_rung35_mgga_3x16,fc,2,0,3.875000,0.2322924935548747,0.22837458075508446
deep0_rung35_mgga_3x16,deep_rung35_mgga_3x16,fc,2,0,3.900000,0.2313031430122663,0.22759436088015705
deep0_rung35_mgga_3x16,deep_rung35_mgga_3x16,fc,2,0,3.925000,0.23031744461948644,0.22682113815951563
deep0_rung35_mgga_3x16,deep_rung35_mgga_3x16,fc,2,0,3.950000,0.22933539717399065,0.22605481911346947
deep0_rung35_mgga_3x16,deep_rung35_mgga_3x16,fc,2,0,3.975000,0.2283570017780806,0.22529531179101767
deep0_rung35_mgga_3x16,deep_rung35_mgga_3x16,fc,2,0,4.000000,0.22738226168370013,0.22454252574400185
deep0_rung35_mgga_3x16,deep_rung35_mgga_3x16,fc,2,0,4.025000,0.22641118214265854,0.22379637200154323
deep0_rung35_mgga_3x16,deep_rung35_mgga_3x16,fc,2,0,4.050000,0.2254437702621347,0.22305676304477295
deep0_rung35_mgga_3x16,deep_rung35_mgga_3x16,fc,2,0,4.075000,0.22448003486535373,0.2223236127818666
deep0_rung35_mgga_3x16,deep_rung35_mgga_3x16,fc,2,0,4.100000,0.2235199863573153,0.22159683652339265
deep0_rung35_mgga_3x16,deep_rung35_mgga_3x16,fc,2,0,4.125000,0.22256363659546619,0.2208763509579786
deep0_rung35_mgga_3x16,deep_rung35_mgga_3x16,fc,2,0,4.150000,0.22161099876521506,0.22016207412830358
deep0_rung35_mgga_3x16,deep_rung35_mgga_3x16,fc,2,0,4.175000,0.22066208726019276,0.21945392540742137
deep0_rung35_mgga_3x16,deep_rung35_mgga_3x16,fc,2,0,4.200000,0.21971691756715805,0.2187518254754187
deep0_rung35_mgga_3x16,deep_rung35_mgga_3x16,fc,2,0,4.225000,0.2187755061554627,0.2180556962964114
deep0_rung35_mgga_3x16,deep_rung35_mgga_3x16,fc,2,0,4.250000,0.21783787037097824,0.21736546109588067
deep0_rung35_mgga_3x16,deep_rung35_mgga_3x16,fc,2,0,4.275000,0.21690402833439792,0.2166810443383531
deep0_rung35_mgga_3x16,deep_rung35_mgga_3x16,fc,2,0,4.300000,0.2159739988438274,0.21600237170542338
deep0_rung35_mgga_3x16,deep_rung35_mgga_3x16,fc,2,0,4.325000,0.21504780128156864,0.2153293700741224
deep0_rung35_mgga_3x16,deep_rung35_mgga_3x16,fc,2,0,4.350000,0.21412545552501694,0.21466196749562855
deep0_rung35_mgga_3x16,deep_rung35_mgga_3x16,fc,2,0,4.375000,0.21320698186157905,0.21400009317432347
deep0_rung35_mgga_3x16,deep_rung35_mgga_3x16,fc,2,0,4.400000,0.21229240090751933,0.21334367744719182
deep0_rung35_mgga_3x16,deep_rung35_mgga_3x16,fc,2,0,4.425000,0.21138173353065737,0.212692651763561
deep0_rung35_mgga_3x16,deep_rung35_mgga_3x16,fc,2,0,4.450000,0.21047500077681336,0.2120469486651822
deep0_rung35_mgga_3x16,deep_rung35_mgga_3x16,fc,2,0,4.475000,0.2095722237999219,0.211406501766649
deep0_rung35_mgga_3x16,deep_rung35_mgga_3x16,fc,2,0,4.500000,0.2086734237957204,0.21077124573615202
deep0_rung35_mgga_3x16,deep_rung35_mgga_3x16,fc,2,0,4.525000,0.20777862193892505,0.21014111627656573
deep0_rung35_mgga_3x16,deep_rung35_mgga_3x16,fc,2,0,4.550000,0.20688783932379273,0.20951605010686644
deep0_rung35_mgga_3x16,deep_rung35_mgga_3x16,fc,2,0,4.575000,0.20600109690799462,0.20889598494387676
deep0_rung35_mgga_3x16,deep_rung35_mgga_3x16,fc,2,0,4.600000,0.20511841545969833,0.20828085948433367
deep0_rung35_mgga_3x16,deep_rung35_mgga_3x16,fc,2,0,4.625000,0.20423981550776704,0.2076706133872779
deep0_rung35_mgga_3x16,deep_rung35_mgga_3x16,fc,2,0,4.650000,0.20336531729499197,0.2070651872567583
deep0_rung35_mgga_3x16,deep_rung35_mgga_3x16,fc,2,0,4.675000,0.2024949407342609,0.20646452262485057
deep0_rung35_mgga_3x16,deep_rung35_mgga_3x16,fc,2,0,4.700000,0.20162870536757438,0.20586856193498426
deep0_rung35_mgga_3x16,deep_rung35_mgga_3x16,fc,2,0,4.725000,0.2007666303278146,0.20527724852557444
deep0_rung35_mgga_3x16,deep_rung35_mgga_3x16,fc,2,0,4.750000,0.19990873430318545,0.20469052661395523
deep0_rung35_mgga_3x16,deep_rung35_mgga_3x16,fc,2,0,4.775000,0.19905503550422377,0.20410834128060876
deep0_rung35_mgga_3x16,deep_rung35_mgga_3x16,fc,2,0,4.800000,0.1982055516333011,0.20353063845368755
deep0_rung35_mgga_3x16,deep_rung35_mgga_3x16,fc,2,0,4.825000,0.19736029985652404,0.2029573648938246
deep0_rung35_mgga_3x16,deep_rung35_mgga_3x16,fc,2,0,4.850000,0.196519296777944,0.20238846817922718
deep0_rung35_mgga_3x16,deep_rung35_mgga_3x16,fc,2,0,4.875000,0.1956825584159947,0.20182389669105044
deep0_rung35_mgga_3x16,deep_rung35_mgga_3x16,fc,2,0,4.900000,0.19485010018207094,0.2012635995990459
deep0_rung35_mgga_3x16,deep_rung35_mgga_3x16,fc,2,0,4.925000,0.1940219368611611,0.2007075268474808
deep0_rung35_mgga_3x16,deep_rung35_mgga_3x16,fc,2,0,4.950000,0.19319808259445415,0.20015562914132293
deep0_rung35_mgga_3x16,deep_rung35_mgga_3x16,fc,2,0,4.975000,0.19237855086383981,0.19960785793268823
deep0_rung35_mgga_3x16,deep_rung35_mgga_3x16,fc,2,0,5.000000,0.1915633544782216,0.1990641654075457
deep0_rung35_mgga_3x16,deep_rung35_mgga_3x16,fc,2,0,5.025000,0.19075250556155876,0.19852450447267503
deep0_rung35_mgga_3x16,deep_rung35_mgga_3x16,fc,2,0,5.050000,0.18994601554257307,0.19798882874287285
deep0_rung35_mgga_3x16,deep_rung35_mgga_3x16,fc,2,0,5.075000,0.18914389514603125,0.19745709252840385
deep0_rung35_mgga_3x16,deep_rung35_mgga_3x16,fc,2,0,5.100000,0.1883461543855358,0.19692925082269164
deep0_rung35_mgga_3x16,deep_rung35_mgga_3x16,fc,2,0,5.125000,0.18755280255775508,0.196405259290245
deep0_rung35_mgga_3x16,deep_rung35_mgga_3x16,fc,2,0,5.150000,0.18676384823801562,0.19588507425481655
deep0_rung35_mgga_3x16,deep_rung35_mgga_3x16,fc,2,0,5.175000,0.1859792992771938,0.19536865268778786
deep0_rung35_mgga_3x16,deep_rung35_mgga_3x16,fc,2,0,5.200000,0.18519916279983573,0.1948559521967777
deep0_rung35_mgga_3x16,deep_rung35_mgga_3x16,fc,2,0,5.225000,0.18442344520344545,0.19434693101446987
deep0_rung35_mgga_3x16,deep_rung35_mgga_3x16,fc,2,0,5.250000,0.18365215215887343,0.19384154798765593
deep0_rung35_mgga_3x16,deep_rung35_mgga_3x16,fc,2,0,5.275000,0.18288528861174735,0.19333976256648758
deep0_rung35_mgga_3x16,deep_rung35_mgga_3x16,fc,2,0,5.300000,0.18212285878488443,0.1928415347939379
deep0_rung35_mgga_3x16,deep_rung35_mgga_3x16,fc,2,0,5.325000,0.18136486618162562,0.1923468252954638
deep0_rung35_mgga_3x16,deep_rung35_mgga_3x16,fc,2,0,5.350000,0.18061131359004334,0.19185559526886803
deep0_rung35_mgga_3x16,deep_rung35_mgga_3x16,fc,2,0,5.375000,0.17986220308795686,0.19136780647435758
deep0_rung35_mgga_3x16,deep_rung35_mgga_3x16,fc,2,0,5.400000,0.1791175360487156,0.1908834212247919
deep0_rung35_mgga_3x16,deep_rung35_mgga_3x16,fc,2,0,5.425000,0.1783773131476919,0.1904024023761197
deep0_rung35_mgga_3x16,deep_rung35_mgga_3x16,fc,2,0,5.450000,0.17764153436943653,0.18992471331800037
deep0_rung35_mgga_3x16,deep_rung35_mgga_3x16,fc,2,0,5.475000,0.17691019901545024,0.1894503179646045
deep0_rung35_mgga_3x16,deep_rung35_mgga_3x16,fc,2,0,5.500000,0.17618330571253016,0.18897918074559295
deep0_rung35_mgga_3x16,deep_rung35_mgga_3x16,fc,2,0,5.525000,0.17546085242164056,0.18851126659726813
deep0_rung35_mgga_3x16,deep_rung35_mgga_3x16,fc,2,0,5.550000,0.17474283644727173,0.18804654095389647
deep0_rung35_mgga_3x16,deep_rung35_mgga_3x16,fc,2,0,5.575000,0.17402925444724482,0.18758496973919642
deep0_rung35_mgga_3x16,deep_rung35_mgga_3x16,fc,2,0,5.600000,0.17332010244292606,0.18712651935799052
deep0_rung35_mgga_3x16,deep_rung35_mgga_3x16,fc,2,0,5.625000,0.17261537582980924,0.1866711566880177
deep0_rung35_mgga_3x16,deep_rung35_mgga_3x16,fc,2,0,5.650000,0.1719150693884388,0.18621884907190214
deep0_rung35_mgga_3x16,deep_rung35_mgga_3x16,fc,2,0,5.675000,0.17121917729563274,0.18576956430927574
deep0_rung35_mgga_3x16,deep_rung35_mgga_3x16,fc,2,0,5.700000,0.17052769313597416,0.18532327064905213
deep0_rung35_mgga_3x16,deep_rung35_mgga_3x16,fc,2,0,5.725000,0.169840609913549,0.1848799367818472
deep0_rung35_mgga_3x16,deep_rung35_mgga_3x16,fc,2,0,5.750000,0.16915792006388597,0.1844395318325446
deep0_rung35_mgga_3x16,deep_rung35_mgga_3x16,fc,2,0,5.775000,0.16847961546608725,0.18400202535300478
deep0_rung35_mgga_3x16,deep_rung35_mgga_3x16,fc,2,0,5.800000,0.1678056874551087,0.18356738731490982
deep0_rung35_mgga_3x16,deep_rung35_mgga_3x16,fc,2,0,5.825000,0.16713612683417556,0.18313558810274683
deep0_rung35_mgga_3x16,deep_rung35_mgga_3x16,fc,2,0,5.850000,0.1664709238873039,0.18270659850692378
deep0_rung35_mgga_3x16,deep_rung35_mgga_3x16,fc,2,0,5.875000,0.1658100683919067,0.18228038971701582
deep0_rung35_mgga_3x16,deep_rung35_mgga_3x16,fc,2,0,5.900000,0.16515354963146245,0.18185693331514038
deep0_rung35_mgga_3x16,deep_rung35_mgga_3x16,fc,2,0,5.925000,0.16450135640822694,0.18143620126945664
deep0_rung35_mgga_3x16,deep_rung35_mgga_3x16,fc,2,0,5.950000,0.1638534770559703,0.18101816592778855
deep0_rung35_mgga_3x16,deep_rung35_mgga_3x16,fc,2,0,5.975000,0.16320989945271724,0.18060280001136791
deep0_rung35_mgga_3x16,deep_rung35_mgga_3x16,fc,2,0,6.000000,0.16257061103347825,0.18019007660869604
deep0_rung35_mgga_3x16,deep_rung35_mgga_3x16,fc,5,0,0.000000,0.5788645414157746,0.5544857754313772
deep0_rung35_mgga_3x16,deep_rung35_mgga_3x16,fc,5,0,0.025000,0.5788599311635163,0.5544267190341762
deep0_rung35_mgga_3x16,deep_rung35_mgga_3x16,fc,5,0,0.050000,0.5788281169038157,0.5542497120954382
deep0_rung35_mgga_3x16,deep_rung35_mgga_3x16,fc,5,0,0.075000,0.5787430638359037,0.553955240085491
deep0_rung35_mgga_3x16,deep_rung35_mgga_3x16,fc,5,0,0.100000,0.578579719687796,0.5535441078476212
deep0_rung35_mgga_3x16,deep_rung35_mgga_3x16,fc,5,0,0.125000,0.5783135326621509,0.5530174332576545
deep0_rung35_mgga_3x16,deep_rung35_mgga_3x16,fc,5,0,0.150000,0.5779198526956341,0.5523766384864307
deep0_rung35_mgga_3x16,deep_rung35_mgga_3x16,fc,5,0,0.175000,0.5773732883997619,0.5516234389999005
deep0_rung35_mgga_3x16,deep_rung35_mgga_3x16,fc,5,0,0.200000,0.5766471035597854,0.5507598304640728
deep0_rung35_mgga_3x16,deep_rung35_mgga_3x16,fc,5,0,0.225000,0.5757127501734048,0.5497880737503587
deep0_rung35_mgga_3x16,deep_rung35_mgga_3x16,fc,5,0,0.250000,0.574539648117117,0.5487106782603984
deep0_rung35_mgga_3x16,deep_rung35_mgga_3x16,fc,5,0,0.275000,0.5730953306168648,0.5475303838078052
deep0_rung35_mgga_3x16,deep_rung35_mgga_3x16,fc,5,0,0.300000,0.5713460727034865,0.5462501413071461
deep0_rung35_mgga_3x16,deep_rung35_mgga_3x16,fc,5,0,0.325000,0.5692580971149173,0.5448730925278805
deep0_rung35_mgga_3x16,deep_rung35_mgga_3x16,fc,5,0,0.350000,0.5667993986080523,0.54340254917295
deep0_rung35_mgga_3x16,deep_rung35_mgga_3x16,fc,5,0,0.375000,0.5639421369556932,0.5418419715385733
deep0_rung35_mgga_3x16,deep_rung35_mgga_3x16,fc,5,0,0.400000,0.5606654238111926,0.5401949470039137
deep0_rung35_mgga_3x16,deep_rung35_mgga_3x16,fc,5,0,0.425000,0.5569581865296771,0.5384651685871872
deep0_rung35_mgga_3x16,deep_rung35_mgga_3x16,fc,5,0,0.450000,0.5528216674435311,0.5366564137890562
deep0_rung35_mgga_3x16,deep_rung35_mgga_3x16,fc,5,0,0.475000,0.5482710576634925,0.5347725239254726
deep0_rung35_mgga_3x16,deep_rung35_mgga_3x16,fc,5,0,0.500000,0.5433358182934662,0.5328173841311602
deep0_rung35_mgga_3x16,deep_rung35_mgga_3x16,fc,5,0,0.525000,0.5380584370917001,0.5307949041923599
deep0_rung35_mgga_3x16,deep_rung35_mgga_3x16,fc,5,0,0.550000,0.5324916915081522,0.5287090003439469
deep0_rung35_mgga_3x16,deep_rung35_mgga_3x16,fc,5,0,0.575000,0.5266948722827773,0.5265635781422086
deep0_rung35_mgga_3x16,deep_rung35_mgga_3x16,fc,5,0,0.600000,0.520729752059942,0.5243625165009729
deep0_rung35_mgga_3x16,deep_rung35_mgga_3x16,fc,5,0,0.625000,0.5146572331377701,0.5221096529559254
deep0_rung35_mgga_3x16,deep_rung35_mgga_3x16,fc,5,0,0.650000,0.5085354837617869,0.519808770200247
deep0_rung35_mgga_3x16,deep_rung35_mgga_3x16,fc,5,0,0.675000,0.5024199608240867,0.517463583914472
deep0_rung35_mgga_3x16,deep_rung35_mgga_3x16,fc,5,0,0.700000,0.49636511321857346,0.5150777318949817
deep0_rung35_mgga_3x16,deep_rung35_mgga_3x16,fc,5,0,0.725000,0.4904269539455325,0.5126547644689723
deep0_rung35_mgga_3x16,deep_rung35_mgga_3x16,fc,5,0,0.750000,0.48466530743577985,0.5101981361691884
deep0_rung35_mgga_3x16,deep_rung35_mgga_3x16,fc,5,0,0.775000,0.4791445557510108,0.5077111986292233
deep0_rung35_mgga_3x16,deep_rung35_mgga_3x16,fc,5,0,0.800000,0.4739321553382383,0.5051971946497459
deep0_rung35_mgga_3x16,deep_rung35_mgga_3x16,fc,5,0,0.825000,0.46909492586313295,0.5026592533775737
deep0_rung35_mgga_3x16,deep_rung35_mgga_3x16,fc,5,0,0.850000,0.4646938440456221,0.5001003865329368
deep0_rung35_mgga_3x16,deep_rung35_mgga_3x16,fc,5,0,0.875000,0.46077852521841345,0.4975234856154844
deep0_rung35_mgga_3x16,deep_rung35_mgga_3x16,fc,5,0,0.900000,0.45738259641042334,0.49493132001638257
deep0_rung35_mgga_3x16,deep_rung35_mgga_3x16,fc,5,0,0.925000,0.4545208090635515,0.4923265359621072
deep0_rung35_mgga_3x16,deep_rung35_mgga_3x16,fc,5,0,0.950000,0.45218820677497784,0.4897116562150498
deep0_rung35_mgga_3x16,deep_rung35_mgga_3x16,fc,5,0,0.975000,0.45036117789863006,0.48708908045668386
deep0_rung35_mgga_3x16,deep_rung35_mgga_3x16,fc,5,0,1.000000,0.44899992406359757,0.4844610862805865
deep0_rung35_mgga_3x16,deep_rung35_mgga_3x16,fc,5,0,1.025000,0.4480517846534472,0.4818298307249389
deep0_rung35_mgga_3x16,deep_rung35_mgga_3x16,fc,5,0,1.050000,0.4474549133795859,0.47919735227706733
deep0_rung35_mgga_3x16,deep_rung35_mgga_3x16,fc,5,0,1.075000,0.4471419249791859,0.47656557328600857
deep0_rung35_mgga_3x16,deep_rung35_mgga_3x16,fc,5,0,1.100000,0.44704325771068987,0.4739363027228544
deep0_rung35_mgga_3x16,deep_rung35_mgga_3x16,fc,5,0,1.125000,0.4470901022984761,0.471311239232641
deep0_rung35_mgga_3x16,deep_rung35_mgga_3x16,fc,5,0,1.150000,0.4472168244536249,0.4686919744256981
deep0_rung35_mgga_3x16,deep_rung35_mgga_3x16,fc,5,0,1.175000,0.4473628602806845,0.46607999636058217
deep0_rung35_mgga_3x16,deep_rung35_mgga_3x16,fc,5,0,1.200000,0.44747409815879813,0.46347669317490353
deep0_rung35_mgga_3x16,deep_rung35_mgga_3x16,fc,5,0,1.225000,0.44750378264579826,0.46088335682447545
deep0_rung35_mgga_3x16,deep_rung35_mgga_3x16,fc,5,0,1.250000,0.4474129898082517,0.45830118689520055
deep0_rung35_mgga_3x16,deep_rung35_mgga_3x16,fc,5,0,1.275000,0.4471707320023509,0.45573129445594024
deep0_rung35_mgga_3x16,deep_rung35_mgga_3x16,fc,5,0,1.300000,0.44675375516427107,0.45317470592425413
deep0_rung35_mgga_3x16,deep_rung35_mgga_3x16,fc,5,0,1.325000,0.44614609376131553,0.45063236692032244
deep0_rung35_mgga_3x16,deep_rung35_mgga_3x16,fc,5,0,1.350000,0.4453384477605319,0.44810514608757446
deep0_rung35_mgga_3x16,deep_rung35_mgga_3x16,fc,5,0,1.375000,0.4443274422236714,0.44559383886151827
deep0_rung35_mgga_3x16,deep_rung35_mgga_3x16,fc,5,0,1.400000,0.44311482362901455,0.44309917117101477
deep0_rung35_mgga_3x16,deep_rung35_mgga_3x16,fc,5,0,1.425000,0.4417066383668806,0.44062180305874216
deep0_rung35_mgga_3x16,deep_rung35_mgga_3x16,fc,5,0,1.450000,0.4401124290297507,0.43816233220989076
deep0_rung35_mgga_3x16,deep_rung35_mgga_3x16,fc,5,0,1.475000,0.43834447423071365,0.4357212973801876
deep0_rung35_mgga_3x16,deep_rung35_mgga_3x16,fc,5,0,1.500000,0.4364170887251688,0.4332991817162094
deep0_rung35_mgga_3x16,deep_rung35_mgga_3x16,fc,5,0,1.525000,0.43434599325086143,0.4308964159626009
deep0_rung35_mgga_3x16,deep_rung35_mgga_3x16,fc,5,0,1.550000,0.43214775801192173,0.4285133815522881
deep0_rung35_mgga_3x16,deep_rung35_mgga_3x16,fc,5,0,1.575000,0.4298393200225601,0.42615041357707084
deep0_rung35_mgga_3x16,deep_rung35_mgga_3x16,fc,5,0,1.600000,0.4274375722588539,0.4238078036371223
deep0_rung35_mgga_3x16,deep_rung35_mgga_3x16,fc,5,0,1.625000,0.42495902130295715,0.42148580256890444
deep0_rung35_mgga_3x16,deep_rung35_mgga_3x16,fc,5,0,1.650000,0.4224195094840235,0.4191846230518673
deep0_rung35_mgga_3x16,deep_rung35_mgga_3x16,fc,5,0,1.675000,0.4198339971047641,0.4169044420950267
deep0_rung35_mgga_3x16,deep_rung35_mgga_3x16,fc,5,0,1.700000,0.4172164000000067,0.41464540340513245
deep0_rung35_mgga_3x16,deep_rung35_mgga_3x16,fc,5,0,1.725000,0.41457947732911227,0.4124076196386569
deep0_rung35_mgga_3x16,deep_rung35_mgga_3x16,fc,5,0,1.750000,0.41193476416514785,0.41019117454025883
deep0_rung35_mgga_3x16,deep_rung35_mgga_3x16,fc,5,0,1.775000,0.409292543160807,0.40799612497072657
deep0_rung35_mgga_3x16,deep_rung35_mgga_3x16,fc,5,0,1.800000,0.40666184940266303,0.40582250282767435
deep0_rung35_mgga_3x16,deep_rung35_mgga_3x16,fc,5,0,1.825000,0.40405050255537645,0.40367031686248195
deep0_rung35_mgga_3x16,deep_rung35_mgga_3x16,fc,5,0,1.850000,0.401465160564775,0.4015395543971219
deep0_rung35_mgga_3x16,deep_rung35_mgga_3x16,fc,5,0,1.875000,0.398911389526029,0.39943018294462707
deep0_rung35_mgga_3x16,deep_rung35_mgga_3x16,fc,5,0,1.900000,0.3963937448028445,0.39734215173701826
deep0_rung35_mgga_3x16,deep_rung35_mgga_3x16,fc,5,0,1.925000,0.3939158590656846,0.3952753931645421
deep0_rung35_mgga_3x16,deep_rung35_mgga_3x16,fc,5,0,1.950000,0.3914805335571503,0.3932298241300676
deep0_rung35_mgga_3x16,deep_rung35_mgga_3x16,fc,5,0,1.975000,0.38908982954870597,0.3912053473224654
deep0_rung35_mgga_3x16,deep_rung35_mgga_3x16,fc,5,0,2.000000,0.38674515758930506,0.3892018524127446
deep0_rung35_mgga_3x16,deep_rung35_mgga_3x16,fc,5,0,2.025000,0.38444736273621727,0.387219217176654
deep0_rung35_mgga_3x16,deep_rung35_mgga_3x16,fc,5,0,2.050000,0.3821968044835784,0.38525730854737456
deep0_rung35_mgga_3x16,deep_rung35_mgga_3x16,fc,5,0,2.075000,0.37999343055531987,0.38331598360183616
deep0_rung35_mgga_3x16,deep_rung35_mgga_3x16,fc,5,0,2.100000,0.37783684410347584,0.3813950904840865
deep0_rung35_mgga_3x16,deep_rung35_mgga_3x16,fc,5,0,2.125000,0.37572636415280725,0.3794944692690332
deep0_rung35_mgga_3x16,deep_rung35_mgga_3x16,fc,5,0,2.150000,0.37366107936424076,0.3776139527697599
deep0_rung35_mgga_3x16,deep_rung35_mgga_3x16,fc,5,0,2.175000,0.3716398953607474,0.3757533672915002
deep0_rung35_mgga_3x16,deep_rung35_mgga_3x16,fc,5,0,2.200000,0.3696615759789649,0.3739125333352315
deep0_rung35_mgga_3x16,deep_rung35_mgga_3x16,fc,5,0,2.225000,0.3677247788870638,0.3720912662537262
deep0_rung35_mgga_3x16,deep_rung35_mgga_3x16,fc,5,0,2.250000,0.36582808605257444,0.3702893768627755
deep0_rung35_mgga_3x16,deep_rung35_mgga_3x16,fc,5,0,2.275000,0.36397002956075897,0.3685066720101793
deep0_rung35_mgga_3x16,deep_rung35_mgga_3x16,fc,5,0,2.300000,0.3621491132812753,0.366742955104975
deep0_rung35_mgga_3x16,deep_rung35_mgga_3x16,fc,5,0,2.325000,0.3603638308638104,0.36499802660925884
deep0_rung35_mgga_3x16,deep_rung35_mgga_3x16,fc,5,0,2.350000,0.35861268051668427,0.3632716844948376
deep0_rung35_mgga_3x16,deep_rung35_mgga_3x16,fc,5,0,2.375000,0.356894176989627,0.36156372466683856
deep0_rung35_mgga_3x16,deep_rung35_mgga_3x16,fc,5,0,2.400000,0.35520686114589095,0.3598739413562909
deep0_rung35_mgga_3x16,deep_rung35_mgga_3x16,fc,5,0,2.425000,0.3535493074715421,0.3582021274835926
deep0_rung35_mgga_3x16,deep_rung35_mgga_3x16,fc,5,0,2.450000,0.3519201298328183,0.3565480749946682
deep0_rung35_mgga_3x16,deep_rung35_mgga_3x16,fc,5,0,2.475000,0.35031798575680795,0.35491157517153077
deep0_rung35_mgga_3x16,deep_rung35_mgga_3x16,fc,5,0,2.500000,0.3487415794771376,0.3532924189188632
deep0_rung35_mgga_3x16,deep_rung35_mgga_3x16,fc,5,0,2.525000,0.3471896639552837,0.35169039702814436
deep0_rung35_mgga_3x16,deep_rung35_mgga_3x16,fc,5,0,2.550000,0.3456610420597337,0.35010530042076193
deep0_rung35_mgga_3x16,deep_rung35_mgga_3x16,fc,5,0,2.575000,0.3441545670596251,0.3485369203714671
deep0_rung35_mgga_3x16,deep_rung35_mgga_3x16,fc,5,0,2.600000,0.3426691425665809,0.3469850487134535
deep0_rung35_mgga_3x16,deep_rung35_mgga_3x16,fc,5,0,2.625000,0.3412037220382079,0.3454494780262607
deep0_rung35_mgga_3x16,deep_rung35_mgga_3x16,fc,5,0,2.650000,0.33975730793888537,0.3439300018076401
deep0_rung35_mgga_3x16,deep_rung35_mgga_3x16,fc,5,0,2.675000,0.3383289506379197,0.3424264146304455
deep0_rung35_mgga_3x16,deep_rung35_mgga_3x16,fc,5,0,2.700000,0.33691774711165257,0.3409385122855547
deep0_rung35_mgga_3x16,deep_rung35_mgga_3x16,fc,5,0,2.725000,0.3355228395044745,0.339466091911759
deep0_rung35_mgga_3x16,deep_rung35_mgga_3x16,fc,5,0,2.750000,0.3341434135937349,0.3380089521135095
deep0_rung35_mgga_3x16,deep_rung35_mgga_3x16,fc,5,0,2.775000,0.33277869719504916,0.3365668930673474
deep0_rung35_mgga_3x16,deep_rung35_mgga_3x16,fc,5,0,2.800000,0.33142795853732543,0.33513971661779945
deep0_rung35_mgga_3x16,deep_rung35_mgga_3x16,fc,5,0,2.825000,0.3300905046307616,0.3337272263634682
deep0_rung35_mgga_3x16,deep_rung35_mgga_3x16,fc,5,0,2.850000,0.3287656796460231,0.3323292277340013
deep0_rung35_mgga_3x16,deep_rung35_mgga_3x16,fc,5,0,2.875000,0.3274528633185847,0.330945528058585
deep0_rung35_mgga_3x16,deep_rung35_mgga_3x16,fc,5,0,2.900000,0.32615146938874506,0.32957593662656054
deep0_rung35_mgga_3x16,deep_rung35_mgga_3x16,fc,5,0,2.925000,0.3248609440849952,0.32822026474072796
deep0_rung35_mgga_3x16,deep_rung35_mgga_3x16,fc,5,0,2.950000,0.323580764656069,0.3268783257638657
deep0_rung35_mgga_3x16,deep_rung35_mgga_3x16,fc,5,0,2.975000,0.32231043795517833,0.3255499351589587
deep0_rung35_mgga_3x16,deep_rung35_mgga_3x16,fc,5,0,3.000000,0.32104949907842206,0.32423491052359754
deep0_rung35_mgga_3x16,deep_rung35_mgga_3x16,fc,5,0,3.025000,0.31979751005820356,0.3229330716189806
deep0_rung35_mgga_3x16,deep_rung35_mgga_3x16,fc,5,0,3.050000,0.31855405861157904,0.3216442403939239
deep0_rung35_mgga_3x16,deep_rung35_mgga_3x16,fc,5,0,3.075000,0.31731875694277334,0.32036824100425537
deep0_rung35_mgga_3x16,deep_rung35_mgga_3x16,fc,5,0,3.100000,0.31609124059857796,0.31910489982794765
deep0_rung35_mgga_3x16,deep_rung35_mgga_3x16,fc,5,0,3.125000,0.3148711673749992,0.317854045476318
deep0_rung35_mgga_3x16,deep_rung35_mgga_3x16,fc,5,0,3.150000,0.3136582162732414,0.3166155088016044
deep0_rung35_mgga_3x16,deep_rung35_mgga_3x16,fc,5,0,3.175000,0.3124520865029785,0.31538912290120497
deep0_rung35_mgga_3x16,deep_rung35_mgga_3x16,fc,5,0,3.200000,0.31125249653076037,0.31417472311884825
deep0_rung35_mgga_3x16,deep_rung35_mgga_3x16,fc,5,0,3.225000,0.3100591831713868,0.3129721470429461
deep0_rung35_mgga_3x16,deep_rung35_mgga_3x16,fc,5,0,3.250000,0.3088719007200731,0.31178123450236195
deep0_rung35_mgga_3x16,deep_rung35_mgga_3x16,fc,5,0,3.275000,0.30769042012329695,0.31060182755981197
deep0_rung35_mgga_3x16,deep_rung35_mgga_3x16,fc,5,0,3.300000,0.3065145281862711,0.30943377050310267
deep0_rung35_mgga_3x16,deep_rung35_mgga_3x16,fc,5,0,3.325000,0.3053440268150771,0.30827690983439354
deep0_rung35_mgga_3x16,deep_rung35_mgga_3x16,fc,5,0,3.350000,0.3041787322915819,0.3071310942576613
deep0_rung35_mgga_3x16,deep_rung35_mgga_3x16,fc,5,0,3.375000,0.3030184745793775,0.3059961746645293
deep0_rung35_mgga_3x16,deep_rung35_mgga_3x16,fc,5,0,3.400000,0.30186309665906463,0.30487200411861487
deep0_rung35_mgga_3x16,deep_rung35_mgga_3x16,fc,5,0,3.425000,0.30071245389133017,0.30375843783853723
deep0_rung35_mgga_3x16,deep_rung35_mgga_3x16,fc,5,0,3.450000,0.29956641340634804,0.3026553331797168
deep0_rung35_mgga_3x16,deep_rung35_mgga_3x16,fc,5,0,3.475000,0.29842485351815384,0.30156254961508944
deep0_rung35_mgga_3x16,deep_rung35_mgga_3x16,fc,5,0,3.500000,0.2972876631627209,0.30047994871484934
deep0_rung35_mgga_3x16,deep_rung35_mgga_3x16,fc,5,0,3.525000,0.296154741358569,0.29940739412532796
deep0_rung35_mgga_3x16,deep_rung35_mgga_3x16,fc,5,0,3.550000,0.2950259966888138,0.29834475154710355
deep0_rung35_mgga_3x16,deep_rung35_mgga_3x16,fc,5,0,3.575000,0.2939013468036522,0.297291888712437
deep0_rung35_mgga_3x16,deep_rung35_mgga_3x16,fc,5,0,3.600000,0.29278071794234517,0.2962486753621153
deep0_rung35_mgga_3x16,deep_rung35_mgga_3x16,fc,5,0,3.625000,0.29166404447383143,0.29521498322178275
deep0_rung35_mgga_3x16,deep_rung35_mgga_3x16,fc,5,0,3.650000,0.29055126845518087,0.29419068597783077
deep0_rung35_mgga_3x16,deep_rung35_mgga_3x16,fc,5,0,3.675000,0.28944233920712015,0.2931756592529155
deep0_rung35_mgga_3x16,deep_rung35_mgga_3x16,fc,5,0,3.700000,0.288337212905974,0.29216978058116344
deep0_rung35_mgga_3x16,deep_rung35_mgga_3x16,fc,5,0,3.725000,0.28723585219134073,0.2911729293831231
deep0_rung35_mgga_3x16,deep_rung35_mgga_3x16,fc,5,0,3.750000,0.2861382257889413,0.2901849869405158
deep0_rung35_mgga_3x16,deep_rung35_mgga_3x16,fc,5,0,3.775000,0.28504430814805737,0.2892058363708347
deep0_rung35_mgga_3x16,deep_rung35_mgga_3x16,fc,5,0,3.800000,0.28395407909305204,0.28823536260183585
deep0_rung35_mgga_3x16,deep_rung35_mgga_3x16,fc,5,0,3.825000,0.28286752348848054,0.28727345234596335
deep0_rung35_mgga_3x16,deep_rung35_mgga_3x16,fc,5,0,3.850000,0.2817846309173335,0.28631999407474723
deep0_rung35_mgga_3x16,deep_rung35_mgga_3x16,fc,5,0,3.875000,0.2807053953719787,0.2853748779932082
deep0_rung35_mgga_3x16,deep_rung35_mgga_3x16,fc,5,0,3.900000,0.2796298149574,0.2844379960143012
deep0_rung35_mgga_3x16,deep_rung35_mgga_3x16,fc,5,0,3.925000,0.2785578916063367,0.283509241733428
deep0_rung35_mgga_3x16,deep_rung35_mgga_3x16,fc,5,0,3.950000,0.2774896308059701,0.28258851040304445
deep0_rung35_mgga_3x16,deep_rung35_mgga_3x16,fc,5,0,3.975000,0.2764250413357956,0.2816756989073878
deep0_rung35_mgga_3x16,deep_rung35_mgga_3x16,fc,5,0,4.000000,0.2753641350163518,0.2807707057373459
deep0_rung35_mgga_3x16,deep_rung35_mgga_3x16,fc,5,0,4.025000,0.2743069264684874,0.2798734309654892
deep0_rung35_mgga_3x16,deep_rung35_mgga_3x16,fc,5,0,4.050000,0.27325343288284953,0.27898377622128206
deep0_rung35_mgga_3x16,deep_rung35_mgga_3x16,fc,5,0,4.075000,0.27220367379930765,0.2781016446664924
deep0_rung35_mgga_3x16,deep_rung35_mgga_3x16,fc,5,0,4.100000,0.2711576708960173,0.2772269409708137
deep0_rung35_mgga_3x16,deep_rung35_mgga_3x16,fc,5,0,4.125000,0.27011544778784424,0.2763595712877112
deep0_rung35_mgga_3x16,deep_rung35_mgga_3x16,fc,5,0,4.150000,0.26907702983388393,0.2754994432305072
deep0_rung35_mgga_3x16,deep_rung35_mgga_3x16,fc,5,0,4.175000,0.26804244395380383,0.2746464658487141
deep0_rung35_mgga_3x16,deep_rung35_mgga_3x16,fc,5,0,4.200000,0.26701171845276295,0.273800549604625
deep0_rung35_mgga_3x16,deep_rung35_mgga_3x16,fc,5,0,4.225000,0.26598488285464006,0.2729616063501716
deep0_rung35_mgga_3x16,deep_rung35_mgga_3x16,fc,5,0,4.250000,0.2649619677433399,0.27212954930405386
deep0_rung35_mgga_3x16,deep_rung35_mgga_3x16,fc,5,0,4.275000,0.26394300461192355,0.2713042930291521
deep0_rung35_mgga_3x16,deep_rung35_mgga_3x16,fc,5,0,4.300000,0.2629280257193347,0.270485753410222
deep0_rung35_mgga_3x16,deep_rung35_mgga_3x16,fc,5,0,4.325000,0.26191706395448167,0.269673847631881
deep0_rung35_mgga_3x16,deep_rung35_mgga_3x16,fc,5,0,4.350000,0.26091015270745044,0.26886849415688896
deep0_rung35_mgga_3x16,deep_rung35_mgga_3x16,fc,5,0,4.375000,0.2599073257476191,0.26806961270472474
deep0_rung35_mgga_3x16,deep_rung35_mgga_3x16,fc,5,0,4.400000,0.25890861710846014,0.26727712423046274
deep0_rung35_mgga_3x16,deep_rung35_mgga_3x16,fc,5,0,4.425000,0.257914060978804,0.26649095090395186
deep0_rung35_mgga_3x16,deep_rung35_mgga_3x16,fc,5,0,4.450000,0.2569236916003509,0.26571101608929615
deep0_rung35_mgga_3x16,deep_rung35_mgga_3x16,fc,5,0,4.475000,0.2559375431712254,0.2649372443246392
deep0_rung35_mgga_3x16,deep_rung35_mgga_3x16,fc,5,0,4.500000,0.25495564975536333,0.2641695613022536
deep0_rung35_mgga_3x16,deep_rung35_mgga_3x16,fc,5,0,4.525000,0.25397804519752043,0.26340789384893337
deep0_rung35_mgga_3x16,deep_rung35_mgga_3x16,fc,5,0,4.550000,0.25300476304371455,0.2626521699066897
deep0_rung35_mgga_3x16,deep_rung35_mgga_3x16,fc,5,0,4.575000,0.25203583646689354,0.2619023185137512
deep0_rung35_mgga_3x16,deep_rung35_mgga_3x16,fc,5,0,4.600000,0.25107129819764173,0.2611582697858629
deep0_rung35_mgga_3x16,deep_rung35_mgga_3x16,fc,5,0,4.625000,0.2501111804597296,0.260419954897888
deep0_rung35_mgga_3x16,deep_rung35_mgga_3x16,fc,5,0,4.650000,0.2491555149103265,0.25968730606570634
deep0_rung35_mgga_3x16,deep_rung35_mgga_3x16,fc,5,0,4.675000,0.24820433258468777,0.25896025652840965
deep0_rung35_mgga_3x16,deep_rung35_mgga_3x16,fc,5,0,4.700000,0.24725766384514047,0.25823874053079116
deep0_rung35_mgga_3x16,deep_rung35_mgga_3x16,fc,5,0,4.725000,0.24631553833419284,0.257522693306127
deep0_rung35_mgga_3x16,deep_rung35_mgga_3x16,fc,5,0,4.750000,0.24537798493159302,0.25681205105924626
deep0_rung35_mgga_3x16,deep_rung35_mgga_3x16,fc,5,0,4.775000,0.2444450317151725,0.2561067509498882
deep0_rung35_mgga_3x16,deep_rung35_mgga_3x16,fc,5,0,4.800000,0.2435167059253065,0.25540673107634243
deep0_rung35_mgga_3x16,deep_rung35_mgga_3x16,fc,5,0,4.825000,0.24259303393283937,0.25471193045936924
deep0_rung35_mgga_3x16,deep_rung35_mgga_3x16,fc,5,0,4.850000,0.24167404121030556,0.2540222890263985
deep0_rung35_mgga_3x16,deep_rung35_mgga_3x16,fc,5,0,4.875000,0.24075975230631164,0.2533377475960011
deep0_rung35_mgga_3x16,deep_rung35_mgga_3x16,fc,5,0,4.900000,0.2398501908229147,0.25265824786263147
deep0_rung35_mgga_3x16,deep_rung35_mgga_3x16,fc,5,0,4.925000,0.2389453793958617,0.25198373238163874
deep0_rung35_mgga_3x16,deep_rung35_mgga_3x16,fc,5,0,4.950000,0.23804533967755315,0.2513141445545391
deep0_rung35_mgga_3x16,deep_rung35_mgga_3x16,fc,5,0,4.975000,0.23715009232258166,0.2506494286145507
deep0_rung35_mgga_3x16,deep_rung35_mgga_3x16,fc,5,0,5.000000,0.23625965697573137,0.24998952961238374
deep0_rung35_mgga_3x16,deep_rung35_mgga_3x16,fc,5,0,5.025000,0.2353740522622948,0.24933439340228428
deep0_rung35_mgga_3x16,deep_rung35_mgga_3x16,fc,5,0,5.050000,0.2344932957805892,0.24868396662832676
deep0_rung35_mgga_3x16,deep_rung35_mgga_3x16,fc,5,0,5.075000,0.23361740409655452,0.24803819671095262
deep0_rung35_mgga_3x16,deep_rung35_mgga_3x16,fc,5,0,5.100000,0.23274639274031195,0.24739703183375045
deep0_rung35_mgga_3x16,deep_rung35_mgga_3x16,fc,5,0,5.125000,0.23188027620457574,0.2467604209304745
deep0_rung35_mgga_3x16,deep_rung35_mgga_3x16,fc,5,0,5.150000,0.23101906794480043,0.24612831367229768
deep0_rung35_mgga_3x16,deep_rung35_mgga_3x16,fc,5,0,5.175000,0.23016278038097404,0.24550066045529495
deep0_rung35_mgga_3x16,deep_rung35_mgga_3x16,fc,5,0,5.200000,0.22931142490093892,0.24487741238815436
deep0_rung35_mgga_3x16,deep_rung35_mgga_3x16,fc,5,0,5.225000,0.228465011865157,0.2442585212801106
deep0_rung35_mgga_3x16,deep_rung35_mgga_3x16,fc,5,0,5.250000,0.22762355061281492,0.2436439396290991
deep0_rung35_mgga_3x16,deep_rung35_mgga_3x16,fc,5,0,5.275000,0.22678704946918993,0.2430336206101252
deep0_rung35_mgga_3x16,deep_rung35_mgga_3x16,fc,5,0,5.300000,0.22595551575417494,0.24242751806384624
deep0_rung35_mgga_3x16,deep_rung35_mgga_3x16,fc,5,0,5.325000,0.2251289557918994,0.24182558648536162
deep0_rung35_mgga_3x16,deep_rung35_mgga_3x16,fc,5,0,5.350000,0.22430737492134512,0.24122778101320994
deep0_rung35_mgga_3x16,deep_rung35_mgga_3x16,fc,5,0,5.375000,0.2234907775078956,0.24063405741856464
deep0_rung35_mgga_3x16,deep_rung35_mgga_3x16,fc,5,0,5.400000,0.2226791669557393,0.24004437209462973
deep0_rung35_mgga_3x16,deep_rung35_mgga_3x16,fc,5,0,5.425000,0.22187254572105986,0.23945868204623016
deep0_rung35_mgga_3x16,deep_rung35_mgga_3x16,fc,5,0,5.450000,0.22107091532594025,0.23887694487959177
deep0_rung35_mgga_3x16,deep_rung35_mgga_3x16,fc,5,0,5.475000,0.2202742763729223,0.23829911879231044
deep0_rung35_mgga_3x16,deep_rung35_mgga_3x16,fc,5,0,5.500000,0.21948262856016243,0.2377251625635044
deep0_rung35_mgga_3x16,deep_rung35_mgga_3x16,fc,5,0,5.525000,0.21869597069711788,0.23715503554414796
deep0_rung35_mgga_3x16,deep_rung35_mgga_3x16,fc,5,0,5.550000,0.21791430072070983,0.23658869764758303
deep0_rung35_mgga_3x16,deep_rung35_mgga_3x16,fc,5,0,5.575000,0.21713761571192347,0.23602610934020468
deep0_rung35_mgga_3x16,deep_rung35_mgga_3x16,fc,5,0,5.600000,0.21636591191276955,0.2354672316323175
deep0_rung35_mgga_3x16,deep_rung35_mgga_3x16,fc,5,0,5.625000,0.21559918474358553,0.2349120260691614
deep0_rung35_mgga_3x16,deep_rung35_mgga_3x16,fc,5,0,5.650000,0.21483742882061319,0.23436045472210015
deep0_rung35_mgga_3x16,deep_rung35_mgga_3x16,fc,5,0,5.675000,0.21408063797382337,0.2338124801799742
deep0_rung35_mgga_3x16,deep_rung35_mgga_3x16,fc,5,0,5.700000,0.21332880526493425,0.23326806554060975
deep0_rung35_mgga_3x16,deep_rung35_mgga_3x16,fc,5,0,5.725000,0.21258192300559298,0.2327271744024856
deep0_rung35_mgga_3x16,deep_rung35_mgga_3x16,fc,5,0,5.750000,0.21183998277568428,0.23218977085655232
deep0_rung35_mgga_3x16,deep_rung35_mgga_3x16,fc,5,0,5.775000,0.21110297544173307,0.23165581947820052
deep0_rung35_mgga_3x16,deep_rung35_mgga_3x16,fc,5,0,5.800000,0.21037089117535746,0.23112528531937732
deep0_rung35_mgga_3x16,deep_rung35_mgga_3x16,fc,5,0,5.825000,0.20964371947176053,0.23059813390084713
deep0_rung35_mgga_3x16,deep_rung35_mgga_3x16,fc,5,0,5.850000,0.2089214491682191,0.23007433120459309
deep0_rung35_mgga_3x16,deep_rung35_mgga_3x16,fc,5,0,5.875000,0.2082040684625448,0.22955384366635842
deep0_rung35_mgga_3x16,deep_rung35_mgga_3x16,fc,5,0,5.900000,0.20749156493149812,0.2290366381683236
deep0_rung35_mgga_3x16,deep_rung35_mgga_3x16,fc,5,0,5.925000,0.2067839255491284,0.22852268203191708
deep0_rung35_mgga_3x16,deep_rung35_mgga_3x16,fc,5,0,5.950000,0.20608113670501638,0.22801194301075733
deep0_rung35_mgga_3x16,deep_rung35_mgga_3x16,fc,5,0,5.975000,0.20538318422240187,0.2275043892837228
deep0_rung35_mgga_3x16,deep_rung35_mgga_3x16,fc,5,0,6.000000,0.20469005337617996,0.2269999894481493
deep0_rung35_mgga_3x16,deep_rung35_mgga_3x16,fc,0.5,1,0.000000,1.0,0.9999961712608588
deep0_rung35_mgga_3x16,deep_rung35_mgga_3x16,fc,0.5,1,0.025000,0.9999371721522325,0.9984184760081829
deep0_rung35_mgga_3x16,deep_rung35_mgga_3x16,fc,0.5,1,0.050000,0.9995045285891768,0.9937387158781839
deep0_rung35_mgga_3x16,deep_rung35_mgga_3x16,fc,0.5,1,0.075000,0.9983557072550975,0.9861116767855248
deep0_rung35_mgga_3x16,deep_rung35_mgga_3x16,fc,0.5,1,0.100000,0.9961809208801533,0.9757790342212942
deep0_rung35_mgga_3x16,deep_rung35_mgga_3x16,fc,0.5,1,0.125000,0.992723691601471,0.9630480921576084
deep0_rung35_mgga_3x16,deep_rung35_mgga_3x16,fc,0.5,1,0.150000,0.987800834349355,0.9482674028443029
deep0_rung35_mgga_3x16,deep_rung35_mgga_3x16,fc,0.5,1,0.175000,0.98132331813852,0.9318027757434102
deep0_rung35_mgga_3x16,deep_rung35_mgga_3x16,fc,0.5,1,0.200000,0.97331506055198,0.9140163849862294
deep0_rung35_mgga_3x16,deep_rung35_mgga_3x16,fc,0.5,1,0.225000,0.9639259582420203,0.895250544126424
deep0_rung35_mgga_3x16,deep_rung35_mgga_3x16,fc,0.5,1,0.250000,0.9534346740697867,0.8758166137599275
deep0_rung35_mgga_3x16,deep_rung35_mgga_3x16,fc,0.5,1,0.275000,0.9422362672693012,0.8559886798683672
deep0_rung35_mgga_3x16,deep_rung35_mgga_3x16,fc,0.5,1,0.300000,0.9308102886055135,0.836001162915475
deep0_rung35_mgga_3x16,deep_rung35_mgga_3x16,fc,0.5,1,0.325000,0.9196672249066131,0.8160493469631397
deep0_rung35_mgga_3x16,deep_rung35_mgga_3x16,fc,0.5,1,0.350000,0.9092757839254474,0.7962918591444997
deep0_rung35_mgga_3x16,deep_rung35_mgga_3x16,fc,0.5,1,0.375000,0.8999804659440998,0.7768542849414322
deep0_rung35_mgga_3x16,deep_rung35_mgga_3x16,fc,0.5,1,0.400000,0.8919269020294971,0.7578332988001893
deep0_rung35_mgga_3x16,deep_rung35_mgga_3x16,fc,0.5,1,0.425000,0.8850183766559683,0.7393008761348733
deep0_rung35_mgga_3x16,deep_rung35_mgga_3x16,fc,0.5,1,0.450000,0.87892578279162,0.7213083090367803
deep0_rung35_mgga_3x16,deep_rung35_mgga_3x16,fc,0.5,1,0.475000,0.8731598603736207,0.7038898673741572
deep0_rung35_mgga_3x16,deep_rung35_mgga_3x16,fc,0.5,1,0.500000,0.8671879647923182,0.6870660316733914
deep0_rung35_mgga_3x16,deep_rung35_mgga_3x16,fc,0.5,1,0.525000,0.8605474496327702,0.6708462803055282
deep0_rung35_mgga_3x16,deep_rung35_mgga_3x16,fc,0.5,1,0.550000,0.8528977235980438,0.6552314479842513
deep0_rung35_mgga_3x16,deep_rung35_mgga_3x16,fc,0.5,1,0.575000,0.8439874249954457,0.6402156916755075
deep0_rung35_mgga_3x16,deep_rung35_mgga_3x16,fc,0.5,1,0.600000,0.8335816570798601,0.6257881087693496
deep0_rung35_mgga_3x16,deep_rung35_mgga_3x16,fc,0.5,1,0.625000,0.8214358356547021,0.6119340545434856
deep0_rung35_mgga_3x16,deep_rung35_mgga_3x16,fc,0.5,1,0.650000,0.8073629530189581,0.598636204225167
deep0_rung35_mgga_3x16,deep_rung35_mgga_3x16,fc,0.5,1,0.675000,0.7913513821005312,0.5858754011371419
deep0_rung35_mgga_3x16,deep_rung35_mgga_3x16,fc,0.5,1,0.700000,0.773641317517814,0.5736313276602746
deep0_rung35_mgga_3x16,deep_rung35_mgga_3x16,fc,0.5,1,0.725000,0.7546998505214811,0.5618830307776007
deep0_rung35_mgga_3x16,deep_rung35_mgga_3x16,fc,0.5,1,0.750000,0.735104956005518,0.5506093291962164
deep0_rung35_mgga_3x16,deep_rung35_mgga_3x16,fc,0.5,1,0.775000,0.7153978957408145,0.5397891246909768
deep0_rung35_mgga_3x16,deep_rung35_mgga_3x16,fc,0.5,1,0.800000,0.6959682219789869,0.5294016364695502
deep0_rung35_mgga_3x16,deep_rung35_mgga_3x16,fc,0.5,1,0.825000,0.677007046302901,0.5194265740394319
deep0_rung35_mgga_3x16,deep_rung35_mgga_3x16,fc,0.5,1,0.850000,0.6585274400753862,0.5098442612394509
deep0_rung35_mgga_3x16,deep_rung35_mgga_3x16,fc,0.5,1,0.875000,0.6404260789955322,0.5006357217351001
deep0_rung35_mgga_3x16,deep_rung35_mgga_3x16,fc,0.5,1,0.900000,0.622554430647325,0.4917827343141886
deep0_rung35_mgga_3x16,deep_rung35_mgga_3x16,fc,0.5,1,0.925000,0.6047761838245564,0.4832678647011884
deep0_rung35_mgga_3x16,deep_rung35_mgga_3x16,fc,0.5,1,0.950000,0.5870011418509512,0.4750744792826998
deep0_rung35_mgga_3x16,deep_rung35_mgga_3x16,fc,0.5,1,0.975000,0.5691970223844622,0.4671867450552573
deep0_rung35_mgga_3x16,deep_rung35_mgga_3x16,fc,0.5,1,1.000000,0.5513862097597735,0.4595896192286324
deep0_rung35_mgga_3x16,deep_rung35_mgga_3x16,fc,0.5,1,1.025000,0.5336349661025052,0.4522688312072218
deep0_rung35_mgga_3x16,deep_rung35_mgga_3x16,fc,0.5,1,1.050000,0.5160403695909422,0.4452108590988182
deep0_rung35_mgga_3x16,deep_rung35_mgga_3x16,fc,0.5,1,1.075000,0.4987176958455569,0.4384029024388287
deep0_rung35_mgga_3x16,deep_rung35_mgga_3x16,fc,0.5,1,1.100000,0.48178928229114626,0.43183285244791647
deep0_rung35_mgga_3x16,deep_rung35_mgga_3x16,fc,0.5,1,1.125000,0.4653751809241291,0.42548926084482935
deep0_rung35_mgga_3x16,deep_rung35_mgga_3x16,fc,0.5,1,1.150000,0.4495857019642757,0.4193613079997367
deep0_rung35_mgga_3x16,deep_rung35_mgga_3x16,fc,0.5,1,1.175000,0.434515905992107,0.41343877102519516
deep0_rung35_mgga_3x16,deep_rung35_mgga_3x16,fc,0.5,1,1.200000,0.42024203713385977,0.40771199225250004
deep0_rung35_mgga_3x16,deep_rung35_mgga_3x16,fc,0.5,1,1.225000,0.4068197761815038,0.4021718484230683
deep0_rung35_mgga_3x16,deep_rung35_mgga_3x16,fc,0.5,1,1.250000,0.3942840681809091,0.3968097208314555
deep0_rung35_mgga_3x16,deep_rung35_mgga_3x16,fc,0.5,1,1.275000,0.38265018894793545,0.39161746658366636
deep0_rung35_mgga_3x16,deep_rung35_mgga_3x16,fc,0.5,1,1.300000,0.3719156822417704,0.3865873910775427
deep0_rung35_mgga_3x16,deep_rung35_mgga_3x16,fc,0.5,1,1.325000,0.3620628209072172,0.3817122217679804
deep0_rung35_mgga_3x16,deep_rung35_mgga_3x16,fc,0.5,1,1.350000,0.3530613022853939,0.3769850832459103
deep0_rung35_mgga_3x16,deep_rung35_mgga_3x16,fc,0.5,1,1.375000,0.3448709587694998,0.37239947363429526
deep0_rung35_mgga_3x16,deep_rung35_mgga_3x16,fc,0.5,1,1.400000,0.33744433216227854,0.3679492422851587
deep0_rung35_mgga_3x16,deep_rung35_mgga_3x16,fc,0.5,1,1.425000,0.3307290168745375,0.36362856874750565
deep0_rung35_mgga_3x16,deep_rung35_mgga_3x16,fc,0.5,1,1.450000,0.3246697197149,0.3594319429658608
deep0_rung35_mgga_3x16,deep_rung35_mgga_3x16,fc,0.5,1,1.475000,0.3192100144343559,0.3553541466621454
deep0_rung35_mgga_3x16,deep_rung35_mgga_3x16,fc,0.5,1,1.500000,0.31429379003308777,0.3513902358490631
deep0_rung35_mgga_3x16,deep_rung35_mgga_3x16,fc,0.5,1,1.525000,0.30986640580180524,0.3475355244205047
deep0_rung35_mgga_3x16,deep_rung35_mgga_3x16,fc,0.5,1,1.550000,0.3058755752277884,0.3437855687632761
deep0_rung35_mgga_3x16,deep_rung35_mgga_3x16,fc,0.5,1,1.575000,0.30227200663303255,0.3401361533343542
deep0_rung35_mgga_3x16,deep_rung35_mgga_3x16,fc,0.5,1,1.600000,0.2990098315913492,0.33658327714859115
deep0_rung35_mgga_3x16,deep_rung35_mgga_3x16,fc,0.5,1,1.625000,0.29604685334299297,0.33312314112312563
deep0_rung35_mgga_3x16,deep_rung35_mgga_3x16,fc,0.5,1,1.650000,0.29334464699293106,0.329752136226511
deep0_rung35_mgga_3x16,deep_rung35_mgga_3x16,fc,0.5,1,1.675000,0.2908685415956752,0.3264668323826388
deep0_rung35_mgga_3x16,deep_rung35_mgga_3x16,fc,0.5,1,1.700000,0.2885875116362364,0.3232639680817821
deep0_rung35_mgga_3x16,deep_rung35_mgga_3x16,fc,0.5,1,1.725000,0.28647400224014297,0.32014044065345
deep0_rung35_mgga_3x16,deep_rung35_mgga_3x16,fc,0.5,1,1.750000,0.28450370898231914,0.31709329715815265
deep0_rung35_mgga_3x16,deep_rung35_mgga_3x16,fc,0.5,1,1.775000,0.2826553296642722,0.31411972585759074
deep0_rung35_mgga_3x16,deep_rung35_mgga_3x16,fc,0.5,1,1.800000,0.2809103020826218,0.3112170482251605
deep0_rung35_mgga_3x16,deep_rung35_mgga_3x16,fc,0.5,1,1.825000,0.2792525387508741,0.3083827114609816
deep0_rung35_mgga_3x16,deep_rung35_mgga_3x16,fc,0.5,1,1.850000,0.2776681668372266,0.3056142814778942
deep0_rung35_mgga_3x16,deep_rung35_mgga_3x16,fc,0.5,1,1.875000,0.27614527927605814,0.30290943632701667
deep0_rung35_mgga_3x16,deep_rung35_mgga_3x16,fc,0.5,1,1.900000,0.27467370109813305,0.30026596003350664
deep0_rung35_mgga_3x16,deep_rung35_mgga_3x16,fc,0.5,1,1.925000,0.27324477348035825,0.2976817368151027
deep0_rung35_mgga_3x16,deep_rung35_mgga_3x16,fc,0.5,1,1.950000,0.2718511568027686,0.29515474565787
deep0_rung35_mgga_3x16,deep_rung35_mgga_3x16,fc,0.5,1,1.975000,0.27048665307460273,0.2926830552252958
deep0_rung35_mgga_3x16,deep_rung35_mgga_3x16,fc,0.5,1,2.000000,0.26914604740800896,0.2902648190785099
deep0_rung35_mgga_3x16,deep_rung35_mgga_3x16,fc,0.5,1,2.025000,0.26782496773417575,0.2878982711869325
deep0_rung35_mgga_3x16,deep_rung35_mgga_3x16,fc,0.5,1,2.050000,0.2665197616335715,0.28558172171007484
deep0_rung35_mgga_3x16,deep_rung35_mgga_3x16,fc,0.5,1,2.075000,0.265227388955279,0.28331355303255157
deep0_rung35_mgga_3x16,deep_rung35_mgga_3x16,fc,0.5,1,2.100000,0.26394532880093247,0.2810922160356118
deep0_rung35_mgga_3x16,deep_rung35_mgga_3x16,fc,0.5,1,2.125000,0.26267149942211887,0.2789162265896511
deep0_rung35_mgga_3x16,deep_rung35_mgga_3x16,fc,0.5,1,2.150000,0.261404189606385,0.2767841622532473
deep0_rung35_mgga_3x16,deep_rung35_mgga_3x16,fc,0.5,1,2.175000,0.2601420001901077,0.27469465916527047
deep0_rung35_mgga_3x16,deep_rung35_mgga_3x16,fc,0.5,1,2.200000,0.258883794423847,0.27264640911754634
deep0_rung35_mgga_3x16,deep_rung35_mgga_3x16,fc,0.5,1,2.225000,0.25762865601758567,0.2706381567964263
deep0_rung35_mgga_3x16,deep_rung35_mgga_3x16,fc,0.5,1,2.250000,0.2563758538020152,0.26866869718241826
deep0_rung35_mgga_3x16,deep_rung35_mgga_3x16,fc,0.5,1,2.275000,0.25512481205232174,0.26673687309778743
deep0_rung35_mgga_3x16,deep_rung35_mgga_3x16,fc,0.5,1,2.300000,0.2538750856287635,0.2648415728927243
deep0_rung35_mgga_3x16,deep_rung35_mgga_3x16,fc,0.5,1,2.325000,0.2526263391910468,0.2629817282613315
deep0_rung35_mgga_3x16,deep_rung35_mgga_3x16,fc,0.5,1,2.350000,0.2513783298393377,0.261156312179271
deep0_rung35_mgga_3x16,deep_rung35_mgga_3x16,fc,0.5,1,2.375000,0.25013089262271393,0.2593643369554784
deep0_rung35_mgga_3x16,deep_rung35_mgga_3x16,fc,0.5,1,2.400000,0.24888392843545704,0.25760485239085973
deep0_rung35_mgga_3x16,deep_rung35_mgga_3x16,fc,0.5,1,2.425000,0.24763739389282924,0.25587694403737166
deep0_rung35_mgga_3x16,deep_rung35_mgga_3x16,fc,0.5,1,2.450000,0.24639129284100258,0.254179731551325
deep0_rung35_mgga_3x16,deep_rung35_mgga_3x16,fc,0.5,1,2.475000,0.245145669211132,0.25251236713517167
deep0_rung35_mgga_3x16,deep_rung35_mgga_3x16,fc,0.5,1,2.500000,0.24390060097564237,0.25087403406241
deep0_rung35_mgga_3x16,deep_rung35_mgga_3x16,fc,0.5,1,2.525000,0.24265619500628766,0.24926394528060775
deep0_rung35_mgga_3x16,deep_rung35_mgga_3x16,fc,0.5,1,2.550000,0.24141258266905308,0.2476813420878693
deep0_rung35_mgga_3x16,deep_rung35_mgga_3x16,fc,0.5,1,2.575000,0.24016991602113857,0.24612549287837895
deep0_rung35_mgga_3x16,deep_rung35_mgga_3x16,fc,0.5,1,2.600000,0.23892836450070043,0.244595691952943
deep0_rung35_mgga_3x16,deep_rung35_mgga_3x16,fc,0.5,1,2.625000,0.23768811202132845,0.2430912583907152
deep0_rung35_mgga_3x16,deep_rung35_mgga_3x16,fc,0.5,1,2.650000,0.2364493544008952,0.2416115349785379
deep0_rung35_mgga_3x16,deep_rung35_mgga_3x16,fc,0.5,1,2.675000,0.2352122970689794,0.2401558871945624
deep0_rung35_mgga_3x16,deep_rung35_mgga_3x16,fc,0.5,1,2.700000,0.2339771530089374,0.23872370224302325
deep0_rung35_mgga_3x16,deep_rung35_mgga_3x16,fc,0.5,1,2.725000,0.23274414090028928,0.23731438813724479
deep0_rung35_mgga_3x16,deep_rung35_mgga_3x16,fc,0.5,1,2.750000,0.23151348343476896,0.2359273728281351
deep0_rung35_mgga_3x16,deep_rung35_mgga_3x16,fc,0.5,1,2.775000,0.23028540578544288,0.23456210337560698
deep0_rung35_mgga_3x16,deep_rung35_mgga_3x16,fc,0.5,1,2.800000,0.2290601342130253,0.23321804516051328
deep0_rung35_mgga_3x16,deep_rung35_mgga_3x16,fc,0.5,1,2.825000,0.22783789479714056,0.23189468113484532
deep0_rung35_mgga_3x16,deep_rung35_mgga_3x16,fc,0.5,1,2.850000,0.2266189122830049,0.2305915111080737
deep0_rung35_mgga_3x16,deep_rung35_mgga_3x16,fc,0.5,1,2.875000,0.2254034090359971,0.2293080510676474
deep0_rung35_mgga_3x16,deep_rung35_mgga_3x16,fc,0.5,1,2.900000,0.22419160409801364,0.22804383253178506
deep0_rung35_mgga_3x16,deep_rung35_mgga_3x16,fc,0.5,1,2.925000,0.22298371234049086,0.22679840193280637
deep0_rung35_mgga_3x16,deep_rung35_mgga_3x16,fc,0.5,1,2.950000,0.22177994370957665,0.22557132002935876
deep0_rung35_mgga_3x16,deep_rung35_mgga_3x16,fc,0.5,1,2.975000,0.2205805025593559,0.22436216134599152
deep0_rung35_mgga_3x16,deep_rung35_mgga_3x16,fc,0.5,1,3.000000,0.21938558706917366,0.22317051363862328
deep0_rung35_mgga_3x16,deep_rung35_mgga_3x16,fc,0.5,1,3.025000,0.21819538874118627,0.2219959773845346
deep0_rung35_mgga_3x16,deep_rung35_mgga_3x16,fc,0.5,1,3.050000,0.2170100919742367,0.22083816529559788
deep0_rung35_mgga_3x16,deep_rung35_mgga_3x16,fc,0.5,1,3.075000,0.21582987371007245,0.21969670185353313
deep0_rung35_mgga_3x16,deep_rung35_mgga_3x16,fc,0.5,1,3.100000,0.21465490314783442,0.21857122286604785
deep0_rung35_mgga_3x16,deep_rung35_mgga_3x16,fc,0.5,1,3.125000,0.2134853415226481,0.21746137504278581
deep0_rung35_mgga_3x16,deep_rung35_mgga_3x16,fc,0.5,1,3.150000,0.21232134194406904,0.21636681559007237
deep0_rung35_mgga_3x16,deep_rung35_mgga_3x16,fc,0.5,1,3.175000,0.2111630492900809,0.21528721182349994
deep0_rung35_mgga_3x16,deep_rung35_mgga_3x16,fc,0.5,1,3.200000,0.21001060015231576,0.21422224079745308
deep0_rung35_mgga_3x16,deep_rung35_mgga_3x16,fc,0.5,1,3.225000,0.2088641228281778,0.21317158895072427
deep0_rung35_mgga_3x16,deep_rung35_mgga_3x16,fc,0.5,1,3.250000,0.20772373735559746,0.21213495176741698
deep0_rung35_mgga_3x16,deep_rung35_mgga_3x16,fc,0.5,1,3.275000,0.2065895555862144,0.21111203345237947
deep0_rung35_mgga_3x16,deep_rung35_mgga_3x16,fc,0.5,1,3.300000,0.205461681292898,0.21010254662045394
deep0_rung35_mgga_3x16,deep_rung35_mgga_3x16,fc,0.5,1,3.325000,0.2043402103076526,0.2091062119988659
deep0_rung35_mgga_3x16,deep_rung35_mgga_3x16,fc,0.5,1,3.350000,0.2032252306861102,0.2081227581421139
deep0_rung35_mgga_3x16,deep_rung35_mgga_3x16,fc,0.5,1,3.375000,0.20211682289499722,0.20715192115875722
deep0_rung35_mgga_3x16,deep_rung35_mgga_3x16,fc,0.5,1,3.400000,0.20101506001915348,0.20619344444953
deep0_rung35_mgga_3x16,deep_rung35_mgga_3x16,fc,0.5,1,3.425000,0.19992000798489562,0.20524707845624146
deep0_rung35_mgga_3x16,deep_rung35_mgga_3x16,fc,0.5,1,3.450000,0.19883172579672725,0.20431258042095127
deep0_rung35_mgga_3x16,deep_rung35_mgga_3x16,fc,0.5,1,3.475000,0.1977502657846245,0.2033897141549355
deep0_rung35_mgga_3x16,deep_rung35_mgga_3x16,fc,0.5,1,3.500000,0.19667567385934115,0.20247824981698617
deep0_rung35_mgga_3x16,deep_rung35_mgga_3x16,fc,0.5,1,3.525000,0.19560798977340788,0.20157796370060838
deep0_rung35_mgga_3x16,deep_rung35_mgga_3x16,fc,0.5,1,3.550000,0.19454724738570595,0.20068863802970538
deep0_rung35_mgga_3x16,deep_rung35_mgga_3x16,fc,0.5,1,3.575000,0.1934934749277134,0.19981006076235963
deep0_rung35_mgga_3x16,deep_rung35_mgga_3x16,fc,0.5,1,3.600000,0.19244669526972658,0.19894202540234204
deep0_rung35_mgga_3x16,deep_rung35_mgga_3x16,fc,0.5,1,3.625000,0.191406926185545,0.19808433081799626
deep0_rung35_mgga_3x16,deep_rung35_mgga_3x16,fc,0.5,1,3.650000,0.19037418061430122,0.1972367810681679
deep0_rung35_mgga_3x16,deep_rung35_mgga_3x16,fc,0.5,1,3.675000,0.189348466918284,0.19639918523485989
deep0_rung35_mgga_3x16,deep_rung35_mgga_3x16,fc,0.5,1,3.700000,0.1883297891357667,0.19557135726231661
deep0_rung35_mgga_3x16,deep_rung35_mgga_3x16,fc,0.5,1,3.725000,0.18731814722800455,0.19475311580224858
deep0_rung35_mgga_3x16,deep_rung35_mgga_3x16,fc,0.5,1,3.750000,0.18631353731969869,0.1939442840649317
deep0_rung35_mgga_3x16,deep_rung35_mgga_3x16,fc,0.5,1,3.775000,0.18531595193235584,0.1931446896759194
deep0_rung35_mgga_3x16,deep_rung35_mgga_3x16,fc,0.5,1,3.800000,0.1843253802100837,0.1923541645381254
deep0_rung35_mgga_3x16,deep_rung35_mgga_3x16,fc,0.5,1,3.825000,0.1833418081374688,0.19157254469904472
deep0_rung35_mgga_3x16,deep_rung35_mgga_3x16,fc,0.5,1,3.850000,0.18236521874928124,0.19079967022289113
deep0_rung35_mgga_3x16,deep_rung35_mgga_3x16,fc,0.5,1,3.875000,0.18139559233182412,0.19003538506744047
deep0_rung35_mgga_3x16,deep_rung35_mgga_3x16,fc,0.5,1,3.900000,0.1804329066158301,0.189279536965381
deep0_rung35_mgga_3x16,deep_rung35_mgga_3x16,fc,0.5,1,3.925000,0.17947713696086853,0.18853197730997814
deep0_rung35_mgga_3x16,deep_rung35_mgga_3x16,fc,0.5,1,3.950000,0.17852825653128157,0.18779256104487418
deep0_rung35_mgga_3x16,deep_rung35_mgga_3x16,fc,0.5,1,3.975000,0.17758623646372584,0.18706114655784864
deep0_rung35_mgga_3x16,deep_rung35_mgga_3x16,fc,0.5,1,4.000000,0.17665104602642367,0.18633759557837573
deep0_rung35_mgga_3x16,deep_rung35_mgga_3x16,fc,0.5,1,4.025000,0.17572265277028343,0.18562177307881986
deep0_rung35_mgga_3x16,deep_rung35_mgga_3x16,fc,0.5,1,4.050000,0.17480102267205777,0.18491354717912353
deep0_rung35_mgga_3x16,deep_rung35_mgga_3x16,fc,0.5,1,4.075000,0.17388612026975592,0.18421278905484048
deep0_rung35_mgga_3x16,deep_rung35_mgga_3x16,fc,0.5,1,4.100000,0.17297790879052344,0.18351937284838016
deep0_rung35_mgga_3x16,deep_rung35_mgga_3x16,fc,0.5,1,4.125000,0.17207635027123724,0.18283317558333598
deep0_rung35_mgga_3x16,deep_rung35_mgga_3x16,fc,0.5,1,4.150000,0.1711814056720664,0.18215407708176726
deep0_rung35_mgga_3x16,deep_rung35_mgga_3x16,fc,0.5,1,4.175000,0.17029303498325876,0.18148195988432425
deep0_rung35_mgga_3x16,deep_rung35_mgga_3x16,fc,0.5,1,4.200000,0.16941119732542576,0.18081670917309653
deep0_rung35_mgga_3x16,deep_rung35_mgga_3x16,fc,0.5,1,4.225000,0.16853585104358948,0.18015821269708324
deep0_rung35_mgga_3x16,deep_rung35_mgga_3x16,fc,0.5,1,4.250000,0.16766695379527052,0.1795063607001756
deep0_rung35_mgga_3x16,deep_rung35_mgga_3x16,fc,0.5,1,4.275000,0.16680446263288018,0.17886104585155926
deep0_rung35_mgga_3x16,deep_rung35_mgga_3x16,fc,0.5,1,4.300000,0.1659483340806951,0.17822216317843895
deep0_rung35_mgga_3x16,deep_rung35_mgga_3x16,fc,0.5,1,4.325000,0.16509852420666915,0.17758961000099663
deep0_rung35_mgga_3x16,deep_rung35_mgga_3x16,fc,0.5,1,4.350000,0.16425498868934962,0.17696328586949575
deep0_rung35_mgga_3x16,deep_rung35_mgga_3x16,fc,0.5,1,4.375000,0.16341768288014824,0.17634309250345392
deep0_rung35_mgga_3x16,deep_rung35_mgga_3x16,fc,0.5,1,4.400000,0.16258656186121034,0.17572893373279852
deep0_rung35_mgga_3x16,deep_rung35_mgga_3x16,fc,0.5,1,4.425000,0.16176158049913303,0.1751207154409365
deep0_rung35_mgga_3x16,deep_rung35_mgga_3x16,fc,0.5,1,4.450000,0.160942693494747,0.17451834550966117
deep0_rung35_mgga_3x16,deep_rung35_mgga_3x16,fc,0.5,1,4.475000,0.16012985542920344,0.17392173376583175
deep0_rung35_mgga_3x16,deep_rung35_mgga_3x16,fc,0.5,1,4.500000,0.15932302080656613,0.17333079192975498
deep0_rung35_mgga_3x16,deep_rung35_mgga_3x16,fc,0.5,1,4.525000,0.1585221440931246,0.17274543356520955
deep0_rung35_mgga_3x16,deep_rung35_mgga_3x16,fc,0.5,1,4.550000,0.1577271797536195,0.17216557403105057
deep0_rung35_mgga_3x16,deep_rung35_mgga_3x16,fc,0.5,1,4.575000,0.15693808228457506,0.1715911304343365
deep0_rung35_mgga_3x16,deep_rung35_mgga_3x16,fc,0.5,1,4.600000,0.15615480624491407,0.1710220215849235
deep0_rung35_mgga_3x16,deep_rung35_mgga_3x16,fc,0.5,1,4.625000,0.15537730628402935,0.17045816795147253
deep0_rung35_mgga_3x16,deep_rung35_mgga_3x16,fc,0.5,1,4.650000,0.15460553716747438,0.16989949161882065
deep0_rung35_mgga_3x16,deep_rung35_mgga_3x16,fc,0.5,1,4.675000,0.1538394538004283,0.169345916246664
deep0_rung35_mgga_3x16,deep_rung35_mgga_3x16,fc,0.5,1,4.700000,0.15307901124908363,0.16879736702950832
deep0_rung35_mgga_3x16,deep_rung35_mgga_3x16,fc,0.5,1,4.725000,0.15232416476009325,0.16825377065784222
deep0_rung35_mgga_3x16,deep_rung35_mgga_3x16,fc,0.5,1,4.750000,0.15157486977821244,0.16771505528048544
deep0_rung35_mgga_3x16,deep_rung35_mgga_3x16,fc,0.5,1,4.775000,0.1508310819622537,0.16718115046807694
deep0_rung35_mgga_3x16,deep_rung35_mgga_3x16,fc,0.5,1,4.800000,0.15009275719948312,0.16665198717765758
deep0_rung35_mgga_3x16,deep_rung35_mgga_3x16,fc,0.5,1,4.825000,0.14935985161855658,0.16612749771831284
deep0_rung35_mgga_3x16,deep_rung35_mgga_3x16,fc,0.5,1,4.850000,0.14863232160110773,0.16560761571783714
deep0_rung35_mgga_3x16,deep_rung35_mgga_3x16,fc,0.5,1,4.875000,0.147910123792085,0.16509227609038232
deep0_rung35_mgga_3x16,deep_rung35_mgga_3x16,fc,0.5,1,4.900000,0.14719321510892847,0.16458141500506226
deep0_rung35_mgga_3x16,deep_rung35_mgga_3x16,fc,0.5,1,4.925000,0.1464815527496729,0.16407496985547446
deep0_rung35_mgga_3x16,deep_rung35_mgga_3x16,fc,0.5,1,4.950000,0.14577509420005963,0.1635728792301117
deep0_rung35_mgga_3x16,deep_rung35_mgga_3x16,fc,0.5,1,4.975000,0.14507379723973302,0.16307508288363087
deep0_rung35_mgga_3x16,deep_rung35_mgga_3x16,fc,0.5,1,5.000000,0.1443776199475929,0.16258152170895424
deep0_rung35_mgga_3x16,deep_rung35_mgga_3x16,fc,0.5,1,5.025000,0.1436865207063669,0.1620921377101671
deep0_rung35_mgga_3x16,deep_rung35_mgga_3x16,fc,0.5,1,5.050000,0.14300045820647278,0.16160687397619602
deep0_rung35_mgga_3x16,deep_rung35_mgga_3x16,fc,0.5,1,5.075000,0.14231939144921613,0.16112567465523162
deep0_rung35_mgga_3x16,deep_rung35_mgga_3x16,fc,0.5,1,5.100000,0.14164327974939428,0.16064848492987935
deep0_rung35_mgga_3x16,deep_rung35_mgga_3x16,fc,0.5,1,5.125000,0.1409720827373392,0.16017525099300686
deep0_rung35_mgga_3x16,deep_rung35_mgga_3x16,fc,0.5,1,5.150000,0.14030576036046383,0.15970592002427247
deep0_rung35_mgga_3x16,deep_rung35_mgga_3x16,fc,0.5,1,5.175000,0.13964427288434145,0.1592404401673063
deep0_rung35_mgga_3x16,deep_rung35_mgga_3x16,fc,0.5,1,5.200000,0.13898758089336705,0.15877876050752676
deep0_rung35_mgga_3x16,deep_rung35_mgga_3x16,fc,0.5,1,5.225000,0.13833564529103826,0.15832083105056988
deep0_rung35_mgga_3x16,deep_rung35_mgga_3x16,fc,0.5,1,5.250000,0.1376884272998864,0.1578666027013137
deep0_rung35_mgga_3x16,deep_rung35_mgga_3x16,fc,0.5,1,5.275000,0.13704588846109556,0.15741602724347523
deep0_rung35_mgga_3x16,deep_rung35_mgga_3x16,fc,0.5,1,5.300000,0.13640799063383657,0.15696905731976635
deep0_rung35_mgga_3x16,deep_rung35_mgga_3x16,fc,0.5,1,5.325000,0.13577469599434522,0.1565256464125864
deep0_rung35_mgga_3x16,deep_rung35_mgga_3x16,fc,0.5,1,5.350000,0.13514596703477166,0.15608574882523746
deep0_rung35_mgga_3x16,deep_rung35_mgga_3x16,fc,0.5,1,5.375000,0.13452176656182124,0.15564931966364534
deep0_rung35_mgga_3x16,deep_rung35_mgga_3x16,fc,0.5,1,5.400000,0.13390205769521313,0.1552163148185686
deep0_rung35_mgga_3x16,deep_rung35_mgga_3x16,fc,0.5,1,5.425000,0.1332868038659757,0.1547866909482838
deep0_rung35_mgga_3x16,deep_rung35_mgga_3x16,fc,0.5,1,5.450000,0.1326759688145953,0.15436040546172822
deep0_rung35_mgga_3x16,deep_rung35_mgga_3x16,fc,0.5,1,5.475000,0.13206951658903832,0.15393741650208853
deep0_rung35_mgga_3x16,deep_rung35_mgga_3x16,fc,0.5,1,5.500000,0.13146741154266195,0.15351768293082343
deep0_rung35_mgga_3x16,deep_rung35_mgga_3x16,fc,0.5,1,5.525000,0.13086961833202715,0.15310116431209972
deep0_rung35_mgga_3x16,deep_rung35_mgga_3x16,fc,0.5,1,5.550000,0.1302761019146269,0.15268782089763872
deep0_rung35_mgga_3x16,deep_rung35_mgga_3x16,fc,0.5,1,5.575000,0.1296868275465447,0.1522776136119535
deep0_rung35_mgga_3x16,deep_rung35_mgga_3x16,fc,0.5,1,5.600000,0.12910176078004953,0.1518705040379679
deep0_rung35_mgga_3x16,deep_rung35_mgga_3x16,fc,0.5,1,5.625000,0.12852086746114355,0.1514664544030052
deep0_rung35_mgga_3x16,deep_rung35_mgga_3x16,fc,0.5,1,5.650000,0.12794411372706593,0.15106542756513777
deep0_rung35_mgga_3x16,deep_rung35_mgga_3x16,fc,0.5,1,5.675000,0.12737146600376614,0.1506673869998804
deep0_rung35_mgga_3x16,deep_rung35_mgga_3x16,fc,0.5,1,5.700000,0.1268028910033503,0.1502722967872271
deep0_rung35_mgga_3x16,deep_rung35_mgga_3x16,fc,0.5,1,5.725000,0.126238355721509,0.14988012159901035
deep0_rung35_mgga_3x16,deep_rung35_mgga_3x16,fc,0.5,1,5.750000,0.12567782743493572,0.14949082668658112
deep0_rung35_mgga_3x16,deep_rung35_mgga_3x16,fc,0.5,1,5.775000,0.12512127369873505,0.14910437786879902
deep0_rung35_mgga_3x16,deep_rung35_mgga_3x16,fc,0.5,1,5.800000,0.12456866234383335,0.14872074152031808
deep0_rung35_mgga_3x16,deep_rung35_mgga_3x16,fc,0.5,1,5.825000,0.12401996147438965,0.14833988456016775
deep0_rung35_mgga_3x16,deep_rung35_mgga_3x16,fc,0.5,1,5.850000,0.12347513946521504,0.14796177444061417
deep0_rung35_mgga_3x16,deep_rung35_mgga_3x16,fc,0.5,1,5.875000,0.12293416495920273,0.1475863791362959
deep0_rung35_mgga_3x16,deep_rung35_mgga_3x16,fc,0.5,1,5.900000,0.12239700686477128,0.147213667133628
deep0_rung35_mgga_3x16,deep_rung35_mgga_3x16,fc,0.5,1,5.925000,0.12186363435332659,0.14684360742046257
deep0_rung35_mgga_3x16,deep_rung35_mgga_3x16,fc,0.5,1,5.950000,0.1213340168567405,0.1464761694760027
deep0_rung35_mgga_3x16,deep_rung35_mgga_3x16,fc,0.5,1,5.975000,0.12080812406485242,0.14611132326095994
deep0_rung35_mgga_3x16,deep_rung35_mgga_3x16,fc,0.5,1,6.000000,0.12028592592299403,0.14574903920795002
deep0_rung35_mgga_3x16,deep_rung35_mgga_3x16,fc,2,1,0.000000,1.0,0.9999979292399579
deep0_rung35_mgga_3x16,deep_rung35_mgga_3x16,fc,2,1,0.025000,0.9999409565360463,0.9993770542431832
deep0_rung35_mgga_3x16,deep_rung35_mgga_3x16,fc,2,1,0.050000,0.999534358247673,0.9975228957770809
deep0_rung35_mgga_3x16,deep_rung35_mgga_3x16,fc,2,1,0.075000,0.9984545710957764,0.994460530999504
deep0_rung35_mgga_3x16,deep_rung35_mgga_3x16,fc,2,1,0.100000,0.9964099630031971,0.9902307044211887
deep0_rung35_mgga_3x16,deep_rung35_mgga_3x16,fc,2,1,0.125000,0.9931582620645163,0.9848883327285808
deep0_rung35_mgga_3x16,deep_rung35_mgga_3x16,fc,2,1,0.150000,0.9885248991826183,0.9785005634473067
deep0_rung35_mgga_3x16,deep_rung35_mgga_3x16,fc,2,1,0.175000,0.9824221682546799,0.9711445178442647
deep0_rung35_mgga_3x16,deep_rung35_mgga_3x16,fc,2,1,0.200000,0.9748665051038835,0.962904859173321
deep0_rung35_mgga_3x16,deep_rung35_mgga_3x16,fc,2,1,0.225000,0.9659904692120984,0.9538713244108318
deep0_rung35_mgga_3x16,deep_rung35_mgga_3x16,fc,2,1,0.250000,0.9560452213590227,0.9441363431076241
deep0_rung35_mgga_3x16,deep_rung35_mgga_3x16,fc,2,1,0.275000,0.9453887412214752,0.9337928442081102
deep0_rung35_mgga_3x16,deep_rung35_mgga_3x16,fc,2,1,0.300000,0.9344552791584112,0.9229323244306081
deep0_rung35_mgga_3x16,deep_rung35_mgga_3x16,fc,2,1,0.325000,0.9237033345818666,0.9116432236494123
deep0_rung35_mgga_3x16,deep_rung35_mgga_3x16,fc,2,1,0.350000,0.9135435635243688,0.9000096265825765
deep0_rung35_mgga_3x16,deep_rung35_mgga_3x16,fc,2,1,0.375000,0.9042548597738524,0.8881102879680052
deep0_rung35_mgga_3x16,deep_rung35_mgga_3x16,fc,2,1,0.400000,0.8959058686925069,0.8760179613553188
deep0_rung35_mgga_3x16,deep_rung35_mgga_3x16,fc,2,1,0.425000,0.8883079219292452,0.8637989998809493
deep0_rung35_mgga_3x16,deep_rung35_mgga_3x16,fc,2,1,0.450000,0.8810285458919463,0.8515131905458164
deep0_rung35_mgga_3x16,deep_rung35_mgga_3x16,fc,2,1,0.475000,0.8734841688185578,0.8392137808151852
deep0_rung35_mgga_3x16,deep_rung35_mgga_3x16,fc,2,1,0.500000,0.865098758731796,0.8269476568730664
deep0_rung35_mgga_3x16,deep_rung35_mgga_3x16,fc,2,1,0.525000,0.85546618920865,0.8147556356408845
deep0_rung35_mgga_3x16,deep_rung35_mgga_3x16,fc,2,1,0.550000,0.844422854143932,0.8026728368579534
deep0_rung35_mgga_3x16,deep_rung35_mgga_3x16,fc,2,1,0.575000,0.8319813210820763,0.7907291064157039
deep0_rung35_mgga_3x16,deep_rung35_mgga_3x16,fc,2,1,0.600000,0.8181984517651093,0.7789494672031972
deep0_rung35_mgga_3x16,deep_rung35_mgga_3x16,fc,2,1,0.625000,0.8031272238840543,0.7673545785836753
deep0_rung35_mgga_3x16,deep_rung35_mgga_3x16,fc,2,1,0.650000,0.7869071891236673,0.7559611900447227
deep0_rung35_mgga_3x16,deep_rung35_mgga_3x16,fc,2,1,0.675000,0.7698837358492994,0.7447825784221427
deep0_rung35_mgga_3x16,deep_rung35_mgga_3x16,fc,2,1,0.700000,0.752617490145065,0.7338289613453942
deep0_rung35_mgga_3x16,deep_rung35_mgga_3x16,fc,2,1,0.725000,0.7357589208900441,0.7231078822018028
deep0_rung35_mgga_3x16,deep_rung35_mgga_3x16,fc,2,1,0.750000,0.7198679127951897,0.7126245640138944
deep0_rung35_mgga_3x16,deep_rung35_mgga_3x16,fc,2,1,0.775000,0.7052752640276564,0.7023822312342055
deep0_rung35_mgga_3x16,deep_rung35_mgga_3x16,fc,2,1,0.800000,0.6920389090532718,0.6923823996571112
deep0_rung35_mgga_3x16,deep_rung35_mgga_3x16,fc,2,1,0.825000,0.6799912273136647,0.6826251354996576
deep0_rung35_mgga_3x16,deep_rung35_mgga_3x16,fc,2,1,0.850000,0.6688375240631894,0.6731092852800223
deep0_rung35_mgga_3x16,deep_rung35_mgga_3x16,fc,2,1,0.875000,0.6582591555375616,0.6638326784825364
deep0_rung35_mgga_3x16,deep_rung35_mgga_3x16,fc,2,1,0.900000,0.6479891666981192,0.6547923051930069
deep0_rung35_mgga_3x16,deep_rung35_mgga_3x16,fc,2,1,0.925000,0.6378490406078355,0.6459844709597109
deep0_rung35_mgga_3x16,deep_rung35_mgga_3x16,fc,2,1,0.950000,0.6277515865794434,0.6374049311182255
deep0_rung35_mgga_3x16,deep_rung35_mgga_3x16,fc,2,1,0.975000,0.6176831195719145,0.6290490067394222
deep0_rung35_mgga_3x16,deep_rung35_mgga_3x16,fc,2,1,1.000000,0.60767857273089,0.6209116842406892
deep0_rung35_mgga_3x16,deep_rung35_mgga_3x16,fc,2,1,1.025000,0.5977989609069219,0.6129877005568195
deep0_rung35_mgga_3x16,deep_rung35_mgga_3x16,fc,2,1,1.050000,0.5881151408092943,0.6052716156109965
deep0_rung35_mgga_3x16,deep_rung35_mgga_3x16,fc,2,1,1.075000,0.5786977139940652,0.5977578736666059
deep0_rung35_mgga_3x16,deep_rung35_mgga_3x16,fc,2,1,1.100000,0.569611140199457,0.5904408549832783
deep0_rung35_mgga_3x16,deep_rung35_mgga_3x16,fc,2,1,1.125000,0.560910158915496,0.5833149190497332
deep0_rung35_mgga_3x16,deep_rung35_mgga_3x16,fc,2,1,1.150000,0.5526374051280422,0.5763744405242637
deep0_rung35_mgga_3x16,deep_rung35_mgga_3x16,fc,2,1,1.175000,0.5448218502316047,0.5696138388825301
deep0_rung35_mgga_3x16,deep_rung35_mgga_3x16,fc,2,1,1.200000,0.5374780904472273,0.5630276026524232
deep0_rung35_mgga_3x16,deep_rung35_mgga_3x16,fc,2,1,1.225000,0.5306065734989674,0.5566103090071902
deep0_rung35_mgga_3x16,deep_rung35_mgga_3x16,fc,2,1,1.250000,0.5241947505420842,0.5503566393905188
deep0_rung35_mgga_3x16,deep_rung35_mgga_3x16,fc,2,1,1.275000,0.518218999706506,0.5442613917602815
deep0_rung35_mgga_3x16,deep_rung35_mgga_3x16,fc,2,1,1.300000,0.5126470670613105,0.5383194899604652
deep0_rung35_mgga_3x16,deep_rung35_mgga_3x16,fc,2,1,1.325000,0.5074407349394738,0.5325259906626605
deep0_rung35_mgga_3x16,deep_rung35_mgga_3x16,fc,2,1,1.350000,0.5025584490829106,0.5268760882585468
deep0_rung35_mgga_3x16,deep_rung35_mgga_3x16,fc,2,1,1.375000,0.49795769433214343,0.5213651180322839
deep0_rung35_mgga_3x16,deep_rung35_mgga_3x16,fc,2,1,1.400000,0.49359698177412037,0.5159885578958218
deep0_rung35_mgga_3x16,deep_rung35_mgga_3x16,fc,2,1,1.425000,0.48943738145412086,0.5107420289301449
deep0_rung35_mgga_3x16,deep_rung35_mgga_3x16,fc,2,1,1.450000,0.48544359370103807,0.505621294940694
deep0_rung35_mgga_3x16,deep_rung35_mgga_3x16,fc,2,1,1.475000,0.48158459454472224,0.5006222612050479
deep0_rung35_mgga_3x16,deep_rung35_mgga_3x16,fc,2,1,1.500000,0.47783391663620756,0.49574097256481264
deep0_rung35_mgga_3x16,deep_rung35_mgga_3x16,fc,2,1,1.525000,0.47416963899856013,0.49097361099109743
deep0_rung35_mgga_3x16,deep_rung35_mgga_3x16,fc,2,1,1.550000,0.47057416032198296,0.4863164927334565
deep0_rung35_mgga_3x16,deep_rung35_mgga_3x16,fc,2,1,1.575000,0.4670338248855326,0.4817660651453901
deep0_rung35_mgga_3x16,deep_rung35_mgga_3x16,fc,2,1,1.600000,0.4635384605552515,0.4773189032650351
deep0_rung35_mgga_3x16,deep_rung35_mgga_3x16,fc,2,1,1.625000,0.4600808769898822,0.4729717062172614
deep0_rung35_mgga_3x16,deep_rung35_mgga_3x16,fc,2,1,1.650000,0.45665636079266836,0.46872129349273167
deep0_rung35_mgga_3x16,deep_rung35_mgga_3x16,fc,2,1,1.675000,0.4532621938888448,0.4645646011503388
deep0_rung35_mgga_3x16,deep_rung35_mgga_3x16,fc,2,1,1.700000,0.44989721242179925,0.46049867798163124
deep0_rung35_mgga_3x16,deep_rung35_mgga_3x16,fc,2,1,1.725000,0.44656141614924816,0.456520681669137
deep0_rung35_mgga_3x16,deep_rung35_mgga_3x16,fc,2,1,1.750000,0.4432556326653687,0.45262787496481893
deep0_rung35_mgga_3x16,deep_rung35_mgga_3x16,fc,2,1,1.775000,0.43998123662493227,0.44881762191001456
deep0_rung35_mgga_3x16,deep_rung35_mgga_3x16,fc,2,1,1.800000,0.43673992128390327,0.44508738411410614
deep0_rung35_mgga_3x16,deep_rung35_mgga_3x16,fc,2,1,1.825000,0.43353351785866767,0.4414347171056468
deep0_rung35_mgga_3x16,deep_rung35_mgga_3x16,fc,2,1,1.850000,0.4303638572109716,0.43785726676671094
deep0_rung35_mgga_3x16,deep_rung35_mgga_3x16,fc,2,1,1.875000,0.4272326679787344,0.4343527658587303
deep0_rung35_mgga_3x16,deep_rung35_mgga_3x16,fc,2,1,1.900000,0.42414150531642725,0.43091903064596176
deep0_rung35_mgga_3x16,deep_rung35_mgga_3x16,fc,2,1,1.925000,0.4210917047378565,0.4275539576209672
deep0_rung35_mgga_3x16,deep_rung35_mgga_3x16,fc,2,1,1.950000,0.41808435605607186,0.42425552033500025
deep0_rung35_mgga_3x16,deep_rung35_mgga_3x16,fc,2,1,1.975000,0.41512029300500797,0.42102176633496174
deep0_rung35_mgga_3x16,deep_rung35_mgga_3x16,fc,2,1,2.000000,0.4122000947444864,0.4178508142075638
deep0_rung35_mgga_3x16,deep_rung35_mgga_3x16,fc,2,1,2.025000,0.4093240960530188,0.4147408507304974
deep0_rung35_mgga_3x16,deep_rung35_mgga_3x16,fc,2,1,2.050000,0.4064924035750449,0.4116901281297167
deep0_rung35_mgga_3x16,deep_rung35_mgga_3x16,fc,2,1,2.075000,0.4037049159959323,0.40869696144138795
deep0_rung35_mgga_3x16,deep_rung35_mgga_3x16,fc,2,1,2.100000,0.4009613464624906,0.4057597259766089
deep0_rung35_mgga_3x16,deep_rung35_mgga_3x16,fc,2,1,2.125000,0.39826124594786805,0.4028768548866527
deep0_rung35_mgga_3x16,deep_rung35_mgga_3x16,fc,2,1,2.150000,0.3956040265801586,0.40004683682621295
deep0_rung35_mgga_3x16,deep_rung35_mgga_3x16,fc,2,1,2.175000,0.3929889842187383,0.3972682137119251
deep0_rung35_mgga_3x16,deep_rung35_mgga_3x16,fc,2,1,2.200000,0.3904153197772914,0.39453957857328703
deep0_rung35_mgga_3x16,deep_rung35_mgga_3x16,fc,2,1,2.225000,0.38788215896413636,0.3918595734929977
deep0_rung35_mgga_3x16,deep_rung35_mgga_3x16,fc,2,1,2.250000,0.3853885702451607,0.3892268876336721
deep0_rung35_mgga_3x16,deep_rung35_mgga_3x16,fc,2,1,2.275000,0.3829335809383665,0.38664025534786034
deep0_rung35_mgga_3x16,deep_rung35_mgga_3x16,fc,2,1,2.300000,0.38051619142714077,0.38409845436829027
deep0_rung35_mgga_3x16,deep_rung35_mgga_3x16,fc,2,1,2.325000,0.3781353875365858,0.3816003040752743
deep0_rung35_mgga_3x16,deep_rung35_mgga_3x16,fc,2,1,2.350000,0.3757901511577385,0.3791446638382631
deep0_rung35_mgga_3x16,deep_rung35_mgga_3x16,fc,2,1,2.375000,0.37347946923169295,0.37673043142856466
deep0_rung35_mgga_3x16,deep_rung35_mgga_3x16,fc,2,1,2.400000,0.37120234122245144,0.3743565415003257
deep0_rung35_mgga_3x16,deep_rung35_mgga_3x16,fc,2,1,2.425000,0.3689577852161472,0.37202196413693345
deep0_rung35_mgga_3x16,deep_rung35_mgga_3x16,fc,2,1,2.450000,0.3667448427870559,0.36972570346007544
deep0_rung35_mgga_3x16,deep_rung35_mgga_3x16,fc,2,1,2.475000,0.3645625827691308,0.36746679629878193
deep0_rung35_mgga_3x16,deep_rung35_mgga_3x16,fc,2,1,2.500000,0.3624101040668931,0.36524431091585596
deep0_rung35_mgga_3x16,deep_rung35_mgga_3x16,fc,2,1,2.525000,0.3602865376323925,0.3630573457891894
deep0_rung35_mgga_3x16,deep_rung35_mgga_3x16,fc,2,1,2.550000,0.3581910477264063,0.36090502844555156
deep0_rung35_mgga_3x16,deep_rung35_mgga_3x16,fc,2,1,2.575000,0.356122832572622,0.35878651434452946
deep0_rung35_mgga_3x16,deep_rung35_mgga_3x16,fc,2,1,2.600000,0.3540811245037794,0.35670098581038173
deep0_rung35_mgga_3x16,deep_rung35_mgga_3x16,fc,2,1,2.625000,0.35206518968890166,0.3546476510096695
deep0_rung35_mgga_3x16,deep_rung35_mgga_3x16,fc,2,1,2.650000,0.35007432752111733,0.3526257429726038
deep0_rung35_mgga_3x16,deep_rung35_mgga_3x16,fc,2,1,2.675000,0.348107869736328,0.3506345186561396
deep0_rung35_mgga_3x16,deep_rung35_mgga_3x16,fc,2,1,2.700000,0.3461651793242386,0.34867325804693405
deep0_rung35_mgga_3x16,deep_rung35_mgga_3x16,fc,2,1,2.725000,0.3442456492851247,0.3467412633023611
deep0_rung35_mgga_3x16,deep_rung35_mgga_3x16,fc,2,1,2.750000,0.34234870127816863,0.3448378579278594
deep0_rung35_mgga_3x16,deep_rung35_mgga_3x16,fc,2,1,2.775000,0.3404737842003581,0.34296238598896517
deep0_rung35_mgga_3x16,deep_rung35_mgga_3x16,fc,2,1,2.800000,0.3386203727286996,0.34111421135645564
deep0_rung35_mgga_3x16,deep_rung35_mgga_3x16,fc,2,1,2.825000,0.3367879658529367,0.33929271698309965
deep0_rung35_mgga_3x16,deep_rung35_mgga_3x16,fc,2,1,2.850000,0.33497608542099155,0.3374973042105832
deep0_rung35_mgga_3x16,deep_rung35_mgga_3x16,fc,2,1,2.875000,0.3331842747149667,0.33572739210524005
deep0_rung35_mgga_3x16,deep_rung35_mgga_3x16,fc,2,1,2.900000,0.3314120970717003,0.33398241682128416
deep0_rung35_mgga_3x16,deep_rung35_mgga_3x16,fc,2,1,2.925000,0.32965913455854357,0.33226183099029705
deep0_rung35_mgga_3x16,deep_rung35_mgga_3x16,fc,2,1,2.950000,0.3279249867121474,0.3305651031357905
deep0_rung35_mgga_3x16,deep_rung35_mgga_3x16,fc,2,1,2.975000,0.32620926934561134,0.3288917171117058
deep0_rung35_mgga_3x16,deep_rung35_mgga_3x16,fc,2,1,3.000000,0.3245116134272672,0.3272411715637788
deep0_rung35_mgga_3x16,deep_rung35_mgga_3x16,fc,2,1,3.025000,0.32283166403266716,0.325612979412743
deep0_rung35_mgga_3x16,deep_rung35_mgga_3x16,fc,2,1,3.050000,0.32116907936990713,0.32400666735839034
deep0_rung35_mgga_3x16,deep_rung35_mgga_3x16,fc,2,1,3.075000,0.3195235298772918,0.3224217754035607
deep0_rung35_mgga_3x16,deep_rung35_mgga_3x16,fc,2,1,3.100000,0.3178946973914196,0.3208578563971705
deep0_rung35_mgga_3x16,deep_rung35_mgga_3x16,fc,2,1,3.125000,0.31628227438307466,0.31931447559543635
deep0_rung35_mgga_3x16,deep_rung35_mgga_3x16,fc,2,1,3.150000,0.31468596325777365,0.31779121024048645
deep0_rung35_mgga_3x16,deep_rung35_mgga_3x16,fc,2,1,3.175000,0.3131054757174512,0.31628764915559354
deep0_rung35_mgga_3x16,deep_rung35_mgga_3x16,fc,2,1,3.200000,0.3115405321795186,0.31480339235629645
deep0_rung35_mgga_3x16,deep_rung35_mgga_3x16,fc,2,1,3.225000,0.30999086124938313,0.31333805067671594
deep0_rung35_mgga_3x16,deep_rung35_mgga_3x16,fc,2,1,3.250000,0.308456199242477,0.3118912454103982
deep0_rung35_mgga_3x16,deep_rung35_mgga_3x16,fc,2,1,3.275000,0.3069362897518675,0.3104626079650559
deep0_rung35_mgga_3x16,deep_rung35_mgga_3x16,fc,2,1,3.300000,0.30543088325758316,0.3090517795306019
deep0_rung35_mgga_3x16,deep_rung35_mgga_3x16,fc,2,1,3.325000,0.30393973677394304,0.3076584107599022
deep0_rung35_mgga_3x16,deep_rung35_mgga_3x16,fc,2,1,3.350000,0.3024626135313163,0.3062821614617
deep0_rung35_mgga_3x16,deep_rung35_mgga_3x16,fc,2,1,3.375000,0.30099928268893406,0.3049227003051915
deep0_rung35_mgga_3x16,deep_rung35_mgga_3x16,fc,2,1,3.400000,0.29954951907557414,0.30357970453574934
deep0_rung35_mgga_3x16,deep_rung35_mgga_3x16,fc,2,1,3.425000,0.2981131029551636,0.30225285970132765
deep0_rung35_mgga_3x16,deep_rung35_mgga_3x16,fc,2,1,3.450000,0.29668981981453735,0.3009418593890887
deep0_rung35_mgga_3x16,deep_rung35_mgga_3x16,fc,2,1,3.475000,0.29527946017084594,0.2996464049718257
deep0_rung35_mgga_3x16,deep_rung35_mgga_3x16,fc,2,1,3.500000,0.29388181939628755,0.2983662053637661
deep0_rung35_mgga_3x16,deep_rung35_mgga_3x16,fc,2,1,3.525000,0.29249669755807073,0.2971009767853637
deep0_rung35_mgga_3x16,deep_rung35_mgga_3x16,fc,2,1,3.550000,0.2911238992717047,0.2958504425367076
deep0_rung35_mgga_3x16,deep_rung35_mgga_3x16,fc,2,1,3.575000,0.28976323356591527,0.29461433277918625
deep0_rung35_mgga_3x16,deep_rung35_mgga_3x16,fc,2,1,3.600000,0.28841451375765126,0.29339238432506953
deep0_rung35_mgga_3x16,deep_rung35_mgga_3x16,fc,2,1,3.625000,0.28707755733583296,0.29218434043467995
deep0_rung35_mgga_3x16,deep_rung35_mgga_3x16,fc,2,1,3.650000,0.2857521858526372,0.29098995062084504
deep0_rung35_mgga_3x16,deep_rung35_mgga_3x16,fc,2,1,3.675000,0.2844382248212607,0.2898089704603319
deep0_rung35_mgga_3x16,deep_rung35_mgga_3x16,fc,2,1,3.700000,0.2831355036192429,0.28864116141198104
deep0_rung35_mgga_3x16,deep_rung35_mgga_3x16,fc,2,1,3.725000,0.2818438553965448,0.28748629064127096
deep0_rung35_mgga_3x16,deep_rung35_mgga_3x16,fc,2,1,3.750000,0.2805631169876853,0.2863441308510491
deep0_rung35_mgga_3x16,deep_rung35_mgga_3x16,fc,2,1,3.775000,0.27929312882734514,0.2852144601181904
deep0_rung35_mgga_3x16,deep_rung35_mgga_3x16,fc,2,1,3.800000,0.27803373486893146,0.2840970617359392
deep0_rung35_mgga_3x16,deep_rung35_mgga_3x16,fc,2,1,3.825000,0.2767847825056644,0.28299172406171447
deep0_rung35_mgga_3x16,deep_rung35_mgga_3x16,fc,2,1,3.850000,0.27554612249384247,0.28189824037015937
deep0_rung35_mgga_3x16,deep_rung35_mgga_3x16,fc,2,1,3.875000,0.27431760887797185,0.2808164087112307
deep0_rung35_mgga_3x16,deep_rung35_mgga_3x16,fc,2,1,3.900000,0.2730990989175248,0.2797460317731291
deep0_rung35_mgga_3x16,deep_rung35_mgga_3x16,fc,2,1,3.925000,0.27189045301512316,0.278686916749883
deep0_rung35_mgga_3x16,deep_rung35_mgga_3x16,fc,2,1,3.950000,0.2706915346459886,0.27763887521340663
deep0_rung35_mgga_3x16,deep_rung35_mgga_3x16,fc,2,1,3.975000,0.2695022102885407,0.27660172298985414
deep0_rung35_mgga_3x16,deep_rung35_mgga_3x16,fc,2,1,4.000000,0.2683223493560354,0.2755752800401125
deep0_rung35_mgga_3x16,deep_rung35_mgga_3x16,fc,2,1,4.025000,0.26715182412919014,0.2745593703442679
deep0_rung35_mgga_3x16,deep_rung35_mgga_3x16,fc,2,1,4.050000,0.26599050968972804,0.27355382178989796
deep0_rung35_mgga_3x16,deep_rung35_mgga_3x16,fc,2,1,4.075000,0.264838283854824,0.2725584660640442
deep0_rung35_mgga_3x16,deep_rung35_mgga_3x16,fc,2,1,4.100000,0.26369502711242054,0.2715731385487246
deep0_rung35_mgga_3x16,deep_rung35_mgga_3x16,fc,2,1,4.125000,0.2625606225574172,0.27059767821985464
deep0_rung35_mgga_3x16,deep_rung35_mgga_3x16,fc,2,1,4.150000,0.261434955828727,0.2696319275494482
deep0_rung35_mgga_3x16,deep_rung35_mgga_3x16,fc,2,1,4.175000,0.26031791504720947,0.2686757324109783
deep0_rung35_mgga_3x16,deep_rung35_mgga_3x16,fc,2,1,4.200000,0.2592093907544972,0.2677289419877766
deep0_rung35_mgga_3x16,deep_rung35_mgga_3x16,fc,2,1,4.225000,0.2581092758527259,0.2667914086843645
deep0_rung35_mgga_3x16,deep_rung35_mgga_3x16,fc,2,1,4.250000,0.2570174655451922,0.2658629880406043
deep0_rung35_mgga_3x16,deep_rung35_mgga_3x16,fc,2,1,4.275000,0.2559338572779585,0.2649435386485696
deep0_rung35_mgga_3x16,deep_rung35_mgga_3x16,fc,2,1,4.300000,0.25485835068242013,0.26403292207203394
deep0_rung35_mgga_3x16,deep_rung35_mgga_3x16,fc,2,1,4.325000,0.25379084751886505,0.26313100276848567
deep0_rung35_mgga_3x16,deep_rung35_mgga_3x16,fc,2,1,4.350000,0.25273125162103294,0.2622376480135749
deep0_rung35_mgga_3x16,deep_rung35_mgga_3x16,fc,2,1,4.375000,0.2516794688417039,0.261352727827909
deep0_rung35_mgga_3x16,deep_rung35_mgga_3x16,fc,2,1,4.400000,0.25063540699932274,0.2604761149061068
deep0_rung35_mgga_3x16,deep_rung35_mgga_3x16,fc,2,1,4.425000,0.24959897582568225,0.25960768454803845
deep0_rung35_mgga_3x16,deep_rung35_mgga_3x16,fc,2,1,4.450000,0.24857008691466853,0.2587473145921683
deep0_rung35_mgga_3x16,deep_rung35_mgga_3x16,fc,2,1,4.475000,0.24754865367208678,0.257894885350928
deep0_rung35_mgga_3x16,deep_rung35_mgga_3x16,fc,2,1,4.500000,0.24653459126657273,0.25705027954804943
deep0_rung35_mgga_3x16,deep_rung35_mgga_3x16,fc,2,1,4.525000,0.2455278165815915,0.25621338225778867
deep0_rung35_mgga_3x16,deep_rung35_mgga_3x16,fc,2,1,4.550000,0.24452824816853425,0.25538408084597464
deep0_rung35_mgga_3x16,deep_rung35_mgga_3x16,fc,2,1,4.575000,0.24353580620090665,0.2545622649128204
deep0_rung35_mgga_3x16,deep_rung35_mgga_3x16,fc,2,1,4.600000,0.2425504124296164,0.25374782623743414
deep0_rung35_mgga_3x16,deep_rung35_mgga_3x16,fc,2,1,4.625000,0.24157199013934716,0.2529406587239747
deep0_rung35_mgga_3x16,deep_rung35_mgga_3x16,fc,2,1,4.650000,0.24060046410602542,0.252140658349393
deep0_rung35_mgga_3x16,deep_rung35_mgga_3x16,fc,2,1,4.675000,0.23963576055536018,0.2513477231127058
deep0_rung35_mgga_3x16,deep_rung35_mgga_3x16,fc,2,1,4.700000,0.2386778071224651,0.2505617529857525
deep0_rung35_mgga_3x16,deep_rung35_mgga_3x16,fc,2,1,4.725000,0.23772653281252965,0.24978264986537968
deep0_rung35_mgga_3x16,deep_rung35_mgga_3x16,fc,2,1,4.750000,0.23678186796255551,0.24901031752701194
deep0_rung35_mgga_3x16,deep_rung35_mgga_3x16,fc,2,1,4.775000,0.23584374420412146,0.24824466157955616
deep0_rung35_mgga_3x16,deep_rung35_mgga_3x16,fc,2,1,4.800000,0.23491209442717542,0.24748558942160173
deep0_rung35_mgga_3x16,deep_rung35_mgga_3x16,fc,2,1,4.825000,0.2339868527448392,0.24673301019886745
deep0_rung35_mgga_3x16,deep_rung35_mgga_3x16,fc,2,1,4.850000,0.23306795445920614,0.2459868347628584
deep0_rung35_mgga_3x16,deep_rung35_mgga_3x16,fc,2,1,4.875000,0.232155336028114,0.24524697563069034
deep0_rung35_mgga_3x16,deep_rung35_mgga_3x16,fc,2,1,4.900000,0.23124893503288146,0.24451334694604612
deep0_rung35_mgga_3x16,deep_rung35_mgga_3x16,fc,2,1,4.925000,0.2303486901469869,0.24378586444122397
deep0_rung35_mgga_3x16,deep_rung35_mgga_3x16,fc,2,1,4.950000,0.22945454110566899,0.2430644454002464
deep0_rung35_mgga_3x16,deep_rung35_mgga_3x16,fc,2,1,4.975000,0.2285664286764335,0.24234900862299066
deep0_rung35_mgga_3x16,deep_rung35_mgga_3x16,fc,2,1,5.000000,0.22768429463044715,0.2416394743903123
deep0_rung35_mgga_3x16,deep_rung35_mgga_3x16,fc,2,1,5.025000,0.22680808171479605,0.24093576443012776
deep0_rung35_mgga_3x16,deep_rung35_mgga_3x16,fc,2,1,5.050000,0.22593773362559155,0.24023780188442595
deep0_rung35_mgga_3x16,deep_rung35_mgga_3x16,fc,2,1,5.075000,0.22507319498190137,0.23954551127717988
deep0_rung35_mgga_3x16,deep_rung35_mgga_3x16,fc,2,1,5.100000,0.22421441130048947,0.23885881848312807
deep0_rung35_mgga_3x16,deep_rung35_mgga_3x16,fc,2,1,5.125000,0.22336132897134087,0.23817765069740152
deep0_rung35_mgga_3x16,deep_rung35_mgga_3x16,fc,2,1,5.150000,0.22251389523395226,0.23750193640596662
deep0_rung35_mgga_3x16,deep_rung35_mgga_3x16,fc,2,1,5.175000,0.2216720581543722,0.2368316053568613
deep0_rung35_mgga_3x16,deep_rung35_mgga_3x16,fc,2,1,5.200000,0.22083576660296478,0.2361665885321971
deep0_rung35_mgga_3x16,deep_rung35_mgga_3x16,fc,2,1,5.225000,0.22000497023288124,0.23550681812090557
deep0_rung35_mgga_3x16,deep_rung35_mgga_3x16,fc,2,1,5.250000,0.21917961945922104,0.2348522274922058
deep0_rung35_mgga_3x16,deep_rung35_mgga_3x16,fc,2,1,5.275000,0.21835966543885865,0.2342027511697695
deep0_rung35_mgga_3x16,deep_rung35_mgga_3x16,fc,2,1,5.300000,0.21754506005092156,0.23355832480656416
deep0_rung35_mgga_3x16,deep_rung35_mgga_3x16,fc,2,1,5.325000,0.21673575587789573,0.23291888516035325
deep0_rung35_mgga_3x16,deep_rung35_mgga_3x16,fc,2,1,5.350000,0.21593170618735003,0.23228437006983182
deep0_rung35_mgga_3x16,deep_rung35_mgga_3x16,fc,2,1,5.375000,0.21513286491424344,0.23165471843138197
deep0_rung35_mgga_3x16,deep_rung35_mgga_3x16,fc,2,1,5.400000,0.21433918664381846,0.23102987017642448
deep0_rung35_mgga_3x16,deep_rung35_mgga_3x16,fc,2,1,5.425000,0.21355062659504953,0.2304097662493547
deep0_rung35_mgga_3x16,deep_rung35_mgga_3x16,fc,2,1,5.450000,0.21276714060462898,0.22979434858604042
deep0_rung35_mgga_3x16,deep_rung35_mgga_3x16,fc,2,1,5.475000,0.21198868511148272,0.22918356009286728
deep0_rung35_mgga_3x16,deep_rung35_mgga_3x16,fc,2,1,5.500000,0.21121521714179137,0.2285773446263154
deep0_rung35_mgga_3x16,deep_rung35_mgga_3x16,fc,2,1,5.525000,0.21044669429450402,0.22797564697305178
deep0_rung35_mgga_3x16,deep_rung35_mgga_3x16,fc,2,1,5.550000,0.20968307472732672,0.22737841283052157
deep0_rung35_mgga_3x16,deep_rung35_mgga_3x16,fc,2,1,5.575000,0.2089243171431745,0.226785588788027
deep0_rung35_mgga_3x16,deep_rung35_mgga_3x16,fc,2,1,5.600000,0.20817038077706607,0.22619712230827665
deep0_rung35_mgga_3x16,deep_rung35_mgga_3x16,fc,2,1,5.625000,0.2074212253834533,0.22561296170939235
deep0_rung35_mgga_3x16,deep_rung35_mgga_3x16,fc,2,1,5.650000,0.20667681122396553,0.22503305614736244
deep0_rung35_mgga_3x16,deep_rung35_mgga_3x16,fc,2,1,5.675000,0.20593709905555513,0.22445735559892538
deep0_rung35_mgga_3x16,deep_rung35_mgga_3x16,fc,2,1,5.700000,0.2052020501190399,0.22388581084487277
deep0_rung35_mgga_3x16,deep_rung35_mgga_3x16,fc,2,1,5.725000,0.20447162612801428,0.22331837345376276
deep0_rung35_mgga_3x16,deep_rung35_mgga_3x16,fc,2,1,5.750000,0.20374578925812825,0.22275499576602592
deep0_rung35_mgga_3x16,deep_rung35_mgga_3x16,fc,2,1,5.775000,0.2030245021367202,0.22219563087845898
deep0_rung35_mgga_3x16,deep_rung35_mgga_3x16,fc,2,1,5.800000,0.2023077278327834,0.22164023262909055
deep0_rung35_mgga_3x16,deep_rung35_mgga_3x16,fc,2,1,5.825000,0.20159542984726808,0.2210887555824118
deep0_rung35_mgga_3x16,deep_rung35_mgga_3x16,fc,2,1,5.850000,0.20088757210369235,0.22054115501495927
deep0_rung35_mgga_3x16,deep_rung35_mgga_3x16,fc,2,1,5.875000,0.20018411893906607,0.21999738690124393
deep0_rung35_mgga_3x16,deep_rung35_mgga_3x16,fc,2,1,5.900000,0.19948503509510407,0.21945740790001048
deep0_rung35_mgga_3x16,deep_rung35_mgga_3x16,fc,2,1,5.925000,0.19879028570972945,0.21892117534082484
deep0_rung35_mgga_3x16,deep_rung35_mgga_3x16,fc,2,1,5.950000,0.19809983630884742,0.2183886472109757
deep0_rung35_mgga_3x16,deep_rung35_mgga_3x16,fc,2,1,5.975000,0.19741365279838763,0.2178597821426839
deep0_rung35_mgga_3x16,deep_rung35_mgga_3x16,fc,2,1,6.000000,0.19673170145659957,0.21733453940061145
deep0_rung35_mgga_3x16,deep_rung35_mgga_3x16,fc,5,1,0.000000,1.0,0.9999990149527557
deep0_rung35_mgga_3x16,deep_rung35_mgga_3x16,fc,5,1,0.025000,0.9999496867676223,0.9996454650158665
deep0_rung35_mgga_3x16,deep_rung35_mgga_3x16,fc,5,1,0.050000,0.9996030890273353,0.9985877903808377
deep0_rung35_mgga_3x16,deep_rung35_mgga_3x16,fc,5,1,0.075000,0.9986816205403994,0.9968348457593228
deep0_rung35_mgga_3x16,deep_rung35_mgga_3x16,fc,5,1,0.100000,0.9969326382765107,0.994401156254488
deep0_rung35_mgga_3x16,deep_rung35_mgga_3x16,fc,5,1,0.125000,0.9941394595176243,0.991306579538298
deep0_rung35_mgga_3x16,deep_rung35_mgga_3x16,fc,5,1,0.150000,0.990133241395589,0.9875758546215633
deep0_rung35_mgga_3x16,deep_rung35_mgga_3x16,fc,5,1,0.175000,0.9848053101365188,0.9832380569823586
deep0_rung35_mgga_3x16,deep_rung35_mgga_3x16,fc,5,1,0.200000,0.9781182492157021,0.9783259829140583
deep0_rung35_mgga_3x16,deep_rung35_mgga_3x16,fc,5,1,0.225000,0.9701137207844237,0.9728754875211882
deep0_rung35_mgga_3x16,deep_rung35_mgga_3x16,fc,5,1,0.250000,0.9609146578235335,0.9669248008460498
deep0_rung35_mgga_3x16,deep_rung35_mgga_3x16,fc,5,1,0.275000,0.9507192682248526,0.9605138452979184
deep0_rung35_mgga_3x16,deep_rung35_mgga_3x16,fc,5,1,0.300000,0.939784495897243,0.9536835751252656
deep0_rung35_mgga_3x16,deep_rung35_mgga_3x16,fc,5,1,0.325000,0.928397562530845,0.9464753554267609
deep0_rung35_mgga_3x16,deep_rung35_mgga_3x16,fc,5,1,0.350000,0.9168363924932076,0.9389303944673031
deep0_rung35_mgga_3x16,deep_rung35_mgga_3x16,fc,5,1,0.375000,0.9053233976274183,0.9310892391657972
deep0_rung35_mgga_3x16,deep_rung35_mgga_3x16,fc,5,1,0.400000,0.8939820486440865,0.9229913398257114
deep0_rung35_mgga_3x16,deep_rung35_mgga_3x16,fc,5,1,0.425000,0.8828105046563938,0.9146746867032198
deep0_rung35_mgga_3x16,deep_rung35_mgga_3x16,fc,5,1,0.450000,0.8716880570500712,0.9061755180009162
deep0_rung35_mgga_3x16,deep_rung35_mgga_3x16,fc,5,1,0.475000,0.8604233073935308,0.8975280964230576
deep0_rung35_mgga_3x16,deep_rung35_mgga_3x16,fc,5,1,0.500000,0.8488343278369073,0.8887645495592437
deep0_rung35_mgga_3x16,deep_rung35_mgga_3x16,fc,5,1,0.525000,0.8368260941893855,0.8799147680594598
deep0_rung35_mgga_3x16,deep_rung35_mgga_3x16,fc,5,1,0.550000,0.8244201436747561,0.8710063547732961
deep0_rung35_mgga_3x16,deep_rung35_mgga_3x16,fc,5,1,0.575000,0.8117196636805926,0.8620646176776797
deep0_rung35_mgga_3x16,deep_rung35_mgga_3x16,fc,5,1,0.600000,0.7988501595175521,0.8531125994283771
deep0_rung35_mgga_3x16,deep_rung35_mgga_3x16,fc,5,1,0.625000,0.7859427325160483,0.8441711366572578
deep0_rung35_mgga_3x16,deep_rung35_mgga_3x16,fc,5,1,0.650000,0.7731803803590054,0.8352589426212103
deep0_rung35_mgga_3x16,deep_rung35_mgga_3x16,fc,5,1,0.675000,0.7608538679071112,0.8263927074201369
deep0_rung35_mgga_3x16,deep_rung35_mgga_3x16,fc,5,1,0.700000,0.7493571345669319,0.8175872106821805
deep0_rung35_mgga_3x16,deep_rung35_mgga_3x16,fc,5,1,0.725000,0.7391033093070273,0.8088554423176804
deep0_rung35_mgga_3x16,deep_rung35_mgga_3x16,fc,5,1,0.750000,0.7304017053431406,0.8002087276340036
deep0_rung35_mgga_3x16,deep_rung35_mgga_3x16,fc,5,1,0.775000,0.7233582115764402,0.7916568537562961
deep0_rung35_mgga_3x16,deep_rung35_mgga_3x16,fc,5,1,0.800000,0.7178441159220611,0.7832081948979432
deep0_rung35_mgga_3x16,deep_rung35_mgga_3x16,fc,5,1,0.825000,0.7135412518945004,0.7748698345598082
deep0_rung35_mgga_3x16,deep_rung35_mgga_3x16,fc,5,1,0.850000,0.7100369942167828,0.7666476832053
deep0_rung35_mgga_3x16,deep_rung35_mgga_3x16,fc,5,1,0.875000,0.7069268967474508,0.7585465903592546
deep0_rung35_mgga_3x16,deep_rung35_mgga_3x16,fc,5,1,0.900000,0.7038892487873535,0.7505704504155506
deep0_rung35_mgga_3x16,deep_rung35_mgga_3x16,fc,5,1,0.925000,0.7007160914045779,0.742722301716235
deep0_rung35_mgga_3x16,deep_rung35_mgga_3x16,fc,5,1,0.950000,0.6973058263407693,0.7350044186896625
deep0_rung35_mgga_3x16,deep_rung35_mgga_3x16,fc,5,1,0.975000,0.693633969772316,0.7274183970131036
deep0_rung35_mgga_3x16,deep_rung35_mgga_3x16,fc,5,1,1.000000,0.6897193512325077,0.7199652319029054
deep0_rung35_mgga_3x16,deep_rung35_mgga_3x16,fc,5,1,1.025000,0.6855971897971788,0.7126453897386826
deep0_rung35_mgga_3x16,deep_rung35_mgga_3x16,fc,5,1,1.050000,0.681303115847561,0.7054588733028593
deep0_rung35_mgga_3x16,deep_rung35_mgga_3x16,fc,5,1,1.075000,0.6768667895057685,0.6984052809682795
deep0_rung35_mgga_3x16,deep_rung35_mgga_3x16,fc,5,1,1.100000,0.6723114275348406,0.6914838601990331
deep0_rung35_mgga_3x16,deep_rung35_mgga_3x16,fc,5,1,1.125000,0.6676556789355332,0.6846935557470246
deep0_rung35_mgga_3x16,deep_rung35_mgga_3x16,fc,5,1,1.150000,0.6629155801674232,0.6780330529324223
deep0_rung35_mgga_3x16,deep_rung35_mgga_3x16,fc,5,1,1.175000,0.6581056755801432,0.6715008163927761
deep0_rung35_mgga_3x16,deep_rung35_mgga_3x16,fc,5,1,1.200000,0.653239283022686,0.6650951246755552
deep0_rung35_mgga_3x16,deep_rung35_mgga_3x16,fc,5,1,1.225000,0.648328266607738,0.6588141010340396
deep0_rung35_mgga_3x16,deep_rung35_mgga_3x16,fc,5,1,1.250000,0.6433827107689336,0.6526557407683822
deep0_rung35_mgga_3x16,deep_rung35_mgga_3x16,fc,5,1,1.275000,0.6384107587476585,0.6466179354334792
deep0_rung35_mgga_3x16,deep_rung35_mgga_3x16,fc,5,1,1.300000,0.6334187164327808,0.6406984942139579
deep0_rung35_mgga_3x16,deep_rung35_mgga_3x16,fc,5,1,1.325000,0.6284113970517486,0.6348951627448584
deep0_rung35_mgga_3x16,deep_rung35_mgga_3x16,fc,5,1,1.350000,0.6233926143034125,0.6292056396349859
deep0_rung35_mgga_3x16,deep_rung35_mgga_3x16,fc,5,1,1.375000,0.618365714764442,0.6236275909288448
deep0_rung35_mgga_3x16,deep_rung35_mgga_3x16,fc,5,1,1.400000,0.6133340573437447,0.6181586627228287
deep0_rung35_mgga_3x16,deep_rung35_mgga_3x16,fc,5,1,1.425000,0.6083013799790952,0.6127964921321176
deep0_rung35_mgga_3x16,deep_rung35_mgga_3x16,fc,5,1,1.450000,0.6032720278375673,0.6075387167866465
deep0_rung35_mgga_3x16,deep_rung35_mgga_3x16,fc,5,1,1.475000,0.5982510449619078,0.6023829830176339
deep0_rung35_mgga_3x16,deep_rung35_mgga_3x16,fc,5,1,1.500000,0.5932441495583058,0.5973269528804983
deep0_rung35_mgga_3x16,deep_rung35_mgga_3x16,fc,5,1,1.525000,0.5882576222366825,0.5923683101455629
deep0_rung35_mgga_3x16,deep_rung35_mgga_3x16,fc,5,1,1.550000,0.5832981384664159,0.587504765374695
deep0_rung35_mgga_3x16,deep_rung35_mgga_3x16,fc,5,1,1.575000,0.5783725737416425,0.5827340601899168
deep0_rung35_mgga_3x16,deep_rung35_mgga_3x16,fc,5,1,1.600000,0.5734878046661943,0.5780539708289968
deep0_rung35_mgga_3x16,deep_rung35_mgga_3x16,fc,5,1,1.625000,0.5686505230357229,0.5734623110730128
deep0_rung35_mgga_3x16,deep_rung35_mgga_3x16,fc,5,1,1.650000,0.5638670741016985,0.5689569346218099
deep0_rung35_mgga_3x16,deep_rung35_mgga_3x16,fc,5,1,1.675000,0.5591433251472684,0.5645357369850825
deep0_rung35_mgga_3x16,deep_rung35_mgga_3x16,fc,5,1,1.700000,0.5544845665298962,0.5601966569494266
deep0_rung35_mgga_3x16,deep_rung35_mgga_3x16,fc,5,1,1.725000,0.5498954444613325,0.5559376776750583
deep0_rung35_mgga_3x16,deep_rung35_mgga_3x16,fc,5,1,1.750000,0.5453799228839733,0.5517568274699277
deep0_rung35_mgga_3x16,deep_rung35_mgga_3x16,fc,5,1,1.775000,0.5409412706888262,0.5476521802836081
deep0_rung35_mgga_3x16,deep_rung35_mgga_3x16,fc,5,1,1.800000,0.5365820700173181,0.543621855958531
deep0_rung35_mgga_3x16,deep_rung35_mgga_3x16,fc,5,1,1.825000,0.5323042413245102,0.5396640202718658
deep0_rung35_mgga_3x16,deep_rung35_mgga_3x16,fc,5,1,1.850000,0.5281090811090137,0.5357768847974943
deep0_rung35_mgga_3x16,deep_rung35_mgga_3x16,fc,5,1,1.875000,0.5239973086192005,0.5319587066141122
deep0_rung35_mgga_3x16,deep_rung35_mgga_3x16,fc,5,1,1.900000,0.5199691183393399,0.5282077878824455
deep0_rung35_mgga_3x16,deep_rung35_mgga_3x16,fc,5,1,1.925000,0.5160242355811747,0.5245224753118387
deep0_rung35_mgga_3x16,deep_rung35_mgga_3x16,fc,5,1,1.950000,0.5121619730148852,0.5209011595340554
deep0_rung35_mgga_3x16,deep_rung35_mgga_3x16,fc,5,1,1.975000,0.5083812864427676,0.517342274399984
deep0_rung35_mgga_3x16,deep_rung35_mgga_3x16,fc,5,1,2.000000,0.5046808285354157,0.5138442962130143
deep0_rung35_mgga_3x16,deep_rung35_mgga_3x16,fc,5,1,2.025000,0.5010589996081751,0.5104057429111634
deep0_rung35_mgga_3x16,deep_rung35_mgga_3x16,fc,5,1,2.050000,0.49751399481502734,0.5070251732085082
deep0_rung35_mgga_3x16,deep_rung35_mgga_3x16,fc,5,1,2.075000,0.4940438473812572,0.5037011857051521
deep0_rung35_mgga_3x16,deep_rung35_mgga_3x16,fc,5,1,2.100000,0.4906464676906891,0.5004324179737605
deep0_rung35_mgga_3x16,deep_rung35_mgga_3x16,fc,5,1,2.125000,0.4873196781940956,0.4972175456296509
deep0_rung35_mgga_3x16,deep_rung35_mgga_3x16,fc,5,1,2.150000,0.48406124421912744,0.4940552813904952
deep0_rung35_mgga_3x16,deep_rung35_mgga_3x16,fc,5,1,2.175000,0.48086890084493206,0.4909443741308621
deep0_rung35_mgga_3x16,deep_rung35_mgga_3x16,fc,5,1,2.200000,0.47774037606215736,0.4878836079361111
deep0_rung35_mgga_3x16,deep_rung35_mgga_3x16,fc,5,1,2.225000,0.4746734104763507,0.48487180115949635
deep0_rung35_mgga_3x16,deep_rung35_mgga_3x16,fc,5,1,2.250000,0.4716657738340887,0.48190780548578205
deep0_rung35_mgga_3x16,deep_rung35_mgga_3x16,fc,5,1,2.275000,0.46871527866024354,0.47899050500416546
deep0_rung35_mgga_3x16,deep_rung35_mgga_3x16,fc,5,1,2.300000,0.4658197912945734,0.4761188152928677
deep0_rung35_mgga_3x16,deep_rung35_mgga_3x16,fc,5,1,2.325000,0.4629772406087439,0.473291682517367
deep0_rung35_mgga_3x16,deep_rung35_mgga_3x16,fc,5,1,2.350000,0.4601856246730377,0.47050808254390697
deep0_rung35_mgga_3x16,deep_rung35_mgga_3x16,fc,5,1,2.375000,0.45744301562680034,0.46776702006961846
deep0_rung35_mgga_3x16,deep_rung35_mgga_3x16,fc,5,1,2.400000,0.45474756298945485,0.4650675277703309
deep0_rung35_mgga_3x16,deep_rung35_mgga_3x16,fc,5,1,2.425000,0.45209749563054635,0.4624086654669244
deep0_rung35_mgga_3x16,deep_rung35_mgga_3x16,fc,5,1,2.450000,0.449491122598507,0.4597895193108712
deep0_rung35_mgga_3x16,deep_rung35_mgga_3x16,fc,5,1,2.475000,0.446926832989165,0.45720920098944784
deep0_rung35_mgga_3x16,deep_rung35_mgga_3x16,fc,5,1,2.500000,0.4444030950168685,0.4546668469509451
deep0_rung35_mgga_3x16,deep_rung35_mgga_3x16,fc,5,1,2.525000,0.4419184544336632,0.4521616176500745
deep0_rung35_mgga_3x16,deep_rung35_mgga_3x16,fc,5,1,2.550000,0.4394715324255195,0.44969269681366114
deep0_rung35_mgga_3x16,deep_rung35_mgga_3x16,fc,5,1,2.575000,0.43706102309918615,0.4472592907266093
deep0_rung35_mgga_3x16,deep_rung35_mgga_3x16,fc,5,1,2.600000,0.43468569065895024,0.44486062753805344
deep0_rung35_mgga_3x16,deep_rung35_mgga_3x16,fc,5,1,2.625000,0.4323443663594251,0.44249595658753055
deep0_rung35_mgga_3x16,deep_rung35_mgga_3x16,fc,5,1,2.650000,0.4300359453084741,0.4401645477509543
deep0_rung35_mgga_3x16,deep_rung35_mgga_3x16,fc,5,1,2.675000,0.42775938318343565,0.4378656908061182
deep0_rung35_mgga_3x16,deep_rung35_mgga_3x16,fc,5,1,2.700000,0.4255136929139931,0.4355986948174173
deep0_rung35_mgga_3x16,deep_rung35_mgga_3x16,fc,5,1,2.725000,0.4232979413761637,0.4333628875394389
deep0_rung35_mgga_3x16,deep_rung35_mgga_3x16,fc,5,1,2.750000,0.4211112461340256,0.43115761483905096
deep0_rung35_mgga_3x16,deep_rung35_mgga_3x16,fc,5,1,2.775000,0.4189527722587971,0.4289822401355888
deep0_rung35_mgga_3x16,deep_rung35_mgga_3x16,fc,5,1,2.800000,0.4168217292487486,0.4268361438587218
deep0_rung35_mgga_3x16,deep_rung35_mgga_3x16,fc,5,1,2.825000,0.41471736806803294,0.4247187229235841
deep0_rung35_mgga_3x16,deep_rung35_mgga_3x16,fc,5,1,2.850000,0.412638978317849,0.42262939022271595
deep0_rung35_mgga_3x16,deep_rung35_mgga_3x16,fc,5,1,2.875000,0.4105858855493303,0.42056757413438567
deep0_rung35_mgga_3x16,deep_rung35_mgga_3x16,fc,5,1,2.900000,0.4085574487240936,0.4185327180468393
deep0_rung35_mgga_3x16,deep_rung35_mgga_3x16,fc,5,1,2.925000,0.40655305782547924,0.4165242798980287
deep0_rung35_mgga_3x16,deep_rung35_mgga_3x16,fc,5,1,2.950000,0.4045721316210691,0.4145417317303747
deep0_rung35_mgga_3x16,deep_rung35_mgga_3x16,fc,5,1,2.975000,0.40261411557505355,0.4125845592601183
deep0_rung35_mgga_3x16,deep_rung35_mgga_3x16,fc,5,1,3.000000,0.40067847990738503,0.41065226146082096
deep0_rung35_mgga_3x16,deep_rung35_mgga_3x16,fc,5,1,3.025000,0.3987647177953375,0.408744350160579
deep0_rung35_mgga_3x16,deep_rung35_mgga_3x16,fc,5,1,3.050000,0.39687234371208935,0.40686034965252166
deep0_rung35_mgga_3x16,deep_rung35_mgga_3x16,fc,5,1,3.075000,0.3950008918961738,0.40499979631817745
deep0_rung35_mgga_3x16,deep_rung35_mgga_3x16,fc,5,1,3.100000,0.39314991494510554,0.40316223826329
deep0_rung35_mgga_3x16,deep_rung35_mgga_3x16,fc,5,1,3.125000,0.39131898252612696,0.40134723496568275
deep0_rung35_mgga_3x16,deep_rung35_mgga_3x16,fc,5,1,3.150000,0.38950768019682536,0.3995543569347777
deep0_rung35_mgga_3x16,deep_rung35_mgga_3x16,fc,5,1,3.175000,0.3877156083283,0.3977831853823812
deep0_rung35_mgga_3x16,deep_rung35_mgga_3x16,fc,5,1,3.200000,0.3859423811236111,0.39603331190436375
deep0_rung35_mgga_3x16,deep_rung35_mgga_3x16,fc,5,1,3.225000,0.3841876257243648,0.3943043381728628
deep0_rung35_mgga_3x16,deep_rung35_mgga_3x16,fc,5,1,3.250000,0.38245098139849754,0.39259587563866183
deep0_rung35_mgga_3x16,deep_rung35_mgga_3x16,fc,5,1,3.275000,0.38073209880258607,0.3909075452433913
deep0_rung35_mgga_3x16,deep_rung35_mgga_3x16,fc,5,1,3.300000,0.37903063931230374,0.38923897714122113
deep0_rung35_mgga_3x16,deep_rung35_mgga_3x16,fc,5,1,3.325000,0.37734627441497826,0.38758981042971863
deep0_rung35_mgga_3x16,deep_rung35_mgga_3x16,fc,5,1,3.350000,0.37567868515856007,0.38595969288955584
deep0_rung35_mgga_3x16,deep_rung35_mgga_3x16,fc,5,1,3.375000,0.3740275616516685,0.38434828073276117
deep0_rung35_mgga_3x16,deep_rung35_mgga_3x16,fc,5,1,3.400000,0.37239260260975204,0.3827552383592205
deep0_rung35_mgga_3x16,deep_rung35_mgga_3x16,fc,5,1,3.425000,0.37077351494275734,0.3811802381211392
deep0_rung35_mgga_3x16,deep_rung35_mgga_3x16,fc,5,1,3.450000,0.3691700133800775,0.3796229600951923
deep0_rung35_mgga_3x16,deep_rung35_mgga_3x16,fc,5,1,3.475000,0.367581820128869,0.3780830918620921
deep0_rung35_mgga_3x16,deep_rung35_mgga_3x16,fc,5,1,3.500000,0.36600866456219827,0.3765603282933156
deep0_rung35_mgga_3x16,deep_rung35_mgga_3x16,fc,5,1,3.525000,0.36445028293375814,0.3750543713447426
deep0_rung35_mgga_3x16,deep_rung35_mgga_3x16,fc,5,1,3.550000,0.36290641811623336,0.3735649298569645
deep0_rung35_mgga_3x16,deep_rung35_mgga_3x16,fc,5,1,3.575000,0.3613768193606508,0.3720917193620273
deep0_rung35_mgga_3x16,deep_rung35_mgga_3x16,fc,5,1,3.600000,0.35986124207432946,0.3706344618963883
deep0_rung35_mgga_3x16,deep_rung35_mgga_3x16,fc,5,1,3.625000,0.35835944761529626,0.36919288581986776
deep0_rung35_mgga_3x16,deep_rung35_mgga_3x16,fc,5,1,3.650000,0.35687120310124176,0.36776672564038704
deep0_rung35_mgga_3x16,deep_rung35_mgga_3x16,fc,5,1,3.675000,0.35539628123132316,0.36635572184428994
deep0_rung35_mgga_3x16,deep_rung35_mgga_3x16,fc,5,1,3.700000,0.35393446011929997,0.3649596207320557
deep0_rung35_mgga_3x16,deep_rung35_mgga_3x16,fc,5,1,3.725000,0.35248552313666415,0.3635781742592128
deep0_rung35_mgga_3x16,deep_rung35_mgga_3x16,fc,5,1,3.750000,0.35104925876458826,0.36221113988227666
deep0_rung35_mgga_3x16,deep_rung35_mgga_3x16,fc,5,1,3.775000,0.34962546045366283,0.3608582804095324
deep0_rung35_mgga_3x16,deep_rung35_mgga_3x16,fc,5,1,3.800000,0.3482139264905042,0.35951936385649846
deep0_rung35_mgga_3x16,deep_rung35_mgga_3x16,fc,5,1,3.825000,0.346814459870462,0.3581941633059065
deep0_rung35_mgga_3x16,deep_rung35_mgga_3x16,fc,5,1,3.850000,0.34542686817572177,0.3568824567720446
deep0_rung35_mgga_3x16,deep_rung35_mgga_3x16,fc,5,1,3.875000,0.34405096345822417,0.3555840270693093
deep0_rung35_mgga_3x16,deep_rung35_mgga_3x16,fc,5,1,3.900000,0.34268656212687554,0.35429866168482543
deep0_rung35_mgga_3x16,deep_rung35_mgga_3x16,fc,5,1,3.925000,0.34133348483861703,0.35302615265499115
deep0_rung35_mgga_3x16,deep_rung35_mgga_3x16,fc,5,1,3.950000,0.3399915563929703,0.3517662964458161
deep0_rung35_mgga_3x16,deep_rung35_mgga_3x16,fc,5,1,3.975000,0.3386606056297372,0.35051889383692036
deep0_rung35_mgga_3x16,deep_rung35_mgga_3x16,fc,5,1,4.000000,0.33734046532958417,0.3492837498090728
deep0_rung35_mgga_3x16,deep_rung35_mgga_3x16,fc,5,1,4.025000,0.33603097211726884,0.34806067343514313
deep0_rung35_mgga_3x16,deep_rung35_mgga_3x16,fc,5,1,4.050000,0.3347319663673227,0.3468494777743586
deep0_rung35_mgga_3x16,deep_rung35_mgga_3x16,fc,5,1,4.075000,0.33344329211201984,0.34564997976974704
deep0_rung35_mgga_3x16,deep_rung35_mgga_3x16,fc,5,1,4.100000,0.3321647969514908,0.34446200014866274
deep0_rung35_mgga_3x16,deep_rung35_mgga_3x16,fc,5,1,4.125000,0.3308963319658731,0.3432853633262889
deep0_rung35_mgga_3x16,deep_rung35_mgga_3x16,fc,5,1,4.150000,0.3296377516293938,0.34211989731201875
deep0_rung35_mgga_3x16,deep_rung35_mgga_3x16,fc,5,1,4.175000,0.3283889137263075,0.34096543361861753
deep0_rung35_mgga_3x16,deep_rung35_mgga_3x16,fc,5,1,4.200000,0.32714967926862815,0.33982180717407245
deep0_rung35_mgga_3x16,deep_rung35_mgga_3x16,fc,5,1,4.225000,0.32591991241558294,0.3386888562360414
deep0_rung35_mgga_3x16,deep_rung35_mgga_3x16,fc,5,1,4.250000,0.3246994803947675,0.33756642230881523
deep0_rung35_mgga_3x16,deep_rung35_mgga_3x16,fc,5,1,4.275000,0.3234882534249366,0.3364543500627077
deep0_rung35_mgga_3x16,deep_rung35_mgga_3x16,fc,5,1,4.300000,0.3222861046404163,0.3353524872557952
deep0_rung35_mgga_3x16,deep_rung35_mgga_3x16,fc,5,1,4.325000,0.3210929100171045,0.3342606846579296
deep0_rung35_mgga_3x16,deep_rung35_mgga_3x16,fc,5,1,4.350000,0.3199085483000319,0.333178795976946
deep0_rung35_mgga_3x16,deep_rung35_mgga_3x16,fc,5,1,4.375000,0.3187329009324721,0.3321066777869978
deep0_rung35_mgga_3x16,deep_rung35_mgga_3x16,fc,5,1,4.400000,0.31756585198656495,0.33104418945894687
deep0_rung35_mgga_3x16,deep_rung35_mgga_3x16,fc,5,1,4.425000,0.3164072880954576,0.32999119309274394
deep0_rung35_mgga_3x16,deep_rung35_mgga_3x16,fc,5,1,4.450000,0.31525709838692995,0.32894755345173254
deep0_rung35_mgga_3x16,deep_rung35_mgga_3x16,fc,5,1,4.475000,0.3141151744184947,0.32791313789881793
deep0_rung35_mgga_3x16,deep_rung35_mgga_3x16,fc,5,1,4.500000,0.3129814101139602,0.3268878163344363
deep0_rung35_mgga_3x16,deep_rung35_mgga_3x16,fc,5,1,4.525000,0.3118557017014296,0.3258714611362714
deep0_rung35_mgga_3x16,deep_rung35_mgga_3x16,fc,5,1,4.550000,0.3107379476527381,0.324863947100658
deep0_rung35_mgga_3x16,deep_rung35_mgga_3x16,fc,5,1,4.575000,0.3096280486242937,0.32386515138562305
deep0_rung35_mgga_3x16,deep_rung35_mgga_3x16,fc,5,1,4.600000,0.30852590739931873,0.32287495345550876
deep0_rung35_mgga_3x16,deep_rung35_mgga_3x16,fc,5,1,4.625000,0.3074314288314697,0.3218932350271314
deep0_rung35_mgga_3x16,deep_rung35_mgga_3x16,fc,5,1,4.650000,0.30634451978981625,0.32091988001742017
deep0_rung35_mgga_3x16,deep_rung35_mgga_3x16,fc,5,1,4.675000,0.3052650891051669,0.31995477449250154
deep0_rung35_mgga_3x16,deep_rung35_mgga_3x16,fc,5,1,4.700000,0.30419304751771925,0.31899780661817084
deep0_rung35_mgga_3x16,deep_rung35_mgga_3x16,fc,5,1,4.725000,0.3031283076260154,0.3180488666117171
deep0_rung35_mgga_3x16,deep_rung35_mgga_3x16,fc,5,1,4.750000,0.30207078383718455,0.31710784669505476
deep0_rung35_mgga_3x16,deep_rung35_mgga_3x16,fc,5,1,4.775000,0.3010203923184507,0.3161746410491227
deep0_rung35_mgga_3x16,deep_rung35_mgga_3x16,fc,5,1,4.800000,0.29997705094988714,0.31524914576951185
deep0_rung35_mgga_3x16,deep_rung35_mgga_3x16,fc,5,1,4.825000,0.29894067927839485,0.31433125882328217
deep0_rung35_mgga_3x16,deep_rung35_mgga_3x16,fc,5,1,4.850000,0.29791119847288394,0.31342088000693685
deep0_rung35_mgga_3x16,deep_rung35_mgga_3x16,fc,5,1,4.875000,0.29688853128063464,0.31251791090550957
deep0_rung35_mgga_3x16,deep_rung35_mgga_3x16,fc,5,1,4.900000,0.29587260198482235,0.3116222548527418
deep0_rung35_mgga_3x16,deep_rung35_mgga_3x16,fc,5,1,4.925000,0.29486333636317197,0.31073381689230917
deep0_rung35_mgga_3x16,deep_rung35_mgga_3x16,fc,5,1,4.950000,0.2938606616477337,0.30985250374006773
deep0_rung35_mgga_3x16,deep_rung35_mgga_3x16,fc,5,1,4.975000,0.292864506485744,0.30897822374729
deep0_rung35_mgga_3x16,deep_rung35_mgga_3x16,fc,5,1,5.000000,0.2918748009015617,0.30811088686486104
deep0_rung35_mgga_3x16,deep_rung35_mgga_3x16,fc,5,1,5.025000,0.29089147625964507,0.30725040460840314
deep0_rung35_mgga_3x16,deep_rung35_mgga_3x16,fc,5,1,5.050000,0.28991446522855346,0.30639669002430625
deep0_rung35_mgga_3x16,deep_rung35_mgga_3x16,fc,5,1,5.075000,0.2889437017459514,0.3055496576566333
deep0_rung35_mgga_3x16,deep_rung35_mgga_3x16,fc,5,1,5.100000,0.28797912098458944,0.30470922351487484
deep0_rung35_mgga_3x16,deep_rung35_mgga_3x16,fc,5,1,5.125000,0.28702065931923826,0.3038753050425315
deep0_rung35_mgga_3x16,deep_rung35_mgga_3x16,fc,5,1,5.150000,0.2860682542945576,0.30304782108649503
deep0_rung35_mgga_3x16,deep_rung35_mgga_3x16,fc,5,1,5.175000,0.2851218445938778,0.30222669186720713
deep0_rung35_mgga_3x16,deep_rung35_mgga_3x16,fc,5,1,5.200000,0.28418137000886345,0.3014118389495745
deep0_rung35_mgga_3x16,deep_rung35_mgga_3x16,fc,5,1,5.225000,0.2832467714100535,0.30060318521461604
deep0_rung35_mgga_3x16,deep_rung35_mgga_3x16,fc,5,1,5.250000,0.2823179907182335,0.29980065483182117
deep0_rung35_mgga_3x16,deep_rung35_mgga_3x16,fc,5,1,5.275000,0.281394970876647,0.29900417323219936
deep0_rung35_mgga_3x16,deep_rung35_mgga_3x16,fc,5,1,5.300000,0.28047765582399453,0.2982136670820024
deep0_rung35_mgga_3x16,deep_rung35_mgga_3x16,fc,5,1,5.325000,0.27956599046822683,0.2974290642570966
deep0_rung35_mgga_3x16,deep_rung35_mgga_3x16,fc,5,1,5.350000,0.278659920661092,0.29665029381796965
deep0_rung35_mgga_3x16,deep_rung35_mgga_3x16,fc,5,1,5.375000,0.2777593931734281,0.29587728598535235
deep0_rung35_mgga_3x16,deep_rung35_mgga_3x16,fc,5,1,5.400000,0.2768643556711754,0.295109972116438
deep0_rung35_mgga_3x16,deep_rung35_mgga_3x16,fc,5,1,5.425000,0.2759747566920938,0.29434828468168495
deep0_rung35_mgga_3x16,deep_rung35_mgga_3x16,fc,5,1,5.450000,0.27509054562315893,0.2935921572421799
deep0_rung35_mgga_3x16,deep_rung35_mgga_3x16,fc,5,1,5.475000,0.2742116726786278,0.2928415244275539
deep0_rung35_mgga_3x16,deep_rung35_mgga_3x16,fc,5,1,5.500000,0.27333808887874744,0.2920963219144287
deep0_rung35_mgga_3x16,deep_rung35_mgga_3x16,fc,5,1,5.525000,0.27246974602909413,0.29135648640538486
deep0_rung35_mgga_3x16,deep_rung35_mgga_3x16,fc,5,1,5.550000,0.27160659670052323,0.2906219556084315
deep0_rung35_mgga_3x16,deep_rung35_mgga_3x16,fc,5,1,5.575000,0.27074859420970965,0.2898926682169676
deep0_rung35_mgga_3x16,deep_rung35_mgga_3x16,fc,5,1,5.600000,0.269895692600269,0.28916856389021944
deep0_rung35_mgga_3x16,deep_rung35_mgga_3x16,fc,5,1,5.625000,0.2690478466244377,0.2884495832341424
deep0_rung35_mgga_3x16,deep_rung35_mgga_3x16,fc,5,1,5.650000,0.2682050117252963,0.28773566778277415
deep0_rung35_mgga_3x16,deep_rung35_mgga_3x16,fc,5,1,5.675000,0.267367144019522,0.28702675998002475
deep0_rung35_mgga_3x16,deep_rung35_mgga_3x16,fc,5,1,5.700000,0.266534200280657,0.286322803161895
deep0_rung35_mgga_3x16,deep_rung35_mgga_3x16,fc,5,1,5.725000,0.2657061379228709,0.2856237415391107
deep0_rung35_mgga_3x16,deep_rung35_mgga_3x16,fc,5,1,5.750000,0.26488291498520855,0.2849295201801586
deep0_rung35_mgga_3x16,deep_rung35_mgga_3x16,fc,5,1,5.775000,0.26406449011630917,0.28424008499471776
deep0_rung35_mgga_3x16,deep_rung35_mgga_3x16,fc,5,1,5.800000,0.2632508225595782,0.2835553827174724
deep0_rung35_mgga_3x16,deep_rung35_mgga_3x16,fc,5,1,5.825000,0.26244187213880443,0.282875360892298
deep0_rung35_mgga_3x16,deep_rung35_mgga_3x16,fc,5,1,5.850000,0.2616375992442017,0.28219996785680873
deep0_rung35_mgga_3x16,deep_rung35_mgga_3x16,fc,5,1,5.875000,0.260837964818873,0.2815291527272585
deep0_rung35_mgga_3x16,deep_rung35_mgga_3x16,fc,5,1,5.900000,0.2600429303456706,0.2808628653837865
deep0_rung35_mgga_3x16,deep_rung35_mgga_3x16,fc,5,1,5.925000,0.25925245783445405,0.28020105645599513
deep0_rung35_mgga_3x16,deep_rung35_mgga_3x16,fc,5,1,5.950000,0.25846650980972585,0.2795436773088565
deep0_rung35_mgga_3x16,deep_rung35_mgga_3x16,fc,5,1,5.975000,0.25768504929863356,0.278890680028933
deep0_rung35_mgga_3x16,deep_rung35_mgga_3x16,fc,5,1,6.000000,0.2569080398193303,0.2782420174109092
deep0_rung35ms_mgga_3x16,deep_rung35ms_mgga_3x16,fx,,0,0.000000,1.1405780503977885,1.174
deep0_rung35ms_mgga_3x16,deep_rung35ms_mgga_3x16,fx,,0,0.025000,1.1405783515204824,1.1739999999999697
deep0_rung35ms_mgga_3x16,deep_rung35ms_mgga_3x16,fx,,0,0.050000,1.1405804219611555,1.1739999997117707
deep0_rung35ms_mgga_3x16,deep_rung35ms_mgga_3x16,fx,,0,0.075000,1.1405858928931092,1.1739999832816606
deep0_rung35ms_mgga_3x16,deep_rung35ms_mgga_3x16,fx,,0,0.100000,1.1405961413102026,1.1739998118858568
deep0_rung35ms_mgga_3x16,deep_rung35ms_mgga_3x16,fx,,0,0.125000,1.1406121325838021,1.1739990186707916
deep0_rung35ms_mgga_3x16,deep_rung35ms_mgga_3x16,fx,,0,0.150000,1.140634236064643,1.1739966782079427
deep0_rung35ms_mgga_3x16,deep_rung35ms_mgga_3x16,fx,,0,0.175000,1.1406620408182888,1.1739914307174975
deep0_rung35ms_mgga_3x16,deep_rung35ms_mgga_3x16,fx,,0,0.200000,1.1406942037185943,1.1739816048593708
deep0_rung35ms_mgga_3x16,deep_rung35ms_mgga_3x16,fx,,0,0.225000,1.1407283672294428,1.1739653659192677
deep0_rung35ms_mgga_3x16,deep_rung35ms_mgga_3x16,fx,,0,0.250000,1.1407611886311764,1.1739408470016728
deep0_rung35ms_mgga_3x16,deep_rung35ms_mgga_3x16,fx,,0,0.275000,1.1407885248281577,1.173906248075868
deep0_rung35ms_mgga_3x16,deep_rung35ms_mgga_3x16,fx,,0,0.300000,1.1408058146549862,1.1738599024257972
deep0_rung35ms_mgga_3x16,deep_rung35ms_mgga_3x16,fx,,0,0.325000,1.1408086898026675,1.173800315917155
deep0_rung35ms_mgga_3x16,deep_rung35ms_mgga_3x16,fx,,0,0.350000,1.1407938211274222,1.1737261857914447
deep0_rung35ms_mgga_3x16,deep_rung35ms_mgga_3x16,fx,,0,0.375000,1.140759964802535,1.173636405071631
deep0_rung35ms_mgga_3x16,deep_rung35ms_mgga_3x16,fx,,0,0.400000,1.1407091118687536,1.1735300574458616
deep0_rung35ms_mgga_3x16,deep_rung35ms_mgga_3x16,fx,,0,0.425000,1.140647572445358,1.1734064062619238
deep0_rung35ms_mgga_3x16,deep_rung35ms_mgga_3x16,fx,,0,0.450000,1.1405867605990305,1.1732648802223025
deep0_rung35ms_mgga_3x16,deep_rung35ms_mgga_3x16,fx,,0,0.475000,1.1405434165398722,1.1731050575598443
deep0_rung35ms_mgga_3x16,deep_rung35ms_mgga_3x16,fx,,0,0.500000,1.1405390408288019,1.1729266498750575
deep0_rung35ms_mgga_3x16,deep_rung35ms_mgga_3x16,fx,,0,0.525000,1.140598438882866,1.1727294863871929
deep0_rung35ms_mgga_3x16,deep_rung35ms_mgga_3x16,fx,,0,0.550000,1.14074747060474,1.1725134990516597
deep0_rung35ms_mgga_3x16,deep_rung35ms_mgga_3x16,fx,,0,0.575000,1.1410103176874131,1.1722787087915814
deep0_rung35ms_mgga_3x16,deep_rung35ms_mgga_3x16,fx,,0,0.600000,1.1414067419520402,1.1720252129544764
deep0_rung35ms_mgga_3x16,deep_rung35ms_mgga_3x16,fx,,0,0.625000,1.1419498417243685,1.1717531740160276
deep0_rung35ms_mgga_3x16,deep_rung35ms_mgga_3x16,fx,,0,0.650000,1.1426446962901629,1.171462809497049
deep0_rung35ms_mgga_3x16,deep_rung35ms_mgga_3x16,fx,,0,0.675000,1.1434880619305232,1.1711543830265692
deep0_rung35ms_mgga_3x16,deep_rung35ms_mgga_3x16,fx,,0,0.700000,1.1444690338182393,1.1708281964660416
deep0_rung35ms_mgga_3x16,deep_rung35ms_mgga_3x16,fx,,0,0.725000,1.1455704042416817,1.1704845830018829
deep0_rung35ms_mgga_3x16,deep_rung35ms_mgga_3x16,fx,,0,0.750000,1.1467703768314634,1.1701239011122389
deep0_rung35ms_mgga_3x16,deep_rung35ms_mgga_3x16,fx,,0,0.775000,1.1480443319362807,1.1697465293166707
deep0_rung35ms_mgga_3x16,deep_rung35ms_mgga_3x16,fx,,0,0.800000,1.149366435468782,1.169352861622596
deep0_rung35ms_mgga_3x16,deep_rung35ms_mgga_3x16,fx,,0,0.825000,1.150710990294517,1.1689433035887846
deep0_rung35ms_mgga_3x16,deep_rung35ms_mgga_3x16,fx,,0,0.850000,1.1520535097043978,1.168518268933181
deep0_rung35ms_mgga_3x16,deep_rung35ms_mgga_3x16,fx,,0,0.875000,1.1533715349055906,1.1680781766193893
deep0_rung35ms_mgga_3x16,deep_rung35ms_mgga_3x16,fx,,0,0.900000,1.15464522948094,1.1676234483629735
deep0_rung35ms_mgga_3x16,deep_rung35ms_mgga_3x16,fx,,0,0.925000,1.1558577778405588,1.1671545065051685
deep0_rung35ms_mgga_3x16,deep_rung35ms_mgga_3x16,fx,,0,0.950000,1.1569956050931658,1.1666717722075282
deep0_rung35ms_mgga_3x16,deep_rung35ms_mgga_3x16,fx,,0,0.975000,1.1580484303426892,1.1661756639264584
deep0_rung35ms_mgga_3x16,deep_rung35ms_mgga_3x16,fx,,0,1.000000,1.159009166368527,1.1656665961314685
deep0_rung35ms_mgga_3x16,deep_rung35ms_mgga_3x16,fx,,0,1.025000,1.1598736843925979,1.1651449782353507
deep0_rung35ms_mgga_3x16,deep_rung35ms_mgga_3x16,fx,,0,1.050000,1.160640470000206,1.1646112137083935
deep0_rung35ms_mgga_3x16,deep_rung35ms_mgga_3x16,fx,,0,1.075000,1.1613102021627575,1.1640656993521898
deep0_rung35ms_mgga_3x16,deep_rung35ms_mgga_3x16,fx,,0,1.100000,1.1618852896489176,1.163508824711651
deep0_rung35ms_mgga_3x16,deep_rung35ms_mgga_3x16,fx,,0,1.125000,1.1623693972945883,1.1629409716065238
deep0_rung35ms_mgga_3x16,deep_rung35ms_mgga_3x16,fx,,0,1.150000,1.1627669894096833,1.1623625137660767
deep0_rung35ms_mgga_3x16,deep_rung35ms_mgga_3x16,fx,,0,1.175000,1.1630829107488427,1.161773816552685
deep0_rung35ms_mgga_3x16,deep_rung35ms_mgga_3x16,fx,,0,1.200000,1.1633220189062958,1.1611752367618726
deep0_rung35ms_mgga_3x16,deep_rung35ms_mgga_3x16,fx,,0,1.225000,1.1634888771421514,1.1605671224879528
deep0_rung35ms_mgga_3x16,deep_rung35ms_mgga_3x16,fx,,0,1.250000,1.1635875139399505,1.159949813045806
deep0_rung35ms_mgga_3x16,deep_rung35ms_mgga_3x16,fx,,0,1.275000,1.163621254414027,1.159323638940552
deep0_rung35ms_mgga_3x16,deep_rung35ms_mgga_3x16,fx,,0,1.300000,1.1635926277482938,1.1586889218779366
deep0_rung35ms_mgga_3x16,deep_rung35ms_mgga_3x16,fx,,0,1.325000,1.1635033528600447,1.1580459748091831
deep0_rung35ms_mgga_3x16,deep_rung35ms_mgga_3x16,fx,,0,1.350000,1.1633544007440462,1.1573951020048758
deep0_rung35ms_mgga_3x16,deep_rung35ms_mgga_3x16,fx,,0,1.375000,1.163146126651757,1.1567365991531484
deep0_rung35ms_mgga_3x16,deep_rung35ms_mgga_3x16,fx,,0,1.400000,1.1628784593309396,1.1560707534780776
deep0_rung35ms_mgga_3x16,deep_rung35ms_mgga_3x16,fx,,0,1.425000,1.1625511292167303,1.1553978438747157
deep0_rung35ms_mgga_3x16,deep_rung35ms_mgga_3x16,fx,,0,1.450000,1.162163913755628,1.1547181410576752
deep0_rung35ms_mgga_3x16,deep_rung35ms_mgga_3x16,fx,,0,1.475000,1.161716876526041,1.1540319077205958
deep0_rung35ms_mgga_3x16,deep_rung35ms_mgga_3x16,fx,,0,1.500000,1.1612105776210067,1.153339398704175
deep0_rung35ms_mgga_3x16,deep_rung35ms_mgga_3x16,fx,,0,1.525000,1.1606462357540934,1.1526408611707666
deep0_rung35ms_mgga_3x16,deep_rung35ms_mgga_3x16,fx,,0,1.550000,1.1600258275060793,1.1519365347838304
deep0_rung35ms_mgga_3x16,deep_rung35ms_mgga_3x16,fx,,0,1.575000,1.1593521157058022,1.1512266518907446
deep0_rung35ms_mgga_3x16,deep_rung35ms_mgga_3x16,fx,,0,1.600000,1.1586286065653,1.1505114377077155
deep0_rung35ms_mgga_3x16,deep_rung35ms_mgga_3x16,fx,,0,1.625000,1.1578594429842255,1.1497911105056975
deep0_rung35ms_mgga_3x16,deep_rung35ms_mgga_3x16,fx,,0,1.650000,1.1570492482743044,1.149065881796391
deep0_rung35ms_mgga_3x16,deep_rung35ms_mgga_3x16,fx,,0,1.675000,1.156202939308916,1.1483359565175384
deep0_rung35ms_mgga_3x16,deep_rung35ms_mgga_3x16,fx,,0,1.700000,1.1553255299890732,1.1476015332168448
deep0_rung35ms_mgga_3x16,deep_rung35ms_mgga_3x16,fx,,0,1.725000,1.154421944739909,1.1468628042339688
deep0_rung35ms_mgga_3x16,deep_rung35ms_mgga_3x16,fx,,0,1.750000,1.1534968579693246,1.1461199558801156
deep0_rung35ms_mgga_3x16,deep_rung35ms_mgga_3x16,fx,,0,1.775000,1.152554569989485,1.1453731686148423
deep0_rung35ms_mgga_3x16,deep_rung35ms_mgga_3x16,fx,,0,1.800000,1.1515989239829958,1.1446226172197609
deep0_rung35ms_mgga_3x16,deep_rung35ms_mgga_3x16,fx,,0,1.825000,1.1506332632418281,1.1438684709688847
deep0_rung35ms_mgga_3x16,deep_rung35ms_mgga_3x16,fx,,0,1.850000,1.1496604238415724,1.143110893795409
deep0_rung35ms_mgga_3x16,deep_rung35ms_mgga_3x16,fx,,0,1.875000,1.1486827554468753,1.1423500444547745
deep0_rung35ms_mgga_3x16,deep_rung35ms_mgga_3x16,fx,,0,1.900000,1.1477021620175085,1.1415860766838877
deep0_rung35ms_mgga_3x16,deep_rung35ms_mgga_3x16,fx,,0,1.925000,1.1467201544913563,1.1408191393564204
deep0_rung35ms_mgga_3x16,deep_rung35ms_mgga_3x16,fx,,0,1.950000,1.1457379086442698,1.14004937663413
deep0_rung35ms_mgga_3x16,deep_rung35ms_mgga_3x16,fx,,0,1.975000,1.1447563228570108,1.139276928114168
deep0_rung35ms_mgga_3x16,deep_rung35ms_mgga_3x16,fx,,0,2.000000,1.1437760721245298,1.1385019289723721
deep0_rung35ms_mgga_3x16,deep_rung35ms_mgga_3x16,fx,,0,2.025000,1.142797656097932,1.1377245101025515
deep0_rung35ms_mgga_3x16,deep_rung35ms_mgga_3x16,fx,,0,2.050000,1.1418214401336755,1.1369447982517829
deep0_rung35ms_mgga_3x16,deep_rung35ms_mgga_3x16,fx,,0,2.075000,1.1408476891993122,1.1361629161517686
deep0_rung35ms_mgga_3x16,deep_rung35ms_mgga_3x16,fx,,0,2.100000,1.1398765950670613,1.135378982646293
deep0_rung35ms_mgga_3x16,deep_rung35ms_mgga_3x16,fx,,0,2.125000,1.138908297562731,1.134593112814844
deep0_rung35ms_mgga_3x16,deep_rung35ms_mgga_3x16,fx,,0,2.150000,1.1379429007860469,1.1338054180924624
deep0_rung35ms_mgga_3x16,deep_rung35ms_mgga_3x16,fx,,0,2.175000,1.1369804852360086,1.1330160063858914
deep0_rung35ms_mgga_3x16,deep_rung35ms_mgga_3x16,fx,,0,2.200000,1.1360211167100625,1.132224982186104
deep0_rung35ms_mgga_3x16,deep_rung35ms_mgga_3x16,fx,,0,2.225000,1.1350648527363778,1.1314324466772876
deep0_rung35ms_mgga_3x16,deep_rung35ms_mgga_3x16,fx,,0,2.250000,1.1341117471715136,1.1306384978423718
deep0_rung35ms_mgga_3x16,deep_rung35ms_mgga_3x16,fx,,0,2.275000,1.1331618534690129,1.1298432305651835
deep0_rung35ms_mgga_3x16,deep_rung35ms_mgga_3x16,fx,,0,2.300000,1.1322152270085821,1.1290467367293173
deep0_rung35ms_mgga_3x16,deep_rung35ms_mgga_3x16,fx,,0,2.325000,1.1312719267757303,1.1282491053138093
deep0_rung35ms_mgga_3x16,deep_rung35ms_mgga_3x16,fx,,0,2.350000,1.1303320165997,1.1274504224857038
deep0_rung35ms_mgga_3x16,deep_rung35ms_mgga_3x16,fx,,0,2.375000,1.129395566092744,1.1266507716896004
deep0_rung35ms_mgga_3x16,deep_rung35ms_mgga_3x16,fx,,0,2.400000,1.128462651384416,1.1258502337342684
deep0_rung35ms_mgga_3x16,deep_rung35ms_mgga_3x16,fx,,0,2.425000,1.1275333557082932,1.1250488868764206
deep0_rung35ms_mgga_3x16,deep_rung35ms_mgga_3x16,fx,,0,2.450000,1.1266077698729733,1.1242468069017264
deep0_rung35ms_mgga_3x16,deep_rung35ms_mgga_3x16,fx,,0,2.475000,1.1256859926320049,1.1234440672031538
deep0_rung35ms_mgga_3x16,deep_rung35ms_mgga_3x16,fx,,0,2.500000,1.1247681309566162,1.1226407388567223
deep0_rung35ms_mgga_3x16,deep_rung35ms_mgga_3x16,fx,,0,2.525000,1.1238543002090244,1.1218368906947505
deep0_rung35ms_mgga_3x16,deep_rung35ms_mgga_3x16,fx,,0,2.550000,1.1229446242113748,1.1210325893766737
deep0_rung35ms_mgga_3x16,deep_rung35ms_mgga_3x16,fx,,0,2.575000,1.1220392352049204,1.1202278994575188
deep0_rung35ms_mgga_3x16,deep_rung35ms_mgga_3x16,fx,,0,2.600000,1.1211382736950928,1.119422883454104
deep0_rung35ms_mgga_3x16,deep_rung35ms_mgga_3x16,fx,,0,2.625000,1.1202418881800245,1.1186176019090446
deep0_rung35ms_mgga_3x16,deep_rung35ms_mgga_3x16,fx,,0,2.650000,1.1193502347624613,1.1178121134526344
deep0_rung35ms_mgga_3x16,deep_rung35ms_mgga_3x16,fx,,0,2.675000,1.118463476647492,1.1170064748626771
deep0_rung35ms_mgga_3x16,deep_rung35ms_mgga_3x16,fx,,0,2.700000,1.1175817835309478,1.1162007411223307
deep0_rung35ms_mgga_3x16,deep_rung35ms_mgga_3x16,fx,,0,2.725000,1.1167053308855712,1.1153949654760382
deep0_rung35ms_mgga_3x16,deep_rung35ms_mgga_3x16,fx,,0,2.750000,1.1158342991539507,1.1145891994836064
deep0_rung35ms_mgga_3x16,deep_rung35ms_mgga_3x16,fx,,0,2.775000,1.1149688728588538,1.113783493072495
deep0_rung35ms_mgga_3x16,deep_rung35ms_mgga_3x16,fx,,0,2.800000,1.11410923964282,1.1129778945883795
deep0_rung35ms_mgga_3x16,deep_rung35ms_mgga_3x16,fx,,0,2.825000,1.1132555892497802,1.112172450844045
deep0_rung35ms_mgga_3x16,deep_rung35ms_mgga_3x16,fx,,0,2.850000,1.1124081124620384,1.111367207166669
deep0_rung35ms_mgga_3x16,deep_rung35ms_mgga_3x16,fx,,0,2.875000,1.1115670000061997,1.1105622074435488
deep0_rung35ms_mgga_3x16,deep_rung35ms_mgga_3x16,fx,,0,2.900000,1.1107324414415947,1.1097574941663262
deep0_rung35ms_mgga_3x16,deep_rung35ms_mgga_3x16,fx,,0,2.925000,1.1099046240444626,1.1089531084737612
deep0_rung35ms_mgga_3x16,deep_rung35ms_mgga_3x16,fx,,0,2.950000,1.1090837317006503,1.1081490901931075
deep0_rung35ms_mgga_3x16,deep_rung35ms_mgga_3x16,fx,,0,2.975000,1.1082699438188732,1.1073454778801328
deep0_rung35ms_mgga_3x16,deep_rung35ms_mgga_3x16,fx,,0,3.000000,1.1074634342757503,1.1065423088578359
deep0_rung35ms_mgga_3x16,deep_rung35ms_mgga_3x16,fx,,0,3.025000,1.106664370402828,1.105739619253904
deep0_rung35ms_mgga_3x16,deep_rung35ms_mgga_3x16,fx,,0,3.050000,1.1058729120247521,1.1049374440369497
deep0_rung35ms_mgga_3x16,deep_rung35ms_mgga_3x16,fx,,0,3.075000,1.1050892105566092,1.104135817051578
deep0_rung35ms_mgga_3x16,deep_rung35ms_mgga_3x16,fx,,0,3.100000,1.1043134081672918,1.1033347710523163
deep0_rung35ms_mgga_3x16,deep_rung35ms_mgga_3x16,fx,,0,3.125000,1.103545637014553,1.1025343377364487
deep0_rung35ms_mgga_3x16,deep_rung35ms_mgga_3x16,fx,,0,3.150000,1.102786018556253,1.1017345477757954
deep0_rung35ms_mgga_3x16,deep_rung35ms_mgga_3x16,fx,,0,3.175000,1.1020346629411484,1.1009354308474695
deep0_rung35ms_mgga_3x16,deep_rung35ms_mgga_3x16,fx,,0,3.200000,1.1012916684814773,1.1001370156636485
deep0_rung35ms_mgga_3x16,deep_rung35ms_mgga_3x16,fx,,0,3.225000,1.1005571212085545,1.0993393300003946
deep0_rung35ms_mgga_3x16,deep_rung35ms_mgga_3x16,fx,,0,3.250000,1.099831094511614,1.0985424007255535
deep0_rung35ms_mgga_3x16,deep_rung35ms_mgga_3x16,fx,,0,3.275000,1.0991136488592441,1.0977462538257692
deep0_rung35ms_mgga_3x16,deep_rung35ms_mgga_3x16,fx,,0,3.300000,1.0984048316019526,1.0969509144326373
deep0_rung35ms_mgga_3x16,deep_rung35ms_mgga_3x16,fx,,0,3.325000,1.0977046768536667,1.0961564068480345
deep0_rung35ms_mgga_3x16,deep_rung35ms_mgga_3x16,fx,,0,3.350000,1.097013205449348,1.0953627545686442
deep0_rung35ms_mgga_3x16,deep_rung35ms_mgga_3x16,fx,,0,3.375000,1.0963304249753485,1.094569980309713
deep0_rung35ms_mgga_3x16,deep_rung35ms_mgga_3x16,fx,,0,3.400000,1.0956563298686857,1.0937781060280596
deep0_rung35ms_mgga_3x16,deep_rung35ms_mgga_3x16,fx,,0,3.425000,1.0949909015810255,1.0929871529443604
deep0_rung35ms_mgga_3x16,deep_rung35ms_mgga_3x16,fx,,0,3.450000,1.0943341088028944,1.0921971415647445
deep0_rung35ms_mgga_3x16,deep_rung35ms_mgga_3x16,fx,,0,3.475000,1.0936859077433954,1.091408091701708
deep0_rung35ms_mgga_3x16,deep_rung35ms_mgga_3x16,fx,,0,3.500000,1.0930462424605887,1.090620022494385
deep0_rung35ms_mgga_3x16,deep_rung35ms_mgga_3x16,fx,,0,3.525000,1.0924150452375925,1.0898329524281853
deep0_rung35ms_mgga_3x16,deep_rung35ms_mgga_3x16,fx,,0,3.550000,1.0917922369994564,1.089046899353828
deep0_rung35ms_mgga_3x16,deep_rung35ms_mgga_3x16,fx,,0,3.575000,1.0911777277658807,1.088261880505785
deep0_rung35ms_mgga_3x16,deep_rung35ms_mgga_3x16,fx,,0,3.600000,1.09057141713494,1.08747791252016
deep0_rung35ms_mgga_3x16,deep_rung35ms_mgga_3x16,fx,,0,3.625000,1.0899731947930862,1.0866950114520173
deep0_rung35ms_mgga_3x16,deep_rung35ms_mgga_3x16,fx,,0,3.650000,1.0893829410468616,1.085913192792181
deep0_rung35ms_mgga_3x16,deep_rung35ms_mgga_3x16,fx,,0,3.675000,1.0888005273719334,1.0851324714835215
deep0_rung35ms_mgga_3x16,deep_rung35ms_mgga_3x16,fx,,0,3.700000,1.0882258169752739,1.084352861936746
deep0_rung35ms_mgga_3x16,deep_rung35ms_mgga_3x16,fx,,0,3.725000,1.087658665366525,1.08357437804571
deep0_rung35ms_mgga_3x16,deep_rung35ms_mgga_3x16,fx,,0,3.750000,1.0870989209348416,1.0827970332022658
deep0_rung35ms_mgga_3x16,deep_rung35ms_mgga_3x16,fx,,0,3.775000,1.0865464255277444,1.0820208403106608
deep0_rung35ms_mgga_3x16,deep_rung35ms_mgga_3x16,fx,,0,3.800000,1.0860010150287784,1.081245811801505
deep0_rung35ms_mgga_3x16,deep_rung35ms_mgga_3x16,fx,,0,3.825000,1.0854625199310275,1.0804719596453165
deep0_rung35ms_mgga_3x16,deep_rung35ms_mgga_3x16,fx,,0,3.850000,1.0849307659038012,1.0796992953656632
deep0_rung35ms_mgga_3x16,deep_rung35ms_mgga_3x16,fx,,0,3.875000,1.084405574350059,1.0789278300519098
deep0_rung35ms_mgga_3x16,deep_rung35ms_mgga_3x16,fx,,0,3.900000,1.0838867629524,1.0781575743715874
deep0_rung35ms_mgga_3x16,deep_rung35ms_mgga_3x16,fx,,0,3.925000,1.083374146205681,1.0773885385823938
deep0_rung35ms_mgga_3x16,deep_rung35ms_mgga_3x16,fx,,0,3.950000,1.082867535934572,1.076620732543838
deep0_rung35ms_mgga_3x16,deep_rung35ms_mgga_3x16,fx,,0,3.975000,1.082366741794583,1.0758541657285416
deep0_rung35ms_mgga_3x16,deep_rung35ms_mgga_3x16,fx,,0,4.000000,1.0818715717553105,1.0750888472332067
deep0_rung35ms_mgga_3x16,deep_rung35ms_mgga_3x16,fx,,0,4.025000,1.0813818325648652,1.0743247857892602
deep0_rung35ms_mgga_3x16,deep_rung35ms_mgga_3x16,fx,,0,4.050000,1.0808973301946303,1.0735619897731867
deep0_rung35ms_mgga_3x16,deep_rung35ms_mgga_3x16,fx,,0,4.075000,1.0804178702636833,1.0728004672165588
deep0_rung35ms_mgga_3x16,deep_rung35ms_mgga_3x16,fx,,0,4.100000,1.0799432584423874,1.0720402258157746
deep0_rung35ms_mgga_3x16,deep_rung35ms_mgga_3x16,fx,,0,4.125000,1.0794733008348074,1.0712812729415127
deep0_rung35ms_mgga_3x16,deep_rung35ms_mgga_3x16,fx,,0,4.150000,1.0790078043397588,1.0705236156479097
deep0_rung35ms_mgga_3x16,deep_rung35ms_mgga_3x16,fx,,0,4.175000,1.0785465769904243,1.069767260681476
deep0_rung35ms_mgga_3x16,deep_rung35ms_mgga_3x16,fx,,0,4.200000,1.0780894282725904,1.0690122144897514
deep0_rung35ms_mgga_3x16,deep_rung35ms_mgga_3x16,fx,,0,4.225000,1.077636169421672,1.0682584832297097
deep0_rung35ms_mgga_3x16,deep_rung35ms_mgga_3x16,fx,,0,4.250000,1.0771866136987873,1.0675060727759265
deep0_rung35ms_mgga_3x16,deep_rung35ms_mgga_3x16,fx,,0,4.275000,1.0767405766462201,1.066754988728507
deep0_rung35ms_mgga_3x16,deep_rung35ms_mgga_3x16,fx,,0,4.300000,1.0762978763227038,1.0660052364207921
deep0_rung35ms_mgga_3x16,deep_rung35ms_mgga_3x16,fx,,0,4.325000,1.0758583335190062,1.0652568209268407
deep0_rung35ms_mgga_3x16,deep_rung35ms_mgga_3x16,fx,,0,4.350000,1.0754217719543653,1.0645097470687008
deep0_rung35ms_mgga_3x16,deep_rung35ms_mgga_3x16,fx,,0,4.375000,1.0749880184543672,1.0637640194234734
deep0_rung35ms_mgga_3x16,deep_rung35ms_mgga_3x16,fx,,0,4.400000,1.0745569031108941,1.0630196423301772
deep0_rung35ms_mgga_3x16,deep_rung35ms_mgga_3x16,fx,,0,4.425000,1.0741282594248185,1.0622766198964166
deep0_rung35ms_mgga_3x16,deep_rung35ms_mgga_3x16,fx,,0,4.450000,1.0737019244321213,1.0615349560048657
deep0_rung35ms_mgga_3x16,deep_rung35ms_mgga_3x16,fx,,0,4.475000,1.0732777388141541,1.0607946543195659
deep0_rung35ms_mgga_3x16,deep_rung35ms_mgga_3x16,fx,,0,4.500000,1.0728555469927599,1.0600557182920478
deep0_rung35ms_mgga_3x16,deep_rung35ms_mgga_3x16,fx,,0,4.525000,1.07243519721099,1.0593181511672842
deep0_rung35ms_mgga_3x16,deep_rung35ms_mgga_3x16,fx,,0,4.550000,1.0720165416001466,1.0585819559894716
deep0_rung35ms_mgga_3x16,deep_rung35ms_mgga_3x16,fx,,0,4.575000,1.0715994362338848,1.0578471356076555
deep0_rung35ms_mgga_3x16,deep_rung35ms_mgga_3x16,fx,,0,4.600000,1.0711837411701028,1.0571136926811953
deep0_rung35ms_mgga_3x16,deep_rung35ms_mgga_3x16,fx,,0,4.625000,1.0707693204813402,1.0563816296850805
deep0_rung35ms_mgga_3x16,deep_rung35ms_mgga_3x16,fx,,0,4.650000,1.0703560422743879,1.0556509489150971
deep0_rung35ms_mgga_3x16,deep_rung35ms_mgga_3x16,fx,,0,4.675000,1.06994377869981,1.0549216524928522
deep0_rung35ms_mgga_3x16,deep_rung35ms_mgga_3x16,fx,,0,4.700000,1.0695324059520497,1.05419374237066
deep0_rung35ms_mgga_3x16,deep_rung35ms_mgga_3x16,fx,,0,4.725000,1.069121804260783,1.0534672203362934
deep0_rung35ms_mgga_3x16,deep_rung35ms_mgga_3x16,fx,,0,4.750000,1.0687118578741563,1.052742088017604
deep0_rung35ms_mgga_3x16,deep_rung35ms_mgga_3x16,fx,,0,4.775000,1.0683024550345288,1.0520183468870172
deep0_rung35ms_mgga_3x16,deep_rung35ms_mgga_3x16,fx,,0,4.800000,1.067893487947316,1.0512959982659025
deep0_rung35ms_mgga_3x16,deep_rung35ms_mgga_3x16,fx,,0,4.825000,1.0674848527435072,1.0505750433288248
deep0_rung35ms_mgga_3x16,deep_rung35ms_mgga_3x16,fx,,0,4.850000,1.0670764494364071,1.0498554831076812
deep0_rung35ms_mgga_3x16,deep_rung35ms_mgga_3x16,fx,,0,4.875000,1.0666681818731294,1.0491373184957231
deep0_rung35ms_mgga_3x16,deep_rung35ms_mgga_3x16,fx,,0,4.900000,1.0662599576813399,1.0484205502514707
deep0_rung35ms_mgga_3x16,deep_rung35ms_mgga_3x16,fx,,0,4.925000,1.0658516882117355,1.0477051790025216
deep0_rung35ms_mgga_3x16,deep_rung35ms_mgga_3x16,fx,,0,4.950000,1.0654432884767038,1.0469912052492543
deep0_rung35ms_mgga_3x16,deep_rung35ms_mgga_3x16,fx,,0,4.975000,1.065034677085597,1.0462786293684336
deep0_rung35ms_mgga_3x16,deep_rung35ms_mgga_3x16,fx,,0,5.000000,1.0646257761770312,1.0455674516167188
deep0_rung35ms_mgga_3x16,deep_rung35ms_mgga_3x16,fx,,0,5.025000,1.0642165113485857,1.0448576721340765
deep0_rung35ms_mgga_3x16,deep_rung35ms_mgga_3x16,fx,,0,5.050000,1.0638068115842703,1.0441492909471024
deep0_rung35ms_mgga_3x16,deep_rung35ms_mgga_3x16,fx,,0,5.075000,1.063396609180095,1.0434423079722535
deep0_rung35ms_mgga_3x16,deep_rung35ms_mgga_3x16,fx,,0,5.100000,1.0629858396680634,1.0427367230189954
deep0_rung35ms_mgga_3x16,deep_rung35ms_mgga_3x16,fx,,0,5.125000,1.0625744417388812,1.042032535792863
deep0_rung35ms_mgga_3x16,deep_rung35ms_mgga_3x16,fx,,0,5.150000,1.062162357163661,1.0413297458984416
deep0_rung35ms_mgga_3x16,deep_rung35ms_mgga_3x16,fx,,0,5.175000,1.061749530714877,1.0406283528422682
deep0_rung35ms_mgga_3x16,deep_rung35ms_mgga_3x16,fx,,0,5.200000,1.061335910086812,1.0399283560356543
deep0_rung35ms_mgga_3x16,deep_rung35ms_mgga_3x16,fx,,0,5.225000,1.0609214458157128,1.0392297547974363
deep0_rung35ms_mgga_3x16,deep_rung35ms_mgga_3x16,fx,,0,5.250000,1.0605060911998612,1.038532548356651
deep0_rung35ms_mgga_3x16,deep_rung35ms_mgga_3x16,fx,,0,5.275000,1.060089802219747,1.0378367358551408
deep0_rung35ms_mgga_3x16,deep_rung35ms_mgga_3x16,fx,,0,5.300000,1.0596725374585143,1.0371423163500901
deep0_rung35ms_mgga_3x16,deep_rung35ms_mgga_3x16,fx,,0,5.325000,1.0592542580228408,1.0364492888164956
deep0_rung35ms_mgga_3x16,deep_rung35ms_mgga_3x16,fx,,0,5.350000,1.058834927464389,1.0357576521495702
deep0_rung35ms_mgga_3x16,deep_rung35ms_mgga_3x16,fx,,0,5.375000,1.0584145117019659,1.0350674051670847
deep0_rung35ms_mgga_3x16,deep_rung35ms_mgga_3x16,fx,,0,5.400000,1.057992978944502,1.0343785466116477
deep0_rung35ms_mgga_3x16,deep_rung35ms_mgga_3x16,fx,,0,5.425000,1.0575702996149607,1.0336910751529251
deep0_rung35ms_mgga_3x16,deep_rung35ms_mgga_3x16,fx,,0,5.450000,1.0571464462752707,1.0330049893898028
deep0_rung35ms_mgga_3x16,deep_rung35ms_mgga_3x16,fx,,0,5.475000,1.0567213935523667,1.0323202878524915
deep0_rung35ms_mgga_3x16,deep_rung35ms_mgga_3x16,fx,,0,5.500000,1.0562951180654137,1.031636969004577
deep0_rung35ms_mgga_3x16,deep_rung35ms_mgga_3x16,fx,,0,5.525000,1.055867598354277,1.030955031245018
deep0_rung35ms_mgga_3x16,deep_rung35ms_mgga_3x16,fx,,0,5.550000,1.0554388148093026,1.0302744729100892
deep0_rung35ms_mgga_3x16,deep_rung35ms_mgga_3x16,fx,,0,5.575000,1.0550087496024492,1.0295952922752776
deep0_rung35ms_mgga_3x16,deep_rung35ms_mgga_3x16,fx,,0,5.600000,1.054577386619818,1.028917487557126
deep0_rung35ms_mgga_3x16,deep_rung35ms_mgga_3x16,fx,,0,5.625000,1.0541447113956153,1.0282410569150302
deep0_rung35ms_mgga_3x16,deep_rung35ms_mgga_3x16,fx,,0,5.650000,1.0537107110475754,1.0275659984529908
deep0_rung35ms_mgga_3x16,deep_rung35ms_mgga_3x16,fx,,0,5.675000,1.0532753742138663,1.0268923102213159
deep0_rung35ms_mgga_3x16,deep_rung35ms_mgga_3x16,fx,,0,5.700000,1.0528386909914986,1.0262199902182847
deep0_rung35ms_mgga_3x16,deep_rung35ms_mgga_3x16,fx,,0,5.725000,1.0524006528762448,1.025549036391764
deep0_rung35ms_mgga_3x16,deep_rung35ms_mgga_3x16,fx,,0,5.750000,1.0519612527040818,1.024879446640785
deep0_rung35ms_mgga_3x16,deep_rung35ms_mgga_3x16,fx,,0,5.775000,1.0515204845941584,1.024211218817078
deep0_rung35ms_mgga_3x16,deep_rung35ms_mgga_3x16,fx,,0,5.800000,1.0510783438932854,1.02354435072657
deep0_rung35ms_mgga_3x16,deep_rung35ms_mgga_3x16,fx,,0,5.825000,1.0506348271219488,1.0228788401308406
deep0_rung35ms_mgga_3x16,deep_rung35ms_mgga_3x16,fx,,0,5.850000,1.050189931921836,1.0222146847485427
deep0_rung35ms_mgga_3x16,deep_rung35ms_mgga_3x16,fx,,0,5.875000,1.0497436570048657,1.0215518822567862
deep0_rung35ms_mgga_3x16,deep_rung35ms_mgga_3x16,fx,,0,5.900000,1.049296002103711,1.020890430292485
deep0_rung35ms_mgga_3x16,deep_rung35ms_mgga_3x16,fx,,0,5.925000,1.048846967923797,1.020230326453671
deep0_rung35ms_mgga_3x16,deep_rung35ms_mgga_3x16,fx,,0,5.950000,1.048396556096762,1.0195715683007733
deep0_rung35ms_mgga_3x16,deep_rung35ms_mgga_3x16,fx,,0,5.975000,1.0479447691353583,1.0189141533578652
deep0_rung35ms_mgga_3x16,deep_rung35ms_mgga_3x16,fx,,0,6.000000,1.0474916103897725,1.0182580791138793
deep0_rung35ms_mgga_3x16,deep_rung35ms_mgga_3x16,fx,,1,0.000000,0.9999999999999999,1.0
deep0_rung35ms_mgga_3x16,deep_rung35ms_mgga_3x16,fx,,1,0.025000,1.0000076754199516,1.000077126015428
deep0_rung35ms_mgga_3x16,deep_rung35ms_mgga_3x16,fx,,1,0.050000,1.0000605687362307,1.0003080874041483
deep0_rung35ms_mgga_3x16,deep_rung35ms_mgga_3x16,fx,,1,0.075000,1.000201352585585,1.0006916018297418
deep0_rung35ms_mgga_3x16,deep_rung35ms_mgga_3x16,fx,,1,0.100000,1.0004692155891468,1.00122537363987
deep0_rung35ms_mgga_3x16,deep_rung35ms_mgga_3x16,fx,,1,0.125000,1.0008987957812212,1.0019058340763338
deep0_rung35ms_mgga_3x16,deep_rung35ms_mgga_3x16,fx,,1,0.150000,1.0015188893432854,1.002727928117751
deep0_rung35ms_mgga_3x16,deep_rung35ms_mgga_3x16,fx,,1,0.175000,1.0023510366708568,1.0036850322250028
deep0_rung35ms_mgga_3x16,deep_rung35ms_mgga_3x16,fx,,1,0.200000,1.0034080924997983,1.004768972960261
deep0_rung35ms_mgga_3x16,deep_rung35ms_mgga_3x16,fx,,1,0.225000,1.0046928956417134,1.005970101642073
deep0_rung35ms_mgga_3x16,deep_rung35ms_mgga_3x16,fx,,1,0.250000,1.006197170820569,1.0072774039220882
deep0_rung35ms_mgga_3x16,deep_rung35ms_mgga_3x16,fx,,1,0.275000,1.007900824333977,1.0086786420382468
deep0_rung35ms_mgga_3x16,deep_rung35ms_mgga_3x16,fx,,1,0.300000,1.0097718374776672,1.0101605343302198
deep0_rung35ms_mgga_3x16,deep_rung35ms_mgga_3x16,fx,,1,0.325000,1.0117670075555678,1.0117089751803436
deep0_rung35ms_mgga_3x16,deep_rung35ms_mgga_3x16,fx,,1,0.350000,1.013833809061399,1.0133092932875567
deep0_rung35ms_mgga_3x16,deep_rung35ms_mgga_3x16,fx,,1,0.375000,1.0159136008932266,1.0149465401468651
deep0_rung35ms_mgga_3x16,deep_rung35ms_mgga_3x16,fx,,1,0.400000,1.0179462361861082,1.0166057956112062
deep0_rung35ms_mgga_3x16,deep_rung35ms_mgga_3x16,fx,,1,0.425000,1.019875813187928,1.0182724743981733
deep0_rung35ms_mgga_3x16,deep_rung35ms_mgga_3x16,fx,,1,0.450000,1.021656882122745,1.0199326166851808
deep0_rung35ms_mgga_3x16,deep_rung35ms_mgga_3x16,fx,,1,0.475000,1.0232600285852955,1.0215731473666494
deep0_rung35ms_mgga_3x16,deep_rung35ms_mgga_3x16,fx,,1,0.500000,1.0246755782637922,1.023182091660349
deep0_rung35ms_mgga_3x16,deep_rung35ms_mgga_3x16,fx,,1,0.525000,1.0259143632289196,1.024748738905099
deep0_rung35ms_mgga_3x16,deep_rung35ms_mgga_3x16,fx,,1,0.550000,1.0270050748757984,1.0262637509070724
deep0_rung35ms_mgga_3x16,deep_rung35ms_mgga_3x16,fx,,1,0.575000,1.0279885525056947,1.027719215461434
deep0_rung35ms_mgga_3x16,deep_rung35ms_mgga_3x16,fx,,1,0.600000,1.028910154784047,1.0291086492486752
deep0_rung35ms_mgga_3x16,deep_rung35ms_mgga_3x16,fx,,1,0.625000,1.0298118624790618,1.0304269569176834
deep0_rung35ms_mgga_3x16,deep_rung35ms_mgga_3x16,fx,,1,0.650000,1.0307257911318184,1.0316703547398254
deep0_rung35ms_mgga_3x16,deep_rung35ms_mgga_3x16,fx,,1,0.675000,1.0316703396727074,1.0328362678173069
deep0_rung35ms_mgga_3x16,deep_rung35ms_mgga_3x16,fx,,1,0.700000,1.0326494241577124,1.0339232096209783
deep0_rung35ms_mgga_3x16,deep_rung35ms_mgga_3x16,fx,,1,0.725000,1.033654419157463,1.0349306518323131
deep0_rung35ms_mgga_3x16,deep_rung35ms_mgga_3x16,fx,,1,0.750000,1.0346678332523154,1.0358588912925095
deep0_rung35ms_mgga_3x16,deep_rung35ms_mgga_3x16,fx,,1,0.775000,1.0356675462438265,1.0367089195161243
deep0_rung35ms_mgga_3x16,deep_rung35ms_mgga_3x16,fx,,1,0.800000,1.036630623906203,1.037482298864651
deep0_rung35ms_mgga_3x16,deep_rung35ms_mgga_3x16,fx,,1,0.825000,1.0375361448274252,1.0381810482086806
deep0_rung35ms_mgga_3x16,deep_rung35ms_mgga_3x16,fx,,1,0.850000,1.0383669184568691,1.0388075398042285
deep0_rung35ms_mgga_3x16,deep_rung35ms_mgga_3x16,fx,,1,0.875000,1.0391102900149756,1.0393644082017732
deep0_rung35ms_mgga_3x16,deep_rung35ms_mgga_3x16,fx,,1,0.900000,1.0397583595896078,1.039854471300772
deep0_rung35ms_mgga_3x16,deep_rung35ms_mgga_3x16,fx,,1,0.925000,1.0403079166302116,1.040280663144777
deep0_rung35ms_mgga_3x16,deep_rung35ms_mgga_3x16,fx,,1,0.950000,1.0407602750665443,1.040645977699074
deep0_rung35ms_mgga_3x16,deep_rung35ms_mgga_3x16,fx,,1,0.975000,1.0411210574025747,1.0409534226356034
deep0_rung35ms_mgga_3x16,deep_rung35ms_mgga_3x16,fx,,1,1.000000,1.0413998680310474,1.0412059820398643
deep0_rung35ms_mgga_3x16,deep_rung35ms_mgga_3x16,fx,,1,1.025000,1.0416097438639669,1.0414065869248033
deep0_rung35ms_mgga_3x16,deep_rung35ms_mgga_3x16,fx,,1,1.050000,1.0417662828973429,1.0415580924640704
deep0_rung35ms_mgga_3x16,deep_rung35ms_mgga_3x16,fx,,1,1.075000,1.0418864218508337,1.04166326092239
deep0_rung35ms_mgga_3x16,deep_rung35ms_mgga_3x16,fx,,1,1.100000,1.0419869408351088,1.041724749349034
deep0_rung35ms_mgga_3x16,deep_rung35ms_mgga_3x16,fx,,1,1.125000,1.042082880845459,1.0417451012001402
deep0_rung35ms_mgga_3x16,deep_rung35ms_mgga_3x16,fx,,1,1.150000,1.0421861277819715,1.0417267411586144
deep0_rung35ms_mgga_3x16,deep_rung35ms_mgga_3x16,fx,,1,1.175000,1.042304413121281,1.0416719725209855
deep0_rung35ms_mgga_3x16,deep_rung35ms_mgga_3x16,fx,,1,1.200000,1.0424409003566895,1.0415829766151044
deep0_rung35ms_mgga_3x16,deep_rung35ms_mgga_3x16,fx,,1,1.225000,1.0425943937964153,1.0414618137989569
deep0_rung35ms_mgga_3x16,deep_rung35ms_mgga_3x16,fx,,1,1.250000,1.0427600696884478,1.0413104256679637
deep0_rung35ms_mgga_3x16,deep_rung35ms_mgga_3x16,fx,,1,1.275000,1.0429305351785334,1.0411306381657643
deep0_rung35ms_mgga_3x16,deep_rung35ms_mgga_3x16,fx,,1,1.300000,1.0430969921358706,1.0409241653518562
deep0_rung35ms_mgga_3x16,deep_rung35ms_mgga_3x16,fx,,1,1.325000,1.0432503147820604,1.0406926136291317
deep0_rung35ms_mgga_3x16,deep_rung35ms_mgga_3x16,fx,,1,1.350000,1.0433819165361542,1.040437486276089
deep0_rung35ms_mgga_3x16,deep_rung35ms_mgga_3x16,fx,,1,1.375000,1.0434843532401255,1.0401601881631057
deep0_rung35ms_mgga_3x16,deep_rung35ms_mgga_3x16,fx,,1,1.400000,1.043551666922606,1.0398620305604855
deep0_rung35ms_mgga_3x16,deep_rung35ms_mgga_3x16,fx,,1,1.425000,1.0435795092969657,1.03954423596885
deep0_rung35ms_mgga_3x16,deep_rung35ms_mgga_3x16,fx,,1,1.450000,1.043565099376809,1.0392079429206125
deep0_rung35ms_mgga_3x16,deep_rung35ms_mgga_3x16,fx,,1,1.475000,1.0435070708497387,1.0388542107154195
deep0_rung35ms_mgga_3x16,deep_rung35ms_mgga_3x16,fx,,1,1.500000,1.0434052580811408,1.0384840240632753
deep0_rung35ms_mgga_3x16,deep_rung35ms_mgga_3x16,fx,,1,1.525000,1.0432604592299877,1.0380982976170656
deep0_rung35ms_mgga_3x16,deep_rung35ms_mgga_3x16,fx,,1,1.550000,1.0430742038201413,1.0376978803819894
deep0_rung35ms_mgga_3x16,deep_rung35ms_mgga_3x16,fx,,1,1.575000,1.0428485419457267,1.0372835599933328
deep0_rung35ms_mgga_3x16,deep_rung35ms_mgga_3x16,fx,,1,1.600000,1.0425858640026444,1.0368560668565787
deep0_rung35ms_mgga_3x16,deep_rung35ms_mgga_3x16,fx,,1,1.625000,1.0422887537401067,1.0364160781453278
deep0_rung35ms_mgga_3x16,deep_rung35ms_mgga_3x16,fx,,1,1.650000,1.041959873410635,1.0359642216532339
deep0_rung35ms_mgga_3x16,deep_rung35ms_mgga_3x16,fx,,1,1.675000,1.0416018775136409,1.0355010794964032
deep0_rung35ms_mgga_3x16,deep_rung35ms_mgga_3x16,fx,,1,1.700000,1.041217350631164,1.0350271916626659
deep0_rung35ms_mgga_3x16,deep_rung35ms_mgga_3x16,fx,,1,1.725000,1.0408087647135031,1.0345430594039822
deep0_rung35ms_mgga_3x16,deep_rung35ms_mgga_3x16,fx,,1,1.750000,1.0403784515315972,1.0340491484681429
deep0_rung35ms_mgga_3x16,deep_rung35ms_mgga_3x16,fx,,1,1.775000,1.0399285866115755,1.0335458921659484
deep0_rung35ms_mgga_3x16,deep_rung35ms_mgga_3x16,fx,,1,1.800000,1.039461181633907,1.0330336942702585
deep0_rung35ms_mgga_3x16,deep_rung35ms_mgga_3x16,fx,,1,1.825000,1.0389780829151958,1.0325129317437718
deep0_rung35ms_mgga_3x16,deep_rung35ms_mgga_3x16,fx,,1,1.850000,1.0384809741457224,1.03198395729307
deep0_rung35ms_mgga_3x16,deep_rung35ms_mgga_3x16,fx,,1,1.875000,1.037971382013529,1.0314471017473676
deep0_rung35ms_mgga_3x16,deep_rung35ms_mgga_3x16,fx,,1,1.900000,1.0374506837080788,1.0309026762615185
deep0_rung35ms_mgga_3x16,deep_rung35ms_mgga_3x16,fx,,1,1.925000,1.0369201155744274,1.0303509743440518
deep0_rung35ms_mgga_3x16,deep_rung35ms_mgga_3x16,fx,,1,1.950000,1.0363807823969682,1.0297922737123535
deep0_rung35ms_mgga_3x16,deep_rung35ms_mgga_3x16,fx,,1,1.975000,1.0358336669447086,1.0292268379784637
deep0_rung35ms_mgga_3x16,deep_rung35ms_mgga_3x16,fx,,1,2.000000,1.035279639520718,1.0286549181702986
deep0_rung35ms_mgga_3x16,deep_rung35ms_mgga_3x16,fx,,1,2.025000,1.0347194673376205,1.0280767540943783
deep0_rung35ms_mgga_3x16,deep_rung35ms_mgga_3x16,fx,,1,2.050000,1.034153823597345,1.027492575547279
deep0_rung35ms_mgga_3x16,deep_rung35ms_mgga_3x16,fx,,1,2.075000,1.033583296193263,1.0269026033840367
deep0_rung35ms_mgga_3x16,deep_rung35ms_mgga_3x16,fx,,1,2.100000,1.0330083959811958,1.0263070504525307
deep0_rung35ms_mgga_3x16,deep_rung35ms_mgga_3x16,fx,,1,2.125000,1.032429564586018,1.0257061224035078
deep0_rung35ms_mgga_3x16,deep_rung35ms_mgga_3x16,fx,,1,2.150000,1.031847181725214,1.025100018386322
deep0_rung35ms_mgga_3x16,deep_rung35ms_mgga_3x16,fx,,1,2.175000,1.0312615720414628,1.0244889316406927
deep0_rung35ms_mgga_3x16,deep_rung35ms_mgga_3x16,fx,,1,2.200000,1.0306730114443294,1.0238730499948074
deep0_rung35ms_mgga_3x16,deep_rung35ms_mgga_3x16,fx,,1,2.225000,1.0300817329672014,1.0232525562799633
deep0_rung35ms_mgga_3x16,deep_rung35ms_mgga_3x16,fx,,1,2.250000,1.0294879321502852,1.0226276286716498
deep0_rung35ms_mgga_3x16,deep_rung35ms_mgga_3x16,fx,,1,2.275000,1.0288917719640909,1.0219984409665455
deep0_rung35ms_mgga_3x16,deep_rung35ms_mgga_3x16,fx,,1,2.300000,1.0282933872906586,1.0213651628043778
deep0_rung35ms_mgga_3x16,deep_rung35ms_mgga_3x16,fx,,1,2.325000,1.0276928889819363,1.0207279598429906
deep0_rung35ms_mgga_3x16,deep_rung35ms_mgga_3x16,fx,,1,2.350000,1.0270903675163467,1.0200869938942942
deep0_rung35ms_mgga_3x16,deep_rung35ms_mgga_3x16,fx,,1,2.375000,1.026485896275745,1.019442423028072
deep0_rung35ms_mgga_3x16,deep_rung35ms_mgga_3x16,fx,,1,2.400000,1.0258795344657397,1.0187944016499157
deep0_rung35ms_mgga_3x16,deep_rung35ms_mgga_3x16,fx,,1,2.425000,1.0252713297027611,1.0181430805588372
deep0_rung35ms_mgga_3x16,deep_rung35ms_mgga_3x16,fx,,1,2.450000,1.0246613202913941,1.0174886069894218
deep0_rung35ms_mgga_3x16,deep_rung35ms_mgga_3x16,fx,,1,2.475000,1.024049537215327,1.0168311246427255
deep0_rung35ms_mgga_3x16,deep_rung35ms_mgga_3x16,fx,,1,2.500000,1.0234360058649128,1.0161707737094865
deep0_rung35ms_mgga_3x16,deep_rung35ms_mgga_3x16,fx,,1,2.525000,1.022820747523761,1.0155076908886551
deep0_rung35ms_mgga_3x16,deep_rung35ms_mgga_3x16,fx,,1,2.550000,1.0222037806360527,1.0148420094037067
deep0_rung35ms_mgga_3x16,deep_rung35ms_mgga_3x16,fx,,1,2.575000,1.021585121875416,1.014173859018729
deep0_rung35ms_mgga_3x16,deep_rung35ms_mgga_3x16,fx,,1,2.600000,1.0209647870352272,1.0135033660558517
deep0_rung35ms_mgga_3x16,deep_rung35ms_mgga_3x16,fx,,1,2.625000,1.0203427917591676,1.0128306534152085
deep0_rung35ms_mgga_3x16,deep_rung35ms_mgga_3x16,fx,,1,2.650000,1.019719152129757,1.012155840598302
deep0_rung35ms_mgga_3x16,deep_rung35ms_mgga_3x16,fx,,1,2.675000,1.019093885131456,1.0114790437353596
deep0_rung35ms_mgga_3x16,deep_rung35ms_mgga_3x16,fx,,1,2.700000,1.018467009003764,1.0108003756170394
deep0_rung35ms_mgga_3x16,deep_rung35ms_mgga_3x16,fx,,1,2.725000,1.017838543498598,1.0101199457306476
deep0_rung35ms_mgga_3x16,deep_rung35ms_mgga_3x16,fx,,1,2.750000,1.0172085100550685,1.0094378603008718
deep0_rung35ms_mgga_3x16,deep_rung35ms_mgga_3x16,fx,,1,2.775000,1.0165769319036668,1.0087542223349104
deep0_rung35ms_mgga_3x16,deep_rung35ms_mgga_3x16,fx,,1,2.800000,1.0159438341107725,1.008069131671777
deep0_rung35ms_mgga_3x16,deep_rung35ms_mgga_3x16,fx,,1,2.825000,1.0153092435733437,1.0073826850354866
deep0_rung35ms_mgga_3x16,deep_rung35ms_mgga_3x16,fx,,1,2.850000,1.014673188972649,1.0066949760917798
deep0_rung35ms_mgga_3x16,deep_rung35ms_mgga_3x16,fx,,1,2.875000,1.0140357006949443,1.0060060955080066
deep0_rung35ms_mgga_3x16,deep_rung35ms_mgga_3x16,fx,,1,2.900000,1.0133968107261022,1.005316131015764
deep0_rung35ms_mgga_3x16,deep_rung35ms_mgga_3x16,fx,,1,2.925000,1.0127565525263655,1.004625167475888
deep0_rung35ms_mgga_3x16,deep_rung35ms_mgga_3x16,fx,,1,2.950000,1.0121149608906046,1.0039332869453925
deep0_rung35ms_mgga_3x16,deep_rung35ms_mgga_3x16,fx,,1,2.975000,1.011472071798747,1.0032405687459562
deep0_rung35ms_mgga_3x16,deep_rung35ms_mgga_3x16,fx,,1,3.000000,1.0108279222603813,1.0025470895335853
deep0_rung35ms_mgga_3x16,deep_rung35ms_mgga_3x16,fx,,1,3.025000,1.0101825501569275,1.001852923369092
deep0_rung35ms_mgga_3x16,deep_rung35ms_mgga_3x16,fx,,1,3.050000,1.0095359940842292,1.0011581417890496
deep0_rung35ms_mgga_3x16,deep_rung35ms_mgga_3x16,fx,,1,3.075000,1.0088882931979113,1.0004628138769258
deep0_rung35ms_mgga_3x16,deep_rung35ms_mgga_3x16,fx,,1,3.100000,1.00823948706342,0.9997670063341002
deep0_rung35ms_mgga_3x16,deep_rung35ms_mgga_3x16,fx,,1,3.125000,1.0075896155122654,0.9990707835505201
deep0_rung35ms_mgga_3x16,deep_rung35ms_mgga_3x16,fx,,1,3.150000,1.0069387185056278,0.9983742076747646
deep0_rung35ms_mgga_3x16,deep_rung35ms_mgga_3x16,fx,,1,3.175000,1.0062868360062023,0.9976773386833117
deep0_rung35ms_mgga_3x16,deep_rung35ms_mgga_3x16,fx,,1,3.200000,1.0056340078588808,0.9969802344488408
deep0_rung35ms_mgga_3x16,deep_rung35ms_mgga_3x16,fx,,1,3.225000,1.0049802736806472,0.996282950807408
deep0_rung35ms_mgga_3x16,deep_rung35ms_mgga_3x16,fx,,1,3.250000,1.004325672759872,0.9955855416243745
deep0_rung35ms_mgga_3x16,deep_rung35ms_mgga_3x16,fx,,1,3.275000,1.0036702439650194,0.9948880588589714
deep0_rung35ms_mgga_3x16,deep_rung35ms_mgga_3x16,fx,,1,3.300000,1.003014025662663,0.9941905526274198
deep0_rung35ms_mgga_3x16,deep_rung35ms_mgga_3x16,fx,,1,3.325000,1.0023570556445767,0.9934930712645277
deep0_rung35ms_mgga_3x16,deep_rung35ms_mgga_3x16,fx,,1,3.350000,1.0016993710635946,0.9927956613837123
deep0_rung35ms_mgga_3x16,deep_rung35ms_mgga_3x16,fx,,1,3.375000,1.001041008377861,0.9920983679354076
deep0_rung35ms_mgga_3x16,deep_rung35ms_mgga_3x16,fx,,1,3.400000,1.0003820033030346,0.9914012342638262
deep0_rung35ms_mgga_3x16,deep_rung35ms_mgga_3x16,fx,,1,3.425000,0.999722390771987,0.9907043021620617
deep0_rung35ms_mgga_3x16,deep_rung35ms_mgga_3x16,fx,,1,3.450000,0.9990622049015002,0.9900076119255249
deep0_rung35ms_mgga_3x16,deep_rung35ms_mgga_3x16,fx,,1,3.475000,0.9984014789654625,0.9893112024037166
deep0_rung35ms_mgga_3x16,deep_rung35ms_mgga_3x16,fx,,1,3.500000,0.9977402453740564,0.9886151110503455
deep0_rung35ms_mgga_3x16,deep_rung35ms_mgga_3x16,fx,,1,3.525000,0.9970785356584355,0.9879193739718123
deep0_rung35ms_mgga_3x16,deep_rung35ms_mgga_3x16,fx,,1,3.550000,0.9964163804604017,0.9872240259740784
deep0_rung35ms_mgga_3x16,deep_rung35ms_mgga_3x16,fx,,1,3.575000,0.9957538095266002,0.9865291006079477
deep0_rung35ms_mgga_3x16,deep_rung35ms_mgga_3x16,fx,,1,3.600000,0.9950908517067822,0.9858346302127938
deep0_rung35ms_mgga_3x16,deep_rung35ms_mgga_3x16,fx,,1,3.625000,0.9944275349556938,0.9851406459587677
deep0_rung35ms_mgga_3x16,deep_rung35ms_mgga_3x16,fx,,1,3.650000,0.9937638863381825,0.9844471778875169
deep0_rung35ms_mgga_3x16,deep_rung35ms_mgga_3x16,fx,,1,3.675000,0.9930999320371335,0.9837542549514634
deep0_rung35ms_mgga_3x16,deep_rung35ms_mgga_3x16,fx,,1,3.700000,0.9924356973638783,0.9830619050516752
deep0_rung35ms_mgga_3x16,deep_rung35ms_mgga_3x16,fx,,1,3.725000,0.9917712067707382,0.9823701550743712
deep0_rung35ms_mgga_3x16,deep_rung35ms_mgga_3x16,fx,,1,3.750000,0.9911064838653959,0.9816790309261079
deep0_rung35ms_mgga_3x16,deep_rung35ms_mgga_3x16,fx,,1,3.775000,0.9904415514268166,0.9809885575676817
deep0_rung35ms_mgga_3x16,deep_rung35ms_mgga_3x16,fx,,1,3.800000,0.9897764314224555,0.9802987590467975
deep0_rung35ms_mgga_3x16,deep_rung35ms_mgga_3x16,fx,,1,3.825000,0.9891111450265234,0.979609658529538
deep0_rung35ms_mgga_3x16,deep_rung35ms_mgga_3x16,fx,,1,3.850000,0.988445712639096,0.9789212783306785
deep0_rung35ms_mgga_3x16,deep_rung35ms_mgga_3x16,fx,,1,3.875000,0.9877801539058798,0.9782336399428906
deep0_rung35ms_mgga_3x16,deep_rung35ms_mgga_3x16,fx,,1,3.900000,0.9871144877384652,0.9775467640648684
deep0_rung35ms_mgga_3x16,deep_rung35ms_mgga_3x16,fx,,1,3.925000,0.9864487323349163,0.9768606706284232
deep0_rung35ms_mgga_3x16,deep_rung35ms_mgga_3x16,fx,,1,3.950000,0.985782905200563,0.9761753788245814
deep0_rung35ms_mgga_3x16,deep_rung35ms_mgga_3x16,fx,,1,3.975000,0.9851170231688829,0.9754909071287219
deep0_rung35ms_mgga_3x16,deep_rung35ms_mgga_3x16,fx,,1,4.000000,0.9844511024223642,0.9748072733247942
deep0_rung35ms_mgga_3x16,deep_rung35ms_mgga_3x16,fx,,1,4.025000,0.9837851585132691,0.9741244945286455
deep0_rung35ms_mgga_3x16,deep_rung35ms_mgga_3x16,fx,,1,4.050000,0.9831192063842138,0.9734425872104977
deep0_rung35ms_mgga_3x16,deep_rung35ms_mgga_3x16,fx,,1,4.075000,0.982453260388506,0.9727615672166016
deep0_rung35ms_mgga_3x16,deep_rung35ms_mgga_3x16,fx,,1,4.100000,0.9817873343101797,0.9720814497901045
deep0_rung35ms_mgga_3x16,deep_rung35ms_mgga_3x16,fx,,1,4.125000,0.9811214413836864,0.9714022495911578
deep0_rung35ms_mgga_3x16,deep_rung35ms_mgga_3x16,fx,,1,4.150000,0.9804555943131971,0.970723980716298
deep0_rung35ms_mgga_3x16,deep_rung35ms_mgga_3x16,fx,,1,4.175000,0.9797898052914923,0.9700466567171261
deep0_rung35ms_mgga_3x16,deep_rung35ms_mgga_3x16,fx,,1,4.200000,0.979124086018409,0.9693702906183164
deep0_rung35ms_mgga_3x16,deep_rung35ms_mgga_3x16,fx,,1,4.225000,0.9784584477188273,0.9686948949349768
deep0_rung35ms_mgga_3x16,deep_rung35ms_mgga_3x16,fx,,1,4.250000,0.9777929011601842,0.968020481689389
deep0_rung35ms_mgga_3x16,deep_rung35ms_mgga_3x16,fx,,1,4.275000,0.9771274566695001,0.9673470624271521
deep0_rung35ms_mgga_3x16,deep_rung35ms_mgga_3x16,fx,,1,4.300000,0.9764621241499167,0.9666746482327526
deep0_rung35ms_mgga_3x16,deep_rung35ms_mgga_3x16,fx,,1,4.325000,0.9757969130967393,0.9660032497445823
deep0_rung35ms_mgga_3x16,deep_rung35ms_mgga_3x16,fx,,1,4.350000,0.9751318326129842,0.9653328771694288
deep0_rung35ms_mgga_3x16,deep_rung35ms_mgga_3x16,fx,,1,4.375000,0.9744668914244333,0.9646635402964531
deep0_rung35ms_mgga_3x16,deep_rung35ms_mgga_3x16,fx,,1,4.400000,0.9738020978942007,0.9639952485106825
deep0_rung35ms_mgga_3x16,deep_rung35ms_mgga_3x16,fx,,1,4.425000,0.9731374600368156,0.9633280108060285
deep0_rung35ms_mgga_3x16,deep_rung35ms_mgga_3x16,fx,,1,4.450000,0.9724729855318278,0.9626618357978549
deep0_rung35ms_mgga_3x16,deep_rung35ms_mgga_3x16,fx,,1,4.475000,0.9718086817369468,0.9619967317351112
deep0_rung35ms_mgga_3x16,deep_rung35ms_mgga_3x16,fx,,1,4.500000,0.9711445557007208,0.9613327065120458
deep0_rung35ms_mgga_3x16,deep_rung35ms_mgga_3x16,fx,,1,4.525000,0.9704806141747676,0.9606697676795186
deep0_rung35ms_mgga_3x16,deep_rung35ms_mgga_3x16,fx,,1,4.550000,0.9698168636255666,0.9600079224559257
deep0_rung35ms_mgga_3x16,deep_rung35ms_mgga_3x16,fx,,1,4.575000,0.969153310245822,0.9593471777377519
deep0_rung35ms_mgga_3x16,deep_rung35ms_mgga_3x16,fx,,1,4.600000,0.968489959965412,0.9586875401097654
deep0_rung35ms_mgga_3x16,deep_rung35ms_mgga_3x16,fx,,1,4.625000,0.9678268184619326,0.9580290158548668
deep0_rung35ms_mgga_3x16,deep_rung35ms_mgga_3x16,fx,,1,4.650000,0.9671638911708462,0.957371610963608
deep0_rung35ms_mgga_3x16,deep_rung35ms_mgga_3x16,fx,,1,4.675000,0.9665011832952515,0.9567153311433895
deep0_rung35ms_mgga_3x16,deep_rung35ms_mgga_3x16,fx,,1,4.700000,0.965838699815283,0.9560601818273518
deep0_rung35ms_mgga_3x16,deep_rung35ms_mgga_3x16,fx,,1,4.725000,0.965176445497151,0.9554061681829704
deep0_rung35ms_mgga_3x16,deep_rung35ms_mgga_3x16,fx,,1,4.750000,0.9645144249018374,0.9547532951203652
deep0_rung35ms_mgga_3x16,deep_rung35ms_mgga_3x16,fx,,1,4.775000,0.9638526423934541,0.9541015673003359
deep0_rung35ms_mgga_3x16,deep_rung35ms_mgga_3x16,fx,,1,4.800000,0.9631911021472797,0.9534509891421321
deep0_rung35ms_mgga_3x16,deep_rung35ms_mgga_3x16,fx,,1,4.825000,0.9625298081574817,0.9528015648309692
deep0_rung35ms_mgga_3x16,deep_rung35ms_mgga_3x16,fx,,1,4.850000,0.9618687642445372,0.9521532983252985
deep0_rung35ms_mgga_3x16,deep_rung35ms_mgga_3x16,fx,,1,4.875000,0.9612079740623618,0.9515061933638401
deep0_rung35ms_mgga_3x16,deep_rung35ms_mgga_3x16,fx,,1,4.900000,0.960547441105159,0.9508602534723888
deep0_rung35ms_mgga_3x16,deep_rung35ms_mgga_3x16,fx,,1,4.925000,0.9598871687139955,0.9502154819703983
deep0_rung35ms_mgga_3x16,deep_rung35ms_mgga_3x16,fx,,1,4.950000,0.9592271600831167,0.9495718819773558
deep0_rung35ms_mgga_3x16,deep_rung35ms_mgga_3x16,fx,,1,4.975000,0.9585674182660119,0.9489294564189484
deep0_rung35ms_mgga_3x16,deep_rung35ms_mgga_3x16,fx,,1,5.000000,0.9579079461812333,0.9482882080330374
deep0_rung35ms_mgga_3x16,deep_rung35ms_mgga_3x16,fx,,1,5.025000,0.9572487466179848,0.9476481393754367
deep0_rung35ms_mgga_3x16,deep_rung35ms_mgga_3x16,fx,,1,5.050000,0.9565898222414837,0.9470092528255126
deep0_rung35ms_mgga_3x16,deep_rung35ms_mgga_3x16,fx,,1,5.075000,0.9559311755981071,0.9463715505916034
deep0_rung35ms_mgga_3x16,deep_rung35ms_mgga_3x16,fx,,1,5.100000,0.9552728091203289,0.9457350347162685
deep0_rung35ms_mgga_3x16,deep_rung35ms_mgga_3x16,fx,,1,5.125000,0.954614725131457,0.9450997070813746
deep0_rung35ms_mgga_3x16,deep_rung35ms_mgga_3x16,fx,,1,5.150000,0.9539569258501779,0.9444655694130195
deep0_rung35ms_mgga_3x16,deep_rung35ms_mgga_3x16,fx,,1,5.175000,0.9532994133949155,0.9438326232863062
deep0_rung35ms_mgga_3x16,deep_rung35ms_mgga_3x16,fx,,1,5.200000,0.9526421897880117,0.9432008701299636
deep0_rung35ms_mgga_3x16,deep_rung35ms_mgga_3x16,fx,,1,5.225000,0.9519852569597347,0.9425703112308289
deep0_rung35ms_mgga_3x16,deep_rung35ms_mgga_3x16,fx,,1,5.250000,0.9513286167521242,0.9419409477381878
deep0_rung35ms_mgga_3x16,deep_rung35ms_mgga_3x16,fx,,1,5.275000,0.9506722709226779,0.9413127806679837
deep0_rung35ms_mgga_3x16,deep_rung35ms_mgga_3x16,fx,,1,5.300000,0.950016221147884,0.9406858109068954
deep0_rung35ms_mgga_3x16,deep_rung35ms_mgga_3x16,fx,,1,5.325000,0.9493604690266112,0.9400600392162917
deep0_rung35ms_mgga_3x16,deep_rung35ms_mgga_3x16,fx,,1,5.350000,0.948705016083354,0.9394354662360648
deep0_rung35ms_mgga_3x16,deep_rung35ms_mgga_3x16,fx,,1,5.375000,0.948049863771346,0.9388120924883473
deep0_rung35ms_mgga_3x16,deep_rung35ms_mgga_3x16,fx,,1,5.400000,0.9473950134755448,0.9381899183811157
deep0_rung35ms_mgga_3x16,deep_rung35ms_mgga_3x16,fx,,1,5.425000,0.9467404665154884,0.9375689442116866
deep0_rung35ms_mgga_3x16,deep_rung35ms_mgga_3x16,fx,,1,5.450000,0.9460862241480358,0.9369491701701064
deep0_rung35ms_mgga_3x16,deep_rung35ms_mgga_3x16,fx,,1,5.475000,0.9454322875699932,0.9363305963424385
deep0_rung35ms_mgga_3x16,deep_rung35ms_mgga_3x16,fx,,1,5.500000,0.9447786579206272,0.9357132227139547
deep0_rung35ms_mgga_3x16,deep_rung35ms_mgga_3x16,fx,,1,5.525000,0.944125336284076,0.9350970491722284
deep0_rung35ms_mgga_3x16,deep_rung35ms_mgga_3x16,fx,,1,5.550000,0.9434723236916567,0.9344820755101365
deep0_rung35ms_mgga_3x16,deep_rung35ms_mgga_3x16,fx,,1,5.575000,0.9428196211240786,0.9338683014287742
deep0_rung35ms_mgga_3x16,deep_rung35ms_mgga_3x16,fx,,1,5.600000,0.9421672295135586,0.9332557265402808
deep0_rung35ms_mgga_3x16,deep_rung35ms_mgga_3x16,fx,,1,5.625000,0.9415151497458535,0.9326443503705826
deep0_rung35ms_mgga_3x16,deep_rung35ms_mgga_3x16,fx,,1,5.650000,0.9408633826622006,0.9320341723620569
deep0_rung35ms_mgga_3x16,deep_rung35ms_mgga_3x16,fx,,1,5.675000,0.9402119290611799,0.9314251918761152
deep0_rung35ms_mgga_3x16,deep_rung35ms_mgga_3x16,fx,,1,5.700000,0.9395607897004968,0.9308174081957138
deep0_rung35ms_mgga_3x16,deep_rung35ms_mgga_3x16,fx,,1,5.725000,0.938909965298689,0.930210820527787
deep0_rung35ms_mgga_3x16,deep_rung35ms_mgga_3x16,fx,,1,5.750000,0.9382594565367599,0.9296054280056135
deep0_rung35ms_mgga_3x16,deep_rung35ms_mgga_3x16,fx,,1,5.775000,0.937609264059746,0.9290012296911111
deep0_rung35ms_mgga_3x16,deep_rung35ms_mgga_3x16,fx,,1,5.800000,0.9369593884782131,0.9283982245770669
deep0_rung35ms_mgga_3x16,deep_rung35ms_mgga_3x16,fx,,1,5.825000,0.9363098303696942,0.9277964115893016
deep0_rung35ms_mgga_3x16,deep_rung35ms_mgga_3x16,fx,,1,5.850000,0.9356605902800595,0.9271957895887724
deep0_rung35ms_mgga_3x16,deep_rung35ms_mgga_3x16,fx,,1,5.875000,0.9350116687248374,0.926596357373614
deep0_rung35ms_mgga_3x16,deep_rung35ms_mgga_3x16,fx,,1,5.900000,0.9343630661904688,0.9259981136811237
deep0_rung35ms_mgga_3x16,deep_rung35ms_mgga_3x16,fx,,1,5.925000,0.9337147831355163,0.9254010571896856
deep0_rung35ms_mgga_3x16,deep_rung35ms_mgga_3x16,fx,,1,5.950000,0.9330668199918174,0.924805186520644
deep0_rung35ms_mgga_3x16,deep_rung35ms_mgga_3x16,fx,,1,5.975000,0.9324191771655902,0.924210500240121
deep0_rung35ms_mgga_3x16,deep_rung35ms_mgga_3x16,fx,,1,6.000000,0.931771855038492,0.9236169968607824
deep0_rung35ms_mgga_3x16,deep_rung35ms_mgga_3x16,fc,0.5,0,0.000000,0.015509294461634737,0.3313403504893755
deep0_rung35ms_mgga_3x16,deep_rung35ms_mgga_3x16,fc,0.5,0,0.025000,0.0155100396233403,0.3312976492408245
deep0_rung35ms_mgga_3x16,deep_rung35ms_mgga_3x16,fc,0.5,0,0.050000,0.015515192288633739,0.3311696771809543
deep0_rung35ms_mgga_3x16,deep_rung35ms_mgga_3x16,fc,0.5,0,0.075000,0.015529057228409804,0.3309568282142708
deep0_rung35ms_mgga_3x16,deep_rung35ms_mgga_3x16,fc,0.5,0,0.100000,0.015556048721658167,0.33065975502532446
deep0_rung35ms_mgga_3x16,deep_rung35ms_mgga_3x16,fc,0.5,0,0.125000,0.01560104933807649,0.3302793634131942
deep0_rung35ms_mgga_3x16,deep_rung35ms_mgga_3x16,fc,0.5,0,0.150000,0.015669874346185386,0.3298168044955968
deep0_rung35ms_mgga_3x16,deep_rung35ms_mgga_3x16,fc,0.5,0,0.175000,0.01576982806774252,0.3292734649138565
deep0_rung35ms_mgga_3x16,deep_rung35ms_mgga_3x16,fc,0.5,0,0.200000,0.015910351234508013,0.32865095520110366
deep0_rung35ms_mgga_3x16,deep_rung35ms_mgga_3x16,fc,0.5,0,0.225000,0.016103776701062333,0.3279510965028174
deep0_rung35ms_mgga_3x16,deep_rung35ms_mgga_3x16,fc,0.5,0,0.250000,0.016366237412992812,0.32717590586055467
deep0_rung35ms_mgga_3x16,deep_rung35ms_mgga_3x16,fc,0.5,0,0.275000,0.016718809354519415,0.32632758028605496
deep0_rung35ms_mgga_3x16,deep_rung35ms_mgga_3x16,fc,0.5,0,0.300000,0.01718902974232217,0.3254084798636299
deep0_rung35ms_mgga_3x16,deep_rung35ms_mgga_3x16,fc,0.5,0,0.325000,0.017813018118656654,0.3244211101238694
deep0_rung35ms_mgga_3x16,deep_rung35ms_mgga_3x16,fc,0.5,0,0.350000,0.01863856545154463,0.32336810393137777
deep0_rung35ms_mgga_3x16,deep_rung35ms_mgga_3x16,fc,0.5,0,0.375000,0.01972978132354508,0.32225220312386377
deep0_rung35ms_mgga_3x16,deep_rung35ms_mgga_3x16,fc,0.5,0,0.400000,0.02117427078054479,0.3210762401299165
deep0_rung35ms_mgga_3x16,deep_rung35ms_mgga_3x16,fc,0.5,0,0.425000,0.02309447415678989,0.31984311977881646
deep0_rung35ms_mgga_3x16,deep_rung35ms_mgga_3x16,fc,0.5,0,0.450000,0.025665953944879027,0.31855580149843327
deep0_rung35ms_mgga_3x16,deep_rung35ms_mgga_3x16,fc,0.5,0,0.475000,0.029147359521983995,0.3172172820773531
deep0_rung35ms_mgga_3x16,deep_rung35ms_mgga_3x16,fc,0.5,0,0.500000,0.03392984092443996,0.31583057914561896
deep0_rung35ms_mgga_3x16,deep_rung35ms_mgga_3x16,fc,0.5,0,0.525000,0.04061752628778337,0.31439871550553894
deep0_rung35ms_mgga_3x16,deep_rung35ms_mgga_3x16,fc,0.5,0,0.550000,0.05015237059392219,0.31292470442062886
deep0_rung35ms_mgga_3x16,deep_rung35ms_mgga_3x16,fc,0.5,0,0.575000,0.06398464869992615,0.3114115359474975
deep0_rung35ms_mgga_3x16,deep_rung35ms_mgga_3x16,fc,0.5,0,0.600000,0.08423201961494997,0.3098621643729093
deep0_rung35ms_mgga_3x16,deep_rung35ms_mgga_3x16,fc,0.5,0,0.625000,0.11360579185663222,0.30827949679682304
deep0_rung35ms_mgga_3x16,deep_rung35ms_mgga_3x16,fc,0.5,0,0.650000,0.15460934654236125,0.30666638288227216
deep0_rung35ms_mgga_3x16,deep_rung35ms_mgga_3x16,fc,0.5,0,0.675000,0.2075134390265606,0.3050256057748015
deep0_rung35ms_mgga_3x16,deep_rung35ms_mgga_3x16,fc,0.5,0,0.700000,0.26784030533789616,0.3033598741779992
deep0_rung35ms_mgga_3x16,deep_rung35ms_mgga_3x16,fc,0.5,0,0.725000,0.326264186399714,0.3016718155575726
deep0_rung35ms_mgga_3x16,deep_rung35ms_mgga_3x16,fc,0.5,0,0.750000,0.37299305032971175,0.29996397043444967
deep0_rung35ms_mgga_3x16,deep_rung35ms_mgga_3x16,fc,0.5,0,0.775000,0.40331451838120547,0.2982387877175273
deep0_rung35ms_mgga_3x16,deep_rung35ms_mgga_3x16,fc,0.5,0,0.800000,0.41896553036416484,0.296498621018854
deep0_rung35ms_mgga_3x16,deep_rung35ms_mgga_3x16,fc,0.5,0,0.825000,0.42506723727431084,0.2947457258881186
deep0_rung35ms_mgga_3x16,deep_rung35ms_mgga_3x16,fc,0.5,0,0.850000,0.4264692828007659,0.29298225789916543
deep0_rung35ms_mgga_3x16,deep_rung35ms_mgga_3x16,fc,0.5,0,0.875000,0.42608620908330974,0.29121027151871076
deep0_rung35ms_mgga_3x16,deep_rung35ms_mgga_3x16,fc,0.5,0,0.900000,0.42505952406521275,0.2894317196863083
deep0_rung35ms_mgga_3x16,deep_rung35ms_mgga_3x16,fc,0.5,0,0.925000,0.42357088403313803,0.2876484540347219
deep0_rung35ms_mgga_3x16,deep_rung35ms_mgga_3x16,fc,0.5,0,0.950000,0.42151582612371086,0.28586222568102476
deep0_rung35ms_mgga_3x16,deep_rung35ms_mgga_3x16,fc,0.5,0,0.975000,0.41882704398863013,0.28407468652077544
deep0_rung35ms_mgga_3x16,deep_rung35ms_mgga_3x16,fc,0.5,0,1.000000,0.4155407665530142,0.2822873909603596
deep0_rung35ms_mgga_3x16,deep_rung35ms_mgga_3x16,fc,0.5,0,1.025000,0.41175788416209547,0.28050179802586334
deep0_rung35ms_mgga_3x16,deep_rung35ms_mgga_3x16,fc,0.5,0,1.050000,0.4075963639258533,0.2787192737905341
deep0_rung35ms_mgga_3x16,deep_rung35ms_mgga_3x16,fc,0.5,0,1.075000,0.4031656024382939,0.2769410940668413
deep0_rung35ms_mgga_3x16,deep_rung35ms_mgga_3x16,fc,0.5,0,1.100000,0.3985589856628502,0.2751684473132806
deep0_rung35ms_mgga_3x16,deep_rung35ms_mgga_3x16,fc,0.5,0,1.125000,0.3938543412861042,0.27340243771025846
deep0_rung35ms_mgga_3x16,deep_rung35ms_mgga_3x16,fc,0.5,0,1.150000,0.38911604763976393,0.27164408836358467
deep0_rung35ms_mgga_3x16,deep_rung35ms_mgga_3x16,fc,0.5,0,1.175000,0.38439677189323884,0.2698943445982087
deep0_rung35ms_mgga_3x16,deep_rung35ms_mgga_3x16,fc,0.5,0,1.200000,0.37973871752777677,0.26815407730881924
deep0_rung35ms_mgga_3x16,deep_rung35ms_mgga_3x16,fc,0.5,0,1.225000,0.3751746792217716,0.2664240863377366
deep0_rung35ms_mgga_3x16,deep_rung35ms_mgga_3x16,fc,0.5,0,1.250000,0.3707291092974505,0.26470510385413837
deep0_rung35ms_mgga_3x16,deep_rung35ms_mgga_3x16,fc,0.5,0,1.275000,0.36641924983067486,0.2629977977120472
deep0_rung35ms_mgga_3x16,deep_rung35ms_mgga_3x16,fc,0.5,0,1.300000,0.3622562966436379,0.26130277476765973
deep0_rung35ms_mgga_3x16,deep_rung35ms_mgga_3x16,fc,0.5,0,1.325000,0.35824653281373453,0.2596205841395056
deep0_rung35ms_mgga_3x16,deep_rung35ms_mgga_3x16,fc,0.5,0,1.350000,0.3543923744762739,0.2579517203975876
deep0_rung35ms_mgga_3x16,deep_rung35ms_mgga_3x16,fc,0.5,0,1.375000,0.3506932903739062,0.2562966266700757
deep0_rung35ms_mgga_3x16,deep_rung35ms_mgga_3x16,fc,0.5,0,1.400000,0.34714657724500464,0.2546556976583169
deep0_rung35ms_mgga_3x16,deep_rung35ms_mgga_3x16,fc,0.5,0,1.425000,0.343747990364095,0.2530292825528789
deep0_rung35ms_mgga_3x16,deep_rung35ms_mgga_3x16,fc,0.5,0,1.450000,0.3404922405421358,0.2514176878450953
deep0_rung35ms_mgga_3x16,deep_rung35ms_mgga_3x16,fc,0.5,0,1.475000,0.3373733756967676,0.24982118003012163
deep0_rung35ms_mgga_3x16,deep_rung35ms_mgga_3x16,fc,0.5,0,1.500000,0.33438506759899034,0.24823998819886675
deep0_rung35ms_mgga_3x16,deep_rung35ms_mgga_3x16,fc,0.5,0,1.525000,0.3315208237960341,0.24667430651734645
deep0_rung35ms_mgga_3x16,deep_rung35ms_mgga_3x16,fc,0.5,0,1.550000,0.32877414221722767,0.24512429659302354
deep0_rung35ms_mgga_3x16,deep_rung35ms_mgga_3x16,fc,0.5,0,1.575000,0.3261386226427294,0.24359008972857565
deep0_rung35ms_mgga_3x16,deep_rung35ms_mgga_3x16,fc,0.5,0,1.600000,0.3236080458427766,0.24207178906427043
deep0_rung35ms_mgga_3x16,deep_rung35ms_mgga_3x16,fc,0.5,0,1.625000,0.32117642827106785,0.2405694716107513
deep0_rung35ms_mgga_3x16,deep_rung35ms_mgga_3x16,fc,0.5,0,1.650000,0.3188380579426404,0.23908319017454924
deep0_rung35ms_mgga_3x16,deep_rung35ms_mgga_3x16,fc,0.5,0,1.675000,0.3165875155589466,0.23761297517905672
deep0_rung35ms_mgga_3x16,deep_rung35ms_mgga_3x16,fc,0.5,0,1.700000,0.3144196839472081,0.2361588363840303
deep0_rung35ms_mgga_3x16,deep_rung35ms_mgga_3x16,fc,0.5,0,1.725000,0.3123297482903875,0.2347207645069526
deep0_rung35ms_mgga_3x16,deep_rung35ms_mgga_3x16,fc,0.5,0,1.750000,0.3103131892736508,0.23329873274977247
deep0_rung35ms_mgga_3x16,deep_rung35ms_mgga_3x16,fc,0.5,0,1.775000,0.308365771033571,0.23189269823468467
deep0_rung35ms_mgga_3x16,deep_rung35ms_mgga_3x16,fc,0.5,0,1.800000,0.3064835255845738,0.23050260335269374
deep0_rung35ms_mgga_3x16,deep_rung35ms_mgga_3x16,fc,0.5,0,1.825000,0.3046627351729829,0.22912837702875558
deep0_rung35ms_mgga_3x16,deep_rung35ms_mgga_3x16,fc,0.5,0,1.850000,0.30289991376363923,0.22776993590729927
deep0_rung35ms_mgga_3x16,deep_rung35ms_mgga_3x16,fc,0.5,0,1.875000,0.30119178860690876,0.22642718546190987
deep0_rung35ms_mgga_3x16,deep_rung35ms_mgga_3x16,fc,0.5,0,1.900000,0.29953528258158957,0.22510002103290963
deep0_rung35ms_mgga_3x16,deep_rung35ms_mgga_3x16,fc,0.5,0,1.925000,0.2979274977780263,0.22378832879650545
deep0_rung35ms_mgga_3x16,deep_rung35ms_mgga_3x16,fc,0.5,0,1.950000,0.2963657005874698,0.22249198666909004
deep0_rung35ms_mgga_3x16,deep_rung35ms_mgga_3x16,fc,0.5,0,1.975000,0.2948473084044452,0.22121086515018337
deep0_rung35ms_mgga_3x16,deep_rung35ms_mgga_3x16,fc,0.5,0,2.000000,0.29336987792953995,0.219944828107396
deep0_rung35ms_mgga_3x16,deep_rung35ms_mgga_3x16,fc,0.5,0,2.025000,0.2919310949776205,0.21869373350667778
deep0_rung35ms_mgga_3x16,deep_rung35ms_mgga_3x16,fc,0.5,0,2.050000,0.29052876564563324,0.21745743409099527
deep0_rung35ms_mgga_3x16,deep_rung35ms_mgga_3x16,fc,0.5,0,2.075000,0.2891608086686026,0.21623577801045382
deep0_rung35ms_mgga_3x16,deep_rung35ms_mgga_3x16,fc,0.5,0,2.100000,0.28782524878569693,0.21502860940675309
deep0_rung35ms_mgga_3x16,deep_rung35ms_mgga_3x16,fc,0.5,0,2.125000,0.28652021094467583,0.2138357689547368
deep0_rung35ms_mgga_3x16,deep_rung35ms_mgga_3x16,fc,0.5,0,2.150000,0.28524391518774994,0.2126570943636662
deep0_rung35ms_mgga_3x16,deep_rung35ms_mgga_3x16,fc,0.5,0,2.175000,0.2839946720811537,0.21149242084072278
deep0_rung35ms_mgga_3x16,deep_rung35ms_mgga_3x16,fc,0.5,0,2.200000,0.28277087857175176,0.2103415815191169
deep0_rung35ms_mgga_3x16,deep_rung35ms_mgga_3x16,fc,0.5,0,2.225000,0.28157101417481367,0.20920440785305966
deep0_rung35ms_mgga_3x16,deep_rung35ms_mgga_3x16,fc,0.5,0,2.250000,0.28039363741652257,0.20808072998173271
deep0_rung35ms_mgga_3x16,deep_rung35ms_mgga_3x16,fc,0.5,0,2.275000,0.2792373824720378,0.2069703770642767
deep0_rung35ms_mgga_3x16,deep_rung35ms_mgga_3x16,fc,0.5,0,2.300000,0.2781009559548093,0.20587317758770768
deep0_rung35ms_mgga_3x16,deep_rung35ms_mgga_3x16,fc,0.5,0,2.325000,0.27698313382516937,0.2047889596495595
deep0_rung35ms_mgga_3x16,deep_rung35ms_mgga_3x16,fc,0.5,0,2.350000,0.27588275839624365,0.20371755121695145
deep0_rung35ms_mgga_3x16,deep_rung35ms_mgga_3x16,fc,0.5,0,2.375000,0.274798735423071,0.2026587803636763
deep0_rung35ms_mgga_3x16,deep_rung35ms_mgga_3x16,fc,0.5,0,2.400000,0.27373003126680606,0.20161247548681305
deep0_rung35ms_mgga_3x16,deep_rung35ms_mgga_3x16,fc,0.5,0,2.425000,0.27267567013028904,0.20057846550427505
deep0_rung35ms_mgga_3x16,deep_rung35ms_mgga_3x16,fc,0.5,0,2.450000,0.271634731364357,0.19955658003462096
deep0_rung35ms_mgga_3x16,deep_rung35ms_mgga_3x16,fc,0.5,0,2.475000,0.2706063468463167,0.1985466495603711
deep0_rung35ms_mgga_3x16,deep_rung35ms_mgga_3x16,fc,0.5,0,2.500000,0.26958969843320957,0.19754850557599712
deep0_rung35ms_mgga_3x16,deep_rung35ms_mgga_3x16,fc,0.5,0,2.525000,0.26858401549308775,0.19656198072167724
deep0_rung35ms_mgga_3x16,deep_rung35ms_mgga_3x16,fc,0.5,0,2.550000,0.2675885725176159,0.1955869089038409
deep0_rung35ms_mgga_3x16,deep_rung35ms_mgga_3x16,fc,0.5,0,2.575000,0.2666026868190877,0.19462312540346077
deep0_rung35ms_mgga_3x16,deep_rung35ms_mgga_3x16,fc,0.5,0,2.600000,0.2656257163144997,0.1936704669729871
deep0_rung35ms_mgga_3x16,deep_rung35ms_mgga_3x16,fc,0.5,0,2.625000,0.26465705739869705,0.19272877192276328
deep0_rung35ms_mgga_3x16,deep_rung35ms_mgga_3x16,fc,0.5,0,2.650000,0.26369614290796795,0.19179788019770336
deep0_rung35ms_mgga_3x16,deep_rung35ms_mgga_3x16,fc,0.5,0,2.675000,0.26274244017471693,0.19087763344496303
deep0_rung35ms_mgga_3x16,deep_rung35ms_mgga_3x16,fc,0.5,0,2.700000,0.2617954491731953,0.18996787507328558
deep0_rung35ms_mgga_3x16,deep_rung35ms_mgga_3x16,fc,0.5,0,2.725000,0.2608547007555996,0.18906845030465902
deep0_rung35ms_mgga_3x16,deep_rung35ms_mgga_3x16,fc,0.5,0,2.750000,0.2599197549772435,0.18817920621887696
deep0_rung35ms_mgga_3x16,deep_rung35ms_mgga_3x16,fc,0.5,0,2.775000,0.25899019950901436,0.18729999179155726
deep0_rung35ms_mgga_3x16,deep_rung35ms_mgga_3x16,fc,0.5,0,2.800000,0.25806564813482824,0.18643065792613206
deep0_rung35ms_mgga_3x16,deep_rung35ms_mgga_3x16,fc,0.5,0,2.825000,0.25714573933146045,0.1855710574802897
deep0_rung35ms_mgga_3x16,deep_rung35ms_mgga_3x16,fc,0.5,0,2.850000,0.2562301349277891,0.18472104528731484
deep0_rung35ms_mgga_3x16,deep_rung35ms_mgga_3x16,fc,0.5,0,2.875000,0.2553185188402798,0.1838804781727427
deep0_rung35ms_mgga_3x16,deep_rung35ms_mgga_3x16,fc,0.5,0,2.900000,0.25441059588134074,0.18304921496671248
deep0_rung35ms_mgga_3x16,deep_rung35ms_mgga_3x16,fc,0.5,0,2.925000,0.25350609063709073,0.1822271165123812
deep0_rung35ms_mgga_3x16,deep_rung35ms_mgga_3x16,fc,0.5,0,2.950000,0.25260474641101127,0.18141404567072983
deep0_rung35ms_mgga_3x16,deep_rung35ms_mgga_3x16,fc,0.5,0,2.975000,0.2517063242299238,0.180609867322074
deep0_rung35ms_mgga_3x16,deep_rung35ms_mgga_3x16,fc,0.5,0,3.000000,0.2508106019087877,0.17981444836456556
deep0_rung35ms_mgga_3x16,deep_rung35ms_mgga_3x16,fc,0.5,0,3.025000,0.2499173731708474,0.179027657709953
deep0_rung35ms_mgga_3x16,deep_rung35ms_mgga_3x16,fc,0.5,0,3.050000,0.24902644681975428,0.17824936627684973
deep0_rung35ms_mgga_3x16,deep_rung35ms_mgga_3x16,fc,0.5,0,3.075000,0.2481376459603729,0.17747944698173865
deep0_rung35ms_mgga_3x16,deep_rung35ms_mgga_3x16,fc,0.5,0,3.100000,0.24725080726514914,0.17671777472792738
deep0_rung35ms_mgga_3x16,deep_rung35ms_mgga_3x16,fc,0.5,0,3.125000,0.2463657802829946,0.17596422639265208
deep0_rung35ms_mgga_3x16,deep_rung35ms_mgga_3x16,fc,0.5,0,3.150000,0.2454824267878335,0.1752186808125115
deep0_rung35ms_mgga_3x16,deep_rung35ms_mgga_3x16,fc,0.5,0,3.175000,0.24460062016407935,0.17448101876740207
deep0_rung35ms_mgga_3x16,deep_rung35ms_mgga_3x16,fc,0.5,0,3.200000,0.24372024482647148,0.17375112296311035
deep0_rung35ms_mgga_3x16,deep_rung35ms_mgga_3x16,fc,0.5,0,3.225000,0.2428411956718599,0.17302887801270725
deep0_rung35ms_mgga_3x16,deep_rung35ms_mgga_3x16,fc,0.5,0,3.250000,0.241963377560654,0.1723141704168793
deep0_rung35ms_mgga_3x16,deep_rung35ms_mgga_3x16,fc,0.5,0,3.275000,0.24108670482583794,0.17160688854331868
deep0_rung35ms_mgga_3x16,deep_rung35ms_mgga_3x16,fc,0.5,0,3.300000,0.24021110080755215,0.17090692260528872
deep0_rung35ms_mgga_3x16,deep_rung35ms_mgga_3x16,fc,0.5,0,3.325000,0.23933649741143004,0.17021416463946792
deep0_rung35ms_mgga_3x16,deep_rung35ms_mgga_3x16,fc,0.5,0,3.350000,0.23846283468896412,0.16952850848317152
deep0_rung35ms_mgga_3x16,deep_rung35ms_mgga_3x16,fc,0.5,0,3.375000,0.23759006043834374,0.16884984975103826
deep0_rung35ms_mgga_3x16,deep_rung35ms_mgga_3x16,fc,0.5,0,3.400000,0.23671812982429563,0.1681780858112667
deep0_rung35ms_mgga_3x16,deep_rung35ms_mgga_3x16,fc,0.5,0,3.425000,0.23584700501559486,0.1675131157614748
deep0_rung35ms_mgga_3x16,deep_rung35ms_mgga_3x16,fc,0.5,0,3.450000,0.23497665483900942,0.16685484040425386
deep0_rung35ms_mgga_3x16,deep_rung35ms_mgga_3x16,fc,0.5,0,3.475000,0.23410705444854596,0.1662031622224799
deep0_rung35ms_mgga_3x16,deep_rung35ms_mgga_3x16,fc,0.5,0,3.500000,0.23323818500895865,0.16555798535444163
deep0_rung35ms_mgga_3x16,deep_rung35ms_mgga_3x16,fc,0.5,0,3.525000,0.232370033392568,0.16491921556883718
deep0_rung35ms_mgga_3x16,deep_rung35ms_mgga_3x16,fc,0.5,0,3.550000,0.23150259188852362,0.16428676023969127
deep0_rung35ms_mgga_3x16,deep_rung35ms_mgga_3x16,fc,0.5,0,3.575000,0.23063585792371866,0.16366052832123476
deep0_rung35ms_mgga_3x16,deep_rung35ms_mgga_3x16,fc,0.5,0,3.600000,0.22976983379462723,0.1630404303227895
deep0_rung35ms_mgga_3x16,deep_rung35ms_mgga_3x16,fc,0.5,0,3.625000,0.22890452640941372,0.16242637828369502
deep0_rung35ms_mgga_3x16,deep_rung35ms_mgga_3x16,fc,0.5,0,3.650000,0.22803994703970643,0.16181828574831011
deep0_rung35ms_mgga_3x16,deep_rung35ms_mgga_3x16,fc,0.5,0,3.675000,0.2271761110815057,0.16121606774112202
deep0_rung35ms_mgga_3x16,deep_rung35ms_mgga_3x16,fc,0.5,0,3.700000,0.22631303782471313,0.16061964074198865
deep0_rung35ms_mgga_3x16,deep_rung35ms_mgga_3x16,fc,0.5,0,3.725000,0.22545075023085293,0.16002892266154084
deep0_rung35ms_mgga_3x16,deep_rung35ms_mgga_3x16,fc,0.5,0,3.750000,0.22458927471856605,0.15944383281676652
deep0_rung35ms_mgga_3x16,deep_rung35ms_mgga_3x16,fc,0.5,0,3.775000,0.22372864095651734,0.1588642919067969
deep0_rung35ms_mgga_3x16,deep_rung35ms_mgga_3x16,fc,0.5,0,3.800000,0.22286888166337593,0.158290221988913
deep0_rung35ms_mgga_3x16,deep_rung35ms_mgga_3x16,fc,0.5,0,3.825000,0.22201003241457196,0.15772154645478986
deep0_rung35ms_mgga_3x16,deep_rung35ms_mgga_3x16,fc,0.5,0,3.850000,0.22115213145555046,0.15715819000699058
deep0_rung35ms_mgga_3x16,deep_rung35ms_mgga_3x16,fc,0.5,0,3.875000,0.22029521952127873,0.15660007863572586
deep0_rung35ms_mgga_3x16,deep_rung35ms_mgga_3x16,fc,0.5,0,3.900000,0.2194393396617763,0.1560471395958869
deep0_rung35ms_mgga_3x16,deep_rung35ms_mgga_3x16,fc,0.5,0,3.925000,0.2185845370734678,0.15549930138436474
deep0_rung35ms_mgga_3x16,deep_rung35ms_mgga_3x16,fc,0.5,0,3.950000,0.2177308589361634,0.15495649371766224
deep0_rung35ms_mgga_3x16,deep_rung35ms_mgga_3x16,fc,0.5,0,3.975000,0.2168783542555035,0.15441864750980674
deep0_rung35ms_mgga_3x16,deep_rung35ms_mgga_3x16,fc,0.5,0,4.000000,0.21602707371070418,0.15388569485056963
deep0_rung35ms_mgga_3x16,deep_rung35ms_mgga_3x16,fc,0.5,0,4.025000,0.2151770695074624,0.1533575689839974
deep0_rung35ms_mgga_3x16,deep_rung35ms_mgga_3x16,fc,0.5,0,4.050000,0.21432839523588432,0.15283420428725958
deep0_rung35ms_mgga_3x16,deep_rung35ms_mgga_3x16,fc,0.5,0,4.075000,0.21348110573331835,0.1523155362498149
deep0_rung35ms_mgga_3x16,deep_rung35ms_mgga_3x16,fc,0.5,0,4.100000,0.21263525695196805,0.15180150145290017
deep0_rung35ms_mgga_3x16,deep_rung35ms_mgga_3x16,fc,0.5,0,4.125000,0.2117909058311861,0.15129203754934262
deep0_rung35ms_mgga_3x16,deep_rung35ms_mgga_3x16,fc,0.5,0,4.150000,0.21094811017433623,0.15078708324369658
deep0_rung35ms_mgga_3x16,deep_rung35ms_mgga_3x16,fc,0.5,0,4.175000,0.2101069285301408,0.15028657827270658
deep0_rung35ms_mgga_3x16,deep_rung35ms_mgga_3x16,fc,0.5,0,4.200000,0.2092674200784006,0.149790463386094
deep0_rung35ms_mgga_3x16,deep_rung35ms_mgga_3x16,fc,0.5,0,4.225000,0.20842964452002277,0.14929868032767024
deep0_rung35ms_mgga_3x16,deep_rung35ms_mgga_3x16,fc,0.5,0,4.250000,0.2075936619712465,0.14881117181677259
deep0_rung35ms_mgga_3x16,deep_rung35ms_mgga_3x16,fc,0.5,0,4.275000,0.20675953286200133,0.14832788153002277
deep0_rung35ms_mgga_3x16,deep_rung35ms_mgga_3x16,fc,0.5,0,4.300000,0.20592731783830864,0.1478487540834059
deep0_rung35ms_mgga_3x16,deep_rung35ms_mgga_3x16,fc,0.5,0,4.325000,0.2050970776686456,0.14737373501466866
deep0_rung35ms_mgga_3x16,deep_rung35ms_mgga_3x16,fc,0.5,0,4.350000,0.20426887315420283,0.1469027707660326
deep0_rung35ms_mgga_3x16,deep_rung35ms_mgga_3x16,fc,0.5,0,4.375000,0.20344276504294367,0.1464358086672206
deep0_rung35ms_mgga_3x16,deep_rung35ms_mgga_3x16,fc,0.5,0,4.400000,0.20261881394740278,0.14597279691879567
deep0_rung35ms_mgga_3x16,deep_rung35ms_mgga_3x16,fc,0.5,0,4.425000,0.20179708026614118,0.14551368457580452
deep0_rung35ms_mgga_3x16,deep_rung35ms_mgga_3x16,fc,0.5,0,4.450000,0.20097762410878317,0.14505842153172646
deep0_rung35ms_mgga_3x16,deep_rung35ms_mgga_3x16,fc,0.5,0,4.475000,0.20016050522456208,0.14460695850272298
deep0_rung35ms_mgga_3x16,deep_rung35ms_mgga_3x16,fc,0.5,0,4.500000,0.1993457829342944,0.1441592470121828
deep0_rung35ms_mgga_3x16,deep_rung35ms_mgga_3x16,fc,0.5,0,4.525000,0.19853351606571845,0.14371523937556108
deep0_rung35ms_mgga_3x16,deep_rung35ms_mgga_3x16,fc,0.5,0,4.550000,0.19772376289211135,0.14327488868550697
deep0_rung35ms_mgga_3x16,deep_rung35ms_mgga_3x16,fc,0.5,0,4.575000,0.19691658107411347,0.14283814879727608
deep0_rung35ms_mgga_3x16,deep_rung35ms_mgga_3x16,fc,0.5,0,4.600000,0.19611202760469204,0.1424049743144244
deep0_rung35ms_mgga_3x16,deep_rung35ms_mgga_3x16,fc,0.5,0,4.625000,0.19531015875715696,0.1419753205747783
deep0_rung35ms_mgga_3x16,deep_rung35ms_mgga_3x16,fc,0.5,0,4.650000,0.19451103003616643,0.1415491436366775
deep0_rung35ms_mgga_3x16,deep_rung35ms_mgga_3x16,fc,0.5,0,4.675000,0.19371469613163894,0.14112640026548623
deep0_rung35ms_mgga_3x16,deep_rung35ms_mgga_3x16,fc,0.5,0,4.700000,0.19292121087550063,0.1407070479203679
deep0_rung35ms_mgga_3x16,deep_rung35ms_mgga_3x16,fc,0.5,0,4.725000,0.19213062720119378,0.14029104474132023
deep0_rung35ms_mgga_3x16,deep_rung35ms_mgga_3x16,fc,0.5,0,4.750000,0.1913429971058731,0.1398783495364646
deep0_rung35ms_mgga_3x16,deep_rung35ms_mgga_3x16,fc,0.5,0,4.775000,0.1905583716152105,0.13946892176958758
deep0_rung35ms_mgga_3x16,deep_rung35ms_mgga_3x16,fc,0.5,0,4.800000,0.18977680075074221,0.13906272154792787
deep0_rung35ms_mgga_3x16,deep_rung35ms_mgga_3x16,fc,0.5,0,4.825000,0.18899833349967543,0.1386597096102065
deep0_rung35ms_mgga_3x16,deep_rung35ms_mgga_3x16,fc,0.5,0,4.850000,0.18822301778709283,0.13825984731489438
deep0_rung35ms_mgga_3x16,deep_rung35ms_mgga_3x16,fc,0.5,0,4.875000,0.18745090045047097,0.13786309662871396
deep0_rung35ms_mgga_3x16,deep_rung35ms_mgga_3x16,fc,0.5,0,4.900000,0.1866820272164469,0.13746942011536997
deep0_rung35ms_mgga_3x16,deep_rung35ms_mgga_3x16,fc,0.5,0,4.925000,0.18591644267976137,0.13707878092450526
deep0_rung35ms_mgga_3x16,deep_rung35ms_mgga_3x16,fc,0.5,0,4.950000,0.18515419028430125,0.13669114278087835
deep0_rung35ms_mgga_3x16,deep_rung35ms_mgga_3x16,fc,0.5,0,4.975000,0.18439531230618134,0.13630646997375656
deep0_rung35ms_mgga_3x16,deep_rung35ms_mgga_3x16,fc,0.5,0,5.000000,0.183639849838783,0.1359247273465229
deep0_rung35ms_mgga_3x16,deep_rung35ms_mgga_3x16,fc,0.5,0,5.025000,0.18288784277969317,0.13554588028649092
deep0_rung35ms_mgga_3x16,deep_rung35ms_mgga_3x16,fc,0.5,0,5.050000,0.182139329819468,0.13516989471492433
deep0_rung35ms_mgga_3x16,deep_rung35ms_mgga_3x16,fc,0.5,0,5.075000,0.18139434843215163,0.13479673707725684
deep0_rung35ms_mgga_3x16,deep_rung35ms_mgga_3x16,fc,0.5,0,5.100000,0.18065293486749445,0.13442637433350926
deep0_rung35ms_mgga_3x16,deep_rung35ms_mgga_3x16,fc,0.5,0,5.125000,0.17991512414479405,0.13405877394889873
deep0_rung35ms_mgga_3x16,deep_rung35ms_mgga_3x16,fc,0.5,0,5.150000,0.17918095004830004,0.1336939038846367
deep0_rung35ms_mgga_3x16,deep_rung35ms_mgga_3x16,fc,0.5,0,5.175000,0.17845044512411912,0.1333317325889129
deep0_rung35ms_mgga_3x16,deep_rung35ms_mgga_3x16,fc,0.5,0,5.200000,0.1777236406785555,0.1329722289880596
deep0_rung35ms_mgga_3x16,deep_rung35ms_mgga_3x16,fc,0.5,0,5.225000,0.17700056677783116,0.1326153624778942
deep0_rung35ms_mgga_3x16,deep_rung35ms_mgga_3x16,fc,0.5,0,5.250000,0.17628125224911506,0.1322611029152361
deep0_rung35ms_mgga_3x16,deep_rung35ms_mgga_3x16,fc,0.5,0,5.275000,0.1755657246828155,0.13190942060959335
deep0_rung35ms_mgga_3x16,deep_rung35ms_mgga_3x16,fc,0.5,0,5.300000,0.17485401043607007,0.13156028631501718
deep0_rung35ms_mgga_3x16,deep_rung35ms_mgga_3x16,fc,0.5,0,5.325000,0.1741461346373746,0.13121367122211955
deep0_rung35ms_mgga_3x16,deep_rung35ms_mgga_3x16,fc,0.5,0,5.350000,0.17344212119230207,0.1308695469502513
deep0_rung35ms_mgga_3x16,deep_rung35ms_mgga_3x16,fc,0.5,0,5.375000,0.17274199279025515,0.13052788553983724
deep0_rung35ms_mgga_3x16,deep_rung35ms_mgga_3x16,fc,0.5,0,5.400000,0.17204577091219608,0.13018865944486457
deep0_rung35ms_mgga_3x16,deep_rung35ms_mgga_3x16,fc,0.5,0,5.425000,0.17135347583930727,0.12985184152552212
deep0_rung35ms_mgga_3x16,deep_rung35ms_mgga_3x16,fc,0.5,0,5.450000,0.1706651266625273,0.12951740504098702
deep0_rung35ms_mgga_3x16,deep_rung35ms_mgga_3x16,fc,0.5,0,5.475000,0.16998074129291996,0.129185323642355
deep0_rung35ms_mgga_3x16,deep_rung35ms_mgga_3x16,fc,0.5,0,5.500000,0.16930033647282072,0.12885557136571307
deep0_rung35ms_mgga_3x16,deep_rung35ms_mgga_3x16,fc,0.5,0,5.525000,0.16862392778771818,0.128528122625349
deep0_rung35ms_mgga_3x16,deep_rung35ms_mgga_3x16,fc,0.5,0,5.550000,0.16795152967882776,0.12820295220709765
deep0_rung35ms_mgga_3x16,deep_rung35ms_mgga_3x16,fc,0.5,0,5.575000,0.16728315545630834,0.12788003526181874
deep0_rung35ms_mgga_3x16,deep_rung35ms_mgga_3x16,fc,0.5,0,5.600000,0.16661881731308192,0.1275593472990049
deep0_rung35ms_mgga_3x16,deep_rung35ms_mgga_3x16,fc,0.5,0,5.625000,0.16595852633921626,0.1272408641805166
deep0_rung35ms_mgga_3x16,deep_rung35ms_mgga_3x16,fc,0.5,0,5.650000,0.16530229253682727,0.12692456211444123
deep0_rung35ms_mgga_3x16,deep_rung35ms_mgga_3x16,fc,0.5,0,5.675000,0.16465012483546437,0.12661041764907438
deep0_rung35ms_mgga_3x16,deep_rung35ms_mgga_3x16,fc,0.5,0,5.700000,0.16400203110794154,0.12629840766701914
deep0_rung35ms_mgga_3x16,deep_rung35ms_mgga_3x16,fc,0.5,0,5.725000,0.16335801818657625,0.12598850937940373
deep0_rung35ms_mgga_3x16,deep_rung35ms_mgga_3x16,fc,0.5,0,5.750000,0.16271809187979946,0.125680700320211
deep0_rung35ms_mgga_3x16,deep_rung35ms_mgga_3x16,fc,0.5,0,5.775000,0.16208225698911194,0.1253749583407219
deep0_rung35ms_mgga_3x16,deep_rung35ms_mgga_3x16,fc,0.5,0,5.800000,0.16145051732633764,0.12507126160406637
deep0_rung35ms_mgga_3x16,deep_rung35ms_mgga_3x16,fc,0.5,0,5.825000,0.16082287573116183,0.12476958857988306
deep0_rung35ms_mgga_3x16,deep_rung35ms_mgga_3x16,fc,0.5,0,5.850000,0.1601993340889073,0.1244699180390814
deep0_rung35ms_mgga_3x16,deep_rung35ms_mgga_3x16,fc,0.5,0,5.875000,0.15957989334852962,0.12417222904870914
deep0_rung35ms_mgga_3x16,deep_rung35ms_mgga_3x16,fc,0.5,0,5.900000,0.15896455354079764,0.12387650096691742
deep0_rung35ms_mgga_3x16,deep_rung35ms_mgga_3x16,fc,0.5,0,5.925000,0.15835331379664064,0.12358271343802625
deep0_rung35ms_mgga_3x16,deep_rung35ms_mgga_3x16,fc,0.5,0,5.950000,0.15774617236561783,0.1232908463876843
deep0_rung35ms_mgga_3x16,deep_rung35ms_mgga_3x16,fc,0.5,0,5.975000,0.15714312663451357,0.12300088001812445
deep0_rung35ms_mgga_3x16,deep_rung35ms_mgga_3x16,fc,0.5,0,6.000000,0.15654417314600555,0.12271279480351016
deep0_rung35ms_mgga_3x16,deep_rung35ms_mgga_3x16,fc,2,0,0.000000,0.12994889025212486,0.4637124935893196
deep0_rung35ms_mgga_3x16,deep_rung35ms_mgga_3x16,fc,2,0,0.025000,0.12994279931509856,0.46365797510614426
deep0_rung35ms_mgga_3x16,deep_rung35ms_mgga_3x16,fc,2,0,0.050000,0.12990083669830654,0.46349457828501833
deep0_rung35ms_mgga_3x16,deep_rung35ms_mgga_3x16,fc,2,0,0.075000,0.12978924557884586,0.46322277769074155
deep0_rung35ms_mgga_3x16,deep_rung35ms_mgga_3x16,fc,2,0,0.100000,0.12957732448397175,0.4628433598850073
deep0_rung35ms_mgga_3x16,deep_rung35ms_mgga_3x16,fc,2,0,0.125000,0.12923855502781578,0.4623574169322783
deep0_rung35ms_mgga_3x16,deep_rung35ms_mgga_3x16,fc,2,0,0.150000,0.12875194245082033,0.4617663374565877
deep0_rung35ms_mgga_3x16,deep_rung35ms_mgga_3x16,fc,2,0,0.175000,0.1281034254098008,0.4610717953930279
deep0_rung35ms_mgga_3x16,deep_rung35ms_mgga_3x16,fc,2,0,0.200000,0.12728720412868555,0.46027573661210736
deep0_rung35ms_mgga_3x16,deep_rung35ms_mgga_3x16,fc,2,0,0.225000,0.12630683895968553,0.4593803636249541
deep0_rung35ms_mgga_3x16,deep_rung35ms_mgga_3x16,fc,2,0,0.250000,0.12517598744446468,0.458388118601862
deep0_rung35ms_mgga_3x16,deep_rung35ms_mgga_3x16,fc,2,0,0.275000,0.1239186777825485,0.45730166495548114
deep0_rung35ms_mgga_3x16,deep_rung35ms_mgga_3x16,fc,2,0,0.300000,0.12256905830989451,0.45612386775278785
deep0_rung35ms_mgga_3x16,deep_rung35ms_mgga_3x16,fc,2,0,0.325000,0.1211706116616933,0.45485777322679916
deep0_rung35ms_mgga_3x16,deep_rung35ms_mgga_3x16,fc,2,0,0.350000,0.11977487214008309,0.45350658765997187
deep0_rung35ms_mgga_3x16,deep_rung35ms_mgga_3x16,fc,2,0,0.375000,0.1184397277868825,0.45207365590667414
deep0_rung35ms_mgga_3x16,deep_rung35ms_mgga_3x16,fc,2,0,0.400000,0.1172274175704876,0.4505624398125133
deep0_rung35ms_mgga_3x16,deep_rung35ms_mgga_3x16,fc,2,0,0.425000,0.11620234381745842,0.44897649677425233
deep0_rung35ms_mgga_3x16,deep_rung35ms_mgga_3x16,fc,2,0,0.450000,0.1154288089774449,0.4473194586662224
deep0_rung35ms_mgga_3x16,deep_rung35ms_mgga_3x16,fc,2,0,0.475000,0.11496875688088304,0.4455950113382937
deep0_rung35ms_mgga_3x16,deep_rung35ms_mgga_3x16,fc,2,0,0.500000,0.11487955926938231,0.4438068748673543
deep0_rung35ms_mgga_3x16,deep_rung35ms_mgga_3x16,fc,2,0,0.525000,0.11521184975335819,0.44195878471962796
deep0_rung35ms_mgga_3x16,deep_rung35ms_mgga_3x16,fc,2,0,0.550000,0.11600738277474176,0.44005447395576214
deep0_rung35ms_mgga_3x16,deep_rung35ms_mgga_3x16,fc,2,0,0.575000,0.11729689750227146,0.43809765658510047
deep0_rung35ms_mgga_3x16,deep_rung35ms_mgga_3x16,fc,2,0,0.600000,0.11909800503833912,0.43609201215052357
deep0_rung35ms_mgga_3x16,deep_rung35ms_mgga_3x16,fc,2,0,0.625000,0.12141319345785151,0.4340411716012089
deep0_rung35ms_mgga_3x16,deep_rung35ms_mgga_3x16,fc,2,0,0.650000,0.1242281492058478,0.431948704488058
deep0_rung35ms_mgga_3x16,deep_rung35ms_mgga_3x16,fc,2,0,0.675000,0.1275107017520799,0.42981810749569455
deep0_rung35ms_mgga_3x16,deep_rung35ms_mgga_3x16,fc,2,0,0.700000,0.13121077555721905,0.4276527943060994
deep0_rung35ms_mgga_3x16,deep_rung35ms_mgga_3x16,fc,2,0,0.725000,0.13526173921982654,0.4254560867722806
deep0_rung35ms_mgga_3x16,deep_rung35ms_mgga_3x16,fc,2,0,0.750000,0.13958344493988983,0.42323120736595304
deep0_rung35ms_mgga_3x16,deep_rung35ms_mgga_3x16,fc,2,0,0.775000,0.1440870454740497,0.42098127285104386
deep0_rung35ms_mgga_3x16,deep_rung35ms_mgga_3x16,fc,2,0,0.800000,0.1486813888842463,0.4187092891248944
deep0_rung35ms_mgga_3x16,deep_rung35ms_mgga_3x16,fc,2,0,0.825000,0.15328048489890744,0.4164181471612089
deep0_rung35ms_mgga_3x16,deep_rung35ms_mgga_3x16,fc,2,0,0.850000,0.15781128811564282,0.41411061998296744
deep0_rung35ms_mgga_3x16,deep_rung35ms_mgga_3x16,fc,2,0,0.875000,0.16222092037568603,0.41178936058951576
deep0_rung35ms_mgga_3x16,deep_rung35ms_mgga_3x16,fc,2,0,0.900000,0.16648249190218156,0.40945690075969354
deep0_rung35ms_mgga_3x16,deep_rung35ms_mgga_3x16,fc,2,0,0.925000,0.17059886850770944,0.40711565065196964
deep0_rung35ms_mgga_3x16,deep_rung35ms_mgga_3x16,fc,2,0,0.950000,0.17460402195474478,0.4047678991229293
deep0_rung35ms_mgga_3x16,deep_rung35ms_mgga_3x16,fc,2,0,0.975000,0.17856192274427118,0.40241581468690557
deep0_rung35ms_mgga_3x16,deep_rung35ms_mgga_3x16,fc,2,0,1.000000,0.1825632191641089,0.40006144704189445
deep0_rung35ms_mgga_3x16,deep_rung35ms_mgga_3x16,fc,2,0,1.025000,0.18672013997123615,0.39770672908995053
deep0_rung35ms_mgga_3x16,deep_rung35ms_mgga_3x16,fc,2,0,1.050000,0.19116013379563213,0.3953534793838818
deep0_rung35ms_mgga_3x16,deep_rung35ms_mgga_3x16,fc,2,0,1.075000,0.19601871869205345,0.3930034049360875
deep0_rung35ms_mgga_3x16,deep_rung35ms_mgga_3x16,fc,2,0,1.100000,0.2014318889873924,0.3906581043297023
deep0_rung35ms_mgga_3x16,deep_rung35ms_mgga_3x16,fc,2,0,1.125000,0.20752826179972406,0.3883190710766848
deep0_rung35ms_mgga_3x16,deep_rung35ms_mgga_3x16,fc,2,0,1.150000,0.21442100047984292,0.3859876971720425
deep0_rung35ms_mgga_3x16,deep_rung35ms_mgga_3x16,fc,2,0,1.175000,0.22219948435703896,0.3836652767979275
deep0_rung35ms_mgga_3x16,deep_rung35ms_mgga_3x16,fc,2,0,1.200000,0.23092074948303543,0.38135301013579076
deep0_rung35ms_mgga_3x16,deep_rung35ms_mgga_3x16,fc,2,0,1.225000,0.2406009258304378,0.3790520072491119
deep0_rung35ms_mgga_3x16,deep_rung35ms_mgga_3x16,fc,2,0,1.250000,0.25120722836732134,0.3767632920033665
deep0_rung35ms_mgga_3x16,deep_rung35ms_mgga_3x16,fc,2,0,1.275000,0.2626514602305251,0.3744878059938269
deep0_rung35ms_mgga_3x16,deep_rung35ms_mgga_3x16,fc,2,0,1.300000,0.27478634142953384,0.3722264124554973
deep0_rung35ms_mgga_3x16,deep_rung35ms_mgga_3x16,fc,2,0,1.325000,0.2874061335020798,0.36997990013293486
deep0_rung35ms_mgga_3x16,deep_rung35ms_mgga_3x16,fc,2,0,1.350000,0.3002528385624609,0.367748987090909
deep0_rung35ms_mgga_3x16,deep_rung35ms_mgga_3x16,fc,2,0,1.375000,0.3130286247364562,0.3655343244497885
deep0_rung35ms_mgga_3x16,deep_rung35ms_mgga_3x16,fc,2,0,1.400000,0.3254141134849273,0.36333650003222684
deep0_rung35ms_mgga_3x16,deep_rung35ms_mgga_3x16,fc,2,0,1.425000,0.3370909609353061,0.36115604191015194
deep0_rung35ms_mgga_3x16,deep_rung35ms_mgga_3x16,fc,2,0,1.450000,0.34776609782923407,0.35899342184325267
deep0_rung35ms_mgga_3x16,deep_rung35ms_mgga_3x16,fc,2,0,1.475000,0.3571943962209463,0.35684905860211963
deep0_rung35ms_mgga_3x16,deep_rung35ms_mgga_3x16,fc,2,0,1.500000,0.3651966209016497,0.35472332117093486
deep0_rung35ms_mgga_3x16,deep_rung35ms_mgga_3x16,fc,2,0,1.525000,0.3716703037069151,0.3526165318261523
deep0_rung35ms_mgga_3x16,deep_rung35ms_mgga_3x16,fc,2,0,1.550000,0.3765924394142588,0.35052896908895104
deep0_rung35ms_mgga_3x16,deep_rung35ms_mgga_3x16,fc,2,0,1.575000,0.38001430335807784,0.3484608705504263
deep0_rung35ms_mgga_3x16,deep_rung35ms_mgga_3x16,fc,2,0,1.600000,0.38204988944697105,0.34641243556949486
deep0_rung35ms_mgga_3x16,deep_rung35ms_mgga_3x16,fc,2,0,1.625000,0.3828602223261939,0.34438382784435767
deep0_rung35ms_mgga_3x16,deep_rung35ms_mgga_3x16,fc,2,0,1.650000,0.38263602289125065,0.3423751778591022
deep0_rung35ms_mgga_3x16,deep_rung35ms_mgga_3x16,fc,2,0,1.675000,0.38158096145839193,0.34038658520764153
deep0_rung35ms_mgga_3x16,deep_rung35ms_mgga_3x16,fc,2,0,1.700000,0.37989717188796135,0.3384181207976971
deep0_rung35ms_mgga_3x16,deep_rung35ms_mgga_3x16,fc,2,0,1.725000,0.3777740083548907,0.3364698289379469
deep0_rung35ms_mgga_3x16,deep_rung35ms_mgga_3x16,fc,2,0,1.750000,0.37538036688304177,0.3345417293117887
deep0_rung35ms_mgga_3x16,deep_rung35ms_mgga_3x16,fc,2,0,1.775000,0.3728603740715116,0.33263381884142695
deep0_rung35ms_mgga_3x16,deep_rung35ms_mgga_3x16,fc,2,0,1.800000,0.3703319112109855,0.3307460734461768
deep0_rung35ms_mgga_3x16,deep_rung35ms_mgga_3x16,fc,2,0,1.825000,0.3678872873240434,0.32887844969901675
deep0_rung35ms_mgga_3x16,deep_rung35ms_mgga_3x16,fc,2,0,1.850000,0.36559536197812514,0.32703088638550154
deep0_rung35ms_mgga_3x16,deep_rung35ms_mgga_3x16,fc,2,0,1.875000,0.3635044987006604,0.32520330596918856
deep0_rung35ms_mgga_3x16,deep_rung35ms_mgga_3x16,fc,2,0,1.900000,0.36164585617430434,0.323395615967739
deep0_rung35ms_mgga_3x16,deep_rung35ms_mgga_3x16,fc,2,0,1.925000,0.3600366616788536,0.32160771024382623
deep0_rung35ms_mgga_3x16,deep_rung35ms_mgga_3x16,fc,2,0,1.950000,0.3586832369368984,0.3198394702149331
deep0_rung35ms_mgga_3x16,deep_rung35ms_mgga_3x16,fc,2,0,1.975000,0.3575836493365968,0.3180907659860507
deep0_rung35ms_mgga_3x16,deep_rung35ms_mgga_3x16,fc,2,0,2.000000,0.3567299382860032,0.31636145740919613
deep0_rung35ms_mgga_3x16,deep_rung35ms_mgga_3x16,fc,2,0,2.025000,0.3561099189454888,0.31465139507356843
deep0_rung35ms_mgga_3x16,deep_rung35ms_mgga_3x16,fc,2,0,2.050000,0.355708597899026,0.3129604212300418
deep0_rung35ms_mgga_3x16,deep_rung35ms_mgga_3x16,fc,2,0,2.075000,0.3555092522418606,0.3112883706535782
deep0_rung35ms_mgga_3x16,deep_rung35ms_mgga_3x16,fc,2,0,2.100000,0.3554942295717647,0.3096350714470056
deep0_rung35ms_mgga_3x16,deep_rung35ms_mgga_3x16,fc,2,0,2.125000,0.35564552523801707,0.30800034578948027
deep0_rung35ms_mgga_3x16,deep_rung35ms_mgga_3x16,fc,2,0,2.150000,0.35594518784918106,0.30638401063281323
deep0_rung35ms_mgga_3x16,deep_rung35ms_mgga_3x16,fc,2,0,2.175000,0.3563755965996602,0.30478587834870396
deep0_rung35ms_mgga_3x16,deep_rung35ms_mgga_3x16,fc,2,0,2.200000,0.356919645909864,0.30320575732978744
deep0_rung35ms_mgga_3x16,deep_rung35ms_mgga_3x16,fc,2,0,2.225000,0.3575608651207247,0.301643452547268
deep0_rung35ms_mgga_3x16,deep_rung35ms_mgga_3x16,fc,2,0,2.250000,0.3582834940772839,0.3000987660677743
deep0_rung35ms_mgga_3x16,deep_rung35ms_mgga_3x16,fc,2,0,2.275000,0.3590725296297761,0.29857149753194373
deep0_rung35ms_mgga_3x16,deep_rung35ms_mgga_3x16,fc,2,0,2.300000,0.359913753431355,0.29706144459711337
deep0_rung35ms_mgga_3x16,deep_rung35ms_mgga_3x16,fc,2,0,2.325000,0.3607937478540475,0.2955684033463727
deep0_rung35ms_mgga_3x16,deep_rung35ms_mgga_3x16,fc,2,0,2.350000,0.3616999042446083,0.29409216866611015
deep0_rung35ms_mgga_3x16,deep_rung35ms_mgga_3x16,fc,2,0,2.375000,0.3626204259352157,0.2926325345940717
deep0_rung35ms_mgga_3x16,deep_rung35ms_mgga_3x16,fc,2,0,2.400000,0.3635443272422827,0.29118929463983667
deep0_rung35ms_mgga_3x16,deep_rung35ms_mgga_3x16,fc,2,0,2.425000,0.3644614289740524,0.2897622420795101
deep0_rung35ms_mgga_3x16,deep_rung35ms_mgga_3x16,fc,2,0,2.450000,0.3653623505895809,0.28835117022632417
deep0_rung35ms_mgga_3x16,deep_rung35ms_mgga_3x16,fc,2,0,2.475000,0.36623849899827854,0.2869558726787487
deep0_rung35ms_mgga_3x16,deep_rung35ms_mgga_3x16,fc,2,0,2.500000,0.36708205397515614,0.28557614354761207
deep0_rung35ms_mgga_3x16,deep_rung35ms_mgga_3x16,fc,2,0,2.525000,0.367885950229385,0.2842117776636468
deep0_rung35ms_mgga_3x16,deep_rung35ms_mgga_3x16,fc,2,0,2.550000,0.368643856258827,0.28286257076678956
deep0_rung35ms_mgga_3x16,deep_rung35ms_mgga_3x16,fc,2,0,2.575000,0.36935015022207374,0.2815283196784822
deep0_rung35ms_mgga_3x16,deep_rung35ms_mgga_3x16,fc,2,0,2.600000,0.3699998931452022,0.2802088224581476
deep0_rung35ms_mgga_3x16,deep_rung35ms_mgga_3x16,fc,2,0,2.625000,0.3705887998443438,0.278903878544938
deep0_rung35ms_mgga_3x16,deep_rung35ms_mgga_3x16,fc,2,0,2.650000,0.37111320798439396,0.2776132888857885
deep0_rung35ms_mgga_3x16,deep_rung35ms_mgga_3x16,fc,2,0,2.675000,0.3715700457098171,0.27633685605074015
deep0_rung35ms_mgga_3x16,deep_rung35ms_mgga_3x16,fc,2,0,2.700000,0.37195679827853856,0.2750743843364387
deep0_rung35ms_mgga_3x16,deep_rung35ms_mgga_3x16,fc,2,0,2.725000,0.3722714741085418,0.27382567985865647
deep0_rung35ms_mgga_3x16,deep_rung35ms_mgga_3x16,fc,2,0,2.750000,0.3725125706134482,0.27259055063462984
deep0_rung35ms_mgga_3x16,deep_rung35ms_mgga_3x16,fc,2,0,2.775000,0.37267904016214093,0.2713688066559538
deep0_rung35ms_mgga_3x16,deep_rung35ms_mgga_3x16,fc,2,0,2.800000,0.37277025645219486,0.2701602599527297
deep0_rung35ms_mgga_3x16,deep_rung35ms_mgga_3x16,fc,2,0,2.825000,0.3727859815404835,0.2689647246496099
deep0_rung35ms_mgga_3x16,deep_rung35ms_mgga_3x16,fc,2,0,2.850000,0.3727263337292357,0.26778201701435067
deep0_rung35ms_mgga_3x16,deep_rung35ms_mgga_3x16,fc,2,0,2.875000,0.37259175646374376,0.2666119554994342
deep0_rung35ms_mgga_3x16,deep_rung35ms_mgga_3x16,fc,2,0,2.900000,0.37238298836004047,0.2654543607772907
deep0_rung35ms_mgga_3x16,deep_rung35ms_mgga_3x16,fc,2,0,2.925000,0.3721010344477418,0.26430905576961355
deep0_rung35ms_mgga_3x16,deep_rung35ms_mgga_3x16,fc,2,0,2.950000,0.3717471386852309,0.26317586567122503
deep0_rung35ms_mgga_3x16,deep_rung35ms_mgga_3x16,fc,2,0,2.975000,0.3713227577812298,0.2620546179689243
deep0_rung35ms_mgga_3x16,deep_rung35ms_mgga_3x16,fc,2,0,3.000000,0.3708295363383156,0.260945142455715
deep0_rung35ms_mgga_3x16,deep_rung35ms_mgga_3x16,fc,2,0,3.025000,0.37026928331963194,0.2598472712407876
deep0_rung35ms_mgga_3x16,deep_rung35ms_mgga_3x16,fc,2,0,3.050000,0.36964394982920623,0.2587608387556007
deep0_rung35ms_mgga_3x16,deep_rung35ms_mgga_3x16,fc,2,0,3.075000,0.36895560818853357,0.25768568175638656
deep0_rung35ms_mgga_3x16,deep_rung35ms_mgga_3x16,fc,2,0,3.100000,0.36820643228655414,0.2566216393233812
deep0_rung35ms_mgga_3x16,deep_rung35ms_mgga_3x16,fc,2,0,3.125000,0.3673986791765136,0.2555685528570589
deep0_rung35ms_mgga_3x16,deep_rung35ms_mgga_3x16,fc,2,0,3.150000,0.36653467189079436,0.2545262660716307
deep0_rung35ms_mgga_3x16,deep_rung35ms_mgga_3x16,fc,2,0,3.175000,0.3656167834432641,0.2534946249860516
deep0_rung35ms_mgga_3x16,deep_rung35ms_mgga_3x16,fc,2,0,3.200000,0.36464742198771705,0.2524734779127581
deep0_rung35ms_mgga_3x16,deep_rung35ms_mgga_3x16,fc,2,0,3.225000,0.36362901710019546,0.251462675444348
deep0_rung35ms_mgga_3x16,deep_rung35ms_mgga_3x16,fc,2,0,3.250000,0.36256400715233417,0.250462070438396
deep0_rung35ms_mgga_3x16,deep_rung35ms_mgga_3x16,fc,2,0,3.275000,0.36145482774213256,0.24947151800058348
deep0_rung35ms_mgga_3x16,deep_rung35ms_mgga_3x16,fc,2,0,3.300000,0.3603039011477124,0.24849087546631324
deep0_rung35ms_mgga_3x16,deep_rung35ms_mgga_3x16,fc,2,0,3.325000,0.35911362676865577,0.247520002380961
deep0_rung35ms_mgga_3x16,deep_rung35ms_mgga_3x16,fc,2,0,3.350000,0.35788637251844224,0.2465587604789098
deep0_rung35ms_mgga_3x16,deep_rung35ms_mgga_3x16,fc,2,0,3.375000,0.35662446713029516,0.24560701366149937
deep0_rung35ms_mgga_3x16,deep_rung35ms_mgga_3x16,fc,2,0,3.400000,0.35533019333761495,0.244664627974014
deep0_rung35ms_mgga_3x16,deep_rung35ms_mgga_3x16,fc,2,0,3.425000,0.3540057818889505,0.2437314715818238
deep0_rung35ms_mgga_3x16,deep_rung35ms_mgga_3x16,fc,2,0,3.450000,0.35265340635645814,0.24280741474578352
deep0_rung35ms_mgga_3x16,deep_rung35ms_mgga_3x16,fc,2,0,3.475000,0.3512751786957977,0.24189232979698927
deep0_rung35ms_mgga_3x16,deep_rung35ms_mgga_3x16,fc,2,0,3.500000,0.3498731455147567,0.24098609111097882
deep0_rung35ms_mgga_3x16,deep_rung35ms_mgga_3x16,fc,2,0,3.525000,0.3484492850073102,0.24008857508146478
deep0_rung35ms_mgga_3x16,deep_rung35ms_mgga_3x16,fc,2,0,3.550000,0.3470055045096272,0.23919966009367097
deep0_rung35ms_mgga_3x16,deep_rung35ms_mgga_3x16,fc,2,0,3.575000,0.3455436386344808,0.23831922649734727
deep0_rung35ms_mgga_3x16,deep_rung35ms_mgga_3x16,fc,2,0,3.600000,0.3440654479408425,0.23744715657952747
deep0_rung35ms_mgga_3x16,deep_rung35ms_mgga_3x16,fc,2,0,3.625000,0.34257261809595185,0.23658333453708694
deep0_rung35ms_mgga_3x16,deep_rung35ms_mgga_3x16,fc,2,0,3.650000,0.34106675948794185,0.23572764644915917
deep0_rung35ms_mgga_3x16,deep_rung35ms_mgga_3x16,fc,2,0,3.675000,0.33954940724813665,0.23487998024945925
deep0_rung35ms_mgga_3x16,deep_rung35ms_mgga_3x16,fc,2,0,3.700000,0.3380220216433809,0.23404022569856114
deep0_rung35ms_mgga_3x16,deep_rung35ms_mgga_3x16,fc,2,0,3.725000,0.3364859888001591,0.23320827435617125
deep0_rung35ms_mgga_3x16,deep_rung35ms_mgga_3x16,fc,2,0,3.750000,0.3349426217238678,0.2323840195534376
deep0_rung35ms_mgga_3x16,deep_rung35ms_mgga_3x16,fc,2,0,3.775000,0.3333931615783109,0.23156735636532824
deep0_rung35ms_mgga_3x16,deep_rung35ms_mgga_3x16,fc,2,0,3.800000,0.33183877919228544,0.2307581815831134
deep0_rung35ms_mgga_3x16,deep_rung35ms_mgga_3x16,fc,2,0,3.825000,0.33028057676203837,0.2299563936869787
deep0_rung35ms_mgga_3x16,deep_rung35ms_mgga_3x16,fc,2,0,3.850000,0.32871958972028725,0.22916189281879717
deep0_rung35ms_mgga_3x16,deep_rung35ms_mgga_3x16,fc,2,0,3.875000,0.3271567887444785,0.22837458075508446
deep0_rung35ms_mgga_3x16,deep_rung35ms_mgga_3x16,fc,2,0,3.900000,0.3255930818788926,0.22759436088015705
deep0_rung35ms_mgga_3x16,deep_rung35ms_mgga_3x16,fc,2,0,3.925000,0.3240293167471968,0.22682113815951563
deep0_rung35ms_mgga_3x16,deep_rung35ms_mgga_3x16,fc,2,0,3.950000,0.32246628283389844,0.22605481911346947
deep0_rung35ms_mgga_3x16,deep_rung35ms_mgga_3x16,fc,2,0,3.975000,0.3209047138150857,0.22529531179101767
deep0_rung35ms_mgga_3x16,deep_rung35ms_mgga_3x16,fc,2,0,4.000000,0.3193452899205844,0.22454252574400185
deep0_rung35ms_mgga_3x16,deep_rung35ms_mgga_3x16,fc,2,0,4.025000,0.3177886403114477,0.22379637200154323
deep0_rung35ms_mgga_3x16,deep_rung35ms_mgga_3x16,fc,2,0,4.050000,0.31623534545831755,0.22305676304477295
deep0_rung35ms_mgga_3x16,deep_rung35ms_mgga_3x16,fc,2,0,4.075000,0.31468593950779966,0.2223236127818666
deep0_rung35ms_mgga_3x16,deep_rung35ms_mgga_3x16,fc,2,0,4.100000,0.31314091262545696,0.22159683652339265
deep0_rung35ms_mgga_3x16,deep_rung35ms_mgga_3x16,fc,2,0,4.125000,0.3116007133054528,0.2208763509579786
deep0_rung35ms_mgga_3x16,deep_rung35ms_mgga_3x16,fc,2,0,4.150000,0.3100657506381639,0.22016207412830358
deep0_rung35ms_mgga_3x16,deep_rung35ms_mgga_3x16,fc,2,0,4.175000,0.30853639652829745,0.21945392540742137
deep0_rung35ms_mgga_3x16,deep_rung35ms_mgga_3x16,fc,2,0,4.200000,0.30701298785720366,0.2187518254754187
deep0_rung35ms_mgga_3x16,deep_rung35ms_mgga_3x16,fc,2,0,4.225000,0.30549582858407254,0.2180556962964114
deep0_rung35ms_mgga_3x16,deep_rung35ms_mgga_3x16,fc,2,0,4.250000,0.30398519178168704,0.21736546109588067
deep0_rung35ms_mgga_3x16,deep_rung35ms_mgga_3x16,fc,2,0,4.275000,0.30248132160326235,0.2166810443383531
deep0_rung35ms_mgga_3x16,deep_rung35ms_mgga_3x16,fc,2,0,4.300000,0.30098443517770146,0.21600237170542338
deep0_rung35ms_mgga_3x16,deep_rung35ms_mgga_3x16,fc,2,0,4.325000,0.2994947244312931,0.2153293700741224
deep0_rung35ms_mgga_3x16,deep_rung35ms_mgga_3x16,fc,2,0,4.350000,0.2980123578345465,0.21466196749562855
deep0_rung35ms_mgga_3x16,deep_rung35ms_mgga_3x16,fc,2,0,4.375000,0.296537482073407,0.21400009317432347
deep0_rung35ms_mgga_3x16,deep_rung35ms_mgga_3x16,fc,2,0,4.400000,0.2950702236446401,0.21334367744719182
deep0_rung35ms_mgga_3x16,deep_rung35ms_mgga_3x16,fc,2,0,4.425000,0.29361069037557985,0.212692651763561
deep0_rung35ms_mgga_3x16,deep_rung35ms_mgga_3x16,fc,2,0,4.450000,0.2921589728688836,0.2120469486651822
deep0_rung35ms_mgga_3x16,deep_rung35ms_mgga_3x16,fc,2,0,4.475000,0.2907151458732451,0.211406501766649
deep0_rung35ms_mgga_3x16,deep_rung35ms_mgga_3x16,fc,2,0,4.500000,0.28927926958133,0.21077124573615202
deep0_rung35ms_mgga_3x16,deep_rung35ms_mgga_3x16,fc,2,0,4.525000,0.2878513908564543,0.21014111627656573
deep0_rung35ms_mgga_3x16,deep_rung35ms_mgga_3x16,fc,2,0,4.550000,0.2864315443897386,0.20951605010686644
deep0_rung35ms_mgga_3x16,deep_rung35ms_mgga_3x16,fc,2,0,4.575000,0.2850197537896454,0.20889598494387676
deep0_rung35ms_mgga_3x16,deep_rung35ms_mgga_3x16,fc,2,0,4.600000,0.28361603260596924,0.20828085948433367
deep0_rung35ms_mgga_3x16,deep_rung35ms_mgga_3x16,fc,2,0,4.625000,0.28222038529044124,0.2076706133872779
deep0_rung35ms_mgga_3x16,deep_rung35ms_mgga_3x16,fc,2,0,4.650000,0.2808328080962178,0.2070651872567583
deep0_rung35ms_mgga_3x16,deep_rung35ms_mgga_3x16,fc,2,0,4.675000,0.2794532899185891,0.20646452262485057
deep0_rung35ms_mgga_3x16,deep_rung35ms_mgga_3x16,fc,2,0,4.700000,0.2780818130792696,0.20586856193498426
deep0_rung35ms_mgga_3x16,deep_rung35ms_mgga_3x16,fc,2,0,4.725000,0.2767183540566739,0.20527724852557444
deep0_rung35ms_mgga_3x16,deep_rung35ms_mgga_3x16,fc,2,0,4.750000,0.27536288416458776,0.20469052661395523
deep0_rung35ms_mgga_3x16,deep_rung35ms_mgga_3x16,fc,2,0,4.775000,0.2740153701816259,0.20410834128060876
deep0_rung35ms_mgga_3x16,deep_rung35ms_mgga_3x16,fc,2,0,4.800000,0.2726757749338623,0.20353063845368755
deep0_rung35ms_mgga_3x16,deep_rung35ms_mgga_3x16,fc,2,0,4.825000,0.2713440578329812,0.2029573648938246
deep0_rung35ms_mgga_3x16,deep_rung35ms_mgga_3x16,fc,2,0,4.850000,0.2700201753722513,0.20238846817922718
deep0_rung35ms_mgga_3x16,deep_rung35ms_mgga_3x16,fc,2,0,4.875000,0.2687040815825924,0.20182389669105044
deep0_rung35ms_mgga_3x16,deep_rung35ms_mgga_3x16,fc,2,0,4.900000,0.26739572845093085,0.2012635995990459
deep0_rung35ms_mgga_3x16,deep_rung35ms_mgga_3x16,fc,2,0,4.925000,0.2660950663029962,0.2007075268474808
deep0_rung35ms_mgga_3x16,deep_rung35ms_mgga_3x16,fc,2,0,4.950000,0.2648020441526263,0.20015562914132293
deep0_rung35ms_mgga_3x16,deep_rung35ms_mgga_3x16,fc,2,0,4.975000,0.26351661001960325,0.19960785793268823
deep0_rung35ms_mgga_3x16,deep_rung35ms_mgga_3x16,fc,2,0,5.000000,0.26223871121794606,0.1990641654075457
deep0_rung35ms_mgga_3x16,deep_rung35ms_mgga_3x16,fc,2,0,5.025000,0.2609682946165357,0.19852450447267503
deep0_rung35ms_mgga_3x16,deep_rung35ms_mgga_3x16,fc,2,0,5.050000,0.2597053068738501,0.19798882874287285
deep0_rung35ms_mgga_3x16,deep_rung35ms_mgga_3x16,fc,2,0,5.075000,0.25844969464853607,0.19745709252840385
deep0_rung35ms_mgga_3x16,deep_rung35ms_mgga_3x16,fc,2,0,5.100000,0.2572014047874449,0.19692925082269164
deep0_rung35ms_mgga_3x16,deep_rung35ms_mgga_3x16,fc,2,0,5.125000,0.25596038449270164,0.196405259290245
deep0_rung35ms_mgga_3x16,deep_rung35ms_mgga_3x16,fc,2,0,5.150000,0.2547265814692916,0.19588507425481655
deep0_rung35ms_mgga_3x16,deep_rung35ms_mgga_3x16,fc,2,0,5.175000,0.25349994405458753,0.19536865268778786
deep0_rung35ms_mgga_3x16,deep_rung35ms_mgga_3x16,fc,2,0,5.200000,0.2522804213311455,0.1948559521967777
deep0_rung35ms_mgga_3x16,deep_rung35ms_mgga_3x16,fc,2,0,5.225000,0.2510679632240592,0.19434693101446987
deep0_rung35ms_mgga_3x16,deep_rung35ms_mgga_3x16,fc,2,0,5.250000,0.249862520584059,0.19384154798765593
deep0_rung35ms_mgga_3x16,deep_rung35ms_mgga_3x16,fc,2,0,5.275000,0.24866404525750574,0.19333976256648758
deep0_rung35ms_mgga_3x16,deep_rung35ms_mgga_3x16,fc,2,0,5.300000,0.24747249014433914,0.1928415347939379
deep0_rung35ms_mgga_3x16,deep_rung35ms_mgga_3x16,fc,2,0,5.325000,0.24628780924499982,0.1923468252954638
deep0_rung35ms_mgga_3x16,deep_rung35ms_mgga_3x16,fc,2,0,5.350000,0.24510995769726596,0.19185559526886803
deep0_rung35ms_mgga_3x16,deep_rung35ms_mgga_3x16,fc,2,0,5.375000,0.24393889180389738,0.19136780647435758
deep0_rung35ms_mgga_3x16,deep_rung35ms_mgga_3x16,fc,2,0,5.400000,0.24277456905192807,0.1908834212247919
deep0_rung35ms_mgga_3x16,deep_rung35ms_mgga_3x16,fc,2,0,5.425000,0.2416169481243745,0.1904024023761197
deep0_rung35ms_mgga_3x16,deep_rung35ms_mgga_3x16,fc,2,0,5.450000,0.2404659889051014,0.18992471331800037
deep0_rung35ms_mgga_3x16,deep_rung35ms_mgga_3x16,fc,2,0,5.475000,0.23932165247752912,0.1894503179646045
deep0_rung35ms_mgga_3x16,deep_rung35ms_mgga_3x16,fc,2,0,5.500000,0.23818390111780396,0.18897918074559295
deep0_rung35ms_mgga_3x16,deep_rung35ms_mgga_3x16,fc,2,0,5.525000,0.2370526982830372,0.18851126659726813
deep0_rung35ms_mgga_3x16,deep_rung35ms_mgga_3x16,fc,2,0,5.550000,0.23592800859515684,0.18804654095389647
deep0_rung35ms_mgga_3x16,deep_rung35ms_mgga_3x16,fc,2,0,5.575000,0.2348097978208772,0.18758496973919642
deep0_rung35ms_mgga_3x16,deep_rung35ms_mgga_3x16,fc,2,0,5.600000,0.23369803284827018,0.18712651935799052
deep0_rung35ms_mgga_3x16,deep_rung35ms_mgga_3x16,fc,2,0,5.625000,0.23259268166036207,0.1866711566880177
deep0_rung35ms_mgga_3x16,deep_rung35ms_mgga_3x16,fc,2,0,5.650000,0.23149371330616786,0.18621884907190214
deep0_rung35ms_mgga_3x16,deep_rung35ms_mgga_3x16,fc,2,0,5.675000,0.23040109786953278,0.18576956430927574
deep0_rung35ms_mgga_3x16,deep_rung35ms_mgga_3x16,fc,2,0,5.700000,0.22931480643612345,0.18532327064905213
deep0_rung35ms_mgga_3x16,deep_rung35ms_mgga_3x16,fc,2,0,5.725000,0.22823481105887922,0.1848799367818472
deep0_rung35ms_mgga_3x16,deep_rung35ms_mgga_3x16,fc,2,0,5.750000,0.2271610847222154,0.1844395318325446
deep0_rung35ms_mgga_3x16,deep_rung35ms_mgga_3x16,fc,2,0,5.775000,0.22609360130524192,0.18400202535300478
deep0_rung35ms_mgga_3x16,deep_rung35ms_mgga_3x16,fc,2,0,5.800000,0.22503233554423407,0.18356738731490982
deep0_rung35ms_mgga_3x16,deep_rung35ms_mgga_3x16,fc,2,0,5.825000,0.22397726299457565,0.18313558810274683
deep0_rung35ms_mgga_3x16,deep_rung35ms_mgga_3x16,fc,2,0,5.850000,0.22292835999237715,0.18270659850692378
deep0_rung35ms_mgga_3x16,deep_rung35ms_mgga_3x16,fc,2,0,5.875000,0.221885603615936,0.18228038971701582
deep0_rung35ms_mgga_3x16,deep_rung35ms_mgga_3x16,fc,2,0,5.900000,0.22084897164721806,0.18185693331514038
deep0_rung35ms_mgga_3x16,deep_rung35ms_mgga_3x16,fc,2,0,5.925000,0.21981844253349325,0.18143620126945664
deep0_rung35ms_mgga_3x16,deep_rung35ms_mgga_3x16,fc,2,0,5.950000,0.21879399534925892,0.18101816592778855
deep0_rung35ms_mgga_3x16,deep_rung35ms_mgga_3x16,fc,2,0,5.975000,0.2177756097585707,0.18060280001136791
deep0_rung35ms_mgga_3x16,deep_rung35ms_mgga_3x16,fc,2,0,6.000000,0.21676326597787954,0.18019007660869604
deep0_rung35ms_mgga_3x16,deep_rung35ms_mgga_3x16,fc,5,0,0.000000,0.33249779018722314,0.5544857754313772
deep0_rung35ms_mgga_3x16,deep_rung35ms_mgga_3x16,fc,5,0,0.025000,0.3324742945116004,0.5544267190341762
deep0_rung35ms_mgga_3x16,deep_rung35ms_mgga_3x16,fc,5,0,0.050000,0.3323123418044458,0.5542497120954382
deep0_rung35ms_mgga_3x16,deep_rung35ms_mgga_3x16,fc,5,0,0.075000,0.33188095509492244,0.553955240085491
deep0_rung35ms_mgga_3x16,deep_rung35ms_mgga_3x16,fc,5,0,0.100000,0.33105885793122325,0.5535441078476212
deep0_rung35ms_mgga_3x16,deep_rung35ms_mgga_3x16,fc,5,0,0.125000,0.3297367487270235,0.5530174332576545
deep0_rung35ms_mgga_3x16,deep_rung35ms_mgga_3x16,fc,5,0,0.150000,0.327820004933991,0.5523766384864307
deep0_rung35ms_mgga_3x16,deep_rung35ms_mgga_3x16,fc,5,0,0.175000,0.32523158141656383,0.5516234389999005
deep0_rung35ms_mgga_3x16,deep_rung35ms_mgga_3x16,fc,5,0,0.200000,0.3219148560144791,0.5507598304640728
deep0_rung35ms_mgga_3x16,deep_rung35ms_mgga_3x16,fc,5,0,0.225000,0.3178361686292497,0.5497880737503587
deep0_rung35ms_mgga_3x16,deep_rung35ms_mgga_3x16,fc,5,0,0.250000,0.31298680105560184,0.5487106782603984
deep0_rung35ms_mgga_3x16,deep_rung35ms_mgga_3x16,fc,5,0,0.275000,0.3073841569098468,0.5475303838078052
deep0_rung35ms_mgga_3x16,deep_rung35ms_mgga_3x16,fc,5,0,0.300000,0.3010719290237721,0.5462501413071461
deep0_rung35ms_mgga_3x16,deep_rung35ms_mgga_3x16,fc,5,0,0.325000,0.2941190902734385,0.5448730925278805
deep0_rung35ms_mgga_3x16,deep_rung35ms_mgga_3x16,fc,5,0,0.350000,0.28661761598650193,0.54340254917295
deep0_rung35ms_mgga_3x16,deep_rung35ms_mgga_3x16,fc,5,0,0.375000,0.27867894084505807,0.5418419715385733
deep0_rung35ms_mgga_3x16,deep_rung35ms_mgga_3x16,fc,5,0,0.400000,0.2704292637395076,0.5401949470039137
deep0_rung35ms_mgga_3x16,deep_rung35ms_mgga_3x16,fc,5,0,0.425000,0.26200392715129917,0.5384651685871872
deep0_rung35ms_mgga_3x16,deep_rung35ms_mgga_3x16,fc,5,0,0.450000,0.25354119555458254,0.5366564137890562
deep0_rung35ms_mgga_3x16,deep_rung35ms_mgga_3x16,fc,5,0,0.475000,0.24517582165954488,0.5347725239254726
deep0_rung35ms_mgga_3x16,deep_rung35ms_mgga_3x16,fc,5,0,0.500000,0.23703280651762604,0.5328173841311602
deep0_rung35ms_mgga_3x16,deep_rung35ms_mgga_3x16,fc,5,0,0.525000,0.22922172575888755,0.5307949041923599
deep0_rung35ms_mgga_3x16,deep_rung35ms_mgga_3x16,fc,5,0,0.550000,0.22183191792894874,0.5287090003439469
deep0_rung35ms_mgga_3x16,deep_rung35ms_mgga_3x16,fc,5,0,0.575000,0.2149287313310977,0.5265635781422086
deep0_rung35ms_mgga_3x16,deep_rung35ms_mgga_3x16,fc,5,0,0.600000,0.2085509281232747,0.5243625165009729
deep0_rung35ms_mgga_3x16,deep_rung35ms_mgga_3x16,fc,5,0,0.625000,0.20270927238428926,0.5221096529559254
deep0_rung35ms_mgga_3x16,deep_rung35ms_mgga_3x16,fc,5,0,0.650000,0.19738629731771218,0.519808770200247
deep0_rung35ms_mgga_3x16,deep_rung35ms_mgga_3x16,fc,5,0,0.675000,0.19253725643989683,0.517463583914472
deep0_rung35ms_mgga_3x16,deep_rung35ms_mgga_3x16,fc,5,0,0.700000,0.1880922994668236,0.5150777318949817
deep0_rung35ms_mgga_3x16,deep_rung35ms_mgga_3x16,fc,5,0,0.725000,0.18395994762686863,0.5126547644689723
deep0_rung35ms_mgga_3x16,deep_rung35ms_mgga_3x16,fc,5,0,0.750000,0.18003194130112832,0.5101981361691884
deep0_rung35ms_mgga_3x16,deep_rung35ms_mgga_3x16,fc,5,0,0.775000,0.17618946572282468,0.5077111986292233
deep0_rung35ms_mgga_3x16,deep_rung35ms_mgga_3x16,fc,5,0,0.800000,0.17231061444636997,0.5051971946497459
deep0_rung35ms_mgga_3x16,deep_rung35ms_mgga_3x16,fc,5,0,0.825000,0.16827873705335872,0.5026592533775737
deep0_rung35ms_mgga_3x16,deep_rung35ms_mgga_3x16,fc,5,0,0.850000,0.1639910765989634,0.5001003865329368
deep0_rung35ms_mgga_3x16,deep_rung35ms_mgga_3x16,fc,5,0,0.875000,0.15936689456454778,0.4975234856154844
deep0_rung35ms_mgga_3x16,deep_rung35ms_mgga_3x16,fc,5,0,0.900000,0.15435417365591952,0.49493132001638257
deep0_rung35ms_mgga_3x16,deep_rung35ms_mgga_3x16,fc,5,0,0.925000,0.14893403468100674,0.4923265359621072
deep0_rung35ms_mgga_3x16,deep_rung35ms_mgga_3x16,fc,5,0,0.950000,0.14312222317994072,0.4897116562150498
deep0_rung35ms_mgga_3x16,deep_rung35ms_mgga_3x16,fc,5,0,0.975000,0.13696739111159228,0.48708908045668386
deep0_rung35ms_mgga_3x16,deep_rung35ms_mgga_3x16,fc,5,0,1.000000,0.13054635311785023,0.4844610862805865
deep0_rung35ms_mgga_3x16,deep_rung35ms_mgga_3x16,fc,5,0,1.025000,0.12395694206527996,0.4818298307249389
deep0_rung35ms_mgga_3x16,deep_rung35ms_mgga_3x16,fc,5,0,1.050000,0.11730942723002702,0.47919735227706733
deep0_rung35ms_mgga_3x16,deep_rung35ms_mgga_3x16,fc,5,0,1.075000,0.11071761684768433,0.47656557328600857
deep0_rung35ms_mgga_3x16,deep_rung35ms_mgga_3x16,fc,5,0,1.100000,0.10429071655283595,0.4739363027228544
deep0_rung35ms_mgga_3x16,deep_rung35ms_mgga_3x16,fc,5,0,1.125000,0.09812678164938904,0.471311239232641
deep0_rung35ms_mgga_3x16,deep_rung35ms_mgga_3x16,fc,5,0,1.150000,0.09230825293323197,0.4686919744256981
deep0_rung35ms_mgga_3x16,deep_rung35ms_mgga_3x16,fc,5,0,1.175000,0.08689969150184496,0.46607999636058217
deep0_rung35ms_mgga_3x16,deep_rung35ms_mgga_3x16,fc,5,0,1.200000,0.08194750814358076,0.46347669317490353
deep0_rung35ms_mgga_3x16,deep_rung35ms_mgga_3x16,fc,5,0,1.225000,0.07748126893754792,0.46088335682447545
deep0_rung35ms_mgga_3x16,deep_rung35ms_mgga_3x16,fc,5,0,1.250000,0.07351606539630318,0.45830118689520055
deep0_rung35ms_mgga_3x16,deep_rung35ms_mgga_3x16,fc,5,0,1.275000,0.07005544860362134,0.45573129445594024
deep0_rung35ms_mgga_3x16,deep_rung35ms_mgga_3x16,fc,5,0,1.300000,0.06709450840064324,0.45317470592425413
deep0_rung35ms_mgga_3x16,deep_rung35ms_mgga_3x16,fc,5,0,1.325000,0.06462279330245646,0.45063236692032244
deep0_rung35ms_mgga_3x16,deep_rung35ms_mgga_3x16,fc,5,0,1.350000,0.06262688366163527,0.44810514608757446
deep0_rung35ms_mgga_3x16,deep_rung35ms_mgga_3x16,fc,5,0,1.375000,0.061092529943924334,0.44559383886151827
deep0_rung35ms_mgga_3x16,deep_rung35ms_mgga_3x16,fc,5,0,1.400000,0.06000634110203518,0.44309917117101477
deep0_rung35ms_mgga_3x16,deep_rung35ms_mgga_3x16,fc,5,0,1.425000,0.05935705435024763,0.44062180305874216
deep0_rung35ms_mgga_3x16,deep_rung35ms_mgga_3x16,fc,5,0,1.450000,0.05913644129561524,0.43816233220989076
deep0_rung35ms_mgga_3x16,deep_rung35ms_mgga_3x16,fc,5,0,1.475000,0.059339912323906896,0.4357212973801876
deep0_rung35ms_mgga_3x16,deep_rung35ms_mgga_3x16,fc,5,0,1.500000,0.05996687722984673,0.4332991817162094
deep0_rung35ms_mgga_3x16,deep_rung35ms_mgga_3x16,fc,5,0,1.525000,0.06102091013774691,0.4308964159626009
deep0_rung35ms_mgga_3x16,deep_rung35ms_mgga_3x16,fc,5,0,1.550000,0.06250975428520555,0.4285133815522881
deep0_rung35ms_mgga_3x16,deep_rung35ms_mgga_3x16,fc,5,0,1.575000,0.06444518955714817,0.42615041357707084
deep0_rung35ms_mgga_3x16,deep_rung35ms_mgga_3x16,fc,5,0,1.600000,0.06684277417623596,0.4238078036371223
deep0_rung35ms_mgga_3x16,deep_rung35ms_mgga_3x16,fc,5,0,1.625000,0.06972146249784206,0.42148580256890444
deep0_rung35ms_mgga_3x16,deep_rung35ms_mgga_3x16,fc,5,0,1.650000,0.07310309389803982,0.4191846230518673
deep0_rung35ms_mgga_3x16,deep_rung35ms_mgga_3x16,fc,5,0,1.675000,0.07701174358631946,0.4169044420950267
deep0_rung35ms_mgga_3x16,deep_rung35ms_mgga_3x16,fc,5,0,1.700000,0.08147292505151205,0.41464540340513245
deep0_rung35ms_mgga_3x16,deep_rung35ms_mgga_3x16,fc,5,0,1.725000,0.08651263594262615,0.4124076196386569
deep0_rung35ms_mgga_3x16,deep_rung35ms_mgga_3x16,fc,5,0,1.750000,0.09215624460223504,0.41019117454025883
deep0_rung35ms_mgga_3x16,deep_rung35ms_mgga_3x16,fc,5,0,1.775000,0.09842722316933561,0.40799612497072657
deep0_rung35ms_mgga_3x16,deep_rung35ms_mgga_3x16,fc,5,0,1.800000,0.10534574487580428,0.40582250282767435
deep0_rung35ms_mgga_3x16,deep_rung35ms_mgga_3x16,fc,5,0,1.825000,0.11292717727197721,0.40367031686248195
deep0_rung35ms_mgga_3x16,deep_rung35ms_mgga_3x16,fc,5,0,1.850000,0.1211805186338093,0.4015395543971219
deep0_rung35ms_mgga_3x16,deep_rung35ms_mgga_3x16,fc,5,0,1.875000,0.13010684031604558,0.39943018294462707
deep0_rung35ms_mgga_3x16,deep_rung35ms_mgga_3x16,fc,5,0,1.900000,0.13969781155943295,0.39734215173701826
deep0_rung35ms_mgga_3x16,deep_rung35ms_mgga_3x16,fc,5,0,1.925000,0.1499343932678201,0.3952753931645421
deep0_rung35ms_mgga_3x16,deep_rung35ms_mgga_3x16,fc,5,0,1.950000,0.16078579160801676,0.3932298241300676
deep0_rung35ms_mgga_3x16,deep_rung35ms_mgga_3x16,fc,5,0,1.975000,0.1722087593515469,0.3912053473224654
deep0_rung35ms_mgga_3x16,deep_rung35ms_mgga_3x16,fc,5,0,2.000000,0.18414732172631632,0.3892018524127446
deep0_rung35ms_mgga_3x16,deep_rung35ms_mgga_3x16,fc,5,0,2.025000,0.19653298415622922,0.387219217176654
deep0_rung35ms_mgga_3x16,deep_rung35ms_mgga_3x16,fc,5,0,2.050000,0.20928545269635546,0.38525730854737456
deep0_rung35ms_mgga_3x16,deep_rung35ms_mgga_3x16,fc,5,0,2.075000,0.22231386633987682,0.38331598360183616
deep0_rung35ms_mgga_3x16,deep_rung35ms_mgga_3x16,fc,5,0,2.100000,0.23551850664730478,0.3813950904840865
deep0_rung35ms_mgga_3x16,deep_rung35ms_mgga_3x16,fc,5,0,2.125000,0.24879291775251589,0.3794944692690332
deep0_rung35ms_mgga_3x16,deep_rung35ms_mgga_3x16,fc,5,0,2.150000,0.26202634211704634,0.3776139527697599
deep0_rung35ms_mgga_3x16,deep_rung35ms_mgga_3x16,fc,5,0,2.175000,0.27510635726571897,0.3757533672915002
deep0_rung35ms_mgga_3x16,deep_rung35ms_mgga_3x16,fc,5,0,2.200000,0.28792158800678624,0.3739125333352315
deep0_rung35ms_mgga_3x16,deep_rung35ms_mgga_3x16,fc,5,0,2.225000,0.30036436797266675,0.3720912662537262
deep0_rung35ms_mgga_3x16,deep_rung35ms_mgga_3x16,fc,5,0,2.250000,0.31233323313624806,0.3702893768627755
deep0_rung35ms_mgga_3x16,deep_rung35ms_mgga_3x16,fc,5,0,2.275000,0.323735146640163,0.3685066720101793
deep0_rung35ms_mgga_3x16,deep_rung35ms_mgga_3x16,fc,5,0,2.300000,0.3344873764927555,0.366742955104975
deep0_rung35ms_mgga_3x16,deep_rung35ms_mgga_3x16,fc,5,0,2.325000,0.3445189728072052,0.36499802660925884
deep0_rung35ms_mgga_3x16,deep_rung35ms_mgga_3x16,fc,5,0,2.350000,0.35377181675751934,0.3632716844948376
deep0_rung35ms_mgga_3x16,deep_rung35ms_mgga_3x16,fc,5,0,2.375000,0.3622012371695935,0.36156372466683856
deep0_rung35ms_mgga_3x16,deep_rung35ms_mgga_3x16,fc,5,0,2.400000,0.36977621112173287,0.3598739413562909
deep0_rung35ms_mgga_3x16,deep_rung35ms_mgga_3x16,fc,5,0,2.425000,0.37647918121045665,0.3582021274835926
deep0_rung35ms_mgga_3x16,deep_rung35ms_mgga_3x16,fc,5,0,2.450000,0.38230553395550604,0.3565480749946682
deep0_rung35ms_mgga_3x16,deep_rung35ms_mgga_3x16,fc,5,0,2.475000,0.3872627913588189,0.35491157517153077
deep0_rung35ms_mgga_3x16,deep_rung35ms_mgga_3x16,fc,5,0,2.500000,0.39136957139997375,0.3532924189188632
deep0_rung35ms_mgga_3x16,deep_rung35ms_mgga_3x16,fc,5,0,2.525000,0.3946543739127233,0.35169039702814436
deep0_rung35ms_mgga_3x16,deep_rung35ms_mgga_3x16,fc,5,0,2.550000,0.39715424654774556,0.35010530042076193
deep0_rung35ms_mgga_3x16,deep_rung35ms_mgga_3x16,fc,5,0,2.575000,0.3989133820356021,0.3485369203714671
deep0_rung35ms_mgga_3x16,deep_rung35ms_mgga_3x16,fc,5,0,2.600000,0.3999816932695679,0.3469850487134535
deep0_rung35ms_mgga_3x16,deep_rung35ms_mgga_3x16,fc,5,0,2.625000,0.40041340726187113,0.3454494780262607
deep0_rung35ms_mgga_3x16,deep_rung35ms_mgga_3x16,fc,5,0,2.650000,0.4002657131138585,0.3439300018076401
deep0_rung35ms_mgga_3x16,deep_rung35ms_mgga_3x16,fc,5,0,2.675000,0.3995974930221964,0.3424264146304455
deep0_rung35ms_mgga_3x16,deep_rung35ms_mgga_3x16,fc,5,0,2.700000,0.3984681592042554,0.3409385122855547
deep0_rung35ms_mgga_3x16,deep_rung35ms_mgga_3x16,fc,5,0,2.725000,0.39693661361796595,0.339466091911759
deep0_rung35ms_mgga_3x16,deep_rung35ms_mgga_3x16,fc,5,0,2.750000,0.3950603416091524,0.3380089521135095
deep0_rung35ms_mgga_3x16,deep_rung35ms_mgga_3x16,fc,5,0,2.775000,0.39289464526709583,0.3365668930673474
deep0_rung35ms_mgga_3x16,deep_rung35ms_mgga_3x16,fc,5,0,2.800000,0.3904920174212465,0.33513971661779945
deep0_rung35ms_mgga_3x16,deep_rung35ms_mgga_3x16,fc,5,0,2.825000,0.38790165296797285,0.3337272263634682
deep0_rung35ms_mgga_3x16,deep_rung35ms_mgga_3x16,fc,5,0,2.850000,0.3851690906527463,0.3323292277340013
deep0_rung35ms_mgga_3x16,deep_rung35ms_mgga_3x16,fc,5,0,2.875000,0.38233597559799093,0.330945528058585
deep0_rung35ms_mgga_3x16,deep_rung35ms_mgga_3x16,fc,5,0,2.900000,0.37943993077433213,0.32957593662656054
deep0_rung35ms_mgga_3x16,deep_rung35ms_mgga_3x16,fc,5,0,2.925000,0.37651452424329224,0.32822026474072796
deep0_rung35ms_mgga_3x16,deep_rung35ms_mgga_3x16,fc,5,0,2.950000,0.3735893183014837,0.3268783257638657
deep0_rung35ms_mgga_3x16,deep_rung35ms_mgga_3x16,fc,5,0,2.975000,0.37068998655319607,0.3255499351589587
deep0_rung35ms_mgga_3x16,deep_rung35ms_mgga_3x16,fc,5,0,3.000000,0.36783848533514196,0.32423491052359754
deep0_rung35ms_mgga_3x16,deep_rung35ms_mgga_3x16,fc,5,0,3.025000,0.36505326670975147,0.3229330716189806
deep0_rung35ms_mgga_3x16,deep_rung35ms_mgga_3x16,fc,5,0,3.050000,0.36234952132582965,0.3216442403939239
deep0_rung35ms_mgga_3x16,deep_rung35ms_mgga_3x16,fc,5,0,3.075000,0.35973944071726716,0.32036824100425537
deep0_rung35ms_mgga_3x16,deep_rung35ms_mgga_3x16,fc,5,0,3.100000,0.357232489981959,0.31910489982794765
deep0_rung35ms_mgga_3x16,deep_rung35ms_mgga_3x16,fc,5,0,3.125000,0.3548356831784343,0.317854045476318
deep0_rung35ms_mgga_3x16,deep_rung35ms_mgga_3x16,fc,5,0,3.150000,0.3525538551366538,0.3166155088016044
deep0_rung35ms_mgga_3x16,deep_rung35ms_mgga_3x16,fc,5,0,3.175000,0.35038992465748997,0.31538912290120497
deep0_rung35ms_mgga_3x16,deep_rung35ms_mgga_3x16,fc,5,0,3.200000,0.3483451452425059,0.31417472311884825
deep0_rung35ms_mgga_3x16,deep_rung35ms_mgga_3x16,fc,5,0,3.225000,0.34641934053429,0.3129721470429461
deep0_rung35ms_mgga_3x16,deep_rung35ms_mgga_3x16,fc,5,0,3.250000,0.3446111225506926,0.31178123450236195
deep0_rung35ms_mgga_3x16,deep_rung35ms_mgga_3x16,fc,5,0,3.275000,0.34291809156458,0.31060182755981197
deep0_rung35ms_mgga_3x16,deep_rung35ms_mgga_3x16,fc,5,0,3.300000,0.3413370171204837,0.30943377050310267
deep0_rung35ms_mgga_3x16,deep_rung35ms_mgga_3x16,fc,5,0,3.325000,0.339864000200806,0.30827690983439354
deep0_rung35ms_mgga_3x16,deep_rung35ms_mgga_3x16,fc,5,0,3.350000,0.33849461696895655,0.3071310942576613
deep0_rung35ms_mgga_3x16,deep_rung35ms_mgga_3x16,fc,5,0,3.375000,0.3372240448375927,0.3059961746645293
deep0_rung35ms_mgga_3x16,deep_rung35ms_mgga_3x16,fc,5,0,3.400000,0.3360471718495436,0.30487200411861487
deep0_rung35ms_mgga_3x16,deep_rung35ms_mgga_3x16,fc,5,0,3.425000,0.3349586905287153,0.30375843783853723
deep0_rung35ms_mgga_3x16,deep_rung35ms_mgga_3x16,fc,5,0,3.450000,0.33395317746903896,0.3026553331797168
deep0_rung35ms_mgga_3x16,deep_rung35ms_mgga_3x16,fc,5,0,3.475000,0.3330251599908298,0.30156254961508944
deep0_rung35ms_mgga_3x16,deep_rung35ms_mgga_3x16,fc,5,0,3.500000,0.33216917121416856,0.30047994871484934
deep0_rung35ms_mgga_3x16,deep_rung35ms_mgga_3x16,fc,5,0,3.525000,0.33137979488544167,0.29940739412532796
deep0_rung35ms_mgga_3x16,deep_rung35ms_mgga_3x16,fc,5,0,3.550000,0.33065170125239174,0.29834475154710355
deep0_rung35ms_mgga_3x16,deep_rung35ms_mgga_3x16,fc,5,0,3.575000,0.3299796752206048,0.297291888712437
deep0_rung35ms_mgga_3x16,deep_rung35ms_mgga_3x16,fc,5,0,3.600000,0.32935863794534637,0.2962486753621153
deep0_rung35ms_mgga_3x16,deep_rung35ms_mgga_3x16,fc,5,0,3.625000,0.3287836629215325,0.29521498322178275
deep0_rung35ms_mgga_3x16,deep_rung35ms_mgga_3x16,fc,5,0,3.650000,0.3282499875353657,0.29419068597783077
deep0_rung35ms_mgga_3x16,deep_rung35ms_mgga_3x16,fc,5,0,3.675000,0.3277530209375257,0.2931756592529155
deep0_rung35ms_mgga_3x16,deep_rung35ms_mgga_3x16,fc,5,0,3.700000,0.3272883489927496,0.29216978058116344
deep0_rung35ms_mgga_3x16,deep_rung35ms_mgga_3x16,fc,5,0,3.725000,0.32685173695720915,0.2911729293831231
deep0_rung35ms_mgga_3x16,deep_rung35ms_mgga_3x16,fc,5,0,3.750000,0.326439130435374,0.2901849869405158
deep0_rung35ms_mgga_3x16,deep_rung35ms_mgga_3x16,fc,5,0,3.775000,0.3260466550742467,0.2892058363708347
deep0_rung35ms_mgga_3x16,deep_rung35ms_mgga_3x16,fc,5,0,3.800000,0.32567061536621755,0.28823536260183585
deep0_rung35ms_mgga_3x16,deep_rung35ms_mgga_3x16,fc,5,0,3.825000,0.32530749285361726,0.28727345234596335
deep0_rung35ms_mgga_3x16,deep_rung35ms_mgga_3x16,fc,5,0,3.850000,0.3249539439587852,0.28631999407474723
deep0_rung35ms_mgga_3x16,deep_rung35ms_mgga_3x16,fc,5,0,3.875000,0.32460679760363464,0.2853748779932082
deep0_rung35ms_mgga_3x16,deep_rung35ms_mgga_3x16,fc,5,0,3.900000,0.3242630527320419,0.2844379960143012
deep0_rung35ms_mgga_3x16,deep_rung35ms_mgga_3x16,fc,5,0,3.925000,0.3239198758067453,0.283509241733428
deep0_rung35ms_mgga_3x16,deep_rung35ms_mgga_3x16,fc,5,0,3.950000,0.32357459831910274,0.28258851040304445
deep0_rung35ms_mgga_3x16,deep_rung35ms_mgga_3x16,fc,5,0,3.975000,0.323224714324444,0.2816756989073878
deep0_rung35ms_mgga_3x16,deep_rung35ms_mgga_3x16,fc,5,0,4.000000,0.3228678779968732,0.2807707057373459
deep0_rung35ms_mgga_3x16,deep_rung35ms_mgga_3x16,fc,5,0,4.025000,0.3225019011844137,0.2798734309654892
deep0_rung35ms_mgga_3x16,deep_rung35ms_mgga_3x16,fc,5,0,4.050000,0.32212475093736403,0.27898377622128206
deep0_rung35ms_mgga_3x16,deep_rung35ms_mgga_3x16,fc,5,0,4.075000,0.3217345469787687,0.2781016446664924
deep0_rung35ms_mgga_3x16,deep_rung35ms_mgga_3x16,fc,5,0,4.100000,0.3213295590850904,0.2772269409708137
deep0_rung35ms_mgga_3x16,deep_rung35ms_mgga_3x16,fc,5,0,4.125000,0.32090820434685274,0.2763595712877112
deep0_rung35ms_mgga_3x16,deep_rung35ms_mgga_3x16,fc,5,0,4.150000,0.320469044282342,0.2754994432305072
deep0_rung35ms_mgga_3x16,deep_rung35ms_mgga_3x16,fc,5,0,4.175000,0.3200107817819694,0.2746464658487141
deep0_rung35ms_mgga_3x16,deep_rung35ms_mgga_3x16,fc,5,0,4.200000,0.31953225786608264,0.273800549604625
deep0_rung35ms_mgga_3x16,deep_rung35ms_mgga_3x16,fc,5,0,4.225000,0.3190324482444038,0.2729616063501716
deep0_rung35ms_mgga_3x16,deep_rung35ms_mgga_3x16,fc,5,0,4.250000,0.31851045967071534,0.27212954930405386
deep0_rung35ms_mgga_3x16,deep_rung35ms_mgga_3x16,fc,5,0,4.275000,0.31796552609151674,0.2713042930291521
deep0_rung35ms_mgga_3x16,deep_rung35ms_mgga_3x16,fc,5,0,4.300000,0.3173970045921417,0.270485753410222
deep0_rung35ms_mgga_3x16,deep_rung35ms_mgga_3x16,fc,5,0,4.325000,0.31680437114803794,0.269673847631881
deep0_rung35ms_mgga_3x16,deep_rung35ms_mgga_3x16,fc,5,0,4.350000,0.31618721619260526,0.26886849415688896
deep0_rung35ms_mgga_3x16,deep_rung35ms_mgga_3x16,fc,5,0,4.375000,0.3155452400160812,0.26806961270472474
deep0_rung35ms_mgga_3x16,deep_rung35ms_mgga_3x16,fc,5,0,4.400000,0.31487824801249953,0.26727712423046274
deep0_rung35ms_mgga_3x16,deep_rung35ms_mgga_3x16,fc,5,0,4.425000,0.314186145793784,0.26649095090395186
deep0_rung35ms_mgga_3x16,deep_rung35ms_mgga_3x16,fc,5,0,4.450000,0.31346893419149424,0.26571101608929615
deep0_rung35ms_mgga_3x16,deep_rung35ms_mgga_3x16,fc,5,0,4.475000,0.31272670416785175,0.2649372443246392
deep0_rung35ms_mgga_3x16,deep_rung35ms_mgga_3x16,fc,5,0,4.500000,0.3119596316582629,0.2641695613022536
deep0_rung35ms_mgga_3x16,deep_rung35ms_mgga_3x16,fc,5,0,4.525000,0.3111679723678825,0.26340789384893337
deep0_rung35ms_mgga_3x16,deep_rung35ms_mgga_3x16,fc,5,0,4.550000,0.3103520565446909,0.2626521699066897
deep0_rung35ms_mgga_3x16,deep_rung35ms_mgga_3x16,fc,5,0,4.575000,0.30951228375126183,0.2619023185137512
deep0_rung35ms_mgga_3x16,deep_rung35ms_mgga_3x16,fc,5,0,4.600000,0.308649117656852,0.2611582697858629
deep0_rung35ms_mgga_3x16,deep_rung35ms_mgga_3x16,fc,5,0,4.625000,0.30776308087066306,0.260419954897888
deep0_rung35ms_mgga_3x16,deep_rung35ms_mgga_3x16,fc,5,0,4.650000,0.30685474983621863,0.25968730606570634
deep0_rung35ms_mgga_3x16,deep_rung35ms_mgga_3x16,fc,5,0,4.675000,0.30592474980572537,0.25896025652840965
deep0_rung35ms_mgga_3x16,deep_rung35ms_mgga_3x16,fc,5,0,4.700000,0.3049737499120684,0.25823874053079116
deep0_rung35ms_mgga_3x16,deep_rung35ms_mgga_3x16,fc,5,0,4.725000,0.30400245835483597,0.257522693306127
deep0_rung35ms_mgga_3x16,deep_rung35ms_mgga_3x16,fc,5,0,4.750000,0.30301161771536633,0.25681205105924626
deep0_rung35ms_mgga_3x16,deep_rung35ms_mgga_3x16,fc,5,0,4.775000,0.3020020004144246,0.2561067509498882
deep0_rung35ms_mgga_3x16,deep_rung35ms_mgga_3x16,fc,5,0,4.800000,0.3009744043246352,0.25540673107634243
deep0_rung35ms_mgga_3x16,deep_rung35ms_mgga_3x16,fc,5,0,4.825000,0.2999296485483305,0.25471193045936924
deep0_rung35ms_mgga_3x16,deep_rung35ms_mgga_3x16,fc,5,0,4.850000,0.29886856936999495,0.2540222890263985
deep0_rung35ms_mgga_3x16,deep_rung35ms_mgga_3x16,fc,5,0,4.875000,0.29779201639101816,0.2533377475960011
deep0_rung35ms_mgga_3x16,deep_rung35ms_mgga_3x16,fc,5,0,4.900000,0.29670084885302606,0.25265824786263147
deep0_rung35ms_mgga_3x16,deep_rung35ms_mgga_3x16,fc,5,0,4.925000,0.29559593215464697,0.25198373238163874
deep0_rung35ms_mgga_3x16,deep_rung35ms_mgga_3x16,fc,5,0,4.950000,0.2944781345652233,0.2513141445545391
deep0_rung35ms_mgga_3x16,deep_rung35ms_mgga_3x16,fc,5,0,4.975000,0.29334832413766654,0.2506494286145507
deep0_rung35ms_mgga_3x16,deep_rung35ms_mgga_3x16,fc,5,0,5.000000,0.2922073658214325,0.24998952961238374
deep0_rung35ms_mgga_3x16,deep_rung35ms_mgga_3x16,fc,5,0,5.025000,0.2910561187754134,0.24933439340228428
deep0_rung35ms_mgga_3x16,deep_rung35ms_mgga_3x16,fc,5,0,5.050000,0.2898954338794846,0.24868396662832676
deep0_rung35ms_mgga_3x16,deep_rung35ms_mgga_3x16,fc,5,0,5.075000,0.288726151442418,0.24803819671095262
deep0_rung35ms_mgga_3x16,deep_rung35ms_mgga_3x16,fc,5,0,5.100000,0.28754909910298065,0.24739703183375045
deep0_rung35ms_mgga_3x16,deep_rung35ms_mgga_3x16,fc,5,0,5.125000,0.2863650899202044,0.2467604209304745
deep0_rung35ms_mgga_3x16,deep_rung35ms_mgga_3x16,fc,5,0,5.150000,0.28517492064805383,0.24612831367229768
deep0_rung35ms_mgga_3x16,deep_rung35ms_mgga_3x16,fc,5,0,5.175000,0.283979370189112,0.24550066045529495
deep0_rung35ms_mgga_3x16,deep_rung35ms_mgga_3x16,fc,5,0,5.200000,0.28277919822128794,0.24487741238815436
deep0_rung35ms_mgga_3x16,deep_rung35ms_mgga_3x16,fc,5,0,5.225000,0.28157514399111505,0.2442585212801106
deep0_rung35ms_mgga_3x16,deep_rung35ms_mgga_3x16,fc,5,0,5.250000,0.280367925266765,0.2436439396290991
deep0_rung35ms_mgga_3x16,deep_rung35ms_mgga_3x16,fc,5,0,5.275000,0.27915823744363033,0.2430336206101252
deep0_rung35ms_mgga_3x16,deep_rung35ms_mgga_3x16,fc,5,0,5.300000,0.27794675279503256,0.24242751806384624
deep0_rung35ms_mgga_3x16,deep_rung35ms_mgga_3x16,fc,5,0,5.325000,0.2767341198604616,0.24182558648536162
deep0_rung35ms_mgga_3x16,deep_rung35ms_mgga_3x16,fc,5,0,5.350000,0.2755209629636355,0.24122778101320994
deep0_rung35ms_mgga_3x16,deep_rung35ms_mgga_3x16,fc,5,0,5.375000,0.27430788185259525,0.24063405741856464
deep0_rung35ms_mgga_3x16,deep_rung35ms_mgga_3x16,fc,5,0,5.400000,0.2730954514540771,0.24004437209462973
deep0_rung35ms_mgga_3x16,deep_rung35ms_mgga_3x16,fc,5,0,5.425000,0.2718842217344202,0.23945868204623016
deep0_rung35ms_mgga_3x16,deep_rung35ms_mgga_3x16,fc,5,0,5.450000,0.2706747176593973,0.23887694487959177
deep0_rung35ms_mgga_3x16,deep_rung35ms_mgga_3x16,fc,5,0,5.475000,0.2694674392454398,0.23829911879231044
deep0_rung35ms_mgga_3x16,deep_rung35ms_mgga_3x16,fc,5,0,5.500000,0.2682628616949527,0.2377251625635044
deep0_rung35ms_mgga_3x16,deep_rung35ms_mgga_3x16,fc,5,0,5.525000,0.2670614356085572,0.23715503554414796
deep0_rung35ms_mgga_3x16,deep_rung35ms_mgga_3x16,fc,5,0,5.550000,0.2658635872673526,0.23658869764758303
deep0_rung35ms_mgga_3x16,deep_rung35ms_mgga_3x16,fc,5,0,5.575000,0.264669718978524,0.23602610934020468
deep0_rung35ms_mgga_3x16,deep_rung35ms_mgga_3x16,fc,5,0,5.600000,0.26348020947788253,0.2354672316323175
deep0_rung35ms_mgga_3x16,deep_rung35ms_mgga_3x16,fc,5,0,5.625000,0.26229541438318926,0.2349120260691614
deep0_rung35ms_mgga_3x16,deep_rung35ms_mgga_3x16,fc,5,0,5.650000,0.26111566669241926,0.23436045472210015
deep0_rung35ms_mgga_3x16,deep_rung35ms_mgga_3x16,fc,5,0,5.675000,0.2599412773213905,0.2338124801799742
deep0_rung35ms_mgga_3x16,deep_rung35ms_mgga_3x16,fc,5,0,5.700000,0.25877253567549974,0.23326806554060975
deep0_rung35ms_mgga_3x16,deep_rung35ms_mgga_3x16,fc,5,0,5.725000,0.2576097102505851,0.2327271744024856
deep0_rung35ms_mgga_3x16,deep_rung35ms_mgga_3x16,fc,5,0,5.750000,0.2564530492582542,0.23218977085655232
deep0_rung35ms_mgga_3x16,deep_rung35ms_mgga_3x16,fc,5,0,5.775000,0.25530278127129413,0.23165581947820052
deep0_rung35ms_mgga_3x16,deep_rung35ms_mgga_3x16,fc,5,0,5.800000,0.2541591158850789,0.23112528531937732
deep0_rung35ms_mgga_3x16,deep_rung35ms_mgga_3x16,fc,5,0,5.825000,0.25302224439118226,0.23059813390084713
deep0_rung35ms_mgga_3x16,deep_rung35ms_mgga_3x16,fc,5,0,5.850000,0.251892340459666,0.23007433120459309
deep0_rung35ms_mgga_3x16,deep_rung35ms_mgga_3x16,fc,5,0,5.875000,0.2507695608268081,0.22955384366635842
deep0_rung35ms_mgga_3x16,deep_rung35ms_mgga_3x16,fc,5,0,5.900000,0.24965404598526986,0.2290366381683236
deep0_rung35ms_mgga_3x16,deep_rung35ms_mgga_3x16,fc,5,0,5.925000,0.24854592087398297,0.22852268203191708
deep0_rung35ms_mgga_3x16,deep_rung35ms_mgga_3x16,fc,5,0,5.950000,0.24744529556525607,0.22801194301075733
deep0_rung35ms_mgga_3x16,deep_rung35ms_mgga_3x16,fc,5,0,5.975000,0.24635226594684434,0.2275043892837228
deep0_rung35ms_mgga_3x16,deep_rung35ms_mgga_3x16,fc,5,0,6.000000,0.2452669143969487,0.2269999894481493
deep0_rung35ms_mgga_3x16,deep_rung35ms_mgga_3x16,fc,0.5,1,0.000000,1.0,0.9999961712608588
deep0_rung35ms_mgga_3x16,deep_rung35ms_mgga_3x16,fc,0.5,1,0.025000,0.9999188780647873,0.9984184760081829
deep0_rung35ms_mgga_3x16,deep_rung35ms_mgga_3x16,fc,0.5,1,0.050000,0.9993595786595453,0.9937387158781839
deep0_rung35ms_mgga_3x16,deep_rung35ms_mgga_3x16,fc,0.5,1,0.075000,0.9978686377411711,0.9861116767855248
deep0_rung35ms_mgga_3x16,deep_rung35ms_mgga_3x16,fc,0.5,1,0.100000,0.9950227001825266,0.9757790342212942
deep0_rung35ms_mgga_3x16,deep_rung35ms_mgga_3x16,fc,0.5,1,0.125000,0.9904331803127938,0.9630480921576084
deep0_rung35ms_mgga_3x16,deep_rung35ms_mgga_3x16,fc,0.5,1,0.150000,0.9837522336809952,0.9482674028443029
deep0_rung35ms_mgga_3x16,deep_rung35ms_mgga_3x16,fc,0.5,1,0.175000,0.9746802216155184,0.9318027757434102
deep0_rung35ms_mgga_3x16,deep_rung35ms_mgga_3x16,fc,0.5,1,0.200000,0.9629750107735294,0.9140163849862294
deep0_rung35ms_mgga_3x16,deep_rung35ms_mgga_3x16,fc,0.5,1,0.225000,0.9484635305510524,0.895250544126424
deep0_rung35ms_mgga_3x16,deep_rung35ms_mgga_3x16,fc,0.5,1,0.250000,0.9310559757268431,0.8758166137599275
deep0_rung35ms_mgga_3x16,deep_rung35ms_mgga_3x16,fc,0.5,1,0.275000,0.9107628693686518,0.8559886798683672
deep0_rung35ms_mgga_3x16,deep_rung35ms_mgga_3x16,fc,0.5,1,0.300000,0.8877148893247662,0.836001162915475
deep0_rung35ms_mgga_3x16,deep_rung35ms_mgga_3x16,fc,0.5,1,0.325000,0.8621849125196193,0.8160493469631397
deep0_rung35ms_mgga_3x16,deep_rung35ms_mgga_3x16,fc,0.5,1,0.350000,0.8346110920089491,0.7962918591444997
deep0_rung35ms_mgga_3x16,deep_rung35ms_mgga_3x16,fc,0.5,1,0.375000,0.8056186974768474,0.7768542849414322
deep0_rung35ms_mgga_3x16,deep_rung35ms_mgga_3x16,fc,0.5,1,0.400000,0.7760362154499545,0.7578332988001893
deep0_rung35ms_mgga_3x16,deep_rung35ms_mgga_3x16,fc,0.5,1,0.425000,0.7468964799873679,0.7393008761348733
deep0_rung35ms_mgga_3x16,deep_rung35ms_mgga_3x16,fc,0.5,1,0.450000,0.719404926372667,0.7213083090367803
deep0_rung35ms_mgga_3x16,deep_rung35ms_mgga_3x16,fc,0.5,1,0.475000,0.6948454383378926,0.7038898673741572
deep0_rung35ms_mgga_3x16,deep_rung35ms_mgga_3x16,fc,0.5,1,0.500000,0.6743891687826544,0.6870660316733914
deep0_rung35ms_mgga_3x16,deep_rung35ms_mgga_3x16,fc,0.5,1,0.525000,0.6587975852601523,0.6708462803055282
deep0_rung35ms_mgga_3x16,deep_rung35ms_mgga_3x16,fc,0.5,1,0.550000,0.6480985002816291,0.6552314479842513
deep0_rung35ms_mgga_3x16,deep_rung35ms_mgga_3x16,fc,0.5,1,0.575000,0.6414489033611317,0.6402156916755075
deep0_rung35ms_mgga_3x16,deep_rung35ms_mgga_3x16,fc,0.5,1,0.600000,0.6374444462715839,0.6257881087693496
deep0_rung35ms_mgga_3x16,deep_rung35ms_mgga_3x16,fc,0.5,1,0.625000,0.6348827520725425,0.6119340545434856
deep0_rung35ms_mgga_3x16,deep_rung35ms_mgga_3x16,fc,0.5,1,0.650000,0.6334891701586465,0.598636204225167
deep0_rung35ms_mgga_3x16,deep_rung35ms_mgga_3x16,fc,0.5,1,0.675000,0.63392836361227,0.5858754011371419
deep0_rung35ms_mgga_3x16,deep_rung35ms_mgga_3x16,fc,0.5,1,0.700000,0.6370002834503982,0.5736313276602746
deep0_rung35ms_mgga_3x16,deep_rung35ms_mgga_3x16,fc,0.5,1,0.725000,0.6426986808940043,0.5618830307776007
deep0_rung35ms_mgga_3x16,deep_rung35ms_mgga_3x16,fc,0.5,1,0.750000,0.6498643985343534,0.5506093291962164
deep0_rung35ms_mgga_3x16,deep_rung35ms_mgga_3x16,fc,0.5,1,0.775000,0.6565628951157594,0.5397891246909768
deep0_rung35ms_mgga_3x16,deep_rung35ms_mgga_3x16,fc,0.5,1,0.800000,0.6608163171743907,0.5294016364695502
deep0_rung35ms_mgga_3x16,deep_rung35ms_mgga_3x16,fc,0.5,1,0.825000,0.66125400546886,0.5194265740394319
deep0_rung35ms_mgga_3x16,deep_rung35ms_mgga_3x16,fc,0.5,1,0.850000,0.6574339888564532,0.5098442612394509
deep0_rung35ms_mgga_3x16,deep_rung35ms_mgga_3x16,fc,0.5,1,0.875000,0.649802632714247,0.5006357217351001
deep0_rung35ms_mgga_3x16,deep_rung35ms_mgga_3x16,fc,0.5,1,0.900000,0.6393983336692173,0.4917827343141886
deep0_rung35ms_mgga_3x16,deep_rung35ms_mgga_3x16,fc,0.5,1,0.925000,0.6274603388420978,0.4832678647011884
deep0_rung35ms_mgga_3x16,deep_rung35ms_mgga_3x16,fc,0.5,1,0.950000,0.6150926861411692,0.4750744792826998
deep0_rung35ms_mgga_3x16,deep_rung35ms_mgga_3x16,fc,0.5,1,0.975000,0.6030722399614475,0.4671867450552573
deep0_rung35ms_mgga_3x16,deep_rung35ms_mgga_3x16,fc,0.5,1,1.000000,0.5918102527666503,0.4595896192286324
deep0_rung35ms_mgga_3x16,deep_rung35ms_mgga_3x16,fc,0.5,1,1.025000,0.5814195553878618,0.4522688312072218
deep0_rung35ms_mgga_3x16,deep_rung35ms_mgga_3x16,fc,0.5,1,1.050000,0.571823736401966,0.4452108590988182
deep0_rung35ms_mgga_3x16,deep_rung35ms_mgga_3x16,fc,0.5,1,1.075000,0.5628599931833972,0.4384029024388287
deep0_rung35ms_mgga_3x16,deep_rung35ms_mgga_3x16,fc,0.5,1,1.100000,0.5543523070149796,0.43183285244791647
deep0_rung35ms_mgga_3x16,deep_rung35ms_mgga_3x16,fc,0.5,1,1.125000,0.5461516069116166,0.42548926084482935
deep0_rung35ms_mgga_3x16,deep_rung35ms_mgga_3x16,fc,0.5,1,1.150000,0.5381502449597516,0.4193613079997367
deep0_rung35ms_mgga_3x16,deep_rung35ms_mgga_3x16,fc,0.5,1,1.175000,0.5302809767971072,0.41343877102519516
deep0_rung35ms_mgga_3x16,deep_rung35ms_mgga_3x16,fc,0.5,1,1.200000,0.5225090475900827,0.40771199225250004
deep0_rung35ms_mgga_3x16,deep_rung35ms_mgga_3x16,fc,0.5,1,1.225000,0.5148228579319452,0.4021718484230683
deep0_rung35ms_mgga_3x16,deep_rung35ms_mgga_3x16,fc,0.5,1,1.250000,0.5072258380673337,0.3968097208314555
deep0_rung35ms_mgga_3x16,deep_rung35ms_mgga_3x16,fc,0.5,1,1.275000,0.499730297809607,0.39161746658366636
deep0_rung35ms_mgga_3x16,deep_rung35ms_mgga_3x16,fc,0.5,1,1.300000,0.4923531121040483,0.3865873910775427
deep0_rung35ms_mgga_3x16,deep_rung35ms_mgga_3x16,fc,0.5,1,1.325000,0.48511281838025566,0.3817122217679804
deep0_rung35ms_mgga_3x16,deep_rung35ms_mgga_3x16,fc,0.5,1,1.350000,0.47802771448958237,0.3769850832459103
deep0_rung35ms_mgga_3x16,deep_rung35ms_mgga_3x16,fc,0.5,1,1.375000,0.47111464779751466,0.37239947363429526
deep0_rung35ms_mgga_3x16,deep_rung35ms_mgga_3x16,fc,0.5,1,1.400000,0.46438828405663923,0.3679492422851587
deep0_rung35ms_mgga_3x16,deep_rung35ms_mgga_3x16,fc,0.5,1,1.425000,0.45786071420233165,0.36362856874750565
deep0_rung35ms_mgga_3x16,deep_rung35ms_mgga_3x16,fc,0.5,1,1.450000,0.4515413011226965,0.3594319429658608
deep0_rung35ms_mgga_3x16,deep_rung35ms_mgga_3x16,fc,0.5,1,1.475000,0.4454366957102811,0.3553541466621454
deep0_rung35ms_mgga_3x16,deep_rung35ms_mgga_3x16,fc,0.5,1,1.500000,0.4395509692816283,0.3513902358490631
deep0_rung35ms_mgga_3x16,deep_rung35ms_mgga_3x16,fc,0.5,1,1.525000,0.4338858220024082,0.3475355244205047
deep0_rung35ms_mgga_3x16,deep_rung35ms_mgga_3x16,fc,0.5,1,1.550000,0.4284408364612493,0.3437855687632761
deep0_rung35ms_mgga_3x16,deep_rung35ms_mgga_3x16,fc,0.5,1,1.575000,0.4232137530533422,0.3401361533343542
deep0_rung35ms_mgga_3x16,deep_rung35ms_mgga_3x16,fc,0.5,1,1.600000,0.41820074989474887,0.33658327714859115
deep0_rung35ms_mgga_3x16,deep_rung35ms_mgga_3x16,fc,0.5,1,1.625000,0.4133967148861868,0.33312314112312563
deep0_rung35ms_mgga_3x16,deep_rung35ms_mgga_3x16,fc,0.5,1,1.650000,0.4087955014745934,0.329752136226511
deep0_rung35ms_mgga_3x16,deep_rung35ms_mgga_3x16,fc,0.5,1,1.675000,0.4043901627686155,0.3264668323826388
deep0_rung35ms_mgga_3x16,deep_rung35ms_mgga_3x16,fc,0.5,1,1.700000,0.4001731610730721,0.3232639680817821
deep0_rung35ms_mgga_3x16,deep_rung35ms_mgga_3x16,fc,0.5,1,1.725000,0.3961365517262051,0.32014044065345
deep0_rung35ms_mgga_3x16,deep_rung35ms_mgga_3x16,fc,0.5,1,1.750000,0.3922721414507555,0.31709329715815265
deep0_rung35ms_mgga_3x16,deep_rung35ms_mgga_3x16,fc,0.5,1,1.775000,0.3885716223551765,0.31411972585759074
deep0_rung35ms_mgga_3x16,deep_rung35ms_mgga_3x16,fc,0.5,1,1.800000,0.3850266833248712,0.3112170482251605
deep0_rung35ms_mgga_3x16,deep_rung35ms_mgga_3x16,fc,0.5,1,1.825000,0.3816291008959928,0.3083827114609816
deep0_rung35ms_mgga_3x16,deep_rung35ms_mgga_3x16,fc,0.5,1,1.850000,0.37837081186680055,0.3056142814778942
deep0_rung35ms_mgga_3x16,deep_rung35ms_mgga_3x16,fc,0.5,1,1.875000,0.37524396992486386,0.30290943632701667
deep0_rung35ms_mgga_3x16,deep_rung35ms_mgga_3x16,fc,0.5,1,1.900000,0.3722409884942963,0.30026596003350664
deep0_rung35ms_mgga_3x16,deep_rung35ms_mgga_3x16,fc,0.5,1,1.925000,0.36935457186890697,0.2976817368151027
deep0_rung35ms_mgga_3x16,deep_rung35ms_mgga_3x16,fc,0.5,1,1.950000,0.366577736520458,0.29515474565787
deep0_rung35ms_mgga_3x16,deep_rung35ms_mgga_3x16,fc,0.5,1,1.975000,0.3639038242755199,0.2926830552252958
deep0_rung35ms_mgga_3x16,deep_rung35ms_mgga_3x16,fc,0.5,1,2.000000,0.36132650885372763,0.2902648190785099
deep0_rung35ms_mgga_3x16,deep_rung35ms_mgga_3x16,fc,0.5,1,2.025000,0.358839797064462,0.2878982711869325
deep0_rung35ms_mgga_3x16,deep_rung35ms_mgga_3x16,fc,0.5,1,2.050000,0.35643802577444605,0.28558172171007484
deep0_rung35ms_mgga_3x16,deep_rung35ms_mgga_3x16,fc,0.5,1,2.075000,0.3541158555893964,0.28331355303255157
deep0_rung35ms_mgga_3x16,deep_rung35ms_mgga_3x16,fc,0.5,1,2.100000,0.35186826204061594,0.2810922160356118
deep0_rung35ms_mgga_3x16,deep_rung35ms_mgga_3x16,fc,0.5,1,2.125000,0.34969052493288655,0.2789162265896511
deep0_rung35ms_mgga_3x16,deep_rung35ms_mgga_3x16,fc,0.5,1,2.150000,0.34757821639280273,0.2767841622532473
deep0_rung35ms_mgga_3x16,deep_rung35ms_mgga_3x16,fc,0.5,1,2.175000,0.34552718805588856,0.27469465916527047
deep0_rung35ms_mgga_3x16,deep_rung35ms_mgga_3x16,fc,0.5,1,2.200000,0.3435335577450387,0.27264640911754634
deep0_rung35ms_mgga_3x16,deep_rung35ms_mgga_3x16,fc,0.5,1,2.225000,0.3415936959205712,0.2706381567964263
deep0_rung35ms_mgga_3x16,deep_rung35ms_mgga_3x16,fc,0.5,1,2.250000,0.3397042121218422,0.26866869718241826
deep0_rung35ms_mgga_3x16,deep_rung35ms_mgga_3x16,fc,0.5,1,2.275000,0.33786194157045224,0.26673687309778743
deep0_rung35ms_mgga_3x16,deep_rung35ms_mgga_3x16,fc,0.5,1,2.300000,0.3360639320640637,0.2648415728927243
deep0_rung35ms_mgga_3x16,deep_rung35ms_mgga_3x16,fc,0.5,1,2.325000,0.3343074312564678,0.2629817282613315
deep0_rung35ms_mgga_3x16,deep_rung35ms_mgga_3x16,fc,0.5,1,2.350000,0.3325898743925475,0.261156312179271
deep0_rung35ms_mgga_3x16,deep_rung35ms_mgga_3x16,fc,0.5,1,2.375000,0.3309088725451318,0.2593643369554784
deep0_rung35ms_mgga_3x16,deep_rung35ms_mgga_3x16,fc,0.5,1,2.400000,0.329262201383553,0.25760485239085973
deep0_rung35ms_mgga_3x16,deep_rung35ms_mgga_3x16,fc,0.5,1,2.425000,0.3276477904901386,0.25587694403737166
deep0_rung35ms_mgga_3x16,deep_rung35ms_mgga_3x16,fc,0.5,1,2.450000,0.32606371323030703,0.254179731551325
deep0_rung35ms_mgga_3x16,deep_rung35ms_mgga_3x16,fc,0.5,1,2.475000,0.3245081771737828,0.25251236713517167
deep0_rung35ms_mgga_3x16,deep_rung35ms_mgga_3x16,fc,0.5,1,2.500000,0.32297951505824496,0.25087403406241
deep0_rung35ms_mgga_3x16,deep_rung35ms_mgga_3x16,fc,0.5,1,2.525000,0.3214761762821021,0.24926394528060775
deep0_rung35ms_mgga_3x16,deep_rung35ms_mgga_3x16,fc,0.5,1,2.550000,0.31999671890971126,0.2476813420878693
deep0_rung35ms_mgga_3x16,deep_rung35ms_mgga_3x16,fc,0.5,1,2.575000,0.31853980216998856,0.24612549287837895
deep0_rung35ms_mgga_3x16,deep_rung35ms_mgga_3x16,fc,0.5,1,2.600000,0.3171041794277645,0.244595691952943
deep0_rung35ms_mgga_3x16,deep_rung35ms_mgga_3x16,fc,0.5,1,2.625000,0.31568869160627466,0.2430912583907152
deep0_rung35ms_mgga_3x16,deep_rung35ms_mgga_3x16,fc,0.5,1,2.650000,0.314292261038675,0.2416115349785379
deep0_rung35ms_mgga_3x16,deep_rung35ms_mgga_3x16,fc,0.5,1,2.675000,0.3129138857263596,0.2401558871945624
deep0_rung35ms_mgga_3x16,deep_rung35ms_mgga_3x16,fc,0.5,1,2.700000,0.3115526339820356,0.23872370224302325
deep0_rung35ms_mgga_3x16,deep_rung35ms_mgga_3x16,fc,0.5,1,2.725000,0.31020763943587415,0.23731438813724479
deep0_rung35ms_mgga_3x16,deep_rung35ms_mgga_3x16,fc,0.5,1,2.750000,0.3088780963836225,0.2359273728281351
deep0_rung35ms_mgga_3x16,deep_rung35ms_mgga_3x16,fc,0.5,1,2.775000,0.30756325545621377,0.23456210337560698
deep0_rung35ms_mgga_3x16,deep_rung35ms_mgga_3x16,fc,0.5,1,2.800000,0.3062624195911634,0.23321804516051328
deep0_rung35ms_mgga_3x16,deep_rung35ms_mgga_3x16,fc,0.5,1,2.825000,0.30497494028684546,0.23189468113484532
deep0_rung35ms_mgga_3x16,deep_rung35ms_mgga_3x16,fc,0.5,1,2.850000,0.30370021412157744,0.2305915111080737
deep0_rung35ms_mgga_3x16,deep_rung35ms_mgga_3x16,fc,0.5,1,2.875000,0.30243767952030964,0.2293080510676474
deep0_rung35ms_mgga_3x16,deep_rung35ms_mgga_3x16,fc,0.5,1,2.900000,0.3011868137525646,0.22804383253178506
deep0_rung35ms_mgga_3x16,deep_rung35ms_mgga_3x16,fc,0.5,1,2.925000,0.2999471301461436,0.22679840193280637
deep0_rung35ms_mgga_3x16,deep_rung35ms_mgga_3x16,fc,0.5,1,2.950000,0.29871817550195656,0.22557132002935876
deep0_rung35ms_mgga_3x16,deep_rung35ms_mgga_3x16,fc,0.5,1,2.975000,0.2974995276961582,0.22436216134599152
deep0_rung35ms_mgga_3x16,deep_rung35ms_mgga_3x16,fc,0.5,1,3.000000,0.29629079345658416,0.22317051363862328
deep0_rung35ms_mgga_3x16,deep_rung35ms_mgga_3x16,fc,0.5,1,3.025000,0.295091606301249,0.2219959773845346
deep0_rung35ms_mgga_3x16,deep_rung35ms_mgga_3x16,fc,0.5,1,3.050000,0.29390162462742464,0.22083816529559788
deep0_rung35ms_mgga_3x16,deep_rung35ms_mgga_3x16,fc,0.5,1,3.075000,0.29272052994053244,0.21969670185353313
deep0_rung35ms_mgga_3x16,deep_rung35ms_mgga_3x16,fc,0.5,1,3.100000,0.29154802521276735,0.21857122286604785
deep0_rung35ms_mgga_3x16,deep_rung35ms_mgga_3x16,fc,0.5,1,3.125000,0.2903838333620332,0.21746137504278581
deep0_rung35ms_mgga_3x16,deep_rung35ms_mgga_3x16,fc,0.5,1,3.150000,0.2892276958423823,0.21636681559007237
deep0_rung35ms_mgga_3x16,deep_rung35ms_mgga_3x16,fc,0.5,1,3.175000,0.2880793713377514,0.21528721182349994
deep0_rung35ms_mgga_3x16,deep_rung35ms_mgga_3x16,fc,0.5,1,3.200000,0.2869386345513396,0.21422224079745308
deep0_rung35ms_mgga_3x16,deep_rung35ms_mgga_3x16,fc,0.5,1,3.225000,0.2858052750835042,0.21317158895072427
deep0_rung35ms_mgga_3x16,deep_rung35ms_mgga_3x16,fc,0.5,1,3.250000,0.2846790963915511,0.21213495176741698
deep0_rung35ms_mgga_3x16,deep_rung35ms_mgga_3x16,fc,0.5,1,3.275000,0.2835599148252641,0.21111203345237947
deep0_rung35ms_mgga_3x16,deep_rung35ms_mgga_3x16,fc,0.5,1,3.300000,0.28244755873245664,0.21010254662045394
deep0_rung35ms_mgga_3x16,deep_rung35ms_mgga_3x16,fc,0.5,1,3.325000,0.28134186762924807,0.2091062119988659
deep0_rung35ms_mgga_3x16,deep_rung35ms_mgga_3x16,fc,0.5,1,3.350000,0.280242691430157,0.2081227581421139
deep0_rung35ms_mgga_3x16,deep_rung35ms_mgga_3x16,fc,0.5,1,3.375000,0.27914988973345956,0.20715192115875722
deep0_rung35ms_mgga_3x16,deep_rung35ms_mgga_3x16,fc,0.5,1,3.400000,0.27806333115761017,0.20619344444953
deep0_rung35ms_mgga_3x16,deep_rung35ms_mgga_3x16,fc,0.5,1,3.425000,0.27698289272483645,0.20524707845624146
deep0_rung35ms_mgga_3x16,deep_rung35ms_mgga_3x16,fc,0.5,1,3.450000,0.27590845928831864,0.20431258042095127
deep0_rung35ms_mgga_3x16,deep_rung35ms_mgga_3x16,fc,0.5,1,3.475000,0.2748399229996292,0.2033897141549355
deep0_rung35ms_mgga_3x16,deep_rung35ms_mgga_3x16,fc,0.5,1,3.500000,0.27377718281338836,0.20247824981698617
deep0_rung35ms_mgga_3x16,deep_rung35ms_mgga_3x16,fc,0.5,1,3.525000,0.27272014402630673,0.20157796370060838
deep0_rung35ms_mgga_3x16,deep_rung35ms_mgga_3x16,fc,0.5,1,3.550000,0.2716687178480135,0.20068863802970538
deep0_rung35ms_mgga_3x16,deep_rung35ms_mgga_3x16,fc,0.5,1,3.575000,0.2706228210012951,0.19981006076235963
deep0_rung35ms_mgga_3x16,deep_rung35ms_mgga_3x16,fc,0.5,1,3.600000,0.26958237534951834,0.19894202540234204
deep0_rung35ms_mgga_3x16,deep_rung35ms_mgga_3x16,fc,0.5,1,3.625000,0.2685473075492326,0.19808433081799626
deep0_rung35ms_mgga_3x16,deep_rung35ms_mgga_3x16,fc,0.5,1,3.650000,0.2675175487260739,0.1972367810681679
deep0_rung35ms_mgga_3x16,deep_rung35ms_mgga_3x16,fc,0.5,1,3.675000,0.2664930341722638,0.19639918523485989
deep0_rung35ms_mgga_3x16,deep_rung35ms_mgga_3x16,fc,0.5,1,3.700000,0.26547370306412055,0.19557135726231661
deep0_rung35ms_mgga_3x16,deep_rung35ms_mgga_3x16,fc,0.5,1,3.725000,0.2644594981981436,0.19475311580224858
deep0_rung35ms_mgga_3x16,deep_rung35ms_mgga_3x16,fc,0.5,1,3.750000,0.2634503657443277,0.1939442840649317
deep0_rung35ms_mgga_3x16,deep_rung35ms_mgga_3x16,fc,0.5,1,3.775000,0.26244625501548613,0.1931446896759194
deep0_rung35ms_mgga_3x16,deep_rung35ms_mgga_3x16,fc,0.5,1,3.800000,0.26144711825146205,0.1923541645381254
deep0_rung35ms_mgga_3x16,deep_rung35ms_mgga_3x16,fc,0.5,1,3.825000,0.2604529104171809,0.19157254469904472
deep0_rung35ms_mgga_3x16,deep_rung35ms_mgga_3x16,fc,0.5,1,3.850000,0.2594635890136018,0.19079967022289113
deep0_rung35ms_mgga_3x16,deep_rung35ms_mgga_3x16,fc,0.5,1,3.875000,0.2584791139006761,0.19003538506744047
deep0_rung35ms_mgga_3x16,deep_rung35ms_mgga_3x16,fc,0.5,1,3.900000,0.2574994471315192,0.189279536965381
deep0_rung35ms_mgga_3x16,deep_rung35ms_mgga_3x16,fc,0.5,1,3.925000,0.25652455279703923,0.18853197730997814
deep0_rung35ms_mgga_3x16,deep_rung35ms_mgga_3x16,fc,0.5,1,3.950000,0.2555543968803332,0.18779256104487418
deep0_rung35ms_mgga_3x16,deep_rung35ms_mgga_3x16,fc,0.5,1,3.975000,0.25458894712023106,0.18706114655784864
deep0_rung35ms_mgga_3x16,deep_rung35ms_mgga_3x16,fc,0.5,1,4.000000,0.2536281728833767,0.18633759557837573
deep0_rung35ms_mgga_3x16,deep_rung35ms_mgga_3x16,fc,0.5,1,4.025000,0.2526720450443236,0.18562177307881986
deep0_rung35ms_mgga_3x16,deep_rung35ms_mgga_3x16,fc,0.5,1,4.050000,0.2517205358731337,0.18491354717912353
deep0_rung35ms_mgga_3x16,deep_rung35ms_mgga_3x16,fc,0.5,1,4.075000,0.2507736189300056,0.18421278905484048
deep0_rung35ms_mgga_3x16,deep_rung35ms_mgga_3x16,fc,0.5,1,4.100000,0.24983126896651808,0.18351937284838016
deep0_rung35ms_mgga_3x16,deep_rung35ms_mgga_3x16,fc,0.5,1,4.125000,0.2488934618330665,0.18283317558333598
deep0_rung35ms_mgga_3x16,deep_rung35ms_mgga_3x16,fc,0.5,1,4.150000,0.24796017439213025,0.18215407708176726
deep0_rung35ms_mgga_3x16,deep_rung35ms_mgga_3x16,fc,0.5,1,4.175000,0.24703138443701966,0.18148195988432425
deep0_rung35ms_mgga_3x16,deep_rung35ms_mgga_3x16,fc,0.5,1,4.200000,0.2461070706157753,0.18081670917309653
deep0_rung35ms_mgga_3x16,deep_rung35ms_mgga_3x16,fc,0.5,1,4.225000,0.24518721235991592,0.18015821269708324
deep0_rung35ms_mgga_3x16,deep_rung35ms_mgga_3x16,fc,0.5,1,4.250000,0.2442717898177531,0.1795063607001756
deep0_rung35ms_mgga_3x16,deep_rung35ms_mgga_3x16,fc,0.5,1,4.275000,0.2433607837920082,0.17886104585155926
deep0_rung35ms_mgga_3x16,deep_rung35ms_mgga_3x16,fc,0.5,1,4.300000,0.24245417568147332,0.17822216317843895
deep0_rung35ms_mgga_3x16,deep_rung35ms_mgga_3x16,fc,0.5,1,4.325000,0.24155194742649533,0.17758961000099663
deep0_rung35ms_mgga_3x16,deep_rung35ms_mgga_3x16,fc,0.5,1,4.350000,0.24065408145805178,0.17696328586949575
deep0_rung35ms_mgga_3x16,deep_rung35ms_mgga_3x16,fc,0.5,1,4.375000,0.23976056065022078,0.17634309250345392
deep0_rung35ms_mgga_3x16,deep_rung35ms_mgga_3x16,fc,0.5,1,4.400000,0.2388713682758452,0.17572893373279852
deep0_rung35ms_mgga_3x16,deep_rung35ms_mgga_3x16,fc,0.5,1,4.425000,0.23798648796521105,0.1751207154409365
deep0_rung35ms_mgga_3x16,deep_rung35ms_mgga_3x16,fc,0.5,1,4.450000,0.2371059036675629,0.17451834550966117
deep0_rung35ms_mgga_3x16,deep_rung35ms_mgga_3x16,fc,0.5,1,4.475000,0.23622959961530166,0.17392173376583175
deep0_rung35ms_mgga_3x16,deep_rung35ms_mgga_3x16,fc,0.5,1,4.500000,0.23535756029070276,0.17333079192975498
deep0_rung35ms_mgga_3x16,deep_rung35ms_mgga_3x16,fc,0.5,1,4.525000,0.2344897703950164,0.17274543356520955
deep0_rung35ms_mgga_3x16,deep_rung35ms_mgga_3x16,fc,0.5,1,4.550000,0.2336262148198034,0.17216557403105057
deep0_rung35ms_mgga_3x16,deep_rung35ms_mgga_3x16,fc,0.5,1,4.575000,0.23276687862039247,0.1715911304343365
deep0_rung35ms_mgga_3x16,deep_rung35ms_mgga_3x16,fc,0.5,1,4.600000,0.231911746991318,0.1710220215849235
deep0_rung35ms_mgga_3x16,deep_rung35ms_mgga_3x16,fc,0.5,1,4.625000,0.23106080524363504,0.17045816795147253
deep0_rung35ms_mgga_3x16,deep_rung35ms_mgga_3x16,fc,0.5,1,4.650000,0.23021403878399993,0.16989949161882065
deep0_rung35ms_mgga_3x16,deep_rung35ms_mgga_3x16,fc,0.5,1,4.675000,0.2293714330954051,0.169345916246664
deep0_rung35ms_mgga_3x16,deep_rung35ms_mgga_3x16,fc,0.5,1,4.700000,0.22853297371948167,0.16879736702950832
deep0_rung35ms_mgga_3x16,deep_rung35ms_mgga_3x16,fc,0.5,1,4.725000,0.22769864624026281,0.16825377065784222
deep0_rung35ms_mgga_3x16,deep_rung35ms_mgga_3x16,fc,0.5,1,4.750000,0.22686843626933284,0.16771505528048544
deep0_rung35ms_mgga_3x16,deep_rung35ms_mgga_3x16,fc,0.5,1,4.775000,0.22604232943227065,0.16718115046807694
deep0_rung35ms_mgga_3x16,deep_rung35ms_mgga_3x16,fc,0.5,1,4.800000,0.2252203113563076,0.16665198717765758
deep0_rung35ms_mgga_3x16,deep_rung35ms_mgga_3x16,fc,0.5,1,4.825000,0.22440236765913313,0.16612749771831284
deep0_rung35ms_mgga_3x16,deep_rung35ms_mgga_3x16,fc,0.5,1,4.850000,0.22358848393876274,0.16560761571783714
deep0_rung35ms_mgga_3x16,deep_rung35ms_mgga_3x16,fc,0.5,1,4.875000,0.2227786457644234,0.16509227609038232
deep0_rung35ms_mgga_3x16,deep_rung35ms_mgga_3x16,fc,0.5,1,4.900000,0.22197283866836404,0.16458141500506226
deep0_rung35ms_mgga_3x16,deep_rung35ms_mgga_3x16,fc,0.5,1,4.925000,0.2211710481385587,0.16407496985547446
deep0_rung35ms_mgga_3x16,deep_rung35ms_mgga_3x16,fc,0.5,1,4.950000,0.22037325961222753,0.1635728792301117
deep0_rung35ms_mgga_3x16,deep_rung35ms_mgga_3x16,fc,0.5,1,4.975000,0.21957945847012672,0.16307508288363087
deep0_rung35ms_mgga_3x16,deep_rung35ms_mgga_3x16,fc,0.5,1,5.000000,0.21878963003156182,0.16258152170895424
deep0_rung35ms_mgga_3x16,deep_rung35ms_mgga_3x16,fc,0.5,1,5.025000,0.21800375955006535,0.1620921377101671
deep0_rung35ms_mgga_3x16,deep_rung35ms_mgga_3x16,fc,0.5,1,5.050000,0.21722183220970526,0.16160687397619602
deep0_rung35ms_mgga_3x16,deep_rung35ms_mgga_3x16,fc,0.5,1,5.075000,0.21644383312197268,0.16112567465523162
deep0_rung35ms_mgga_3x16,deep_rung35ms_mgga_3x16,fc,0.5,1,5.100000,0.21566974732320987,0.16064848492987935
deep0_rung35ms_mgga_3x16,deep_rung35ms_mgga_3x16,fc,0.5,1,5.125000,0.2148995597725446,0.16017525099300686
deep0_rung35ms_mgga_3x16,deep_rung35ms_mgga_3x16,fc,0.5,1,5.150000,0.2141332553502897,0.15970592002427247
deep0_rung35ms_mgga_3x16,deep_rung35ms_mgga_3x16,fc,0.5,1,5.175000,0.213370818856776,0.1592404401673063
deep0_rung35ms_mgga_3x16,deep_rung35ms_mgga_3x16,fc,0.5,1,5.200000,0.21261223501158422,0.15877876050752676
deep0_rung35ms_mgga_3x16,deep_rung35ms_mgga_3x16,fc,0.5,1,5.225000,0.21185748845315033,0.15832083105056988
deep0_rung35ms_mgga_3x16,deep_rung35ms_mgga_3x16,fc,0.5,1,5.250000,0.2111065637387105,0.1578666027013137
deep0_rung35ms_mgga_3x16,deep_rung35ms_mgga_3x16,fc,0.5,1,5.275000,0.21035944534456008,0.15741602724347523
deep0_rung35ms_mgga_3x16,deep_rung35ms_mgga_3x16,fc,0.5,1,5.300000,0.20961611766660226,0.15696905731976635
deep0_rung35ms_mgga_3x16,deep_rung35ms_mgga_3x16,fc,0.5,1,5.325000,0.20887656502116791,0.1565256464125864
deep0_rung35ms_mgga_3x16,deep_rung35ms_mgga_3x16,fc,0.5,1,5.350000,0.20814077164606704,0.15608574882523746
deep0_rung35ms_mgga_3x16,deep_rung35ms_mgga_3x16,fc,0.5,1,5.375000,0.2074087217018732,0.15564931966364534
deep0_rung35ms_mgga_3x16,deep_rung35ms_mgga_3x16,fc,0.5,1,5.400000,0.20668039927340465,0.1552163148185686
deep0_rung35ms_mgga_3x16,deep_rung35ms_mgga_3x16,fc,0.5,1,5.425000,0.20595578837138873,0.1547866909482838
deep0_rung35ms_mgga_3x16,deep_rung35ms_mgga_3x16,fc,0.5,1,5.450000,0.20523487293429477,0.15436040546172822
deep0_rung35ms_mgga_3x16,deep_rung35ms_mgga_3x16,fc,0.5,1,5.475000,0.20451763683031565,0.15393741650208853
deep0_rung35ms_mgga_3x16,deep_rung35ms_mgga_3x16,fc,0.5,1,5.500000,0.20380406385948246,0.15351768293082343
deep0_rung35ms_mgga_3x16,deep_rung35ms_mgga_3x16,fc,0.5,1,5.525000,0.20309413775590013,0.15310116431209972
deep0_rung35ms_mgga_3x16,deep_rung35ms_mgga_3x16,fc,0.5,1,5.550000,0.20238784219009187,0.15268782089763872
deep0_rung35ms_mgga_3x16,deep_rung35ms_mgga_3x16,fc,0.5,1,5.575000,0.20168516077143095,0.1522776136119535
deep0_rung35ms_mgga_3x16,deep_rung35ms_mgga_3x16,fc,0.5,1,5.600000,0.20098607705066185,0.1518705040379679
deep0_rung35ms_mgga_3x16,deep_rung35ms_mgga_3x16,fc,0.5,1,5.625000,0.20029057452248877,0.1514664544030052
deep0_rung35ms_mgga_3x16,deep_rung35ms_mgga_3x16,fc,0.5,1,5.650000,0.19959863662822497,0.15106542756513777
deep0_rung35ms_mgga_3x16,deep_rung35ms_mgga_3x16,fc,0.5,1,5.675000,0.19891024675849422,0.1506673869998804
deep0_rung35ms_mgga_3x16,deep_rung35ms_mgga_3x16,fc,0.5,1,5.700000,0.19822538825597524,0.1502722967872271
deep0_rung35ms_mgga_3x16,deep_rung35ms_mgga_3x16,fc,0.5,1,5.725000,0.1975440444181784,0.14988012159901035
deep0_rung35ms_mgga_3x16,deep_rung35ms_mgga_3x16,fc,0.5,1,5.750000,0.19686619850025144,0.14949082668658112
deep0_rung35ms_mgga_3x16,deep_rung35ms_mgga_3x16,fc,0.5,1,5.775000,0.19619183371780125,0.14910437786879902
deep0_rung35ms_mgga_3x16,deep_rung35ms_mgga_3x16,fc,0.5,1,5.800000,0.19552093324973163,0.14872074152031808
deep0_rung35ms_mgga_3x16,deep_rung35ms_mgga_3x16,fc,0.5,1,5.825000,0.19485348024108595,0.14833988456016775
deep0_rung35ms_mgga_3x16,deep_rung35ms_mgga_3x16,fc,0.5,1,5.850000,0.19418945780588848,0.14796177444061417
deep0_rung35ms_mgga_3x16,deep_rung35ms_mgga_3x16,fc,0.5,1,5.875000,0.19352884902998713,0.1475863791362959
deep0_rung35ms_mgga_3x16,deep_rung35ms_mgga_3x16,fc,0.5,1,5.900000,0.19287163697388254,0.147213667133628
deep0_rung35ms_mgga_3x16,deep_rung35ms_mgga_3x16,fc,0.5,1,5.925000,0.19221780467554206,0.14684360742046257
deep0_rung35ms_mgga_3x16,deep_rung35ms_mgga_3x16,fc,0.5,1,5.950000,0.19156733515320146,0.1464761694760027
deep0_rung35ms_mgga_3x16,deep_rung35ms_mgga_3x16,fc,0.5,1,5.975000,0.1909202114081433,0.14611132326095994
deep0_rung35ms_mgga_3x16,deep_rung35ms_mgga_3x16,fc,0.5,1,6.000000,0.1902764164274442,0.14574903920795002
deep0_rung35ms_mgga_3x16,deep_rung35ms_mgga_3x16,fc,2,1,0.000000,1.0,0.9999979292399579
deep0_rung35ms_mgga_3x16,deep_rung35ms_mgga_3x16,fc,2,1,0.025000,0.9999593539746955,0.9993770542431832
deep0_rung35ms_mgga_3x16,deep_rung35ms_mgga_3x16,fc,2,1,0.050000,0.9996789962352557,0.9975228957770809
deep0_rung35ms_mgga_3x16,deep_rung35ms_mgga_3x16,fc,2,1,0.075000,0.9989305991964275,0.994460530999504
deep0_rung35ms_mgga_3x16,deep_rung35ms_mgga_3x16,fc,2,1,0.100000,0.997497835254093,0.9902307044211887
deep0_rung35ms_mgga_3x16,deep_rung35ms_mgga_3x16,fc,2,1,0.125000,0.9951755744703648,0.9848883327285808
deep0_rung35ms_mgga_3x16,deep_rung35ms_mgga_3x16,fc,2,1,0.150000,0.991768994224154,0.9785005634473067
deep0_rung35ms_mgga_3x16,deep_rung35ms_mgga_3x16,fc,2,1,0.175000,0.9870930089244553,0.9711445178442647
deep0_rung35ms_mgga_3x16,deep_rung35ms_mgga_3x16,fc,2,1,0.200000,0.9809725130513175,0.962904859173321
deep0_rung35ms_mgga_3x16,deep_rung35ms_mgga_3x16,fc,2,1,0.225000,0.973243970518019,0.9538713244108318
deep0_rung35ms_mgga_3x16,deep_rung35ms_mgga_3x16,fc,2,1,0.250000,0.9637588537292745,0.9441363431076241
deep0_rung35ms_mgga_3x16,deep_rung35ms_mgga_3x16,fc,2,1,0.275000,0.9523893147524358,0.9337928442081102
deep0_rung35ms_mgga_3x16,deep_rung35ms_mgga_3x16,fc,2,1,0.300000,0.9390362402541113,0.9229323244306081
deep0_rung35ms_mgga_3x16,deep_rung35ms_mgga_3x16,fc,2,1,0.325000,0.9236394908693694,0.9116432236494123
deep0_rung35ms_mgga_3x16,deep_rung35ms_mgga_3x16,fc,2,1,0.350000,0.9061896609793663,0.9000096265825765
deep0_rung35ms_mgga_3x16,deep_rung35ms_mgga_3x16,fc,2,1,0.375000,0.8867401532504916,0.8881102879680052
deep0_rung35ms_mgga_3x16,deep_rung35ms_mgga_3x16,fc,2,1,0.400000,0.8654178254064949,0.8760179613553188
deep0_rung35ms_mgga_3x16,deep_rung35ms_mgga_3x16,fc,2,1,0.425000,0.8424300687496155,0.8637989998809493
deep0_rung35ms_mgga_3x16,deep_rung35ms_mgga_3x16,fc,2,1,0.450000,0.8180660929549673,0.8515131905458164
deep0_rung35ms_mgga_3x16,deep_rung35ms_mgga_3x16,fc,2,1,0.475000,0.79269058797352,0.8392137808151852
deep0_rung35ms_mgga_3x16,deep_rung35ms_mgga_3x16,fc,2,1,0.500000,0.7667288957885395,0.8269476568730664
deep0_rung35ms_mgga_3x16,deep_rung35ms_mgga_3x16,fc,2,1,0.525000,0.7406442673200887,0.8147556356408845
deep0_rung35ms_mgga_3x16,deep_rung35ms_mgga_3x16,fc,2,1,0.550000,0.714909408633696,0.8026728368579534
deep0_rung35ms_mgga_3x16,deep_rung35ms_mgga_3x16,fc,2,1,0.575000,0.6899758888812823,0.7907291064157039
deep0_rung35ms_mgga_3x16,deep_rung35ms_mgga_3x16,fc,2,1,0.600000,0.6662456501359278,0.7789494672031972
deep0_rung35ms_mgga_3x16,deep_rung35ms_mgga_3x16,fc,2,1,0.625000,0.6440485868425934,0.7673545785836753
deep0_rung35ms_mgga_3x16,deep_rung35ms_mgga_3x16,fc,2,1,0.650000,0.6236290239992541,0.7559611900447227
deep0_rung35ms_mgga_3x16,deep_rung35ms_mgga_3x16,fc,2,1,0.675000,0.6051422629296354,0.7447825784221427
deep0_rung35ms_mgga_3x16,deep_rung35ms_mgga_3x16,fc,2,1,0.700000,0.5886606251884282,0.7338289613453942
deep0_rung35ms_mgga_3x16,deep_rung35ms_mgga_3x16,fc,2,1,0.725000,0.5741869669517418,0.7231078822018028
deep0_rung35ms_mgga_3x16,deep_rung35ms_mgga_3x16,fc,2,1,0.750000,0.5616726445053931,0.7126245640138944
deep0_rung35ms_mgga_3x16,deep_rung35ms_mgga_3x16,fc,2,1,0.775000,0.5510364361848926,0.7023822312342055
deep0_rung35ms_mgga_3x16,deep_rung35ms_mgga_3x16,fc,2,1,0.800000,0.5421809726140864,0.6923823996571112
deep0_rung35ms_mgga_3x16,deep_rung35ms_mgga_3x16,fc,2,1,0.825000,0.5350038121058416,0.6826251354996576
deep0_rung35ms_mgga_3x16,deep_rung35ms_mgga_3x16,fc,2,1,0.850000,0.5294014260470886,0.6731092852800223
deep0_rung35ms_mgga_3x16,deep_rung35ms_mgga_3x16,fc,2,1,0.875000,0.5252659444861616,0.6638326784825364
deep0_rung35ms_mgga_3x16,deep_rung35ms_mgga_3x16,fc,2,1,0.900000,0.5224763160320471,0.6547923051930069
deep0_rung35ms_mgga_3x16,deep_rung35ms_mgga_3x16,fc,2,1,0.925000,0.5208871709951186,0.6459844709597109
deep0_rung35ms_mgga_3x16,deep_rung35ms_mgga_3x16,fc,2,1,0.950000,0.5203196851037426,0.6374049311182255
deep0_rung35ms_mgga_3x16,deep_rung35ms_mgga_3x16,fc,2,1,0.975000,0.5205587178701825,0.6290490067394222
deep0_rung35ms_mgga_3x16,deep_rung35ms_mgga_3x16,fc,2,1,1.000000,0.5213592276149442,0.6209116842406892
deep0_rung35ms_mgga_3x16,deep_rung35ms_mgga_3x16,fc,2,1,1.025000,0.5224625516198883,0.6129877005568195
deep0_rung35ms_mgga_3x16,deep_rung35ms_mgga_3x16,fc,2,1,1.050000,0.5236201168641156,0.6052716156109965
deep0_rung35ms_mgga_3x16,deep_rung35ms_mgga_3x16,fc,2,1,1.075000,0.5246194399690487,0.5977578736666059
deep0_rung35ms_mgga_3x16,deep_rung35ms_mgga_3x16,fc,2,1,1.100000,0.5253059385322536,0.5904408549832783
deep0_rung35ms_mgga_3x16,deep_rung35ms_mgga_3x16,fc,2,1,1.125000,0.5255948183241901,0.5833149190497332
deep0_rung35ms_mgga_3x16,deep_rung35ms_mgga_3x16,fc,2,1,1.150000,0.5254700364401957,0.5763744405242637
deep0_rung35ms_mgga_3x16,deep_rung35ms_mgga_3x16,fc,2,1,1.175000,0.5249710982188637,0.5696138388825301
deep0_rung35ms_mgga_3x16,deep_rung35ms_mgga_3x16,fc,2,1,1.200000,0.5241717827328688,0.5630276026524232
deep0_rung35ms_mgga_3x16,deep_rung35ms_mgga_3x16,fc,2,1,1.225000,0.5231566046518062,0.5566103090071902
deep0_rung35ms_mgga_3x16,deep_rung35ms_mgga_3x16,fc,2,1,1.250000,0.5220005073161715,0.5503566393905188
deep0_rung35ms_mgga_3x16,deep_rung35ms_mgga_3x16,fc,2,1,1.275000,0.5207554172236102,0.5442613917602815
deep0_rung35ms_mgga_3x16,deep_rung35ms_mgga_3x16,fc,2,1,1.300000,0.5194448358882714,0.5383194899604652
deep0_rung35ms_mgga_3x16,deep_rung35ms_mgga_3x16,fc,2,1,1.325000,0.5180655176949054,0.5325259906626605
deep0_rung35ms_mgga_3x16,deep_rung35ms_mgga_3x16,fc,2,1,1.350000,0.5165940019190949,0.5268760882585468
deep0_rung35ms_mgga_3x16,deep_rung35ms_mgga_3x16,fc,2,1,1.375000,0.5149954044198377,0.5213651180322839
deep0_rung35ms_mgga_3x16,deep_rung35ms_mgga_3x16,fc,2,1,1.400000,0.5132322037890419,0.5159885578958218
deep0_rung35ms_mgga_3x16,deep_rung35ms_mgga_3x16,fc,2,1,1.425000,0.5112714529430085,0.5107420289301449
deep0_rung35ms_mgga_3x16,deep_rung35ms_mgga_3x16,fc,2,1,1.450000,0.5090896243159093,0.505621294940694
deep0_rung35ms_mgga_3x16,deep_rung35ms_mgga_3x16,fc,2,1,1.475000,0.5066749650837838,0.5006222612050479
deep0_rung35ms_mgga_3x16,deep_rung35ms_mgga_3x16,fc,2,1,1.500000,0.5040277056044227,0.49574097256481264
deep0_rung35ms_mgga_3x16,deep_rung35ms_mgga_3x16,fc,2,1,1.525000,0.5011587117111715,0.49097361099109743
deep0_rung35ms_mgga_3x16,deep_rung35ms_mgga_3x16,fc,2,1,1.550000,0.49808723017358614,0.4863164927334565
deep0_rung35ms_mgga_3x16,deep_rung35ms_mgga_3x16,fc,2,1,1.575000,0.49483830199503953,0.4817660651453901
deep0_rung35ms_mgga_3x16,deep_rung35ms_mgga_3x16,fc,2,1,1.600000,0.4914402717224835,0.4773189032650351
deep0_rung35ms_mgga_3x16,deep_rung35ms_mgga_3x16,fc,2,1,1.625000,0.4879226561097707,0.4729717062172614
deep0_rung35ms_mgga_3x16,deep_rung35ms_mgga_3x16,fc,2,1,1.650000,0.48431448971012847,0.46872129349273167
deep0_rung35ms_mgga_3x16,deep_rung35ms_mgga_3x16,fc,2,1,1.675000,0.4806431574647283,0.4645646011503388
deep0_rung35ms_mgga_3x16,deep_rung35ms_mgga_3x16,fc,2,1,1.700000,0.4769336588549846,0.46049867798163124
deep0_rung35ms_mgga_3x16,deep_rung35ms_mgga_3x16,fc,2,1,1.725000,0.4732082184266657,0.456520681669137
deep0_rung35ms_mgga_3x16,deep_rung35ms_mgga_3x16,fc,2,1,1.750000,0.4694861528500036,0.45262787496481893
deep0_rung35ms_mgga_3x16,deep_rung35ms_mgga_3x16,fc,2,1,1.775000,0.46578391446743994,0.44881762191001456
deep0_rung35ms_mgga_3x16,deep_rung35ms_mgga_3x16,fc,2,1,1.800000,0.46211524711180185,0.44508738411410614
deep0_rung35ms_mgga_3x16,deep_rung35ms_mgga_3x16,fc,2,1,1.825000,0.45849140644251074,0.4414347171056468
deep0_rung35ms_mgga_3x16,deep_rung35ms_mgga_3x16,fc,2,1,1.850000,0.454921411350693,0.43785726676671094
deep0_rung35ms_mgga_3x16,deep_rung35ms_mgga_3x16,fc,2,1,1.875000,0.4514123041621314,0.4343527658587303
deep0_rung35ms_mgga_3x16,deep_rung35ms_mgga_3x16,fc,2,1,1.900000,0.44796940550291964,0.43091903064596176
deep0_rung35ms_mgga_3x16,deep_rung35ms_mgga_3x16,fc,2,1,1.925000,0.4445965553270157,0.4275539576209672
deep0_rung35ms_mgga_3x16,deep_rung35ms_mgga_3x16,fc,2,1,1.950000,0.44129633537570545,0.42425552033500025
deep0_rung35ms_mgga_3x16,deep_rung35ms_mgga_3x16,fc,2,1,1.975000,0.43807027080750416,0.42102176633496174
deep0_rung35ms_mgga_3x16,deep_rung35ms_mgga_3x16,fc,2,1,2.000000,0.43491901033054603,0.4178508142075638
deep0_rung35ms_mgga_3x16,deep_rung35ms_mgga_3x16,fc,2,1,2.025000,0.4318424851863991,0.4147408507304974
deep0_rung35ms_mgga_3x16,deep_rung35ms_mgga_3x16,fc,2,1,2.050000,0.42884004797134123,0.4116901281297167
deep0_rung35ms_mgga_3x16,deep_rung35ms_mgga_3x16,fc,2,1,2.075000,0.42591059266475106,0.40869696144138795
deep0_rung35ms_mgga_3x16,deep_rung35ms_mgga_3x16,fc,2,1,2.100000,0.4230526574451552,0.4057597259766089
deep0_rung35ms_mgga_3x16,deep_rung35ms_mgga_3x16,fc,2,1,2.125000,0.42026451196546044,0.4028768548866527
deep0_rung35ms_mgga_3x16,deep_rung35ms_mgga_3x16,fc,2,1,2.150000,0.41754423076602465,0.40004683682621295
deep0_rung35ms_mgga_3x16,deep_rung35ms_mgga_3x16,fc,2,1,2.175000,0.41488975445332166,0.3972682137119251
deep0_rung35ms_mgga_3x16,deep_rung35ms_mgga_3x16,fc,2,1,2.200000,0.41229894018226254,0.39453957857328703
deep0_rung35ms_mgga_3x16,deep_rung35ms_mgga_3x16,fc,2,1,2.225000,0.4097696028663953,0.3918595734929977
deep0_rung35ms_mgga_3x16,deep_rung35ms_mgga_3x16,fc,2,1,2.250000,0.4072995484133739,0.3892268876336721
deep0_rung35ms_mgga_3x16,deep_rung35ms_mgga_3x16,fc,2,1,2.275000,0.4048866001515914,0.38664025534786034
deep0_rung35ms_mgga_3x16,deep_rung35ms_mgga_3x16,fc,2,1,2.300000,0.4025286194837996,0.38409845436829027
deep0_rung35ms_mgga_3x16,deep_rung35ms_mgga_3x16,fc,2,1,2.325000,0.4002235216790686,0.3816003040752743
deep0_rung35ms_mgga_3x16,deep_rung35ms_mgga_3x16,fc,2,1,2.350000,0.3979692875982649,0.3791446638382631
deep0_rung35ms_mgga_3x16,deep_rung35ms_mgga_3x16,fc,2,1,2.375000,0.39576397204190716,0.37673043142856466
deep0_rung35ms_mgga_3x16,deep_rung35ms_mgga_3x16,fc,2,1,2.400000,0.39360570931342065,0.3743565415003257
deep0_rung35ms_mgga_3x16,deep_rung35ms_mgga_3x16,fc,2,1,2.425000,0.39149271650555384,0.37202196413693345
deep0_rung35ms_mgga_3x16,deep_rung35ms_mgga_3x16,fc,2,1,2.450000,0.3894232949425621,0.36972570346007544
deep0_rung35ms_mgga_3x16,deep_rung35ms_mgga_3x16,fc,2,1,2.475000,0.3873958301451498,0.36746679629878193
deep0_rung35ms_mgga_3x16,deep_rung35ms_mgga_3x16,fc,2,1,2.500000,0.38540879062818933,0.36524431091585596
deep0_rung35ms_mgga_3x16,deep_rung35ms_mgga_3x16,fc,2,1,2.525000,0.3834607257920801,0.3630573457891894
deep0_rung35ms_mgga_3x16,deep_rung35ms_mgga_3x16,fc,2,1,2.550000,0.38155026312635687,0.36090502844555156
deep0_rung35ms_mgga_3x16,deep_rung35ms_mgga_3x16,fc,2,1,2.575000,0.3796761049079769,0.35878651434452946
deep0_rung35ms_mgga_3x16,deep_rung35ms_mgga_3x16,fc,2,1,2.600000,0.37783702454582213,0.35670098581038173
deep0_rung35ms_mgga_3x16,deep_rung35ms_mgga_3x16,fc,2,1,2.625000,0.3760318626965843,0.3546476510096695
deep0_rung35ms_mgga_3x16,deep_rung35ms_mgga_3x16,fc,2,1,2.650000,0.3742595232548127,0.3526257429726038
deep0_rung35ms_mgga_3x16,deep_rung35ms_mgga_3x16,fc,2,1,2.675000,0.37251896930080575,0.3506345186561396
deep0_rung35ms_mgga_3x16,deep_rung35ms_mgga_3x16,fc,2,1,2.700000,0.37080921907388276,0.34867325804693405
deep0_rung35ms_mgga_3x16,deep_rung35ms_mgga_3x16,fc,2,1,2.725000,0.36912934202480874,0.3467412633023611
deep0_rung35ms_mgga_3x16,deep_rung35ms_mgga_3x16,fc,2,1,2.750000,0.3674784549895307,0.3448378579278594
deep0_rung35ms_mgga_3x16,deep_rung35ms_mgga_3x16,fc,2,1,2.775000,0.36585571851653254,0.34296238598896517
deep0_rung35ms_mgga_3x16,deep_rung35ms_mgga_3x16,fc,2,1,2.800000,0.3642603333717982,0.34111421135645564
deep0_rung35ms_mgga_3x16,deep_rung35ms_mgga_3x16,fc,2,1,2.825000,0.36269153723838343,0.33929271698309965
deep0_rung35ms_mgga_3x16,deep_rung35ms_mgga_3x16,fc,2,1,2.850000,0.36114860162170126,0.3374973042105832
deep0_rung35ms_mgga_3x16,deep_rung35ms_mgga_3x16,fc,2,1,2.875000,0.35963082896674137,0.33572739210524005
deep0_rung35ms_mgga_3x16,deep_rung35ms_mgga_3x16,fc,2,1,2.900000,0.35813754998934677,0.33398241682128416
deep0_rung35ms_mgga_3x16,deep_rung35ms_mgga_3x16,fc,2,1,2.925000,0.35666812122033753,0.33226183099029705
deep0_rung35ms_mgga_3x16,deep_rung35ms_mgga_3x16,fc,2,1,2.950000,0.35522192275853093,0.3305651031357905
deep0_rung35ms_mgga_3x16,deep_rung35ms_mgga_3x16,fc,2,1,2.975000,0.353798356226521,0.3288917171117058
deep0_rung35ms_mgga_3x16,deep_rung35ms_mgga_3x16,fc,2,1,3.000000,0.3523968429213604,0.3272411715637788
deep0_rung35ms_mgga_3x16,deep_rung35ms_mgga_3x16,fc,2,1,3.025000,0.35101682215095864,0.325612979412743
deep0_rung35ms_mgga_3x16,deep_rung35ms_mgga_3x16,fc,2,1,3.050000,0.3496577497460568,0.32400666735839034
deep0_rung35ms_mgga_3x16,deep_rung35ms_mgga_3x16,fc,2,1,3.075000,0.3483190967369435,0.3224217754035607
deep0_rung35ms_mgga_3x16,deep_rung35ms_mgga_3x16,fc,2,1,3.100000,0.34700034818368564,0.3208578563971705
deep0_rung35ms_mgga_3x16,deep_rung35ms_mgga_3x16,fc,2,1,3.125000,0.3457010021484297,0.31931447559543635
deep0_rung35ms_mgga_3x16,deep_rung35ms_mgga_3x16,fc,2,1,3.150000,0.3444205687983324,0.31779121024048645
deep0_rung35ms_mgga_3x16,deep_rung35ms_mgga_3x16,fc,2,1,3.175000,0.34315856962780167,0.31628764915559354
deep0_rung35ms_mgga_3x16,deep_rung35ms_mgga_3x16,fc,2,1,3.200000,0.34191453678901507,0.31480339235629645
deep0_rung35ms_mgga_3x16,deep_rung35ms_mgga_3x16,fc,2,1,3.225000,0.34068801252002845,0.31333805067671594
deep0_rung35ms_mgga_3x16,deep_rung35ms_mgga_3x16,fc,2,1,3.250000,0.3394785486602594,0.3118912454103982
deep0_rung35ms_mgga_3x16,deep_rung35ms_mgga_3x16,fc,2,1,3.275000,0.33828570624361465,0.3104626079650559
deep0_rung35ms_mgga_3x16,deep_rung35ms_mgga_3x16,fc,2,1,3.300000,0.337109055160111,0.3090517795306019
deep0_rung35ms_mgga_3x16,deep_rung35ms_mgga_3x16,fc,2,1,3.325000,0.3359481738774108,0.3076584107599022
deep0_rung35ms_mgga_3x16,deep_rung35ms_mgga_3x16,fc,2,1,3.350000,0.3348026492142928,0.3062821614617
deep0_rung35ms_mgga_3x16,deep_rung35ms_mgga_3x16,fc,2,1,3.375000,0.33367207615870353,0.3049227003051915
deep0_rung35ms_mgga_3x16,deep_rung35ms_mgga_3x16,fc,2,1,3.400000,0.3325560577236326,0.30357970453574934
deep0_rung35ms_mgga_3x16,deep_rung35ms_mgga_3x16,fc,2,1,3.425000,0.33145420483465593,0.30225285970132765
deep0_rung35ms_mgga_3x16,deep_rung35ms_mgga_3x16,fc,2,1,3.450000,0.3303661362435749,0.3009418593890887
deep0_rung35ms_mgga_3x16,deep_rung35ms_mgga_3x16,fc,2,1,3.475000,0.32929147846314,0.2996464049718257
deep0_rung35ms_mgga_3x16,deep_rung35ms_mgga_3x16,fc,2,1,3.500000,0.32822986571838175,0.2983662053637661
deep0_rung35ms_mgga_3x16,deep_rung35ms_mgga_3x16,fc,2,1,3.525000,0.32718093991058317,0.2971009767853637
deep0_rung35ms_mgga_3x16,deep_rung35ms_mgga_3x16,fc,2,1,3.550000,0.32614435059040336,0.2958504425367076
deep0_rung35ms_mgga_3x16,deep_rung35ms_mgga_3x16,fc,2,1,3.575000,0.32511975493710765,0.29461433277918625
deep0_rung35ms_mgga_3x16,deep_rung35ms_mgga_3x16,fc,2,1,3.600000,0.3241068177412749,0.29339238432506953
deep0_rung35ms_mgga_3x16,deep_rung35ms_mgga_3x16,fc,2,1,3.625000,0.3231052113887358,0.29218434043467995
deep0_rung35ms_mgga_3x16,deep_rung35ms_mgga_3x16,fc,2,1,3.650000,0.3221146158438377,0.29098995062084504
deep0_rung35ms_mgga_3x16,deep_rung35ms_mgga_3x16,fc,2,1,3.675000,0.32113471863045717,0.2898089704603319
deep0_rung35ms_mgga_3x16,deep_rung35ms_mgga_3x16,fc,2,1,3.700000,0.3201652148094749,0.28864116141198104
deep0_rung35ms_mgga_3x16,deep_rung35ms_mgga_3x16,fc,2,1,3.725000,0.3192058069516597,0.28748629064127096
deep0_rung35ms_mgga_3x16,deep_rung35ms_mgga_3x16,fc,2,1,3.750000,0.31825620510517516,0.2863441308510491
deep0_rung35ms_mgga_3x16,deep_rung35ms_mgga_3x16,fc,2,1,3.775000,0.31731612675709764,0.2852144601181904
deep0_rung35ms_mgga_3x16,deep_rung35ms_mgga_3x16,fc,2,1,3.800000,0.31638529678852845,0.2840970617359392
deep0_rung35ms_mgga_3x16,deep_rung35ms_mgga_3x16,fc,2,1,3.825000,0.3154634474230398,0.28299172406171447
deep0_rung35ms_mgga_3x16,deep_rung35ms_mgga_3x16,fc,2,1,3.850000,0.3145503181683236,0.28189824037015937
deep0_rung35ms_mgga_3x16,deep_rung35ms_mgga_3x16,fc,2,1,3.875000,0.3136456557510374,0.2808164087112307
deep0_rung35ms_mgga_3x16,deep_rung35ms_mgga_3x16,fc,2,1,3.900000,0.3127492140449323,0.2797460317731291
deep0_rung35ms_mgga_3x16,deep_rung35ms_mgga_3x16,fc,2,1,3.925000,0.31186075399243973,0.278686916749883
deep0_rung35ms_mgga_3x16,deep_rung35ms_mgga_3x16,fc,2,1,3.950000,0.3109800435199517,0.27763887521340663
deep0_rung35ms_mgga_3x16,deep_rung35ms_mgga_3x16,fc,2,1,3.975000,0.31010685744710154,0.27660172298985414
deep0_rung35ms_mgga_3x16,deep_rung35ms_mgga_3x16,fc,2,1,4.000000,0.3092409773903687,0.2755752800401125
deep0_rung35ms_mgga_3x16,deep_rung35ms_mgga_3x16,fc,2,1,4.025000,0.30838219166140024,0.2745593703442679
deep0_rung35ms_mgga_3x16,deep_rung35ms_mgga_3x16,fc,2,1,4.050000,0.3075302951604336,0.27355382178989796
deep0_rung35ms_mgga_3x16,deep_rung35ms_mgga_3x16,fc,2,1,4.075000,0.30668508926523996,0.2725584660640442
deep0_rung35ms_mgga_3x16,deep_rung35ms_mgga_3x16,fc,2,1,4.100000,0.30584638171601686,0.2715731385487246
deep0_rung35ms_mgga_3x16,deep_rung35ms_mgga_3x16,fc,2,1,4.125000,0.30501398649665235,0.27059767821985464
deep0_rung35ms_mgga_3x16,deep_rung35ms_mgga_3x16,fc,2,1,4.150000,0.30418772371278735,0.2696319275494482
deep0_rung35ms_mgga_3x16,deep_rung35ms_mgga_3x16,fc,2,1,4.175000,0.3033674194671083,0.2686757324109783
deep0_rung35ms_mgga_3x16,deep_rung35ms_mgga_3x16,fc,2,1,4.200000,0.3025529057322702,0.2677289419877766
deep0_rung35ms_mgga_3x16,deep_rung35ms_mgga_3x16,fc,2,1,4.225000,0.3017440202218542,0.2667914086843645
deep0_rung35ms_mgga_3x16,deep_rung35ms_mgga_3x16,fc,2,1,4.250000,0.3009406062597507,0.2658629880406043
deep0_rung35ms_mgga_3x16,deep_rung35ms_mgga_3x16,fc,2,1,4.275000,0.30014251264833236,0.2649435386485696
deep0_rung35ms_mgga_3x16,deep_rung35ms_mgga_3x16,fc,2,1,4.300000,0.29934959353576973,0.26403292207203394
deep0_rung35ms_mgga_3x16,deep_rung35ms_mgga_3x16,fc,2,1,4.325000,0.2985617082828239,0.26313100276848567
deep0_rung35ms_mgga_3x16,deep_rung35ms_mgga_3x16,fc,2,1,4.350000,0.29777872132943306,0.2622376480135749
deep0_rung35ms_mgga_3x16,deep_rung35ms_mgga_3x16,fc,2,1,4.375000,0.2970005020613783,0.261352727827909
deep0_rung35ms_mgga_3x16,deep_rung35ms_mgga_3x16,fc,2,1,4.400000,0.2962269246773168,0.2604761149061068
deep0_rung35ms_mgga_3x16,deep_rung35ms_mgga_3x16,fc,2,1,4.425000,0.29545786805642127,0.25960768454803845
deep0_rung35ms_mgga_3x16,deep_rung35ms_mgga_3x16,fc,2,1,4.450000,0.29469321562687345,0.2587473145921683
deep0_rung35ms_mgga_3x16,deep_rung35ms_mgga_3x16,fc,2,1,4.475000,0.2939328552354199,0.257894885350928
deep0_rung35ms_mgga_3x16,deep_rung35ms_mgga_3x16,fc,2,1,4.500000,0.29317667901819,0.25705027954804943
deep0_rung35ms_mgga_3x16,deep_rung35ms_mgga_3x16,fc,2,1,4.525000,0.29242458327295495,0.25621338225778867
deep0_rung35ms_mgga_3x16,deep_rung35ms_mgga_3x16,fc,2,1,4.550000,0.29167646833298866,0.25538408084597464
deep0_rung35ms_mgga_3x16,deep_rung35ms_mgga_3x16,fc,2,1,4.575000,0.29093223844267446,0.2545622649128204
deep0_rung35ms_mgga_3x16,deep_rung35ms_mgga_3x16,fc,2,1,4.600000,0.29019180163499225,0.25374782623743414
deep0_rung35ms_mgga_3x16,deep_rung35ms_mgga_3x16,fc,2,1,4.625000,0.28945506961098977,0.2529406587239747
deep0_rung35ms_mgga_3x16,deep_rung35ms_mgga_3x16,fc,2,1,4.650000,0.28872195762135044,0.252140658349393
deep0_rung35ms_mgga_3x16,deep_rung35ms_mgga_3x16,fc,2,1,4.675000,0.28799238435013386,0.2513477231127058
deep0_rung35ms_mgga_3x16,deep_rung35ms_mgga_3x16,fc,2,1,4.700000,0.28726627180076925,0.2505617529857525
deep0_rung35ms_mgga_3x16,deep_rung35ms_mgga_3x16,fc,2,1,4.725000,0.28654354518436076,0.24978264986537968
deep0_rung35ms_mgga_3x16,deep_rung35ms_mgga_3x16,fc,2,1,4.750000,0.28582413281036045,0.24901031752701194
deep0_rung35ms_mgga_3x16,deep_rung35ms_mgga_3x16,fc,2,1,4.775000,0.2851079659796414,0.24824466157955616
deep0_rung35ms_mgga_3x16,deep_rung35ms_mgga_3x16,fc,2,1,4.800000,0.28439497888001397,0.24748558942160173
deep0_rung35ms_mgga_3x16,deep_rung35ms_mgga_3x16,fc,2,1,4.825000,0.2836851084842026,0.24673301019886745
deep0_rung35ms_mgga_3x16,deep_rung35ms_mgga_3x16,fc,2,1,4.850000,0.2829782944502933,0.2459868347628584
deep0_rung35ms_mgga_3x16,deep_rung35ms_mgga_3x16,fc,2,1,4.875000,0.28227447902467384,0.24524697563069034
deep0_rung35ms_mgga_3x16,deep_rung35ms_mgga_3x16,fc,2,1,4.900000,0.2815736069474526,0.24451334694604612
deep0_rung35ms_mgga_3x16,deep_rung35ms_mgga_3x16,fc,2,1,4.925000,0.2808756253603626,0.24378586444122397
deep0_rung35ms_mgga_3x16,deep_rung35ms_mgga_3x16,fc,2,1,4.950000,0.2801804837171349,0.2430644454002464
deep0_rung35ms_mgga_3x16,deep_rung35ms_mgga_3x16,fc,2,1,4.975000,0.2794881336963255,0.24234900862299066
deep0_rung35ms_mgga_3x16,deep_rung35ms_mgga_3x16,fc,2,1,5.000000,0.27879852911658376,0.2416394743903123
deep0_rung35ms_mgga_3x16,deep_rung35ms_mgga_3x16,fc,2,1,5.025000,0.2781116258543287,0.24093576443012776
deep0_rung35ms_mgga_3x16,deep_rung35ms_mgga_3x16,fc,2,1,5.050000,0.27742738176381154,0.24023780188442595
deep0_rung35ms_mgga_3x16,deep_rung35ms_mgga_3x16,fc,2,1,5.075000,0.2767457565995367,0.23954551127717988
deep0_rung35ms_mgga_3x16,deep_rung35ms_mgga_3x16,fc,2,1,5.100000,0.2760667119409965,0.23885881848312807
deep0_rung35ms_mgga_3x16,deep_rung35ms_mgga_3x16,fc,2,1,5.125000,0.27539021111970574,0.23817765069740152
deep0_rung35ms_mgga_3x16,deep_rung35ms_mgga_3x16,fc,2,1,5.150000,0.27471621914847133,0.23750193640596662
deep0_rung35ms_mgga_3x16,deep_rung35ms_mgga_3x16,fc,2,1,5.175000,0.2740447026528823,0.2368316053568613
deep0_rung35ms_mgga_3x16,deep_rung35ms_mgga_3x16,fc,2,1,5.200000,0.2733756298049608,0.2361665885321971
deep0_rung35ms_mgga_3x16,deep_rung35ms_mgga_3x16,fc,2,1,5.225000,0.27270897025894536,0.23550681812090557
deep0_rung35ms_mgga_3x16,deep_rung35ms_mgga_3x16,fc,2,1,5.250000,0.27204469508915374,0.2348522274922058
deep0_rung35ms_mgga_3x16,deep_rung35ms_mgga_3x16,fc,2,1,5.275000,0.271382776729888,0.2342027511697695
deep0_rung35ms_mgga_3x16,deep_rung35ms_mgga_3x16,fc,2,1,5.300000,0.27072318891733005,0.23355832480656416
deep0_rung35ms_mgga_3x16,deep_rung35ms_mgga_3x16,fc,2,1,5.325000,0.27006590663339125,0.23291888516035325
deep0_rung35ms_mgga_3x16,deep_rung35ms_mgga_3x16,fc,2,1,5.350000,0.26941090605146056,0.23228437006983182
deep0_rung35ms_mgga_3x16,deep_rung35ms_mgga_3x16,fc,2,1,5.375000,0.2687581644840158,0.23165471843138197
deep0_rung35ms_mgga_3x16,deep_rung35ms_mgga_3x16,fc,2,1,5.400000,0.26810766033204303,0.23102987017642448
deep0_rung35ms_mgga_3x16,deep_rung35ms_mgga_3x16,fc,2,1,5.425000,0.2674593730362249,0.2304097662493547
deep0_rung35ms_mgga_3x16,deep_rung35ms_mgga_3x16,fc,2,1,5.450000,0.26681328302984975,0.22979434858604042
deep0_rung35ms_mgga_3x16,deep_rung35ms_mgga_3x16,fc,2,1,5.475000,0.26616937169339394,0.22918356009286728
deep0_rung35ms_mgga_3x16,deep_rung35ms_mgga_3x16,fc,2,1,5.500000,0.2655276213107405,0.2285773446263154
deep0_rung35ms_mgga_3x16,deep_rung35ms_mgga_3x16,fc,2,1,5.525000,0.26488801502697645,0.22797564697305178
deep0_rung35ms_mgga_3x16,deep_rung35ms_mgga_3x16,fc,2,1,5.550000,0.2642505368077417,0.22737841283052157
deep0_rung35ms_mgga_3x16,deep_rung35ms_mgga_3x16,fc,2,1,5.575000,0.26361517140006696,0.226785588788027
deep0_rung35ms_mgga_3x16,deep_rung35ms_mgga_3x16,fc,2,1,5.600000,0.2629819042946777,0.22619712230827665
deep0_rung35ms_mgga_3x16,deep_rung35ms_mgga_3x16,fc,2,1,5.625000,0.26235072168970297,0.22561296170939235
deep0_rung35ms_mgga_3x16,deep_rung35ms_mgga_3x16,fc,2,1,5.650000,0.26172161045576314,0.22503305614736244
deep0_rung35ms_mgga_3x16,deep_rung35ms_mgga_3x16,fc,2,1,5.675000,0.2610945581023856,0.22445735559892538
deep0_rung35ms_mgga_3x16,deep_rung35ms_mgga_3x16,fc,2,1,5.700000,0.2604695527457128,0.22388581084487277
deep0_rung35ms_mgga_3x16,deep_rung35ms_mgga_3x16,fc,2,1,5.725000,0.25984658307746233,0.22331837345376276
deep0_rung35ms_mgga_3x16,deep_rung35ms_mgga_3x16,fc,2,1,5.750000,0.2592256383351008,0.22275499576602592
deep0_rung35ms_mgga_3x16,deep_rung35ms_mgga_3x16,fc,2,1,5.775000,0.25860670827319243,0.22219563087845898
deep0_rung35ms_mgga_3x16,deep_rung35ms_mgga_3x16,fc,2,1,5.800000,0.25798978313588616,0.22164023262909055
deep0_rung35ms_mgga_3x16,deep_rung35ms_mgga_3x16,fc,2,1,5.825000,0.25737485363050716,0.2210887555824118
deep0_rung35ms_mgga_3x16,deep_rung35ms_mgga_3x16,fc,2,1,5.850000,0.256761910902214,0.22054115501495927
deep0_rung35ms_mgga_3x16,deep_rung35ms_mgga_3x16,fc,2,1,5.875000,0.2561509465096854,0.21999738690124393
deep0_rung35ms_mgga_3x16,deep_rung35ms_mgga_3x16,fc,2,1,5.900000,0.2555419524018132,0.21945740790001048
deep0_rung35ms_mgga_3x16,deep_rung35ms_mgga_3x16,fc,2,1,5.925000,0.25493492089535175,0.21892117534082484
deep0_rung35ms_mgga_3x16,deep_rung35ms_mgga_3x16,fc,2,1,5.950000,0.2543298446535103,0.2183886472109757
deep0_rung35ms_mgga_3x16,deep_rung35ms_mgga_3x16,fc,2,1,5.975000,0.2537267166654411,0.2178597821426839
deep0_rung35ms_mgga_3x16,deep_rung35ms_mgga_3x16,fc,2,1,6.000000,0.253125530226602,0.21733453940061145
deep0_rung35ms_mgga_3x16,deep_rung35ms_mgga_3x16,fc,5,1,0.000000,1.0,0.9999990149527557
deep0_rung35ms_mgga_3x16,deep_rung35ms_mgga_3x16,fc,5,1,0.025000,0.999980225214701,0.9996454650158665
deep0_rung35ms_mgga_3x16,deep_rung35ms_mgga_3x16,fc,5,1,0.050000,0.9998437174111942,0.9985877903808377
deep0_rung35ms_mgga_3x16,deep_rung35ms_mgga_3x16,fc,5,1,0.075000,0.9994783767012961,0.9968348457593228
deep0_rung35ms_mgga_3x16,deep_rung35ms_mgga_3x16,fc,5,1,0.100000,0.9987751501246095,0.994401156254488
deep0_rung35ms_mgga_3x16,deep_rung35ms_mgga_3x16,fc,5,1,0.125000,0.9976248358224656,0.991306579538298
deep0_rung35ms_mgga_3x16,deep_rung35ms_mgga_3x16,fc,5,1,0.150000,0.995914256155487,0.9875758546215633
deep0_rung35ms_mgga_3x16,deep_rung35ms_mgga_3x16,fc,5,1,0.175000,0.9935223775977302,0.9832380569823586
deep0_rung35ms_mgga_3x16,deep_rung35ms_mgga_3x16,fc,5,1,0.200000,0.9903170415513601,0.9783259829140583
deep0_rung35ms_mgga_3x16,deep_rung35ms_mgga_3x16,fc,5,1,0.225000,0.9861530309423632,0.9728754875211882
deep0_rung35ms_mgga_3x16,deep_rung35ms_mgga_3x16,fc,5,1,0.250000,0.980872213652351,0.9669248008460498
deep0_rung35ms_mgga_3x16,deep_rung35ms_mgga_3x16,fc,5,1,0.275000,0.9743064526287089,0.9605138452979184
deep0_rung35ms_mgga_3x16,deep_rung35ms_mgga_3x16,fc,5,1,0.300000,0.9662838272937728,0.9536835751252656
deep0_rung35ms_mgga_3x16,deep_rung35ms_mgga_3x16,fc,5,1,0.325000,0.9566384454219686,0.9464753554267609
deep0_rung35ms_mgga_3x16,deep_rung35ms_mgga_3x16,fc,5,1,0.350000,0.9452237213934671,0.9389303944673031
deep0_rung35ms_mgga_3x16,deep_rung35ms_mgga_3x16,fc,5,1,0.375000,0.9319284581283915,0.9310892391657972
deep0_rung35ms_mgga_3x16,deep_rung35ms_mgga_3x16,fc,5,1,0.400000,0.916694431056142,0.9229913398257114
deep0_rung35ms_mgga_3x16,deep_rung35ms_mgga_3x16,fc,5,1,0.425000,0.899533511713043,0.9146746867032198
deep0_rung35ms_mgga_3x16,deep_rung35ms_mgga_3x16,fc,5,1,0.450000,0.8805418141096865,0.9061755180009162
deep0_rung35ms_mgga_3x16,deep_rung35ms_mgga_3x16,fc,5,1,0.475000,0.859908071724093,0.8975280964230576
deep0_rung35ms_mgga_3x16,deep_rung35ms_mgga_3x16,fc,5,1,0.500000,0.8379136488846839,0.8887645495592437
deep0_rung35ms_mgga_3x16,deep_rung35ms_mgga_3x16,fc,5,1,0.525000,0.8149224119854876,0.8799147680594598
deep0_rung35ms_mgga_3x16,deep_rung35ms_mgga_3x16,fc,5,1,0.550000,0.7913601637099735,0.8710063547732961
deep0_rung35ms_mgga_3x16,deep_rung35ms_mgga_3x16,fc,5,1,0.575000,0.7676852940487248,0.8620646176776797
deep0_rung35ms_mgga_3x16,deep_rung35ms_mgga_3x16,fc,5,1,0.600000,0.7443542958082205,0.8531125994283771
deep0_rung35ms_mgga_3x16,deep_rung35ms_mgga_3x16,fc,5,1,0.625000,0.7217872384783746,0.8441711366572578
deep0_rung35ms_mgga_3x16,deep_rung35ms_mgga_3x16,fc,5,1,0.650000,0.7003386521478487,0.8352589426212103
deep0_rung35ms_mgga_3x16,deep_rung35ms_mgga_3x16,fc,5,1,0.675000,0.6802783071430881,0.8263927074201369
deep0_rung35ms_mgga_3x16,deep_rung35ms_mgga_3x16,fc,5,1,0.700000,0.6617843035649752,0.8175872106821805
deep0_rung35ms_mgga_3x16,deep_rung35ms_mgga_3x16,fc,5,1,0.725000,0.6449483124957138,0.8088554423176804
deep0_rung35ms_mgga_3x16,deep_rung35ms_mgga_3x16,fc,5,1,0.750000,0.629790470018863,0.8002087276340036
deep0_rung35ms_mgga_3x16,deep_rung35ms_mgga_3x16,fc,5,1,0.775000,0.616279882917667,0.7916568537562961
deep0_rung35ms_mgga_3x16,deep_rung35ms_mgga_3x16,fc,5,1,0.800000,0.6043561963094377,0.7832081948979432
deep0_rung35ms_mgga_3x16,deep_rung35ms_mgga_3x16,fc,5,1,0.825000,0.5939481207721408,0.7748698345598082
deep0_rung35ms_mgga_3x16,deep_rung35ms_mgga_3x16,fc,5,1,0.850000,0.5849859588796836,0.7666476832053
deep0_rung35ms_mgga_3x16,deep_rung35ms_mgga_3x16,fc,5,1,0.875000,0.5774066945012618,0.7585465903592546
deep0_rung35ms_mgga_3x16,deep_rung35ms_mgga_3x16,fc,5,1,0.900000,0.5711518140691014,0.7505704504155506
deep0_rung35ms_mgga_3x16,deep_rung35ms_mgga_3x16,fc,5,1,0.925000,0.5661594518185838,0.742722301716235
deep0_rung35ms_mgga_3x16,deep_rung35ms_mgga_3x16,fc,5,1,0.950000,0.5623534682472552,0.7350044186896625
deep0_rung35ms_mgga_3x16,deep_rung35ms_mgga_3x16,fc,5,1,0.975000,0.5596325291145912,0.7274183970131036
deep0_rung35ms_mgga_3x16,deep_rung35ms_mgga_3x16,fc,5,1,1.000000,0.5578620988726174,0.7199652319029054
deep0_rung35ms_mgga_3x16,deep_rung35ms_mgga_3x16,fc,5,1,1.025000,0.5568715606751744,0.7126453897386826
deep0_rung35ms_mgga_3x16,deep_rung35ms_mgga_3x16,fc,5,1,1.050000,0.5564575878659449,0.7054588733028593
deep0_rung35ms_mgga_3x16,deep_rung35ms_mgga_3x16,fc,5,1,1.075000,0.5563936437631052,0.6984052809682795
deep0_rung35ms_mgga_3x16,deep_rung35ms_mgga_3x16,fc,5,1,1.100000,0.5564443201061692,0.6914838601990331
deep0_rung35ms_mgga_3x16,deep_rung35ms_mgga_3x16,fc,5,1,1.125000,0.5563823573575328,0.6846935557470246
deep0_rung35ms_mgga_3x16,deep_rung35ms_mgga_3x16,fc,5,1,1.150000,0.5560057745377778,0.6780330529324223
deep0_rung35ms_mgga_3x16,deep_rung35ms_mgga_3x16,fc,5,1,1.175000,0.5551526259985359,0.6715008163927761
deep0_rung35ms_mgga_3x16,deep_rung35ms_mgga_3x16,fc,5,1,1.200000,0.5537114387612602,0.6650951246755552
deep0_rung35ms_mgga_3x16,deep_rung35ms_mgga_3x16,fc,5,1,1.225000,0.5516262138204494,0.6588141010340396
deep0_rung35ms_mgga_3x16,deep_rung35ms_mgga_3x16,fc,5,1,1.250000,0.5488957978844733,0.6526557407683822
deep0_rung35ms_mgga_3x16,deep_rung35ms_mgga_3x16,fc,5,1,1.275000,0.5455682581464009,0.6466179354334792
deep0_rung35ms_mgga_3x16,deep_rung35ms_mgga_3x16,fc,5,1,1.300000,0.5417314866788315,0.6406984942139579
deep0_rung35ms_mgga_3x16,deep_rung35ms_mgga_3x16,fc,5,1,1.325000,0.5375015626686361,0.6348951627448584
deep0_rung35ms_mgga_3x16,deep_rung35ms_mgga_3x16,fc,5,1,1.350000,0.5330104196683731,0.6292056396349859
deep0_rung35ms_mgga_3x16,deep_rung35ms_mgga_3x16,fc,5,1,1.375000,0.5283941607764953,0.6236275909288448
deep0_rung35ms_mgga_3x16,deep_rung35ms_mgga_3x16,fc,5,1,1.400000,0.5237830212878324,0.6181586627228287
deep0_rung35ms_mgga_3x16,deep_rung35ms_mgga_3x16,fc,5,1,1.425000,0.5192935821989716,0.6127964921321176
deep0_rung35ms_mgga_3x16,deep_rung35ms_mgga_3x16,fc,5,1,1.450000,0.5150234611966683,0.6075387167866465
deep0_rung35ms_mgga_3x16,deep_rung35ms_mgga_3x16,fc,5,1,1.475000,0.5110483994096348,0.6023829830176339
deep0_rung35ms_mgga_3x16,deep_rung35ms_mgga_3x16,fc,5,1,1.500000,0.5074214460038113,0.5973269528804983
deep0_rung35ms_mgga_3x16,deep_rung35ms_mgga_3x16,fc,5,1,1.525000,0.5041738205451407,0.5923683101455629
deep0_rung35ms_mgga_3x16,deep_rung35ms_mgga_3x16,fc,5,1,1.550000,0.5013169917022732,0.587504765374695
deep0_rung35ms_mgga_3x16,deep_rung35ms_mgga_3x16,fc,5,1,1.575000,0.4988455294648917,0.5827340601899168
deep0_rung35ms_mgga_3x16,deep_rung35ms_mgga_3x16,fc,5,1,1.600000,0.4967403445238674,0.5780539708289968
deep0_rung35ms_mgga_3x16,deep_rung35ms_mgga_3x16,fc,5,1,1.625000,0.49497200364846516,0.5734623110730128
deep0_rung35ms_mgga_3x16,deep_rung35ms_mgga_3x16,fc,5,1,1.650000,0.49350388948569357,0.5689569346218099
deep0_rung35ms_mgga_3x16,deep_rung35ms_mgga_3x16,fc,5,1,1.675000,0.4922950478624859,0.5645357369850825
deep0_rung35ms_mgga_3x16,deep_rung35ms_mgga_3x16,fc,5,1,1.700000,0.49130263021088105,0.5601966569494266
deep0_rung35ms_mgga_3x16,deep_rung35ms_mgga_3x16,fc,5,1,1.725000,0.4904838909802478,0.5559376776750583
deep0_rung35ms_mgga_3x16,deep_rung35ms_mgga_3x16,fc,5,1,1.750000,0.48979773961141415,0.5517568274699277
deep0_rung35ms_mgga_3x16,deep_rung35ms_mgga_3x16,fc,5,1,1.775000,0.4892058747299932,0.5476521802836081
deep0_rung35ms_mgga_3x16,deep_rung35ms_mgga_3x16,fc,5,1,1.800000,0.488673546182528,0.543621855958531
deep0_rung35ms_mgga_3x16,deep_rung35ms_mgga_3x16,fc,5,1,1.825000,0.4881700001732824,0.5396640202718658
deep0_rung35ms_mgga_3x16,deep_rung35ms_mgga_3x16,fc,5,1,1.850000,0.4876686659035405,0.5357768847974943
deep0_rung35ms_mgga_3x16,deep_rung35ms_mgga_3x16,fc,5,1,1.875000,0.4871471405258203,0.5319587066141122
deep0_rung35ms_mgga_3x16,deep_rung35ms_mgga_3x16,fc,5,1,1.900000,0.4865870244742191,0.5282077878824455
deep0_rung35ms_mgga_3x16,deep_rung35ms_mgga_3x16,fc,5,1,1.925000,0.4859736526421803,0.5245224753118387
deep0_rung35ms_mgga_3x16,deep_rung35ms_mgga_3x16,fc,5,1,1.950000,0.48529575949426096,0.5209011595340554
deep0_rung35ms_mgga_3x16,deep_rung35ms_mgga_3x16,fc,5,1,1.975000,0.4845451087848376,0.517342274399984
deep0_rung35ms_mgga_3x16,deep_rung35ms_mgga_3x16,fc,5,1,2.000000,0.48371611162700834,0.5138442962130143
deep0_rung35ms_mgga_3x16,deep_rung35ms_mgga_3x16,fc,5,1,2.025000,0.4828054505108321,0.5104057429111634
deep0_rung35ms_mgga_3x16,deep_rung35ms_mgga_3x16,fc,5,1,2.050000,0.4818117216495337,0.5070251732085082
deep0_rung35ms_mgga_3x16,deep_rung35ms_mgga_3x16,fc,5,1,2.075000,0.48073510375706996,0.5037011857051521
deep0_rung35ms_mgga_3x16,deep_rung35ms_mgga_3x16,fc,5,1,2.100000,0.47957705797689987,0.5004324179737605
deep0_rung35ms_mgga_3x16,deep_rung35ms_mgga_3x16,fc,5,1,2.125000,0.47834006109351046,0.4972175456296509
deep0_rung35ms_mgga_3x16,deep_rung35ms_mgga_3x16,fc,5,1,2.150000,0.47702737225008895,0.4940552813904952
deep0_rung35ms_mgga_3x16,deep_rung35ms_mgga_3x16,fc,5,1,2.175000,0.4756428320495192,0.4909443741308621
deep0_rung35ms_mgga_3x16,deep_rung35ms_mgga_3x16,fc,5,1,2.200000,0.47419069202050046,0.4878836079361111
deep0_rung35ms_mgga_3x16,deep_rung35ms_mgga_3x16,fc,5,1,2.225000,0.472675471886874,0.48487180115949635
deep0_rung35ms_mgga_3x16,deep_rung35ms_mgga_3x16,fc,5,1,2.250000,0.47110184180127823,0.48190780548578205
deep0_rung35ms_mgga_3x16,deep_rung35ms_mgga_3x16,fc,5,1,2.275000,0.4694745266233722,0.47899050500416546
deep0_rung35ms_mgga_3x16,deep_rung35ms_mgga_3x16,fc,5,1,2.300000,0.46779822938082294,0.4761188152928677
deep0_rung35ms_mgga_3x16,deep_rung35ms_mgga_3x16,fc,5,1,2.325000,0.46607757120268833,0.473291682517367
deep0_rung35ms_mgga_3x16,deep_rung35ms_mgga_3x16,fc,5,1,2.350000,0.46431704522453887,0.47050808254390697
deep0_rung35ms_mgga_3x16,deep_rung35ms_mgga_3x16,fc,5,1,2.375000,0.4625209822061257,0.46776702006961846
deep0_rung35ms_mgga_3x16,deep_rung35ms_mgga_3x16,fc,5,1,2.400000,0.460693525855975,0.4650675277703309
deep0_rung35ms_mgga_3x16,deep_rung35ms_mgga_3x16,fc,5,1,2.425000,0.4588386161090835,0.4624086654669244
deep0_rung35ms_mgga_3x16,deep_rung35ms_mgga_3x16,fc,5,1,2.450000,0.4569599788444195,0.4597895193108712
deep0_rung35ms_mgga_3x16,deep_rung35ms_mgga_3x16,fc,5,1,2.475000,0.45506112075215377,0.45720920098944784
deep0_rung35ms_mgga_3x16,deep_rung35ms_mgga_3x16,fc,5,1,2.500000,0.45314532826309073,0.4546668469509451
deep0_rung35ms_mgga_3x16,deep_rung35ms_mgga_3x16,fc,5,1,2.525000,0.4512156696331161,0.4521616176500745
deep0_rung35ms_mgga_3x16,deep_rung35ms_mgga_3x16,fc,5,1,2.550000,0.4492749994335514,0.44969269681366114
deep0_rung35ms_mgga_3x16,deep_rung35ms_mgga_3x16,fc,5,1,2.575000,0.4473259648349408,0.4472592907266093
deep0_rung35ms_mgga_3x16,deep_rung35ms_mgga_3x16,fc,5,1,2.600000,0.44537101318841854,0.44486062753805344
deep0_rung35ms_mgga_3x16,deep_rung35ms_mgga_3x16,fc,5,1,2.625000,0.44341240050726016,0.44249595658753055
deep0_rung35ms_mgga_3x16,deep_rung35ms_mgga_3x16,fc,5,1,2.650000,0.4414522005334114,0.4401645477509543
deep0_rung35ms_mgga_3x16,deep_rung35ms_mgga_3x16,fc,5,1,2.675000,0.43949231414173795,0.4378656908061182
deep0_rung35ms_mgga_3x16,deep_rung35ms_mgga_3x16,fc,5,1,2.700000,0.437534478890357,0.4355986948174173
deep0_rung35ms_mgga_3x16,deep_rung35ms_mgga_3x16,fc,5,1,2.725000,0.4355802785704932,0.4333628875394389
deep0_rung35ms_mgga_3x16,deep_rung35ms_mgga_3x16,fc,5,1,2.750000,0.43363115264548013,0.43115761483905096
deep0_rung35ms_mgga_3x16,deep_rung35ms_mgga_3x16,fc,5,1,2.775000,0.43168840549727905,0.4289822401355888
deep0_rung35ms_mgga_3x16,deep_rung35ms_mgga_3x16,fc,5,1,2.800000,0.42975321542148337,0.4268361438587218
deep0_rung35ms_mgga_3x16,deep_rung35ms_mgga_3x16,fc,5,1,2.825000,0.4278266433293316,0.4247187229235841
deep0_rung35ms_mgga_3x16,deep_rung35ms_mgga_3x16,fc,5,1,2.850000,0.42590964112873053,0.42262939022271595
deep0_rung35ms_mgga_3x16,deep_rung35ms_mgga_3x16,fc,5,1,2.875000,0.424003059766483,0.42056757413438567
deep0_rung35ms_mgga_3x16,deep_rung35ms_mgga_3x16,fc,5,1,2.900000,0.4221076569215011,0.4185327180468393
deep0_rung35ms_mgga_3x16,deep_rung35ms_mgga_3x16,fc,5,1,2.925000,0.42022410434434143,0.4165242798980287
deep0_rung35ms_mgga_3x16,deep_rung35ms_mgga_3x16,fc,5,1,2.950000,0.41835299484236166,0.4145417317303747
deep0_rung35ms_mgga_3x16,deep_rung35ms_mgga_3x16,fc,5,1,2.975000,0.4164948489125797,0.4125845592601183
deep0_rung35ms_mgga_3x16,deep_rung35ms_mgga_3x16,fc,5,1,3.000000,0.41465012102618226,0.41065226146082096
deep0_rung35ms_mgga_3x16,deep_rung35ms_mgga_3x16,fc,5,1,3.025000,0.41281920556986507,0.408744350160579
deep0_rung35ms_mgga_3x16,deep_rung35ms_mgga_3x16,fc,5,1,3.050000,0.41100244244997586,0.40686034965252166
deep0_rung35ms_mgga_3x16,deep_rung35ms_mgga_3x16,fc,5,1,3.075000,0.4092001223658901,0.40499979631817745
deep0_rung35ms_mgga_3x16,deep_rung35ms_mgga_3x16,fc,5,1,3.100000,0.4074124917593668,0.40316223826329
deep0_rung35ms_mgga_3x16,deep_rung35ms_mgga_3x16,fc,5,1,3.125000,0.4056397574468291,0.40134723496568275
deep0_rung35ms_mgga_3x16,deep_rung35ms_mgga_3x16,fc,5,1,3.150000,0.40388209094168004,0.3995543569347777
deep0_rung35ms_mgga_3x16,deep_rung35ms_mgga_3x16,fc,5,1,3.175000,0.40213963247396034,0.3977831853823812
deep0_rung35ms_mgga_3x16,deep_rung35ms_mgga_3x16,fc,5,1,3.200000,0.40041249471487506,0.39603331190436375
deep0_rung35ms_mgga_3x16,deep_rung35ms_mgga_3x16,fc,5,1,3.225000,0.3987007662139944,0.3943043381728628
deep0_rung35ms_mgga_3x16,deep_rung35ms_mgga_3x16,fc,5,1,3.250000,0.3970045145572719,0.39259587563866183
deep0_rung35ms_mgga_3x16,deep_rung35ms_mgga_3x16,fc,5,1,3.275000,0.39532378925441525,0.3909075452433913
deep0_rung35ms_mgga_3x16,deep_rung35ms_mgga_3x16,fc,5,1,3.300000,0.39365862436458166,0.38923897714122113
deep0_rung35ms_mgga_3x16,deep_rung35ms_mgga_3x16,fc,5,1,3.325000,0.39200904086983246,0.38758981042971863
deep0_rung35ms_mgga_3x16,deep_rung35ms_mgga_3x16,fc,5,1,3.350000,0.39037504880626694,0.38595969288955584
deep0_rung35ms_mgga_3x16,deep_rung35ms_mgga_3x16,fc,5,1,3.375000,0.38875664916323494,0.38434828073276117
deep0_rung35ms_mgga_3x16,deep_rung35ms_mgga_3x16,fc,5,1,3.400000,0.38715383556148975,0.3827552383592205
deep0_rung35ms_mgga_3x16,deep_rung35ms_mgga_3x16,fc,5,1,3.425000,0.3855665957215699,0.3811802381211392
deep0_rung35ms_mgga_3x16,deep_rung35ms_mgga_3x16,fc,5,1,3.450000,0.38399491273407926,0.3796229600951923
deep0_rung35ms_mgga_3x16,deep_rung35ms_mgga_3x16,fc,5,1,3.475000,0.3824387661438451,0.3780830918620921
deep0_rung35ms_mgga_3x16,deep_rung35ms_mgga_3x16,fc,5,1,3.500000,0.38089813286019647,0.3765603282933156
deep0_rung35ms_mgga_3x16,deep_rung35ms_mgga_3x16,fc,5,1,3.525000,0.37937298790574614,0.3750543713447426
deep0_rung35ms_mgga_3x16,deep_rung35ms_mgga_3x16,fc,5,1,3.550000,0.37786330501617404,0.3735649298569645
deep0_rung35ms_mgga_3x16,deep_rung35ms_mgga_3x16,fc,5,1,3.575000,0.3763690571034862,0.3720917193620273
deep0_rung35ms_mgga_3x16,deep_rung35ms_mgga_3x16,fc,5,1,3.600000,0.3748902165951318,0.3706344618963883
deep0_rung35ms_mgga_3x16,deep_rung35ms_mgga_3x16,fc,5,1,3.625000,0.37342675566120653,0.36919288581986776
deep0_rung35ms_mgga_3x16,deep_rung35ms_mgga_3x16,fc,5,1,3.650000,0.37197864634169986,0.36776672564038704
deep0_rung35ms_mgga_3x16,deep_rung35ms_mgga_3x16,fc,5,1,3.675000,0.3705458605854113,0.36635572184428994
deep0_rung35ms_mgga_3x16,deep_rung35ms_mgga_3x16,fc,5,1,3.700000,0.3691283702117729,0.3649596207320557
deep0_rung35ms_mgga_3x16,deep_rung35ms_mgga_3x16,fc,5,1,3.725000,0.36772614680634663,0.3635781742592128
deep0_rung35ms_mgga_3x16,deep_rung35ms_mgga_3x16,fc,5,1,3.750000,0.36633916156025115,0.36221113988227666
deep0_rung35ms_mgga_3x16,deep_rung35ms_mgga_3x16,fc,5,1,3.775000,0.3649673850632136,0.3608582804095324
deep0_rung35ms_mgga_3x16,deep_rung35ms_mgga_3x16,fc,5,1,3.800000,0.36361078705935435,0.35951936385649846
deep0_rung35ms_mgga_3x16,deep_rung35ms_mgga_3x16,fc,5,1,3.825000,0.36226933617417867,0.3581941633059065
deep0_rung35ms_mgga_3x16,deep_rung35ms_mgga_3x16,fc,5,1,3.850000,0.36094299962062215,0.3568824567720446
deep0_rung35ms_mgga_3x16,deep_rung35ms_mgga_3x16,fc,5,1,3.875000,0.3596317428913359,0.3555840270693093
deep0_rung35ms_mgga_3x16,deep_rung35ms_mgga_3x16,fc,5,1,3.900000,0.35833552944375446,0.35429866168482543
deep0_rung35ms_mgga_3x16,deep_rung35ms_mgga_3x16,fc,5,1,3.925000,0.35705432038383067,0.35302615265499115
deep0_rung35ms_mgga_3x16,deep_rung35ms_mgga_3x16,fc,5,1,3.950000,0.3557880741536905,0.3517662964458161
deep0_rung35ms_mgga_3x16,deep_rung35ms_mgga_3x16,fc,5,1,3.975000,0.3545367462278326,0.35051889383692036
deep0_rung35ms_mgga_3x16,deep_rung35ms_mgga_3x16,fc,5,1,4.000000,0.3533002888219088,0.3492837498090728
deep0_rung35ms_mgga_3x16,deep_rung35ms_mgga_3x16,fc,5,1,4.025000,0.35207865061752097,0.34806067343514313
deep0_rung35ms_mgga_3x16,deep_rung35ms_mgga_3x16,fc,5,1,4.050000,0.3508717765059506,0.3468494777743586
deep0_rung35ms_mgga_3x16,deep_rung35ms_mgga_3x16,fc,5,1,4.075000,0.34967960735319226,0.34564997976974704
deep0_rung35ms_mgga_3x16,deep_rung35ms_mgga_3x16,fc,5,1,4.100000,0.3485020797882046,0.34446200014866274
deep0_rung35ms_mgga_3x16,deep_rung35ms_mgga_3x16,fc,5,1,4.125000,0.3473391260158152,0.3432853633262889
deep0_rung35ms_mgga_3x16,deep_rung35ms_mgga_3x16,fc,5,1,4.150000,0.3461906736553242,0.34211989731201875
deep0_rung35ms_mgga_3x16,deep_rung35ms_mgga_3x16,fc,5,1,4.175000,0.34505664560545357,0.34096543361861753
deep0_rung35ms_mgga_3x16,deep_rung35ms_mgga_3x16,fc,5,1,4.200000,0.3439369599359605,0.33982180717407245
deep0_rung35ms_mgga_3x16,deep_rung35ms_mgga_3x16,fc,5,1,4.225000,0.34283152980590503,0.3386888562360414
deep0_rung35ms_mgga_3x16,deep_rung35ms_mgga_3x16,fc,5,1,4.250000,0.34174026340831154,0.33756642230881523
deep0_rung35ms_mgga_3x16,deep_rung35ms_mgga_3x16,fc,5,1,4.275000,0.340663063940693,0.3364543500627077
deep0_rung35ms_mgga_3x16,deep_rung35ms_mgga_3x16,fc,5,1,4.300000,0.33959982960071566,0.3353524872557952
deep0_rung35ms_mgga_3x16,deep_rung35ms_mgga_3x16,fc,5,1,4.325000,0.3385504536060948,0.3342606846579296
deep0_rung35ms_mgga_3x16,deep_rung35ms_mgga_3x16,fc,5,1,4.350000,0.337514824237658,0.333178795976946
deep0_rung35ms_mgga_3x16,deep_rung35ms_mgga_3x16,fc,5,1,4.375000,0.33649282490438304,0.3321066777869978
deep0_rung35ms_mgga_3x16,deep_rung35ms_mgga_3x16,fc,5,1,4.400000,0.33548433422912294,0.33104418945894687
deep0_rung35ms_mgga_3x16,deep_rung35ms_mgga_3x16,fc,5,1,4.425000,0.3344892261536483,0.32999119309274394
deep0_rung35ms_mgga_3x16,deep_rung35ms_mgga_3x16,fc,5,1,4.450000,0.3335073700615734,0.32894755345173254
deep0_rung35ms_mgga_3x16,deep_rung35ms_mgga_3x16,fc,5,1,4.475000,0.33253863091770675,0.32791313789881793
deep0_rung35ms_mgga_3x16,deep_rung35ms_mgga_3x16,fc,5,1,4.500000,0.33158286942232984,0.3268878163344363
deep0_rung35ms_mgga_3x16,deep_rung35ms_mgga_3x16,fc,5,1,4.525000,0.3306399421789106,0.3258714611362714
deep0_rung35ms_mgga_3x16,deep_rung35ms_mgga_3x16,fc,5,1,4.550000,0.3297097018737709,0.324863947100658
deep0_rung35ms_mgga_3x16,deep_rung35ms_mgga_3x16,fc,5,1,4.575000,0.32879199746622434,0.32386515138562305
deep0_rung35ms_mgga_3x16,deep_rung35ms_mgga_3x16,fc,5,1,4.600000,0.32788667438776364,0.32287495345550876
deep0_rung35ms_mgga_3x16,deep_rung35ms_mgga_3x16,fc,5,1,4.625000,0.3269935747488857,0.3218932350271314
deep0_rung35ms_mgga_3x16,deep_rung35ms_mgga_3x16,fc,5,1,4.650000,0.3261125375522054,0.32091988001742017
deep0_rung35ms_mgga_3x16,deep_rung35ms_mgga_3x16,fc,5,1,4.675000,0.32524339891056586,0.31995477449250154
deep0_rung35ms_mgga_3x16,deep_rung35ms_mgga_3x16,fc,5,1,4.700000,0.32438599226888987,0.31899780661817084
deep0_rung35ms_mgga_3x16,deep_rung35ms_mgga_3x16,fc,5,1,4.725000,0.3235401486286139,0.3180488666117171
deep0_rung35ms_mgga_3x16,deep_rung35ms_mgga_3x16,fc,5,1,4.750000,0.3227056967735711,0.31710784669505476
deep0_rung35ms_mgga_3x16,deep_rung35ms_mgga_3x16,fc,5,1,4.775000,0.32188246349629823,0.3161746410491227
deep0_rung35ms_mgga_3x16,deep_rung35ms_mgga_3x16,fc,5,1,4.800000,0.3210702738237815,0.31524914576951185
deep0_rung35ms_mgga_3x16,deep_rung35ms_mgga_3x16,fc,5,1,4.825000,0.3202689512417358,0.31433125882328217
deep0_rung35ms_mgga_3x16,deep_rung35ms_mgga_3x16,fc,5,1,4.850000,0.31947831791659,0.31342088000693685
deep0_rung35ms_mgga_3x16,deep_rung35ms_mgga_3x16,fc,5,1,4.875000,0.31869819491440887,0.31251791090550957
deep0_rung35ms_mgga_3x16,deep_rung35ms_mgga_3x16,fc,5,1,4.900000,0.31792840241605635,0.3116222548527418
deep0_rung35ms_mgga_3x16,deep_rung35ms_mgga_3x16,fc,5,1,4.925000,0.3171687599279711,0.31073381689230917
deep0_rung35ms_mgga_3x16,deep_rung35ms_mgga_3x16,fc,5,1,4.950000,0.31641908648799877,0.30985250374006773
deep0_rung35ms_mgga_3x16,deep_rung35ms_mgga_3x16,fc,5,1,4.975000,0.3156792008657665,0.30897822374729
deep0_rung35ms_mgga_3x16,deep_rung35ms_mgga_3x16,fc,5,1,5.000000,0.31494892175717726,0.30811088686486104
deep0_rung35ms_mgga_3x16,deep_rung35ms_mgga_3x16,fc,5,1,5.025000,0.31422806797263547,0.30725040460840314
deep0_rung35ms_mgga_3x16,deep_rung35ms_mgga_3x16,fc,5,1,5.050000,0.31351645861867894,0.30639669002430625
deep0_rung35ms_mgga_3x16,deep_rung35ms_mgga_3x16,fc,5,1,5.075000,0.31281391327275143,0.3055496576566333
deep0_rung35ms_mgga_3x16,deep_rung35ms_mgga_3x16,fc,5,1,5.100000,0.3121202521508891,0.30470922351487484
deep0_rung35ms_mgga_3x16,deep_rung35ms_mgga_3x16,fc,5,1,5.125000,0.3114352962681559,0.3038753050425315
deep0_rung35ms_mgga_3x16,deep_rung35ms_mgga_3x16,fc,5,1,5.150000,0.31075886759168136,0.30304782108649503
deep0_rung35ms_mgga_3x16,deep_rung35ms_mgga_3x16,fc,5,1,5.175000,0.310090789186233,0.30222669186720713
deep0_rung35ms_mgga_3x16,deep_rung35ms_mgga_3x16,fc,5,1,5.200000,0.30943088535225116,0.3014118389495745
deep0_rung35ms_mgga_3x16,deep_rung35ms_mgga_3x16,fc,5,1,5.225000,0.30877898175635266,0.30060318521461604
deep0_rung35ms_mgga_3x16,deep_rung35ms_mgga_3x16,fc,5,1,5.250000,0.30813490555429657,0.29980065483182117
deep0_rung35ms_mgga_3x16,deep_rung35ms_mgga_3x16,fc,5,1,5.275000,0.30749848550647907,0.29900417323219936
deep0_rung35ms_mgga_3x16,deep_rung35ms_mgga_3x16,fc,5,1,5.300000,0.30686955208601896,0.2982136670820024
deep0_rung35ms_mgga_3x16,deep_rung35ms_mgga_3x16,fc,5,1,5.325000,0.3062479375795314,0.2974290642570966
deep0_rung35ms_mgga_3x16,deep_rung35ms_mgga_3x16,fc,5,1,5.350000,0.3056334761807119,0.29665029381796965
deep0_rung35ms_mgga_3x16,deep_rung35ms_mgga_3x16,fc,5,1,5.375000,0.30502600407687075,0.29587728598535235
deep0_rung35ms_mgga_3x16,deep_rung35ms_mgga_3x16,fc,5,1,5.400000,0.304425359528567,0.295109972116438
deep0_rung35ms_mgga_3x16,deep_rung35ms_mgga_3x16,fc,5,1,5.425000,0.3038313829425173,0.29434828468168495
deep0_rung35ms_mgga_3x16,deep_rung35ms_mgga_3x16,fc,5,1,5.450000,0.3032439169379597,0.2935921572421799
deep0_rung35ms_mgga_3x16,deep_rung35ms_mgga_3x16,fc,5,1,5.475000,0.3026628064066701,0.2928415244275539
deep0_rung35ms_mgga_3x16,deep_rung35ms_mgga_3x16,fc,5,1,5.500000,0.30208789856682794,0.2920963219144287
deep0_rung35ms_mgga_3x16,deep_rung35ms_mgga_3x16,fc,5,1,5.525000,0.3015190430109498,0.29135648640538486
deep0_rung35ms_mgga_3x16,deep_rung35ms_mgga_3x16,fc,5,1,5.550000,0.3009560917481009,0.2906219556084315
deep0_rung35ms_mgga_3x16,deep_rung35ms_mgga_3x16,fc,5,1,5.575000,0.3003988992406106,0.2898926682169676
deep0_rung35ms_mgga_3x16,deep_rung35ms_mgga_3x16,fc,5,1,5.600000,0.2998473224355087,0.28916856389021944
deep0_rung35ms_mgga_3x16,deep_rung35ms_mgga_3x16,fc,5,1,5.625000,0.2993012207909187,0.2884495832341424
deep0_rung35ms_mgga_3x16,deep_rung35ms_mgga_3x16,fc,5,1,5.650000,0.2987604562976257,0.28773566778277415
deep0_rung35ms_mgga_3x16,deep_rung35ms_mgga_3x16,fc,5,1,5.675000,0.29822489349604764,0.28702675998002475
deep0_rung35ms_mgga_3x16,deep_rung35ms_mgga_3x16,fc,5,1,5.700000,0.2976943994888439,0.286322803161895
deep0_rung35ms_mgga_3x16,deep_rung35ms_mgga_3x16,fc,5,1,5.725000,0.29716884394936716,0.2856237415391107
deep0_rung35ms_mgga_3x16,deep_rung35ms_mgga_3x16,fc,5,1,5.750000,0.2966480991261964,0.2849295201801586
deep0_rung35ms_mgga_3x16,deep_rung35ms_mgga_3x16,fc,5,1,5.775000,0.29613203984395964,0.28424008499471776
deep0_rung35ms_mgga_3x16,deep_rung35ms_mgga_3x16,fc,5,1,5.800000,0.2956205435006579,0.2835553827174724
deep0_rung35ms_mgga_3x16,deep_rung35ms_mgga_3x16,fc,5,1,5.825000,0.29511349006170806,0.282875360892298
deep0_rung35ms_mgga_3x16,deep_rung35ms_mgga_3x16,fc,5,1,5.850000,0.2946107620508951,0.28219996785680873
deep0_rung35ms_mgga_3x16,deep_rung35ms_mgga_3x16,fc,5,1,5.875000,0.2941122445384463,0.2815291527272585
deep0_rung35ms_mgga_3x16,deep_rung35ms_mgga_3x16,fc,5,1,5.900000,0.29361782512641055,0.2808628653837865
deep0_rung35ms_mgga_3x16,deep_rung35ms_mgga_3x16,fc,5,1,5.925000,0.2931273939315304,0.28020105645599513
deep0_rung35ms_mgga_3x16,deep_rung35ms_mgga_3x16,fc,5,1,5.950000,0.29264084356579456,0.2795436773088565
deep0_rung35ms_mgga_3x16,deep_rung35ms_mgga_3x16,fc,5,1,5.975000,0.2921580691148363,0.278890680028933
deep0_rung35ms_mgga_3x16,deep_rung35ms_mgga_3x16,fc,5,1,6.000000,0.2916789681143519,0.2782420174109092
