arch,subset_size,channel,rs,s,f_model,f_parent,eval_channel
medium,1,fx,,0.000000,1.0,1.0,final
medium,1,fx,,0.025000,1.0001118933680615,1.0001371734503082,final
medium,1,fx,,0.050000,1.000447029640496,1.0005484131007953,final
medium,1,fx,,0.075000,1.0010038576606222,1.0012328782849313,final
medium,1,fx,,0.100000,1.0017799610219436,1.002189172660767,final
medium,1,fx,,0.125000,1.0027721984843827,1.0034153513166864,final
medium,1,fx,,0.150000,1.003976838250752,1.0049089306249135,final
medium,1,fx,,0.175000,1.0053896845401544,1.0066669007499534,final
medium,1,fx,,0.200000,1.007006195327224,1.0086857406950527,final
medium,1,fx,,0.225000,1.008821590497393,1.010961435747421,final
medium,1,fx,,0.250000,1.0108309499991175,1.0134894971626558,final
medium,1,fx,,0.275000,1.0130293018578471,1.0162649839108355,final
medium,1,fx,,0.300000,1.0154117001597702,1.0192825262913066,final
medium,1,fx,,0.325000,1.0179732933238272,1.022536351210436,final
medium,1,fx,,0.350000,1.0207093831668146,1.0260203089066646,final
medium,1,fx,,0.375000,1.023615475437198,1.0297279009001115,final
medium,1,fx,,0.400000,1.026687322656326,1.0336523089397605,final
medium,1,fx,,0.425000,1.0299209602673203,1.0377864247198565,final
medium,1,fx,,0.450000,1.0333127372559523,1.0421228801384386,final
medium,1,fx,,0.475000,1.0368593425753063,1.0466540778748243,final
medium,1,fx,,0.500000,1.0405578288743216,1.0513722220691275,final
medium,1,fx,,0.525000,1.0444056351926065,1.056269348895353,final
medium,1,fx,,0.550000,1.0484006104287364,1.061337356830009,final
medium,1,fx,,0.575000,1.0525410395000114,1.0665680364302768,final
medium,1,fx,,0.600000,1.056825674166663,1.0719530994492863,final
medium,1,fx,,0.625000,1.0612537704660223,1.0774842071307018,final
medium,1,fx,,0.650000,1.065825134561132,1.0831529975403624,final
medium,1,fx,,0.675000,1.0705401785197464,1.0889511118088369,final
medium,1,fx,,0.700000,1.0753999870688666,1.0948702191752313,final
medium,1,fx,,0.725000,1.0804063956848033,1.1009020407391494,final
medium,1,fx,,0.750000,1.0855620794540886,1.1070383718441337,final
medium,1,fx,,0.775000,1.0908706509638064,1.1132711030320084,final
medium,1,fx,,0.800000,1.0963367640573147,1.119592239523111,final
medium,1,fx,,0.825000,1.101966218654761,1.1259939191922888,final
medium,1,fx,,0.850000,1.1077660600507628,1.1324684290245925,final
medium,1,fx,,0.875000,1.1137446642639455,1.139008220047757,final
medium,1,fx,,0.900000,1.1199117992625518,1.1456059207506675,final
medium,1,fx,,0.925000,1.1262786504006566,1.152254349008086,final
medium,1,fx,,0.950000,1.1328577973726714,1.1589465225418367,final
medium,1,fx,,0.975000,1.1396631296475608,1.1656756679574736,final
medium,1,fx,,1.000000,1.1467096878936307,1.172435228403129,final
medium,1,fx,,1.025000,1.154013420539927,1.1792188699038115,final
medium,1,fx,,1.050000,1.1615908474801677,1.1860204864298936,final
medium,1,fx,,1.075000,1.16945862707105,1.192834203762979,final
medium,1,fx,,1.100000,1.177633027966575,1.1996543822257886,final
medium,1,fx,,1.125000,1.186129313796079,1.2064756183452223,final
medium,1,fx,,1.150000,1.1949610559270911,1.2132927455194251,final
medium,1,fx,,1.175000,1.2041393970987853,1.220100833760554,final
medium,1,fx,,1.200000,1.2136722959727195,1.2268951885850992,final
medium,1,fx,,1.225000,1.223563788918108,1.2336713491231373,final
medium,1,fx,,1.250000,1.2338133098624176,1.2404250855168273,final
medium,1,fx,,1.275000,1.244415111045297,1.2471523956769321,final
medium,1,fx,,1.300000,1.255357826383742,1.2538495014641662,final
medium,1,fx,,1.325000,1.2666242144907667,1.2605128443598486,final
medium,1,fx,,1.350000,1.2781911101320416,1.2671390806877225,final
medium,1,fx,,1.375000,1.290029601419732,1.2737250764459462,final
medium,1,fx,,1.400000,1.3021054361401778,1.2802679018052352,final
medium,1,fx,,1.425000,1.3143796454970964,1.2867648253259727,final
medium,1,fx,,1.450000,1.3268093586953846,1.2932133079438641,final
medium,1,fx,,1.475000,1.3393487687335863,1.2996109967704328,final
medium,1,fx,,1.500000,1.3519501999014234,1.3059557187513589,final
medium,1,fx,,1.525000,1.3645652218080095,1.3122454742224083,final
medium,1,fx,,1.550000,1.377145753786718,1.3184784303994812,final
medium,1,fx,,1.575000,1.3896451071346112,1.3246529148361825,final
medium,1,fx,,1.600000,1.4020189201981936,1.330767408879276,final
medium,1,fx,,1.625000,1.4142259517442397,1.3368205411494571,final
medium,1,fx,,1.650000,1.426228710056122,1.3428110810720784,final
medium,1,fx,,1.675000,1.4379939074508208,1.3487379324797883,final
medium,1,fx,,1.700000,1.4494927412565561,1.3546001273065218,final
medium,1,fx,,1.725000,1.4607010118491237,1.360396819389886,final
medium,1,fx,,1.750000,1.4715990955876914,1.3661272783967613,final
medium,1,fx,,1.775000,1.4821717952335136,1.3717908838848296,final
medium,1,fx,,1.800000,1.492408092785969,1.3773871195108214,final
medium,1,fx,,1.825000,1.5023008299492593,1.3829155673944546,final
medium,1,fx,,1.850000,1.511846340092623,1.3883759026453952,final
medium,1,fx,,1.875000,1.5210440530709355,1.3937678880590432,final
medium,1,fx,,1.900000,1.5298960910928716,1.3990913689855675,final
medium,1,fx,,1.925000,1.5384068703579854,1.4043462683753405,final
medium,1,fx,,1.950000,1.5465827197438557,1.4095325820027964,final
medium,1,fx,,1.975000,1.5544315246310298,1.4146503738697032,final
medium,1,fx,,2.000000,1.5619624011445619,1.4196997717879212,final
medium,1,fx,,2.025000,1.56918540373404,1.4246809631409094,final
medium,1,fx,,2.050000,1.5761112671233775,1.4295941908225116,final
medium,1,fx,,2.075000,1.582751182214078,1.4344397493509262,final
medium,1,fx,,2.100000,1.5891166044749077,1.4392179811552137,final
medium,1,fx,,2.125000,1.5952190926388377,1.4439292730312083,final
medium,1,fx,,2.150000,1.6010701750933618,1.4485740527633122,final
medium,1,fx,,2.175000,1.6066812411337896,1.4531527859082907,final
medium,1,fx,,2.200000,1.612063454197539,1.4576659727369123,final
medium,1,fx,,2.225000,1.6172276842650146,1.4621141453290472,final
medium,1,fx,,2.250000,1.6221844567615202,1.4664978648176454,final
medium,1,fx,,2.275000,1.6269439154946934,1.470817718776893,final
medium,1,fx,,2.300000,1.6315157973899594,1.475074318749721,final
medium,1,fx,,2.325000,1.6359094170252593,1.479268297909802,final
medium,1,fx,,2.350000,1.6401336592035183,1.483400308853113,final
medium,1,fx,,2.375000,1.6441969780285781,1.4874710215141502,final
medium,1,fx,,2.400000,1.6481074011623882,1.491481121201892,final
medium,1,fx,,2.425000,1.6518725381350696,1.4954313067506453,final
medium,1,fx,,2.450000,1.6554995917537556,1.4993222887809725,final
medium,1,fx,,2.475000,1.6589953718107335,1.5031547880659621,final
medium,1,fx,,2.500000,1.6623663104270197,1.5069295339981974,final
medium,1,fx,,2.525000,1.665618478485271,1.5106472631528727,final
medium,1,fx,,2.550000,1.6687576027073325,1.514308717942618,final
medium,1,fx,,2.575000,1.6717890830183233,1.5179146453597039,final
medium,1,fx,,2.600000,1.6747180099125982,1.5214657958014208,final
medium,1,fx,,2.625000,1.6775491815987424,1.5249629219745588,final
medium,1,fx,,2.650000,1.680287120752467,1.5284067778750356,final
medium,1,fx,,2.675000,1.6829360907491917,1.5317981178388593,final
medium,1,fx,,2.700000,1.6855001112835026,1.5351376956607474,final
medium,1,fx,,2.725000,1.6879829733116143,1.538426263776851,final
medium,1,fx,,2.750000,1.6903882532764574,1.5416645725081797,final
medium,1,fx,,2.775000,1.692719326593861,1.5448533693614435,final
medium,1,fx,,2.800000,1.6949793803932798,1.5479933983841754,final
medium,1,fx,,2.825000,1.6971714255182406,1.5510853995711167,final
medium,1,fx,,2.850000,1.6992983078007216,1.5541301083189827,final
medium,1,fx,,2.875000,1.7013627186304632,1.5571282549268526,final
medium,1,fx,,2.900000,1.703367204845184,1.5600805641395499,final
medium,1,fx,,2.925000,1.7053141779711491,1.562987754731498,final
medium,1,fx,,2.950000,1.70720592284578,1.5658505391286572,final
medium,1,fx,,2.975000,1.7090446056553066,1.5686696230662598,final
medium,1,fx,,3.000000,1.7108322814209498,1.5714457052801694,final
medium,1,fx,,3.025000,1.7125709009670615,1.5741794772298021,final
medium,1,fx,,3.050000,1.7142623174040694,1.5768716228506432,final
medium,1,fx,,3.075000,1.715908292158179,1.5795228183344976,final
medium,1,fx,,3.100000,1.717510500578615,1.5821337319357038,final
medium,1,fx,,3.125000,1.7190705371518424,1.5847050238016365,final
medium,1,fx,,3.150000,1.720589920350722,1.587237345825908,final
medium,1,fx,,3.175000,1.7220700971450438,1.5897313415227634,final
medium,1,fx,,3.200000,1.7235124471982841,1.592187645921248,final
medium,1,fx,,3.225000,1.7249182867738901,1.5946068854777975,final
medium,1,fx,,3.250000,1.7262888723728278,1.5969896780059818,final
medium,1,fx,,3.275000,1.7276254041226453,1.5993366326221994,final
medium,1,fx,,3.300000,1.7289290289368442,1.601648349706187,final
medium,1,fx,,3.325000,1.730200843461976,1.6039254208752762,final
medium,1,fx,,3.350000,1.731441896828568,1.6061684289713845,final
medium,1,fx,,3.375000,1.7326531932207418,1.6083779480597964,final
medium,1,fx,,3.400000,1.7338356942782376,1.6105545434388309,final
medium,1,fx,,3.425000,1.7349903213434612,1.6126987716595576,final
medium,1,fx,,3.450000,1.736117957565168,1.6148111805547691,final
medium,1,fx,,3.475000,1.7372194498694669,1.6168923092764607,final
medium,1,fx,,3.500000,1.7382956108079448,1.6189426883411182,final
medium,1,fx,,3.525000,1.7393472202919387,1.6209628396821578,final
medium,1,fx,,3.550000,1.7403750272212175,1.622953276708899,final
medium,1,fx,,3.575000,1.7413797510146884,1.6249145043714908,final
medium,1,fx,,3.600000,1.742362083050104,1.6268470192312494,final
medium,1,fx,,3.625000,1.743322688019179,1.6287513095359003,final
medium,1,fx,,3.650000,1.7442622052040255,1.630627855299244,final
medium,1,fx,,3.675000,1.7451812496803083,1.632477128384804,final
medium,1,fx,,3.700000,1.7460804134521237,1.6342995925930408,final
medium,1,fx,,3.725000,1.746960266523176,1.6360957037517374,final
medium,1,fx,,3.750000,1.7478213579084936,1.6378659098091999,final
medium,1,fx,,3.775000,1.7486642165905724,1.6396106509299275,final
medium,1,fx,,3.800000,1.749489352423552,1.641330359592442,final
medium,1,fx,,3.825000,1.7502972569887432,1.6430254606889751,final
medium,1,fx,,3.850000,1.7510884044045818,1.6446963716267469,final
medium,1,fx,,3.875000,1.7518632520938524,1.6463435024305744,final
medium,1,fx,,3.900000,1.7526222415108135,1.6479672558465768,final
medium,1,fx,,3.925000,1.7533657988306723,1.6495680274467555,final
medium,1,fx,,3.950000,1.7540943356036762,1.651146205734246,final
medium,1,fx,,3.975000,1.7548082493759267,1.6527021722490547,final
medium,1,fx,,4.000000,1.7555079242788805,1.654236301674099,final
medium,1,fx,,4.025000,1.7561937315893619,1.6557489619413992,final
medium,1,fx,,4.050000,1.7568660302617938,1.6572405143382634,final
medium,1,fx,,4.075000,1.7575251674342325,1.6587113136133356,final
medium,1,fx,,4.100000,1.7581714789096898,1.6601617080823763,final
medium,1,fx,,4.125000,1.7588052896141362,1.6615920397336599,final
medium,1,fx,,4.150000,1.7594269140324745,1.663002644332885,final
medium,1,fx,,4.175000,1.7600366566237102,1.6643938515274967,final
medium,1,fx,,4.200000,1.7606348122164468,1.6657659849503361,final
medium,1,fx,,4.225000,1.7612216663857865,1.6671193623225302,final
medium,1,fx,,4.250000,1.7617974958126275,1.668454295555556,final
medium,1,fx,,4.275000,1.7623625686263127,1.6697710908524037,final
medium,1,fx,,4.300000,1.7629171447315002,1.6710700488077885,final
medium,1,fx,,4.325000,1.763461476120106,1.672351464507346,final
medium,1,fx,,4.350000,1.7639958071690844,1.6736156276257725,final
medium,1,fx,,4.375000,1.7645203749247964,1.6748628225238602,final
medium,1,fx,,4.400000,1.7650354093746559,1.6760933283443924,final
medium,1,fx,,4.425000,1.7655411337067055,1.6773074191068635,final
medium,1,fx,,4.450000,1.766037764557747,1.6785053638009961,final
medium,1,fx,,4.475000,1.7665255122505952,1.6796874264790258,final
medium,1,fx,,4.500000,1.7670045810210215,1.6808538663467358,final
medium,1,fx,,4.525000,1.7674751692348893,1.682004937853222,final
medium,1,fx,,4.550000,1.7679374695959775,1.6831408907793708,final
medium,1,fx,,4.575000,1.7683916693449573,1.6842619703250405,final
medium,1,fx,,4.600000,1.7688379504499516,1.685368417194935,final
medium,1,fx,,4.625000,1.769276489789095,1.6864604676831623,final
medium,1,fx,,4.650000,1.7697074593254798,1.687538353756474,final
medium,1,fx,,4.675000,1.770131026274865,1.6886023031361845,final
medium,1,fx,,4.700000,1.770547353266485,1.6896525393787643,final
medium,1,fx,,4.725000,1.7709565984972986,1.6906892819551151,final
medium,1,fx,,4.750000,1.7713589158799867,1.691712746328525,final
medium,1,fx,,4.775000,1.7717544551849929,1.69272314403131,final
medium,1,fx,,4.800000,1.7721433621768894,1.6937206827401463,final
medium,1,fx,,4.825000,1.7725257787453343,1.6947055663501032,final
medium,1,fx,,4.850000,1.7729018430308658,1.695677995047382,final
medium,1,fx,,4.875000,1.7732716895457803,1.6966381653807714,final
medium,1,fx,,4.900000,1.7736354492903135,1.6975862703318307,final
medium,1,fx,,4.925000,1.7739932498643392,1.6985224993838095,final
medium,1,fx,,4.950000,1.774345215574792,1.6994470385893194,final
medium,1,fx,,4.975000,1.7746914675390073,1.7003600706367672,final
medium,1,fx,,5.000000,1.7750321237841493,1.701261774915565,final
medium,1,fx,,5.025000,1.7753672993429237,1.7021523275801298,final
medium,1,fx,,5.050000,1.7756971063457134,1.7030319016126885,final
medium,1,fx,,5.075000,1.7760216541093143,1.7039006668849015,final
medium,1,fx,,5.100000,1.7763410492224088,1.7047587902183228,final
medium,1,fx,,5.125000,1.77665539562792,1.7056064354437073,final
medium,1,fx,,5.150000,1.776964794702386,1.7064437634591885,final
medium,1,fx,,5.175000,1.777269345332473,1.7072709322873345,final
medium,1,fx,,5.200000,1.777569143988758,1.708088097131107,final
medium,1,fx,,5.225000,1.7778642847968875,1.7088954104287313,final
medium,1,fx,,5.250000,1.7781548596062307,1.7096930219075017,final
medium,1,fx,,5.275000,1.7784409580561245,1.7104810786365339,final
medium,1,fx,,5.300000,1.7787226676398151,1.711259725078483,final
medium,1,fx,,5.325000,1.7790000737661853,1.7120291031402441,final
medium,1,fx,,5.350000,1.7792732598193666,1.7127893522226525,final
medium,1,fx,,5.375000,1.7795423072163121,1.7135406092691985,final
medium,1,fx,,5.400000,1.779807295462418,1.714283008813776,final
medium,1,fx,,5.425000,1.780068302205274,1.7150166830274802,final
medium,1,fx,,5.450000,1.7803254032866074,1.7157417617644724,final
medium,1,fx,,5.475000,1.7805786727925075,1.7164583726069251,final
medium,1,fx,,5.500000,1.7808281831019797,1.7171666409090691,final
medium,1,fx,,5.525000,1.7810740049339118,1.717866689840354,final
medium,1,fx,,5.550000,1.781316207392502,1.7185586404277413,final
medium,1,fx,,5.575000,1.7815548580112122,1.7192426115971444,final
medium,1,fx,,5.600000,1.7817900227953045,1.719918720214034,final
medium,1,fx,,5.625000,1.7820217662630111,1.7205870811232205,final
medium,1,fx,,5.650000,1.7822501514853948,1.721247807187832,final
medium,1,fx,,5.675000,1.782475240124939,1.7219010093275047,final
medium,1,fx,,5.700000,1.782697092472931,1.7225467965557948,final
medium,1,fx,,5.725000,1.7829157674856646,1.7231852760168345,final
medium,1,fx,,5.750000,1.7831313228195191,1.7238165530212408,final
medium,1,fx,,5.775000,1.783343814864952,1.7244407310812953,final
medium,1,fx,,5.800000,1.7835532987794416,1.725057911945408,final
medium,1,fx,,5.825000,1.783759828519422,1.7256681956318787,final
medium,1,fx,,5.850000,1.783963456871246,1.7262716804619718,final
medium,1,fx,,5.875000,1.7841642354812042,1.7268684630923166,final
medium,1,fx,,5.900000,1.7843622148846476,1.727458638546647,final
medium,1,fx,,5.925000,1.7845574445342296,1.7280423002468948,final
medium,1,fx,,5.950000,1.7847499728273084,1.728619540043648,final
medium,1,fx,,5.975000,1.7849398471325384,1.7291904482459888,final
medium,1,fx,,6.000000,1.7851271138156732,1.7297551136507232,final
medium,1,fc,0.5,0.000000,1.0,0.9999961712608588,final
medium,1,fc,0.5,0.025000,0.9995015948374725,0.9983586646344352,final
medium,1,fc,0.5,0.050000,0.9980088368388729,0.9934854371990305,final
medium,1,fc,0.5,0.075000,0.9955289943201157,0.9854913576191164,final
medium,1,fc,0.5,0.100000,0.9920738602147284,0.9745583236306017,final
medium,1,fc,0.5,0.125000,0.9876591595598858,0.9609224860044977,final
medium,1,fc,0.5,0.150000,0.9823034205591651,0.9448590526338713,final
medium,1,fc,0.5,0.175000,0.9760261210233988,0.9266665678644719,final
medium,1,fc,0.5,0.200000,0.9688450683108009,0.906652287270015,final
medium,1,fc,0.5,0.225000,0.9607732021563028,0.8851197735940066,final
medium,1,fc,0.5,0.250000,0.9518152762187188,0.8623592877190294,final
medium,1,fc,0.5,0.275000,0.9419650982139779,0.838641066508284,final
medium,1,fc,0.5,0.300000,0.9312041030347405,0.8142112349444125,final
medium,1,fc,0.5,0.325000,0.9195019301448832,0.7892899055662282,final
medium,1,fc,0.5,0.350000,0.9068193569918684,0.7640709501109981,final
medium,1,fc,0.5,0.375000,0.8931134551369724,0.738722947888542,final
medium,1,fc,0.5,0.400000,0.8783443048963375,0.7133908845188547,final
medium,1,fc,0.5,0.425000,0.8624821872873797,0.6881982632946789,final
medium,1,fc,0.5,0.450000,0.8455140164609798,0.663249379897375,final
medium,1,fc,0.5,0.475000,0.8274479563711952,0.6386315887919551,final
medium,1,fc,0.5,0.500000,0.808315641875804,0.614417452116793,final
medium,1,fc,0.5,0.525000,0.788172042498792,0.5906667090105318,final
medium,1,fc,0.5,0.550000,0.7670935524442724,0.5674280368849434,final
medium,1,fc,0.5,0.575000,0.7451751763996891,0.5447405987383155,final
medium,1,fc,0.5,0.600000,0.7225276270006562,0.5226353848308631,final
medium,1,fc,0.5,0.625000,0.6992748125631081,0.5011363652156074,final
medium,1,fc,0.5,0.650000,0.6755517325379723,0.4802614735958944,final
medium,1,fc,0.5,0.675000,0.6515024035369466,0.46002344418289265,final
medium,1,fc,0.5,0.700000,0.6272772571808426,0.4404305226879344,final
medium,1,fc,0.5,0.725000,0.6030295391115122,0.4214870710332323,final
medium,1,fc,0.5,0.750000,0.5789105554150977,0.4031940832949596,final
medium,1,fc,0.5,0.775000,0.5550640427437916,0.38554962812948085,final
medium,1,fc,0.5,0.800000,0.5316203316418231,0.36854923068108175,final
medium,1,fc,0.5,0.825000,0.5086911921141085,0.35218620484951263,final
medium,1,fc,0.5,0.850000,0.4863662163811264,0.3364519448742073,final
medium,1,fc,0.5,0.875000,0.46471131093677076,0.3213361834989273,final
medium,1,fc,0.5,0.900000,0.44376942807202835,0.306827222522449,final
medium,1,fc,0.5,0.925000,0.42356320798149705,0.2929121403100752,final
medium,1,fc,0.5,0.950000,0.4040988669251713,0.2795769798212084,final
medium,1,fc,0.5,0.975000,0.3853705409644669,0.2668069198795077,final
medium,1,fc,0.5,1.000000,0.3673643832802205,0.25458643175180856,final
medium,1,fc,0.5,1.025000,0.3500619484098616,0.24289942258726716,final
medium,1,fc,0.5,1.050000,0.33344267674998695,0.23172936687701973,final
medium,1,fc,0.5,1.075000,0.31748552568196353,0.22105942680628568,final
medium,1,fc,0.5,1.100000,0.30216992925391106,0.21087256216631964,final
medium,1,fc,0.5,1.125000,0.28747630354972786,0.20115163035586586,final
medium,1,fc,0.5,1.150000,0.273386279964418,0.1918794769158274,final
medium,1,fc,0.5,1.175000,0.25988278463871994,0.18303901699379402,final
medium,1,fc,0.5,1.200000,0.24695002265331778,0.1746133081159656,final
medium,1,fc,0.5,1.225000,0.2345733874666759,0.16658561464383392,final
medium,1,fc,0.5,1.250000,0.22273930152602905,0.15893946430447428,final
medium,1,fc,0.5,1.275000,0.21143499586792158,0.15165869720073666,final
medium,1,fc,0.5,1.300000,0.2006482452151589,0.14472750772673904,final
medium,1,fc,0.5,1.325000,0.19036708290730298,0.13813047983167853,final
medium,1,fc,0.5,1.350000,0.18057952300706326,0.13185261608906113,final
medium,1,fc,0.5,1.375000,0.17127331450321348,0.1258793610376418,final
medium,1,fc,0.5,1.400000,0.16243574615168233,0.12019661926408308,final
medium,1,fc,0.5,1.425000,0.15405351234922926,0.11479076869543448,final
medium,1,fc,0.5,1.450000,0.1461126424804553,0.1096486695622258,final
medium,1,fc,0.5,1.475000,0.1385984897091671,0.10475766948076473,final
medium,1,fc,0.5,1.500000,0.13149577076436036,0.10010560508677041,final
medium,1,fc,0.5,1.525000,0.12478864589966898,0.09568080063249802,final
medium,1,fc,0.5,1.550000,0.11846082754540266,0.09147206393676467,final
medium,1,fc,0.5,1.575000,0.11249570675034593,0.08746868005254455,final
medium,1,fc,0.5,1.600000,0.10687648785533388,0.08366040299072135,final
medium,1,fc,0.5,1.625000,0.1015863235595641,0.08003744581183542,final
medium,1,fc,0.5,1.650000,0.0966084443455475,0.07659046937076666,final
medium,1,fc,0.5,1.675000,0.0919262779321296,0.07331056997272188,final
medium,1,fc,0.5,1.700000,0.08752355592194516,0.07018926617305912,final
medium,1,fc,0.5,1.725000,0.0833844060549036,0.06721848492863296,final
medium,1,fc,0.5,1.750000,0.07949342946721472,0.06439054728477098,final
medium,1,fc,0.5,1.775000,0.07583576310400741,0.0616981537598125,final
medium,1,fc,0.5,1.800000,0.07239712797254683,0.059134369568493717,final
medium,1,fc,0.5,1.825000,0.06916386428656573,0.05669260980638358,final
medium,1,fc,0.5,1.850000,0.06612295477415608,0.05436662470009754,final
medium,1,fc,0.5,1.875000,0.06326203753309856,0.05215048501211195,final
medium,1,fc,0.5,1.900000,0.06056940984556802,0.050038567674637165,final
medium,1,fc,0.5,1.925000,0.05803402433169491,0.0480255417141179,final
medium,1,fc,0.5,1.950000,0.055645478747185506,0.04610635451642435,final
medium,1,fc,0.5,1.975000,0.053394000629019334,0.04427621847262877,final
medium,1,fc,0.5,2.000000,0.05127042787673153,0.042530598036290536,final
medium,1,fc,0.5,2.025000,0.04926618623375123,0.04086519721532707,final
medium,1,fc,0.5,2.050000,0.047373264510114255,0.03927594751474929,final
medium,1,fc,0.5,2.075000,0.045584188269160886,0.03775899634064951,final
medium,1,fc,0.5,2.100000,0.04389199258955889,0.03631069587080901,final
medium,1,fc,0.5,2.125000,0.042290194412026194,0.03492759239300612,final
medium,1,fc,0.5,2.150000,0.040772764888388324,0.033606416108520214,final
medium,1,fc,0.5,2.175000,0.0393341020693837,0.032344071395319085,final
medium,1,fc,0.5,2.200000,0.037969004196723555,0.03113762752295615,final
medium,1,fc,0.5,2.225000,0.03667264380381807,0.029984309809202872,final
medium,1,fc,0.5,2.250000,0.0354405427775637,0.028881491206847024,final
medium,1,fc,0.5,2.275000,0.03426854848982552,0.027826684307850874,final
medium,1,fc,0.5,2.300000,0.033152811070856436,0.026817533751129878,final
medium,1,fc,0.5,2.325000,0.03208976186700285,0.025851809019539436,final
medium,1,fc,0.5,2.350000,0.03107609310079451,0.024927397611219253,final
medium,1,fc,0.5,2.375000,0.030108738732132156,0.024042298570184424,final
medium,1,fc,0.5,2.400000,0.029184856504031687,0.02319461636096361,final
medium,1,fc,0.5,2.425000,0.02830181114462693,0.022382555072118837,final
medium,1,fc,0.5,2.450000,0.02745715868828158,0.021604412933645116,final
medium,1,fc,0.5,2.475000,0.026648631872232875,0.020858577133474034,final
medium,1,fc,0.5,2.500000,0.025874126560730848,0.020143518918636836,final
medium,1,fc,0.5,2.525000,0.025131689145797442,0.019457788967005542,final
medium,1,fc,0.5,2.550000,0.02441950487217548,0.01880001301595232,final
medium,1,fc,0.5,2.575000,0.02373588703351681,0.018168887734721407,final
medium,1,fc,0.5,2.600000,0.02307926698714291,0.017563176827779654,final
medium,1,fc,0.5,2.625000,0.022448184935623616,0.016981707356906937,final
medium,1,fc,0.5,2.650000,0.021841281424796022,0.016423366270288828,final
medium,1,fc,0.5,2.675000,0.02125728950958472,0.01588709712737786,final
medium,1,fc,0.5,2.700000,0.020695027540956534,0.015371897008789036,final
medium,1,fc,0.5,2.725000,0.02015339252949855,0.014876813601008254,final
medium,1,fc,0.5,2.750000,0.019631354043355254,0.014400942446161183,final
medium,1,fc,0.5,2.775000,0.019127948600564326,0.01394342434758682,final
medium,1,fc,0.5,2.800000,0.018642274518147484,0.0135034429224213,final
medium,1,fc,0.5,2.825000,0.018173487182603143,0.013080222292847036,final
medium,1,fc,0.5,2.850000,0.017720794708700693,0.012673024908103358,final
medium,1,fc,0.5,2.875000,0.017283453955659778,0.012281149489774493,final
medium,1,fc,0.5,2.900000,0.01686076687190985,0.011903929093276212,final
medium,1,fc,0.5,2.925000,0.016452077141650867,0.0115407292788442,final
medium,1,fc,0.5,2.950000,0.016056767108364234,0.011190946385711102,final
medium,1,fc,0.5,2.975000,0.01567425495226349,0.010854005903492529,final
medium,1,fc,0.5,3.000000,0.015303992100407227,0.010529360935159847,final
medium,1,fc,0.5,3.025000,0.014945460849836611,0.010216490746280376,final
medium,1,fc,0.5,3.050000,0.014598172185639302,0.00991489939552285,final
medium,1,fc,0.5,3.075000,0.014261663777284772,0.00962411444170394,final
medium,1,fc,0.5,3.100000,0.013935498137923275,0.009343685722933544,final
medium,1,fc,0.5,3.125000,0.01361926093260113,0.009073184203666275,final
medium,1,fc,0.5,3.150000,0.01331255942251175,0.00881220088572273,final
medium,1,fc,0.5,3.175000,0.01301502103349017,0.00856034577956125,final
medium,1,fc,0.5,3.200000,0.01272629203796305,0.008317246932311853,final
medium,1,fc,0.5,3.225000,0.012446036340496014,0.008082549509281826,final
medium,1,fc,0.5,3.250000,0.012173934357938343,0.007855914925840547,final
medium,1,fc,0.5,3.275000,0.01190968198595388,0.007637020026771776,final
medium,1,fc,0.5,3.300000,0.011652989644455602,0.007425556310355653,final
medium,1,fc,0.5,3.325000,0.011403581395123874,0.007221229194605152,final
medium,1,fc,0.5,3.350000,0.01116119412480443,0.007023757323232783,final
medium,1,fc,0.5,3.375000,0.01092557678913686,0.0068328719090709365,final
medium,1,fc,0.5,3.400000,0.01069648971127668,0.006648316112797191,final
medium,1,fc,0.5,3.425000,0.010473703931042855,0.006469844454954951,final
medium,1,fc,0.5,3.450000,0.010257000600241928,0.006297222259364868,final
medium,1,fc,0.5,3.475000,0.01004617042031386,0.006130225126150202,final
medium,1,fc,0.5,3.500000,0.009841013118790376,0.005968638432691078,final
medium,1,fc,0.5,3.525000,0.009641336961379698,0.005812256860931846,final
medium,1,fc,0.5,3.550000,0.009446958296782437,0.005660883949557558,final
medium,1,fc,0.5,3.575000,0.009257701131601959,0.005514331669634566,final
medium,1,fc,0.5,3.600000,0.009073396732958594,0.005372420022408773,final
medium,1,fc,0.5,3.625000,0.008893883256625768,0.0052349766580150085,final
medium,1,fc,0.5,3.650000,0.008719005398705515,0.0051018365139386904,final
medium,1,fc,0.5,3.675000,0.00854861406903984,0.0049728414721276004,final
medium,1,fc,0.5,3.700000,0.008382566084708665,0.004847840033726076,final
medium,1,fc,0.5,3.725000,0.00822072388211681,0.004726687010453871,final
medium,1,fc,0.5,3.750000,0.008062955246297077,0.0046092432317188185,final
medium,1,fc,0.5,3.775000,0.007909133056181794,0.004495375266596954,final
medium,1,fc,0.5,3.800000,0.007759135044695609,0.00438495515987154,final
medium,1,fc,0.5,3.825000,0.0076128435726239285,0.004277860181360855,final
medium,1,fc,0.5,3.850000,0.007470145415298557,0.00417397258781929,final
medium,1,fc,0.5,3.875000,0.00733093156121889,0.004073179396726176,final
medium,1,fc,0.5,3.900000,0.0071950970218029875,0.003975372171325868,final
medium,1,fc,0.5,3.925000,0.0070625406515244515,0.003880446816315581,final
medium,1,fc,0.5,3.950000,0.006933164977752759,0.0037883033836064225,final
medium,1,fc,0.5,3.975000,0.006806876039667786,0.0036988458876262074,final
medium,1,fc,0.5,4.000000,0.006683583235666646,0.0036119821296561735,final
medium,1,fc,0.5,4.025000,0.006563199178728052,0.0035276235307199755,final
medium,1,fc,0.5,4.050000,0.006445639559237604,0.003445684972579932,final
medium,1,fc,0.5,4.075000,0.0063308230148151345,0.0033660846464103494,final
medium,1,fc,0.5,4.100000,0.006218671006719245,0.0032887439087498005,final
medium,1,fc,0.5,4.125000,0.006109107702433447,0.0032135871443476484,final
medium,1,fc,0.5,4.150000,0.006002059864068876,0.003140541635555781,final
medium,1,fc,0.5,4.175000,0.005897456742241736,0.003069537437917249,final
medium,1,fc,0.5,4.200000,0.005795229975108285,0.003000507261639546,final
medium,1,fc,0.5,4.225000,0.005695313492262599,0.002933386358647509,final
medium,1,fc,0.5,4.250000,0.005597643423221332,0.002868112414932197,final
medium,1,fc,0.5,4.275000,0.005502158010237235,0.0028046254479229715,final
medium,1,fc,0.5,4.300000,0.005408797525202624,0.002742867708632816,final
medium,1,fc,0.5,4.325000,0.005317504190416655,0.0026827835883323843,final
medium,1,fc,0.5,4.350000,0.0052282221030073295,0.0026243195295232785,final
medium,1,fc,0.5,4.375000,0.00514089716280941,0.0025674239410017246,final
medium,1,fc,0.5,4.400000,0.005055477003515385,0.002512047116799274,final
medium,1,fc,0.5,4.425000,0.004971910926925283,0.0024581411588165073,final
medium,1,fc,0.5,4.450000,0.004890149840131919,0.0024056599029599174,final
medium,1,fc,0.5,4.475000,0.004810146195490694,0.0023545588486135268,final
medium,1,fc,0.5,4.500000,0.0047318539332282805,0.002304795091278237,final
medium,1,fc,0.5,4.525000,0.0046552284265560795,0.0022563272582273074,final
medium,1,fc,0.5,4.550000,0.004580226429161671,0.002209115447027629,final
medium,1,fc,0.5,4.575000,0.0045068060249569,0.002163121166787322,final
medium,1,fc,0.5,4.600000,0.0044349265799720206,0.0021183072820026927,final
medium,1,fc,0.5,4.625000,0.004364548696287218,0.0020746379588730468,final
medium,1,fc,0.5,4.650000,0.0042956341679032395,0.002032078613968704,final
medium,1,fc,0.5,4.675000,0.004228145938454553,0.0019905958651390177,final
medium,1,fc,0.5,4.700000,0.004162048060677437,0.0019501574845522565,final
medium,1,fc,0.5,4.725000,0.004097305657547179,0.0019107323537686412,final
medium,1,fc,0.5,4.750000,0.004033884885005556,0.0018722904207485434,final
medium,1,fc,0.5,4.775000,0.003971752896202108,0.0018348026587054643,final
medium,1,fc,0.5,4.800000,0.003910877807179247,0.0017982410267173958,final
medium,1,fc,0.5,4.825000,0.0038512286639329485,0.001762578432014152,final
medium,1,fc,0.5,4.850000,0.003792775410784599,0.0017277886938635106,final
medium,1,fc,0.5,4.875000,0.003735488860004521,0.0016938465089809934,final
medium,1,fc,0.5,4.900000,0.0036793406626295377,0.0016607274183924714,final
medium,1,fc,0.5,4.925000,0.0036243032804199604,0.001628407775686919,final
medium,1,fc,0.5,4.950000,0.003570349958904706,0.001596864716589041,final
medium,1,fc,0.5,4.975000,0.0035174547014656943,0.0015660761297978003,final
medium,1,fc,0.5,5.000000,0.0034655922444157827,0.001536020629028713,final
medium,1,fc,0.5,5.025000,0.0034147380330246113,0.0015066775262095645,final
medium,1,fc,0.5,5.050000,0.0033648681984531637,0.0014780268057724868,final
medium,1,fc,0.5,5.075000,0.0033159595355549687,0.0014500490999996532,final
medium,1,fc,0.5,5.100000,0.003267989481507305,0.0014227256653687938,final
medium,1,fc,0.5,5.125000,0.0032209360952374366,0.0013960383598590484,final
medium,1,fc,0.5,5.150000,0.003174778037607906,0.0013699696211715122,final
medium,1,fc,0.5,5.175000,0.0031294945523310247,0.001344502445826072,final
medium,1,fc,0.5,5.200000,0.0030850654475785833,0.001319620369094148,final
medium,1,fc,0.5,5.225000,0.0030414710782614707,0.0012953074457320137,final
medium,1,fc,0.5,5.250000,0.0029986923289468947,0.0012715482314793827,final
medium,1,fc,0.5,5.275000,0.002956710597390999,0.0012483277652897444,final
medium,1,fc,0.5,5.300000,0.0029155077786579,0.0012256315522594916,final
medium,1,fc,0.5,5.325000,0.002875066249803271,0.0012034455472299352,final
medium,1,fc,0.5,5.350000,0.002835368855098941,0.0011817561390265222,final
medium,1,fc,0.5,5.375000,0.002796398891776408,0.0011605501353155188,final
medium,1,fc,0.5,5.400000,0.002758140096268402,0.0011398147480441024,final
medium,1,fc,0.5,5.425000,0.002720576630928395,0.0011195375794464772,final
medium,1,fc,0.5,5.450000,0.0026836930712099694,0.0010997066085859438,final
medium,1,fc,0.5,5.475000,0.0026474743932863865,0.0010803101784139062,final
medium,1,fc,0.5,5.500000,0.002611905962094929,0.0010613369833224516,final
medium,1,fc,0.5,5.525000,0.002576973519786696,0.0010427760571714813,final
medium,1,fc,0.5,5.550000,0.002542663174569304,0.0010246167617677558,final
medium,1,fc,0.5,5.575000,0.0025089613899254015,0.001006848775780092,final
medium,1,fc,0.5,5.600000,0.0024758549741917824,0.0009894620840704305,final
medium,1,fc,0.5,5.625000,0.0024433310704879974,0.000972446967424831,final
medium,1,fc,0.5,5.650000,0.0024113771469786993,0.0009557939926686374,final
medium,1,fc,0.5,5.675000,0.0023799809874577305,0.0009394940031462534,final
medium,1,fc,0.5,5.700000,0.0023491306822436275,0.0009235381095562882,final
medium,1,fc,0.5,5.725000,0.0023188146193715564,0.0009079176811237815,final
medium,1,fc,0.5,5.750000,0.0022890214760739047,0.0008926243370957384,final
medium,1,fc,0.5,5.775000,0.0022597402105366537,0.000877649938550017,final
medium,1,fc,0.5,5.800000,0.002230960053922759,0.0008629865805003556,final
medium,1,fc,0.5,5.825000,0.0022026705026519933,0.0008486265842915688,final
medium,1,fc,0.5,5.850000,0.0021748613109279225,0.0008345624902662513,final
medium,1,fc,0.5,5.875000,0.0021475224835034723,0.0008207870506999125,final
medium,1,fc,0.5,5.900000,0.0021206442686763083,0.0008072932229858862,final
medium,1,fc,0.5,5.925000,0.002094217151505706,0.0007940741630678401,final
medium,1,fc,0.5,5.950000,0.0020682318472426964,0.0007811232191043099,final
medium,1,fc,0.5,5.975000,0.0020426792949669315,0.0007684339253583744,final
medium,1,fc,0.5,6.000000,0.002017550651421618,0.0007559999963054072,final
medium,1,fc,2,0.000000,1.0,0.9999979292399579,final
medium,1,fc,2,0.025000,1.0002308237849242,0.9992961010731113,final
medium,1,fc,2,0.050000,1.000921635906391,0.9971948653968338,final
medium,1,fc,2,0.075000,1.0020663366104903,0.9937069079517921,final
medium,1,fc,2,0.100000,1.0036525270130152,0.9888531709729896,final
medium,1,fc,2,0.125000,1.0056598750532364,0.9826625583062567,final
medium,1,fc,2,0.150000,1.0080587662979656,0.9751715344708285,final
medium,1,fc,2,0.175000,1.0108092558152395,0.9664236288215278,final
medium,1,fc,2,0.200000,1.013860333206613,0.95646885815437,final
medium,1,fc,2,0.225000,1.0171495108066189,0.9453630826547406,final
medium,1,fc,2,0.250000,1.0206027433319897,0.9331673109752425,final
medium,1,fc,2,0.275000,1.0241346835638747,0.919946970463837,final
medium,1,fc,2,0.300000,1.0276492709265368,0.9057711581949571,final
medium,1,fc,2,0.325000,1.0310406375135823,0.890711887570984,final
medium,1,fc,2,0.350000,1.0341943011016925,0.8748433439638938,final
medium,1,fc,2,0.375000,1.0369886015254062,0.8582411612720591,final
medium,1,fc,2,0.400000,1.0392963315722905,0.8409817294902436,final
medium,1,fc,2,0.425000,1.0409865216182574,0.8231415415386202,final
medium,1,fc,2,0.450000,1.0419263601574438,0.8047965857616002,final
medium,1,fc,2,0.475000,1.041983265779859,0.7860217887637229,final
medium,1,fc,2,0.500000,1.0410271592628748,0.7668905116525188,final
medium,1,fc,2,0.525000,1.0389330024807828,0.7474741013425734,final
medium,1,fc,2,0.550000,1.0355836594804717,0.72784149735908,final
medium,1,fc,2,0.575000,1.0308730857867903,0.7080588935663934,final
medium,1,fc,2,0.600000,1.0247097664458913,0.6881894534295714,final
medium,1,fc,2,0.625000,1.0170202154721433,0.668293076778535,final
medium,1,fc,2,0.650000,1.007752244604709,0.6484262155643347,final
medium,1,fc,2,0.675000,0.9968776398829464,0.6286417357517053,final
medium,1,fc,2,0.700000,0.9843938815035183,0.6089888222581751,final
medium,1,fc,2,0.725000,0.9703246243214234,0.589512923705394,final
medium,1,fc,2,0.750000,0.9547188183938972,0.570255733673549,final
medium,1,fc,2,0.775000,0.9376485574685408,0.551255205128223,final
medium,1,fc,2,0.800000,0.9192059416257612,0.5325455947076924,final
medium,1,fc,2,0.825000,0.8994993676649198,0.5141575336073486,final
medium,1,fc,2,0.850000,0.8786496782170168,0.49611812186950627,final
medium,1,fc,2,0.875000,0.8567865101444262,0.4784510429764151,final
medium,1,fc,2,0.900000,0.8340450287119868,0.4611766957488485,final
medium,1,fc,2,0.925000,0.8105630816817354,0.4443123406704296,final
medium,1,fc,2,0.950000,0.7864787119968564,0.4278722578879763,final
medium,1,fc,2,0.975000,0.7619279495280625,0.4118679142800541,final
medium,1,fc,2,1.000000,0.7370428432071634,0.39630813713912205,final
medium,1,fc,2,1.025000,0.7119497539600261,0.38119929217645976,final
medium,1,fc,2,1.050000,0.6867679672081378,0.3665454637324295,final
medium,1,fc,2,1.075000,0.6616086823170754,0.35234863525610427,final
medium,1,fc,2,1.100000,0.6365744000613918,0.3386088683060421,final
medium,1,fc,2,1.125000,0.6117586780661689,0.325324478515772,final
medium,1,fc,2,1.150000,0.5872461804625275,0.31249220716094483,final
medium,1,fc,2,1.175000,0.5631129257951755,0.3001073871574854,final
medium,1,fc,2,1.200000,0.5394266392532716,0.28816410250883695,final
medium,1,fc,2,1.225000,0.5162471353386217,0.27665534040303363,final
medium,1,fc,2,1.250000,0.4936266851282387,0.2655731353345545,final
medium,1,fc,2,1.275000,0.471610349210152,0.2549087047897165,final
medium,1,fc,2,1.300000,0.4502362775040587,0.24465257618608027,final
medium,1,fc,2,1.325000,0.429535988681655,0.234794704894746,final
medium,1,fc,2,1.350000,0.4095346457499356,0.22532458329861285,final
medium,1,fc,2,1.375000,0.39025134290330443,0.21623134094921204,final
medium,1,fc,2,1.400000,0.37169941450635846,0.2075038359795181,final
medium,1,fc,2,1.425000,0.35388677202933727,0.199130738010403,final
medium,1,fc,2,1.450000,0.3368162701597569,0.19110060285465802,final
medium,1,fc,2,1.475000,0.32048609972304276,0.18340193937552854,final
medium,1,fc,2,1.500000,0.3048902025699348,0.17602326889740094,final
medium,1,fc,2,1.525000,0.2900187020951046,0.16895317759573308,final
medium,1,fc,2,1.550000,0.2758583423240555,0.16218036231265762,final
medium,1,fc,2,1.575000,0.26239292833761785,0.15569367025510647,final
medium,1,fc,2,1.600000,0.2496037610337345,0.14948213303498506,final
medium,1,fc,2,1.625000,0.23747005974039093,0.1435349955070108,final
medium,1,fc,2,1.650000,0.22596936691147063,0.13784173985045117,final
medium,1,fc,2,1.675000,0.215077929998564,0.13239210532712925,final
medium,1,fc,2,1.700000,0.20477105654471428,0.12717610413072902,final
medium,1,fc,2,1.725000,0.19502343954249024,0.12218403372238908,final
medium,1,fc,2,1.750000,0.18580945109264602,0.11740648602565415,final
medium,1,fc,2,1.775000,0.1771034033491462,0.11283435383068481,final
medium,1,fc,2,1.800000,0.1688797766059078,0.1084588347337509,final
medium,1,fc,2,1.825000,0.16111341514327715,0.1042714329139894,final
medium,1,fc,2,1.850000,0.15377969209052544,0.10026395902552457,final
medium,1,fc,2,1.875000,0.14685464506654344,0.09642852845968962,final
medium,1,fc,2,1.900000,0.14031508473505838,0.09275755820948363,final
medium,1,fc,2,1.925000,0.13413867866052742,0.08924376254675773,final
medium,1,fc,2,1.950000,0.12830401298896654,0.08588014770206033,final
medium,1,fc,2,1.975000,0.12279063452001204,0.08266000571771653,final
medium,1,fc,2,2.000000,0.11757907569960846,0.07957690762659296,final
medium,1,fc,2,2.025000,0.11265086496407062,0.07662469609216203,final
medium,1,fc,2,2.050000,0.10798852472208487,0.0737974776299044,final
medium,1,fc,2,2.075000,0.10357555908604588,0.07108961451578498,final
medium,1,fc,2,2.100000,0.09939643327049397,0.06849571647443305,final
medium,1,fc,2,2.125000,0.09543654637361454,0.06601063222774378,final
medium,1,fc,2,2.150000,0.09168219905598696,0.06362944097380911,final
medium,1,fc,2,2.175000,0.08812055743515901,0.06134744385632948,final
medium,1,fc,2,2.200000,0.08473961432963328,0.05916015547589158,final
medium,1,fc,2,2.225000,0.0815281488143631,0.05706329548664664,final
medium,1,fc,2,2.250000,0.07847568489361068,0.05505278031492643,final
medium,1,fc,2,2.275000,0.07557244995673351,0.05312471503010885,final
medium,1,fc,2,2.300000,0.07280933355815633,0.0512753853925513,final
medium,1,fc,2,2.325000,0.07017784695395046,0.049501250098557395,final
medium,1,fc,2,2.350000,0.06767008373317274,0.047798933238089425,final
medium,1,fc,2,2.375000,0.06527868180134644,0.046165216977224074,final
medium,1,fc,2,2.400000,0.06299678690491839,0.044597034474109544,final
medium,1,fc,2,2.425000,0.060818017827976245,0.04309146303439602,final
medium,1,fc,2,2.450000,0.05873643334465639,0.04164571750968536,final
medium,1,fc,2,2.475000,0.05674650097134604,0.040257143940502574,final
medium,1,fc,2,2.500000,0.05484306753082624,0.038923213443524764,final
medium,1,fc,2,2.525000,0.0530213315149084,0.03764151634132921,final
medium,1,fc,2,2.550000,0.05127681721194277,0.036409756531684365,final
medium,1,fc,2,2.575000,0.04960535054998627,0.03522574609238472,final
medium,1,fc,2,2.600000,0.04800303659470129,0.034087400116785065,final
medium,1,fc,2,2.625000,0.04646623863254695,0.03299273177452561,final
medium,1,fc,2,2.650000,0.044991558763994854,0.03193984759139919,final
medium,1,fc,2,2.675000,0.04357581992785531,0.030926942941904803,final
medium,1,fc,2,2.700000,0.042216049275940803,0.029952297747731768,final
medium,1,fc,2,2.725000,0.04090946281687513,0.02901427237521226,final
medium,1,fc,2,2.750000,0.03965345124857289,0.02811130372463498,final
medium,1,fc,2,2.775000,0.03844556690053769,0.027241901504269916,final
medium,1,fc,2,2.800000,0.03728351170943667,0.026404644681927984,final
medium,1,fc,2,2.825000,0.0361651261542274,0.025598178106928483,final
medium,1,fc,2,2.850000,0.03508837908032314,0.024821209295431242,final
medium,1,fc,2,2.875000,0.03405135834572326,0.024072505372191445,final
medium,1,fc,2,2.900000,0.03305226222565927,0.023350890161948933,final
medium,1,fc,2,2.925000,0.032089391515985444,0.022655241423814636,final
medium,1,fc,2,2.950000,0.031161142279252707,0.02198448822219974,final
medium,1,fc,2,2.975000,0.030265999181070535,0.021337608428025324,final
medium,1,fc,2,3.000000,0.029402529367950736,0.020713626344142904,final
medium,1,fc,2,3.025000,0.02856937684130778,0.020111610449121096,final
medium,1,fc,2,3.050000,0.02776525728564383,0.019530671253741985,final
medium,1,fc,2,3.075000,0.02698895331214557,0.018969959264783273,final
medium,1,fc,2,3.100000,0.02623931008196323,0.01842866305087054,final
medium,1,fc,2,3.125000,0.025515231276315276,0.01790600740538857,final
medium,1,fc,2,3.150000,0.024815675383267344,0.01740125160166688,final
medium,1,fc,2,3.175000,0.024139652273559742,0.01691368773584563,final
medium,1,fc,2,3.200000,0.023486220040225714,0.016442639153041987,final
medium,1,fc,2,3.225000,0.02285448207892915,0.015987458952627043,final
medium,1,fc,2,3.250000,0.02224358438798879,0.01554752856862642,final
medium,1,fc,2,3.275000,0.0216527130689268,0.015122256421425359,final
medium,1,fc,2,3.300000,0.021081092010113656,0.014711076637163482,final
medium,1,fc,2,3.325000,0.020527980737663598,0.014313447831357885,final
medium,1,fc,2,3.350000,0.019992672419190893,0.013928851953473702,final
medium,1,fc,2,3.375000,0.01947449200736795,0.013556793189317143,final
medium,1,fc,2,3.400000,0.01897279451143752,0.013196796918281035,final
medium,1,fc,2,3.425000,0.01848696338593514,0.012848408722622606,final
medium,1,fc,2,3.450000,0.018016409026882507,0.012511193446095005,final
medium,1,fc,2,3.475000,0.01756056736662448,0.012184734299390572,final
medium,1,fc,2,3.500000,0.017118898559304263,0.011868632009980432,final
medium,1,fc,2,3.525000,0.01669088574972233,0.011562504014061415,final
medium,1,fc,2,3.550000,0.01627603391899568,0.011265983688439207,final
medium,1,fc,2,3.575000,0.015873868801046354,0.010978719620289117,final
medium,1,fc,2,3.600000,0.015483935864498699,0.010700374912838966,final
medium,1,fc,2,3.625000,0.015105799355055738,0.010430626525124654,final
medium,1,fc,2,3.650000,0.014739041393878383,0.010169164644067214,final
medium,1,fc,2,3.675000,0.01438326112788968,0.00991569208720407,final
medium,1,fc,2,3.700000,0.014038073928287487,0.009669923734501585,final
medium,1,fc,2,3.725000,0.0137031106338803,0.009431585987756015,final
medium,1,fc,2,3.750000,0.013378016836148587,0.009200416256170275,final
medium,1,fc,2,3.775000,0.01306245220320279,0.008976162466764602,final
medium,1,fc,2,3.800000,0.012756089840047058,0.008758582598353621,final
medium,1,fc,2,3.825000,0.012458615682769958,0.00854744423788731,final
medium,1,fc,2,3.850000,0.012169727924480234,0.008342524158018077,final
medium,1,fc,2,3.875000,0.011889136470979556,0.008143607914814084,final
medium,1,fc,2,3.900000,0.011616562424322407,0.007950489464597189,final
medium,1,fc,2,3.925000,0.011351737592555589,0.007762970798941056,final
medium,1,fc,2,3.950000,0.0110944040240607,0.007580861596905375,final
medium,1,fc,2,3.975000,0.010844313565039565,0.007403978893646075,final
medium,1,fc,2,4.000000,0.010601227438789551,0.0072321467645740005,final
medium,1,fc,2,4.025000,0.010364915845512579,0.0070651960242810626,final
medium,1,fc,2,4.050000,0.010135157581490861,0.00690296393950086,final
medium,1,fc,2,4.075000,0.009911739676541242,0.006745293955398438,final
medium,1,fc,2,4.100000,0.009694457048736393,0.00659203543452906,final
medium,1,fc,2,4.125000,0.009483112175446062,0.0064430434078363,final
medium,1,fc,2,4.150000,0.009277514779814866,0.006298178337093973,final
medium,1,fc,2,4.175000,0.009077481531850617,0.006157305888229191,final
medium,1,fc,2,4.200000,0.008882835763347363,0.006020296714986096,final
medium,1,fc,2,4.225000,0.00869340719591749,0.005887026252428785,final
medium,1,fc,2,4.250000,0.008509031681451562,0.005757374519800969,final
medium,1,fc,2,4.275000,0.008329550954365272,0.005631225932281169,final
medium,1,fc,2,4.300000,0.008154812395030131,0.005508469121209777,final
medium,1,fc,2,4.325000,0.007984668803823314,0.005388996762367058,final
medium,1,fc,2,4.350000,0.007818978185260561,0.005272705411922309,final
medium,1,fc,2,4.375000,0.007657603541710523,0.005159495349679465,final
medium,1,fc,2,4.400000,0.007500412676214152,0.005049270429270179,final
medium,1,fc,2,4.425000,0.007347278003963953,0.004941937934961711,final
medium,1,fc,2,4.450000,0.007198076372016082,0.004837408444764286,final
medium,1,fc,2,4.475000,0.00705268888683841,0.004735595699538422,final
medium,1,fc,2,4.500000,0.006911000749316387,0.00463641647781682,final
medium,1,fc,2,4.525000,0.006772901096856132,0.004539790476073858,final
medium,1,fc,2,4.550000,0.006638282852250321,0.0044456401941804025,final
medium,1,fc,2,4.575000,0.0065070425789826025,0.0043538908258078015,final
medium,1,fc,2,4.600000,0.006379080342669874,0.004264470153542824,final
medium,1,fc,2,4.625000,0.00625429957835244,0.004177308448501121,final
medium,1,fc,2,4.650000,0.0061326069633608205,0.00409233837422035,final
medium,1,fc,2,4.675000,0.006013912295499413,0.004009494894645649,final
medium,1,fc,2,4.700000,0.005898128376301881,0.003928715186011864,final
medium,1,fc,2,4.725000,0.005785170899126446,0.003849938552444208,final
medium,1,fc,2,4.750000,0.0056749583418674865,0.0037731063451085585,final
medium,1,fc,2,4.775000,0.005567411864075389,0.003698161884748136,final
medium,1,fc,2,4.800000,0.005462455208285588,0.0036250503874534,final
medium,1,fc,2,4.825000,0.005360014605364394,0.0035537188935180495,final
medium,1,fc,2,4.850000,0.005260018683694745,0.0034841161992384935,final
medium,1,fc,2,4.875000,0.005162398382028699,0.003416192791532784,final
medium,1,fc,2,4.900000,0.00506708686584334,0.003349900785240403,final
medium,1,fc,2,4.925000,0.004974019447047562,0.0032851938629953315,final
medium,1,fc,2,4.950000,0.004883133506888515,0.0032220272175482114,final
medium,1,fc,2,4.975000,0.004794368421921602,0.003160357496432501,final
medium,1,fc,2,5.000000,0.004707665492906354,0.0031001427488730796,final
medium,1,fc,2,5.025000,0.0046229678765047355,0.0030413423748346722,final
medium,1,fc,2,5.050000,0.004540220519657079,0.0029839170761159985,final
medium,1,fc,2,5.075000,0.004459370096523418,0.0029278288094051505,final
medium,1,fc,2,5.100000,0.004380364947878301,0.0028730407412039653,final
medium,1,fc,2,5.125000,0.004303155022854499,0.0028195172045440277,final
medium,1,fc,2,5.150000,0.004227691822936919,0.002767223657416334,final
medium,1,fc,2,5.175000,0.004153928348109015,0.002716126642840039,final
medium,1,fc,2,5.200000,0.004081819045064217,0.0026661937504989823,final
medium,1,fc,2,5.225000,0.004011319757391996,0.0026173935798797948,final
medium,1,fc,2,5.250000,0.003942387677658754,0.00256969570484818,final
medium,1,fc,2,5.275000,0.0038749813013033707,0.002523070639600119,final
medium,1,fc,2,5.300000,0.0038090603822722446,0.002477489805931105,final
medium,1,fc,2,5.325000,0.003744585890321339,0.0024329255017677574,final
medium,1,fc,2,5.350000,0.0036815199699179457,0.002389350870906149,final
medium,1,fc,2,5.375000,0.003619825900675444,0.0023467398739123713,final
medium,1,fc,2,5.400000,0.0035594680592584416,0.002305067260127343,final
medium,1,fc,2,5.425000,0.003500411882699561,0.0022643085407395933,final
medium,1,fc,2,5.450000,0.003442623833068703,0.0022244399628739303,final
medium,1,fc,2,5.475000,0.0033860713634421558,0.002185438484659717,final
medium,1,fc,2,5.500000,0.0033307228851180426,0.002147281751233332,final
medium,1,fc,2,5.525000,0.003276547736028479,0.00210994807163994,final
medium,1,fc,2,5.550000,0.003223516150300365,0.002073416396598594,final
medium,1,fc,2,5.575000,0.0031715992289205186,0.002037666297088671,final
medium,1,fc,2,5.600000,0.0031207689114581827,0.002002677943734377,final
medium,1,fc,2,5.625000,0.0030709979488074968,0.0019684320869470203,final
medium,1,fc,2,5.650000,0.003022259876905631,0.001934910037795905,final
medium,1,fc,2,5.675000,0.0029745289913916118,0.0019020936495821128,final
medium,1,fc,2,5.700000,0.002927780323166429,0.0018699653000843219,final
medium,1,fc,2,5.725000,0.0028819896148215562,0.0018385078744475162,final
medium,1,fc,2,5.750000,0.0028371332979004737,0.001807704748695522,final
medium,1,fc,2,5.775000,0.0027931884709625487,0.0017775397738341902,final
medium,1,fc,2,5.800000,0.0027501328784166335,0.0017479972605298807,final
medium,1,fc,2,5.825000,0.002707944890096514,0.0017190619643353434,final
medium,1,fc,2,5.850000,0.0026666034815484574,0.0016907190714431513,final
medium,1,fc,2,5.875000,0.0026260882150047626,0.0016629541849460688,final
medium,1,fc,2,5.900000,0.002586379221016788,0.0016357533115849763,final
medium,1,fc,2,5.925000,0.0025474571807221347,0.0016091028489635777,final
medium,1,fc,2,5.950000,0.00250930330872301,0.0015829895732162476,final
medium,1,fc,2,5.975000,0.002471899336551564,0.0015574006271040614,final
medium,1,fc,2,6.000000,0.00243522749670122,0.0015323235085293945,final
medium,1,fc,5,0.000000,1.0,0.9999990149527557,final
medium,1,fc,5,0.025000,1.0004486904003724,0.9995535545956326,final
medium,1,fc,5,0.050000,1.00179223972836,0.9982182550348954,final
medium,1,fc,5,0.075000,1.0040224698860216,0.9959963639857915,final
medium,1,fc,5,0.100000,1.0071245420231942,0.9928933046151531,final
medium,1,fc,5,0.125000,1.011076092004235,0.988916689954814,final
medium,1,fc,5,0.150000,1.0158465411219104,0.9840763410260884,final
medium,1,fc,5,0.175000,1.021396592854639,0.9783843067201043,final
medium,1,fc,5,0.200000,1.0276779228873778,0.9718548830579382,final
medium,1,fc,5,0.225000,1.0346330660942256,0.9645046291303571,final
medium,1,fc,5,0.250000,1.0421955004703753,0.95635237680383,final
medium,1,fc,5,0.275000,1.0502899239475911,0.9474192311874634,final
medium,1,fc,5,0.300000,1.0588327156157515,0.9377285588901255,final
medium,1,fc,5,0.325000,1.0677325682711925,0.9273059612587633,final
medium,1,fc,5,0.350000,1.076891274795845,0.9161792300730569,final
medium,1,fc,5,0.375000,1.0862046472041573,0.904378283568314,final
medium,1,fc,5,0.400000,1.0955635449401397,0.8919350811532322,final
medium,1,fc,5,0.425000,1.1048549887378802,0.8788835157629997,final
medium,1,fc,5,0.450000,1.1139633382949765,0.8652592834188174,final
medium,1,fc,5,0.475000,1.1227715157496767,0.8510997302275789,final
medium,1,fc,5,0.500000,1.131162261341345,0.8364436777241008,final
medium,1,fc,5,0.525000,1.1390194108734382,0.8213312281068833,final
medium,1,fc,5,0.550000,1.1462291847050385,0.8058035515220902,final
medium,1,fc,5,0.575000,1.152681473552349,0.789902658086808,final
medium,1,fc,5,0.600000,1.158271097408229,0.7736711577926741,final
medium,1,fc,5,0.625000,1.1628990025361758,0.7571520117798487,final
medium,1,fc,5,0.650000,1.1664733521147146,0.7403882787090609,final
medium,1,fc,5,0.675000,1.1689104643063126,0.7234228600810844,final
medium,1,fc,5,0.700000,1.1701355620940614,0.7062982483585597,final
medium,1,fc,5,0.725000,1.1700833234261188,0.6890562816393245,final
medium,1,fc,5,0.750000,1.1686982535980919,0.6717379084223036,final
medium,1,fc,5,0.775000,1.1659349342420506,0.6543829657089731,final
medium,1,fc,5,0.800000,1.1617582220097038,0.6370299733105577,final
medium,1,fc,5,0.825000,1.1561434651745872,0.6197159468002725,final
medium,1,fc,5,0.850000,1.1490767764083505,0.6024762310788355,final
medium,1,fc,5,0.875000,1.140555353817662,0.5853443560278541,final
medium,1,fc,5,0.900000,1.130587796247765,0.5683519152265687,final
medium,1,fc,5,0.925000,1.1191943294607616,0.5515284682184035,final
medium,1,fc,5,0.950000,1.1064068565945993,0.5349014663486072,final
medium,1,fc,5,0.975000,1.0922687680254084,0.5184962017644935,final
medium,1,fc,5,1.000000,1.0768344820495575,0.5023357787844921,final
medium,1,fc,5,1.025000,1.0601687249806844,0.4864411065080455,final
medium,1,fc,5,1.050000,1.042345586525305,0.4708309112594444,final
medium,1,fc,5,1.075000,1.0234473993736646,0.45552176723692184,final
medium,1,fc,5,1.100000,1.0035634928884902,0.44052814357346226,final
medium,1,fc,5,1.125000,0.9827888651356785,0.42586246590588206,final
medium,1,fc,5,1.150000,0.9612228108147972,0.41153519049035014,final
medium,1,fc,5,1.175000,0.9389675381412244,0.3975548888910253,final
medium,1,fc,5,1.200000,0.9161268058402384,0.38392834129850273,final
medium,1,fc,5,1.225000,0.8928046106906515,0.370660636600358,final
medium,1,fc,5,1.250000,0.8691039545786704,0.3577552774211005,final
medium,1,fc,5,1.275000,0.8451257164984319,0.34521428846717805,final
medium,1,fc,5,1.300000,0.8209676491536209,0.3330383266483743,final
medium,1,fc,5,1.325000,0.7967235125018156,0.32122679159448314,final
medium,1,fc,5,1.350000,0.7724823489372153,0.30977793534049813,final
medium,1,fc,5,1.375000,0.7483278979989813,0.2986889701102368,final
medium,1,fc,5,1.400000,0.7243381433263599,0.2879561732835211,final
medium,1,fc,5,1.425000,0.7005849813707987,0.277574988782547,final
medium,1,fc,5,1.450000,0.6771339999918538,0.26754012425636026,final
medium,1,fc,5,1.475000,0.6540443550893013,0.25784564357642004,final
medium,1,fc,5,1.500000,0.6313687343214471,0.24848505427970202,final
medium,1,fc,5,1.525000,0.609153398216805,0.2394513897077521,final
medium,1,fc,5,1.550000,0.5874382902055283,0.2307372856900662,final
medium,1,fc,5,1.575000,0.5662572080327588,0.2223350517080542,final
medium,1,fc,5,1.600000,0.5456380295697556,0.2142367365518528,final
medium,1,fc,5,1.625000,0.5256029862278995,0.20643418854680623,final
medium,1,fc,5,1.650000,0.5061689770982946,0.198919110480207,final
medium,1,fc,5,1.675000,0.48734791671292677,0.19168310940259609,final
medium,1,fc,5,1.700000,0.4691471090813194,0.1847177415124742,final
medium,1,fc,5,1.725000,0.45156964050737936,0.17801455235952063,final
medium,1,fc,5,1.750000,0.43461478370967066,0.1715651126203154,final
medium,1,fc,5,1.775000,0.4182784059934215,0.16536104971299231,final
medium,1,fc,5,1.800000,0.40255337465941254,0.15939407552411586,final
medium,1,fc,5,1.825000,0.38742995346219733,0.1536560105231757,final
medium,1,fc,5,1.850000,0.3728961847086477,0.14813880453823608,final
medium,1,fc,5,1.875000,0.35893825246834987,0.14283455446115373,final
medium,1,fc,5,1.900000,0.34554082329863034,0.13773551914301999,final
medium,1,fc,5,1.925000,0.3326873618205898,0.13283413173068498,final
medium,1,fc,5,1.950000,0.32036041937727333,0.12812300968388157,final
medium,1,fc,5,1.975000,0.3085418948287838,0.12359496270000238,final
medium,1,fc,5,2.000000,0.2972132672691439,0.11924299876040963,final
medium,1,fc,5,2.025000,0.28635580107275893,0.11506032849854929,final
medium,1,fc,5,2.050000,0.2759507241892263,0.11104036807640862,final
medium,1,fc,5,2.075000,0.26597938100530794,0.10717674074218457,final
medium,1,fc,5,2.100000,0.25642336138867905,0.10346327722860513,final
medium,1,fc,5,2.125000,0.2472646077292604,0.09989401513832925,final
medium,1,fc,5,2.150000,0.23848550191253648,0.09646319745030717,final
medium,1,fc,5,2.175000,0.23006893420793473,0.09316527026902503,final
medium,1,fc,5,2.200000,0.22199835604690465,0.08999487992723759,final
medium,1,fc,5,2.225000,0.21425781861186866,0.08694686954211561,final
medium,1,fc,5,2.250000,0.20683199906979943,0.0840162751147613,final
medium,1,fc,5,2.275000,0.1997062161724843,0.08119832125375193,final
medium,1,fc,5,2.300000,0.1928664368179256,0.07848841659474731,final
medium,1,fc,5,2.325000,0.18629927503065502,0.07588214898026313,final
medium,1,fc,5,2.350000,0.17999198467855426,0.07337528045640314,final
medium,1,fc,5,2.375000,0.17393244710448097,0.0709637421366524,final
medium,1,fc,5,2.400000,0.16810915471580157,0.06864362897674837,final
medium,1,fc,5,2.425000,0.1625111914462416,0.06641119449909502,final
medium,1,fc,5,2.450000,0.1571282108838974,0.06426284550016602,final
medium,1,fc,5,2.475000,0.1519504127477983,0.06219513676981234,final
medium,1,fc,5,2.500000,0.14696851829355306,0.060204765847302694,final
medium,1,fc,5,2.525000,0.14217374513654724,0.05828856783526772,final
medium,1,fc,5,2.550000,0.13755778189868062,0.05644351028943357,final
medium,1,fc,5,2.575000,0.13311276301141128,0.05466668819911841,final
medium,1,fc,5,2.600000,0.1288312439434277,0.05295531907085509,final
medium,1,fc,5,2.625000,0.12470617706498821,0.05130673812520908,final
medium,1,fc,5,2.650000,0.12073088831223733,0.04971839361481907,final
medium,1,fc,5,2.675000,0.11689905477296303,0.048187842269903004,final
medium,1,fc,5,2.700000,0.11320468327964572,0.046712744875897896,final
medium,1,fc,5,2.725000,0.10964209006562031,0.045290861986530255,final
medium,1,fc,5,2.750000,0.10620588151512889,0.04392004977442389,final
medium,1,fc,5,2.775000,0.10289093601739929,0.04259825602031256,final
medium,1,fc,5,2.800000,0.09969238691810423,0.04132351624104625,final
medium,1,fc,5,2.825000,0.09660560654814732,0.04009394995580804,final
medium,1,fc,5,2.850000,0.09362619129923044,0.03890775708931617,final
medium,1,fc,5,2.875000,0.09074994770768008,0.037763214510238105,final
medium,1,fc,5,2.900000,0.08797287950215693,0.036658672702594416,final
medium,1,fc,5,2.925000,0.08529117556683741,0.03559255256754023,final
medium,1,fc,5,2.950000,0.0827011987691294,0.034563342352615975,final
medium,1,fc,5,2.975000,0.08019947559970975,0.03356959470530945,final
medium,1,fc,5,3.000000,0.0777826865724135,0.03260992384757856,final
medium,1,fc,5,3.025000,0.07544765733208181,0.03168300286784069,final
medium,1,fc,5,3.050000,0.07319135041969138,0.030787561126827977,final
medium,1,fc,5,3.075000,0.07101085764580806,0.02992238177364323,final
medium,1,fc,5,3.100000,0.06890339302550708,0.02908629936830695,final
medium,1,fc,5,3.125000,0.06686628623025093,0.028278197607078143,final
medium,1,fc,5,3.150000,0.06489697651475923,0.02749700714683811,final
medium,1,fc,5,3.175000,0.06299300707952493,0.02674170352486146,final
medium,1,fc,5,3.200000,0.06115201983231211,0.026011305170332698,final
medium,1,fc,5,3.225000,0.05937175051461352,0.025304871504035504,final
medium,1,fc,5,3.250000,0.05765002416166187,0.024621501122705596,final
medium,1,fc,5,3.275000,0.05598475086709809,0.02396033006461559,final
medium,1,fc,5,3.300000,0.05437392182582579,0.02332053015304608,final
medium,1,fc,5,3.325000,0.05281560563086263,0.022701307414390606,final
medium,1,fc,5,3.350000,0.0513079448021696,0.022101900567731217,final
medium,1,fc,5,3.375000,0.049849152527450036,0.02152157958282148,final
medium,1,fc,5,3.400000,0.04843750959679194,0.020959644303520642,final
medium,1,fc,5,3.425000,0.04707136151476021,0.020415423133807592,final
medium,1,fc,5,3.450000,0.04574911577514107,0.019888271783622076,final
medium,1,fc,5,3.475000,0.04446923928499669,0.019377572071868618,final
medium,1,fc,5,3.500000,0.04323025592602292,0.018882730784027312,final
medium,1,fc,5,3.525000,0.04203074424240305,0.01840317858190917,final
medium,1,fc,5,3.550000,0.04086933524544645,0.017938368963193514,final
medium,1,fc,5,3.575000,0.0397447103262788,0.017487777268482583,final
medium,1,fc,5,3.600000,0.038655599268738294,0.017050899733695963,final
medium,1,fc,5,3.625000,0.037600778355416975,0.01662725258572584,final
medium,1,fc,5,3.650000,0.03657906856049786,0.01621637117935688,final
medium,1,fc,5,3.675000,0.035589333823665914,0.015817809173541454,final
medium,1,fc,5,3.700000,0.03463047939992969,0.015431137745210538,final
medium,1,fc,5,3.725000,0.03370145028069038,0.015055944838867765,final
medium,1,fc,5,3.750000,0.032801229681832744,0.014691834450308115,final
medium,1,fc,5,3.775000,0.031928837595005755,0.014338425942863312,final
medium,1,fc,5,3.800000,0.03108332939860503,0.013995353394657682,final
medium,1,fc,5,3.825000,0.030263794525271837,0.013662264975421378,final
medium,1,fc,5,3.850000,0.029469355182997536,0.013338822351480577,final
medium,1,fc,5,3.875000,0.028699165127157866,0.0130247001176001,final
medium,1,fc,5,3.900000,0.02795240848101399,0.012719585254425991,final
medium,1,fc,5,3.925000,0.027228298602401724,0.012423176610320625,final
medium,1,fc,5,3.950000,0.026526076994498826,0.012135184406454037,final
medium,1,fc,5,3.975000,0.025845012258704614,0.011855329764055456,final
medium,1,fc,5,4.000000,0.025184399087798015,0.011583344252793145,final
medium,1,fc,5,4.025000,0.024543557297656005,0.011318969459285231,final
medium,1,fc,5,4.050000,0.023921830895920038,0.011061956574806305,final
medium,1,fc,5,4.075000,0.023318587186088813,0.010812066001288487,final
medium,1,fc,5,4.100000,0.022733215905602955,0.010569066974763647,final
medium,1,fc,5,4.125000,0.022165128396562817,0.010332737205431649,final
medium,1,fc,5,4.150000,0.02161375680778621,0.010102862533580738,final
medium,1,fc,5,4.175000,0.021078553326983163,0.009879236600621332,final
medium,1,fc,5,4.200000,0.020558989441874176,0.009661660534531725,final
medium,1,fc,5,4.225000,0.020054555229139126,0.009449942649044966,final
medium,1,fc,5,4.250000,0.019564758670128635,0.009243898155941826,final
medium,1,fc,5,4.275000,0.01908912499231674,0.00904334888984183,final
medium,1,fc,5,4.300000,0.01862719603551799,0.008848123044917012,final
medium,1,fc,5,4.325000,0.0181785296419279,0.00865805492297805,final
medium,1,fc,5,4.350000,0.01774269906909076,0.008472984692407837,final
medium,1,fc,5,4.375000,0.017319292424923693,0.008292758157448845,final
medium,1,fc,5,4.400000,0.01690791212397058,0.008117226537362866,final
medium,1,fc,5,4.425000,0.016508174364083805,0.007946246255021595,final
medium,1,fc,5,4.450000,0.016119708622764573,0.007779678734485535,final
medium,1,fc,5,4.475000,0.015742157172422333,0.007617390207175521,final
medium,1,fc,5,4.500000,0.015375174613840192,0.00745925152623505,final
medium,1,fc,5,4.525000,0.01501842742716153,0.007305137988719207,final
medium,1,fc,5,4.550000,0.014671593539735683,0.007154929165255192,final
medium,1,fc,5,4.575000,0.01433436191018822,0.007008508736834862,final
medium,1,fc,5,4.600000,0.01400643212810293,0.006865764338424728,final
medium,1,fc,5,4.625000,0.013687514028725256,0.006726587409077422,final
medium,1,fc,5,4.650000,0.013377327322120713,0.006590873048268464,final
medium,1,fc,5,4.675000,0.013075601236239076,0.0064585198781628465,final
medium,1,fc,5,4.700000,0.01278207417336008,0.006329429911565912,final
medium,1,fc,5,4.725000,0.012496493379412388,0.006203508425289461,final
medium,1,fc,5,4.750000,0.01221861462567675,0.006080663838708088,final
medium,1,fc,5,4.775000,0.011948201902405087,0.005960807597265741,final
medium,1,fc,5,4.800000,0.011685027123901293,0.005843854060718774,final
medium,1,fc,5,4.825000,0.011428869844629319,0.005729720395912886,final
medium,1,fc,5,4.850000,0.011179516985928117,0.005618326473881569,final
medium,1,fc,5,4.875000,0.010936762572930525,0.0055095947710962845,final
medium,1,fc,5,4.900000,0.010700407481297192,0.005403450274670497,final
medium,1,fc,5,4.925000,0.01047025919339295,0.005299820391357137,final
medium,1,fc,5,4.950000,0.01024613156354326,0.00519863486017101,final
medium,1,fc,5,4.975000,0.010027844592028101,0.005099825668480255,final
medium,1,fc,5,5.000000,0.009815224207477713,0.005003326971419181,final
medium,1,fc,5,5.025000,0.009608102057350743,0.004909075014477372,final
medium,1,fc,5,5.050000,0.00940631530618663,0.004817008059132411,final
medium,1,fc,5,5.075000,0.009209706441336896,0.004727066311396233,final
medium,1,fc,5,5.100000,0.009018123085887564,0.004639191853146637,final
medium,1,fc,5,5.125000,0.008831417818501275,0.004553328576135116,final
medium,1,fc,5,5.150000,0.008649447999914739,0.004469422118547324,final
medium,1,fc,5,5.175000,0.008472075605836071,0.0043874198040178055,final
medium,1,fc,5,5.200000,0.008299167066000979,0.0043072705829917705,final
medium,1,fc,5,5.225000,0.008130593109151096,0.004228924976334929,final
medium,1,fc,5,5.250000,0.007966228613710769,0.004152335021101629,final
medium,1,fc,5,5.275000,0.007805952463943555,0.004077454218365142,final
medium,1,fc,5,5.300000,0.007649647411381522,0.0040042374830345975,final
medium,1,fc,5,5.325000,0.007497199941326804,0.003932641095565119,final
medium,1,fc,5,5.350000,0.007348500144231607,0.003862622655491328,final
medium,1,fc,5,5.375000,0.007203441591772997,0.0037941410367080836,final
medium,1,fc,5,5.400000,0.007061921217443201,0.003727156344421023,final
medium,1,fc,5,5.425000,0.0069238392014846495,0.003661629873710311,final
medium,1,fc,5,5.450000,0.006789098860005116,0.0035975240696294233,final
medium,1,fc,5,5.475000,0.006657606538115424,0.003534802488785088,final
medium,1,fc,5,5.500000,0.006529271506935719,0.00347342976233753,final
medium,1,fc,5,5.525000,0.006404005864326767,0.0034133715603585552,final
medium,1,fc,5,5.550000,0.006281724439203273,0.003354594557501852,final
medium,1,fc,5,5.575000,0.006162344699295552,0.003297066399923296,final
medium,1,fc,5,5.600000,0.006045786662229435,0.0032407556734100657,final
medium,1,fc,5,5.625000,0.005931972809798847,0.0031856318726634857,final
medium,1,fc,5,5.650000,0.005820828005311585,0.003131665371696122,final
medium,1,fc,5,5.675000,0.005712279413893406,0.003078827395293707,final
medium,1,fc,5,5.700000,0.0056062564256382785,0.003027089991503894,final
medium,1,fc,5,5.725000,0.005502690581498548,0.0029764260051096687,final
medium,1,fc,5,5.750000,0.0054015155018134475,0.0029268090520475788,final
medium,1,fc,5,5.775000,0.005302666817376345,0.002878213494739797,final
medium,1,fc,5,5.800000,0.005206082102945375,0.002830614418296118,final
medium,1,fc,5,5.825000,0.005111700813108633,0.00278398760755835,final
medium,1,fc,5,5.850000,0.005019464220413772,0.002738309524953898,final
medium,1,fc,5,5.875000,0.004929315355679087,0.00269355728912338,final
medium,1,fc,5,5.900000,0.0048411989504052455,0.002649708654298654,final
medium,1,fc,5,5.925000,0.004755061381209069,0.0026067419903964785,final
medium,1,fc,5,5.950000,0.004670850616204869,0.0025646362638050363,final
medium,1,fc,5,5.975000,0.004588516163261835,0.0025233710188360442,final
medium,1,fc,5,6.000000,0.00450800902006665,0.002482926359813787,final
medium,2,fx,,0.000000,1.0,1.0,final
medium,2,fx,,0.025000,1.0000867837033514,1.0001371734503082,final
medium,2,fx,,0.050000,1.0003467228738416,1.0005484131007953,final
medium,2,fx,,0.075000,1.0007786588877776,1.0012328782849313,final
medium,2,fx,,0.100000,1.0013808214272284,1.002189172660767,final
medium,2,fx,,0.125000,1.0021509593978362,1.0034153513166864,final
medium,2,fx,,0.150000,1.0030864634492411,1.0049089306249135,final
medium,2,fx,,0.175000,1.0041844786439948,1.0066669007499534,final
medium,2,fx,,0.200000,1.0054420062736424,1.0086857406950527,final
medium,2,fx,,0.225000,1.0068559942304582,1.010961435747421,final
medium,2,fx,,0.250000,1.0084234157086205,1.0134894971626558,final
medium,2,fx,,0.275000,1.0101413363317304,1.0162649839108355,final
medium,2,fx,,0.300000,1.0120069700898955,1.0192825262913066,final
medium,2,fx,,0.325000,1.0140177247270272,1.022536351210436,final
medium,2,fx,,0.350000,1.0161712374570961,1.0260203089066646,final
medium,2,fx,,0.375000,1.0184654021172428,1.0297279009001115,final
medium,2,fx,,0.400000,1.0208983890961378,1.0336523089397605,final
medium,2,fx,,0.425000,1.0234686596169533,1.0377864247198565,final
medium,2,fx,,0.450000,1.0261749762126253,1.0421228801384386,final
medium,2,fx,,0.475000,1.0290164115102185,1.0466540778748243,final
medium,2,fx,,0.500000,1.031992357739849,1.0513722220691275,final
medium,2,fx,,0.525000,1.0351025396944404,1.056269348895353,final
medium,2,fx,,0.550000,1.0383470341746834,1.061337356830009,final
medium,2,fx,,0.575000,1.0417262992350882,1.0665680364302768,final
medium,2,fx,,0.600000,1.0452412167678418,1.0719530994492863,final
medium,2,fx,,0.625000,1.0488931520759694,1.0774842071307018,final
medium,2,fx,,0.650000,1.0526840340391408,1.0831529975403624,final
medium,2,fx,,0.675000,1.0566164591967806,1.0889511118088369,final
medium,2,fx,,0.700000,1.060693822488018,1.0948702191752313,final
medium,2,fx,,0.725000,1.0649204764168183,1.1009020407391494,final
medium,2,fx,,0.750000,1.0693019189774409,1.1070383718441337,final
medium,2,fx,,0.775000,1.073845008717966,1.1132711030320084,final
medium,2,fx,,0.800000,1.0785582028031155,1.119592239523111,final
medium,2,fx,,0.825000,1.083451810869555,1.1259939191922888,final
medium,2,fx,,0.850000,1.0885382539140407,1.1324684290245925,final
medium,2,fx,,0.875000,1.09383231355811,1.139008220047757,final
medium,2,fx,,0.900000,1.0993513530188033,1.1456059207506675,final
medium,2,fx,,0.925000,1.105115487298432,1.152254349008086,final
medium,2,fx,,0.950000,1.1111476768853787,1.1589465225418367,final
medium,2,fx,,0.975000,1.1174737170932145,1.1656756679574736,final
medium,2,fx,,1.000000,1.1241220945489954,1.172435228403129,final
medium,2,fx,,1.025000,1.1311236837526852,1.1792188699038115,final
medium,2,fx,,1.050000,1.138511260482778,1.1860204864298936,final
medium,2,fx,,1.075000,1.1463188154126964,1.192834203762979,final
medium,2,fx,,1.100000,1.1545806607478861,1.1996543822257886,final
medium,2,fx,,1.125000,1.1633303348889779,1.2064756183452223,final
medium,2,fx,,1.150000,1.1725993246972426,1.2132927455194251,final
medium,2,fx,,1.175000,1.182415641204769,1.220100833760554,final
medium,2,fx,,1.200000,1.1928023015632092,1.2268951885850992,final
medium,2,fx,,1.225000,1.2037757863161167,1.2336713491231373,final
medium,2,fx,,1.250000,1.2153445550613544,1.2404250855168273,final
medium,2,fx,,1.275000,1.2275077133779637,1.2471523956769321,final
medium,2,fx,,1.300000,1.2402539276184348,1.2538495014641662,final
medium,2,fx,,1.325000,1.253560680122438,1.2605128443598486,final
medium,2,fx,,1.350000,1.2673939444561115,1.2671390806877225,final
medium,2,fx,,1.375000,1.2817083382018912,1.2737250764459462,final
medium,2,fx,,1.400000,1.2964477806111614,1.2802679018052352,final
medium,2,fx,,1.425000,1.3115466464243561,1.2867648253259727,final
medium,2,fx,,1.450000,1.3269313689176767,1.2932133079438641,final
medium,2,fx,,1.475000,1.3425224091066126,1.2996109967704328,final
medium,2,fx,,1.500000,1.3582364785029812,1.3059557187513589,final
medium,2,fx,,1.525000,1.3739888836950582,1.3122454742224083,final
medium,2,fx,,1.550000,1.389695854716611,1.3184784303994812,final
medium,2,fx,,1.575000,1.4052767262434458,1.3246529148361825,final
medium,2,fx,,1.600000,1.4206558597078816,1.330767408879276,final
medium,2,fx,,1.625000,1.4357642224208766,1.3368205411494571,final
medium,2,fx,,1.650000,1.4505405727030316,1.3428110810720784,final
medium,2,fx,,1.675000,1.464932233582204,1.3487379324797883,final
medium,2,fx,,1.700000,1.4788954680417372,1.3546001273065218,final
medium,2,fx,,1.725000,1.492395493337375,1.360396819389886,final
medium,2,fx,,1.750000,1.5054061890371127,1.3661272783967613,final
medium,2,fx,,1.775000,1.517909562896027,1.3717908838848296,final
medium,2,fx,,1.800000,1.5298950411672068,1.3773871195108214,final
medium,2,fx,,1.825000,1.5413586468272105,1.3829155673944546,final
medium,2,fx,,1.850000,1.5523021221093012,1.3883759026453952,final
medium,2,fx,,1.875000,1.5627320423324473,1.3937678880590432,final
medium,2,fx,,1.900000,1.5726589577166685,1.3990913689855675,final
medium,2,fx,,1.925000,1.5820965897891686,1.4043462683753405,final
medium,2,fx,,1.950000,1.591061099861031,1.4095325820027964,final
medium,2,fx,,1.975000,1.5995704393177137,1.4146503738697032,final
medium,2,fx,,2.000000,1.6076437852824528,1.4196997717879212,final
medium,2,fx,,2.025000,1.6153010605541798,1.4246809631409094,final
medium,2,fx,,2.050000,1.6225625334437919,1.4295941908225116,final
medium,2,fx,,2.075000,1.6294484910239202,1.4344397493509262,final
medium,2,fx,,2.100000,1.6359789781359773,1.4392179811552137,final
medium,2,fx,,2.125000,1.642173594040351,1.4439292730312083,final
medium,2,fx,,2.150000,1.6480513386517712,1.4485740527633122,final
medium,2,fx,,2.175000,1.6536305007052339,1.4531527859082907,final
medium,2,fx,,2.200000,1.658928580815514,1.4576659727369123,final
medium,2,fx,,2.225000,1.663962243124383,1.4621141453290472,final
medium,2,fx,,2.250000,1.6687472900008768,1.4664978648176454,final
medium,2,fx,,2.275000,1.6732986550209858,1.470817718776893,final
medium,2,fx,,2.300000,1.6776304101714812,1.475074318749721,final
medium,2,fx,,2.325000,1.681755783879245,1.479268297909802,final
medium,2,fx,,2.350000,1.685687187053311,1.483400308853113,final
medium,2,fx,,2.375000,1.6894362448394091,1.4874710215141502,final
medium,2,fx,,2.400000,1.6930138322282215,1.491481121201892,final
medium,2,fx,,2.425000,1.6964301120336132,1.4954313067506453,final
medium,2,fx,,2.450000,1.6996945740720344,1.4993222887809725,final
medium,2,fx,,2.475000,1.7028160746359895,1.5031547880659621,final
medium,2,fx,,2.500000,1.7058028755698547,1.5069295339981974,final
medium,2,fx,,2.525000,1.7086626824319777,1.5106472631528727,final
medium,2,fx,,2.550000,1.7114026813689318,1.514308717942618,final
medium,2,fx,,2.575000,1.714029574441495,1.5179146453597039,final
medium,2,fx,,2.600000,1.7165496132320668,1.5214657958014208,final
medium,2,fx,,2.625000,1.7189686306339913,1.5249629219745588,final
medium,2,fx,,2.650000,1.7212920707780957,1.5284067778750356,final
medium,2,fx,,2.675000,1.7235250170936538,1.5317981178388593,final
medium,2,fx,,2.700000,1.7256722185324258,1.5351376956607474,final
medium,2,fx,,2.725000,1.7277381140074797,1.538426263776851,final
medium,2,fx,,2.750000,1.729726855114852,1.5416645725081797,final
medium,2,fx,,2.775000,1.731642327217187,1.5448533693614435,final
medium,2,fx,,2.800000,1.7334881689754083,1.5479933983841754,final
medium,2,fx,,2.825000,1.7352677904181897,1.5510853995711167,final
medium,2,fx,,2.850000,1.7369843896402468,1.5541301083189827,final
medium,2,fx,,2.875000,1.7386409682198365,1.5571282549268526,final
medium,2,fx,,2.900000,1.7402403454438737,1.5600805641395499,final
medium,2,fx,,2.925000,1.7417851714260852,1.562987754731498,final
medium,2,fx,,2.950000,1.743277939199949,1.5658505391286572,final
medium,2,fx,,2.975000,1.7447209958640357,1.5686696230662598,final
medium,2,fx,,3.000000,1.7461165528530032,1.5714457052801694,final
medium,2,fx,,3.025000,1.7474666954029665,1.5741794772298021,final
medium,2,fx,,3.050000,1.7487733912754582,1.5768716228506432,final
medium,2,fx,,3.075000,1.750038498799743,1.5795228183344976,final
medium,2,fx,,3.100000,1.7512637742889283,1.5821337319357038,final
medium,2,fx,,3.125000,1.752450878881147,1.5847050238016365,final
medium,2,fx,,3.150000,1.7536013848531584,1.587237345825908,final
medium,2,fx,,3.175000,1.754716781449954,1.5897313415227634,final
medium,2,fx,,3.200000,1.7557984802704483,1.592187645921248,final
medium,2,fx,,3.225000,1.7568478202460507,1.5946068854777975,final
medium,2,fx,,3.250000,1.7578660722458603,1.5969896780059818,final
medium,2,fx,,3.275000,1.7588544433393745,1.5993366326221994,final
medium,2,fx,,3.300000,1.7598140807449938,1.601648349706187,final
medium,2,fx,,3.325000,1.760746075490183,1.6039254208752762,final
medium,2,fx,,3.350000,1.7616514658069147,1.6061684289713845,final
medium,2,fx,,3.375000,1.7625312402839917,1.6083779480597964,final
medium,2,fx,,3.400000,1.7633863407959585,1.6105545434388309,final
medium,2,fx,,3.425000,1.7642176652266173,1.6126987716595576,final
medium,2,fx,,3.450000,1.7650260700035776,1.6148111805547691,final
medium,2,fx,,3.475000,1.765812372458859,1.6168923092764607,final
medium,2,fx,,3.500000,1.7665773530292488,1.6189426883411182,final
medium,2,fx,,3.525000,1.767321757308945,1.6209628396821578,final
medium,2,fx,,3.550000,1.768046297965919,1.622953276708899,final
medium,2,fx,,3.575000,1.768751656532457,1.6249145043714908,final
medium,2,fx,,3.600000,1.76943848507945,1.6268470192312494,final
medium,2,fx,,3.625000,1.7701074077831729,1.6287513095359003,final
medium,2,fx,,3.650000,1.7707590223925707,1.630627855299244,final
medium,2,fx,,3.675000,1.7713939016043905,1.632477128384804,final
medium,2,fx,,3.700000,1.772012594352875,1.6342995925930408,final
medium,2,fx,,3.725000,1.7726156270202047,1.6360957037517374,final
medium,2,fx,,3.750000,1.7732035045733334,1.6378659098091999,final
medium,2,fx,,3.775000,1.7737767116324425,1.6396106509299275,final
medium,2,fx,,3.800000,1.7743357134757787,1.641330359592442,final
medium,2,fx,,3.825000,1.7748809569852926,1.6430254606889751,final
medium,2,fx,,3.850000,1.775412871537127,1.6446963716267469,final
medium,2,fx,,3.875000,1.7759318698406952,1.6463435024305744,final
medium,2,fx,,3.900000,1.7764383487297992,1.6479672558465768,final
medium,2,fx,,3.925000,1.7769326899089675,1.6495680274467555,final
medium,2,fx,,3.950000,1.7774152606579643,1.651146205734246,final
medium,2,fx,,3.975000,1.7778864144971842,1.6527021722490547,final
medium,2,fx,,4.000000,1.7783464918164569,1.654236301674099,final
medium,2,fx,,4.025000,1.7787958204695984,1.6557489619413992,final
medium,2,fx,,4.050000,1.7792347163368665,1.6572405143382634,final
medium,2,fx,,4.075000,1.7796634838573437,1.6587113136133356,final
medium,2,fx,,4.100000,1.7800824165330968,1.6601617080823763,final
medium,2,fx,,4.125000,1.7804917974068604,1.6615920397336599,final
medium,2,fx,,4.150000,1.7808918995148546,1.663002644332885,final
medium,2,fx,,4.175000,1.7812829863162365,1.6643938515274967,final
medium,2,fx,,4.200000,1.7816653121005823,1.6657659849503361,final
medium,2,fx,,4.225000,1.7820391223747145,1.6671193623225302,final
medium,2,fx,,4.250000,1.7824046542300753,1.668454295555556,final
medium,2,fx,,4.275000,1.7827621366917954,1.6697710908524037,final
medium,2,fx,,4.300000,1.7831117910505074,1.6710700488077885,final
medium,2,fx,,4.325000,1.7834538311779,1.672351464507346,final
medium,2,fx,,4.350000,1.7837884638269392,1.6736156276257725,final
medium,2,fx,,4.375000,1.784115888917621,1.6748628225238602,final
medium,2,fx,,4.400000,1.7844362998090666,1.6760933283443924,final
medium,2,fx,,4.425000,1.7847498835587206,1.6773074191068635,final
medium,2,fx,,4.450000,1.7850568211693634,1.6785053638009961,final
medium,2,fx,,4.475000,1.7853572878246082,1.6796874264790258,final
medium,2,fx,,4.500000,1.7856514531134993,1.6808538663467358,final
medium,2,fx,,4.525000,1.7859394812448108,1.682004937853222,final
medium,2,fx,,4.550000,1.7862215312515894,1.6831408907793708,final
medium,2,fx,,4.575000,1.7864977571864593,1.6842619703250405,final
medium,2,fx,,4.600000,1.78676830830818,1.685368417194935,final
medium,2,fx,,4.625000,1.7870333292599114,1.6864604676831623,final
medium,2,fx,,4.650000,1.7872929602396173,1.687538353756474,final
medium,2,fx,,4.675000,1.7875473371630113,1.6886023031361845,final
medium,2,fx,,4.700000,1.7877965918194267,1.6896525393787643,final
medium,2,fx,,4.725000,1.7880408520209725,1.6906892819551151,final
medium,2,fx,,4.750000,1.7882802417453068,1.691712746328525,final
medium,2,fx,,4.775000,1.7885148812723526,1.69272314403131,final
medium,2,fx,,4.800000,1.7887448873152545,1.6937206827401463,final
medium,2,fx,,4.825000,1.7889703731458584,1.6947055663501032,final
medium,2,fx,,4.850000,1.7891914487149827,1.695677995047382,final
medium,2,fx,,4.875000,1.7894082207677349,1.6966381653807714,final
medium,2,fx,,4.900000,1.7896207929541093,1.6975862703318307,final
medium,2,fx,,4.925000,1.7898292659350956,1.6985224993838095,final
medium,2,fx,,4.950000,1.7900337374845048,1.6994470385893194,final
medium,2,fx,,4.975000,1.7902343025867211,1.7003600706367672,final
medium,2,fx,,5.000000,1.790431053530565,1.701261774915565,final
medium,2,fx,,5.025000,1.79062407999945,1.7021523275801298,final
medium,2,fx,,5.050000,1.790813469158004,1.7030319016126885,final
medium,2,fx,,5.075000,1.7909993057353173,1.7039006668849015,final
medium,2,fx,,5.100000,1.7911816721049663,1.7047587902183228,final
medium,2,fx,,5.125000,1.791360648361966,1.7056064354437073,final
medium,2,fx,,5.150000,1.7915363123967805,1.7064437634591885,final
medium,2,fx,,5.175000,1.791708739966528,1.7072709322873345,final
medium,2,fx,,5.200000,1.7918780047635001,1.708088097131107,final
medium,2,fx,,5.225000,1.7920441784811172,1.7088954104287313,final
medium,2,fx,,5.250000,1.792207330877429,1.7096930219075017,final
medium,2,fx,,5.275000,1.7923675298362622,1.7104810786365339,final
medium,2,fx,,5.300000,1.7925248414261288,1.711259725078483,final
medium,2,fx,,5.325000,1.7926793299569739,1.7120291031402441,final
medium,2,fx,,5.350000,1.7928310580348696,1.7127893522226525,final
medium,2,fx,,5.375000,1.7929800866147294,1.7135406092691985,final
medium,2,fx,,5.400000,1.7931264750511349,1.714283008813776,final
medium,2,fx,,5.425000,1.7932702811473475,1.7150166830274802,final
medium,2,fx,,5.450000,1.7934115612025825,1.7157417617644724,final
medium,2,fx,,5.475000,1.7935503700576132,1.7164583726069251,final
medium,2,fx,,5.500000,1.793686761138783,1.7171666409090691,final
medium,2,fx,,5.525000,1.793820786500475,1.717866689840354,final
medium,2,fx,,5.550000,1.7939524968661107,1.7185586404277413,final
medium,2,fx,,5.575000,1.7940819416677398,1.7192426115971444,final
medium,2,fx,,5.600000,1.7942091690842648,1.719918720214034,final
medium,2,fx,,5.625000,1.794334226078366,1.7205870811232205,final
medium,2,fx,,5.650000,1.7944571584321711,1.721247807187832,final
medium,2,fx,,5.675000,1.794578010781723,1.7219010093275047,final
medium,2,fx,,5.700000,1.794696826650287,1.7225467965557948,final
medium,2,fx,,5.725000,1.794813648480546,1.7231852760168345,final
medium,2,fx,,5.750000,1.7949285176657264,1.7238165530212408,final
medium,2,fx,,5.775000,1.7950414745796937,1.7244407310812953,final
medium,2,fx,,5.800000,1.7951525586060568,1.725057911945408,final
medium,2,fx,,5.825000,1.7952618081663199,1.7256681956318787,final
medium,2,fx,,5.850000,1.7953692607471157,1.7262716804619718,final
medium,2,fx,,5.875000,1.7954749529265568,1.7268684630923166,final
medium,2,fx,,5.900000,1.795578920399736,1.727458638546647,final
medium,2,fx,,5.925000,1.7956811980034035,1.7280423002468948,final
medium,2,fx,,5.950000,1.7957818197398627,1.728619540043648,final
medium,2,fx,,5.975000,1.7958808188000968,1.7291904482459888,final
medium,2,fx,,6.000000,1.795978227586167,1.7297551136507232,final
medium,2,fc,0.5,0.000000,1.0,0.9999961712608588,final
medium,2,fc,0.5,0.025000,0.9989065770322251,0.9983586646344352,final
medium,2,fc,0.5,0.050000,0.9956357986659798,0.9934854371990305,final
medium,2,fc,0.5,0.075000,0.9902250962265542,0.9854913576191164,final
medium,2,fc,0.5,0.100000,0.982754372363767,0.9745583236306017,final
medium,2,fc,0.5,0.125000,0.9733573655048511,0.9609224860044977,final
medium,2,fc,0.5,0.150000,0.962227807722442,0.9448590526338713,final
medium,2,fc,0.5,0.175000,0.9496186581170496,0.9266665678644719,final
medium,2,fc,0.5,0.200000,0.9358332162037524,0.906652287270015,final
medium,2,fc,0.5,0.225000,0.9212079723897378,0.8851197735940066,final
medium,2,fc,0.5,0.250000,0.9060885398193887,0.8623592877190294,final
medium,2,fc,0.5,0.275000,0.8908016625582289,0.838641066508284,final
medium,2,fc,0.5,0.300000,0.8756276768564633,0.8142112349444125,final
medium,2,fc,0.5,0.325000,0.860778420667324,0.7892899055662282,final
medium,2,fc,0.5,0.350000,0.8463850590217962,0.7640709501109981,final
medium,2,fc,0.5,0.375000,0.8324985359029994,0.738722947888542,final
medium,2,fc,0.5,0.400000,0.8191027016882134,0.7133908845188547,final
medium,2,fc,0.5,0.425000,0.8061372847148075,0.6881982632946789,final
medium,2,fc,0.5,0.450000,0.7935256114185528,0.663249379897375,final
medium,2,fc,0.5,0.475000,0.7812010228536359,0.6386315887919551,final
medium,2,fc,0.5,0.500000,0.7691265839726118,0.614417452116793,final
medium,2,fc,0.5,0.525000,0.7573047325455939,0.5906667090105318,final
medium,2,fc,0.5,0.550000,0.7457763223743186,0.5674280368849434,final
medium,2,fc,0.5,0.575000,0.7346111997167443,0.5447405987383155,final
medium,2,fc,0.5,0.600000,0.7238941988854485,0.5226353848308631,final
medium,2,fc,0.5,0.625000,0.7137108109511441,0.5011363652156074,final
medium,2,fc,0.5,0.650000,0.7041358592018572,0.4802614735958944,final
medium,2,fc,0.5,0.675000,0.6952268445713674,0.46002344418289265,final
medium,2,fc,0.5,0.700000,0.6870219036460082,0.4404305226879344,final
medium,2,fc,0.5,0.725000,0.6795411037628825,0.4214870710332323,final
medium,2,fc,0.5,0.750000,0.6727893217924731,0.4031940832949596,final
medium,2,fc,0.5,0.775000,0.6667591518163768,0.38554962812948085,final
medium,2,fc,0.5,0.800000,0.6614329173430068,0.36854923068108175,final
medium,2,fc,0.5,0.825000,0.6567836285715285,0.35218620484951263,final
medium,2,fc,0.5,0.850000,0.6527753605804293,0.3364519448742073,final
medium,2,fc,0.5,0.875000,0.6493638506388021,0.3213361834989273,final
medium,2,fc,0.5,0.900000,0.6464980480485505,0.306827222522449,final
medium,2,fc,0.5,0.925000,0.6441229504400671,0.2929121403100752,final
medium,2,fc,0.5,0.950000,0.6421834945341112,0.2795769798212084,final
medium,2,fc,0.5,0.975000,0.6406287666641353,0.2668069198795077,final
medium,2,fc,0.5,1.000000,0.6394155602785184,0.25458643175180856,final
medium,2,fc,0.5,1.025000,0.6385104224905246,0.24289942258726716,final
medium,2,fc,0.5,1.050000,0.6378897406619208,0.23172936687701973,final
medium,2,fc,0.5,1.075000,0.6375379534758899,0.22105942680628568,final
medium,2,fc,0.5,1.100000,0.6374444328729874,0.21087256216631964,final
medium,2,fc,0.5,1.125000,0.6375998344917327,0.20115163035586586,final
medium,2,fc,0.5,1.150000,0.637992715495953,0.1918794769158274,final
medium,2,fc,0.5,1.175000,0.6386070215740398,0.18303901699379402,final
medium,2,fc,0.5,1.200000,0.6394207498797237,0.1746133081159656,final
medium,2,fc,0.5,1.225000,0.6404058030198064,0.16658561464383392,final
medium,2,fc,0.5,1.250000,0.6415288306172353,0.15893946430447428,final
medium,2,fc,0.5,1.275000,0.6427527374587657,0.15165869720073666,final
medium,2,fc,0.5,1.300000,0.6440385140103908,0.14472750772673904,final
medium,2,fc,0.5,1.325000,0.6453470895081901,0.13813047983167853,final
medium,2,fc,0.5,1.350000,0.6466409879366966,0.13185261608906113,final
medium,2,fc,0.5,1.375000,0.6478856555900594,0.1258793610376418,final
medium,2,fc,0.5,1.400000,0.6490504071818971,0.12019661926408308,final
medium,2,fc,0.5,1.425000,0.6501089964971363,0.11479076869543448,final
medium,2,fc,0.5,1.450000,0.6510398554410034,0.1096486695622258,final
medium,2,fc,0.5,1.475000,0.6518260645749421,0.10475766948076473,final
medium,2,fc,0.5,1.500000,0.6524551233891573,0.10010560508677041,final
medium,2,fc,0.5,1.525000,0.6529185844895861,0.09568080063249802,final
medium,2,fc,0.5,1.550000,0.6532116067354979,0.09147206393676467,final
medium,2,fc,0.5,1.575000,0.6533324712523065,0.08746868005254455,final
medium,2,fc,0.5,1.600000,0.6532820931935285,0.08366040299072135,final
medium,2,fc,0.5,1.625000,0.6530635522813405,0.08003744581183542,final
medium,2,fc,0.5,1.650000,0.6526816570187157,0.07659046937076666,final
medium,2,fc,0.5,1.675000,0.6521425511237466,0.07331056997272188,final
medium,2,fc,0.5,1.700000,0.6514533660397868,0.07018926617305912,final
medium,2,fc,0.5,1.725000,0.650621920066999,0.06721848492863296,final
medium,2,fc,0.5,1.750000,0.6496564624580288,0.06439054728477098,final
medium,2,fc,0.5,1.775000,0.648565459456836,0.0616981537598125,final
medium,2,fc,0.5,1.800000,0.6473574185077146,0.059134369568493717,final
medium,2,fc,0.5,1.825000,0.6460407465383644,0.05669260980638358,final
medium,2,fc,0.5,1.850000,0.6446236381860442,0.05436662470009754,final
medium,2,fc,0.5,1.875000,0.6431139899854786,0.05215048501211195,final
medium,2,fc,0.5,1.900000,0.6415193367968143,0.050038567674637165,final
medium,2,fc,0.5,1.925000,0.6398468070698805,0.0480255417141179,final
medium,2,fc,0.5,1.950000,0.638103093882482,0.04610635451642435,final
medium,2,fc,0.5,1.975000,0.6362944390329206,0.04427621847262877,final
medium,2,fc,0.5,2.000000,0.6344266277963969,0.042530598036290536,final
medium,2,fc,0.5,2.025000,0.63250499226337,0.04086519721532707,final
medium,2,fc,0.5,2.050000,0.630534421461166,0.03927594751474929,final
medium,2,fc,0.5,2.075000,0.6285193767166559,0.03775899634064951,final
medium,2,fc,0.5,2.100000,0.6264639109476606,0.03631069587080901,final
medium,2,fc,0.5,2.125000,0.6243716907749916,0.03492759239300612,final
medium,2,fc,0.5,2.150000,0.6222460205272756,0.033606416108520214,final
medium,2,fc,0.5,2.175000,0.6200898673687603,0.032344071395319085,final
medium,2,fc,0.5,2.200000,0.61790588691821,0.03113762752295615,final
medium,2,fc,0.5,2.225000,0.6156964488466253,0.029984309809202872,final
medium,2,fc,0.5,2.250000,0.6134636620447865,0.028881491206847024,final
medium,2,fc,0.5,2.275000,0.6112093990402887,0.027826684307850874,final
medium,2,fc,0.5,2.300000,0.6089353194194032,0.026817533751129878,final
medium,2,fc,0.5,2.325000,0.6066428920733249,0.025851809019539436,final
medium,2,fc,0.5,2.350000,0.6043334161424513,0.024927397611219253,final
medium,2,fc,0.5,2.375000,0.6020080405775745,0.024042298570184424,final
medium,2,fc,0.5,2.400000,0.5996677822743569,0.02319461636096361,final
medium,2,fc,0.5,2.425000,0.5973135427681764,0.022382555072118837,final
medium,2,fc,0.5,2.450000,0.5949461235013187,0.021604412933645116,final
medium,2,fc,0.5,2.475000,0.5925662396943253,0.020858577133474034,final
medium,2,fc,0.5,2.500000,0.5901745328687723,0.020143518918636836,final
medium,2,fc,0.5,2.525000,0.5877715820805547,0.019457788967005542,final
medium,2,fc,0.5,2.550000,0.5853579139313442,0.01880001301595232,final
medium,2,fc,0.5,2.575000,0.5829340114318561,0.018168887734721407,final
medium,2,fc,0.5,2.600000,0.580500321794264,0.017563176827779654,final
medium,2,fc,0.5,2.625000,0.5780572632329563,0.016981707356906937,final
medium,2,fc,0.5,2.650000,0.575605230853152,0.016423366270288828,final
medium,2,fc,0.5,2.675000,0.5731446017059598,0.01588709712737786,final
medium,2,fc,0.5,2.700000,0.5706757390865601,0.015371897008789036,final
medium,2,fc,0.5,2.725000,0.568198996149455,0.014876813601008254,final
medium,2,fc,0.5,2.750000,0.5657147189114581,0.014400942446161183,final
medium,2,fc,0.5,2.775000,0.5632232487093298,0.01394342434758682,final
medium,2,fc,0.5,2.800000,0.5607249241749266,0.0135034429224213,final
medium,2,fc,0.5,2.825000,0.558220082786478,0.013080222292847036,final
medium,2,fc,0.5,2.850000,0.5557090620502915,0.012673024908103358,final
medium,2,fc,0.5,2.875000,0.5531922003628065,0.012281149489774493,final
medium,2,fc,0.5,2.900000,0.5506698375986481,0.011903929093276212,final
medium,2,fc,0.5,2.925000,0.5481423154661014,0.0115407292788442,final
medium,2,fc,0.5,2.950000,0.5456099776674045,0.011190946385711102,final
medium,2,fc,0.5,2.975000,0.5430731698973709,0.010854005903492529,final
medium,2,fc,0.5,3.000000,0.5405322397101819,0.010529360935159847,final
medium,2,fc,0.5,3.025000,0.5379875362807565,0.010216490746280376,final
medium,2,fc,0.5,3.050000,0.5354394100838631,0.00991489939552285,final
medium,2,fc,0.5,3.075000,0.5328882125111882,0.00962411444170394,final
medium,2,fc,0.5,3.100000,0.5303342954438187,0.009343685722933544,final
medium,2,fc,0.5,3.125000,0.5277780107950948,0.009073184203666275,final
medium,2,fc,0.5,3.150000,0.5252197100365281,0.00881220088572273,final
medium,2,fc,0.5,3.175000,0.5226597437174196,0.00856034577956125,final
medium,2,fc,0.5,3.200000,0.5200984609869966,0.008317246932311853,final
medium,2,fc,0.5,3.225000,0.5175362091262372,0.008082549509281826,final
medium,2,fc,0.5,3.250000,0.514973333095132,0.007855914925840547,final
medium,2,fc,0.5,3.275000,0.512410175099858,0.007637020026771776,final
medium,2,fc,0.5,3.300000,0.5098470741832511,0.007425556310355653,final
medium,2,fc,0.5,3.325000,0.5072843658410129,0.007221229194605152,final
medium,2,fc,0.5,3.350000,0.5047223816652868,0.007023757323232783,final
medium,2,fc,0.5,3.375000,0.5021614490165442,0.0068328719090709365,final
medium,2,fc,0.5,3.400000,0.4996018907241697,0.006648316112797191,final
medium,2,fc,0.5,3.425000,0.4970440248156409,0.006469844454954951,final
medium,2,fc,0.5,3.450000,0.494488164273837,0.006297222259364868,final
medium,2,fc,0.5,3.475000,0.49193461682169026,0.006130225126150202,final
medium,2,fc,0.5,3.500000,0.4893836847331785,0.005968638432691078,final
medium,2,fc,0.5,3.525000,0.48683566466945205,0.005812256860931846,final
medium,2,fc,0.5,3.550000,0.48429084753879215,0.005660883949557558,final
medium,2,fc,0.5,3.575000,0.48174951837899216,0.005514331669634566,final
medium,2,fc,0.5,3.600000,0.4792119562607188,0.005372420022408773,final
medium,2,fc,0.5,3.625000,0.476678434210384,0.0052349766580150085,final
medium,2,fc,0.5,3.650000,0.474149219151072,0.0051018365139386904,final
medium,2,fc,0.5,3.675000,0.471624571860086,0.0049728414721276004,final
medium,2,fc,0.5,3.700000,0.4691047469417302,0.004847840033726076,final
medium,2,fc,0.5,3.725000,0.46658999281398394,0.004726687010453871,final
medium,2,fc,0.5,3.750000,0.4640805517077988,0.0046092432317188185,final
medium,2,fc,0.5,3.775000,0.46157665967780703,0.004495375266596954,final
medium,2,fc,0.5,3.800000,0.45907854662331493,0.00438495515987154,final
medium,2,fc,0.5,3.825000,0.45658643631851237,0.004277860181360855,final
medium,2,fc,0.5,3.850000,0.45410054645092035,0.00417397258781929,final
medium,2,fc,0.5,3.875000,0.451621088667161,0.004073179396726176,final
medium,2,fc,0.5,3.900000,0.4491482686252084,0.003975372171325868,final
medium,2,fc,0.5,3.925000,0.44668228605235183,0.003880446816315581,final
medium,2,fc,0.5,3.950000,0.444223334808165,0.0037883033836064225,final
medium,2,fc,0.5,3.975000,0.4417716029518417,0.0036988458876262074,final
medium,2,fc,0.5,4.000000,0.4393272728133093,0.0036119821296561735,final
medium,2,fc,0.5,4.025000,0.43689052106759774,0.0035276235307199755,final
medium,2,fc,0.5,4.050000,0.4344615188119878,0.003445684972579932,final
medium,2,fc,0.5,4.075000,0.43204043164550066,0.0033660846464103494,final
medium,2,fc,0.5,4.100000,0.4296274197503529,0.0032887439087498005,final
medium,2,fc,0.5,4.125000,0.42722263797503124,0.0032135871443476484,final
medium,2,fc,0.5,4.150000,0.4248262359186641,0.003140541635555781,final
medium,2,fc,0.5,4.175000,0.42243835801643337,0.003069537437917249,final
medium,2,fc,0.5,4.200000,0.42005914362576724,0.003000507261639546,final
medium,2,fc,0.5,4.225000,0.41768872711309324,0.002933386358647509,final
medium,2,fc,0.5,4.250000,0.4153272379409687,0.002868112414932197,final
medium,2,fc,0.5,4.275000,0.41297480075540394,0.0028046254479229715,final
medium,2,fc,0.5,4.300000,0.4106315354732306,0.002742867708632816,final
medium,2,fc,0.5,4.325000,0.4082975573693799,0.0026827835883323843,final
medium,2,fc,0.5,4.350000,0.4059729771639453,0.0026243195295232785,final
medium,2,fc,0.5,4.375000,0.4036579011089314,0.0025674239410017246,final
medium,2,fc,0.5,4.400000,0.4013524310745884,0.002512047116799274,final
medium,2,fc,0.5,4.425000,0.39905666463525136,0.0024581411588165073,final
medium,2,fc,0.5,4.450000,0.39677069515461794,0.0024056599029599174,final
medium,2,fc,0.5,4.475000,0.39449461187038604,0.0023545588486135268,final
medium,2,fc,0.5,4.500000,0.3922284999782095,0.002304795091278237,final
medium,2,fc,0.5,4.525000,0.3899724407149129,0.0022563272582273074,final
medium,2,fc,0.5,4.550000,0.38772651144092984,0.002209115447027629,final
medium,2,fc,0.5,4.575000,0.3854907857219123,0.002163121166787322,final
medium,2,fc,0.5,4.600000,0.3832653334094971,0.0021183072820026927,final
medium,2,fc,0.5,4.625000,0.38105022072118255,0.0020746379588730468,final
medium,2,fc,0.5,4.650000,0.3788455103192997,0.002032078613968704,final
medium,2,fc,0.5,4.675000,0.376651261389054,0.0019905958651390177,final
medium,2,fc,0.5,4.700000,0.3744675297156157,0.0019501574845522565,final
medium,2,fc,0.5,4.725000,0.37229436776024794,0.0019107323537686412,final
medium,2,fc,0.5,4.750000,0.37013182473544903,0.0018722904207485434,final
medium,2,fc,0.5,4.775000,0.3679799466791107,0.0018348026587054643,final
medium,2,fc,0.5,4.800000,0.3658387765276663,0.0017982410267173958,final
medium,2,fc,0.5,4.825000,0.363708354188236,0.001762578432014152,final
medium,2,fc,0.5,4.850000,0.3615887166097509,0.0017277886938635106,final
medium,2,fc,0.5,4.875000,0.3594798978530557,0.0016938465089809934,final
medium,2,fc,0.5,4.900000,0.35738192915999,0.0016607274183924714,final
medium,2,fc,0.5,4.925000,0.35529483902143255,0.001628407775686919,final
medium,2,fc,0.5,4.950000,0.35321865324432666,0.001596864716589041,final
medium,2,fc,0.5,4.975000,0.35115339501766196,0.0015660761297978003,final
medium,2,fc,0.5,5.000000,0.3490990849774389,0.001536020629028713,final
medium,2,fc,0.5,5.025000,0.34705574127059535,0.0015066775262095645,final
medium,2,fc,0.5,5.050000,0.34502337961790785,0.0014780268057724868,final
medium,2,fc,0.5,5.075000,0.34300201337587155,0.0014500490999996532,final
medium,2,fc,0.5,5.100000,0.34099165359755435,0.0014227256653687938,final
medium,2,fc,0.5,5.125000,0.33899230909244005,0.0013960383598590484,final
medium,2,fc,0.5,5.150000,0.33700398648525287,0.0013699696211715122,final
medium,2,fc,0.5,5.175000,0.33502669027377996,0.001344502445826072,final
medium,2,fc,0.5,5.200000,0.33306042288568904,0.001319620369094148,final
medium,2,fc,0.5,5.225000,0.3311051847343527,0.0012953074457320137,final
medium,2,fc,0.5,5.250000,0.32916097427368407,0.0012715482314793827,final
medium,2,fc,0.5,5.275000,0.3272277880519887,0.0012483277652897444,final
medium,2,fc,0.5,5.300000,0.32530562076484537,0.0012256315522594916,final
medium,2,fc,0.5,5.325000,0.32339446530701843,0.0012034455472299352,final
medium,2,fc,0.5,5.350000,0.3214943128234101,0.0011817561390265222,final
medium,2,fc,0.5,5.375000,0.3196051527590701,0.0011605501353155188,final
medium,2,fc,0.5,5.400000,0.3177269729082528,0.0011398147480441024,final
medium,2,fc,0.5,5.425000,0.3158597594625532,0.0011195375794464772,final
medium,2,fc,0.5,5.450000,0.3140034970581129,0.0010997066085859438,final
medium,2,fc,0.5,5.475000,0.3121581688219146,0.0010803101784139062,final
medium,2,fc,0.5,5.500000,0.3103237564171748,0.0010613369833224516,final
medium,2,fc,0.5,5.525000,0.3085002400878374,0.0010427760571714813,final
medium,2,fc,0.5,5.550000,0.30668759870218965,0.0010246167617677558,final
medium,2,fc,0.5,5.575000,0.3048858097956004,0.001006848775780092,final
medium,2,fc,0.5,5.600000,0.3030948496123944,0.0009894620840704305,final
medium,2,fc,0.5,5.625000,0.3013146931468771,0.000972446967424831,final
medium,2,fc,0.5,5.650000,0.2995453141835145,0.0009557939926686374,final
medium,2,fc,0.5,5.675000,0.29778668533628094,0.0009394940031462534,final
medium,2,fc,0.5,5.700000,0.2960387780871899,0.0009235381095562882,final
medium,2,fc,0.5,5.725000,0.2943015628240083,0.0009079176811237815,final
medium,2,fc,0.5,5.750000,0.2925750088771799,0.0008926243370957384,final
medium,2,fc,0.5,5.775000,0.2908590845559532,0.000877649938550017,final
medium,2,fc,0.5,5.800000,0.28915375718373637,0.0008629865805003556,final
medium,2,fc,0.5,5.825000,0.2874589931326863,0.0008486265842915688,final
medium,2,fc,0.5,5.850000,0.2857747578575416,0.0008345624902662513,final
medium,2,fc,0.5,5.875000,0.28410101592871195,0.0008207870506999125,final
medium,2,fc,0.5,5.900000,0.28243773106463443,0.0008072932229858862,final
medium,2,fc,0.5,5.925000,0.28078486616341136,0.0007940741630678401,final
medium,2,fc,0.5,5.950000,0.27914238333373365,0.0007811232191043099,final
medium,2,fc,0.5,5.975000,0.2775102439251065,0.0007684339253583744,final
medium,2,fc,0.5,6.000000,0.2758884085573887,0.0007559999963054072,final
medium,2,fc,2,0.000000,1.0,0.9999979292399579,final
medium,2,fc,2,0.025000,0.9997839170556282,0.9992961010731113,final
medium,2,fc,2,0.050000,0.9991379789381366,0.9971948653968338,final
medium,2,fc,2,0.075000,0.9980718233869281,0.9937069079517921,final
medium,2,fc,2,0.100000,0.9966066985562668,0.9888531709729896,final
medium,2,fc,2,0.125000,0.9947785582761399,0.9826625583062567,final
medium,2,fc,2,0.150000,0.9926392765521319,0.9751715344708285,final
medium,2,fc,2,0.175000,0.9902554651460875,0.9664236288215278,final
medium,2,fc,2,0.200000,0.9877046635585517,0.95646885815437,final
medium,2,fc,2,0.225000,0.9850691232109887,0.9453630826547406,final
medium,2,fc,2,0.250000,0.9824279362507679,0.9331673109752425,final
medium,2,fc,2,0.275000,0.9798487259415926,0.919946970463837,final
medium,2,fc,2,0.300000,0.9773803696653801,0.9057711581949571,final
medium,2,fc,2,0.325000,0.9750481565482637,0.890711887570984,final
medium,2,fc,2,0.350000,0.9728523676718608,0.8748433439638938,final
medium,2,fc,2,0.375000,0.9707705951061093,0.8582411612720591,final
medium,2,fc,2,0.400000,0.9687633600270972,0.8409817294902436,final
medium,2,fc,2,0.425000,0.9667819490800601,0.8231415415386202,final
medium,2,fc,2,0.450000,0.96477701820598,0.8047965857616002,final
medium,2,fc,2,0.475000,0.9627064837471716,0.7860217887637229,final
medium,2,fc,2,0.500000,0.9605415081265863,0.7668905116525188,final
medium,2,fc,2,0.525000,0.9582698959204391,0.7474741013425734,final
medium,2,fc,2,0.550000,0.9558968068985713,0.72784149735908,final
medium,2,fc,2,0.575000,0.9534432145290617,0.7080588935663934,final
medium,2,fc,2,0.600000,0.9509428646701364,0.6881894534295714,final
medium,2,fc,2,0.625000,0.948438556711761,0.668293076778535,final
medium,2,fc,2,0.650000,0.9459784039931743,0.6484262155643347,final
medium,2,fc,2,0.675000,0.9436124366043946,0.6286417357517053,final
medium,2,fc,2,0.700000,0.9413896264685574,0.6089888222581751,final
medium,2,fc,2,0.725000,0.9393552565168426,0.589512923705394,final
medium,2,fc,2,0.750000,0.9375485693141408,0.570255733673549,final
medium,2,fc,2,0.775000,0.9360007806123131,0.551255205128223,final
medium,2,fc,2,0.800000,0.9347337312745744,0.5325455947076924,final
medium,2,fc,2,0.825000,0.9337595555637189,0.5141575336073486,final
medium,2,fc,2,0.850000,0.9330816730326846,0.49611812186950627,final
medium,2,fc,2,0.875000,0.9326971480395762,0.4784510429764151,final
medium,2,fc,2,0.900000,0.932600080520511,0.4611766957488485,final
medium,2,fc,2,0.925000,0.9327853372015118,0.4443123406704296,final
medium,2,fc,2,0.950000,0.9332517532988371,0.4278722578879763,final
medium,2,fc,2,0.975000,0.9340040170512183,0.4118679142800541,final
medium,2,fc,2,1.000000,0.9350527755126324,0.39630813713912205,final
medium,2,fc,2,1.025000,0.9364129583249379,0.38119929217645976,final
medium,2,fc,2,1.050000,0.9381007531132397,0.3665454637324295,final
medium,2,fc,2,1.075000,0.9401299505094745,0.35234863525610427,final
medium,2,fc,2,1.100000,0.9425084452793987,0.3386088683060421,final
medium,2,fc,2,1.125000,0.9452355476901886,0.325324478515772,final
medium,2,fc,2,1.150000,0.9483004985858782,0.31249220716094483,final
medium,2,fc,2,1.175000,0.9516822858755846,0.3001073871574854,final
medium,2,fc,2,1.200000,0.9553506090681657,0.28816410250883695,final
medium,2,fc,2,1.225000,0.9592676784211853,0.27665534040303363,final
medium,2,fc,2,1.250000,0.9633904759146811,0.2655731353345545,final
medium,2,fc,2,1.275000,0.9676731288894775,0.2549087047897165,final
medium,2,fc,2,1.300000,0.9720691227674517,0.24465257618608027,final
medium,2,fc,2,1.325000,0.9765331751244117,0.234794704894746,final
medium,2,fc,2,1.350000,0.9810226851328765,0.22532458329861285,final
medium,2,fc,2,1.375000,0.9854987457326889,0.21623134094921204,final
medium,2,fc,2,1.400000,0.9899267556753747,0.2075038359795181,final
medium,2,fc,2,1.425000,0.994276696082306,0.199130738010403,final
medium,2,fc,2,1.450000,0.9985231460066678,0.19110060285465802,final
medium,2,fc,2,1.475000,1.002645109337044,0.18340193937552854,final
medium,2,fc,2,1.500000,1.0066257163640773,0.17602326889740094,final
medium,2,fc,2,1.525000,1.010451851398203,0.16895317759573308,final
medium,2,fc,2,1.550000,1.014113745608676,0.16218036231265762,final
medium,2,fc,2,1.575000,1.017604563253878,0.15569367025510647,final
medium,2,fc,2,1.600000,1.0209200003592658,0.14948213303498506,final
medium,2,fc,2,1.625000,1.0240579078031373,0.1435349955070108,final
medium,2,fc,2,1.650000,1.0270179455220723,0.13784173985045117,final
medium,2,fc,2,1.675000,1.0298012708441635,0.13239210532712925,final
medium,2,fc,2,1.700000,1.032410261465683,0.12717610413072902,final
medium,2,fc,2,1.725000,1.034848271998396,0.12218403372238908,final
medium,2,fc,2,1.750000,1.037119422073367,0.11740648602565415,final
medium,2,fc,2,1.775000,1.0392284134914358,0.11283435383068481,final
medium,2,fc,2,1.800000,1.0411803737103646,0.1084588347337509,final
medium,2,fc,2,1.825000,1.0429807229460508,0.1042714329139894,final
medium,2,fc,2,1.850000,1.044635062265555,0.10026395902552457,final
medium,2,fc,2,1.875000,1.04614908021277,0.09642852845968962,final
medium,2,fc,2,1.900000,1.0475284757008674,0.09275755820948363,final
medium,2,fc,2,1.925000,1.0487788951087702,0.08924376254675773,final
medium,2,fc,2,1.950000,1.049905881719651,0.08588014770206033,final
medium,2,fc,2,1.975000,1.0509148358309666,0.08266000571771653,final
medium,2,fc,2,2.000000,1.0518109840443512,0.07957690762659296,final
medium,2,fc,2,2.025000,1.0525993564083955,0.07662469609216203,final
medium,2,fc,2,2.050000,1.0532847702377395,0.0737974776299044,final
medium,2,fc,2,2.075000,1.053871819568505,0.07108961451578498,final
medium,2,fc,2,2.100000,1.054364869333649,0.06849571647443305,final
medium,2,fc,2,2.125000,1.0547680534533304,0.06601063222774378,final
medium,2,fc,2,2.150000,1.0550852761357896,0.06362944097380911,final
medium,2,fc,2,2.175000,1.0553202157744686,0.06134744385632948,final
medium,2,fc,2,2.200000,1.0554763309080737,0.05916015547589158,final
medium,2,fc,2,2.225000,1.0555568677827678,0.05706329548664664,final
medium,2,fc,2,2.250000,1.0555648691204342,0.05505278031492643,final
medium,2,fc,2,2.275000,1.0555031837546909,0.05312471503010885,final
medium,2,fc,2,2.300000,1.0553744768476259,0.0512753853925513,final
medium,2,fc,2,2.325000,1.0551812404457006,0.049501250098557395,final
medium,2,fc,2,2.350000,1.054925804173421,0.047798933238089425,final
medium,2,fc,2,2.375000,1.0546103458987286,0.046165216977224074,final
medium,2,fc,2,2.400000,1.0542369022350373,0.044597034474109544,final
medium,2,fc,2,2.425000,1.0538073787718891,0.04309146303439602,final
medium,2,fc,2,2.450000,1.0533235599496866,0.04164571750968536,final
medium,2,fc,2,2.475000,1.0527871185142483,0.040257143940502574,final
medium,2,fc,2,2.500000,1.052199624504366,0.038923213443524764,final
medium,2,fc,2,2.525000,1.0515625537403965,0.03764151634132921,final
medium,2,fc,2,2.550000,1.0508772957945103,0.036409756531684365,final
medium,2,fc,2,2.575000,1.0501451614337596,0.03522574609238472,final
medium,2,fc,2,2.600000,1.0493673895358915,0.034087400116785065,final
medium,2,fc,2,2.625000,1.0485451534849943,0.03299273177452561,final
medium,2,fc,2,2.650000,1.047679567059849,0.03193984759139919,final
medium,2,fc,2,2.675000,1.0467716898324162,0.030926942941904803,final
medium,2,fc,2,2.700000,1.0458225320973937,0.029952297747731768,final
medium,2,fc,2,2.725000,1.0448330593563735,0.02901427237521226,final
medium,2,fc,2,2.750000,1.043804196381917,0.02811130372463498,final
medium,2,fc,2,2.775000,1.0427368308880105,0.027241901504269916,final
medium,2,fc,2,2.800000,1.041631816833929,0.026404644681927984,final
medium,2,fc,2,2.825000,1.0404899773886067,0.025598178106928483,final
medium,2,fc,2,2.850000,1.039312107582338,0.024821209295431242,final
medium,2,fc,2,2.875000,1.0380989766719888,0.024072505372191445,final
medium,2,fc,2,2.900000,1.0368513302450402,0.023350890161948933,final
medium,2,fc,2,2.925000,1.0355698920866954,0.022655241423814636,final
medium,2,fc,2,2.950000,1.0342553658330798,0.02198448822219974,final
medium,2,fc,2,2.975000,1.032908436432222,0.021337608428025324,final
medium,2,fc,2,3.000000,1.0315297714331202,0.020713626344142904,final
medium,2,fc,2,3.025000,1.030120022121758,0.020111610449121096,final
medium,2,fc,2,3.050000,1.0286798245215079,0.019530671253741985,final
medium,2,fc,2,3.075000,1.027209800273917,0.018969959264783273,final
medium,2,fc,2,3.100000,1.025710557414486,0.01842866305087054,final
medium,2,fc,2,3.125000,1.0241826910566945,0.01790600740538857,final
medium,2,fc,2,3.150000,1.02262678399623,0.01740125160166688,final
medium,2,fc,2,3.175000,1.0210434072461605,0.01691368773584563,final
medium,2,fc,2,3.200000,1.0194331205126155,0.016442639153041987,final
medium,2,fc,2,3.225000,1.017796472619478,0.015987458952627043,final
medium,2,fc,2,3.250000,1.016134001889573,0.01554752856862642,final
medium,2,fc,2,3.275000,1.014446236488931,0.015122256421425359,final
medium,2,fc,2,3.300000,1.0127336947398347,0.014711076637163482,final
medium,2,fc,2,3.325000,1.0109968854076188,0.014313447831357885,final
medium,2,fc,2,3.350000,1.0092363079654783,0.013928851953473702,final
medium,2,fc,2,3.375000,1.0074524528409181,0.013556793189317143,final
medium,2,fc,2,3.400000,1.005645801646937,0.013196796918281035,final
medium,2,fc,2,3.425000,1.003816827400526,0.012848408722622606,final
medium,2,fc,2,3.450000,1.0019659947306427,0.012511193446095005,final
medium,2,fc,2,3.475000,1.0000937600774376,0.012184734299390572,final
medium,2,fc,2,3.500000,0.9982005718841769,0.011868632009980432,final
medium,2,fc,2,3.525000,0.9962868707830306,0.011562504014061415,final
medium,2,fc,2,3.550000,0.9943530897756443,0.011265983688439207,final
medium,2,fc,2,3.575000,0.9923996544092126,0.010978719620289117,final
medium,2,fc,2,3.600000,0.9904269829485927,0.010700374912838966,final
medium,2,fc,2,3.625000,0.9884354865448672,0.010430626525124654,final
medium,2,fc,2,3.650000,0.9864255694006321,0.010169164644067214,final
medium,2,fc,2,3.675000,0.9843976289321987,0.00991569208720407,final
medium,2,fc,2,3.700000,0.9823520559288286,0.009669923734501585,final
medium,2,fc,2,3.725000,0.9802892347090444,0.009431585987756015,final
medium,2,fc,2,3.750000,0.9782095432740359,0.009200416256170275,final
medium,2,fc,2,3.775000,0.9761133534581333,0.008976162466764602,final
medium,2,fc,2,3.800000,0.9740010310763044,0.008758582598353621,final
medium,2,fc,2,3.825000,0.9718729360686128,0.00854744423788731,final
medium,2,fc,2,3.850000,0.969729422641578,0.008342524158018077,final
medium,2,fc,2,3.875000,0.9675708394063577,0.008143607914814084,final
medium,2,fc,2,3.900000,0.965397529513699,0.007950489464597189,final
medium,2,fc,2,3.925000,0.9632098307855822,0.007762970798941056,final
medium,2,fc,2,3.950000,0.9610080758435247,0.007580861596905375,final
medium,2,fc,2,3.975000,0.9587925922334772,0.007403978893646075,final
medium,2,fc,2,4.000000,0.9565637025473036,0.0072321467645740005,final
medium,2,fc,2,4.025000,0.9543217245408044,0.0070651960242810626,final
medium,2,fc,2,4.050000,0.9520669712482853,0.00690296393950086,final
medium,2,fc,2,4.075000,0.9497997510936685,0.006745293955398438,final
medium,2,fc,2,4.100000,0.9475203679981552,0.00659203543452906,final
medium,2,fc,2,4.125000,0.9452291214844701,0.0064430434078363,final
medium,2,fc,2,4.150000,0.9429263067777122,0.006298178337093973,final
medium,2,fc,2,4.175000,0.9406122149028573,0.006157305888229191,final
medium,2,fc,2,4.200000,0.9382871327789635,0.006020296714986096,final
medium,2,fc,2,4.225000,0.935951343310128,0.005887026252428785,final
medium,2,fc,2,4.250000,0.9336051254732667,0.005757374519800969,final
medium,2,fc,2,4.275000,0.9312487544027821,0.005631225932281169,final
medium,2,fc,2,4.300000,0.9288825014721889,0.005508469121209777,final
medium,2,fc,2,4.325000,0.9265066343727777,0.005388996762367058,final
medium,2,fc,2,4.350000,0.9241214171893998,0.005272705411922309,final
medium,2,fc,2,4.375000,0.9217271104734455,0.005159495349679465,final
medium,2,fc,2,4.400000,0.9193239713131096,0.005049270429270179,final
medium,2,fc,2,4.425000,0.9169122534010293,0.004941937934961711,final
medium,2,fc,2,4.450000,0.91449220709937,0.004837408444764286,final
medium,2,fc,2,4.475000,0.9120640795024614,0.004735595699538422,final
medium,2,fc,2,4.500000,0.9096281144970569,0.00463641647781682,final
medium,2,fc,2,4.525000,0.9071845528203082,0.004539790476073858,final
medium,2,fc,2,4.550000,0.9047336321155396,0.0044456401941804025,final
medium,2,fc,2,4.575000,0.9022755869859048,0.0043538908258078015,final
medium,2,fc,2,4.600000,0.8998106490460087,0.004264470153542824,final
medium,2,fc,2,4.625000,0.8973390469715782,0.004177308448501121,final
medium,2,fc,2,4.650000,0.8948610065472512,0.00409233837422035,final
medium,2,fc,2,4.675000,0.8923767507125764,0.004009494894645649,final
medium,2,fc,2,4.700000,0.8898864996062863,0.003928715186011864,final
medium,2,fc,2,4.725000,0.8873904706089232,0.003849938552444208,final
medium,2,fc,2,4.750000,0.8848888783838864,0.0037731063451085585,final
medium,2,fc,2,4.775000,0.8823819349169717,0.003698161884748136,final
medium,2,fc,2,4.800000,0.8798698495544687,0.0036250503874534,final
medium,2,fc,2,4.825000,0.8773528290398823,0.0035537188935180495,final
medium,2,fc,2,4.850000,0.8748310775493359,0.0034841161992384935,final
medium,2,fc,2,4.875000,0.8723047967257249,0.003416192791532784,final
medium,2,fc,2,4.900000,0.8697741857116703,0.003349900785240403,final
medium,2,fc,2,4.925000,0.8672394411813338,0.0032851938629953315,final
medium,2,fc,2,4.950000,0.8647007573711457,0.0032220272175482114,final
medium,2,fc,2,4.975000,0.8621583261094955,0.003160357496432501,final
medium,2,fc,2,5.000000,0.8596123368454438,0.0031001427488730796,final
medium,2,fc,2,5.025000,0.8570629766764899,0.0030413423748346722,final
medium,2,fc,2,5.050000,0.8545104303754527,0.0029839170761159985,final
medium,2,fc,2,5.075000,0.8519548804165029,0.0029278288094051505,final
medium,2,fc,2,5.100000,0.8493965070003877,0.0028730407412039653,final
medium,2,fc,2,5.125000,0.8468354880788962,0.0028195172045440277,final
medium,2,fc,2,5.150000,0.8442719993785922,0.002767223657416334,final
medium,2,fc,2,5.175000,0.8417062144238631,0.002716126642840039,final
medium,2,fc,2,5.200000,0.8391383045593117,0.0026661937504989823,final
medium,2,fc,2,5.225000,0.8365684389715321,0.0026173935798797948,final
medium,2,fc,2,5.250000,0.8339967847102926,0.00256969570484818,final
medium,2,fc,2,5.275000,0.83142350670917,0.002523070639600119,final
medium,2,fc,2,5.300000,0.8288487678056492,0.002477489805931105,final
medium,2,fc,2,5.325000,0.8262727287607294,0.0024329255017677574,final
medium,2,fc,2,5.350000,0.8236955482780579,0.002389350870906149,final
medium,2,fc,2,5.375000,0.8211173830226162,0.0023467398739123713,final
medium,2,fc,2,5.400000,0.8185383876389858,0.002305067260127343,final
medium,2,fc,2,5.425000,0.8159587147692177,0.0022643085407395933,final
medium,2,fc,2,5.450000,0.8133785150703229,0.0022244399628739303,final
medium,2,fc,2,5.475000,0.8107979372314097,0.002185438484659717,final
medium,2,fc,2,5.500000,0.8082171279904877,0.002147281751233332,final
medium,2,fc,2,5.525000,0.8056362321509546,0.00210994807163994,final
medium,2,fc,2,5.550000,0.8030553925977869,0.002073416396598594,final
medium,2,fc,2,5.575000,0.8004747503134518,0.002037666297088671,final
medium,2,fc,2,5.600000,0.7978944443935532,0.002002677943734377,final
medium,2,fc,2,5.625000,0.7953146120622331,0.0019684320869470203,final
medium,2,fc,2,5.650000,0.7927353886873386,0.001934910037795905,final
medium,2,fc,2,5.675000,0.7901569077953693,0.0019020936495821128,final
medium,2,fc,2,5.700000,0.7875793010862223,0.0018699653000843219,final
medium,2,fc,2,5.725000,0.7850026984477407,0.0018385078744475162,final
medium,2,fc,2,5.750000,0.7824272279700843,0.001807704748695522,final
medium,2,fc,2,5.775000,0.779853015959931,0.0017775397738341902,final
medium,2,fc,2,5.800000,0.7772801869545133,0.0017479972605298807,final
medium,2,fc,2,5.825000,0.7747088637355164,0.0017190619643353434,final
medium,2,fc,2,5.850000,0.7721391673428291,0.0016907190714431513,final
medium,2,fc,2,5.875000,0.7695712170881659,0.0016629541849460688,final
medium,2,fc,2,5.900000,0.7670051305685712,0.0016357533115849763,final
medium,2,fc,2,5.925000,0.7644410236798039,0.0016091028489635777,final
medium,2,fc,2,5.950000,0.761879010629621,0.0015829895732162476,final
medium,2,fc,2,5.975000,0.7593192039509611,0.0015574006271040614,final
medium,2,fc,2,6.000000,0.7567617145150283,0.0015323235085293945,final
medium,2,fc,5,0.000000,1.0,0.9999990149527557,final
medium,2,fc,5,0.025000,1.0000693801065241,0.9995535545956326,final
medium,2,fc,5,0.050000,1.000277432658732,0.9982182550348954,final
medium,2,fc,5,0.075000,1.0006244653817646,0.9959963639857915,final
medium,2,fc,5,0.100000,1.0011120764920312,0.9928933046151531,final
medium,2,fc,5,0.125000,1.0017437601515997,0.988916689954814,final
medium,2,fc,5,0.150000,1.0025250375945751,0.9840763410260884,final
medium,2,fc,5,0.175000,1.0034629762970473,0.9783843067201043,final
medium,2,fc,5,0.200000,1.0045650466377336,0.9718548830579382,final
medium,2,fc,5,0.225000,1.0058373980980233,0.9645046291303571,final
medium,2,fc,5,0.250000,1.0072827834879174,0.95635237680383,final
medium,2,fc,5,0.275000,1.0088984766955829,0.9474192311874634,final
medium,2,fc,5,0.300000,1.0106745764184546,0.9377285588901255,final
medium,2,fc,5,0.325000,1.012593043585879,0.9273059612587633,final
medium,2,fc,5,0.350000,1.014627691365253,0.9161792300730569,final
medium,2,fc,5,0.375000,1.0167451687455158,0.904378283568314,final
medium,2,fc,5,0.400000,1.0189068000066728,0.8919350811532322,final
medium,2,fc,5,0.425000,1.0210710058055612,0.8788835157629997,final
medium,2,fc,5,0.450000,1.023195961394942,0.8652592834188174,final
medium,2,fc,5,0.475000,1.0252421470842306,0.8510997302275789,final
medium,2,fc,5,0.500000,1.0271745042611173,0.8364436777241008,final
medium,2,fc,5,0.525000,1.0289640084094631,0.8213312281068833,final
medium,2,fc,5,0.550000,1.0305885855509362,0.8058035515220902,final
medium,2,fc,5,0.575000,1.0320334043726351,0.789902658086808,final
medium,2,fc,5,0.600000,1.033290648523252,0.7736711577926741,final
medium,2,fc,5,0.625000,1.0343588984319034,0.7571520117798487,final
medium,2,fc,5,0.650000,1.035242234931066,0.7403882787090609,final
medium,2,fc,5,0.675000,1.0359491427331977,0.7234228600810844,final
medium,2,fc,5,0.700000,1.0364912737789624,0.7062982483585597,final
medium,2,fc,5,0.725000,1.0368821530052208,0.6890562816393245,final
medium,2,fc,5,0.750000,1.0371359718979036,0.6717379084223036,final
medium,2,fc,5,0.775000,1.0372666881517885,0.6543829657089731,final
medium,2,fc,5,0.800000,1.0372876826164228,0.6370299733105577,final
medium,2,fc,5,0.825000,1.0372121702550667,0.6197159468002725,final
medium,2,fc,5,0.850000,1.0370544033148426,0.6024762310788355,final
medium,2,fc,5,0.875000,1.0368314734886903,0.5853443560278541,final
medium,2,fc,5,0.900000,1.0365652900756466,0.5683519152265687,final
medium,2,fc,5,0.925000,1.0362841726595418,0.5515284682184035,final
medium,2,fc,5,0.950000,1.0360235149403327,0.5349014663486072,final
medium,2,fc,5,0.975000,1.0358251612944527,0.5184962017644935,final
medium,2,fc,5,1.000000,1.035735437990448,0.5023357787844921,final
medium,2,fc,5,1.025000,1.0358021038776417,0.4864411065080455,final
medium,2,fc,5,1.050000,1.036070733003951,0.4708309112594444,final
medium,2,fc,5,1.075000,1.036581147225743,0.45552176723692184,final
medium,2,fc,5,1.100000,1.037364465159762,0.44052814357346226,final
medium,2,fc,5,1.125000,1.0384411594542216,0.42586246590588206,final
medium,2,fc,5,1.150000,1.0398202821718563,0.41153519049035014,final
medium,2,fc,5,1.175000,1.041499796233636,0.3975548888910253,final
medium,2,fc,5,1.200000,1.0434677888390445,0.38392834129850273,final
medium,2,fc,5,1.225000,1.0457042614329548,0.370660636600358,final
medium,2,fc,5,1.250000,1.0481831847852752,0.3577552774211005,final
medium,2,fc,5,1.275000,1.0508745554142502,0.34521428846717805,final
medium,2,fc,5,1.300000,1.0537462642979147,0.3330383266483743,final
medium,2,fc,5,1.325000,1.0567656675775168,0.32122679159448314,final
medium,2,fc,5,1.350000,1.0599008165480144,0.30977793534049813,final
medium,2,fc,5,1.375000,1.0631213536051807,0.2986889701102368,final
medium,2,fc,5,1.400000,1.0663991112315632,0.2879561732835211,final
medium,2,fc,5,1.425000,1.0697084655480327,0.277574988782547,final
medium,2,fc,5,1.450000,1.0730264989030862,0.26754012425636026,final
medium,2,fc,5,1.475000,1.07633302183009,0.25784564357642004,final
medium,2,fc,5,1.500000,1.0796104970371452,0.24848505427970202,final
medium,2,fc,5,1.525000,1.082843899387235,0.2394513897077521,final
medium,2,fc,5,1.550000,1.0860205375705088,0.2307372856900662,final
medium,2,fc,5,1.575000,1.0891298561022875,0.2223350517080542,final
medium,2,fc,5,1.600000,1.0921632306317575,0.2142367365518528,final
medium,2,fc,5,1.625000,1.0951137652579164,0.20643418854680623,final
medium,2,fc,5,1.650000,1.0979760974227633,0.198919110480207,final
medium,2,fc,5,1.675000,1.100746213746832,0.19168310940259609,final
medium,2,fc,5,1.700000,1.1034212786603925,0.1847177415124742,final
medium,2,fc,5,1.725000,1.1059994766721881,0.17801455235952063,final
medium,2,fc,5,1.750000,1.10847986845572,0.1715651126203154,final
medium,2,fc,5,1.775000,1.1108622605093028,0.16536104971299231,final
medium,2,fc,5,1.800000,1.113147087881331,0.15939407552411586,final
medium,2,fc,5,1.825000,1.115335309292182,0.1536560105231757,final
medium,2,fc,5,1.850000,1.117428313892802,0.14813880453823608,final
medium,2,fc,5,1.875000,1.1194278388536714,0.14283455446115373,final
medium,2,fc,5,1.900000,1.1213358969613523,0.13773551914301999,final
medium,2,fc,5,1.925000,1.1231547134034483,0.13283413173068498,final
medium,2,fc,5,1.950000,1.1248866709402656,0.12812300968388157,final
medium,2,fc,5,1.975000,1.126534262688619,0.12359496270000238,final
medium,2,fc,5,2.000000,1.1281000517772082,0.11924299876040963,final
medium,2,fc,5,2.025000,1.129586637171734,0.11506032849854929,final
medium,2,fc,5,2.050000,1.1309966250098464,0.11104036807640862,final
medium,2,fc,5,2.075000,1.1323326048298867,0.10717674074218457,final
medium,2,fc,5,2.100000,1.1335971301221386,0.10346327722860513,final
medium,2,fc,5,2.125000,1.1347927026761468,0.09989401513832925,final
medium,2,fc,5,2.150000,1.135921760241839,0.09646319745030717,final
medium,2,fc,5,2.175000,1.1369866670651956,0.09316527026902503,final
medium,2,fc,5,2.200000,1.1379897069005764,0.08999487992723759,final
medium,2,fc,5,2.225000,1.1389330781412013,0.08694686954211561,final
medium,2,fc,5,2.250000,1.1398188907464732,0.0840162751147613,final
medium,2,fc,5,2.275000,1.1406491646796613,0.08119832125375193,final
medium,2,fc,5,2.300000,1.1414258296018314,0.07848841659474731,final
medium,2,fc,5,2.325000,1.1421507255978316,0.07588214898026313,final
medium,2,fc,5,2.350000,1.1428256047375889,0.07337528045640314,final
medium,2,fc,5,2.375000,1.1434521333010512,0.0709637421366524,final
medium,2,fc,5,2.400000,1.1440318945178736,0.06864362897674837,final
medium,2,fc,5,2.425000,1.1445663916935223,0.06641119449909502,final
medium,2,fc,5,2.450000,1.1450570516119805,0.06426284550016602,final
medium,2,fc,5,2.475000,1.1455052281218006,0.06219513676981234,final
medium,2,fc,5,2.500000,1.1459122058270135,0.060204765847302694,final
medium,2,fc,5,2.525000,1.1462792038174916,0.05828856783526772,final
medium,2,fc,5,2.550000,1.1466073793849274,0.05644351028943357,final
medium,2,fc,5,2.575000,1.1468978316807295,0.05466668819911841,final
medium,2,fc,5,2.600000,1.1471516052810153,0.05295531907085509,final
medium,2,fc,5,2.625000,1.1473696936315831,0.05130673812520908,final
medium,2,fc,5,2.650000,1.1475530423523936,0.04971839361481907,final
medium,2,fc,5,2.675000,1.1477025523868076,0.048187842269903004,final
medium,2,fc,5,2.700000,1.1478190829856731,0.046712744875897896,final
medium,2,fc,5,2.725000,1.1479034545204583,0.045290861986530255,final
medium,2,fc,5,2.750000,1.147956451123039,0.04392004977442389,final
medium,2,fc,5,2.775000,1.1479788231525856,0.04259825602031256,final
medium,2,fc,5,2.800000,1.1479712894922676,0.04132351624104625,final
medium,2,fc,5,2.825000,1.1479345396803424,0.04009394995580804,final
medium,2,fc,5,2.850000,1.1478692358816096,0.03890775708931617,final
medium,2,fc,5,2.875000,1.1477760147062919,0.037763214510238105,final
medium,2,fc,5,2.900000,1.1476554888841757,0.036658672702594416,final
medium,2,fc,5,2.925000,1.1475082488023658,0.03559255256754023,final
medium,2,fc,5,2.950000,1.1473348639152978,0.034563342352615975,final
medium,2,fc,5,2.975000,1.1471358840357795,0.03356959470530945,final
medium,2,fc,5,3.000000,1.1469118405157908,0.03260992384757856,final
medium,2,fc,5,3.025000,1.1466632473256237,0.03168300286784069,final
medium,2,fc,5,3.050000,1.146390602039679,0.030787561126827977,final
medium,2,fc,5,3.075000,1.1460943867369209,0.02992238177364323,final
medium,2,fc,5,3.100000,1.1457750688235966,0.02908629936830695,final
medium,2,fc,5,3.125000,1.1454331017854065,0.028278197607078143,final
medium,2,fc,5,3.150000,1.1450689258758546,0.02749700714683811,final
medium,2,fc,5,3.175000,1.1446829687470528,0.02674170352486146,final
medium,2,fc,5,3.200000,1.1442756460287633,0.026011305170332698,final
medium,2,fc,5,3.225000,1.1438473618610192,0.025304871504035504,final
medium,2,fc,5,3.250000,1.1433985093851895,0.024621501122705596,final
medium,2,fc,5,3.275000,1.1429294711979205,0.02396033006461559,final
medium,2,fc,5,3.300000,1.14244061977196,0.02332053015304608,final
medium,2,fc,5,3.325000,1.1419323178474812,0.022701307414390606,final
medium,2,fc,5,3.350000,1.141404918797129,0.022101900567731217,final
medium,2,fc,5,3.375000,1.1408587669676862,0.02152157958282148,final
medium,2,fc,5,3.400000,1.1402941980009125,0.020959644303520642,final
medium,2,fc,5,3.425000,1.1397115391358255,0.020415423133807592,final
medium,2,fc,5,3.450000,1.1391111094944182,0.019888271783622076,final
medium,2,fc,5,3.475000,1.138493220352562,0.019377572071868618,final
medium,2,fc,5,3.500000,1.137858175397622,0.018882730784027312,final
medium,2,fc,5,3.525000,1.1372062709741175,0.01840317858190917,final
medium,2,fc,5,3.550000,1.1365377963185743,0.017938368963193514,final
medium,2,fc,5,3.575000,1.1358530337845754,0.017487777268482583,final
medium,2,fc,5,3.600000,1.1351522590588579,0.017050899733695963,final
medium,2,fc,5,3.625000,1.1344357413692032,0.01662725258572584,final
medium,2,fc,5,3.650000,1.1337037436847488,0.01621637117935688,final
medium,2,fc,5,3.675000,1.1329565229092655,0.015817809173541454,final
medium,2,fc,5,3.700000,1.1321943300678612,0.015431137745210538,final
medium,2,fc,5,3.725000,1.1314174104875152,0.015055944838867765,final
medium,2,fc,5,3.750000,1.1306260039717746,0.014691834450308115,final
medium,2,fc,5,3.775000,1.1298203449699091,0.014338425942863312,final
medium,2,fc,5,3.800000,1.12900066274078,0.013995353394657682,final
medium,2,fc,5,3.825000,1.1281671815116305,0.013662264975421378,final
medium,2,fc,5,3.850000,1.1273201206320025,0.013338822351480577,final
medium,2,fc,5,3.875000,1.1264596947229362,0.0130247001176001,final
medium,2,fc,5,3.900000,1.1255861138216106,0.012719585254425991,final
medium,2,fc,5,3.925000,1.1246995835215539,0.012423176610320625,final
medium,2,fc,5,3.950000,1.1238003051085506,0.012135184406454037,final
medium,2,fc,5,3.975000,1.122888475692363,0.011855329764055456,final
medium,2,fc,5,4.000000,1.1219642883343632,0.011583344252793145,final
medium,2,fc,5,4.025000,1.1210279321711925,0.011318969459285231,final
medium,2,fc,5,4.050000,1.120079592534531,0.011061956574806305,final
medium,2,fc,5,4.075000,1.1191194510670843,0.010812066001288487,final
medium,2,fc,5,4.100000,1.11814768583487,0.010569066974763647,final
medium,2,fc,5,4.125000,1.1171644714359024,0.010332737205431649,final
medium,2,fc,5,4.150000,1.1161699791053592,0.010102862533580738,final
medium,2,fc,5,4.175000,1.1151643768173212,0.009879236600621332,final
medium,2,fc,5,4.200000,1.114147829383175,0.009661660534531725,final
medium,2,fc,5,4.225000,1.1131204985467618,0.009449942649044966,final
medium,2,fc,5,4.250000,1.1120825430763621,0.009243898155941826,final
medium,2,fc,5,4.275000,1.1110341188536041,0.00904334888984183,final
medium,2,fc,5,4.300000,1.1099753789593771,0.008848123044917012,final
medium,2,fc,5,4.325000,1.108906473756839,0.00865805492297805,final
medium,2,fc,5,4.350000,1.1078275509716022,0.008472984692407837,final
medium,2,fc,5,4.375000,1.1067387557691784,0.008292758157448845,final
medium,2,fc,5,4.400000,1.1056402308297686,0.008117226537362866,final
medium,2,fc,5,4.425000,1.1045321164204789,0.007946246255021595,final
medium,2,fc,5,4.450000,1.1034145504650381,0.007779678734485535,final
medium,2,fc,5,4.475000,1.1022876686111067,0.007617390207175521,final
medium,2,fc,5,4.500000,1.101151604295242,0.00745925152623505,final
medium,2,fc,5,4.525000,1.100006488805604,0.007305137988719207,final
medium,2,fc,5,4.550000,1.0988524513424764,0.007154929165255192,final
medium,2,fc,5,4.575000,1.0976896190766723,0.007008508736834862,final
medium,2,fc,5,4.600000,1.0965181172058973,0.006865764338424728,final
medium,2,fc,5,4.625000,1.0953380690091403,0.006726587409077422,final
medium,2,fc,5,4.650000,1.0941495958991618,0.006590873048268464,final
medium,2,fc,5,4.675000,1.0929528174731387,0.0064585198781628465,final
medium,2,fc,5,4.700000,1.0917478515615398,0.006329429911565912,final
medium,2,fc,5,4.725000,1.0905348142752869,0.006203508425289461,final
medium,2,fc,5,4.750000,1.089313820051265,0.006080663838708088,final
medium,2,fc,5,4.775000,1.0880849816962397,0.005960807597265741,final
medium,2,fc,5,4.800000,1.086848410429241,0.005843854060718774,final
medium,2,fc,5,4.825000,1.0856042159224657,0.005729720395912886,final
medium,2,fc,5,4.850000,1.0843525063407526,0.005618326473881569,final
medium,2,fc,5,4.875000,1.0830933883796856,0.0055095947710962845,final
medium,2,fc,5,4.900000,1.0818269673023688,0.005403450274670497,final
medium,2,fc,5,4.925000,1.0805533469749296,0.005299820391357137,final
medium,2,fc,5,4.950000,1.0792726299007862,0.00519863486017101,final
medium,2,fc,5,4.975000,1.0779849172537377,0.005099825668480255,final
medium,2,fc,5,5.000000,1.0766903089099082,0.005003326971419181,final
medium,2,fc,5,5.025000,1.075388903478593,0.004909075014477372,final
medium,2,fc,5,5.050000,1.0740807983320504,0.004817008059132411,final
medium,2,fc,5,5.075000,1.0727660896342681,0.004727066311396233,final
medium,2,fc,5,5.100000,1.0714448723687542,0.004639191853146637,final
medium,2,fc,5,5.125000,1.0701172403653798,0.004553328576135116,final
medium,2,fc,5,5.150000,1.068783286326312,0.004469422118547324,final
medium,2,fc,5,5.175000,1.067443101851071,0.0043874198040178055,final
medium,2,fc,5,5.200000,1.0660967774607444,0.0043072705829917705,final
medium,2,fc,5,5.225000,1.064744402621387,0.004228924976334929,final
medium,2,fc,5,5.250000,1.0633860657666387,0.004152335021101629,final
medium,2,fc,5,5.275000,1.0620218543195923,0.004077454218365142,final
medium,2,fc,5,5.300000,1.0606518547139299,0.0040042374830345975,final
medium,2,fc,5,5.325000,1.0592761524143668,0.003932641095565119,final
medium,2,fc,5,5.350000,1.0578948319364174,0.003862622655491328,final
medium,2,fc,5,5.375000,1.0565079768655181,0.0037941410367080836,final
medium,2,fc,5,5.400000,1.0551156698755233,0.003727156344421023,final
medium,2,fc,5,5.425000,1.0537179927466012,0.003661629873710311,final
medium,2,fc,5,5.450000,1.0523150263825516,0.0035975240696294233,final
medium,2,fc,5,5.475000,1.050906850827566,0.003534802488785088,final
medium,2,fc,5,5.500000,1.0494935452824516,0.00347342976233753,final
medium,2,fc,5,5.525000,1.0480751881203363,0.0034133715603585552,final
medium,2,fc,5,5.550000,1.0466518569018786,0.003354594557501852,final
medium,2,fc,5,5.575000,1.0452236283899958,0.003297066399923296,final
medium,2,fc,5,5.600000,1.0437905785641302,0.0032407556734100657,final
medium,2,fc,5,5.625000,1.0423527826340704,0.0031856318726634857,final
medium,2,fc,5,5.650000,1.0409103150533443,0.003131665371696122,final
medium,2,fc,5,5.675000,1.0394632495321956,0.003078827395293707,final
medium,2,fc,5,5.700000,1.038011659050168,0.003027089991503894,final
medium,2,fc,5,5.725000,1.036555615868298,0.0029764260051096687,final
medium,2,fc,5,5.750000,1.0350951915409439,0.0029268090520475788,final
medium,2,fc,5,5.775000,1.0336304569272563,0.002878213494739797,final
medium,2,fc,5,5.800000,1.032161482202301,0.002830614418296118,final
medium,2,fc,5,5.825000,1.0306883368678592,0.00278398760755835,final
medium,2,fc,5,5.850000,1.029211089762899,0.002738309524953898,final
medium,2,fc,5,5.875000,1.0277298090737452,0.00269355728912338,final
medium,2,fc,5,5.900000,1.0262445623439505,0.002649708654298654,final
medium,2,fc,5,5.925000,1.0247554164838788,0.0026067419903964785,final
medium,2,fc,5,5.950000,1.0232624377800148,0.0025646362638050363,final
medium,2,fc,5,5.975000,1.0217656919040068,0.0025233710188360442,final
medium,2,fc,5,6.000000,1.020265243921451,0.002482926359813787,final
medium,3,fx,,0.000000,1.0,1.0,final
medium,3,fx,,0.025000,1.0000662947228665,1.0001371734503082,final
medium,3,fx,,0.050000,1.0002648927934077,1.0005484131007953,final
medium,3,fx,,0.075000,1.0005950543409177,1.0012328782849313,final
medium,3,fx,,0.100000,1.0010557879310575,1.002189172660767,final
medium,3,fx,,0.125000,1.0016460386265225,1.0034153513166864,final
medium,3,fx,,0.150000,1.0023648552474067,1.0049089306249135,final
medium,3,fx,,0.175000,1.0032115348109996,1.0066669007499534,final
medium,3,fx,,0.200000,1.0041857429288537,1.0086857406950527,final
medium,3,fx,,0.225000,1.0052876096592411,1.010961435747421,final
medium,3,fx,,0.250000,1.0065178009439681,1.0134894971626558,final
medium,3,fx,,0.275000,1.0078775662948047,1.0162649839108355,final
medium,3,fx,,0.300000,1.009368763837106,1.0192825262913066,final
medium,3,fx,,0.325000,1.0109938641719827,1.022536351210436,final
medium,3,fx,,0.350000,1.0127559347927597,1.0260203089066646,final
medium,3,fx,,0.375000,1.0146586069983892,1.0297279009001115,final
medium,3,fx,,0.400000,1.0167060273993709,1.0336523089397605,final
medium,3,fx,,0.425000,1.018902796224733,1.0377864247198565,final
medium,3,fx,,0.450000,1.021253894725384,1.0421228801384386,final
medium,3,fx,,0.475000,1.0237646040420167,1.0466540778748243,final
medium,3,fx,,0.500000,1.0264404179749522,1.0513722220691275,final
medium,3,fx,,0.525000,1.029286952166029,1.056269348895353,final
medium,3,fx,,0.550000,1.032309852282306,1.061337356830009,final
medium,3,fx,,0.575000,1.0355147038769208,1.0665680364302768,final
medium,3,fx,,0.600000,1.038906946687669,1.0719530994492863,final
medium,3,fx,,0.625000,1.0424917962067526,1.0774842071307018,final
medium,3,fx,,0.650000,1.0462741753976246,1.0831529975403624,final
medium,3,fx,,0.675000,1.0502586594226455,1.0889511118088369,final
medium,3,fx,,0.700000,1.0544494361484535,1.0948702191752313,final
medium,3,fx,,0.725000,1.0588502849800905,1.1009020407391494,final
medium,3,fx,,0.750000,1.0634645762031487,1.1070383718441337,final
medium,3,fx,,0.775000,1.0682952924495008,1.1132711030320084,final
medium,3,fx,,0.800000,1.0733450731156224,1.119592239523111,final
medium,3,fx,,0.825000,1.0786162815330125,1.1259939191922888,final
medium,3,fx,,0.850000,1.0841110934146447,1.1324684290245925,final
medium,3,fx,,0.875000,1.0898316036002935,1.139008220047757,final
medium,3,fx,,0.900000,1.0957799464472198,1.1456059207506675,final
medium,3,fx,,0.925000,1.1019584234450288,1.152254349008086,final
medium,3,fx,,0.950000,1.1083696298936099,1.1589465225418367,final
medium,3,fx,,0.975000,1.1150165709217523,1.1656756679574736,final
medium,3,fx,,1.000000,1.1219027559158394,1.172435228403129,final
medium,3,fx,,1.025000,1.1290322597573248,1.1792188699038115,final
medium,3,fx,,1.050000,1.1364097393104131,1.1860204864298936,final
medium,3,fx,,1.075000,1.144040394503091,1.192834203762979,final
medium,3,fx,,1.100000,1.1519298651981917,1.1996543822257886,final
medium,3,fx,,1.125000,1.1600840578763818,1.2064756183452223,final
medium,3,fx,,1.150000,1.1685088998815047,1.2132927455194251,final
medium,3,fx,,1.175000,1.177210023447583,1.220100833760554,final
medium,3,fx,,1.200000,1.186192386680802,1.2268951885850992,final
medium,3,fx,,1.225000,1.1954598437747979,1.2336713491231373,final
medium,3,fx,,1.250000,1.205014681603214,1.2404250855168273,final
medium,3,fx,,1.275000,1.2148571440432472,1.2471523956769321,final
medium,3,fx,,1.300000,1.2249849685313152,1.2538495014641662,final
medium,3,fx,,1.325000,1.2353929610786991,1.2605128443598486,final
medium,3,fx,,1.350000,1.2460726360092882,1.2671390806877225,final
medium,3,fx,,1.375000,1.2570119448725807,1.2737250764459462,final
medium,3,fx,,1.400000,1.2681951153305184,1.2802679018052352,final
medium,3,fx,,1.425000,1.2796026154786517,1.2867648253259727,final
medium,3,fx,,1.450000,1.2912112523677117,1.2932133079438641,final
medium,3,fx,,1.475000,1.3029944059152858,1.2996109967704328,final
medium,3,fx,,1.500000,1.3149223915228716,1.3059557187513589,final
medium,3,fx,,1.525000,1.3269629371791336,1.3122454742224083,final
medium,3,fx,,1.550000,1.3390817542604605,1.3184784303994812,final
medium,3,fx,,1.575000,1.3512431761753592,1.3246529148361825,final
medium,3,fx,,1.600000,1.3634108358332675,1.330767408879276,final
medium,3,fx,,1.625000,1.375548351851891,1.3368205411494571,final
medium,3,fx,,1.650000,1.3876199944396366,1.3428110810720784,final
medium,3,fx,,1.675000,1.3995913047884476,1.3487379324797883,final
medium,3,fx,,1.700000,1.411429646209258,1.3546001273065218,final
medium,3,fx,,1.725000,1.423104670649525,1.360396819389886,final
medium,3,fx,,1.750000,1.4345886901181824,1.3661272783967613,final
medium,3,fx,,1.775000,1.445856948395832,1.3717908838848296,final
medium,3,fx,,1.800000,1.4568877937883336,1.3773871195108214,final
medium,3,fx,,1.825000,1.4676627582600508,1.3829155673944546,final
medium,3,fx,,1.850000,1.47816655185426,1.3883759026453952,final
medium,3,fx,,1.875000,1.4883869837913597,1.3937678880590432,final
medium,3,fx,,1.900000,1.4983148230564751,1.3990913689855675,final
medium,3,fx,,1.925000,1.507943611755145,1.4043462683753405,final
medium,3,fx,,1.950000,1.5172694441905445,1.4095325820027964,final
medium,3,fx,,1.975000,1.5262907236858057,1.4146503738697032,final
medium,3,fx,,2.000000,1.5350079078304621,1.4196997717879212,final
medium,3,fx,,2.025000,1.5434232512458925,1.4246809631409094,final
medium,3,fx,,2.050000,1.5515405532898072,1.4295941908225116,final
medium,3,fx,,2.075000,1.5593649164716807,1.4344397493509262,final
medium,3,fx,,2.100000,1.5669025198144615,1.4392179811552137,final
medium,3,fx,,2.125000,1.5741604100280602,1.4439292730312083,final
medium,3,fx,,2.150000,1.581146312186469,1.4485740527633122,final
medium,3,fx,,2.175000,1.5878684606322668,1.4531527859082907,final
medium,3,fx,,2.200000,1.594335450064117,1.4576659727369123,final
medium,3,fx,,2.225000,1.6005561061790765,1.4621141453290472,final
medium,3,fx,,2.250000,1.6065393748206107,1.4664978648176454,final
medium,3,fx,,2.275000,1.6122942283008757,1.470817718776893,final
medium,3,fx,,2.300000,1.6178295873975888,1.475074318749721,final
medium,3,fx,,2.325000,1.623154257448338,1.479268297909802,final
medium,3,fx,,2.350000,1.628276876957456,1.483400308853113,final
medium,3,fx,,2.375000,1.6332058771743518,1.4874710215141502,final
medium,3,fx,,2.400000,1.6379494511820842,1.491481121201892,final
medium,3,fx,,2.425000,1.6425155311384716,1.4954313067506453,final
medium,3,fx,,2.450000,1.6469117724291962,1.4993222887809725,final
medium,3,fx,,2.475000,1.6511455436155826,1.5031547880659621,final
medium,3,fx,,2.500000,1.6552239211832778,1.5069295339981974,final
medium,3,fx,,2.525000,1.6591536882178959,1.5106472631528727,final
medium,3,fx,,2.550000,1.6629413362469834,1.514308717942618,final
medium,3,fx,,2.575000,1.6665930695927194,1.5179146453597039,final
medium,3,fx,,2.600000,1.6701148116755755,1.5214657958014208,final
medium,3,fx,,2.625000,1.6735122127953876,1.5249629219745588,final
medium,3,fx,,2.650000,1.6767906589929247,1.5284067778750356,final
medium,3,fx,,2.675000,1.6799552816625243,1.5317981178388593,final
medium,3,fx,,2.700000,1.6830109676451148,1.5351376956607474,final
medium,3,fx,,2.725000,1.6859623695817618,1.538426263776851,final
medium,3,fx,,2.750000,1.6888139163513534,1.5416645725081797,final
medium,3,fx,,2.775000,1.6915698234530132,1.5448533693614435,final
medium,3,fx,,2.800000,1.6942341032249948,1.5479933983841754,final
medium,3,fx,,2.825000,1.6968105748178341,1.5510853995711167,final
medium,3,fx,,2.850000,1.699302873861156,1.5541301083189827,final
medium,3,fx,,2.875000,1.70171446178124,1.5571282549268526,final
medium,3,fx,,2.900000,1.7040486347408879,1.5600805641395499,final
medium,3,fx,,2.925000,1.7063085321847509,1.562987754731498,final
medium,3,fx,,2.950000,1.7084971449824788,1.5658505391286572,final
medium,3,fx,,2.975000,1.7106173231693054,1.5686696230662598,final
medium,3,fx,,3.000000,1.7126717832891971,1.5714457052801694,final
medium,3,fx,,3.025000,1.714663115349913,1.5741794772298021,final
medium,3,fx,,3.050000,1.7165937894023393,1.5768716228506432,final
medium,3,fx,,3.075000,1.7184661617585928,1.5795228183344976,final
medium,3,fx,,3.100000,1.720282480864794,1.5821337319357038,final
medium,3,fx,,3.125000,1.72204489284519,1.5847050238016365,final
medium,3,fx,,3.150000,1.723755446734667,1.587237345825908,final
medium,3,fx,,3.175000,1.7254160994166725,1.5897313415227634,final
medium,3,fx,,3.200000,1.727028720283294,1.592187645921248,final
medium,3,fx,,3.225000,1.7285950956337541,1.5946068854777975,final
medium,3,fx,,3.250000,1.730116932826979,1.5969896780059818,final
medium,3,fx,,3.275000,1.731595864203178,1.5993366326221994,final
medium,3,fx,,3.300000,1.7330334507886078,1.601648349706187,final
medium,3,fx,,3.325000,1.7344311857969046,1.6039254208752762,final
medium,3,fx,,3.350000,1.7357904979395584,1.6061684289713845,final
medium,3,fx,,3.375000,1.737112754557316,1.6083779480597964,final
medium,3,fx,,3.400000,1.7383992645835271,1.6105545434388309,final
medium,3,fx,,3.425000,1.739651281349716,1.6126987716595576,final
medium,3,fx,,3.450000,1.7408700052429409,1.6148111805547691,final
medium,3,fx,,3.475000,1.742056586223862,1.6168923092764607,final
medium,3,fx,,3.500000,1.743212126213799,1.6189426883411182,final
medium,3,fx,,3.525000,1.7443376813584912,1.6209628396821578,final
medium,3,fx,,3.550000,1.7454342641757272,1.622953276708899,final
medium,3,fx,,3.575000,1.7465028455935172,1.6249145043714908,final
medium,3,fx,,3.600000,1.7475443568850215,1.6268470192312494,final
medium,3,fx,,3.625000,1.7485596915060226,1.6287513095359003,final
medium,3,fx,,3.650000,1.7495497068403425,1.630627855299244,final
medium,3,fx,,3.675000,1.7505152258582424,1.632477128384804,final
medium,3,fx,,3.700000,1.7514570386925246,1.6342995925930408,final
medium,3,fx,,3.725000,1.7523759041367402,1.6360957037517374,final
medium,3,fx,,3.750000,1.7532725510696434,1.6378659098091999,final
medium,3,fx,,3.775000,1.754147679809763,1.6396106509299275,final
medium,3,fx,,3.800000,1.75500196340374,1.641330359592442,final
medium,3,fx,,3.825000,1.755836048851858,1.6430254606889751,final
medium,3,fx,,3.850000,1.756650558273989,1.6446963716267469,final
medium,3,fx,,3.875000,1.757446090019,1.6463435024305744,final
medium,3,fx,,3.900000,1.7582232197204917,1.6479672558465768,final
medium,3,fx,,3.925000,1.7589825013015792,1.6495680274467555,final
medium,3,fx,,3.950000,1.759724467931279,1.651146205734246,final
medium,3,fx,,3.975000,1.760449632934929,1.6527021722490547,final
medium,3,fx,,4.000000,1.7611584906609403,1.654236301674099,final
medium,3,fx,,4.025000,1.761851517306052,1.6557489619413992,final
medium,3,fx,,4.050000,1.762529171701163,1.6572405143382634,final
medium,3,fx,,4.075000,1.7631918960596893,1.6587113136133356,final
medium,3,fx,,4.100000,1.7638401166903088,1.6601617080823763,final
medium,3,fx,,4.125000,1.7644742446758586,1.6615920397336599,final
medium,3,fx,,4.150000,1.76509467652006,1.663002644332885,final
medium,3,fx,,4.175000,1.7657017947636624,1.6643938515274967,final
medium,3,fx,,4.200000,1.7662959685715132,1.6657659849503361,final
medium,3,fx,,4.225000,1.7668775542920003,1.6671193623225302,final
medium,3,fx,,4.250000,1.7674468959902256,1.668454295555556,final
medium,3,fx,,4.275000,1.7680043259562062,1.6697710908524037,final
medium,3,fx,,4.300000,1.7685501651893445,1.6710700488077885,final
medium,3,fx,,4.325000,1.769084723860331,1.672351464507346,final
medium,3,fx,,4.350000,1.7696083017515998,1.6736156276257725,final
medium,3,fx,,4.375000,1.7701211886773898,1.6748628225238602,final
medium,3,fx,,4.400000,1.7706236648844313,1.6760933283443924,final
medium,3,fx,,4.425000,1.7711160014341942,1.6773074191068635,final
medium,3,fx,,4.450000,1.7715984605676258,1.6785053638009961,final
medium,3,fx,,4.475000,1.7720712960532317,1.6796874264790258,final
medium,3,fx,,4.500000,1.7725347535193214,1.6808538663467358,final
medium,3,fx,,4.525000,1.772989070771202,1.682004937853222,final
medium,3,fx,,4.550000,1.773434478094053,1.6831408907793708,final
medium,3,fx,,4.575000,1.7738711985421973,1.6842619703250405,final
medium,3,fx,,4.600000,1.7742994482154228,1.685368417194935,final
medium,3,fx,,4.625000,1.7747194365229984,1.6864604676831623,final
medium,3,fx,,4.650000,1.7751313664359831,1.687538353756474,final
medium,3,fx,,4.675000,1.7755354347283998,1.6886023031361845,final
medium,3,fx,,4.700000,1.7759318322078204,1.6896525393787643,final
medium,3,fx,,4.725000,1.7763207439358697,1.6906892819551151,final
medium,3,fx,,4.750000,1.7767023494391463,1.691712746328525,final
medium,3,fx,,4.775000,1.7770768229110212,1.69272314403131,final
medium,3,fx,,4.800000,1.7774443334047512,1.6937206827401463,final
medium,3,fx,,4.825000,1.7778050450183325,1.6947055663501032,final
medium,3,fx,,4.850000,1.778159117071488,1.695677995047382,final
medium,3,fx,,4.875000,1.7785067042751632,1.6966381653807714,final
medium,3,fx,,4.900000,1.7788479568938924,1.6975862703318307,final
medium,3,fx,,4.925000,1.7791830209013735,1.6985224993838095,final
medium,3,fx,,4.950000,1.7795120381295715,1.6994470385893194,final
medium,3,fx,,4.975000,1.7798351464116604,1.7003600706367672,final
medium,3,fx,,5.000000,1.780152479719091,1.701261774915565,final
medium,3,fx,,5.025000,1.7804641682930586,1.7021523275801298,final
medium,3,fx,,5.050000,1.7807703387706397,1.7030319016126885,final
medium,3,fx,,5.075000,1.7810711143058364,1.7039006668849015,final
medium,3,fx,,5.100000,1.78136661468577,1.7047587902183228,final
medium,3,fx,,5.125000,1.7816569564422486,1.7056064354437073,final
medium,3,fx,,5.150000,1.7819422529589153,1.7064437634591885,final
medium,3,fx,,5.175000,1.7822226145741868,1.7072709322873345,final
medium,3,fx,,5.200000,1.7824981486801668,1.708088097131107,final
medium,3,fx,,5.225000,1.7827689598177225,1.7088954104287313,final
medium,3,fx,,5.250000,1.7830351497678902,1.7096930219075017,final
medium,3,fx,,5.275000,1.7832968176397834,1.7104810786365339,final
medium,3,fx,,5.300000,1.7835540599551511,1.711259725078483,final
medium,3,fx,,5.325000,1.7838069707297386,1.7120291031402441,final
medium,3,fx,,5.350000,1.784055641551593,1.7127893522226525,final
medium,3,fx,,5.375000,1.7843001616564453,1.7135406092691985,final
medium,3,fx,,5.400000,1.7845406180002963,1.714283008813776,final
medium,3,fx,,5.425000,1.7847770953293303,1.7150166830274802,final
medium,3,fx,,5.450000,1.7850096762472698,1.7157417617644724,final
medium,3,fx,,5.475000,1.7852384412802795,1.7164583726069251,final
medium,3,fx,,5.500000,1.7854634689395303,1.7171666409090691,final
medium,3,fx,,5.525000,1.7856848357815145,1.717866689840354,final
medium,3,fx,,5.550000,1.7859026164662113,1.7185586404277413,final
medium,3,fx,,5.575000,1.786116883813193,1.7192426115971444,final
medium,3,fx,,5.600000,1.786327708855757,1.719918720214034,final
medium,3,fx,,5.625000,1.7865351608931639,1.7205870811232205,final
medium,3,fx,,5.650000,1.7867393075410607,1.721247807187832,final
medium,3,fx,,5.675000,1.7869402147801645,1.7219010093275047,final
medium,3,fx,,5.700000,1.7871379470032742,1.7225467965557948,final
medium,3,fx,,5.725000,1.7873325670606819,1.7231852760168345,final
medium,3,fx,,5.750000,1.7875241363040448,1.7238165530212408,final
medium,3,fx,,5.775000,1.7877127146287788,1.7244407310812953,final
medium,3,fx,,5.800000,1.7878983605150363,1.725057911945408,final
medium,3,fx,,5.825000,1.7880811310673193,1.7256681956318787,final
medium,3,fx,,5.850000,1.788261082052784,1.7262716804619718,final
medium,3,fx,,5.875000,1.7884382679382878,1.7268684630923166,final
medium,3,fx,,5.900000,1.7886127419262239,1.727458638546647,final
medium,3,fx,,5.925000,1.788784555989196,1.7280423002468948,final
medium,3,fx,,5.950000,1.7889537609035695,1.728619540043648,final
medium,3,fx,,5.975000,1.7891204062819535,1.7291904482459888,final
medium,3,fx,,6.000000,1.7892845406046365,1.7297551136507232,final
medium,3,fc,0.5,0.000000,1.0,0.9999961712608588,final
medium,3,fc,0.5,0.025000,0.9986633474955272,0.9983586646344352,final
medium,3,fc,0.5,0.050000,0.9946672533800589,0.9934854371990305,final
medium,3,fc,0.5,0.075000,0.9880693804238462,0.9854913576191164,final
medium,3,fc,0.5,0.100000,0.9789976165593487,0.9745583236306017,final
medium,3,fc,0.5,0.125000,0.9676718244967042,0.9609224860044977,final
medium,3,fc,0.5,0.150000,0.9544178748526305,0.9448590526338713,final
medium,3,fc,0.5,0.175000,0.9396712089616229,0.9266665678644719,final
medium,3,fc,0.5,0.200000,0.9239674830889356,0.906652287270015,final
medium,3,fc,0.5,0.225000,0.9079188636492536,0.8851197735940066,final
medium,3,fc,0.5,0.250000,0.8921763245714471,0.8623592877190294,final
medium,3,fc,0.5,0.275000,0.8773806900391609,0.838641066508284,final
medium,3,fc,0.5,0.300000,0.8641077806456016,0.8142112349444125,final
medium,3,fc,0.5,0.325000,0.8528152798645452,0.7892899055662282,final
medium,3,fc,0.5,0.350000,0.8438001636594501,0.7640709501109981,final
medium,3,fc,0.5,0.375000,0.8371750752378083,0.738722947888542,final
medium,3,fc,0.5,0.400000,0.8328694416743622,0.7133908845188547,final
medium,3,fc,0.5,0.425000,0.8306565122277472,0.6881982632946789,final
medium,3,fc,0.5,0.450000,0.8302017886769166,0.663249379897375,final
medium,3,fc,0.5,0.475000,0.8311232595032739,0.6386315887919551,final
medium,3,fc,0.5,0.500000,0.8330513139121604,0.614417452116793,final
medium,3,fc,0.5,0.525000,0.8356771688871214,0.5906667090105318,final
medium,3,fc,0.5,0.550000,0.8387825660917861,0.5674280368849434,final
medium,3,fc,0.5,0.575000,0.8422487222593167,0.5447405987383155,final
medium,3,fc,0.5,0.600000,0.8460472299160174,0.5226353848308631,final
medium,3,fc,0.5,0.625000,0.8502186373505796,0.5011363652156074,final
medium,3,fc,0.5,0.650000,0.8548454622018067,0.4802614735958944,final
medium,3,fc,0.5,0.675000,0.8600256980349009,0.46002344418289265,final
medium,3,fc,0.5,0.700000,0.8658510632555918,0.4404305226879344,final
medium,3,fc,0.5,0.725000,0.8723920285392311,0.4214870710332323,final
medium,3,fc,0.5,0.750000,0.8796896875287153,0.4031940832949596,final
medium,3,fc,0.5,0.775000,0.887753231460238,0.38554962812948085,final
medium,3,fc,0.5,0.800000,0.8965612787895764,0.36854923068108175,final
medium,3,fc,0.5,0.825000,0.9060654567834197,0.35218620484951263,final
medium,3,fc,0.5,0.850000,0.9161951423655943,0.3364519448742073,final
medium,3,fc,0.5,0.875000,0.9268628323529223,0.3213361834989273,final
medium,3,fc,0.5,0.900000,0.9379699951195788,0.306827222522449,final
medium,3,fc,0.5,0.925000,0.9494133532572363,0.2929121403100752,final
medium,3,fc,0.5,0.950000,0.9610913925059466,0.2795769798212084,final
medium,3,fc,0.5,0.975000,0.972910620448439,0.2668069198795077,final
medium,3,fc,0.5,1.000000,0.9847908805181094,0.25458643175180856,final
medium,3,fc,0.5,1.025000,0.9966689969642171,0.24289942258726716,final
medium,3,fc,0.5,1.050000,1.008500228243364,0.23172936687701973,final
medium,3,fc,0.5,1.075000,1.0202573835033726,0.22105942680628568,final
medium,3,fc,0.5,1.100000,1.0319278876147255,0.21087256216631964,final
medium,3,fc,0.5,1.125000,1.0435094339892097,0.20115163035586586,final
medium,3,fc,0.5,1.150000,1.0550050511147275,0.1918794769158274,final
medium,3,fc,0.5,1.175000,1.066418401877049,0.18303901699379402,final
medium,3,fc,0.5,1.200000,1.077749966493031,0.1746133081159656,final
medium,3,fc,0.5,1.225000,1.0889944979784654,0.16658561464383392,final
medium,3,fc,0.5,1.250000,1.1001398591565885,0.15893946430447428,final
medium,3,fc,0.5,1.275000,1.111167113752987,0.15165869720073666,final
medium,3,fc,0.5,1.300000,1.1220515867732916,0.14472750772673904,final
medium,3,fc,0.5,1.325000,1.1327645397404156,0.13813047983167853,final
medium,3,fc,0.5,1.350000,1.1432751122365707,0.13185261608906113,final
medium,3,fc,0.5,1.375000,1.1535522388734707,0.1258793610376418,final
medium,3,fc,0.5,1.400000,1.163566334215625,0.12019661926408308,final
medium,3,fc,0.5,1.425000,1.173290625216512,0.11479076869543448,final
medium,3,fc,0.5,1.450000,1.1827020864166826,0.1096486695622258,final
medium,3,fc,0.5,1.475000,1.1917819899508197,0.10475766948076473,final
medium,3,fc,0.5,1.500000,1.200516118781296,0.10010560508677041,final
medium,3,fc,0.5,1.525000,1.2088947098854543,0.09568080063249802,final
medium,3,fc,0.5,1.550000,1.2169121986267781,0.09147206393676467,final
medium,3,fc,0.5,1.575000,1.224566830858876,0.08746868005254455,final
medium,3,fc,0.5,1.600000,1.2318601995147376,0.08366040299072135,final
medium,3,fc,0.5,1.625000,1.2387967506276245,0.08003744581183542,final
medium,3,fc,0.5,1.650000,1.2453832920006311,0.07659046937076666,final
medium,3,fc,0.5,1.675000,1.2516285272985053,0.07331056997272188,final
medium,3,fc,0.5,1.700000,1.2575426297268666,0.07018926617305912,final
medium,3,fc,0.5,1.725000,1.2631368627993238,0.06721848492863296,final
medium,3,fc,0.5,1.750000,1.2684232508223037,0.06439054728477098,final
medium,3,fc,0.5,1.775000,1.2734142983762107,0.0616981537598125,final
medium,3,fc,0.5,1.800000,1.2781227559285717,0.059134369568493717,final
medium,3,fc,0.5,1.825000,1.2825614274836132,0.05669260980638358,final
medium,3,fc,0.5,1.850000,1.2867430155969592,0.05436662470009754,final
medium,3,fc,0.5,1.875000,1.2906799989565585,0.05215048501211195,final
medium,3,fc,0.5,1.900000,1.2943845378920842,0.050038567674637165,final
medium,3,fc,0.5,1.925000,1.2978684035076136,0.0480255417141179,final
medium,3,fc,0.5,1.950000,1.3011429265534256,0.04610635451642435,final
medium,3,fc,0.5,1.975000,1.304218962606149,0.04427621847262877,final
medium,3,fc,0.5,2.000000,1.3071068705761109,0.042530598036290536,final
medium,3,fc,0.5,2.025000,1.3098165019848287,0.04086519721532707,final
medium,3,fc,0.5,2.050000,1.3123571988424318,0.03927594751474929,final
medium,3,fc,0.5,2.075000,1.3147377982993733,0.03775899634064951,final
medium,3,fc,0.5,2.100000,1.3169666425483493,0.03631069587080901,final
medium,3,fc,0.5,2.125000,1.3190515927127864,0.03492759239300612,final
medium,3,fc,0.5,2.150000,1.3210000456808395,0.033606416108520214,final
medium,3,fc,0.5,2.175000,1.3228189530325596,0.032344071395319085,final
medium,3,fc,0.5,2.200000,1.3245148413668684,0.03113762752295615,final
medium,3,fc,0.5,2.225000,1.3260938334681507,0.029984309809202872,final
medium,3,fc,0.5,2.250000,1.3275616698634467,0.028881491206847024,final
medium,3,fc,0.5,2.275000,1.3289237304135801,0.027826684307850874,final
medium,3,fc,0.5,2.300000,1.3301850556581534,0.026817533751129878,final
medium,3,fc,0.5,2.325000,1.331350367697582,0.025851809019539436,final
medium,3,fc,0.5,2.350000,1.3324240904474707,0.024927397611219253,final
medium,3,fc,0.5,2.375000,1.3334103691434547,0.024042298570184424,final
medium,3,fc,0.5,2.400000,1.3343130890096901,0.02319461636096361,final
medium,3,fc,0.5,2.425000,1.335135893032785,0.022382555072118837,final
medium,3,fc,0.5,2.450000,1.3358821988061806,0.021604412933645116,final
medium,3,fc,0.5,2.475000,1.3365552144287616,0.020858577133474034,final
medium,3,fc,0.5,2.500000,1.3371579534564968,0.020143518918636836,final
medium,3,fc,0.5,2.525000,1.3376932489178701,0.019457788967005542,final
medium,3,fc,0.5,2.550000,1.3381637664132247,0.01880001301595232,final
medium,3,fc,0.5,2.575000,1.3385720163253823,0.018168887734721407,final
medium,3,fc,0.5,2.600000,1.338920365174357,0.017563176827779654,final
medium,3,fc,0.5,2.625000,1.3392110461529745,0.016981707356906937,final
medium,3,fc,0.5,2.650000,1.3394461688829602,0.016423366270288828,final
medium,3,fc,0.5,2.675000,1.339627728432828,0.01588709712737786,final
medium,3,fc,0.5,2.700000,1.3397576136398157,0.015371897008789036,final
medium,3,fc,0.5,2.725000,1.3398376147783628,0.014876813601008254,final
medium,3,fc,0.5,2.750000,1.339869430617317,0.014400942446161183,final
medium,3,fc,0.5,2.775000,1.3398546749073033,0.01394342434758682,final
medium,3,fc,0.5,2.800000,1.3397948823385735,0.0135034429224213,final
medium,3,fc,0.5,2.825000,1.3396915140082881,0.013080222292847036,final
medium,3,fc,0.5,2.850000,1.3395459624345694,0.012673024908103358,final
medium,3,fc,0.5,2.875000,1.3393595561529357,0.012281149489774493,final
medium,3,fc,0.5,2.900000,1.3391335639288595,0.011903929093276212,final
medium,3,fc,0.5,2.925000,1.3388691986182903,0.0115407292788442,final
medium,3,fc,0.5,2.950000,1.338567620706018,0.011190946385711102,final
medium,3,fc,0.5,2.975000,1.3382299415498171,0.010854005903492529,final
medium,3,fc,0.5,3.000000,1.3378572263563655,0.010529360935159847,final
medium,3,fc,0.5,3.025000,1.3374504969130525,0.010216490746280376,final
medium,3,fc,0.5,3.050000,1.3370107340979511,0.00991489939552285,final
medium,3,fc,0.5,3.075000,1.3365388801884586,0.00962411444170394,final
medium,3,fc,0.5,3.100000,1.3360358409874296,0.009343685722933544,final
medium,3,fc,0.5,3.125000,1.3355024877840045,0.009073184203666275,final
medium,3,fc,0.5,3.150000,1.3349396591648386,0.00881220088572273,final
medium,3,fc,0.5,3.175000,1.334348162689996,0.00856034577956125,final
medium,3,fc,0.5,3.200000,1.3337287764464538,0.008317246932311853,final
medium,3,fc,0.5,3.225000,1.3330822504909148,0.008082549509281826,final
medium,3,fc,0.5,3.250000,1.3324093081924915,0.007855914925840547,final
medium,3,fc,0.5,3.275000,1.3317106474847566,0.007637020026771776,final
medium,3,fc,0.5,3.300000,1.330986942035699,0.007425556310355653,final
medium,3,fc,0.5,3.325000,1.3302388423432263,0.007221229194605152,final
medium,3,fc,0.5,3.350000,1.3294669767630614,0.007023757323232783,final
medium,3,fc,0.5,3.375000,1.3286719524751351,0.0068328719090709365,final
medium,3,fc,0.5,3.400000,1.3278543563939387,0.006648316112797191,final
medium,3,fc,0.5,3.425000,1.3270147560276742,0.006469844454954951,final
medium,3,fc,0.5,3.450000,1.3261537002905377,0.006297222259364868,final
medium,3,fc,0.5,3.475000,1.3252717202719784,0.006130225126150202,final
medium,3,fc,0.5,3.500000,1.3243693299663437,0.005968638432691078,final
medium,3,fc,0.5,3.525000,1.3234470269659713,0.005812256860931846,final
medium,3,fc,0.5,3.550000,1.3225052931204133,0.005660883949557558,final
medium,3,fc,0.5,3.575000,1.3215445951642253,0.005514331669634566,final
medium,3,fc,0.5,3.600000,1.320565385315456,0.005372420022408773,final
medium,3,fc,0.5,3.625000,1.3195681018467722,0.0052349766580150085,final
medium,3,fc,0.5,3.650000,1.3185531696309347,0.0051018365139386904,final
medium,3,fc,0.5,3.675000,1.3175210006621738,0.0049728414721276004,final
medium,3,fc,0.5,3.700000,1.3164719945548617,0.004847840033726076,final
medium,3,fc,0.5,3.725000,1.3154065390207348,0.004726687010453871,final
medium,3,fc,0.5,3.750000,1.3143250103258222,0.0046092432317188185,final
medium,3,fc,0.5,3.775000,1.3132277737281062,0.004495375266596954,final
medium,3,fc,0.5,3.800000,1.3121151838968903,0.00438495515987154,final
medium,3,fc,0.5,3.825000,1.3109875853147335,0.004277860181360855,final
medium,3,fc,0.5,3.850000,1.3098453126627776,0.00417397258781929,final
medium,3,fc,0.5,3.875000,1.3086886911902074,0.004073179396726176,final
medium,3,fc,0.5,3.900000,1.3075180370685602,0.003975372171325868,final
medium,3,fc,0.5,3.925000,1.3063336577315325,0.003880446816315581,final
medium,3,fc,0.5,3.950000,1.3051358522009027,0.0037883033836064225,final
medium,3,fc,0.5,3.975000,1.303924911399159,0.0036988458876262074,final
medium,3,fc,0.5,4.000000,1.3027011184493795,0.0036119821296561735,final
medium,3,fc,0.5,4.025000,1.3014647489628892,0.0035276235307199755,final
medium,3,fc,0.5,4.050000,1.3002160713151993,0.003445684972579932,final
medium,3,fc,0.5,4.075000,1.2989553469106985,0.0033660846464103494,final
medium,3,fc,0.5,4.100000,1.2976828304365553,0.0032887439087498005,final
medium,3,fc,0.5,4.125000,1.2963987701062676,0.0032135871443476484,final
medium,3,fc,0.5,4.150000,1.2951034078932806,0.003140541635555781,final
medium,3,fc,0.5,4.175000,1.2937969797550686,0.003069537437917249,final
medium,3,fc,0.5,4.200000,1.292479715848078,0.003000507261639546,final
medium,3,fc,0.5,4.225000,1.29115184073389,0.002933386358647509,final
medium,3,fc,0.5,4.250000,1.289813573576973,0.002868112414932197,final
medium,3,fc,0.5,4.275000,1.288465128334356,0.0028046254479229715,final
medium,3,fc,0.5,4.300000,1.2871067139375674,0.002742867708632816,final
medium,3,fc,0.5,4.325000,1.2857385344671444,0.0026827835883323843,final
medium,3,fc,0.5,4.350000,1.2843607893200275,0.0026243195295232785,final
medium,3,fc,0.5,4.375000,1.2829736733701378,0.0025674239410017246,final
medium,3,fc,0.5,4.400000,1.2815773771224042,0.002512047116799274,final
medium,3,fc,0.5,4.425000,1.2801720868605357,0.0024581411588165073,final
medium,3,fc,0.5,4.450000,1.278757984788782,0.0024056599029599174,final
medium,3,fc,0.5,4.475000,1.277335249167945,0.0023545588486135268,final
medium,3,fc,0.5,4.500000,1.2759040544458795,0.002304795091278237,final
medium,3,fc,0.5,4.525000,1.2744645713827116,0.0022563272582273074,final
medium,3,fc,0.5,4.550000,1.2730169671710077,0.002209115447027629,final
medium,3,fc,0.5,4.575000,1.2715614055510962,0.002163121166787322,final
medium,3,fc,0.5,4.600000,1.2700980469217578,0.0021183072820026927,final
medium,3,fc,0.5,4.625000,1.2686270484464734,0.0020746379588730468,final
medium,3,fc,0.5,4.650000,1.267148564155422,0.002032078613968704,final
medium,3,fc,0.5,4.675000,1.265662745043411,0.0019905958651390177,final
medium,3,fc,0.5,4.700000,1.264169739163907,0.0019501574845522565,final
medium,3,fc,0.5,4.725000,1.2626696917193405,0.0019107323537686412,final
medium,3,fc,0.5,4.750000,1.2611627451478362,0.0018722904207485434,final
medium,3,fc,0.5,4.775000,1.2596490392065283,0.0018348026587054643,final
medium,3,fc,0.5,4.800000,1.2581287110515977,0.0017982410267173958,final
medium,3,fc,0.5,4.825000,1.2566018953151847,0.001762578432014152,final
medium,3,fc,0.5,4.850000,1.255068724179293,0.0017277886938635106,final
medium,3,fc,0.5,4.875000,1.2535293274468298,0.0016938465089809934,final
medium,3,fc,0.5,4.900000,1.2519838326098913,0.0016607274183924714,final
medium,3,fc,0.5,4.925000,1.2504323649154208,0.001628407775686919,final
medium,3,fc,0.5,4.950000,1.2488750474283417,0.001596864716589041,final
medium,3,fc,0.5,4.975000,1.247312001092283,0.0015660761297978003,final
medium,3,fc,0.5,5.000000,1.24574334478799,0.001536020629028713,final
medium,3,fc,0.5,5.025000,1.2441691953895233,0.0015066775262095645,final
medium,3,fc,0.5,5.050000,1.242589667818342,0.0014780268057724868,final
medium,3,fc,0.5,5.075000,1.2410048750953517,0.0014500490999996532,final
medium,3,fc,0.5,5.100000,1.2394149283910159,0.0014227256653687938,final
medium,3,fc,0.5,5.125000,1.2378199370735996,0.0013960383598590484,final
medium,3,fc,0.5,5.150000,1.236220008755631,0.0013699696211715122,final
medium,3,fc,0.5,5.175000,1.2346152493386586,0.001344502445826072,final
medium,3,fc,0.5,5.200000,1.2330057630563647,0.001319620369094148,final
medium,3,fc,0.5,5.225000,1.231391652516116,0.0012953074457320137,final
medium,3,fc,0.5,5.250000,1.229773018739009,0.0012715482314793827,final
medium,3,fc,0.5,5.275000,1.2281499611984728,0.0012483277652897444,final
medium,3,fc,0.5,5.300000,1.2265225778574964,0.0012256315522594916,final
medium,3,fc,0.5,5.325000,1.224890965204527,0.0012034455472299352,final
medium,3,fc,0.5,5.350000,1.2232552182881031,0.0011817561390265222,final
medium,3,fc,0.5,5.375000,1.221615430750271,0.0011605501353155188,final
medium,3,fc,0.5,5.400000,1.219971694858834,0.0011398147480441024,final
medium,3,fc,0.5,5.425000,1.2183241015384827,0.0011195375794464772,final
medium,3,fc,0.5,5.450000,1.216672740400855,0.0010997066085859438,final
medium,3,fc,0.5,5.475000,1.2150176997735644,0.0010803101784139062,final
medium,3,fc,0.5,5.500000,1.2133590667282443,0.0010613369833224516,final
medium,3,fc,0.5,5.525000,1.2116969271076414,0.0010427760571714813,final
medium,3,fc,0.5,5.550000,1.2100313655518042,0.0010246167617677558,final
medium,3,fc,0.5,5.575000,1.2083624655234004,0.001006848775780092,final
medium,3,fc,0.5,5.600000,1.2066903093321917,0.0009894620840704305,final
medium,3,fc,0.5,5.625000,1.205014978158709,0.000972446967424831,final
medium,3,fc,0.5,5.650000,1.2033365520771602,0.0009557939926686374,final
medium,3,fc,0.5,5.675000,1.2016551100775896,0.0009394940031462534,final
medium,3,fc,0.5,5.700000,1.1999707300873335,0.0009235381095562882,final
medium,3,fc,0.5,5.725000,1.1982834889917855,0.0009079176811237815,final
medium,3,fc,0.5,5.750000,1.1965934626545156,0.0008926243370957384,final
medium,3,fc,0.5,5.775000,1.19490072593675,0.000877649938550017,final
medium,3,fc,0.5,5.800000,1.1932053527162492,0.0008629865805003556,final
medium,3,fc,0.5,5.825000,1.191507415905607,0.0008486265842915688,final
medium,3,fc,0.5,5.850000,1.189806987469984,0.0008345624902662513,final
medium,3,fc,0.5,5.875000,1.1881041384443087,0.0008207870506999125,final
medium,3,fc,0.5,5.900000,1.1863989389499612,0.0008072932229858862,final
medium,3,fc,0.5,5.925000,1.1846914582109578,0.0007940741630678401,final
medium,3,fc,0.5,5.950000,1.182981764569658,0.0007811232191043099,final
medium,3,fc,0.5,5.975000,1.1812699255020156,0.0007684339253583744,final
medium,3,fc,0.5,6.000000,1.179556007632383,0.0007559999963054072,final
medium,3,fc,2,0.000000,1.0,0.9999979292399579,final
medium,3,fc,2,0.025000,0.9985796899810346,0.9992961010731113,final
medium,3,fc,2,0.050000,0.994332729459792,0.9971948653968338,final
medium,3,fc,2,0.075000,0.9873164580820577,0.9937069079517921,final
medium,3,fc,2,0.100000,0.9776571442305235,0.9888531709729896,final
medium,3,fc,2,0.125000,0.9655715101772369,0.9826625583062567,final
medium,3,fc,2,0.150000,0.9513815553580393,0.9751715344708285,final
medium,3,fc,2,0.175000,0.9355202434389492,0.9664236288215278,final
medium,3,fc,2,0.200000,0.918525779329032,0.95646885815437,final
medium,3,fc,2,0.225000,0.9010229453897481,0.9453630826547406,final
medium,3,fc,2,0.250000,0.8836913427293276,0.9331673109752425,final
medium,3,fc,2,0.275000,0.867222269413799,0.919946970463837,final
medium,3,fc,2,0.300000,0.8522680567448313,0.9057711581949571,final
medium,3,fc,2,0.325000,0.839389563848293,0.890711887570984,final
medium,3,fc,2,0.350000,0.8290087860300503,0.8748433439638938,final
medium,3,fc,2,0.375000,0.8213738137687756,0.8582411612720591,final
medium,3,fc,2,0.400000,0.8165424005743974,0.8409817294902436,final
medium,3,fc,2,0.425000,0.8143879671088539,0.8231415415386202,final
medium,3,fc,2,0.450000,0.8146280728098199,0.8047965857616002,final
medium,3,fc,2,0.475000,0.8168708772299887,0.7860217887637229,final
medium,3,fc,2,0.500000,0.8206711805333703,0.7668905116525188,final
medium,3,fc,2,0.525000,0.8255857466272214,0.7474741013425734,final
medium,3,fc,2,0.550000,0.8312185882746614,0.72784149735908,final
medium,3,fc,2,0.575000,0.8372503119268325,0.7080588935663934,final
medium,3,fc,2,0.600000,0.8434500423797482,0.6881894534295714,final
medium,3,fc,2,0.625000,0.8496722666831059,0.668293076778535,final
medium,3,fc,2,0.650000,0.8558431783116353,0.6484262155643347,final
medium,3,fc,2,0.675000,0.8619416607391757,0.6286417357517053,final
medium,3,fc,2,0.700000,0.8679794037014346,0.6089888222581751,final
medium,3,fc,2,0.725000,0.8739834269857606,0.589512923705394,final
medium,3,fc,2,0.750000,0.879982987544832,0.570255733673549,final
medium,3,fc,2,0.775000,0.8860017297894646,0.551255205128223,final
medium,3,fc,2,0.800000,0.8920550797658684,0.5325455947076924,final
medium,3,fc,2,0.825000,0.898152246997704,0.5141575336073486,final
medium,3,fc,2,0.850000,0.9043017191877797,0.49611812186950627,final
medium,3,fc,2,0.875000,0.9105187777062053,0.4784510429764151,final
medium,3,fc,2,0.900000,0.9168333392891395,0.4611766957488485,final
medium,3,fc,2,0.925000,0.9232963947446664,0.4443123406704296,final
medium,3,fc,2,0.950000,0.9299835256681331,0.4278722578879763,final
medium,3,fc,2,0.975000,0.9369944538313979,0.4118679142800541,final
medium,3,fc,2,1.000000,0.9444482665673078,0.39630813713912205,final
medium,3,fc,2,1.025000,0.9524747471647731,0.38119929217645976,final
medium,3,fc,2,1.050000,0.9612029606913944,0.3665454637324295,final
medium,3,fc,2,1.075000,0.9707487441743562,0.35234863525610427,final
medium,3,fc,2,1.100000,0.9812029190065247,0.3386088683060421,final
medium,3,fc,2,1.125000,0.9926218607068182,0.325324478515772,final
medium,3,fc,2,1.150000,1.0050215922083994,0.31249220716094483,final
medium,3,fc,2,1.175000,1.0183759382530502,0.3001073871574854,final
medium,3,fc,2,1.200000,1.032618635548383,0.28816410250883695,final
medium,3,fc,2,1.225000,1.0476487599103652,0.27665534040303363,final
medium,3,fc,2,1.250000,1.0633384848677432,0.2655731353345545,final
medium,3,fc,2,1.275000,1.0795420501614204,0.2549087047897165,final
medium,3,fc,2,1.300000,1.0961048719854014,0.24465257618608027,final
medium,3,fc,2,1.325000,1.11287191885592,0.234794704894746,final
medium,3,fc,2,1.350000,1.1296947446860601,0.22532458329861285,final
medium,3,fc,2,1.375000,1.1464368539853849,0.21623134094921204,final
medium,3,fc,2,1.400000,1.1629773265341299,0.2075038359795181,final
medium,3,fc,2,1.425000,1.179212822182187,0.199130738010403,final
medium,3,fc,2,1.450000,1.1950582105221172,0.19110060285465802,final
medium,3,fc,2,1.475000,1.2104461293208058,0.18340193937552854,final
medium,3,fc,2,1.500000,1.2253257828116477,0.17602326889740094,final
medium,3,fc,2,1.525000,1.2396612627223396,0.16895317759573308,final
medium,3,fc,2,1.550000,1.253429627051555,0.16218036231265762,final
medium,3,fc,2,1.575000,1.266618916860344,0.15569367025510647,final
medium,3,fc,2,1.600000,1.2792262385392086,0.14948213303498506,final
medium,3,fc,2,1.625000,1.291255993264589,0.1435349955070108,final
medium,3,fc,2,1.650000,1.3027182988419292,0.13784173985045117,final
medium,3,fc,2,1.675000,1.3136276220081269,0.13239210532712925,final
medium,3,fc,2,1.700000,1.3240016205264358,0.12717610413072902,final
medium,3,fc,2,1.725000,1.333860182518573,0.12218403372238908,final
medium,3,fc,2,1.750000,1.343224643810194,0.11740648602565415,final
medium,3,fc,2,1.775000,1.352117161130623,0.11283435383068481,final
medium,3,fc,2,1.800000,1.3605602185750842,0.1084588347337509,final
medium,3,fc,2,1.825000,1.3685762458575053,0.1042714329139894,final
medium,3,fc,2,1.850000,1.376187328862575,0.10026395902552457,final
medium,3,fc,2,1.875000,1.3834149953704524,0.09642852845968962,final
medium,3,fc,2,1.900000,1.390280061266675,0.09275755820948363,final
medium,3,fc,2,1.925000,1.3968025248764968,0.08924376254675773,final
medium,3,fc,2,1.950000,1.4030014991758015,0.08588014770206033,final
medium,3,fc,2,1.975000,1.4088951734858677,0.08266000571771653,final
medium,3,fc,2,2.000000,1.4145007978485025,0.07957690762659296,final
medium,3,fc,2,2.025000,1.419834684614428,0.07662469609216203,final
medium,3,fc,2,2.050000,1.4249122228854114,0.0737974776299044,final
medium,3,fc,2,2.075000,1.4297479023581487,0.07108961451578498,final
medium,3,fc,2,2.100000,1.4343553438546184,0.06849571647443305,final
medium,3,fc,2,2.125000,1.4387473344170847,0.06601063222774378,final
medium,3,fc,2,2.150000,1.4429358653210502,0.06362944097380911,final
medium,3,fc,2,2.175000,1.4469321717377037,0.06134744385632948,final
medium,3,fc,2,2.200000,1.4507467730772012,0.05916015547589158,final
medium,3,fc,2,2.225000,1.454389513280727,0.05706329548664664,final
medium,3,fc,2,2.250000,1.457869600515317,0.05505278031492643,final
medium,3,fc,2,2.275000,1.461195645871209,0.05312471503010885,final
medium,3,fc,2,2.300000,1.4643757007752938,0.0512753853925513,final
medium,3,fc,2,2.325000,1.467417292922776,0.049501250098557395,final
medium,3,fc,2,2.350000,1.4703274605977807,0.047798933238089425,final
medium,3,fc,2,2.375000,1.4731127853065435,0.046165216977224074,final
medium,3,fc,2,2.400000,1.4757794226874326,0.044597034474109544,final
medium,3,fc,2,2.425000,1.4783331316929713,0.04309146303439602,final
medium,3,fc,2,2.450000,1.480779302062409,0.04164571750968536,final
medium,3,fc,2,2.475000,1.4831229801208,0.040257143940502574,final
medium,3,fc,2,2.500000,1.485368892953365,0.038923213443524764,final
medium,3,fc,2,2.525000,1.4875214710130864,0.03764151634132921,final
medium,3,fc,2,2.550000,1.4895848692258395,0.036409756531684365,final
medium,3,fc,2,2.575000,1.491562986661494,0.03522574609238472,final
medium,3,fc,2,2.600000,1.4934594848418634,0.034087400116785065,final
medium,3,fc,2,2.625000,1.4952778047574407,0.03299273177452561,final
medium,3,fc,2,2.650000,1.4970211826649067,0.03193984759139919,final
medium,3,fc,2,2.675000,1.4986926647366337,0.030926942941904803,final
medium,3,fc,2,2.700000,1.5002951206320223,0.029952297747731768,final
medium,3,fc,2,2.725000,1.5018312560586364,0.02901427237521226,final
medium,3,fc,2,2.750000,1.5033036243889053,0.02811130372463498,final
medium,3,fc,2,2.775000,1.5047146373956717,0.027241901504269916,final
medium,3,fc,2,2.800000,1.5060665751671998,0.026404644681927984,final
medium,3,fc,2,2.825000,1.507361595259472,0.025598178106928483,final
medium,3,fc,2,2.850000,1.508601741140734,0.024821209295431242,final
medium,3,fc,2,2.875000,1.5097889499803427,0.024072505372191445,final
medium,3,fc,2,2.900000,1.510925059831065,0.023350890161948933,final
medium,3,fc,2,2.925000,1.512011816251102,0.022655241423814636,final
medium,3,fc,2,2.950000,1.51305087840927,0.02198448822219974,final
medium,3,fc,2,2.975000,1.5140438247140038,0.021337608428025324,final
medium,3,fc,2,3.000000,1.514992158004165,0.020713626344142904,final
medium,3,fc,2,3.025000,1.5158973103370361,0.020111610449121096,final
medium,3,fc,2,3.050000,1.5167606474063802,0.019530671253741985,final
medium,3,fc,2,3.075000,1.5175834726210735,0.018969959264783273,final
medium,3,fc,2,3.100000,1.5183670308725292,0.01842866305087054,final
medium,3,fc,2,3.125000,1.5191125120169764,0.01790600740538857,final
medium,3,fc,2,3.150000,1.519821054096625,0.01740125160166688,final
medium,3,fc,2,3.175000,1.5204937463218102,0.01691368773584563,final
medium,3,fc,2,3.200000,1.5211316318344268,0.016442639153041987,final
medium,3,fc,2,3.225000,1.521735710271249,0.015987458952627043,final
medium,3,fc,2,3.250000,1.5223069401441824,0.01554752856862642,final
medium,3,fc,2,3.275000,1.5228462410530157,0.015122256421425359,final
medium,3,fc,2,3.300000,1.5233544957448744,0.014711076637163482,final
medium,3,fc,2,3.325000,1.5238325520333493,0.014313447831357885,final
medium,3,fc,2,3.350000,1.5242812245890835,0.013928851953473702,final
medium,3,fc,2,3.375000,1.5247012966125535,0.013556793189317143,final
medium,3,fc,2,3.400000,1.5250935213988017,0.013196796918281035,final
medium,3,fc,2,3.425000,1.5254586238029735,0.012848408722622606,final
medium,3,fc,2,3.450000,1.525797301614699,0.012511193446095005,final
medium,3,fc,2,3.475000,1.5261102268486197,0.012184734299390572,final
medium,3,fc,2,3.500000,1.5263980469576666,0.011868632009980432,final
medium,3,fc,2,3.525000,1.5266613859750977,0.011562504014061415,final
medium,3,fc,2,3.550000,1.526900845590729,0.011265983688439207,final
medium,3,fc,2,3.575000,1.527117006166303,0.010978719620289117,final
medium,3,fc,2,3.600000,1.5273104276944651,0.010700374912838966,final
medium,3,fc,2,3.625000,1.5274816507054185,0.010430626525124654,final
medium,3,fc,2,3.650000,1.5276311971249588,0.010169164644067214,final
medium,3,fc,2,3.675000,1.5277595710872374,0.00991569208720407,final
medium,3,fc,2,3.700000,1.527867259705328,0.009669923734501585,final
medium,3,fc,2,3.725000,1.5279547338023722,0.009431585987756015,final
medium,3,fc,2,3.750000,1.528022448605866,0.009200416256170275,final
medium,3,fc,2,3.775000,1.5280708444074051,0.008976162466764602,final
medium,3,fc,2,3.800000,1.5281003471900254,0.008758582598353621,final
medium,3,fc,2,3.825000,1.5281113692251012,0.00854744423788731,final
medium,3,fc,2,3.850000,1.5281043096405904,0.008342524158018077,final
medium,3,fc,2,3.875000,1.528079554962297,0.008143607914814084,final
medium,3,fc,2,3.900000,1.5280374796296678,0.007950489464597189,final
medium,3,fc,2,3.925000,1.5279784464875465,0.007762970798941056,final
medium,3,fc,2,3.950000,1.5279028072551937,0.007580861596905375,final
medium,3,fc,2,3.975000,1.5278109029737914,0.007403978893646075,final
medium,3,fc,2,4.000000,1.5277030644335623,0.0072321467645740005,final
medium,3,fc,2,4.025000,1.5275796125815648,0.0070651960242810626,final
medium,3,fc,2,4.050000,1.527440858911145,0.00690296393950086,final
medium,3,fc,2,4.075000,1.5272871058339768,0.006745293955398438,final
medium,3,fc,2,4.100000,1.5271186470355498,0.00659203543452906,final
medium,3,fc,2,4.125000,1.5269357678149211,0.0064430434078363,final
medium,3,fc,2,4.150000,1.5267387454094976,0.006298178337093973,final
medium,3,fc,2,4.175000,1.5265278493055658,0.006157305888229191,final
medium,3,fc,2,4.200000,1.5263033415352547,0.006020296714986096,final
medium,3,fc,2,4.225000,1.5260654769605695,0.005887026252428785,final
medium,3,fc,2,4.250000,1.5258145035451045,0.005757374519800969,final
medium,3,fc,2,4.275000,1.5255506626140145,0.005631225932281169,final
medium,3,fc,2,4.300000,1.5252741891027786,0.005508469121209777,final
medium,3,fc,2,4.325000,1.5249853117952958,0.005388996762367058,final
medium,3,fc,2,4.350000,1.5246842535517695,0.005272705411922309,final
medium,3,fc,2,4.375000,1.5243712315268798,0.005159495349679465,final
medium,3,fc,2,4.400000,1.5240464573786674,0.005049270429270179,final
medium,3,fc,2,4.425000,1.523710137468553,0.004941937934961711,final
medium,3,fc,2,4.450000,1.5233624730528998,0.004837408444764286,final
medium,3,fc,2,4.475000,1.523003660466493,0.004735595699538422,final
medium,3,fc,2,4.500000,1.522633891298301,0.00463641647781682,final
medium,3,fc,2,4.525000,1.5222533525598703,0.004539790476073858,final
medium,3,fc,2,4.550000,1.5218622268466726,0.0044456401941804025,final
medium,3,fc,2,4.575000,1.521460692492732,0.0043538908258078015,final
medium,3,fc,2,4.600000,1.521048923718818,0.004264470153542824,final
medium,3,fc,2,4.625000,1.5206270907745,0.004177308448501121,final
medium,3,fc,2,4.650000,1.5201953600743323,0.00409233837422035,final
medium,3,fc,2,4.675000,1.5197538943284254,0.004009494894645649,final
medium,3,fc,2,4.700000,1.5193028526676602,0.003928715186011864,final
medium,3,fc,2,4.725000,1.5188423907637696,0.003849938552444208,final
medium,3,fc,2,4.750000,1.5183726609445272,0.0037731063451085585,final
medium,3,fc,2,4.775000,1.5178938123042454,0.003698161884748136,final
medium,3,fc,2,4.800000,1.5174059908097968,0.0036250503874534,final
medium,3,fc,2,4.825000,1.5169093394023476,0.0035537188935180495,final
medium,3,fc,2,4.850000,1.5164039980949975,0.0034841161992384935,final
medium,3,fc,2,4.875000,1.5158901040665047,0.003416192791532784,final
medium,3,fc,2,4.900000,1.5153677917512545,0.003349900785240403,final
medium,3,fc,2,4.925000,1.514837192925651,0.0032851938629953315,final
medium,3,fc,2,4.950000,1.5142984367910746,0.0032220272175482114,final
medium,3,fc,2,4.975000,1.513751650053563,0.003160357496432501,final
medium,3,fc,2,5.000000,1.5131969570003445,0.0031001427488730796,final
medium,3,fc,2,5.025000,1.5126344795733768,0.0030413423748346722,final
medium,3,fc,2,5.050000,1.512064337440003,0.0029839170761159985,final
medium,3,fc,2,5.075000,1.5114866480608606,0.0029278288094051505,final
medium,3,fc,2,5.100000,1.5109015267551553,0.0028730407412039653,final
medium,3,fc,2,5.125000,1.5103090867634106,0.0028195172045440277,final
medium,3,fc,2,5.150000,1.5097094393078094,0.002767223657416334,final
medium,3,fc,2,5.175000,1.5091026936502188,0.002716126642840039,final
medium,3,fc,2,5.200000,1.5084889571480031,0.0026661937504989823,final
medium,3,fc,2,5.225000,1.5078683353077231,0.0026173935798797948,final
medium,3,fc,2,5.250000,1.507240931836796,0.00256969570484818,final
medium,3,fc,2,5.275000,1.5066068486932191,0.002523070639600119,final
medium,3,fc,2,5.300000,1.5059661861334261,0.002477489805931105,final
medium,3,fc,2,5.325000,1.5053190427583638,0.0024329255017677574,final
medium,3,fc,2,5.350000,1.5046655155578539,0.002389350870906149,final
medium,3,fc,2,5.375000,1.5040056999533202,0.0023467398739123713,final
medium,3,fc,2,5.400000,1.5033396898389473,0.002305067260127343,final
medium,3,fc,2,5.425000,1.5026675776213279,0.0022643085407395933,final
medium,3,fc,2,5.450000,1.5019894542576742,0.0022244399628739303,final
medium,3,fc,2,5.475000,1.5013054092926457,0.002185438484659717,final
medium,3,fc,2,5.500000,1.5006155308938482,0.002147281751233332,final
medium,3,fc,2,5.525000,1.499919905886064,0.00210994807163994,final
medium,3,fc,2,5.550000,1.499218619784264,0.002073416396598594,final
medium,3,fc,2,5.575000,1.4985117568254473,0.002037666297088671,final
medium,3,fc,2,5.600000,1.4977993999993617,0.002002677943734377,final
medium,3,fc,2,5.625000,1.4970816310781478,0.0019684320869470203,final
medium,3,fc,2,5.650000,1.4963585306449545,0.001934910037795905,final
medium,3,fc,2,5.675000,1.4956301781215546,0.0019020936495821128,final
medium,3,fc,2,5.700000,1.4948966517950224,0.0018699653000843219,final
medium,3,fc,2,5.725000,1.4941580288434886,0.0018385078744475162,final
medium,3,fc,2,5.750000,1.4934143853610258,0.001807704748695522,final
medium,3,fc,2,5.775000,1.4926657963816927,0.0017775397738341902,final
medium,3,fc,2,5.800000,1.4919123359027675,0.0017479972605298807,final
medium,3,fc,2,5.825000,1.4911540769072111,0.0017190619643353434,final
medium,3,fc,2,5.850000,1.490391091385384,0.0016907190714431513,final
medium,3,fc,2,5.875000,1.4896234503560488,0.0016629541849460688,final
medium,3,fc,2,5.900000,1.4888512238866853,0.0016357533115849763,final
medium,3,fc,2,5.925000,1.4880744811131463,0.0016091028489635777,final
medium,3,fc,2,5.950000,1.4872932902586828,0.0015829895732162476,final
medium,3,fc,2,5.975000,1.4865077186523543,0.0015574006271040614,final
medium,3,fc,2,6.000000,1.485717832746858,0.0015323235085293945,final
medium,3,fc,5,0.000000,1.0,0.9999990149527557,final
medium,3,fc,5,0.025000,0.9983259998143905,0.9995535545956326,final
medium,3,fc,5,0.050000,0.9933186709203415,0.9982182550348954,final
medium,3,fc,5,0.075000,0.9850363350038686,0.9959963639857915,final
medium,3,fc,5,0.100000,0.973604994664988,0.9928933046151531,final
medium,3,fc,5,0.125000,0.9592391919209814,0.988916689954814,final
medium,3,fc,5,0.150000,0.942257216568046,0.9840763410260884,final
medium,3,fc,5,0.175000,0.9230883060456941,0.9783843067201043,final
medium,3,fc,5,0.200000,0.9022695374758947,0.9718548830579382,final
medium,3,fc,5,0.225000,0.8804307456591409,0.9645046291303571,final
medium,3,fc,5,0.250000,0.8582670664363177,0.95635237680383,final
medium,3,fc,5,0.275000,0.8365004597797627,0.9474192311874634,final
medium,3,fc,5,0.300000,0.8158334606205927,0.9377285588901255,final
medium,3,fc,5,0.325000,0.7968999840755503,0.9273059612587633,final
medium,3,fc,5,0.350000,0.7802188937093939,0.9161792300730569,final
medium,3,fc,5,0.375000,0.7661560560898872,0.904378283568314,final
medium,3,fc,5,0.400000,0.754899797037682,0.8919350811532322,final
medium,3,fc,5,0.425000,0.746453180803418,0.8788835157629997,final
medium,3,fc,5,0.450000,0.7406444590724462,0.8652592834188174,final
medium,3,fc,5,0.475000,0.7371544899536647,0.8510997302275789,final
medium,3,fc,5,0.500000,0.7355572019538922,0.8364436777241008,final
medium,3,fc,5,0.525000,0.7353668875421634,0.8213312281068833,final
medium,3,fc,5,0.550000,0.7360850331677128,0.8058035515220902,final
medium,3,fc,5,0.575000,0.7372400397912215,0.789902658086808,final
medium,3,fc,5,0.600000,0.7384154231003758,0.7736711577926741,final
medium,3,fc,5,0.625000,0.7392651259538512,0.7571520117798487,final
medium,3,fc,5,0.650000,0.7395174159033684,0.7403882787090609,final
medium,3,fc,5,0.675000,0.7389707277529775,0.7234228600810844,final
medium,3,fc,5,0.700000,0.7374854986904466,0.7062982483585597,final
medium,3,fc,5,0.725000,0.7349757105193407,0.6890562816393245,final
medium,3,fc,5,0.750000,0.7314028664243292,0.6717379084223036,final
medium,3,fc,5,0.775000,0.726773839076667,0.6543829657089731,final
medium,3,fc,5,0.800000,0.7211426856167631,0.6370299733105577,final
medium,3,fc,5,0.825000,0.7146153079437452,0.6197159468002725,final
medium,3,fc,5,0.850000,0.7073548956865975,0.6024762310788355,final
medium,3,fc,5,0.875000,0.6995855842644318,0.5853443560278541,final
medium,3,fc,5,0.900000,0.6915918360540291,0.5683519152265687,final
medium,3,fc,5,0.925000,0.6837117652516702,0.5515284682184035,final
medium,3,fc,5,0.950000,0.6763238653760048,0.5349014663486072,final
medium,3,fc,5,0.975000,0.6698280593953866,0.5184962017644935,final
medium,3,fc,5,1.000000,0.6646232560930225,0.5023357787844921,final
medium,3,fc,5,1.025000,0.6610842852212919,0.4864411065080455,final
medium,3,fc,5,1.050000,0.6595410276628945,0.4708309112594444,final
medium,3,fc,5,1.075000,0.6602618609343216,0.45552176723692184,final
medium,3,fc,5,1.100000,0.6634425189372741,0.44052814357346226,final
medium,3,fc,5,1.125000,0.6692004801143927,0.42586246590588206,final
medium,3,fc,5,1.150000,0.6775743060670805,0.41153519049035014,final
medium,3,fc,5,1.175000,0.6885270315817342,0.3975548888910253,final
medium,3,fc,5,1.200000,0.7019526826337835,0.38392834129850273,final
medium,3,fc,5,1.225000,0.7176851252046356,0.370660636600358,final
medium,3,fc,5,1.250000,0.7355085889228241,0.3577552774211005,final
medium,3,fc,5,1.275000,0.7551692889284617,0.34521428846717805,final
medium,3,fc,5,1.300000,0.7763875772919387,0.3330383266483743,final
medium,3,fc,5,1.325000,0.7988700283329747,0.32122679159448314,final
medium,3,fc,5,1.350000,0.8223208514782772,0.30977793534049813,final
medium,3,fc,5,1.375000,0.8464520697295048,0.2986889701102368,final
medium,3,fc,5,1.400000,0.8709920139077986,0.2879561732835211,final
medium,3,fc,5,1.425000,0.8956918487956383,0.277574988782547,final
medium,3,fc,5,1.450000,0.920330036751325,0.26754012425636026,final
medium,3,fc,5,1.475000,0.9447148234311338,0.25784564357642004,final
medium,3,fc,5,1.500000,0.9686849721813893,0.24848505427970202,final
medium,3,fc,5,1.525000,0.9921090643396456,0.2394513897077521,final
medium,3,fc,5,1.550000,1.0148837207941264,0.2307372856900662,final
medium,3,fc,5,1.575000,1.0369310938446306,0.2223350517080542,final
medium,3,fc,5,1.600000,1.058195940705887,0.2142367365518528,final
medium,3,fc,5,1.625000,1.07864253466779,0.20643418854680623,final
medium,3,fc,5,1.650000,1.098251608748393,0.198919110480207,final
medium,3,fc,5,1.675000,1.1170174681463667,0.19168310940259609,final
medium,3,fc,5,1.700000,1.1349453570269048,0.1847177415124742,final
medium,3,fc,5,1.725000,1.1520491244244877,0.17801455235952063,final
medium,3,fc,5,1.750000,1.1683492035545366,0.1715651126203154,final
medium,3,fc,5,1.775000,1.1838708975988816,0.16536104971299231,final
medium,3,fc,5,1.800000,1.198642951480305,0.15939407552411586,final
medium,3,fc,5,1.825000,1.2126963815341198,0.1536560105231757,final
medium,3,fc,5,1.850000,1.2260635317030861,0.14813880453823608,final
medium,3,fc,5,1.875000,1.2387773245579616,0.14283455446115373,final
medium,3,fc,5,1.900000,1.2508706769999576,0.13773551914301999,final
medium,3,fc,5,1.925000,1.2623760531290715,0.13283413173068498,final
medium,3,fc,5,1.950000,1.2733251298949102,0.12812300968388157,final
medium,3,fc,5,1.975000,1.28374855440378,0.12359496270000238,final
medium,3,fc,5,2.000000,1.2936757748990402,0.11924299876040963,final
medium,3,fc,5,2.025000,1.3031349303246142,0.11506032849854929,final
medium,3,fc,5,2.050000,1.3121527859583024,0.11104036807640862,final
medium,3,fc,5,2.075000,1.3207547048421238,0.10717674074218457,final
medium,3,fc,5,2.100000,1.3289646466499472,0.10346327722860513,final
medium,3,fc,5,2.125000,1.336805187242791,0.09989401513832925,final
medium,3,fc,5,2.150000,1.3442975535018191,0.09646319745030717,final
medium,3,fc,5,2.175000,1.3514616691333152,0.09316527026902503,final
medium,3,fc,5,2.200000,1.3583162080429918,0.08999487992723759,final
medium,3,fc,5,2.225000,1.3648786526107084,0.08694686954211561,final
medium,3,fc,5,2.250000,1.3711653547893339,0.0840162751147613,final
medium,3,fc,5,2.275000,1.3771915984278607,0.08119832125375193,final
medium,3,fc,5,2.300000,1.3829716615999155,0.07848841659474731,final
medium,3,fc,5,2.325000,1.3885188780223756,0.07588214898026313,final
medium,3,fc,5,2.350000,1.3938456968895423,0.07337528045640314,final
medium,3,fc,5,2.375000,1.3989637406384523,0.0709637421366524,final
medium,3,fc,5,2.400000,1.4038838603103687,0.06864362897674837,final
medium,3,fc,5,2.425000,1.4086161882903916,0.06641119449909502,final
medium,3,fc,5,2.450000,1.4131701882979932,0.06426284550016602,final
medium,3,fc,5,2.475000,1.417554702571427,0.06219513676981234,final
medium,3,fc,5,2.500000,1.4217779962426085,0.060204765847302694,final
medium,3,fc,5,2.525000,1.4258477989396494,0.05828856783526772,final
medium,3,fc,5,2.550000,1.4297713436843986,0.05644351028943357,final
medium,3,fc,5,2.575000,1.4335554031743956,0.05466668819911841,final
medium,3,fc,5,2.600000,1.437206323554132,0.05295531907085509,final
medium,3,fc,5,2.625000,1.4407300557910243,0.05130673812520908,final
medium,3,fc,5,2.650000,1.4441321847779278,0.04971839361481907,final
medium,3,fc,5,2.675000,1.4474179562873797,0.048187842269903004,final
medium,3,fc,5,2.700000,1.450592301903702,0.046712744875897896,final
medium,3,fc,5,2.725000,1.4536598620581263,0.045290861986530255,final
medium,3,fc,5,2.750000,1.4566250072897564,0.04392004977442389,final
medium,3,fc,5,2.775000,1.459491857851734,0.04259825602031256,final
medium,3,fc,5,2.800000,1.4622643017777357,0.04132351624104625,final
medium,3,fc,5,2.825000,1.4649460115191608,0.04009394995580804,final
medium,3,fc,5,2.850000,1.4675404592581474,0.03890775708931617,final
medium,3,fc,5,2.875000,1.470050930996174,0.037763214510238105,final
medium,3,fc,5,2.900000,1.4724805395124294,0.036658672702594416,final
medium,3,fc,5,2.925000,1.4748322362805788,0.03559255256754023,final
medium,3,fc,5,2.950000,1.4771088224270044,0.034563342352615975,final
medium,3,fc,5,2.975000,1.479312958808166,0.03356959470530945,final
medium,3,fc,5,3.000000,1.4814471752794303,0.03260992384757856,final
medium,3,fc,5,3.025000,1.483513879222617,0.03168300286784069,final
medium,3,fc,5,3.050000,1.485515363394564,0.030787561126827977,final
medium,3,fc,5,3.075000,1.4874538131543615,0.02992238177364323,final
medium,3,fc,5,3.100000,1.4893313131224186,0.02908629936830695,final
medium,3,fc,5,3.125000,1.491149853320324,0.028278197607078143,final
medium,3,fc,5,3.150000,1.4929113348364897,0.02749700714683811,final
medium,3,fc,5,3.175000,1.4946175750588477,0.02674170352486146,final
medium,3,fc,5,3.200000,1.4962703125123766,0.026011305170332698,final
medium,3,fc,5,3.225000,1.4978712113359967,0.025304871504035504,final
medium,3,fc,5,3.250000,1.4994218654303753,0.024621501122705596,final
medium,3,fc,5,3.275000,1.5009238023053542,0.02396033006461559,final
medium,3,fc,5,3.300000,1.502378486653182,0.02332053015304608,final
medium,3,fc,5,3.325000,1.5037873236713228,0.022701307414390606,final
medium,3,fc,5,3.350000,1.5051516621564562,0.022101900567731217,final
medium,3,fc,5,3.375000,1.5064727973892658,0.02152157958282148,final
medium,3,fc,5,3.400000,1.5077519738278145,0.020959644303520642,final
medium,3,fc,5,3.425000,1.5089903876255937,0.020415423133807592,final
medium,3,fc,5,3.450000,1.5101891889888641,0.019888271783622076,final
medium,3,fc,5,3.475000,1.511349484386485,0.019377572071868618,final
medium,3,fc,5,3.500000,1.5124723386241996,0.018882730784027312,final
medium,3,fc,5,3.525000,1.5135587767942047,0.01840317858190917,final
medium,3,fc,5,3.550000,1.514609786109794,0.017938368963193514,final
medium,3,fc,5,3.575000,1.5156263176339608,0.017487777268482583,final
medium,3,fc,5,3.600000,1.5166092879099933,0.017050899733695963,final
medium,3,fc,5,3.625000,1.517559580501337,0.01662725258572584,final
medium,3,fc,5,3.650000,1.518478047447355,0.01621637117935688,final
medium,3,fc,5,3.675000,1.5193655106409503,0.015817809173541454,final
medium,3,fc,5,3.700000,1.5202227631335365,0.015431137745210538,final
medium,3,fc,5,3.725000,1.5210505703722845,0.015055944838867765,final
medium,3,fc,5,3.750000,1.5218496713741836,0.014691834450308115,final
medium,3,fc,5,3.775000,1.522620779841032,0.014338425942863312,final
medium,3,fc,5,3.800000,1.5233645852191124,0.013995353394657682,final
medium,3,fc,5,3.825000,1.5240817537070248,0.013662264975421378,final
medium,3,fc,5,3.850000,1.5247729292148144,0.013338822351480577,final
medium,3,fc,5,3.875000,1.52543873427731,0.0130247001176001,final
medium,3,fc,5,3.900000,1.5260797709243483,0.012719585254425991,final
medium,3,fc,5,3.925000,1.5266966215103464,0.012423176610320625,final
medium,3,fc,5,3.950000,1.5272898495055012,0.012135184406454037,final
medium,3,fc,5,3.975000,1.5278600002507334,0.011855329764055456,final
medium,3,fc,5,4.000000,1.5284076016783226,0.011583344252793145,final
medium,3,fc,5,4.025000,1.528933165000065,0.011318969459285231,final
medium,3,fc,5,4.050000,1.5294371853646493,0.011061956574806305,final
medium,3,fc,5,4.075000,1.5299201424858238,0.010812066001288487,final
medium,3,fc,5,4.100000,1.5303825012428485,0.010569066974763647,final
medium,3,fc,5,4.125000,1.5308247122546064,0.010332737205431649,final
medium,3,fc,5,4.150000,1.531247212428685,0.010102862533580738,final
medium,3,fc,5,4.175000,1.531650425486642,0.009879236600621332,final
medium,3,fc,5,4.200000,1.5320347624666106,0.009661660534531725,final
medium,3,fc,5,4.225000,1.5324006222043212,0.009449942649044966,final
medium,3,fc,5,4.250000,1.5327483917935727,0.009243898155941826,final
medium,3,fc,5,4.275000,1.5330784470271075,0.00904334888984183,final
medium,3,fc,5,4.300000,1.5333911528188129,0.008848123044917012,final
medium,3,fc,5,4.325000,1.533686863608105,0.00865805492297805,final
medium,3,fc,5,4.350000,1.5339659237473244,0.008472984692407837,final
medium,3,fc,5,4.375000,1.5342286678729045,0.008292758157448845,final
medium,3,fc,5,4.400000,1.5344754212610756,0.008117226537362866,final
medium,3,fc,5,4.425000,1.534706500168771,0.007946246255021595,final
medium,3,fc,5,4.450000,1.5349222121604307,0.007779678734485535,final
medium,3,fc,5,4.475000,1.5351228564213164,0.007617390207175521,final
medium,3,fc,5,4.500000,1.535308724057947,0.00745925152623505,final
medium,3,fc,5,4.525000,1.5354800983862258,0.007305137988719207,final
medium,3,fc,5,4.550000,1.5356372552078028,0.007154929165255192,final
medium,3,fc,5,4.575000,1.5357804630751921,0.007008508736834862,final
medium,3,fc,5,4.600000,1.5359099835461405,0.006865764338424728,final
medium,3,fc,5,4.625000,1.5360260714277154,0.006726587409077422,final
medium,3,fc,5,4.650000,1.5361289750105667,0.006590873048268464,final
medium,3,fc,5,4.675000,1.536218936293779,0.0064585198781628465,final
medium,3,fc,5,4.700000,1.5362961912007425,0.006329429911565912,final
medium,3,fc,5,4.725000,1.5363609697864087,0.006203508425289461,final
medium,3,fc,5,4.750000,1.5364134964363234,0.006080663838708088,final
medium,3,fc,5,4.775000,1.5364539900577783,0.005960807597265741,final
medium,3,fc,5,4.800000,1.5364826642634233,0.005843854060718774,final
medium,3,fc,5,4.825000,1.5364997275476668,0.005729720395912886,final
medium,3,fc,5,4.850000,1.5365053834561666,0.005618326473881569,final
medium,3,fc,5,4.875000,1.5364998307487074,0.0055095947710962845,final
medium,3,fc,5,4.900000,1.53648326355575,0.005403450274670497,final
medium,3,fc,5,4.925000,1.5364558715289125,0.005299820391357137,final
medium,3,fc,5,4.950000,1.53641783998565,0.00519863486017101,final
medium,3,fc,5,4.975000,1.5363693500483693,0.005099825668480255,final
medium,3,fc,5,5.000000,1.5363105787782145,0.005003326971419181,final
medium,3,fc,5,5.025000,1.5362416993037542,0.004909075014477372,final
medium,3,fc,5,5.050000,1.5361628809447683,0.004817008059132411,final
medium,3,fc,5,5.075000,1.5360742893313593,0.004727066311396233,final
medium,3,fc,5,5.100000,1.5359760865185612,0.004639191853146637,final
medium,3,fc,5,5.125000,1.5358684310966495,0.004553328576135116,final
medium,3,fc,5,5.150000,1.53575147829732,0.004469422118547324,final
medium,3,fc,5,5.175000,1.5356253800959143,0.0043874198040178055,final
medium,3,fc,5,5.200000,1.5354902853098475,0.0043072705829917705,final
medium,3,fc,5,5.225000,1.5353463396933966,0.004228924976334929,final
medium,3,fc,5,5.250000,1.5351936860290034,0.004152335021101629,final
medium,3,fc,5,5.275000,1.5350324642152242,0.004077454218365142,final
medium,3,fc,5,5.300000,1.5348628113514717,0.0040042374830345975,final
medium,3,fc,5,5.325000,1.5346848618196745,0.003932641095565119,final
medium,3,fc,5,5.350000,1.5344987473629776,0.003862622655491328,final
medium,3,fc,5,5.375000,1.5343045971616078,0.0037941410367080836,final
medium,3,fc,5,5.400000,1.5341025379060147,0.003727156344421023,final
medium,3,fc,5,5.425000,1.5338926938673976,0.003661629873710311,final
medium,3,fc,5,5.450000,1.5336751869657155,0.0035975240696294233,final
medium,3,fc,5,5.475000,1.533450136835301,0.003534802488785088,final
medium,3,fc,5,5.500000,1.5332176608881423,0.00347342976233753,final
medium,3,fc,5,5.525000,1.5329778743749543,0.0034133715603585552,final
medium,3,fc,5,5.550000,1.5327308904441093,0.003354594557501852,final
medium,3,fc,5,5.575000,1.5324768201985148,0.003297066399923296,final
medium,3,fc,5,5.600000,1.5322157727505255,0.0032407556734100657,final
medium,3,fc,5,5.625000,1.531947855274952,0.0031856318726634857,final
medium,3,fc,5,5.650000,1.5316731730602584,0.003131665371696122,final
medium,3,fc,5,5.675000,1.5313918295580031,0.003078827395293707,final
medium,3,fc,5,5.700000,1.5311039264306,0.003027089991503894,final
medium,3,fc,5,5.725000,1.5308095635974626,0.0029764260051096687,final
medium,3,fc,5,5.750000,1.5305088392795907,0.0029268090520475788,final
medium,3,fc,5,5.775000,1.5302018500426648,0.002878213494739797,final
medium,3,fc,5,5.800000,1.5298886908386975,0.002830614418296118,final
medium,3,fc,5,5.825000,1.5295694550463044,0.00278398760755835,final
medium,3,fc,5,5.850000,1.5292442345096395,0.002738309524953898,final
medium,3,fc,5,5.875000,1.5289131195760577,0.00269355728912338,final
medium,3,fc,5,5.900000,1.5285761991325322,0.002649708654298654,final
medium,3,fc,5,5.925000,1.5282335606408957,0.0026067419903964785,final
medium,3,fc,5,5.950000,1.5278852901719344,0.0025646362638050363,final
medium,3,fc,5,5.975000,1.5275314724383826,0.0025233710188360442,final
medium,3,fc,5,6.000000,1.5271721908268587,0.002482926359813787,final
medium,4,fx,,0.000000,1.0,1.0,final
medium,4,fx,,0.025000,1.0000652512666282,1.0001371734503082,final
medium,4,fx,,0.050000,1.0002607293325372,1.0005484131007953,final
medium,4,fx,,0.075000,1.0005857364336501,1.0012328782849313,final
medium,4,fx,,0.100000,1.0010393732575642,1.002189172660767,final
medium,4,fx,,0.125000,1.001620743077594,1.0034153513166864,final
medium,4,fx,,0.150000,1.0023291322346668,1.0049089306249135,final
medium,4,fx,,0.175000,1.0031641647456968,1.0066669007499534,final
medium,4,fx,,0.200000,1.004125929701323,1.0086857406950527,final
medium,4,fx,,0.225000,1.0052150809181066,1.010961435747421,final
medium,4,fx,,0.250000,1.0064329090161908,1.0134894971626558,final
medium,4,fx,,0.275000,1.0077813866957703,1.0162649839108355,final
medium,4,fx,,0.300000,1.009263188483581,1.0192825262913066,final
medium,4,fx,,0.325000,1.0108816866184476,1.022536351210436,final
medium,4,fx,,0.350000,1.012640925051415,1.0260203089066646,final
medium,4,fx,,0.375000,1.0145455737630447,1.0297279009001115,final
medium,4,fx,,0.400000,1.0166008657619021,1.0336523089397605,final
medium,4,fx,,0.425000,1.0188125192389383,1.0377864247198565,final
medium,4,fx,,0.450000,1.021186647426998,1.0421228801384386,final
medium,4,fx,,0.475000,1.023729658766708,1.0466540778748243,final
medium,4,fx,,0.500000,1.0264481500211342,1.0513722220691275,final
medium,4,fx,,0.525000,1.0293487950207787,1.056269348895353,final
medium,4,fx,,0.550000,1.0324382317631235,1.061337356830009,final
medium,4,fx,,0.575000,1.0357229506382564,1.0665680364302768,final
medium,4,fx,,0.600000,1.0392091866006343,1.0719530994492863,final
medium,4,fx,,0.625000,1.0429028181479483,1.0774842071307018,final
medium,4,fx,,0.650000,1.0468092759870542,1.0831529975403624,final
medium,4,fx,,0.675000,1.0509334642441428,1.0889511118088369,final
medium,4,fx,,0.700000,1.0552796969868017,1.0948702191752313,final
medium,4,fx,,0.725000,1.0598516526403112,1.1009020407391494,final
medium,4,fx,,0.750000,1.0646523485681354,1.1070383718441337,final
medium,4,fx,,0.775000,1.0696841376161879,1.1132711030320084,final
medium,4,fx,,0.800000,1.0749487277652505,1.119592239523111,final
medium,4,fx,,0.825000,1.0804472251776454,1.1259939191922888,final
medium,4,fx,,0.850000,1.0861801998584657,1.1324684290245925,final
medium,4,fx,,0.875000,1.0921477718930876,1.139008220047757,final
medium,4,fx,,0.900000,1.0983497148101322,1.1456059207506675,final
medium,4,fx,,0.925000,1.1047855711187824,1.152254349008086,final
medium,4,fx,,0.950000,1.1114547735762723,1.1589465225418367,final
medium,4,fx,,0.975000,1.1183567643763892,1.1656756679574736,final
medium,4,fx,,1.000000,1.1254911033535706,1.172435228403129,final
medium,4,fx,,1.025000,1.1328575556188967,1.1792188699038115,final
medium,4,fx,,1.050000,1.1404561489271723,1.1860204864298936,final
medium,4,fx,,1.075000,1.1482871916377753,1.192834203762979,final
medium,4,fx,,1.100000,1.1563512434534662,1.1996543822257886,final
medium,4,fx,,1.125000,1.1646490332197195,1.2064756183452223,final
medium,4,fx,,1.150000,1.1731813208903046,1.2132927455194251,final
medium,4,fx,,1.175000,1.181948704184412,1.220100833760554,final
medium,4,fx,,1.200000,1.1909513742747002,1.2268951885850992,final
medium,4,fx,,1.225000,1.2001888287904696,1.2336713491231373,final
medium,4,fx,,1.250000,1.209659554190007,1.2404250855168273,final
medium,4,fx,,1.275000,1.2193606928295182,1.2471523956769321,final
medium,4,fx,,1.300000,1.2292877125257684,1.2538495014641662,final
medium,4,fx,,1.325000,1.2394340978134877,1.2605128443598486,final
medium,4,fx,,1.350000,1.2497910822480347,1.2671390806877225,final
medium,4,fx,,1.375000,1.260347439906595,1.2737250764459462,final
medium,4,fx,,1.400000,1.271089351716473,1.2802679018052352,final
medium,4,fx,,1.425000,1.2820003585226574,1.2867648253259727,final
medium,4,fx,,1.450000,1.2930614081446363,1.2932133079438641,final
medium,4,fx,,1.475000,1.3042509984021697,1.2996109967704328,final
medium,4,fx,,1.500000,1.3155454126120174,1.3059557187513589,final
medium,4,fx,,1.525000,1.3269190387981118,1.3122454742224083,final
medium,4,fx,,1.550000,1.3383447592249864,1.3184784303994812,final
medium,4,fx,,1.575000,1.3497943932079892,1.3246529148361825,final
medium,4,fx,,1.600000,1.3612391737290306,1.330767408879276,final
medium,4,fx,,1.625000,1.3726502373290366,1.3368205411494571,final
medium,4,fx,,1.650000,1.3839991070646078,1.3428110810720784,final
medium,4,fx,,1.675000,1.39525814988993,1.3487379324797883,final
medium,4,fx,,1.700000,1.406400992436523,1.3546001273065218,final
medium,4,fx,,1.725000,1.4174028825220335,1.360396819389886,final
medium,4,fx,,1.750000,1.4282409874999633,1.3661272783967613,final
medium,4,fx,,1.775000,1.438894624442247,1.3717908838848296,final
medium,4,fx,,1.800000,1.4493454208380911,1.3773871195108214,final
medium,4,fx,,1.825000,1.4595774077652621,1.3829155673944546,final
medium,4,fx,,1.850000,1.4695770501849428,1.3883759026453952,final
medium,4,fx,,1.875000,1.4793332210428853,1.3937678880590432,final
medium,4,fx,,1.900000,1.4888371272101075,1.3990913689855675,final
medium,4,fx,,1.925000,1.4980821960040818,1.4043462683753405,final
medium,4,fx,,1.950000,1.5070639311749974,1.4095325820027964,final
medium,4,fx,,1.975000,1.515779746924855,1.4146503738697032,final
medium,4,fx,,2.000000,1.524228787863595,1.4196997717879212,final
medium,4,fx,,2.025000,1.5324117419081285,1.4246809631409094,final
medium,4,fx,,2.050000,1.5403306520987141,1.4295941908225116,final
medium,4,fx,,2.075000,1.5479887322284247,1.4344397493509262,final
medium,4,fx,,2.100000,1.5553901901231657,1.4392179811552137,final
medium,4,fx,,2.125000,1.562540061421215,1.4439292730312083,final
medium,4,fx,,2.150000,1.5694440558149052,1.4485740527633122,final
medium,4,fx,,2.175000,1.5761084169509354,1.4531527859082907,final
medium,4,fx,,2.200000,1.5825397965461387,1.4576659727369123,final
medium,4,fx,,2.225000,1.588745142760147,1.4621141453290472,final
medium,4,fx,,2.250000,1.594731602466829,1.4664978648176454,final
medium,4,fx,,2.275000,1.60050643677063,1.470817718776893,final
medium,4,fx,,2.300000,1.6060769489079918,1.475074318749721,final
medium,4,fx,,2.325000,1.611450423543343,1.479268297909802,final
medium,4,fx,,2.350000,1.6166340763997122,1.483400308853113,final
medium,4,fx,,2.375000,1.6216350131428248,1.4874710215141502,final
medium,4,fx,,2.400000,1.6264601964530903,1.491481121201892,final
medium,4,fx,,2.425000,1.6311164202623065,1.4954313067506453,final
medium,4,fx,,2.450000,1.6356102901928815,1.4993222887809725,final
medium,4,fx,,2.475000,1.6399482093101836,1.5031547880659621,final
medium,4,fx,,2.500000,1.6441363683779306,1.5069295339981974,final
medium,4,fx,,2.525000,1.6481807398882125,1.5106472631528727,final
medium,4,fx,,2.550000,1.652087075218663,1.514308717942618,final
medium,4,fx,,2.575000,1.6558609043473276,1.5179146453597039,final
medium,4,fx,,2.600000,1.6595075376292887,1.5214657958014208,final
medium,4,fx,,2.625000,1.6630320692072713,1.5249629219745588,final
medium,4,fx,,2.650000,1.6664393816905672,1.5284067778750356,final
medium,4,fx,,2.675000,1.6697341517926878,1.5317981178388593,final
medium,4,fx,,2.700000,1.67292085666802,1.5351376956607474,final
medium,4,fx,,2.725000,1.676003780731799,1.538426263776851,final
medium,4,fx,,2.750000,1.678987022786144,1.5416645725081797,final
medium,4,fx,,2.775000,1.6818745033082032,1.5448533693614435,final
medium,4,fx,,2.800000,1.6846699717850204,1.5479933983841754,final
medium,4,fx,,2.825000,1.687377014004066,1.5510853995711167,final
medium,4,fx,,2.850000,1.689999059228887,1.5541301083189827,final
medium,4,fx,,2.875000,1.692539387206514,1.5571282549268526,final
medium,4,fx,,2.900000,1.6950011349674823,1.5600805641395499,final
medium,4,fx,,2.925000,1.697387303391014,1.562987754731498,final
medium,4,fx,,2.950000,1.6997007635173855,1.5658505391286572,final
medium,4,fx,,2.975000,1.7019442625971204,1.5686696230662598,final
medium,4,fx,,3.000000,1.7041204298726655,1.5714457052801694,final
medium,4,fx,,3.025000,1.7062317820928907,1.5741794772298021,final
medium,4,fx,,3.050000,1.7082807287643356,1.5768716228506432,final
medium,4,fx,,3.075000,1.7102695771457674,1.5795228183344976,final
medium,4,fx,,3.100000,1.7122005369945312,1.5821337319357038,final
medium,4,fx,,3.125000,1.714075725074467,1.5847050238016365,final
medium,4,fx,,3.150000,1.7158971694359697,1.587237345825908,final
medium,4,fx,,3.175000,1.7176668134792177,1.5897313415227634,final
medium,4,fx,,3.200000,1.7193865198117038,1.592187645921248,final
medium,4,fx,,3.225000,1.721058073911122,1.5946068854777975,final
medium,4,fx,,3.250000,1.7226831876044106,1.5969896780059818,final
medium,4,fx,,3.275000,1.724263502373347,1.5993366326221994,final
medium,4,fx,,3.300000,1.7258005924966555,1.601648349706187,final
medium,4,fx,,3.325000,1.7272959680380642,1.6039254208752762,final
medium,4,fx,,3.350000,1.7287510776892074,1.6061684289713845,final
medium,4,fx,,3.375000,1.7301673114757334,1.6083779480597964,final
medium,4,fx,,3.400000,1.731546003334421,1.6105545434388309,final
medium,4,fx,,3.425000,1.7328884335686023,1.6126987716595576,final
medium,4,fx,,3.450000,1.7341958311886616,1.6148111805547691,final
medium,4,fx,,3.475000,1.7354693761439288,1.6168923092764607,final
medium,4,fx,,3.500000,1.7367102014518176,1.6189426883411182,final
medium,4,fx,,3.525000,1.7379193952296583,1.6209628396821578,final
medium,4,fx,,3.550000,1.7390980026342844,1.622953276708899,final
medium,4,fx,,3.575000,1.7402470277140831,1.6249145043714908,final
medium,4,fx,,3.600000,1.7413674351778954,1.6268470192312494,final
medium,4,fx,,3.625000,1.7424601520848546,1.6287513095359003,final
medium,4,fx,,3.650000,1.7435260694589896,1.630627855299244,final
medium,4,fx,,3.675000,1.7445660438321713,1.632477128384804,final
medium,4,fx,,3.700000,1.7455808987187542,1.6342995925930408,final
medium,4,fx,,3.725000,1.7465714260250813,1.6360957037517374,final
medium,4,fx,,3.750000,1.7475383873968071,1.6378659098091999,final
medium,4,fx,,3.775000,1.7484825155068637,1.6396106509299275,final
medium,4,fx,,3.800000,1.749404515286709,1.641330359592442,final
medium,4,fx,,3.825000,1.7503050651033805,1.6430254606889751,final
medium,4,fx,,3.850000,1.7511848178847378,1.6446963716267469,final
medium,4,fx,,3.875000,1.752044402195166,1.6463435024305744,final
medium,4,fx,,3.900000,1.752884423263899,1.6479672558465768,final
medium,4,fx,,3.925000,1.7537054639680312,1.6495680274467555,final
medium,4,fx,,3.950000,1.7545080857721742,1.651146205734246,final
medium,4,fx,,3.975000,1.7552928296266521,1.6527021722490547,final
medium,4,fx,,4.000000,1.7560602168260249,1.654236301674099,final
medium,4,fx,,4.025000,1.756810749829669,1.6557489619413992,final
medium,4,fx,,4.050000,1.7575449130460605,1.6572405143382634,final
medium,4,fx,,4.075000,1.7582631735823462,1.6587113136133356,final
medium,4,fx,,4.100000,1.7589659819607144,1.6601617080823763,final
medium,4,fx,,4.125000,1.7596537728030204,1.6615920397336599,final
medium,4,fx,,4.150000,1.7603269654850626,1.663002644332885,final
medium,4,fx,,4.175000,1.760985964761843,1.6643938515274967,final
medium,4,fx,,4.200000,1.761631161365094,1.6657659849503361,final
medium,4,fx,,4.225000,1.7622629325743038,1.6671193623225302,final
medium,4,fx,,4.250000,1.7628816427624203,1.668454295555556,final
medium,4,fx,,4.275000,1.763487643917357,1.6697710908524037,final
medium,4,fx,,4.300000,1.7640812761403941,1.6710700488077885,final
medium,4,fx,,4.325000,1.7646628681225052,1.672351464507346,final
medium,4,fx,,4.350000,1.7652327375996084,1.6736156276257725,final
medium,4,fx,,4.375000,1.7657911917876956,1.6748628225238602,final
medium,4,fx,,4.400000,1.7663385277987493,1.6760933283443924,final
medium,4,fx,,4.425000,1.766875033038321,1.6773074191068635,final
medium,4,fx,,4.450000,1.7674009855856097,1.6785053638009961,final
medium,4,fx,,4.475000,1.767916654556838,1.6796874264790258,final
medium,4,fx,,4.500000,1.7684223004526884,1.6808538663467358,final
medium,4,fx,,4.525000,1.7689181754905368,1.682004937853222,final
medium,4,fx,,4.550000,1.769404523922172,1.6831408907793708,final
medium,4,fx,,4.575000,1.769881582337683,1.6842619703250405,final
medium,4,fx,,4.600000,1.7703495799561342,1.685368417194935,final
medium,4,fx,,4.625000,1.7708087389036542,1.6864604676831623,final
medium,4,fx,,4.650000,1.7712592744795084,1.687538353756474,final
medium,4,fx,,4.675000,1.7717013954107135,1.6886023031361845,final
medium,4,fx,,4.700000,1.7721353040957246,1.6896525393787643,final
medium,4,fx,,4.725000,1.7725611968376973,1.6906892819551151,final
medium,4,fx,,4.750000,1.7729792640678088,1.691712746328525,final
medium,4,fx,,4.775000,1.7733896905590971,1.69272314403131,final
medium,4,fx,,4.800000,1.7737926556312515,1.6937206827401463,final
medium,4,fx,,4.825000,1.7741883333467794,1.6947055663501032,final
medium,4,fx,,4.850000,1.7745768926989403,1.695677995047382,final
medium,4,fx,,4.875000,1.774958497791831,1.6966381653807714,final
medium,4,fx,,4.900000,1.7753333080129785,1.6975862703318307,final
medium,4,fx,,4.925000,1.77570147819879,1.6985224993838095,final
medium,4,fx,,4.950000,1.776063158793179,1.6994470385893194,final
medium,4,fx,,4.975000,1.776418495999691,1.7003600706367672,final
medium,4,fx,,5.000000,1.7767676319274173,1.701261774915565,final
medium,4,fx,,5.025000,1.7771107047309813,1.7021523275801298,final
medium,4,fx,,5.050000,1.7774478487448704,1.7030319016126885,final
medium,4,fx,,5.075000,1.7777791946123662,1.7039006668849015,final
medium,4,fx,,5.100000,1.7781048694093182,1.7047587902183228,final
medium,4,fx,,5.125000,1.7784249967629955,1.7056064354437073,final
medium,4,fx,,5.150000,1.7787396969662366,1.7064437634591885,final
medium,4,fx,,5.175000,1.7790490870871047,1.7072709322873345,final
medium,4,fx,,5.200000,1.7793532810742567,1.708088097131107,final
medium,4,fx,,5.225000,1.779652389858211,1.7088954104287313,final
medium,4,fx,,5.250000,1.7799465214486956,1.7096930219075017,final
medium,4,fx,,5.275000,1.7802357810282556,1.7104810786365339,final
medium,4,fx,,5.300000,1.7805202710422792,1.711259725078483,final
medium,4,fx,,5.325000,1.7808000912856,1.7120291031402441,final
medium,4,fx,,5.350000,1.7810753389858298,1.7127893522226525,final
medium,4,fx,,5.375000,1.781346108883559,1.7135406092691985,final
medium,4,fx,,5.400000,1.7816124933095603,1.714283008813776,final
medium,4,fx,,5.425000,1.7818745822591306,1.7150166830274802,final
medium,4,fx,,5.450000,1.7821324634636895,1.7157417617644724,final
medium,4,fx,,5.475000,1.7823862224597484,1.7164583726069251,final
medium,4,fx,,5.500000,1.7826359426553728,1.7171666409090691,final
medium,4,fx,,5.525000,1.782881705394232,1.717866689840354,final
medium,4,fx,,5.550000,1.7831235900173439,1.7185586404277413,final
medium,4,fx,,5.575000,1.7833616739226146,1.7192426115971444,final
medium,4,fx,,5.600000,1.7835960326222566,1.719918720214034,final
medium,4,fx,,5.625000,1.783826739798181,1.7205870811232205,final
medium,4,fx,,5.650000,1.7840538673554422,1.721247807187832,final
medium,4,fx,,5.675000,1.7842774854738201,1.7219010093275047,final
medium,4,fx,,5.700000,1.7844976626576101,1.7225467965557948,final
medium,4,fx,,5.725000,1.784714465783699,1.7231852760168345,final
medium,4,fx,,5.750000,1.7849279601479953,1.7238165530212408,final
medium,4,fx,,5.775000,1.785138209510272,1.7244407310812953,final
medium,4,fx,,5.800000,1.785345276137502,1.725057911945408,final
medium,4,fx,,5.825000,1.7855492208457266,1.7256681956318787,final
medium,4,fx,,5.850000,1.7857501030405318,1.7262716804619718,final
medium,4,fx,,5.875000,1.7859479807561738,1.7268684630923166,final
medium,4,fx,,5.900000,1.7861429106934177,1.727458638546647,final
medium,4,fx,,5.925000,1.7863349482561308,1.7280423002468948,final
medium,4,fx,,5.950000,1.7865241475866835,1.728619540043648,final
medium,4,fx,,5.975000,1.786710561600202,1.7291904482459888,final
medium,4,fx,,6.000000,1.7868942420177152,1.7297551136507232,final
medium,4,fc,0.5,0.000000,1.0,0.9999961712608588,final
medium,4,fc,0.5,0.025000,0.9983481817707294,0.9983586646344352,final
medium,4,fc,0.5,0.050000,0.99340887135703,0.9934854371990305,final
medium,4,fc,0.5,0.075000,0.9852482978788286,0.9854913576191164,final
medium,4,fc,0.5,0.100000,0.9740123724328551,0.9745583236306017,final
medium,4,fc,0.5,0.125000,0.9599516865815336,0.9609224860044977,final
medium,4,fc,0.5,0.150000,0.9434385225518689,0.9448590526338713,final
medium,4,fc,0.5,0.175000,0.9249726456898991,0.9266665678644719,final
medium,4,fc,0.5,0.200000,0.9051728372896279,0.906652287270015,final
medium,4,fc,0.5,0.225000,0.8847521579395526,0.8851197735940066,final
medium,4,fc,0.5,0.250000,0.8644768840879955,0.8623592877190294,final
medium,4,fc,0.5,0.275000,0.8451117339871935,0.838641066508284,final
medium,4,fc,0.5,0.300000,0.8273569198281627,0.8142112349444125,final
medium,4,fc,0.5,0.325000,0.8117851077887842,0.7892899055662282,final
medium,4,fc,0.5,0.350000,0.7987879197574145,0.7640709501109981,final
medium,4,fc,0.5,0.375000,0.7885416263810806,0.738722947888542,final
medium,4,fc,0.5,0.400000,0.7809996952146101,0.7133908845188547,final
medium,4,fc,0.5,0.425000,0.77591562927168,0.6881982632946789,final
medium,4,fc,0.5,0.450000,0.7728934710183012,0.663249379897375,final
medium,4,fc,0.5,0.475000,0.7714569236270012,0.6386315887919551,final
medium,4,fc,0.5,0.500000,0.7711235232299073,0.614417452116793,final
medium,4,fc,0.5,0.525000,0.7714696002177073,0.5906667090105318,final
medium,4,fc,0.5,0.550000,0.77217519521782,0.5674280368849434,final
medium,4,fc,0.5,0.575000,0.7730440979098442,0.5447405987383155,final
medium,4,fc,0.5,0.600000,0.7740003769032061,0.5226353848308631,final
medium,4,fc,0.5,0.625000,0.7750672799873447,0.5011363652156074,final
medium,4,fc,0.5,0.650000,0.7763364363723356,0.4802614735958944,final
medium,4,fc,0.5,0.675000,0.7779350670205869,0.46002344418289265,final
medium,4,fc,0.5,0.700000,0.7799970952035472,0.4404305226879344,final
medium,4,fc,0.5,0.725000,0.7826415042785214,0.4214870710332323,final
medium,4,fc,0.5,0.750000,0.7859588199736556,0.4031940832949596,final
medium,4,fc,0.5,0.775000,0.7900047827910348,0.38554962812948085,final
medium,4,fc,0.5,0.800000,0.7947993699881023,0.36854923068108175,final
medium,4,fc,0.5,0.825000,0.8003292445020495,0.35218620484951263,final
medium,4,fc,0.5,0.850000,0.8065521544541621,0.3364519448742073,final
medium,4,fc,0.5,0.875000,0.8134024251420677,0.3213361834989273,final
medium,4,fc,0.5,0.900000,0.8207971837516913,0.306827222522449,final
medium,4,fc,0.5,0.925000,0.8286431769715394,0.2929121403100752,final
medium,4,fc,0.5,0.950000,0.8368439739416129,0.2795769798212084,final
medium,4,fc,0.5,0.975000,0.8453071035205557,0.2668069198795077,final
medium,4,fc,0.5,1.000000,0.8539504285139875,0.25458643175180856,final
medium,4,fc,0.5,1.025000,0.8627069680660775,0.24289942258726716,final
medium,4,fc,0.5,1.050000,0.8715275217717061,0.23172936687701973,final
medium,4,fc,0.5,1.075000,0.8803807995647525,0.22105942680628568,final
medium,4,fc,0.5,1.100000,0.8892512112856685,0.21087256216631964,final
medium,4,fc,0.5,1.125000,0.8981348804951299,0.20115163035586586,final
medium,4,fc,0.5,1.150000,0.9070347068402116,0.1918794769158274,final
medium,4,fc,0.5,1.175000,0.9159553600440717,0.18303901699379402,final
medium,4,fc,0.5,1.200000,0.92489896235257,0.1746133081159656,final
medium,4,fc,0.5,1.225000,0.9338619674486504,0.16658561464383392,final
medium,4,fc,0.5,1.250000,0.942833451895785,0.15893946430447428,final
medium,4,fc,0.5,1.275000,0.9517947703879641,0.15165869720073666,final
medium,4,fc,0.5,1.300000,0.960720333937076,0.14472750772673904,final
medium,4,fc,0.5,1.325000,0.9695791674001492,0.13813047983167853,final
medium,4,fc,0.5,1.350000,0.9783368825197397,0.13185261608906113,final
medium,4,fc,0.5,1.375000,0.9869577436194585,0.1258793610376418,final
medium,4,fc,0.5,1.400000,0.9954065791333615,0.12019661926408308,final
medium,4,fc,0.5,1.425000,1.003650379503478,0.11479076869543448,final
medium,4,fc,0.5,1.450000,1.0116595032381517,0.1096486695622258,final
medium,4,fc,0.5,1.475000,1.019408478028911,0.10475766948076473,final
medium,4,fc,0.5,1.500000,1.0268764291329922,0.10010560508677041,final
medium,4,fc,0.5,1.525000,1.03404719363823,0.09568080063249802,final
medium,4,fc,0.5,1.550000,1.0409091901796022,0.09147206393676467,final
medium,4,fc,0.5,1.575000,1.0474551135319998,0.08746868005254455,final
medium,4,fc,0.5,1.600000,1.0536815164465574,0.08366040299072135,final
medium,4,fc,0.5,1.625000,1.059588330557906,0.08003744581183542,final
medium,4,fc,0.5,1.650000,1.0651783666505281,0.07659046937076666,final
medium,4,fc,0.5,1.675000,1.0704568236222252,0.07331056997272188,final
medium,4,fc,0.5,1.700000,1.0754308259849468,0.07018926617305912,final
medium,4,fc,0.5,1.725000,1.0801090020390285,0.06721848492863296,final
medium,4,fc,0.5,1.750000,1.084501108951636,0.06439054728477098,final
medium,4,fc,0.5,1.775000,1.0886177066803928,0.0616981537598125,final
medium,4,fc,0.5,1.800000,1.0924698797414827,0.059134369568493717,final
medium,4,fc,0.5,1.825000,1.0960690039433323,0.05669260980638358,final
medium,4,fc,0.5,1.850000,1.099426554128884,0.05436662470009754,final
medium,4,fc,0.5,1.875000,1.1025539484666833,0.05215048501211195,final
medium,4,fc,0.5,1.900000,1.1054624247230218,0.050038567674637165,final
medium,4,fc,0.5,1.925000,1.1081629440954646,0.0480255417141179,final
medium,4,fc,0.5,1.950000,1.110666118490027,0.04610635451642435,final
medium,4,fc,0.5,1.975000,1.1129821575074323,0.04427621847262877,final
medium,4,fc,0.5,2.000000,1.1151208318186714,0.042530598036290536,final
medium,4,fc,0.5,2.025000,1.117091450024257,0.04086519721532707,final
medium,4,fc,0.5,2.050000,1.1189028464852506,0.03927594751474929,final
medium,4,fc,0.5,2.075000,1.1205633779763606,0.03775899634064951,final
medium,4,fc,0.5,2.100000,1.122080927337002,0.03631069587080901,final
medium,4,fc,0.5,2.125000,1.123462912583963,0.03492759239300612,final
medium,4,fc,0.5,2.150000,1.1247163002003961,0.033606416108520214,final
medium,4,fc,0.5,2.175000,1.1258476215327216,0.032344071395319085,final
medium,4,fc,0.5,2.200000,1.1268629914129533,0.03113762752295615,final
medium,4,fc,0.5,2.225000,1.1277681282823144,0.029984309809202872,final
medium,4,fc,0.5,2.250000,1.128568375226248,0.028881491206847024,final
medium,4,fc,0.5,2.275000,1.1292687214442292,0.027826684307850874,final
medium,4,fc,0.5,2.300000,1.129873823773039,0.026817533751129878,final
medium,4,fc,0.5,2.325000,1.1303880279620429,0.025851809019539436,final
medium,4,fc,0.5,2.350000,1.1308153894657167,0.024927397611219253,final
medium,4,fc,0.5,2.375000,1.1311596935742483,0.024042298570184424,final
medium,4,fc,0.5,2.400000,1.1314244747491502,0.02319461636096361,final
medium,4,fc,0.5,2.425000,1.131613035068977,0.022382555072118837,final
medium,4,fc,0.5,2.450000,1.131728461721595,0.021604412933645116,final
medium,4,fc,0.5,2.475000,1.1317736435051737,0.020858577133474034,final
medium,4,fc,0.5,2.500000,1.1317512863209322,0.020143518918636836,final
medium,4,fc,0.5,2.525000,1.1316639276575293,0.019457788967005542,final
medium,4,fc,0.5,2.550000,1.1315139500804101,0.01880001301595232,final
medium,4,fc,0.5,2.575000,1.1313035937499811,0.018168887734721407,final
medium,4,fc,0.5,2.600000,1.1310349680006435,0.017563176827779654,final
medium,4,fc,0.5,2.625000,1.1307100620188382,0.016981707356906937,final
medium,4,fc,0.5,2.650000,1.1303307546626888,0.016423366270288828,final
medium,4,fc,0.5,2.675000,1.1298988234688467,0.01588709712737786,final
medium,4,fc,0.5,2.700000,1.1294159528940089,0.015371897008789036,final
medium,4,fc,0.5,2.725000,1.1288837418394337,0.014876813601008254,final
medium,4,fc,0.5,2.750000,1.1283037105068774,0.014400942446161183,final
medium,4,fc,0.5,2.775000,1.127677306633819,0.01394342434758682,final
medium,4,fc,0.5,2.800000,1.1270059111547466,0.0135034429224213,final
medium,4,fc,0.5,2.825000,1.1262908433338121,0.013080222292847036,final
medium,4,fc,0.5,2.850000,1.125533365412346,0.012673024908103358,final
medium,4,fc,0.5,2.875000,1.124734686812701,0.012281149489774493,final
medium,4,fc,0.5,2.900000,1.1238959679376963,0.011903929093276212,final
medium,4,fc,0.5,2.925000,1.1230183236026243,0.0115407292788442,final
medium,4,fc,0.5,2.950000,1.122102826134417,0.011190946385711102,final
medium,4,fc,0.5,2.975000,1.1211505081702022,0.010854005903492529,final
medium,4,fc,0.5,3.000000,1.1201623651850947,0.010529360935159847,final
medium,4,fc,0.5,3.025000,1.1191393577767659,0.010216490746280376,final
medium,4,fc,0.5,3.050000,1.118082413732072,0.00991489939552285,final
medium,4,fc,0.5,3.075000,1.1169924298988527,0.00962411444170394,final
medium,4,fc,0.5,3.100000,1.1158702738839474,0.009343685722933544,final
medium,4,fc,0.5,3.125000,1.114716785596506,0.009073184203666275,final
medium,4,fc,0.5,3.150000,1.1135327786538234,0.00881220088572273,final
medium,4,fc,0.5,3.175000,1.1123190416652038,0.00856034577956125,final
medium,4,fc,0.5,3.200000,1.111076339407742,0.008317246932311853,final
medium,4,fc,0.5,3.225000,1.1098054139064326,0.008082549509281826,final
medium,4,fc,0.5,3.250000,1.1085069854296303,0.007855914925840547,final
medium,4,fc,0.5,3.275000,1.1071817534096546,0.007637020026771776,final
medium,4,fc,0.5,3.300000,1.1058303972971664,0.007425556310355653,final
medium,4,fc,0.5,3.325000,1.1044535773569282,0.007221229194605152,final
medium,4,fc,0.5,3.350000,1.1030519354116086,0.007023757323232783,final
medium,4,fc,0.5,3.375000,1.10162609553947,0.0068328719090709365,final
medium,4,fc,0.5,3.400000,1.1001766647310132,0.006648316112797191,final
medium,4,fc,0.5,3.425000,1.0987042335090031,0.006469844454954951,final
medium,4,fc,0.5,3.450000,1.0972093765156863,0.006297222259364868,final
medium,4,fc,0.5,3.475000,1.0956926530705224,0.006130225126150202,final
medium,4,fc,0.5,3.500000,1.0941546077012598,0.005968638432691078,final
medium,4,fc,0.5,3.525000,1.0925957706508194,0.005812256860931846,final
medium,4,fc,0.5,3.550000,1.0910166583620826,0.005660883949557558,final
medium,4,fc,0.5,3.575000,1.0894177739423945,0.005514331669634566,final
medium,4,fc,0.5,3.600000,1.087799607609322,0.005372420022408773,final
medium,4,fc,0.5,3.625000,1.0861626371190038,0.0052349766580150085,final
medium,4,fc,0.5,3.650000,1.0845073281782291,0.0051018365139386904,final
medium,4,fc,0.5,3.675000,1.0828341348412212,0.0049728414721276004,final
medium,4,fc,0.5,3.700000,1.0811434998919858,0.004847840033726076,final
medium,4,fc,0.5,3.725000,1.079435855212951,0.004726687010453871,final
medium,4,fc,0.5,3.750000,1.0777116221405465,0.0046092432317188185,final
medium,4,fc,0.5,3.775000,1.0759712118082916,0.004495375266596954,final
medium,4,fc,0.5,3.800000,1.0742150254778884,0.00438495515987154,final
medium,4,fc,0.5,3.825000,1.0724434548587798,0.004277860181360855,final
medium,4,fc,0.5,3.850000,1.0706568824165803,0.00417397258781929,final
medium,4,fc,0.5,3.875000,1.0688556816707528,0.004073179396726176,final
medium,4,fc,0.5,3.900000,1.067040217481887,0.003975372171325868,final
medium,4,fc,0.5,3.925000,1.0652108463289005,0.003880446816315581,final
medium,4,fc,0.5,3.950000,1.0633679165764818,0.0037883033836064225,final
medium,4,fc,0.5,3.975000,1.0615117687330609,0.0036988458876262074,final
medium,4,fc,0.5,4.000000,1.0596427356996068,0.0036119821296561735,final
medium,4,fc,0.5,4.025000,1.0577611430095188,0.0035276235307199755,final
medium,4,fc,0.5,4.050000,1.0558673090598862,0.003445684972579932,final
medium,4,fc,0.5,4.075000,1.053961545334381,0.0033660846464103494,final
medium,4,fc,0.5,4.100000,1.0520441566180447,0.0032887439087498005,final
medium,4,fc,0.5,4.125000,1.0501154412042155,0.0032135871443476484,final
medium,4,fc,0.5,4.150000,1.0481756910938569,0.003140541635555781,final
medium,4,fc,0.5,4.175000,1.0462251921875303,0.003069537437917249,final
medium,4,fc,0.5,4.200000,1.0442642244702498,0.003000507261639546,final
medium,4,fc,0.5,4.225000,1.0422930621894648,0.002933386358647509,final
medium,4,fc,0.5,4.250000,1.0403119740263993,0.002868112414932197,final
medium,4,fc,0.5,4.275000,1.0383212232609782,0.0028046254479229715,final
medium,4,fc,0.5,4.300000,1.0363210679305728,0.002742867708632816,final
medium,4,fc,0.5,4.325000,1.0343117609827759,0.0026827835883323843,final
medium,4,fc,0.5,4.350000,1.032293550422432,0.0026243195295232785,final
medium,4,fc,0.5,4.375000,1.0302666794531252,0.0025674239410017246,final
medium,4,fc,0.5,4.400000,1.0282313866133401,0.002512047116799274,final
medium,4,fc,0.5,4.425000,1.0261879059074852,0.0024581411588165073,final
medium,4,fc,0.5,4.450000,1.0241364669319828,0.0024056599029599174,final
medium,4,fc,0.5,4.475000,1.022077294996612,0.0023545588486135268,final
medium,4,fc,0.5,4.500000,1.0200106112412852,0.002304795091278237,final
medium,4,fc,0.5,4.525000,1.0179366327484412,0.0022563272582273074,final
medium,4,fc,0.5,4.550000,1.015855572651227,0.002209115447027629,final
medium,4,fc,0.5,4.575000,1.013767640237629,0.002163121166787322,final
medium,4,fc,0.5,4.600000,1.0116730410507282,0.0021183072820026927,final
medium,4,fc,0.5,4.625000,1.0095719769852178,0.0020746379588730468,final
medium,4,fc,0.5,4.650000,1.0074646463803478,0.002032078613968704,final
medium,4,fc,0.5,4.675000,1.0053512441094368,0.0019905958651390177,final
medium,4,fc,0.5,4.700000,1.0032319616660885,0.0019501574845522565,final
medium,4,fc,0.5,4.725000,1.0011069872472498,0.0019107323537686412,final
medium,4,fc,0.5,4.750000,0.9989765058332397,0.0018722904207485434,final
medium,4,fc,0.5,4.775000,0.9968406992648715,0.0018348026587054643,final
medium,4,fc,0.5,4.800000,0.9946997463177916,0.0017982410267173958,final
medium,4,fc,0.5,4.825000,0.9925538227741445,0.001762578432014152,final
medium,4,fc,0.5,4.850000,0.9904031014916834,0.0017277886938635106,final
medium,4,fc,0.5,4.875000,0.9882477524704154,0.0016938465089809934,final
medium,4,fc,0.5,4.900000,0.9860879429169052,0.0016607274183924714,final
medium,4,fc,0.5,4.925000,0.9839238373063164,0.001628407775686919,final
medium,4,fc,0.5,4.950000,0.981755597442294,0.001596864716589041,final
medium,4,fc,0.5,4.975000,0.9795833825147694,0.0015660761297978003,final
medium,4,fc,0.5,5.000000,0.9774073491557865,0.001536020629028713,final
medium,4,fc,0.5,5.025000,0.9752276514934178,0.0015066775262095645,final
medium,4,fc,0.5,5.050000,0.9730444412038561,0.0014780268057724868,final
medium,4,fc,0.5,5.075000,0.9708578675617587,0.0014500490999996532,final
medium,4,fc,0.5,5.100000,0.9686680774889115,0.0014227256653687938,final
medium,4,fc,0.5,5.125000,0.9664752156012852,0.0013960383598590484,final
medium,4,fc,0.5,5.150000,0.9642794242545519,0.0013699696211715122,final
medium,4,fc,0.5,5.175000,0.9620808435881213,0.001344502445826072,final
medium,4,fc,0.5,5.200000,0.9598796115677592,0.001319620369094148,final
medium,4,fc,0.5,5.225000,0.9576758640268498,0.0012953074457320137,final
medium,4,fc,0.5,5.250000,0.9554697347063499,0.0012715482314793827,final
medium,4,fc,0.5,5.275000,0.953261355293496,0.0012483277652897444,final
medium,4,fc,0.5,5.300000,0.9510508554593139,0.0012256315522594916,final
medium,4,fc,0.5,5.325000,0.9488383628949724,0.0012034455472299352,final
medium,4,fc,0.5,5.350000,0.9466240033470386,0.0011817561390265222,final
medium,4,fc,0.5,5.375000,0.9444079006516753,0.0011605501353155188,final
medium,4,fc,0.5,5.400000,0.9421901767678168,0.0011398147480441024,final
medium,4,fc,0.5,5.425000,0.9399709518093746,0.0011195375794464772,final
medium,4,fc,0.5,5.450000,0.937750344076508,0.0010997066085859438,final
medium,4,fc,0.5,5.475000,0.9355284700859906,0.0010803101784139062,final
medium,4,fc,0.5,5.500000,0.9333054446007245,0.0010613369833224516,final
medium,4,fc,0.5,5.525000,0.931081380658417,0.0010427760571714813,final
medium,4,fc,0.5,5.550000,0.9288563895994669,0.0010246167617677558,final
medium,4,fc,0.5,5.575000,0.9266305810940911,0.001006848775780092,final
medium,4,fc,0.5,5.600000,0.9244040631687065,0.0009894620840704305,final
medium,4,fc,0.5,5.625000,0.9221769422316234,0.000972446967424831,final
medium,4,fc,0.5,5.650000,0.9199493230980458,0.0009557939926686374,final
medium,4,fc,0.5,5.675000,0.9177213090144346,0.0009394940031462534,final
medium,4,fc,0.5,5.700000,0.9154930016822382,0.0009235381095562882,final
medium,4,fc,0.5,5.725000,0.9132645012810212,0.0009079176811237815,final
medium,4,fc,0.5,5.750000,0.9110359064910197,0.0008926243370957384,final
medium,4,fc,0.5,5.775000,0.9088073145151442,0.000877649938550017,final
medium,4,fc,0.5,5.800000,0.9065788211004316,0.0008629865805003556,final
medium,4,fc,0.5,5.825000,0.904350520559005,0.0008486265842915688,final
medium,4,fc,0.5,5.850000,0.90212250578852,0.0008345624902662513,final
medium,4,fc,0.5,5.875000,0.899894868292149,0.0008207870506999125,final
medium,4,fc,0.5,5.900000,0.8976676981980952,0.0008072932229858862,final
medium,4,fc,0.5,5.925000,0.8954410842786739,0.0007940741630678401,final
medium,4,fc,0.5,5.950000,0.8932151139689664,0.0007811232191043099,final
medium,4,fc,0.5,5.975000,0.8909898733850573,0.0007684339253583744,final
medium,4,fc,0.5,6.000000,0.888765447341892,0.0007559999963054072,final
medium,4,fc,2,0.000000,1.0,0.9999979292399579,final
medium,4,fc,2,0.025000,0.9978835364332785,0.9992961010731113,final
medium,4,fc,2,0.050000,0.9915537848474663,0.9971948653968338,final
medium,4,fc,2,0.075000,0.9810904584121809,0.9937069079517921,final
medium,4,fc,2,0.100000,0.9666687983083804,0.9888531709729896,final
medium,4,fc,2,0.125000,0.9485912883165661,0.9826625583062567,final
medium,4,fc,2,0.150000,0.927311922544122,0.9751715344708285,final
medium,4,fc,2,0.175000,0.9034492313493472,0.9664236288215278,final
medium,4,fc,2,0.200000,0.8777841830003267,0.95646885815437,final
medium,4,fc,2,0.225000,0.8512400238997843,0.9453630826547406,final
medium,4,fc,2,0.250000,0.8248431722937183,0.9331673109752425,final
medium,4,fc,2,0.275000,0.7996670270004316,0.919946970463837,final
medium,4,fc,2,0.300000,0.7767631711701932,0.9057711581949571,final
medium,4,fc,2,0.325000,0.7570861282269912,0.890711887570984,final
medium,4,fc,2,0.350000,0.7414183440385217,0.8748433439638938,final
medium,4,fc,2,0.375000,0.730302103050925,0.8582411612720591,final
medium,4,fc,2,0.400000,0.7239857736944879,0.8409817294902436,final
medium,4,fc,2,0.425000,0.7223935214463438,0.8231415415386202,final
medium,4,fc,2,0.450000,0.725128902946691,0.8047965857616002,final
medium,4,fc,2,0.475000,0.7315203285659053,0.7860217887637229,final
medium,4,fc,2,0.500000,0.7407078177314145,0.7668905116525188,final
medium,4,fc,2,0.525000,0.7517575249544158,0.7474741013425734,final
medium,4,fc,2,0.550000,0.7637797137430665,0.72784149735908,final
medium,4,fc,2,0.575000,0.7760241430139393,0.7080588935663934,final
medium,4,fc,2,0.600000,0.7879356696328085,0.6881894534295714,final
medium,4,fc,2,0.625000,0.7991669621104727,0.668293076778535,final
medium,4,fc,2,0.650000,0.8095570977022314,0.6484262155643347,final
medium,4,fc,2,0.675000,0.8190902305408069,0.6286417357517053,final
medium,4,fc,2,0.700000,0.8278478649918187,0.6089888222581751,final
medium,4,fc,2,0.725000,0.8359644028676039,0.589512923705394,final
medium,4,fc,2,0.750000,0.843591268340406,0.570255733673549,final
medium,4,fc,2,0.775000,0.8508714918649417,0.551255205128223,final
medium,4,fc,2,0.800000,0.8579244851360723,0.5325455947076924,final
medium,4,fc,2,0.825000,0.8648396348444013,0.5141575336073486,final
medium,4,fc,2,0.850000,0.8716769062832945,0.49611812186950627,final
medium,4,fc,2,0.875000,0.878472545764522,0.4784510429764151,final
medium,4,fc,2,0.900000,0.8852479841926948,0.4611766957488485,final
medium,4,fc,2,0.925000,0.8920200816247055,0.4443123406704296,final
medium,4,fc,2,0.950000,0.8988109292140126,0.4278722578879763,final
medium,4,fc,2,0.975000,0.9056556120036815,0.4118679142800541,final
medium,4,fc,2,1.000000,0.912606699151152,0.39630813713912205,final
medium,4,fc,2,1.025000,0.9197347774252708,0.38119929217645976,final
medium,4,fc,2,1.050000,0.9271250155817155,0.3665454637324295,final
medium,4,fc,2,1.075000,0.9348704206436755,0.35234863525610427,final
medium,4,fc,2,1.100000,0.943062984084092,0.3386088683060421,final
medium,4,fc,2,1.125000,0.9517842064637081,0.325324478515772,final
medium,4,fc,2,1.150000,0.9610964852337062,0.31249220716094483,final
medium,4,fc,2,1.175000,0.9710365775329428,0.3001073871574854,final
medium,4,fc,2,1.200000,0.9816118936816375,0.28816410250883695,final
medium,4,fc,2,1.225000,0.9927998537664283,0.27665534040303363,final
medium,4,fc,2,1.250000,1.0045500610095899,0.2655731353345545,final
medium,4,fc,2,1.275000,1.0167886922572082,0.2549087047897165,final
medium,4,fc,2,1.300000,1.0294243153714082,0.24465257618608027,final
medium,4,fc,2,1.325000,1.0423543118922227,0.234794704894746,final
medium,4,fc,2,1.350000,1.0554711778955694,0.22532458329861285,final
medium,4,fc,2,1.375000,1.0686681490151697,0.21623134094921204,final
medium,4,fc,2,1.400000,1.0818437989628285,0.2075038359795181,final
medium,4,fc,2,1.425000,1.0949054552946913,0.199130738010403,final
medium,4,fc,2,1.450000,1.1077714358489519,0.19110060285465802,final
medium,4,fc,2,1.475000,1.120372222292043,0.18340193937552854,final
medium,4,fc,2,1.500000,1.1326507529508818,0.17602326889740094,final
medium,4,fc,2,1.525000,1.1445620424486103,0.16895317759573308,final
medium,4,fc,2,1.550000,1.1560723310670593,0.16218036231265762,final
medium,4,fc,2,1.575000,1.167157943208818,0.15569367025510647,final
medium,4,fc,2,1.600000,1.1778040013461508,0.14948213303498506,final
medium,4,fc,2,1.625000,1.1880031065753227,0.1435349955070108,final
medium,4,fc,2,1.650000,1.1977540640057456,0.13784173985045117,final
medium,4,fc,2,1.675000,1.207060703225066,0.13239210532712925,final
medium,4,fc,2,1.700000,1.215930821919021,0.12717610413072902,final
medium,4,fc,2,1.725000,1.2243752642711159,0.12218403372238908,final
medium,4,fc,2,1.750000,1.2324071343256338,0.11740648602565415,final
medium,4,fc,2,1.775000,1.2400411371300424,0.11283435383068481,final
medium,4,fc,2,1.800000,1.247293036217645,0.1084588347337509,final
medium,4,fc,2,1.825000,1.254179213983162,0.1042714329139894,final
medium,4,fc,2,1.850000,1.260716321027418,0.10026395902552457,final
medium,4,fc,2,1.875000,1.2669210010467797,0.09642852845968962,final
medium,4,fc,2,1.900000,1.2728096789087087,0.09275755820948363,final
medium,4,fc,2,1.925000,1.278398400899354,0.08924376254675773,final
medium,4,fc,2,1.950000,1.2837027175607107,0.08588014770206033,final
medium,4,fc,2,1.975000,1.288737600933253,0.08266000571771653,final
medium,4,fc,2,2.000000,1.2935173893158785,0.07957690762659296,final
medium,4,fc,2,2.025000,1.298055753814029,0.07662469609216203,final
medium,4,fc,2,2.050000,1.3023656819573317,0.0737974776299044,final
medium,4,fc,2,2.075000,1.3064594745324807,0.07108961451578498,final
medium,4,fc,2,2.100000,1.3103487525056103,0.06849571647443305,final
medium,4,fc,2,2.125000,1.314044471515516,0.06601063222774378,final
medium,4,fc,2,2.150000,1.317556941920262,0.06362944097380911,final
medium,4,fc,2,2.175000,1.3208958527904933,0.06134744385632948,final
medium,4,fc,2,2.200000,1.3240702985773514,0.05916015547589158,final
medium,4,fc,2,2.225000,1.3270888074541218,0.05706329548664664,final
medium,4,fc,2,2.250000,1.3299593705496606,0.05505278031492643,final
medium,4,fc,2,2.275000,1.3326894714677608,0.05312471503010885,final
medium,4,fc,2,2.300000,1.335286115627871,0.0512753853925513,final
medium,4,fc,2,2.325000,1.337755859075527,0.049501250098557395,final
medium,4,fc,2,2.350000,1.3401048365010078,0.047798933238089425,final
medium,4,fc,2,2.375000,1.3423387882764397,0.046165216977224074,final
medium,4,fc,2,2.400000,1.344463086378501,0.044597034474109544,final
medium,4,fc,2,2.425000,1.3464827591089161,0.04309146303439602,final
medium,4,fc,2,2.450000,1.348402514560444,0.04164571750968536,final
medium,4,fc,2,2.475000,1.3502267628038933,0.040257143940502574,final
medium,4,fc,2,2.500000,1.3519596367934525,0.038923213443524764,final
medium,4,fc,2,2.525000,1.3536050120043754,0.03764151634132921,final
medium,4,fc,2,2.550000,1.3551665248299574,0.036409756531684365,final
medium,4,fc,2,2.575000,1.3566475897743644,0.03522574609238472,final
medium,4,fc,2,2.600000,1.3580514154850343,0.034087400116785065,final
medium,4,fc,2,2.625000,1.3593810196734206,0.03299273177452561,final
medium,4,fc,2,2.650000,1.3606392429762846,0.03193984759139919,final
medium,4,fc,2,2.675000,1.3618287618118359,0.030926942941904803,final
medium,4,fc,2,2.700000,1.3629521002860596,0.029952297747731768,final
medium,4,fc,2,2.725000,1.3640116412047574,0.02901427237521226,final
medium,4,fc,2,2.750000,1.365009636246338,0.02811130372463498,final
medium,4,fc,2,2.775000,1.365948215349378,0.027241901504269916,final
medium,4,fc,2,2.800000,1.3668293953675217,0.026404644681927984,final
medium,4,fc,2,2.825000,1.367655088042535,0.025598178106928483,final
medium,4,fc,2,2.850000,1.3684271073443308,0.024821209295431242,final
medium,4,fc,2,2.875000,1.3691471762245915,0.024072505372191445,final
medium,4,fc,2,2.900000,1.3698169328283336,0.023350890161948933,final
medium,4,fc,2,2.925000,1.3704379362053813,0.022655241423814636,final
medium,4,fc,2,2.950000,1.371011671561317,0.02198448822219974,final
medium,4,fc,2,2.975000,1.3715395550850602,0.021337608428025324,final
medium,4,fc,2,3.000000,1.3720229383878626,0.020713626344142904,final
medium,4,fc,2,3.025000,1.3724631125861468,0.020111610449121096,final
medium,4,fc,2,3.050000,1.3728613120583597,0.019530671253741985,final
medium,4,fc,2,3.075000,1.373218717903798,0.018969959264783273,final
medium,4,fc,2,3.100000,1.373536461129271,0.01842866305087054,final
medium,4,fc,2,3.125000,1.373815625587427,0.01790600740538857,final
medium,4,fc,2,3.150000,1.3740572506886786,0.01740125160166688,final
medium,4,fc,2,3.175000,1.3742623339068345,0.01691368773584563,final
medium,4,fc,2,3.200000,1.374431833096857,0.016442639153041987,final
medium,4,fc,2,3.225000,1.3745666686415603,0.015987458952627043,final
medium,4,fc,2,3.250000,1.3746677254425812,0.01554752856862642,final
medium,4,fc,2,3.275000,1.3747358547695716,0.015122256421425359,final
medium,4,fc,2,3.300000,1.3747718759802736,0.014711076637163482,final
medium,4,fc,2,3.325000,1.3747765781229702,0.014313447831357885,final
medium,4,fc,2,3.350000,1.3747507214316954,0.013928851953473702,final
medium,4,fc,2,3.375000,1.374695038723616,0.013556793189317143,final
medium,4,fc,2,3.400000,1.374610236707058,0.013196796918281035,final
medium,4,fc,2,3.425000,1.374496997207841,0.012848408722622606,final
medium,4,fc,2,3.450000,1.3743559783208215,0.012511193446095005,final
medium,4,fc,2,3.475000,1.3741878154928473,0.012184734299390572,final
medium,4,fc,2,3.500000,1.3739931225427344,0.011868632009980432,final
medium,4,fc,2,3.525000,1.3737724926232868,0.011562504014061415,final
medium,4,fc,2,3.550000,1.3735264991298954,0.011265983688439207,final
medium,4,fc,2,3.575000,1.3732556965598046,0.010978719620289117,final
medium,4,fc,2,3.600000,1.3729606213257048,0.010700374912838966,final
medium,4,fc,2,3.625000,1.372641792526983,0.010430626525124654,final
medium,4,fc,2,3.650000,1.3722997126815966,0.010169164644067214,final
medium,4,fc,2,3.675000,1.3719348684212935,0.00991569208720407,final
medium,4,fc,2,3.700000,1.3715477311526,0.009669923734501585,final
medium,4,fc,2,3.725000,1.3711387576858063,0.009431585987756015,final
medium,4,fc,2,3.750000,1.3707083908339455,0.009200416256170275,final
medium,4,fc,2,3.775000,1.3702570599836028,0.008976162466764602,final
medium,4,fc,2,3.800000,1.3697851816392208,0.008758582598353621,final
medium,4,fc,2,3.825000,1.3692931599424245,0.00854744423788731,final
medium,4,fc,2,3.850000,1.3687813871677654,0.008342524158018077,final
medium,4,fc,2,3.875000,1.3682502441961717,0.008143607914814084,final
medium,4,fc,2,3.900000,1.3677001009672893,0.007950489464597189,final
medium,4,fc,2,3.925000,1.3671313169118045,0.007762970798941056,final
medium,4,fc,2,3.950000,1.3665442413647761,0.007580861596905375,final
medium,4,fc,2,3.975000,1.3659392139609123,0.007403978893646075,final
medium,4,fc,2,4.000000,1.3653165650126773,0.0072321467645740005,final
medium,4,fc,2,4.025000,1.3646766158720522,0.0070651960242810626,final
medium,4,fc,2,4.050000,1.3640196792767219,0.00690296393950086,final
medium,4,fc,2,4.075000,1.363346059681415,0.006745293955398438,final
medium,4,fc,2,4.100000,1.36265605357508,0.00659203543452906,final
medium,4,fc,2,4.125000,1.3619499497845378,0.0064430434078363,final
medium,4,fc,2,4.150000,1.361228029765231,0.006298178337093973,final
medium,4,fc,2,4.175000,1.360490567879633,0.006157305888229191,final
medium,4,fc,2,4.200000,1.359737831663883,0.006020296714986096,final
medium,4,fc,2,4.225000,1.3589700820831414,0.005887026252428785,final
medium,4,fc,2,4.250000,1.3581875737761906,0.005757374519800969,final
medium,4,fc,2,4.275000,1.3573905552897256,0.005631225932281169,final
medium,4,fc,2,4.300000,1.3565792693027978,0.005508469121209777,final
medium,4,fc,2,4.325000,1.3557539528418359,0.005388996762367058,final
medium,4,fc,2,4.350000,1.3549148374866493,0.005272705411922309,final
medium,4,fc,2,4.375000,1.3540621495678105,0.005159495349679465,final
medium,4,fc,2,4.400000,1.353196110355775,0.005049270429270179,final
medium,4,fc,2,4.425000,1.352316936242119,0.004941937934961711,final
medium,4,fc,2,4.450000,1.3514248389132015,0.004837408444764286,final
medium,4,fc,2,4.475000,1.3505200255166083,0.004735595699538422,final
medium,4,fc,2,4.500000,1.349602698820665,0.00463641647781682,final
medium,4,fc,2,4.525000,1.3486730573673291,0.004539790476073858,final
medium,4,fc,2,4.550000,1.3477312956187442,0.0044456401941804025,final
medium,4,fc,2,4.575000,1.3467776040977193,0.0043538908258078015,final
medium,4,fc,2,4.600000,1.3458121695224081,0.004264470153542824,final
medium,4,fc,2,4.625000,1.3448351749354253,0.004177308448501121,final
medium,4,fc,2,4.650000,1.3438467998276409,0.00409233837422035,final
medium,4,fc,2,4.675000,1.3428472202568889,0.004009494894645649,final
medium,4,fc,2,4.700000,1.3418366089617944,0.003928715186011864,final
medium,4,fc,2,4.725000,1.3408151354709383,0.003849938552444208,final
medium,4,fc,2,4.750000,1.339782966207557,0.0037731063451085585,final
medium,4,fc,2,4.775000,1.3387402645899673,0.003698161884748136,final
medium,4,fc,2,4.800000,1.3376871911278954,0.0036250503874534,final
medium,4,fc,2,4.825000,1.3366239035148941,0.0035537188935180495,final
medium,4,fc,2,4.850000,1.3355505567170085,0.0034841161992384935,final
medium,4,fc,2,4.875000,1.3344673030578478,0.003416192791532784,final
medium,4,fc,2,4.900000,1.3333742923002279,0.003349900785240403,final
medium,4,fc,2,4.925000,1.3322716717245142,0.0032851938629953315,final
medium,4,fc,2,4.950000,1.3311595862038277,0.0032220272175482114,final
medium,4,fc,2,4.975000,1.3300381782762167,0.003160357496432501,final
medium,4,fc,2,5.000000,1.3289075882139596,0.0031001427488730796,final
medium,4,fc,2,5.025000,1.3277679540900889,0.0030413423748346722,final
medium,4,fc,2,5.050000,1.3266194118422694,0.0029839170761159985,final
medium,4,fc,2,5.075000,1.3254620953341505,0.0029278288094051505,final
medium,4,fc,2,5.100000,1.324296136414274,0.0028730407412039653,final
medium,4,fc,2,5.125000,1.323121664972673,0.0028195172045440277,final
medium,4,fc,2,5.150000,1.3219388089952249,0.002767223657416334,final
medium,4,fc,2,5.175000,1.3207476946158907,0.002716126642840039,final
medium,4,fc,2,5.200000,1.3195484461668958,0.0026661937504989823,final
medium,4,fc,2,5.225000,1.3183411862269585,0.0026173935798797948,final
medium,4,fc,2,5.250000,1.317126035667646,0.00256969570484818,final
medium,4,fc,2,5.275000,1.3159031136979265,0.002523070639600119,final
medium,4,fc,2,5.300000,1.3146725379070114,0.002477489805931105,final
medium,4,fc,2,5.325000,1.3134344243055363,0.0024329255017677574,final
medium,4,fc,2,5.350000,1.3121888873651684,0.002389350870906149,final
medium,4,fc,2,5.375000,1.3109360400567025,0.0023467398739123713,final
medium,4,fc,2,5.400000,1.3096759938866998,0.002305067260127343,final
medium,4,fc,2,5.425000,1.3084088589327407,0.0022643085407395933,final
medium,4,fc,2,5.450000,1.307134743877344,0.0022244399628739303,final
medium,4,fc,2,5.475000,1.3058537560406076,0.002185438484659717,final
medium,4,fc,2,5.500000,1.3045660014116305,0.002147281751233332,final
medium,4,fc,2,5.525000,1.3032715846787524,0.00210994807163994,final
medium,4,fc,2,5.550000,1.3019706092586787,0.002073416396598594,final
medium,4,fc,2,5.575000,1.300663177324521,0.002037666297088671,final
medium,4,fc,2,5.600000,1.2993493898328055,0.002002677943734377,final
medium,4,fc,2,5.625000,1.2980293465494905,0.0019684320869470203,final
medium,4,fc,2,5.650000,1.2967031460750378,0.001934910037795905,final
medium,4,fc,2,5.675000,1.2953708858685642,0.0019020936495821128,final
medium,4,fc,2,5.700000,1.29403266227113,0.0018699653000843219,final
medium,4,fc,2,5.725000,1.2926885705281803,0.0018385078744475162,final
medium,4,fc,2,5.750000,1.2913387048111922,0.001807704748695522,final
medium,4,fc,2,5.775000,1.2899831582385441,0.0017775397738341902,final
medium,4,fc,2,5.800000,1.2886220228956502,0.0017479972605298807,final
medium,4,fc,2,5.825000,1.287255389854384,0.0017190619643353434,final
medium,4,fc,2,5.850000,1.2858833491918265,0.0016907190714431513,final
medium,4,fc,2,5.875000,1.2845059900083555,0.0016629541849460688,final
medium,4,fc,2,5.900000,1.2831234004451189,0.0016357533115849763,final
medium,4,fc,2,5.925000,1.281735667700894,0.0016091028489635777,final
medium,4,fc,2,5.950000,1.2803428780483903,0.0015829895732162476,final
medium,4,fc,2,5.975000,1.2789451168499821,0.0015574006271040614,final
medium,4,fc,2,6.000000,1.2775424685729173,0.0015323235085293945,final
medium,4,fc,5,0.000000,1.0,0.9999990149527557,final
medium,4,fc,5,0.025000,0.9974562236150133,0.9995535545956326,final
medium,4,fc,5,0.050000,0.9898465274240253,0.9982182550348954,final
medium,4,fc,5,0.075000,0.9772567922611863,0.9959963639857915,final
medium,4,fc,5,0.100000,0.9598739403313338,0.9928933046151531,final
medium,4,fc,5,0.125000,0.9380204342234248,0.988916689954814,final
medium,4,fc,5,0.150000,0.9121822467533672,0.9840763410260884,final
medium,4,fc,5,0.175000,0.8830256232448073,0.9783843067201043,final
medium,4,fc,5,0.200000,0.8513977327239874,0.9718548830579382,final
medium,4,fc,5,0.225000,0.8183075258762408,0.9645046291303571,final
medium,4,fc,5,0.250000,0.7848859616089308,0.95635237680383,final
medium,4,fc,5,0.275000,0.7523286575082531,0.9474192311874634,final
medium,4,fc,5,0.300000,0.7218276308823706,0.9377285588901255,final
medium,4,fc,5,0.325000,0.6945005431505595,0.9273059612587633,final
medium,4,fc,5,0.350000,0.6713247942242139,0.9161792300730569,final
medium,4,fc,5,0.375000,0.6530804044213558,0.904378283568314,final
medium,4,fc,5,0.400000,0.6403018659256771,0.8919350811532322,final
medium,4,fc,5,0.425000,0.6332377522905525,0.8788835157629997,final
medium,4,fc,5,0.450000,0.6318196937697974,0.8652592834188174,final
medium,4,fc,5,0.475000,0.6356485946887573,0.8510997302275789,final
medium,4,fc,5,0.500000,0.6440114578612158,0.8364436777241008,final
medium,4,fc,5,0.525000,0.6559408168054865,0.8213312281068833,final
medium,4,fc,5,0.550000,0.6703172751299759,0.8058035515220902,final
medium,4,fc,5,0.575000,0.6859981603157872,0.789902658086808,final
medium,4,fc,5,0.600000,0.7019423839946223,0.7736711577926741,final
medium,4,fc,5,0.625000,0.7173021936535201,0.7571520117798487,final
medium,4,fc,5,0.650000,0.7314661327479164,0.7403882787090609,final
medium,4,fc,5,0.675000,0.744055225119389,0.7234228600810844,final
medium,4,fc,5,0.700000,0.7548867380419263,0.7062982483585597,final
medium,4,fc,5,0.725000,0.7639233263977755,0.6890562816393245,final
medium,4,fc,5,0.750000,0.7712221544649628,0.6717379084223036,final
medium,4,fc,5,0.775000,0.7768928885904226,0.6543829657089731,final
medium,4,fc,5,0.800000,0.7810682715059569,0.6370299733105577,final
medium,4,fc,5,0.825000,0.7838874616437339,0.6197159468002725,final
medium,4,fc,5,0.850000,0.7854903409233389,0.6024762310788355,final
medium,4,fc,5,0.875000,0.786020034389413,0.5853443560278541,final
medium,4,fc,5,0.900000,0.7856304835091235,0.5683519152265687,final
medium,4,fc,5,0.925000,0.7844958319951479,0.5515284682184035,final
medium,4,fc,5,0.950000,0.7828185710451248,0.5349014663486072,final
medium,4,fc,5,0.975000,0.78083389483503,0.5184962017644935,final
medium,4,fc,5,1.000000,0.778808566211184,0.5023357787844921,final
medium,4,fc,5,1.025000,0.7770337205735095,0.4864411065080455,final
medium,4,fc,5,1.050000,0.7758122575145382,0.4708309112594444,final
medium,4,fc,5,1.075000,0.7754425240623738,0.45552176723692184,final
medium,4,fc,5,1.100000,0.7762006379944244,0.44052814357346226,final
medium,4,fc,5,1.125000,0.7783239078403484,0.42586246590588206,final
medium,4,fc,5,1.150000,0.7819974143328777,0.41153519049035014,final
medium,4,fc,5,1.175000,0.78734509916765,0.3975548888910253,final
medium,4,fc,5,1.200000,0.7944258888888376,0.38392834129850273,final
medium,4,fc,5,1.225000,0.803234659214515,0.370660636600358,final
medium,4,fc,5,1.250000,0.8137073277842357,0.3577552774211005,final
medium,4,fc,5,1.275000,0.8257290730240912,0.34521428846717805,final
medium,4,fc,5,1.300000,0.8391445781934989,0.3330383266483743,final
medium,4,fc,5,1.325000,0.8537692373895743,0.32122679159448314,final
medium,4,fc,5,1.350000,0.8694003844545549,0.30977793534049813,final
medium,4,fc,5,1.375000,0.8858277805232763,0.2986889701102368,final
medium,4,fc,5,1.400000,0.9028427968650069,0.2879561732835211,final
medium,4,fc,5,1.425000,0.9202459376380038,0.277574988782547,final
medium,4,fc,5,1.450000,0.9378525448511285,0.26754012425636026,final
medium,4,fc,5,1.475000,0.9554966995586875,0.25784564357642004,final
medium,4,fc,5,1.500000,0.9730334672159052,0.24848505427970202,final
medium,4,fc,5,1.525000,0.9903397251511975,0.2394513897077521,final
medium,4,fc,5,1.550000,1.007313856712136,0.2307372856900662,final
medium,4,fc,5,1.575000,1.0238746057103998,0.2223350517080542,final
medium,4,fc,5,1.600000,1.0399593655632917,0.2142367365518528,final
medium,4,fc,5,1.625000,1.0555221402525787,0.20643418854680623,final
medium,4,fc,5,1.650000,1.0705313682740318,0.198919110480207,final
medium,4,fc,5,1.675000,1.0849677535220235,0.19168310940259609,final
medium,4,fc,5,1.700000,1.0988222035612376,0.1847177415124742,final
medium,4,fc,5,1.725000,1.1120939387914985,0.17801455235952063,final
medium,4,fc,5,1.750000,1.1247888066695582,0.1715651126203154,final
medium,4,fc,5,1.775000,1.136917813263774,0.16536104971299231,final
medium,4,fc,5,1.800000,1.1484958691263192,0.15939407552411586,final
medium,4,fc,5,1.825000,1.15954073659596,0.1536560105231757,final
medium,4,fc,5,1.850000,1.1700721599616923,0.14813880453823608,final
medium,4,fc,5,1.875000,1.1801111572961545,0.14283455446115373,final
medium,4,fc,5,1.900000,1.189679452258709,0.13773551914301999,final
medium,4,fc,5,1.925000,1.1987990250216234,0.13283413173068498,final
medium,4,fc,5,1.950000,1.2074917631270772,0.12812300968388157,final
medium,4,fc,5,1.975000,1.215779195136796,0.12359496270000238,final
medium,4,fc,5,2.000000,1.2236822921181434,0.11924299876040963,final
medium,4,fc,5,2.025000,1.2312213241466046,0.11506032849854929,final
medium,4,fc,5,2.050000,1.2384157609923807,0.11104036807640862,final
medium,4,fc,5,2.075000,1.2452842079456274,0.10717674074218457,final
medium,4,fc,5,2.100000,1.2518443693011374,0.10346327722860513,final
medium,4,fc,5,2.125000,1.258113033370451,0.09989401513832925,final
medium,4,fc,5,2.150000,1.2641060740311185,0.09646319745030717,final
medium,4,fc,5,2.175000,1.2698384647791996,0.09316527026902503,final
medium,4,fc,5,2.200000,1.27532430204464,0.08999487992723759,final
medium,4,fc,5,2.225000,1.2805768351824727,0.08694686954211561,final
medium,4,fc,5,2.250000,1.2856085010872629,0.0840162751147613,final
medium,4,fc,5,2.275000,1.2904309618130254,0.08119832125375193,final
medium,4,fc,5,2.300000,1.2950551439329676,0.07848841659474731,final
medium,4,fc,5,2.325000,1.2994912786574042,0.07588214898026313,final
medium,4,fc,5,2.350000,1.303748941956416,0.07337528045640314,final
medium,4,fc,5,2.375000,1.3078370941165696,0.0709637421366524,final
medium,4,fc,5,2.400000,1.3117641183069189,0.06864362897674837,final
medium,4,fc,5,2.425000,1.3155378578455588,0.06641119449909502,final
medium,4,fc,5,2.450000,1.3191656519499868,0.06426284550016602,final
medium,4,fc,5,2.475000,1.3226543698271662,0.06219513676981234,final
medium,4,fc,5,2.500000,1.3260104430162045,0.060204765847302694,final
medium,4,fc,5,2.525000,1.3292398959411407,0.05828856783526772,final
medium,4,fc,5,2.550000,1.3323483746658202,0.05644351028943357,final
medium,4,fc,5,2.575000,1.3353411738693703,0.05466668819911841,final
medium,4,fc,5,2.600000,1.3382232620807937,0.05295531907085509,final
medium,4,fc,5,2.625000,1.3409993052261588,0.05130673812520908,final
medium,4,fc,5,2.650000,1.343673688552628,0.04971839361481907,final
medium,4,fc,5,2.675000,1.3462505370010935,0.048187842269903004,final
medium,4,fc,5,2.700000,1.348733734104086,0.046712744875897896,final
medium,4,fc,5,2.725000,1.3511269394884335,0.045290861986530255,final
medium,4,fc,5,2.750000,1.3534336050633415,0.04392004977442389,final
medium,4,fc,5,2.775000,1.3556569899744273,0.04259825602031256,final
medium,4,fc,5,2.800000,1.3578001744031343,0.04132351624104625,final
medium,4,fc,5,2.825000,1.3598660722890508,0.04009394995580804,final
medium,4,fc,5,2.850000,1.3618574430501553,0.03890775708931617,final
medium,4,fc,5,2.875000,1.363776902373112,0.037763214510238105,final
medium,4,fc,5,2.900000,1.3656269321424848,0.036658672702594416,final
medium,4,fc,5,2.925000,1.3674098895743123,0.03559255256754023,final
medium,4,fc,5,2.950000,1.3691280156159276,0.034563342352615975,final
medium,4,fc,5,2.975000,1.3707834426702654,0.03356959470530945,final
medium,4,fc,5,3.000000,1.37237820169931,0.03260992384757856,final
medium,4,fc,5,3.025000,1.3739142287577288,0.03168300286784069,final
medium,4,fc,5,3.050000,1.375393371004257,0.030787561126827977,final
medium,4,fc,5,3.075000,1.376817392234992,0.02992238177364323,final
medium,4,fc,5,3.100000,1.378187977979491,0.02908629936830695,final
medium,4,fc,5,3.125000,1.3795067401974266,0.028278197607078143,final
medium,4,fc,5,3.150000,1.3807752216106,0.02749700714683811,final
medium,4,fc,5,3.175000,1.3819948997022602,0.02674170352486146,final
medium,4,fc,5,3.200000,1.3831671904130647,0.026011305170332698,final
medium,4,fc,5,3.225000,1.3842934515604937,0.025304871504035504,final
medium,4,fc,5,3.250000,1.3853749860062228,0.024621501122705596,final
medium,4,fc,5,3.275000,1.386413044593795,0.02396033006461559,final
medium,4,fc,5,3.300000,1.3874088288769248,0.02332053015304608,final
medium,4,fc,5,3.325000,1.3883634936569091,0.022701307414390606,final
medium,4,fc,5,3.350000,1.3892781493459165,0.022101900567731217,final
medium,4,fc,5,3.375000,1.3901538641713596,0.02152157958282148,final
medium,4,fc,5,3.400000,1.390991666235112,0.020959644303520642,final
medium,4,fc,5,3.425000,1.3917925454400122,0.020415423133807592,final
medium,4,fc,5,3.450000,1.3925574552949254,0.019888271783622076,final
medium,4,fc,5,3.475000,1.393287314608509,0.019377572071868618,final
medium,4,fc,5,3.500000,1.3939830090808716,0.018882730784027312,final
medium,4,fc,5,3.525000,1.394645392801402,0.01840317858190917,final
medium,4,fc,5,3.550000,1.3952752896602516,0.017938368963193514,final
medium,4,fc,5,3.575000,1.3958734946802083,0.017487777268482583,final
medium,4,fc,5,3.600000,1.3964407752750643,0.017050899733695963,final
medium,4,fc,5,3.625000,1.3969778724399722,0.01662725258572584,final
medium,4,fc,5,3.650000,1.3974855018787729,0.01621637117935688,final
medium,4,fc,5,3.675000,1.3979643550727796,0.015817809173541454,final
medium,4,fc,5,3.700000,1.3984151002951168,0.015431137745210538,final
medium,4,fc,5,3.725000,1.3988383835742808,0.015055944838867765,final
medium,4,fc,5,3.750000,1.3992348296103059,0.014691834450308115,final
medium,4,fc,5,3.775000,1.399605042646566,0.014338425942863312,final
medium,4,fc,5,3.800000,1.3999496073000093,0.013995353394657682,final
medium,4,fc,5,3.825000,1.400269089352353,0.013662264975421378,final
medium,4,fc,5,3.850000,1.4005640365045728,0.013338822351480577,final
medium,4,fc,5,3.875000,1.4008349790968084,0.0130247001176001,final
medium,4,fc,5,3.900000,1.401082430795648,0.012719585254425991,final
medium,4,fc,5,3.925000,1.4013068892505933,0.012423176610320625,final
medium,4,fc,5,3.950000,1.4015088367213706,0.012135184406454037,final
medium,4,fc,5,3.975000,1.4016887406776342,0.011855329764055456,final
medium,4,fc,5,4.000000,1.4018470543724781,0.011583344252793145,final
medium,4,fc,5,4.025000,1.401984217391106,0.011318969459285231,final
medium,4,fc,5,4.050000,1.4021006561758798,0.011061956574806305,final
medium,4,fc,5,4.075000,1.402196784528923,0.010812066001288487,final
medium,4,fc,5,4.100000,1.4022730040933442,0.010569066974763647,final
medium,4,fc,5,4.125000,1.402329704814117,0.010332737205431649,final
medium,4,fc,5,4.150000,1.402367265379555,0.010102862533580738,final
medium,4,fc,5,4.175000,1.4023860536442974,0.009879236600621332,final
medium,4,fc,5,4.200000,1.4023864270346438,0.009661660534531725,final
medium,4,fc,5,4.225000,1.402368732937045,0.009449942649044966,final
medium,4,fc,5,4.250000,1.4023333090705081,0.009243898155941826,final
medium,4,fc,5,4.275000,1.4022804838436347,0.00904334888984183,final
medium,4,fc,5,4.300000,1.4022105766969764,0.008848123044917012,final
medium,4,fc,5,4.325000,1.4021238984313487,0.00865805492297805,final
medium,4,fc,5,4.350000,1.4020207515227288,0.008472984692407837,final
medium,4,fc,5,4.375000,1.401901430424312,0.008292758157448845,final
medium,4,fc,5,4.400000,1.4017662218562914,0.008117226537362866,final
medium,4,fc,5,4.425000,1.4016154050838887,0.007946246255021595,final
medium,4,fc,5,4.450000,1.4014492521841428,0.007779678734485535,final
medium,4,fc,5,4.475000,1.4012680283019356,0.007617390207175521,final
medium,4,fc,5,4.500000,1.4010719918957228,0.00745925152623505,final
medium,4,fc,5,4.525000,1.4008613949733997,0.007305137988719207,final
medium,4,fc,5,4.550000,1.4006364833187286,0.007154929165255192,final
medium,4,fc,5,4.575000,1.4003974967087254,0.007008508736834862,final
medium,4,fc,5,4.600000,1.4001446691223864,0.006865764338424728,final
medium,4,fc,5,4.625000,1.399878228941128,0.006726587409077422,final
medium,4,fc,5,4.650000,1.3995983991412813,0.006590873048268464,final
medium,4,fc,5,4.675000,1.3993053974789769,0.0064585198781628465,final
medium,4,fc,5,4.700000,1.398999436667744,0.006329429911565912,final
medium,4,fc,5,4.725000,1.3986807245491277,0.006203508425289461,final
medium,4,fc,5,4.750000,1.398349464256611,0.006080663838708088,final
medium,4,fc,5,4.775000,1.3980058543731297,0.005960807597265741,final
medium,4,fc,5,4.800000,1.3976500890824417,0.005843854060718774,final
medium,4,fc,5,4.825000,1.3972823583146035,0.005729720395912886,final
medium,4,fc,5,4.850000,1.3969028478858128,0.005618326473881569,final
medium,4,fc,5,4.875000,1.3965117396328315,0.0055095947710962845,final
medium,4,fc,5,4.900000,1.3961092115422256,0.005403450274670497,final
medium,4,fc,5,4.925000,1.395695437874636,0.005299820391357137,final
medium,4,fc,5,4.950000,1.3952705892842785,0.00519863486017101,final
medium,4,fc,5,4.975000,1.3948348329338762,0.005099825668480255,final
medium,4,fc,5,5.000000,1.3943883326052056,0.005003326971419181,final
medium,4,fc,5,5.025000,1.3939312488054394,0.004909075014477372,final
medium,4,fc,5,5.050000,1.3934637388694642,0.004817008059132411,final
medium,4,fc,5,5.075000,1.3929859570583198,0.004727066311396233,final
medium,4,fc,5,5.100000,1.392498054653939,0.004639191853146637,final
medium,4,fc,5,5.125000,1.392000180050324,0.004553328576135116,final
medium,4,fc,5,5.150000,1.3914924788413068,0.004469422118547324,final
medium,4,fc,5,5.175000,1.3909750939050403,0.0043874198040178055,final
medium,4,fc,5,5.200000,1.3904481654853351,0.0043072705829917705,final
medium,4,fc,5,5.225000,1.3899118312699896,0.004228924976334929,final
medium,4,fc,5,5.250000,1.3893662264662152,0.004152335021101629,final
medium,4,fc,5,5.275000,1.3888114838732886,0.004077454218365142,final
medium,4,fc,5,5.300000,1.3882477339525314,0.0040042374830345975,final
medium,4,fc,5,5.325000,1.3876751048947287,0.003932641095565119,final
medium,4,fc,5,5.350000,1.387093722685087,0.003862622655491328,final
medium,4,fc,5,5.375000,1.3865037111658314,0.0037941410367080836,final
medium,4,fc,5,5.400000,1.3859051920965362,0.003727156344421023,final
medium,4,fc,5,5.425000,1.3852982852122702,0.003661629873710311,final
medium,4,fc,5,5.450000,1.384683108279653,0.0035975240696294233,final
medium,4,fc,5,5.475000,1.3840597771509033,0.003534802488785088,final
medium,4,fc,5,5.500000,1.383428405815953,0.00347342976233753,final
medium,4,fc,5,5.525000,1.3827891064527018,0.0034133715603585552,final
medium,4,fc,5,5.550000,1.3821419894754952,0.003354594557501852,final
medium,4,fc,5,5.575000,1.381487163581886,0.003297066399923296,final
medium,4,fc,5,5.600000,1.380824735797746,0.0032407556734100657,final
medium,4,fc,5,5.625000,1.380154811520796,0.0031856318726634857,final
medium,4,fc,5,5.650000,1.3794774945626174,0.003131665371696122,final
medium,4,fc,5,5.675000,1.3787928871891912,0.003078827395293707,final
medium,4,fc,5,5.700000,1.3781010901600437,0.003027089991503894,final
medium,4,fc,5,5.725000,1.3774022027660224,0.0029764260051096687,final
medium,4,fc,5,5.750000,1.3766963228657862,0.0029268090520475788,final
medium,4,fc,5,5.775000,1.3759835469210346,0.002878213494739797,final
medium,4,fc,5,5.800000,1.3752639700305358,0.002830614418296118,final
medium,4,fc,5,5.825000,1.3745376859629959,0.00278398760755835,final
medium,4,fc,5,5.850000,1.373804787188817,0.002738309524953898,final
medium,4,fc,5,5.875000,1.3730653649107794,0.00269355728912338,final
medium,4,fc,5,5.900000,1.3723195090936917,0.002649708654298654,final
medium,4,fc,5,5.925000,1.3715673084930544,0.0026067419903964785,final
medium,4,fc,5,5.950000,1.3708088506827605,0.0025646362638050363,final
medium,4,fc,5,5.975000,1.3700442220818791,0.0025233710188360442,final
medium,4,fc,5,6.000000,1.3692735079805551,0.002482926359813787,final
medium,5,fx,,0.000000,1.0,1.0,final
medium,5,fx,,0.025000,1.0000846235602494,1.0001371734503082,final
medium,5,fx,,0.050000,1.000338103883548,1.0005484131007953,final
medium,5,fx,,0.075000,1.0007593698954746,1.0012328782849313,final
medium,5,fx,,0.100000,1.0013468426308418,1.002189172660767,final
medium,5,fx,,0.125000,1.0020985994627103,1.0034153513166864,final
medium,5,fx,,0.150000,1.0030125240924566,1.0049089306249135,final
medium,5,fx,,0.175000,1.0040864404680354,1.0066669007499534,final
medium,5,fx,,0.200000,1.005318229421353,1.0086857406950527,final
medium,5,fx,,0.225000,1.0067059273762973,1.010961435747421,final
medium,5,fx,,0.250000,1.0082478069692171,1.0134894971626558,final
medium,5,fx,,0.275000,1.0099424398416117,1.0162649839108355,final
medium,5,fx,,0.300000,1.011788742213212,1.0192825262913066,final
medium,5,fx,,0.325000,1.0137860041289295,1.022536351210436,final
medium,5,fx,,0.350000,1.0159339035044805,1.0260203089066646,final
medium,5,fx,,0.375000,1.0182325062838573,1.0297279009001115,final
medium,5,fx,,0.400000,1.0206822541788787,1.0336523089397605,final
medium,5,fx,,0.425000,1.0232839415983315,1.0377864247198565,final
medium,5,fx,,0.450000,1.0260386835021063,1.0421228801384386,final
medium,5,fx,,0.475000,1.0289478760426014,1.0466540778748243,final
medium,5,fx,,0.500000,1.0320131519872198,1.0513722220691275,final
medium,5,fx,,0.525000,1.035236333054094,1.056269348895353,final
medium,5,fx,,0.550000,1.0386193814362288,1.061337356830009,final
medium,5,fx,,0.575000,1.042164352930189,1.0665680364302768,final
medium,5,fx,,0.600000,1.045873354212073,1.0719530994492863,final
medium,5,fx,,0.625000,1.049748506897988,1.0774842071307018,final
medium,5,fx,,0.650000,1.0537919210649285,1.0831529975403624,final
medium,5,fx,,0.675000,1.058005680861841,1.0889511118088369,final
medium,5,fx,,0.700000,1.0623918446762062,1.0948702191752313,final
medium,5,fx,,0.725000,1.0669524620024546,1.1009020407391494,final
medium,5,fx,,0.750000,1.0716896086486867,1.1070383718441337,final
medium,5,fx,,0.775000,1.076605441185266,1.1132711030320084,final
medium,5,fx,,0.800000,1.0817022705595365,1.119592239523111,final
medium,5,fx,,0.825000,1.0869826535670017,1.1259939191922888,final
medium,5,fx,,0.850000,1.0924494993941811,1.1324684290245925,final
medium,5,fx,,0.875000,1.0981061867735864,1.139008220047757,final
medium,5,fx,,0.900000,1.1039566854916076,1.1456059207506675,final
medium,5,fx,,0.925000,1.1100056741763744,1.152254349008086,final
medium,5,fx,,0.950000,1.1162586446106484,1.1589465225418367,final
medium,5,fx,,0.975000,1.1227219814391565,1.1656756679574736,final
medium,5,fx,,1.000000,1.1294030052627426,1.172435228403129,final
medium,5,fx,,1.025000,1.1363099669260222,1.1792188699038115,final
medium,5,fx,,1.050000,1.143451981482922,1.1860204864298936,final
medium,5,fx,,1.075000,1.1508388919935009,1.192834203762979,final
medium,5,fx,,1.100000,1.1584810560263776,1.1996543822257886,final
medium,5,fx,,1.125000,1.1663890514881485,1.2064756183452223,final
medium,5,fx,,1.150000,1.174573303049199,1.2132927455194251,final
medium,5,fx,,1.175000,1.1830436357563352,1.220100833760554,final
medium,5,fx,,1.200000,1.19180876809221,1.2268951885850992,final
medium,5,fx,,1.225000,1.200875762355614,1.2336713491231373,final
medium,5,fx,,1.250000,1.2102494553384497,1.2404250855168273,final
medium,5,fx,,1.275000,1.219931896389523,1.2471523956769321,final
medium,5,fx,,1.300000,1.229921822630268,1.2538495014641662,final
medium,5,fx,,1.325000,1.240214201939728,1.2605128443598486,final
medium,5,fx,,1.350000,1.2507998730869492,1.2671390806877225,final
medium,5,fx,,1.375000,1.2616653089477476,1.2737250764459462,final
medium,5,fx,,1.400000,1.2727925231803419,1.2802679018052352,final
medium,5,fx,,1.425000,1.2841591333408355,1.2867648253259727,final
medium,5,fx,,1.450000,1.2957385846889657,1.2932133079438641,final
medium,5,fx,,1.475000,1.3075005295324904,1.2996109967704328,final
medium,5,fx,,1.500000,1.3194113476611664,1.3059557187513589,final
medium,5,fx,,1.525000,1.331434785032003,1.3122454742224083,final
medium,5,fx,,1.550000,1.3435326811218828,1.3184784303994812,final
medium,5,fx,,1.575000,1.3556657508370857,1.3246529148361825,final
medium,5,fx,,1.600000,1.36779438490429,1.330767408879276,final
medium,5,fx,,1.625000,1.379879433333765,1.3368205411494571,final
medium,5,fx,,1.650000,1.3918829396390413,1.3428110810720784,final
medium,5,fx,,1.675000,1.4037687985807465,1.3487379324797883,final
medium,5,fx,,1.700000,1.415503316673945,1.3546001273065218,final
medium,5,fx,,1.725000,1.4270556618798884,1.360396819389886,final
medium,5,fx,,1.750000,1.4383981961278658,1.3661272783967613,final
medium,5,fx,,1.775000,1.449506691000854,1.3717908838848296,final
medium,5,fx,,1.800000,1.4603604326293484,1.3773871195108214,final
medium,5,fx,,1.825000,1.4709422262946619,1.3829155673944546,final
medium,5,fx,,1.850000,1.4812383143337002,1.3883759026453952,final
medium,5,fx,,1.875000,1.4912382226919767,1.3937678880590432,final
medium,5,fx,,1.900000,1.5009345520296793,1.3990913689855675,final
medium,5,fx,,1.925000,1.5103227288563434,1.4043462683753405,final
medium,5,fx,,1.950000,1.5194007309953579,1.4095325820027964,final
medium,5,fx,,1.975000,1.5281688000037525,1.4146503738697032,final
medium,5,fx,,2.000000,1.5366291512178314,1.4196997717879212,final
medium,5,fx,,2.025000,1.5447856900476593,1.4246809631409094,final
medium,5,fx,,2.050000,1.5526437411476826,1.4295941908225116,final
medium,5,fx,,2.075000,1.5602097952489253,1.4344397493509262,final
medium,5,fx,,2.100000,1.567491276813923,1.4392179811552137,final
medium,5,fx,,2.125000,1.5744963343003426,1.4439292730312083,final
medium,5,fx,,2.150000,1.581233653699794,1.4485740527633122,final
medium,5,fx,,2.175000,1.5877122951435487,1.4531527859082907,final
medium,5,fx,,2.200000,1.5939415517141553,1.4576659727369123,final
medium,5,fx,,2.225000,1.5999308291424037,1.4621141453290472,final
medium,5,fx,,2.250000,1.6056895447714499,1.4664978648176454,final
medium,5,fx,,2.275000,1.611227044003333,1.470817718776893,final
medium,5,fx,,2.300000,1.6165525323790084,1.475074318749721,final
medium,5,fx,,2.325000,1.621675021456034,1.479268297909802,final
medium,5,fx,,2.350000,1.6266032867166433,1.483400308853113,final
medium,5,fx,,2.375000,1.6313458358452446,1.4874710215141502,final
medium,5,fx,,2.400000,1.6359108858441882,1.491481121201892,final
medium,5,fx,,2.425000,1.6403063475988597,1.4954313067506453,final
medium,5,fx,,2.450000,1.644539816649399,1.4993222887809725,final
medium,5,fx,,2.475000,1.6486185690706192,1.5031547880659621,final
medium,5,fx,,2.500000,1.652549561499759,1.5069295339981974,final
medium,5,fx,,2.525000,1.656339434480825,1.5106472631528727,final
medium,5,fx,,2.550000,1.6599945184128653,1.514308717942618,final
medium,5,fx,,2.575000,1.663520841496752,1.5179146453597039,final
medium,5,fx,,2.600000,1.6669241391708844,1.5214657958014208,final
medium,5,fx,,2.625000,1.6702098646108183,1.5249629219745588,final
medium,5,fx,,2.650000,1.673383199941862,1.5284067778750356,final
medium,5,fx,,2.675000,1.676449067877841,1.5317981178388593,final
medium,5,fx,,2.700000,1.679412143554393,1.5351376956607474,final
medium,5,fx,,2.725000,1.6822768663722163,1.538426263776851,final
medium,5,fx,,2.750000,1.685047451705493,1.5416645725081797,final
medium,5,fx,,2.775000,1.6877279023641665,1.5448533693614435,final
medium,5,fx,,2.800000,1.6903220197265914,1.5479933983841754,final
medium,5,fx,,2.825000,1.6928334144821042,1.5510853995711167,final
medium,5,fx,,2.850000,1.6952655169419033,1.5541301083189827,final
medium,5,fx,,2.875000,1.697621586891911,1.5571282549268526,final
medium,5,fx,,2.900000,1.699904722973539,1.5600805641395499,final
medium,5,fx,,2.925000,1.7021178715879866,1.562987754731498,final
medium,5,fx,,2.950000,1.7042638353272495,1.5658505391286572,final
medium,5,fx,,2.975000,1.706345280940795,1.5686696230662598,final
medium,5,fx,,3.000000,1.7083647468511785,1.5714457052801694,final
medium,5,fx,,3.025000,1.7103246502349514,1.5741794772298021,final
medium,5,fx,,3.050000,1.7122272936873686,1.5768716228506432,final
medium,5,fx,,3.075000,1.7140748714907086,1.5795228183344976,final
medium,5,fx,,3.100000,1.7158694755067538,1.5821337319357038,final
medium,5,fx,,3.125000,1.7176131007141924,1.5847050238016365,final
medium,5,fx,,3.150000,1.7193076504115548,1.587237345825908,final
medium,5,fx,,3.175000,1.720954941105852,1.5897313415227634,final
medium,5,fx,,3.200000,1.7225567071064436,1.592187645921248,final
medium,5,fx,,3.225000,1.724114604842862,1.5946068854777975,final
medium,5,fx,,3.250000,1.7256302169244342,1.5969896780059818,final
medium,5,fx,,3.275000,1.7271050559585794,1.5993366326221994,final
medium,5,fx,,3.300000,1.7285405681436974,1.601648349706187,final
medium,5,fx,,3.325000,1.729938136651562,1.6039254208752762,final
medium,5,fx,,3.350000,1.7312990848131908,1.6061684289713845,final
medium,5,fx,,3.375000,1.7326246791211857,1.6083779480597964,final
medium,5,fx,,3.400000,1.733916132060674,1.6105545434388309,final
medium,5,fx,,3.425000,1.7351746047800969,1.6126987716595576,final
medium,5,fx,,3.450000,1.7364012096122827,1.6148111805547691,final
medium,5,fx,,3.475000,1.737597012455488,1.6168923092764607,final
medium,5,fx,,3.500000,1.738763035023377,1.6189426883411182,final
medium,5,fx,,3.525000,1.7399002569722406,1.6209628396821578,final
medium,5,fx,,3.550000,1.7410096179131545,1.622953276708899,final
medium,5,fx,,3.575000,1.7420920193162008,1.6249145043714908,final
medium,5,fx,,3.600000,1.743148326313367,1.6268470192312494,final
medium,5,fx,,3.625000,1.7441793694062417,1.6287513095359003,final
medium,5,fx,,3.650000,1.7451859460842045,1.630627855299244,final
medium,5,fx,,3.675000,1.7461688223583827,1.632477128384804,final
medium,5,fx,,3.700000,1.7471287342162967,1.6342995925930408,final
medium,5,fx,,3.725000,1.7480663890017616,1.6360957037517374,final
medium,5,fx,,3.750000,1.7489824667243057,1.6378659098091999,final
medium,5,fx,,3.775000,1.7498776213020872,1.6396106509299275,final
medium,5,fx,,3.800000,1.7507524817420106,1.641330359592442,final
medium,5,fx,,3.825000,1.7516076532605296,1.6430254606889751,final
medium,5,fx,,3.850000,1.7524437183483734,1.6446963716267469,final
medium,5,fx,,3.875000,1.7532612377822507,1.6463435024305744,final
medium,5,fx,,3.900000,1.7540607515863875,1.6479672558465768,final
medium,5,fx,,3.925000,1.7548427799465838,1.6495680274467555,final
medium,5,fx,,3.950000,1.7556078240793138,1.651146205734246,final
medium,5,fx,,3.975000,1.756356367058242,1.6527021722490547,final
medium,5,fx,,4.000000,1.7570888746004028,1.654236301674099,final
medium,5,fx,,4.025000,1.7578057958141358,1.6557489619413992,final
medium,5,fx,,4.050000,1.7585075639107872,1.6572405143382634,final
medium,5,fx,,4.075000,1.7591945968820404,1.6587113136133356,final
medium,5,fx,,4.100000,1.7598672981446568,1.6601617080823763,final
medium,5,fx,,4.125000,1.7605260571543055,1.6615920397336599,final
medium,5,fx,,4.150000,1.7611712499900645,1.663002644332885,final
medium,5,fx,,4.175000,1.7618032399110988,1.6643938515274967,final
medium,5,fx,,4.200000,1.7624223778869301,1.6657659849503361,final
medium,5,fx,,4.225000,1.7630290031026477,1.6671193623225302,final
medium,5,fx,,4.250000,1.7636234434403315,1.668454295555556,final
medium,5,fx,,4.275000,1.7642060159378963,1.6697710908524037,final
medium,5,fx,,4.300000,1.7647770272264942,1.6710700488077885,final
medium,5,fx,,4.325000,1.7653367739475658,1.672351464507346,final
medium,5,fx,,4.350000,1.7658855431505636,1.6736156276257725,final
medium,5,fx,,4.375000,1.7664236126723167,1.6748628225238602,final
medium,5,fx,,4.400000,1.7669512514989667,1.6760933283443924,final
medium,5,fx,,4.425000,1.7674687201113435,1.6773074191068635,final
medium,5,fx,,4.450000,1.7679762708146103,1.6785053638009961,final
medium,5,fx,,4.475000,1.7684741480529718,1.6796874264790258,final
medium,5,fx,,4.500000,1.7689625887101739,1.6808538663467358,final
medium,5,fx,,4.525000,1.769441822396524,1.682004937853222,final
medium,5,fx,,4.550000,1.7699120717230827,1.6831408907793708,final
medium,5,fx,,4.575000,1.7703735525636692,1.6842619703250405,final
medium,5,fx,,4.600000,1.770826474305289,1.685368417194935,final
medium,5,fx,,4.625000,1.7712710400875433,1.6864604676831623,final
medium,5,fx,,4.650000,1.771707447031572,1.687538353756474,final
medium,5,fx,,4.675000,1.772135886459037,1.6886023031361845,final
medium,5,fx,,4.700000,1.7725565441016358,1.6896525393787643,final
medium,5,fx,,4.725000,1.7729696003016067,1.6906892819551151,final
medium,5,fx,,4.750000,1.7733752302036636,1.691712746328525,final
medium,5,fx,,4.775000,1.7737736039387755,1.69272314403131,final
medium,5,fx,,4.800000,1.774164886800181,1.6937206827401463,final
medium,5,fx,,4.825000,1.774549239412018,1.6947055663501032,final
medium,5,fx,,4.850000,1.7749268178909177,1.695677995047382,final
medium,5,fx,,4.875000,1.7752977740008966,1.6966381653807714,final
medium,5,fx,,4.900000,1.7756622553018726,1.6975862703318307,final
medium,5,fx,,4.925000,1.7760204052920983,1.6985224993838095,final
medium,5,fx,,4.950000,1.776372363544805,1.6994470385893194,final
medium,5,fx,,4.975000,1.7767182658393255,1.7003600706367672,final
medium,5,fx,,5.000000,1.7770582442869538,1.701261774915565,final
medium,5,fx,,5.025000,1.7773924274517865,1.7021523275801298,final
medium,5,fx,,5.050000,1.7777209404667815,1.7030319016126885,final
medium,5,fx,,5.075000,1.7780439051452472,1.7039006668849015,final
medium,5,fx,,5.100000,1.7783614400879768,1.7047587902183228,final
medium,5,fx,,5.125000,1.7786736607862244,1.7056064354437073,final
medium,5,fx,,5.150000,1.778980679720715,1.7064437634591885,final
medium,5,fx,,5.175000,1.7792826064568559,1.7072709322873345,final
medium,5,fx,,5.200000,1.779579547736336,1.708088097131107,final
medium,5,fx,,5.225000,1.7798716075652614,1.7088954104287313,final
medium,5,fx,,5.250000,1.7801588872989835,1.7096930219075017,final
medium,5,fx,,5.275000,1.780441485723772,1.7104810786365339,final
medium,5,fx,,5.300000,1.780719499135459,1.711259725078483,final
medium,5,fx,,5.325000,1.7809930214151999,1.7120291031402441,final
medium,5,fx,,5.350000,1.7812621441024659,1.7127893522226525,final
medium,5,fx,,5.375000,1.7815269564653868,1.7135406092691985,final
medium,5,fx,,5.400000,1.7817875455685674,1.714283008813776,final
medium,5,fx,,5.425000,1.7820439963384755,1.7150166830274802,final
medium,5,fx,,5.450000,1.7822963916265036,1.7157417617644724,final
medium,5,fx,,5.475000,1.7825448122698104,1.7164583726069251,final
medium,5,fx,,5.500000,1.7827893371500276,1.7171666409090691,final
medium,5,fx,,5.525000,1.7830300432499213,1.717866689840354,final
medium,5,fx,,5.550000,1.7832670057080942,1.7185586404277413,final
medium,5,fx,,5.575000,1.7835002978718073,1.7192426115971444,final
medium,5,fx,,5.600000,1.7837299913480003,1.719918720214034,final
medium,5,fx,,5.625000,1.783956156052576,1.7205870811232205,final
medium,5,fx,,5.650000,1.7841788602580315,1.721247807187832,final
medium,5,fx,,5.675000,1.7843981706394854,1.7219010093275047,final
medium,5,fx,,5.700000,1.7846141523191796,1.7225467965557948,final
medium,5,fx,,5.725000,1.7848268689095068,1.7231852760168345,final
medium,5,fx,,5.750000,1.7850363825546227,1.7238165530212408,final
medium,5,fx,,5.775000,1.7852427539707032,1.7244407310812953,final
medium,5,fx,,5.800000,1.7854460424848901,1.725057911945408,final
medium,5,fx,,5.825000,1.7856463060729837,1.7256681956318787,final
medium,5,fx,,5.850000,1.7858436013959222,1.7262716804619718,final
medium,5,fx,,5.875000,1.7860379838351046,1.7268684630923166,final
medium,5,fx,,5.900000,1.7862295075265866,1.727458638546647,final
medium,5,fx,,5.925000,1.7864182253942065,1.7280423002468948,final
medium,5,fx,,5.950000,1.7866041891816653,1.728619540043648,final
medium,5,fx,,5.975000,1.7867874494836156,1.7291904482459888,final
medium,5,fx,,6.000000,1.7869680557757823,1.7297551136507232,final
medium,5,fc,0.5,0.000000,1.0,0.9999961712608588,final
medium,5,fc,0.5,0.025000,0.9978182476914801,0.9983586646344352,final
medium,5,fc,0.5,0.050000,0.9912927283418628,0.9934854371990305,final
medium,5,fc,0.5,0.075000,0.9805029504923883,0.9854913576191164,final
medium,5,fc,0.5,0.100000,0.9656226346359683,0.9745583236306017,final
medium,5,fc,0.5,0.125000,0.9469497175670482,0.9609224860044977,final
medium,5,fc,0.5,0.150000,0.9249273369315236,0.9448590526338713,final
medium,5,fc,0.5,0.175000,0.9001510663905838,0.9266665678644719,final
medium,5,fc,0.5,0.200000,0.8733578501415621,0.906652287270015,final
medium,5,fc,0.5,0.225000,0.8453936767829412,0.8851197735940066,final
medium,5,fc,0.5,0.250000,0.8171601328638662,0.8623592877190294,final
medium,5,fc,0.5,0.275000,0.7895441156751662,0.838641066508284,final
medium,5,fc,0.5,0.300000,0.7633391840495514,0.8142112349444125,final
medium,5,fc,0.5,0.325000,0.739170155770359,0.7892899055662282,final
medium,5,fc,0.5,0.350000,0.7174337642307643,0.7640709501109981,final
medium,5,fc,0.5,0.375000,0.6982670389191213,0.738722947888542,final
medium,5,fc,0.5,0.400000,0.6815514251371338,0.7133908845188547,final
medium,5,fc,0.5,0.425000,0.6669545711746675,0.6881982632946789,final
medium,5,fc,0.5,0.450000,0.6540038640037935,0.663249379897375,final
medium,5,fc,0.5,0.475000,0.642178026359216,0.6386315887919551,final
medium,5,fc,0.5,0.500000,0.6309981599352866,0.614417452116793,final
medium,5,fc,0.5,0.525000,0.6200998264921936,0.5906667090105318,final
medium,5,fc,0.5,0.550000,0.6092733856011451,0.5674280368849434,final
medium,5,fc,0.5,0.575000,0.5984688141316401,0.5447405987383155,final
medium,5,fc,0.5,0.600000,0.5877703624395029,0.5226353848308631,final
medium,5,fc,0.5,0.625000,0.577352717892375,0.5011363652156074,final
medium,5,fc,0.5,0.650000,0.5674322878951877,0.4802614735958944,final
medium,5,fc,0.5,0.675000,0.5582249610705601,0.46002344418289265,final
medium,5,fc,0.5,0.700000,0.5499168701471984,0.4404305226879344,final
medium,5,fc,0.5,0.725000,0.5426494507508843,0.4214870710332323,final
medium,5,fc,0.5,0.750000,0.5365162219241687,0.4031940832949596,final
medium,5,fc,0.5,0.775000,0.5315669400984371,0.38554962812948085,final
medium,5,fc,0.5,0.800000,0.5278148671377024,0.36854923068108175,final
medium,5,fc,0.5,0.825000,0.5252441101193892,0.35218620484951263,final
medium,5,fc,0.5,0.850000,0.5238155623601257,0.3364519448742073,final
medium,5,fc,0.5,0.875000,0.5234713386961355,0.3213361834989273,final
medium,5,fc,0.5,0.900000,0.5241384463643979,0.306827222522449,final
medium,5,fc,0.5,0.925000,0.5257326727299139,0.2929121403100752,final
medium,5,fc,0.5,0.950000,0.5281633759755462,0.2795769798212084,final
medium,5,fc,0.5,0.975000,0.5313392388772983,0.2668069198795077,final
medium,5,fc,0.5,1.000000,0.5351743724655436,0.25458643175180856,final
medium,5,fc,0.5,1.025000,0.5395937132855182,0.24289942258726716,final
medium,5,fc,0.5,1.050000,0.5445366171790502,0.23172936687701973,final
medium,5,fc,0.5,1.075000,0.5499579161373425,0.22105942680628568,final
medium,5,fc,0.5,1.100000,0.5558263156523144,0.21087256216631964,final
medium,5,fc,0.5,1.125000,0.5621206336058117,0.20115163035586586,final
medium,5,fc,0.5,1.150000,0.5688248126256851,0.1918794769158274,final
medium,5,fc,0.5,1.175000,0.575922774486088,0.18303901699379402,final
medium,5,fc,0.5,1.200000,0.5833940444525251,0.1746133081159656,final
medium,5,fc,0.5,1.225000,0.5912107540977353,0.16658561464383392,final
medium,5,fc,0.5,1.250000,0.5993362567629029,0.15893946430447428,final
medium,5,fc,0.5,1.275000,0.6077252625821233,0.15165869720073666,final
medium,5,fc,0.5,1.300000,0.6163251775938309,0.14472750772673904,final
medium,5,fc,0.5,1.325000,0.6250782273649094,0.13813047983167853,final
medium,5,fc,0.5,1.350000,0.6339239419513986,0.13185261608906113,final
medium,5,fc,0.5,1.375000,0.642801643235448,0.1258793610376418,final
medium,5,fc,0.5,1.400000,0.6516526734777295,0.12019661926408308,final
medium,5,fc,0.5,1.425000,0.6604222075218495,0.11479076869543448,final
medium,5,fc,0.5,1.450000,0.6690605822102742,0.1096486695622258,final
medium,5,fc,0.5,1.475000,0.6775241461255326,0.10475766948076473,final
medium,5,fc,0.5,1.500000,0.6857756787445858,0.10010560508677041,final
medium,5,fc,0.5,1.525000,0.6937844529712985,0.09568080063249802,final
medium,5,fc,0.5,1.550000,0.701526023457867,0.09147206393676467,final
medium,5,fc,0.5,1.575000,0.7089818202956849,0.08746868005254455,final
medium,5,fc,0.5,1.600000,0.7161386181665506,0.08366040299072135,final
medium,5,fc,0.5,1.625000,0.7229879385023169,0.08003744581183542,final
medium,5,fc,0.5,1.650000,0.729525429109823,0.07659046937076666,final
medium,5,fc,0.5,1.675000,0.7357502536101675,0.07331056997272188,final
medium,5,fc,0.5,1.700000,0.7416645126969246,0.07018926617305912,final
medium,5,fc,0.5,1.725000,0.7472727108957533,0.06721848492863296,final
medium,5,fc,0.5,1.750000,0.7525812761452418,0.06439054728477098,final
medium,5,fc,0.5,1.775000,0.7575981348817078,0.0616981537598125,final
medium,5,fc,0.5,1.800000,0.7623323420971108,0.059134369568493717,final
medium,5,fc,0.5,1.825000,0.766793763742591,0.05669260980638358,final
medium,5,fc,0.5,1.850000,0.7709928075935547,0.05436662470009754,final
medium,5,fc,0.5,1.875000,0.7749401980432197,0.05215048501211195,final
medium,5,fc,0.5,1.900000,0.778646790064923,0.050038567674637165,final
medium,5,fc,0.5,1.925000,0.7821234176375332,0.0480255417141179,final
medium,5,fc,0.5,1.950000,0.7853807721584197,0.04610635451642435,final
medium,5,fc,0.5,1.975000,0.788429306699708,0.04427621847262877,final
medium,5,fc,0.5,2.000000,0.7912791623441824,0.042530598036290536,final
medium,5,fc,0.5,2.025000,0.7939401132324925,0.04086519721532707,final
medium,5,fc,0.5,2.050000,0.7964215273411035,0.03927594751474929,final
medium,5,fc,0.5,2.075000,0.798732340377333,0.03775899634064951,final
medium,5,fc,0.5,2.100000,0.8008810405165052,0.03631069587080901,final
medium,5,fc,0.5,2.125000,0.8028756620135131,0.03492759239300612,final
medium,5,fc,0.5,2.150000,0.8047237859962452,0.033606416108520214,final
medium,5,fc,0.5,2.175000,0.8064325469924423,0.032344071395319085,final
medium,5,fc,0.5,2.200000,0.8080086439564671,0.03113762752295615,final
medium,5,fc,0.5,2.225000,0.8094583547506573,0.029984309809202872,final
medium,5,fc,0.5,2.250000,0.8107875531999118,0.028881491206847024,final
medium,5,fc,0.5,2.275000,0.8120017279805437,0.027826684307850874,final
medium,5,fc,0.5,2.300000,0.8131060027276426,0.026817533751129878,final
medium,5,fc,0.5,2.325000,0.8141051568515296,0.025851809019539436,final
medium,5,fc,0.5,2.350000,0.8150036466453783,0.024927397611219253,final
medium,5,fc,0.5,2.375000,0.8158056263446621,0.024042298570184424,final
medium,5,fc,0.5,2.400000,0.8165149688663045,0.02319461636096361,final
medium,5,fc,0.5,2.425000,0.8171352860128422,0.022382555072118837,final
medium,5,fc,0.5,2.450000,0.8176699479757222,0.021604412933645116,final
medium,5,fc,0.5,2.475000,0.8181221020132705,0.020858577133474034,final
medium,5,fc,0.5,2.500000,0.8184946902137915,0.020143518918636836,final
medium,5,fc,0.5,2.525000,0.8187904662835899,0.019457788967005542,final
medium,5,fc,0.5,2.550000,0.8190120113241685,0.01880001301595232,final
medium,5,fc,0.5,2.575000,0.8191617485831211,0.018168887734721407,final
medium,5,fc,0.5,2.600000,0.8192419571798407,0.017563176827779654,final
medium,5,fc,0.5,2.625000,0.8192547848206402,0.016981707356906937,final
medium,5,fc,0.5,2.650000,0.8192022595286262,0.016423366270288828,final
medium,5,fc,0.5,2.675000,0.8190863004220909,0.01588709712737786,final
medium,5,fc,0.5,2.700000,0.8189087275815883,0.015371897008789036,final
medium,5,fc,0.5,2.725000,0.8186712710505775,0.014876813601008254,final
medium,5,fc,0.5,2.750000,0.81837557901774,0.014400942446161183,final
medium,5,fc,0.5,2.775000,0.8180232252311117,0.01394342434758682,final
medium,5,fc,0.5,2.800000,0.8176157156951388,0.0135034429224213,final
medium,5,fc,0.5,2.825000,0.8171544947018851,0.013080222292847036,final
medium,5,fc,0.5,2.850000,0.8166409502470494,0.012673024908103358,final
medium,5,fc,0.5,2.875000,0.816076418880271,0.012281149489774493,final
medium,5,fc,0.5,2.900000,0.8154621900376087,0.011903929093276212,final
medium,5,fc,0.5,2.925000,0.8147995099020936,0.0115407292788442,final
medium,5,fc,0.5,2.950000,0.8140895848360467,0.011190946385711102,final
medium,5,fc,0.5,2.975000,0.8133335844264061,0.010854005903492529,final
medium,5,fc,0.5,3.000000,0.8125326441817983,0.010529360935159847,final
medium,5,fc,0.5,3.025000,0.8116878679174534,0.010216490746280376,final
medium,5,fc,0.5,3.050000,0.810800329861462,0.00991489939552285,final
medium,5,fc,0.5,3.075000,0.8098710765132459,0.00962411444170394,final
medium,5,fc,0.5,3.100000,0.8089011282825839,0.009343685722933544,final
medium,5,fc,0.5,3.125000,0.8078914809350392,0.009073184203666275,final
medium,5,fc,0.5,3.150000,0.8068431068672752,0.00881220088572273,final
medium,5,fc,0.5,3.175000,0.8057569562334815,0.00856034577956125,final
medium,5,fc,0.5,3.200000,0.8046339579419929,0.008317246932311853,final
medium,5,fc,0.5,3.225000,0.8034750205391951,0.008082549509281826,final
medium,5,fc,0.5,3.250000,0.8022810329959305,0.007855914925840547,final
medium,5,fc,0.5,3.275000,0.8010528654099012,0.007637020026771776,final
medium,5,fc,0.5,3.300000,0.7997913696359809,0.007425556310355653,final
medium,5,fc,0.5,3.325000,0.7984973798548908,0.007221229194605152,final
medium,5,fc,0.5,3.350000,0.7971717130893711,0.007023757323232783,final
medium,5,fc,0.5,3.375000,0.7958151696757914,0.0068328719090709365,final
medium,5,fc,0.5,3.400000,0.794428533698068,0.006648316112797191,final
medium,5,fc,0.5,3.425000,0.7930125733897844,0.006469844454954951,final
medium,5,fc,0.5,3.450000,0.791568041509568,0.006297222259364868,final
medium,5,fc,0.5,3.475000,0.790095675694007,0.006130225126150202,final
medium,5,fc,0.5,3.500000,0.7885961987917284,0.005968638432691078,final
medium,5,fc,0.5,3.525000,0.7870703191816728,0.005812256860931846,final
medium,5,fc,0.5,3.550000,0.7855187310780926,0.005660883949557558,final
medium,5,fc,0.5,3.575000,0.7839421148243478,0.005514331669634566,final
medium,5,fc,0.5,3.600000,0.7823411371772223,0.005372420022408773,final
medium,5,fc,0.5,3.625000,0.7807164515831209,0.0052349766580150085,final
medium,5,fc,0.5,3.650000,0.7790686984472651,0.0051018365139386904,final
medium,5,fc,0.5,3.675000,0.7773985053967464,0.0049728414721276004,final
medium,5,fc,0.5,3.700000,0.7757064875381329,0.004847840033726076,final
medium,5,fc,0.5,3.725000,0.7739932477101248,0.004726687010453871,final
medium,5,fc,0.5,3.750000,0.7722593767316606,0.0046092432317188185,final
medium,5,fc,0.5,3.775000,0.7705054536457419,0.004495375266596954,final
medium,5,fc,0.5,3.800000,0.7687320459591727,0.00438495515987154,final
medium,5,fc,0.5,3.825000,0.766939709878334,0.004277860181360855,final
medium,5,fc,0.5,3.850000,0.7651289905410753,0.00417397258781929,final
medium,5,fc,0.5,3.875000,0.7633004222447449,0.004073179396726176,final
medium,5,fc,0.5,3.900000,0.7614545286703748,0.003975372171325868,final
medium,5,fc,0.5,3.925000,0.7595918231029979,0.003880446816315581,final
medium,5,fc,0.5,3.950000,0.7577128086480795,0.0037883033836064225,final
medium,5,fc,0.5,3.975000,0.7558179784440192,0.0036988458876262074,final
medium,5,fc,0.5,4.000000,0.7539078158706998,0.0036119821296561735,final
medium,5,fc,0.5,4.025000,0.7519827947540413,0.0035276235307199755,final
medium,5,fc,0.5,4.050000,0.7500433795665351,0.003445684972579932,final
medium,5,fc,0.5,4.075000,0.7480900256237262,0.0033660846464103494,final
medium,5,fc,0.5,4.100000,0.7461231792766426,0.0032887439087498005,final
medium,5,fc,0.5,4.125000,0.7441432781001472,0.0032135871443476484,final
medium,5,fc,0.5,4.150000,0.7421507510772247,0.003140541635555781,final
medium,5,fc,0.5,4.175000,0.7401460187791973,0.003069537437917249,final
medium,5,fc,0.5,4.200000,0.7381294935419078,0.003000507261639546,final
medium,5,fc,0.5,4.225000,0.7361015796378768,0.002933386358647509,final
medium,5,fc,0.5,4.250000,0.7340626734444761,0.002868112414932197,final
medium,5,fc,0.5,4.275000,0.7320131636081514,0.0028046254479229715,final
medium,5,fc,0.5,4.300000,0.7299534312047582,0.002742867708632816,final
medium,5,fc,0.5,4.325000,0.7278838498960383,0.0026827835883323843,final
medium,5,fc,0.5,4.350000,0.7258047860823188,0.0026243195295232785,final
medium,5,fc,0.5,4.375000,0.7237165990514846,0.0025674239410017246,final
medium,5,fc,0.5,4.400000,0.7216196411242894,0.002512047116799274,final
medium,5,fc,0.5,4.425000,0.7195142577960847,0.0024581411588165073,final
medium,5,fc,0.5,4.450000,0.7174007878750305,0.0024056599029599174,final
medium,5,fc,0.5,4.475000,0.7152795636168741,0.0023545588486135268,final
medium,5,fc,0.5,4.500000,0.7131509108563585,0.002304795091278237,final
medium,5,fc,0.5,4.525000,0.7110151491353552,0.0022563272582273074,final
medium,5,fc,0.5,4.550000,0.7088725918277932,0.002209115447027629,final
medium,5,fc,0.5,4.575000,0.7067235462614592,0.002163121166787322,final
medium,5,fc,0.5,4.600000,0.7045683138367628,0.0021183072820026927,final
medium,5,fc,0.5,4.625000,0.7024071901425314,0.0020746379588730468,final
medium,5,fc,0.5,4.650000,0.7002404650689249,0.002032078613968704,final
medium,5,fc,0.5,4.675000,0.6980684229175458,0.0019905958651390177,final
medium,5,fc,0.5,4.700000,0.6958913425088183,0.0019501574845522565,final
medium,5,fc,0.5,4.725000,0.6937094972867264,0.0019107323537686412,final
medium,5,fc,0.5,4.750000,0.6915231554209667,0.0018722904207485434,final
medium,5,fc,0.5,4.775000,0.6893325799066112,0.0018348026587054643,final
medium,5,fc,0.5,4.800000,0.6871380286613362,0.0017982410267173958,final
medium,5,fc,0.5,4.825000,0.684939754620302,0.001762578432014152,final
medium,5,fc,0.5,4.850000,0.6827380058287419,0.0017277886938635106,final
medium,5,fc,0.5,4.875000,0.6805330255323393,0.0016938465089809934,final
medium,5,fc,0.5,4.900000,0.6783250522654505,0.0016607274183924714,final
medium,5,fc,0.5,4.925000,0.676114319937244,0.001628407775686919,final
medium,5,fc,0.5,4.950000,0.6739010579158173,0.001596864716589041,final
medium,5,fc,0.5,4.975000,0.6716854911103488,0.0015660761297978003,final
medium,5,fc,0.5,5.000000,0.669467840051356,0.001536020629028713,final
medium,5,fc,0.5,5.025000,0.6672483209691022,0.0015066775262095645,final
medium,5,fc,0.5,5.050000,0.6650271458702203,0.0014780268057724868,final
medium,5,fc,0.5,5.075000,0.6628045226126048,0.0014500490999996532,final
medium,5,fc,0.5,5.100000,0.6605806549786173,0.0014227256653687938,final
medium,5,fc,0.5,5.125000,0.6583557427466695,0.0013960383598590484,final
medium,5,fc,0.5,5.150000,0.6561299817612259,0.0013699696211715122,final
medium,5,fc,0.5,5.175000,0.6539035640012704,0.001344502445826072,final
medium,5,fc,0.5,5.200000,0.6516766776472938,0.001319620369094148,final
medium,5,fc,0.5,5.225000,0.6494495071468357,0.0012953074457320137,final
medium,5,fc,0.5,5.250000,0.6472222332786303,0.0012715482314793827,final
medium,5,fc,0.5,5.275000,0.6449950332154029,0.0012483277652897444,final
medium,5,fc,0.5,5.300000,0.6427680805853411,0.0012256315522594916,final
medium,5,fc,0.5,5.325000,0.640541545532299,0.0012034455472299352,final
medium,5,fc,0.5,5.350000,0.6383155947747587,0.0011817561390265222,final
medium,5,fc,0.5,5.375000,0.6360903916635944,0.0011605501353155188,final
medium,5,fc,0.5,5.400000,0.633866096238664,0.0011398147480441024,final
medium,5,fc,0.5,5.425000,0.6316428652842737,0.0011195375794464772,final
medium,5,fc,0.5,5.450000,0.6294208523835395,0.0010997066085859438,final
medium,5,fc,0.5,5.475000,0.6272002079716814,0.0010803101784139062,final
medium,5,fc,0.5,5.500000,0.6249810793882842,0.0010613369833224516,final
medium,5,fc,0.5,5.525000,0.6227636109285398,0.0010427760571714813,final
medium,5,fc,0.5,5.550000,0.6205479438935207,0.0010246167617677558,final
medium,5,fc,0.5,5.575000,0.6183342166394954,0.001006848775780092,final
medium,5,fc,0.5,5.600000,0.6161225646263154,0.0009894620840704305,final
medium,5,fc,0.5,5.625000,0.6139131204649078,0.000972446967424831,final
medium,5,fc,0.5,5.650000,0.6117060139638878,0.0009557939926686374,final
medium,5,fc,0.5,5.675000,0.6095013721753182,0.0009394940031462534,final
medium,5,fc,0.5,5.700000,0.6072993194396424,0.0009235381095562882,final
medium,5,fc,0.5,5.725000,0.6050999774298054,0.0009079176811237815,final
medium,5,fc,0.5,5.750000,0.6029034651945929,0.0008926243370957384,final
medium,5,fc,0.5,5.775000,0.600709899201203,0.000877649938550017,final
medium,5,fc,0.5,5.800000,0.5985193933770677,0.0008629865805003556,final
medium,5,fc,0.5,5.825000,0.5963320591509567,0.0008486265842915688,final
medium,5,fc,0.5,5.850000,0.5941480054933602,0.0008345624902662513,final
medium,5,fc,0.5,5.875000,0.5919673389561934,0.0008207870506999125,final
medium,5,fc,0.5,5.900000,0.5897901637118156,0.0008072932229858862,final
medium,5,fc,0.5,5.925000,0.5876165815914032,0.0007940741630678401,final
medium,5,fc,0.5,5.950000,0.5854466921226686,0.0007811232191043099,final
medium,5,fc,0.5,5.975000,0.5832805925669667,0.0007684339253583744,final
medium,5,fc,0.5,6.000000,0.5811183779557777,0.0007559999963054072,final
medium,5,fc,2,0.000000,1.0,0.9999979292399579,final
medium,5,fc,2,0.025000,0.9980425607400586,0.9992961010731113,final
medium,5,fc,2,0.050000,0.9921890815358685,0.9971948653968338,final
medium,5,fc,2,0.075000,0.9825166938999473,0.9937069079517921,final
medium,5,fc,2,0.100000,0.9691955406839746,0.9888531709729896,final
medium,5,fc,2,0.125000,0.9525189144818212,0.9826625583062567,final
medium,5,fc,2,0.150000,0.9329248667016833,0.9751715344708285,final
medium,5,fc,2,0.175000,0.9110053220531521,0.9664236288215278,final
medium,5,fc,2,0.200000,0.8874987626780495,0.95646885815437,final
medium,5,fc,2,0.225000,0.8632636322852455,0.9453630826547406,final
medium,5,fc,2,0.250000,0.8392318514168813,0.9331673109752425,final
medium,5,fc,2,0.275000,0.8163449234366035,0.919946970463837,final
medium,5,fc,2,0.300000,0.7954784003285955,0.9057711581949571,final
medium,5,fc,2,0.325000,0.77736327794866,0.890711887570984,final
medium,5,fc,2,0.350000,0.7625147798050946,0.8748433439638938,final
medium,5,fc,2,0.375000,0.7511798011845493,0.8582411612720591,final
medium,5,fc,2,0.400000,0.7433136875898152,0.8409817294902436,final
medium,5,fc,2,0.425000,0.7385941431360019,0.8231415415386202,final
medium,5,fc,2,0.450000,0.7364739694360647,0.8047965857616002,final
medium,5,fc,2,0.475000,0.7362654464218729,0.7860217887637229,final
medium,5,fc,2,0.500000,0.7372403413461103,0.7668905116525188,final
medium,5,fc,2,0.525000,0.7387250201881698,0.7474741013425734,final
medium,5,fc,2,0.550000,0.7401725742367008,0.72784149735908,final
medium,5,fc,2,0.575000,0.7412020592702692,0.7080588935663934,final
medium,5,fc,2,0.600000,0.741604724312594,0.6881894534295714,final
medium,5,fc,2,0.625000,0.7413244347528751,0.668293076778535,final
medium,5,fc,2,0.650000,0.7404226626679676,0.6484262155643347,final
medium,5,fc,2,0.675000,0.7390380180610943,0.6286417357517053,final
medium,5,fc,2,0.700000,0.7373478940121875,0.6089888222581751,final
medium,5,fc,2,0.725000,0.7355368271834488,0.589512923705394,final
medium,5,fc,2,0.750000,0.7337735467422785,0.570255733673549,final
medium,5,fc,2,0.775000,0.732196834332925,0.551255205128223,final
medium,5,fc,2,0.800000,0.7309093130485519,0.5325455947076924,final
medium,5,fc,2,0.825000,0.7299779264695337,0.5141575336073486,final
medium,5,fc,2,0.850000,0.729439823330549,0.49611812186950627,final
medium,5,fc,2,0.875000,0.7293123111554725,0.4784510429764151,final
medium,5,fc,2,0.900000,0.7296053188796566,0.4611766957488485,final
medium,5,fc,2,0.925000,0.7303344600211829,0.4443123406704296,final
medium,5,fc,2,0.950000,0.7315325240757883,0.4278722578879763,final
medium,5,fc,2,0.975000,0.7332572915933183,0.4118679142800541,final
medium,5,fc,2,1.000000,0.735594109196539,0.39630813713912205,final
medium,5,fc,2,1.025000,0.7386526228885527,0.38119929217645976,final
medium,5,fc,2,1.050000,0.7425582176150118,0.3665454637324295,final
medium,5,fc,2,1.075000,0.7474397310215892,0.35234863525610427,final
medium,5,fc,2,1.100000,0.7534156299229982,0.3386088683060421,final
medium,5,fc,2,1.125000,0.7605809347077516,0.325324478515772,final
medium,5,fc,2,1.150000,0.7689967955946765,0.31249220716094483,final
medium,5,fc,2,1.175000,0.7786839357430079,0.3001073871574854,final
medium,5,fc,2,1.200000,0.7896203930589176,0.28816410250883695,final
medium,5,fc,2,1.225000,0.8017432968857932,0.27665534040303363,final
medium,5,fc,2,1.250000,0.8149539173619036,0.2655731353345545,final
medium,5,fc,2,1.275000,0.8291249584528276,0.2549087047897165,final
medium,5,fc,2,1.300000,0.8441090092221184,0.24465257618608027,final
medium,5,fc,2,1.325000,0.8597471705737071,0.234794704894746,final
medium,5,fc,2,1.350000,0.8758770763380097,0.22532458329861285,final
medium,5,fc,2,1.375000,0.892339772301959,0.21623134094921204,final
medium,5,fc,2,1.400000,0.9089851597960834,0.2075038359795181,final
medium,5,fc,2,1.425000,0.9256759207250248,0.199130738010403,final
medium,5,fc,2,1.450000,0.9422900013280329,0.19110060285465802,final
medium,5,fc,2,1.475000,0.9587218375064575,0.18340193937552854,final
medium,5,fc,2,1.500000,0.9748825594363569,0.17602326889740094,final
medium,5,fc,2,1.525000,0.9906994271722616,0.16895317759573308,final
medium,5,fc,2,1.550000,1.006114734044704,0.16218036231265762,final
medium,5,fc,2,1.575000,1.0210843824761,0.15569367025510647,final
medium,5,fc,2,1.600000,1.035576297014166,0.14948213303498506,final
medium,5,fc,2,1.625000,1.0495687988897877,0.1435349955070108,final
medium,5,fc,2,1.650000,1.0630490296241322,0.13784173985045117,final
medium,5,fc,2,1.675000,1.0760114803584642,0.13239210532712925,final
medium,5,fc,2,1.700000,1.0884566593188727,0.12717610413072902,final
medium,5,fc,2,1.725000,1.1003899118282137,0.12218403372238908,final
medium,5,fc,2,1.750000,1.111820394686245,0.11740648602565415,final
medium,5,fc,2,1.775000,1.1227601985083173,0.11283435383068481,final
medium,5,fc,2,1.800000,1.1332236067064871,0.1084588347337509,final
medium,5,fc,2,1.825000,1.1432264772991425,0.1042714329139894,final
medium,5,fc,2,1.850000,1.1527857328963755,0.10026395902552457,final
medium,5,fc,2,1.875000,1.1619189444480815,0.09642852845968962,final
medium,5,fc,2,1.900000,1.1706439952315173,0.09275755820948363,final
medium,5,fc,2,1.925000,1.1789788127920087,0.08924376254675773,final
medium,5,fc,2,1.950000,1.186941157929778,0.08588014770206033,final
medium,5,fc,2,1.975000,1.1945484612156712,0.08266000571771653,final
medium,5,fc,2,2.000000,1.2018176988397118,0.07957690762659296,final
medium,5,fc,2,2.025000,1.2087653008056796,0.07662469609216203,final
medium,5,fc,2,2.050000,1.2154070855633268,0.0737974776299044,final
medium,5,fc,2,2.075000,1.2217582161136862,0.07108961451578498,final
medium,5,fc,2,2.100000,1.2278331734374544,0.06849571647443305,final
medium,5,fc,2,2.125000,1.233645743792188,0.06601063222774378,final
medium,5,fc,2,2.150000,1.2392090170135026,0.06362944097380911,final
medium,5,fc,2,2.175000,1.2445353934519727,0.06134744385632948,final
medium,5,fc,2,2.200000,1.2496365975936452,0.05916015547589158,final
medium,5,fc,2,2.225000,1.2545236967598363,0.05706329548664664,final
medium,5,fc,2,2.250000,1.2592071235716964,0.05505278031492643,final
medium,5,fc,2,2.275000,1.2636967011060631,0.05312471503010885,final
medium,5,fc,2,2.300000,1.268001669869406,0.0512753853925513,final
medium,5,fc,2,2.325000,1.272130715882817,0.049501250098557395,final
medium,5,fc,2,2.350000,1.2760919993088728,0.047798933238089425,final
medium,5,fc,2,2.375000,1.2798931831654266,0.046165216977224074,final
medium,5,fc,2,2.400000,1.2835414617660688,0.044597034474109544,final
medium,5,fc,2,2.425000,1.287043588605394,0.04309146303439602,final
medium,5,fc,2,2.450000,1.2904059034720807,0.04164571750968536,final
medium,5,fc,2,2.475000,1.2936343586264125,0.040257143940502574,final
medium,5,fc,2,2.500000,1.2967345439231293,0.038923213443524764,final
medium,5,fc,2,2.525000,1.299711710796935,0.03764151634132921,final
medium,5,fc,2,2.550000,1.3025707950579082,0.036409756531684365,final
medium,5,fc,2,2.575000,1.3053164384685005,0.03522574609238472,final
medium,5,fc,2,2.600000,1.3079530090936997,0.034087400116785065,final
medium,5,fc,2,2.625000,1.310484620431954,0.03299273177452561,final
medium,5,fc,2,2.650000,1.3129151493472493,0.03193984759139919,final
medium,5,fc,2,2.675000,1.3152482528328215,0.030926942941904803,final
medium,5,fc,2,2.700000,1.317487383644769,0.029952297747731768,final
medium,5,fc,2,2.725000,1.3196358048497,0.02901427237521226,final
medium,5,fc,2,2.750000,1.3216966033348014,0.02811130372463498,final
medium,5,fc,2,2.775000,1.3236727023316097,0.027241901504269916,final
medium,5,fc,2,2.800000,1.3255668730065084,0.026404644681927984,final
medium,5,fc,2,2.825000,1.3273817451718308,0.025598178106928483,final
medium,5,fc,2,2.850000,1.3291198171714458,0.024821209295431242,final
medium,5,fc,2,2.875000,1.3307834649941468,0.024072505372191445,final
medium,5,fc,2,2.900000,1.3323749506670264,0.023350890161948933,final
medium,5,fc,2,2.925000,1.333896429979526,0.022655241423814636,final
medium,5,fc,2,2.950000,1.3353499595869924,0.02198448822219974,final
medium,5,fc,2,2.975000,1.3367375035405187,0.021337608428025324,final
medium,5,fc,2,3.000000,1.3380609392875764,0.020713626344142904,final
medium,5,fc,2,3.025000,1.3393220631856058,0.020111610449121096,final
medium,5,fc,2,3.050000,1.340522595568267,0.019530671253741985,final
medium,5,fc,2,3.075000,1.341664185401638,0.018969959264783273,final
medium,5,fc,2,3.100000,1.3427484145651476,0.01842866305087054,final
medium,5,fc,2,3.125000,1.3437768017896632,0.01790600740538857,final
medium,5,fc,2,3.150000,1.3447508062827525,0.01740125160166688,final
medium,5,fc,2,3.175000,1.3456718310689004,0.01691368773584563,final
medium,5,fc,2,3.200000,1.3465412260702456,0.016442639153041987,final
medium,5,fc,2,3.225000,1.347360290951325,0.015987458952627043,final
medium,5,fc,2,3.250000,1.348130277749343,0.01554752856862642,final
medium,5,fc,2,3.275000,1.3488523933096106,0.015122256421425359,final
medium,5,fc,2,3.300000,1.3495278015440555,0.014711076637163482,final
medium,5,fc,2,3.325000,1.3501576255290824,0.014313447831357885,final
medium,5,fc,2,3.350000,1.3507429494575307,0.013928851953473702,final
medium,5,fc,2,3.375000,1.3512848204581063,0.013556793189317143,final
medium,5,fc,2,3.400000,1.3517842502943362,0.013196796918281035,final
medium,5,fc,2,3.425000,1.3522422169539527,0.012848408722622606,final
medium,5,fc,2,3.450000,1.352659666138492,0.012511193446095005,final
medium,5,fc,2,3.475000,1.3530375126619405,0.012184734299390572,final
medium,5,fc,2,3.500000,1.3533766417663335,0.011868632009980432,final
medium,5,fc,2,3.525000,1.3536779103614247,0.011562504014061415,final
medium,5,fc,2,3.550000,1.3539421481947995,0.011265983688439207,final
medium,5,fc,2,3.575000,1.3541701589581372,0.010978719620289117,final
medium,5,fc,2,3.600000,1.3543627213347587,0.010700374912838966,final
medium,5,fc,2,3.625000,1.3545205899930308,0.010430626525124654,final
medium,5,fc,2,3.650000,1.3546444965297537,0.010169164644067214,final
medium,5,fc,2,3.675000,1.3547351503672127,0.00991569208720407,final
medium,5,fc,2,3.700000,1.3547932396072104,0.009669923734501585,final
medium,5,fc,2,3.725000,1.3548194318450515,0.009431585987756015,final
medium,5,fc,2,3.750000,1.3548143749461574,0.009200416256170275,final
medium,5,fc,2,3.775000,1.3547786977877332,0.008976162466764602,final
medium,5,fc,2,3.800000,1.3547130109676555,0.008758582598353621,final
medium,5,fc,2,3.825000,1.3546179074825606,0.00854744423788731,final
medium,5,fc,2,3.850000,1.3544939633769286,0.008342524158018077,final
medium,5,fc,2,3.875000,1.3543417383647909,0.008143607914814084,final
medium,5,fc,2,3.900000,1.354161776425542,0.007950489464597189,final
medium,5,fc,2,3.925000,1.3539546063752372,0.007762970798941056,final
medium,5,fc,2,3.950000,1.3537207424146047,0.007580861596905375,final
medium,5,fc,2,3.975000,1.3534606846549488,0.007403978893646075,final
medium,5,fc,2,4.000000,1.3531749196229936,0.0072321467645740005,final
medium,5,fc,2,4.025000,1.3528639207456687,0.0070651960242810626,final
medium,5,fc,2,4.050000,1.3525281488157508,0.00690296393950086,final
medium,5,fc,2,4.075000,1.3521680524392283,0.006745293955398438,final
medium,5,fc,2,4.100000,1.3517840684651885,0.00659203543452906,final
medium,5,fc,2,4.125000,1.35137662239899,0.0064430434078363,final
medium,5,fc,2,4.150000,1.3509461287994307,0.006298178337093973,final
medium,5,fc,2,4.175000,1.3504929916605823,0.006157305888229191,final
medium,5,fc,2,4.200000,1.3500176047789358,0.006020296714986096,final
medium,5,fc,2,4.225000,1.349520352106454,0.005887026252428785,final
medium,5,fc,2,4.250000,1.3490016080901106,0.005757374519800969,final
medium,5,fc,2,4.275000,1.3484617379984587,0.005631225932281169,final
medium,5,fc,2,4.300000,1.3479010982357575,0.005508469121209777,final
medium,5,fc,2,4.325000,1.3473200366441414,0.005388996762367058,final
medium,5,fc,2,4.350000,1.346718892794319,0.005272705411922309,final
medium,5,fc,2,4.375000,1.3460979982652508,0.005159495349679465,final
medium,5,fc,2,4.400000,1.3454576769132383,0.005049270429270179,final
medium,5,fc,2,4.425000,1.3447982451308513,0.004941937934961711,final
medium,5,fc,2,4.450000,1.34412001209608,0.004837408444764286,final
medium,5,fc,2,4.475000,1.343423280012101,0.004735595699538422,final
medium,5,fc,2,4.500000,1.342708344338033,0.00463641647781682,final
medium,5,fc,2,4.525000,1.3419754940110165,0.004539790476073858,final
medium,5,fc,2,4.550000,1.341225011659974,0.0044456401941804025,final
medium,5,fc,2,4.575000,1.340457173811367,0.0043538908258078015,final
medium,5,fc,2,4.600000,1.3396722510872627,0.004264470153542824,final
medium,5,fc,2,4.625000,1.3388705083960128,0.004177308448501121,final
medium,5,fc,2,4.650000,1.338052205115827,0.00409233837422035,final
medium,5,fc,2,4.675000,1.3372175952715313,0.004009494894645649,final
medium,5,fc,2,4.700000,1.3363669277047545,0.003928715186011864,final
medium,5,fc,2,4.725000,1.3355004462378235,0.003849938552444208,final
medium,5,fc,2,4.750000,1.3346183898315878,0.0037731063451085585,final
medium,5,fc,2,4.775000,1.3337209927374354,0.003698161884748136,final
medium,5,fc,2,4.800000,1.3328084846436983,0.0036250503874534,final
medium,5,fc,2,4.825000,1.3318810908166852,0.0035537188935180495,final
medium,5,fc,2,4.850000,1.3309390322365453,0.0034841161992384935,final
medium,5,fc,2,4.875000,1.3299825257281543,0.003416192791532784,final
medium,5,fc,2,4.900000,1.3290117840872275,0.003349900785240403,final
medium,5,fc,2,4.925000,1.3280270162018433,0.0032851938629953315,final
medium,5,fc,2,4.950000,1.3270284271695374,0.0032220272175482114,final
medium,5,fc,2,4.975000,1.3260162184101656,0.003160357496432501,final
medium,5,fc,2,5.000000,1.3249905877746775,0.0031001427488730796,final
medium,5,fc,2,5.025000,1.3239517296499654,0.0030413423748346722,final
medium,5,fc,2,5.050000,1.3228998350599428,0.0029839170761159985,final
medium,5,fc,2,5.075000,1.3218350917629886,0.0029278288094051505,final
medium,5,fc,2,5.100000,1.3207576843459048,0.0028730407412039653,final
medium,5,fc,2,5.125000,1.3196677943145165,0.0028195172045440277,final
medium,5,fc,2,5.150000,1.3185656001810449,0.002767223657416334,final
medium,5,fc,2,5.175000,1.317451277548371,0.002716126642840039,final
medium,5,fc,2,5.200000,1.3163249991913168,0.0026661937504989823,final
medium,5,fc,2,5.225000,1.3151869351350505,0.0026173935798797948,final
medium,5,fc,2,5.250000,1.3140372527307262,0.00256969570484818,final
medium,5,fc,2,5.275000,1.3128761167284677,0.002523070639600119,final
medium,5,fc,2,5.300000,1.311703689347788,0.002477489805931105,final
medium,5,fc,2,5.325000,1.31052013034555,0.0024329255017677574,final
medium,5,fc,2,5.350000,1.3093255970815532,0.002389350870906149,final
medium,5,fc,2,5.375000,1.308120244581841,0.0023467398739123713,final
medium,5,fc,2,5.400000,1.3069042255998178,0.002305067260127343,final
medium,5,fc,2,5.425000,1.305677690675241,0.0022643085407395933,final
medium,5,fc,2,5.450000,1.304440788191189,0.0022244399628739303,final
medium,5,fc,2,5.475000,1.3031936644290654,0.002185438484659717,final
medium,5,fc,2,5.500000,1.3019364636217166,0.002147281751233332,final
medium,5,fc,2,5.525000,1.3006693280047392,0.00210994807163994,final
medium,5,fc,2,5.550000,1.2993923978660307,0.002073416396598594,final
medium,5,fc,2,5.575000,1.2981058115936637,0.002037666297088671,final
medium,5,fc,2,5.600000,1.2968097057221317,0.002002677943734377,final
medium,5,fc,2,5.625000,1.2955042149770344,0.0019684320869470203,final
medium,5,fc,2,5.650000,1.2941894723182623,0.001934910037795905,final
medium,5,fc,2,5.675000,1.2928656089817268,0.0019020936495821128,final
medium,5,fc,2,5.700000,1.2915327545196913,0.0018699653000843219,final
medium,5,fc,2,5.725000,1.2901910368397647,0.0018385078744475162,final
medium,5,fc,2,5.750000,1.2888405822425857,0.001807704748695522,final
medium,5,fc,2,5.775000,1.287481515458272,0.0017775397738341902,final
medium,5,fc,2,5.800000,1.2861139596816504,0.0017479972605298807,final
medium,5,fc,2,5.825000,1.2847380366063357,0.0017190619643353434,final
medium,5,fc,2,5.850000,1.2833538664576853,0.0016907190714431513,final
medium,5,fc,2,5.875000,1.2819615680246776,0.0016629541849460688,final
medium,5,fc,2,5.900000,1.2805612586907462,0.0016357533115849763,final
medium,5,fc,2,5.925000,1.2791530544636174,0.0016091028489635777,final
medium,5,fc,2,5.950000,1.277737070004176,0.0015829895732162476,final
medium,5,fc,2,5.975000,1.2763134186543983,0.0015574006271040614,final
medium,5,fc,2,6.000000,1.274882212464389,0.0015323235085293945,final
medium,5,fc,5,0.000000,1.0,0.9999990149527557,final
medium,5,fc,5,0.025000,0.9980484911118493,0.9995535545956326,final
medium,5,fc,5,0.050000,0.9922124627068364,0.9982182550348954,final
medium,5,fc,5,0.075000,0.9825673441841074,0.9959963639857915,final
medium,5,fc,5,0.100000,0.9692791751944516,0.9928933046151531,final
medium,5,fc,5,0.125000,0.9526341611032838,0.988916689954814,final
medium,5,fc,5,0.150000,0.9330605216893721,0.9840763410260884,final
medium,5,fc,5,0.175000,0.9111390420756299,0.9783843067201043,final
medium,5,fc,5,0.200000,0.8875986939436906,0.9718548830579382,final
medium,5,fc,5,0.225000,0.8632945794120885,0.9645046291303571,final
medium,5,fc,5,0.250000,0.8391673473232035,0.95635237680383,final
medium,5,fc,5,0.275000,0.8161858511894435,0.9474192311874634,final
medium,5,fc,5,0.300000,0.7952775487143198,0.9377285588901255,final
medium,5,fc,5,0.325000,0.7772533569206024,0.9273059612587633,final
medium,5,fc,5,0.350000,0.7627351058999795,0.9161792300730569,final
medium,5,fc,5,0.375000,0.7520945681054785,0.904378283568314,final
medium,5,fc,5,0.400000,0.745413501807448,0.8919350811532322,final
medium,5,fc,5,0.425000,0.7424737632722186,0.8788835157629997,final
medium,5,fc,5,0.450000,0.7427838970363247,0.8652592834188174,final
medium,5,fc,5,0.475000,0.7456423654410774,0.8510997302275789,final
medium,5,fc,5,0.500000,0.750228387183666,0.8364436777241008,final
medium,5,fc,5,0.525000,0.755702820442934,0.8213312281068833,final
medium,5,fc,5,0.550000,0.761298355312712,0.8058035515220902,final
medium,5,fc,5,0.575000,0.7663826482635232,0.789902658086808,final
medium,5,fc,5,0.600000,0.7704876392246225,0.7736711577926741,final
medium,5,fc,5,0.625000,0.7733081774076771,0.7571520117798487,final
medium,5,fc,5,0.650000,0.7746792553197261,0.7403882787090609,final
medium,5,fc,5,0.675000,0.7745426422032576,0.7234228600810844,final
medium,5,fc,5,0.700000,0.7729119506950731,0.7062982483585597,final
medium,5,fc,5,0.725000,0.7698422123240681,0.6890562816393245,final
medium,5,fc,5,0.750000,0.7654072943390767,0.6717379084223036,final
medium,5,fc,5,0.775000,0.7596864852875782,0.6543829657089731,final
medium,5,fc,5,0.800000,0.7527602373076541,0.6370299733105577,final
medium,5,fc,5,0.825000,0.7447140848169007,0.6197159468002725,final
medium,5,fc,5,0.850000,0.7356489005247965,0.6024762310788355,final
medium,5,fc,5,0.875000,0.7256948045519374,0.5853443560278541,final
medium,5,fc,5,0.900000,0.7150253219019181,0.5683519152265687,final
medium,5,fc,5,0.925000,0.7038680595633319,0.5515284682184035,final
medium,5,fc,5,0.950000,0.6925085478979601,0.5349014663486072,final
medium,5,fc,5,0.975000,0.6812851077492635,0.5184962017644935,final
medium,5,fc,5,1.000000,0.6705745040761898,0.5023357787844921,final
medium,5,fc,5,1.025000,0.6607702419337161,0.4864411065080455,final
medium,5,fc,5,1.050000,0.6522570033178641,0.4708309112594444,final
medium,5,fc,5,1.075000,0.6453853927098349,0.45552176723692184,final
medium,5,fc,5,1.100000,0.6404507089122904,0.44052814357346226,final
medium,5,fc,5,1.125000,0.6376781717882076,0.42586246590588206,final
medium,5,fc,5,1.150000,0.6372154419863815,0.41153519049035014,final
medium,5,fc,5,1.175000,0.6391319017073569,0.3975548888910253,final
medium,5,fc,5,1.200000,0.6434233171474248,0.38392834129850273,final
medium,5,fc,5,1.225000,0.6500202127192413,0.370660636600358,final
medium,5,fc,5,1.250000,0.6587984032880968,0.3577552774211005,final
medium,5,fc,5,1.275000,0.669590446188833,0.34521428846717805,final
medium,5,fc,5,1.300000,0.6821971216106506,0.3330383266483743,final
medium,5,fc,5,1.325000,0.6963983370427751,0.32122679159448314,final
medium,5,fc,5,1.350000,0.7119630562901185,0.30977793534049813,final
medium,5,fc,5,1.375000,0.728657992872015,0.2986889701102368,final
medium,5,fc,5,1.400000,0.7462549092633071,0.2879561732835211,final
medium,5,fc,5,1.425000,0.7645364489687768,0.277574988782547,final
medium,5,fc,5,1.450000,0.7833005073662466,0.26754012425636026,final
medium,5,fc,5,1.475000,0.8023632192033301,0.25784564357642004,final
medium,5,fc,5,1.500000,0.8215607003850987,0.24848505427970202,final
medium,5,fc,5,1.525000,0.8407497239940133,0.2394513897077521,final
medium,5,fc,5,1.550000,0.8598075328057496,0.2307372856900662,final
medium,5,fc,5,1.575000,0.8786309937638885,0.2223350517080542,final
medium,5,fc,5,1.600000,0.8971352874699771,0.2142367365518528,final
medium,5,fc,5,1.625000,0.9152523026029642,0.20643418854680623,final
medium,5,fc,5,1.650000,0.9329288762851582,0.198919110480207,final
medium,5,fc,5,1.675000,0.9501249910011811,0.19168310940259609,final
medium,5,fc,5,1.700000,0.9668120098473009,0.1847177415124742,final
medium,5,fc,5,1.725000,0.982971006546769,0.17801455235952063,final
medium,5,fc,5,1.750000,0.9985912257037782,0.1715651126203154,final
medium,5,fc,5,1.775000,1.013668692327729,0.16536104971299231,final
medium,5,fc,5,1.800000,1.0282049774059865,0.15939407552411586,final
medium,5,fc,5,1.825000,1.0422061176494808,0.1536560105231757,final
medium,5,fc,5,1.850000,1.055681681804246,0.14813880453823608,final
medium,5,fc,5,1.875000,1.0686439724524521,0.14283455446115373,final
medium,5,fc,5,1.900000,1.0811073504316384,0.13773551914301999,final
medium,5,fc,5,1.925000,1.0930876683924764,0.13283413173068498,final
medium,5,fc,5,1.950000,1.1046018002068154,0.12812300968388157,final
medium,5,fc,5,1.975000,1.1156672536352403,0.12359496270000238,final
medium,5,fc,5,2.000000,1.1263018546520907,0.11924299876040963,final
medium,5,fc,5,2.025000,1.136523492954185,0.11506032849854929,final
medium,5,fc,5,2.050000,1.1463499193447293,0.11104036807640862,final
medium,5,fc,5,2.075000,1.1557985868197858,0.10717674074218457,final
medium,5,fc,5,2.100000,1.1648865282512626,0.10346327722860513,final
medium,5,fc,5,2.125000,1.1736302645361747,0.09989401513832925,final
medium,5,fc,5,2.150000,1.1820457379578648,0.09646319745030717,final
medium,5,fc,5,2.175000,1.1901482662800524,0.09316527026902503,final
medium,5,fc,5,2.200000,1.1979525137732285,0.08999487992723759,final
medium,5,fc,5,2.225000,1.2054724759619053,0.08694686954211561,final
medium,5,fc,5,2.250000,1.212721475389149,0.0840162751147613,final
medium,5,fc,5,2.275000,1.219712166130376,0.08119832125375193,final
medium,5,fc,5,2.300000,1.226456545160441,0.07848841659474731,final
medium,5,fc,5,2.325000,1.2329659689946524,0.07588214898026313,final
medium,5,fc,5,2.350000,1.23925117429315,0.07337528045640314,final
medium,5,fc,5,2.375000,1.24532230134565,0.0709637421366524,final
medium,5,fc,5,2.400000,1.2511889195459855,0.06864362897674837,final
medium,5,fc,5,2.425000,1.2568600541281851,0.06641119449909502,final
medium,5,fc,5,2.450000,1.262344213572611,0.06426284550016602,final
medium,5,fc,5,2.475000,1.2676494172057255,0.06219513676981234,final
medium,5,fc,5,2.500000,1.2727832226136628,0.060204765847302694,final
medium,5,fc,5,2.525000,1.2777527525707684,0.05828856783526772,final
medium,5,fc,5,2.550000,1.2825647212519926,0.05644351028943357,final
medium,5,fc,5,2.575000,1.2872254595545287,0.05466668819911841,final
medium,5,fc,5,2.600000,1.291740939401033,0.05295531907085509,final
medium,5,fc,5,2.625000,1.2961167969356897,0.05130673812520908,final
medium,5,fc,5,2.650000,1.3003583545563788,0.04971839361481907,final
medium,5,fc,5,2.675000,1.3044706417524834,0.048187842269903004,final
medium,5,fc,5,2.700000,1.3084584147391234,0.046712744875897896,final
medium,5,fc,5,2.725000,1.3123261748957662,0.045290861986530255,final
medium,5,fc,5,2.750000,1.3160781860307402,0.04392004977442389,final
medium,5,fc,5,2.775000,1.3197184905037649,0.04259825602031256,final
medium,5,fc,5,2.800000,1.3232509242467159,0.04132351624104625,final
medium,5,fc,5,2.825000,1.3266791307287875,0.04009394995580804,final
medium,5,fc,5,2.850000,1.3300065739164186,0.03890775708931617,final
medium,5,fc,5,2.875000,1.333236550281035,0.037763214510238105,final
medium,5,fc,5,2.900000,1.3363721999091813,0.036658672702594416,final
medium,5,fc,5,2.925000,1.3394165167700833,0.03559255256754023,final
medium,5,fc,5,2.950000,1.3423723581953502,0.034563342352615975,final
medium,5,fc,5,2.975000,1.3452424536245715,0.03356959470530945,final
medium,5,fc,5,3.000000,1.3480294126690333,0.03260992384757856,final
medium,5,fc,5,3.025000,1.3507357325439402,0.03168300286784069,final
medium,5,fc,5,3.050000,1.3533638049173036,0.030787561126827977,final
medium,5,fc,5,3.075000,1.3559159222213093,0.02992238177364323,final
medium,5,fc,5,3.100000,1.35839428346943,0.02908629936830695,final
medium,5,fc,5,3.125000,1.3608009996199601,0.028278197607078143,final
medium,5,fc,5,3.150000,1.3631380985240322,0.02749700714683811,final
medium,5,fc,5,3.175000,1.3654075294935606,0.02674170352486146,final
medium,5,fc,5,3.200000,1.3676111675219866,0.026011305170332698,final
medium,5,fc,5,3.225000,1.3697508171882389,0.025304871504035504,final
medium,5,fc,5,3.250000,1.3718282162718964,0.024621501122705596,final
medium,5,fc,5,3.275000,1.3738450391052714,0.02396033006461559,final
medium,5,fc,5,3.300000,1.3758028996859593,0.02332053015304608,final
medium,5,fc,5,3.325000,1.3777033545713566,0.022701307414390606,final
medium,5,fc,5,3.350000,1.379547905574726,0.022101900567731217,final
medium,5,fc,5,3.375000,1.3813380022806079,0.02152157958282148,final
medium,5,fc,5,3.400000,1.3830750443957252,0.020959644303520642,final
medium,5,fc,5,3.425000,1.3847603839499905,0.020415423133807592,final
medium,5,fc,5,3.450000,1.3863953273608056,0.019888271783622076,final
medium,5,fc,5,3.475000,1.3879811373725903,0.019377572071868618,final
medium,5,fc,5,3.500000,1.3895190348822468,0.018882730784027312,final
medium,5,fc,5,3.525000,1.3910102006602398,0.01840317858190917,final
medium,5,fc,5,3.550000,1.392455776975974,0.017938368963193514,final
medium,5,fc,5,3.575000,1.3938568691352735,0.017487777268482583,final
medium,5,fc,5,3.600000,1.3952145469369763,0.017050899733695963,final
medium,5,fc,5,3.625000,1.3965298460549505,0.01662725258572584,final
medium,5,fc,5,3.650000,1.3978037693511773,0.01621637117935688,final
medium,5,fc,5,3.675000,1.399037288124993,0.015817809173541454,final
medium,5,fc,5,3.700000,1.4002313433030555,0.015431137745210538,final
medium,5,fc,5,3.725000,1.4013868465741426,0.015055944838867765,final
medium,5,fc,5,3.750000,1.402504681472496,0.014691834450308115,final
medium,5,fc,5,3.775000,1.403585704413043,0.014338425942863312,final
medium,5,fc,5,3.800000,1.4046307456815186,0.013995353394657682,final
medium,5,fc,5,3.825000,1.4056406103822165,0.013662264975421378,final
medium,5,fc,5,3.850000,1.4066160793458664,0.013338822351480577,final
medium,5,fc,5,3.875000,1.4075579099998698,0.0130247001176001,final
medium,5,fc,5,3.900000,1.4084668372029756,0.012719585254425991,final
medium,5,fc,5,3.925000,1.4093435740462636,0.012423176610320625,final
medium,5,fc,5,3.950000,1.4101888126221698,0.012135184406454037,final
medium,5,fc,5,3.975000,1.4110032247631457,0.011855329764055456,final
medium,5,fc,5,4.000000,1.411787462751414,0.011583344252793145,final
medium,5,fc,5,4.025000,1.4125421600011843,0.011318969459285231,final
medium,5,fc,5,4.050000,1.4132679317145935,0.011061956574806305,final
medium,5,fc,5,4.075000,1.413965375512544,0.010812066001288487,final
medium,5,fc,5,4.100000,1.4146350720415446,0.010569066974763647,final
medium,5,fc,5,4.125000,1.4152775855575876,0.010332737205431649,final
medium,5,fc,5,4.150000,1.4158934644880286,0.010102862533580738,final
medium,5,fc,5,4.175000,1.4164832419723874,0.009879236600621332,final
medium,5,fc,5,4.200000,1.417047436382935,0.009661660534531725,final
medium,5,fc,5,4.225000,1.417586551825886,0.009449942649044966,final
medium,5,fc,5,4.250000,1.418101078623972,0.009243898155941826,final
medium,5,fc,5,4.275000,1.4185914937811392,0.00904334888984183,final
medium,5,fc,5,4.300000,1.4190582614300724,0.008848123044917012,final
medium,5,fc,5,4.325000,1.4195018332632172,0.00865805492297805,final
medium,5,fc,5,4.350000,1.419922648947943,0.008472984692407837,final
medium,5,fc,5,4.375000,1.4203211365264656,0.008292758157448845,final
medium,5,fc,5,4.400000,1.4206977128011025,0.008117226537362866,final
medium,5,fc,5,4.425000,1.4210527837054454,0.007946246255021595,final
medium,5,fc,5,4.450000,1.4213867446619723,0.007779678734485535,final
medium,5,fc,5,4.475000,1.4216999809266255,0.007617390207175521,final
medium,5,fc,5,4.500000,1.42199286792085,0.00745925152623505,final
medium,5,fc,5,4.525000,1.4222657715515736,0.007305137988719207,final
medium,5,fc,5,4.550000,1.4225190485195798,0.007154929165255192,final
medium,5,fc,5,4.575000,1.4227530466167297,0.007008508736834862,final
medium,5,fc,5,4.600000,1.4229681050124323,0.006865764338424728,final
medium,5,fc,5,4.625000,1.4231645545298015,0.006726587409077422,final
medium,5,fc,5,4.650000,1.4233427179118618,0.006590873048268464,final
medium,5,fc,5,4.675000,1.4235029100782008,0.0064585198781628465,final
medium,5,fc,5,4.700000,1.4236454383724197,0.006329429911565912,final
medium,5,fc,5,4.725000,1.4237706028007335,0.006203508425289461,final
medium,5,fc,5,4.750000,1.4238786962620618,0.006080663838708088,final
medium,5,fc,5,4.775000,1.4239700047699142,0.005960807597265741,final
medium,5,fc,5,4.800000,1.4240448076664032,0.005843854060718774,final
medium,5,fc,5,4.825000,1.4241033778286694,0.005729720395912886,final
medium,5,fc,5,4.850000,1.4241459818680051,0.005618326473881569,final
medium,5,fc,5,4.875000,1.4241728803219549,0.0055095947710962845,final
medium,5,fc,5,4.900000,1.4241843278396606,0.005403450274670497,final
medium,5,fc,5,4.925000,1.4241805733606994,0.005299820391357137,final
medium,5,fc,5,4.950000,1.4241618602876636,0.00519863486017101,final
medium,5,fc,5,4.975000,1.4241284266527188,0.005099825668480255,final
medium,5,fc,5,5.000000,1.4240805052783603,0.005003326971419181,final
medium,5,fc,5,5.025000,1.4240183239325936,0.004909075014477372,final
medium,5,fc,5,5.050000,1.4239421054787427,0.004817008059132411,final
medium,5,fc,5,5.075000,1.423852068020086,0.004727066311396233,final
medium,5,fc,5,5.100000,1.4237484250395205,0.004639191853146637,final
medium,5,fc,5,5.125000,1.4236313855344294,0.004553328576135116,final
medium,5,fc,5,5.150000,1.423501154146942,0.004469422118547324,final
medium,5,fc,5,5.175000,1.4233579312897489,0.0043874198040178055,final
medium,5,fc,5,5.200000,1.4232019132676417,0.0043072705829917705,final
medium,5,fc,5,5.225000,1.423033292394936,0.004228924976334929,final
medium,5,fc,5,5.250000,1.42285225710893,0.004152335021101629,final
medium,5,fc,5,5.275000,1.4226589920795385,0.004077454218365142,final
medium,5,fc,5,5.300000,1.4224536783152542,0.0040042374830345975,final
medium,5,fc,5,5.325000,1.4222364932655642,0.003932641095565119,final
medium,5,fc,5,5.350000,1.4220076109199515,0.003862622655491328,final
medium,5,fc,5,5.375000,1.4217672019036083,0.0037941410367080836,final
medium,5,fc,5,5.400000,1.4215154335699842,0.003727156344421023,final
medium,5,fc,5,5.425000,1.4212524700902769,0.003661629873710311,final
medium,5,fc,5,5.450000,1.4209784725399837,0.0035975240696294233,final
medium,5,fc,5,5.475000,1.4206935989826188,0.003534802488785088,final
medium,5,fc,5,5.500000,1.420398004550693,0.00347342976233753,final
medium,5,fc,5,5.525000,1.4200918415240662,0.0034133715603585552,final
medium,5,fc,5,5.550000,1.419775259405753,0.003354594557501852,final
medium,5,fc,5,5.575000,1.4194484049952873,0.003297066399923296,final
medium,5,fc,5,5.600000,1.4191114224597208,0.0032407556734100657,final
medium,5,fc,5,5.625000,1.4187644534023482,0.0031856318726634857,final
medium,5,fc,5,5.650000,1.4184076369292358,0.003131665371696122,final
medium,5,fc,5,5.675000,1.4180411097136314,0.003078827395293707,final
medium,5,fc,5,5.700000,1.4176650060583391,0.003027089991503894,final
medium,5,fc,5,5.725000,1.4172794579561108,0.0029764260051096687,final
medium,5,fc,5,5.750000,1.4168845951481501,0.0029268090520475788,final
medium,5,fc,5,5.775000,1.416480545180775,0.002878213494739797,final
medium,5,fc,5,5.800000,1.4160674334603096,0.002830614418296118,final
medium,5,fc,5,5.825000,1.4156453833062734,0.00278398760755835,final
medium,5,fc,5,5.850000,1.4152145160029148,0.002738309524953898,final
medium,5,fc,5,5.875000,1.4147749508491612,0.00269355728912338,final
medium,5,fc,5,5.900000,1.4143268052070246,0.002649708654298654,final
medium,5,fc,5,5.925000,1.4138701945485272,0.0026067419903964785,final
medium,5,fc,5,5.950000,1.4134052325011974,0.0025646362638050363,final
medium,5,fc,5,5.975000,1.4129320308921782,0.0025233710188360442,final
medium,5,fc,5,6.000000,1.412450699791,0.002482926359813787,final
medium,6,fx,,0.000000,1.0,1.0,final
medium,6,fx,,0.025000,1.0000868623398977,1.0001371734503082,final
medium,6,fx,,0.050000,1.000347052634321,1.0005484131007953,final
medium,6,fx,,0.075000,1.0007794928362532,1.0012328782849313,final
medium,6,fx,,0.100000,1.0013826167659134,1.002189172660767,final
medium,6,fx,,0.125000,1.002154552653124,1.0034153513166864,final
medium,6,fx,,0.150000,1.0030932886528667,1.0049089306249135,final
medium,6,fx,,0.175000,1.0041968192466129,1.0066669007499534,final
medium,6,fx,,0.200000,1.0054632711545035,1.0086857406950527,final
medium,6,fx,,0.225000,1.0068910080289522,1.010961435747421,final
medium,6,fx,,0.250000,1.0084787137683053,1.0134894971626558,final
medium,6,fx,,0.275000,1.010225454775392,1.0162649839108355,final
medium,6,fx,,0.300000,1.0121307218908622,1.0192825262913066,final
medium,6,fx,,0.325000,1.0141944530601572,1.022536351210436,final
medium,6,fx,,0.350000,1.0164170380541402,1.0260203089066646,final
medium,6,fx,,0.375000,1.0187993067674341,1.0297279009001115,final
medium,6,fx,,0.400000,1.0213425027771477,1.0336523089397605,final
medium,6,fx,,0.425000,1.0240482439700163,1.0377864247198565,final
medium,6,fx,,0.450000,1.0269184721493614,1.0421228801384386,final
medium,6,fx,,0.475000,1.029955393624537,1.0466540778748243,final
medium,6,fx,,0.500000,1.033161412872316,1.0513722220691275,final
medium,6,fx,,0.525000,1.0365390614466776,1.056269348895353,final
medium,6,fx,,0.550000,1.0400909244019907,1.061337356830009,final
medium,6,fx,,0.575000,1.0438195665821028,1.0665680364302768,final
medium,6,fx,,0.600000,1.0477274612074725,1.0719530994492863,final
medium,6,fx,,0.625000,1.0518169232530576,1.0774842071307018,final
medium,6,fx,,0.650000,1.056090050135464,1.0831529975403624,final
medium,6,fx,,0.675000,1.0605486721991553,1.0889511118088369,final
medium,6,fx,,0.700000,1.065194315385042,1.0948702191752313,final
medium,6,fx,,0.725000,1.0700281782551688,1.1009020407391494,final
medium,6,fx,,0.750000,1.0750511252087274,1.1070383718441337,final
medium,6,fx,,0.775000,1.08026369723384,1.1132711030320084,final
medium,6,fx,,0.800000,1.0856661408786379,1.119592239523111,final
medium,6,fx,,0.825000,1.0912584552859204,1.1259939191922888,final
medium,6,fx,,0.850000,1.0970404561237983,1.1324684290245925,final
medium,6,fx,,0.875000,1.1030118540840714,1.139008220047757,final
medium,6,fx,,0.900000,1.1091723443561068,1.1456059207506675,final
medium,6,fx,,0.925000,1.1155217021856896,1.152254349008086,final
medium,6,fx,,0.950000,1.1220598783878697,1.1589465225418367,final
medium,6,fx,,0.975000,1.1287870876119295,1.1656756679574736,final
medium,6,fx,,1.000000,1.135703881379495,1.172435228403129,final
medium,6,fx,,1.025000,1.142811197559595,1.1792188699038115,final
medium,6,fx,,1.050000,1.1501103781214919,1.1860204864298936,final
medium,6,fx,,1.075000,1.1576031478047544,1.192834203762979,final
medium,6,fx,,1.100000,1.1652915478116197,1.1996543822257886,final
medium,6,fx,,1.125000,1.1731778207497012,1.2064756183452223,final
medium,6,fx,,1.150000,1.1812642457608782,1.2132927455194251,final
medium,6,fx,,1.175000,1.1895529259270514,1.220100833760554,final
medium,6,fx,,1.200000,1.1980455334479219,1.2268951885850992,final
medium,6,fx,,1.225000,1.206743021495513,1.2336713491231373,final
medium,6,fx,,1.250000,1.2156453147926463,1.2404250855168273,final
medium,6,fx,,1.275000,1.2247509935618008,1.2471523956769321,final
medium,6,fx,,1.300000,1.234056987293269,1.2538495014641662,final
medium,6,fx,,1.325000,1.2435582955819862,1.2605128443598486,final
medium,6,fx,,1.350000,1.2532477529473964,1.2671390806877225,final
medium,6,fx,,1.375000,1.2631158530356374,1.2737250764459462,final
medium,6,fx,,1.400000,1.2731506449630012,1.2802679018052352,final
medium,6,fx,,1.425000,1.283337710948858,1.2867648253259727,final
medium,6,fx,,1.450000,1.2936602300505657,1.2932133079438641,final
medium,6,fx,,1.475000,1.30409912806933,1.2996109967704328,final
medium,6,fx,,1.500000,1.3146333089045381,1.3059557187513589,final
medium,6,fx,,1.525000,1.3252399581632766,1.3122454742224083,final
medium,6,fx,,1.550000,1.3358949060216694,1.3184784303994812,final
medium,6,fx,,1.575000,1.3465730334623525,1.3246529148361825,final
medium,6,fx,,1.600000,1.357248704264058,1.330767408879276,final
medium,6,fx,,1.625000,1.3678962045738048,1.3368205411494571,final
medium,6,fx,,1.650000,1.3784901725175724,1.3428110810720784,final
medium,6,fx,,1.675000,1.3890060019685813,1.3487379324797883,final
medium,6,fx,,1.700000,1.3994202070810484,1.3546001273065218,final
medium,6,fx,,1.725000,1.409710737248358,1.360396819389886,final
medium,6,fx,,1.750000,1.4198572354766419,1.3661272783967613,final
medium,6,fx,,1.775000,1.429841236508014,1.3717908838848296,final
medium,6,fx,,1.800000,1.4396463041493333,1.3773871195108214,final
medium,6,fx,,1.825000,1.4492581099829218,1.3829155673944546,final
medium,6,fx,,1.850000,1.4586644578375025,1.3883759026453952,final
medium,6,fx,,1.875000,1.4678552600243309,1.3937678880590432,final
medium,6,fx,,1.900000,1.4768224723935406,1.3990913689855675,final
medium,6,fx,,1.925000,1.4855599957810701,1.4043462683753405,final
medium,6,fx,,1.950000,1.4940635514697147,1.4095325820027964,final
medium,6,fx,,1.975000,1.5023305379689105,1.4146503738697032,final
medium,6,fx,,2.000000,1.5103598758226495,1.4196997717879212,final
medium,6,fx,,2.025000,1.518151846376045,1.4246809631409094,final
medium,6,fx,,2.050000,1.5257079295512666,1.4295941908225116,final
medium,6,fx,,2.075000,1.5330306447720152,1.4344397493509262,final
medium,6,fx,,2.100000,1.5401233982863909,1.4392179811552137,final
medium,6,fx,,2.125000,1.5469903393098425,1.4439292730312083,final
medium,6,fx,,2.150000,1.5536362266682953,1.4485740527633122,final
medium,6,fx,,2.175000,1.5600663069802776,1.4531527859082907,final
medium,6,fx,,2.200000,1.5662862048805082,1.4576659727369123,final
medium,6,fx,,2.225000,1.5723018253537613,1.4621141453290472,final
medium,6,fx,,2.250000,1.578119267909821,1.4664978648176454,final
medium,6,fx,,2.275000,1.5837447520781656,1.470817718776893,final
medium,6,fx,,2.300000,1.589184553523191,1.475074318749721,final
medium,6,fx,,2.325000,1.5944449499655475,1.479268297909802,final
medium,6,fx,,2.350000,1.5995321760311167,1.483400308853113,final
medium,6,fx,,2.375000,1.604452386125678,1.4874710215141502,final
medium,6,fx,,2.400000,1.6092116244410648,1.491481121201892,final
medium,6,fx,,2.425000,1.6138158012294572,1.4954313067506453,final
medium,6,fx,,2.450000,1.6182706745295719,1.4993222887809725,final
medium,6,fx,,2.475000,1.6225818365862754,1.5031547880659621,final
medium,6,fx,,2.500000,1.626754704269165,1.5069295339981974,final
medium,6,fx,,2.525000,1.6307945128623444,1.5106472631528727,final
medium,6,fx,,2.550000,1.6347063126644075,1.514308717942618,final
medium,6,fx,,2.575000,1.638494967902544,1.5179146453597039,final
medium,6,fx,,2.600000,1.6421651575263605,1.5214657958014208,final
medium,6,fx,,2.625000,1.645721377504575,1.5249629219745588,final
medium,6,fx,,2.650000,1.6491679443006355,1.5284067778750356,final
medium,6,fx,,2.675000,1.6525089992513275,1.5317981178388593,final
medium,6,fx,,2.700000,1.6557485136154872,1.5351376956607474,final
medium,6,fx,,2.725000,1.6588902940981713,1.538426263776851,final
medium,6,fx,,2.750000,1.6619379886892667,1.5416645725081797,final
medium,6,fx,,2.775000,1.6648950926848263,1.5448533693614435,final
medium,6,fx,,2.800000,1.6677649547847553,1.5479933983841754,final
medium,6,fx,,2.825000,1.6705507831821802,1.5510853995711167,final
medium,6,fx,,2.850000,1.6732556515782822,1.5541301083189827,final
medium,6,fx,,2.875000,1.675882505071922,1.5571282549268526,final
medium,6,fx,,2.900000,1.6784341658863444,1.5600805641395499,final
medium,6,fx,,2.925000,1.6809133389060078,1.562987754731498,final
medium,6,fx,,2.950000,1.6833226170053321,1.5658505391286572,final
medium,6,fx,,2.975000,1.6856644861582837,1.5686696230662598,final
medium,6,fx,,3.000000,1.6879413303233726,1.5714457052801694,final
medium,6,fx,,3.025000,1.6901554361030886,1.5741794772298021,final
medium,6,fx,,3.050000,1.6923089971802368,1.5768716228506432,final
medium,6,fx,,3.075000,1.6944041185362155,1.5795228183344976,final
medium,6,fx,,3.100000,1.6964428204581516,1.5821337319357038,final
medium,6,fx,,3.125000,1.6984270423431316,1.5847050238016365,final
medium,6,fx,,3.150000,1.700358646308587,1.587237345825908,final
medium,6,fx,,3.175000,1.702239420618405,1.5897313415227634,final
medium,6,fx,,3.200000,1.7040710829344916,1.592187645921248,final
medium,6,fx,,3.225000,1.7058552834035,1.5946068854777975,final
medium,6,fx,,3.250000,1.7075936075882419,1.5969896780059818,final
medium,6,fx,,3.275000,1.7092875792529647,1.5993366326221994,final
medium,6,fx,,3.300000,1.7109386630112835,1.601648349706187,final
medium,6,fx,,3.325000,1.7125482668451004,1.6039254208752762,final
medium,6,fx,,3.350000,1.7141177445023437,1.6061684289713845,final
medium,6,fx,,3.375000,1.7156483977808665,1.6083779480597964,final
medium,6,fx,,3.400000,1.717141478705341,1.6105545434388309,final
medium,6,fx,,3.425000,1.7185981916034905,1.6126987716595576,final
medium,6,fx,,3.450000,1.7200196950875366,1.6148111805547691,final
medium,6,fx,,3.475000,1.7214071039462961,1.6168923092764607,final
medium,6,fx,,3.500000,1.7227614909529323,1.6189426883411182,final
medium,6,fx,,3.525000,1.7240838885929926,1.6209628396821578,final
medium,6,fx,,3.550000,1.7253752907169955,1.622953276708899,final
medium,6,fx,,3.575000,1.7266366541215068,1.6249145043714908,final
medium,6,fx,,3.600000,1.727868900062343,1.6268470192312494,final
medium,6,fx,,3.625000,1.7290729157032718,1.6287513095359003,final
medium,6,fx,,3.650000,1.7302495555033301,1.630627855299244,final
medium,6,fx,,3.675000,1.7313996425456655,1.632477128384804,final
medium,6,fx,,3.700000,1.732523969810594,1.6342995925930408,final
medium,6,fx,,3.725000,1.7336233013954085,1.6360957037517374,final
medium,6,fx,,3.750000,1.7346983736832895,1.6378659098091999,final
medium,6,fx,,3.775000,1.7357498964635443,1.6396106509299275,final
medium,6,fx,,3.800000,1.7367785540052556,1.641330359592442,final
medium,6,fx,,3.825000,1.7377850060863156,1.6430254606889751,final
medium,6,fx,,3.850000,1.7387698889797052,1.6446963716267469,final
medium,6,fx,,3.875000,1.7397338163987977,1.6463435024305744,final
medium,6,fx,,3.900000,1.7406773804033582,1.6479672558465768,final
medium,6,fx,,3.925000,1.7416011522678514,1.6495680274467555,final
medium,6,fx,,3.950000,1.742505683313587,1.651146205734246,final
medium,6,fx,,3.975000,1.743391505706168,1.6527021722490547,final
medium,6,fx,,4.000000,1.7442591332196415,1.654236301674099,final
medium,6,fx,,4.025000,1.7451090619687069,1.6557489619413992,final
medium,6,fx,,4.050000,1.7459417711102618,1.6572405143382634,final
medium,6,fx,,4.075000,1.746757723515541,1.6587113136133356,final
medium,6,fx,,4.100000,1.7475573664140296,1.6601617080823763,final
medium,6,fx,,4.125000,1.7483411320103104,1.6615920397336599,final
medium,6,fx,,4.150000,1.7491094380749477,1.663002644332885,final
medium,6,fx,,4.175000,1.749862688510468,1.6643938515274967,final
medium,6,fx,,4.200000,1.7506012738934753,1.6657659849503361,final
medium,6,fx,,4.225000,1.7513255719938743,1.6671193623225302,final
medium,6,fx,,4.250000,1.7520359482721666,1.668454295555556,final
medium,6,fx,,4.275000,1.752732756355725,1.6697710908524037,final
medium,6,fx,,4.300000,1.7534163384949357,1.6710700488077885,final
medium,6,fx,,4.325000,1.7540870260000507,1.672351464507346,final
medium,6,fx,,4.350000,1.7547451396595743,1.6736156276257725,final
medium,6,fx,,4.375000,1.7553909901409614,1.6748628225238602,final
medium,6,fx,,4.400000,1.75602487837439,1.6760933283443924,final
medium,6,fx,,4.425000,1.756647095920327,1.6773074191068635,final
medium,6,fx,,4.450000,1.7572579253215952,1.6785053638009961,final
medium,6,fx,,4.475000,1.7578576404405981,1.6796874264790258,final
medium,6,fx,,4.500000,1.758446506782358,1.6808538663467358,final
medium,6,fx,,4.525000,1.7590247818039781,1.682004937853222,final
medium,6,fx,,4.550000,1.7595927152111217,1.6831408907793708,final
medium,6,fx,,4.575000,1.760150549242081,1.6842619703250405,final
medium,6,fx,,4.600000,1.7606985189399713,1.685368417194935,final
medium,6,fx,,4.625000,1.7612368524135835,1.6864604676831623,final
medium,6,fx,,4.650000,1.7617657710873837,1.687538353756474,final
medium,6,fx,,4.675000,1.7622854899411464,1.6886023031361845,final
medium,6,fx,,4.700000,1.762796217739678,1.6896525393787643,final
medium,6,fx,,4.725000,1.7632981572530635,1.6906892819551151,final
medium,6,fx,,4.750000,1.763791505467864,1.691712746328525,final
medium,6,fx,,4.775000,1.76427645378966,1.69272314403131,final
medium,6,fx,,4.800000,1.7647531882373286,1.6937206827401463,final
medium,6,fx,,4.825000,1.7652218896294145,1.6947055663501032,final
medium,6,fx,,4.850000,1.7656827337629535,1.695677995047382,final
medium,6,fx,,4.875000,1.7661358915850776,1.6966381653807714,final
medium,6,fx,,4.900000,1.7665815293577218,1.6975862703318307,final
medium,6,fx,,4.925000,1.7670198088157405,1.6985224993838095,final
medium,6,fx,,4.950000,1.767450887318722,1.6994470385893194,final
medium,6,fx,,4.975000,1.767874917996783,1.7003600706367672,final
medium,6,fx,,5.000000,1.768292049890603,1.701261774915565,final
medium,6,fx,,5.025000,1.7687024280859596,1.7021523275801298,final
medium,6,fx,,5.050000,1.769106193842999,1.7030319016126885,final
medium,6,fx,,5.075000,1.7695034847204822,1.7039006668849015,final
medium,6,fx,,5.100000,1.7698944346952112,1.7047587902183228,final
medium,6,fx,,5.125000,1.7702791742768667,1.7056064354437073,final
medium,6,fx,,5.150000,1.7706578306184377,1.7064437634591885,final
medium,6,fx,,5.175000,1.7710305276224476,1.7072709322873345,final
medium,6,fx,,5.200000,1.7713973860431529,1.708088097131107,final
medium,6,fx,,5.225000,1.771758523584888,1.7088954104287313,final
medium,6,fx,,5.250000,1.7721140549967291,1.7096930219075017,final
medium,6,fx,,5.275000,1.7724640921636239,1.7104810786365339,final
medium,6,fx,,5.300000,1.7728087441941496,1.711259725078483,final
medium,6,fx,,5.325000,1.7731481175050339,1.7120291031402441,final
medium,6,fx,,5.350000,1.7734823159025848,1.7127893522226525,final
medium,6,fx,,5.375000,1.7738114406611503,1.7135406092691985,final
medium,6,fx,,5.400000,1.7741355905987417,1.714283008813776,final
medium,6,fx,,5.425000,1.774454862149937,1.7150166830274802,final
medium,6,fx,,5.450000,1.7747693494361738,1.7157417617644724,final
medium,6,fx,,5.475000,1.7750791443335474,1.7164583726069251,final
medium,6,fx,,5.500000,1.7753843365382098,1.7171666409090691,final
medium,6,fx,,5.525000,1.7756850136294764,1.717866689840354,final
medium,6,fx,,5.550000,1.7759812611307293,1.7185586404277413,final
medium,6,fx,,5.575000,1.7762731625682053,1.7192426115971444,final
medium,6,fx,,5.600000,1.7765607995277626,1.719918720214034,final
medium,6,fx,,5.625000,1.776844251709699,1.7205870811232205,final
medium,6,fx,,5.650000,1.7771235969817063,1.721247807187832,final
medium,6,fx,,5.675000,1.777398911430033,1.7219010093275047,final
medium,6,fx,,5.700000,1.7776702694089248,1.7225467965557948,final
medium,6,fx,,5.725000,1.777937743588414,1.7231852760168345,final
medium,6,fx,,5.750000,1.7782014050005257,1.7238165530212408,final
medium,6,fx,,5.775000,1.7784613230839523,1.7244407310812953,final
medium,6,fx,,5.800000,1.7787175657272698,1.725057911945408,final
medium,6,fx,,5.825000,1.7789701993107383,1.7256681956318787,final
medium,6,fx,,5.850000,1.7792192887467557,1.7262716804619718,final
medium,6,fx,,5.875000,1.7794648975190024,1.7268684630923166,final
medium,6,fx,,5.900000,1.7797070877203387,1.727458638546647,final
medium,6,fx,,5.925000,1.7799459200894931,1.7280423002468948,final
medium,6,fx,,5.950000,1.7801814540465926,1.728619540043648,final
medium,6,fx,,5.975000,1.780413747727575,1.7291904482459888,final
medium,6,fx,,6.000000,1.780642858017529,1.7297551136507232,final
medium,6,fc,0.5,0.000000,1.0,0.9999961712608588,final
medium,6,fc,0.5,0.025000,0.9979004107255148,0.9983586646344352,final
medium,6,fc,0.5,0.050000,0.9916204885834331,0.9934854371990305,final
medium,6,fc,0.5,0.075000,0.9812359088943537,0.9854913576191164,final
medium,6,fc,0.5,0.100000,0.9669115237060822,0.9745583236306017,final
medium,6,fc,0.5,0.125000,0.948929271541814,0.9609224860044977,final
medium,6,fc,0.5,0.150000,0.9277072832253613,0.9448590526338713,final
medium,6,fc,0.5,0.175000,0.903805741830317,0.9266665678644719,final
medium,6,fc,0.5,0.200000,0.8779153017641261,0.906652287270015,final
medium,6,fc,0.5,0.225000,0.8508254486275049,0.8851197735940066,final
medium,6,fc,0.5,0.250000,0.8233731713615043,0.8623592877190294,final
medium,6,fc,0.5,0.275000,0.7963762869779717,0.838641066508284,final
medium,6,fc,0.5,0.300000,0.7705597845378915,0.8142112349444125,final
medium,6,fc,0.5,0.325000,0.7464865266031635,0.7892899055662282,final
medium,6,fc,0.5,0.350000,0.7245046446409693,0.7640709501109981,final
medium,6,fc,0.5,0.375000,0.7047224830466106,0.738722947888542,final
medium,6,fc,0.5,0.400000,0.6870178899930739,0.7133908845188547,final
medium,6,fc,0.5,0.425000,0.6710823672668373,0.6881982632946789,final
medium,6,fc,0.5,0.450000,0.6564931077168269,0.663249379897375,final
medium,6,fc,0.5,0.475000,0.6427991719047652,0.6386315887919551,final
medium,6,fc,0.5,0.500000,0.629604319898521,0.614417452116793,final
medium,6,fc,0.5,0.525000,0.6166299685205455,0.5906667090105318,final
medium,6,fc,0.5,0.550000,0.6037473371484414,0.5674280368849434,final
medium,6,fc,0.5,0.575000,0.5909762327859238,0.5447405987383155,final
medium,6,fc,0.5,0.600000,0.5784562978113547,0.5226353848308631,final
medium,6,fc,0.5,0.625000,0.566402264886905,0.5011363652156074,final
medium,6,fc,0.5,0.650000,0.5550563310062098,0.4802614735958944,final
medium,6,fc,0.5,0.675000,0.5446483187807699,0.46002344418289265,final
medium,6,fc,0.5,0.700000,0.5353694337790744,0.4404305226879344,final
medium,6,fc,0.5,0.725000,0.527360322847649,0.4214870710332323,final
medium,6,fc,0.5,0.750000,0.5207104824987175,0.4031940832949596,final
medium,6,fc,0.5,0.775000,0.5154644969042907,0.38554962812948085,final
medium,6,fc,0.5,0.800000,0.5116307972601246,0.36854923068108175,final
medium,6,fc,0.5,0.825000,0.5091898786004467,0.35218620484951263,final
medium,6,fc,0.5,0.850000,0.5081004537895172,0.3364519448742073,final
medium,6,fc,0.5,0.875000,0.5083033711896917,0.3213361834989273,final
medium,6,fc,0.5,0.900000,0.5097240234209544,0.306827222522449,final
medium,6,fc,0.5,0.925000,0.5122743554513253,0.2929121403100752,final
medium,6,fc,0.5,0.950000,0.5158554795635335,0.2795769798212084,final
medium,6,fc,0.5,0.975000,0.5203614465339906,0.2668069198795077,final
medium,6,fc,0.5,1.000000,0.5256840996263649,0.25458643175180856,final
medium,6,fc,0.5,1.025000,0.5317183757869712,0.24289942258726716,final
medium,6,fc,0.5,1.050000,0.5383671090005863,0.23172936687701973,final
medium,6,fc,0.5,1.075000,0.5455444258941083,0.22105942680628568,final
medium,6,fc,0.5,1.100000,0.553177162897767,0.21087256216631964,final
medium,6,fc,0.5,1.125000,0.5612042309138525,0.20115163035586586,final
medium,6,fc,0.5,1.150000,0.5695743250302895,0.1918794769158274,final
medium,6,fc,0.5,1.175000,0.5782426809959597,0.18303901699379402,final
medium,6,fc,0.5,1.200000,0.5871676591947751,0.1746133081159656,final
medium,6,fc,0.5,1.225000,0.596307817507618,0.16658561464383392,final
medium,6,fc,0.5,1.250000,0.605619895718227,0.15893946430447428,final
medium,6,fc,0.5,1.275000,0.6150578660175791,0.15165869720073666,final
medium,6,fc,0.5,1.300000,0.6245729768533456,0.14472750772673904,final
medium,6,fc,0.5,1.325000,0.6341145679830735,0.13813047983167853,final
medium,6,fc,0.5,1.350000,0.6436313691858627,0.13185261608906113,final
medium,6,fc,0.5,1.375000,0.6530729988038421,0.1258793610376418,final
medium,6,fc,0.5,1.400000,0.6623914269969873,0.12019661926408308,final
medium,6,fc,0.5,1.425000,0.6715422380797542,0.11479076869543448,final
medium,6,fc,0.5,1.450000,0.6804855975369558,0.1096486695622258,final
medium,6,fc,0.5,1.475000,0.6891868902701372,0.10475766948076473,final
medium,6,fc,0.5,1.500000,0.6976170417743799,0.10010560508677041,final
medium,6,fc,0.5,1.525000,0.7057525625833224,0.09568080063249802,final
medium,6,fc,0.5,1.550000,0.7135753706575706,0.09147206393676467,final
medium,6,fc,0.5,1.575000,0.7210724499269021,0.08746868005254455,final
medium,6,fc,0.5,1.600000,0.728235399577364,0.08366040299072135,final
medium,6,fc,0.5,1.625000,0.7350599210475428,0.08003744581183542,final
medium,6,fc,0.5,1.650000,0.7415452804446728,0.07659046937076666,final
medium,6,fc,0.5,1.675000,0.7476937748107514,0.07331056997272188,final
medium,6,fc,0.5,1.700000,0.7535102222992351,0.07018926617305912,final
medium,6,fc,0.5,1.725000,0.7590014893064144,0.06721848492863296,final
medium,6,fc,0.5,1.750000,0.7641760620479564,0.06439054728477098,final
medium,6,fc,0.5,1.775000,0.7690436658919048,0.0616981537598125,final
medium,6,fc,0.5,1.800000,0.7736149327669638,0.059134369568493717,final
medium,6,fc,0.5,1.825000,0.7779011149373952,0.05669260980638358,final
medium,6,fc,0.5,1.850000,0.7819138421568836,0.05436662470009754,final
medium,6,fc,0.5,1.875000,0.7856649184919651,0.05215048501211195,final
medium,6,fc,0.5,1.900000,0.789166154782849,0.050038567674637165,final
medium,6,fc,0.5,1.925000,0.7924292326608484,0.0480255417141179,final
medium,6,fc,0.5,1.950000,0.7954655961724555,0.04610635451642435,final
medium,6,fc,0.5,1.975000,0.7982863673008109,0.04427621847262877,final
medium,6,fc,0.5,2.000000,0.8009022819764123,0.042530598036290536,final
medium,6,fc,0.5,2.025000,0.8033236434963211,0.04086519721532707,final
medium,6,fc,0.5,2.050000,0.8055602906021103,0.03927594751474929,final
medium,6,fc,0.5,2.075000,0.8076215777870247,0.03775899634064951,final
medium,6,fc,0.5,2.100000,0.8095163657036571,0.03631069587080901,final
medium,6,fc,0.5,2.125000,0.8112530198203687,0.03492759239300612,final
medium,6,fc,0.5,2.150000,0.8128394157258021,0.033606416108520214,final
medium,6,fc,0.5,2.175000,0.8142829497060523,0.032344071395319085,final
medium,6,fc,0.5,2.200000,0.8155905534192657,0.03113762752295615,final
medium,6,fc,0.5,2.225000,0.8167687116692531,0.029984309809202872,final
medium,6,fc,0.5,2.250000,0.817823482434959,0.028881491206847024,final
medium,6,fc,0.5,2.275000,0.8187605184483506,0.027826684307850874,final
medium,6,fc,0.5,2.300000,0.8195850897314457,0.026817533751129878,final
medium,6,fc,0.5,2.325000,0.8203021066056813,0.025851809019539436,final
medium,6,fc,0.5,2.350000,0.8209161427754683,0.024927397611219253,final
medium,6,fc,0.5,2.375000,0.8214314581640589,0.024042298570184424,final
medium,6,fc,0.5,2.400000,0.8218520212454699,0.02319461636096361,final
medium,6,fc,0.5,2.425000,0.822181530672224,0.022382555072118837,final
medium,6,fc,0.5,2.450000,0.8224234360464664,0.021604412933645116,final
medium,6,fc,0.5,2.475000,0.8225809577225337,0.020858577133474034,final
medium,6,fc,0.5,2.500000,0.8226571055632226,0.020143518918636836,final
medium,6,fc,0.5,2.525000,0.822654696600667,0.019457788967005542,final
medium,6,fc,0.5,2.550000,0.8225763715765929,0.01880001301595232,final
medium,6,fc,0.5,2.575000,0.822424610356384,0.018168887734721407,final
medium,6,fc,0.5,2.600000,0.822201746227461,0.017563176827779654,final
medium,6,fc,0.5,2.625000,0.821909979105378,0.016981707356906937,final
medium,6,fc,0.5,2.650000,0.8215513876812808,0.016423366270288828,final
medium,6,fc,0.5,2.675000,0.8211279405522158,0.01588709712737786,final
medium,6,fc,0.5,2.700000,0.8206415063817121,0.015371897008789036,final
medium,6,fc,0.5,2.725000,0.8200938631422019,0.014876813601008254,final
medium,6,fc,0.5,2.750000,0.8194867064936101,0.014400942446161183,final
medium,6,fc,0.5,2.775000,0.8188216573539465,0.01394342434758682,final
medium,6,fc,0.5,2.800000,0.8181002687182413,0.0135034429224213,final
medium,6,fc,0.5,2.825000,0.8173240317818196,0.013080222292847036,final
medium,6,fc,0.5,2.850000,0.8164943814228763,0.012673024908103358,final
medium,6,fc,0.5,2.875000,0.8156127010977514,0.012281149489774493,final
medium,6,fc,0.5,2.900000,0.8146803272002503,0.011903929093276212,final
medium,6,fc,0.5,2.925000,0.8136985529340574,0.0115407292788442,final
medium,6,fc,0.5,2.950000,0.8126686317446669,0.011190946385711102,final
medium,6,fc,0.5,2.975000,0.8115917803545285,0.010854005903492529,final
medium,6,fc,0.5,3.000000,0.8104691814422456,0.010529360935159847,final
medium,6,fc,0.5,3.025000,0.8093019860037942,0.010216490746280376,final
medium,6,fc,0.5,3.050000,0.8080913154308194,0.00991489939552285,final
medium,6,fc,0.5,3.075000,0.8068382633382591,0.00962411444170394,final
medium,6,fc,0.5,3.100000,0.8055438971707561,0.009343685722933544,final
medium,6,fc,0.5,3.125000,0.8042092596146706,0.009073184203666275,final
medium,6,fc,0.5,3.150000,0.8028353698399542,0.00881220088572273,final
medium,6,fc,0.5,3.175000,0.8014232245937369,0.00856034577956125,final
medium,6,fc,0.5,3.200000,0.7999737991652119,0.008317246932311853,final
medium,6,fc,0.5,3.225000,0.7984880482392893,0.008082549509281826,final
medium,6,fc,0.5,3.250000,0.7969669066545148,0.007855914925840547,final
medium,6,fc,0.5,3.275000,0.7954112900789583,0.007637020026771776,final
medium,6,fc,0.5,3.300000,0.7938220956160882,0.007425556310355653,final
medium,6,fc,0.5,3.325000,0.7922002023511608,0.007221229194605152,final
medium,6,fc,0.5,3.350000,0.790546471847268,0.007023757323232783,final
medium,6,fc,0.5,3.375000,0.7888617485989515,0.0068328719090709365,final
medium,6,fc,0.5,3.400000,0.787146860450189,0.006648316112797191,final
medium,6,fc,0.5,3.425000,0.785402618982563,0.006469844454954951,final
medium,6,fc,0.5,3.450000,0.7836298198785583,0.006297222259364868,final
medium,6,fc,0.5,3.475000,0.7818292432641386,0.006130225126150202,final
medium,6,fc,0.5,3.500000,0.7800016540341167,0.005968638432691078,final
medium,6,fc,0.5,3.525000,0.7781478021631831,0.005812256860931846,final
medium,6,fc,0.5,3.550000,0.776268423005017,0.005660883949557558,final
medium,6,fc,0.5,3.575000,0.774364237581398,0.005514331669634566,final
medium,6,fc,0.5,3.600000,0.7724359528629033,0.005372420022408773,final
medium,6,fc,0.5,3.625000,0.770484262042444,0.0052349766580150085,final
medium,6,fc,0.5,3.650000,0.7685098448026071,0.0051018365139386904,final
medium,6,fc,0.5,3.675000,0.7665133675775793,0.0049728414721276004,final
medium,6,fc,0.5,3.700000,0.7644954838102103,0.004847840033726076,final
medium,6,fc,0.5,3.725000,0.7624568342046382,0.004726687010453871,final
medium,6,fc,0.5,3.750000,0.7603980469747672,0.0046092432317188185,final
medium,6,fc,0.5,3.775000,0.7583197380888038,0.004495375266596954,final
medium,6,fc,0.5,3.800000,0.7562225115099571,0.00438495515987154,final
medium,6,fc,0.5,3.825000,0.7541069594333787,0.004277860181360855,final
medium,6,fc,0.5,3.850000,0.7519736625193377,0.00417397258781929,final
medium,6,fc,0.5,3.875000,0.7498231901226408,0.004073179396726176,final
medium,6,fc,0.5,3.900000,0.7476561005182353,0.003975372171325868,final
medium,6,fc,0.5,3.925000,0.7454729411229623,0.003880446816315581,final
medium,6,fc,0.5,3.950000,0.7432742487133944,0.0037883033836064225,final
medium,6,fc,0.5,3.975000,0.7410605496397097,0.0036988458876262074,final
medium,6,fc,0.5,4.000000,0.7388323600355338,0.0036119821296561735,final
medium,6,fc,0.5,4.025000,0.7365901860237137,0.0035276235307199755,final
medium,6,fc,0.5,4.050000,0.7343345239179819,0.003445684972579932,final
medium,6,fc,0.5,4.075000,0.7320658604204674,0.0033660846464103494,final
medium,6,fc,0.5,4.100000,0.7297846728150494,0.0032887439087498005,final
medium,6,fc,0.5,4.125000,0.7274914291565349,0.0032135871443476484,final
medium,6,fc,0.5,4.150000,0.7251865884556576,0.003140541635555781,final
medium,6,fc,0.5,4.175000,0.7228706008599214,0.003069537437917249,final
medium,6,fc,0.5,4.200000,0.7205439078302978,0.003000507261639546,final
medium,6,fc,0.5,4.225000,0.7182069423138187,0.002933386358647509,final
medium,6,fc,0.5,4.250000,0.7158601289120967,0.002868112414932197,final
medium,6,fc,0.5,4.275000,0.7135038840458251,0.0028046254479229715,final
medium,6,fc,0.5,4.300000,0.7111386161153128,0.002742867708632816,final
medium,6,fc,0.5,4.325000,0.7087647256571182,0.0026827835883323843,final
medium,6,fc,0.5,4.350000,0.7063826054968433,0.0026243195295232785,final
medium,6,fc,0.5,4.375000,0.7039926408981686,0.0025674239410017246,final
medium,6,fc,0.5,4.400000,0.7015952097081962,0.002512047116799274,final
medium,6,fc,0.5,4.425000,0.6991906824991928,0.0024581411588165073,final
medium,6,fc,0.5,4.450000,0.6967794227068022,0.0024056599029599174,final
medium,6,fc,0.5,4.475000,0.6943617867648226,0.0023545588486135268,final
medium,6,fc,0.5,4.500000,0.6919381242366275,0.002304795091278237,final
medium,6,fc,0.5,4.525000,0.689508777943322,0.0022563272582273074,final
medium,6,fc,0.5,4.550000,0.6870740840887221,0.002209115447027629,final
medium,6,fc,0.5,4.575000,0.6846343723812398,0.002163121166787322,final
medium,6,fc,0.5,4.600000,0.6821899661527687,0.0021183072820026927,final
medium,6,fc,0.5,4.625000,0.6797411824746505,0.0020746379588730468,final
medium,6,fc,0.5,4.650000,0.6772883322708135,0.002032078613968704,final
medium,6,fc,0.5,4.675000,0.6748317204281683,0.0019905958651390177,final
medium,6,fc,0.5,4.700000,0.6723716459043343,0.0019501574845522565,final
medium,6,fc,0.5,4.725000,0.6699084018328002,0.0019107323537686412,final
medium,6,fc,0.5,4.750000,0.6674422756255722,0.0018722904207485434,final
medium,6,fc,0.5,4.775000,0.6649735490734138,0.0018348026587054643,final
medium,6,fc,0.5,4.800000,0.6625024984437369,0.0017982410267173958,final
medium,6,fc,0.5,4.825000,0.6600293945762281,0.001762578432014152,final
medium,6,fc,0.5,4.850000,0.6575545029762772,0.0017277886938635106,final
medium,6,fc,0.5,4.875000,0.6550780839062897,0.0016938465089809934,final
medium,6,fc,0.5,4.900000,0.6526003924749367,0.0016607274183924714,final
medium,6,fc,0.5,4.925000,0.650121678724421,0.001628407775686919,final
medium,6,fc,0.5,4.950000,0.6476421877158225,0.001596864716589041,final
medium,6,fc,0.5,4.975000,0.6451621596125782,0.0015660761297978003,final
medium,6,fc,0.5,5.000000,0.6426818297621715,0.001536020629028713,final
medium,6,fc,0.5,5.025000,0.6402014287760722,0.0015066775262095645,final
medium,6,fc,0.5,5.050000,0.6377211826079974,0.0014780268057724868,final
medium,6,fc,0.5,5.075000,0.6352413126305448,0.0014500490999996532,final
medium,6,fc,0.5,5.100000,0.6327620357102444,0.0014227256653687938,final
medium,6,fc,0.5,5.125000,0.6302835642810917,0.0013960383598590484,final
medium,6,fc,0.5,5.150000,0.6278061064165971,0.0013699696211715122,final
medium,6,fc,0.5,5.175000,0.6253298659004156,0.001344502445826072,final
medium,6,fc,0.5,5.200000,0.6228550422955804,0.001319620369094148,final
medium,6,fc,0.5,5.225000,0.6203818310124112,0.0012953074457320137,final
medium,6,fc,0.5,5.250000,0.6179104233751116,0.0012715482314793827,final
medium,6,fc,0.5,5.275000,0.615441006687119,0.0012483277652897444,final
medium,6,fc,0.5,5.300000,0.6129737642952309,0.0012256315522594916,final
medium,6,fc,0.5,5.325000,0.6105088756525525,0.0012034455472299352,final
medium,6,fc,0.5,5.350000,0.6080465163802985,0.0011817561390265222,final
medium,6,fc,0.5,5.375000,0.6055868583284858,0.0011605501353155188,final
medium,6,fc,0.5,5.400000,0.6031300696355477,0.0011398147480441024,final
medium,6,fc,0.5,5.425000,0.6006763147869044,0.0011195375794464772,final
medium,6,fc,0.5,5.450000,0.5982257546725179,0.0010997066085859438,final
medium,6,fc,0.5,5.475000,0.5957785466434601,0.0010803101784139062,final
medium,6,fc,0.5,5.500000,0.5933348445675282,0.0010613369833224516,final
medium,6,fc,0.5,5.525000,0.5908947988839249,0.0010427760571714813,final
medium,6,fc,0.5,5.550000,0.5884585566570405,0.0010246167617677558,final
medium,6,fc,0.5,5.575000,0.5860262616293451,0.001006848775780092,final
medium,6,fc,0.5,5.600000,0.5835980542734411,0.0009894620840704305,final
medium,6,fc,0.5,5.625000,0.5811740718432691,0.000972446967424831,final
medium,6,fc,0.5,5.650000,0.5787544484245104,0.0009557939926686374,final
medium,6,fc,0.5,5.675000,0.5763393149841992,0.0009394940031462534,final
medium,6,fc,0.5,5.700000,0.5739287994195653,0.0009235381095562882,final
medium,6,fc,0.5,5.725000,0.5715230266061246,0.0009079176811237815,final
medium,6,fc,0.5,5.750000,0.5691221184450447,0.0008926243370957384,final
medium,6,fc,0.5,5.775000,0.5667261939097891,0.000877649938550017,final
medium,6,fc,0.5,5.800000,0.5643353690920717,0.0008629865805003556,final
medium,6,fc,0.5,5.825000,0.5619497572471281,0.0008486265842915688,final
medium,6,fc,0.5,5.850000,0.5595694688383236,0.0008345624902662513,final
medium,6,fc,0.5,5.875000,0.5571946115811126,0.0008207870506999125,final
medium,6,fc,0.5,5.900000,0.5548252904863631,0.0008072932229858862,final
medium,6,fc,0.5,5.925000,0.5524616079030609,0.0007940741630678401,final
medium,6,fc,0.5,5.950000,0.550103663560407,0.0007811232191043099,final
medium,6,fc,0.5,5.975000,0.5477515546093183,0.0007684339253583744,final
medium,6,fc,0.5,6.000000,0.5454053756633503,0.0007559999963054072,final
medium,6,fc,2,0.000000,1.0,0.9999979292399579,final
medium,6,fc,2,0.025000,0.998177708846796,0.9992961010731113,final
medium,6,fc,2,0.050000,0.9927285519056182,0.9971948653968338,final
medium,6,fc,2,0.075000,0.9837251929659537,0.9937069079517921,final
medium,6,fc,2,0.100000,0.9713279166646328,0.9888531709729896,final
medium,6,fc,2,0.125000,0.9558126477794607,0.9826625583062567,final
medium,6,fc,2,0.150000,0.9375906002449294,0.9751715344708285,final
medium,6,fc,2,0.175000,0.9172159038185472,0.9664236288215278,final
medium,6,fc,2,0.200000,0.8953776458284384,0.95646885815437,final
medium,6,fc,2,0.225000,0.8728738114321906,0.9453630826547406,final
medium,6,fc,2,0.250000,0.8505667033725056,0.9331673109752425,final
medium,6,fc,2,0.275000,0.8293223259957223,0.919946970463837,final
medium,6,fc,2,0.300000,0.8099393757612392,0.9057711581949571,final
medium,6,fc,2,0.325000,0.7930762420195804,0.890711887570984,final
medium,6,fc,2,0.350000,0.779186268620405,0.8748433439638938,final
medium,6,fc,2,0.375000,0.7684720851344499,0.8582411612720591,final
medium,6,fc,2,0.400000,0.7608686317996647,0.8409817294902436,final
medium,6,fc,2,0.425000,0.7560609396073924,0.8231415415386202,final
medium,6,fc,2,0.450000,0.7535364746026164,0.8047965857616002,final
medium,6,fc,2,0.475000,0.7526639101380187,0.7860217887637229,final
medium,6,fc,2,0.500000,0.7527832616096017,0.7668905116525188,final
medium,6,fc,2,0.525000,0.7532896177132979,0.7474741013425734,final
medium,6,fc,2,0.550000,0.7536956928956697,0.72784149735908,final
medium,6,fc,2,0.575000,0.7536655966860055,0.7080588935663934,final
medium,6,fc,2,0.600000,0.7530201738157021,0.6881894534295714,final
medium,6,fc,2,0.625000,0.7517200467227309,0.668293076778535,final
medium,6,fc,2,0.650000,0.7498349787525405,0.6484262155643347,final
medium,6,fc,2,0.675000,0.7475079091623564,0.6286417357517053,final
medium,6,fc,2,0.700000,0.7449201696900764,0.6089888222581751,final
medium,6,fc,2,0.725000,0.7422620376717508,0.589512923705394,final
medium,6,fc,2,0.750000,0.7397106151071556,0.570255733673549,final
medium,6,fc,2,0.775000,0.7374154202708239,0.551255205128223,final
medium,6,fc,2,0.800000,0.735491141236021,0.5325455947076924,final
medium,6,fc,2,0.825000,0.7340166103762642,0.5141575336073486,final
medium,6,fc,2,0.850000,0.7330389601440871,0.49611812186950627,final
medium,6,fc,2,0.875000,0.7325818464535947,0.4784510429764151,final
medium,6,fc,2,0.900000,0.7326564193840875,0.4611766957488485,final
medium,6,fc,2,0.925000,0.7332733957201887,0.4443123406704296,final
medium,6,fc,2,0.950000,0.7344543060655723,0.4278722578879763,final
medium,6,fc,2,0.975000,0.7362399646643428,0.4118679142800541,final
medium,6,fc,2,1.000000,0.738694587136067,0.39630813713912205,final
medium,6,fc,2,1.025000,0.7419047503875307,0.38119929217645976,final
medium,6,fc,2,1.050000,0.7459733787830857,0.3665454637324295,final
medium,6,fc,2,1.075000,0.751009888268231,0.35234863525610427,final
medium,6,fc,2,1.100000,0.7571182779169399,0.3386088683060421,final
medium,6,fc,2,1.125000,0.7643851845208073,0.325324478515772,final
medium,6,fc,2,1.150000,0.7728697103298526,0.31249220716094483,final
medium,6,fc,2,1.175000,0.7825963143043855,0.3001073871574854,final
medium,6,fc,2,1.200000,0.7935513966183949,0.28816410250883695,final
medium,6,fc,2,1.225000,0.805683569399345,0.27665534040303363,final
medium,6,fc,2,1.250000,0.8189071078005187,0.2655731353345545,final
medium,6,fc,2,1.275000,0.8331077657440324,0.2549087047897165,final
medium,6,fc,2,1.300000,0.8481500189788646,0.24465257618608027,final
medium,6,fc,2,1.325000,0.8638848307192278,0.234794704894746,final
medium,6,fc,2,1.350000,0.8801571742309712,0.22532458329861285,final
medium,6,fc,2,1.375000,0.8968127435418002,0.21623134094921204,final
medium,6,fc,2,1.400000,0.9137034959001292,0.2075038359795181,final
medium,6,fc,2,1.425000,0.930691866066138,0.199130738010403,final
medium,6,fc,2,1.450000,0.9476536529367696,0.19110060285465802,final
medium,6,fc,2,1.475000,0.9644796942488342,0.18340193937552854,final
medium,6,fc,2,1.500000,0.9810765149686326,0.17602326889740094,final
medium,6,fc,2,1.525000,0.997366165437991,0.16895317759573308,final
medium,6,fc,2,1.550000,1.0132854656568429,0.16218036231265762,final
medium,6,fc,2,1.575000,1.0287848522732768,0.15569367025510647,final
medium,6,fc,2,1.600000,1.0438269939772604,0.14948213303498506,final
medium,6,fc,2,1.625000,1.0583853061811879,0.1435349955070108,final
medium,6,fc,2,1.650000,1.0724424620505688,0.13784173985045117,final
medium,6,fc,2,1.675000,1.0859889670473595,0.13239210532712925,final
medium,6,fc,2,1.700000,1.0990218395086122,0.12717610413072902,final
medium,6,fc,2,1.725000,1.1115434206435812,0.12218403372238908,final
medium,6,fc,2,1.750000,1.1235603232622753,0.11740648602565415,final
medium,6,fc,2,1.775000,1.1350825187824345,0.11283435383068481,final
medium,6,fc,2,1.800000,1.1461225557315098,0.1084588347337509,final
medium,6,fc,2,1.825000,1.1566948992340464,0.1042714329139894,final
medium,6,fc,2,1.850000,1.166815379130794,0.10026395902552457,final
medium,6,fc,2,1.875000,1.1765007338271074,0.09642852845968962,final
medium,6,fc,2,1.900000,1.1857682372620504,0.09275755820948363,final
medium,6,fc,2,1.925000,1.1946353971917385,0.08924376254675773,final
medium,6,fc,2,1.950000,1.2031197140538739,0.08588014770206033,final
medium,6,fc,2,1.975000,1.2112384908640086,0.08266000571771653,final
medium,6,fc,2,2.000000,1.2190086857835616,0.07957690762659296,final
medium,6,fc,2,2.025000,1.2264468001314677,0.07662469609216203,final
medium,6,fc,2,2.050000,1.233568795650636,0.0737974776299044,final
medium,6,fc,2,2.075000,1.2403900357712339,0.07108961451578498,final
medium,6,fc,2,2.100000,1.2469252464314953,0.06849571647443305,final
medium,6,fc,2,2.125000,1.2531884927272676,0.06601063222774378,final
medium,6,fc,2,2.150000,1.2591931682717443,0.06362944097380911,final
medium,6,fc,2,2.175000,1.264951994666964,0.06134744385632948,final
medium,6,fc,2,2.200000,1.2704770289292662,0.05916015547589158,final
medium,6,fc,2,2.225000,1.2757796770824295,0.05706329548664664,final
medium,6,fc,2,2.250000,1.2808707124444296,0.05505278031492643,final
medium,6,fc,2,2.275000,1.285760297395359,0.05312471503010885,final
medium,6,fc,2,2.300000,1.2904580076328735,0.0512753853925513,final
medium,6,fc,2,2.325000,1.2949728581041926,0.049501250098557395,final
medium,6,fc,2,2.350000,1.299313329956119,0.047798933238089425,final
medium,6,fc,2,2.375000,1.3034873979714772,0.046165216977224074,final
medium,6,fc,2,2.400000,1.307502558066141,0.044597034474109544,final
medium,6,fc,2,2.425000,1.3113658545087847,0.04309146303439602,final
medium,6,fc,2,2.450000,1.3150839065986288,0.04164571750968536,final
medium,6,fc,2,2.475000,1.3186629345971843,0.040257143940502574,final
medium,6,fc,2,2.500000,1.3221087847603699,0.038923213443524764,final
medium,6,fc,2,2.525000,1.3254269533590473,0.03764151634132921,final
medium,6,fc,2,2.550000,1.3286226096104286,0.036409756531684365,final
medium,6,fc,2,2.575000,1.3317006174711055,0.03522574609238472,final
medium,6,fc,2,2.600000,1.3346655562656098,0.034087400116785065,final
medium,6,fc,2,2.625000,1.3375217401432622,0.03299273177452561,final
medium,6,fc,2,2.650000,1.3402732363712688,0.03193984759139919,final
medium,6,fc,2,2.675000,1.342923882484172,0.030926942941904803,final
medium,6,fc,2,2.700000,1.3454773023192952,0.029952297747731768,final
medium,6,fc,2,2.725000,1.3479369209752037,0.02901427237521226,final
medium,6,fc,2,2.750000,1.3503059787357348,0.02811130372463498,final
medium,6,fc,2,2.775000,1.3525875440061197,0.027241901504269916,final
medium,6,fc,2,2.800000,1.3547845253104265,0.026404644681927984,final
medium,6,fc,2,2.825000,1.3568996824011517,0.025598178106928483,final
medium,6,fc,2,2.850000,1.3589356365325025,0.024821209295431242,final
medium,6,fc,2,2.875000,1.3608948799488718,0.024072505372191445,final
medium,6,fc,2,2.900000,1.36277978463939,0.023350890161948933,final
medium,6,fc,2,2.925000,1.364592610408305,0.022655241423814636,final
medium,6,fc,2,2.950000,1.3663355123094463,0.02198448822219974,final
medium,6,fc,2,2.975000,1.368010547491224,0.021337608428025324,final
medium,6,fc,2,3.000000,1.3696196814965924,0.020713626344142904,final
medium,6,fc,2,3.025000,1.371164794060232,0.020111610449121096,final
medium,6,fc,2,3.050000,1.3726476844429087,0.019530671253741985,final
medium,6,fc,2,3.075000,1.3740700763406426,0.018969959264783273,final
medium,6,fc,2,3.100000,1.375433622403946,0.01842866305087054,final
medium,6,fc,2,3.125000,1.3767399084000576,0.01790600740538857,final
medium,6,fc,2,3.150000,1.3779904570487773,0.01740125160166688,final
medium,6,fc,2,3.175000,1.3791867315602824,0.01691368773584563,final
medium,6,fc,2,3.200000,1.3803301389011249,0.016442639153041987,final
medium,6,fc,2,3.225000,1.3814220328125373,0.015987458952627043,final
medium,6,fc,2,3.250000,1.3824637166031997,0.01554752856862642,final
medium,6,fc,2,3.275000,1.3834564457367609,0.015122256421425359,final
medium,6,fc,2,3.300000,1.3844014302326237,0.014711076637163482,final
medium,6,fc,2,3.325000,1.3852998368968932,0.014313447831357885,final
medium,6,fc,2,3.350000,1.386152791398816,0.013928851953473702,final
medium,6,fc,2,3.375000,1.3869613802066512,0.013556793189317143,final
medium,6,fc,2,3.400000,1.387726652395567,0.013196796918281035,final
medium,6,fc,2,3.425000,1.3884496213389719,0.012848408722622606,final
medium,6,fc,2,3.450000,1.38913126629357,0.012511193446095005,final
medium,6,fc,2,3.475000,1.3897725338874054,0.012184734299390572,final
medium,6,fc,2,3.500000,1.3903743395192618,0.011868632009980432,final
medium,6,fc,2,3.525000,1.3909375686769219,0.011562504014061415,final
medium,6,fc,2,3.550000,1.3914630781810375,0.011265983688439207,final
medium,6,fc,2,3.575000,1.3919516973606885,0.010978719620289117,final
medium,6,fc,2,3.600000,1.392404229166065,0.010700374912838966,final
medium,6,fc,2,3.625000,1.3928214512231794,0.010430626525124654,final
medium,6,fc,2,3.650000,1.3932041168349978,0.010169164644067214,final
medium,6,fc,2,3.675000,1.3935529559329427,0.00991569208720407,final
medium,6,fc,2,3.700000,1.3938686759823193,0.009669923734501585,final
medium,6,fc,2,3.725000,1.3941519628448682,0.009431585987756015,final
medium,6,fc,2,3.750000,1.3944034816013207,0.009200416256170275,final
medium,6,fc,2,3.775000,1.3946238773365673,0.008976162466764602,final
medium,6,fc,2,3.800000,1.3948137758897885,0.008758582598353621,final
medium,6,fc,2,3.825000,1.3949737845716823,0.00854744423788731,final
medium,6,fc,2,3.850000,1.3951044928507308,0.008342524158018077,final
medium,6,fc,2,3.875000,1.3952064730102658,0.008143607914814084,final
medium,6,fc,2,3.900000,1.3952802807779479,0.007950489464597189,final
medium,6,fc,2,3.925000,1.395326455929136,0.007762970798941056,final
medium,6,fc,2,3.950000,1.395345522865502,0.007580861596905375,final
medium,6,fc,2,3.975000,1.3953379911701393,0.007403978893646075,final
medium,6,fc,2,4.000000,1.3953043561403227,0.0072321467645740005,final
medium,6,fc,2,4.025000,1.3952450992989838,0.0070651960242810626,final
medium,6,fc,2,4.050000,1.3951606888859083,0.00690296393950086,final
medium,6,fc,2,4.075000,1.3950515803295716,0.006745293955398438,final
medium,6,fc,2,4.100000,1.3949182167004879,0.00659203543452906,final
medium,6,fc,2,4.125000,1.3947610291468864,0.0064430434078363,final
medium,6,fc,2,4.150000,1.3945804373134814,0.006298178337093973,final
medium,6,fc,2,4.175000,1.3943768497440603,0.006157305888229191,final
medium,6,fc,2,4.200000,1.394150664268565,0.006020296714986096,final
medium,6,fc,2,4.225000,1.393902268375319,0.005887026252428785,final
medium,6,fc,2,4.250000,1.3936320395690225,0.005757374519800969,final
medium,6,fc,2,4.275000,1.393340345715073,0.005631225932281169,final
medium,6,fc,2,4.300000,1.3930275453707974,0.005508469121209777,final
medium,6,fc,2,4.325000,1.3926939881040987,0.005388996762367058,final
medium,6,fc,2,4.350000,1.3923400148000389,0.005272705411922309,final
medium,6,fc,2,4.375000,1.3919659579558317,0.005159495349679465,final
medium,6,fc,2,4.400000,1.391572141964708,0.005049270429270179,final
medium,6,fc,2,4.425000,1.3911588833890969,0.004941937934961711,final
medium,6,fc,2,4.450000,1.390726491223545,0.004837408444764286,final
medium,6,fc,2,4.475000,1.390275267147773,0.004735595699538422,final
medium,6,fc,2,4.500000,1.389805505770266,0.00463641647781682,final
medium,6,fc,2,4.525000,1.3893174948627647,0.004539790476073858,final
medium,6,fc,2,4.550000,1.3888115155860128,0.0044456401941804025,final
medium,6,fc,2,4.575000,1.3882878427071086,0.0043538908258078015,final
medium,6,fc,2,4.600000,1.3877467448087832,0.004264470153542824,final
medium,6,fc,2,4.625000,1.3871884844909264,0.004177308448501121,final
medium,6,fc,2,4.650000,1.3866133185646545,0.00409233837422035,final
medium,6,fc,2,4.675000,1.3860214982392278,0.004009494894645649,final
medium,6,fc,2,4.700000,1.3854132693020709,0.003928715186011864,final
medium,6,fc,2,4.725000,1.384788872292188,0.003849938552444208,final
medium,6,fc,2,4.750000,1.3841485426672198,0.0037731063451085585,final
medium,6,fc,2,4.775000,1.383492510964384,0.003698161884748136,final
medium,6,fc,2,4.800000,1.3828210029555505,0.0036250503874534,final
medium,6,fc,2,4.825000,1.3821342397966614,0.0035537188935180495,final
medium,6,fc,2,4.850000,1.3814324381717336,0.0034841161992384935,final
medium,6,fc,2,4.875000,1.3807158104316382,0.003416192791532784,final
medium,6,fc,2,4.900000,1.379984564727863,0.003349900785240403,final
medium,6,fc,2,4.925000,1.3792389051414582,0.0032851938629953315,final
medium,6,fc,2,4.950000,1.3784790318073414,0.0032220272175482114,final
medium,6,fc,2,4.975000,1.3777051410341448,0.003160357496432501,final
medium,6,fc,2,5.000000,1.3769174254197767,0.0031001427488730796,final
medium,6,fc,2,5.025000,1.3761160739628615,0.0030413423748346722,final
medium,6,fc,2,5.050000,1.37530127217021,0.0029839170761159985,final
medium,6,fc,2,5.075000,1.3744732021604835,0.0029278288094051505,final
medium,6,fc,2,5.100000,1.3736320427641855,0.0028730407412039653,final
medium,6,fc,2,5.125000,1.372777969620123,0.0028195172045440277,final
medium,6,fc,2,5.150000,1.371911155268482,0.002767223657416334,final
medium,6,fc,2,5.175000,1.3710317692406304,0.002716126642840039,final
medium,6,fc,2,5.200000,1.3701399781457795,0.0026661937504989823,final
medium,6,fc,2,5.225000,1.3692359457546286,0.0026173935798797948,final
medium,6,fc,2,5.250000,1.3683198330800899,0.00256969570484818,final
medium,6,fc,2,5.275000,1.3673917984552264,0.002523070639600119,final
medium,6,fc,2,5.300000,1.366451997608484,0.002477489805931105,final
medium,6,fc,2,5.325000,1.365500583736336,0.0024329255017677574,final
medium,6,fc,2,5.350000,1.3645377075734266,0.002389350870906149,final
medium,6,fc,2,5.375000,1.3635635174603156,0.0023467398739123713,final
medium,6,fc,2,5.400000,1.362578159408901,0.002305067260127343,final
medium,6,fc,2,5.425000,1.3615817771656222,0.0022643085407395933,final
medium,6,fc,2,5.450000,1.360574512272508,0.0022244399628739303,final
medium,6,fc,2,5.475000,1.3595565041261595,0.002185438484659717,final
medium,6,fc,2,5.500000,1.3585278900347473,0.002147281751233332,final
medium,6,fc,2,5.525000,1.3574888052730825,0.00210994807163994,final
medium,6,fc,2,5.550000,1.3564393831358483,0.002073416396598594,final
medium,6,fc,2,5.575000,1.3553797549890394,0.002037666297088671,final
medium,6,fc,2,5.600000,1.354310050319699,0.002002677943734377,final
medium,6,fc,2,5.625000,1.3532303967839925,0.0019684320869470203,final
medium,6,fc,2,5.650000,1.3521409202536923,0.001934910037795905,final
medium,6,fc,2,5.675000,1.351041744861126,0.0019020936495821128,final
medium,6,fc,2,5.700000,1.3499329930426425,0.0018699653000843219,final
medium,6,fc,2,5.725000,1.3488147855806505,0.0018385078744475162,final
medium,6,fc,2,5.750000,1.3476872416442836,0.001807704748695522,final
medium,6,fc,2,5.775000,1.346550478828735,0.0017775397738341902,final
medium,6,fc,2,5.800000,1.3454046131933135,0.0017479972605298807,final
medium,6,fc,2,5.825000,1.3442497592982643,0.0017190619643353434,final
medium,6,fc,2,5.850000,1.3430860302404009,0.0016907190714431513,final
medium,6,fc,2,5.875000,1.341913537687583,0.0016629541849460688,final
medium,6,fc,2,5.900000,1.3407323919120957,0.0016357533115849763,final
medium,6,fc,2,5.925000,1.3395427018229473,0.0016091028489635777,final
medium,6,fc,2,5.950000,1.338344574997146,0.0015829895732162476,final
medium,6,fc,2,5.975000,1.3371381177099735,0.0015574006271040614,final
medium,6,fc,2,6.000000,1.3359234349643023,0.0015323235085293945,final
medium,6,fc,5,0.000000,1.0,0.9999990149527557,final
medium,6,fc,5,0.025000,0.9982601058800626,0.9995535545956326,final
medium,6,fc,5,0.050000,0.9930573803388703,0.9982182550348954,final
medium,6,fc,5,0.075000,0.9844613942526269,0.9959963639857915,final
medium,6,fc,5,0.100000,0.972625647584728,0.9928933046151531,final
medium,6,fc,5,0.125000,0.9578145812921638,0.988916689954814,final
medium,6,fc,5,0.150000,0.9404230158357895,0.9840763410260884,final
medium,6,fc,5,0.175000,0.9209848496977785,0.9783843067201043,final
medium,6,fc,5,0.200000,0.9001678732855588,0.9718548830579382,final
medium,6,fc,5,0.225000,0.8787523487945208,0.9645046291303571,final
medium,6,fc,5,0.250000,0.8575926570493928,0.95635237680383,final
medium,6,fc,5,0.275000,0.8375636212416515,0.9474192311874634,final
medium,6,fc,5,0.300000,0.8194956426922272,0.9377285588901255,final
medium,6,fc,5,0.325000,0.8041050351046048,0.9273059612587633,final
medium,6,fc,5,0.350000,0.7919276147970958,0.9161792300730569,final
medium,6,fc,5,0.375000,0.7832646044801618,0.904378283568314,final
medium,6,fc,5,0.400000,0.7781500712704896,0.8919350811532322,final
medium,6,fc,5,0.425000,0.7763478260445024,0.8788835157629997,final
medium,6,fc,5,0.450000,0.777381989293198,0.8652592834188174,final
medium,6,fc,5,0.475000,0.780598898198078,0.8510997302275789,final
medium,6,fc,5,0.500000,0.7852501112788746,0.8364436777241008,final
medium,6,fc,5,0.525000,0.7905802337461297,0.8213312281068833,final
medium,6,fc,5,0.550000,0.795902381998855,0.8058035515220902,final
medium,6,fc,5,0.575000,0.8006490384841682,0.789902658086808,final
medium,6,fc,5,0.600000,0.8043942914728264,0.7736711577926741,final
medium,6,fc,5,0.625000,0.8068511065433869,0.7571520117798487,final
medium,6,fc,5,0.650000,0.807851654259515,0.7403882787090609,final
medium,6,fc,5,0.675000,0.807319473937391,0.7234228600810844,final
medium,6,fc,5,0.700000,0.8052406653303436,0.7062982483585597,final
medium,6,fc,5,0.725000,0.8016389396578772,0.6890562816393245,final
medium,6,fc,5,0.750000,0.7965572476833818,0.6717379084223036,final
medium,6,fc,5,0.775000,0.7900471707466526,0.6543829657089731,final
medium,6,fc,5,0.800000,0.7821662088004394,0.6370299733105577,final
medium,6,fc,5,0.825000,0.7729822752291425,0.6197159468002725,final
medium,6,fc,5,0.850000,0.7625839030683188,0.6024762310788355,final
medium,6,fc,5,0.875000,0.7510938195582553,0.5853443560278541,final
medium,6,fc,5,0.900000,0.7386827756537759,0.5683519152265687,final
medium,6,fc,5,0.925000,0.7255800923146322,0.5515284682184035,final
medium,6,fc,5,0.950000,0.7120776134888953,0.5349014663486072,final
medium,6,fc,5,0.975000,0.698524817185362,0.5184962017644935,final
medium,6,fc,5,1.000000,0.6853146278928105,0.5023357787844921,final
medium,6,fc,5,1.025000,0.6728615607681836,0.4864411065080455,final
medium,6,fc,5,1.050000,0.6615755722352559,0.4708309112594444,final
medium,6,fc,5,1.075000,0.6518358246564327,0.45552176723692184,final
medium,6,fc,5,1.100000,0.6439682670184946,0.44052814357346226,final
medium,6,fc,5,1.125000,0.6382297014879856,0.42586246590588206,final
medium,6,fc,5,1.150000,0.6347993668489446,0.41153519049035014,final
medium,6,fc,5,1.175000,0.6337775828503875,0.3975548888910253,final
medium,6,fc,5,1.200000,0.6351900287522365,0.38392834129850273,final
medium,6,fc,5,1.225000,0.6389958609734174,0.370660636600358,final
medium,6,fc,5,1.250000,0.6450979788750423,0.3577552774211005,final
medium,6,fc,5,1.275000,0.6533541062469469,0.34521428846717805,final
medium,6,fc,5,1.300000,0.6635877727248181,0.3330383266483743,final
medium,6,fc,5,1.325000,0.6755986334040824,0.32122679159448314,final
medium,6,fc,5,1.350000,0.6891718131392571,0.30977793534049813,final
medium,6,fc,5,1.375000,0.7040861133976931,0.2986889701102368,final
medium,6,fc,5,1.400000,0.7201210053139727,0.2879561732835211,final
medium,6,fc,5,1.425000,0.7370623844805014,0.277574988782547,final
medium,6,fc,5,1.450000,0.754707102617186,0.26754012425636026,final
medium,6,fc,5,1.475000,0.7728663283574463,0.25784564357642004,final
medium,6,fc,5,1.500000,0.7913678250050297,0.24848505427970202,final
medium,6,fc,5,1.525000,0.8100572640110953,0.2394513897077521,final
medium,6,fc,5,1.550000,0.8287987152492697,0.2307372856900662,final
medium,6,fc,5,1.575000,0.8474744665929507,0.2223350517080542,final
medium,6,fc,5,1.600000,0.8659843256302089,0.2142367365518528,final
medium,6,fc,5,1.625000,0.8842445471938483,0.20643418854680623,final
medium,6,fc,5,1.650000,0.9021865143839501,0.198919110480207,final
medium,6,fc,5,1.675000,0.9197552808342655,0.19168310940259609,final
medium,6,fc,5,1.700000,0.9369080607424967,0.1847177415124742,final
medium,6,fc,5,1.725000,0.9536127326669362,0.17801455235952063,final
medium,6,fc,5,1.750000,0.9698464046220354,0.1715651126203154,final
medium,6,fc,5,1.775000,0.98559407229445,0.16536104971299231,final
medium,6,fc,5,1.800000,1.0008473894729253,0.15939407552411586,final
medium,6,fc,5,1.825000,1.0156035599287383,0.1536560105231757,final
medium,6,fc,5,1.850000,1.0298643526884144,0.14813880453823608,final
medium,6,fc,5,1.875000,1.0436352375053437,0.14283455446115373,final
medium,6,fc,5,1.900000,1.0569246339412028,0.13773551914301999,final
medium,6,fc,5,1.925000,1.0697432654184784,0.13283413173068498,final
medium,6,fc,5,1.950000,1.082103608558822,0.12812300968388157,final
medium,6,fc,5,1.975000,1.09401942779438,0.12359496270000238,final
medium,6,fc,5,2.000000,1.1055053854049663,0.11924299876040963,final
medium,6,fc,5,2.025000,1.1165767176194215,0.11506032849854929,final
medium,6,fc,5,2.050000,1.1272489680958253,0.11104036807640862,final
medium,6,fc,5,2.075000,1.1375377708692838,0.10717674074218457,final
medium,6,fc,5,2.100000,1.1474586756629577,0.10346327722860513,final
medium,6,fc,5,2.125000,1.1570270092543333,0.09989401513832925,final
medium,6,fc,5,2.150000,1.1662577673469299,0.09646319745030717,final
medium,6,fc,5,2.175000,1.175165532101462,0.09316527026902503,final
medium,6,fc,5,2.200000,1.1837644111219003,0.08999487992723759,final
medium,6,fc,5,2.225000,1.1920679942682733,0.08694686954211561,final
medium,6,fc,5,2.250000,1.2000893251803701,0.0840162751147613,final
medium,6,fc,5,2.275000,1.2078408848480617,0.08119832125375193,final
medium,6,fc,5,2.300000,1.215334584959137,0.07848841659474731,final
medium,6,fc,5,2.325000,1.222581769099578,0.07588214898026313,final
medium,6,fc,5,2.350000,1.229593220179267,0.07337528045640314,final
medium,6,fc,5,2.375000,1.23637917271343,0.0709637421366524,final
medium,6,fc,5,2.400000,1.2429493288115796,0.06864362897674837,final
medium,6,fc,5,2.425000,1.24931287691573,0.06641119449909502,final
medium,6,fc,5,2.450000,1.2554785124923595,0.06426284550016602,final
medium,6,fc,5,2.475000,1.2614544600215767,0.06219513676981234,final
medium,6,fc,5,2.500000,1.2672484957454027,0.060204765847302694,final
medium,6,fc,5,2.525000,1.2728679707378425,0.05828856783526772,final
medium,6,fc,5,2.550000,1.278319833944897,0.05644351028943357,final
medium,6,fc,5,2.575000,1.2836106549150552,0.05466668819911841,final
medium,6,fc,5,2.600000,1.2887466460018486,0.05295531907085509,final
medium,6,fc,5,2.625000,1.2937336838714164,0.05130673812520908,final
medium,6,fc,5,2.650000,1.29857733019105,0.04971839361481907,final
medium,6,fc,5,2.675000,1.3032828514105703,0.048187842269903004,final
medium,6,fc,5,2.700000,1.3078552375780954,0.046712744875897896,final
medium,6,fc,5,2.725000,1.3122992201562491,0.045290861986530255,final
medium,6,fc,5,2.750000,1.3166192888248434,0.04392004977442389,final
medium,6,fc,5,2.775000,1.3208197072721812,0.04259825602031256,final
medium,6,fc,5,2.800000,1.324904527990011,0.04132351624104625,final
medium,6,fc,5,2.825000,1.3288776060972132,0.04009394995580804,final
medium,6,fc,5,2.850000,1.3327426122250399,0.03890775708931617,final
medium,6,fc,5,2.875000,1.3365030445024395,0.037763214510238105,final
medium,6,fc,5,2.900000,1.3401622396840691,0.036658672702594416,final
medium,6,fc,5,2.925000,1.3437233834662463,0.03559255256754023,final
medium,6,fc,5,2.950000,1.3471895200376285,0.034563342352615975,final
medium,6,fc,5,2.975000,1.3505635609119544,0.03356959470530945,final
medium,6,fc,5,3.000000,1.3538482930900098,0.03260992384757856,final
medium,6,fc,5,3.025000,1.3570463865971447,0.03168300286784069,final
medium,6,fc,5,3.050000,1.3601604014414148,0.030787561126827977,final
medium,6,fc,5,3.075000,1.363192794035744,0.02992238177364323,final
medium,6,fc,5,3.100000,1.3661459231255844,0.02908629936830695,final
medium,6,fc,5,3.125000,1.3690220552614647,0.028278197607078143,final
medium,6,fc,5,3.150000,1.3718233698535358,0.02749700714683811,final
medium,6,fc,5,3.175000,1.374551963842972,0.02674170352486146,final
medium,6,fc,5,3.200000,1.3772098560227362,0.026011305170332698,final
medium,6,fc,5,3.225000,1.3797989910379194,0.025304871504035504,final
medium,6,fc,5,3.250000,1.3823212430936274,0.024621501122705596,final
medium,6,fc,5,3.275000,1.3847784193961754,0.02396033006461559,final
medium,6,fc,5,3.300000,1.3871722633512837,0.02332053015304608,final
medium,6,fc,5,3.325000,1.389504457540953,0.022701307414390606,final
medium,6,fc,5,3.350000,1.39177662649882,0.022101900567731217,final
medium,6,fc,5,3.375000,1.393990339302027,0.02152157958282148,final
medium,6,fc,5,3.400000,1.3961471119959705,0.020959644303520642,final
medium,6,fc,5,3.425000,1.3982484098667896,0.020415423133807592,final
medium,6,fc,5,3.450000,1.4002956495749979,0.019888271783622076,final
medium,6,fc,5,3.475000,1.4022902011623921,0.019377572071868618,final
medium,6,fc,5,3.500000,1.4042333899431554,0.018882730784027312,final
medium,6,fc,5,3.525000,1.4061264982889796,0.01840317858190917,final
medium,6,fc,5,3.550000,1.407970767317065,0.017938368963193514,final
medium,6,fc,5,3.575000,1.4097673984889143,0.017487777268482583,final
medium,6,fc,5,3.600000,1.4115175551270687,0.017050899733695963,final
medium,6,fc,5,3.625000,1.4132223638561605,0.01662725258572584,final
medium,6,fc,5,3.650000,1.4148829159740441,0.01621637117935688,final
medium,6,fc,5,3.675000,1.4165002687581338,0.015817809173541454,final
medium,6,fc,5,3.700000,1.4180754467115713,0.015431137745210538,final
medium,6,fc,5,3.725000,1.4196094427533943,0.015055944838867765,final
medium,6,fc,5,3.750000,1.4211032193564122,0.014691834450308115,final
medium,6,fc,5,3.775000,1.4225577096361752,0.014338425942863312,final
medium,6,fc,5,3.800000,1.4239738183940545,0.013995353394657682,final
medium,6,fc,5,3.825000,1.4253524231171832,0.013662264975421378,final
medium,6,fc,5,3.850000,1.4266943749377365,0.013338822351480577,final
medium,6,fc,5,3.875000,1.4280004995538125,0.0130247001176001,final
medium,6,fc,5,3.900000,1.4292715981139585,0.012719585254425991,final
medium,6,fc,5,3.925000,1.4305084480672317,0.012423176610320625,final
medium,6,fc,5,3.950000,1.4317118039804972,0.012135184406454037,final
medium,6,fc,5,3.975000,1.4328823983245647,0.011855329764055456,final
medium,6,fc,5,4.000000,1.4340209422305992,0.011583344252793145,final
medium,6,fc,5,4.025000,1.4351281262181772,0.011318969459285231,final
medium,6,fc,5,4.050000,1.436204620896229,0.011061956574806305,final
medium,6,fc,5,4.075000,1.43725107763804,0.010812066001288487,final
medium,6,fc,5,4.100000,1.4382681292314086,0.010569066974763647,final
medium,6,fc,5,4.125000,1.439256390504979,0.010332737205431649,final
medium,6,fc,5,4.150000,1.440216458931725,0.010102862533580738,final
medium,6,fc,5,4.175000,1.4411489152104848,0.009879236600621332,final
medium,6,fc,5,4.200000,1.442054323826418,0.009661660534531725,final
medium,6,fc,5,4.225000,1.4429332335912046,0.009449942649044966,final
medium,6,fc,5,4.250000,1.4437861781637507,0.009243898155941826,final
medium,6,fc,5,4.275000,1.4446136765521647,0.00904334888984183,final
medium,6,fc,5,4.300000,1.4454162335976888,0.008848123044917012,final
medium,6,fc,5,4.325000,1.4461943404412834,0.00865805492297805,final
medium,6,fc,5,4.350000,1.446948474973492,0.008472984692407837,final
medium,6,fc,5,4.375000,1.4476791022682265,0.008292758157448845,final
medium,6,fc,5,4.400000,1.448386675001059,0.008117226537362866,final
medium,6,fc,5,4.425000,1.449071633852592,0.007946246255021595,final
medium,6,fc,5,4.450000,1.449734407897462,0.007779678734485535,final
medium,6,fc,5,4.475000,1.4503754149795014,0.007617390207175521,final
medium,6,fc,5,4.500000,1.4509950620735736,0.00745925152623505,final
medium,6,fc,5,4.525000,1.4515937456345636,0.007305137988719207,final
medium,6,fc,5,4.550000,1.4521718519340012,0.007154929165255192,final
medium,6,fc,5,4.575000,1.452729757384774,0.007008508736834862,final
medium,6,fc,5,4.600000,1.4532678288543612,0.006865764338424728,final
medium,6,fc,5,4.625000,1.4537864239670146,0.006726587409077422,final
medium,6,fc,5,4.650000,1.4542858913952916,0.006590873048268464,final
medium,6,fc,5,4.675000,1.4547665711413362,0.0064585198781628465,final
medium,6,fc,5,4.700000,1.455228794808276,0.006329429911565912,final
medium,6,fc,5,4.725000,1.4556728858621115,0.006203508425289461,final
medium,6,fc,5,4.750000,1.4560991598844364,0.006080663838708088,final
medium,6,fc,5,4.775000,1.4565079248163335,0.005960807597265741,final
medium,6,fc,5,4.800000,1.4568994811937708,0.005843854060718774,final
medium,6,fc,5,4.825000,1.4572741223748051,0.005729720395912886,final
medium,6,fc,5,4.850000,1.457632134758906,0.005618326473881569,final
medium,6,fc,5,4.875000,1.457973797998677,0.0055095947710962845,final
medium,6,fc,5,4.900000,1.4582993852042667,0.005403450274670497,final
medium,6,fc,5,4.925000,1.4586091631407285,0.005299820391357137,final
medium,6,fc,5,4.950000,1.4589033924186012,0.00519863486017101,final
medium,6,fc,5,4.975000,1.45918232767794,0.005099825668480255,final
medium,6,fc,5,5.000000,1.4594462177660632,0.005003326971419181,final
medium,6,fc,5,5.025000,1.4596953059092244,0.004909075014477372,final
medium,6,fc,5,5.050000,1.459929829878446,0.004817008059132411,final
medium,6,fc,5,5.075000,1.4601500221497248,0.004727066311396233,final
medium,6,fc,5,5.100000,1.4603561100588145,0.004639191853146637,final
medium,6,fc,5,5.125000,1.4605483159507817,0.004553328576135116,final
medium,6,fc,5,5.150000,1.4607268573245324,0.004469422118547324,final
medium,6,fc,5,5.175000,1.460891946972492,0.0043874198040178055,final
medium,6,fc,5,5.200000,1.4610437931156053,0.0043072705829917705,final
medium,6,fc,5,5.225000,1.4611825995338426,0.004228924976334929,final
medium,6,fc,5,5.250000,1.4613085656923628,0.004152335021101629,final
medium,6,fc,5,5.275000,1.4614218868634978,0.004077454218365142,final
medium,6,fc,5,5.300000,1.4615227542447051,0.0040042374830345975,final
medium,6,fc,5,5.325000,1.4616113550726393,0.003932641095565119,final
medium,6,fc,5,5.350000,1.4616878727334774,0.003862622655491328,final
medium,6,fc,5,5.375000,1.461752486869638,0.0037941410367080836,final
medium,6,fc,5,5.400000,1.4618053734830212,0.003727156344421023,final
medium,6,fc,5,5.425000,1.4618467050348887,0.003661629873710311,final
medium,6,fc,5,5.450000,1.4618766505425222,0.0035975240696294233,final
medium,6,fc,5,5.475000,1.4618953756727464,0.003534802488785088,final
medium,6,fc,5,5.500000,1.4619030428324618,0.00347342976233753,final
medium,6,fc,5,5.525000,1.4618998112562631,0.0034133715603585552,final
medium,6,fc,5,5.550000,1.4618858370912675,0.003354594557501852,final
medium,6,fc,5,5.575000,1.4618612734792413,0.003297066399923296,final
medium,6,fc,5,5.600000,1.4618262706361254,0.0032407556734100657,final
medium,6,fc,5,5.625000,1.461780975929044,0.0031856318726634857,final
medium,6,fc,5,5.650000,1.4617255339508974,0.003131665371696122,final
medium,6,fc,5,5.675000,1.4616600865926073,0.003078827395293707,final
medium,6,fc,5,5.700000,1.4615847731131113,0.003027089991503894,final
medium,6,fc,5,5.725000,1.4614997302071748,0.0029764260051096687,final
medium,6,fc,5,5.750000,1.4614050920711055,0.0029268090520475788,final
medium,6,fc,5,5.775000,1.4613009904664271,0.002878213494739797,final
medium,6,fc,5,5.800000,1.4611875547816073,0.002830614418296118,final
medium,6,fc,5,5.825000,1.4610649120918808,0.00278398760755835,final
medium,6,fc,5,5.850000,1.4609331872172515,0.002738309524953898,final
medium,6,fc,5,5.875000,1.4607925027787285,0.00269355728912338,final
medium,6,fc,5,5.900000,1.4606429792528537,0.002649708654298654,final
medium,6,fc,5,5.925000,1.4604847350245898,0.0026067419903964785,final
medium,6,fc,5,5.950000,1.4603178864386093,0.0025646362638050363,final
medium,6,fc,5,5.975000,1.4601425478490542,0.0025233710188360442,final
medium,6,fc,5,6.000000,1.4599588316678023,0.002482926359813787,final
medium,7,fx,,0.000000,1.0,1.0,final
medium,7,fx,,0.025000,1.0000902713069288,1.0001371734503082,final
medium,7,fx,,0.050000,1.0003606727206467,1.0005484131007953,final
medium,7,fx,,0.075000,1.0008100837862446,1.0012328782849313,final
medium,7,fx,,0.100000,1.001436877782652,1.002189172660767,final
medium,7,fx,,0.125000,1.0022391122893013,1.0034153513166864,final
medium,7,fx,,0.150000,1.0032147020211866,1.0049089306249135,final
medium,7,fx,,0.175000,1.0043615718048273,1.0066669007499534,final
medium,7,fx,,0.200000,1.0056777883088108,1.0086857406950527,final
medium,7,fx,,0.225000,1.007161669804629,1.010961435747421,final
medium,7,fx,,0.250000,1.008811873806523,1.0134894971626558,final
medium,7,fx,,0.275000,1.0106274629194645,1.0162649839108355,final
medium,7,fx,,0.300000,1.0126079496144915,1.0192825262913066,final
medium,7,fx,,0.325000,1.014753320957139,1.022536351210436,final
medium,7,fx,,0.350000,1.01706404454792,1.0260203089066646,final
medium,7,fx,,0.375000,1.0195410571062016,1.0297279009001115,final
medium,7,fx,,0.400000,1.0221857372540504,1.0336523089397605,final
medium,7,fx,,0.425000,1.0249998641484457,1.0377864247198565,final
medium,7,fx,,0.450000,1.0279855636816233,1.0421228801384386,final
medium,7,fx,,0.475000,1.031145244031571,1.0466540778748243,final
medium,7,fx,,0.500000,1.0344815224069377,1.0513722220691275,final
medium,7,fx,,0.525000,1.0379971448991079,1.056269348895353,final
medium,7,fx,,0.550000,1.041694901431983,1.061337356830009,final
medium,7,fx,,0.575000,1.0455775378866043,1.0665680364302768,final
medium,7,fx,,0.600000,1.0496476675688318,1.0719530994492863,final
medium,7,fx,,0.625000,1.0539076842757837,1.0774842071307018,final
medium,7,fx,,0.650000,1.0583596792887107,1.0831529975403624,final
medium,7,fx,,0.675000,1.0630053646610407,1.0889511118088369,final
medium,7,fx,,0.700000,1.0678460051622385,1.0948702191752313,final
medium,7,fx,,0.725000,1.072882361160542,1.1009020407391494,final
medium,7,fx,,0.750000,1.078114644559678,1.1070383718441337,final
medium,7,fx,,0.775000,1.0835424896266173,1.1132711030320084,final
medium,7,fx,,0.800000,1.089164940143023,1.119592239523111,final
medium,7,fx,,0.825000,1.0949804537723289,1.1259939191922888,final
medium,7,fx,,0.850000,1.1009869238564733,1.1324684290245925,final
medium,7,fx,,0.875000,1.1071817180524512,1.139008220047757,final
medium,7,fx,,0.900000,1.113561732314826,1.1456059207506675,final
medium,7,fx,,0.925000,1.1201234577679127,1.152254349008086,final
medium,7,fx,,0.950000,1.1268630570484357,1.1589465225418367,final
medium,7,fx,,0.975000,1.1337764458080037,1.1656756679574736,final
medium,7,fx,,1.000000,1.140859374326674,1.172435228403129,final
medium,7,fx,,1.025000,1.148107503689352,1.1792188699038115,final
medium,7,fx,,1.050000,1.1555164707957974,1.1860204864298936,final
medium,7,fx,,1.075000,1.1630819366774048,1.192834203762979,final
medium,7,fx,,1.100000,1.1707996132195093,1.1996543822257886,final
medium,7,fx,,1.125000,1.1786652644427187,1.2064756183452223,final
medium,7,fx,,1.150000,1.1866746799470567,1.2132927455194251,final
medium,7,fx,,1.175000,1.1948236198931315,1.220100833760554,final
medium,7,fx,,1.200000,1.2031077328711903,1.2268951885850992,final
medium,7,fx,,1.225000,1.2115224500470791,1.2336713491231373,final
medium,7,fx,,1.250000,1.2200628609108284,1.2404250855168273,final
medium,7,fx,,1.275000,1.2287235776231995,1.2471523956769321,final
medium,7,fx,,1.300000,1.2374985962065927,1.2538495014641662,final
medium,7,fx,,1.325000,1.246381163538145,1.2605128443598486,final
medium,7,fx,,1.350000,1.2553636591972501,1.2671390806877225,final
medium,7,fx,,1.375000,1.2644375006724142,1.2737250764459462,final
medium,7,fx,,1.400000,1.2735930792745735,1.2802679018052352,final
medium,7,fx,,1.425000,1.2828197324205035,1.2867648253259727,final
medium,7,fx,,1.450000,1.2921057558707514,1.2932133079438641,final
medium,7,fx,,1.475000,1.3014384571940258,1.2996109967704328,final
medium,7,fx,,1.500000,1.3108042493631558,1.3059557187513589,final
medium,7,fx,,1.525000,1.3201887811446185,1.3122454742224083,final
medium,7,fx,,1.550000,1.3295770989850413,1.3184784303994812,final
medium,7,fx,,1.575000,1.3389538335530953,1.3246529148361825,final
medium,7,fx,,1.600000,1.3483034030513206,1.330767408879276,final
medium,7,fx,,1.625000,1.35761022491016,1.3368205411494571,final
medium,7,fx,,1.650000,1.3668589275092422,1.3428110810720784,final
medium,7,fx,,1.675000,1.376034554090108,1.3487379324797883,final
medium,7,fx,,1.700000,1.3851227519477667,1.3546001273065218,final
medium,7,fx,,1.725000,1.3941099412110127,1.360396819389886,final
medium,7,fx,,1.750000,1.4029834589283927,1.3661272783967613,final
medium,7,fx,,1.775000,1.411731675654123,1.3717908838848296,final
medium,7,fx,,1.800000,1.4203440831733203,1.3773871195108214,final
medium,7,fx,,1.825000,1.428811353333521,1.3829155673944546,final
medium,7,fx,,1.850000,1.4371253690968835,1.3883759026453952,final
medium,7,fx,,1.875000,1.445279229855229,1.3937678880590432,final
medium,7,fx,,1.900000,1.453267233740937,1.3990913689855675,final
medium,7,fx,,1.925000,1.461084840122775,1.4043462683753405,final
medium,7,fx,,1.950000,1.468728615714082,1.4095325820027964,final
medium,7,fx,,1.975000,1.4761961677691717,1.4146503738697032,final
medium,7,fx,,2.000000,1.4834860677362987,1.4196997717879212,final
medium,7,fx,,2.025000,1.490597768508313,1.4246809631409094,final
medium,7,fx,,2.050000,1.49753151810069,1.4295941908225116,final
medium,7,fx,,2.075000,1.5042882722233588,1.4344397493509262,final
medium,7,fx,,2.100000,1.5108696078255657,1.4392179811552137,final
medium,7,fx,,2.125000,1.5172776393046463,1.4439292730312083,final
medium,7,fx,,2.150000,1.523514938697352,1.4485740527633122,final
medium,7,fx,,2.175000,1.5295844608287605,1.4531527859082907,final
medium,7,fx,,2.200000,1.5354894740866036,1.4576659727369123,final
medium,7,fx,,2.225000,1.5412334972223383,1.4621141453290472,final
medium,7,fx,,2.250000,1.5468202423556592,1.4664978648176454,final
medium,7,fx,,2.275000,1.5522535641753785,1.470817718776893,final
medium,7,fx,,2.300000,1.5575374151841477,1.475074318749721,final
medium,7,fx,,2.325000,1.5626758067237156,1.479268297909802,final
medium,7,fx,,2.350000,1.567672775437241,1.483400308853113,final
medium,7,fx,,2.375000,1.572532354771217,1.4874710215141502,final
medium,7,fx,,2.400000,1.5772585510875778,1.491481121201892,final
medium,7,fx,,2.425000,1.5818553239425264,1.4954313067506453,final
medium,7,fx,,2.450000,1.586326570088812,1.4993222887809725,final
medium,7,fx,,2.475000,1.590676110769421,1.5031547880659621,final
medium,7,fx,,2.500000,1.5949076818899868,1.5069295339981974,final
medium,7,fx,,2.525000,1.5990249266823795,1.5106472631528727,final
medium,7,fx,,2.550000,1.6030313905008022,1.514308717942618,final
medium,7,fx,,2.575000,1.6069305174227693,1.5179146453597039,final
medium,7,fx,,2.600000,1.6107256483591819,1.5214657958014208,final
medium,7,fx,,2.625000,1.6144200204094428,1.5249629219745588,final
medium,7,fx,,2.650000,1.6180167672282921,1.5284067778750356,final
medium,7,fx,,2.675000,1.621518920200356,1.5317981178388593,final
medium,7,fx,,2.700000,1.6249294102457943,1.5351376956607474,final
medium,7,fx,,2.725000,1.628251070105779,1.538426263776851,final
medium,7,fx,,2.750000,1.6314866369795755,1.5416645725081797,final
medium,7,fx,,2.775000,1.6346387554058248,1.5448533693614435,final
medium,7,fx,,2.800000,1.637709980299149,1.5479933983841754,final
medium,7,fx,,2.825000,1.6407027800695684,1.5510853995711167,final
medium,7,fx,,2.850000,1.6436195397665094,1.5541301083189827,final
medium,7,fx,,2.875000,1.6464625642015533,1.5571282549268526,final
medium,7,fx,,2.900000,1.6492340810146442,1.5600805641395499,final
medium,7,fx,,2.925000,1.651936243657451,1.562987754731498,final
medium,7,fx,,2.950000,1.6545711342750693,1.5658505391286572,final
medium,7,fx,,2.975000,1.657140766473467,1.5686696230662598,final
medium,7,fx,,3.000000,1.659647087965122,1.5714457052801694,final
medium,7,fx,,3.025000,1.6620919830893777,1.5741794772298021,final
medium,7,fx,,3.050000,1.6644772752072226,1.5768716228506432,final
medium,7,fx,,3.075000,1.6668047289726688,1.5795228183344976,final
medium,7,fx,,3.100000,1.6690760524847261,1.5821337319357038,final
medium,7,fx,,3.125000,1.671292899325292,1.5847050238016365,final
medium,7,fx,,3.150000,1.6734568704891366,1.587237345825908,final
medium,7,fx,,3.175000,1.6755695162127007,1.5897313415227634,final
medium,7,fx,,3.200000,1.6776323377086693,1.592187645921248,final
medium,7,fx,,3.225000,1.679646788813289,1.5946068854777975,final
medium,7,fx,,3.250000,1.6816142775532827,1.5969896780059818,final
medium,7,fx,,3.275000,1.6835361676388942,1.5993366326221994,final
medium,7,fx,,3.300000,1.6854137798892899,1.601648349706187,final
medium,7,fx,,3.325000,1.6872483935960711,1.6039254208752762,final
medium,7,fx,,3.350000,1.68904124783023,1.6061684289713845,final
medium,7,fx,,3.375000,1.6907935426973861,1.6083779480597964,final
medium,7,fx,,3.400000,1.6925064405456842,1.6105545434388309,final
medium,7,fx,,3.425000,1.6941810671302626,1.6126987716595576,final
medium,7,fx,,3.450000,1.6958185127377652,1.6148111805547691,final
medium,7,fx,,3.475000,1.6974198332739607,1.6168923092764607,final
medium,7,fx,,3.500000,1.6989860513171284,1.6189426883411182,final
medium,7,fx,,3.525000,1.7005181571395562,1.6209628396821578,final
medium,7,fx,,3.550000,1.7020171096991372,1.622953276708899,final
medium,7,fx,,3.575000,1.7034838376028014,1.6249145043714908,final
medium,7,fx,,3.600000,1.7049192400432451,1.6268470192312494,final
medium,7,fx,,3.625000,1.7063241877102215,1.6287513095359003,final
medium,7,fx,,3.650000,1.7076995236774486,1.630627855299244,final
medium,7,fx,,3.675000,1.7090460642660383,1.632477128384804,final
medium,7,fx,,3.700000,1.7103645998852177,1.6342995925930408,final
medium,7,fx,,3.725000,1.711655895850979,1.6360957037517374,final
medium,7,fx,,3.750000,1.7129206931832313,1.6378659098091999,final
medium,7,fx,,3.775000,1.714159709381917,1.6396106509299275,final
medium,7,fx,,3.800000,1.7153736391825245,1.641330359592442,final
medium,7,fx,,3.825000,1.7165631552913625,1.6430254606889751,final
medium,7,fx,,3.850000,1.7177289091009313,1.6446963716267469,final
medium,7,fx,,3.875000,1.7188715313857077,1.6463435024305744,final
medium,7,fx,,3.900000,1.7199916329786273,1.6479672558465768,final
medium,7,fx,,3.925000,1.7210898054285586,1.6495680274467555,final
medium,7,fx,,3.950000,1.7221666216390352,1.651146205734246,final
medium,7,fx,,3.975000,1.7232226364885277,1.6527021722490547,final
medium,7,fx,,4.000000,1.7242583874325377,1.654236301674099,final
medium,7,fx,,4.025000,1.7252743950877922,1.6557489619413992,final
medium,7,fx,,4.050000,1.7262711637988324,1.6572405143382634,final
medium,7,fx,,4.075000,1.727249182187297,1.6587113136133356,final
medium,7,fx,,4.100000,1.7282089236842066,1.6601617080823763,final
medium,7,fx,,4.125000,1.7291508470455637,1.6615920397336599,final
medium,7,fx,,4.150000,1.7300753968516007,1.663002644332885,final
medium,7,fx,,4.175000,1.7309830039899994,1.6643938515274967,final
medium,7,fx,,4.200000,1.7318740861234307,1.6657659849503361,final
medium,7,fx,,4.225000,1.732749048141761,1.6671193623225302,final
medium,7,fx,,4.250000,1.7336082825992736,1.668454295555556,final
medium,7,fx,,4.275000,1.7344521701372762,1.6697710908524037,final
medium,7,fx,,4.300000,1.7352810798924403,1.6710700488077885,final
medium,7,fx,,4.325000,1.7360953698912558,1.672351464507346,final
medium,7,fx,,4.350000,1.7368953874309518,1.6736156276257725,final
medium,7,fx,,4.375000,1.737681469447265,1.6748628225238602,final
medium,7,fx,,4.400000,1.7384539428694163,1.6760933283443924,final
medium,7,fx,,4.425000,1.739213124962662,1.6773074191068635,final
medium,7,fx,,4.450000,1.7399593236587911,1.6785053638009961,final
medium,7,fx,,4.475000,1.7406928378749238,1.6796874264790258,final
medium,7,fx,,4.500000,1.7414139578209722,1.6808538663467358,final
medium,7,fx,,4.525000,1.742122965296118,1.682004937853222,final
medium,7,fx,,4.550000,1.7428201339746578,1.6831408907793708,final
medium,7,fx,,4.575000,1.7435057296815564,1.6842619703250405,final
medium,7,fx,,4.600000,1.7441800106580492,1.685368417194935,final
medium,7,fx,,4.625000,1.7448432278176256,1.6864604676831623,final
medium,7,fx,,4.650000,1.745495624992715,1.687538353756474,final
medium,7,fx,,4.675000,1.7461374391723974,1.6886023031361845,final
medium,7,fx,,4.700000,1.7467689007314493,1.6896525393787643,final
medium,7,fx,,4.725000,1.7473902336510234,1.6906892819551151,final
medium,7,fx,,4.750000,1.7480016557312623,1.691712746328525,final
medium,7,fx,,4.775000,1.7486033787961341,1.69272314403131,final
medium,7,fx,,4.800000,1.7491956088907659,1.6937206827401463,final
medium,7,fx,,4.825000,1.7497785464715505,1.6947055663501032,final
medium,7,fx,,4.850000,1.7503523865892918,1.695677995047382,final
medium,7,fx,,4.875000,1.7509173190656386,1.6966381653807714,final
medium,7,fx,,4.900000,1.7514735286630618,1.6975862703318307,final
medium,7,fx,,4.925000,1.7520211952486133,1.6985224993838095,final
medium,7,fx,,4.950000,1.7525604939516963,1.6994470385893194,final
medium,7,fx,,4.975000,1.7530915953160782,1.7003600706367672,final
medium,7,fx,,5.000000,1.753614665446356,1.701261774915565,final
medium,7,fx,,5.025000,1.7541298661490916,1.7021523275801298,final
medium,7,fx,,5.050000,1.7546373550688137,1.7030319016126885,final
medium,7,fx,,5.075000,1.7551372858190888,1.7039006668849015,final
medium,7,fx,,5.100000,1.755629808108841,1.7047587902183228,final
medium,7,fx,,5.125000,1.7561150678641133,1.7056064354437073,final
medium,7,fx,,5.150000,1.7565932073454351,1.7064437634591885,final
medium,7,fx,,5.175000,1.7570643652609752,1.7072709322873345,final
medium,7,fx,,5.200000,1.7575286768756329,1.708088097131107,final
medium,7,fx,,5.225000,1.7579862741162335,1.7088954104287313,final
medium,7,fx,,5.250000,1.7584372856729706,1.7096930219075017,final
medium,7,fx,,5.275000,1.7588818370972452,1.7104810786365339,final
medium,7,fx,,5.300000,1.7593200508960394,1.711259725078483,final
medium,7,fx,,5.325000,1.7597520466229601,1.7120291031402441,final
medium,7,fx,,5.350000,1.760177940966079,1.7127893522226525,final
medium,7,fx,,5.375000,1.7605978478326931,1.7135406092691985,final
medium,7,fx,,5.400000,1.76101187843113,1.714283008813776,final
medium,7,fx,,5.425000,1.7614201413497033,1.7150166830274802,final
medium,7,fx,,5.450000,1.7618227426329367,1.7157417617644724,final
medium,7,fx,,5.475000,1.7622197858551552,1.7164583726069251,final
medium,7,fx,,5.500000,1.7626113721915488,1.7171666409090691,final
medium,7,fx,,5.525000,1.7629976004868078,1.717866689840354,final
medium,7,fx,,5.550000,1.7633785673214142,1.7185586404277413,final
medium,7,fx,,5.575000,1.763754367075691,1.7192426115971444,final
medium,7,fx,,5.600000,1.7641250919916844,1.719918720214034,final
medium,7,fx,,5.625000,1.76449083223297,1.7205870811232205,final
medium,7,fx,,5.650000,1.7648516759424542,1.721247807187832,final
medium,7,fx,,5.675000,1.7652077092982559,1.7219010093275047,final
medium,7,fx,,5.700000,1.7655590165677326,1.7225467965557948,final
medium,7,fx,,5.725000,1.765905680159728,1.7231852760168345,final
medium,7,fx,,5.750000,1.7662477806751,1.7238165530212408,final
medium,7,fx,,5.775000,1.766585396955608,1.7244407310812953,final
medium,7,fx,,5.800000,1.7669186061312014,1.725057911945408,final
medium,7,fx,,5.825000,1.7672474836657872,1.7256681956318787,final
medium,7,fx,,5.850000,1.7675721034015217,1.7262716804619718,final
medium,7,fx,,5.875000,1.7678925376016859,1.7268684630923166,final
medium,7,fx,,5.900000,1.7682088569921972,1.727458638546647,final
medium,7,fx,,5.925000,1.7685211308018063,1.7280423002468948,final
medium,7,fx,,5.950000,1.7688294268010234,1.728619540043648,final
medium,7,fx,,5.975000,1.7691338113398347,1.7291904482459888,final
medium,7,fx,,6.000000,1.7694343493842322,1.7297551136507232,final
medium,7,fc,0.5,0.000000,1.0,0.9999961712608588,final
medium,7,fc,0.5,0.025000,0.9987810978007213,0.9983586646344352,final
medium,7,fc,0.5,0.050000,0.9951339837974881,0.9934854371990305,final
medium,7,fc,0.5,0.075000,0.9890952703204416,0.9854913576191164,final
medium,7,fc,0.5,0.100000,0.9807414071517228,0.9745583236306017,final
medium,7,fc,0.5,0.125000,0.970198942075395,0.9609224860044977,final
medium,7,fc,0.5,0.150000,0.9576504800921308,0.9448590526338713,final
medium,7,fc,0.5,0.175000,0.9433348491630947,0.9266665678644719,final
medium,7,fc,0.5,0.200000,0.9275403875397632,0.906652287270015,final
medium,7,fc,0.5,0.225000,0.910591120671146,0.8851197735940066,final
medium,7,fc,0.5,0.250000,0.8928268181017021,0.8623592877190294,final
medium,7,fc,0.5,0.275000,0.8745792909321568,0.838641066508284,final
medium,7,fc,0.5,0.300000,0.8561484575474342,0.8142112349444125,final
medium,7,fc,0.5,0.325000,0.8377822740682962,0.7892899055662282,final
medium,7,fc,0.5,0.350000,0.8196642935925733,0.7640709501109981,final
medium,7,fc,0.5,0.375000,0.801911313432624,0.738722947888542,final
medium,7,fc,0.5,0.400000,0.7845815265422412,0.7133908845188547,final
medium,7,fc,0.5,0.425000,0.7676913152636327,0.6881982632946789,final
medium,7,fc,0.5,0.450000,0.7512369377930802,0.663249379897375,final
medium,7,fc,0.5,0.475000,0.735216403242484,0.6386315887919551,final
medium,7,fc,0.5,0.500000,0.7196470839468877,0.614417452116793,final
medium,7,fc,0.5,0.525000,0.704575979068905,0.5906667090105318,final
medium,7,fc,0.5,0.550000,0.6900815813582339,0.5674280368849434,final
medium,7,fc,0.5,0.575000,0.6762683692277769,0.5447405987383155,final
medium,7,fc,0.5,0.600000,0.6632564364821073,0.5226353848308631,final
medium,7,fc,0.5,0.625000,0.6511693202459607,0.5011363652156074,final
medium,7,fc,0.5,0.650000,0.6401227005121023,0.4802614735958944,final
medium,7,fc,0.5,0.675000,0.6302156495399873,0.46002344418289265,final
medium,7,fc,0.5,0.700000,0.6215249732938695,0.4404305226879344,final
medium,7,fc,0.5,0.725000,0.6141023099087418,0.4214870710332323,final
medium,7,fc,0.5,0.750000,0.6079732333442096,0.4031940832949596,final
medium,7,fc,0.5,0.775000,0.6031376401815601,0.38554962812948085,final
medium,7,fc,0.5,0.800000,0.5995710101677156,0.36854923068108175,final
medium,7,fc,0.5,0.825000,0.5972265055937511,0.35218620484951263,final
medium,7,fc,0.5,0.850000,0.5960381145746287,0.3364519448742073,final
medium,7,fc,0.5,0.875000,0.5959250346949659,0.3213361834989273,final
medium,7,fc,0.5,0.900000,0.5967972347565901,0.306827222522449,final
medium,7,fc,0.5,0.925000,0.59856173178141,0.2929121403100752,final
medium,7,fc,0.5,0.950000,0.6011287545447856,0.2795769798212084,final
medium,7,fc,0.5,0.975000,0.6044168056583021,0.2668069198795077,final
medium,7,fc,0.5,1.000000,0.6083557728355611,0.25458643175180856,final
medium,7,fc,0.5,1.025000,0.6128876457466292,0.24289942258726716,final
medium,7,fc,0.5,1.050000,0.6179649313652037,0.23172936687701973,final
medium,7,fc,0.5,1.075000,0.6235473499617572,0.22105942680628568,final
medium,7,fc,0.5,1.100000,0.6295976923560358,0.21087256216631964,final
medium,7,fc,0.5,1.125000,0.6360777671469783,0.20115163035586586,final
medium,7,fc,0.5,1.150000,0.6429451942234494,0.1918794769158274,final
medium,7,fc,0.5,1.175000,0.6501514966639427,0.18303901699379402,final
medium,7,fc,0.5,1.200000,0.6576416110173919,0.1746133081159656,final
medium,7,fc,0.5,1.225000,0.6653546590975611,0.16658561464383392,final
medium,7,fc,0.5,1.250000,0.673225647933917,0.15893946430447428,final
medium,7,fc,0.5,1.275000,0.6811876957725922,0.15165869720073666,final
medium,7,fc,0.5,1.300000,0.6891744017444167,0.14472750772673904,final
medium,7,fc,0.5,1.325000,0.6971220532908958,0.13813047983167853,final
medium,7,fc,0.5,1.350000,0.704971466390233,0.13185261608906113,final
medium,7,fc,0.5,1.375000,0.7126693535528025,0.1258793610376418,final
medium,7,fc,0.5,1.400000,0.72016919750574,0.12019661926408308,final
medium,7,fc,0.5,1.425000,0.7274316675363719,0.11479076869543448,final
medium,7,fc,0.5,1.450000,0.734424650453388,0.1096486695622258,final
medium,7,fc,0.5,1.475000,0.7411229829255351,0.10475766948076473,final
medium,7,fc,0.5,1.500000,0.7475079721004494,0.10010560508677041,final
medium,7,fc,0.5,1.525000,0.7535667824152603,0.09568080063249802,final
medium,7,fc,0.5,1.550000,0.7592917529793014,0.09147206393676467,final
medium,7,fc,0.5,1.575000,0.7646796951627707,0.08746868005254455,final
medium,7,fc,0.5,1.600000,0.7697312061612965,0.08366040299072135,final
medium,7,fc,0.5,1.625000,0.7744500224272336,0.08003744581183542,final
medium,7,fc,0.5,1.650000,0.7788424273585076,0.07659046937076666,final
medium,7,fc,0.5,1.675000,0.7829167204660766,0.07331056997272188,final
medium,7,fc,0.5,1.700000,0.7866827501165707,0.07018926617305912,final
medium,7,fc,0.5,1.725000,0.7901515084895109,0.06721848492863296,final
medium,7,fc,0.5,1.750000,0.7933347852157489,0.06439054728477098,final
medium,7,fc,0.5,1.775000,0.7962448749341303,0.0616981537598125,final
medium,7,fc,0.5,1.800000,0.7988943334357823,0.059134369568493717,final
medium,7,fc,0.5,1.825000,0.8012957769416691,0.05669260980638358,final
medium,7,fc,0.5,1.850000,0.8034617192169679,0.05436662470009754,final
medium,7,fc,0.5,1.875000,0.8054044415498771,0.05215048501211195,final
medium,7,fc,0.5,1.900000,0.8071358910332522,0.050038567674637165,final
medium,7,fc,0.5,1.925000,0.8086676030325098,0.0480255417141179,final
medium,7,fc,0.5,1.950000,0.8100106441693523,0.04610635451642435,final
medium,7,fc,0.5,1.975000,0.8111755725783233,0.04427621847262877,final
medium,7,fc,0.5,2.000000,0.8121724125911645,0.042530598036290536,final
medium,7,fc,0.5,2.025000,0.8130106413674658,0.04086519721532707,final
medium,7,fc,0.5,2.050000,0.8136991853179036,0.03927594751474929,final
medium,7,fc,0.5,2.075000,0.8142464244591869,0.03775899634064951,final
medium,7,fc,0.5,2.100000,0.8146602030998135,0.03631069587080901,final
medium,7,fc,0.5,2.125000,0.8149478454853926,0.03492759239300612,final
medium,7,fc,0.5,2.150000,0.8151161752344502,0.033606416108520214,final
medium,7,fc,0.5,2.175000,0.8151715375730572,0.032344071395319085,final
medium,7,fc,0.5,2.200000,0.8151198235319389,0.03113762752295615,final
medium,7,fc,0.5,2.225000,0.8149664954053734,0.029984309809202872,final
medium,7,fc,0.5,2.250000,0.8147166128893513,0.028881491206847024,final
medium,7,fc,0.5,2.275000,0.814374859419175,0.027826684307850874,final
medium,7,fc,0.5,2.300000,0.8139455683156581,0.026817533751129878,final
medium,7,fc,0.5,2.325000,0.8134327484259871,0.025851809019539436,final
medium,7,fc,0.5,2.350000,0.8128401090114966,0.024927397611219253,final
medium,7,fc,0.5,2.375000,0.8121710836913781,0.024042298570184424,final
medium,7,fc,0.5,2.400000,0.8114288532998027,0.02319461636096361,final
medium,7,fc,0.5,2.425000,0.8106163675550875,0.022382555072118837,final
medium,7,fc,0.5,2.450000,0.809736365474265,0.021604412933645116,final
medium,7,fc,0.5,2.475000,0.8087913944955244,0.020858577133474034,final
medium,7,fc,0.5,2.500000,0.8077838282951563,0.020143518918636836,final
medium,7,fc,0.5,2.525000,0.806715883305516,0.019457788967005542,final
medium,7,fc,0.5,2.550000,0.8055896339566503,0.01880001301595232,final
medium,7,fc,0.5,2.575000,0.8044070266770966,0.018168887734721407,final
medium,7,fc,0.5,2.600000,0.8031698926994337,0.017563176827779654,final
medium,7,fc,0.5,2.625000,0.8018799597238025,0.016981707356906937,final
medium,7,fc,0.5,2.650000,0.80053886249816,0.016423366270288828,final
medium,7,fc,0.5,2.675000,0.7991481523778136,0.01588709712737786,final
medium,7,fc,0.5,2.700000,0.7977093059290715,0.015371897008789036,final
medium,7,fc,0.5,2.725000,0.796223732642835,0.014876813601008254,final
medium,7,fc,0.5,2.750000,0.7946927818239379,0.014400942446161183,final
medium,7,fc,0.5,2.775000,0.7931177487211204,0.01394342434758682,final
medium,7,fc,0.5,2.800000,0.7914998799609126,0.0135034429224213,final
medium,7,fc,0.5,2.825000,0.7898403783465456,0.013080222292847036,final
medium,7,fc,0.5,2.850000,0.7881404070803911,0.012673024908103358,final
medium,7,fc,0.5,2.875000,0.7864010934655187,0.012281149489774493,final
medium,7,fc,0.5,2.900000,0.7846235321388001,0.011903929093276212,final
medium,7,fc,0.5,2.925000,0.7828087878846857,0.0115407292788442,final
medium,7,fc,0.5,2.950000,0.7809578980754026,0.011190946385711102,final
medium,7,fc,0.5,2.975000,0.7790718747799309,0.010854005903492529,final
medium,7,fc,0.5,3.000000,0.7771517065807361,0.010529360935159847,final
medium,7,fc,0.5,3.025000,0.7751983601339414,0.010216490746280376,final
medium,7,fc,0.5,3.050000,0.7732127815054368,0.00991489939552285,final
medium,7,fc,0.5,3.075000,0.7711958973123391,0.00962411444170394,final
medium,7,fc,0.5,3.100000,0.7691486156963192,0.009343685722933544,final
medium,7,fc,0.5,3.125000,0.7670718271525445,0.009073184203666275,final
medium,7,fc,0.5,3.150000,0.7649664052354074,0.00881220088572273,final
medium,7,fc,0.5,3.175000,0.7628332071598036,0.00856034577956125,final
medium,7,fc,0.5,3.200000,0.7606730743145137,0.008317246932311853,final
medium,7,fc,0.5,3.225000,0.7584868327021689,0.008082549509281826,final
medium,7,fc,0.5,3.250000,0.7562752933184587,0.007855914925840547,final
medium,7,fc,0.5,3.275000,0.7540392524814906,0.007637020026771776,final
medium,7,fc,0.5,3.300000,0.751779492120732,0.007425556310355653,final
medium,7,fc,0.5,3.325000,0.7494967800335443,0.007221229194605152,final
medium,7,fc,0.5,3.350000,0.7471918701161339,0.007023757323232783,final
medium,7,fc,0.5,3.375000,0.7448655025746186,0.0068328719090709365,final
medium,7,fc,0.5,3.400000,0.7425184041209866,0.006648316112797191,final
medium,7,fc,0.5,3.425000,0.7401512881578498,0.006469844454954951,final
medium,7,fc,0.5,3.450000,0.7377648549551912,0.006297222259364868,final
medium,7,fc,0.5,3.475000,0.7353597918216547,0.006130225126150202,final
medium,7,fc,0.5,3.500000,0.7329367732723931,0.005968638432691078,final
medium,7,fc,0.5,3.525000,0.7304964611950244,0.005812256860931846,final
medium,7,fc,0.5,3.550000,0.7280395050148613,0.005660883949557558,final
medium,7,fc,0.5,3.575000,0.7255665418602438,0.005514331669634566,final
medium,7,fc,0.5,3.600000,0.7230781967285519,0.005372420022408773,final
medium,7,fc,0.5,3.625000,0.7205750826532343,0.0052349766580150085,final
medium,7,fc,0.5,3.650000,0.7180578008720327,0.0051018365139386904,final
medium,7,fc,0.5,3.675000,0.7155269409964214,0.0049728414721276004,final
medium,7,fc,0.5,3.700000,0.712983081182196,0.004847840033726076,final
medium,7,fc,0.5,3.725000,0.7104267883010384,0.004726687010453871,final
medium,7,fc,0.5,3.750000,0.7078586181128484,0.0046092432317188185,final
medium,7,fc,0.5,3.775000,0.7052791154385795,0.004495375266596954,final
medium,7,fc,0.5,3.800000,0.7026888143332922,0.00438495515987154,final
medium,7,fc,0.5,3.825000,0.7000882382591356,0.004277860181360855,final
medium,7,fc,0.5,3.850000,0.6974779002579591,0.00417397258781929,final
medium,7,fc,0.5,3.875000,0.6948583031232519,0.004073179396726176,final
medium,7,fc,0.5,3.900000,0.6922299395711544,0.003975372171325868,final
medium,7,fc,0.5,3.925000,0.689593292410254,0.003880446816315581,final
medium,7,fc,0.5,3.950000,0.6869488347099377,0.0037883033836064225,final
medium,7,fc,0.5,3.975000,0.684297029967077,0.0036988458876262074,final
medium,7,fc,0.5,4.000000,0.6816383322708481,0.0036119821296561735,final
medium,7,fc,0.5,4.025000,0.6789731864655049,0.0035276235307199755,final
medium,7,fc,0.5,4.050000,0.6763020283109654,0.003445684972579932,final
medium,7,fc,0.5,4.075000,0.673625284641075,0.0033660846464103494,final
medium,7,fc,0.5,4.100000,0.6709433735194364,0.0032887439087498005,final
medium,7,fc,0.5,4.125000,0.6682567043927267,0.0032135871443476484,final
medium,7,fc,0.5,4.150000,0.6655656782414267,0.003140541635555781,final
medium,7,fc,0.5,4.175000,0.6628706877279186,0.003069537437917249,final
medium,7,fc,0.5,4.200000,0.6601721173419075,0.003000507261639546,final
medium,7,fc,0.5,4.225000,0.6574703435431599,0.002933386358647509,final
medium,7,fc,0.5,4.250000,0.6547657349015393,0.002868112414932197,final
medium,7,fc,0.5,4.275000,0.652058652234355,0.0028046254479229715,final
medium,7,fc,0.5,4.300000,0.6493494487410284,0.002742867708632816,final
medium,7,fc,0.5,4.325000,0.64663847013511,0.0026827835883323843,final
medium,7,fc,0.5,4.350000,0.6439260547736718,0.0026243195295232785,final
medium,7,fc,0.5,4.375000,0.641212533784119,0.0025674239410017246,final
medium,7,fc,0.5,4.400000,0.6384982311884532,0.002512047116799274,final
medium,7,fc,0.5,4.425000,0.6357834640250515,0.0024581411588165073,final
medium,7,fc,0.5,4.450000,0.6330685424679968,0.0024056599029599174,final
medium,7,fc,0.5,4.475000,0.6303537699440243,0.0023545588486135268,final
medium,7,fc,0.5,4.500000,0.6276394432471332,0.002304795091278237,final
medium,7,fc,0.5,4.525000,0.6249258526509274,0.0022563272582273074,final
medium,7,fc,0.5,4.550000,0.6222132820187414,0.002209115447027629,final
medium,7,fc,0.5,4.575000,0.6195020089116076,0.002163121166787322,final
medium,7,fc,0.5,4.600000,0.6167923046941305,0.0021183072820026927,final
medium,7,fc,0.5,4.625000,0.614084434638322,0.0020746379588730468,final
medium,7,fc,0.5,4.650000,0.6113786580254575,0.002032078613968704,final
medium,7,fc,0.5,4.675000,0.6086752282460126,0.0019905958651390177,final
medium,7,fc,0.5,4.700000,0.6059743928977352,0.0019501574845522565,final
medium,7,fc,0.5,4.725000,0.6032763938819077,0.0019107323537686412,final
medium,7,fc,0.5,4.750000,0.6005814674978536,0.0018722904207485434,final
medium,7,fc,0.5,4.775000,0.5978898445357452,0.0018348026587054643,final
medium,7,fc,0.5,4.800000,0.5952017503677581,0.0017982410267173958,final
medium,7,fc,0.5,4.825000,0.5925174050376252,0.001762578432014152,final
medium,7,fc,0.5,4.850000,0.5898370233486346,0.0017277886938635106,final
medium,7,fc,0.5,4.875000,0.5871608149501256,0.0016938465089809934,final
medium,7,fc,0.5,4.900000,0.5844889844225146,0.0016607274183924714,final
medium,7,fc,0.5,4.925000,0.5818217313609116,0.001628407775686919,final
medium,7,fc,0.5,4.950000,0.5791592504573447,0.001596864716589041,final
medium,7,fc,0.5,4.975000,0.5765017315816554,0.0015660761297978003,final
medium,7,fc,0.5,5.000000,0.5738493598610931,0.001536020629028713,final
medium,7,fc,0.5,5.025000,0.5712023157586358,0.0015066775262095645,final
medium,7,fc,0.5,5.050000,0.5685607751500901,0.0014780268057724868,final
medium,7,fc,0.5,5.075000,0.5659249093999887,0.0014500490999996532,final
medium,7,fc,0.5,5.100000,0.5632948854363268,0.0014227256653687938,final
medium,7,fc,0.5,5.125000,0.5606708658241601,0.0013960383598590484,final
medium,7,fc,0.5,5.150000,0.5580530088381012,0.0013699696211715122,final
medium,7,fc,0.5,5.175000,0.5554414685337346,0.001344502445826072,final
medium,7,fc,0.5,5.200000,0.552836394817982,0.001319620369094148,final
medium,7,fc,0.5,5.225000,0.5502379335184424,0.0012953074457320137,final
medium,7,fc,0.5,5.250000,0.5476462264517278,0.0012715482314793827,final
medium,7,fc,0.5,5.275000,0.5450614114908205,0.0012483277652897444,final
medium,7,fc,0.5,5.300000,0.5424836226314751,0.0012256315522594916,final
medium,7,fc,0.5,5.325000,0.5399129900576796,0.0012034455472299352,final
medium,7,fc,0.5,5.350000,0.5373496402062043,0.0011817561390265222,final
medium,7,fc,0.5,5.375000,0.534793695830251,0.0011605501353155188,final
medium,7,fc,0.5,5.400000,0.5322452760622204,0.0011398147480441024,final
medium,7,fc,0.5,5.425000,0.5297044964756207,0.0011195375794464772,final
medium,7,fc,0.5,5.450000,0.52717146914613,0.0010997066085859438,final
medium,7,fc,0.5,5.475000,0.5246463027118213,0.0010803101784139062,final
medium,7,fc,0.5,5.500000,0.5221291024325845,0.0010613369833224516,final
medium,7,fc,0.5,5.525000,0.5196199702487313,0.0010427760571714813,final
medium,7,fc,0.5,5.550000,0.5171190048388281,0.0010246167617677558,final
medium,7,fc,0.5,5.575000,0.5146263016767432,0.001006848775780092,final
medium,7,fc,0.5,5.600000,0.5121419530879344,0.0009894620840704305,final
medium,7,fc,0.5,5.625000,0.5096660483049894,0.000972446967424831,final
medium,7,fc,0.5,5.650000,0.5071986735224228,0.0009557939926686374,final
medium,7,fc,0.5,5.675000,0.504739911950746,0.0009394940031462534,final
medium,7,fc,0.5,5.700000,0.5022898438698224,0.0009235381095562882,final
medium,7,fc,0.5,5.725000,0.49984854668150835,0.0009079176811237815,final
medium,7,fc,0.5,5.750000,0.49741609496160144,0.0008926243370957384,final
medium,7,fc,0.5,5.775000,0.4949925605110992,0.000877649938550017,final
medium,7,fc,0.5,5.800000,0.4925780124067718,0.0008629865805003556,final
medium,7,fc,0.5,5.825000,0.49017251705107123,0.0008486265842915688,final
medium,7,fc,0.5,5.850000,0.4877761382213728,0.0008345624902662513,final
medium,7,fc,0.5,5.875000,0.485388937118558,0.0008207870506999125,final
medium,7,fc,0.5,5.900000,0.48301097241495594,0.0008072932229858862,final
medium,7,fc,0.5,5.925000,0.48064230030164135,0.0007940741630678401,final
medium,7,fc,0.5,5.950000,0.47828297453509716,0.0007811232191043099,final
medium,7,fc,0.5,5.975000,0.47593304648325396,0.0007684339253583744,final
medium,7,fc,0.5,6.000000,0.4735925651709073,0.0007559999963054072,final
medium,7,fc,2,0.000000,1.0,0.9999979292399579,final
medium,7,fc,2,0.025000,0.9990837944036689,0.9992961010731113,final
medium,7,fc,2,0.050000,0.9963431674706592,0.9971948653968338,final
medium,7,fc,2,0.075000,0.9918096668105625,0.9937069079517921,final
medium,7,fc,2,0.100000,0.9855507036507392,0.9888531709729896,final
medium,7,fc,2,0.125000,0.9776793171278607,0.9826625583062567,final
medium,7,fc,2,0.150000,0.9683598682152328,0.9751715344708285,final
medium,7,fc,2,0.175000,0.9578084002309063,0.9664236288215278,final
medium,7,fc,2,0.200000,0.9462867447096387,0.95646885815437,final
medium,7,fc,2,0.225000,0.9340901367152028,0.9453630826547406,final
medium,7,fc,2,0.250000,0.9215290734718679,0.9331673109752425,final
medium,7,fc,2,0.275000,0.9089072471734657,0.919946970463837,final
medium,7,fc,2,0.300000,0.8964983597704089,0.9057711581949571,final
medium,7,fc,2,0.325000,0.8845251987520105,0.890711887570984,final
medium,7,fc,2,0.350000,0.8731442825671973,0.8748433439638938,final
medium,7,fc,2,0.375000,0.862438583084349,0.8582411612720591,final
medium,7,fc,2,0.400000,0.8524194205119229,0.8409817294902436,final
medium,7,fc,2,0.425000,0.8430369244480983,0.8231415415386202,final
medium,7,fc,2,0.450000,0.834196894145239,0.8047965857616002,final
medium,7,fc,2,0.475000,0.8257808681239794,0.7860217887637229,final
medium,7,fc,2,0.500000,0.8176659529207863,0.7668905116525188,final
medium,7,fc,2,0.525000,0.8097414500261173,0.7474741013425734,final
medium,7,fc,2,0.550000,0.8019203392351393,0.72784149735908,final
medium,7,fc,2,0.575000,0.7941449028333236,0.7080588935663934,final
medium,7,fc,2,0.600000,0.7863869013424433,0.6881894534295714,final
medium,7,fc,2,0.625000,0.7786435310461295,0.668293076778535,final
medium,7,fc,2,0.650000,0.770930828329395,0.6484262155643347,final
medium,7,fc,2,0.675000,0.7632762680330628,0.6286417357517053,final
medium,7,fc,2,0.700000,0.755712126337334,0.6089888222581751,final
medium,7,fc,2,0.725000,0.7482708436748187,0.589512923705394,final
medium,7,fc,2,0.750000,0.7409831967971998,0.570255733673549,final
medium,7,fc,2,0.775000,0.7338795954323758,0.551255205128223,final
medium,7,fc,2,0.800000,0.7269942633923663,0.5325455947076924,final
medium,7,fc,2,0.825000,0.7203714759259542,0.5141575336073486,final
medium,7,fc,2,0.850000,0.7140724907006192,0.49611812186950627,final
medium,7,fc,2,0.875000,0.7081814683855512,0.4784510429764151,final
medium,7,fc,2,0.900000,0.7028086749787262,0.4611766957488485,final
medium,7,fc,2,0.925000,0.698089668338631,0.4443123406704296,final
medium,7,fc,2,0.950000,0.6941799451062837,0.4278722578879763,final
medium,7,fc,2,0.975000,0.6912454762770894,0.4118679142800541,final
medium,7,fc,2,1.000000,0.6894504287822998,0.39630813713912205,final
medium,7,fc,2,1.025000,0.6889439180241975,0.38119929217645976,final
medium,7,fc,2,1.050000,0.6898477372045991,0.3665454637324295,final
medium,7,fc,2,1.075000,0.6922466885240429,0.35234863525610427,final
medium,7,fc,2,1.100000,0.6961825438698155,0.3386088683060421,final
medium,7,fc,2,1.125000,0.7016519802766046,0.325324478515772,final
medium,7,fc,2,1.150000,0.7086082333655421,0.31249220716094483,final
medium,7,fc,2,1.175000,0.7169657867815458,0.3001073871574854,final
medium,7,fc,2,1.200000,0.7266071923347408,0.28816410250883695,final
medium,7,fc,2,1.225000,0.7373910691304889,0.27665534040303363,final
medium,7,fc,2,1.250000,0.7491604127410798,0.2655731353345545,final
medium,7,fc,2,1.275000,0.7617505070917355,0.2549087047897165,final
medium,7,fc,2,1.300000,0.7749959291624352,0.24465257618608027,final
medium,7,fc,2,1.325000,0.7887363368745617,0.234794704894746,final
medium,7,fc,2,1.350000,0.8028209104403816,0.22532458329861285,final
medium,7,fc,2,1.375000,0.8171114626588348,0.21623134094921204,final
medium,7,fc,2,1.400000,0.831484337704652,0.2075038359795181,final
medium,7,fc,2,1.425000,0.8458312811186105,0.199130738010403,final
medium,7,fc,2,1.450000,0.8600594911537124,0.19110060285465802,final
medium,7,fc,2,1.475000,0.874091061437927,0.18340193937552854,final
medium,7,fc,2,1.500000,0.8878620060296448,0.17602326889740094,final
medium,7,fc,2,1.525000,0.9013210286284005,0.16895317759573308,final
medium,7,fc,2,1.550000,0.9144281645904939,0.16218036231265762,final
medium,7,fc,2,1.575000,0.9271533921473886,0.15569367025510647,final
medium,7,fc,2,1.600000,0.939475280634702,0.14948213303498506,final
medium,7,fc,2,1.625000,0.9513797199122628,0.1435349955070108,final
medium,7,fc,2,1.650000,0.9628587567337962,0.13784173985045117,final
medium,7,fc,2,1.675000,0.9739095502036356,0.13239210532712925,final
medium,7,fc,2,1.700000,0.9845334489094253,0.12717610413072902,final
medium,7,fc,2,1.725000,0.9947351860176968,0.12218403372238908,final
medium,7,fc,2,1.750000,1.0045221847752759,0.11740648602565415,final
medium,7,fc,2,1.775000,1.0139039647926409,0.11283435383068481,final
medium,7,fc,2,1.800000,1.0228916386461573,0.1084588347337509,final
medium,7,fc,2,1.825000,1.0314974883034174,0.1042714329139894,final
medium,7,fc,2,1.850000,1.0397346113410126,0.10026395902552457,final
medium,7,fc,2,1.875000,1.0476166276692302,0.09642852845968962,final
medium,7,fc,2,1.900000,1.0551574383558318,0.09275755820948363,final
medium,7,fc,2,1.925000,1.0623710290553705,0.08924376254675773,final
medium,7,fc,2,1.950000,1.0692713114423817,0.08588014770206033,final
medium,7,fc,2,1.975000,1.0758719968824015,0.08266000571771653,final
medium,7,fc,2,2.000000,1.0821864973372537,0.07957690762659296,final
medium,7,fc,2,2.025000,1.0882278491841568,0.07662469609216203,final
medium,7,fc,2,2.050000,1.0940086562323799,0.0737974776299044,final
medium,7,fc,2,2.075000,1.0995410487506816,0.07108961451578498,final
medium,7,fc,2,2.100000,1.1048366557796496,0.06849571647443305,final
medium,7,fc,2,2.125000,1.109906588402404,0.06601063222774378,final
medium,7,fc,2,2.150000,1.1147614319918366,0.06362944097380911,final
medium,7,fc,2,2.175000,1.119411245749481,0.06134744385632948,final
medium,7,fc,2,2.200000,1.1238655681063032,0.05916015547589158,final
medium,7,fc,2,2.225000,1.1281334267748793,0.05706329548664664,final
medium,7,fc,2,2.250000,1.132223352430399,0.05505278031492643,final
medium,7,fc,2,2.275000,1.1361433951591486,0.05312471503010885,final
medium,7,fc,2,2.300000,1.1399011429512405,0.0512753853925513,final
medium,7,fc,2,2.325000,1.1435037416327296,0.049501250098557395,final
medium,7,fc,2,2.350000,1.1469579157336003,0.047798933238089425,final
medium,7,fc,2,2.375000,1.1502699898748898,0.046165216977224074,final
medium,7,fc,2,2.400000,1.1534459103324646,0.044597034474109544,final
medium,7,fc,2,2.425000,1.156491266498457,0.04309146303439602,final
medium,7,fc,2,2.450000,1.1594113120156098,0.04164571750968536,final
medium,7,fc,2,2.475000,1.1622109854060418,0.040257143940502574,final
medium,7,fc,2,2.500000,1.164894930055342,0.038923213443524764,final
medium,7,fc,2,2.525000,1.1674675134463801,0.03764151634132921,final
medium,7,fc,2,2.550000,1.1699328455655646,0.036409756531684365,final
medium,7,fc,2,2.575000,1.1722947964281971,0.03522574609238472,final
medium,7,fc,2,2.600000,1.1745570126896432,0.034087400116785065,final
medium,7,fc,2,2.625000,1.176722933325809,0.03299273177452561,final
medium,7,fc,2,2.650000,1.1787958043802642,0.03193984759139919,final
medium,7,fc,2,2.675000,1.1807786927867465,0.030926942941904803,final
medium,7,fc,2,2.700000,1.1826744992849612,0.029952297747731768,final
medium,7,fc,2,2.725000,1.1844859704549666,0.02901427237521226,final
medium,7,fc,2,2.750000,1.1862157099011144,0.02811130372463498,final
medium,7,fc,2,2.775000,1.1878661886208841,0.027241901504269916,final
medium,7,fc,2,2.800000,1.1894397545970592,0.026404644681927984,final
medium,7,fc,2,2.825000,1.1909386416538312,0.025598178106928483,final
medium,7,fc,2,2.850000,1.1923649776186673,0.024821209295431242,final
medium,7,fc,2,2.875000,1.1937207918323165,0.024072505372191445,final
medium,7,fc,2,2.900000,1.1950080220492374,0.023350890161948933,final
medium,7,fc,2,2.925000,1.1962285207701826,0.022655241423814636,final
medium,7,fc,2,2.950000,1.1973840610476731,0.02198448822219974,final
medium,7,fc,2,2.975000,1.1984763418038076,0.021337608428025324,final
medium,7,fc,2,3.000000,1.1995069926982933,0.020713626344142904,final
medium,7,fc,2,3.025000,1.2004775785828565,0.020111610449121096,final
medium,7,fc,2,3.050000,1.201389603576299,0.019530671253741985,final
medium,7,fc,2,3.075000,1.2022445147925376,0.018969959264783273,final
medium,7,fc,2,3.100000,1.2030437057519294,0.01842866305087054,final
medium,7,fc,2,3.125000,1.2037885195041917,0.01790600740538857,final
medium,7,fc,2,3.150000,1.2044802514892095,0.01740125160166688,final
medium,7,fc,2,3.175000,1.205120152160073,0.01691368773584563,final
medium,7,fc,2,3.200000,1.2057094293907675,0.016442639153041987,final
medium,7,fc,2,3.225000,1.2062492506891191,0.015987458952627043,final
medium,7,fc,2,3.250000,1.2067407452338366,0.01554752856862642,final
medium,7,fc,2,3.275000,1.2071850057528277,0.015122256421425359,final
medium,7,fc,2,3.300000,1.2075830902584206,0.014711076637163482,final
medium,7,fc,2,3.325000,1.2079360236536254,0.014313447831357885,final
medium,7,fc,2,3.350000,1.2082447992222378,0.013928851953473702,final
medium,7,fc,2,3.375000,1.2085103800142942,0.013556793189317143,final
medium,7,fc,2,3.400000,1.2087337001372362,0.013196796918281035,final
medium,7,fc,2,3.425000,1.2089156659620643,0.012848408722622606,final
medium,7,fc,2,3.450000,1.209057157252784,0.012511193446095005,final
medium,7,fc,2,3.475000,1.2091590282265494,0.012184734299390572,final
medium,7,fc,2,3.500000,1.2092221085511086,0.011868632009980432,final
medium,7,fc,2,3.525000,1.2092472042854165,0.011562504014061415,final
medium,7,fc,2,3.550000,1.209235098768633,0.011265983688439207,final
medium,7,fc,2,3.575000,1.2091865534621138,0.010978719620289117,final
medium,7,fc,2,3.600000,1.2091023087485053,0.010700374912838966,final
medium,7,fc,2,3.625000,1.2089830846915572,0.010430626525124654,final
medium,7,fc,2,3.650000,1.2088295817598562,0.010169164644067214,final
medium,7,fc,2,3.675000,1.2086424815173258,0.00991569208720407,final
medium,7,fc,2,3.700000,1.2084224472830016,0.009669923734501585,final
medium,7,fc,2,3.725000,1.2081701247622945,0.009431585987756015,final
medium,7,fc,2,3.750000,1.2078861426517313,0.009200416256170275,final
medium,7,fc,2,3.775000,1.207571113218903,0.008976162466764602,final
medium,7,fc,2,3.800000,1.207225632859194,0.008758582598353621,final
medium,7,fc,2,3.825000,1.2068502826306686,0.00854744423788731,final
medium,7,fc,2,3.850000,1.2064456287683691,0.008342524158018077,final
medium,7,fc,2,3.875000,1.206012223179127,0.008143607914814084,final
medium,7,fc,2,3.900000,1.205550603917903,0.007950489464597189,final
medium,7,fc,2,3.925000,1.2050612956465647,0.007762970798941056,final
medium,7,fc,2,3.950000,1.2045448100759164,0.007580861596905375,final
medium,7,fc,2,3.975000,1.2040016463917556,0.007403978893646075,final
medium,7,fc,2,4.000000,1.2034322916656284,0.0072321467645740005,final
medium,7,fc,2,4.025000,1.2028372212509433,0.0070651960242810626,final
medium,7,fc,2,4.050000,1.2022168991650184,0.00690296393950086,final
medium,7,fc,2,4.075000,1.2015717784576296,0.006745293955398438,final
medium,7,fc,2,4.100000,1.2009023015665643,0.00659203543452906,final
medium,7,fc,2,4.125000,1.2002089006606798,0.0064430434078363,final
medium,7,fc,2,4.150000,1.1994919979709135,0.006298178337093973,final
medium,7,fc,2,4.175000,1.1987520061096917,0.006157305888229191,final
medium,7,fc,2,4.200000,1.1979893283791423,0.006020296714986096,final
medium,7,fc,2,4.225000,1.1972043590685142,0.005887026252428785,final
medium,7,fc,2,4.250000,1.1963974837411773,0.005757374519800969,final
medium,7,fc,2,4.275000,1.1955690795115683,0.005631225932281169,final
medium,7,fc,2,4.300000,1.194719515312429,0.005508469121209777,final
medium,7,fc,2,4.325000,1.1938491521526788,0.005388996762367058,final
medium,7,fc,2,4.350000,1.1929583433662347,0.005272705411922309,final
medium,7,fc,2,4.375000,1.1920474348521024,0.005159495349679465,final
medium,7,fc,2,4.400000,1.1911167653060328,0.005049270429270179,final
medium,7,fc,2,4.425000,1.1901666664440396,0.004941937934961711,final
medium,7,fc,2,4.450000,1.1891974632180564,0.004837408444764286,final
medium,7,fc,2,4.475000,1.1882094740240101,0.004735595699538422,final
medium,7,fc,2,4.500000,1.1872030109025726,0.00463641647781682,final
medium,7,fc,2,4.525000,1.1861783797328436,0.004539790476073858,final
medium,7,fc,2,4.550000,1.1851358804192196,0.0044456401941804025,final
medium,7,fc,2,4.575000,1.1840758070716775,0.0043538908258078015,final
medium,7,fc,2,4.600000,1.1829984481797133,0.004264470153542824,final
medium,7,fc,2,4.625000,1.1819040867801571,0.004177308448501121,final
medium,7,fc,2,4.650000,1.1807930006190757,0.00409233837422035,final
medium,7,fc,2,4.675000,1.1796654623079832,0.004009494894645649,final
medium,7,fc,2,4.700000,1.1785217394745513,0.003928715186011864,final
medium,7,fc,2,4.725000,1.1773620949080201,0.003849938552444208,final
medium,7,fc,2,4.750000,1.176186786699499,0.0037731063451085585,final
medium,7,fc,2,4.775000,1.1749960683773406,0.003698161884748136,final
medium,7,fc,2,4.800000,1.1737901890377604,0.0036250503874534,final
medium,7,fc,2,4.825000,1.1725693934708765,0.0035537188935180495,final
medium,7,fc,2,4.850000,1.1713339222823353,0.0034841161992384935,final
medium,7,fc,2,4.875000,1.1700840120106764,0.003416192791532784,final
medium,7,fc,2,4.900000,1.1688198952405955,0.003349900785240403,final
medium,7,fc,2,4.925000,1.167541800712251,0.0032851938629953315,final
medium,7,fc,2,4.950000,1.1662499534267599,0.0032220272175482114,final
medium,7,fc,2,4.975000,1.164944574748011,0.003160357496432501,final
medium,7,fc,2,5.000000,1.1636258825009478,0.0031001427488730796,final
medium,7,fc,2,5.025000,1.162294091066424,0.0030413423748346722,final
medium,7,fc,2,5.050000,1.160949411472778,0.0029839170761159985,final
medium,7,fc,2,5.075000,1.159592051484233,0.0029278288094051505,final
medium,7,fc,2,5.100000,1.1582222156862363,0.0028730407412039653,final
medium,7,fc,2,5.125000,1.1568401055678612,0.0028195172045440277,final
medium,7,fc,2,5.150000,1.1554459196013596,0.002767223657416334,final
medium,7,fc,2,5.175000,1.1540398533189864,0.002716126642840039,final
medium,7,fc,2,5.200000,1.1526220993871794,0.0026661937504989823,final
medium,7,fc,2,5.225000,1.151192847678206,0.0026173935798797948,final
medium,7,fc,2,5.250000,1.1497522853393485,0.00256969570484818,final
medium,7,fc,2,5.275000,1.1483005968597373,0.002523070639600119,final
medium,7,fc,2,5.300000,1.1468379641349056,0.002477489805931105,final
medium,7,fc,2,5.325000,1.1453645665291454,0.0024329255017677574,final
medium,7,fc,2,5.350000,1.1438805809357573,0.002389350870906149,final
medium,7,fc,2,5.375000,1.1423861818352548,0.0023467398739123713,final
medium,7,fc,2,5.400000,1.1408815413516065,0.002305067260127343,final
medium,7,fc,2,5.425000,1.139366829306588,0.0022643085407395933,final
medium,7,fc,2,5.450000,1.137842213272301,0.0022244399628739303,final
medium,7,fc,2,5.475000,1.136307858621937,0.002185438484659717,final
medium,7,fc,2,5.500000,1.1347639285788456,0.002147281751233332,final
medium,7,fc,2,5.525000,1.1332105842639624,0.00210994807163994,final
medium,7,fc,2,5.550000,1.1316479847416676,0.002073416396598594,final
medium,7,fc,2,5.575000,1.1300762870641143,0.002037666297088671,final
medium,7,fc,2,5.600000,1.1284956463141016,0.002002677943734377,final
medium,7,fc,2,5.625000,1.1269062156465253,0.0019684320869470203,final
medium,7,fc,2,5.650000,1.1253081463284744,0.001934910037795905,final
medium,7,fc,2,5.675000,1.123701587778009,0.0019020936495821128,final
medium,7,fc,2,5.700000,1.1220866876016715,0.0018699653000843219,final
medium,7,fc,2,5.725000,1.1204635916307784,0.0018385078744475162,final
medium,7,fc,2,5.750000,1.1188324439565325,0.001807704748695522,final
medium,7,fc,2,5.775000,1.1171933869640034,0.0017775397738341902,final
medium,7,fc,2,5.800000,1.1155465613650062,0.0017479972605298807,final
medium,7,fc,2,5.825000,1.1138921062299292,0.0017190619643353434,final
medium,7,fc,2,5.850000,1.1122301590185433,0.0016907190714431513,final
medium,7,fc,2,5.875000,1.1105608556098228,0.0016629541849460688,final
medium,7,fc,2,5.900000,1.1088843303308291,0.0016357533115849763,final
medium,7,fc,2,5.925000,1.1072007159846704,0.0016091028489635777,final
medium,7,fc,2,5.950000,1.1055101438775892,0.0015829895732162476,final
medium,7,fc,2,5.975000,1.1038127438451937,0.0015574006271040614,final
medium,7,fc,2,6.000000,1.1021086442778703,0.0015323235085293945,final
medium,7,fc,5,0.000000,1.0,0.9999990149527557,final
medium,7,fc,5,0.025000,0.9991758410399206,0.9995535545956326,final
medium,7,fc,5,0.050000,0.99671067230855,0.9982182550348954,final
medium,7,fc,5,0.075000,0.9926334970937541,0.9959963639857915,final
medium,7,fc,5,0.100000,0.9870065084487618,0.9928933046151531,final
medium,7,fc,5,0.125000,0.979934244718905,0.988916689954814,final
medium,7,fc,5,0.150000,0.971569041747424,0.9840763410260884,final
medium,7,fc,5,0.175000,0.9621116611418673,0.9783843067201043,final
medium,7,fc,5,0.200000,0.9518062550300231,0.9718548830579382,final
medium,7,fc,5,0.225000,0.9409293927828333,0.9645046291303571,final
medium,7,fc,5,0.250000,0.9297736786932526,0.95635237680383,final
medium,7,fc,5,0.275000,0.9186274111379318,0.9474192311874634,final
medium,7,fc,5,0.300000,0.9077525829040848,0.9377285588901255,final
medium,7,fc,5,0.325000,0.8973640744922334,0.9273059612587633,final
medium,7,fc,5,0.350000,0.8876129517251018,0.9161792300730569,final
medium,7,fc,5,0.375000,0.878576251822511,0.904378283568314,final
medium,7,fc,5,0.400000,0.8702545886154855,0.8919350811532322,final
medium,7,fc,5,0.425000,0.8625775486479619,0.8788835157629997,final
medium,7,fc,5,0.450000,0.8554155131967947,0.8652592834188174,final
medium,7,fc,5,0.475000,0.8485955595294359,0.8510997302275789,final
medium,7,fc,5,0.500000,0.8419186941619564,0.8364436777241008,final
medium,7,fc,5,0.525000,0.8351758982065973,0.8213312281068833,final
medium,7,fc,5,0.550000,0.8281611875429832,0.8058035515220902,final
medium,7,fc,5,0.575000,0.8206808655719995,0.789902658086808,final
medium,7,fc,5,0.600000,0.812559117758763,0.7736711577926741,final
medium,7,fc,5,0.625000,0.8036408723605876,0.7571520117798487,final
medium,7,fc,5,0.650000,0.7937933284916485,0.7403882787090609,final
medium,7,fc,5,0.675000,0.7829077020017556,0.7234228600810844,final
medium,7,fc,5,0.700000,0.7709025696580184,0.7062982483585597,final
medium,7,fc,5,0.725000,0.7577297214450535,0.6890562816393245,final
medium,7,fc,5,0.750000,0.743382688883195,0.6717379084223036,final
medium,7,fc,5,0.775000,0.7279071728700285,0.6543829657089731,final
medium,7,fc,5,0.800000,0.7114115963431106,0.6370299733105577,final
medium,7,fc,5,0.825000,0.6940752045334713,0.6197159468002725,final
medium,7,fc,5,0.850000,0.676150843269951,0.6024762310788355,final
medium,7,fc,5,0.875000,0.6579600316521279,0.5853443560278541,final
medium,7,fc,5,0.900000,0.6398792716064254,0.5683519152265687,final
medium,7,fc,5,0.925000,0.6223184393413869,0.5515284682184035,final
medium,7,fc,5,0.950000,0.6056940162832198,0.5349014663486072,final
medium,7,fc,5,0.975000,0.5904011807842504,0.5184962017644935,final
medium,7,fc,5,1.000000,0.5767889517213718,0.5023357787844921,final
medium,7,fc,5,1.025000,0.5651416400848218,0.4864411065080455,final
medium,7,fc,5,1.050000,0.5556682370860764,0.4708309112594444,final
medium,7,fc,5,1.075000,0.5484996535636655,0.45552176723692184,final
medium,7,fc,5,1.100000,0.5436924356302423,0.44052814357346226,final
medium,7,fc,5,1.125000,0.5412369488474426,0.42586246590588206,final
medium,7,fc,5,1.150000,0.5410679986463072,0.41153519049035014,final
medium,7,fc,5,1.175000,0.5430762228235273,0.3975548888910253,final
medium,7,fc,5,1.200000,0.547119109538151,0.38392834129850273,final
medium,7,fc,5,1.225000,0.5530309813522414,0.370660636600358,final
medium,7,fc,5,1.250000,0.5606316531027228,0.3577552774211005,final
medium,7,fc,5,1.275000,0.5697337033093257,0.34521428846717805,final
medium,7,fc,5,1.300000,0.5801484214230548,0.3330383266483743,final
medium,7,fc,5,1.325000,0.5916905451265941,0.32122679159448314,final
medium,7,fc,5,1.350000,0.6041819168474204,0.30977793534049813,final
medium,7,fc,5,1.375000,0.6174541888488096,0.2986889701102368,final
medium,7,fc,5,1.400000,0.6313507028370914,0.2879561732835211,final
medium,7,fc,5,1.425000,0.64572766647457,0.277574988782547,final
medium,7,fc,5,1.450000,0.6604547452287314,0.26754012425636026,final
medium,7,fc,5,1.475000,0.6754151823153739,0.25784564357642004,final
medium,7,fc,5,1.500000,0.6905055512492049,0.24848505427970202,final
medium,7,fc,5,1.525000,0.7056352347151446,0.2394513897077521,final
medium,7,fc,5,1.550000,0.7207257108363295,0.2307372856900662,final
medium,7,fc,5,1.575000,0.735709714488314,0.2223350517080542,final
medium,7,fc,5,1.600000,0.750530328126013,0.2142367365518528,final
medium,7,fc,5,1.625000,0.7651400444534628,0.20643418854680623,final
medium,7,fc,5,1.650000,0.7794998326706716,0.198919110480207,final
medium,7,fc,5,1.675000,0.7935782311801957,0.19168310940259609,final
medium,7,fc,5,1.700000,0.8073504825093917,0.1847177415124742,final
medium,7,fc,5,1.725000,0.8207977206422657,0.17801455235952063,final
medium,7,fc,5,1.750000,0.8339062167275912,0.1715651126203154,final
medium,7,fc,5,1.775000,0.8466666859908278,0.16536104971299231,final
medium,7,fc,5,1.800000,0.8590736563956333,0.15939407552411586,final
medium,7,fc,5,1.825000,0.8711248979780574,0.1536560105231757,final
medium,7,fc,5,1.850000,0.8828209106515477,0.14813880453823608,final
medium,7,fc,5,1.875000,0.894164467528011,0.14283455446115373,final
medium,7,fc,5,1.900000,0.9051602103236549,0.13773551914301999,final
medium,7,fc,5,1.925000,0.9158142931467391,0.13283413173068498,final
medium,7,fc,5,1.950000,0.9261340708445299,0.12812300968388157,final
medium,7,fc,5,1.975000,0.9361278280789304,0.12359496270000238,final
medium,7,fc,5,2.000000,0.9458045453747167,0.11924299876040963,final
medium,7,fc,5,2.025000,0.9551736985180866,0.11506032849854929,final
medium,7,fc,5,2.050000,0.9642450878587501,0.11104036807640862,final
medium,7,fc,5,2.075000,0.9730286942722003,0.10717674074218457,final
medium,7,fc,5,2.100000,0.9815345587591743,0.10346327722860513,final
medium,7,fc,5,2.125000,0.9897726828881543,0.09989401513832925,final
medium,7,fc,5,2.150000,0.9977529475172646,0.09646319745030717,final
medium,7,fc,5,2.175000,1.0054850474591066,0.09316527026902503,final
medium,7,fc,5,2.200000,1.0129784399719874,0.08999487992723759,final
medium,7,fc,5,2.225000,1.0202423051709388,0.08694686954211561,final
medium,7,fc,5,2.250000,1.0272855166500192,0.0840162751147613,final
medium,7,fc,5,2.275000,1.0341166207924233,0.08119832125375193,final
medium,7,fc,5,2.300000,1.0407438234164013,0.07848841659474731,final
medium,7,fc,5,2.325000,1.0471749825626468,0.07588214898026313,final
medium,7,fc,5,2.350000,1.053417606372962,0.07337528045640314,final
medium,7,fc,5,2.375000,1.0594788551409806,0.0709637421366524,final
medium,7,fc,5,2.400000,1.0653655467342122,0.06864362897674837,final
medium,7,fc,5,2.425000,1.0710841646933147,0.06641119449909502,final
medium,7,fc,5,2.450000,1.0766408684101694,0.06426284550016602,final
medium,7,fc,5,2.475000,1.082041504871709,0.06219513676981234,final
medium,7,fc,5,2.500000,1.087291621532493,0.060204765847302694,final
medium,7,fc,5,2.525000,1.0923964799463954,0.05828856783526772,final
medium,7,fc,5,2.550000,1.097361069847302,0.05644351028943357,final
medium,7,fc,5,2.575000,1.1021901234210996,0.05466668819911841,final
medium,7,fc,5,2.600000,1.1068881295571746,0.05295531907085509,final
medium,7,fc,5,2.625000,1.1114593479076988,0.05130673812520908,final
medium,7,fc,5,2.650000,1.1159078226178372,0.04971839361481907,final
medium,7,fc,5,2.675000,1.1202373956201053,0.048187842269903004,final
medium,7,fc,5,2.700000,1.1244517194120085,0.046712744875897896,final
medium,7,fc,5,2.725000,1.128554269258195,0.045290861986530255,final
medium,7,fc,5,2.750000,1.132548354777137,0.04392004977442389,final
medium,7,fc,5,2.775000,1.1364371308881154,0.04259825602031256,final
medium,7,fc,5,2.800000,1.1402236081074477,0.04132351624104625,final
medium,7,fc,5,2.825000,1.143910662193712,0.04009394995580804,final
medium,7,fc,5,2.850000,1.1475010431505273,0.03890775708931617,final
medium,7,fc,5,2.875000,1.150997383602455,0.037763214510238105,final
medium,7,fc,5,2.900000,1.154402206565069,0.036658672702594416,final
medium,7,fc,5,2.925000,1.1577179326343898,0.03559255256754023,final
medium,7,fc,5,2.950000,1.1609468866238795,0.034563342352615975,final
medium,7,fc,5,2.975000,1.1640913036792322,0.03356959470530945,final
medium,7,fc,5,3.000000,1.1671533349024281,0.03260992384757856,final
medium,7,fc,5,3.025000,1.17013505251704,0.03168300286784069,final
medium,7,fc,5,3.050000,1.1730384546067876,0.030787561126827977,final
medium,7,fc,5,3.075000,1.1758654694588428,0.02992238177364323,final
medium,7,fc,5,3.100000,1.1786179595425683,0.02908629936830695,final
medium,7,fc,5,3.125000,1.1812977251532508,0.028278197607078143,final
medium,7,fc,5,3.150000,1.1839065077490716,0.02749700714683811,final
medium,7,fc,5,3.175000,1.1864459930080757,0.02674170352486146,final
medium,7,fc,5,3.200000,1.1889178136303364,0.026011305170332698,final
medium,7,fc,5,3.225000,1.191323551908865,0.025304871504035504,final
medium,7,fc,5,3.250000,1.1936647420911677,0.024621501122705596,final
medium,7,fc,5,3.275000,1.1959428725517194,0.02396033006461559,final
medium,7,fc,5,3.300000,1.1981593877939711,0.02332053015304608,final
medium,7,fc,5,3.325000,1.2003156902989855,0.022701307414390606,final
medium,7,fc,5,3.350000,1.202413142236251,0.022101900567731217,final
medium,7,fc,5,3.375000,1.2044530670508218,0.02152157958282148,final
medium,7,fc,5,3.400000,1.2064367509395657,0.020959644303520642,final
medium,7,fc,5,3.425000,1.2083654442280485,0.020415423133807592,final
medium,7,fc,5,3.450000,1.2102403626583929,0.019888271783622076,final
medium,7,fc,5,3.475000,1.212062688597384,0.019377572071868618,final
medium,7,fc,5,3.500000,1.213833572173068,0.018882730784027312,final
medium,7,fc,5,3.525000,1.2155541323471974,0.01840317858190917,final
medium,7,fc,5,3.550000,1.2172254579300228,0.017938368963193514,final
medium,7,fc,5,3.575000,1.218848608543202,0.017487777268482583,final
medium,7,fc,5,3.600000,1.2204246155358849,0.017050899733695963,final
medium,7,fc,5,3.625000,1.2219544828584536,0.01662725258572584,final
medium,7,fc,5,3.650000,1.2234391878978272,0.01621637117935688,final
medium,7,fc,5,3.675000,1.2248796822777617,0.015817809173541454,final
medium,7,fc,5,3.700000,1.2262768926271583,0.015431137745210538,final
medium,7,fc,5,3.725000,1.2276317213189807,0.015055944838867765,final
medium,7,fc,5,3.750000,1.2289450471820862,0.014691834450308115,final
medium,7,fc,5,3.775000,1.230217726187947,0.014338425942863312,final
medium,7,fc,5,3.800000,1.2314505921140024,0.013995353394657682,final
medium,7,fc,5,3.825000,1.2326444571851587,0.013662264975421378,final
medium,7,fc,5,3.850000,1.233800112694744,0.013338822351480577,final
medium,7,fc,5,3.875000,1.2349183296060857,0.0130247001176001,final
medium,7,fc,5,3.900000,1.2359998591357075,0.012719585254425991,final
medium,7,fc,5,3.925000,1.2370454333190382,0.012423176610320625,final
medium,7,fc,5,3.950000,1.2380557655594158,0.012135184406454037,final
medium,7,fc,5,3.975000,1.239031551161082,0.011855329764055456,final
medium,7,fc,5,4.000000,1.2399734678467744,0.011583344252793145,final
medium,7,fc,5,4.025000,1.2408821762604867,0.011318969459285231,final
medium,7,fc,5,4.050000,1.2417583204558897,0.011061956574806305,final
medium,7,fc,5,4.075000,1.242602528370873,0.010812066001288487,final
medium,7,fc,5,4.100000,1.2434154122886223,0.010569066974763647,final
medium,7,fc,5,4.125000,1.2441975692856297,0.010332737205431649,final
medium,7,fc,5,4.150000,1.2449495816670004,0.010102862533580738,final
medium,7,fc,5,4.175000,1.2456720173893823,0.009879236600621332,final
medium,7,fc,5,4.200000,1.2463654304718654,0.009661660534531725,final
medium,7,fc,5,4.225000,1.2470303613951454,0.009449942649044966,final
medium,7,fc,5,4.250000,1.2476673374892568,0.009243898155941826,final
medium,7,fc,5,4.275000,1.2482768733101572,0.00904334888984183,final
medium,7,fc,5,4.300000,1.2488594710054493,0.008848123044917012,final
medium,7,fc,5,4.325000,1.2494156206695075,0.00865805492297805,final
medium,7,fc,5,4.350000,1.2499458006882749,0.008472984692407837,final
medium,7,fc,5,4.375000,1.2504504780739958,0.008292758157448845,final
medium,7,fc,5,4.400000,1.250930108790135,0.008117226537362866,final
medium,7,fc,5,4.425000,1.2513851380667351,0.007946246255021595,final
medium,7,fc,5,4.450000,1.2518160007064603,0.007779678734485535,final
medium,7,fc,5,4.475000,1.25222312138157,0.007617390207175521,final
medium,7,fc,5,4.500000,1.2526069149220622,0.00745925152623505,final
medium,7,fc,5,4.525000,1.2529677865952153,0.007305137988719207,final
medium,7,fc,5,4.550000,1.2533061323767711,0.007154929165255192,final
medium,7,fc,5,4.575000,1.2536223392139791,0.007008508736834862,final
medium,7,fc,5,4.600000,1.2539167852807234,0.006865764338424728,final
medium,7,fc,5,4.625000,1.2541898402249676,0.006726587409077422,final
medium,7,fc,5,4.650000,1.2544418654087093,0.006590873048268464,final
medium,7,fc,5,4.675000,1.2546732141406836,0.0064585198781628465,final
medium,7,fc,5,4.700000,1.2548842319020008,0.006329429911565912,final
medium,7,fc,5,4.725000,1.2550752565649377,0.006203508425289461,final
medium,7,fc,5,4.750000,1.2552466186050697,0.006080663838708088,final
medium,7,fc,5,4.775000,1.2553986413069549,0.005960807597265741,final
medium,7,fc,5,4.800000,1.255531640963542,0.005843854060718774,final
medium,7,fc,5,4.825000,1.255645927069505,0.005729720395912886,final
medium,7,fc,5,4.850000,1.2557418025086815,0.005618326473881569,final
medium,7,fc,5,4.875000,1.2558195637357827,0.0055095947710962845,final
medium,7,fc,5,4.900000,1.2558795009525716,0.005403450274670497,final
medium,7,fc,5,4.925000,1.2559218982786513,0.005299820391357137,final
medium,7,fc,5,4.950000,1.255947033917054,0.00519863486017101,final
medium,7,fc,5,4.975000,1.2559551803147682,0.005099825668480255,final
medium,7,fc,5,5.000000,1.2559466043183782,0.005003326971419181,final
medium,7,fc,5,5.025000,1.2559215673249602,0.004909075014477372,final
medium,7,fc,5,5.050000,1.2558803254283772,0.004817008059132411,final
medium,7,fc,5,5.075000,1.2558231295611346,0.004727066311396233,final
medium,7,fc,5,5.100000,1.2557502256319115,0.004639191853146637,final
medium,7,fc,5,5.125000,1.255661854658925,0.004553328576135116,final
medium,7,fc,5,5.150000,1.2555582528992455,0.004469422118547324,final
medium,7,fc,5,5.175000,1.2554396519741946,0.0043874198040178055,final
medium,7,fc,5,5.200000,1.2553062789909575,0.0043072705829917705,final
medium,7,fc,5,5.225000,1.25515835666051,0.004228924976334929,final
medium,7,fc,5,5.250000,1.2549961034120016,0.004152335021101629,final
medium,7,fc,5,5.275000,1.2548197335036915,0.004077454218365142,final
medium,7,fc,5,5.300000,1.2546294571305439,0.0040042374830345975,final
medium,7,fc,5,5.325000,1.2544254805286086,0.003932641095565119,final
medium,7,fc,5,5.350000,1.2542080060762673,0.003862622655491328,final
medium,7,fc,5,5.375000,1.2539772323924558,0.0037941410367080836,final
medium,7,fc,5,5.400000,1.2537333544319638,0.003727156344421023,final
medium,7,fc,5,5.425000,1.2534765635778904,0.003661629873710311,final
medium,7,fc,5,5.450000,1.2532070477313622,0.0035975240696294233,final
medium,7,fc,5,5.475000,1.2529249913985885,0.003534802488785088,final
medium,7,fc,5,5.500000,1.2526305757753469,0.00347342976233753,final
medium,7,fc,5,5.525000,1.2523239788289764,0.0034133715603585552,final
medium,7,fc,5,5.550000,1.2520053753779588,0.003354594557501852,final
medium,7,fc,5,5.575000,1.251674937169168,0.003297066399923296,final
medium,7,fc,5,5.600000,1.2513328329528521,0.0032407556734100657,final
medium,7,fc,5,5.625000,1.2509792285554358,0.0031856318726634857,final
medium,7,fc,5,5.650000,1.2506142869501924,0.003131665371696122,final
medium,7,fc,5,5.675000,1.2502381683258752,0.003078827395293707,final
medium,7,fc,5,5.700000,1.2498510301533519,0.003027089991503894,final
medium,7,fc,5,5.725000,1.2494530272503193,0.0029764260051096687,final
medium,7,fc,5,5.750000,1.2490443118441528,0.0029268090520475788,final
medium,7,fc,5,5.775000,1.2486250336329532,0.002878213494739797,final
medium,7,fc,5,5.800000,1.2481953398448427,0.002830614418296118,final
medium,7,fc,5,5.825000,1.2477553752955655,0.00278398760755835,final
medium,7,fc,5,5.850000,1.2473052824444575,0.002738309524953898,final
medium,7,fc,5,5.875000,1.246845201448817,0.00269355728912338,final
medium,7,fc,5,5.900000,1.2463752702167412,0.002649708654298654,final
medium,7,fc,5,5.925000,1.2458956244584753,0.0026067419903964785,final
medium,7,fc,5,5.950000,1.2454063977363068,0.0025646362638050363,final
medium,7,fc,5,5.975000,1.244907721513074,0.0025233710188360442,final
medium,7,fc,5,6.000000,1.244399725199306,0.002482926359813787,final
medium,12,fx,,0.000000,1.0,1.0,final
medium,12,fx,,0.025000,1.00006421953019,1.0001371734503082,final
medium,12,fx,,0.050000,1.0002566087383413,1.0005484131007953,final
medium,12,fx,,0.075000,1.0005764911162254,1.0012328782849313,final
medium,12,fx,,0.100000,1.0010230071745958,1.002189172660767,final
medium,12,fx,,0.125000,1.0015953219297367,1.0034153513166864,final
medium,12,fx,,0.150000,1.0022928085000506,1.0049089306249135,final
medium,12,fx,,0.175000,1.003115205782341,1.0066669007499534,final
medium,12,fx,,0.200000,1.0040627490735894,1.0086857406950527,final
medium,12,fx,,0.225000,1.0051362732876925,1.010961435747421,final
medium,12,fx,,0.250000,1.0063372890773254,1.0134894971626558,final
medium,12,fx,,0.275000,1.0076680327065077,1.0162649839108355,final
medium,12,fx,,0.300000,1.0091314909341893,1.0192825262913066,final
medium,12,fx,,0.325000,1.010731402473512,1.022536351210436,final
medium,12,fx,,0.350000,1.0124722377996735,1.0260203089066646,final
medium,12,fx,,0.375000,1.0143591592085874,1.0297279009001115,final
medium,12,fx,,0.400000,1.0163979630971758,1.0336523089397605,final
medium,12,fx,,0.425000,1.0185950064627074,1.0377864247198565,final
medium,12,fx,,0.450000,1.0209571196207043,1.0421228801384386,final
medium,12,fx,,0.475000,1.0234915071344415,1.0466540778748243,final
medium,12,fx,,0.500000,1.026205638947241,1.0513722220691275,final
medium,12,fx,,0.525000,1.0291071337218338,1.056269348895353,final
medium,12,fx,,0.550000,1.032203636425521,1.061337356830009,final
medium,12,fx,,0.575000,1.0355026922583723,1.0665680364302768,final
medium,12,fx,,0.600000,1.0390116191024468,1.0719530994492863,final
medium,12,fx,,0.625000,1.0427373807668965,1.0774842071307018,final
medium,12,fx,,0.650000,1.0466864634061497,1.0831529975403624,final
medium,12,fx,,0.675000,1.050864757581224,1.0889511118088369,final
medium,12,fx,,0.700000,1.0552774484988379,1.0948702191752313,final
medium,12,fx,,0.725000,1.0599289169775126,1.1009020407391494,final
medium,12,fx,,0.750000,1.0648226536307284,1.1070383718441337,final
medium,12,fx,,0.775000,1.06996118860074,1.1132711030320084,final
medium,12,fx,,0.800000,1.07534603890139,1.119592239523111,final
medium,12,fx,,0.825000,1.0809776750176974,1.1259939191922888,final
medium,12,fx,,0.850000,1.0868555078554776,1.1324684290245925,final
medium,12,fx,,0.875000,1.092977896438267,1.139008220047757,final
medium,12,fx,,0.900000,1.0993421759275561,1.1456059207506675,final
medium,12,fx,,0.925000,1.1059447046277644,1.152254349008086,final
medium,12,fx,,0.950000,1.1127809276778746,1.1589465225418367,final
medium,12,fx,,0.975000,1.1198454541906655,1.1656756679574736,final
medium,12,fx,,1.000000,1.1271321437534008,1.172435228403129,final
medium,12,fx,,1.025000,1.1346341975320295,1.1792188699038115,final
medium,12,fx,,1.050000,1.1423442488042825,1.1860204864298936,final
medium,12,fx,,1.075000,1.15025444765442,1.192834203762979,final
medium,12,fx,,1.100000,1.1583565348424159,1.1996543822257886,final
medium,12,fx,,1.125000,1.1666419005323756,1.2064756183452223,final
medium,12,fx,,1.150000,1.175101624612886,1.2132927455194251,final
medium,12,fx,,1.175000,1.1837264967111059,1.220100833760554,final
medium,12,fx,,1.200000,1.1925070156014137,1.2268951885850992,final
medium,12,fx,,1.225000,1.2014333694164556,1.2336713491231373,final
medium,12,fx,,1.250000,1.2104953997420511,1.2404250855168273,final
medium,12,fx,,1.275000,1.2196825541704253,1.2471523956769321,final
medium,12,fx,,1.300000,1.22898383306129,1.2538495014641662,final
medium,12,fx,,1.325000,1.2383877370049947,1.2605128443598486,final
medium,12,fx,,1.350000,1.2478822217215024,1.2671390806877225,final
medium,12,fx,,1.375000,1.2574546668346944,1.2737250764459462,final
medium,12,fx,,1.400000,1.2670918641544675,1.2802679018052352,final
medium,12,fx,,1.425000,1.276780029847557,1.2867648253259727,final
medium,12,fx,,1.450000,1.2865048432902078,1.2932133079438641,final
medium,12,fx,,1.475000,1.296251513607989,1.2996109967704328,final
medium,12,fx,,1.500000,1.3060048730702252,1.3059557187513589,final
medium,12,fx,,1.525000,1.3157494947669586,1.3122454742224083,final
medium,12,fx,,1.550000,1.3254698304873584,1.3184784303994812,final
medium,12,fx,,1.575000,1.3351503635443414,1.3246529148361825,final
medium,12,fx,,1.600000,1.3447757705193817,1.330767408879276,final
medium,12,fx,,1.625000,1.3543310855629405,1.3368205411494571,final
medium,12,fx,,1.650000,1.363801860969975,1.3428110810720784,final
medium,12,fx,,1.675000,1.3731743182130594,1.3487379324797883,final
medium,12,fx,,1.700000,1.3824354843882893,1.3546001273065218,final
medium,12,fx,,1.725000,1.391573310025173,1.360396819389886,final
medium,12,fx,,1.750000,1.400576765338608,1.3661272783967613,final
medium,12,fx,,1.775000,1.4094359131684606,1.3717908838848296,final
medium,12,fx,,1.800000,1.418141957980137,1.3773871195108214,final
medium,12,fx,,1.825000,1.4266872713227776,1.3829155673944546,final
medium,12,fx,,1.850000,1.4350653950134415,1.3883759026453952,final
medium,12,fx,,1.875000,1.4432710240075786,1.3937678880590432,final
medium,12,fx,,1.900000,1.4512999714173807,1.3990913689855675,final
medium,12,fx,,1.925000,1.45914911845419,1.4043462683753405,final
medium,12,fx,,1.950000,1.4668163522145705,1.4095325820027964,final
medium,12,fx,,1.975000,1.4743004942251148,1.4146503738697032,final
medium,12,fx,,2.000000,1.4816012225364716,1.4196997717879212,final
medium,12,fx,,2.025000,1.4887189899415296,1.4246809631409094,final
medium,12,fx,,2.050000,1.4956549406144946,1.4295941908225116,final
medium,12,fx,,2.075000,1.50241082715242,1.4344397493509262,final
medium,12,fx,,2.100000,1.508988929670432,1.4392179811552137,final
medium,12,fx,,2.125000,1.5153919782743235,1.4439292730312083,final
medium,12,fx,,2.150000,1.5216230799227133,1.4485740527633122,final
medium,12,fx,,2.175000,1.5276856504052578,1.4531527859082907,final
medium,12,fx,,2.200000,1.533583351909295,1.4576659727369123,final
medium,12,fx,,2.225000,1.539320036427951,1.4621141453290472,final
medium,12,fx,,2.250000,1.5448996950788283,1.4664978648176454,final
medium,12,fx,,2.275000,1.5503264132528134,1.470817718776893,final
medium,12,fx,,2.300000,1.5556043313951224,1.475074318749721,final
medium,12,fx,,2.325000,1.5607376111322433,1.479268297909802,final
medium,12,fx,,2.350000,1.5657304063955746,1.483400308853113,final
medium,12,fx,,2.375000,1.5705868391515314,1.4874710215141502,final
medium,12,fx,,2.400000,1.575310979325235,1.491481121201892,final
medium,12,fx,,2.425000,1.5799068284971465,1.4954313067506453,final
medium,12,fx,,2.450000,1.5843783069561472,1.4993222887809725,final
medium,12,fx,,2.475000,1.5887292437057965,1.5031547880659621,final
medium,12,fx,,2.500000,1.5929633690405016,1.5069295339981974,final
medium,12,fx,,2.525000,1.5970843093330316,1.5106472631528727,final
medium,12,fx,,2.550000,1.6010955837025407,1.514308717942618,final
medium,12,fx,,2.575000,1.6050006022616627,1.5179146453597039,final
medium,12,fx,,2.600000,1.6088026656711774,1.5214657958014208,final
medium,12,fx,,2.625000,1.612504965760361,1.5249629219745588,final
medium,12,fx,,2.650000,1.6161105869998473,1.5284067778750356,final
medium,12,fx,,2.675000,1.6196225086410232,1.5317981178388593,final
medium,12,fx,,2.700000,1.6230436073614916,1.5351376956607474,final
medium,12,fx,,2.725000,1.6263766602796237,1.538426263776851,final
medium,12,fx,,2.750000,1.6296243482226702,1.5416645725081797,final
medium,12,fx,,2.775000,1.6327892591521826,1.5448533693614435,final
medium,12,fx,,2.800000,1.635873891667743,1.5479933983841754,final
medium,12,fx,,2.825000,1.6388806585251692,1.5510853995711167,final
medium,12,fx,,2.850000,1.6418118901186367,1.5541301083189827,final
medium,12,fx,,2.875000,1.6446698378876408,1.5571282549268526,final
medium,12,fx,,2.900000,1.6474566776195017,1.5600805641395499,final
medium,12,fx,,2.925000,1.6501745126264382,1.562987754731498,final
medium,12,fx,,2.950000,1.652825376783135,1.5658505391286572,final
medium,12,fx,,2.975000,1.6554112374164371,1.5686696230662598,final
medium,12,fx,,3.000000,1.6579339980434433,1.5714457052801694,final
medium,12,fx,,3.025000,1.660395500957926,1.5741794772298021,final
medium,12,fx,,3.050000,1.6627975296678918,1.5768716228506432,final
medium,12,fx,,3.075000,1.665141811189251,1.5795228183344976,final
medium,12,fx,,3.100000,1.667430018202133,1.5821337319357038,final
medium,12,fx,,3.125000,1.6696637710774787,1.5847050238016365,final
medium,12,fx,,3.150000,1.6718446397821816,1.587237345825908,final
medium,12,fx,,3.175000,1.6739741456714177,1.5897313415227634,final
medium,12,fx,,3.200000,1.6760537631768457,1.592187645921248,final
medium,12,fx,,3.225000,1.6780849213992366,1.5946068854777975,final
medium,12,fx,,3.250000,1.6800690056138008,1.5969896780059818,final
medium,12,fx,,3.275000,1.6820073586960542,1.5993366326221994,final
medium,12,fx,,3.300000,1.6839012824755943,1.601648349706187,final
medium,12,fx,,3.325000,1.6857520390246032,1.6039254208752762,final
medium,12,fx,,3.350000,1.6875608518873348,1.6061684289713845,final
medium,12,fx,,3.375000,1.6893289072562596,1.6083779480597964,final
medium,12,fx,,3.400000,1.6910573550999872,1.6105545434388309,final
medium,12,fx,,3.425000,1.6927473102475177,1.6126987716595576,final
medium,12,fx,,3.450000,1.6943998534328693,1.6148111805547691,final
medium,12,fx,,3.475000,1.6960160323036284,1.6168923092764607,final
medium,12,fx,,3.500000,1.6975968623965152,1.6189426883411182,final
medium,12,fx,,3.525000,1.6991433280826496,1.6209628396821578,final
medium,12,fx,,3.550000,1.7006563834848216,1.622953276708899,final
medium,12,fx,,3.575000,1.7021369533687407,1.6249145043714908,final
medium,12,fx,,3.600000,1.703585934009928,1.6268470192312494,final
medium,12,fx,,3.625000,1.7050041940376703,1.6287513095359003,final
medium,12,fx,,3.650000,1.7063925752572153,1.630627855299244,final
medium,12,fx,,3.675000,1.707751893451189,1.632477128384804,final
medium,12,fx,,3.700000,1.7090829391610687,1.6342995925930408,final
medium,12,fx,,3.725000,1.710386478449371,1.6360957037517374,final
medium,12,fx,,3.750000,1.7116632536431349,1.6378659098091999,final
medium,12,fx,,3.775000,1.7129139840591516,1.6396106509299275,final
medium,12,fx,,3.800000,1.714139366711336,1.641330359592442,final
medium,12,fx,,3.825000,1.715340077000558,1.6430254606889751,final
medium,12,fx,,3.850000,1.7165167693872236,1.6446963716267469,final
medium,12,fx,,3.875000,1.7176700780468368,1.6463435024305744,final
medium,12,fx,,3.900000,1.718800617508767,1.6479672558465768,final
medium,12,fx,,3.925000,1.719908983278416,1.6495680274467555,final
medium,12,fx,,3.950000,1.7209957524429857,1.651146205734246,final
medium,12,fx,,3.975000,1.7220614842610171,1.6527021722490547,final
medium,12,fx,,4.000000,1.7231067207359019,1.654236301674099,final
medium,12,fx,,4.025000,1.7241319871735443,1.6557489619413992,final
medium,12,fx,,4.050000,1.7251377927243778,1.6572405143382634,final
medium,12,fx,,4.075000,1.7261246309099394,1.6587113136133356,final
medium,12,fx,,4.100000,1.7270929801342063,1.6601617080823763,final
medium,12,fx,,4.125000,1.7280433041799348,1.6615920397336599,final
medium,12,fx,,4.150000,1.728976052690222,1.663002644332885,final
medium,12,fx,,4.175000,1.7298916616355424,1.6643938515274967,final
medium,12,fx,,4.200000,1.730790553766511,1.6657659849503361,final
medium,12,fx,,4.225000,1.7316731390526385,1.6671193623225302,final
medium,12,fx,,4.250000,1.732539815107356,1.668454295555556,final
medium,12,fx,,4.275000,1.7333909675995782,1.6697710908524037,final
medium,12,fx,,4.300000,1.7342269706521087,1.6710700488077885,final
medium,12,fx,,4.325000,1.735048187227171,1.672351464507346,final
medium,12,fx,,4.350000,1.7358549694993681,1.6736156276257725,final
medium,12,fx,,4.375000,1.7366476592163707,1.6748628225238602,final
medium,12,fx,,4.400000,1.737426588047647,1.6760933283443924,final
medium,12,fx,,4.425000,1.7381920779215334,1.6773074191068635,final
medium,12,fx,,4.450000,1.7389444413509632,1.6785053638009961,final
medium,12,fx,,4.475000,1.7396839817481544,1.6796874264790258,final
medium,12,fx,,4.500000,1.7404109937285728,1.6808538663467358,final
medium,12,fx,,4.525000,1.7411257634044754,1.682004937853222,final
medium,12,fx,,4.550000,1.7418285686683341,1.6831408907793708,final
medium,12,fx,,4.575000,1.7425196794664481,1.6842619703250405,final
medium,12,fx,,4.600000,1.743199358063044,1.685368417194935,final
medium,12,fx,,4.625000,1.74386785929515,1.6864604676831623,final
medium,12,fx,,4.650000,1.744525430818548,1.687538353756474,final
medium,12,fx,,4.675000,1.7451723133450754,1.6886023031361845,final
medium,12,fx,,4.700000,1.7458087408715686,1.6896525393787643,final
medium,12,fx,,4.725000,1.7464349409007138,1.6906892819551151,final
medium,12,fx,,4.750000,1.7470511346540833,1.691712746328525,final
medium,12,fx,,4.775000,1.7476575372776113,1.69272314403131,final
medium,12,fx,,4.800000,1.7482543580397722,1.6937206827401463,final
medium,12,fx,,4.825000,1.7488418005227133,1.6947055663501032,final
medium,12,fx,,4.850000,1.7494200628065784,1.695677995047382,final
medium,12,fx,,4.875000,1.7499893376472686,1.6966381653807714,final
medium,12,fx,,4.900000,1.7505498126478685,1.6975862703318307,final
medium,12,fx,,4.925000,1.7511016704239588,1.6985224993838095,final
medium,12,fx,,4.950000,1.75164508876304,1.6994470385893194,final
medium,12,fx,,4.975000,1.7521802407782738,1.7003600706367672,final
medium,12,fx,,5.000000,1.75270729505675,1.701261774915565,final
medium,12,fx,,5.025000,1.7532264158024757,1.7021523275801298,final
medium,12,fx,,5.050000,1.7537377629742836,1.7030319016126885,final
medium,12,fx,,5.075000,1.7542414924188379,1.7039006668849015,final
medium,12,fx,,5.100000,1.754737755998924,1.7047587902183228,final
medium,12,fx,,5.125000,1.7552267017171972,1.7056064354437073,final
medium,12,fx,,5.150000,1.7557084738355533,1.7064437634591885,final
medium,12,fx,,5.175000,1.7561832129902846,1.7072709322873345,final
medium,12,fx,,5.200000,1.756651056303182,1.708088097131107,final
medium,12,fx,,5.225000,1.757112137488731,1.7088954104287313,final
medium,12,fx,,5.250000,1.7575665869575479,1.7096930219075017,final
medium,12,fx,,5.275000,1.7580145319161962,1.7104810786365339,final
medium,12,fx,,5.300000,1.7584560964635234,1.711259725078483,final
medium,12,fx,,5.325000,1.7588914016836386,1.7120291031402441,final
medium,12,fx,,5.350000,1.759320565735671,1.7127893522226525,final
medium,12,fx,,5.375000,1.759743703940414,1.7135406092691985,final
medium,12,fx,,5.400000,1.7601609288639888,1.714283008813776,final
medium,12,fx,,5.425000,1.7605723503986241,1.7150166830274802,final
medium,12,fx,,5.450000,1.76097807584067,1.7157417617644724,final
medium,12,fx,,5.475000,1.7613782099659459,1.7164583726069251,final
medium,12,fx,,5.500000,1.7617728551025271,1.7171666409090691,final
medium,12,fx,,5.525000,1.7621621112010557,1.717866689840354,final
medium,12,fx,,5.550000,1.7625460759026803,1.7185586404277413,final
medium,12,fx,,5.575000,1.7629248446047072,1.7192426115971444,final
medium,12,fx,,5.600000,1.7632985105240497,1.719918720214034,final
medium,12,fx,,5.625000,1.7636671647585576,1.7205870811232205,final
medium,12,fx,,5.650000,1.7640308963463045,1.721247807187832,final
medium,12,fx,,5.675000,1.764389792322915,1.7219010093275047,final
medium,12,fx,,5.700000,1.7647439377769947,1.7225467965557948,final
medium,12,fx,,5.725000,1.7650934159037408,1.7231852760168345,final
medium,12,fx,,5.750000,1.765438308056802,1.7238165530212408,final
medium,12,fx,,5.775000,1.765778693798442,1.7244407310812953,final
medium,12,fx,,5.800000,1.7661146509480836,1.725057911945408,final
medium,12,fx,,5.825000,1.766446255629279,1.7256681956318787,final
medium,12,fx,,5.850000,1.7667735823151745,1.7262716804619718,final
medium,12,fx,,5.875000,1.767096703872519,1.7268684630923166,final
medium,12,fx,,5.900000,1.7674156916042703,1.727458638546647,final
medium,12,fx,,5.925000,1.7677306152908525,1.7280423002468948,final
medium,12,fx,,5.950000,1.7680415432301102,1.728619540043648,final
medium,12,fx,,5.975000,1.768348542276009,1.7291904482459888,final
medium,12,fx,,6.000000,1.7686516778761259,1.7297551136507232,final
medium,12,fc,0.5,0.000000,1.0,0.9999961712608588,final
medium,12,fc,0.5,0.025000,0.999403411376478,0.9983586646344352,final
medium,12,fc,0.5,0.050000,0.9976183308786477,0.9934854371990305,final
medium,12,fc,0.5,0.075000,0.9946625642372184,0.9854913576191164,final
medium,12,fc,0.5,0.100000,0.9905729955671946,0.9745583236306017,final
medium,12,fc,0.5,0.125000,0.9854099455934907,0.9609224860044977,final
medium,12,fc,0.5,0.150000,0.979258978959011,0.9448590526338713,final
medium,12,fc,0.5,0.175000,0.9722294296218855,0.9266665678644719,final
medium,12,fc,0.5,0.200000,0.9644492781488613,0.906652287270015,final
medium,12,fc,0.5,0.225000,0.9560566236583756,0.8851197735940066,final
medium,12,fc,0.5,0.250000,0.9471887444860861,0.8623592877190294,final
medium,12,fc,0.5,0.275000,0.9379704598887072,0.838641066508284,final
medium,12,fc,0.5,0.300000,0.9285039740333085,0.8142112349444125,final
medium,12,fc,0.5,0.325000,0.9188624076904939,0.7892899055662282,final
medium,12,fc,0.5,0.350000,0.9090887009119939,0.7640709501109981,final
medium,12,fc,0.5,0.375000,0.8992005496417873,0.738722947888542,final
medium,12,fc,0.5,0.400000,0.8892007293207923,0.7133908845188547,final
medium,12,fc,0.5,0.425000,0.8790908835129031,0.6881982632946789,final
medium,12,fc,0.5,0.450000,0.868885967503606,0.663249379897375,final
medium,12,fc,0.5,0.475000,0.8586263107439965,0.6386315887919551,final
medium,12,fc,0.5,0.500000,0.8483848026277175,0.614417452116793,final
medium,12,fc,0.5,0.525000,0.8382678921936174,0.5906667090105318,final
medium,12,fc,0.5,0.550000,0.8284105874310685,0.5674280368849434,final
medium,12,fc,0.5,0.575000,0.8189669893272611,0.5447405987383155,final
medium,12,fc,0.5,0.600000,0.8100986934404054,0.5226353848308631,final
medium,12,fc,0.5,0.625000,0.8019634438624935,0.5011363652156074,final
medium,12,fc,0.5,0.650000,0.7947058200692355,0.4802614735958944,final
medium,12,fc,0.5,0.675000,0.7884507836029279,0.46002344418289265,final
medium,12,fc,0.5,0.700000,0.7832999787143153,0.4404305226879344,final
medium,12,fc,0.5,0.725000,0.7793300497179677,0.4214870710332323,final
medium,12,fc,0.5,0.750000,0.7765920236931976,0.4031940832949596,final
medium,12,fc,0.5,0.775000,0.775110971302168,0.38554962812948085,final
medium,12,fc,0.5,0.800000,0.7748855649656958,0.36854923068108175,final
medium,12,fc,0.5,0.825000,0.7758876311877776,0.35218620484951263,final
medium,12,fc,0.5,0.850000,0.7780621804081508,0.3364519448742073,final
medium,12,fc,0.5,0.875000,0.7813285706571482,0.3213361834989273,final
medium,12,fc,0.5,0.900000,0.7855833620323912,0.306827222522449,final
medium,12,fc,0.5,0.925000,0.7907050728661308,0.2929121403100752,final
medium,12,fc,0.5,0.950000,0.7965605654679272,0.2795769798212084,final
medium,12,fc,0.5,0.975000,0.803012333829969,0.2668069198795077,final
medium,12,fc,0.5,1.000000,0.809925696745467,0.25458643175180856,final
medium,12,fc,0.5,1.025000,0.817174907271256,0.24289942258726716,final
medium,12,fc,0.5,1.050000,0.8246474588939723,0.23172936687701973,final
medium,12,fc,0.5,1.075000,0.8322462942242426,0.22105942680628568,final
medium,12,fc,0.5,1.100000,0.8398900581638185,0.21087256216631964,final
medium,12,fc,0.5,1.125000,0.8475118604978013,0.20115163035586586,final
medium,12,fc,0.5,1.150000,0.8550571606906834,0.1918794769158274,final
medium,12,fc,0.5,1.175000,0.8624813661161997,0.18303901699379402,final
medium,12,fc,0.5,1.200000,0.8697475967692603,0.1746133081159656,final
medium,12,fc,0.5,1.225000,0.8768248832811645,0.16658561464383392,final
medium,12,fc,0.5,1.250000,0.8836868893418741,0.15893946430447428,final
medium,12,fc,0.5,1.275000,0.8903111197208157,0.15165869720073666,final
medium,12,fc,0.5,1.300000,0.8966785020276495,0.14472750772673904,final
medium,12,fc,0.5,1.325000,0.9027732075613633,0.13813047983167853,final
medium,12,fc,0.5,1.350000,0.9085825886530351,0.13185261608906113,final
medium,12,fc,0.5,1.375000,0.9140971400821551,0.1258793610376418,final
medium,12,fc,0.5,1.400000,0.9193104269240284,0.12019661926408308,final
medium,12,fc,0.5,1.425000,0.9242189519551947,0.11479076869543448,final
medium,12,fc,0.5,1.450000,0.9288219585053588,0.1096486695622258,final
medium,12,fc,0.5,1.475000,0.9331211787599932,0.10475766948076473,final
medium,12,fc,0.5,1.500000,0.9371205442824297,0.10010560508677041,final
medium,12,fc,0.5,1.525000,0.940825876994776,0.09568080063249802,final
medium,12,fc,0.5,1.550000,0.9442445770882423,0.09147206393676467,final
medium,12,fc,0.5,1.575000,0.9473853209902859,0.08746868005254455,final
medium,12,fc,0.5,1.600000,0.9502577787564694,0.08366040299072135,final
medium,12,fc,0.5,1.625000,0.9528723567707648,0.08003744581183542,final
medium,12,fc,0.5,1.650000,0.955239968762248,0.07659046937076666,final
medium,12,fc,0.5,1.675000,0.9573718359722923,0.07331056997272188,final
medium,12,fc,0.5,1.700000,0.9592793157895044,0.07018926617305912,final
medium,12,fc,0.5,1.725000,0.9609737572000414,0.06721848492863296,final
medium,12,fc,0.5,1.750000,0.9624663808511053,0.06439054728477098,final
medium,12,fc,0.5,1.775000,0.9637681812764272,0.0616981537598125,final
medium,12,fc,0.5,1.800000,0.9648898487857241,0.059134369568493717,final
medium,12,fc,0.5,1.825000,0.9658417085997674,0.05669260980638358,final
medium,12,fc,0.5,1.850000,0.9666336749646323,0.05436662470009754,final
medium,12,fc,0.5,1.875000,0.9672752181659625,0.05215048501211195,final
medium,12,fc,0.5,1.900000,0.967775342563126,0.050038567674637165,final
medium,12,fc,0.5,1.925000,0.968142573959809,0.0480255417141179,final
medium,12,fc,0.5,1.950000,0.96838495481413,0.04610635451642435,final
medium,12,fc,0.5,1.975000,0.9685100459640649,0.04427621847262877,final
medium,12,fc,0.5,2.000000,0.9685249337016947,0.042530598036290536,final
medium,12,fc,0.5,2.025000,0.9684362411726046,0.04086519721532707,final
medium,12,fc,0.5,2.050000,0.9682501432056019,0.03927594751474929,final
medium,12,fc,0.5,2.075000,0.9679723837938359,0.03775899634064951,final
medium,12,fc,0.5,2.100000,0.9676082955526034,0.03631069587080901,final
medium,12,fc,0.5,2.125000,0.967162820572687,0.03492759239300612,final
medium,12,fc,0.5,2.150000,0.9666405321719824,0.033606416108520214,final
medium,12,fc,0.5,2.175000,0.9660456571233247,0.032344071395319085,final
medium,12,fc,0.5,2.200000,0.9653820980035557,0.03113762752295615,final
medium,12,fc,0.5,2.225000,0.9646534553686785,0.029984309809202872,final
medium,12,fc,0.5,2.250000,0.9638630495130458,0.028881491206847024,final
medium,12,fc,0.5,2.275000,0.9630139416174297,0.027826684307850874,final
medium,12,fc,0.5,2.300000,0.9621089541321092,0.026817533751129878,final
medium,12,fc,0.5,2.325000,0.961150690277195,0.025851809019539436,final
medium,12,fc,0.5,2.350000,0.9601415525737722,0.024927397611219253,final
medium,12,fc,0.5,2.375000,0.9590837603465342,0.024042298570184424,final
medium,12,fc,0.5,2.400000,0.957979366161727,0.02319461636096361,final
medium,12,fc,0.5,2.425000,0.9568302711838926,0.022382555072118837,final
medium,12,fc,0.5,2.450000,0.9556382394513898,0.021604412933645116,final
medium,12,fc,0.5,2.475000,0.9544049110843381,0.020858577133474034,final
medium,12,fc,0.5,2.500000,0.9531318144497805,0.020143518918636836,final
medium,12,fc,0.5,2.525000,0.9518203773177902,0.019457788967005542,final
medium,12,fc,0.5,2.550000,0.9504719370492272,0.01880001301595232,final
medium,12,fc,0.5,2.575000,0.9490877498610895,0.018168887734721407,final
medium,12,fc,0.5,2.600000,0.9476689992192086,0.017563176827779654,final
medium,12,fc,0.5,2.625000,0.9462168034105051,0.016981707356906937,final
medium,12,fc,0.5,2.650000,0.9447322223484411,0.016423366270288828,final
medium,12,fc,0.5,2.675000,0.9432162636657653,0.01588709712737786,final
medium,12,fc,0.5,2.700000,0.9416698881483536,0.015371897008789036,final
medium,12,fc,0.5,2.725000,0.9400940145629948,0.014876813601008254,final
medium,12,fc,0.5,2.750000,0.938489523930505,0.014400942446161183,final
medium,12,fc,0.5,2.775000,0.9368572632936792,0.01394342434758682,final
medium,12,fc,0.5,2.800000,0.9351980490273827,0.0135034429224213,final
medium,12,fc,0.5,2.825000,0.9335126697356358,0.013080222292847036,final
medium,12,fc,0.5,2.850000,0.9318018887779536,0.012673024908103358,final
medium,12,fc,0.5,2.875000,0.9300664464644698,0.012281149489774493,final
medium,12,fc,0.5,2.900000,0.9283070619566237,0.011903929093276212,final
medium,12,fc,0.5,2.925000,0.9265244349074034,0.0115407292788442,final
medium,12,fc,0.5,2.950000,0.9247192468724061,0.011190946385711102,final
medium,12,fc,0.5,2.975000,0.9228921625202873,0.010854005903492529,final
medium,12,fc,0.5,3.000000,0.9210438306685793,0.010529360935159847,final
medium,12,fc,0.5,3.025000,0.9191748851683816,0.010216490746280376,final
medium,12,fc,0.5,3.050000,0.917285945659036,0.00991489939552285,final
medium,12,fc,0.5,3.075000,0.9153776182117042,0.00962411444170394,final
medium,12,fc,0.5,3.100000,0.9134504958786386,0.009343685722933544,final
medium,12,fc,0.5,3.125000,0.9115051591630188,0.009073184203666275,final
medium,12,fc,0.5,3.150000,0.9095421764224083,0.00881220088572273,final
medium,12,fc,0.5,3.175000,0.9075621042172572,0.00856034577956125,final
medium,12,fc,0.5,3.200000,0.9055654876143346,0.008317246932311853,final
medium,12,fc,0.5,3.225000,0.9035528604536425,0.008082549509281826,final
medium,12,fc,0.5,3.250000,0.9015247455860953,0.007855914925840547,final
medium,12,fc,0.5,3.275000,0.8994816550881735,0.007637020026771776,final
medium,12,fc,0.5,3.300000,0.8974240904587397,0.007425556310355653,final
medium,12,fc,0.5,3.325000,0.8953525428023645,0.007221229194605152,final
medium,12,fc,0.5,3.350000,0.8932674930027172,0.007023757323232783,final
medium,12,fc,0.5,3.375000,0.8911694118889243,0.0068328719090709365,final
medium,12,fc,0.5,3.400000,0.8890587603971951,0.006648316112797191,final
medium,12,fc,0.5,3.425000,0.8869359897295414,0.006469844454954951,final
medium,12,fc,0.5,3.450000,0.8848015415109617,0.006297222259364868,final
medium,12,fc,0.5,3.475000,0.8826558479461168,0.006130225126150202,final
medium,12,fc,0.5,3.500000,0.88049933197622,0.005968638432691078,final
medium,12,fc,0.5,3.525000,0.8783324074366055,0.005812256860931846,final
medium,12,fc,0.5,3.550000,0.8761554792152393,0.005660883949557558,final
medium,12,fc,0.5,3.575000,0.8739689434122778,0.005514331669634566,final
medium,12,fc,0.5,3.600000,0.871773187500637,0.005372420022408773,final
medium,12,fc,0.5,3.625000,0.8695685904874473,0.0052349766580150085,final
medium,12,fc,0.5,3.650000,0.8673555230761874,0.0051018365139386904,final
medium,12,fc,0.5,3.675000,0.8651343478292393,0.0049728414721276004,final
medium,12,fc,0.5,3.700000,0.8629054193305802,0.004847840033726076,final
medium,12,fc,0.5,3.725000,0.8606690843482827,0.004726687010453871,final
medium,12,fc,0.5,3.750000,0.8584256819965289,0.0046092432317188185,final
medium,12,fc,0.5,3.775000,0.8561755438967955,0.004495375266596954,final
medium,12,fc,0.5,3.800000,0.8539189943379176,0.00438495515987154,final
medium,12,fc,0.5,3.825000,0.8516563504347359,0.004277860181360855,final
medium,12,fc,0.5,3.850000,0.8493879222850508,0.00417397258781929,final
medium,12,fc,0.5,3.875000,0.8471140131246306,0.004073179396726176,final
medium,12,fc,0.5,3.900000,0.8448349194800561,0.003975372171325868,final
medium,12,fc,0.5,3.925000,0.842550931319191,0.003880446816315581,final
medium,12,fc,0.5,3.950000,0.8402623321991073,0.0037883033836064225,final
medium,12,fc,0.5,3.975000,0.8379693994113125,0.0036988458876262074,final
medium,12,fc,0.5,4.000000,0.8356724041241558,0.0036119821296561735,final
medium,12,fc,0.5,4.025000,0.8333716115223083,0.0035276235307199755,final
medium,12,fc,0.5,4.050000,0.8310672809432349,0.003445684972579932,final
medium,12,fc,0.5,4.075000,0.8287596660106054,0.0033660846464103494,final
medium,12,fc,0.5,4.100000,0.8264490147645901,0.0032887439087498005,final
medium,12,fc,0.5,4.125000,0.8241355697890334,0.0032135871443476484,final
medium,12,fc,0.5,4.150000,0.821819568335482,0.003140541635555781,final
medium,12,fc,0.5,4.175000,0.8195012424440826,0.003069537437917249,final
medium,12,fc,0.5,4.200000,0.8171808190613622,0.003000507261639546,final
medium,12,fc,0.5,4.225000,0.8148585201549237,0.002933386358647509,final
medium,12,fc,0.5,4.250000,0.8125345628250938,0.002868112414932197,final
medium,12,fc,0.5,4.275000,0.8102091594135681,0.0028046254479229715,final
medium,12,fc,0.5,4.300000,0.8078825176091067,0.002742867708632816,final
medium,12,fc,0.5,4.325000,0.8055548405503424,0.0026827835883323843,final
medium,12,fc,0.5,4.350000,0.8032263269257622,0.0026243195295232785,final
medium,12,fc,0.5,4.375000,0.8008971710709301,0.0025674239410017246,final
medium,12,fc,0.5,4.400000,0.7985675630630148,0.002512047116799274,final
medium,12,fc,0.5,4.425000,0.7962376888127122,0.0024581411588165073,final
medium,12,fc,0.5,4.450000,0.7939077301536093,0.0024056599029599174,final
medium,12,fc,0.5,4.475000,0.7915778649290898,0.0023545588486135268,final
medium,12,fc,0.5,4.500000,0.7892482670768374,0.002304795091278237,final
medium,12,fc,0.5,4.525000,0.7869191067110191,0.0022563272582273074,final
medium,12,fc,0.5,4.550000,0.7845905502022226,0.002209115447027629,final
medium,12,fc,0.5,4.575000,0.7822627602552149,0.002163121166787322,final
medium,12,fc,0.5,4.600000,0.7799358959846013,0.0021183072820026927,final
medium,12,fc,0.5,4.625000,0.7776101129884504,0.0020746379588730468,final
medium,12,fc,0.5,4.650000,0.7752855634199503,0.002032078613968704,final
medium,12,fc,0.5,4.675000,0.772962396057175,0.0019905958651390177,final
medium,12,fc,0.5,4.700000,0.7706407563710143,0.0019501574845522565,final
medium,12,fc,0.5,4.725000,0.7683207865913342,0.0019107323537686412,final
medium,12,fc,0.5,4.750000,0.7660026257714352,0.0018722904207485434,final
medium,12,fc,0.5,4.775000,0.7636864098508577,0.0018348026587054643,final
medium,12,fc,0.5,4.800000,0.7613722717166007,0.0017982410267173958,final
medium,12,fc,0.5,4.825000,0.7590603412628083,0.001762578432014152,final
medium,12,fc,0.5,4.850000,0.7567507454489683,0.0017277886938635106,final
medium,12,fc,0.5,4.875000,0.754443608356691,0.0016938465089809934,final
medium,12,fc,0.5,4.900000,0.7521390512450995,0.0016607274183924714,final
medium,12,fc,0.5,4.925000,0.7498371926048958,0.001628407775686919,final
medium,12,fc,0.5,4.950000,0.7475381482111395,0.001596864716589041,final
medium,12,fc,0.5,4.975000,0.745242031174778,0.0015660761297978003,final
medium,12,fc,0.5,5.000000,0.7429489519929905,0.001536020629028713,final
medium,12,fc,0.5,5.025000,0.7406590185983589,0.0015066775262095645,final
medium,12,fc,0.5,5.050000,0.7383723364069337,0.0014780268057724868,final
medium,12,fc,0.5,5.075000,0.7360890083652031,0.0014500490999996532,final
medium,12,fc,0.5,5.100000,0.7338091349960272,0.0014227256653687938,final
medium,12,fc,0.5,5.125000,0.7315328144435554,0.0013960383598590484,final
medium,12,fc,0.5,5.150000,0.7292601425171639,0.0013699696211715122,final
medium,12,fc,0.5,5.175000,0.7269912127344476,0.001344502445826072,final
medium,12,fc,0.5,5.200000,0.7247261163632932,0.001319620369094148,final
medium,12,fc,0.5,5.225000,0.7224649424630643,0.0012953074457320137,final
medium,12,fc,0.5,5.250000,0.7202077779249285,0.0012715482314793827,final
medium,12,fc,0.5,5.275000,0.7179547075113436,0.0012483277652897444,final
medium,12,fc,0.5,5.300000,0.7157058138947437,0.0012256315522594916,final
medium,12,fc,0.5,5.325000,0.713461177695435,0.0012034455472299352,final
medium,12,fc,0.5,5.350000,0.7112208775187309,0.0011817561390265222,final
medium,12,fc,0.5,5.375000,0.7089849899913543,0.0011605501353155188,final
medium,12,fc,0.5,5.400000,0.7067535897971144,0.0011398147480441024,final
medium,12,fc,0.5,5.425000,0.704526749711896,0.0011195375794464772,final
medium,12,fc,0.5,5.450000,0.702304540637964,0.0010997066085859438,final
medium,12,fc,0.5,5.475000,0.7000870316376149,0.0010803101784139062,final
medium,12,fc,0.5,5.500000,0.6978742899661896,0.0010613369833224516,final
medium,12,fc,0.5,5.525000,0.69566638110446,0.0010427760571714813,final
medium,12,fc,0.5,5.550000,0.6934633687904127,0.0010246167617677558,final
medium,12,fc,0.5,5.575000,0.6912653150504435,0.001006848775780092,final
medium,12,fc,0.5,5.600000,0.6890722802299765,0.0009894620840704305,final
medium,12,fc,0.5,5.625000,0.6868843230235249,0.000972446967424831,final
medium,12,fc,0.5,5.650000,0.6847015005042065,0.0009557939926686374,final
medium,12,fc,0.5,5.675000,0.682523868152728,0.0009394940031462534,final
medium,12,fc,0.5,5.700000,0.6803514798858529,0.0009235381095562882,final
medium,12,fc,0.5,5.725000,0.678184388084357,0.0009079176811237815,final
medium,12,fc,0.5,5.750000,0.676022643620502,0.0008926243370957384,final
medium,12,fc,0.5,5.775000,0.6738662958850172,0.000877649938550017,final
medium,12,fc,0.5,5.800000,0.6717153928136129,0.0008629865805003556,final
medium,12,fc,0.5,5.825000,0.66956998091304,0.0008486265842915688,final
medium,12,fc,0.5,5.850000,0.6674301052866929,0.0008345624902662513,final
medium,12,fc,0.5,5.875000,0.6652958096597762,0.0008207870506999125,final
medium,12,fc,0.5,5.900000,0.6631671364040467,0.0008072932229858862,final
medium,12,fc,0.5,5.925000,0.6610441265621245,0.0007940741630678401,final
medium,12,fc,0.5,5.950000,0.6589268198714057,0.0007811232191043099,final
medium,12,fc,0.5,5.975000,0.6568152547875619,0.0007684339253583744,final
medium,12,fc,0.5,6.000000,0.6547094685076549,0.0007559999963054072,final
medium,12,fc,2,0.000000,1.0,0.9999979292399579,final
medium,12,fc,2,0.025000,0.9996376611819623,0.9992961010731113,final
medium,12,fc,2,0.050000,0.9985531738798489,0.9971948653968338,final
medium,12,fc,2,0.075000,0.9967557034331485,0.9937069079517921,final
medium,12,fc,2,0.100000,0.9942635724432685,0.9888531709729896,final
medium,12,fc,2,0.125000,0.9911061736853226,0.9826625583062567,final
medium,12,fc,2,0.150000,0.9873249460149196,0.9751715344708285,final
medium,12,fc,2,0.175000,0.9829731651515229,0.9664236288215278,final
medium,12,fc,2,0.200000,0.9781144084168367,0.95646885815437,final
medium,12,fc,2,0.225000,0.9728197297606774,0.9453630826547406,final
medium,12,fc,2,0.250000,0.9671637994368949,0.9331673109752425,final
medium,12,fc,2,0.275000,0.9612204745653059,0.919946970463837,final
medium,12,fc,2,0.300000,0.9550584175463458,0.9057711581949571,final
medium,12,fc,2,0.325000,0.948737420988686,0.890711887570984,final
medium,12,fc,2,0.350000,0.9423060057260391,0.8748433439638938,final
medium,12,fc,2,0.375000,0.9358006418993638,0.8582411612720591,final
medium,12,fc,2,0.400000,0.9292466458174197,0.8409817294902436,final
medium,12,fc,2,0.425000,0.9226604948139207,0.8231415415386202,final
medium,12,fc,2,0.450000,0.9160530504234217,0.8047965857616002,final
medium,12,fc,2,0.475000,0.9094330426867246,0.7860217887637229,final
medium,12,fc,2,0.500000,0.9028101706103278,0.7668905116525188,final
medium,12,fc,2,0.525000,0.8961973067834513,0.7474741013425734,final
medium,12,fc,2,0.550000,0.8896115213752321,0.72784149735908,final
medium,12,fc,2,0.575000,0.8830739114242455,0.7080588935663934,final
medium,12,fc,2,0.600000,0.8766084843799348,0.6881894534295714,final
medium,12,fc,2,0.625000,0.8702405579764959,0.668293076778535,final
medium,12,fc,2,0.650000,0.863995270478297,0.6484262155643347,final
medium,12,fc,2,0.675000,0.8578968232007638,0.6286417357517053,final
medium,12,fc,2,0.700000,0.8519689839027347,0.6089888222581751,final
medium,12,fc,2,0.725000,0.8462371572095824,0.589512923705394,final
medium,12,fc,2,0.750000,0.8407319884380803,0.570255733673549,final
medium,12,fc,2,0.775000,0.8354940547687792,0.551255205128223,final
medium,12,fc,2,0.800000,0.8305787961548516,0.5325455947076924,final
medium,12,fc,2,0.825000,0.8260605586126797,0.5141575336073486,final
medium,12,fc,2,0.850000,0.8220345717060358,0.49611812186950627,final
medium,12,fc,2,0.875000,0.8186159209640933,0.4784510429764151,final
medium,12,fc,2,0.900000,0.8159350842727717,0.4611766957488485,final
medium,12,fc,2,0.925000,0.8141302693771109,0.4443123406704296,final
medium,12,fc,2,0.950000,0.8133374473269744,0.4278722578879763,final
medium,12,fc,2,0.975000,0.8136794498328385,0.4118679142800541,final
medium,12,fc,2,1.000000,0.8152556696853989,0.39630813713912205,final
medium,12,fc,2,1.025000,0.8181337492885018,0.38119929217645976,final
medium,12,fc,2,1.050000,0.8223442321415262,0.3665454637324295,final
medium,12,fc,2,1.075000,0.8278786121955911,0.35234863525610427,final
medium,12,fc,2,1.100000,0.8346906814065463,0.3386088683060421,final
medium,12,fc,2,1.125000,0.8427006504099928,0.325324478515772,final
medium,12,fc,2,1.150000,0.8518012552402445,0.31249220716094483,final
medium,12,fc,2,1.175000,0.861864970752269,0.3001073871574854,final
medium,12,fc,2,1.200000,0.8727515012628565,0.28816410250883695,final
medium,12,fc,2,1.225000,0.8843148661241802,0.27665534040303363,final
medium,12,fc,2,1.250000,0.8964095946076718,0.2655731353345545,final
medium,12,fc,2,1.275000,0.908895749038079,0.2549087047897165,final
medium,12,fc,2,1.300000,0.9216426772414441,0.24465257618608027,final
medium,12,fc,2,1.325000,0.9345315373568925,0.234794704894746,final
medium,12,fc,2,1.350000,0.9474567337025457,0.22532458329861285,final
medium,12,fc,2,1.375000,0.9603264542465265,0.21623134094921204,final
medium,12,fc,2,1.400000,0.9730625163055694,0.2075038359795181,final
medium,12,fc,2,1.425000,0.9855997176245438,0.199130738010403,final
medium,12,fc,2,1.450000,0.9978848650476267,0.19110060285465802,final
medium,12,fc,2,1.475000,1.009875620966656,0.18340193937552854,final
medium,12,fc,2,1.500000,1.0215392747188041,0.17602326889740094,final
medium,12,fc,2,1.525000,1.0328515159252865,0.16895317759573308,final
medium,12,fc,2,1.550000,1.0437952613549113,0.16218036231265762,final
medium,12,fc,2,1.575000,1.0543595668448846,0.15569367025510647,final
medium,12,fc,2,1.600000,1.0645386408510198,0.14948213303498506,final
medium,12,fc,2,1.625000,1.074330965622203,0.1435349955070108,final
medium,12,fc,2,1.650000,1.0837385249337006,0.13784173985045117,final
medium,12,fc,2,1.675000,1.0927661329225735,0.13239210532712925,final
medium,12,fc,2,1.700000,1.1014208561061236,0.12717610413072902,final
medium,12,fc,2,1.725000,1.1097115195328933,0.12218403372238908,final
medium,12,fc,2,1.750000,1.117648287758729,0.11740648602565415,final
medium,12,fc,2,1.775000,1.1252423116250416,0.11283435383068481,final
medium,12,fc,2,1.800000,1.1325054324101718,0.1084588347337509,final
medium,12,fc,2,1.825000,1.1394499356714958,0.1042714329139894,final
medium,12,fc,2,1.850000,1.14608834789512,0.10026395902552457,final
medium,12,fc,2,1.875000,1.1524332698602833,0.09642852845968962,final
medium,12,fc,2,1.900000,1.1584972413718821,0.09275755820948363,final
medium,12,fc,2,1.925000,1.1642926326990921,0.08924376254675773,final
medium,12,fc,2,1.950000,1.1698315586740347,0.08588014770206033,final
medium,12,fc,2,1.975000,1.1751258119513943,0.08266000571771653,final
medium,12,fc,2,2.000000,1.180186812411228,0.07957690762659296,final
medium,12,fc,2,2.025000,1.1850255701080645,0.07662469609216203,final
medium,12,fc,2,2.050000,1.189652659535724,0.0737974776299044,final
medium,12,fc,2,2.075000,1.194078203295176,0.07108961451578498,final
medium,12,fc,2,2.100000,1.1983118635279428,0.06849571647443305,final
medium,12,fc,2,2.125000,1.202362839715438,0.06601063222774378,final
medium,12,fc,2,2.150000,1.2062398716499636,0.06362944097380911,final
medium,12,fc,2,2.175000,1.2099512465602464,0.06134744385632948,final
medium,12,fc,2,2.200000,1.2135048095270666,0.05916015547589158,final
medium,12,fc,2,2.225000,1.2169079764560868,0.05706329548664664,final
medium,12,fc,2,2.250000,1.2201677489882892,0.05505278031492643,final
medium,12,fc,2,2.275000,1.2232907308259493,0.05312471503010885,final
medium,12,fc,2,2.300000,1.226283145036017,0.0512753853925513,final
medium,12,fc,2,2.325000,1.2291508519649759,0.049501250098557395,final
medium,12,fc,2,2.350000,1.2318993674613348,0.047798933238089425,final
medium,12,fc,2,2.375000,1.2345338811552593,0.046165216977224074,final
medium,12,fc,2,2.400000,1.2370592745906603,0.044597034474109544,final
medium,12,fc,2,2.425000,1.2394801390443602,0.04309146303439602,final
medium,12,fc,2,2.450000,1.2418007929006163,0.04164571750968536,final
medium,12,fc,2,2.475000,1.244025298478078,0.040257143940502574,final
medium,12,fc,2,2.500000,1.2461574782308156,0.038923213443524764,final
medium,12,fc,2,2.525000,1.24820093026596,0.03764151634132921,final
medium,12,fc,2,2.550000,1.250159043138214,0.036409756531684365,final
medium,12,fc,2,2.575000,1.2520350098964381,0.03522574609238472,final
medium,12,fc,2,2.600000,1.2538318413700649,0.034087400116785065,final
medium,12,fc,2,2.625000,1.2555523786935423,0.03299273177452561,final
medium,12,fc,2,2.650000,1.2571993050756167,0.03193984759139919,final
medium,12,fc,2,2.675000,1.258775156827328,0.030926942941904803,final
medium,12,fc,2,2.700000,1.2602823336682123,0.029952297747731768,final
medium,12,fc,2,2.725000,1.2617231083346983,0.02901427237521226,final
medium,12,fc,2,2.750000,1.2630996355180724,0.02811130372463498,final
medium,12,fc,2,2.775000,1.264413960161937,0.027241901504269916,final
medium,12,fc,2,2.800000,1.2656680251508297,0.026404644681927984,final
medium,12,fc,2,2.825000,1.2668636784227676,0.025598178106928483,final
medium,12,fc,2,2.850000,1.2680026795390293,0.024821209295431242,final
medium,12,fc,2,2.875000,1.2690867057445459,0.024072505372191445,final
medium,12,fc,2,2.900000,1.2701173575519549,0.023350890161948933,final
medium,12,fc,2,2.925000,1.2710961638817275,0.022655241423814636,final
medium,12,fc,2,2.950000,1.2720245867898692,0.02198448822219974,final
medium,12,fc,2,2.975000,1.2729040258135857,0.021337608428025324,final
medium,12,fc,2,3.000000,1.2737358219640387,0.020713626344142904,final
medium,12,fc,2,3.025000,1.2745212613939214,0.020111610449121096,final
medium,12,fc,2,3.050000,1.2752615787661274,0.019530671253741985,final
medium,12,fc,2,3.075000,1.2759579603482618,0.018969959264783273,final
medium,12,fc,2,3.100000,1.2766115468562096,0.01842866305087054,final
medium,12,fc,2,3.125000,1.2772234360684382,0.01790600740538857,final
medium,12,fc,2,3.150000,1.2777946852311888,0.01740125160166688,final
medium,12,fc,2,3.175000,1.278326313273224,0.01691368773584563,final
medium,12,fc,2,3.200000,1.2788193028473764,0.016442639153041987,final
medium,12,fc,2,3.225000,1.2792746022147277,0.015987458952627043,final
medium,12,fc,2,3.250000,1.2796931269859697,0.01554752856862642,final
medium,12,fc,2,3.275000,1.2800757617332157,0.015122256421425359,final
medium,12,fc,2,3.300000,1.2804233614843692,0.014711076637163482,final
medium,12,fc,2,3.325000,1.280736753111057,0.014313447831357885,final
medium,12,fc,2,3.350000,1.2810167366200873,0.013928851953473702,final
medium,12,fc,2,3.375000,1.281264086357466,0.013556793189317143,final
medium,12,fc,2,3.400000,1.281479552133102,0.013196796918281035,final
medium,12,fc,2,3.425000,1.2816638602735264,0.012848408722622606,final
medium,12,fc,2,3.450000,1.2818177146092278,0.012511193446095005,final
medium,12,fc,2,3.475000,1.2819417974024958,0.012184734299390572,final
medium,12,fc,2,3.500000,1.282036770221084,0.011868632009980432,final
medium,12,fc,2,3.525000,1.282103274762423,0.011562504014061415,final
medium,12,fc,2,3.550000,1.2821419336326247,0.011265983688439207,final
medium,12,fc,2,3.575000,1.282153351084057,0.010978719620289117,final
medium,12,fc,2,3.600000,1.2821381137148715,0.010700374912838966,final
medium,12,fc,2,3.625000,1.2820967911334993,0.010430626525124654,final
medium,12,fc,2,3.650000,1.2820299365908003,0.010169164644067214,final
medium,12,fc,2,3.675000,1.2819380875822801,0.00991569208720407,final
medium,12,fc,2,3.700000,1.281821766422509,0.009669923734501585,final
medium,12,fc,2,3.725000,1.281681480793676,0.009431585987756015,final
medium,12,fc,2,3.750000,1.2815177242699938,0.009200416256170275,final
medium,12,fc,2,3.775000,1.2813309768194927,0.008976162466764602,final
medium,12,fc,2,3.800000,1.2811217052846087,0.008758582598353621,final
medium,12,fc,2,3.825000,1.2808903638428026,0.00854744423788731,final
medium,12,fc,2,3.850000,1.2806373944483507,0.008342524158018077,final
medium,12,fc,2,3.875000,1.2803632272563321,0.008143607914814084,final
medium,12,fc,2,3.900000,1.280068281029748,0.007950489464597189,final
medium,12,fc,2,3.925000,1.2797529635306282,0.007762970798941056,final
medium,12,fc,2,3.950000,1.2794176718959058,0.007580861596905375,final
medium,12,fc,2,3.975000,1.2790627929987817,0.007403978893646075,final
medium,12,fc,2,4.000000,1.278688703796246,0.0072321467645740005,final
medium,12,fc,2,4.025000,1.2782957716633718,0.0070651960242810626,final
medium,12,fc,2,4.050000,1.2778843547149619,0.00690296393950086,final
medium,12,fc,2,4.075000,1.2774548021150791,0.006745293955398438,final
medium,12,fc,2,4.100000,1.2770074543749736,0.00659203543452906,final
medium,12,fc,2,4.125000,1.2765426436398724,0.0064430434078363,final
medium,12,fc,2,4.150000,1.276060693965092,0.006298178337093973,final
medium,12,fc,2,4.175000,1.2755619215818852,0.006157305888229191,final
medium,12,fc,2,4.200000,1.2750466351534393,0.006020296714986096,final
medium,12,fc,2,4.225000,1.2745151360213989,0.005887026252428785,final
medium,12,fc,2,4.250000,1.2739677184432836,0.005757374519800969,final
medium,12,fc,2,4.275000,1.2734046698211514,0.005631225932281169,final
medium,12,fc,2,4.300000,1.2728262709218439,0.005508469121209777,final
medium,12,fc,2,4.325000,1.2722327960891255,0.005388996762367058,final
medium,12,fc,2,4.350000,1.2716245134480362,0.005272705411922309,final
medium,12,fc,2,4.375000,1.2710016851017447,0.005159495349679465,final
medium,12,fc,2,4.400000,1.2703645673211872,0.005049270429270179,final
medium,12,fc,2,4.425000,1.2697134107277677,0.004941937934961711,final
medium,12,fc,2,4.450000,1.2690484604693832,0.004837408444764286,final
medium,12,fc,2,4.475000,1.2683699563900155,0.004735595699538422,final
medium,12,fc,2,4.500000,1.2676781331931506,0.00463641647781682,final
medium,12,fc,2,4.525000,1.2669732205992446,0.004539790476073858,final
medium,12,fc,2,4.550000,1.2662554434974649,0.0044456401941804025,final
medium,12,fc,2,4.575000,1.2655250220919356,0.0043538908258078015,final
medium,12,fc,2,4.600000,1.264782172042673,0.004264470153542824,final
medium,12,fc,2,4.625000,1.2640271046014382,0.004177308448501121,final
medium,12,fc,2,4.650000,1.2632600267426795,0.00409233837422035,final
medium,12,fc,2,4.675000,1.2624811412897656,0.004009494894645649,final
medium,12,fc,2,4.700000,1.26169064703668,0.003928715186011864,final
medium,12,fc,2,4.725000,1.2608887388653538,0.003849938552444208,final
medium,12,fc,2,4.750000,1.2600756078588073,0.0037731063451085585,final
medium,12,fc,2,4.775000,1.2592514414102447,0.003698161884748136,final
medium,12,fc,2,4.800000,1.2584164233282817,0.0036250503874534,final
medium,12,fc,2,4.825000,1.2575707339384268,0.0035537188935180495,final
medium,12,fc,2,4.850000,1.2567145501809787,0.0034841161992384935,final
medium,12,fc,2,4.875000,1.255848045705469,0.003416192791532784,final
medium,12,fc,2,4.900000,1.2549713909617843,0.003349900785240403,final
medium,12,fc,2,4.925000,1.2540847532880888,0.0032851938629953315,final
medium,12,fc,2,4.950000,1.253188296995679,0.0032220272175482114,final
medium,12,fc,2,4.975000,1.2522821834508808,0.003160357496432501,final
medium,12,fc,2,5.000000,1.2513665711541049,0.0031001427488730796,final
medium,12,fc,2,5.025000,1.2504416158161658,0.0030413423748346722,final
medium,12,fc,2,5.050000,1.2495074704319717,0.0029839170761159985,final
medium,12,fc,2,5.075000,1.2485642853516852,0.0029278288094051505,final
medium,12,fc,2,5.100000,1.2476122083494479,0.0028730407412039653,final
medium,12,fc,2,5.125000,1.2466513846897656,0.0028195172045440277,final
medium,12,fc,2,5.150000,1.2456819571916364,0.002767223657416334,final
medium,12,fc,2,5.175000,1.2447040662905209,0.002716126642840039,final
medium,12,fc,2,5.200000,1.243717850098214,0.0026661937504989823,final
medium,12,fc,2,5.225000,1.2427234444607211,0.0026173935798797948,final
medium,12,fc,2,5.250000,1.2417209830141978,0.00256969570484818,final
medium,12,fc,2,5.275000,1.2407105972390322,0.002523070639600119,final
medium,12,fc,2,5.300000,1.239692416512141,0.002477489805931105,final
medium,12,fc,2,5.325000,1.238666568157541,0.0024329255017677574,final
medium,12,fc,2,5.350000,1.2376331774952674,0.002389350870906149,final
medium,12,fc,2,5.375000,1.2365923678886923,0.0023467398739123713,final
medium,12,fc,2,5.400000,1.2355442607903162,0.002305067260127343,final
medium,12,fc,2,5.425000,1.234488975786071,0.0022643085407395933,final
medium,12,fc,2,5.450000,1.2334266306382096,0.0022244399628739303,final
medium,12,fc,2,5.475000,1.2323573413268163,0.002185438484659717,final
medium,12,fc,2,5.500000,1.2312812220900042,0.002147281751233332,final
medium,12,fc,2,5.525000,1.230198385462839,0.00210994807163994,final
medium,12,fc,2,5.550000,1.2291089423150376,0.002073416396598594,final
medium,12,fc,2,5.575000,1.2280130018874873,0.002037666297088671,final
medium,12,fc,2,5.600000,1.2269106718276326,0.002002677943734377,final
medium,12,fc,2,5.625000,1.2258020582237616,0.0019684320869470203,final
medium,12,fc,2,5.650000,1.2246872656382428,0.001934910037795905,final
medium,12,fc,2,5.675000,1.2235663971397428,0.0019020936495821128,final
medium,12,fc,2,5.700000,1.222439554334463,0.0018699653000843219,final
medium,12,fc,2,5.725000,1.2213068373964395,0.0018385078744475162,final
medium,12,fc,2,5.750000,1.2201683450969194,0.001807704748695522,final
medium,12,fc,2,5.775000,1.219024174832876,0.0017775397738341902,final
medium,12,fc,2,5.800000,1.2178744226546647,0.0017479972605298807,final
medium,12,fc,2,5.825000,1.2167191832928694,0.0017190619643353434,final
medium,12,fc,2,5.850000,1.2155585501843609,0.0016907190714431513,final
medium,12,fc,2,5.875000,1.214392615497597,0.0016629541849460688,final
medium,12,fc,2,5.900000,1.2132214701571902,0.0016357533115849763,final
medium,12,fc,2,5.925000,1.2120452038677678,0.0016091028489635777,final
medium,12,fc,2,5.950000,1.2108639051371537,0.0015829895732162476,final
medium,12,fc,2,5.975000,1.2096776612988902,0.0015574006271040614,final
medium,12,fc,2,6.000000,1.2084865585341265,0.0015323235085293945,final
medium,12,fc,5,0.000000,1.0,0.9999990149527557,final
medium,12,fc,5,0.025000,0.9997073254376142,0.9995535545956326,final
medium,12,fc,5,0.050000,0.9988311429847744,0.9982182550348954,final
medium,12,fc,5,0.075000,0.9973778012219653,0.9959963639857915,final
medium,12,fc,5,0.100000,0.9953594534778855,0.9928933046151531,final
medium,12,fc,5,0.125000,0.9927949829830737,0.988916689954814,final
medium,12,fc,5,0.150000,0.9897103442190577,0.9840763410260884,final
medium,12,fc,5,0.175000,0.9861381436094402,0.9783843067201043,final
medium,12,fc,5,0.200000,0.98211633489944,0.9718548830579382,final
medium,12,fc,5,0.225000,0.9776859975950544,0.9645046291303571,final
medium,12,fc,5,0.250000,0.9728882869556833,0.95635237680383,final
medium,12,fc,5,0.275000,0.9677607694318595,0.9474192311874634,final
medium,12,fc,5,0.300000,0.9623334622818095,0.9377285588901255,final
medium,12,fc,5,0.325000,0.956624956993027,0.9273059612587633,final
medium,12,fc,5,0.350000,0.9506390091087418,0.9161792300730569,final
medium,12,fc,5,0.375000,0.9443619226728207,0.904378283568314,final
medium,12,fc,5,0.400000,0.9377609619425338,0.8919350811532322,final
medium,12,fc,5,0.425000,0.9307839142990906,0.8788835157629997,final
medium,12,fc,5,0.450000,0.9233598384588702,0.8652592834188174,final
medium,12,fc,5,0.475000,0.9154009876406796,0.8510997302275789,final
medium,12,fc,5,0.500000,0.9068059105593732,0.8364436777241008,final
medium,12,fc,5,0.525000,0.8974637965007768,0.8213312281068833,final
medium,12,fc,5,0.550000,0.8872602155238832,0.8058035515220902,final
medium,12,fc,5,0.575000,0.8760844637715741,0.789902658086808,final
medium,12,fc,5,0.600000,0.8638386984420603,0.7736711577926741,final
medium,12,fc,5,0.625000,0.8504488800666318,0.7571520117798487,final
medium,12,fc,5,0.650000,0.8358771948321958,0.7403882787090609,final
medium,12,fc,5,0.675000,0.8201351158918347,0.7234228600810844,final
medium,12,fc,5,0.700000,0.8032956596133072,0.7062982483585597,final
medium,12,fc,5,0.725000,0.7855028619549494,0.6890562816393245,final
medium,12,fc,5,0.750000,0.766976263205153,0.6717379084223036,final
medium,12,fc,5,0.775000,0.7480084601604964,0.6543829657089731,final
medium,12,fc,5,0.800000,0.7289546656009324,0.6370299733105577,final
medium,12,fc,5,0.825000,0.7102145994237082,0.6197159468002725,final
medium,12,fc,5,0.850000,0.6922085867825958,0.6024762310788355,final
medium,12,fc,5,0.875000,0.6753509844312242,0.5853443560278541,final
medium,12,fc,5,0.900000,0.660024583743139,0.5683519152265687,final
medium,12,fc,5,0.925000,0.6465592827300852,0.5515284682184035,final
medium,12,fc,5,0.950000,0.6352172380629004,0.5349014663486072,final
medium,12,fc,5,0.975000,0.6261852961603396,0.5184962017644935,final
medium,12,fc,5,1.000000,0.6195742007007342,0.5023357787844921,final
medium,12,fc,5,1.025000,0.6154231912765542,0.4864411065080455,final
medium,12,fc,5,1.050000,0.6137082417822016,0.4708309112594444,final
medium,12,fc,5,1.075000,0.6143522540870917,0.45552176723692184,final
medium,12,fc,5,1.100000,0.6172358493049357,0.44052814357346226,final
medium,12,fc,5,1.125000,0.6222078122337426,0.42586246590588206,final
medium,12,fc,5,1.150000,0.6290946236439432,0.41153519049035014,final
medium,12,fc,5,1.175000,0.6377088034378333,0.3975548888910253,final
medium,12,fc,5,1.200000,0.6478559780336532,0.38392834129850273,final
medium,12,fc,5,1.225000,0.6593406967654577,0.370660636600358,final
medium,12,fc,5,1.250000,0.6719710808833564,0.3577552774211005,final
medium,12,fc,5,1.275000,0.6855624171117249,0.34521428846717805,final
medium,12,fc,5,1.300000,0.6999398201173481,0.3330383266483743,final
medium,12,fc,5,1.325000,0.7149400921229807,0.32122679159448314,final
medium,12,fc,5,1.350000,0.7304129063288257,0.30977793534049813,final
medium,12,fc,5,1.375000,0.7462214348747669,0.2986889701102368,final
medium,12,fc,5,1.400000,0.762242532502015,0.2879561732835211,final
medium,12,fc,5,1.425000,0.7783665748152356,0.277574988782547,final
medium,12,fc,5,1.450000,0.7944970363317905,0.26754012425636026,final
medium,12,fc,5,1.475000,0.810549879583173,0.25784564357642004,final
medium,12,fc,5,1.500000,0.8264528134301998,0.24848505427970202,final
medium,12,fc,5,1.525000,0.8421444671330651,0.2394513897077521,final
medium,12,fc,5,1.550000,0.8575735168741655,0.2307372856900662,final
medium,12,fc,5,1.575000,0.8726977933633191,0.2223350517080542,final
medium,12,fc,5,1.600000,0.8874833926714496,0.2142367365518528,final
medium,12,fc,5,1.625000,0.9019038072653692,0.20643418854680623,final
medium,12,fc,5,1.650000,0.9159390900706267,0.198919110480207,final
medium,12,fc,5,1.675000,0.9295750610273488,0.19168310940259609,final
medium,12,fc,5,1.700000,0.9428025628372515,0.1847177415124742,final
medium,12,fc,5,1.725000,0.9556167702963988,0.17801455235952063,final
medium,12,fc,5,1.750000,0.9680165556810494,0.1715651126203154,final
medium,12,fc,5,1.775000,0.9800039110484878,0.16536104971299231,final
medium,12,fc,5,1.800000,0.9915834269957271,0.15939407552411586,final
medium,12,fc,5,1.825000,1.0027618263607203,0.1536560105231757,final
medium,12,fc,5,1.850000,1.0135475505304672,0.14813880453823608,final
medium,12,fc,5,1.875000,1.0239503954152254,0.14283455446115373,final
medium,12,fc,5,1.900000,1.0339811937333268,0.13773551914301999,final
medium,12,fc,5,1.925000,1.0436515400008142,0.13283413173068498,final
medium,12,fc,5,1.950000,1.0529735545077827,0.12812300968388157,final
medium,12,fc,5,1.975000,1.0619596825628088,0.12359496270000238,final
medium,12,fc,5,2.000000,1.070622525373878,0.11924299876040963,final
medium,12,fc,5,2.025000,1.0789746990865325,0.11506032849854929,final
medium,12,fc,5,2.050000,1.0870287186982812,0.11104036807640862,final
medium,12,fc,5,2.075000,1.0947969037963756,0.10717674074218457,final
medium,12,fc,5,2.100000,1.102291303310372,0.10346327722860513,final
medium,12,fc,5,2.125000,1.1095236367210954,0.09989401513832925,final
medium,12,fc,5,2.150000,1.116505249415466,0.09646319745030717,final
medium,12,fc,5,2.175000,1.1232470801164078,0.09316527026902503,final
medium,12,fc,5,2.200000,1.1297596385445323,0.08999487992723759,final
medium,12,fc,5,2.225000,1.136052991680951,0.08694686954211561,final
medium,12,fc,5,2.250000,1.142136757196875,0.0840162751147613,final
medium,12,fc,5,2.275000,1.1480201027951316,0.08119832125375193,final
medium,12,fc,5,2.300000,1.1537117503712961,0.07848841659474731,final
medium,12,fc,5,2.325000,1.159219984048468,0.07588214898026313,final
medium,12,fc,5,2.350000,1.1645526612705488,0.07337528045640314,final
medium,12,fc,5,2.375000,1.169717226255249,0.0709637421366524,final
medium,12,fc,5,2.400000,1.1747207252111143,0.06864362897674837,final
medium,12,fc,5,2.425000,1.179569822813717,0.06641119449909502,final
medium,12,fc,5,2.450000,1.1842708195159957,0.06426284550016602,final
medium,12,fc,5,2.475000,1.1888296693376035,0.06219513676981234,final
medium,12,fc,5,2.500000,1.1932519978390885,0.060204765847302694,final
medium,12,fc,5,2.525000,1.1975431200397504,0.05828856783526772,final
medium,12,fc,5,2.550000,1.2017080580839445,0.05644351028943357,final
medium,12,fc,5,2.575000,1.2057515585002525,0.05466668819911841,final
medium,12,fc,5,2.600000,1.2096781089320363,0.05295531907085509,final
medium,12,fc,5,2.625000,1.213491954247064,0.05130673812520908,final
medium,12,fc,5,2.650000,1.2171971119587346,0.04971839361481907,final
medium,12,fc,5,2.675000,1.220797386912479,0.048187842269903004,final
medium,12,fc,5,2.700000,1.224296385208565,0.046712744875897896,final
medium,12,fc,5,2.725000,1.2276975273473025,0.045290861986530255,final
medium,12,fc,5,2.750000,1.2310040605947974,0.04392004977442389,final
medium,12,fc,5,2.775000,1.2342190705773477,0.04259825602031256,final
medium,12,fc,5,2.800000,1.2373454921205396,0.04132351624104625,final
medium,12,fc,5,2.825000,1.2403861193554249,0.04009394995580804,final
medium,12,fc,5,2.850000,1.243343615118963,0.03890775708931617,final
medium,12,fc,5,2.875000,1.246220519679537,0.037763214510238105,final
medium,12,fc,5,2.900000,1.2490192588208546,0.036658672702594416,final
medium,12,fc,5,2.925000,1.2517421513191878,0.03559255256754023,final
medium,12,fc,5,2.950000,1.2543914158497689,0.034563342352615975,final
medium,12,fc,5,2.975000,1.2569691773583958,0.03356959470530945,final
medium,12,fc,5,3.000000,1.2594774729340426,0.03260992384757856,final
medium,12,fc,5,3.025000,1.2619182572175642,0.03168300286784069,final
medium,12,fc,5,3.050000,1.264293407380575,0.030787561126827977,final
medium,12,fc,5,3.075000,1.2666047277073051,0.02992238177364323,final
medium,12,fc,5,3.100000,1.2688539538107575,0.02908629936830695,final
medium,12,fc,5,3.125000,1.271042756512913,0.028278197607078143,final
medium,12,fc,5,3.150000,1.273172745417015,0.02749700714683811,final
medium,12,fc,5,3.175000,1.2752454721982427,0.02674170352486146,final
medium,12,fc,5,3.200000,1.27726243363732,0.026011305170332698,final
medium,12,fc,5,3.225000,1.2792250744198788,0.025304871504035504,final
medium,12,fc,5,3.250000,1.2811347897226597,0.024621501122705596,final
medium,12,fc,5,3.275000,1.282992927606008,0.02396033006461559,final
medium,12,fc,5,3.300000,1.2848007912305084,0.02332053015304608,final
medium,12,fc,5,3.325000,1.2865596409140871,0.022701307414390606,final
medium,12,fc,5,3.350000,1.2882706960444839,0.022101900567731217,final
medium,12,fc,5,3.375000,1.289935136860621,0.02152157958282148,final
medium,12,fc,5,3.400000,1.2915541061151636,0.020959644303520642,final
medium,12,fc,5,3.425000,1.2931287106293667,0.020415423133807592,final
medium,12,fc,5,3.450000,1.2946600227502285,0.019888271783622076,final
medium,12,fc,5,3.475000,1.2961490817189687,0.019377572071868618,final
medium,12,fc,5,3.500000,1.297596894958935,0.018882730784027312,final
medium,12,fc,5,3.525000,1.2990044392901972,0.01840317858190917,final
medium,12,fc,5,3.550000,1.3003726620773397,0.017938368963193514,final
medium,12,fc,5,3.575000,1.301702482316258,0.017487777268482583,final
medium,12,fc,5,3.600000,1.3029947916651616,0.017050899733695963,final
medium,12,fc,5,3.625000,1.3042504554244048,0.01662725258572584,final
medium,12,fc,5,3.650000,1.3054703134692833,0.01621637117935688,final
medium,12,fc,5,3.675000,1.3066551811394718,0.015817809173541454,final
medium,12,fc,5,3.700000,1.3078058500883853,0.015431137745210538,final
medium,12,fc,5,3.725000,1.3089230890953856,0.015055944838867765,final
medium,12,fc,5,3.750000,1.3100076448434428,0.014691834450308115,final
medium,12,fc,5,3.775000,1.3110602426645785,0.014338425942863312,final
medium,12,fc,5,3.800000,1.3120815872551734,0.013995353394657682,final
medium,12,fc,5,3.825000,1.313072363362998,0.013662264975421378,final
medium,12,fc,5,3.850000,1.3140332364476446,0.013338822351480577,final
medium,12,fc,5,3.875000,1.3149648533158662,0.0130247001176001,final
medium,12,fc,5,3.900000,1.3158678427331676,0.012719585254425991,final
medium,12,fc,5,3.925000,1.316742816012892,0.012423176610320625,final
medium,12,fc,5,3.950000,1.3175903675839107,0.012135184406454037,final
medium,12,fc,5,3.975000,1.3184110755379321,0.011855329764055456,final
medium,12,fc,5,4.000000,1.3192055021573634,0.011583344252793145,final
medium,12,fc,5,4.025000,1.319974194424583,0.011318969459285231,final
medium,12,fc,5,4.050000,1.3207176845134065,0.011061956574806305,final
medium,12,fc,5,4.075000,1.3214364902634836,0.010812066001288487,final
medium,12,fc,5,4.100000,1.3221311156383095,0.010569066974763647,final
medium,12,fc,5,4.125000,1.3228020511674792,0.010332737205431649,final
medium,12,fc,5,4.150000,1.3234497743737943,0.010102862533580738,final
medium,12,fc,5,4.175000,1.3240747501857761,0.009879236600621332,final
medium,12,fc,5,4.200000,1.3246774313361245,0.009661660534531725,final
medium,12,fc,5,4.225000,1.325258258746625,0.009449942649044966,final
medium,12,fc,5,4.250000,1.325817661899987,0.009243898155941826,final
medium,12,fc,5,4.275000,1.3263560591990686,0.00904334888984183,final
medium,12,fc,5,4.300000,1.3268738583139326,0.008848123044917012,final
medium,12,fc,5,4.325000,1.3273714565171513,0.00865805492297805,final
medium,12,fc,5,4.350000,1.3278492410077638,0.008472984692407837,final
medium,12,fc,5,4.375000,1.3283075892242757,0.008292758157448845,final
medium,12,fc,5,4.400000,1.3287468691470754,0.008117226537362866,final
medium,12,fc,5,4.425000,1.3291674395906288,0.007946246255021595,final
medium,12,fc,5,4.450000,1.3295696504857997,0.007779678734485535,final
medium,12,fc,5,4.475000,1.3299538431526303,0.007617390207175521,final
medium,12,fc,5,4.500000,1.3303203505639127,0.00745925152623505,final
medium,12,fc,5,4.525000,1.3306694975998605,0.007305137988719207,final
medium,12,fc,5,4.550000,1.3310016012941848,0.007154929165255192,final
medium,12,fc,5,4.575000,1.3313169710718735,0.007008508736834862,final
medium,12,fc,5,4.600000,1.331615908978952,0.006865764338424728,final
medium,12,fc,5,4.625000,1.331898709904504,0.006726587409077422,final
medium,12,fc,5,4.650000,1.3321656617952216,0.006590873048268464,final
medium,12,fc,5,4.675000,1.3324170458627325,0.0064585198781628465,final
medium,12,fc,5,4.700000,1.3326531367839676,0.006329429911565912,final
medium,12,fc,5,4.725000,1.3328742028947982,0.006203508425289461,final
medium,12,fc,5,4.750000,1.3330805063771805,0.006080663838708088,final
medium,12,fc,5,4.775000,1.3332723034400362,0.005960807597265741,final
medium,12,fc,5,4.800000,1.3334498444940805,0.005843854060718774,final
medium,12,fc,5,4.825000,1.3336133743208152,0.005729720395912886,final
medium,12,fc,5,4.850000,1.3337631322358843,0.005618326473881569,final
medium,12,fc,5,4.875000,1.3338993522469955,0.0055095947710962845,final
medium,12,fc,5,4.900000,1.3340222632065915,0.005403450274670497,final
medium,12,fc,5,4.925000,1.3341320889594595,0.005299820391357137,final
medium,12,fc,5,4.950000,1.334229048485455,0.00519863486017101,final
medium,12,fc,5,4.975000,1.3343133560375111,0.005099825668480255,final
medium,12,fc,5,5.000000,1.3343852212750968,0.005003326971419181,final
medium,12,fc,5,5.025000,1.334444849393289,0.004909075014477372,final
medium,12,fc,5,5.050000,1.3344924412476067,0.004817008059132411,final
medium,12,fc,5,5.075000,1.3345281934747633,0.004727066311396233,final
medium,12,fc,5,5.100000,1.334552298609468,0.004639191853146637,final
medium,12,fc,5,5.125000,1.3345649451974337,0.004553328576135116,final
medium,12,fc,5,5.150000,1.3345663179047043,0.004469422118547324,final
medium,12,fc,5,5.175000,1.3345565976234481,0.0043874198040178055,final
medium,12,fc,5,5.200000,1.3345359615743266,0.0043072705829917705,final
medium,12,fc,5,5.225000,1.3345045834055727,0.004228924976334929,final
medium,12,fc,5,5.250000,1.334462633288882,0.004152335021101629,final
medium,12,fc,5,5.275000,1.334410278012233,0.004077454218365142,final
medium,12,fc,5,5.300000,1.3343476810697503,0.0040042374830345975,final
medium,12,fc,5,5.325000,1.3342750027486985,0.003932641095565119,final
medium,12,fc,5,5.350000,1.334192400213725,0.003862622655491328,final
medium,12,fc,5,5.375000,1.3341000275884345,0.0037941410367080836,final
medium,12,fc,5,5.400000,1.3339980360343913,0.003727156344421023,final
medium,12,fc,5,5.425000,1.3338865738276449,0.003661629873710311,final
medium,12,fc,5,5.450000,1.333765786432857,0.0035975240696294233,final
medium,12,fc,5,5.475000,1.333635816575114,0.003534802488785088,final
medium,12,fc,5,5.500000,1.3334968043095117,0.00347342976233753,final
medium,12,fc,5,5.525000,1.3333488870885815,0.0034133715603585552,final
medium,12,fc,5,5.550000,1.3331921998276366,0.003354594557501852,final
medium,12,fc,5,5.575000,1.333026874968108,0.003297066399923296,final
medium,12,fc,5,5.600000,1.3328530425389409,0.0032407556734100657,final
medium,12,fc,5,5.625000,1.332670830216119,0.0031856318726634857,final
medium,12,fc,5,5.650000,1.3324803633803715,0.003131665371696122,final
medium,12,fc,5,5.675000,1.3322817651731433,0.003078827395293707,final
medium,12,fc,5,5.700000,1.332075156550867,0.003027089991503894,final
medium,12,fc,5,5.725000,1.331860656337609,0.0029764260051096687,final
medium,12,fc,5,5.750000,1.331638381276136,0.0029268090520475788,final
medium,12,fc,5,5.775000,1.3314084460774653,0.002878213494739797,final
medium,12,fc,5,5.800000,1.3311709634689344,0.002830614418296118,final
medium,12,fc,5,5.825000,1.3309260442408575,0.00278398760755835,final
medium,12,fc,5,5.850000,1.3306737972918028,0.002738309524953898,final
medium,12,fc,5,5.875000,1.3304143296725448,0.00269355728912338,final
medium,12,fc,5,5.900000,1.33014774662873,0.002649708654298654,final
medium,12,fc,5,5.925000,1.3298741516423045,0.0026067419903964785,final
medium,12,fc,5,5.950000,1.3295936464717404,0.0025646362638050363,final
medium,12,fc,5,5.975000,1.3293063311911009,0.0025233710188360442,final
medium,12,fc,5,6.000000,1.3290123042279884,0.002482926359813787,final
medium,15,fx,,0.000000,1.0,1.0,final
medium,15,fx,,0.025000,1.0000671097956817,1.0001371734503082,final
medium,15,fx,,0.050000,1.000268153152274,1.0005484131007953,final
medium,15,fx,,0.075000,1.0006024000640374,1.0012328782849313,final
medium,15,fx,,0.100000,1.0010688949899056,1.002189172660767,final
medium,15,fx,,0.125000,1.0016666596595876,1.0034153513166864,final
medium,15,fx,,0.150000,1.0023948732384609,1.0049089306249135,final
medium,15,fx,,0.175000,1.0032530278935796,1.0066669007499534,final
medium,15,fx,,0.200000,1.0042410586673125,1.0086857406950527,final
medium,15,fx,,0.225000,1.005359447315962,1.010961435747421,final
medium,15,fx,,0.250000,1.0066093003991323,1.0134894971626558,final
medium,15,fx,,0.275000,1.0079924024105258,1.0162649839108355,final
medium,15,fx,,0.300000,1.0095112451278865,1.0192825262913066,final
medium,15,fx,,0.325000,1.0111690346399993,1.022536351210436,final
medium,15,fx,,0.350000,1.0129696776967592,1.0260203089066646,final
medium,15,fx,,0.375000,1.0149177491416483,1.0297279009001115,final
medium,15,fx,,0.400000,1.0170184422428408,1.0336523089397605,final
medium,15,fx,,0.425000,1.0192775037578992,1.0377864247198565,final
medium,15,fx,,0.450000,1.0217011555648905,1.0421228801384386,final
medium,15,fx,,0.475000,1.0242960046850447,1.0466540778748243,final
medium,15,fx,,0.500000,1.0270689435215705,1.0513722220691275,final
medium,15,fx,,0.525000,1.0300270421555,1.056269348895353,final
medium,15,fx,,0.550000,1.0331774345784894,1.061337356830009,final
medium,15,fx,,0.575000,1.036527200806385,1.0665680364302768,final
medium,15,fx,,0.600000,1.0400832469039913,1.0719530994492863,final
medium,15,fx,,0.625000,1.0438521850543894,1.0774842071307018,final
medium,15,fx,,0.650000,1.0478402159146174,1.0831529975403624,final
medium,15,fx,,0.675000,1.0520530155986714,1.0889511118088369,final
medium,15,fx,,0.700000,1.0564956297001171,1.0948702191752313,final
medium,15,fx,,0.725000,1.061172376788799,1.1009020407391494,final
medium,15,fx,,0.750000,1.0660867637662546,1.1070383718441337,final
medium,15,fx,,0.775000,1.0712414153196799,1.1132711030320084,final
medium,15,fx,,0.800000,1.076638019454227,1.119592239523111,final
medium,15,fx,,0.825000,1.082277290692458,1.1259939191922888,final
medium,15,fx,,0.850000,1.0881589520004527,1.1324684290245925,final
medium,15,fx,,0.875000,1.0942817358356194,1.139008220047757,final
medium,15,fx,,0.900000,1.100643403928475,1.1456059207506675,final
medium,15,fx,,0.925000,1.1072407845416439,1.152254349008086,final
medium,15,fx,,0.950000,1.114069825041891,1.1589465225418367,final
medium,15,fx,,0.975000,1.1211256567373542,1.1656756679574736,final
medium,15,fx,,1.000000,1.1284026681454842,1.172435228403129,final
medium,15,fx,,1.025000,1.1358945822458768,1.1792188699038115,final
medium,15,fx,,1.050000,1.143594532912189,1.1860204864298936,final
medium,15,fx,,1.075000,1.15149513567317,1.192834203762979,final
medium,15,fx,,1.100000,1.1595885482683643,1.1996543822257886,final
medium,15,fx,,1.125000,1.1678665171540668,1.2064756183452223,final
medium,15,fx,,1.150000,1.1763204071594908,1.2132927455194251,final
medium,15,fx,,1.175000,1.184941212834473,1.220100833760554,final
medium,15,fx,,1.200000,1.1937195515756225,1.2268951885850992,final
medium,15,fx,,1.225000,1.2026456402464936,1.2336713491231373,final
medium,15,fx,,1.250000,1.2117092585801652,1.2404250855168273,final
medium,15,fx,,1.275000,1.2208997040270095,1.2471523956769321,final
medium,15,fx,,1.300000,1.2302057437553728,1.2538495014641662,final
medium,15,fx,,1.325000,1.2396155701236293,1.2605128443598486,final
medium,15,fx,,1.350000,1.2491167660521751,1.2671390806877225,final
medium,15,fx,,1.375000,1.2586962863133548,1.2737250764459462,final
medium,15,fx,,1.400000,1.2683404598549202,1.2802679018052352,final
medium,15,fx,,1.425000,1.2780350169534014,1.2867648253259727,final
medium,15,fx,,1.450000,1.287765143370709,1.2932133079438641,final
medium,15,fx,,1.475000,1.2975155618990775,1.2996109967704328,final
medium,15,fx,,1.500000,1.3072706398759881,1.3059557187513589,final
medium,15,fx,,1.525000,1.3170145195774068,1.3122454742224083,final
medium,15,fx,,1.550000,1.3267312669815894,1.3184784303994812,final
medium,15,fx,,1.575000,1.3364050333339719,1.3246529148361825,final
medium,15,fx,,1.600000,1.3460202232962748,1.330767408879276,final
medium,15,fx,,1.625000,1.355561663249896,1.3368205411494571,final
medium,15,fx,,1.650000,1.365014763526661,1.3428110810720784,final
medium,15,fx,,1.675000,1.3743656689081303,1.3487379324797883,final
medium,15,fx,,1.700000,1.3836013925927273,1.3546001273065218,final
medium,15,fx,,1.725000,1.392709929888233,1.360396819389886,final
medium,15,fx,,1.750000,1.4016803490518068,1.3661272783967613,final
medium,15,fx,,1.775000,1.4105028578809877,1.3717908838848296,final
medium,15,fx,,1.800000,1.4191688457795402,1.3773871195108214,final
medium,15,fx,,1.825000,1.4276709020201428,1.3829155673944546,final
medium,15,fx,,1.850000,1.4360028117593053,1.3883759026453952,final
medium,15,fx,,1.875000,1.4441595320049572,1.3937678880590432,final
medium,15,fx,,1.900000,1.4521371501873896,1.3990913689855675,final
medium,15,fx,,1.925000,1.4599328282475248,1.4043462683753405,final
medium,15,fx,,1.950000,1.467544735251414,1.4095325820027964,final
medium,15,fx,,1.975000,1.4749719714919323,1.4146503738697032,final
medium,15,fx,,2.000000,1.4822144868771483,1.4196997717879212,final
medium,15,fx,,2.025000,1.4892729961595397,1.4246809631409094,final
medium,15,fx,,2.050000,1.4961488932595126,1.4295941908225116,final
medium,15,fx,,2.075000,1.5028441666057246,1.4344397493509262,final
medium,15,fx,,2.100000,1.5093613170747138,1.4392179811552137,final
medium,15,fx,,2.125000,1.5157032797801246,1.4439292730312083,final
medium,15,fx,,2.150000,1.5218733506499078,1.4485740527633122,final
medium,15,fx,,2.175000,1.5278751184467714,1.4531527859082907,final
medium,15,fx,,2.200000,1.533712402637979,1.4576659727369123,final
medium,15,fx,,2.225000,1.539389197307575,1.4621141453290472,final
medium,15,fx,,2.250000,1.544909621127331,1.4664978648176454,final
medium,15,fx,,2.275000,1.5502778732605718,1.470817718776893,final
medium,15,fx,,2.300000,1.5554981949628808,1.475074318749721,final
medium,15,fx,,2.325000,1.5605748365621452,1.479268297909802,final
medium,15,fx,,2.350000,1.5655120294438298,1.483400308853113,final
medium,15,fx,,2.375000,1.5703139626319735,1.4874710215141502,final
medium,15,fx,,2.400000,1.5749847635386036,1.491481121201892,final
medium,15,fx,,2.425000,1.5795284824506781,1.4954313067506453,final
medium,15,fx,,2.450000,1.5839490803312106,1.4993222887809725,final
medium,15,fx,,2.475000,1.588250419527287,1.5031547880659621,final
medium,15,fx,,2.500000,1.592436256999859,1.5069295339981974,final
medium,15,fx,,2.525000,1.5965102397166155,1.5106472631528727,final
medium,15,fx,,2.550000,1.6004759018782242,1.514308717942618,final
medium,15,fx,,2.575000,1.6043366636785055,1.5179146453597039,final
medium,15,fx,,2.600000,1.6080958313296538,1.5214657958014208,final
medium,15,fx,,2.625000,1.611756598113588,1.5249629219745588,final
medium,15,fx,,2.650000,1.6153220462493518,1.5284067778750356,final
medium,15,fx,,2.675000,1.6187951493937593,1.5317981178388593,final
medium,15,fx,,2.700000,1.6221787756178419,1.5351376956607474,final
medium,15,fx,,2.725000,1.6254756907250363,1.538426263776851,final
medium,15,fx,,2.750000,1.6286885617982454,1.5416645725081797,final
medium,15,fx,,2.775000,1.631819960881992,1.5448533693614435,final
medium,15,fx,,2.800000,1.6348723687228426,1.5479933983841754,final
medium,15,fx,,2.825000,1.6378481785062426,1.5510853995711167,final
medium,15,fx,,2.850000,1.6407496995409192,1.5541301083189827,final
medium,15,fx,,2.875000,1.643579160853255,1.5571282549268526,final
medium,15,fx,,2.900000,1.6463387146636643,1.5600805641395499,final
medium,15,fx,,2.925000,1.649030439725082,1.562987754731498,final
medium,15,fx,,2.950000,1.6516563445104702,1.5658505391286572,final
medium,15,fx,,2.975000,1.6542183702417983,1.5686696230662598,final
medium,15,fx,,3.000000,1.6567183937574594,1.5714457052801694,final
medium,15,fx,,3.025000,1.6591582302186931,1.5741794772298021,final
medium,15,fx,,3.050000,1.6615396356583392,1.5768716228506432,final
medium,15,fx,,3.075000,1.6638643093773777,1.5795228183344976,final
medium,15,fx,,3.100000,1.6661338961962153,1.5821337319357038,final
medium,15,fx,,3.125000,1.6683499885687276,1.5847050238016365,final
medium,15,fx,,3.150000,1.6705141285676943,1.587237345825908,final
medium,15,fx,,3.175000,1.6726278097505984,1.5897313415227634,final
medium,15,fx,,3.200000,1.6746924789147914,1.592187645921248,final
medium,15,fx,,3.225000,1.6767095377508985,1.5946068854777975,final
medium,15,fx,,3.250000,1.6786803444030207,1.5969896780059818,final
medium,15,fx,,3.275000,1.680606214943887,1.5993366326221994,final
medium,15,fx,,3.300000,1.6824884247726062,1.601648349706187,final
medium,15,fx,,3.325000,1.6843282099421313,1.6039254208752762,final
medium,15,fx,,3.350000,1.686126768422973,1.6061684289713845,final
medium,15,fx,,3.375000,1.6878852613091262,1.6083779480597964,final
medium,15,fx,,3.400000,1.689604813971591,1.6105545434388309,final
medium,15,fx,,3.425000,1.6912865171643305,1.6126987716595576,final
medium,15,fx,,3.450000,1.6929314280869665,1.6148111805547691,final
medium,15,fx,,3.475000,1.6945405714080222,1.6168923092764607,final
medium,15,fx,,3.500000,1.6961149402520606,1.6189426883411182,final
medium,15,fx,,3.525000,1.6976554971536486,1.6209628396821578,final
medium,15,fx,,3.550000,1.6991631749806853,1.622953276708899,final
medium,15,fx,,3.575000,1.700638877829292,1.6249145043714908,final
medium,15,fx,,3.600000,1.702083481892156,1.6268470192312494,final
medium,15,fx,,3.625000,1.7034978363019402,1.6287513095359003,final
medium,15,fx,,3.650000,1.7048827639511392,1.630627855299244,final
medium,15,fx,,3.675000,1.7062390622895598,1.632477128384804,final
medium,15,fx,,3.700000,1.7075675041004055,1.6342995925930408,final
medium,15,fx,,3.725000,1.7088688382558195,1.6360957037517374,final
medium,15,fx,,3.750000,1.7101437904525962,1.6378659098091999,final
medium,15,fx,,3.775000,1.7113930639286672,1.6396106509299275,final
medium,15,fx,,3.800000,1.712617340160881,1.641330359592442,final
medium,15,fx,,3.825000,1.7138172795445257,1.6430254606889751,final
medium,15,fx,,3.850000,1.7149935220549846,1.6446963716267469,final
medium,15,fx,,3.875000,1.7161466878918732,1.6463435024305744,final
medium,15,fx,,3.900000,1.7172773781059611,1.6479672558465768,final
medium,15,fx,,3.925000,1.7183861752091787,1.6495680274467555,final
medium,15,fx,,3.950000,1.7194736437679614,1.651146205734246,final
medium,15,fx,,3.975000,1.720540330980202,1.6527021722490547,final
medium,15,fx,,4.000000,1.7215867672360516,1.654236301674099,final
medium,15,fx,,4.025000,1.7226134666628201,1.6557489619413992,final
medium,15,fx,,4.050000,1.723620927654224,1.6572405143382634,final
medium,15,fx,,4.075000,1.7246096333842287,1.6587113136133356,final
medium,15,fx,,4.100000,1.7255800523057405,1.6601617080823763,final
medium,15,fx,,4.125000,1.7265326386344084,1.6615920397336599,final
medium,15,fx,,4.150000,1.7274678328178013,1.663002644332885,final
medium,15,fx,,4.175000,1.7283860619902267,1.6643938515274967,final
medium,15,fx,,4.200000,1.7292877404134814,1.6657659849503361,final
medium,15,fx,,4.225000,1.7301732699038017,1.6671193623225302,final
medium,15,fx,,4.250000,1.7310430402453185,1.668454295555556,final
medium,15,fx,,4.275000,1.7318974295903,1.6697710908524037,final
medium,15,fx,,4.300000,1.7327368048464937,1.6710700488077885,final
medium,15,fx,,4.325000,1.733561522051855,1.672351464507346,final
medium,15,fx,,4.350000,1.734371926736986,1.6736156276257725,final
medium,15,fx,,4.375000,1.7351683542755765,1.6748628225238602,final
medium,15,fx,,4.400000,1.7359511302231727,1.6760933283443924,final
medium,15,fx,,4.425000,1.7367205706445654,1.6773074191068635,final
medium,15,fx,,4.450000,1.7374769824301264,1.6785053638009961,final
medium,15,fx,,4.475000,1.7382206636013864,1.6796874264790258,final
medium,15,fx,,4.500000,1.7389519036061707,1.6808538663467358,final
medium,15,fx,,4.525000,1.7396709836035937,1.682004937853222,final
medium,15,fx,,4.550000,1.740378176739217,1.6831408907793708,final
medium,15,fx,,4.575000,1.7410737484106664,1.6842619703250405,final
medium,15,fx,,4.600000,1.7417579565240011,1.685368417194935,final
medium,15,fx,,4.625000,1.742431051741131,1.6864604676831623,final
medium,15,fx,,4.650000,1.743093277718565,1.687538353756474,final
medium,15,fx,,4.675000,1.743744871337764,1.6886023031361845,final
medium,15,fx,,4.700000,1.7443860629273835,1.6896525393787643,final
medium,15,fx,,4.725000,1.7450170764776656,1.6906892819551151,final
medium,15,fx,,4.750000,1.7456381298472532,1.691712746328525,final
medium,15,fx,,4.775000,1.7462494349626725,1.69272314403131,final
medium,15,fx,,4.800000,1.7468511980107393,1.6937206827401463,final
medium,15,fx,,4.825000,1.7474436196241385,1.6947055663501032,final
medium,15,fx,,4.850000,1.7480268950604045,1.695677995047382,final
medium,15,fx,,4.875000,1.748601214374542,1.6966381653807714,final
medium,15,fx,,4.900000,1.7491667625855085,1.6975862703318307,final
medium,15,fx,,4.925000,1.7497237198367763,1.6985224993838095,final
medium,15,fx,,4.950000,1.7502722615511888,1.6994470385893194,final
medium,15,fx,,4.975000,1.7508125585803134,1.7003600706367672,final
medium,15,fx,,5.000000,1.751344777348493,1.701261774915565,final
medium,15,fx,,5.025000,1.751869079991785,1.7021523275801298,final
medium,15,fx,,5.050000,1.7523856244919809,1.7030319016126885,final
medium,15,fx,,5.075000,1.7528945648058774,1.7039006668849015,final
medium,15,fx,,5.100000,1.7533960509899844,1.7047587902183228,final
medium,15,fx,,5.125000,1.7538902293208294,1.7056064354437073,final
medium,15,fx,,5.150000,1.7543772424110258,1.7064437634591885,final
medium,15,fx,,5.175000,1.7548572293212625,1.7072709322873345,final
medium,15,fx,,5.200000,1.7553303256683652,1.708088097131107,final
medium,15,fx,,5.225000,1.7557966637295712,1.7088954104287313,final
medium,15,fx,,5.250000,1.7562563725431737,1.7096930219075017,final
medium,15,fx,,5.275000,1.756709578005648,1.7104810786365339,final
medium,15,fx,,5.300000,1.7571564029654165,1.711259725078483,final
medium,15,fx,,5.325000,1.7575969673133591,1.7120291031402441,final
medium,15,fx,,5.350000,1.7580313880701992,1.7127893522226525,final
medium,15,fx,,5.375000,1.758459779470883,1.7135406092691985,final
medium,15,fx,,5.400000,1.7588822530460615,1.714283008813776,final
medium,15,fx,,5.425000,1.7592989177007856,1.7150166830274802,final
medium,15,fx,,5.450000,1.7597098797905182,1.7157417617644724,final
medium,15,fx,,5.475000,1.7601152431945641,1.7164583726069251,final
medium,15,fx,,5.500000,1.7605151093870148,1.7171666409090691,final
medium,15,fx,,5.525000,1.760909577505299,1.717866689840354,final
medium,15,fx,,5.550000,1.7612987444164325,1.7185586404277413,final
medium,15,fx,,5.575000,1.7616827047810462,1.7192426115971444,final
medium,15,fx,,5.600000,1.762061551115285,1.719918720214034,final
medium,15,fx,,5.625000,1.7624353738506475,1.7205870811232205,final
medium,15,fx,,5.650000,1.7628042613918458,1.721247807187832,final
medium,15,fx,,5.675000,1.7631683001727656,1.7219010093275047,final
medium,15,fx,,5.700000,1.7635275747105845,1.7225467965557948,final
medium,15,fx,,5.725000,1.7638821676581276,1.7231852760168345,final
medium,15,fx,,5.750000,1.7642321598545185,1.7238165530212408,final
medium,15,fx,,5.775000,1.764577630374193,1.7244407310812953,final
medium,15,fx,,5.800000,1.764918656574333,1.725057911945408,final
medium,15,fx,,5.825000,1.7652553141407759,1.7256681956318787,final
medium,15,fx,,5.850000,1.7655876771324646,1.7262716804619718,final
medium,15,fx,,5.875000,1.765915818024477,1.7268684630923166,final
medium,15,fx,,5.900000,1.7662398077497012,1.727458638546647,final
medium,15,fx,,5.925000,1.7665597157391948,1.7280423002468948,final
medium,15,fx,,5.950000,1.7668756099612801,1.728619540043648,final
medium,15,fx,,5.975000,1.7671875569594215,1.7291904482459888,final
medium,15,fx,,6.000000,1.7674956218889275,1.7297551136507232,final
medium,15,fc,0.5,0.000000,1.0,0.9999961712608588,final
medium,15,fc,0.5,0.025000,0.9995887149730494,0.9983586646344352,final
medium,15,fc,0.5,0.050000,0.9983577205712343,0.9934854371990305,final
medium,15,fc,0.5,0.075000,0.9963173532108711,0.9854913576191164,final
medium,15,fc,0.5,0.100000,0.9934881430540896,0.9745583236306017,final
medium,15,fc,0.5,0.125000,0.9899025911097585,0.9609224860044977,final
medium,15,fc,0.5,0.150000,0.9856054357310862,0.9448590526338713,final
medium,15,fc,0.5,0.175000,0.9806519836340253,0.9266665678644719,final
medium,15,fc,0.5,0.200000,0.9751043563026467,0.906652287270015,final
medium,15,fc,0.5,0.225000,0.9690259408164916,0.8851197735940066,final
medium,15,fc,0.5,0.250000,0.9624748494211945,0.8623592877190294,final
medium,15,fc,0.5,0.275000,0.955497649133004,0.838641066508284,final
medium,15,fc,0.5,0.300000,0.9481248655770748,0.8142112349444125,final
medium,15,fc,0.5,0.325000,0.9403696649647983,0.7892899055662282,final
medium,15,fc,0.5,0.350000,0.9322306217105414,0.7640709501109981,final
medium,15,fc,0.5,0.375000,0.9236986440149177,0.738722947888542,final
medium,15,fc,0.5,0.400000,0.9147671275548865,0.7133908845188547,final
medium,15,fc,0.5,0.425000,0.9054434939711449,0.6881982632946789,final
medium,15,fc,0.5,0.450000,0.8957597243162505,0.663249379897375,final
medium,15,fc,0.5,0.475000,0.8857795342138867,0.6386315887919551,final
medium,15,fc,0.5,0.500000,0.8756005210786357,0.614417452116793,final
medium,15,fc,0.5,0.525000,0.8653507947178929,0.5906667090105318,final
medium,15,fc,0.5,0.550000,0.8551809329604294,0.5674280368849434,final
medium,15,fc,0.5,0.575000,0.8452531536110823,0.5447405987383155,final
medium,15,fc,0.5,0.600000,0.8357300304393451,0.5226353848308631,final
medium,15,fc,0.5,0.625000,0.8267648150166,0.5011363652156074,final
medium,15,fc,0.5,0.650000,0.8184946362959608,0.4802614735958944,final
medium,15,fc,0.5,0.675000,0.8110368731869637,0.46002344418289265,final
medium,15,fc,0.5,0.700000,0.8044881637704981,0.4404305226879344,final
medium,15,fc,0.5,0.725000,0.7989250312852557,0.4214870710332323,final
medium,15,fc,0.5,0.750000,0.7944050138612011,0.4031940832949596,final
medium,15,fc,0.5,0.775000,0.7909674060491798,0.38554962812948085,final
medium,15,fc,0.5,0.800000,0.7886331278444724,0.36854923068108175,final
medium,15,fc,0.5,0.825000,0.7874037022217879,0.35218620484951263,final
medium,15,fc,0.5,0.850000,0.7872597364299633,0.3364519448742073,final
medium,15,fc,0.5,0.875000,0.7881595802375737,0.3213361834989273,final
medium,15,fc,0.5,0.900000,0.7900389170389699,0.306827222522449,final
medium,15,fc,0.5,0.925000,0.7928119095850029,0.2929121403100752,final
medium,15,fc,0.5,0.950000,0.7963742012566355,0.2795769798212084,final
medium,15,fc,0.5,0.975000,0.8006076518814196,0.2668069198795077,final
medium,15,fc,0.5,1.000000,0.8053862859801806,0.25458643175180856,final
medium,15,fc,0.5,1.025000,0.8105826687154525,0.24289942258726716,final
medium,15,fc,0.5,1.050000,0.8160738700901911,0.23172936687701973,final
medium,15,fc,0.5,1.075000,0.8217463275415142,0.22105942680628568,final
medium,15,fc,0.5,1.100000,0.8274992021630317,0.21087256216631964,final
medium,15,fc,0.5,1.125000,0.833246144536432,0.20115163035586586,final
medium,15,fc,0.5,1.150000,0.8389156528145967,0.1918794769158274,final
medium,15,fc,0.5,1.175000,0.8444503667228727,0.18303901699379402,final
medium,15,fc,0.5,1.200000,0.8498056894166782,0.1746133081159656,final
medium,15,fc,0.5,1.225000,0.8549480902572163,0.16658561464383392,final
medium,15,fc,0.5,1.250000,0.8598533548266528,0.15893946430447428,final
medium,15,fc,0.5,1.275000,0.8645049503588872,0.15165869720073666,final
medium,15,fc,0.5,1.300000,0.8688925898025788,0.14472750772673904,final
medium,15,fc,0.5,1.325000,0.873011017061143,0.13813047983167853,final
medium,15,fc,0.5,1.350000,0.8768590002375154,0.13185261608906113,final
medium,15,fc,0.5,1.375000,0.8804385037958936,0.1258793610376418,final
medium,15,fc,0.5,1.400000,0.8837540074890866,0.12019661926408308,final
medium,15,fc,0.5,1.425000,0.8868119434855307,0.11479076869543448,final
medium,15,fc,0.5,1.450000,0.889620228985289,0.1096486695622258,final
medium,15,fc,0.5,1.475000,0.8921878772492601,0.10475766948076473,final
medium,15,fc,0.5,1.500000,0.8945246743421258,0.10010560508677041,final
medium,15,fc,0.5,1.525000,0.896640911863374,0.09568080063249802,final
medium,15,fc,0.5,1.550000,0.898547167792237,0.09147206393676467,final
medium,15,fc,0.5,1.575000,0.900254128694251,0.08746868005254455,final
medium,15,fc,0.5,1.600000,0.9017724472709234,0.08366040299072135,final
medium,15,fc,0.5,1.625000,0.9031126298121491,0.08003744581183542,final
medium,15,fc,0.5,1.650000,0.9042849486591545,0.07659046937076666,final
medium,15,fc,0.5,1.675000,0.9052993753501257,0.07331056997272188,final
medium,15,fc,0.5,1.700000,0.9061655307003122,0.07018926617305912,final
medium,15,fc,0.5,1.725000,0.9068926486409689,0.06721848492863296,final
medium,15,fc,0.5,1.750000,0.907489551180834,0.06439054728477098,final
medium,15,fc,0.5,1.775000,0.9079646323388897,0.0616981537598125,final
medium,15,fc,0.5,1.800000,0.9083258493155952,0.059134369568493717,final
medium,15,fc,0.5,1.825000,0.9085807195178013,0.05669260980638358,final
medium,15,fc,0.5,1.850000,0.9087363223329398,0.05436662470009754,final
medium,15,fc,0.5,1.875000,0.9087993047680558,0.05215048501211195,final
medium,15,fc,0.5,1.900000,0.9087758902381518,0.050038567674637165,final
medium,15,fc,0.5,1.925000,0.9086718899161031,0.0480255417141179,final
medium,15,fc,0.5,1.950000,0.9084927161524065,0.04610635451642435,final
medium,15,fc,0.5,1.975000,0.908243397545435,0.04427621847262877,final
medium,15,fc,0.5,2.000000,0.9079285952983673,0.042530598036290536,final
medium,15,fc,0.5,2.025000,0.9075526205427742,0.04086519721532707,final
medium,15,fc,0.5,2.050000,0.9071194523448534,0.03927594751474929,final
medium,15,fc,0.5,2.075000,0.9066327561412574,0.03775899634064951,final
medium,15,fc,0.5,2.100000,0.9060959023791605,0.03631069587080901,final
medium,15,fc,0.5,2.125000,0.905511985160855,0.03492759239300612,final
medium,15,fc,0.5,2.150000,0.9048838407173446,0.033606416108520214,final
medium,15,fc,0.5,2.175000,0.9042140655584668,0.032344071395319085,final
medium,15,fc,0.5,2.200000,0.9035050341690837,0.03113762752295615,final
medium,15,fc,0.5,2.225000,0.9027589161418118,0.029984309809202872,final
medium,15,fc,0.5,2.250000,0.9019776926565233,0.028881491206847024,final
medium,15,fc,0.5,2.275000,0.9011631722352931,0.027826684307850874,final
medium,15,fc,0.5,2.300000,0.9003170057185514,0.026817533751129878,final
medium,15,fc,0.5,2.325000,0.8994407004237582,0.025851809019539436,final
medium,15,fc,0.5,2.350000,0.8985356334619973,0.024927397611219253,final
medium,15,fc,0.5,2.375000,0.89760306420038,0.024042298570184424,final
medium,15,fc,0.5,2.400000,0.8966441458691587,0.02319461636096361,final
medium,15,fc,0.5,2.425000,0.8956599363219405,0.022382555072118837,final
medium,15,fc,0.5,2.450000,0.8946514079654934,0.021604412933645116,final
medium,15,fc,0.5,2.475000,0.8936194568823981,0.020858577133474034,final
medium,15,fc,0.5,2.500000,0.8925649111753021,0.020143518918636836,final
medium,15,fc,0.5,2.525000,0.8914885385659254,0.019457788967005542,final
medium,15,fc,0.5,2.550000,0.890391053285302,0.01880001301595232,final
medium,15,fc,0.5,2.575000,0.8892731222941662,0.018168887734721407,final
medium,15,fc,0.5,2.600000,0.8881353708739868,0.017563176827779654,final
medium,15,fc,0.5,2.625000,0.8869783876300176,0.016981707356906937,final
medium,15,fc,0.5,2.650000,0.8858027289479982,0.016423366270288828,final
medium,15,fc,0.5,2.675000,0.8846089229458389,0.01588709712737786,final
medium,15,fc,0.5,2.700000,0.8833974729608914,0.015371897008789036,final
medium,15,fc,0.5,2.725000,0.8821688606123023,0.014876813601008254,final
medium,15,fc,0.5,2.750000,0.8809235484765306,0.014400942446161183,final
medium,15,fc,0.5,2.775000,0.879661982412463,0.01394342434758682,final
medium,15,fc,0.5,2.800000,0.8783845935707232,0.0135034429224213,final
medium,15,fc,0.5,2.825000,0.8770918001198292,0.013080222292847036,final
medium,15,fc,0.5,2.850000,0.8757840087197736,0.012673024908103358,final
medium,15,fc,0.5,2.875000,0.8744616157715436,0.012281149489774493,final
medium,15,fc,0.5,2.900000,0.8731250084689647,0.011903929093276212,final
medium,15,fc,0.5,2.925000,0.8717745656771756,0.0115407292788442,final
medium,15,fc,0.5,2.950000,0.8704106586599861,0.011190946385711102,final
medium,15,fc,0.5,2.975000,0.869033651676376,0.010854005903492529,final
medium,15,fc,0.5,3.000000,0.8676439024644811,0.010529360935159847,final
medium,15,fc,0.5,3.025000,0.8662417626295853,0.010216490746280376,final
medium,15,fc,0.5,3.050000,0.8648275779509049,0.00991489939552285,final
medium,15,fc,0.5,3.075000,0.8634016886203147,0.00962411444170394,final
medium,15,fc,0.5,3.100000,0.8619644294246781,0.009343685722933544,final
medium,15,fc,0.5,3.125000,0.8605161298819918,0.009073184203666275,final
medium,15,fc,0.5,3.150000,0.859057114340299,0.00881220088572273,final
medium,15,fc,0.5,3.175000,0.8575877020471079,0.00856034577956125,final
medium,15,fc,0.5,3.200000,0.8561082071959947,0.008317246932311853,final
medium,15,fc,0.5,3.225000,0.8546189389560714,0.008082549509281826,final
medium,15,fc,0.5,3.250000,0.8531202014891306,0.007855914925840547,final
medium,15,fc,0.5,3.275000,0.8516122939585055,0.007637020026771776,final
medium,15,fc,0.5,3.300000,0.8500955105329603,0.007425556310355653,final
medium,15,fc,0.5,3.325000,0.8485701403883336,0.007221229194605152,final
medium,15,fc,0.5,3.350000,0.8470364677091156,0.007023757323232783,final
medium,15,fc,0.5,3.375000,0.8454947716916663,0.0068328719090709365,final
medium,15,fc,0.5,3.400000,0.8439453265503842,0.006648316112797191,final
medium,15,fc,0.5,3.425000,0.8423884015277877,0.006469844454954951,final
medium,15,fc,0.5,3.450000,0.8408242609091834,0.006297222259364868,final
medium,15,fc,0.5,3.475000,0.8392531640423464,0.006130225126150202,final
medium,15,fc,0.5,3.500000,0.8376753653624411,0.005968638432691078,final
medium,15,fc,0.5,3.525000,0.8360911144222363,0.005812256860931846,final
medium,15,fc,0.5,3.550000,0.8345006559275446,0.005660883949557558,final
medium,15,fc,0.5,3.575000,0.8329042297777094,0.005514331669634566,final
medium,15,fc,0.5,3.600000,0.8313020711108791,0.005372420022408773,final
medium,15,fc,0.5,3.625000,0.8296944103537529,0.0052349766580150085,final
medium,15,fc,0.5,3.650000,0.8280814732754381,0.0051018365139386904,final
medium,15,fc,0.5,3.675000,0.8264634810450369,0.0049728414721276004,final
medium,15,fc,0.5,3.700000,0.8248406502925657,0.004847840033726076,final
medium,15,fc,0.5,3.725000,0.8232131931727985,0.004726687010453871,final
medium,15,fc,0.5,3.750000,0.8215813174316408,0.0046092432317188185,final
medium,15,fc,0.5,3.775000,0.8199452264746488,0.004495375266596954,final
medium,15,fc,0.5,3.800000,0.818305119437318,0.00438495515987154,final
medium,15,fc,0.5,3.825000,0.8166611912567865,0.004277860181360855,final
medium,15,fc,0.5,3.850000,0.8150136327446332,0.00417397258781929,final
medium,15,fc,0.5,3.875000,0.81336263066045,0.004073179396726176,final
medium,15,fc,0.5,3.900000,0.811708367785917,0.003975372171325868,final
medium,15,fc,0.5,3.925000,0.8100510229991169,0.003880446816315581,final
medium,15,fc,0.5,3.950000,0.8083907713488555,0.0037883033836064225,final
medium,15,fc,0.5,3.975000,0.8067277841287792,0.0036988458876262074,final
medium,15,fc,0.5,4.000000,0.8050622289511067,0.0036119821296561735,final
medium,15,fc,0.5,4.025000,0.803394269819807,0.0035276235307199755,final
medium,15,fc,0.5,4.050000,0.8017240672030791,0.003445684972579932,final
medium,15,fc,0.5,4.075000,0.8000517781050139,0.0033660846464103494,final
medium,15,fc,0.5,4.100000,0.7983775561363287,0.0032887439087498005,final
medium,15,fc,0.5,4.125000,0.7967015515840838,0.0032135871443476484,final
medium,15,fc,0.5,4.150000,0.7950239114803098,0.003140541635555781,final
medium,15,fc,0.5,4.175000,0.7933447796694844,0.003069537437917249,final
medium,15,fc,0.5,4.200000,0.7916642968748042,0.003000507261639546,final
medium,15,fc,0.5,4.225000,0.7899826007632236,0.002933386358647509,final
medium,15,fc,0.5,4.250000,0.7882998260092239,0.002868112414932197,final
medium,15,fc,0.5,4.275000,0.7866161043573022,0.0028046254479229715,final
medium,15,fc,0.5,4.300000,0.7849315646831584,0.002742867708632816,final
medium,15,fc,0.5,4.325000,0.7832463330535877,0.0026827835883323843,final
medium,15,fc,0.5,4.350000,0.7815605327850701,0.0026243195295232785,final
medium,15,fc,0.5,4.375000,0.7798742845010675,0.0025674239410017246,final
medium,15,fc,0.5,4.400000,0.7781877061880363,0.002512047116799274,final
medium,15,fc,0.5,4.425000,0.7765009132501751,0.0024581411588165073,final
medium,15,fc,0.5,4.450000,0.7748140185629179,0.0024056599029599174,final
medium,15,fc,0.5,4.475000,0.7731271325251922,0.0023545588486135268,final
medium,15,fc,0.5,4.500000,0.771440363110473,0.002304795091278237,final
medium,15,fc,0.5,4.525000,0.7697538159166419,0.0022563272582273074,final
medium,15,fc,0.5,4.550000,0.7680675942146884,0.002209115447027629,final
medium,15,fc,0.5,4.575000,0.7663817989962693,0.002163121166787322,final
medium,15,fc,0.5,4.600000,0.7646965290201574,0.0021183072820026927,final
medium,15,fc,0.5,4.625000,0.7630118808576064,0.0020746379588730468,final
medium,15,fc,0.5,4.650000,0.7613279489366526,0.002032078613968704,final
medium,15,fc,0.5,4.675000,0.759644825585388,0.0019905958651390177,final
medium,15,fc,0.5,4.700000,0.7579626010742255,0.0019501574845522565,final
medium,15,fc,0.5,4.725000,0.7562813636571863,0.0019107323537686412,final
medium,15,fc,0.5,4.750000,0.7546011996122337,0.0018722904207485434,final
medium,15,fc,0.5,4.775000,0.7529221932806758,0.0018348026587054643,final
medium,15,fc,0.5,4.800000,0.7512444271056741,0.0017982410267173958,final
medium,15,fc,0.5,4.825000,0.7495679816698668,0.001762578432014152,final
medium,15,fc,0.5,4.850000,0.7478929357321427,0.0017277886938635106,final
medium,15,fc,0.5,4.875000,0.7462193662635841,0.0016938465089809934,final
medium,15,fc,0.5,4.900000,0.7445473484826048,0.0016607274183924714,final
medium,15,fc,0.5,4.925000,0.7428769558893031,0.001628407775686919,final
medium,15,fc,0.5,4.950000,0.7412082602990514,0.001596864716589041,final
medium,15,fc,0.5,4.975000,0.7395413318753457,0.0015660761297978003,final
medium,15,fc,0.5,5.000000,0.7378762391619347,0.001536020629028713,final
medium,15,fc,0.5,5.025000,0.7362130491142473,0.0015066775262095645,final
medium,15,fc,0.5,5.050000,0.7345518271301407,0.0014780268057724868,final
medium,15,fc,0.5,5.075000,0.7328926370799828,0.0014500490999996532,final
medium,15,fc,0.5,5.100000,0.7312355413360884,0.0014227256653687938,final
medium,15,fc,0.5,5.125000,0.7295806008015379,0.0013960383598590484,final
medium,15,fc,0.5,5.150000,0.7279278749383714,0.0013699696211715122,final
medium,15,fc,0.5,5.175000,0.7262774217952023,0.001344502445826072,final
medium,15,fc,0.5,5.200000,0.724629298034241,0.001319620369094148,final
medium,15,fc,0.5,5.225000,0.7229835589577664,0.0012953074457320137,final
medium,15,fc,0.5,5.250000,0.7213402585340417,0.0012715482314793827,final
medium,15,fc,0.5,5.275000,0.719699449422699,0.0012483277652897444,final
medium,15,fc,0.5,5.300000,0.7180611829996059,0.0012256315522594916,final
medium,15,fc,0.5,5.325000,0.716425509381223,0.0012034455472299352,final
medium,15,fc,0.5,5.350000,0.7147924774484667,0.0011817561390265222,final
medium,15,fc,0.5,5.375000,0.7131621348700977,0.0011605501353155188,final
medium,15,fc,0.5,5.400000,0.7115345281256287,0.0011398147480441024,final
medium,15,fc,0.5,5.425000,0.7099097025277867,0.0011195375794464772,final
medium,15,fc,0.5,5.450000,0.7082877022445226,0.0010997066085859438,final
medium,15,fc,0.5,5.475000,0.7066685703205867,0.0010803101784139062,final
medium,15,fc,0.5,5.500000,0.7050523486986807,0.0010613369833224516,final
medium,15,fc,0.5,5.525000,0.7034390782401939,0.0010427760571714813,final
medium,15,fc,0.5,5.550000,0.7018287987455364,0.0010246167617677558,final
medium,15,fc,0.5,5.575000,0.7002215489740794,0.001006848775780092,final
medium,15,fc,0.5,5.600000,0.6986173666637028,0.0009894620840704305,final
medium,15,fc,0.5,5.625000,0.6970162885499765,0.000972446967424831,final
medium,15,fc,0.5,5.650000,0.695418350384964,0.0009557939926686374,final
medium,15,fc,0.5,5.675000,0.6938235869556766,0.0009394940031462534,final
medium,15,fc,0.5,5.700000,0.6922320321021683,0.0009235381095562882,final
medium,15,fc,0.5,5.725000,0.690643718735289,0.0009079176811237815,final
medium,15,fc,0.5,5.750000,0.6890586788541087,0.0008926243370957384,final
medium,15,fc,0.5,5.775000,0.6874769435630076,0.000877649938550017,final
medium,15,fc,0.5,5.800000,0.6858985430884439,0.0008629865805003556,final
medium,15,fc,0.5,5.825000,0.6843235067954161,0.0008486265842915688,final
medium,15,fc,0.5,5.850000,0.6827518632036101,0.0008345624902662513,final
medium,15,fc,0.5,5.875000,0.6811836400032528,0.0008207870506999125,final
medium,15,fc,0.5,5.900000,0.6796188640706673,0.0008072932229858862,final
medium,15,fc,0.5,5.925000,0.6780575614835426,0.0007940741630678401,final
medium,15,fc,0.5,5.950000,0.6764997575359235,0.0007811232191043099,final
medium,15,fc,0.5,5.975000,0.6749454767529227,0.0007684339253583744,final
medium,15,fc,0.5,6.000000,0.6733947429051645,0.0007559999963054072,final
medium,15,fc,2,0.000000,1.0,0.9999979292399579,final
medium,15,fc,2,0.025000,0.9998365446668623,0.9992961010731113,final
medium,15,fc,2,0.050000,0.9993474281555842,0.9971948653968338,final
medium,15,fc,2,0.075000,0.9985373477270288,0.9937069079517921,final
medium,15,fc,2,0.100000,0.9974159530612349,0.9888531709729896,final
medium,15,fc,2,0.125000,0.9959989505283483,0.9826625583062567,final
medium,15,fc,2,0.150000,0.994308582540538,0.9751715344708285,final
medium,15,fc,2,0.175000,0.9923733110111332,0.9664236288215278,final
medium,15,fc,2,0.200000,0.9902266138217981,0.95646885815437,final
medium,15,fc,2,0.225000,0.9879049331841374,0.9453630826547406,final
medium,15,fc,2,0.250000,0.9854449718722389,0.9331673109752425,final
medium,15,fc,2,0.275000,0.9828806820037389,0.919946970463837,final
medium,15,fc,2,0.300000,0.9802403912561876,0.9057711581949571,final
medium,15,fc,2,0.325000,0.9775445299432585,0.890711887570984,final
medium,15,fc,2,0.350000,0.9748043443625226,0.8748433439638938,final
medium,15,fc,2,0.375000,0.972021817394774,0.8582411612720591,final
medium,15,fc,2,0.400000,0.969190800491764,0.8409817294902436,final
medium,15,fc,2,0.425000,0.9662991406983147,0.8231415415386202,final
medium,15,fc,2,0.450000,0.963331411836746,0.8047965857616002,final
medium,15,fc,2,0.475000,0.9602717673568755,0.7860217887637229,final
medium,15,fc,2,0.500000,0.9571064392831161,0.7668905116525188,final
medium,15,fc,2,0.525000,0.9538255062277393,0.7474741013425734,final
medium,15,fc,2,0.550000,0.9504237191360513,0.72784149735908,final
medium,15,fc,2,0.575000,0.9469003728882415,0.7080588935663934,final
medium,15,fc,2,0.600000,0.9432584110802597,0.6881894534295714,final
medium,15,fc,2,0.625000,0.9395031207182648,0.668293076778535,final
medium,15,fc,2,0.650000,0.9356408890566107,0.6484262155643347,final
medium,15,fc,2,0.675000,0.9316785357584345,0.6286417357517053,final
medium,15,fc,2,0.700000,0.9276236816344291,0.6089888222581751,final
medium,15,fc,2,0.725000,0.9234864575833747,0.589512923705394,final
medium,15,fc,2,0.750000,0.919282595539635,0.570255733673549,final
medium,15,fc,2,0.775000,0.9150376046063533,0.551255205128223,final
medium,15,fc,2,0.800000,0.9107913804652968,0.5325455947076924,final
medium,15,fc,2,0.825000,0.9066023129024169,0.5141575336073486,final
medium,15,fc,2,0.850000,0.9025498402559211,0.49611812186950627,final
medium,15,fc,2,0.875000,0.8987345205145447,0.4784510429764151,final
medium,15,fc,2,0.900000,0.895275057978235,0.4611766957488485,final
medium,15,fc,2,0.925000,0.8923022774636122,0.4443123406704296,final
medium,15,fc,2,0.950000,0.8899506450532694,0.4278722578879763,final
medium,15,fc,2,0.975000,0.8883484381087328,0.4118679142800541,final
medium,15,fc,2,1.000000,0.8876079360813063,0.39630813713912205,final
medium,15,fc,2,1.025000,0.8878169765596631,0.38119929217645976,final
medium,15,fc,2,1.050000,0.8890329245967445,0.3665454637324295,final
medium,15,fc,2,1.075000,0.8912796349359414,0.35234863525610427,final
medium,15,fc,2,1.100000,0.8945474741832862,0.3386088683060421,final
medium,15,fc,2,1.125000,0.8987960285056169,0.325324478515772,final
medium,15,fc,2,1.150000,0.9039588255180216,0.31249220716094483,final
medium,15,fc,2,1.175000,0.9099492698228404,0.3001073871574854,final
medium,15,fc,2,1.200000,0.9166670116967727,0.28816410250883695,final
medium,15,fc,2,1.225000,0.9240040946334691,0.27665534040303363,final
medium,15,fc,2,1.250000,0.9318504095527127,0.2655731353345545,final
medium,15,fc,2,1.275000,0.9400981767995208,0.2549087047897165,final
medium,15,fc,2,1.300000,0.9486453493751682,0.24465257618608027,final
medium,15,fc,2,1.325000,0.9573979641592925,0.234794704894746,final
medium,15,fc,2,1.350000,0.9662715566015244,0.22532458329861285,final
medium,15,fc,2,1.375000,0.9751918017704109,0.21623134094921204,final
medium,15,fc,2,1.400000,0.9840945590523545,0.2075038359795181,final
medium,15,fc,2,1.425000,0.9929254892227038,0.199130738010403,final
medium,15,fc,2,1.450000,1.0016393905187053,0.19110060285465802,final
medium,15,fc,2,1.475000,1.0101993723482638,0.18340193937552854,final
medium,15,fc,2,1.500000,1.0185759567372392,0.17602326889740094,final
medium,15,fc,2,1.525000,1.026746171811303,0.16895317759573308,final
medium,15,fc,2,1.550000,1.034692680106424,0.16218036231265762,final
medium,15,fc,2,1.575000,1.0424029677115054,0.15569367025510647,final
medium,15,fc,2,1.600000,1.049868607860847,0.14948213303498506,final
medium,15,fc,2,1.625000,1.0570846039493997,0.1435349955070108,final
medium,15,fc,2,1.650000,1.0640488112631978,0.13784173985045117,final
medium,15,fc,2,1.675000,1.0707614332563973,0.13239210532712925,final
medium,15,fc,2,1.700000,1.0772245863254768,0.12717610413072902,final
medium,15,fc,2,1.725000,1.083441926220407,0.12218403372238908,final
medium,15,fc,2,1.750000,1.0894183291080168,0.11740648602565415,final
medium,15,fc,2,1.775000,1.095159620588878,0.11283435383068481,final
medium,15,fc,2,1.800000,1.1006723464769845,0.1084588347337509,final
medium,15,fc,2,1.825000,1.1059635797576537,0.1042714329139894,final
medium,15,fc,2,1.850000,1.11104075876658,0.10026395902552457,final
medium,15,fc,2,1.875000,1.115911552237226,0.09642852845968962,final
medium,15,fc,2,1.900000,1.1205837474213622,0.09275755820948363,final
medium,15,fc,2,1.925000,1.1250651579886455,0.08924376254675773,final
medium,15,fc,2,1.950000,1.129363548853789,0.08588014770206033,final
medium,15,fc,2,1.975000,1.1334865754666683,0.08266000571771653,final
medium,15,fc,2,2.000000,1.1374417354365025,0.07957690762659296,final
medium,15,fc,2,2.025000,1.1412363306516218,0.07662469609216203,final
medium,15,fc,2,2.050000,1.1448774383070428,0.0737974776299044,final
medium,15,fc,2,2.075000,1.1483718894684194,0.07108961451578498,final
medium,15,fc,2,2.100000,1.1517262539877529,0.06849571647443305,final
medium,15,fc,2,2.125000,1.1549468307476898,0.06601063222774378,final
medium,15,fc,2,2.150000,1.1580396423509718,0.06362944097380911,final
medium,15,fc,2,2.175000,1.161010433492683,0.06134744385632948,final
medium,15,fc,2,2.200000,1.1638646723580208,0.05916015547589158,final
medium,15,fc,2,2.225000,1.1666075544796206,0.05706329548664664,final
medium,15,fc,2,2.250000,1.169244008567883,0.05505278031492643,final
medium,15,fc,2,2.275000,1.1717787038969074,0.05312471503010885,final
medium,15,fc,2,2.300000,1.1742160588888881,0.0512753853925513,final
medium,15,fc,2,2.325000,1.176560250592376,0.049501250098557395,final
medium,15,fc,2,2.350000,1.1788152247956178,0.047798933238089425,final
medium,15,fc,2,2.375000,1.1809847065561603,0.046165216977224074,final
medium,15,fc,2,2.400000,1.183072210962759,0.044597034474109544,final
medium,15,fc,2,2.425000,1.1850810539760177,0.04309146303439602,final
medium,15,fc,2,2.450000,1.1870143632206536,0.04164571750968536,final
medium,15,fc,2,2.475000,1.1888750886252974,0.040257143940502574,final
medium,15,fc,2,2.500000,1.1906660128257534,0.038923213443524764,final
medium,15,fc,2,2.525000,1.1923897612649643,0.03764151634132921,final
medium,15,fc,2,2.550000,1.1940488119379173,0.036409756531684365,final
medium,15,fc,2,2.575000,1.1956455047426326,0.03522574609238472,final
medium,15,fc,2,2.600000,1.1971820504094526,0.034087400116785065,final
medium,15,fc,2,2.625000,1.1986605389902913,0.03299273177452561,final
medium,15,fc,2,2.650000,1.2000829478975377,0.03193984759139919,final
medium,15,fc,2,2.675000,1.2014511494890323,0.030926942941904803,final
medium,15,fc,2,2.700000,1.202766918201184,0.029952297747731768,final
medium,15,fc,2,2.725000,1.204031937236919,0.02901427237521226,final
medium,15,fc,2,2.750000,1.2052478048189328,0.02811130372463498,final
medium,15,fc,2,2.775000,1.2064160400217119,0.027241901504269916,final
medium,15,fc,2,2.800000,1.207538088198144,0.026404644681927984,final
medium,15,fc,2,2.825000,1.2086153260182761,0.025598178106928483,final
medium,15,fc,2,2.850000,1.2096490661390469,0.024821209295431242,final
medium,15,fc,2,2.875000,1.2106405615246276,0.024072505372191445,final
medium,15,fc,2,2.900000,1.2115910094374656,0.023350890161948933,final
medium,15,fc,2,2.925000,1.212501555120254,0.022655241423814636,final
medium,15,fc,2,2.950000,1.2133732951889287,0.02198448822219974,final
medium,15,fc,2,2.975000,1.2142072807564481,0.021337608428025324,final
medium,15,fc,2,3.000000,1.2150045203066004,0.020713626344142904,final
medium,15,fc,2,3.025000,1.2157659823364182,0.020111610449121096,final
medium,15,fc,2,3.050000,1.2164925977850165,0.019530671253741985,final
medium,15,fc,2,3.075000,1.2171852622658368,0.018969959264783273,final
medium,15,fc,2,3.100000,1.2178448381183582,0.01842866305087054,final
medium,15,fc,2,3.125000,1.2184721562944223,0.01790600740538857,final
medium,15,fc,2,3.150000,1.2190680180933577,0.01740125160166688,final
medium,15,fc,2,3.175000,1.2196331967591318,0.01691368773584563,final
medium,15,fc,2,3.200000,1.2201684389518268,0.016442639153041987,final
medium,15,fc,2,3.225000,1.2206744661048021,0.015987458952627043,final
medium,15,fc,2,3.250000,1.2211519756780225,0.01554752856862642,final
medium,15,fc,2,3.275000,1.2216016423171687,0.015122256421425359,final
medium,15,fc,2,3.300000,1.222024118927329,0.014711076637163482,final
medium,15,fc,2,3.325000,1.222420037669306,0.014313447831357885,final
medium,15,fc,2,3.350000,1.2227900108858285,0.013928851953473702,final
medium,15,fc,2,3.375000,1.2231346319642997,0.013556793189317143,final
medium,15,fc,2,3.400000,1.2234544761420634,0.013196796918281035,final
medium,15,fc,2,3.425000,1.2237501012595868,0.012848408722622606,final
medium,15,fc,2,3.450000,1.2240220484664308,0.012511193446095005,final
medium,15,fc,2,3.475000,1.2242708428843674,0.012184734299390572,final
medium,15,fc,2,3.500000,1.2244969942315593,0.011868632009980432,final
medium,15,fc,2,3.525000,1.2247009974113143,0.011562504014061415,final
medium,15,fc,2,3.550000,1.2248833330685334,0.011265983688439207,final
medium,15,fc,2,3.575000,1.2250444681166557,0.010978719620289117,final
medium,15,fc,2,3.600000,1.2251848562375873,0.010700374912838966,final
medium,15,fc,2,3.625000,1.2253049383568373,0.010430626525124654,final
medium,15,fc,2,3.650000,1.2254051430958333,0.010169164644067214,final
medium,15,fc,2,3.675000,1.225485887203178,0.00991569208720407,final
medium,15,fc,2,3.700000,1.2255475759664198,0.009669923734501585,final
medium,15,fc,2,3.725000,1.2255906036057218,0.009431585987756015,final
medium,15,fc,2,3.750000,1.2256153536506889,0.009200416256170275,final
medium,15,fc,2,3.775000,1.2256221993014558,0.008976162466764602,final
medium,15,fc,2,3.800000,1.2256115037750346,0.008758582598353621,final
medium,15,fc,2,3.825000,1.2255836206378155,0.00854744423788731,final
medium,15,fc,2,3.850000,1.2255388941250196,0.008342524158018077,final
medium,15,fc,2,3.875000,1.225477659447832,0.008143607914814084,final
medium,15,fc,2,3.900000,1.2254002430888615,0.007950489464597189,final
medium,15,fc,2,3.925000,1.2253069630865285,0.007762970798941056,final
medium,15,fc,2,3.950000,1.2251981293089154,0.007580861596905375,final
medium,15,fc,2,3.975000,1.2250740437175789,0.007403978893646075,final
medium,15,fc,2,4.000000,1.2249350006217767,0.0072321467645740005,final
medium,15,fc,2,4.025000,1.2247812869235275,0.0070651960242810626,final
medium,15,fc,2,4.050000,1.2246131823538955,0.00690296393950086,final
medium,15,fc,2,4.075000,1.224430959700859,0.006745293955398438,final
medium,15,fc,2,4.100000,1.2242348850291032,0.00659203543452906,final
medium,15,fc,2,4.125000,1.224025217892054,0.0064430434078363,final
medium,15,fc,2,4.150000,1.2238022115364515,0.006298178337093973,final
medium,15,fc,2,4.175000,1.223566113099745,0.006157305888229191,final
medium,15,fc,2,4.200000,1.223317163800584,0.006020296714986096,final
medium,15,fc,2,4.225000,1.2230555991226486,0.005887026252428785,final
medium,15,fc,2,4.250000,1.2227816489920742,0.005757374519800969,final
medium,15,fc,2,4.275000,1.2224955379486977,0.005631225932281169,final
medium,15,fc,2,4.300000,1.2221974853113444,0.005508469121209777,final
medium,15,fc,2,4.325000,1.221887705337378,0.005388996762367058,final
medium,15,fc,2,4.350000,1.2215664073767116,0.005272705411922309,final
medium,15,fc,2,4.375000,1.2212337960204802,0.005159495349679465,final
medium,15,fc,2,4.400000,1.2208900712445638,0.005049270429270179,final
medium,15,fc,2,4.425000,1.2205354285481456,0.004941937934961711,final
medium,15,fc,2,4.450000,1.220170059087482,0.004837408444764286,final
medium,15,fc,2,4.475000,1.2197941498050526,0.004735595699538422,final
medium,15,fc,2,4.500000,1.219407883554258,0.00463641647781682,final
medium,15,fc,2,4.525000,1.2190114392198237,0.004539790476073858,final
medium,15,fc,2,4.550000,1.21860499183406,0.0044456401941804025,final
medium,15,fc,2,4.575000,1.2181887126891306,0.0043538908258078015,final
medium,15,fc,2,4.600000,1.2177627694454736,0.004264470153542824,final
medium,15,fc,2,4.625000,1.217327326236506,0.004177308448501121,final
medium,15,fc,2,4.650000,1.216882543769754,0.00409233837422035,final
medium,15,fc,2,4.675000,1.2164285794245326,0.004009494894645649,final
medium,15,fc,2,4.700000,1.2159655873463011,0.003928715186011864,final
medium,15,fc,2,4.725000,1.215493718537813,0.003849938552444208,final
medium,15,fc,2,4.750000,1.215013120947177,0.0037731063451085585,final
medium,15,fc,2,4.775000,1.2145239395529432,0.003698161884748136,final
medium,15,fc,2,4.800000,1.2140263164463172,0.0036250503874534,final
medium,15,fc,2,4.825000,1.2135203909106123,0.0035537188935180495,final
medium,15,fc,2,4.850000,1.2130062994980353,0.0034841161992384935,final
medium,15,fc,2,4.875000,1.212484176103904,0.003416192791532784,final
medium,15,fc,2,4.900000,1.211954152038394,0.003349900785240403,final
medium,15,fc,2,4.925000,1.2114163560958966,0.0032851938629953315,final
medium,15,fc,2,4.950000,1.2108709146220809,0.0032220272175482114,final
medium,15,fc,2,4.975000,1.2103179515787423,0.003160357496432501,final
medium,15,fc,2,5.000000,1.2097575886065173,0.0031001427488730796,final
medium,15,fc,2,5.025000,1.2091899450855408,0.0030413423748346722,final
medium,15,fc,2,5.050000,1.2086151381941217,0.0029839170761159985,final
medium,15,fc,2,5.075000,1.2080332829655123,0.0029278288094051505,final
medium,15,fc,2,5.100000,1.2074444923428327,0.0028730407412039653,final
medium,15,fc,2,5.125000,1.2068488772322241,0.0028195172045440277,final
medium,15,fc,2,5.150000,1.2062465465542933,0.002767223657416334,final
medium,15,fc,2,5.175000,1.2056376072939083,0.002716126642840039,final
medium,15,fc,2,5.200000,1.2050221645484047,0.0026661937504989823,final
medium,15,fc,2,5.225000,1.2044003215742645,0.0026173935798797948,final
medium,15,fc,2,5.250000,1.2037721798323144,0.00256969570484818,final
medium,15,fc,2,5.275000,1.2031378390315073,0.002523070639600119,final
medium,15,fc,2,5.300000,1.202497397171326,0.002477489805931105,final
medium,15,fc,2,5.325000,1.2018509505828685,0.0024329255017677574,final
medium,15,fc,2,5.350000,1.2011985939686562,0.002389350870906149,final
medium,15,fc,2,5.375000,1.2005404204412133,0.0023467398739123713,final
medium,15,fc,2,5.400000,1.199876521560457,0.002305067260127343,final
medium,15,fc,2,5.425000,1.1992069873699505,0.0022643085407395933,final
medium,15,fc,2,5.450000,1.1985319064320439,0.0022244399628739303,final
medium,15,fc,2,5.475000,1.197851365861957,0.002185438484659717,final
medium,15,fc,2,5.500000,1.1971654513608339,0.002147281751233332,final
medium,15,fc,2,5.525000,1.196474247247804,0.00210994807163994,final
medium,15,fc,2,5.550000,1.1957778364910898,0.002073416396598594,final
medium,15,fc,2,5.575000,1.195076300738192,0.002037666297088671,final
medium,15,fc,2,5.600000,1.1943697203451806,0.002002677943734377,final
medium,15,fc,2,5.625000,1.1936581744051316,0.0019684320869470203,final
medium,15,fc,2,5.650000,1.1929417407757301,0.001934910037795905,final
medium,15,fc,2,5.675000,1.192220496106072,0.0019020936495821128,final
medium,15,fc,2,5.700000,1.191494515862697,0.0018699653000843219,final
medium,15,fc,2,5.725000,1.190763874354866,0.0018385078744475162,final
medium,15,fc,2,5.750000,1.1900286447591277,0.001807704748695522,final
medium,15,fc,2,5.775000,1.1892888991431771,0.0017775397738341902,final
medium,15,fc,2,5.800000,1.1885447084890515,0.0017479972605298807,final
medium,15,fc,2,5.825000,1.1877961427156665,0.0017190619643353434,final
medium,15,fc,2,5.850000,1.1870432707007301,0.0016907190714431513,final
medium,15,fc,2,5.875000,1.1862861603020476,0.0016629541849460688,final
medium,15,fc,2,5.900000,1.1855248783782377,0.0016357533115849763,final
medium,15,fc,2,5.925000,1.1847594908088823,0.0016091028489635777,final
medium,15,fc,2,5.950000,1.1839900625141286,0.0015829895732162476,final
medium,15,fc,2,5.975000,1.1832166574737593,0.0015574006271040614,final
medium,15,fc,2,6.000000,1.1824393387457506,0.0015323235085293945,final
medium,15,fc,5,0.000000,1.0,0.9999990149527557,final
medium,15,fc,5,0.025000,0.9997770264838598,0.9995535545956326,final
medium,15,fc,5,0.050000,0.9991095738417223,0.9982182550348954,final
medium,15,fc,5,0.075000,0.998002815429671,0.9959963639857915,final
medium,15,fc,5,0.100000,0.9964668305476625,0.9928933046151531,final
medium,15,fc,5,0.125000,0.9945174236114699,0.988916689954814,final
medium,15,fc,5,0.150000,0.9921763326969104,0.9840763410260884,final
medium,15,fc,5,0.175000,0.9894706283307645,0.9783843067201043,final
medium,15,fc,5,0.200000,0.9864311565296824,0.9718548830579382,final
medium,15,fc,5,0.225000,0.9830899773187115,0.9645046291303571,final
medium,15,fc,5,0.250000,0.9794768770994314,0.95635237680383,final
medium,15,fc,5,0.275000,0.9756151679063026,0.9474192311874634,final
medium,15,fc,5,0.300000,0.9715171023427479,0.9377285588901255,final
medium,15,fc,5,0.325000,0.9671793058016354,0.9273059612587633,final
medium,15,fc,5,0.350000,0.9625786429576846,0.9161792300730569,final
medium,15,fc,5,0.375000,0.9576688938407899,0.904378283568314,final
medium,15,fc,5,0.400000,0.952378532627282,0.8919350811532322,final
medium,15,fc,5,0.425000,0.9466098086875459,0.8788835157629997,final
medium,15,fc,5,0.450000,0.9402392578579991,0.8652592834188174,final
medium,15,fc,5,0.475000,0.933119749786046,0.8510997302275789,final
medium,15,fc,5,0.500000,0.9250842158838143,0.8364436777241008,final
medium,15,fc,5,0.525000,0.9159512898205789,0.8213312281068833,final
medium,15,fc,5,0.550000,0.9055331896439229,0.8058035515220902,final
medium,15,fc,5,0.575000,0.8936462132893134,0.789902658086808,final
medium,15,fc,5,0.600000,0.8801241258594037,0.7736711577926741,final
medium,15,fc,5,0.625000,0.8648344062500484,0.7571520117798487,final
medium,15,fc,5,0.650000,0.8476967414682712,0.7403882787090609,final
medium,15,fc,5,0.675000,0.8287023310422853,0.7234228600810844,final
medium,15,fc,5,0.700000,0.8079316293092723,0.7062982483585597,final
medium,15,fc,5,0.725000,0.785567383463937,0.6890562816393245,final
medium,15,fc,5,0.750000,0.7618995872739271,0.6717379084223036,final
medium,15,fc,5,0.775000,0.7373195995052075,0.6543829657089731,final
medium,15,fc,5,0.800000,0.7123022881319913,0.6370299733105577,final
medium,15,fc,5,0.825000,0.687377393869788,0.6197159468002725,final
medium,15,fc,5,0.850000,0.6630937140619134,0.6024762310788355,final
medium,15,fc,5,0.875000,0.6399813810121032,0.5853443560278541,final
medium,15,fc,5,0.900000,0.6185178404065244,0.5683519152265687,final
medium,15,fc,5,0.925000,0.5991020260914169,0.5515284682184035,final
medium,15,fc,5,0.950000,0.5820391306847821,0.5349014663486072,final
medium,15,fc,5,0.975000,0.5675360501504578,0.5184962017644935,final
medium,15,fc,5,1.000000,0.555705739420085,0.5023357787844921,final
medium,15,fc,5,1.025000,0.546577733662322,0.4864411065080455,final
medium,15,fc,5,1.050000,0.540111964188071,0.4708309112594444,final
medium,15,fc,5,1.075000,0.5362134715434769,0.45552176723692184,final
medium,15,fc,5,1.100000,0.5347463584901543,0.44052814357346226,final
medium,15,fc,5,1.125000,0.5355460613418105,0.42586246590588206,final
medium,15,fc,5,1.150000,0.5384295955951323,0.41153519049035014,final
medium,15,fc,5,1.175000,0.5432038049991982,0.3975548888910253,final
medium,15,fc,5,1.200000,0.5496718355860972,0.38392834129850273,final
medium,15,fc,5,1.225000,0.5576381206003631,0.370660636600358,final
medium,15,fc,5,1.250000,0.5669121530670767,0.3577552774211005,final
medium,15,fc,5,1.275000,0.5773112818239727,0.34521428846717805,final
medium,15,fc,5,1.300000,0.5886627201992576,0.3330383266483743,final
medium,15,fc,5,1.325000,0.6008049166022258,0.32122679159448314,final
medium,15,fc,5,1.350000,0.6135884065251165,0.30977793534049813,final
medium,15,fc,5,1.375000,0.6268762445323924,0.2986889701102368,final
medium,15,fc,5,1.400000,0.6405440998644927,0.2879561732835211,final
medium,15,fc,5,1.425000,0.6544800876457277,0.277574988782547,final
medium,15,fc,5,1.450000,0.668584397608669,0.26754012425636026,final
medium,15,fc,5,1.475000,0.682768772909276,0.25784564357642004,final
medium,15,fc,5,1.500000,0.696955882836653,0.24848505427970202,final
medium,15,fc,5,1.525000,0.7110786251643416,0.2394513897077521,final
medium,15,fc,5,1.550000,0.725079386756077,0.2307372856900662,final
medium,15,fc,5,1.575000,0.7389092849618715,0.2223350517080542,final
medium,15,fc,5,1.600000,0.7525274073346327,0.2142367365518528,final
medium,15,fc,5,1.625000,0.7659000631745307,0.20643418854680623,final
medium,15,fc,5,1.650000,0.7790000572169994,0.198919110480207,final
medium,15,fc,5,1.675000,0.791805993249893,0.19168310940259609,final
medium,15,fc,5,1.700000,0.8043016134168913,0.1847177415124742,final
medium,15,fc,5,1.725000,0.8164751773079639,0.17801455235952063,final
medium,15,fc,5,1.750000,0.8283188835583213,0.1715651126203154,final
medium,15,fc,5,1.775000,0.839828335511146,0.16536104971299231,final
medium,15,fc,5,1.800000,0.8510020515076657,0.15939407552411586,final
medium,15,fc,5,1.825000,0.8618410195287278,0.1536560105231757,final
medium,15,fc,5,1.850000,0.8723482952123255,0.14813880453823608,final
medium,15,fc,5,1.875000,0.8825286417032655,0.14283455446115373,final
medium,15,fc,5,1.900000,0.8923882093467159,0.13773551914301999,final
medium,15,fc,5,1.925000,0.9019342529079318,0.13283413173068498,final
medium,15,fc,5,1.950000,0.9111748837756197,0.12812300968388157,final
medium,15,fc,5,1.975000,0.9201188544739249,0.12359496270000238,final
medium,15,fc,5,2.000000,0.9287753727548734,0.11924299876040963,final
medium,15,fc,5,2.025000,0.9371539425557103,0.11506032849854929,final
medium,15,fc,5,2.050000,0.945264229170833,0.11104036807640862,final
medium,15,fc,5,2.075000,0.9531159460936319,0.10717674074218457,final
medium,15,fc,5,2.100000,0.960718761118481,0.10346327722860513,final
medium,15,fc,5,2.125000,0.9680822194478071,0.09989401513832925,final
medium,15,fc,5,2.150000,0.975215681715544,0.09646319745030717,final
medium,15,fc,5,2.175000,0.982128275009796,0.09316527026902503,final
medium,15,fc,5,2.200000,0.9888288551490892,0.08999487992723759,final
medium,15,fc,5,2.225000,0.9953259786341566,0.08694686954211561,final
medium,15,fc,5,2.250000,1.0016278828580891,0.0840162751147613,final
medium,15,fc,5,2.275000,1.0077424733097804,0.08119832125375193,final
medium,15,fc,5,2.300000,1.013677316647793,0.07848841659474731,final
medium,15,fc,5,2.325000,1.019439638653343,0.07588214898026313,final
medium,15,fc,5,2.350000,1.025036326191852,0.07337528045640314,final
medium,15,fc,5,2.375000,1.0304739324225651,0.0709637421366524,final
medium,15,fc,5,2.400000,1.0357586845953421,0.06864362897674837,final
medium,15,fc,5,2.425000,1.0408964938635215,0.06641119449909502,final
medium,15,fc,5,2.450000,1.0458929666221823,0.06426284550016602,final
medium,15,fc,5,2.475000,1.0507534169529107,0.06219513676981234,final
medium,15,fc,5,2.500000,1.0554828798199867,0.060204765847302694,final
medium,15,fc,5,2.525000,1.0600861247193587,0.05828856783526772,final
medium,15,fc,5,2.550000,1.0645676695315471,0.05644351028943357,final
medium,15,fc,5,2.575000,1.0689317943733123,0.05466668819911841,final
medium,15,fc,5,2.600000,1.0731825552811438,0.05295531907085509,final
medium,15,fc,5,2.625000,1.077323797592871,0.05130673812520908,final
medium,15,fc,5,2.650000,1.0813591689225084,0.04971839361481907,final
medium,15,fc,5,2.675000,1.0852921316482609,0.048187842269903004,final
medium,15,fc,5,2.700000,1.0891259748548752,0.046712744875897896,final
medium,15,fc,5,2.725000,1.0928638256895886,0.045290861986530255,final
medium,15,fc,5,2.750000,1.0965086601062057,0.04392004977442389,final
medium,15,fc,5,2.775000,1.1000633129845587,0.04259825602031256,final
medium,15,fc,5,2.800000,1.103530487623202,0.04132351624104625,final
medium,15,fc,5,2.825000,1.1069127646117818,0.04009394995580804,final
medium,15,fc,5,2.850000,1.1102126100964587,0.03890775708931617,final
medium,15,fc,5,2.875000,1.1134323834572193,0.037763214510238105,final
medium,15,fc,5,2.900000,1.116574344420075,0.036658672702594416,final
medium,15,fc,5,2.925000,1.1196406596302426,0.03559255256754023,final
medium,15,fc,5,2.950000,1.1226334087145373,0.034563342352615975,final
medium,15,fc,5,2.975000,1.1255545898625527,0.03356959470530945,final
medium,15,fc,5,3.000000,1.1284061249569057,0.03260992384757856,final
medium,15,fc,5,3.025000,1.1311898642829565,0.03168300286784069,final
medium,15,fc,5,3.050000,1.1339075908480787,0.030787561126827977,final
medium,15,fc,5,3.075000,1.136561024339933,0.02992238177364323,final
medium,15,fc,5,3.100000,1.1391518247521695,0.02908629936830695,final
medium,15,fc,5,3.125000,1.1416815957048843,0.028278197607078143,final
medium,15,fc,5,3.150000,1.1441518874857604,0.02749700714683811,final
medium,15,fc,5,3.175000,1.146564199836422,0.02674170352486146,final
medium,15,fc,5,3.200000,1.1489199845069995,0.026011305170332698,final
medium,15,fc,5,3.225000,1.1512206476003657,0.025304871504035504,final
medium,15,fc,5,3.250000,1.1534675517259663,0.024621501122705596,final
medium,15,fc,5,3.275000,1.155662017981615,0.02396033006461559,final
medium,15,fc,5,3.300000,1.157805327780166,0.02332053015304608,final
medium,15,fc,5,3.325000,1.1598987245365207,0.022701307414390606,final
medium,15,fc,5,3.350000,1.1619434152290486,0.022101900567731217,final
medium,15,fc,5,3.375000,1.1639405718482279,0.02152157958282148,final
medium,15,fc,5,3.400000,1.1658913327440568,0.020959644303520642,final
medium,15,fc,5,3.425000,1.1677968038826654,0.020415423133807592,final
medium,15,fc,5,3.450000,1.169658060021489,0.019888271783622076,final
medium,15,fc,5,3.475000,1.1714761458113816,0.019377572071868618,final
medium,15,fc,5,3.500000,1.173252076833153,0.018882730784027312,final
medium,15,fc,5,3.525000,1.1749868405751858,0.01840317858190917,final
medium,15,fc,5,3.550000,1.1766813973580432,0.017938368963193514,final
medium,15,fc,5,3.575000,1.178336681211299,0.017487777268482583,final
medium,15,fc,5,3.600000,1.1799536007072107,0.017050899733695963,final
medium,15,fc,5,3.625000,1.181533039755308,0.01662725258572584,final
medium,15,fc,5,3.650000,1.183075858361479,0.01621637117935688,final
medium,15,fc,5,3.675000,1.1845828933546925,0.015817809173541454,final
medium,15,fc,5,3.700000,1.186054959084122,0.015431137745210538,final
medium,15,fc,5,3.725000,1.1874928480890743,0.015055944838867765,final
medium,15,fc,5,3.750000,1.1888973317438407,0.014691834450308115,final
medium,15,fc,5,3.775000,1.1902691608793106,0.014338425942863312,final
medium,15,fc,5,3.800000,1.1916090663829633,0.013995353394657682,final
medium,15,fc,5,3.825000,1.1929177597786507,0.013662264975421378,final
medium,15,fc,5,3.850000,1.1941959337874033,0.013338822351480577,final
medium,15,fc,5,3.875000,1.1954442628703403,0.0130247001176001,final
medium,15,fc,5,3.900000,1.1966634037546426,0.012719585254425991,final
medium,15,fc,5,3.925000,1.1978539959434267,0.012423176610320625,final
medium,15,fc,5,3.950000,1.1990166622102543,0.012135184406454037,final
medium,15,fc,5,3.975000,1.2001520090789486,0.011855329764055456,final
medium,15,fc,5,4.000000,1.2012606272893034,0.011583344252793145,final
medium,15,fc,5,4.025000,1.2023430922492158,0.011318969459285231,final
medium,15,fc,5,4.050000,1.203399964473719,0.011061956574806305,final
medium,15,fc,5,4.075000,1.2044317900113635,0.010812066001288487,final
medium,15,fc,5,4.100000,1.2054391008583394,0.010569066974763647,final
medium,15,fc,5,4.125000,1.206422415360715,0.010332737205431649,final
medium,15,fc,5,4.150000,1.207382238605143,0.010102862533580738,final
medium,15,fc,5,4.175000,1.2083190627983544,0.009879236600621332,final
medium,15,fc,5,4.200000,1.2092333676357523,0.009661660534531725,final
medium,15,fc,5,4.225000,1.2101256206593967,0.009449942649044966,final
medium,15,fc,5,4.250000,1.2109962776056677,0.009243898155941826,final
medium,15,fc,5,4.275000,1.2118457827428697,0.00904334888984183,final
medium,15,fc,5,4.300000,1.2126745691990408,0.008848123044917012,final
medium,15,fc,5,4.325000,1.2134830592802275,0.00865805492297805,final
medium,15,fc,5,4.350000,1.2142716647794625,0.008472984692407837,final
medium,15,fc,5,4.375000,1.215040787276692,0.008292758157448845,final
medium,15,fc,5,4.400000,1.2157908184298925,0.008117226537362866,final
medium,15,fc,5,4.425000,1.2165221402575968,0.007946246255021595,final
medium,15,fc,5,4.450000,1.2172351254130698,0.007779678734485535,final
medium,15,fc,5,4.475000,1.2179301374503437,0.007617390207175521,final
medium,15,fc,5,4.500000,1.2186075310823439,0.00745925152623505,final
medium,15,fc,5,4.525000,1.2192676524313055,0.007305137988719207,final
medium,15,fc,5,4.550000,1.2199108392717048,0.007154929165255192,final
medium,15,fc,5,4.575000,1.220537421265905,0.007008508736834862,final
medium,15,fc,5,4.600000,1.2211477201927197,0.006865764338424728,final
medium,15,fc,5,4.625000,1.221742050169094,0.006726587409077422,final
medium,15,fc,5,4.650000,1.2223207178651017,0.006590873048268464,final
medium,15,fc,5,4.675000,1.2228840227124442,0.0064585198781628465,final
medium,15,fc,5,4.700000,1.2234322571066423,0.006329429911565912,final
medium,15,fc,5,4.725000,1.2239657066031056,0.006203508425289461,final
medium,15,fc,5,4.750000,1.224484650107255,0.006080663838708088,final
medium,15,fc,5,4.775000,1.2249893600588764,0.005960807597265741,final
medium,15,fc,5,4.800000,1.22548010261088,0.005843854060718774,final
medium,15,fc,5,4.825000,1.2259571378026242,0.005729720395912886,final
medium,15,fc,5,4.850000,1.2264207197279822,0.005618326473881569,final
medium,15,fc,5,4.875000,1.2268710966982919,0.0055095947710962845,final
medium,15,fc,5,4.900000,1.2273085114003632,0.005403450274670497,final
medium,15,fc,5,4.925000,1.2277332010496813,0.005299820391357137,final
medium,15,fc,5,4.950000,1.2281453975389616,0.00519863486017101,final
medium,15,fc,5,4.975000,1.228545327582194,0.005099825668480255,final
medium,15,fc,5,5.000000,1.2289332128543227,0.005003326971419181,final
medium,15,fc,5,5.025000,1.2293092701266894,0.004909075014477372,final
medium,15,fc,5,5.050000,1.2296737113983827,0.004817008059132411,final
medium,15,fc,5,5.075000,1.2300267440236112,0.004727066311396233,final
medium,15,fc,5,5.100000,1.230368570835234,0.004639191853146637,final
medium,15,fc,5,5.125000,1.2306993902645638,0.004553328576135116,final
medium,15,fc,5,5.150000,1.231019396457564,0.004469422118547324,final
medium,15,fc,5,5.175000,1.2313287793875525,0.0043874198040178055,final
medium,15,fc,5,5.200000,1.231627724964521,0.0043072705829917705,final
medium,15,fc,5,5.225000,1.231916415141184,0.004228924976334929,final
medium,15,fc,5,5.250000,1.2321950280158502,0.004152335021101629,final
medium,15,fc,5,5.275000,1.2324637379322292,0.004077454218365142,final
medium,15,fc,5,5.300000,1.2327227155762641,0.0040042374830345975,final
medium,15,fc,5,5.325000,1.2329721280700865,0.003932641095565119,final
medium,15,fc,5,5.350000,1.2332121390631865,0.003862622655491328,final
medium,15,fc,5,5.375000,1.2334429088208845,0.0037941410367080836,final
medium,15,fc,5,5.400000,1.2336645943101952,0.003727156344421023,final
medium,15,fc,5,5.425000,1.2338773492831607,0.003661629873710311,final
medium,15,fc,5,5.450000,1.2340813243577393,0.0035975240696294233,final
medium,15,fc,5,5.475000,1.2342766670963259,0.003534802488785088,final
medium,15,fc,5,5.500000,1.234463522081978,0.00347342976233753,final
medium,15,fc,5,5.525000,1.2346420309924218,0.0034133715603585552,final
medium,15,fc,5,5.550000,1.2348123326719118,0.003354594557501852,final
medium,15,fc,5,5.575000,1.2349745632010054,0.003297066399923296,final
medium,15,fc,5,5.600000,1.2351288559643254,0.0032407556734100657,final
medium,15,fc,5,5.625000,1.2352753417163744,0.0031856318726634857,final
medium,15,fc,5,5.650000,1.2354141486454542,0.003131665371696122,final
medium,15,fc,5,5.675000,1.2355454024357626,0.003078827395293707,final
medium,15,fc,5,5.700000,1.2356692263277174,0.003027089991503894,final
medium,15,fc,5,5.725000,1.2357857411765634,0.0029764260051096687,final
medium,15,fc,5,5.750000,1.2358950655093222,0.0029268090520475788,final
medium,15,fc,5,5.775000,1.2359973155801314,0.002878213494739797,final
medium,15,fc,5,5.800000,1.236092605424027,0.002830614418296118,final
medium,15,fc,5,5.825000,1.2361810469092185,0.00278398760755835,final
medium,15,fc,5,5.850000,1.236262749787899,0.002738309524953898,final
medium,15,fc,5,5.875000,1.2363378217456424,0.00269355728912338,final
medium,15,fc,5,5.900000,1.2364063684494304,0.002649708654298654,final
medium,15,fc,5,5.925000,1.236468493594347,0.0026067419903964785,final
medium,15,fc,5,5.950000,1.2365242989489893,0.0025646362638050363,final
medium,15,fc,5,5.975000,1.2365738843996295,0.0025233710188360442,final
medium,15,fc,5,6.000000,1.2366173479931684,0.002482926359813787,final
