arch,channel,rs,s,f_model,f_parent
medium,fx,,0.000000,1.0,1.0
medium,fx,,0.025000,1.000142431312899,1.0001371734503082
medium,fx,,0.050000,1.0005690265933564,1.0005484131007953
medium,fx,,0.075000,1.0012777920148779,1.0012328782849313
medium,fx,,0.100000,1.0022656190363108,1.002189172660767
medium,fx,,0.125000,1.0035284621647738,1.0034153513166864
medium,fx,,0.150000,1.0050615078383858,1.0049089306249135
medium,fx,,0.175000,1.006859331881561,1.0066669007499534
medium,fx,,0.200000,1.0089160435195408,1.0086857406950527
medium,fx,,0.225000,1.0112254144496169,1.010961435747421
medium,fx,,0.250000,1.0137809919421124,1.0134894971626558
medium,fx,,0.275000,1.0165761953768964,1.0162649839108355
medium,fx,,0.300000,1.019604396007498,1.0192825262913066
medium,fx,,0.325000,1.0228589800845407,1.022536351210436
medium,fx,,0.350000,1.0263333957659395,1.0260203089066646
medium,fx,,0.375000,1.0300211844975826,1.0297279009001115
medium,fx,,0.400000,1.033915997770714,1.0336523089397605
medium,fx,,0.425000,1.038011600356902,1.0377864247198565
medium,fx,,0.450000,1.042301861293908,1.0421228801384386
medium,fx,,0.475000,1.0467807340506232,1.0466540778748243
medium,fx,,0.500000,1.0514422274398283,1.0513722220691275
medium,fx,,0.525000,1.0562803689755578,1.056269348895353
medium,fx,,0.550000,1.061289162487247,1.061337356830009
medium,fx,,0.575000,1.0664625419037932,1.0665680364302768
medium,fx,,0.600000,1.0717943232036509,1.0719530994492863
medium,fx,,0.625000,1.077278156587182,1.0774842071307018
medium,fx,,0.650000,1.0829074809583865,1.0831529975403624
medium,fx,,0.675000,1.0886754827977758,1.0889511118088369
medium,fx,,0.700000,1.0945750614587457,1.0948702191752313
medium,fx,,0.725000,1.1005988028185174,1.1009020407391494
medium,fx,,0.750000,1.1067389630540825,1.1070383718441337
medium,fx,,0.775000,1.112987464087081,1.1132711030320084
medium,fx,,0.800000,1.1193359019444047,1.119592239523111
medium,fx,,0.825000,1.125775568911274,1.1259939191922888
medium,fx,,0.850000,1.1322974899118539,1.1324684290245925
medium,fx,,0.875000,1.1388924730448122,1.139008220047757
medium,fx,,0.900000,1.145551173638709,1.1456059207506675
medium,fx,,0.925000,1.1522641705919008,1.152254349008086
medium,fx,,0.950000,1.159022053147507,1.1589465225418367
medium,fx,,0.975000,1.1658155156558847,1.1656756679574736
medium,fx,,1.000000,1.1726354573303728,1.172435228403129
medium,fx,,1.025000,1.1794730835457305,1.1792188699038115
medium,fx,,1.050000,1.1863200049023865,1.1860204864298936
medium,fx,,1.075000,1.1931683301204081,1.192834203762979
medium,fx,,1.100000,1.2000107488651834,1.1996543822257886
medium,fx,,1.125000,1.2068406008615689,1.2064756183452223
medium,fx,,1.150000,1.2136519281293623,1.2132927455194251
medium,fx,,1.175000,1.2204395078579433,1.220100833760554
medium,fx,,1.200000,1.227198864300997,1.2268951885850992
medium,fx,,1.225000,1.2339262590653937,1.2336713491231373
medium,fx,,1.250000,1.2406186602293958,1.2404250855168273
medium,fx,,1.275000,1.2472736917830878,1.2471523956769321
medium,fx,,1.300000,1.2538895658644023,1.2538495014641662
medium,fx,,1.325000,1.2604650010977914,1.2605128443598486
medium,fx,,1.350000,1.2669991309712199,1.2671390806877225
medium,fx,,1.375000,1.2734914065693754,1.2737250764459462
medium,fx,,1.400000,1.2799414980960597,1.2802679018052352
medium,fx,,1.425000,1.2863491994680554,1.2867648253259727
medium,fx,,1.450000,1.2927143398688359,1.2932133079438641
medium,fx,,1.475000,1.2990367055536858,1.2996109967704328
medium,fx,,1.500000,1.30531597445169,1.3059557187513589
medium,fx,,1.525000,1.3115516652754604,1.3122454742224083
medium,fx,,1.550000,1.3177431019886368,1.3184784303994812
medium,fx,,1.575000,1.3238893936522942,1.3246529148361825
medium,fx,,1.600000,1.329989428923993,1.330767408879276
medium,fx,,1.625000,1.33604188385537,1.3368205411494571
medium,fx,,1.650000,1.3420452411506736,1.3428110810720784
medium,fx,,1.675000,1.347997818721011,1.3487379324797883
medium,fx,,1.700000,1.353897805196443,1.3546001273065218
medium,fx,,1.725000,1.3597433000292174,1.360396819389886
medium,fx,,1.750000,1.3655323559173769,1.3661272783967613
medium,fx,,1.775000,1.3712630214744461,1.3717908838848296
medium,fx,,1.800000,1.3769333823412513,1.3773871195108214
medium,fx,,1.825000,1.382541599253365,1.3829155673944546
medium,fx,,1.850000,1.3880859419170914,1.3883759026453952
medium,fx,,1.875000,1.3935648178865938,1.3937678880590432
medium,fx,,1.900000,1.3989767959567652,1.3990913689855675
medium,fx,,1.925000,1.4043206238775037,1.4043462683753405
medium,fx,,1.950000,1.4095952404460734,1.4095325820027964
medium,fx,,1.975000,1.4147997822403136,1.4146503738697032
medium,fx,,2.000000,1.4199335854151138,1.4196997717879212
medium,fx,,2.025000,1.4249961830991338,1.4246809631409094
medium,fx,,2.050000,1.42998729900166,1.4295941908225116
medium,fx,,2.075000,1.4349068378756311,1.4344397493509262
medium,fx,,2.100000,1.4397548734878827,1.4392179811552137
medium,fx,,2.125000,1.444531634727536,1.4439292730312083
medium,fx,,2.150000,1.4492374904440672,1.4485740527633122
medium,fx,,2.175000,1.4538729335533838,1.4531527859082907
medium,fx,,2.200000,1.4584385648881184,1.4576659727369123
medium,fx,,2.225000,1.4629350772014917,1.4621141453290472
medium,fx,,2.250000,1.4673632396659366,1.4664978648176454
medium,fx,,2.275000,1.4717238831409918,1.470817718776893
medium,fx,,2.300000,1.4760178864217377,1.475074318749721
medium,fx,,2.325000,1.480246163620806,1.479268297909802
medium,fx,,2.350000,1.4844096527846249,1.483400308853113
medium,fx,,2.375000,1.4885093057985854,1.4874710215141502
medium,fx,,2.400000,1.4925460795964276,1.491481121201892
medium,fx,,2.425000,1.4965209286562375,1.4954313067506453
medium,fx,,2.450000,1.5004347987386837,1.4993222887809725
medium,fx,,2.475000,1.5042886218021574,1.5031547880659621
medium,fx,,2.500000,1.5080833120137207,1.5069295339981974
medium,fx,,2.525000,1.5118197627636814,1.5106472631528727
medium,fx,,2.550000,1.5154988445846205,1.514308717942618
medium,fx,,2.575000,1.5191214038721848,1.5179146453597039
medium,fx,,2.600000,1.5226882623044182,1.5214657958014208
medium,fx,,2.625000,1.5262002168582627,1.5249629219745588
medium,fx,,2.650000,1.5296580403256637,1.5284067778750356
medium,fx,,2.675000,1.5330624822370245,1.5317981178388593
medium,fx,,2.700000,1.5364142701061623,1.5351376956607474
medium,fx,,2.725000,1.5397141109181078,1.538426263776851
medium,fx,,2.750000,1.5429626927887419,1.5416645725081797
medium,fx,,2.775000,1.5461606867331392,1.5448533693614435
medium,fx,,2.800000,1.5493087484873798,1.5479933983841754
medium,fx,,2.825000,1.5524075203363081,1.5510853995711167
medium,fx,,2.850000,1.5554576329071568,1.5541301083189827
medium,fx,,2.875000,1.5584597068959585,1.5571282549268526
medium,fx,,2.900000,1.5614143547002175,1.5600805641395499
medium,fx,,2.925000,1.5643221819373145,1.562987754731498
medium,fx,,2.950000,1.5671837888335374,1.5658505391286572
medium,fx,,2.975000,1.5699997714734846,1.5686696230662598
medium,fx,,3.000000,1.572770722903843,1.5714457052801694
medium,fx,,3.025000,1.575497234089229,1.5741794772298021
medium,fx,,3.050000,1.5781798947209198,1.5768716228506432
medium,fx,,3.075000,1.5808192938819183,1.5795228183344976
medium,fx,,3.100000,1.5834160205739167,1.5821337319357038
medium,fx,,3.125000,1.5859706641134306,1.5847050238016365
medium,fx,,3.150000,1.5884838144056406,1.587237345825908
medium,fx,,3.175000,1.5909560621054089,1.5897313415227634
medium,fx,,3.200000,1.593387998675544,1.592187645921248
medium,fx,,3.225000,1.5957802163527186,1.5946068854777975
medium,fx,,3.250000,1.5981333080315325,1.5969896780059818
medium,fx,,3.275000,1.6004478670771196,1.5993366326221994
medium,fx,,3.300000,1.602724487076419,1.601648349706187
medium,fx,,3.325000,1.6049637615378456,1.6039254208752762
medium,fx,,3.350000,1.6071662835485883,1.6061684289713845
medium,fx,,3.375000,1.609332645398188,1.6083779480597964
medium,fx,,3.400000,1.6114634381764326,1.6105545434388309
medium,fx,,3.425000,1.613559251352929,1.6126987716595576
medium,fx,,3.450000,1.6156206723450541,1.6148111805547691
medium,fx,,3.475000,1.6176482860802934,1.6168923092764607
medium,fx,,3.500000,1.6196426745583157,1.6189426883411182
medium,fx,,3.525000,1.621604416417492,1.6209628396821578
medium,fx,,3.550000,1.6235340865099277,1.622953276708899
medium,fx,,3.575000,1.6254322554885035,1.6249145043714908
medium,fx,,3.600000,1.6272994894088717,1.6268470192312494
medium,fx,,3.625000,1.6291363493488227,1.6287513095359003
medium,fx,,3.650000,1.6309433910469946,1.630627855299244
medium,fx,,3.675000,1.6327211645624375,1.632477128384804
medium,fx,,3.700000,1.6344702139561915,1.6342995925930408
medium,fx,,3.725000,1.6361910769956516,1.6360957037517374
medium,fx,,3.750000,1.6378842848822177,1.6378659098091999
medium,fx,,3.775000,1.6395503620024345,1.6396106509299275
medium,fx,,3.800000,1.6411898257025967,1.641330359592442
medium,fx,,3.825000,1.6428031860865902,1.6430254606889751
medium,fx,,3.850000,1.6443909458365704,1.6446963716267469
medium,fx,,3.875000,1.645953600055922,1.6463435024305744
medium,fx,,3.900000,1.6474916361338339,1.6479672558465768
medium,fx,,3.925000,1.6490055336307237,1.6495680274467555
medium,fx,,3.950000,1.6504957641836604,1.651146205734246
medium,fx,,3.975000,1.651962791430889,1.6527021722490547
medium,fx,,4.000000,1.6534070709545088,1.654236301674099
medium,fx,,4.025000,1.654829050240325,1.6557489619413992
medium,fx,,4.050000,1.656229168653894,1.6572405143382634
medium,fx,,4.075000,1.6576078574317588,1.6587113136133356
medium,fx,,4.100000,1.658965539686887,1.6601617080823763
medium,fx,,4.125000,1.6603026304273325,1.6615920397336599
medium,fx,,4.150000,1.6616195365871576,1.663002644332885
medium,fx,,4.175000,1.6629166570686804,1.6643938515274967
medium,fx,,4.200000,1.6641943827951406,1.6657659849503361
medium,fx,,4.225000,1.6654530967729013,1.6671193623225302
medium,fx,,4.250000,1.6666931741623456,1.668454295555556
medium,fx,,4.275000,1.6679149823566646,1.6697710908524037
medium,fx,,4.300000,1.669118881067761,1.6710700488077885
medium,fx,,4.325000,1.6703052224185397,1.672351464507346
medium,fx,,4.350000,1.6714743510408931,1.6736156276257725
medium,fx,,4.375000,1.672626604178724,1.6748628225238602
medium,fx,,4.400000,1.6737623117953937,1.6760933283443924
medium,fx,,4.425000,1.674881796685009,1.6773074191068635
medium,fx,,4.450000,1.675985374587018,1.6785053638009961
medium,fx,,4.475000,1.6770733543035954,1.6796874264790258
medium,fx,,4.500000,1.6781460378193562,1.6808538663467358
medium,fx,,4.525000,1.6792037204229524,1.682004937853222
medium,fx,,4.550000,1.6802466908301497,1.6831408907793708
medium,fx,,4.575000,1.68127523130801,1.6842619703250405
medium,fx,,4.600000,1.682289617799827,1.685368417194935
medium,fx,,4.625000,1.6832901200505073,1.6864604676831623
medium,fx,,4.650000,1.684277001732092,1.687538353756474
medium,fx,,4.675000,1.6852505205691617,1.6886023031361845
medium,fx,,4.700000,1.686210928463877,1.6896525393787643
medium,fx,,4.725000,1.6871584716204329,1.6906892819551151
medium,fx,,4.750000,1.688093390668728,1.691712746328525
medium,fx,,4.775000,1.6890159207870679,1.69272314403131
medium,fx,,4.800000,1.6899262918237363,1.6937206827401463
medium,fx,,4.825000,1.6908247284172946,1.6947055663501032
medium,fx,,4.850000,1.6917114501154766,1.695677995047382
medium,fx,,4.875000,1.6925866714925615,1.6966381653807714
medium,fx,,4.900000,1.6934506022651301,1.6975862703318307
medium,fx,,4.925000,1.694303447406112,1.6985224993838095
medium,fx,,4.950000,1.6951454072570482,1.6994470385893194
medium,fx,,4.975000,1.695976677638507,1.7003600706367672
medium,fx,,5.000000,1.6967974499585912,1.701261774915565
medium,fx,,5.025000,1.6976079113195024,1.7021523275801298
medium,fx,,5.050000,1.698408244622111,1.7030319016126885
medium,fx,,5.075000,1.6991986286685161,1.7039006668849015
medium,fx,,5.100000,1.6999792382625647,1.7047587902183228
medium,fx,,5.125000,1.7007502443083182,1.7056064354437073
medium,fx,,5.150000,1.7015118139064564,1.7064437634591885
medium,fx,,5.175000,1.7022641104486138,1.7072709322873345
medium,fx,,5.200000,1.703007293709654,1.708088097131107
medium,fx,,5.225000,1.7037415199378794,1.7088954104287313
medium,fx,,5.250000,1.7044669419431948,1.7096930219075017
medium,fx,,5.275000,1.705183709183232,1.7104810786365339
medium,fx,,5.300000,1.7058919678474567,1.711259725078483
medium,fx,,5.325000,1.7065918609392707,1.7120291031402441
medium,fx,,5.350000,1.7072835283561398,1.7127893522226525
medium,fx,,5.375000,1.707967106967764,1.7135406092691985
medium,fx,,5.400000,1.7086427306923229,1.714283008813776
medium,fx,,5.425000,1.70931053057082,1.7150166830274802
medium,fx,,5.450000,1.709970634839556,1.7157417617644724
medium,fx,,5.475000,1.7106231690007674,1.7164583726069251
medium,fx,,5.500000,1.7112682558914525,1.7171666409090691
medium,fx,,5.525000,1.7119060157504284,1.717866689840354
medium,fx,,5.550000,1.7125365662836467,1.7185586404277413
medium,fx,,5.575000,1.7131600227278019,1.7192426115971444
medium,fx,,5.600000,1.713776497912273,1.719918720214034
medium,fx,,5.625000,1.7143861023194245,1.7205870811232205
medium,fx,,5.650000,1.7149889441433128,1.721247807187832
medium,fx,,5.675000,1.7155851293468243,1.7219010093275047
medium,fx,,5.700000,1.7161747617172847,1.7225467965557948
medium,fx,,5.725000,1.7167579429205768,1.7231852760168345
medium,fx,,5.750000,1.7173347725537995,1.7238165530212408
medium,fx,,5.775000,1.7179053481965014,1.7244407310812953
medium,fx,,5.800000,1.7184697654605303,1.725057911945408
medium,fx,,5.825000,1.7190281180385247,1.7256681956318787
medium,fx,,5.850000,1.7195804977510882,1.7262716804619718
medium,fx,,5.875000,1.7201269945926787,1.7268684630923166
medium,fx,,5.900000,1.7206676967762424,1.727458638546647
medium,fx,,5.925000,1.7212026907766287,1.7280423002468948
medium,fx,,5.950000,1.72173206137282,1.728619540043648
medium,fx,,5.975000,1.722255891689002,1.7291904482459888
medium,fx,,6.000000,1.7227742632345115,1.7297551136507232
medium,fc,0.5,0.000000,1.0,0.9999961712608588
medium,fc,0.5,0.025000,0.998491448326483,0.9983586646344352
medium,fc,0.5,0.050000,0.9939763835269537,0.9934854371990305
medium,fc,0.5,0.075000,0.9864935196816523,0.9854913576191164
medium,fc,0.5,0.100000,0.9761212918397393,0.9745583236306017
medium,fc,0.5,0.125000,0.9629875201339045,0.9609224860044977
medium,fc,0.5,0.150000,0.9472754775328416,0.9448590526338713
medium,fc,0.5,0.175000,0.9292248594783936,0.9266665678644719
medium,fc,0.5,0.200000,0.9091264892086949,0.906652287270015
medium,fc,0.5,0.225000,0.8873103712011879,0.8851197735940066
medium,fc,0.5,0.250000,0.8641278601390457,0.8623592877190294
medium,fc,0.5,0.275000,0.839930024990002,0.838641066508284
medium,fc,0.5,0.300000,0.8150454054075371,0.8142112349444125
medium,fc,0.5,0.325000,0.7897608891841,0.7892899055662282
medium,fc,0.5,0.350000,0.764309098856438,0.7640709501109981
medium,fc,0.5,0.375000,0.7388644207972939,0.738722947888542
medium,fc,0.5,0.400000,0.713547905451887,0.7133908845188547
medium,fc,0.5,0.425000,0.6884392279760969,0.6881982632946789
medium,fc,0.5,0.450000,0.6635923293946079,0.663249379897375
medium,fc,0.5,0.475000,0.6390507447108544,0.6386315887919551
medium,fc,0.5,0.500000,0.6148591506011454,0.614417452116793
medium,fc,0.5,0.525000,0.5910691331553731,0.5906667090105318
medium,fc,0.5,0.550000,0.5677390645931533,0.5674280368849434
medium,fc,0.5,0.575000,0.5449296384601624,0.5447405987383155
medium,fc,0.5,0.600000,0.5226975272113006,0.5226353848308631
medium,fc,0.5,0.625000,0.5010896060956386,0.5011363652156074
medium,fc,0.5,0.650000,0.48013941452297115,0.4802614735958944
medium,fc,0.5,0.675000,0.45986642052070026,0.46002344418289265
medium,fc,0.5,0.700000,0.4402776595862494,0.4404305226879344
medium,fc,0.5,0.725000,0.4213707296849477,0.4214870710332323
medium,fc,0.5,0.750000,0.40313701782024447,0.4031940832949596
medium,fc,0.5,0.775000,0.38556431185513995,0.38554962812948085
medium,fc,0.5,0.800000,0.36863842390758594,0.36854923068108175
medium,fc,0.5,0.825000,0.3523439193881628,0.35218620484951263
medium,fc,0.5,0.850000,0.33666435665885075,0.3364519448742073
medium,fc,0.5,0.875000,0.32158252187961023,0.3213361834989273
medium,fc,0.5,0.900000,0.3070810034810132,0.306827222522449
medium,fc,0.5,0.925000,0.2931431764410103,0.2929121403100752
medium,fc,0.5,0.950000,0.27975438422679244,0.2795769798212084
medium,fc,0.5,0.975000,0.2669029340893103,0.2668069198795077
medium,fc,0.5,1.000000,0.2545805235474541,0.25458643175180856
medium,fc,0.5,1.025000,0.24278187953372132,0.24289942258726716
medium,fc,0.5,1.050000,0.2315036388338998,0.23172936687701973
medium,fc,0.5,1.075000,0.2207427263028271,0.22105942680628568
medium,fc,0.5,1.100000,0.21049461490581223,0.21087256216631964
medium,fc,0.5,1.125000,0.200751849470733,0.20115163035586586
medium,fc,0.5,1.150000,0.19150310752259347,0.1918794769158274
medium,fc,0.5,1.175000,0.18273291048307538,0.18303901699379402
medium,fc,0.5,1.200000,0.17442194448452686,0.1746133081159656
medium,fc,0.5,1.225000,0.16654784155632318,0.16658561464383392
medium,fc,0.5,1.250000,0.15908622313493392,0.15893946430447428
medium,fc,0.5,1.275000,0.1520118119484848,0.15165869720073666
medium,fc,0.5,1.300000,0.14529945738255134,0.14472750772673904
medium,fc,0.5,1.325000,0.1389249736480802,0.13813047983167853
medium,fc,0.5,1.350000,0.1328657437045222,0.13185261608906113
medium,fc,0.5,1.375000,0.12710108542500365,0.1258793610376418
medium,fc,0.5,1.400000,0.12161240617653424,0.12019661926408308
medium,fc,0.5,1.425000,0.11638318816744508,0.11479076869543448
medium,fc,0.5,1.450000,0.1113988521661663,0.1096486695622258
medium,fc,0.5,1.475000,0.106646544864205,0.10475766948076473
medium,fc,0.5,1.500000,0.10211488841066652,0.10010560508677041
medium,fc,0.5,1.525000,0.09779372201541303,0.09568080063249802
medium,fc,0.5,1.550000,0.09367385676447604,0.09147206393676467
medium,fc,0.5,1.575000,0.08974685697395313,0.08746868005254455
medium,fc,0.5,1.600000,0.0860048550361534,0.08366040299072135
medium,fc,0.5,1.625000,0.08244040191129465,0.08003744581183542
medium,fc,0.5,1.650000,0.07904635208332889,0.07659046937076666
medium,fc,0.5,1.675000,0.07581577970389064,0.07331056997272188
medium,fc,0.5,1.700000,0.07274192152740977,0.07018926617305912
medium,fc,0.5,1.725000,0.06981814183395707,0.06721848492863296
medium,fc,0.5,1.750000,0.0670379146181268,0.06439054728477098
medium,fc,0.5,1.775000,0.06439481870905728,0.0616981537598125
medium,fc,0.5,1.800000,0.06188254203916388,0.059134369568493717
medium,fc,0.5,1.825000,0.059494891897259095,0.05669260980638358
medium,fc,0.5,1.850000,0.05722580861799975,0.05436662470009754
medium,fc,0.5,1.875000,0.055069380732158724,0.05215048501211195
medium,fc,0.5,1.900000,0.05301986010802473,0.050038567674637165
medium,fc,0.5,1.925000,0.05107167604369489,0.0480255417141179
medium,fc,0.5,1.950000,0.04921944762238184,0.04610635451642435
medium,fc,0.5,1.975000,0.0474579939229004,0.04427621847262877
medium,fc,0.5,2.000000,0.04578234189303787,0.042530598036290536
medium,fc,0.5,2.025000,0.04418773185370295,0.04086519721532707
medium,fc,0.5,2.050000,0.04266962071591862,0.03927594751474929
medium,fc,0.5,2.075000,0.04122368306972235,0.03775899634064951
medium,fc,0.5,2.100000,0.03984581035177337,0.03631069587080901
medium,fc,0.5,2.125000,0.03853210832382603,0.03492759239300612
medium,fc,0.5,2.150000,0.037278893102954846,0.033606416108520214
medium,fc,0.5,2.175000,0.03608268598122022,0.032344071395319085
medium,fc,0.5,2.200000,0.03494020726109559,0.03113762752295615
medium,fc,0.5,2.225000,0.03384836931637125,0.029984309809202872
medium,fc,0.5,2.250000,0.032804269068622216,0.028881491206847024
medium,fc,0.5,2.275000,0.031805180048349535,0.027826684307850874
medium,fc,0.5,2.300000,0.030848544188738725,0.026817533751129878
medium,fc,0.5,2.325000,0.02993196347948146,0.025851809019539436
medium,fc,0.5,2.350000,0.029053191588780947,0.024927397611219253
medium,fc,0.5,2.375000,0.0282101255438707,0.024042298570184424
medium,fc,0.5,2.400000,0.027400797544253286,0.02319461636096361
medium,fc,0.5,2.425000,0.026623366967492013,0.022382555072118837
medium,fc,0.5,2.450000,0.025876112614718116,0.021604412933645116
medium,fc,0.5,2.475000,0.02515742523198672,0.020858577133474034
medium,fc,0.5,2.500000,0.024465800334099286,0.020143518918636836
medium,fc,0.5,2.525000,0.02379983134939656,0.019457788967005542
medium,fc,0.5,2.550000,0.023158203097160213,0.01880001301595232
medium,fc,0.5,2.575000,0.022539685603524373,0.018168887734721407
medium,fc,0.5,2.600000,0.021943128257044586,0.017563176827779654
medium,fc,0.5,2.625000,0.021367454301183697,0.016981707356906937
medium,fc,0.5,2.650000,0.02081165565784493,0.016423366270288828
medium,fc,0.5,2.675000,0.0202747880735894,0.01588709712737786
medium,fc,0.5,2.700000,0.019755966578252515,0.015371897008789036
medium,fc,0.5,2.725000,0.01925436124421409,0.014876813601008254
medium,fc,0.5,2.750000,0.018769193233522996,0.014400942446161183
medium,fc,0.5,2.775000,0.018299731119363893,0.01394342434758682
medium,fc,0.5,2.800000,0.01784528746791647,0.0135034429224213
medium,fc,0.5,2.825000,0.017405215666460694,0.013080222292847036
medium,fc,0.5,2.850000,0.016978906983574293,0.012673024908103358
medium,fc,0.5,2.875000,0.016565787847420355,0.012281149489774493
medium,fc,0.5,2.900000,0.0161653173283981,0.011903929093276212
medium,fc,0.5,2.925000,0.015776984812809203,0.0115407292788442
medium,fc,0.5,2.950000,0.015400307854643525,0.011190946385711102
medium,fc,0.5,2.975000,0.015034830193101256,0.010854005903492529
medium,fc,0.5,3.000000,0.014680119924022184,0.010529360935159847
medium,fc,0.5,3.025000,0.01433576781397461,0.010216490746280376
medium,fc,0.5,3.050000,0.014001385746352124,0.00991489939552285
medium,fc,0.5,3.075000,0.013676605289435262,0.00962411444170394
medium,fc,0.5,3.100000,0.01336107637697559,0.009343685722933544
medium,fc,0.5,3.125000,0.013054466092454975,0.009073184203666275
medium,fc,0.5,3.150000,0.012756457548759204,0.00881220088572273
medium,fc,0.5,3.175000,0.012466748855565979,0.00856034577956125
medium,fc,0.5,3.200000,0.012185052167297483,0.008317246932311853
medium,fc,0.5,3.225000,0.01191109280500402,0.008082549509281826
medium,fc,0.5,3.250000,0.011644608446049975,0.007855914925840547
medium,fc,0.5,3.275000,0.011385348375937188,0.007637020026771776
medium,fc,0.5,3.300000,0.01113307279705511,0.007425556310355653
medium,fc,0.5,3.325000,0.010887552189556948,0.007221229194605152
medium,fc,0.5,3.350000,0.010648566719961283,0.007023757323232783
medium,fc,0.5,3.375000,0.01041590569343831,0.0068328719090709365
medium,fc,0.5,3.400000,0.010189367046086861,0.006648316112797191
medium,fc,0.5,3.425000,0.009968756873817486,0.006469844454954951
medium,fc,0.5,3.450000,0.009753888994757043,0.006297222259364868
medium,fc,0.5,3.475000,0.009544584542352297,0.006130225126150202
medium,fc,0.5,3.500000,0.009340671586606009,0.005968638432691078
medium,fc,0.5,3.525000,0.009141984781100176,0.005812256860931846
medium,fc,0.5,3.550000,0.008948365033677463,0.005660883949557558
medium,fc,0.5,3.575000,0.008759659198835479,0.005514331669634566
medium,fc,0.5,3.600000,0.008575719790069991,0.005372420022408773
medium,fc,0.5,3.625000,0.008396404710560468,0.0052349766580150085
medium,fc,0.5,3.650000,0.00822157700073245,0.0051018365139386904
medium,fc,0.5,3.675000,0.008051104601371373,0.0049728414721276004
medium,fc,0.5,3.700000,0.007884860131073701,0.004847840033726076
medium,fc,0.5,3.725000,0.0077227206769358014,0.004726687010453871
medium,fc,0.5,3.750000,0.007564567597478256,0.0046092432317188185
medium,fc,0.5,3.775000,0.007410286336890448,0.004495375266596954
medium,fc,0.5,3.800000,0.0072597662497631,0.00438495515987154
medium,fc,0.5,3.825000,0.007112900435550906,0.004277860181360855
medium,fc,0.5,3.850000,0.006969585582068283,0.00417397258781929
medium,fc,0.5,3.875000,0.006829721817388945,0.004073179396726176
medium,fc,0.5,3.900000,0.006693212569566009,0.003975372171325868
medium,fc,0.5,3.925000,0.006559964433643928,0.003880446816315581
medium,fc,0.5,3.950000,0.006429887045476423,0.0037883033836064225
medium,fc,0.5,3.975000,0.006302892961901896,0.0036988458876262074
medium,fc,0.5,4.000000,0.0061788975468687335,0.0036119821296561735
medium,fc,0.5,4.025000,0.0060578188631322805,0.0035276235307199755
medium,fc,0.5,4.050000,0.005939577569175625,0.003445684972579932
medium,fc,0.5,4.075000,0.00582409682103413,0.0033660846464103494
medium,fc,0.5,4.100000,0.005711302178729061,0.0032887439087498005
medium,fc,0.5,4.125000,0.005601121517034513,0.0032135871443476484
medium,fc,0.5,4.150000,0.005493484940325866,0.003140541635555781
medium,fc,0.5,4.175000,0.005388324701274816,0.003069537437917249
medium,fc,0.5,4.200000,0.0052855751231725145,0.003000507261639546
medium,fc,0.5,4.225000,0.005185172525678405,0.002933386358647509
medium,fc,0.5,4.250000,0.005087055153806697,0.002868112414932197
medium,fc,0.5,4.275000,0.0049911631099739395,0.0028046254479229715
medium,fc,0.5,4.300000,0.004897438288945288,0.002742867708632816
medium,fc,0.5,4.325000,0.004805824315524787,0.0026827835883323843
medium,fc,0.5,4.350000,0.004716266484848353,0.0026243195295232785
medium,fc,0.5,4.375000,0.004628711705144117,0.0025674239410017246
medium,fc,0.5,4.400000,0.004543108442836452,0.002512047116799274
medium,fc,0.5,4.425000,0.004459406669874988,0.0024581411588165073
medium,fc,0.5,4.450000,0.004377557813178057,0.0024056599029599174
medium,fc,0.5,4.475000,0.004297514706088412,0.0023545588486135268
medium,fc,0.5,4.500000,0.004219231541742863,0.002304795091278237
medium,fc,0.5,4.525000,0.004142663828263893,0.0022563272582273074
medium,fc,0.5,4.550000,0.004067768345687783,0.002209115447027629
medium,fc,0.5,4.575000,0.003994503104546854,0.002163121166787322
medium,fc,0.5,4.600000,0.003922827306031107,0.0021183072820026927
medium,fc,0.5,4.625000,0.0038527013036541158,0.0020746379588730468
medium,fc,0.5,4.650000,0.00378408656635687,0.002032078613968704
medium,fc,0.5,4.675000,0.003716945642984193,0.0019905958651390177
medium,fc,0.5,4.700000,0.0036512421280729956,0.0019501574845522565
medium,fc,0.5,4.725000,0.0035869406288937533,0.0019107323537686412
medium,fc,0.5,4.750000,0.003524006733691465,0.0018722904207485434
medium,fc,0.5,4.775000,0.0034624069810732516,0.0018348026587054643
medium,fc,0.5,4.800000,0.0034021088304944103,0.0017982410267173958
medium,fc,0.5,4.825000,0.0033430806337954033,0.001762578432014152
medium,fc,0.5,4.850000,0.0032852916077461547,0.0017277886938635106
medium,fc,0.5,4.875000,0.003228711807554907,0.0016938465089809934
medium,fc,0.5,4.900000,0.0031733121013031163,0.0016607274183924714
medium,fc,0.5,4.925000,0.0031190641452664147,0.001628407775686919
medium,fc,0.5,4.950000,0.003065940360087227,0.001596864716589041
medium,fc,0.5,4.975000,0.0030139139077645094,0.0015660761297978003
medium,fc,0.5,5.000000,0.0029629586694264187,0.001536020629028713
medium,fc,0.5,5.025000,0.002913049223857378,0.0015066775262095645
medium,fc,0.5,5.050000,0.0028641608267473417,0.0014780268057724868
medium,fc,0.5,5.075000,0.0028162693906369496,0.0014500490999996532
medium,fc,0.5,5.100000,0.0027693514655297014,0.0014227256653687938
medium,fc,0.5,5.125000,0.002723384220148173,0.0013960383598590484
medium,fc,0.5,5.150000,0.0026783454238065163,0.0013699696211715122
medium,fc,0.5,5.175000,0.0026342134288782626,0.001344502445826072
medium,fc,0.5,5.200000,0.002590967153836443,0.001319620369094148
medium,fc,0.5,5.225000,0.0025485860668436056,0.0012953074457320137
medium,fc,0.5,5.250000,0.0025070501698727377,0.0012715482314793827
medium,fc,0.5,5.275000,0.0024663399833385613,0.0012483277652897444
medium,fc,0.5,5.300000,0.00242643653122121,0.0012256315522594916
medium,fc,0.5,5.325000,0.0023873213266639715,0.0012034455472299352
medium,fc,0.5,5.350000,0.0023489763580273326,0.0011817561390265222
medium,fc,0.5,5.375000,0.0023113840753845594,0.0011605501353155188
medium,fc,0.5,5.400000,0.002274527377441604,0.0011398147480441024
medium,fc,0.5,5.425000,0.0022383895988666858,0.0011195375794464772
medium,fc,0.5,5.450000,0.0022029544980158855,0.0010997066085859438
medium,fc,0.5,5.475000,0.002168206245039106,0.0010803101784139062
medium,fc,0.5,5.500000,0.002134129410355179,0.0010613369833224516
medium,fc,0.5,5.525000,0.0021007089534819112,0.0010427760571714813
medium,fc,0.5,5.550000,0.0020679302122090792,0.0010246167617677558
medium,fc,0.5,5.575000,0.0020357788921034903,0.001006848775780092
medium,fc,0.5,5.600000,0.0020042410563334556,0.0009894620840704305
medium,fc,0.5,5.625000,0.0019733031158029046,0.000972446967424831
medium,fc,0.5,5.650000,0.0019429518195835938,0.0009557939926686374
medium,fc,0.5,5.675000,0.0019131742456370837,0.0009394940031462534
medium,fc,0.5,5.700000,0.0018839577918150496,0.0009235381095562882
medium,fc,0.5,5.725000,0.0018552901671294864,0.0009079176811237815
medium,fc,0.5,5.750000,0.0018271593832838162,0.0008926243370957384
medium,fc,0.5,5.775000,0.0017995537464562394,0.000877649938550017
medium,fc,0.5,5.800000,0.0017724618493275557,0.0008629865805003556
medium,fc,0.5,5.825000,0.0017458725633436867,0.0008486265842915688
medium,fc,0.5,5.850000,0.0017197750312081261,0.0008345624902662513
medium,fc,0.5,5.875000,0.0016941586595937697,0.0008207870506999125
medium,fc,0.5,5.900000,0.0016690131120697949,0.0008072932229858862
medium,fc,0.5,5.925000,0.00164432830223471,0.0007940741630678401
medium,fc,0.5,5.950000,0.0016200943870496864,0.0007811232191043099
medium,fc,0.5,5.975000,0.001596301760366181,0.0007684339253583744
medium,fc,0.5,6.000000,0.0015729410466409632,0.0007559999963054072
medium,fc,2,0.000000,1.0,0.9999979292399579
medium,fc,2,0.025000,0.9992917296589355,0.9992961010731113
medium,fc,2,0.050000,0.9971706468776466,0.9971948653968338
medium,fc,2,0.075000,0.99364834829716,0.9937069079517921
medium,fc,2,0.100000,0.9887449591935376,0.9888531709729896
medium,fc,2,0.125000,0.9824896235831045,0.9826625583062567
medium,fc,2,0.150000,0.9749207114043997,0.9751715344708285
medium,fc,2,0.175000,0.9660856489610358,0.9664236288215278
medium,fc,2,0.200000,0.9560403121601767,0.95646885815437
medium,fc,2,0.225000,0.9448479797736457,0.9453630826547406
medium,fc,2,0.250000,0.9325779145915484,0.9331673109752425
medium,fc,2,0.275000,0.91930370621532,0.919946970463837
medium,fc,2,0.300000,0.9051015510205448,0.9057711581949571
medium,fc,2,0.325000,0.8900486484113403,0.890711887570984
medium,fc,2,0.350000,0.8742218553593518,0.8748433439638938
medium,fc,2,0.375000,0.8576966750565181,0.8582411612720591
medium,fc,2,0.400000,0.8405465829771543,0.8409817294902436
medium,fc,2,0.425000,0.8228426396451219,0.8231415415386202
medium,fc,2,0.450000,0.8046533202001078,0.8047965857616002
medium,fc,2,0.475000,0.7860445062353749,0.7860217887637229
medium,fc,2,0.500000,0.767079618223003,0.7668905116525188
medium,fc,2,0.525000,0.7478198911637333,0.7474741013425734
medium,fc,2,0.550000,0.7283247901358954,0.72784149735908
medium,fc,2,0.575000,0.7086525205560655,0.7080588935663934
medium,fc,2,0.600000,0.6888605255239115,0.6881894534295714
medium,fc,2,0.625000,0.6690058108910916,0.668293076778535
medium,fc,2,0.650000,0.6491449319515423,0.6484262155643347
medium,fc,2,0.675000,0.6293335352775182,0.6286417357517053
medium,fc,2,0.700000,0.6096254710989802,0.6089888222581751
medium,fc,2,0.725000,0.590071642262867,0.589512923705394
medium,fc,2,0.750000,0.5707188804332245,0.570255733673549
medium,fc,2,0.775000,0.5516091820931046,0.551255205128223
medium,fc,2,0.800000,0.53277956242518,0.5325455947076924
medium,fc,2,0.825000,0.514262603812675,0.5141575336073486
medium,fc,2,0.850000,0.49608754407205125,0.49611812186950627
medium,fc,2,0.875000,0.4782815528475878,0.4784510429764151
medium,fc,2,0.900000,0.4608707616548482,0.4611766957488485
medium,fc,2,0.925000,0.44388068039456663,0.4443123406704296
medium,fc,2,0.950000,0.4273358273825618,0.4278722578879763
medium,fc,2,0.975000,0.4112586481554119,0.4118679142800541
medium,fc,2,1.000000,0.39566801113045513,0.39630813713912205
medium,fc,2,1.025000,0.38057767771358675,0.38119929217645976
medium,fc,2,1.050000,0.3659951282753029,0.3665454637324295
medium,fc,2,1.075000,0.351921007641568,0.35234863525610427
medium,fc,2,1.100000,0.33834928677621035,0.3386088683060421
medium,fc,2,1.125000,0.3252680769708267,0.325324478515772
medium,fc,2,1.150000,0.3126609188625855,0.31249220716094483
medium,fc,2,1.175000,0.3005083168110849,0.3001073871574854
medium,fc,2,1.200000,0.2887892943478212,0.28816410250883695
medium,fc,2,1.225000,0.2774827908850652,0.27665534040303363
medium,fc,2,1.250000,0.2665687827070333,0.2655731353345545
medium,fc,2,1.275000,0.256029074811706,0.2549087047897165
medium,fc,2,1.300000,0.24584776300637678,0.24465257618608027
medium,fc,2,1.325000,0.23601140269216458,0.234794704894746
medium,fc,2,1.350000,0.22650894173997682,0.22532458329861285
medium,fc,2,1.375000,0.21733148237078015,0.21623134094921204
medium,fc,2,1.400000,0.20847193477358128,0.2075038359795181
medium,fc,2,1.425000,0.19992461707682108,0.199130738010403
medium,fc,2,1.450000,0.1916848453387392,0.19110060285465802
medium,fc,2,1.475000,0.18374854568346255,0.18340193937552854
medium,fc,2,1.500000,0.17611191000262605,0.17602326889740094
medium,fc,2,1.525000,0.16877110752381608,0.16895317759573308
medium,fc,2,1.550000,0.16172205729941758,0.16218036231265762
medium,fc,2,1.575000,0.1549602612719101,0.15569367025510647
medium,fc,2,1.600000,0.14848069383353601,0.14948213303498506
medium,fc,2,1.625000,0.14227774145156757,0.1435349955070108
medium,fc,2,1.650000,0.13634518468892054,0.13784173985045117
medium,fc,2,1.675000,0.130676214543188,0.13239210532712925
medium,fc,2,1.700000,0.12526347521780057,0.12717610413072902
medium,fc,2,1.725000,0.12009912602882666,0.12218403372238908
medium,fc,2,1.750000,0.115174915981329,0.11740648602565415
medium,fc,2,1.775000,0.11048226549829487,0.11283435383068481
medium,fc,2,1.800000,0.10601235076298077,0.1084588347337509
medium,fc,2,1.825000,0.10175618707899181,0.1042714329139894
medium,fc,2,1.850000,0.09770470852037838,0.10026395902552457
medium,fc,2,1.875000,0.09384884191239429,0.09642852845968962
medium,fc,2,1.900000,0.0901795738413802,0.09275755820948363
medium,fc,2,1.925000,0.0866880099379499,0.08924376254675773
medium,fc,2,1.950000,0.08336542611633435,0.08588014770206033
medium,fc,2,1.975000,0.08020331179356166,0.08266000571771653
medium,fc,2,2.000000,0.07719340536665209,0.07957690762659296
medium,fc,2,2.025000,0.07432772240667262,0.07662469609216203
medium,fc,2,2.050000,0.07159857714777074,0.0737974776299044
medium,fc,2,2.075000,0.06899859791891871,0.07108961451578498
medium,fc,2,2.100000,0.06652073719670926,0.06849571647443305
medium,fc,2,2.125000,0.06415827695845056,0.06601063222774378
medium,fc,2,2.150000,0.061904829993965405,0.06362944097380911
medium,fc,2,2.175000,0.05975433779846573,0.06134744385632948
medium,fc,2,2.200000,0.05770106562300059,0.05916015547589158
medium,fc,2,2.225000,0.05573959520743588,0.05706329548664664
medium,fc,2,2.250000,0.05386481566695345,0.05505278031492643
medium,fc,2,2.275000,0.05207191294904978,0.05312471503010885
medium,fc,2,2.300000,0.050356358225683406,0.0512753853925513
medium,fc,2,2.325000,0.04871389553573835,0.049501250098557395
medium,fc,2,2.350000,0.04714052894707588,0.047798933238089425
medium,fc,2,2.375000,0.04563250946554598,0.046165216977224074
medium,fc,2,2.400000,0.044186321880573365,0.044597034474109544
medium,fc,2,2.425000,0.04279867170331719,0.04309146303439602
medium,fc,2,2.450000,0.04146647232375944,0.04164571750968536
medium,fc,2,2.475000,0.0401868324871959,0.040257143940502574
medium,fc,2,2.500000,0.038957044168189014,0.038923213443524764
medium,fc,2,2.525000,0.03777457090080516,0.03764151634132921
medium,fc,2,2.550000,0.03663703660757367,0.036409756531684365
medium,fc,2,2.575000,0.035542214955777696,0.03522574609238472
medium,fc,2,2.600000,0.03448801925810907,0.034087400116785065
medium,fc,2,2.625000,0.03347249292513854,0.03299273177452561
medium,fc,2,2.650000,0.03249380046918693,0.03193984759139919
medium,fc,2,2.675000,0.031550219052832285,0.030926942941904803
medium,fc,2,2.700000,0.030640130570219637,0.029952297747731768
medium,fc,2,2.725000,0.029762014245394597,0.02901427237521226
medium,fc,2,2.750000,0.028914439728863983,0.02811130372463498
medium,fc,2,2.775000,0.028096060671389922,0.027241901504269916
medium,fc,2,2.800000,0.027305608752488997,0.026404644681927984
medium,fc,2,2.825000,0.02654188814013847,0.025598178106928483
medium,fc,2,2.850000,0.025803770357699207,0.024821209295431242
medium,fc,2,2.875000,0.025090189533945595,0.024072505372191445
medium,fc,2,2.900000,0.024400138012297456,0.023350890161948933
medium,fc,2,2.925000,0.023732662295793183,0.022655241423814636
medium,fc,2,2.950000,0.02308685930499632,0.02198448822219974
medium,fc,2,2.975000,0.022461872926826443,0.021337608428025324
medium,fc,2,3.000000,0.02185689083321507,0.020713626344142904
medium,fc,2,3.025000,0.021271141549486283,0.020111610449121096
medium,fc,2,3.050000,0.02070389175340437,0.019530671253741985
medium,fc,2,3.075000,0.020154443786911225,0.018969959264783273
medium,fc,2,3.100000,0.0196221333636587,0.01842866305087054
medium,fc,2,3.125000,0.019106327456530625,0.01790600740538857
medium,fc,2,3.150000,0.01860642235040877,0.01740125160166688
medium,fc,2,3.175000,0.018121841846477138,0.01691368773584563
medium,fc,2,3.200000,0.017652035605363325,0.016442639153041987
medium,fc,2,3.225000,0.017196477617372752,0.015987458952627043
medium,fc,2,3.250000,0.01675466478899168,0.01554752856862642
medium,fc,2,3.275000,0.01632611563570019,0.015122256421425359
medium,fc,2,3.300000,0.0159103690719532,0.014711076637163482
medium,fc,2,3.325000,0.015506983289956255,0.014313447831357885
medium,fc,2,3.350000,0.015115534719576829,0.013928851953473702
medium,fc,2,3.375000,0.014735617062399231,0.013556793189317143
medium,fc,2,3.400000,0.014366840393547187,0.013196796918281035
medium,fc,2,3.425000,0.014008830325468846,0.012848408722622606
medium,fc,2,3.450000,0.013661227228405903,0.012511193446095005
medium,fc,2,3.475000,0.013323685502745874,0.012184734299390572
medium,fc,2,3.500000,0.012995872898904248,0.011868632009980432
medium,fc,2,3.525000,0.012677469880781889,0.011562504014061415
medium,fc,2,3.550000,0.012368169029213893,0.011265983688439207
medium,fc,2,3.575000,0.012067674482158619,0.010978719620289117
medium,fc,2,3.600000,0.01177570140868145,0.010700374912838966
medium,fc,2,3.625000,0.011491975514061337,0.010430626525124654
medium,fc,2,3.650000,0.011216232573600271,0.010169164644067214
medium,fc,2,3.675000,0.01094821799293666,0.00991569208720407
medium,fc,2,3.700000,0.010687686392872764,0.009669923734501585
medium,fc,2,3.725000,0.010434401216904865,0.009431585987756015
medium,fc,2,3.750000,0.010188134359812584,0.009200416256170275
medium,fc,2,3.775000,0.009948665815813884,0.008976162466764602
medium,fc,2,3.800000,0.009715783344922069,0.008758582598353621
medium,fc,2,3.825000,0.009489282156266654,0.00854744423788731
medium,fc,2,3.850000,0.0092689646072448,0.008342524158018077
medium,fc,2,3.875000,0.009054639917469243,0.008143607914814084
medium,fc,2,3.900000,0.008846123896566915,0.007950489464597189
medium,fc,2,3.925000,0.008643238684958976,0.007762970798941056
medium,fc,2,3.950000,0.008445812506827521,0.007580861596905375
medium,fc,2,3.975000,0.008253679434535588,0.007403978893646075
medium,fc,2,4.000000,0.008066679163826529,0.0072321467645740005
medium,fc,2,4.025000,0.007884656799179934,0.0070651960242810626
medium,fc,2,4.050000,0.007707462648749552,0.00690296393950086
medium,fc,2,4.075000,0.007534952028350639,0.006745293955398438
medium,fc,2,4.100000,0.007366985074002241,0.00659203543452906
medium,fc,2,4.125000,0.007203426562566895,0.0064430434078363
medium,fc,2,4.150000,0.007044145740060737,0.006298178337093973
medium,fc,2,4.175000,0.006889016157235028,0.006157305888229191
medium,fc,2,4.200000,0.006737915512060044,0.006020296714986096
medium,fc,2,4.225000,0.006590725498762273,0.005887026252428785
medium,fc,2,4.250000,0.006447331663092082,0.005757374519800969
medium,fc,2,4.275000,0.006307623263514972,0.005631225932281169
medium,fc,2,4.300000,0.006171493138042994,0.005508469121209777
medium,fc,2,4.325000,0.006038837576435752,0.005388996762367058
medium,fc,2,4.350000,0.005909556197519761,0.005272705411922309
medium,fc,2,4.375000,0.0057835518313862355,0.005159495349679465
medium,fc,2,4.400000,0.005660730406244596,0.005049270429270179
medium,fc,2,4.425000,0.005541000839718313,0.004941937934961711
medium,fc,2,4.450000,0.005424274934382911,0.004837408444764286
medium,fc,2,4.475000,0.005310467277357733,0.004735595699538422
medium,fc,2,4.500000,0.005199495143770272,0.00463641647781682
medium,fc,2,4.525000,0.005091278403924759,0.004539790476073858
medium,fc,2,4.550000,0.004985739434012926,0.0044456401941804025
medium,fc,2,4.575000,0.004882803030214378,0.0043538908258078015
medium,fc,2,4.600000,0.00478239632604216,0.004264470153542824
medium,fc,2,4.625000,0.004684448712793721,0.004177308448501121
medium,fc,2,4.650000,0.00458889176297872,0.00409233837422035
medium,fc,2,4.675000,0.004495659156596776,0.004009494894645649
medium,fc,2,4.700000,0.004404686610148811,0.003928715186011864
medium,fc,2,4.725000,0.004315911808266515,0.003849938552444208
medium,fc,2,4.750000,0.004229274337854472,0.0037731063451085585
medium,fc,2,4.775000,0.004144715624641582,0.003698161884748136
medium,fc,2,4.800000,0.004062178872043631,0.0036250503874534
medium,fc,2,4.825000,0.003981609002245312,0.0035537188935180495
medium,fc,2,4.850000,0.003902952599410092,0.0034841161992384935
medium,fc,2,4.875000,0.0038261578549362296,0.003416192791532784
medium,fc,2,4.900000,0.003751174514674771,0.003349900785240403
medium,fc,2,4.925000,0.00367795382803493,0.0032851938629953315
medium,fc,2,4.950000,0.0036064484988997947,0.0032220272175482114
medium,fc,2,4.975000,0.003536612638284753,0.003160357496432501
medium,fc,2,5.000000,0.003468401718667913,0.0031001427488730796
medium,fc,2,5.025000,0.003401772529930791,0.0030413423748346722
medium,fc,2,5.050000,0.0033366831368440986,0.0029839170761159985
medium,fc,2,5.075000,0.0032730928380428903,0.0029278288094051505
medium,fc,2,5.100000,0.003210962126430461,0.0028730407412039653
medium,fc,2,5.125000,0.0031502526509606943,0.0028195172045440277
medium,fc,2,5.150000,0.0030909271797427973,0.002767223657416334
medium,fc,2,5.175000,0.003032949564422238,0.002716126642840039
medium,fc,2,5.200000,0.0029762847057869246,0.0026661937504989823
medium,fc,2,5.225000,0.002920898520554771,0.0026173935798797948
medium,fc,2,5.250000,0.0028667579092984674,0.00256969570484818
medium,fc,2,5.275000,0.0028138307254642614,0.002523070639600119
medium,fc,2,5.300000,0.0027620857454451198,0.002477489805931105
medium,fc,2,5.325000,0.0027114926396698547,0.0024329255017677574
medium,fc,2,5.350000,0.0026620219446701343,0.002389350870906149
medium,fc,2,5.375000,0.002613645036089407,0.0023467398739123713
medium,fc,2,5.400000,0.002566334102601542,0.002305067260127343
medium,fc,2,5.425000,0.0025200621207025486,0.0022643085407395933
medium,fc,2,5.450000,0.0024748028303479552,0.0022244399628739303
medium,fc,2,5.475000,0.002430530711401757,0.002185438484659717
medium,fc,2,5.500000,0.0023872209608700734,0.002147281751233332
medium,fc,2,5.525000,0.002344849470890531,0.00210994807163994
medium,fc,2,5.550000,0.0023033928074506216,0.002073416396598594
medium,fc,2,5.575000,0.0022628281898083857,0.002037666297088671
medium,fc,2,5.600000,0.002223133470591776,0.002002677943734377
medium,fc,2,5.625000,0.0021842871165520528,0.0019684320869470203
medium,fc,2,5.650000,0.0021462681899470093,0.001934910037795905
medium,fc,2,5.675000,0.0021090563305343757,0.0019020936495821128
medium,fc,2,5.700000,0.0020726317381517534,0.0018699653000843219
medium,fc,2,5.725000,0.0020369751558629856,0.0018385078744475162
medium,fc,2,5.750000,0.002002067853653089,0.001807704748695522
medium,fc,2,5.775000,0.0019678916126493196,0.0017775397738341902
medium,fc,2,5.800000,0.0019344287098533863,0.0017479972605298807
medium,fc,2,5.825000,0.0019016619033647153,0.0017190619643353434
medium,fc,2,5.850000,0.00186957441808,0.0016907190714431513
medium,fc,2,5.875000,0.0018381499318497196,0.0016629541849460688
medium,fc,2,5.900000,0.0018073725620795233,0.0016357533115849763
medium,fc,2,5.925000,0.0017772268527580515,0.0016091028489635777
medium,fc,2,5.950000,0.0017476977618982037,0.0015829895732162476
medium,fc,2,5.975000,0.0017187706493785315,0.0015574006271040614
medium,fc,2,6.000000,0.001690431265168213,0.0015323235085293945
medium,fc,5,0.000000,1.0,0.9999990149527557
medium,fc,5,0.025000,0.999552359550144,0.9995535545956326
medium,fc,5,0.050000,0.998211568834381,0.9982182550348954
medium,fc,5,0.075000,0.9959837681093286,0.9959963639857915
medium,fc,5,0.100000,0.9928786655186459,0.9928933046151531
medium,fc,5,0.125000,0.9889090984128805,0.988916689954814
medium,fc,5,0.150000,0.9840905988448547,0.9840763410260884
medium,fc,5,0.175000,0.978440955145306,0.9783843067201043
medium,fc,5,0.200000,0.9719797638787829,0.9718548830579382
medium,fc,5,0.225000,0.9647279723722739,0.9645046291303571
medium,fc,5,0.250000,0.9567074204275818,0.95635237680383
medium,fc,5,0.275000,0.9479403992760506,0.9474192311874634
medium,fc,5,0.300000,0.9384492546368566,0.9377285588901255
medium,fc,5,0.325000,0.9282560674498241,0.9273059612587633
medium,fc,5,0.350000,0.9173824494857363,0.9161792300730569
medium,fc,5,0.375000,0.9058494909710535,0.904378283568314
medium,fc,5,0.400000,0.8936778929371835,0.8919350811532322
medium,fc,5,0.425000,0.8808883070790279,0.8788835157629997
medium,fc,5,0.450000,0.8675018888515398,0.8652592834188174
medium,fc,5,0.475000,0.8535410439671386,0.8510997302275789
medium,fc,5,0.500000,0.8390303147482937,0.8364436777241008
medium,fc,5,0.525000,0.8239973147584656,0.8213312281068833
medium,fc,5,0.550000,0.808473586020831,0.8058035515220902
medium,fc,5,0.575000,0.792495234811765,0.789902658086808
medium,fc,5,0.600000,0.7761032118712058,0.7736711577926741
medium,fc,5,0.625000,0.7593431486823222,0.7571520117798487
medium,fc,5,0.650000,0.7422647408280724,0.7403882787090609
medium,fc,5,0.675000,0.7249207663033045,0.7234228600810844
medium,fc,5,0.700000,0.7073659129549258,0.7062982483585597
medium,fc,5,0.725000,0.6896556328352544,0.6890562816393245
medium,fc,5,0.750000,0.671845219102627,0.6717379084223036
medium,fc,5,0.775000,0.6539892119739718,0.6543829657089731
medium,fc,5,0.800000,0.6361411103322836,0.6370299733105577
medium,fc,5,0.825000,0.6183532417030001,0.6197159468002725
medium,fc,5,0.850000,0.600676574502635,0.6024762310788355
medium,fc,5,0.875000,0.5831602722545369,0.5853443560278541
medium,fc,5,0.900000,0.5658508856834145,0.5683519152265687
medium,fc,5,0.925000,0.5487912187081115,0.5515284682184035
medium,fc,5,0.950000,0.5320190357865814,0.5349014663486072
medium,fc,5,0.975000,0.515565854904888,0.5184962017644935
medium,fc,5,1.000000,0.49945607106624546,0.5023357787844921
medium,fc,5,1.025000,0.4837065869920629,0.4864411065080455
medium,fc,5,1.050000,0.46832701995286197,0.4708309112594444
medium,fc,5,1.075000,0.45332044221688106,0.45552176723692184
medium,fc,5,1.100000,0.4386845268528934,0.44052814357346226
medium,fc,5,1.125000,0.4244129255896998,0.42586246590588206
medium,fc,5,1.150000,0.4104967014255031,0.41153519049035014
medium,fc,5,1.175000,0.3969256657496374,0.3975548888910253
medium,fc,5,1.200000,0.3836895137843145,0.38392834129850273
medium,fc,5,1.225000,0.3707787000002909,0.370660636600358
medium,fc,5,1.250000,0.3581850374251222,0.3577552774211005
medium,fc,5,1.275000,0.3459020365584917,0.34521428846717805
medium,fc,5,1.300000,0.33392501981298406,0.3330383266483743
medium,fc,5,1.325000,0.32225105732669124,0.32122679159448314
medium,fc,5,1.350000,0.31087877210218406,0.30977793534049813
medium,fc,5,1.375000,0.2998080593525938,0.2986889701102368
medium,fc,5,1.400000,0.2890397589513294,0.2879561732835211
medium,fc,5,1.425000,0.27857531267972524,0.277574988782547
medium,fc,5,1.450000,0.2684164306634651,0.26754012425636026
medium,fc,5,1.475000,0.25856478463294363,0.25784564357642004
medium,fc,5,1.500000,0.24902173975208575,0.24848505427970202
medium,fc,5,1.525000,0.23978813184132153,0.2394513897077521
medium,fc,5,1.550000,0.23086409286040077,0.2307372856900662
medium,fc,5,1.575000,0.22224892444236444,0.2223350517080542
medium,fc,5,1.600000,0.21394101698281254,0.2142367365518528
medium,fc,5,1.625000,0.20593781018302715,0.20643418854680623
medium,fc,5,1.650000,0.1982357899174435,0.198919110480207
medium,fc,5,1.675000,0.1908305157460468,0.19168310940259609
medium,fc,5,1.700000,0.18371667322764373,0.1847177415124742
medium,fc,5,1.725000,0.17688814532483288,0.17801455235952063
medium,fc,5,1.750000,0.1703380975481834,0.1715651126203154
medium,fc,5,1.775000,0.16405907199675918,0.16536104971299231
medium,fc,5,1.800000,0.15804308605530104,0.15939407552411586
medium,fc,5,1.825000,0.15228173215562402,0.1536560105231757
medium,fc,5,1.850000,0.14676627566147993,0.14813880453823608
medium,fc,5,1.875000,0.14148774856209556,0.14283455446115373
medium,fc,5,1.900000,0.13643703723833855,0.13773551914301999
medium,fc,5,1.925000,0.1316049630830829,0.13283413173068498
medium,fc,5,1.950000,0.12698235520637724,0.12812300968388157
medium,fc,5,1.975000,0.12256011483415197,0.12359496270000238
medium,fc,5,2.000000,0.118329271317975,0.11924299876040963
medium,fc,5,2.025000,0.11428102991721645,0.11506032849854929
medium,fc,5,2.050000,0.11040681170006139,0.11104036807640862
medium,fc,5,2.075000,0.1066982860433342,0.10717674074218457
medium,fc,5,2.100000,0.10314739630063752,0.10346327722860513
medium,fc,5,2.125000,0.09974637926131813,0.09989401513832925
medium,fc,5,2.150000,0.09648777904626848,0.09646319745030717
medium,fc,5,2.175000,0.09336445608694832,0.09316527026902503
medium,fc,5,2.200000,0.09036959181684112,0.08999487992723759
medium,fc,5,2.225000,0.08749668967467494,0.08694686954211561
medium,fc,5,2.250000,0.0847395729801409,0.0840162751147613
medium,fc,5,2.275000,0.08209238019878884,0.08119832125375193
medium,fc,5,2.300000,0.07954955806590425,0.07848841659474731
medium,fc,5,2.325000,0.07710585299144679,0.07588214898026313
medium,fc,5,2.350000,0.07475630112110321,0.07337528045640314
medium,fc,5,2.375000,0.07249621738324707,0.0709637421366524
medium,fc,5,2.400000,0.07032118380886798,0.06864362897674837
medium,fc,5,2.425000,0.06822703737180413,0.06641119449909502
medium,fc,5,2.450000,0.0662098575601503,0.06426284550016602
medium,fc,5,2.475000,0.06426595385662748,0.06219513676981234
medium,fc,5,2.500000,0.06239185327596175,0.060204765847302694
medium,fc,5,2.525000,0.060584288080831494,0.05828856783526772
medium,fc,5,2.550000,0.058840183774546584,0.05644351028943357
medium,fc,5,2.575000,0.05715664744810389,0.05466668819911841
medium,fc,5,2.600000,0.05553095654142581,0.05295531907085509
medium,fc,5,2.625000,0.05396054806317596,0.05130673812520908
medium,fc,5,2.650000,0.052443008300350424,0.04971839361481907
medium,fc,5,2.675000,0.05097606303763136,0.048187842269903004
medium,fc,5,2.700000,0.049557568297051935,0.046712744875897896
medium,fc,5,2.725000,0.04818550160065471,0.045290861986530255
medium,fc,5,2.750000,0.046857953752353354,0.04392004977442389
medium,fc,5,2.775000,0.04557312112994705,0.04259825602031256
medium,fc,5,2.800000,0.044329298474045986,0.04132351624104625
medium,fc,5,2.825000,0.04312487215739047,0.04009394995580804
medium,fc,5,2.850000,0.04195831391557314,0.03890775708931617
medium,fc,5,2.875000,0.040828175018377655,0.037763214510238105
medium,fc,5,2.900000,0.03973308085973071,0.036658672702594416
medium,fc,5,2.925000,0.03867172594354107,0.03559255256754023
medium,fc,5,2.950000,0.03764286924238103,0.034563342352615975
medium,fc,5,2.975000,0.03664532990598979,0.03356959470530945
medium,fc,5,3.000000,0.035677983296876326,0.03260992384757856
medium,fc,5,3.025000,0.03473975733081991,0.03168300286784069
medium,fc,5,3.050000,0.03382962910076248,0.030787561126827977
medium,fc,5,3.075000,0.032946621763420114,0.02992238177364323
medium,fc,5,3.100000,0.03208980166886222,0.02908629936830695
medium,fc,5,3.125000,0.03125827571431172,0.028278197607078143
medium,fc,5,3.150000,0.03045118890445464,0.02749700714683811
medium,fc,5,3.175000,0.02966772210161195,0.02674170352486146
medium,fc,5,3.200000,0.028907089950189424,0.026011305170332698
medium,fc,5,3.225000,0.028168538960879563,0.025304871504035504
medium,fc,5,3.250000,0.027451345741118516,0.024621501122705596
medium,fc,5,3.275000,0.02675481535930646,0.02396033006461559
medium,fc,5,3.300000,0.026078279831256657,0.02332053015304608
medium,fc,5,3.325000,0.025421096718259317,0.022701307414390606
medium,fc,5,3.350000,0.024782647827019555,0.022101900567731217
medium,fc,5,3.375000,0.024162338002542083,0.02152157958282148
medium,fc,5,3.400000,0.023559594005811868,0.020959644303520642
medium,fc,5,3.425000,0.022973863468832012,0.020415423133807592
medium,fc,5,3.450000,0.022404613920252725,0.019888271783622076
medium,fc,5,3.475000,0.021851331875434088,0.019377572071868618
medium,fc,5,3.500000,0.021313521985364403,0.018882730784027312
medium,fc,5,3.525000,0.02079070623936885,0.01840317858190917
medium,fc,5,3.550000,0.020282423217029333,0.017938368963193514
medium,fc,5,3.575000,0.019788227385166834,0.017487777268482583
medium,fc,5,3.600000,0.019307688436142945,0.017050899733695963
medium,fc,5,3.625000,0.018840390664090267,0.01662725258572584
medium,fc,5,3.650000,0.018385932376017933,0.01621637117935688
medium,fc,5,3.675000,0.017943925335026756,0.015817809173541454
medium,fc,5,3.700000,0.01751399423314204,0.015431137745210538
medium,fc,5,3.725000,0.017095776191509704,0.015055944838867765
medium,fc,5,3.750000,0.016688920285919284,0.014691834450308115
medium,fc,5,3.775000,0.016293087095813008,0.014338425942863312
medium,fc,5,3.800000,0.015907948275113326,0.013995353394657682
medium,fc,5,3.825000,0.015533186143359967,0.013662264975421378
medium,fc,5,3.850000,0.015168493295785068,0.013338822351480577
medium,fc,5,3.875000,0.014813572231086036,0.0130247001176001
medium,fc,5,3.900000,0.014468134995761495,0.012719585254425991
medium,fc,5,3.925000,0.01413190284398147,0.012423176610320625
medium,fc,5,3.950000,0.013804605912051349,0.012135184406454037
medium,fc,5,3.975000,0.013485982906609628,0.011855329764055456
medium,fc,5,4.000000,0.013175780805770976,0.011583344252793145
medium,fc,5,4.025000,0.012873754572492957,0.011318969459285231
medium,fc,5,4.050000,0.01257966687949974,0.011061956574806305
medium,fc,5,4.075000,0.01229328784515027,0.010812066001288487
medium,fc,5,4.100000,0.012014394779685467,0.010569066974763647
medium,fc,5,4.125000,0.011742771941327446,0.010332737205431649
medium,fc,5,4.150000,0.011478210301746561,0.010102862533580738
medium,fc,5,4.175000,0.011220507320442108,0.009879236600621332
medium,fc,5,4.200000,0.010969466727616228,0.009661660534531725
medium,fc,5,4.225000,0.010724898315146447,0.009449942649044966
medium,fc,5,4.250000,0.01048661773528814,0.009243898155941826
medium,fc,5,4.275000,0.010254446306763643,0.00904334888984183
medium,fc,5,4.300000,0.010028210827910722,0.008848123044917012
medium,fc,5,4.325000,0.009807743396588853,0.00865805492297805
medium,fc,5,4.350000,0.009592881236552886,0.008472984692407837
medium,fc,5,4.375000,0.009383466530025197,0.008292758157448845
medium,fc,5,4.400000,0.009179346256207754,0.008117226537362866
medium,fc,5,4.425000,0.0089803720354944,0.007946246255021595
medium,fc,5,4.450000,0.00878639997915076,0.007779678734485535
medium,fc,5,4.475000,0.00859729054424474,0.007617390207175521
medium,fc,5,4.500000,0.008412908393620744,0.00745925152623505
medium,fc,5,4.525000,0.008233122260719927,0.007305137988719207
medium,fc,5,4.550000,0.0080578048190596,0.007154929165255192
medium,fc,5,4.575000,0.007886832556191714,0.007008508736834862
medium,fc,5,4.600000,0.0077200856519719085,0.006865764338424728
medium,fc,5,4.625000,0.007557447860975008,0.006726587409077422
medium,fc,5,4.650000,0.007398806398902447,0.006590873048268464
medium,fc,5,4.675000,0.007244051832832388,0.0064585198781628465
medium,fc,5,4.700000,0.007093077975171003,0.006329429911565912
medium,fc,5,4.725000,0.006945781781170113,0.006203508425289461
medium,fc,5,4.750000,0.006802063249878643,0.006080663838708088
medium,fc,5,4.775000,0.006661825328405313,0.005960807597265741
medium,fc,5,4.800000,0.006524973819372448,0.005843854060718774
medium,fc,5,4.825000,0.006391417291446433,0.005729720395912886
medium,fc,5,4.850000,0.006261066992834241,0.005618326473881569
medium,fc,5,4.875000,0.006133836767642009,0.0055095947710962845
medium,fc,5,4.900000,0.006009642974992624,0.005403450274670497
medium,fc,5,4.925000,0.005888404410806625,0.005299820391357137
medium,fc,5,4.950000,0.005770042232152384,0.00519863486017101
medium,fc,5,4.975000,0.005654479884074415,0.005099825668480255
medium,fc,5,5.000000,0.005541643028816656,0.005003326971419181
medium,fc,5,5.025000,0.005431459477353795,0.004909075014477372
medium,fc,5,5.050000,0.005323859123154029,0.004817008059132411
medium,fc,5,5.075000,0.005218773878094107,0.004727066311396233
medium,fc,5,5.100000,0.005116137610454152,0.004639191853146637
medium,fc,5,5.125000,0.005015886084920096,0.004553328576135116
medium,fc,5,5.150000,0.004917956904525345,0.004469422118547324
medium,fc,5,5.175000,0.004822289454466389,0.0043874198040178055
medium,fc,5,5.200000,0.004728824847727631,0.0043072705829917705
medium,fc,5,5.225000,0.004637505872453929,0.004228924976334929
medium,fc,5,5.250000,0.004548276941014118,0.004152335021101629
medium,fc,5,5.275000,0.004461084040694785,0.004077454218365142
medium,fc,5,5.300000,0.00437587468597278,0.0040042374830345975
medium,fc,5,5.325000,0.004292597872311954,0.003932641095565119
medium,fc,5,5.350000,0.004211204031433047,0.003862622655491328
medium,fc,5,5.375000,0.0041316449880074435,0.0037941410367080836
medium,fc,5,5.400000,0.004053873917728601,0.003727156344421023
medium,fc,5,5.425000,0.00397784530671319,0.003661629873710311
medium,fc,5,5.450000,0.003903514912189321,0.0035975240696294233
medium,fc,5,5.475000,0.0038308397244291026,0.003534802488785088
medium,fc,5,5.500000,0.0037597779298834677,0.00347342976233753
medium,fc,5,5.525000,0.0036902888754799523,0.0034133715603585552
medium,fc,5,5.550000,0.0036223330340457993,0.003354594557501852
medium,fc,5,5.575000,0.003555871970818081,0.003297066399923296
medium,fc,5,5.600000,0.003490868311005757,0.0032407556734100657
medium,fc,5,5.625000,0.0034272857083696984,0.0031856318726634857
medium,fc,5,5.650000,0.0033650888147861435,0.003131665371696122
medium,fc,5,5.675000,0.003304243250761618,0.003078827395293707
medium,fc,5,5.700000,0.0032447155768697833,0.003027089991503894
medium,fc,5,5.725000,0.003186473266077683,0.0029764260051096687
medium,fc,5,5.750000,0.003129484676934413,0.0029268090520475788
medium,fc,5,5.775000,0.0030737190275931248,0.002878213494739797
medium,fc,5,5.800000,0.0030191463706394916,0.002830614418296118
medium,fc,5,5.825000,0.002965737568700888,0.00278398760755835
medium,fc,5,5.850000,0.0029134642708097402,0.002738309524953898
medium,fc,5,5.875000,0.002862298889499182,0.00269355728912338
medium,fc,5,5.900000,0.002812214578603811,0.002649708654298654
medium,fc,5,5.925000,0.002763185211746011,0.0026067419903964785
medium,fc,5,5.950000,0.0027151853614836297,0.0025646362638050363
medium,fc,5,5.975000,0.0026681902790991474,0.0025233710188360442
medium,fc,5,6.000000,0.002622175875008681,0.002482926359813787
shallow,fx,,0.000000,1.0,1.0
shallow,fx,,0.025000,1.0001408074055764,1.0001371734503082
shallow,fx,,0.050000,1.000562545947222,1.0005484131007953
shallow,fx,,0.075000,1.0012632804933312,1.0012328782849313
shallow,fx,,0.100000,1.0022400275398555,1.002189172660767
shallow,fx,,0.125000,1.0034889523557862,1.0034153513166864
shallow,fx,,0.150000,1.0050055527791135,1.0049089306249135
shallow,fx,,0.175000,1.0067848264050216,1.0066669007499534
shallow,fx,,0.200000,1.0088214185509918,1.0086857406950527
shallow,fx,,0.225000,1.0111097490475793,1.010961435747421
shallow,fx,,0.250000,1.0136441165661434,1.0134894971626558
shallow,fx,,0.275000,1.0164187798381936,1.0162649839108355
shallow,fx,,0.300000,1.0194280157335145,1.0192825262913066
shallow,fx,,0.325000,1.022666154739452,1.022536351210436
shallow,fx,,0.350000,1.0261275949198112,1.0260203089066646
shallow,fx,,0.375000,1.0298067959300314,1.0297279009001115
shallow,fx,,0.400000,1.0336982551282574,1.0336523089397605
shallow,fx,,0.425000,1.0377964682518428,1.0377864247198565
shallow,fx,,0.450000,1.042095877525567,1.0421228801384386
shallow,fx,,0.475000,1.0465908104275568,1.0466540778748243
shallow,fx,,0.500000,1.0512754126527246,1.0513722220691275
shallow,fx,,0.525000,1.056143579067223,1.056269348895353
shallow,fx,,0.550000,1.0611888866214945,1.061337356830009
shallow,fx,,0.575000,1.066404533260338,1.0665680364302768
shallow,fx,,0.600000,1.0717832868101733,1.0719530994492863
shallow,fx,,0.625000,1.0773174476109673,1.0774842071307018
shallow,fx,,0.650000,1.0829988282716554,1.0831529975403624
shallow,fx,,0.675000,1.0888187533495135,1.0889511118088369
shallow,fx,,0.700000,1.0947680809834355,1.0948702191752313
shallow,fx,,0.725000,1.1008372475608335,1.1009020407391494
shallow,fx,,0.750000,1.107016335397143,1.1070383718441337
shallow,fx,,0.775000,1.1132951622027207,1.1132711030320084
shallow,fx,,0.800000,1.1196633898677126,1.119592239523111
shallow,fx,,0.825000,1.1261106488878037,1.1259939191922888
shallow,fx,,0.850000,1.1326266736669723,1.1324684290245925
shallow,fx,,0.875000,1.1392014430524207,1.139008220047757
shallow,fx,,0.900000,1.1458253198592476,1.1456059207506675
shallow,fx,,0.925000,1.1524891828901451,1.152254349008086
shallow,fx,,0.950000,1.159184545087472,1.1589465225418367
shallow,fx,,0.975000,1.1659036519823147,1.1656756679574736
shallow,fx,,1.000000,1.1726395555073876,1.172435228403129
shallow,fx,,1.025000,1.179386159467106,1.1792188699038115
shallow,fx,,1.050000,1.186138234431058,1.1860204864298936
shallow,fx,,1.075000,1.1928914014379475,1.192834203762979
shallow,fx,,1.100000,1.199642085555366,1.1996543822257886
shallow,fx,,1.125000,1.2063874419233556,1.2064756183452223
shallow,fx,,1.150000,1.2131252583110113,1.2132927455194251
shallow,fx,,1.175000,1.2198538393455902,1.220100833760554
shallow,fx,,1.200000,1.2265718783662336,1.2268951885850992
shallow,fx,,1.225000,1.2332783232703894,1.2336713491231373
shallow,fx,,1.250000,1.2399722427507478,1.2404250855168273
shallow,fx,,1.275000,1.2466526989827256,1.2471523956769321
shallow,fx,,1.300000,1.2533186321611236,1.2538495014641662
shallow,fx,,1.325000,1.2599687613631225,1.2605128443598486
shallow,fx,,1.350000,1.2666015051101833,1.2671390806877225
shallow,fx,,1.375000,1.2732149237966905,1.2737250764459462
shallow,fx,,1.400000,1.2798066849307095,1.2802679018052352
shallow,fx,,1.425000,1.2863740509674997,1.2867648253259727
shallow,fx,,1.450000,1.29291388847324,1.2932133079438641
shallow,fx,,1.475000,1.299422696483434,1.2996109967704328
shallow,fx,,1.500000,1.305896651249465,1.3059557187513589
shallow,fx,,1.525000,1.3123316641125955,1.3122454742224083
shallow,fx,,1.550000,1.3187234490062405,1.3184784303994812
shallow,fx,,1.575000,1.325067596050076,1.3246529148361825
shallow,fx,,1.600000,1.3313596478383356,1.330767408879276
shallow,fx,,1.625000,1.3375951753072255,1.3368205411494571
shallow,fx,,1.650000,1.3437698504566729,1.3428110810720784
shallow,fx,,1.675000,1.3498795136627728,1.3487379324797883
shallow,fx,,1.700000,1.3559202338144485,1.3546001273065218
shallow,fx,,1.725000,1.361888360009802,1.360396819389886
shallow,fx,,1.750000,1.3677805640286305,1.3661272783967613
shallow,fx,,1.775000,1.3735938732374904,1.3717908838848296
shallow,fx,,1.800000,1.37932569396855,1.3773871195108214
shallow,fx,,1.825000,1.3849738257348576,1.3829155673944546
shallow,fx,,1.850000,1.3905364668992604,1.3883759026453952
shallow,fx,,1.875000,1.396012212602848,1.3937678880590432
shallow,fx,,1.900000,1.4014000458854783,1.3990913689855675
shallow,fx,,1.925000,1.4066993230020142,1.4043462683753405
shallow,fx,,1.950000,1.41190975396108,1.4095325820027964
shallow,fx,,1.975000,1.4170313792967857,1.4146503738697032
shallow,fx,,2.000000,1.4220645440364694,1.4196997717879212
shallow,fx,,2.025000,1.4270098697569942,1.4246809631409094
shallow,fx,,2.050000,1.4318682255359028,1.4295941908225116
shallow,fx,,2.075000,1.4366406985080378,1.4344397493509262
shallow,fx,,2.100000,1.4413285646384757,1.4392179811552137
shallow,fx,,2.125000,1.4459332602230726,1.4439292730312083
shallow,fx,,2.150000,1.4504563545319051,1.4485740527633122
shallow,fx,,2.175000,1.454899523920838,1.4531527859082907
shallow,fx,,2.200000,1.4592645276540037,1.4576659727369123
shallow,fx,,2.225000,1.4635531856061472,1.4621141453290472
shallow,fx,,2.250000,1.4677673579489805,1.4664978648176454
shallow,fx,,2.275000,1.4719089268700263,1.470817718776893
shallow,fx,,2.300000,1.4759797803255175,1.475074318749721
shallow,fx,,2.325000,1.4799817977903764,1.479268297909802
shallow,fx,,2.350000,1.4839168379373728,1.483400308853113
shallow,fx,,2.375000,1.4877867281535724,1.4874710215141502
shallow,fx,,2.400000,1.491593255784344,1.491481121201892
shallow,fx,,2.425000,1.4953381609827037,1.4954313067506453
shallow,fx,,2.450000,1.4990231310338824,1.4993222887809725
shallow,fx,,2.475000,1.5026497960210188,1.5031547880659621
shallow,fx,,2.500000,1.5062197256970968,1.5069295339981974
shallow,fx,,2.525000,1.509734427430124,1.5106472631528727
shallow,fx,,2.550000,1.5131953450924842,1.514308717942618
shallow,fx,,2.575000,1.5166038587709867,1.5179146453597039
shallow,fx,,2.600000,1.5199612851809168,1.5214657958014208
shallow,fx,,2.625000,1.52326887867503,1.5249629219745588
shallow,fx,,2.650000,1.5265278327466423,1.5284067778750356
shallow,fx,,2.675000,1.5297392819344615,1.5317981178388593
shallow,fx,,2.700000,1.5329043040454127,1.5351376956607474
shallow,fx,,2.725000,1.5360239226202297,1.538426263776851
shallow,fx,,2.750000,1.5390991095748998,1.5416645725081797
shallow,fx,,2.775000,1.5421307879590505,1.5448533693614435
shallow,fx,,2.800000,1.5451198347799522,1.5479933983841754
shallow,fx,,2.825000,1.5480670838479709,1.5510853995711167
shallow,fx,,2.850000,1.5509733286059344,1.5541301083189827
shallow,fx,,2.875000,1.553839324911004,1.5571282549268526
shallow,fx,,2.900000,1.5566657937432415,1.5600805641395499
shallow,fx,,2.925000,1.5594534238201159,1.562987754731498
shallow,fx,,2.950000,1.5622028741007385,1.5658505391286572
shallow,fx,,2.975000,1.5649147761676425,1.5686696230662598
shallow,fx,,3.000000,1.56758973647748,1.5714457052801694
shallow,fx,,3.025000,1.570228338475099,1.5741794772298021
shallow,fx,,3.050000,1.572831144568123,1.5768716228506432
shallow,fx,,3.075000,1.5753986979614278,1.5795228183344976
shallow,fx,,3.100000,1.5779315243528063,1.5821337319357038
shallow,fx,,3.125000,1.5804301334926822,1.5847050238016365
shallow,fx,,3.150000,1.5828950206120047,1.587237345825908
shallow,fx,,3.175000,1.585326667723447,1.5897313415227634
shallow,fx,,3.200000,1.5877255448018095,1.592187645921248
shallow,fx,,3.225000,1.590092110850059,1.5946068854777975
shallow,fx,,3.250000,1.592426814857829,1.5969896780059818
shallow,fx,,3.275000,1.5947300966594076,1.5993366326221994
shallow,fx,,3.300000,1.5970023876983226,1.601648349706187
shallow,fx,,3.325000,1.5992441117056224,1.6039254208752762
shallow,fx,,3.350000,1.6014556852988047,1.6061684289713845
shallow,fx,,3.375000,1.603637518508179,1.6083779480597964
shallow,fx,,3.400000,1.6057900152371862,1.6105545434388309
shallow,fx,,3.425000,1.6079135736628993,1.6126987716595576
shallow,fx,,3.450000,1.6100085865826212,1.6148111805547691
shallow,fx,,3.475000,1.6120754417121226,1.6168923092764607
shallow,fx,,3.500000,1.6141145219407245,1.6189426883411182
shallow,fx,,3.525000,1.61612620554805,1.6209628396821578
shallow,fx,,3.550000,1.6181108663869048,1.622953276708899
shallow,fx,,3.575000,1.620068874036398,1.6249145043714908
shallow,fx,,3.600000,1.622000593929046,1.6268470192312494
shallow,fx,,3.625000,1.6239063874552824,1.6287513095359003
shallow,fx,,3.650000,1.6257866120484705,1.630627855299244
shallow,fx,,3.675000,1.627641621253201,1.632477128384804
shallow,fx,,3.700000,1.629471764779391,1.6342995925930408
shallow,fx,,3.725000,1.631277388544414,1.6360957037517374
shallow,fx,,3.750000,1.6330588347052595,1.6378659098091999
shallow,fx,,3.775000,1.6348164416824758,1.6396106509299275
shallow,fx,,3.800000,1.6365505441774615,1.641330359592442
shallow,fx,,3.825000,1.6382614731844527,1.6430254606889751
shallow,fx,,3.850000,1.6399495559984039,1.6446963716267469
shallow,fx,,3.875000,1.6416151162197867,1.6463435024305744
shallow,fx,,3.900000,1.6432584737571925,1.6479672558465768
shallow,fx,,3.925000,1.644879944828502,1.6495680274467555
shallow,fx,,3.950000,1.646479841961266,1.651146205734246
shallow,fx,,3.975000,1.6480584739928372,1.6527021722490547
shallow,fx,,4.000000,1.6496161460707157,1.654236301674099
shallow,fx,,4.025000,1.651153159653472,1.6557489619413992
shallow,fx,,4.050000,1.6526698125125632,1.6572405143382634
shallow,fx,,4.075000,1.6541663987352793,1.6587113136133356
shallow,fx,,4.100000,1.6556432087290125,1.6601617080823763
shallow,fx,,4.125000,1.657100529226994,1.6615920397336599
shallow,fx,,4.150000,1.6585386432956088,1.663002644332885
shallow,fx,,4.175000,1.6599578303433469,1.6643938515274967
shallow,fx,,4.200000,1.6613583661314477,1.6657659849503361
shallow,fx,,4.225000,1.6627405227862468,1.6671193623225302
shallow,fx,,4.250000,1.6641045688132208,1.668454295555556
shallow,fx,,4.275000,1.6654507691127203,1.6697710908524037
shallow,fx,,4.300000,1.6667793849973396,1.6710700488077885
shallow,fx,,4.325000,1.6680906742108965,1.672351464507346
shallow,fx,,4.350000,1.6693848909489544,1.6736156276257725
shallow,fx,,4.375000,1.6706622858808244,1.6748628225238602
shallow,fx,,4.400000,1.6719231061729911,1.6760933283443924
shallow,fx,,4.425000,1.673167595513874,1.6773074191068635
shallow,fx,,4.450000,1.6743959941398672,1.6785053638009961
shallow,fx,,4.475000,1.675608538862564,1.6796874264790258
shallow,fx,,4.500000,1.6768054630971037,1.6808538663467358
shallow,fx,,4.525000,1.6779869968915557,1.682004937853222
shallow,fx,,4.550000,1.6791533669572651,1.6831408907793708
shallow,fx,,4.575000,1.6803047967000873,1.6842619703250405
shallow,fx,,4.600000,1.6814415062524315,1.685368417194935
shallow,fx,,4.625000,1.6825637125060524,1.6864604676831623
shallow,fx,,4.650000,1.6836716291455054,1.687538353756474
shallow,fx,,4.675000,1.6847654666822072,1.6886023031361845
shallow,fx,,4.700000,1.685845432489037,1.6896525393787643
shallow,fx,,4.725000,1.6869117308354082,1.6906892819551151
shallow,fx,,4.750000,1.6879645629227593,1.691712746328525
shallow,fx,,4.775000,1.6890041269203984,1.69272314403131
shallow,fx,,4.800000,1.6900306180016555,1.6937206827401463
shallow,fx,,4.825000,1.6910442283802811,1.6947055663501032
shallow,fx,,4.850000,1.6920451473470504,1.695677995047382
shallow,fx,,4.875000,1.6930335613065217,1.6966381653807714
shallow,fx,,4.900000,1.6940096538139056,1.6975862703318307
shallow,fx,,4.925000,1.6949736056120024,1.6985224993838095
shallow,fx,,4.950000,1.6959255946681757,1.6994470385893194
shallow,fx,,4.975000,1.6968657962113156,1.7003600706367672
shallow,fx,,5.000000,1.69779438276876,1.701261774915565
shallow,fx,,5.025000,1.6987115242031494,1.7021523275801298
shallow,fx,,5.050000,1.6996173877491751,1.7030319016126885
shallow,fx,,5.075000,1.7005121380501973,1.7039006668849015
shallow,fx,,5.100000,1.7013959371947083,1.7047587902183228
shallow,fx,,5.125000,1.7022689447526136,1.7056064354437073
shallow,fx,,5.150000,1.7031313178113117,1.7064437634591885
shallow,fx,,5.175000,1.703983211011548,1.7072709322873345
shallow,fx,,5.200000,1.7048247765830287,1.708088097131107
shallow,fx,,5.225000,1.7056561643797716,1.7088954104287313
shallow,fx,,5.250000,1.7064775219151844,1.7096930219075017
shallow,fx,,5.275000,1.707288994396847,1.7104810786365339
shallow,fx,,5.300000,1.7080907247609949,1.711259725078483
shallow,fx,,5.325000,1.7088828537066814,1.7120291031402441
shallow,fx,,5.350000,1.709665519729617,1.7127893522226525
shallow,fx,,5.375000,1.7104388591556658,1.7135406092691985
shallow,fx,,5.400000,1.711203006174003,1.714283008813776
shallow,fx,,5.425000,1.7119580928699105,1.7150166830274802
shallow,fx,,5.450000,1.712704249257219,1.7157417617644724
shallow,fx,,5.475000,1.7134416033103776,1.7164583726069251
shallow,fx,,5.500000,1.7141702809961534,1.7171666409090691
shallow,fx,,5.525000,1.7148904063049553,1.717866689840354
shallow,fx,,5.550000,1.7156021012817761,1.7185586404277413
shallow,fx,,5.575000,1.7163054860567502,1.7192426115971444
shallow,fx,,5.600000,1.7170006788753271,1.719918720214034
shallow,fx,,5.625000,1.717687796128055,1.7205870811232205
shallow,fx,,5.650000,1.7183669523799767,1.721247807187832
shallow,fx,,5.675000,1.7190382603996337,1.7219010093275047
shallow,fx,,5.700000,1.7197018311876806,1.7225467965557948
shallow,fx,,5.725000,1.720357774005108,1.7231852760168345
shallow,fx,,5.750000,1.721006196401076,1.7238165530212408
shallow,fx,,5.775000,1.7216472042403574,1.7244407310812953
shallow,fx,,5.800000,1.722280901730394,1.725057911945408
shallow,fx,,5.825000,1.7229073914479636,1.7256681956318787
shallow,fx,,5.850000,1.7235267743654652,1.7262716804619718
shallow,fx,,5.875000,1.7241391498768175,1.7268684630923166
shallow,fx,,5.900000,1.7247446158229809,1.727458638546647
shallow,fx,,5.925000,1.725343268517097,1.7280423002468948
shallow,fx,,5.950000,1.725935202769255,1.728619540043648
shallow,fx,,5.975000,1.7265205119108864,1.7291904482459888
shallow,fx,,6.000000,1.727099287818787,1.7297551136507232
shallow,fc,0.5,0.000000,1.0,0.9999961712608588
shallow,fc,0.5,0.025000,0.998468596586067,0.9983586646344352
shallow,fc,0.5,0.050000,0.9938851337168246,0.9934854371990305
shallow,fc,0.5,0.075000,0.9862889217455454,0.9854913576191164
shallow,fc,0.5,0.100000,0.9757597616863191,0.9745583236306017
shallow,fc,0.5,0.125000,0.9624282536419366,0.9609224860044977
shallow,fc,0.5,0.150000,0.9464830207176357,0.9448590526338713
shallow,fc,0.5,0.175000,0.9281734390665032,0.9266665678644719
shallow,fc,0.5,0.200000,0.9078065403415058,0.906652287270015
shallow,fc,0.5,0.225000,0.8857371435668493,0.8851197735940066
shallow,fc,0.5,0.250000,0.8623510034691445,0.8623592877190294
shallow,fc,0.5,0.275000,0.8380417762656693,0.838641066508284
shallow,fc,0.5,0.300000,0.8131837605919264,0.8142112349444125
shallow,fc,0.5,0.325000,0.7881034751646652,0.7892899055662282
shallow,fc,0.5,0.350000,0.7630539964269812,0.7640709501109981
shallow,fc,0.5,0.375000,0.7381964688046607,0.738722947888542
shallow,fc,0.5,0.400000,0.7135932457771255,0.7133908845188547
shallow,fc,0.5,0.425000,0.6892166236013034,0.6881982632946789
shallow,fc,0.5,0.450000,0.6649758188141587,0.663249379897375
shallow,fc,0.5,0.475000,0.6407621554854919,0.6386315887919551
shallow,fc,0.5,0.500000,0.6165076273793912,0.614417452116793
shallow,fc,0.5,0.525000,0.5922447395899703,0.5906667090105318
shallow,fc,0.5,0.550000,0.5681470759267714,0.5674280368849434
shallow,fc,0.5,0.575000,0.5445247194165943,0.5447405987383155
shallow,fc,0.5,0.600000,0.521754122109596,0.5226353848308631
shallow,fc,0.5,0.625000,0.5001457788253421,0.5011363652156074
shallow,fc,0.5,0.650000,0.47979404288991967,0.4802614735958944
shallow,fc,0.5,0.675000,0.4604922718209916,0.46002344418289265
shallow,fc,0.5,0.700000,0.4417954561203412,0.4404305226879344
shallow,fc,0.5,0.725000,0.4232399888391518,0.4214870710332323
shallow,fc,0.5,0.750000,0.40460973783702314,0.4031940832949596
shallow,fc,0.5,0.775000,0.38606873674138487,0.38554962812948085
shallow,fc,0.5,0.800000,0.36805760405483057,0.36854923068108175
shallow,fc,0.5,0.825000,0.35102982462719345,0.35218620484951263
shallow,fc,0.5,0.850000,0.3352181212871923,0.3364519448742073
shallow,fc,0.5,0.875000,0.32056703066456893,0.3213361834989273
shallow,fc,0.5,0.900000,0.3068213990569778,0.306827222522449
shallow,fc,0.5,0.925000,0.29366993280733356,0.2929121403100752
shallow,fc,0.5,0.950000,0.28085831863270727,0.2795769798212084
shallow,fc,0.5,0.975000,0.2682439294300112,0.2668069198795077
shallow,fc,0.5,1.000000,0.2558004907608912,0.25458643175180856
shallow,fc,0.5,1.025000,0.24359120886743235,0.24289942258726716
shallow,fc,0.5,1.050000,0.231728750522469,0.23172936687701973
shallow,fc,0.5,1.075000,0.22033675810300646,0.22105942680628568
shallow,fc,0.5,1.100000,0.20952160641268014,0.21087256216631964
shallow,fc,0.5,1.125000,0.1993569653773679,0.20115163035586586
shallow,fc,0.5,1.150000,0.18987943853231037,0.1918794769158274
shallow,fc,0.5,1.175000,0.1810916801531126,0.18303901699379402
shallow,fc,0.5,1.200000,0.17296936937424734,0.1746133081159656
shallow,fc,0.5,1.225000,0.16546930752646116,0.16658561464383392
shallow,fc,0.5,1.250000,0.15853697601443728,0.15893946430447428
shallow,fc,0.5,1.275000,0.15211276784417693,0.15165869720073666
shallow,fc,0.5,1.300000,0.14613668141735792,0.14472750772673904
shallow,fc,0.5,1.325000,0.14055157837563315,0.13813047983167853
shallow,fc,0.5,1.350000,0.13530524046789782,0.13185261608906113
shallow,fc,0.5,1.375000,0.13035148981326472,0.1258793610376418
shallow,fc,0.5,1.400000,0.12565061615960005,0.12019661926408308
shallow,fc,0.5,1.425000,0.1211693155173581,0.11479076869543448
shallow,fc,0.5,1.450000,0.11688030295299123,0.1096486695622258
shallow,fc,0.5,1.475000,0.112761725054499,0.10475766948076473
shallow,fc,0.5,1.500000,0.10879646650046604,0.10010560508677041
shallow,fc,0.5,1.525000,0.1049714200480023,0.09568080063249802
shallow,fc,0.5,1.550000,0.10127676921427031,0.09147206393676467
shallow,fc,0.5,1.575000,0.09770531703265262,0.08746868005254455
shallow,fc,0.5,1.600000,0.09425188175620602,0.08366040299072135
shallow,fc,0.5,1.625000,0.09091277067727555,0.08003744581183542
shallow,fc,0.5,1.650000,0.08768533588568983,0.07659046937076666
shallow,fc,0.5,1.675000,0.0845676104319405,0.07331056997272188
shallow,fc,0.5,1.700000,0.08155801967277687,0.07018926617305912
shallow,fc,0.5,1.725000,0.07865516025628483,0.06721848492863296
shallow,fc,0.5,1.750000,0.075857637973329,0.06439054728477098
shallow,fc,0.5,1.775000,0.07316395530650788,0.0616981537598125
shallow,fc,0.5,1.800000,0.07057243971855331,0.059134369568493717
shallow,fc,0.5,1.825000,0.06808120434390219,0.05669260980638358
shallow,fc,0.5,1.850000,0.06568813361909698,0.05436662470009754
shallow,fc,0.5,1.875000,0.06339088738338028,0.05215048501211195
shallow,fc,0.5,1.900000,0.061186918006011504,0.050038567674637165
shallow,fc,0.5,1.925000,0.059073496085316535,0.0480255417141179
shallow,fc,0.5,1.950000,0.05704774117356082,0.04610635451642435
shallow,fc,0.5,1.975000,0.05510665478736787,0.04427621847262877
shallow,fc,0.5,2.000000,0.053247153655408885,0.042530598036290536
shallow,fc,0.5,2.025000,0.051466101733375846,0.04086519721532707
shallow,fc,0.5,2.050000,0.04976033998718443,0.03927594751474929
shallow,fc,0.5,2.075000,0.048126713319327385,0.03775899634064951
shallow,fc,0.5,2.100000,0.046562094302593615,0.03631069587080901
shallow,fc,0.5,2.125000,0.045063403602818464,0.03492759239300612
shallow,fc,0.5,2.150000,0.0436276271303111,0.033606416108520214
shallow,fc,0.5,2.175000,0.04225183006952371,0.032344071395319085
shallow,fc,0.5,2.200000,0.04093316800846214,0.03113762752295615
shallow,fc,0.5,2.225000,0.039668895431914986,0.029984309809202872
shallow,fc,0.5,2.250000,0.03845637186307238,0.028881491206847024
shallow,fc,0.5,2.275000,0.03729306594240245,0.027826684307850874
shallow,fc,0.5,2.300000,0.03617655772553241,0.026817533751129878
shallow,fc,0.5,2.325000,0.035104539467034956,0.025851809019539436
shallow,fc,0.5,2.350000,0.03407481513736399,0.024927397611219253
shallow,fc,0.5,2.375000,0.03308529889781464,0.024042298570184424
shallow,fc,0.5,2.400000,0.03213401273495653,0.02319461636096361
shallow,fc,0.5,2.425000,0.03121908343258928,0.022382555072118837
shallow,fc,0.5,2.450000,0.0303387390366876,0.021604412933645116
shallow,fc,0.5,2.475000,0.029491304947564467,0.020858577133474034
shallow,fc,0.5,2.500000,0.028675199753856684,0.020143518918636836
shallow,fc,0.5,2.525000,0.02788893090510869,0.019457788967005542
shallow,fc,0.5,2.550000,0.02713109030372285,0.01880001301595232
shallow,fc,0.5,2.575000,0.02640034988283979,0.018168887734721407
shallow,fc,0.5,2.600000,0.02569545722422828,0.017563176827779654
shallow,fc,0.5,2.625000,0.025015231259381987,0.016981707356906937
shallow,fc,0.5,2.650000,0.024358558087630877,0.016423366270288828
shallow,fc,0.5,2.675000,0.023724386937019726,0.01588709712737786
shallow,fc,0.5,2.700000,0.02311172628686675,0.015371897008789036
shallow,fc,0.5,2.725000,0.02251964016514929,0.014876813601008254
shallow,fc,0.5,2.750000,0.02194724462905162,0.014400942446161183
shallow,fc,0.5,2.775000,0.021393704433028016,0.01394342434758682
shallow,fc,0.5,2.800000,0.020858229885483692,0.0135034429224213
shallow,fc,0.5,2.825000,0.020340073892552435,0.013080222292847036
shallow,fc,0.5,2.850000,0.019838529185369214,0.012673024908103358
shallow,fc,0.5,2.875000,0.019352925725619974,0.012281149489774493
shallow,fc,0.5,2.900000,0.01888262828292442,0.011903929093276212
shallow,fc,0.5,2.925000,0.018427034176720092,0.0115407292788442
shallow,fc,0.5,2.950000,0.017985571174704118,0.011190946385711102
shallow,fc,0.5,2.975000,0.01755769553950437,0.010854005903492529
shallow,fc,0.5,3.000000,0.017142890215066542,0.010529360935159847
shallow,fc,0.5,3.025000,0.01674066314420486,0.010216490746280376
shallow,fc,0.5,3.050000,0.016350545708852526,0.00991489939552285
shallow,fc,0.5,3.075000,0.015972091284737422,0.00962411444170394
shallow,fc,0.5,3.100000,0.015604873902465455,0.009343685722933544
shallow,fc,0.5,3.125000,0.015248487007315958,0.009073184203666275
shallow,fc,0.5,3.150000,0.014902542310409217,0.00881220088572273
shallow,fc,0.5,3.175000,0.01456666872429302,0.00856034577956125
shallow,fc,0.5,3.200000,0.014240511376393372,0.008317246932311853
shallow,fc,0.5,3.225000,0.013923730694186287,0.008082549509281826
shallow,fc,0.5,3.250000,0.01361600155635112,0.007855914925840547
shallow,fc,0.5,3.275000,0.013317012504569736,0.007637020026771776
shallow,fc,0.5,3.300000,0.013026465011022892,0.007425556310355653
shallow,fc,0.5,3.325000,0.012744072797014505,0.007221229194605152
shallow,fc,0.5,3.350000,0.012469561198511059,0.007023757323232783
shallow,fc,0.5,3.375000,0.012202666574724574,0.0068328719090709365
shallow,fc,0.5,3.400000,0.011943135756187329,0.006648316112797191
shallow,fc,0.5,3.425000,0.011690725529070578,0.006469844454954951
shallow,fc,0.5,3.450000,0.011445202152774447,0.006297222259364868
shallow,fc,0.5,3.475000,0.011206340908079926,0.006130225126150202
shallow,fc,0.5,3.500000,0.01097392567339417,0.005968638432691078
shallow,fc,0.5,3.525000,0.010747748526838685,0.005812256860931846
shallow,fc,0.5,3.550000,0.010527609372137148,0.005660883949557558
shallow,fc,0.5,3.575000,0.010313315586441107,0.005514331669634566
shallow,fc,0.5,3.600000,0.01010468168840506,0.005372420022408773
shallow,fc,0.5,3.625000,0.009901529024975542,0.0052349766580150085
shallow,fc,0.5,3.650000,0.009703685475497159,0.0051018365139386904
shallow,fc,0.5,3.675000,0.009510985171869546,0.0049728414721276004
shallow,fc,0.5,3.700000,0.009323268233600412,0.004847840033726076
shallow,fc,0.5,3.725000,0.009140380516706292,0.004726687010453871
shallow,fc,0.5,3.750000,0.008962173375506088,0.0046092432317188185
shallow,fc,0.5,3.775000,0.008788503436435446,0.004495375266596954
shallow,fc,0.5,3.800000,0.008619232383088926,0.00438495515987154
shallow,fc,0.5,3.825000,0.00845422675176355,0.004277860181360855
shallow,fc,0.5,3.850000,0.00829335773683948,0.00417397258781929
shallow,fc,0.5,3.875000,0.00813650100539065,0.004073179396726176
shallow,fc,0.5,3.900000,0.00798353652046524,0.003975372171325868
shallow,fc,0.5,3.925000,0.007834348372524391,0.003880446816315581
shallow,fc,0.5,3.950000,0.007688824618565571,0.0037883033836064225
shallow,fc,0.5,3.975000,0.007546857128495121,0.0036988458876262074
shallow,fc,0.5,4.000000,0.007408341438346011,0.0036119821296561735
shallow,fc,0.5,4.025000,0.0072731766099687345,0.0035276235307199755
shallow,fc,0.5,4.050000,0.007141265096847538,0.003445684972579932
shallow,fc,0.5,4.075000,0.007012512615721778,0.0033660846464103494
shallow,fc,0.5,4.100000,0.006886828023711433,0.0032887439087498005
shallow,fc,0.5,4.125000,0.006764123200667216,0.0032135871443476484
shallow,fc,0.5,4.150000,0.0066443129364840425,0.003140541635555781
shallow,fc,0.5,4.175000,0.006527314823134178,0.003069537437917249
shallow,fc,0.5,4.200000,0.006413049151189343,0.003000507261639546
shallow,fc,0.5,4.225000,0.006301438810616511,0.002933386358647509
shallow,fc,0.5,4.250000,0.00619240919564612,0.002868112414932197
shallow,fc,0.5,4.275000,0.006085888113520621,0.0028046254479229715
shallow,fc,0.5,4.300000,0.005981805696944176,0.002742867708632816
shallow,fc,0.5,4.325000,0.0058800943200642,0.0026827835883323843
shallow,fc,0.5,4.350000,0.005780688517822541,0.0026243195295232785
shallow,fc,0.5,4.375000,0.005683524908527304,0.0025674239410017246
shallow,fc,0.5,4.400000,0.005588542119498663,0.002512047116799274
shallow,fc,0.5,4.425000,0.0054956807156549825,0.0024581411588165073
shallow,fc,0.5,4.450000,0.0054048831309077006,0.0024056599029599174
shallow,fc,0.5,4.475000,0.005316093602244387,0.0023545588486135268
shallow,fc,0.5,4.500000,0.005229258106382195,0.002304795091278237
shallow,fc,0.5,4.525000,0.005144324298880676,0.0022563272582273074
shallow,fc,0.5,4.550000,0.005061241455609822,0.002209115447027629
shallow,fc,0.5,4.575000,0.004979960416471529,0.002163121166787322
shallow,fc,0.5,4.600000,0.004900433531280335,0.0021183072820026927
shallow,fc,0.5,4.625000,0.004822614607711495,0.0020746379588730468
shallow,fc,0.5,4.650000,0.004746458861229708,0.002032078613968704
shallow,fc,0.5,4.675000,0.004671922866916645,0.0019905958651390177
shallow,fc,0.5,4.700000,0.004598964513117143,0.0019501574845522565
shallow,fc,0.5,4.725000,0.004527542956829778,0.0019107323537686412
shallow,fc,0.5,4.750000,0.004457618580770095,0.0018722904207485434
shallow,fc,0.5,4.775000,0.004389152952036346,0.0018348026587054643
shallow,fc,0.5,4.800000,0.00432210878231476,0.0017982410267173958
shallow,fc,0.5,4.825000,0.0042564498895591996,0.001762578432014152
shallow,fc,0.5,4.850000,0.004192141161087237,0.0017277886938635106
shallow,fc,0.5,4.875000,0.004129148518034476,0.0016938465089809934
shallow,fc,0.5,4.900000,0.004067438881113494,0.0016607274183924714
shallow,fc,0.5,4.925000,0.0040069801376234615,0.001628407775686919
shallow,fc,0.5,4.950000,0.0039477411096627835,0.001596864716589041
shallow,fc,0.5,4.975000,0.0038896915234944984,0.0015660761297978003
shallow,fc,0.5,5.000000,0.0038328019800210056,0.001536020629028713
shallow,fc,0.5,5.025000,0.0037770439263226097,0.0015066775262095645
shallow,fc,0.5,5.050000,0.003722389628219136,0.0014780268057724868
shallow,fc,0.5,5.075000,0.003668812143813316,0.0014500490999996532
shallow,fc,0.5,5.100000,0.0036162852979793048,0.0014227256653687938
shallow,fc,0.5,5.125000,0.0035647836577579195,0.0013960383598590484
shallow,fc,0.5,5.150000,0.003514282508624178,0.0013699696211715122
shallow,fc,0.5,5.175000,0.003464757831593057,0.001344502445826072
shallow,fc,0.5,5.200000,0.00341618628113205,0.001319620369094148
shallow,fc,0.5,5.225000,0.0033685451638477693,0.0012953074457320137
shallow,fc,0.5,5.250000,0.003321812417919068,0.0012715482314793827
shallow,fc,0.5,5.275000,0.00327596659324636,0.0012483277652897444
shallow,fc,0.5,5.300000,0.0032309868322915047,0.0012256315522594916
shallow,fc,0.5,5.325000,0.0031868528515803796,0.0012034455472299352
shallow,fc,0.5,5.350000,0.003143544923844388,0.0011817561390265222
shallow,fc,0.5,5.375000,0.0031010438607769197,0.0011605501353155188
shallow,fc,0.5,5.400000,0.0030593309963798943,0.0011398147480441024
shallow,fc,0.5,5.425000,0.003018388170881292,0.0011195375794464772
shallow,fc,0.5,5.450000,0.002978197715198916,0.0010997066085859438
shallow,fc,0.5,5.475000,0.0029387424359335057,0.0010803101784139062
shallow,fc,0.5,5.500000,0.0029000056008684494,0.0010613369833224516
shallow,fc,0.5,5.525000,0.002861970924959767,0.0010427760571714813
shallow,fc,0.5,5.550000,0.0028246225567970518,0.0010246167617677558
shallow,fc,0.5,5.575000,0.0027879450655182714,0.001006848775780092
shallow,fc,0.5,5.600000,0.0027519234281622174,0.0009894620840704305
shallow,fc,0.5,5.625000,0.0027165430174421745,0.000972446967424831
shallow,fc,0.5,5.650000,0.0026817895899257094,0.0009557939926686374
shallow,fc,0.5,5.675000,0.0026476492746058122,0.0009394940031462534
shallow,fc,0.5,5.700000,0.002614108561849071,0.0009235381095562882
shallow,fc,0.5,5.725000,0.002581154292707888,0.0009079176811237815
shallow,fc,0.5,5.750000,0.0025487736485827472,0.0008926243370957384
shallow,fc,0.5,5.775000,0.0025169541412224383,0.000877649938550017
shallow,fc,0.5,5.800000,0.0024856836030511253,0.0008629865805003556
shallow,fc,0.5,5.825000,0.0024549501778080574,0.0008486265842915688
shallow,fc,0.5,5.850000,0.002424742311492367,0.0008345624902662513
shallow,fc,0.5,5.875000,0.002395048743598527,0.0008207870506999125
shallow,fc,0.5,5.900000,0.0023658584986350206,0.0008072932229858862
shallow,fc,0.5,5.925000,0.002337160877914801,0.0007940741630678401
shallow,fc,0.5,5.950000,0.002308945451608535,0.0007811232191043099
shallow,fc,0.5,5.975000,0.002281202051050979,0.0007684339253583744
shallow,fc,0.5,6.000000,0.002253920761292272,0.0007559999963054072
shallow,fc,2,0.000000,1.0,0.9999979292399579
shallow,fc,2,0.025000,0.9992974751296726,0.9992961010731113
shallow,fc,2,0.050000,0.9971939561164823,0.9971948653968338
shallow,fc,2,0.075000,0.9937027973371941,0.9937069079517921
shallow,fc,2,0.100000,0.9888484904635593,0.9888531709729896
shallow,fc,2,0.125000,0.9826678288123056,0.9826625583062567
shallow,fc,2,0.150000,0.9752099336362641,0.9751715344708285
shallow,fc,2,0.175000,0.9665347336977754,0.9664236288215278
shallow,fc,2,0.200000,0.9567096342086854,0.95646885815437
shallow,fc,2,0.225000,0.9458043953750415,0.9453630826547406
shallow,fc,2,0.250000,0.933884657442327,0.9331673109752425
shallow,fc,2,0.275000,0.9210050672911643,0.919946970463837
shallow,fc,2,0.300000,0.9072035171458589,0.9057711581949571
shallow,fc,2,0.325000,0.8924984884111126,0.890711887570984
shallow,fc,2,0.350000,0.8768917273995154,0.8748433439638938
shallow,fc,2,0.375000,0.8603782031603978,0.8582411612720591
shallow,fc,2,0.400000,0.8429641613870354,0.8409817294902436
shallow,fc,2,0.425000,0.8246917247518573,0.8231415415386202
shallow,fc,2,0.450000,0.8056647439712227,0.8047965857616002
shallow,fc,2,0.475000,0.7860660132859235,0.7860217887637229
shallow,fc,2,0.500000,0.7661524274436969,0.7668905116525188
shallow,fc,2,0.525000,0.746215811857888,0.7474741013425734
shallow,fc,2,0.550000,0.7265073914248655,0.72784149735908
shallow,fc,2,0.575000,0.7071447678830444,0.7080588935663934
shallow,fc,2,0.600000,0.6880449961475018,0.6881894534295714
shallow,fc,2,0.625000,0.6689374770904032,0.668293076778535
shallow,fc,2,0.650000,0.6494840384903483,0.6484262155643347
shallow,fc,2,0.675000,0.6294685071855055,0.6286417357517053
shallow,fc,2,0.700000,0.6089526893288956,0.6089888222581751
shallow,fc,2,0.725000,0.5882923710126964,0.589512923705394
shallow,fc,2,0.750000,0.5679905538123127,0.570255733673549
shallow,fc,2,0.775000,0.5484779854870885,0.551255205128223
shallow,fc,2,0.800000,0.52995530494643,0.5325455947076924
shallow,fc,2,0.825000,0.5123698502686761,0.5141575336073486
shallow,fc,2,0.850000,0.49549967213098167,0.49611812186950627
shallow,fc,2,0.875000,0.4790691847262645,0.4784510429764151
shallow,fc,2,0.900000,0.46284104187377406,0.4611766957488485
shallow,fc,2,0.925000,0.4466670202335221,0.4443123406704296
shallow,fc,2,0.950000,0.4305015141412143,0.4278722578879763
shallow,fc,2,0.975000,0.4143875935527299,0.4118679142800541
shallow,fc,2,1.000000,0.39842753571405165,0.39630813713912205
shallow,fc,2,1.025000,0.38274939543164366,0.38119929217645976
shallow,fc,2,1.050000,0.36747828430778084,0.3665454637324295
shallow,fc,2,1.075000,0.35271682511969127,0.35234863525610427
shallow,fc,2,1.100000,0.3385354489099033,0.3386088683060421
shallow,fc,2,1.125000,0.3249707853813867,0.325324478515772
shallow,fc,2,1.150000,0.31202944660118326,0.31249220716094483
shallow,fc,2,1.175000,0.29969459520025743,0.3001073871574854
shallow,fc,2,1.200000,0.28793329390739886,0.28816410250883695
shallow,fc,2,1.225000,0.2767033527932351,0.27665534040303363
shallow,fc,2,1.250000,0.26595900619766133,0.2655731353345545
shallow,fc,2,1.275000,0.25565518941371845,0.2549087047897165
shallow,fc,2,1.300000,0.2457504541672768,0.24465257618608027
shallow,fc,2,1.325000,0.23620870211252787,0.234794704894746
shallow,fc,2,1.350000,0.226999970525525,0.22532458329861285
shallow,fc,2,1.375000,0.21810050898724898,0.21623134094921204
shallow,fc,2,1.400000,0.2094923640162153,0.2075038359795181
shallow,fc,2,1.425000,0.20116265514334963,0.199130738010403
shallow,fc,2,1.450000,0.1931026893046376,0.19110060285465802
shallow,fc,2,1.475000,0.1853070252133444,0.18340193937552854
shallow,fc,2,1.500000,0.17777256783437423,0.17602326889740094
shallow,fc,2,1.525000,0.17049774621010227,0.16895317759573308
shallow,fc,2,1.550000,0.1634818059531814,0.16218036231265762
shallow,fc,2,1.575000,0.1567242305836326,0.15569367025510647
shallow,fc,2,1.600000,0.15022429314994357,0.14948213303498506
shallow,fc,2,1.625000,0.14398073069291262,0.1435349955070108
shallow,fc,2,1.650000,0.1379915284662514,0.13784173985045117
shallow,fc,2,1.675000,0.13225379778000912,0.13239210532712925
shallow,fc,2,1.700000,0.1267637302678668,0.12717610413072902
shallow,fc,2,1.725000,0.12151661174141193,0.12218403372238908
shallow,fc,2,1.750000,0.11650688010635768,0.11740648602565415
shallow,fc,2,1.775000,0.11172821368769048,0.11283435383068481
shallow,fc,2,1.800000,0.10717363844113048,0.1084588347337509
shallow,fc,2,1.825000,0.10283564469638318,0.1042714329139894
shallow,fc,2,1.850000,0.09870630613323117,0.10026395902552457
shallow,fc,2,1.875000,0.0947773955419361,0.09642852845968962
shallow,fc,2,1.900000,0.0910404935169169,0.09275755820948363
shallow,fc,2,1.925000,0.08748708756220536,0.08924376254675773
shallow,fc,2,1.950000,0.08410866015626806,0.08588014770206033
shallow,fc,2,1.975000,0.08089676515405353,0.08266000571771653
shallow,fc,2,2.000000,0.07784309252488109,0.07957690762659296
shallow,fc,2,2.025000,0.07493952186835962,0.07662469609216203
shallow,fc,2,2.050000,0.07217816544896793,0.0737974776299044
shallow,fc,2,2.075000,0.06955140167310714,0.07108961451578498
shallow,fc,2,2.100000,0.06705190002682249,0.06849571647443305
shallow,fc,2,2.125000,0.06467263852060678,0.06601063222774378
shallow,fc,2,2.150000,0.06240691466849013,0.06362944097380911
shallow,fc,2,2.175000,0.06024835097708836,0.06134744385632948
shallow,fc,2,2.200000,0.05819089584824677,0.05916015547589158
shallow,fc,2,2.225000,0.0562288207153967,0.05706329548664664
shallow,fc,2,2.250000,0.05435671414544008,0.05505278031492643
shallow,fc,2,2.275000,0.052569473549639256,0.05312471503010885
shallow,fc,2,2.300000,0.050862295061930296,0.0512753853925513
shallow,fc,2,2.325000,0.04923066206337323,0.049501250098557395
shallow,fc,2,2.350000,0.047670332758356304,0.047798933238089425
shallow,fc,2,2.375000,0.04617732714227307,0.046165216977224074
shallow,fc,2,2.400000,0.04474791364180075,0.044597034474109544
shallow,fc,2,2.425000,0.04337859565744906,0.04309146303439602
shallow,fc,2,2.450000,0.04206609819334928,0.04164571750968536
shallow,fc,2,2.475000,0.040807354720756805,0.040257143940502574
shallow,fc,2,2.500000,0.03959949438892041,0.038923213443524764
shallow,fc,2,2.525000,0.03843982966919435,0.03764151634132921
shallow,fc,2,2.550000,0.037325844494988436,0.036409756531684365
shallow,fc,2,2.575000,0.036255182940773234,0.03522574609238472
shallow,fc,2,2.600000,0.03522563846739846,0.034087400116785065
shallow,fc,2,2.625000,0.03423514374795911,0.03299273177452561
shallow,fc,2,2.650000,0.03328176107793113,0.03193984759139919
shallow,fc,2,2.675000,0.03236367336492607,0.030926942941904803
shallow,fc,2,2.700000,0.03147917568686254,0.029952297747731768
shallow,fc,2,2.725000,0.030626667402303798,0.02901427237521226
shallow,fc,2,2.750000,0.029804644792955193,0.02811130372463498
shallow,fc,2,2.775000,0.029011694215604567,0.027241901504269916
shallow,fc,2,2.800000,0.02824648573895172,0.026404644681927984
shallow,fc,2,2.825000,0.027507767239654646,0.025598178106928483
shallow,fc,2,2.850000,0.02679435893137727,0.024821209295431242
shallow,fc,2,2.875000,0.026105148300546666,0.024072505372191445
shallow,fc,2,2.900000,0.025439085422820695,0.023350890161948933
shallow,fc,2,2.925000,0.024795178634845483,0.022655241423814636
shallow,fc,2,2.950000,0.024172490536683466,0.02198448822219974
shallow,fc,2,2.975000,0.02357013430125454,0.021337608428025324
shallow,fc,2,3.000000,0.022987270268208793,0.020713626344142904
shallow,fc,2,3.025000,0.022423102800806727,0.020111610449121096
shallow,fc,2,3.050000,0.021876877385581528,0.019530671253741985
shallow,fc,2,3.075000,0.021347877955776418,0.018969959264783273
shallow,fc,2,3.100000,0.02083542442076869,0.01842866305087054
shallow,fc,2,3.125000,0.02033887038489024,0.01790600740538857
shallow,fc,2,3.150000,0.019857601040224715,0.01740125160166688
shallow,fc,2,3.175000,0.019391031219087917,0.01691368773584563
shallow,fc,2,3.200000,0.018938603592979608,0.016442639153041987
shallow,fc,2,3.225000,0.018499787005823776,0.015987458952627043
shallow,fc,2,3.250000,0.018074074930284678,0.01554752856862642
shallow,fc,2,3.275000,0.017660984036861116,0.015122256421425359
shallow,fc,2,3.300000,0.017260052866319375,0.014711076637163482
shallow,fc,2,3.325000,0.016870840596820535,0.014313447831357885
shallow,fc,2,3.350000,0.016492925897841126,0.013928851953473702
shallow,fc,2,3.375000,0.016125905863673462,0.013556793189317143
shallow,fc,2,3.400000,0.015769395019921473,0.013196796918281035
shallow,fc,2,3.425000,0.01542302439699672,0.012848408722622606
shallow,fc,2,3.450000,0.015086440665145084,0.012511193446095005
shallow,fc,2,3.475000,0.014759305326036087,0.012184734299390572
shallow,fc,2,3.500000,0.014441293956381496,0.011868632009980432
shallow,fc,2,3.525000,0.014132095499468145,0.011562504014061415
shallow,fc,2,3.550000,0.013831411600854437,0.011265983688439207
shallow,fc,2,3.575000,0.013538955984821577,0.010978719620289117
shallow,fc,2,3.600000,0.013254453868474125,0.010700374912838966
shallow,fc,2,3.625000,0.012977641410663376,0.010430626525124654
shallow,fc,2,3.650000,0.012708265193160484,0.010169164644067214
shallow,fc,2,3.675000,0.012446081731727898,0.00991569208720407
shallow,fc,2,3.700000,0.012190857014951706,0.009669923734501585
shallow,fc,2,3.725000,0.011942366068876331,0.009431585987756015
shallow,fc,2,3.750000,0.011700392545655247,0.009200416256170275
shallow,fc,2,3.775000,0.011464728334581453,0.008976162466764602
shallow,fc,2,3.800000,0.011235173194000247,0.008758582598353621
shallow,fc,2,3.825000,0.011011534402727619,0.00854744423788731
shallow,fc,2,3.850000,0.010793626429714265,0.008342524158018077
shallow,fc,2,3.875000,0.010581270620792393,0.008143607914814084
shallow,fc,2,3.900000,0.010374294901436931,0.007950489464597189
shallow,fc,2,3.925000,0.01017253349455327,0.007762970798941056
shallow,fc,2,3.950000,0.009975826652382946,0.007580861596905375
shallow,fc,2,3.975000,0.009784020401681581,0.007403978893646075
shallow,fc,2,4.000000,0.009596966301391174,0.0072321467645740005
shallow,fc,2,4.025000,0.009414521212080196,0.0070651960242810626
shallow,fc,2,4.050000,0.009236547076480472,0.00690296393950086
shallow,fc,2,4.075000,0.00906291071049381,0.006745293955398438
shallow,fc,2,4.100000,0.008893483604085928,0.00659203543452906
shallow,fc,2,4.125000,0.008728141731523698,0.0064430434078363
shallow,fc,2,4.150000,0.008566765370448426,0.006298178337093973
shallow,fc,2,4.175000,0.008409238929308671,0.006157305888229191
shallow,fc,2,4.200000,0.008255450782710838,0.006020296714986096
shallow,fc,2,4.225000,0.008105293114267886,0.005887026252428785
shallow,fc,2,4.250000,0.00795866176655824,0.005757374519800969
shallow,fc,2,4.275000,0.007815456097825746,0.005631225932281169
shallow,fc,2,4.300000,0.00767557884507708,0.005508469121209777
shallow,fc,2,4.325000,0.0075389359932518385,0.005388996762367058
shallow,fc,2,4.350000,0.007405436650160135,0.005272705411922309
shallow,fc,2,4.375000,0.007274992926898816,0.005159495349679465
shallow,fc,2,4.400000,0.007147519823476611,0.005049270429270179
shallow,fc,2,4.425000,0.007022935119390894,0.004941937934961711
shallow,fc,2,4.450000,0.006901159268914547,0.004837408444764286
shallow,fc,2,4.475000,0.006782115300865144,0.004735595699538422
shallow,fc,2,4.500000,0.006665728722639708,0.00463641647781682
shallow,fc,2,4.525000,0.006551927428311677,0.004539790476073858
shallow,fc,2,4.550000,0.006440641610596098,0.0044456401941804025
shallow,fc,2,4.575000,0.006331803676500658,0.0043538908258078015
shallow,fc,2,4.600000,0.006225348166489675,0.004264470153542824
shallow,fc,2,4.625000,0.0061212116769955305,0.004177308448501121
shallow,fc,2,4.650000,0.006019332786124099,0.00409233837422035
shallow,fc,2,4.675000,0.005919651982404073,0.004009494894645649
shallow,fc,2,4.700000,0.005822111596442747,0.003928715186011864
shallow,fc,2,4.725000,0.005726655735354025,0.003849938552444208
shallow,fc,2,4.750000,0.005633230219832641,0.0037731063451085585
shallow,fc,2,4.775000,0.0055417825237552565,0.003698161884748136
shallow,fc,2,4.800000,0.005452261716195395,0.0036250503874534
shallow,fc,2,4.825000,0.005364618405742427,0.0035537188935180495
shallow,fc,2,4.850000,0.005278804687023686,0.0034841161992384935
shallow,fc,2,4.875000,0.005194774089331444,0.003416192791532784
shallow,fc,2,4.900000,0.005112481527261736,0.003349900785240403
shallow,fc,2,4.925000,0.005031883253277525,0.0032851938629953315
shallow,fc,2,4.950000,0.004952936812110731,0.0032220272175482114
shallow,fc,2,4.975000,0.004875600996925522,0.003160357496432501
shallow,fc,2,5.000000,0.0047998358071644764,0.0031001427488730796
shallow,fc,2,5.025000,0.004725602408006457,0.0030413423748346722
shallow,fc,2,5.050000,0.004652863091367476,0.0029839170761159985
shallow,fc,2,5.075000,0.004581581238377264,0.0029278288094051505
shallow,fc,2,5.100000,0.004511721283271486,0.0028730407412039653
shallow,fc,2,5.125000,0.004443248678636547,0.0028195172045440277
shallow,fc,2,5.150000,0.0043761298619539035,0.002767223657416334
shallow,fc,2,5.175000,0.004310332223386726,0.002716126642840039
shallow,fc,2,5.200000,0.004245824074758042,0.0026661937504989823
shallow,fc,2,5.225000,0.004182574619672197,0.0026173935798797948
shallow,fc,2,5.250000,0.004120553924730208,0.00256969570484818
shallow,fc,2,5.275000,0.004059732891796952,0.002523070639600119
shallow,fc,2,5.300000,0.00400008323127421,0.002477489805931105
shallow,fc,2,5.325000,0.003941577436341714,0.0024329255017677574
shallow,fc,2,5.350000,0.0038841887581244627,0.002389350870906149
shallow,fc,2,5.375000,0.0038278911817505312,0.0023467398739123713
shallow,fc,2,5.400000,0.003772659403263434,0.002305067260127343
shallow,fc,2,5.425000,0.0037184688073546024,0.0022643085407395933
shallow,fc,2,5.450000,0.00366529544588301,0.0022244399628739303
shallow,fc,2,5.475000,0.00361311601715264,0.002185438484659717
shallow,fc,2,5.500000,0.0035619078459150355,0.002147281751233332
shallow,fc,2,5.525000,0.003511648864071959,0.00210994807163994
shallow,fc,2,5.550000,0.0034623175920470706,0.002073416396598594
shallow,fc,2,5.575000,0.003413893120804423,0.002037666297088671
shallow,fc,2,5.600000,0.0033663550944857956,0.002002677943734377
shallow,fc,2,5.625000,0.0033196836936444374,0.0019684320869470203
shallow,fc,2,5.650000,0.003273859619052466,0.001934910037795905
shallow,fc,2,5.675000,0.003228864076058491,0.0019020936495821128
shallow,fc,2,5.700000,0.0031846787594775883,0.0018699653000843219
shallow,fc,2,5.725000,0.003141285838989427,0.0018385078744475162
shallow,fc,2,5.750000,0.00309866794502911,0.001807704748695522
shallow,fc,2,5.775000,0.0030568081551501924,0.0017775397738341902
shallow,fc,2,5.800000,0.003015689980842118,0.0017479972605298807
shallow,fc,2,5.825000,0.0029752973547865214,0.0017190619643353434
shallow,fc,2,5.850000,0.0029356146185349763,0.0016907190714431513
shallow,fc,2,5.875000,0.002896626510593081,0.0016629541849460688
shallow,fc,2,5.900000,0.002858318154895678,0.0016357533115849763
shallow,fc,2,5.925000,0.002820675049659216,0.0016091028489635777
shallow,fc,2,5.950000,0.0027836830565974857,0.0015829895732162476
shallow,fc,2,5.975000,0.0027473283904868584,0.0015574006271040614
shallow,fc,2,6.000000,0.0027115976090696936,0.0015323235085293945
shallow,fc,5,0.000000,1.0,0.9999990149527557
shallow,fc,5,0.025000,0.9995949363264229,0.9995535545956326
shallow,fc,5,0.050000,0.9983814176255815,0.9982182550348954
shallow,fc,5,0.075000,0.9963636525729687,0.9959963639857915
shallow,fc,5,0.100000,0.9935469729384939,0.9928933046151531
shallow,fc,5,0.125000,0.9899363957024909,0.988916689954814
shallow,fc,5,0.150000,0.9855351035223777,0.9840763410260884
shallow,fc,5,0.175000,0.9803428022702778,0.9783843067201043
shallow,fc,5,0.200000,0.9743540309115751,0.9718548830579382
shallow,fc,5,0.225000,0.9675566915322092,0.9645046291303571
shallow,fc,5,0.250000,0.9599313149641536,0.95635237680383
shallow,fc,5,0.275000,0.9514518279688043,0.9474192311874634
shallow,fc,5,0.300000,0.9420887475478296,0.9377285588901255
shallow,fc,5,0.325000,0.9318156533605355,0.9273059612587633
shallow,fc,5,0.350000,0.920619291627966,0.9161792300730569
shallow,fc,5,0.375000,0.9085125470667083,0.904378283568314
shallow,fc,5,0.400000,0.8955476881533578,0.8919350811532322
shallow,fc,5,0.425000,0.8818249668794044,0.8788835157629997
shallow,fc,5,0.450000,0.8674896829621458,0.8652592834188174
shallow,fc,5,0.475000,0.8527109026800673,0.8510997302275789
shallow,fc,5,0.500000,0.8376394208576381,0.8364436777241008
shallow,fc,5,0.525000,0.8223527105446266,0.8213312281068833
shallow,fc,5,0.550000,0.8068084849584671,0.8058035515220902
shallow,fc,5,0.575000,0.7908382087578111,0.789902658086808
shallow,fc,5,0.600000,0.7742053361629558,0.7736711577926741
shallow,fc,5,0.625000,0.7567230020154571,0.7571520117798487
shallow,fc,5,0.650000,0.7383829121306209,0.7403882787090609
shallow,fc,5,0.675000,0.71942200121717,0.7234228600810844
shallow,fc,5,0.700000,0.7002759674763024,0.7062982483585597
shallow,fc,5,0.725000,0.6814350666134373,0.6890562816393245
shallow,fc,5,0.750000,0.6632803851420543,0.6717379084223036
shallow,fc,5,0.775000,0.6459853038103434,0.6543829657089731
shallow,fc,5,0.800000,0.6295133704886309,0.6370299733105577
shallow,fc,5,0.825000,0.6136830046832615,0.6197159468002725
shallow,fc,5,0.850000,0.5982503318413669,0.6024762310788355
shallow,fc,5,0.875000,0.5829790399640092,0.5853443560278541
shallow,fc,5,0.900000,0.5676869891927503,0.5683519152265687
shallow,fc,5,0.925000,0.5522687591112521,0.5515284682184035
shallow,fc,5,0.950000,0.5366969726631451,0.5349014663486072
shallow,fc,5,0.975000,0.5210081290043849,0.5184962017644935
shallow,fc,5,1.000000,0.5052803926231761,0.5023357787844921
shallow,fc,5,1.025000,0.48961035818197673,0.4864411065080455
shallow,fc,5,1.050000,0.4740937293887686,0.4708309112594444
shallow,fc,5,1.075000,0.45881226077216797,0.45552176723692184
shallow,fc,5,1.100000,0.44382713957891895,0.44052814357346226
shallow,fc,5,1.125000,0.429177643767207,0.42586246590588206
shallow,fc,5,1.150000,0.41488338287590376,0.41153519049035014
shallow,fc,5,1.175000,0.4009484727019734,0.3975548888910253
shallow,fc,5,1.200000,0.38736633646713314,0.38392834129850273
shallow,fc,5,1.225000,0.3741242513753601,0.370660636600358
shallow,fc,5,1.250000,0.3612071453824326,0.3577552774211005
shallow,fc,5,1.275000,0.34860044296915493,0.34521428846717805
shallow,fc,5,1.300000,0.33629195474761087,0.3330383266483743
shallow,fc,5,1.325000,0.32427291957551574,0.32122679159448314
shallow,fc,5,1.350000,0.3125383614860133,0.30977793534049813
shallow,fc,5,1.375000,0.30108693752661253,0.2986889701102368
shallow,fc,5,1.400000,0.28992044247197635,0.2879561732835211
shallow,fc,5,1.425000,0.27904311361676526,0.277574988782547
shallow,fc,5,1.450000,0.2684608509291687,0.26754012425636026
shallow,fc,5,1.475000,0.25818043940824076,0.25784564357642004
shallow,fc,5,1.500000,0.2482088342565103,0.24848505427970202
shallow,fc,5,1.525000,0.23855254687811966,0.2394513897077521
shallow,fc,5,1.550000,0.22921715131874798,0.2307372856900662
shallow,fc,5,1.575000,0.22020691660764335,0.2223350517080542
shallow,fc,5,1.600000,0.21152456023565602,0.2142367365518528
shallow,fc,5,1.625000,0.20317111120343345,0.20643418854680623
shallow,fc,5,1.650000,0.1951458671077717,0.198919110480207
shallow,fc,5,1.675000,0.18744642799199462,0.19168310940259609
shallow,fc,5,1.700000,0.18006878959299844,0.1847177415124742
shallow,fc,5,1.725000,0.17300747966422858,0.17801455235952063
shallow,fc,5,1.750000,0.1662557228138416,0.1715651126203154
shallow,fc,5,1.775000,0.1598056214316802,0.16536104971299231
shallow,fc,5,1.800000,0.15364834253217985,0.15939407552411586
shallow,fc,5,1.825000,0.14777430253258905,0.1536560105231757
shallow,fc,5,1.850000,0.1421733439995404,0.14813880453823608
shallow,fc,5,1.875000,0.1368349001650243,0.14283455446115373
shallow,fc,5,1.900000,0.13174814450618155,0.13773551914301999
shallow,fc,5,1.925000,0.12690212390023226,0.13283413173068498
shallow,fc,5,1.950000,0.12228587482247988,0.12812300968388157
shallow,fc,5,1.975000,0.11788852277859063,0.12359496270000238
shallow,fc,5,2.000000,0.11369936568442496,0.11924299876040963
shallow,fc,5,2.025000,0.10970794226117997,0.11506032849854929
shallow,fc,5,2.050000,0.1059040867326464,0.11104036807640862
shallow,fc,5,2.075000,0.10227797122450477,0.10717674074218457
shallow,fc,5,2.100000,0.098820137298405,0.10346327722860513
shallow,fc,5,2.125000,0.0955215180278769,0.09989401513832925
shallow,fc,5,2.150000,0.09237345195672952,0.09646319745030717
shallow,fc,5,2.175000,0.08936769018776358,0.09316527026902503
shallow,fc,5,2.200000,0.0864963977414116,0.08999487992723759
shallow,fc,5,2.225000,0.08375215020869176,0.08694686954211561
shallow,fc,5,2.250000,0.08112792660672308,0.0840162751147613
shallow,fc,5,2.275000,0.07861709923228621,0.08119832125375193
shallow,fc,5,2.300000,0.07621342120238239,0.07848841659474731
shallow,fc,5,2.325000,0.07391101227221064,0.07588214898026313
shallow,fc,5,2.350000,0.07170434343133936,0.07337528045640314
shallow,fc,5,2.375000,0.06958822069846637,0.0709637421366524
shallow,fc,5,2.400000,0.06755776846387296,0.06864362897674837
shallow,fc,5,2.425000,0.0656084126661497,0.06641119449909502
shallow,fc,5,2.450000,0.06373586403539433,0.06426284550016602
shallow,fc,5,2.475000,0.061936101588197956,0.06219513676981234
shallow,fc,5,2.500000,0.06020535651961889,0.060204765847302694
shallow,fc,5,2.525000,0.058540096603286296,0.05828856783526772
shallow,fc,5,2.550000,0.05693701118206207,0.05644351028943357
shallow,fc,5,2.575000,0.05539299680767895,0.05466668819911841
shallow,fc,5,2.600000,0.05390514356783749,0.05295531907085509
shallow,fc,5,2.625000,0.05247072212286996,0.05130673812520908
shallow,fc,5,2.650000,0.05108717146071373,0.04971839361481907
shallow,fc,5,2.675000,0.049752087368205467,0.048187842269903004
shallow,fc,5,2.700000,0.04846321160816702,0.046712744875897896
shallow,fc,5,2.725000,0.04721842178509483,0.045290861986530255
shallow,fc,5,2.750000,0.04601572187719205,0.04392004977442389
shallow,fc,5,2.775000,0.04485323340871761,0.04259825602031256
shallow,fc,5,2.800000,0.0437291872339689,0.04132351624104625
shallow,fc,5,2.825000,0.042641915902474015,0.04009394995580804
shallow,fc,5,2.850000,0.041589846573961364,0.03890775708931617
shallow,fc,5,2.875000,0.0405714944512886,0.037763214510238105
shallow,fc,5,2.900000,0.039585456699606336,0.036658672702594416
shallow,fc,5,2.925000,0.03863040682051855,0.03559255256754023
shallow,fc,5,2.950000,0.03770508945079165,0.034563342352615975
shallow,fc,5,2.975000,0.03680831555618569,0.03356959470530945
shallow,fc,5,3.000000,0.03593895799216673,0.03260992384757856
shallow,fc,5,3.025000,0.03509594740458255,0.03168300286784069
shallow,fc,5,3.050000,0.03427826844476711,0.030787561126827977
shallow,fc,5,3.075000,0.03348495627497994,0.02992238177364323
shallow,fc,5,3.100000,0.03271509334154399,0.02908629936830695
shallow,fc,5,3.125000,0.031967806394485265,0.028278197607078143
shallow,fc,5,3.150000,0.031242263733914144,0.02749700714683811
shallow,fc,5,3.175000,0.030537672664764037,0.02674170352486146
shallow,fc,5,3.200000,0.0298532771428478,0.026011305170332698
shallow,fc,5,3.225000,0.029188355596474702,0.025304871504035504
shallow,fc,5,3.250000,0.028542218909084816,0.024621501122705596
shallow,fc,5,3.275000,0.027914208549517094,0.02396033006461559
shallow,fc,5,3.300000,0.02730369483761086,0.02332053015304608
shallow,fc,5,3.325000,0.026710075333856942,0.022701307414390606
shallow,fc,5,3.350000,0.026132773342766313,0.022101900567731217
shallow,fc,5,3.375000,0.025571236520502527,0.02152157958282148
shallow,fc,5,3.400000,0.025024935578147556,0.020959644303520642
shallow,fc,5,3.425000,0.024493363072717655,0.020415423133807592
shallow,fc,5,3.450000,0.02397603227874634,0.019888271783622076
shallow,fc,5,3.475000,0.023472476133889364,0.019377572071868618
shallow,fc,5,3.500000,0.022982246252587823,0.018882730784027312
shallow,fc,5,3.525000,0.022504912002363042,0.01840317858190917
shallow,fc,5,3.550000,0.022040059637805642,0.017938368963193514
shallow,fc,5,3.575000,0.021587291487760618,0.017487777268482583
shallow,fc,5,3.600000,0.021146225191619683,0.017050899733695963
shallow,fc,5,3.625000,0.02071649298099787,0.01662725258572584
shallow,fc,5,3.650000,0.02029774100339865,0.01621637117935688
shallow,fc,5,3.675000,0.0198896286847825,0.015817809173541454
shallow,fc,5,3.700000,0.01949182812821948,0.015431137745210538
shallow,fc,5,3.725000,0.01910402354605556,0.015055944838867765
shallow,fc,5,3.750000,0.01872591072324703,0.014691834450308115
shallow,fc,5,3.775000,0.018357196509716234,0.014338425942863312
shallow,fc,5,3.800000,0.01799759833976755,0.013995353394657682
shallow,fc,5,3.825000,0.01764684377676251,0.013662264975421378
shallow,fc,5,3.850000,0.017304670081407236,0.013338822351480577
shallow,fc,5,3.875000,0.01697082380213466,0.0130247001176001
shallow,fc,5,3.900000,0.016645060386189847,0.012719585254425991
shallow,fc,5,3.925000,0.016327143810133338,0.012423176610320625
shallow,fc,5,3.950000,0.01601684622857913,0.012135184406454037
shallow,fc,5,3.975000,0.01571394764007461,0.011855329764055456
shallow,fc,5,4.000000,0.015418235569108374,0.011583344252793145
shallow,fc,5,4.025000,0.015129504763310653,0.011318969459285231
shallow,fc,5,4.050000,0.014847556904975856,0.011061956574806305
shallow,fc,5,4.075000,0.014572200336098406,0.010812066001288487
shallow,fc,5,4.100000,0.014303249796171369,0.010569066974763647
shallow,fc,5,4.125000,0.014040526172045209,0.010332737205431649
shallow,fc,5,4.150000,0.013783856259195426,0.010102862533580738
shallow,fc,5,4.175000,0.013533072533785662,0.009879236600621332
shallow,fc,5,4.200000,0.013288012934957738,0.009661660534531725
shallow,fc,5,4.225000,0.013048520656810947,0.009449942649044966
shallow,fc,5,4.250000,0.012814443949571541,0.009243898155941826
shallow,fc,5,4.275000,0.012585635929480143,0.00904334888984183
shallow,fc,5,4.300000,0.012361954396955754,0.008848123044917012
shallow,fc,5,4.325000,0.012143261662619476,0.00865805492297805
shallow,fc,5,4.350000,0.01192942438078859,0.008472984692407837
shallow,fc,5,4.375000,0.011720313390069514,0.008292758157448845
shallow,fc,5,4.400000,0.011515803560704807,0.008117226537362866
shallow,fc,5,4.425000,0.011315773648344574,0.007946246255021595
shallow,fc,5,4.450000,0.011120106153933551,0.007779678734485535
shallow,fc,5,4.475000,0.010928687189420638,0.007617390207175521
shallow,fc,5,4.500000,0.010741406349015437,0.00745925152623505
shallow,fc,5,4.525000,0.010558156585729117,0.007305137988719207
shallow,fc,5,4.550000,0.010378834092953593,0.007154929165255192
shallow,fc,5,4.575000,0.010203338190842848,0.007008508736834862
shallow,fc,5,4.600000,0.010031571217276047,0.006865764338424728
shallow,fc,5,4.625000,0.009863438423191817,0.006726587409077422
shallow,fc,5,4.650000,0.009698847872092298,0.006590873048268464
shallow,fc,5,4.675000,0.009537710343531458,0.0064585198781628465
shallow,fc,5,4.700000,0.009379939240403923,0.006329429911565912
shallow,fc,5,4.725000,0.009225450499867893,0.006203508425289461
shallow,fc,5,4.750000,0.009074162507736405,0.006080663838708088
shallow,fc,5,4.775000,0.008925996016186932,0.005960807597265741
shallow,fc,5,4.800000,0.008780874064640343,0.005843854060718774
shallow,fc,5,4.825000,0.008638721903672097,0.005729720395912886
shallow,fc,5,4.850000,0.008499466921822574,0.005618326473881569
shallow,fc,5,4.875000,0.00836303857518228,0.0055095947710962845
shallow,fc,5,4.900000,0.008229368319630392,0.005403450274670497
shallow,fc,5,4.925000,0.008098389545615148,0.005299820391357137
shallow,fc,5,4.950000,0.007970037515366846,0.00519863486017101
shallow,fc,5,4.975000,0.007844249302439654,0.005099825668480255
shallow,fc,5,5.000000,0.007720963733485853,0.005003326971419181
shallow,fc,5,5.025000,0.007600121332166809,0.004909075014477372
shallow,fc,5,5.050000,0.007481664265114096,0.004817008059132411
shallow,fc,5,5.075000,0.00736553628985348,0.004727066311396233
shallow,fc,5,5.100000,0.00725168270461185,0.004639191853146637
shallow,fc,5,5.125000,0.007140050299930145,0.004553328576135116
shallow,fc,5,5.150000,0.00703058731200823,0.004469422118547324
shallow,fc,5,5.175000,0.006923243377710664,0.0043874198040178055
shallow,fc,5,5.200000,0.0068179694911680855,0.0043072705829917705
shallow,fc,5,5.225000,0.0067147179619084785,0.004228924976334929
shallow,fc,5,5.250000,0.006613442374457157,0.004152335021101629
shallow,fc,5,5.275000,0.006514097549349285,0.004077454218365142
shallow,fc,5,5.300000,0.006416639505496091,0.0040042374830345975
shallow,fc,5,5.325000,0.006321025423853155,0.003932641095565119
shallow,fc,5,5.350000,0.00622721361233991,0.003862622655491328
shallow,fc,5,5.375000,0.006135163471960969,0.0037941410367080836
shallow,fc,5,5.400000,0.006044835464083076,0.003727156344421023
shallow,fc,5,5.425000,0.005956191078822948,0.003661629873710311
shallow,fc,5,5.450000,0.005869192804503154,0.0035975240696294233
shallow,fc,5,5.475000,0.005783804098136058,0.003534802488785088
shallow,fc,5,5.500000,0.005699989356896307,0.00347342976233753
shallow,fc,5,5.525000,0.005617713890543552,0.0034133715603585552
shallow,fc,5,5.550000,0.005536943894761337,0.003354594557501852
shallow,fc,5,5.575000,0.005457646425377272,0.003297066399923296
shallow,fc,5,5.600000,0.005379789373430532,0.0032407556734100657
shallow,fc,5,5.625000,0.005303341441056597,0.0031856318726634857
shallow,fc,5,5.650000,0.005228272118159016,0.003131665371696122
shallow,fc,5,5.675000,0.005154551659838469,0.003078827395293707
shallow,fc,5,5.700000,0.0050821510645516765,0.003027089991503894
shallow,fc,5,5.725000,0.005011042052974535,0.0029764260051096687
shallow,fc,5,5.750000,0.004941197047542256,0.0029268090520475788
shallow,fc,5,5.775000,0.004872589152644102,0.002878213494739797
shallow,fc,5,5.800000,0.004805192135447389,0.002830614418296118
shallow,fc,5,5.825000,0.004738980407328897,0.00278398760755835
shallow,fc,5,5.850000,0.0046739290058938066,0.002738309524953898
shallow,fc,5,5.875000,0.004610013577557304,0.00269355728912338
shallow,fc,5,5.900000,0.00454721036067407,0.002649708654298654
shallow,fc,5,5.925000,0.004485496169191583,0.0026067419903964785
shallow,fc,5,5.950000,0.0044248483768132285,0.0025646362638050363
shallow,fc,5,5.975000,0.00436524490164969,0.0025233710188360442
shallow,fc,5,6.000000,0.0043066641913448445,0.002482926359813787
shallow_attn,fx,,0.000000,1.0,1.0
shallow_attn,fx,,0.025000,1.000142003693123,1.0001371734503082
shallow_attn,fx,,0.050000,1.0005673214741209,1.0005484131007953
shallow_attn,fx,,0.075000,1.001273982352425,1.0012328782849313
shallow_attn,fx,,0.100000,1.0022589291547006,1.002189172660767
shallow_attn,fx,,0.125000,1.0035182054925498,1.0034153513166864
shallow_attn,fx,,0.150000,1.0050471311384326,1.0049089306249135
shallow_attn,fx,,0.175000,1.0068404626354706,1.0066669007499534
shallow_attn,fx,,0.200000,1.0088925365947248,1.0086857406950527
shallow_attn,fx,,0.225000,1.0111973938162127,1.010961435747421
shallow_attn,fx,,0.250000,1.013748883082887,1.0134894971626558
shallow_attn,fx,,0.275000,1.0165407441951637,1.0162649839108355
shallow_attn,fx,,0.300000,1.0195666705127207,1.0192825262913066
shallow_attn,fx,,0.325000,1.022820351926538,1.022536351210436
shallow_attn,fx,,0.350000,1.0262954997755014,1.0260203089066646
shallow_attn,fx,,0.375000,1.029985855728608,1.0297279009001115
shallow_attn,fx,,0.400000,1.0338851870590806,1.0336523089397605
shallow_attn,fx,,0.425000,1.0379872710271727,1.0377864247198565
shallow_attn,fx,,0.450000,1.0422858712549132,1.0421228801384386
shallow_attn,fx,,0.475000,1.0467747090141577,1.0466540778748243
shallow_attn,fx,,0.500000,1.051447432260054,1.0513722220691275
shallow_attn,fx,,0.525000,1.0562975850324725,1.056269348895353
shallow_attn,fx,,0.550000,1.06131857953134,1.061337356830009
shallow_attn,fx,,0.575000,1.066503672767537,1.0665680364302768
shallow_attn,fx,,0.600000,1.071845949223915,1.0719530994492863
shallow_attn,fx,,0.625000,1.0773383104601206,1.0774842071307018
shallow_attn,fx,,0.650000,1.0829734720916393,1.0831529975403624
shallow_attn,fx,,0.675000,1.0887439680992546,1.0889511118088369
shallow_attn,fx,,0.700000,1.0946421620088904,1.0948702191752313
shallow_attn,fx,,0.725000,1.1006602641475256,1.1009020407391494
shallow_attn,fx,,0.750000,1.1067903539453645,1.1070383718441337
shallow_attn,fx,,0.775000,1.113024406125954,1.1132711030320084
shallow_attn,fx,,0.800000,1.1193543196033784,1.119592239523111
shallow_attn,fx,,0.825000,1.1257719479790405,1.1259939191922888
shallow_attn,fx,,0.850000,1.1322691306819952,1.1324684290245925
shallow_attn,fx,,0.875000,1.1388377240027092,1.139008220047757
shallow_attn,fx,,0.900000,1.1454696315033968,1.1456059207506675
shallow_attn,fx,,0.925000,1.1521568335210812,1.152254349008086
shallow_attn,fx,,0.950000,1.1588914156865506,1.1589465225418367
shallow_attn,fx,,0.975000,1.1656655965421565,1.1656756679574736
shallow_attn,fx,,1.000000,1.1724717544389713,1.172435228403129
shallow_attn,fx,,1.025000,1.1793024539215786,1.1792188699038115
shallow_attn,fx,,1.050000,1.1861504717671847,1.1860204864298936
shallow_attn,fx,,1.075000,1.1930088227427793,1.192834203762979
shallow_attn,fx,,1.100000,1.1998707849944534,1.1996543822257886
shallow_attn,fx,,1.125000,1.206729924806364,1.2064756183452223
shallow_attn,fx,,1.150000,1.2135801202858436,1.2132927455194251
shallow_attn,fx,,1.175000,1.2204155833689605,1.220100833760554
shallow_attn,fx,,1.200000,1.2272308794187978,1.2268951885850992
shallow_attn,fx,,1.225000,1.2340209436241232,1.2336713491231373
shallow_attn,fx,,1.250000,1.2407810934103904,1.2404250855168273
shallow_attn,fx,,1.275000,1.2475070361525389,1.2471523956769321
shallow_attn,fx,,1.300000,1.254194871626762,1.2538495014641662
shallow_attn,fx,,1.325000,1.260841088846063,1.2605128443598486
shallow_attn,fx,,1.350000,1.2674425571758172,1.2671390806877225
shallow_attn,fx,,1.375000,1.2739965119001802,1.2737250764459462
shallow_attn,fx,,1.400000,1.2805005346854106,1.2802679018052352
shallow_attn,fx,,1.425000,1.2869525296394868,1.2867648253259727
shallow_attn,fx,,1.450000,1.2933506958786765,1.2932133079438641
shallow_attn,fx,,1.475000,1.2996934976650334,1.2996109967704328
shallow_attn,fx,,1.500000,1.3059796332637315,1.3059557187513589
shallow_attn,fx,,1.525000,1.3122080036815165,1.3122454742224083
shallow_attn,fx,,1.550000,1.3183776823894056,1.3184784303994812
shallow_attn,fx,,1.575000,1.324487887011759,1.3246529148361825
shallow_attn,fx,,1.600000,1.3305379537921564,1.330767408879276
shallow_attn,fx,,1.625000,1.336527315439451,1.3368205411494571
shallow_attn,fx,,1.650000,1.3424554827316502,1.3428110810720784
shallow_attn,fx,,1.675000,1.348322030027597,1.3487379324797883
shallow_attn,fx,,1.700000,1.3541265846219954,1.3546001273065218
shallow_attn,fx,,1.725000,1.359868819690729,1.360396819389886
shallow_attn,fx,,1.750000,1.3655484504200843,1.3661272783967613
shallow_attn,fx,,1.775000,1.371165232801036,1.3717908838848296
shallow_attn,fx,,1.800000,1.3767189645003524,1.3773871195108214
shallow_attn,fx,,1.825000,1.382209487192807,1.3829155673944546
shallow_attn,fx,,1.850000,1.3876366897493173,1.3883759026453952
shallow_attn,fx,,1.875000,1.3930005117186155,1.3937678880590432
shallow_attn,fx,,1.900000,1.3983009466079455,1.3990913689855675
shallow_attn,fx,,1.925000,1.4035380445536527,1.4043462683753405
shallow_attn,fx,,1.950000,1.4087119140678845,1.4095325820027964
shallow_attn,fx,,1.975000,1.4138227226460223,1.4146503738697032
shallow_attn,fx,,2.000000,1.4188706961149862,1.4196997717879212
shallow_attn,fx,,2.025000,1.4238561166904644,1.4246809631409094
shallow_attn,fx,,2.050000,1.428779319787933,1.4295941908225116
shallow_attn,fx,,2.075000,1.4336406896958631,1.4344397493509262
shallow_attn,fx,,2.100000,1.4384406542686712,1.4392179811552137
shallow_attn,fx,,2.125000,1.4431796788316882,1.4439292730312083
shallow_attn,fx,,2.150000,1.4478582595113674,1.4485740527633122
shallow_attn,fx,,2.175000,1.4524769162124285,1.4531527859082907
shallow_attn,fx,,2.200000,1.4570361854612692,1.4576659727369123
shallow_attn,fx,,2.225000,1.4615366133236627,1.4621141453290472
shallow_attn,fx,,2.250000,1.465978748586415,1.4664978648176454
shallow_attn,fx,,2.275000,1.4703631363691982,1.470817718776893
shallow_attn,fx,,2.300000,1.4746903123059363,1.475074318749721
shallow_attn,fx,,2.325000,1.478960797406496,1.479268297909802
shallow_attn,fx,,2.350000,1.4831750936803643,1.483400308853113
shallow_attn,fx,,2.375000,1.4873336805756159,1.4874710215141502
shallow_attn,fx,,2.400000,1.4914370122596519,1.491481121201892
shallow_attn,fx,,2.425000,1.495485515743648,1.4954313067506453
shallow_attn,fx,,2.450000,1.4994795898307967,1.4993222887809725
shallow_attn,fx,,2.475000,1.503419604849632,1.5031547880659621
shallow_attn,fx,,2.500000,1.5073059031180758,1.5069295339981974
shallow_attn,fx,,2.525000,1.5111388000714292,1.5106472631528727
shallow_attn,fx,,2.550000,1.5149185859781977,1.514308717942618
shallow_attn,fx,,2.575000,1.5186455281613107,1.5179146453597039
shallow_attn,fx,,2.600000,1.5223198736386798,1.5214657958014208
shallow_attn,fx,,2.625000,1.525941852095941,1.5249629219745588
shallow_attn,fx,,2.650000,1.5295116791052787,1.5284067778750356
shallow_attn,fx,,2.675000,1.5330295595072183,1.5317981178388593
shallow_attn,fx,,2.700000,1.536495690876787,1.5351376956607474
shallow_attn,fx,,2.725000,1.5399102670012632,1.538426263776851
shallow_attn,fx,,2.750000,1.5432734813034859,1.5416645725081797
shallow_attn,fx,,2.775000,1.5465855301521598,1.5448533693614435
shallow_attn,fx,,2.800000,1.5498466160084576,1.5479933983841754
shallow_attn,fx,,2.825000,1.5530569503662963,1.5510853995711167
shallow_attn,fx,,2.850000,1.5562167564516982,1.5541301083189827
shallow_attn,fx,,2.875000,1.5593262716545035,1.5571282549268526
shallow_attn,fx,,2.900000,1.5623857496731788,1.5600805641395499
shallow_attn,fx,,2.925000,1.565395462360503,1.562987754731498
shallow_attn,fx,,2.950000,1.5683557012643492,1.5658505391286572
shallow_attn,fx,,2.975000,1.5712667788635903,1.5686696230662598
shallow_attn,fx,,3.000000,1.5741290295043076,1.5714457052801694
shallow_attn,fx,,3.025000,1.5769428100458835,1.5741794772298021
shallow_attn,fx,,3.050000,1.5797085002303008,1.5768716228506432
shallow_attn,fx,,3.075000,1.5824265027909998,1.5795228183344976
shallow_attn,fx,,3.100000,1.5850972433199966,1.5821337319357038
shallow_attn,fx,,3.125000,1.5877211699137423,1.5847050238016365
shallow_attn,fx,,3.150000,1.5902987526193362,1.587237345825908
shallow_attn,fx,,3.175000,1.592830482703387,1.5897313415227634
shallow_attn,fx,,3.200000,1.595316871765985,1.592187645921248
shallow_attn,fx,,3.225000,1.5977584507220368,1.5946068854777975
shallow_attn,fx,,3.250000,1.6001557686716632,1.5969896780059818
shallow_attn,fx,,3.275000,1.6025093916805038,1.5993366326221994
shallow_attn,fx,,3.300000,1.6048199014897206,1.601648349706187
shallow_attn,fx,,3.325000,1.6070878941742317,1.6039254208752762
shallow_attn,fx,,3.350000,1.6093139787663404,1.6061684289713845
shallow_attn,fx,,3.375000,1.6114987758604624,1.6083779480597964
shallow_attn,fx,,3.400000,1.6136429162131571,1.6105545434388309
shallow_attn,fx,,3.425000,1.6157470393511384,1.6126987716595576
shallow_attn,fx,,3.450000,1.617811792198454,1.6148111805547691
shallow_attn,fx,,3.475000,1.6198378277325451,1.6168923092764607
shallow_attn,fx,,3.500000,1.6218258036775026,1.6189426883411182
shallow_attn,fx,,3.525000,1.623776381241495,1.6209628396821578
shallow_attn,fx,,3.550000,1.625690223904105,1.622953276708899
shallow_attn,fx,,3.575000,1.6275679962581395,1.6249145043714908
shallow_attn,fx,,3.600000,1.6294103629094205,1.6268470192312494
shallow_attn,fx,,3.625000,1.6312179874371102,1.6287513095359003
shallow_attn,fx,,3.650000,1.6329915314162367,1.630627855299244
shallow_attn,fx,,3.675000,1.6347316535033354,1.632477128384804
shallow_attn,fx,,3.700000,1.6364390085854283,1.6342995925930408
shallow_attn,fx,,3.725000,1.6381142469919858,1.6360957037517374
shallow_attn,fx,,3.750000,1.6397580137690035,1.6378659098091999
shallow_attn,fx,,3.775000,1.6413709480139,1.6396106509299275
shallow_attn,fx,,3.800000,1.6429536822695934,1.641330359592442
shallow_attn,fx,,3.825000,1.6445068419758064,1.6430254606889751
shallow_attn,fx,,3.850000,1.646031044975448,1.6446963716267469
shallow_attn,fx,,3.875000,1.6475269010737137,1.6463435024305744
shallow_attn,fx,,3.900000,1.6489950116474374,1.6479672558465768
shallow_attn,fx,,3.925000,1.6504359693021367,1.6495680274467555
shallow_attn,fx,,3.950000,1.6518503575741306,1.651146205734246
shallow_attn,fx,,3.975000,1.6532387506751152,1.6527021722490547
shallow_attn,fx,,4.000000,1.6546017132765602,1.654236301674099
shallow_attn,fx,,4.025000,1.6559398003313484,1.6557489619413992
shallow_attn,fx,,4.050000,1.6572535569301072,1.6572405143382634
shallow_attn,fx,,4.075000,1.6585435181897676,1.6587113136133356
shallow_attn,fx,,4.100000,1.6598102091719409,1.6601617080823763
shallow_attn,fx,,4.125000,1.6610541448288165,1.6615920397336599
shallow_attn,fx,,4.150000,1.6622758299743543,1.663002644332885
shallow_attn,fx,,4.175000,1.6634757592786658,1.6643938515274967
shallow_attn,fx,,4.200000,1.6646544172835653,1.6657659849503361
shallow_attn,fx,,4.225000,1.665812278437391,1.6671193623225302
shallow_attn,fx,,4.250000,1.6669498071472932,1.668454295555556
shallow_attn,fx,,4.275000,1.6680674578472932,1.6697710908524037
shallow_attn,fx,,4.300000,1.6691656750805226,1.6710700488077885
shallow_attn,fx,,4.325000,1.6702448935941578,1.672351464507346
shallow_attn,fx,,4.350000,1.6713055384456499,1.6736156276257725
shallow_attn,fx,,4.375000,1.6723480251189613,1.6748628225238602
shallow_attn,fx,,4.400000,1.673372759649606,1.6760933283443924
shallow_attn,fx,,4.425000,1.674380138757369,1.6773074191068635
shallow_attn,fx,,4.450000,1.6753705499856837,1.6785053638009961
shallow_attn,fx,,4.475000,1.676344371846711,1.6796874264790258
shallow_attn,fx,,4.500000,1.6773019739712332,1.6808538663467358
shallow_attn,fx,,4.525000,1.678243717262579,1.682004937853222
shallow_attn,fx,,4.550000,1.6791699540538163,1.6831408907793708
shallow_attn,fx,,4.575000,1.680081028267555,1.6842619703250405
shallow_attn,fx,,4.600000,1.680977275577735,1.685368417194935
shallow_attn,fx,,4.625000,1.6818590235728383,1.6864604676831623
shallow_attn,fx,,4.650000,1.682726591920021,1.687538353756474
shallow_attn,fx,,4.675000,1.683580292529692,1.6886023031361845
shallow_attn,fx,,4.700000,1.684420429720137,1.6896525393787643
shallow_attn,fx,,4.725000,1.685247300381793,1.6906892819551151
shallow_attn,fx,,4.750000,1.6860611941408525,1.691712746328525
shallow_attn,fx,,4.775000,1.6868623935218854,1.69272314403131
shallow_attn,fx,,4.800000,1.6876511741092115,1.6937206827401463
shallow_attn,fx,,4.825000,1.6884278047067818,1.6947055663501032
shallow_attn,fx,,4.850000,1.689192547496365,1.695677995047382
shallow_attn,fx,,4.875000,1.6899456581938417,1.6966381653807714
shallow_attn,fx,,4.900000,1.6906873862034522,1.6975862703318307
shallow_attn,fx,,4.925000,1.6914179747698537,1.6985224993838095
shallow_attn,fx,,4.950000,1.6921376611278636,1.6994470385893194
shallow_attn,fx,,4.975000,1.69284667664979,1.7003600706367672
shallow_attn,fx,,5.000000,1.6935452469902552,1.701261774915565
shallow_attn,fx,,5.025000,1.6942335922284477,1.7021523275801298
shallow_attn,fx,,5.050000,1.6949119270077393,1.7030319016126885
shallow_attn,fx,,5.075000,1.6955804606726186,1.7039006668849015
shallow_attn,fx,,5.100000,1.6962393974029137,1.7047587902183228
shallow_attn,fx,,5.125000,1.6968889363452708,1.7056064354437073
shallow_attn,fx,,5.150000,1.6975292717418777,1.7064437634591885
shallow_attn,fx,,5.175000,1.69816059305642,1.7072709322873345
shallow_attn,fx,,5.200000,1.6987830850972758,1.708088097131107
shallow_attn,fx,,5.225000,1.6993969281379502,1.7088954104287313
shallow_attn,fx,,5.250000,1.7000022980347607,1.7096930219075017
shallow_attn,fx,,5.275000,1.7005993663417973,1.7104810786365339
shallow_attn,fx,,5.300000,1.7011883004231714,1.711259725078483
shallow_attn,fx,,5.325000,1.7017692635625872,1.7120291031402441
shallow_attn,fx,,5.350000,1.7023424150702577,1.7127893522226525
shallow_attn,fx,,5.375000,1.7029079103872053,1.7135406092691985
shallow_attn,fx,,5.400000,1.7034659011869786,1.714283008813776
shallow_attn,fx,,5.425000,1.704016535474824,1.7150166830274802
shallow_attn,fx,,5.450000,1.704559957684355,1.7157417617644724
shallow_attn,fx,,5.475000,1.7050963087717557,1.7164583726069251
shallow_attn,fx,,5.500000,1.7056257263075687,1.7171666409090691
shallow_attn,fx,,5.525000,1.7061483445661059,1.717866689840354
shallow_attn,fx,,5.550000,1.7066642946125308,1.7185586404277413
shallow_attn,fx,,5.575000,1.707173704387659,1.7192426115971444
shallow_attn,fx,,5.600000,1.7076766987905199,1.719918720214034
shallow_attn,fx,,5.625000,1.7081733997587334,1.7205870811232205
shallow_attn,fx,,5.650000,1.7086639263467416,1.721247807187832
shallow_attn,fx,,5.675000,1.7091483948019488,1.7219010093275047
shallow_attn,fx,,5.700000,1.709626918638812,1.7225467965557948
shallow_attn,fx,,5.725000,1.7100996087109364,1.7231852760168345
shallow_attn,fx,,5.750000,1.7105665732812132,1.7238165530212408
shallow_attn,fx,,5.775000,1.7110279180900585,1.7244407310812953
shallow_attn,fx,,5.800000,1.711483746421786,1.725057911945408
shallow_attn,fx,,5.825000,1.7119341591691704,1.7256681956318787
shallow_attn,fx,,5.850000,1.712379254896242,1.7262716804619718
shallow_attn,fx,,5.875000,1.712819129899356,1.7268684630923166
shallow_attn,fx,,5.900000,1.7132538782665863,1.727458638546647
shallow_attn,fx,,5.925000,1.713683591935476,1.7280423002468948
shallow_attn,fx,,5.950000,1.7141083607492025,1.728619540043648
shallow_attn,fx,,5.975000,1.7145282725111846,1.7291904482459888
shallow_attn,fx,,6.000000,1.7149434130381822,1.7297551136507232
shallow_attn,fc,0.5,0.000000,1.0,0.9999961712608588
shallow_attn,fc,0.5,0.025000,0.9984488524848159,0.9983586646344352
shallow_attn,fc,0.5,0.050000,0.9938074274960766,0.9934854371990305
shallow_attn,fc,0.5,0.075000,0.986121390978259,0.9854913576191164
shallow_attn,fc,0.5,0.100000,0.9754857708583069,0.9745583236306017
shallow_attn,fc,0.5,0.125000,0.9620571150980917,0.9609224860044977
shallow_attn,fc,0.5,0.150000,0.9460592644268956,0.9448590526338713
shallow_attn,fc,0.5,0.175000,0.9277802983830695,0.9266665678644719
shallow_attn,fc,0.5,0.200000,0.9075591994172993,0.906652287270015
shallow_attn,fc,0.5,0.225000,0.8857627777866279,0.8851197735940066
shallow_attn,fc,0.5,0.250000,0.862756149468346,0.8623592877190294
shallow_attn,fc,0.5,0.275000,0.8388727487670529,0.838641066508284
shallow_attn,fc,0.5,0.300000,0.8143912033723567,0.8142112349444125
shallow_attn,fc,0.5,0.325000,0.7895252035118092,0.7892899055662282
shallow_attn,fc,0.5,0.350000,0.7644285542349917,0.7640709501109981
shallow_attn,fc,0.5,0.375000,0.7392123093132936,0.738722947888542
shallow_attn,fc,0.5,0.400000,0.7139667683853401,0.7133908845188547
shallow_attn,fc,0.5,0.425000,0.6887802658119342,0.6881982632946789
shallow_attn,fc,0.5,0.450000,0.6637492954831948,0.663249379897375
shallow_attn,fc,0.5,0.475000,0.6389788633356819,0.6386315887919551
shallow_attn,fc,0.5,0.500000,0.6145757004738472,0.614417452116793
shallow_attn,fc,0.5,0.525000,0.5906386580926667,0.5906667090105318
shallow_attn,fc,0.5,0.550000,0.5672502097266493,0.5674280368849434
shallow_attn,fc,0.5,0.575000,0.5444714037235904,0.5447405987383155
shallow_attn,fc,0.5,0.600000,0.5223408637969021,0.5226353848308631
shallow_attn,fc,0.5,0.625000,0.5008771714677261,0.5011363652156074
shallow_attn,fc,0.5,0.650000,0.4800833614063855,0.4802614735958944
shallow_attn,fc,0.5,0.675000,0.4599522000140406,0.46002344418289265
shallow_attn,fc,0.5,0.700000,0.4404711777940761,0.4404305226879344
shallow_attn,fc,0.5,0.725000,0.42162652857533534,0.4214870710332323
shallow_attn,fc,0.5,0.750000,0.403405962240725,0.4031940832949596
shallow_attn,fc,0.5,0.775000,0.3858000953754078,0.38554962812948085
shallow_attn,fc,0.5,0.800000,0.3688027642046934,0.36854923068108175
shallow_attn,fc,0.5,0.825000,0.35241051048978067,0.35218620484951263
shallow_attn,fc,0.5,0.850000,0.3366215607675096,0.3364519448742073
shallow_attn,fc,0.5,0.875000,0.32143459435080834,0.3213361834989273
shallow_attn,fc,0.5,0.900000,0.30684753770505124,0.306827222522449
shallow_attn,fc,0.5,0.925000,0.29285655110190045,0.2929121403100752
shallow_attn,fc,0.5,0.950000,0.2794553022425964,0.2795769798212084
shallow_attn,fc,0.5,0.975000,0.2666345602472755,0.2668069198795077
shallow_attn,fc,0.5,1.000000,0.25438209678264423,0.25458643175180856
shallow_attn,fc,0.5,1.025000,0.24268285018326619,0.24289942258726716
shallow_attn,fc,0.5,1.050000,0.23151929172127805,0.23172936687701973
shallow_attn,fc,0.5,1.075000,0.22087192784835197,0.22105942680628568
shallow_attn,fc,0.5,1.100000,0.21071987501721745,0.21087256216631964
shallow_attn,fc,0.5,1.125000,0.20104145156635134,0.20115163035586586
shallow_attn,fc,0.5,1.150000,0.19181474167016765,0.1918794769158274
shallow_attn,fc,0.5,1.175000,0.1830180977369047,0.18303901699379402
shallow_attn,fc,0.5,1.200000,0.17463055870756583,0.1746133081159656
shallow_attn,fc,0.5,1.225000,0.16663217177935585,0.16658561464383392
shallow_attn,fc,0.5,1.250000,0.15900421378221696,0.15893946430447428
shallow_attn,fc,0.5,1.275000,0.1517293156145607,0.15165869720073666
shallow_attn,fc,0.5,1.300000,0.1447914987436576,0.14472750772673904
shallow_attn,fc,0.5,1.325000,0.13817613680927,0.13813047983167853
shallow_attn,fc,0.5,1.350000,0.131869857891451,0.13185261608906113
shallow_attn,fc,0.5,1.375000,0.12586040411327726,0.1258793610376418
shallow_attn,fc,0.5,1.400000,0.12013646509358933,0.12019661926408308
shallow_attn,fc,0.5,1.425000,0.11468750054145349,0.11479076869543448
shallow_attn,fc,0.5,1.450000,0.109503565235889,0.1096486695622258
shallow_attn,fc,0.5,1.475000,0.10457514703383497,0.10475766948076473
shallow_attn,fc,0.5,1.500000,0.09989302567598368,0.10010560508677041
shallow_attn,fc,0.5,1.525000,0.09544815727611,0.09568080063249802
shallow_attn,fc,0.5,1.550000,0.09123158670716669,0.09147206393676467
shallow_attn,fc,0.5,1.575000,0.08723438780305215,0.08746868005254455
shallow_attn,fc,0.5,1.600000,0.08344762948154205,0.08366040299072135
shallow_attn,fc,0.5,1.625000,0.07986236460186946,0.08003744581183542
shallow_attn,fc,0.5,1.650000,0.07646963758615644,0.07659046937076666
shallow_attn,fc,0.5,1.675000,0.07326050650233729,0.07331056997272188
shallow_attn,fc,0.5,1.700000,0.07022607534599934,0.07018926617305912
shallow_attn,fc,0.5,1.725000,0.06735753257635546,0.06721848492863296
shallow_attn,fc,0.5,1.750000,0.06464619246408954,0.06439054728477098
shallow_attn,fc,0.5,1.775000,0.06208353641190545,0.0616981537598125
shallow_attn,fc,0.5,1.800000,0.05966125204251782,0.059134369568493717
shallow_attn,fc,0.5,1.825000,0.05737126846063667,0.05669260980638358
shallow_attn,fc,0.5,1.850000,0.05520578664900777,0.05436662470009754
shallow_attn,fc,0.5,1.875000,0.05315730443249589,0.05215048501211195
shallow_attn,fc,0.5,1.900000,0.05121863582947095,0.050038567674637165
shallow_attn,fc,0.5,1.925000,0.0493829249065284,0.0480255417141179
shallow_attn,fc,0.5,1.950000,0.04764365446728902,0.04610635451642435
shallow_attn,fc,0.5,1.975000,0.04599465004890768,0.04427621847262877
shallow_attn,fc,0.5,2.000000,0.04443007978296287,0.042530598036290536
shallow_attn,fc,0.5,2.025000,0.04294445071288144,0.04086519721532707
shallow_attn,fc,0.5,2.050000,0.04153260215953114,0.03927594751474929
shallow_attn,fc,0.5,2.075000,0.04018969670033212,0.03775899634064951
shallow_attn,fc,0.5,2.100000,0.038911209283856496,0.03631069587080901
shallow_attn,fc,0.5,2.125000,0.037692914948376566,0.03492759239300612
shallow_attn,fc,0.5,2.150000,0.03653087555463508,0.033606416108520214
shallow_attn,fc,0.5,2.175000,0.035421425884227586,0.032344071395319085
shallow_attn,fc,0.5,2.200000,0.034361159398274665,0.03113762752295615
shallow_attn,fc,0.5,2.225000,0.03334691389835098,0.029984309809202872
shallow_attn,fc,0.5,2.250000,0.03237575728404318,0.028881491206847024
shallow_attn,fc,0.5,2.275000,0.0314449735595439,0.027826684307850874
shallow_attn,fc,0.5,2.300000,0.03055204920546406,0.026817533751129878
shallow_attn,fc,0.5,2.325000,0.029694660001366002,0.025851809019539436
shallow_attn,fc,0.5,2.350000,0.028870658359019696,0.024927397611219253
shallow_attn,fc,0.5,2.375000,0.02807806120556866,0.024042298570184424
shallow_attn,fc,0.5,2.400000,0.027315038439132855,0.02319461636096361
shallow_attn,fc,0.5,2.425000,0.026579901966309882,0.022382555072118837
shallow_attn,fc,0.5,2.450000,0.025871095321041482,0.021604412933645116
shallow_attn,fc,0.5,2.475000,0.025187183856871576,0.020858577133474034
shallow_attn,fc,0.5,2.500000,0.02452684549929418,0.020143518918636836
shallow_attn,fc,0.5,2.525000,0.023888862041248182,0.019457788967005542
shallow_attn,fc,0.5,2.550000,0.023272110962523684,0.01880001301595232
shallow_attn,fc,0.5,2.575000,0.022675557752563802,0.018168887734721407
shallow_attn,fc,0.5,2.600000,0.0220982487156548,0.017563176827779654
shallow_attn,fc,0.5,2.625000,0.02153930423753203,0.016981707356906937
shallow_attn,fc,0.5,2.650000,0.020997912492859427,0.016423366270288828
shallow_attn,fc,0.5,2.675000,0.020473323573678148,0.01588709712737786
shallow_attn,fc,0.5,2.700000,0.019964844019695227,0.015371897008789036
shallow_attn,fc,0.5,2.725000,0.019471831732078115,0.014876813601008254
shallow_attn,fc,0.5,2.750000,0.018993691253200273,0.014400942446161183
shallow_attn,fc,0.5,2.775000,0.018529869395491505,0.01394342434758682
shallow_attn,fc,0.5,2.800000,0.01807985120316813,0.0135034429224213
shallow_attn,fc,0.5,2.825000,0.017643156231138213,0.013080222292847036
shallow_attn,fc,0.5,2.850000,0.017219335125798207,0.012673024908103358
shallow_attn,fc,0.5,2.875000,0.016807966492768722,0.012281149489774493
shallow_attn,fc,0.5,2.900000,0.016408654036868975,0.011903929093276212
shallow_attn,fc,0.5,2.925000,0.016021023959819636,0.0115407292788442
shallow_attn,fc,0.5,2.950000,0.015644722601319327,0.011190946385711102
shallow_attn,fc,0.5,2.975000,0.015279414309266603,0.010854005903492529
shallow_attn,fc,0.5,3.000000,0.014924779525026466,0.010529360935159847
shallow_attn,fc,0.5,3.025000,0.014580513069783585,0.010216490746280376
shallow_attn,fc,0.5,3.050000,0.014246322618190366,0.00991489939552285
shallow_attn,fc,0.5,3.075000,0.013921927345728613,0.00962411444170394
shallow_attn,fc,0.5,3.100000,0.01360705673646212,0.009343685722933544
shallow_attn,fc,0.5,3.125000,0.013301449538164145,0.009073184203666275
shallow_attn,fc,0.5,3.150000,0.013004852852175897,0.00881220088572273
shallow_attn,fc,0.5,3.175000,0.012717021345769797,0.00856034577956125
shallow_attn,fc,0.5,3.200000,0.012437716575270041,0.008317246932311853
shallow_attn,fc,0.5,3.225000,0.012166706408706207,0.008082549509281826
shallow_attn,fc,0.5,3.250000,0.011903764537339878,0.007855914925840547
shallow_attn,fc,0.5,3.275000,0.01164867006600867,0.007637020026771776
shallow_attn,fc,0.5,3.300000,0.011401207172855865,0.007425556310355653
shallow_attn,fc,0.5,3.325000,0.01116116482966234,0.007221229194605152
shallow_attn,fc,0.5,3.350000,0.010928336574652309,0.007023757323232783
shallow_attn,fc,0.5,3.375000,0.01070252033030128,0.0068328719090709365
shallow_attn,fc,0.5,3.400000,0.01048351825932814,0.006648316112797191
shallow_attn,fc,0.5,3.425000,0.01027113665268864,0.006469844454954951
shallow_attn,fc,0.5,3.450000,0.010065185844011615,0.006297222259364868
shallow_attn,fc,0.5,3.475000,0.009865480145510364,0.006130225126150202
shallow_attn,fc,0.5,3.500000,0.009671837800970917,0.005968638432691078
shallow_attn,fc,0.5,3.525000,0.009484080951954188,0.005812256860931846
shallow_attn,fc,0.5,3.550000,0.009302035613846682,0.005660883949557558
shallow_attn,fc,0.5,3.575000,0.00912553165886254,0.005514331669634566
shallow_attn,fc,0.5,3.600000,0.00895440280352311,0.005372420022408773
shallow_attn,fc,0.5,3.625000,0.008788486598533707,0.0052349766580150085
shallow_attn,fc,0.5,3.650000,0.008627624419328295,0.0051018365139386904
shallow_attn,fc,0.5,3.675000,0.008471661455871193,0.0049728414721276004
shallow_attn,fc,0.5,3.700000,0.00832044670058818,0.004847840033726076
shallow_attn,fc,0.5,3.725000,0.008173832933548342,0.004726687010453871
shallow_attn,fc,0.5,3.750000,0.008031676704238877,0.0046092432317188185
shallow_attn,fc,0.5,3.775000,0.007893838309462331,0.004495375266596954
shallow_attn,fc,0.5,3.800000,0.007760181767051955,0.00438495515987154
shallow_attn,fc,0.5,3.825000,0.007630574785239763,0.004277860181360855
shallow_attn,fc,0.5,3.850000,0.007504888727623893,0.00417397258781929
shallow_attn,fc,0.5,3.875000,0.007382998573786437,0.004073179396726176
shallow_attn,fc,0.5,3.900000,0.007264782875682774,0.003975372171325868
shallow_attn,fc,0.5,3.925000,0.007150123709993461,0.003880446816315581
shallow_attn,fc,0.5,3.950000,0.00703890662667328,0.0037883033836064225
shallow_attn,fc,0.5,3.975000,0.006931020593970549,0.0036988458876262074
shallow_attn,fc,0.5,4.000000,0.0068263579402171315,0.0036119821296561735
shallow_attn,fc,0.5,4.025000,0.00672481429270233,0.0035276235307199755
shallow_attn,fc,0.5,4.050000,0.006626288513957745,0.003445684972579932
shallow_attn,fc,0.5,4.075000,0.0065306826357792724,0.0033660846464103494
shallow_attn,fc,0.5,4.100000,0.006437901791311873,0.0032887439087498005
shallow_attn,fc,0.5,4.125000,0.006347854145515752,0.0032135871443476484
shallow_attn,fc,0.5,4.150000,0.006260450824320807,0.003140541635555781
shallow_attn,fc,0.5,4.175000,0.0061756058427658855,0.003069537437917249
shallow_attn,fc,0.5,4.200000,0.006093236032401861,0.003000507261639546
shallow_attn,fc,0.5,4.225000,0.0060132609682226335,0.002933386358647509
shallow_attn,fc,0.5,4.250000,0.005935602895369874,0.002868112414932197
shallow_attn,fc,0.5,4.275000,0.005860186655841426,0.0028046254479229715
shallow_attn,fc,0.5,4.300000,0.005786939615411435,0.002742867708632816
shallow_attn,fc,0.5,4.325000,0.005715791590956476,0.0026827835883323843
shallow_attn,fc,0.5,4.350000,0.005646674778360561,0.0026243195295232785
shallow_attn,fc,0.5,4.375000,0.005579523681156995,0.0025674239410017246
shallow_attn,fc,0.5,4.400000,0.005514275040047756,0.002512047116799274
shallow_attn,fc,0.5,4.425000,0.005450867763423517,0.0024581411588165073
shallow_attn,fc,0.5,4.450000,0.005389242858995225,0.0024056599029599174
shallow_attn,fc,0.5,4.475000,0.005329343366631711,0.0023545588486135268
shallow_attn,fc,0.5,4.500000,0.005271114292483725,0.002304795091278237
shallow_attn,fc,0.5,4.525000,0.00521450254446576,0.0022563272582273074
shallow_attn,fc,0.5,4.550000,0.005159456869150536,0.002209115447027629
shallow_attn,fc,0.5,4.575000,0.005105927790125864,0.002163121166787322
shallow_attn,fc,0.5,4.600000,0.005053867547847091,0.0021183072820026927
shallow_attn,fc,0.5,4.625000,0.00500323004101666,0.0020746379588730468
shallow_attn,fc,0.5,4.650000,0.004953970769507543,0.002032078613968704
shallow_attn,fc,0.5,4.675000,0.004906046778844764,0.0019905958651390177
shallow_attn,fc,0.5,4.700000,0.004859416606249112,0.0019501574845522565
shallow_attn,fc,0.5,4.725000,0.004814040228243499,0.0019107323537686412
shallow_attn,fc,0.5,4.750000,0.004769879009815514,0.0018722904207485434
shallow_attn,fc,0.5,4.775000,0.004726895655126295,0.0018348026587054643
shallow_attn,fc,0.5,4.800000,0.004685054159749069,0.0017982410267173958
shallow_attn,fc,0.5,4.825000,0.004644319764422367,0.001762578432014152
shallow_attn,fc,0.5,4.850000,0.004604658910291604,0.0017277886938635106
shallow_attn,fc,0.5,4.875000,0.00456603919561871,0.0016938465089809934
shallow_attn,fc,0.5,4.900000,0.004528429333930939,0.0016607274183924714
shallow_attn,fc,0.5,4.925000,0.004491799113579886,0.001628407775686919
shallow_attn,fc,0.5,4.950000,0.004456119358681732,0.001596864716589041
shallow_attn,fc,0.5,4.975000,0.0044213618914057395,0.0015660761297978003
shallow_attn,fc,0.5,5.000000,0.004387499495578595,0.001536020629028713
shallow_attn,fc,0.5,5.025000,0.004354505881571269,0.0015066775262095645
shallow_attn,fc,0.5,5.050000,0.004322355652433552,0.0014780268057724868
shallow_attn,fc,0.5,5.075000,0.004291024271242838,0.0014500490999996532
shallow_attn,fc,0.5,5.100000,0.004260488029630749,0.0014227256653687938
shallow_attn,fc,0.5,5.125000,0.004230724017454279,0.0013960383598590484
shallow_attn,fc,0.5,5.150000,0.004201710093575728,0.0013699696211715122
shallow_attn,fc,0.5,5.175000,0.004173424857717545,0.001344502445826072
shallow_attn,fc,0.5,5.200000,0.004145847623356791,0.001319620369094148
shallow_attn,fc,0.5,5.225000,0.004118958391627681,0.0012953074457320137
shallow_attn,fc,0.5,5.250000,0.004092737826195236,0.0012715482314793827
shallow_attn,fc,0.5,5.275000,0.004067167229071411,0.0012483277652897444
shallow_attn,fc,0.5,5.300000,0.00404222851733782,0.0012256315522594916
shallow_attn,fc,0.5,5.325000,0.004017904200746325,0.0012034455472299352
shallow_attn,fc,0.5,5.350000,0.003994177360164941,0.0011817561390265222
shallow_attn,fc,0.5,5.375000,0.003971031626840094,0.0011605501353155188
shallow_attn,fc,0.5,5.400000,0.003948451162444688,0.0011398147480441024
shallow_attn,fc,0.5,5.425000,0.003926420639885242,0.0011195375794464772
shallow_attn,fc,0.5,5.450000,0.003904925224837874,0.0010997066085859438
shallow_attn,fc,0.5,5.475000,0.0038839505579886247,0.0010803101784139062
shallow_attn,fc,0.5,5.500000,0.003863482737950563,0.0010613369833224516
shallow_attn,fc,0.5,5.525000,0.003843508304832155,0.0010427760571714813
shallow_attn,fc,0.5,5.550000,0.0038240142244332365,0.0010246167617677558
shallow_attn,fc,0.5,5.575000,0.0038049878730441744,0.001006848775780092
shallow_attn,fc,0.5,5.600000,0.003786417022825006,0.0009894620840704305
shallow_attn,fc,0.5,5.625000,0.003768289827743687,0.000972446967424831
shallow_attn,fc,0.5,5.650000,0.003750594810049246,0.0009557939926686374
shallow_attn,fc,0.5,5.675000,0.0037333208472624113,0.0009394940031462534
shallow_attn,fc,0.5,5.700000,0.0037164571596612905,0.0009235381095562882
shallow_attn,fc,0.5,5.725000,0.0036999932982437755,0.0009079176811237815
shallow_attn,fc,0.5,5.750000,0.003683919133148028,0.0008926243370957384
shallow_attn,fc,0.5,5.775000,0.003668224842513057,0.000877649938550017
shallow_attn,fc,0.5,5.800000,0.0036529009017621794,0.0008629865805003556
shallow_attn,fc,0.5,5.825000,0.0036379380732926014,0.0008486265842915688
shallow_attn,fc,0.5,5.850000,0.0036233273965550206,0.0008345624902662513
shallow_attn,fc,0.5,5.875000,0.00360906017850926,0.0008207870506999125
shallow_attn,fc,0.5,5.900000,0.0035951279844383954,0.0008072932229858862
shallow_attn,fc,0.5,5.925000,0.0035815226291103786,0.0007940741630678401
shallow_attn,fc,0.5,5.950000,0.003568236168270511,0.0007811232191043099
shallow_attn,fc,0.5,5.975000,0.003555260890454326,0.0007684339253583744
shallow_attn,fc,0.5,6.000000,0.0035425893091064475,0.0007559999963054072
shallow_attn,fc,2,0.000000,1.0,0.9999979292399579
shallow_attn,fc,2,0.025000,0.9992877587616178,0.9992961010731113
shallow_attn,fc,2,0.050000,0.9971549121418377,0.9971948653968338
shallow_attn,fc,2,0.075000,0.9936137857502392,0.9937069079517921
shallow_attn,fc,2,0.100000,0.9886862498978998,0.9888531709729896
shallow_attn,fc,2,0.125000,0.982404485005201,0.9826625583062567
shallow_attn,fc,2,0.150000,0.9748112041536416,0.9751715344708285
shallow_attn,fc,2,0.175000,0.9659591738556033,0.9664236288215278
shallow_attn,fc,2,0.200000,0.9559099708000204,0.95646885815437
shallow_attn,fc,2,0.225000,0.944732058598125,0.9453630826547406
shallow_attn,fc,2,0.250000,0.9324984244106823,0.9331673109752425
shallow_attn,fc,2,0.275000,0.9192841278483788,0.919946970463837
shallow_attn,fc,2,0.300000,0.9051641382544109,0.9057711581949571
shallow_attn,fc,2,0.325000,0.8902117555627704,0.890711887570984
shallow_attn,fc,2,0.350000,0.8744977493412883,0.8748433439638938
shallow_attn,fc,2,0.375000,0.8580901677760661,0.8582411612720591
shallow_attn,fc,2,0.400000,0.8410546274947857,0.8409817294902436
shallow_attn,fc,2,0.425000,0.823454838123844,0.8231415415386202
shallow_attn,fc,2,0.450000,0.8053531452349385,0.8047965857616002
shallow_attn,fc,2,0.475000,0.7868109601821652,0.7860217887637229
shallow_attn,fc,2,0.500000,0.7678890393662176,0.7668905116525188
shallow_attn,fc,2,0.525000,0.7486476415009041,0.7474741013425734
shallow_attn,fc,2,0.550000,0.7291466143295439,0.72784149735908
shallow_attn,fc,2,0.575000,0.7094454485415438,0.7080588935663934
shallow_attn,fc,2,0.600000,0.6896033051651428,0.6881894534295714
shallow_attn,fc,2,0.625000,0.6696789930217937,0.668293076778535
shallow_attn,fc,2,0.650000,0.6497308575778863,0.6484262155643347
shallow_attn,fc,2,0.675000,0.6298165452594523,0.6286417357517053
shallow_attn,fc,2,0.700000,0.6099926243325282,0.6089888222581751
shallow_attn,fc,2,0.725000,0.5903140675358577,0.589512923705394
shallow_attn,fc,2,0.750000,0.570833625317857,0.570255733673549
shallow_attn,fc,2,0.775000,0.551601136272462,0.551255205128223
shallow_attn,fc,2,0.800000,0.5326628304653417,0.5325455947076924
shallow_attn,fc,2,0.825000,0.5140606816439764,0.5141575336073486
shallow_attn,fc,2,0.850000,0.4958318574839071,0.49611812186950627
shallow_attn,fc,2,0.875000,0.47800830555878526,0.4784510429764151
shallow_attn,fc,2,0.900000,0.46061649921205694,0.4611766957488485
shallow_attn,fc,2,0.925000,0.4436773540514253,0.4443123406704296
shallow_attn,fc,2,0.950000,0.42720631376402207,0.4278722578879763
shallow_attn,fc,2,0.975000,0.4112135940352307,0.4118679142800541
shallow_attn,fc,2,1.000000,0.3957045656863122,0.39630813713912205
shallow_attn,fc,2,1.025000,0.3806802525565116,0.38119929217645976
shallow_attn,fc,2,1.050000,0.36613791587503286,0.3665454637324295
shallow_attn,fc,2,1.075000,0.35207169466813437,0.35234863525610427
shallow_attn,fc,2,1.100000,0.3384732709977636,0.3386088683060421
shallow_attn,fc,2,1.125000,0.3253325294922764,0.325324478515772
shallow_attn,fc,2,1.150000,0.31263818270641064,0.31249220716094483
shallow_attn,fc,2,1.175000,0.3003783373061186,0.3001073871574854
shallow_attn,fc,2,1.200000,0.2885409807949524,0.28816410250883695
shallow_attn,fc,2,1.225000,0.27711437424206764,0.27665534040303363
shallow_attn,fc,2,1.250000,0.26608734287470504,0.2655731353345545
shallow_attn,fc,2,1.275000,0.2554494630038957,0.2549087047897165
shallow_attn,fc,2,1.300000,0.24519115006179015,0.24465257618608027
shallow_attn,fc,2,1.325000,0.235303658061765,0.234794704894746
shallow_attn,fc,2,1.350000,0.2257790051462054,0.22532458329861285
shallow_attn,fc,2,1.375000,0.21660984278652473,0.21623134094921204
shallow_attn,fc,2,1.400000,0.20778928752626247,0.2075038359795181
shallow_attn,fc,2,1.425000,0.19931073395319043,0.199130738010403
shallow_attn,fc,2,1.450000,0.1911676660374716,0.19110060285465802
shallow_attn,fc,2,1.475000,0.18335348137724716,0.18340193937552854
shallow_attn,fc,2,1.500000,0.1758613396123233,0.17602326889740094
shallow_attn,fc,2,1.525000,0.16868404267809922,0.16895317759573308
shallow_attn,fc,2,1.550000,0.16181395102441543,0.16218036231265762
shallow_attn,fc,2,1.575000,0.15524293670414346,0.15569367025510647
shallow_attn,fc,2,1.600000,0.14896237154833103,0.14948213303498506
shallow_attn,fc,2,1.625000,0.14296314660393805,0.1435349955070108
shallow_attn,fc,2,1.650000,0.13723571764929066,0.13784173985045117
shallow_attn,fc,2,1.675000,0.13177017088520293,0.13239210532712925
shallow_attn,fc,2,1.700000,0.12655630274111085,0.12717610413072902
shallow_attn,fc,2,1.725000,0.12158370802114371,0.12218403372238908
shallow_attn,fc,2,1.750000,0.11684187121992162,0.11740648602565415
shallow_attn,fc,2,1.775000,0.11232025664131207,0.11283435383068481
shallow_attn,fc,2,1.800000,0.10800839384913397,0.1084588347337509
shallow_attn,fc,2,1.825000,0.10389595588094036,0.1042714329139894
shallow_attn,fc,2,1.850000,0.09997282850111067,0.10026395902552457
shallow_attn,fc,2,1.875000,0.09622916951562543,0.09642852845968962
shallow_attn,fc,2,1.900000,0.0926554577952643,0.09275755820948363
shallow_attn,fc,2,1.925000,0.08924253214892608,0.08924376254675773
shallow_attn,fc,2,1.950000,0.08598162055815772,0.08588014770206033
shallow_attn,fc,2,1.975000,0.08286436053919477,0.08266000571771653
shallow_attn,fc,2,2.000000,0.0798828115557868,0.07957690762659296
shallow_attn,fc,2,2.025000,0.07702946048253079,0.07662469609216203
shallow_attn,fc,2,2.050000,0.07429722113220649,0.0737974776299044
shallow_attn,fc,2,2.075000,0.0716794288281396,0.07108961451578498
shallow_attn,fc,2,2.100000,0.06916983093847184,0.06849571647443305
shallow_attn,fc,2,2.125000,0.06676257420542364,0.06601063222774378
shallow_attn,fc,2,2.150000,0.06445218960890364,0.06362944097380911
shallow_attn,fc,2,2.175000,0.06223357540746166,0.06134744385632948
shallow_attn,fc,2,2.200000,0.060101978905897524,0.05916015547589158
shallow_attn,fc,2,2.225000,0.05805297741136117,0.05706329548664664
shallow_attn,fc,2,2.250000,0.056082458760635,0.05505278031492643
shallow_attn,fc,2,2.275000,0.05418660173149337,0.05312471503010885
shallow_attn,fc,2,2.300000,0.05236185659079151,0.0512753853925513
shallow_attn,fc,2,2.325000,0.05060492598086064,0.049501250098557395
shallow_attn,fc,2,2.350000,0.04891274630313969,0.047798933238089425
shallow_attn,fc,2,2.375000,0.04728246972279415,0.046165216977224074
shallow_attn,fc,2,2.400000,0.04571144688928941,0.044597034474109544
shallow_attn,fc,2,2.425000,0.044197210444468005,0.04309146303439602
shallow_attn,fc,2,2.450000,0.04273745937061202,0.04164571750968536
shallow_attn,fc,2,2.475000,0.041330044215381334,0.040257143940502574
shallow_attn,fc,2,2.500000,0.03997295321761418,0.038923213443524764
shallow_attn,fc,2,2.525000,0.03866429934713922,0.03764151634132921
shallow_attn,fc,2,2.550000,0.0374023082624636,0.036409756531684365
shallow_attn,fc,2,2.575000,0.036185307182079574,0.03522574609238472
shallow_attn,fc,2,2.600000,0.03501171465790598,0.034087400116785065
shallow_attn,fc,2,2.625000,0.033880031232869534,0.03299273177452561
shallow_attn,fc,2,2.650000,0.03278883095870677,0.03193984759139919
shallow_attn,fc,2,2.675000,0.03173675374471829,0.030926942941904803
shallow_attn,fc,2,2.700000,0.030722498503390816,0.029952297747731768
shallow_attn,fc,2,2.725000,0.029744817054564443,0.02901427237521226
shallow_attn,fc,2,2.750000,0.028802508746188726,0.02811130372463498
shallow_attn,fc,2,2.775000,0.027894415746716916,0.027241901504269916
shallow_attn,fc,2,2.800000,0.027019418961879094,0.026404644681927984
shallow_attn,fc,2,2.825000,0.02617643452695051,0.025598178106928483
shallow_attn,fc,2,2.850000,0.02536441082472618,0.024821209295431242
shallow_attn,fc,2,2.875000,0.024582325979187303,0.024072505372191445
shallow_attn,fc,2,2.900000,0.023829185775292694,0.023350890161948933
shallow_attn,fc,2,2.925000,0.023104021956383947,0.022655241423814636
shallow_attn,fc,2,2.950000,0.022405890852320698,0.02198448822219974
shallow_attn,fc,2,2.975000,0.021733872293563383,0.021337608428025324
shallow_attn,fc,2,3.000000,0.021087068768941175,0.020713626344142904
shallow_attn,fc,2,3.025000,0.020464604787683527,0.020111610449121096
shallow_attn,fc,2,3.050000,0.019865626409379167,0.019530671253741985
shallow_attn,fc,2,3.075000,0.019289300908766238,0.018969959264783273
shallow_attn,fc,2,3.100000,0.01873481654558673,0.01842866305087054
shallow_attn,fc,2,3.125000,0.01820138241306357,0.01790600740538857
shallow_attn,fc,2,3.150000,0.017688228341847245,0.01740125160166688
shallow_attn,fc,2,3.175000,0.01719460483944213,0.01691368773584563
shallow_attn,fc,2,3.200000,0.016719783048147696,0.016442639153041987
shallow_attn,fc,2,3.225000,0.016263054707374103,0.015987458952627043
shallow_attn,fc,2,3.250000,0.015823732108813493,0.01554752856862642
shallow_attn,fc,2,3.275000,0.015401148035328549,0.015122256421425359
shallow_attn,fc,2,3.300000,0.014994655676568547,0.014711076637163482
shallow_attn,fc,2,3.325000,0.014603628516221101,0.014313447831357885
shallow_attn,fc,2,3.350000,0.014227460187472674,0.013928851953473702
shallow_attn,fc,2,3.375000,0.013865564294680666,0.013556793189317143
shallow_attn,fc,2,3.400000,0.013517374200469945,0.013196796918281035
shallow_attn,fc,2,3.425000,0.013182342778475853,0.012848408722622606
shallow_attn,fc,2,3.450000,0.01285994213277164,0.012511193446095005
shallow_attn,fc,2,3.475000,0.012549663285667867,0.012184734299390572
shallow_attn,fc,2,3.500000,0.012251015836068468,0.011868632009980432
shallow_attn,fc,2,3.525000,0.01196352759092778,0.011562504014061415
shallow_attn,fc,2,3.550000,0.011686744172603292,0.011265983688439207
shallow_attn,fc,2,3.575000,0.011420228605040883,0.010978719620289117
shallow_attn,fc,2,3.600000,0.011163560881799595,0.010700374912838966
shallow_attn,fc,2,3.625000,0.010916337518910302,0.010430626525124654
shallow_attn,fc,2,3.650000,0.010678171095505395,0.010169164644067214
shallow_attn,fc,2,3.675000,0.010448689785052201,0.00991569208720407
shallow_attn,fc,2,3.700000,0.010227536879878985,0.009669923734501585
shallow_attn,fc,2,3.725000,0.010014370311522747,0.009431585987756015
shallow_attn,fc,2,3.750000,0.00980886216924337,0.009200416256170275
shallow_attn,fc,2,3.775000,0.00961069821885907,0.008976162466764602
shallow_attn,fc,2,3.800000,0.009419577423861014,0.008758582598353621
shallow_attn,fc,2,3.825000,0.009235211470565607,0.00854744423788731
shallow_attn,fc,2,3.850000,0.009057324298871294,0.008342524158018077
shallow_attn,fc,2,3.875000,0.008885651639996328,0.008143607914814084
shallow_attn,fc,2,3.900000,0.008719940562394113,0.007950489464597189
shallow_attn,fc,2,3.925000,0.008559949026870517,0.007762970798941056
shallow_attn,fc,2,3.950000,0.00840544545176991,0.007580861596905375
shallow_attn,fc,2,3.975000,0.008256208288944689,0.007403978893646075
shallow_attn,fc,2,4.000000,0.008112025611086926,0.0072321467645740005
shallow_attn,fc,2,4.025000,0.007972694710875472,0.0070651960242810626
shallow_attn,fc,2,4.050000,0.00783802171227932,0.00690296393950086
shallow_attn,fc,2,4.075000,0.007707821194250064,0.006745293955398438
shallow_attn,fc,2,4.100000,0.0075819158269518905,0.00659203543452906
shallow_attn,fc,2,4.125000,0.007460136020590369,0.0064430434078363
shallow_attn,fc,2,4.150000,0.007342319586831514,0.006298178337093973
shallow_attn,fc,2,4.175000,0.007228311412739941,0.006157305888229191
shallow_attn,fc,2,4.200000,0.007117963147110995,0.006020296714986096
shallow_attn,fc,2,4.225000,0.007011132899023331,0.005887026252428785
shallow_attn,fc,2,4.250000,0.006907684948400772,0.005757374519800969
shallow_attn,fc,2,4.275000,0.006807489468337979,0.005631225932281169
shallow_attn,fc,2,4.300000,0.006710422258917936,0.005508469121209777
shallow_attn,fc,2,4.325000,0.006616364492225912,0.005388996762367058
shallow_attn,fc,2,4.350000,0.00652520246824928,0.005272705411922309
shallow_attn,fc,2,4.375000,0.006436827381335775,0.005159495349679465
shallow_attn,fc,2,4.400000,0.006351135096877458,0.005049270429270179
shallow_attn,fc,2,4.425000,0.006268025937877675,0.004941937934961711
shallow_attn,fc,2,4.450000,0.006187404481056036,0.004837408444764286
shallow_attn,fc,2,4.475000,0.006109179362146722,0.004735595699538422
shallow_attn,fc,2,4.500000,0.006033263090042484,0.00463641647781682
shallow_attn,fc,2,4.525000,0.005959571869445068,0.004539790476073858
shallow_attn,fc,2,4.550000,0.005888025431680655,0.0044456401941804025
shallow_attn,fc,2,4.575000,0.005818546873351371,0.0043538908258078015
shallow_attn,fc,2,4.600000,0.005751062502493687,0.004264470153542824
shallow_attn,fc,2,4.625000,0.00568550169192783,0.004177308448501121
shallow_attn,fc,2,4.650000,0.005621796739486595,0.00409233837422035
shallow_attn,fc,2,4.675000,0.005559882734823884,0.004009494894645649
shallow_attn,fc,2,4.700000,0.005499697432507777,0.003928715186011864
shallow_attn,fc,2,4.725000,0.005441181131119577,0.003849938552444208
shallow_attn,fc,2,4.750000,0.005384276558082157,0.0037731063451085585
shallow_attn,fc,2,4.775000,0.005328928759956386,0.003698161884748136
shallow_attn,fc,2,4.800000,0.0052750849979509296,0.0036250503874534
shallow_attn,fc,2,4.825000,0.005222694648403303,0.0035537188935180495
shallow_attn,fc,2,4.850000,0.005171709107996358,0.0034841161992384935
shallow_attn,fc,2,4.875000,0.005122081703486936,0.003416192791532784
shallow_attn,fc,2,4.900000,0.005073767605731638,0.003349900785240403
shallow_attn,fc,2,4.925000,0.005026723747802442,0.0032851938629953315
shallow_attn,fc,2,4.950000,0.0049809087469975255,0.0032220272175482114
shallow_attn,fc,2,4.975000,0.004936282830557359,0.003160357496432501
shallow_attn,fc,2,5.000000,0.004892807764906748,0.0031001427488730796
shallow_attn,fc,2,5.025000,0.004850446788251417,0.0030413423748346722
shallow_attn,fc,2,5.050000,0.0048091645463663735,0.0029839170761159985
shallow_attn,fc,2,5.075000,0.004768927031417847,0.0029278288094051505
shallow_attn,fc,2,5.100000,0.0047297015236733575,0.0028730407412039653
shallow_attn,fc,2,5.125000,0.004691456535955374,0.0028195172045440277
shallow_attn,fc,2,5.150000,0.004654161760705877,0.002767223657416334
shallow_attn,fc,2,5.175000,0.004617788019532276,0.002716126642840039
shallow_attn,fc,2,5.200000,0.00458230721511399,0.0026661937504989823
shallow_attn,fc,2,5.225000,0.004547692285352456,0.0026173935798797948
shallow_attn,fc,2,5.250000,0.004513917159655101,0.00256969570484818
shallow_attn,fc,2,5.275000,0.004480956717247575,0.002523070639600119
shallow_attn,fc,2,5.300000,0.004448786747416111,0.002477489805931105
shallow_attn,fc,2,5.325000,0.004417383911582751,0.0024329255017677574
shallow_attn,fc,2,5.350000,0.004386725707126615,0.002389350870906149
shallow_attn,fc,2,5.375000,0.0043567904328633,0.0023467398739123713
shallow_attn,fc,2,5.400000,0.004327557156102113,0.002305067260127343
shallow_attn,fc,2,5.425000,0.0042990056812038935,0.0022643085407395933
shallow_attn,fc,2,5.450000,0.00427111651956702,0.0022244399628739303
shallow_attn,fc,2,5.475000,0.004243870860970778,0.002185438484659717
shallow_attn,fc,2,5.500000,0.004217250546210249,0.002147281751233332
shallow_attn,fc,2,5.525000,0.004191238040961998,0.00210994807163994
shallow_attn,fc,2,5.550000,0.004165816410817702,0.002073416396598594
shallow_attn,fc,2,5.575000,0.004140969297432129,0.002037666297088671
shallow_attn,fc,2,5.600000,0.0041166808957308065,0.002002677943734377
shallow_attn,fc,2,5.625000,0.00409293593212523,0.0019684320869470203
shallow_attn,fc,2,5.650000,0.00406971964368974,0.001934910037795905
shallow_attn,fc,2,5.675000,0.004047017758252003,0.0019020936495821128
shallow_attn,fc,2,5.700000,0.0040248164753540205,0.0018699653000843219
shallow_attn,fc,2,5.725000,0.004003102448042695,0.0018385078744475162
shallow_attn,fc,2,5.750000,0.003981862765451094,0.001807704748695522
shallow_attn,fc,2,5.775000,0.00396108493613101,0.0017775397738341902
shallow_attn,fc,2,5.800000,0.00394075687210349,0.0017479972605298807
shallow_attn,fc,2,5.825000,0.003920866873592832,0.0017190619643353434
shallow_attn,fc,2,5.850000,0.0039014036144113806,0.0016907190714431513
shallow_attn,fc,2,5.875000,0.003882356127966169,0.0016629541849460688
shallow_attn,fc,2,5.900000,0.003863713793856749,0.0016357533115849763
shallow_attn,fc,2,5.925000,0.003845466325038349,0.0016091028489635777
shallow_attn,fc,2,5.950000,0.003827603755523157,0.0015829895732162476
shallow_attn,fc,2,5.975000,0.0038101164285949674,0.0015574006271040614
shallow_attn,fc,2,6.000000,0.003792994985515108,0.0015323235085293945
shallow_attn,fc,5,0.000000,1.0,0.9999990149527557
shallow_attn,fc,5,0.025000,0.9995567988727889,0.9995535545956326
shallow_attn,fc,5,0.050000,0.9982293225200558,0.9982182550348954
shallow_attn,fc,5,0.075000,0.9960237411387397,0.9959963639857915
shallow_attn,fc,5,0.100000,0.9929498897989335,0.9928933046151531
shallow_attn,fc,5,0.125000,0.9890208720087984,0.988916689954814
shallow_attn,fc,5,0.150000,0.9842526339313674,0.9840763410260884
shallow_attn,fc,5,0.175000,0.978663493783416,0.9783843067201043
shallow_attn,fc,5,0.200000,0.9722736220877154,0.9718548830579382
shallow_attn,fc,5,0.225000,0.9651044867014192,0.9645046291303571
shallow_attn,fc,5,0.250000,0.957178297334245,0.95635237680383
shallow_attn,fc,5,0.275000,0.9485175012163719,0.9474192311874634
shallow_attn,fc,5,0.300000,0.9391443884953642,0.9377285588901255
shallow_attn,fc,5,0.325000,0.9290808592408503,0.9273059612587633
shallow_attn,fc,5,0.350000,0.9183483842538225,0.9161792300730569
shallow_attn,fc,5,0.375000,0.9069681640724336,0.904378283568314
shallow_attn,fc,5,0.400000,0.8949614619253994,0.8919350811532322
shallow_attn,fc,5,0.425000,0.8823500638697397,0.8788835157629997
shallow_attn,fc,5,0.450000,0.8691568071997557,0.8652592834188174
shallow_attn,fc,5,0.475000,0.8554061169617682,0.8510997302275789
shallow_attn,fc,5,0.500000,0.8411244975484635,0.8364436777241008
shallow_attn,fc,5,0.525000,0.8263409380233485,0.8213312281068833
shallow_attn,fc,5,0.550000,0.811087202555779,0.8058035515220902
shallow_attn,fc,5,0.575000,0.7953979890050348,0.789902658086808
shallow_attn,fc,5,0.600000,0.7793109485764234,0.7736711577926741
shallow_attn,fc,5,0.625000,0.7628665677534988,0.7571520117798487
shallow_attn,fc,5,0.650000,0.746107920751795,0.7403882787090609
shallow_attn,fc,5,0.675000,0.7290803066654493,0.7234228600810844
shallow_attn,fc,5,0.700000,0.7118307901021304,0.7062982483585597
shallow_attn,fc,5,0.725000,0.6944076671146588,0.6890562816393245
shallow_attn,fc,5,0.750000,0.6768598794678893,0.6717379084223036
shallow_attn,fc,5,0.775000,0.6592363998634471,0.6543829657089731
shallow_attn,fc,5,0.800000,0.6415856091388475,0.6370299733105577
shallow_attn,fc,5,0.825000,0.6239546843050083,0.6197159468002725
shallow_attn,fc,5,0.850000,0.6063890142161706,0.6024762310788355
shallow_attn,fc,5,0.875000,0.5889316581027971,0.5853443560278541
shallow_attn,fc,5,0.900000,0.5716228612464116,0.5683519152265687
shallow_attn,fc,5,0.925000,0.5544996415119756,0.5515284682184035
shallow_attn,fc,5,0.950000,0.5375954598121391,0.5349014663486072
shallow_attn,fc,5,0.975000,0.5209399863001337,0.5184962017644935
shallow_attn,fc,5,1.000000,0.5045589716921282,0.5023357787844921
shallow_attn,fc,5,1.025000,0.48847422934330087,0.4864411065080455
shallow_attn,fc,5,1.050000,0.47270372858809173,0.4708309112594444
shallow_attn,fc,5,1.075000,0.45726179376471743,0.45552176723692184
shallow_attn,fc,5,1.100000,0.4421593968955224,0.44052814357346226
shallow_attn,fc,5,1.125000,0.4274045259507646,0.42586246590588206
shallow_attn,fc,5,1.150000,0.41300260575132275,0.41153519049035014
shallow_attn,fc,5,1.175000,0.3989569455018349,0.3975548888910253
shallow_attn,fc,5,1.200000,0.38526918608989313,0.38392834129850273
shallow_attn,fc,5,1.225000,0.3719397217448479,0.370660636600358
shallow_attn,fc,5,1.250000,0.3589680742284904,0.3577552774211005
shallow_attn,fc,5,1.275000,0.34635320298128947,0.34521428846717805
shallow_attn,fc,5,1.300000,0.33409374094827626,0.3330383266483743
shallow_attn,fc,5,1.325000,0.3221881524559529,0.32122679159448314
shallow_attn,fc,5,1.350000,0.3106348158236105,0.30977793534049813
shallow_attn,fc,5,1.375000,0.2994320387905983,0.2986889701102368
shallow_attn,fc,5,1.400000,0.28857801891007284,0.2879561732835211
shallow_attn,fc,5,1.425000,0.27807076357689153,0.277574988782547
shallow_attn,fc,5,1.450000,0.26790798529366544,0.26754012425636026
shallow_attn,fc,5,1.475000,0.25808698727441515,0.25784564357642004
shallow_attn,fc,5,1.500000,0.24860455280697702,0.24848505427970202
shallow_attn,fc,5,1.525000,0.23945684928641686,0.2394513897077521
shallow_attn,fc,5,1.550000,0.23063935485994036,0.2307372856900662
shallow_attn,fc,5,1.575000,0.22214681253602164,0.2223350517080542
shallow_attn,fc,5,1.600000,0.21397321369900324,0.2142367365518528
shallow_attn,fc,5,1.625000,0.2061118104521069,0.20643418854680623
shallow_attn,fc,5,1.650000,0.19855515422114933,0.198919110480207
shallow_attn,fc,5,1.675000,0.19129515664424823,0.19168310940259609
shallow_attn,fc,5,1.700000,0.18432316793912018,0.1847177415124742
shallow_attn,fc,5,1.725000,0.17763006761948819,0.17801455235952063
shallow_attn,fc,5,1.750000,0.17120636253443877,0.1715651126203154
shallow_attn,fc,5,1.775000,0.16504228762368323,0.16536104971299231
shallow_attn,fc,5,1.800000,0.15912790541137367,0.15939407552411586
shallow_attn,fc,5,1.825000,0.15345320100472004,0.1536560105231757
shallow_attn,fc,5,1.850000,0.14800817014046785,0.14813880453823608
shallow_attn,fc,5,1.875000,0.1427828985702444,0.14283455446115373
shallow_attn,fc,5,1.900000,0.1377676317518639,0.13773551914301999
shallow_attn,fc,5,1.925000,0.13295283439196948,0.13283413173068498
shallow_attn,fc,5,1.950000,0.12832923985444045,0.12812300968388157
shallow_attn,fc,5,1.975000,0.1238878898084056,0.12359496270000238
shallow_attn,fc,5,2.000000,0.11962016474691639,0.11924299876040963
shallow_attn,fc,5,2.025000,0.11551780617469998,0.11506032849854929
shallow_attn,fc,5,2.050000,0.11157293135574242,0.11104036807640862
shallow_attn,fc,5,2.075000,0.10777804154415671,0.10717674074218457
shallow_attn,fc,5,2.100000,0.10412602460961717,0.10346327722860513
shallow_attn,fc,5,2.125000,0.10061015292471409,0.09989401513832925
shallow_attn,fc,5,2.150000,0.09722407731716465,0.09646319745030717
shallow_attn,fc,5,2.175000,0.09396181781386614,0.09316527026902503
shallow_attn,fc,5,2.200000,0.09081775182337137,0.08999487992723759
shallow_attn,fc,5,2.225000,0.0877866003235177,0.08694686954211561
shallow_attn,fc,5,2.250000,0.08486341254515128,0.0840162751147613
shallow_attn,fc,5,2.275000,0.08204354957330551,0.08119832125375193
shallow_attn,fc,5,2.300000,0.07932266722488046,0.07848841659474731
shallow_attn,fc,5,2.325000,0.07669669850718475,0.07588214898026313
shallow_attn,fc,5,2.350000,0.07416183591437597,0.07337528045640314
shallow_attn,fc,5,2.375000,0.07171451377832094,0.0709637421366524
shallow_attn,fc,5,2.400000,0.06935139085586828,0.06864362897674837
shallow_attn,fc,5,2.425000,0.06706933330514198,0.06641119449909502
shallow_attn,fc,5,2.450000,0.06486539817832282,0.06426284550016602
shallow_attn,fc,5,2.475000,0.06273681753669103,0.06219513676981234
shallow_attn,fc,5,2.500000,0.06068098327472227,0.060204765847302694
shallow_attn,fc,5,2.525000,0.05869543272316502,0.05828856783526772
shallow_attn,fc,5,2.550000,0.056777835085799144,0.05644351028943357
shallow_attn,fc,5,2.575000,0.054925978750614,0.05466668819911841
shallow_attn,fc,5,2.600000,0.05313775950321331,0.05295531907085509
shallow_attn,fc,5,2.625000,0.05141116965817927,0.05130673812520908
shallow_attn,fc,5,2.650000,0.049744288112853474,0.04971839361481907
shallow_attn,fc,5,2.675000,0.048135271317486183,0.048187842269903004
shallow_attn,fc,5,2.700000,0.04658234514600945,0.046712744875897896
shallow_attn,fc,5,2.725000,0.04508379764284964,0.045290861986530255
shallow_attn,fc,5,2.750000,0.043637972613295495,0.04392004977442389
shallow_attn,fc,5,2.775000,0.04224326401802314,0.04259825602031256
shallow_attn,fc,5,2.800000,0.040898111126537406,0.04132351624104625
shallow_attn,fc,5,2.825000,0.039600994379537235,0.04009394995580804
shallow_attn,fc,5,2.850000,0.0383504319065846,0.03890775708931617
shallow_attn,fc,5,2.875000,0.03714497664293548,0.037763214510238105
shallow_attn,fc,5,2.900000,0.035983213987962115,0.036658672702594416
shallow_attn,fc,5,2.925000,0.03486375994717461,0.03559255256754023
shallow_attn,fc,5,2.950000,0.03378525970039514,0.034563342352615975
shallow_attn,fc,5,2.975000,0.03274638654002637,0.03356959470530945
shallow_attn,fc,5,3.000000,0.03174584112548673,0.03260992384757856
shallow_attn,fc,5,3.025000,0.030782351002654806,0.03168300286784069
shallow_attn,fc,5,3.050000,0.029854670340427436,0.030787561126827977
shallow_attn,fc,5,3.075000,0.028961579840155127,0.02992238177364323
shallow_attn,fc,5,3.100000,0.028101886777637586,0.02908629936830695
shallow_attn,fc,5,3.125000,0.027274425141439185,0.028278197607078143
shallow_attn,fc,5,3.150000,0.026478055835421066,0.02749700714683811
shallow_attn,fc,5,3.175000,0.025711666917482168,0.02674170352486146
shallow_attn,fc,5,3.200000,0.024974173850497383,0.026011305170332698
shallow_attn,fc,5,3.225000,0.02426451974525179,0.025304871504035504
shallow_attn,fc,5,3.250000,0.023581675578765227,0.024621501122705596
shallow_attn,fc,5,3.275000,0.022924640374730187,0.02396033006461559
shallow_attn,fc,5,3.300000,0.022292441335823976,0.02332053015304608
shallow_attn,fc,5,3.325000,0.02168413392040136,0.022701307414390606
shallow_attn,fc,5,3.350000,0.021098801858491223,0.022101900567731217
shallow_attn,fc,5,3.375000,0.020535557104152335,0.02152157958282148
shallow_attn,fc,5,3.400000,0.01999353972305795,0.020959644303520642
shallow_attn,fc,5,3.425000,0.019471917715717546,0.020415423133807592
shallow_attn,fc,5,3.450000,0.018969886778017697,0.019888271783622076
shallow_attn,fc,5,3.475000,0.0184866700017845,0.019377572071868618
shallow_attn,fc,5,3.500000,0.01802151751887393,0.018882730784027312
shallow_attn,fc,5,3.525000,0.017573706092896324,0.01840317858190917
shallow_attn,fc,5,3.550000,0.01714253866310489,0.017938368963193514
shallow_attn,fc,5,3.575000,0.016727343845252207,0.017487777268482583
shallow_attn,fc,5,3.600000,0.01632747539435586,0.017050899733695963
shallow_attn,fc,5,3.625000,0.0159423116343429,0.01662725258572584
shallow_attn,fc,5,3.650000,0.015571254859484518,0.01621637117935688
shallow_attn,fc,5,3.675000,0.015213730712392737,0.015817809173541454
shallow_attn,fc,5,3.700000,0.014869187543156692,0.015431137745210538
shallow_attn,fc,5,3.725000,0.014537095753961782,0.015055944838867765
shallow_attn,fc,5,3.750000,0.014216947133258606,0.014691834450308115
shallow_attn,fc,5,3.775000,0.013908254183262359,0.014338425942863312
shallow_attn,fc,5,3.800000,0.01361054944425455,0.013995353394657682
shallow_attn,fc,5,3.825000,0.013323384818852202,0.013662264975421378
shallow_attn,fc,5,3.850000,0.013046330899098346,0.013338822351480577
shallow_attn,fc,5,3.875000,0.012778976298926437,0.0130247001176001
shallow_attn,fc,5,3.900000,0.012520926994258108,0.012719585254425991
shallow_attn,fc,5,3.925000,0.012271805672712133,0.012423176610320625
shallow_attn,fc,5,3.950000,0.012031251094637652,0.012135184406454037
shallow_attn,fc,5,3.975000,0.011798917466935399,0.011855329764055456
shallow_attn,fc,5,4.000000,0.0115744738309006,0.011583344252793145
shallow_attn,fc,5,4.025000,0.011357603465102506,0.011318969459285231
shallow_attn,fc,5,4.050000,0.011148003304125464,0.011061956574806305
shallow_attn,fc,5,4.075000,0.010945383373813233,0.010812066001288487
shallow_attn,fc,5,4.100000,0.010749466243498818,0.010569066974763647
shallow_attn,fc,5,4.125000,0.010559986495556672,0.010332737205431649
shallow_attn,fc,5,4.150000,0.010376690212484663,0.010102862533580738
shallow_attn,fc,5,4.175000,0.010199334481609479,0.009879236600621332
shallow_attn,fc,5,4.200000,0.01002768691740652,0.009661660534531725
shallow_attn,fc,5,4.225000,0.00986152520133965,0.009449942649044966
shallow_attn,fc,5,4.250000,0.009700636639048854,0.009243898155941826
shallow_attn,fc,5,4.275000,0.009544817734647881,0.00904334888984183
shallow_attn,fc,5,4.300000,0.009393873781841533,0.008848123044917012
shallow_attn,fc,5,4.325000,0.009247618471521002,0.00865805492297805
shallow_attn,fc,5,4.350000,0.009105873515463436,0.008472984692407837
shallow_attn,fc,5,4.375000,0.008968468285726283,0.008292758157448845
shallow_attn,fc,5,4.400000,0.00883523946930298,0.008117226537362866
shallow_attn,fc,5,4.425000,0.008706030737591353,0.007946246255021595
shallow_attn,fc,5,4.450000,0.008580692430208647,0.007779678734485535
shallow_attn,fc,5,4.475000,0.00845908125267869,0.007617390207175521
shallow_attn,fc,5,4.500000,0.008341059987513555,0.00745925152623505
shallow_attn,fc,5,4.525000,0.00822649721820834,0.007305137988719207
shallow_attn,fc,5,4.550000,0.008115267065668341,0.007154929165255192
shallow_attn,fc,5,4.575000,0.008007248936594102,0.007008508736834862
shallow_attn,fc,5,4.600000,0.007902327283352495,0.006865764338424728
shallow_attn,fc,5,4.625000,0.0078003913748723175,0.006726587409077422
shallow_attn,fc,5,4.650000,0.007701335078108551,0.006590873048268464
shallow_attn,fc,5,4.675000,0.007605056649634623,0.0064585198781628465
shallow_attn,fc,5,4.700000,0.00751145853692714,0.006329429911565912
shallow_attn,fc,5,4.725000,0.0074204471889252055,0.006203508425289461
shallow_attn,fc,5,4.750000,0.007331932875455527,0.006080663838708088
shallow_attn,fc,5,4.775000,0.007245829515127866,0.005960807597265741
shallow_attn,fc,5,4.800000,0.007162054511320792,0.005843854060718774
shallow_attn,fc,5,4.825000,0.007080528595889146,0.005729720395912886
shallow_attn,fc,5,4.850000,0.007001175680237615,0.005618326473881569
shallow_attn,fc,5,4.875000,0.00692392271342146,0.0055095947710962845
shallow_attn,fc,5,4.900000,0.006848699546944781,0.005403450274670497
shallow_attn,fc,5,4.925000,0.0067754388059427795,0.005299820391357137
shallow_attn,fc,5,4.950000,0.006704075766447493,0.00519863486017101
shallow_attn,fc,5,4.975000,0.006634548238445337,0.005099825668480255
shallow_attn,fc,5,5.000000,0.006566796454454127,0.005003326971419181
shallow_attn,fc,5,5.025000,0.0065007629633517805,0.004909075014477372
shallow_attn,fc,5,5.050000,0.0064363925292071356,0.004817008059132411
shallow_attn,fc,5,5.075000,0.006373632034868959,0.004727066311396233
shallow_attn,fc,5,5.100000,0.006312430390085999,0.004639191853146637
shallow_attn,fc,5,5.125000,0.006252738443936368,0.004553328576135116
shallow_attn,fc,5,5.150000,0.006194508901358642,0.004469422118547324
shallow_attn,fc,5,5.175000,0.006137696243583957,0.0043874198040178055
shallow_attn,fc,5,5.200000,0.006082256652280349,0.0043072705829917705
shallow_attn,fc,5,5.225000,0.006028147937228057,0.004228924976334929
shallow_attn,fc,5,5.250000,0.005975329467353685,0.004152335021101629
shallow_attn,fc,5,5.275000,0.005923762104959485,0.004077454218365142
shallow_attn,fc,5,5.300000,0.005873408142992309,0.0040042374830345975
shallow_attn,fc,5,5.325000,0.005824231245203482,0.003932641095565119
shallow_attn,fc,5,5.350000,0.005776196389058907,0.003862622655491328
shallow_attn,fc,5,5.375000,0.005729269811266535,0.0037941410367080836
shallow_attn,fc,5,5.400000,0.005683418955791275,0.003727156344421023
shallow_attn,fc,5,5.425000,0.005638612424239575,0.003661629873710311
shallow_attn,fc,5,5.450000,0.0055948199284961975,0.0035975240696294233
shallow_attn,fc,5,5.475000,0.005552012245505278,0.003534802488785088
shallow_attn,fc,5,5.500000,0.005510161174091421,0.00347342976233753
shallow_attn,fc,5,5.525000,0.005469239493721911,0.0034133715603585552
shallow_attn,fc,5,5.550000,0.005429220925117217,0.003354594557501852
shallow_attn,fc,5,5.575000,0.0053900800926196535,0.003297066399923296
shallow_attn,fc,5,5.600000,0.005351792488237028,0.0032407556734100657
shallow_attn,fc,5,5.625000,0.0053143344372793555,0.0031856318726634857
shallow_attn,fc,5,5.650000,0.005277683065514238,0.003131665371696122
shallow_attn,fc,5,5.675000,0.005241816267766541,0.003078827395293707
shallow_attn,fc,5,5.700000,0.005206712677894854,0.003027089991503894
shallow_attn,fc,5,5.725000,0.00517235164007912,0.0029764260051096687
shallow_attn,fc,5,5.750000,0.0051387131813570575,0.0029268090520475788
shallow_attn,fc,5,5.775000,0.005105777985349835,0.002878213494739797
shallow_attn,fc,5,5.800000,0.005073527367122743,0.002830614418296118
shallow_attn,fc,5,5.825000,0.005041943249125325,0.00278398760755835
shallow_attn,fc,5,5.850000,0.005011008138162243,0.002738309524953898
shallow_attn,fc,5,5.875000,0.004980705103345029,0.00269355728912338
shallow_attn,fc,5,5.900000,0.00495101775498108,0.002649708654298654
shallow_attn,fc,5,5.925000,0.004921930224354609,0.0026067419903964785
shallow_attn,fc,5,5.950000,0.0048934271443589195,0.0025646362638050363
shallow_attn,fc,5,5.975000,0.004865493630941242,0.0025233710188360442
shallow_attn,fc,5,6.000000,0.00483811526532163,0.002482926359813787
