arch,subset_size,channel,rs,s,f_model,f_parent,eval_channel
deep_3x16,1,fx,,0.000000,1.0,1.0,final
deep_3x16,1,fx,,0.025000,1.0000825559200623,1.0001371734503082,final
deep_3x16,1,fx,,0.050000,1.000329838411968,1.0005484131007953,final
deep_3x16,1,fx,,0.075000,1.0007407787184828,1.0012328782849313,final
deep_3x16,1,fx,,0.100000,1.0013137756706585,1.002189172660767,final
deep_3x16,1,fx,,0.125000,1.0020468402862592,1.0034153513166864,final
deep_3x16,1,fx,,0.150000,1.002937728941629,1.0049089306249135,final
deep_3x16,1,fx,,0.175000,1.0039840634525843,1.0066669007499534,final
deep_3x16,1,fx,,0.200000,1.0051834369391426,1.0086857406950527,final
deep_3x16,1,fx,,0.225000,1.0065335048474258,1.010961435747421,final
deep_3x16,1,fx,,0.250000,1.0080320609543456,1.0134894971626558,final
deep_3x16,1,fx,,0.275000,1.0096770985847077,1.0162649839108355,final
deep_3x16,1,fx,,0.300000,1.0114668576271004,1.0192825262913066,final
deep_3x16,1,fx,,0.325000,1.0133998582474775,1.022536351210436,final
deep_3x16,1,fx,,0.350000,1.015474922472007,1.0260203089066646,final
deep_3x16,1,fx,,0.375000,1.017691185048186,1.0297279009001115,final
deep_3x16,1,fx,,0.400000,1.0200480951991586,1.0336523089397605,final
deep_3x16,1,fx,,0.425000,1.0225454110626122,1.0377864247198565,final
deep_3x16,1,fx,,0.450000,1.0251831887518292,1.0421228801384386,final
deep_3x16,1,fx,,0.475000,1.027961768088351,1.0466540778748243,final
deep_3x16,1,fx,,0.500000,1.0308817571255804,1.0513722220691275,final
deep_3x16,1,fx,,0.525000,1.0339440175993773,1.056269348895353,final
deep_3x16,1,fx,,0.550000,1.0371496533914304,1.061337356830009,final
deep_3x16,1,fx,,0.575000,1.0405000039586103,1.0665680364302768,final
deep_3x16,1,fx,,0.600000,1.0439966444516962,1.0719530994492863,final
deep_3x16,1,fx,,0.625000,1.0476413939074491,1.0774842071307018,final
deep_3x16,1,fx,,0.650000,1.0514363324417269,1.0831529975403624,final
deep_3x16,1,fx,,0.675000,1.05538382779836,1.0889511118088369,final
deep_3x16,1,fx,,0.700000,1.0594865709286183,1.0948702191752313,final
deep_3x16,1,fx,,0.725000,1.0637476195098048,1.1009020407391494,final
deep_3x16,1,fx,,0.750000,1.0681704474905842,1.1070383718441337,final
deep_3x16,1,fx,,0.775000,1.0727589979168342,1.1132711030320084,final
deep_3x16,1,fx,,0.800000,1.0775177354947867,1.119592239523111,final
deep_3x16,1,fx,,0.825000,1.082451694642065,1.1259939191922888,final
deep_3x16,1,fx,,0.850000,1.0875665182161467,1.1324684290245925,final
deep_3x16,1,fx,,0.875000,1.092868481743955,1.139008220047757,final
deep_3x16,1,fx,,0.900000,1.0983644978474136,1.1456059207506675,final
deep_3x16,1,fx,,0.925000,1.1040620956984641,1.152254349008086,final
deep_3x16,1,fx,,0.950000,1.1099693707604974,1.1589465225418367,final
deep_3x16,1,fx,,0.975000,1.1160949007852938,1.1656756679574736,final
deep_3x16,1,fx,,1.000000,1.122447625026657,1.172435228403129,final
deep_3x16,1,fx,,1.025000,1.1290366848843407,1.1792188699038115,final
deep_3x16,1,fx,,1.050000,1.1358712256757055,1.1860204864298936,final
deep_3x16,1,fx,,1.075000,1.1429601609108422,1.192834203762979,final
deep_3x16,1,fx,,1.100000,1.150311902274372,1.1996543822257886,final
deep_3x16,1,fx,,1.125000,1.1579340604389539,1.2064756183452223,final
deep_3x16,1,fx,,1.150000,1.1658331237845418,1.2132927455194251,final
deep_3x16,1,fx,,1.175000,1.1740141239915118,1.220100833760554,final
deep_3x16,1,fx,,1.200000,1.1824802992156285,1.2268951885850992,final
deep_3x16,1,fx,,1.225000,1.1912327670221476,1.2336713491231373,final
deep_3x16,1,fx,,1.250000,1.2002702203255642,1.2404250855168273,final
deep_3x16,1,fx,,1.275000,1.20958866011583,1.2471523956769321,final
deep_3x16,1,fx,,1.300000,1.2191811786239781,1.2538495014641662,final
deep_3x16,1,fx,,1.325000,1.2290378056870712,1.2605128443598486,final
deep_3x16,1,fx,,1.350000,1.239145429354125,1.2671390806877225,final
deep_3x16,1,fx,,1.375000,1.2494877992320057,1.2737250764459462,final
deep_3x16,1,fx,,1.400000,1.2600456177785733,1.2802679018052352,final
deep_3x16,1,fx,,1.425000,1.2707967208654505,1.2867648253259727,final
deep_3x16,1,fx,,1.450000,1.2817163446866224,1.2932133079438641,final
deep_3x16,1,fx,,1.475000,1.2927774717735496,1.2996109967704328,final
deep_3x16,1,fx,,1.500000,1.3039512448176862,1.3059557187513589,final
deep_3x16,1,fx,,1.525000,1.3152074335207304,1.3122454742224083,final
deep_3x16,1,fx,,1.550000,1.32651493707616,1.3184784303994812,final
deep_3x16,1,fx,,1.575000,1.3378423033435254,1.3246529148361825,final
deep_3x16,1,fx,,1.600000,1.3491582454211621,1.330767408879276,final
deep_3x16,1,fx,,1.625000,1.3604321371528334,1.3368205411494571,final
deep_3x16,1,fx,,1.650000,1.3716344710089763,1.3428110810720784,final
deep_3x16,1,fx,,1.675000,1.382737264560375,1.3487379324797883,final
deep_3x16,1,fx,,1.700000,1.3937144051429335,1.3546001273065218,final
deep_3x16,1,fx,,1.725000,1.4045419259975997,1.360396819389886,final
deep_3x16,1,fx,,1.750000,1.4151982108643824,1.3661272783967613,final
deep_3x16,1,fx,,1.775000,1.4256641274528157,1.3717908838848296,final
deep_3x16,1,fx,,1.800000,1.4359230931986044,1.3773871195108214,final
deep_3x16,1,fx,,1.825000,1.4459610791110589,1.3829155673944546,final
deep_3x16,1,fx,,1.850000,1.4557665592521174,1.3883759026453952,final
deep_3x16,1,fx,,1.875000,1.4653304144629107,1.3937678880590432,final
deep_3x16,1,fx,,1.900000,1.474645799417255,1.3990913689855675,final
deep_3x16,1,fx,,1.925000,1.4837079820190586,1.4043462683753405,final
deep_3x16,1,fx,,1.950000,1.4925141636791086,1.4095325820027964,final
deep_3x16,1,fx,,1.975000,1.501063288219711,1.4146503738697032,final
deep_3x16,1,fx,,2.000000,1.5093558461725458,1.4196997717879212,final
deep_3x16,1,fx,,2.025000,1.5173936801529053,1.4246809631409094,final
deep_3x16,1,fx,,2.050000,1.5251797958924873,1.4295941908225116,final
deep_3x16,1,fx,,2.075000,1.5327181824547762,1.4344397493509262,final
deep_3x16,1,fx,,2.100000,1.5400136441851004,1.4392179811552137,final
deep_3x16,1,fx,,2.125000,1.5470716460887597,1.4439292730312083,final
deep_3x16,1,fx,,2.150000,1.5538981735984634,1.4485740527633122,final
deep_3x16,1,fx,,2.175000,1.5604996070892738,1.4531527859082907,final
deep_3x16,1,fx,,2.200000,1.5668826110201652,1.4576659727369123,final
deep_3x16,1,fx,,2.225000,1.5730540372157507,1.4621141453290472,final
deep_3x16,1,fx,,2.250000,1.5790208415363531,1.4664978648176454,final
deep_3x16,1,fx,,2.275000,1.5847900130047343,1.470817718776893,final
deep_3x16,1,fx,,2.300000,1.5903685143486588,1.475074318749721,final
deep_3x16,1,fx,,2.325000,1.5957632328662015,1.479268297909802,final
deep_3x16,1,fx,,2.350000,1.6009809405126518,1.483400308853113,final
deep_3x16,1,fx,,2.375000,1.606028262132999,1.4874710215141502,final
deep_3x16,1,fx,,2.400000,1.6109116508130148,1.491481121201892,final
deep_3x16,1,fx,,2.425000,1.6156373693871047,1.4954313067506453,final
deep_3x16,1,fx,,2.450000,1.6202114772162266,1.4993222887809725,final
deep_3x16,1,fx,,2.475000,1.62463982142938,1.5031547880659621,final
deep_3x16,1,fx,,2.500000,1.6289280319037727,1.5069295339981974,final
deep_3x16,1,fx,,2.525000,1.6330815193390154,1.5106472631528727,final
deep_3x16,1,fx,,2.550000,1.6371054758576458,1.514308717942618,final
deep_3x16,1,fx,,2.575000,1.6410048776366462,1.5179146453597039,final
deep_3x16,1,fx,,2.600000,1.6447844891415635,1.5214657958014208,final
deep_3x16,1,fx,,2.625000,1.648448868595989,1.5249629219745588,final
deep_3x16,1,fx,,2.650000,1.652002374374323,1.5284067778750356,final
deep_3x16,1,fx,,2.675000,1.655449172055071,1.5317981178388593,final
deep_3x16,1,fx,,2.700000,1.6587932419155569,1.5351376956607474,final
deep_3x16,1,fx,,2.725000,1.6620383866872876,1.538426263776851,final
deep_3x16,1,fx,,2.750000,1.665188239424576,1.5416645725081797,final
deep_3x16,1,fx,,2.775000,1.6682462713678876,1.5448533693614435,final
deep_3x16,1,fx,,2.800000,1.6712157997081232,1.5479933983841754,final
deep_3x16,1,fx,,2.825000,1.6740999951791384,1.5510853995711167,final
deep_3x16,1,fx,,2.850000,1.6769018894235659,1.5541301083189827,final
deep_3x16,1,fx,,2.875000,1.679624382091923,1.5571282549268526,final
deep_3x16,1,fx,,2.900000,1.6822702476473523,1.5600805641395499,final
deep_3x16,1,fx,,2.925000,1.6848421418584993,1.562987754731498,final
deep_3x16,1,fx,,2.950000,1.6873426079712746,1.5658505391286572,final
deep_3x16,1,fx,,2.975000,1.6897740825568763,1.5686696230662598,final
deep_3x16,1,fx,,3.000000,1.6921389010386567,1.5714457052801694,final
deep_3x16,1,fx,,3.025000,1.694439302904455,1.5741794772298021,final
deep_3x16,1,fx,,3.050000,1.6966774366140576,1.5768716228506432,final
deep_3x16,1,fx,,3.075000,1.6988553642136681,1.5795228183344976,final
deep_3x16,1,fx,,3.100000,1.7009750656707914,1.5821337319357038,final
deep_3x16,1,fx,,3.125000,1.7030384429439132,1.5847050238016365,final
deep_3x16,1,fx,,3.150000,1.7050473238018682,1.587237345825908,final
deep_3x16,1,fx,,3.175000,1.707003465407962,1.5897313415227634,final
deep_3x16,1,fx,,3.200000,1.7089085576837715,1.592187645921248,final
deep_3x16,1,fx,,3.225000,1.7107642264672187,1.5946068854777975,final
deep_3x16,1,fx,,3.250000,1.712572036479015,1.5969896780059818,final
deep_3x16,1,fx,,3.275000,1.7143334941109343,1.5993366326221994,final
deep_3x16,1,fx,,3.300000,1.7160500500487,1.601648349706187,final
deep_3x16,1,fx,,3.325000,1.7177231017415089,1.6039254208752762,final
deep_3x16,1,fx,,3.350000,1.7193539957294464,1.6061684289713845,final
deep_3x16,1,fx,,3.375000,1.7209440298392802,1.6083779480597964,final
deep_3x16,1,fx,,3.400000,1.7224944552583443,1.6105545434388309,final
deep_3x16,1,fx,,3.425000,1.7240064784954916,1.6126987716595576,final
deep_3x16,1,fx,,3.450000,1.725481263237373,1.6148111805547691,final
deep_3x16,1,fx,,3.475000,1.726919932107629,1.6168923092764607,final
deep_3x16,1,fx,,3.500000,1.7283235683359381,1.6189426883411182,final
deep_3x16,1,fx,,3.525000,1.7296932173432817,1.6209628396821578,final
deep_3x16,1,fx,,3.550000,1.7310298882492123,1.622953276708899,final
deep_3x16,1,fx,,3.575000,1.7323345553064258,1.6249145043714908,final
deep_3x16,1,fx,,3.600000,1.7336081592674615,1.6268470192312494,final
deep_3x16,1,fx,,3.625000,1.734851608687915,1.6287513095359003,final
deep_3x16,1,fx,,3.650000,1.7360657811701856,1.630627855299244,final
deep_3x16,1,fx,,3.675000,1.7372515245514046,1.632477128384804,final
deep_3x16,1,fx,,3.700000,1.7384096580388817,1.6342995925930408,final
deep_3x16,1,fx,,3.725000,1.7395409732961222,1.6360957037517374,final
deep_3x16,1,fx,,3.750000,1.7406462354822079,1.6378659098091999,final
deep_3x16,1,fx,,3.775000,1.7417261842470928,1.6396106509299275,final
deep_3x16,1,fx,,3.800000,1.7427815346851758,1.641330359592442,final
deep_3x16,1,fx,,3.825000,1.7438129782493086,1.6430254606889751,final
deep_3x16,1,fx,,3.850000,1.7448211836272398,1.6446963716267469,final
deep_3x16,1,fx,,3.875000,1.7458067975823444,1.6463435024305744,final
deep_3x16,1,fx,,3.900000,1.7467704457603588,1.6479672558465768,final
deep_3x16,1,fx,,3.925000,1.7477127334637106,1.6495680274467555,final
deep_3x16,1,fx,,3.950000,1.7486342463949385,1.651146205734246,final
deep_3x16,1,fx,,3.975000,1.7495355513705984,1.6527021722490547,final
deep_3x16,1,fx,,4.000000,1.750417197006951,1.654236301674099,final
deep_3x16,1,fx,,4.025000,1.7512797143786771,1.6557489619413992,final
deep_3x16,1,fx,,4.050000,1.7521236176517616,1.6572405143382634,final
deep_3x16,1,fx,,4.075000,1.752949404691658,1.6587113136133356,final
deep_3x16,1,fx,,4.100000,1.7537575576477527,1.6601617080823763,final
deep_3x16,1,fx,,4.125000,1.7545485435151282,1.6615920397336599,final
deep_3x16,1,fx,,4.150000,1.7553228146745514,1.663002644332885,final
deep_3x16,1,fx,,4.175000,1.7560808094115756,1.6643938515274967,final
deep_3x16,1,fx,,4.200000,1.7568229524156123,1.6657659849503361,final
deep_3x16,1,fx,,4.225000,1.7575496552597745,1.6671193623225302,final
deep_3x16,1,fx,,4.250000,1.7582613168622712,1.668454295555556,final
deep_3x16,1,fx,,4.275000,1.7589583239300948,1.6697710908524037,final
deep_3x16,1,fx,,4.300000,1.7596410513857002,1.6710700488077885,final
deep_3x16,1,fx,,4.325000,1.760309862777372,1.672351464507346,final
deep_3x16,1,fx,,4.350000,1.760965110673915,1.6736156276257725,final
deep_3x16,1,fx,,4.375000,1.7616071370443032,1.6748628225238602,final
deep_3x16,1,fx,,4.400000,1.7622362736228825,1.6760933283443924,final
deep_3x16,1,fx,,4.425000,1.7628528422607028,1.6773074191068635,final
deep_3x16,1,fx,,4.450000,1.7634571552635354,1.6785053638009961,final
deep_3x16,1,fx,,4.475000,1.7640495157171001,1.6796874264790258,final
deep_3x16,1,fx,,4.500000,1.764630217800016,1.6808538663467358,final
deep_3x16,1,fx,,4.525000,1.7651995470849655,1.682004937853222,final
deep_3x16,1,fx,,4.550000,1.7657577808285367,1.6831408907793708,final
deep_3x16,1,fx,,4.575000,1.7663051882502,1.6842619703250405,final
deep_3x16,1,fx,,4.600000,1.7668420308008514,1.685368417194935,final
deep_3x16,1,fx,,4.625000,1.7673685624213331,1.6864604676831623,final
deep_3x16,1,fx,,4.650000,1.7678850297913402,1.687538353756474,final
deep_3x16,1,fx,,4.675000,1.7683916725690874,1.6886023031361845,final
deep_3x16,1,fx,,4.700000,1.768888723622109,1.6896525393787643,final
deep_3x16,1,fx,,4.725000,1.769376409249544,1.6906892819551151,final
deep_3x16,1,fx,,4.750000,1.7698549493962474,1.691712746328525,final
deep_3x16,1,fx,,4.775000,1.770324557859046,1.69272314403131,final
deep_3x16,1,fx,,4.800000,1.7707854424854588,1.6937206827401463,final
deep_3x16,1,fx,,4.825000,1.7712378053651785,1.6947055663501032,final
deep_3x16,1,fx,,4.850000,1.7716818430145966,1.695677995047382,final
deep_3x16,1,fx,,4.875000,1.7721177465546565,1.6966381653807714,final
deep_3x16,1,fx,,4.900000,1.7725457018822885,1.6975862703318307,final
deep_3x16,1,fx,,4.925000,1.7729658898356908,1.6985224993838095,final
deep_3x16,1,fx,,4.950000,1.773378486353685,1.6994470385893194,final
deep_3x16,1,fx,,4.975000,1.7737836626293966,1.7003600706367672,final
deep_3x16,1,fx,,5.000000,1.7741815852584688,1.701261774915565,final
deep_3x16,1,fx,,5.025000,1.7745724163820291,1.7021523275801298,final
deep_3x16,1,fx,,5.050000,1.7749563138246176,1.7030319016126885,final
deep_3x16,1,fx,,5.075000,1.7753334312272662,1.7039006668849015,final
deep_3x16,1,fx,,5.100000,1.775703918175922,1.7047587902183228,final
deep_3x16,1,fx,,5.125000,1.7760679203253953,1.7056064354437073,final
deep_3x16,1,fx,,5.150000,1.776425579519004,1.7064437634591885,final
deep_3x16,1,fx,,5.175000,1.776777033904081,1.7072709322873345,final
deep_3x16,1,fx,,5.200000,1.7771224180435023,1.708088097131107,final
deep_3x16,1,fx,,5.225000,1.7774618630233925,1.7088954104287313,final
deep_3x16,1,fx,,5.250000,1.7777954965571494,1.7096930219075017,final
deep_3x16,1,fx,,5.275000,1.7781234430859303,1.7104810786365339,final
deep_3x16,1,fx,,5.300000,1.7784458238757312,1.711259725078483,final
deep_3x16,1,fx,,5.325000,1.7787627571111972,1.7120291031402441,final
deep_3x16,1,fx,,5.350000,1.7790743579862713,1.7127893522226525,final
deep_3x16,1,fx,,5.375000,1.7793807387918197,1.7135406092691985,final
deep_3x16,1,fx,,5.400000,1.7796820090003276,1.714283008813776,final
deep_3x16,1,fx,,5.425000,1.7799782753477909,1.7150166830274802,final
deep_3x16,1,fx,,5.450000,1.7802696419129016,1.7157417617644724,final
deep_3x16,1,fx,,5.475000,1.7805562101936192,1.7164583726069251,final
deep_3x16,1,fx,,5.500000,1.7808380791812428,1.7171666409090691,final
deep_3x16,1,fx,,5.525000,1.7811153454320576,1.717866689840354,final
deep_3x16,1,fx,,5.550000,1.7813881031366563,1.7185586404277413,final
deep_3x16,1,fx,,5.575000,1.7816564441870155,1.7192426115971444,final
deep_3x16,1,fx,,5.600000,1.7819204582414072,1.719918720214034,final
deep_3x16,1,fx,,5.625000,1.7821802327872305,1.7205870811232205,final
deep_3x16,1,fx,,5.650000,1.7824358532018305,1.721247807187832,final
deep_3x16,1,fx,,5.675000,1.7826874028113822,1.7219010093275047,final
deep_3x16,1,fx,,5.700000,1.7829349629479045,1.7225467965557948,final
deep_3x16,1,fx,,5.725000,1.7831786130044767,1.7231852760168345,final
deep_3x16,1,fx,,5.750000,1.783418430488714,1.7238165530212408,final
deep_3x16,1,fx,,5.775000,1.7836544910745704,1.7244407310812953,final
deep_3x16,1,fx,,5.800000,1.7838868686525209,1.725057911945408,final
deep_3x16,1,fx,,5.825000,1.7841156353781888,1.7256681956318787,final
deep_3x16,1,fx,,5.850000,1.7843408617194634,1.7262716804619718,final
deep_3x16,1,fx,,5.875000,1.7845626165021644,1.7268684630923166,final
deep_3x16,1,fx,,5.900000,1.784780966954306,1.727458638546647,final
deep_3x16,1,fx,,5.925000,1.784995978749005,1.7280423002468948,final
deep_3x16,1,fx,,5.950000,1.785207716046079,1.728619540043648,final
deep_3x16,1,fx,,5.975000,1.7854162415323862,1.7291904482459888,final
deep_3x16,1,fx,,6.000000,1.7856216164609395,1.7297551136507232,final
deep_3x16,1,fc,0.5,0.000000,1.0,0.9999961712608588,final
deep_3x16,1,fc,0.5,0.025000,0.9999210732311663,0.9983586646344352,final
deep_3x16,1,fc,0.5,0.050000,0.9996845901549519,0.9934854371990305,final
deep_3x16,1,fc,0.5,0.075000,0.9992911765047146,0.9854913576191164,final
deep_3x16,1,fc,0.5,0.100000,0.9987410822087524,0.9745583236306017,final
deep_3x16,1,fc,0.5,0.125000,0.9980327132485554,0.9609224860044977,final
deep_3x16,1,fc,0.5,0.150000,0.9971597219495164,0.9448590526338713,final
deep_3x16,1,fc,0.5,0.175000,0.9961059521790473,0.9266665678644719,final
deep_3x16,1,fc,0.5,0.200000,0.9948377036502589,0.906652287270015,final
deep_3x16,1,fc,0.5,0.225000,0.9932931390450913,0.8851197735940066,final
deep_3x16,1,fc,0.5,0.250000,0.991369195910608,0.8623592877190294,final
deep_3x16,1,fc,0.5,0.275000,0.9889070468750184,0.838641066508284,final
deep_3x16,1,fc,0.5,0.300000,0.9856779153632205,0.8142112349444125,final
deep_3x16,1,fc,0.5,0.325000,0.9813718100646718,0.7892899055662282,final
deep_3x16,1,fc,0.5,0.350000,0.9755923725322462,0.7640709501109981,final
deep_3x16,1,fc,0.5,0.375000,0.9678613967959495,0.738722947888542,final
deep_3x16,1,fc,0.5,0.400000,0.9576365141882786,0.7133908845188547,final
deep_3x16,1,fc,0.5,0.425000,0.9443448483252183,0.6881982632946789,final
deep_3x16,1,fc,0.5,0.450000,0.927433895329425,0.663249379897375,final
deep_3x16,1,fc,0.5,0.475000,0.9064381890350317,0.6386315887919551,final
deep_3x16,1,fc,0.5,0.500000,0.8810562522105762,0.614417452116793,final
deep_3x16,1,fc,0.5,0.525000,0.8512271023768591,0.5906667090105318,final
deep_3x16,1,fc,0.5,0.550000,0.8171903423880806,0.5674280368849434,final
deep_3x16,1,fc,0.5,0.575000,0.7795111798014503,0.5447405987383155,final
deep_3x16,1,fc,0.5,0.600000,0.7390549493213223,0.5226353848308631,final
deep_3x16,1,fc,0.5,0.625000,0.69690683113801,0.5011363652156074,final
deep_3x16,1,fc,0.5,0.650000,0.6542491817058411,0.4802614735958944,final
deep_3x16,1,fc,0.5,0.675000,0.6122240331931437,0.46002344418289265,final
deep_3x16,1,fc,0.5,0.700000,0.5718135735228803,0.4404305226879344,final
deep_3x16,1,fc,0.5,0.725000,0.5337635219116291,0.4214870710332323,final
deep_3x16,1,fc,0.5,0.750000,0.49855784340865394,0.4031940832949596,final
deep_3x16,1,fc,0.5,0.775000,0.4664370939920677,0.38554962812948085,final
deep_3x16,1,fc,0.5,0.800000,0.4374436639686632,0.36854923068108175,final
deep_3x16,1,fc,0.5,0.825000,0.411476546182326,0.35218620484951263,final
deep_3x16,1,fc,0.5,0.850000,0.38834296836513305,0.3364519448742073,final
deep_3x16,1,fc,0.5,0.875000,0.3678003228972677,0.3213361834989273,final
deep_3x16,1,fc,0.5,0.900000,0.3495866971219853,0.306827222522449,final
deep_3x16,1,fc,0.5,0.925000,0.3334411363701213,0.2929121403100752,final
deep_3x16,1,fc,0.5,0.950000,0.3191158728498964,0.2795769798212084,final
deep_3x16,1,fc,0.5,0.975000,0.30638280236071636,0.2668069198795077,final
deep_3x16,1,fc,0.5,1.000000,0.2950360787748647,0.25458643175180856,final
deep_3x16,1,fc,0.5,1.025000,0.2848921929428698,0.24289942258726716,final
deep_3x16,1,fc,0.5,1.050000,0.27578848119513744,0.23172936687701973,final
deep_3x16,1,fc,0.5,1.075000,0.2675807169146136,0.22105942680628568,final
deep_3x16,1,fc,0.5,1.100000,0.2601402624754836,0.21087256216631964,final
deep_3x16,1,fc,0.5,1.125000,0.2533511618071941,0.20115163035586586,final
deep_3x16,1,fc,0.5,1.150000,0.24710749754302863,0.1918794769158274,final
deep_3x16,1,fc,0.5,1.175000,0.24131128818569114,0.18303901699379402,final
deep_3x16,1,fc,0.5,1.200000,0.23587113500606016,0.1746133081159656,final
deep_3x16,1,fc,0.5,1.225000,0.23070173135659489,0.16658561464383392,final
deep_3x16,1,fc,0.5,1.250000,0.22572421941662824,0.15893946430447428,final
deep_3x16,1,fc,0.5,1.275000,0.22086723860847834,0.15165869720073666,final
deep_3x16,1,fc,0.5,1.300000,0.21606838646527082,0.14472750772673904,final
deep_3x16,1,fc,0.5,1.325000,0.2112757393415774,0.13813047983167853,final
deep_3x16,1,fc,0.5,1.350000,0.2064490787661084,0.13185261608906113,final
deep_3x16,1,fc,0.5,1.375000,0.201560540619373,0.1258793610376418,final
deep_3x16,1,fc,0.5,1.400000,0.1965945284114019,0.12019661926408308,final
deep_3x16,1,fc,0.5,1.425000,0.19154687491945022,0.11479076869543448,final
deep_3x16,1,fc,0.5,1.450000,0.1864233633377822,0.1096486695622258,final
deep_3x16,1,fc,0.5,1.475000,0.18123780474297502,0.10475766948076473,final
deep_3x16,1,fc,0.5,1.500000,0.17600990327351718,0.10010560508677041,final
deep_3x16,1,fc,0.5,1.525000,0.1707631286559148,0.09568080063249802,final
deep_3x16,1,fc,0.5,1.550000,0.16552277164141915,0.09147206393676467,final
deep_3x16,1,fc,0.5,1.575000,0.16031429858700252,0.08746868005254455,final
deep_3x16,1,fc,0.5,1.600000,0.15516206170944358,0.08366040299072135,final
deep_3x16,1,fc,0.5,1.625000,0.15008837146945386,0.08003744581183542,final
deep_3x16,1,fc,0.5,1.650000,0.14511290178709757,0.07659046937076666,final
deep_3x16,1,fc,0.5,1.675000,0.1402523777523057,0.07331056997272188,final
deep_3x16,1,fc,0.5,1.700000,0.13552048691349272,0.07018926617305912,final
deep_3x16,1,fc,0.5,1.725000,0.13092795570292348,0.06721848492863296,final
deep_3x16,1,fc,0.5,1.750000,0.12648273865059612,0.06439054728477098,final
deep_3x16,1,fc,0.5,1.775000,0.12219027688692674,0.0616981537598125,final
deep_3x16,1,fc,0.5,1.800000,0.11805379197576549,0.059134369568493717,final
deep_3x16,1,fc,0.5,1.825000,0.11407459006216403,0.05669260980638358,final
deep_3x16,1,fc,0.5,1.850000,0.11025235899322106,0.05436662470009754,final
deep_3x16,1,fc,0.5,1.875000,0.1065854472414638,0.05215048501211195,final
deep_3x16,1,fc,0.5,1.900000,0.10307111816519088,0.050038567674637165,final
deep_3x16,1,fc,0.5,1.925000,0.09970577655792912,0.0480255417141179,final
deep_3x16,1,fc,0.5,1.950000,0.09648516680362496,0.04610635451642435,final
deep_3x16,1,fc,0.5,1.975000,0.09340454350139804,0.04427621847262877,final
deep_3x16,1,fc,0.5,2.000000,0.09045881636401343,0.042530598036290536,final
deep_3x16,1,fc,0.5,2.025000,0.08764267170150253,0.04086519721532707,final
deep_3x16,1,fc,0.5,2.050000,0.08495067301149195,0.03927594751474929,final
deep_3x16,1,fc,0.5,2.075000,0.08237734321277634,0.03775899634064951,final
deep_3x16,1,fc,0.5,2.100000,0.07991723095230574,0.03631069587080901,final
deep_3x16,1,fc,0.5,2.125000,0.07756496323978856,0.03492759239300612,final
deep_3x16,1,fc,0.5,2.150000,0.07531528645370167,0.033606416108520214,final
deep_3x16,1,fc,0.5,2.175000,0.07316309754068384,0.032344071395319085,final
deep_3x16,1,fc,0.5,2.200000,0.07110346701163173,0.03113762752295615,final
deep_3x16,1,fc,0.5,2.225000,0.06913165513089736,0.029984309809202872,final
deep_3x16,1,fc,0.5,2.250000,0.06724312250449827,0.028881491206847024,final
deep_3x16,1,fc,0.5,2.275000,0.06543353610122304,0.027826684307850874,final
deep_3x16,1,fc,0.5,2.300000,0.06369877158738613,0.026817533751129878,final
deep_3x16,1,fc,0.5,2.325000,0.06203491272113293,0.025851809019539436,final
deep_3x16,1,fc,0.5,2.350000,0.06043824843447343,0.024927397611219253,final
deep_3x16,1,fc,0.5,2.375000,0.05890526812916819,0.024042298570184424,final
deep_3x16,1,fc,0.5,2.400000,0.05743265562463207,0.02319461636096361,final
deep_3x16,1,fc,0.5,2.425000,0.05601728212060697,0.022382555072118837,final
deep_3x16,1,fc,0.5,2.450000,0.05465619847297909,0.021604412933645116,final
deep_3x16,1,fc,0.5,2.475000,0.053346627026409243,0.020858577133474034,final
deep_3x16,1,fc,0.5,2.500000,0.05208595320112097,0.020143518918636836,final
deep_3x16,1,fc,0.5,2.525000,0.050871716992135885,0.019457788967005542,final
deep_3x16,1,fc,0.5,2.550000,0.04970160450643857,0.01880001301595232,final
deep_3x16,1,fc,0.5,2.575000,0.048573439636114935,0.018168887734721407,final
deep_3x16,1,fc,0.5,2.600000,0.04748517594265156,0.017563176827779654,final
deep_3x16,1,fc,0.5,2.625000,0.046434888808641106,0.016981707356906937,final
deep_3x16,1,fc,0.5,2.650000,0.04542076789752714,0.016423366270288828,final
deep_3x16,1,fc,0.5,2.675000,0.04444110994921202,0.01588709712737786,final
deep_3x16,1,fc,0.5,2.700000,0.043494311928948926,0.015371897008789036,final
deep_3x16,1,fc,0.5,2.725000,0.04257886453852189,0.014876813601008254,final
deep_3x16,1,fc,0.5,2.750000,0.04169334609200892,0.014400942446161183,final
deep_3x16,1,fc,0.5,2.775000,0.04083641675311678,0.01394342434758682,final
deep_3x16,1,fc,0.5,2.800000,0.040006813126959195,0.0135034429224213,final
deep_3x16,1,fc,0.5,2.825000,0.03920334319601526,0.013080222292847036,final
deep_3x16,1,fc,0.5,2.850000,0.03842488158767954,0.012673024908103358,final
deep_3x16,1,fc,0.5,2.875000,0.03767036515916833,0.012281149489774493,final
deep_3x16,1,fc,0.5,2.900000,0.036938788884445906,0.011903929093276212,final
deep_3x16,1,fc,0.5,2.925000,0.03622920202717417,0.0115407292788442,final
deep_3x16,1,fc,0.5,2.950000,0.03554070458340186,0.011190946385711102,final
deep_3x16,1,fc,0.5,2.975000,0.034872443977694734,0.010854005903492529,final
deep_3x16,1,fc,0.5,3.000000,0.03422361199663104,0.010529360935159847,final
deep_3x16,1,fc,0.5,3.025000,0.03359344194397185,0.010216490746280376,final
deep_3x16,1,fc,0.5,3.050000,0.03298120600234633,0.00991489939552285,final
deep_3x16,1,fc,0.5,3.075000,0.03238621278690301,0.00962411444170394,final
deep_3x16,1,fc,0.5,3.100000,0.03180780507707015,0.009343685722933544,final
deep_3x16,1,fc,0.5,3.125000,0.03124535771329162,0.009073184203666275,final
deep_3x16,1,fc,0.5,3.150000,0.030698275646360962,0.00881220088572273,final
deep_3x16,1,fc,0.5,3.175000,0.030165992127730634,0.00856034577956125,final
deep_3x16,1,fc,0.5,3.200000,0.02964796702993089,0.008317246932311853,final
deep_3x16,1,fc,0.5,3.225000,0.0291436852869722,0.008082549509281826,final
deep_3x16,1,fc,0.5,3.250000,0.028652655445320918,0.007855914925840547,final
deep_3x16,1,fc,0.5,3.275000,0.02817440831673068,0.007637020026771776,final
deep_3x16,1,fc,0.5,3.300000,0.02770849572486711,0.007425556310355653,final
deep_3x16,1,fc,0.5,3.325000,0.027254489338292887,0.007221229194605152,final
deep_3x16,1,fc,0.5,3.350000,0.02681197958296211,0.007023757323232783,final
deep_3x16,1,fc,0.5,3.375000,0.02638057462793153,0.0068328719090709365,final
deep_3x16,1,fc,0.5,3.400000,0.025959899438508738,0.006648316112797191,final
deep_3x16,1,fc,0.5,3.425000,0.025549594891534633,0.006469844454954951,final
deep_3x16,1,fc,0.5,3.450000,0.025149316947948863,0.006297222259364868,final
deep_3x16,1,fc,0.5,3.475000,0.02475873587818933,0.006130225126150202,final
deep_3x16,1,fc,0.5,3.500000,0.02437753553636368,0.005968638432691078,final
deep_3x16,1,fc,0.5,3.525000,0.024005412679470206,0.005812256860931846,final
deep_3x16,1,fc,0.5,3.550000,0.023642076328273087,0.005660883949557558,final
deep_3x16,1,fc,0.5,3.575000,0.023287247166721814,0.005514331669634566,final
deep_3x16,1,fc,0.5,3.600000,0.022940656977075258,0.005372420022408773,final
deep_3x16,1,fc,0.5,3.625000,0.022602048108133932,0.0052349766580150085,final
deep_3x16,1,fc,0.5,3.650000,0.02227117297420278,0.0051018365139386904,final
deep_3x16,1,fc,0.5,3.675000,0.02194779358261334,0.0049728414721276004,final
deep_3x16,1,fc,0.5,3.700000,0.021631681087813104,0.004847840033726076,final
deep_3x16,1,fc,0.5,3.725000,0.02132261537019775,0.004726687010453871,final
deep_3x16,1,fc,0.5,3.750000,0.021020384638015144,0.0046092432317188185,final
deep_3x16,1,fc,0.5,3.775000,0.02072478505080466,0.004495375266596954,final
deep_3x16,1,fc,0.5,3.800000,0.020435620362960094,0.00438495515987154,final
deep_3x16,1,fc,0.5,3.825000,0.020152701586120148,0.004277860181360855,final
deep_3x16,1,fc,0.5,3.850000,0.019875846669189845,0.00417397258781929,final
deep_3x16,1,fc,0.5,3.875000,0.019604880194889596,0.004073179396726176,final
deep_3x16,1,fc,0.5,3.900000,0.019339633091817743,0.003975372171325868,final
deep_3x16,1,fc,0.5,3.925000,0.019079942361080793,0.003880446816315581,final
deep_3x16,1,fc,0.5,3.950000,0.01882565081662413,0.0037883033836064225,final
deep_3x16,1,fc,0.5,3.975000,0.018576606838454413,0.0036988458876262074,final
deep_3x16,1,fc,0.5,4.000000,0.018332664138004162,0.0036119821296561735,final
deep_3x16,1,fc,0.5,4.025000,0.01809368153494173,0.0035276235307199755,final
deep_3x16,1,fc,0.5,4.050000,0.01785952274477931,0.003445684972579932,final
deep_3x16,1,fc,0.5,4.075000,0.017630056176673792,0.0033660846464103494,final
deep_3x16,1,fc,0.5,4.100000,0.017405154740858464,0.0032887439087498005,final
deep_3x16,1,fc,0.5,4.125000,0.017184695665176775,0.0032135871443476484,final
deep_3x16,1,fc,0.5,4.150000,0.016968560320227755,0.003140541635555781,final
deep_3x16,1,fc,0.5,4.175000,0.016756634052661368,0.003069537437917249,final
deep_3x16,1,fc,0.5,4.200000,0.016548806026191798,0.003000507261639546,final
deep_3x16,1,fc,0.5,4.225000,0.016344969069922777,0.002933386358647509,final
deep_3x16,1,fc,0.5,4.250000,0.016145019533605254,0.002868112414932197,final
deep_3x16,1,fc,0.5,4.275000,0.015948857149468143,0.0028046254479229715,final
deep_3x16,1,fc,0.5,4.300000,0.015756384900286968,0.002742867708632816,final
deep_3x16,1,fc,0.5,4.325000,0.015567508893371995,0.0026827835883323843,final
deep_3x16,1,fc,0.5,4.350000,0.015382138240178644,0.0026243195295232785,final
deep_3x16,1,fc,0.5,4.375000,0.015200184941256079,0.0025674239410017246,final
deep_3x16,1,fc,0.5,4.400000,0.015021563776271507,0.002512047116799274,final
deep_3x16,1,fc,0.5,4.425000,0.0148461921988563,0.0024581411588165073,final
deep_3x16,1,fc,0.5,4.450000,0.01467399023603766,0.0024056599029599174,final
deep_3x16,1,fc,0.5,4.475000,0.014504880392033792,0.0023545588486135268,final
deep_3x16,1,fc,0.5,4.500000,0.014338787556196997,0.002304795091278237,final
deep_3x16,1,fc,0.5,4.525000,0.014175638914907474,0.0022563272582273074,final
deep_3x16,1,fc,0.5,4.550000,0.014015363867226127,0.002209115447027629,final
deep_3x16,1,fc,0.5,4.575000,0.013857893944127175,0.002163121166787322,final
deep_3x16,1,fc,0.5,4.600000,0.01370316273114136,0.0021183072820026927,final
deep_3x16,1,fc,0.5,4.625000,0.013551105794245899,0.0020746379588730468,final
deep_3x16,1,fc,0.5,4.650000,0.013401660608851396,0.002032078613968704,final
deep_3x16,1,fc,0.5,4.675000,0.013254766491737957,0.0019905958651390177,final
deep_3x16,1,fc,0.5,4.700000,0.013110364535804608,0.0019501574845522565,final
deep_3x16,1,fc,0.5,4.725000,0.012968397547501231,0.0019107323537686412,final
deep_3x16,1,fc,0.5,4.750000,0.012828809986818124,0.0018722904207485434,final
deep_3x16,1,fc,0.5,4.775000,0.012691547909717271,0.0018348026587054643,final
deep_3x16,1,fc,0.5,4.800000,0.012556558912891758,0.0017982410267173958,final
deep_3x16,1,fc,0.5,4.825000,0.012423792080749396,0.001762578432014152,final
deep_3x16,1,fc,0.5,4.850000,0.012293197934517108,0.0017277886938635106,final
deep_3x16,1,fc,0.5,4.875000,0.012164728383373125,0.0016938465089809934,final
deep_3x16,1,fc,0.5,4.900000,0.012038336677514305,0.0016607274183924714,final
deep_3x16,1,fc,0.5,4.925000,0.01191397736307176,0.001628407775686919,final
deep_3x16,1,fc,0.5,4.950000,0.01179160623879405,0.001596864716589041,final
deep_3x16,1,fc,0.5,4.975000,0.011671180314418161,0.0015660761297978003,final
deep_3x16,1,fc,0.5,5.000000,0.01155265777065484,0.001536020629028713,final
deep_3x16,1,fc,0.5,5.025000,0.011435997920716812,0.0015066775262095645,final
deep_3x16,1,fc,0.5,5.050000,0.011321161173323047,0.0014780268057724868,final
deep_3x16,1,fc,0.5,5.075000,0.011208108997113886,0.0014500490999996532,final
deep_3x16,1,fc,0.5,5.100000,0.011096803886417428,0.0014227256653687938,final
deep_3x16,1,fc,0.5,5.125000,0.0109872093283081,0.0013960383598590484,final
deep_3x16,1,fc,0.5,5.150000,0.01087928977090169,0.0013699696211715122,final
deep_3x16,1,fc,0.5,5.175000,0.010773010592834864,0.001344502445826072,final
deep_3x16,1,fc,0.5,5.200000,0.010668338073878458,0.001319620369094148,final
deep_3x16,1,fc,0.5,5.225000,0.010565239366636336,0.0012953074457320137,final
deep_3x16,1,fc,0.5,5.250000,0.01046368246928564,0.0012715482314793827,final
deep_3x16,1,fc,0.5,5.275000,0.01036363619931202,0.0012483277652897444,final
deep_3x16,1,fc,0.5,5.300000,0.010265070168201551,0.0012256315522594916,final
deep_3x16,1,fc,0.5,5.325000,0.010167954757047015,0.0012034455472299352,final
deep_3x16,1,fc,0.5,5.350000,0.010072261093033275,0.0011817561390265222,final
deep_3x16,1,fc,0.5,5.375000,0.009977961026762627,0.0011605501353155188,final
deep_3x16,1,fc,0.5,5.400000,0.009885027110389633,0.0011398147480441024,final
deep_3x16,1,fc,0.5,5.425000,0.009793432576528205,0.0011195375794464772,final
deep_3x16,1,fc,0.5,5.450000,0.009703151317903558,0.0010997066085859438,final
deep_3x16,1,fc,0.5,5.475000,0.009614157867716466,0.0010803101784139062,final
deep_3x16,1,fc,0.5,5.500000,0.009526427380692648,0.0010613369833224516,final
deep_3x16,1,fc,0.5,5.525000,0.00943993561478862,0.0010427760571714813,final
deep_3x16,1,fc,0.5,5.550000,0.009354658913530156,0.0010246167617677558,final
deep_3x16,1,fc,0.5,5.575000,0.009270574188955716,0.001006848775780092,final
deep_3x16,1,fc,0.5,5.600000,0.009187658905142726,0.0009894620840704305,final
deep_3x16,1,fc,0.5,5.625000,0.00910589106229398,0.000972446967424831,final
deep_3x16,1,fc,0.5,5.650000,0.009025249181361605,0.0009557939926686374,final
deep_3x16,1,fc,0.5,5.675000,0.008945712289187613,0.0009394940031462534,final
deep_3x16,1,fc,0.5,5.700000,0.008867259904142388,0.0009235381095562882,final
deep_3x16,1,fc,0.5,5.725000,0.008789872022240353,0.0009079176811237815,final
deep_3x16,1,fc,0.5,5.750000,0.008713529103716589,0.0008926243370957384,final
deep_3x16,1,fc,0.5,5.775000,0.008638212060044337,0.000877649938550017,final
deep_3x16,1,fc,0.5,5.800000,0.00856390224137904,0.0008629865805003556,final
deep_3x16,1,fc,0.5,5.825000,0.008490581424412169,0.0008486265842915688,final
deep_3x16,1,fc,0.5,5.850000,0.008418231800618292,0.0008345624902662513,final
deep_3x16,1,fc,0.5,5.875000,0.008346835964882615,0.0008207870506999125,final
deep_3x16,1,fc,0.5,5.900000,0.008276376904493676,0.0008072932229858862,final
deep_3x16,1,fc,0.5,5.925000,0.00820683798848787,0.0007940741630678401,final
deep_3x16,1,fc,0.5,5.950000,0.008138202957333696,0.0007811232191043099,final
deep_3x16,1,fc,0.5,5.975000,0.008070455912941532,0.0007684339253583744,final
deep_3x16,1,fc,0.5,6.000000,0.008003581308989594,0.0007559999963054072,final
deep_3x16,1,fc,2,0.000000,1.0,0.9999979292399579,final
deep_3x16,1,fc,2,0.025000,1.0000524775096613,0.9992961010731113,final
deep_3x16,1,fc,2,0.050000,1.0002095196419158,0.9971948653968338,final
deep_3x16,1,fc,2,0.075000,1.0004696711673453,0.9937069079517921,final
deep_3x16,1,fc,2,0.100000,1.0008299433673753,0.9888531709729896,final
deep_3x16,1,fc,2,0.125000,1.0012854076534599,0.9826625583062567,final
deep_3x16,1,fc,2,0.150000,1.0018288702371028,0.9751715344708285,final
deep_3x16,1,fc,2,0.175000,1.0024506331790357,0.9664236288215278,final
deep_3x16,1,fc,2,0.200000,1.0031383408083703,0.95646885815437,final
deep_3x16,1,fc,2,0.225000,1.0038769017690645,0.9453630826547406,final
deep_3x16,1,fc,2,0.250000,1.0046484662824227,0.9331673109752425,final
deep_3x16,1,fc,2,0.275000,1.005432426700986,0.919946970463837,final
deep_3x16,1,fc,2,0.300000,1.0062053988084434,0.9057711581949571,final
deep_3x16,1,fc,2,0.325000,1.0069411339066083,0.890711887570984,final
deep_3x16,1,fc,2,0.350000,1.0076103102453806,0.8748433439638938,final
deep_3x16,1,fc,2,0.375000,1.0081801596229636,0.8582411612720591,final
deep_3x16,1,fc,2,0.400000,1.008613903466626,0.8409817294902436,final
deep_3x16,1,fc,2,0.425000,1.0088700037697345,0.8231415415386202,final
deep_3x16,1,fc,2,0.450000,1.0089012772492492,0.8047965857616002,final
deep_3x16,1,fc,2,0.475000,1.0086539722692565,0.7860217887637229,final
deep_3x16,1,fc,2,0.500000,1.008066959884172,0.7668905116525188,final
deep_3x16,1,fc,2,0.525000,1.0070712314934818,0.7474741013425734,final
deep_3x16,1,fc,2,0.550000,1.0055899126391745,0.72784149735908,final
deep_3x16,1,fc,2,0.575000,1.003538983189199,0.7080588935663934,final
deep_3x16,1,fc,2,0.600000,1.0008288320133363,0.6881894534295714,final
deep_3x16,1,fc,2,0.625000,0.9973666726400271,0.668293076778535,final
deep_3x16,1,fc,2,0.650000,0.993059720426232,0.6484262155643347,final
deep_3x16,1,fc,2,0.675000,0.9878189064505282,0.6286417357517053,final
deep_3x16,1,fc,2,0.700000,0.9815628075442722,0.6089888222581751,final
deep_3x16,1,fc,2,0.725000,0.9742214301174668,0.589512923705394,final
deep_3x16,1,fc,2,0.750000,0.9657395099357919,0.570255733673549,final
deep_3x16,1,fc,2,0.775000,0.9560790760427096,0.551255205128223,final
deep_3x16,1,fc,2,0.800000,0.9452211533664681,0.5325455947076924,final
deep_3x16,1,fc,2,0.825000,0.9331666130984203,0.5141575336073486,final
deep_3x16,1,fc,2,0.850000,0.9199362888805112,0.49611812186950627,final
deep_3x16,1,fc,2,0.875000,0.9055705346078983,0.4784510429764151,final
deep_3x16,1,fc,2,0.900000,0.8901283963134107,0.4611766957488485,final
deep_3x16,1,fc,2,0.925000,0.8736865145243584,0.4443123406704296,final
deep_3x16,1,fc,2,0.950000,0.8563377883244853,0.4278722578879763,final
deep_3x16,1,fc,2,0.975000,0.8381897494357183,0.4118679142800541,final
deep_3x16,1,fc,2,1.000000,0.8193625432133553,0.39630813713912205,final
deep_3x16,1,fc,2,1.025000,0.7999864119779785,0.38119929217645976,final
deep_3x16,1,fc,2,1.050000,0.780198627157732,0.3665454637324295,final
deep_3x16,1,fc,2,1.075000,0.7601399069575862,0.35234863525610427,final
deep_3x16,1,fc,2,1.100000,0.7399504612604603,0.3386088683060421,final
deep_3x16,1,fc,2,1.125000,0.7197658974033369,0.325324478515772,final
deep_3x16,1,fc,2,1.150000,0.6997132763159928,0.31249220716094483,final
deep_3x16,1,fc,2,1.175000,0.6799076158345257,0.3001073871574854,final
deep_3x16,1,fc,2,1.200000,0.6604490970757578,0.28816410250883695,final
deep_3x16,1,fc,2,1.225000,0.6414211517449186,0.27665534040303363,final
deep_3x16,1,fc,2,1.250000,0.6228895107304319,0.2655731353345545,final
deep_3x16,1,fc,2,1.275000,0.6049021960236941,0.2549087047897165,final
deep_3x16,1,fc,2,1.300000,0.5874903543121792,0.24465257618608027,final
deep_3x16,1,fc,2,1.325000,0.5706697711519237,0.234794704894746,final
deep_3x16,1,fc,2,1.350000,0.554442872770801,0.22532458329861285,final
deep_3x16,1,fc,2,1.375000,0.5388010164175695,0.21623134094921204,final
deep_3x16,1,fc,2,1.400000,0.5237268845262589,0.2075038359795181,final
deep_3x16,1,fc,2,1.425000,0.5091968261494343,0.199130738010403,final
deep_3x16,1,fc,2,1.450000,0.49518302456482344,0.19110060285465802,final
deep_3x16,1,fc,2,1.475000,0.4816554071745327,0.18340193937552854,final
deep_3x16,1,fc,2,1.500000,0.46858324876840396,0.17602326889740094,final
deep_3x16,1,fc,2,1.525000,0.45593644938065236,0.16895317759573308,final
deep_3x16,1,fc,2,1.550000,0.4436864920766671,0.16218036231265762,final
deep_3x16,1,fc,2,1.575000,0.4318071037766251,0.15569367025510647,final
deep_3x16,1,fc,2,1.600000,0.4202746540214506,0.14948213303498506,final
deep_3x16,1,fc,2,1.625000,0.40906833317216096,0.1435349955070108,final
deep_3x16,1,fc,2,1.650000,0.39817015385129784,0.13784173985045117,final
deep_3x16,1,fc,2,1.675000,0.38756481847586044,0.13239210532712925,final
deep_3x16,1,fc,2,1.700000,0.37723949243789123,0.12717610413072902,final
deep_3x16,1,fc,2,1.725000,0.36718351770038093,0.12218403372238908,final
deep_3x16,1,fc,2,1.750000,0.3573880959977518,0.11740648602565415,final
deep_3x16,1,fc,2,1.775000,0.3478459650232587,0.11283435383068481,final
deep_3x16,1,fc,2,1.800000,0.338551085370554,0.1084588347337509,final
deep_3x16,1,fc,2,1.825000,0.3294983508640863,0.1042714329139894,final
deep_3x16,1,fc,2,1.850000,0.3206833304411829,0.10026395902552457,final
deep_3x16,1,fc,2,1.875000,0.3121020460232282,0.09642852845968962,final
deep_3x16,1,fc,2,1.900000,0.3037507878480321,0.09275755820948363,final
deep_3x16,1,fc,2,1.925000,0.29562596649192363,0.08924376254675773,final
deep_3x16,1,fc,2,1.950000,0.2877239992156597,0.08588014770206033,final
deep_3x16,1,fc,2,1.975000,0.2800412272308689,0.08266000571771653,final
deep_3x16,1,fc,2,2.000000,0.2725738599040045,0.07957690762659296,final
deep_3x16,1,fc,2,2.025000,0.26531794169461986,0.07662469609216203,final
deep_3x16,1,fc,2,2.050000,0.2582693376735421,0.0737974776299044,final
deep_3x16,1,fc,2,2.075000,0.251423733704633,0.07108961451578498,final
deep_3x16,1,fc,2,2.100000,0.24477664773444485,0.06849571647443305,final
deep_3x16,1,fc,2,2.125000,0.23832344906341518,0.06601063222774378,final
deep_3x16,1,fc,2,2.150000,0.23205938292877903,0.06362944097380911,final
deep_3x16,1,fc,2,2.175000,0.22597959818269142,0.06134744385632948,final
deep_3x16,1,fc,2,2.200000,0.22007917627796403,0.05916015547589158,final
deep_3x16,1,fc,2,2.225000,0.21435316016494965,0.05706329548664664,final
deep_3x16,1,fc,2,2.250000,0.20879658204898788,0.05505278031492643,final
deep_3x16,1,fc,2,2.275000,0.20340448925556753,0.05312471503010885,final
deep_3x16,1,fc,2,2.300000,0.19817196770033474,0.0512753853925513,final
deep_3x16,1,fc,2,2.325000,0.19309416266582358,0.049501250098557395,final
deep_3x16,1,fc,2,2.350000,0.18816629675024898,0.047798933238089425,final
deep_3x16,1,fc,2,2.375000,0.18338368498056967,0.046165216977224074,final
deep_3x16,1,fc,2,2.400000,0.1787417471771744,0.044597034474109544,final
deep_3x16,1,fc,2,2.425000,0.17423601772591957,0.04309146303439602,final
deep_3x16,1,fc,2,2.450000,0.16986215295938156,0.04164571750968536,final
deep_3x16,1,fc,2,2.475000,0.16561593637731797,0.040257143940502574,final
deep_3x16,1,fc,2,2.500000,0.16149328195014734,0.038923213443524764,final
deep_3x16,1,fc,2,2.525000,0.15749023575203036,0.03764151634132921,final
deep_3x16,1,fc,2,2.550000,0.15360297616456142,0.036409756531684365,final
deep_3x16,1,fc,2,2.575000,0.1498278128805145,0.03522574609238472,final
deep_3x16,1,fc,2,2.600000,0.14616118492135888,0.034087400116785065,final
deep_3x16,1,fc,2,2.625000,0.14259965786395135,0.03299273177452561,final
deep_3x16,1,fc,2,2.650000,0.13913992045208756,0.03193984759139919,final
deep_3x16,1,fc,2,2.675000,0.13577878074839844,0.030926942941904803,final
deep_3x16,1,fc,2,2.700000,0.13251316196215213,0.029952297747731768,final
deep_3x16,1,fc,2,2.725000,0.129340098069331,0.02901427237521226,final
deep_3x16,1,fc,2,2.750000,0.1262567293233181,0.02811130372463498,final
deep_3x16,1,fc,2,2.775000,0.12326029773784997,0.027241901504269916,final
deep_3x16,1,fc,2,2.800000,0.12034814260873705,0.026404644681927984,final
deep_3x16,1,fc,2,2.825000,0.11751769612726304,0.025598178106928483,final
deep_3x16,1,fc,2,2.850000,0.11476647912618365,0.024821209295431242,final
deep_3x16,1,fc,2,2.875000,0.1120920969887671,0.024072505372191445,final
deep_3x16,1,fc,2,2.900000,0.10949223574233624,0.023350890161948933,final
deep_3x16,1,fc,2,2.925000,0.10696465835013191,0.022655241423814636,final
deep_3x16,1,fc,2,2.950000,0.1045072012089614,0.02198448822219974,final
deep_3x16,1,fc,2,2.975000,0.10211777085486828,0.021337608428025324,final
deep_3x16,1,fc,2,3.000000,0.09979434087485628,0.020713626344142904,final
deep_3x16,1,fc,2,3.025000,0.09753494901941007,0.020111610449121096,final
deep_3x16,1,fc,2,3.050000,0.09533769450803975,0.019530671253741985,final
deep_3x16,1,fc,2,3.075000,0.09320073551824914,0.018969959264783273,final
deep_3x16,1,fc,2,3.100000,0.09112228684707524,0.01842866305087054,final
deep_3x16,1,fc,2,3.125000,0.08910061773357325,0.01790600740538857,final
deep_3x16,1,fc,2,3.150000,0.08713404983025341,0.01740125160166688,final
deep_3x16,1,fc,2,3.175000,0.08522095531142238,0.01691368773584563,final
deep_3x16,1,fc,2,3.200000,0.08335975510659732,0.016442639153041987,final
deep_3x16,1,fc,2,3.225000,0.08154891724755642,0.015987458952627043,final
deep_3x16,1,fc,2,3.250000,0.0797869553181485,0.01554752856862642,final
deep_3x16,1,fc,2,3.275000,0.07807242699663608,0.015122256421425359,final
deep_3x16,1,fc,2,3.300000,0.07640393268107204,0.014711076637163482,final
deep_3x16,1,fc,2,3.325000,0.07478011418896935,0.014313447831357885,final
deep_3x16,1,fc,2,3.350000,0.0731996535233036,0.013928851953473702,final
deep_3x16,1,fc,2,3.375000,0.07166127169765235,0.013556793189317143,final
deep_3x16,1,fc,2,3.400000,0.070163727614028,0.013196796918281035,final
deep_3x16,1,fc,2,3.425000,0.0687058169876783,0.012848408722622606,final
deep_3x16,1,fc,2,3.450000,0.0672863713138021,0.012511193446095005,final
deep_3x16,1,fc,2,3.475000,0.06590425687176038,0.012184734299390572,final
deep_3x16,1,fc,2,3.500000,0.06455837376294693,0.011868632009980432,final
deep_3x16,1,fc,2,3.525000,0.06324765497900475,0.011562504014061415,final
deep_3x16,1,fc,2,3.550000,0.061971065497562816,0.011265983688439207,final
deep_3x16,1,fc,2,3.575000,0.06072760140309008,0.010978719620289117,final
deep_3x16,1,fc,2,3.600000,0.059516289030845826,0.010700374912838966,final
deep_3x16,1,fc,2,3.625000,0.058336184132241065,0.010430626525124654,final
deep_3x16,1,fc,2,3.650000,0.057186371060214625,0.010169164644067214,final
deep_3x16,1,fc,2,3.675000,0.05606596197348346,0.00991569208720407,final
deep_3x16,1,fc,2,3.700000,0.054974096058736155,0.009669923734501585,final
deep_3x16,1,fc,2,3.725000,0.05390993877002492,0.009431585987756015,final
deep_3x16,1,fc,2,3.750000,0.05287268108476273,0.009200416256170275,final
deep_3x16,1,fc,2,3.775000,0.051861538775859195,0.008976162466764602,final
deep_3x16,1,fc,2,3.800000,0.050875751699626326,0.008758582598353621,final
deep_3x16,1,fc,2,3.825000,0.04991458309917429,0.00854744423788731,final
deep_3x16,1,fc,2,3.850000,0.04897731892307666,0.008342524158018077,final
deep_3x16,1,fc,2,3.875000,0.048063267159134115,0.008143607914814084,final
deep_3x16,1,fc,2,3.900000,0.04717175718310407,0.007950489464597189,final
deep_3x16,1,fc,2,3.925000,0.046302139122284425,0.007762970798941056,final
deep_3x16,1,fc,2,3.950000,0.045453783233857736,0.007580861596905375,final
deep_3x16,1,fc,2,3.975000,0.044626079297912735,0.007403978893646075,final
deep_3x16,1,fc,2,4.000000,0.04381843602505475,0.0072321467645740005,final
deep_3x16,1,fc,2,4.025000,0.04303028047852342,0.0070651960242810626,final
deep_3x16,1,fc,2,4.050000,0.04226105751072062,0.00690296393950086,final
deep_3x16,1,fc,2,4.075000,0.041510229214050676,0.006745293955398438,final
deep_3x16,1,fc,2,4.100000,0.04077727438595513,0.00659203543452906,final
deep_3x16,1,fc,2,4.125000,0.040061688008020124,0.0064430434078363,final
deep_3x16,1,fc,2,4.150000,0.03936298073901401,0.006298178337093973,final
deep_3x16,1,fc,2,4.175000,0.03868067842170397,0.006157305888229191,final
deep_3x16,1,fc,2,4.200000,0.038014321603285106,0.006020296714986096,final
deep_3x16,1,fc,2,4.225000,0.03736346506924093,0.005887026252428785,final
deep_3x16,1,fc,2,4.250000,0.03672767739044458,0.005757374519800969,final
deep_3x16,1,fc,2,4.275000,0.036106540483294425,0.005631225932281169,final
deep_3x16,1,fc,2,4.300000,0.03549964918267201,0.005508469121209777,final
deep_3x16,1,fc,2,4.325000,0.03490661082749291,0.005388996762367058,final
deep_3x16,1,fc,2,4.350000,0.034327044858620925,0.005272705411922309,final
deep_3x16,1,fc,2,4.375000,0.033760582428900454,0.005159495349679465,final
deep_3x16,1,fc,2,4.400000,0.033206866025059734,0.005049270429270179,final
deep_3x16,1,fc,2,4.425000,0.03266554910123176,0.004941937934961711,final
deep_3x16,1,fc,2,4.450000,0.03213629572383114,0.004837408444764286,final
deep_3x16,1,fc,2,4.475000,0.031618780227527954,0.004735595699538422,final
deep_3x16,1,fc,2,4.500000,0.031112686882050822,0.00463641647781682,final
deep_3x16,1,fc,2,4.525000,0.03061770956955323,0.004539790476073858,final
deep_3x16,1,fc,2,4.550000,0.03013355147227703,0.0044456401941804025,final
deep_3x16,1,fc,2,4.575000,0.029659924770241264,0.0043538908258078015,final
deep_3x16,1,fc,2,4.600000,0.02919655034869384,0.004264470153542824,final
deep_3x16,1,fc,2,4.625000,0.028743157515056517,0.004177308448501121,final
deep_3x16,1,fc,2,4.650000,0.028299483725100938,0.00409233837422035,final
deep_3x16,1,fc,2,4.675000,0.027865274318093713,0.004009494894645649,final
deep_3x16,1,fc,2,4.700000,0.02744028226065187,0.003928715186011864,final
deep_3x16,1,fc,2,4.725000,0.027024267899053545,0.003849938552444208,final
deep_3x16,1,fc,2,4.750000,0.02661699871975065,0.0037731063451085585,final
deep_3x16,1,fc,2,4.775000,0.026218249117839654,0.003698161884748136,final
deep_3x16,1,fc,2,4.800000,0.025827800173243598,0.0036250503874534,final
deep_3x16,1,fc,2,4.825000,0.025445439434368722,0.0035537188935180495,final
deep_3x16,1,fc,2,4.850000,0.025070960709001278,0.0034841161992384935,final
deep_3x16,1,fc,2,4.875000,0.024704163862217188,0.003416192791532784,final
deep_3x16,1,fc,2,4.900000,0.02434485462107827,0.003349900785240403,final
deep_3x16,1,fc,2,4.925000,0.023992844385900103,0.0032851938629953315,final
deep_3x16,1,fc,2,4.950000,0.023647950047874566,0.0032220272175482114,final
deep_3x16,1,fc,2,4.975000,0.023309993812843488,0.003160357496432501,final
deep_3x16,1,fc,2,5.000000,0.022978803031017847,0.0031001427488730796,final
deep_3x16,1,fc,2,5.025000,0.022654210032447164,0.0030413423748346722,final
deep_3x16,1,fc,2,5.050000,0.022336051968047554,0.0029839170761159985,final
deep_3x16,1,fc,2,5.075000,0.02202417065600204,0.0029278288094051505,final
deep_3x16,1,fc,2,5.100000,0.021718412433352263,0.0028730407412039653,final
deep_3x16,1,fc,2,5.125000,0.021418628012606855,0.0028195172045440277,final
deep_3x16,1,fc,2,5.150000,0.02112467234319515,0.002767223657416334,final
deep_3x16,1,fc,2,5.175000,0.020836404477602155,0.002716126642840039,final
deep_3x16,1,fc,2,5.200000,0.02055368744202435,0.0026661937504989823,final
deep_3x16,1,fc,2,5.225000,0.020276388111390764,0.0026173935798797948,final
deep_3x16,1,fc,2,5.250000,0.020004377088600256,0.00256969570484818,final
deep_3x16,1,fc,2,5.275000,0.019737528587829622,0.002523070639600119,final
deep_3x16,1,fc,2,5.300000,0.01947572032177025,0.002477489805931105,final
deep_3x16,1,fc,2,5.325000,0.019218833392659063,0.0024329255017677574,final
deep_3x16,1,fc,2,5.350000,0.018966752186971858,0.002389350870906149,final
deep_3x16,1,fc,2,5.375000,0.018719364273651173,0.0023467398739123713,final
deep_3x16,1,fc,2,5.400000,0.01847656030574585,0.002305067260127343,final
deep_3x16,1,fc,2,5.425000,0.018238233925344405,0.0022643085407395933,final
deep_3x16,1,fc,2,5.450000,0.018004281671685995,0.0022244399628739303,final
deep_3x16,1,fc,2,5.475000,0.017774602892339564,0.002185438484659717,final
deep_3x16,1,fc,2,5.500000,0.017549099657342415,0.002147281751233332,final
deep_3x16,1,fc,2,5.525000,0.017327676676197057,0.00210994807163994,final
deep_3x16,1,fc,2,5.550000,0.017110241217624278,0.002073416396598594,final
deep_3x16,1,fc,2,5.575000,0.016896703031977545,0.002037666297088671,final
deep_3x16,1,fc,2,5.600000,0.01668697427622523,0.002002677943734377,final
deep_3x16,1,fc,2,5.625000,0.01648096944141142,0.0019684320869470203,final
deep_3x16,1,fc,2,5.650000,0.01627860528250802,0.001934910037795905,final
deep_3x16,1,fc,2,5.675000,0.01607980075057558,0.0019020936495821128,final
deep_3x16,1,fc,2,5.700000,0.015884476927151336,0.0018699653000843219,final
deep_3x16,1,fc,2,5.725000,0.015692556960787196,0.0018385078744475162,final
deep_3x16,1,fc,2,5.750000,0.015503966005664283,0.001807704748695522,final
deep_3x16,1,fc,2,5.775000,0.015318631162207885,0.0017775397738341902,final
deep_3x16,1,fc,2,5.800000,0.015136481419638192,0.0017479972605298807,final
deep_3x16,1,fc,2,5.825000,0.014957447600384977,0.0017190619643353434,final
deep_3x16,1,fc,2,5.850000,0.014781462306305171,0.0016907190714431513,final
deep_3x16,1,fc,2,5.875000,0.014608459866637835,0.0016629541849460688,final
deep_3x16,1,fc,2,5.900000,0.014438376287638777,0.0016357533115849763,final
deep_3x16,1,fc,2,5.925000,0.014271149203835432,0.0016091028489635777,final
deep_3x16,1,fc,2,5.950000,0.014106717830845938,0.0015829895732162476,final
deep_3x16,1,fc,2,5.975000,0.013945022919709005,0.0015574006271040614,final
deep_3x16,1,fc,2,6.000000,0.013786006712672827,0.0015323235085293945,final
deep_3x16,1,fc,5,0.000000,1.0,0.9999990149527557,final
deep_3x16,1,fc,5,0.025000,1.00026875351137,0.9995535545956326,final
deep_3x16,1,fc,5,0.050000,1.001073500258218,0.9982182550348954,final
deep_3x16,1,fc,5,0.075000,1.0024093273017893,0.9959963639857915,final
deep_3x16,1,fc,5,0.100000,1.0042673181672999,0.9928933046151531,final
deep_3x16,1,fc,5,0.125000,1.0066340408940937,0.988916689954814,final
deep_3x16,1,fc,5,0.150000,1.009491148501495,0.9840763410260884,final
deep_3x16,1,fc,5,0.175000,1.0128150963193323,0.9783843067201043,final
deep_3x16,1,fc,5,0.200000,1.0165769782239915,0.9718548830579382,final
deep_3x16,1,fc,5,0.225000,1.020742481802425,0.9645046291303571,final
deep_3x16,1,fc,5,0.250000,1.0252719605245049,0.95635237680383,final
deep_3x16,1,fc,5,0.275000,1.030120618676456,0.9474192311874634,final
deep_3x16,1,fc,5,0.300000,1.0352388015941094,0.9377285588901255,final
deep_3x16,1,fc,5,0.325000,1.0405723792826778,0.9273059612587633,final
deep_3x16,1,fc,5,0.350000,1.0460632058550459,0.9161792300730569,final
deep_3x16,1,fc,5,0.375000,1.0516496310115513,0.904378283568314,final
deep_3x16,1,fc,5,0.400000,1.0572670343989137,0.8919350811532322,final
deep_3x16,1,fc,5,0.425000,1.0628483511255769,0.8788835157629997,final
deep_3x16,1,fc,5,0.450000,1.0683245591776198,0.8652592834188174,final
deep_3x16,1,fc,5,0.475000,1.0736251086319792,0.8510997302275789,final
deep_3x16,1,fc,5,0.500000,1.0786782885882495,0.8364436777241008,final
deep_3x16,1,fc,5,0.525000,1.0834115485583504,0.8213312281068833,final
deep_3x16,1,fc,5,0.550000,1.087751812103508,0.8058035515220902,final
deep_3x16,1,fc,5,0.575000,1.0916258354889186,0.789902658086808,final
deep_3x16,1,fc,5,0.600000,1.0949606667861926,0.7736711577926741,final
deep_3x16,1,fc,5,0.625000,1.0976842474067516,0.7571520117798487,final
deep_3x16,1,fc,5,0.650000,1.099726169309282,0.7403882787090609,final
deep_3x16,1,fc,5,0.675000,1.1010185632732,0.7234228600810844,final
deep_3x16,1,fc,5,0.700000,1.1014970569311517,0.7062982483585597,final
deep_3x16,1,fc,5,0.725000,1.1011017168873711,0.6890562816393245,final
deep_3x16,1,fc,5,0.750000,1.0997778854109845,0.6717379084223036,final
deep_3x16,1,fc,5,0.775000,1.0974768410862865,0.6543829657089731,final
deep_3x16,1,fc,5,0.800000,1.0941562498353434,0.6370299733105577,final
deep_3x16,1,fc,5,0.825000,1.089780418238595,0.6197159468002725,final
deep_3x16,1,fc,5,0.850000,1.084320403721469,0.6024762310788355,final
deep_3x16,1,fc,5,0.875000,1.0777540664598868,0.5853443560278541,final
deep_3x16,1,fc,5,0.900000,1.0700661604294264,0.5683519152265687,final
deep_3x16,1,fc,5,0.925000,1.061248555051289,0.5515284682184035,final
deep_3x16,1,fc,5,0.950000,1.0513006568892178,0.5349014663486072,final
deep_3x16,1,fc,5,0.975000,1.0402300668839481,0.5184962017644935,final
deep_3x16,1,fc,5,1.000000,1.028053466849486,0.5023357787844921,final
deep_3x16,1,fc,5,1.025000,1.0147976832138683,0.4864411065080455,final
deep_3x16,1,fc,5,1.050000,1.0005008301590306,0.4708309112594444,final
deep_3x16,1,fc,5,1.075000,0.985213393173068,0.45552176723692184,final
deep_3x16,1,fc,5,1.100000,0.9689990836683556,0.44052814357346226,final
deep_3x16,1,fc,5,1.125000,0.9519352826861947,0.42586246590588206,final
deep_3x16,1,fc,5,1.150000,0.9341129030933881,0.41153519049035014,final
deep_3x16,1,fc,5,1.175000,0.9156355385628757,0.3975548888910253,final
deep_3x16,1,fc,5,1.200000,0.8966178326817743,0.38392834129850273,final
deep_3x16,1,fc,5,1.225000,0.8771830855901562,0.370660636600358,final
deep_3x16,1,fc,5,1.250000,0.8574602062972719,0.3577552774211005,final
deep_3x16,1,fc,5,1.275000,0.8375802011127866,0.34521428846717805,final
deep_3x16,1,fc,5,1.300000,0.8176724479988183,0.3330383266483743,final
deep_3x16,1,fc,5,1.325000,0.7978610328172306,0.32122679159448314,final
deep_3x16,1,fc,5,1.350000,0.7782614127720086,0.30977793534049813,final
deep_3x16,1,fc,5,1.375000,0.7589776284166212,0.2986889701102368,final
deep_3x16,1,fc,5,1.400000,0.7401002179003672,0.2879561732835211,final
deep_3x16,1,fc,5,1.425000,0.7217049083670132,0.277574988782547,final
deep_3x16,1,fc,5,1.450000,0.7038520824028681,0.26754012425636026,final
deep_3x16,1,fc,5,1.475000,0.68658695248275,0.25784564357642004,final
deep_3x16,1,fc,5,1.500000,0.6699403298197281,0.24848505427970202,final
deep_3x16,1,fc,5,1.525000,0.6539298479692655,0.2394513897077521,final
deep_3x16,1,fc,5,1.550000,0.638561494492203,0.2307372856900662,final
deep_3x16,1,fc,5,1.575000,0.6238313121313727,0.2223350517080542,final
deep_3x16,1,fc,5,1.600000,0.6097271494651831,0.2142367365518528,final
deep_3x16,1,fc,5,1.625000,0.5962303650831773,0.20643418854680623,final
deep_3x16,1,fc,5,1.650000,0.583317414955775,0.198919110480207,final
deep_3x16,1,fc,5,1.675000,0.5709612768989218,0.19168310940259609,final
deep_3x16,1,fc,5,1.700000,0.5591326870331639,0.1847177415124742,final
deep_3x16,1,fc,5,1.725000,0.547801180032607,0.17801455235952063,final
deep_3x16,1,fc,5,1.750000,0.5369359375988819,0.1715651126203154,final
deep_3x16,1,fc,5,1.775000,0.5265064582980925,0.16536104971299231,final
deep_3x16,1,fc,5,1.800000,0.51648306724444,0.15939407552411586,final
deep_3x16,1,fc,5,1.825000,0.5068372867820184,0.1536560105231757,final
deep_3x16,1,fc,5,1.850000,0.4975420899776468,0.14813880453823608,final
deep_3x16,1,fc,5,1.875000,0.4885720579929297,0.14283455446115373,final
deep_3x16,1,fc,5,1.900000,0.47990346075356094,0.13773551914301999,final
deep_3x16,1,fc,5,1.925000,0.4715142781718282,0.13283413173068498,final
deep_3x16,1,fc,5,1.950000,0.463384176797877,0.12812300968388157,final
deep_3x16,1,fc,5,1.975000,0.45549445438384195,0.12359496270000238,final
deep_3x16,1,fc,5,2.000000,0.44782796257914415,0.11924299876040963,final
deep_3x16,1,fc,5,2.025000,0.4403690159173992,0.11506032849854929,final
deep_3x16,1,fc,5,2.050000,0.43310329344714915,0.11104036807640862,final
deep_3x16,1,fc,5,2.075000,0.4260177378130372,0.10717674074218457,final
deep_3x16,1,fc,5,2.100000,0.4191004553048341,0.10346327722860513,final
deep_3x16,1,fc,5,2.125000,0.4123406193405892,0.09989401513832925,final
deep_3x16,1,fc,5,2.150000,0.405728379012114,0.09646319745030717,final
deep_3x16,1,fc,5,2.175000,0.3992547736681631,0.09316527026902503,final
deep_3x16,1,fc,5,2.200000,0.3929116540149018,0.08999487992723759,final
deep_3x16,1,fc,5,2.225000,0.3866916098477291,0.08694686954211561,final
deep_3x16,1,fc,5,2.250000,0.3805879042689153,0.0840162751147613,final
deep_3x16,1,fc,5,2.275000,0.374594414070169,0.08119832125375193,final
deep_3x16,1,fc,5,2.300000,0.36870557584967556,0.07848841659474731,final
deep_3x16,1,fc,5,2.325000,0.36291633737366435,0.07588214898026313,final
deep_3x16,1,fc,5,2.350000,0.357222113670262,0.07337528045640314,final
deep_3x16,1,fc,5,2.375000,0.3516187473478537,0.0709637421366524,final
deep_3x16,1,fc,5,2.400000,0.3461024726529921,0.06864362897674837,final
deep_3x16,1,fc,5,2.425000,0.34066988281761823,0.06641119449909502,final
deep_3x16,1,fc,5,2.450000,0.33531790028696495,0.06426284550016602,final
deep_3x16,1,fc,5,2.475000,0.3300437494642843,0.06219513676981234,final
deep_3x16,1,fc,5,2.500000,0.32484493165371686,0.060204765847302694,final
deep_3x16,1,fc,5,2.525000,0.31971920192633074,0.05828856783526772,final
deep_3x16,1,fc,5,2.550000,0.3146645476752816,0.05644351028943357,final
deep_3x16,1,fc,5,2.575000,0.30967916866339673,0.05466668819911841,final
deep_3x16,1,fc,5,2.600000,0.304761458399851,0.05295531907085509,final
deep_3x16,1,fc,5,2.625000,0.2999099867117976,0.05130673812520908,final
deep_3x16,1,fc,5,2.650000,0.2951234834019336,0.04971839361481907,final
deep_3x16,1,fc,5,2.675000,0.2904008229041468,0.048187842269903004,final
deep_3x16,1,fc,5,2.700000,0.2857410098669435,0.046712744875897896,final
deep_3x16,1,fc,5,2.725000,0.28114316560856234,0.045290861986530255,final
deep_3x16,1,fc,5,2.750000,0.27660651539895875,0.04392004977442389,final
deep_3x16,1,fc,5,2.775000,0.2721303765325227,0.04259825602031256,final
deep_3x16,1,fc,5,2.800000,0.2677141471618558,0.04132351624104625,final
deep_3x16,1,fc,5,2.825000,0.263357295867513,0.04009394995580804,final
deep_3x16,1,fc,5,2.850000,0.2590593519416666,0.03890775708931617,final
deep_3x16,1,fc,5,2.875000,0.25481989636541735,0.037763214510238105,final
deep_3x16,1,fc,5,2.900000,0.2506385534602956,0.036658672702594416,final
deep_3x16,1,fc,5,2.925000,0.24651498319452636,0.03559255256754023,final
deep_3x16,1,fc,5,2.950000,0.2424488741241687,0.034563342352615975,final
deep_3x16,1,fc,5,2.975000,0.23843993694836563,0.03356959470530945,final
deep_3x16,1,fc,5,3.000000,0.23448789865687547,0.03260992384757856,final
deep_3x16,1,fc,5,3.025000,0.230592497246896,0.03168300286784069,final
deep_3x16,1,fc,5,3.050000,0.22675347698502524,0.030787561126827977,final
deep_3x16,1,fc,5,3.075000,0.22297058418911875,0.02992238177364323,final
deep_3x16,1,fc,5,3.100000,0.21924356350387497,0.02908629936830695,final
deep_3x16,1,fc,5,3.125000,0.21557215464319135,0.028278197607078143,final
deep_3x16,1,fc,5,3.150000,0.2119560895717998,0.02749700714683811,final
deep_3x16,1,fc,5,3.175000,0.20839509009832757,0.02674170352486146,final
deep_3x16,1,fc,5,3.200000,0.2048888658518232,0.026011305170332698,final
deep_3x16,1,fc,5,3.225000,0.20143711261388353,0.025304871504035504,final
deep_3x16,1,fc,5,3.250000,0.19803951097882222,0.024621501122705596,final
deep_3x16,1,fc,5,3.275000,0.19469572531482682,0.02396033006461559,final
deep_3x16,1,fc,5,3.300000,0.19140540299971986,0.02332053015304608,final
deep_3x16,1,fc,5,3.325000,0.1881681739057668,0.022701307414390606,final
deep_3x16,1,fc,5,3.350000,0.18498365010893802,0.022101900567731217,final
deep_3x16,1,fc,5,3.375000,0.18185142579908797,0.02152157958282148,final
deep_3x16,1,fc,5,3.400000,0.17877107736867648,0.020959644303520642,final
deep_3x16,1,fc,5,3.425000,0.1757421636588612,0.020415423133807592,final
deep_3x16,1,fc,5,3.450000,0.17276422634306843,0.019888271783622076,final
deep_3x16,1,fc,5,3.475000,0.1698367904294168,0.019377572071868618,final
deep_3x16,1,fc,5,3.500000,0.166959364864683,0.018882730784027312,final
deep_3x16,1,fc,5,3.525000,0.16413144322377593,0.01840317858190917,final
deep_3x16,1,fc,5,3.550000,0.16135250446996707,0.017938368963193514,final
deep_3x16,1,fc,5,3.575000,0.15862201377236085,0.017487777268482583,final
deep_3x16,1,fc,5,3.600000,0.15593942336830058,0.017050899733695963,final
deep_3x16,1,fc,5,3.625000,0.15330417345955605,0.01662725258572584,final
deep_3x16,1,fc,5,3.650000,0.15071569313224964,0.01621637117935688,final
deep_3x16,1,fc,5,3.675000,0.14817340129152412,0.015817809173541454,final
deep_3x16,1,fc,5,3.700000,0.14567670760295115,0.015431137745210538,final
deep_3x16,1,fc,5,3.725000,0.14322501343359784,0.015055944838867765,final
deep_3x16,1,fc,5,3.750000,0.14081771278654465,0.014691834450308115,final
deep_3x16,1,fc,5,3.775000,0.13845419322344865,0.014338425942863312,final
deep_3x16,1,fc,5,3.800000,0.13613383677048596,0.013995353394657682,final
deep_3x16,1,fc,5,3.825000,0.13385602080369474,0.013662264975421378,final
deep_3x16,1,fc,5,3.850000,0.13162011891036096,0.013338822351480577,final
deep_3x16,1,fc,5,3.875000,0.12942550172365974,0.0130247001176001,final
deep_3x16,1,fc,5,3.900000,0.12727153772828093,0.012719585254425991,final
deep_3x16,1,fc,5,3.925000,0.1251575940352314,0.012423176610320625,final
deep_3x16,1,fc,5,3.950000,0.12308303712442148,0.012135184406454037,final
deep_3x16,1,fc,5,3.975000,0.12104723355402702,0.011855329764055456,final
deep_3x16,1,fc,5,4.000000,0.1190495506359337,0.011583344252793145,final
deep_3x16,1,fc,5,4.025000,0.11708935707687673,0.011318969459285231,final
deep_3x16,1,fc,5,4.050000,0.11516602358514239,0.011061956574806305,final
deep_3x16,1,fc,5,4.075000,0.11327892344292034,0.010812066001288487,final
deep_3x16,1,fc,5,4.100000,0.11142743304459457,0.010569066974763647,final
deep_3x16,1,fc,5,4.125000,0.10961093240142716,0.010332737205431649,final
deep_3x16,1,fc,5,4.150000,0.1078288056132326,0.010102862533580738,final
deep_3x16,1,fc,5,4.175000,0.1060804413077594,0.009879236600621332,final
deep_3x16,1,fc,5,4.200000,0.10436523304860101,0.009661660534531725,final
deep_3x16,1,fc,5,4.225000,0.1026825797125338,0.009449942649044966,final
deep_3x16,1,fc,5,4.250000,0.10103188583725331,0.009243898155941826,final
deep_3x16,1,fc,5,4.275000,0.09941256194052406,0.00904334888984183,final
deep_3x16,1,fc,5,4.300000,0.09782402481180574,0.008848123044917012,final
deep_3x16,1,fc,5,4.325000,0.09626569777743776,0.00865805492297805,final
deep_3x16,1,fc,5,4.350000,0.0947370109404887,0.008472984692407837,final
deep_3x16,1,fc,5,4.375000,0.09323740139638159,0.008292758157448845,final
deep_3x16,1,fc,5,4.400000,0.09176631342540598,0.008117226537362866,final
deep_3x16,1,fc,5,4.425000,0.09032319866323402,0.007946246255021595,final
deep_3x16,1,fc,5,4.450000,0.08890751625052529,0.007779678734485535,final
deep_3x16,1,fc,5,4.475000,0.08751873296271273,0.007617390207175521,final
deep_3x16,1,fc,5,4.500000,0.0861563233210263,0.00745925152623505,final
deep_3x16,1,fc,5,4.525000,0.08481976968579275,0.007305137988719207,final
deep_3x16,1,fc,5,4.550000,0.08350856233302639,0.007154929165255192,final
deep_3x16,1,fc,5,4.575000,0.08222219951528964,0.007008508736834862,final
deep_3x16,1,fc,5,4.600000,0.08096018750778577,0.006865764338424728,final
deep_3x16,1,fc,5,4.625000,0.07972204064059507,0.006726587409077422,final
deep_3x16,1,fc,5,4.650000,0.07850728131795337,0.006590873048268464,final
deep_3x16,1,fc,5,4.675000,0.07731544002542301,0.0064585198781628465,final
deep_3x16,1,fc,5,4.700000,0.07614605532578089,0.006329429911565912,final
deep_3x16,1,fc,5,4.725000,0.07499867384441372,0.006203508425289461,final
deep_3x16,1,fc,5,4.750000,0.07387285024497148,0.006080663838708088,final
deep_3x16,1,fc,5,4.775000,0.07276814719600111,0.005960807597265741,final
deep_3x16,1,fc,5,4.800000,0.07168413532925266,0.005843854060718774,final
deep_3x16,1,fc,5,4.825000,0.07062039319030489,0.005729720395912886,final
deep_3x16,1,fc,5,4.850000,0.06957650718213915,0.005618326473881569,final
deep_3x16,1,fc,5,4.875000,0.06855207150225195,0.0055095947710962845,final
deep_3x16,1,fc,5,4.900000,0.06754668807386421,0.005403450274670497,final
deep_3x16,1,fc,5,4.925000,0.06655996647176132,0.005299820391357137,final
deep_3x16,1,fc,5,4.950000,0.06559152384326439,0.00519863486017101,final
deep_3x16,1,fc,5,4.975000,0.06464098482480751,0.005099825668480255,final
deep_3x16,1,fc,5,5.000000,0.06370798145456869,0.005003326971419181,final
deep_3x16,1,fc,5,5.025000,0.06279215308157426,0.004909075014477372,final
deep_3x16,1,fc,5,5.050000,0.06189314627167519,0.004817008059132411,final
deep_3x16,1,fc,5,5.075000,0.0610106147107653,0.004727066311396233,final
deep_3x16,1,fc,5,5.100000,0.060144219105592756,0.004639191853146637,final
deep_3x16,1,fc,5,5.125000,0.059293627082492306,0.004553328576135116,final
deep_3x16,1,fc,5,5.150000,0.05845851308434091,0.004469422118547324,final
deep_3x16,1,fc,5,5.175000,0.057638558266029705,0.0043874198040178055,final
deep_3x16,1,fc,5,5.200000,0.05683345038871124,0.0043072705829917705,final
deep_3x16,1,fc,5,5.225000,0.05604288371307986,0.004228924976334929,final
deep_3x16,1,fc,5,5.250000,0.05526655889190868,0.004152335021101629,final
deep_3x16,1,fc,5,5.275000,0.05450418286206382,0.004077454218365142,final
deep_3x16,1,fc,5,5.300000,0.05375546873619408,0.0040042374830345975,final
deep_3x16,1,fc,5,5.325000,0.05302013569427866,0.003932641095565119,final
deep_3x16,1,fc,5,5.350000,0.0522979088752078,0.003862622655491328,final
deep_3x16,1,fc,5,5.375000,0.0515885192685509,0.0037941410367080836,final
deep_3x16,1,fc,5,5.400000,0.05089170360665751,0.003727156344421023,final
deep_3x16,1,fc,5,5.425000,0.050207204257227134,0.003661629873710311,final
deep_3x16,1,fc,5,5.450000,0.049534769116465704,0.0035975240696294233,final
deep_3x16,1,fc,5,5.475000,0.04887415150294527,0.003534802488785088,final
deep_3x16,1,fc,5,5.500000,0.048225110052264486,0.00347342976233753,final
deep_3x16,1,fc,5,5.525000,0.04758740861260591,0.0034133715603585552,final
deep_3x16,1,fc,5,5.550000,0.04696081614127179,0.003354594557501852,final
deep_3x16,1,fc,5,5.575000,0.04634510660227509,0.003297066399923296,final
deep_3x16,1,fc,5,5.600000,0.04574005886505361,0.0032407556734100657,final
deep_3x16,1,fc,5,5.625000,0.04514545660436864,0.0031856318726634857,final
deep_3x16,1,fc,5,5.650000,0.04456108820144089,0.003131665371696122,final
deep_3x16,1,fc,5,5.675000,0.04398674664637392,0.003078827395293707,final
deep_3x16,1,fc,5,5.700000,0.0434222294419051,0.003027089991503894,final
deep_3x16,1,fc,5,5.725000,0.0428673385085212,0.0029764260051096687,final
deep_3x16,1,fc,5,5.750000,0.04232188009097204,0.0029268090520475788,final
deep_3x16,1,fc,5,5.775000,0.04178566466620648,0.002878213494739797,final
deep_3x16,1,fc,5,5.800000,0.04125850685275401,0.002830614418296118,final
deep_3x16,1,fc,5,5.825000,0.0407402253215714,0.00278398760755835,final
deep_3x16,1,fc,5,5.850000,0.040230642708367736,0.002738309524953898,final
deep_3x16,1,fc,5,5.875000,0.03972958552741901,0.00269355728912338,final
deep_3x16,1,fc,5,5.900000,0.039236884086881196,0.002649708654298654,final
deep_3x16,1,fc,5,5.925000,0.038752372405605584,0.0026067419903964785,final
deep_3x16,1,fc,5,5.950000,0.0382758881314581,0.0025646362638050363,final
deep_3x16,1,fc,5,5.975000,0.037807272461144015,0.0025233710188360442,final
deep_3x16,1,fc,5,6.000000,0.037346370061533185,0.002482926359813787,final
deep_3x16,2,fx,,0.000000,1.0,1.0,final
deep_3x16,2,fx,,0.025000,1.0000430602412747,1.0001371734503082,final
deep_3x16,2,fx,,0.050000,1.000172075308078,1.0005484131007953,final
deep_3x16,2,fx,,0.075000,1.0003866669925783,1.0012328782849313,final
deep_3x16,2,fx,,0.100000,1.000686445771403,1.002189172660767,final
deep_3x16,2,fx,,0.125000,1.0010711955638611,1.0034153513166864,final
deep_3x16,2,fx,,0.150000,1.001541035751651,1.0049089306249135,final
deep_3x16,2,fx,,0.175000,1.0020965589749704,1.0066669007499534,final
deep_3x16,2,fx,,0.200000,1.0027389440558683,1.0086857406950527,final
deep_3x16,2,fx,,0.225000,1.0034700441083428,1.010961435747421,final
deep_3x16,2,fx,,0.250000,1.0042924504720898,1.0134894971626558,final
deep_3x16,2,fx,,0.275000,1.0052095335571778,1.0162649839108355,final
deep_3x16,2,fx,,0.300000,1.006225462021278,1.0192825262913066,final
deep_3x16,2,fx,,0.325000,1.0073452019355509,1.022536351210436,final
deep_3x16,2,fx,,0.350000,1.0085744977492654,1.0260203089066646,final
deep_3x16,2,fx,,0.375000,1.0099198369576672,1.0297279009001115,final
deep_3x16,2,fx,,0.400000,1.0113884004330942,1.0336523089397605,final
deep_3x16,2,fx,,0.425000,1.012988000414664,1.0377864247198565,final
deep_3x16,2,fx,,0.450000,1.0147270081822448,1.0421228801384386,final
deep_3x16,2,fx,,0.475000,1.0166142734763945,1.0466540778748243,final
deep_3x16,2,fx,,0.500000,1.0186590377722677,1.0513722220691275,final
deep_3x16,2,fx,,0.525000,1.0208708435702305,1.056269348895353,final
deep_3x16,2,fx,,0.550000,1.0232594419206817,1.061337356830009,final
deep_3x16,2,fx,,0.575000,1.0258347004402495,1.0665680364302768,final
deep_3x16,2,fx,,0.600000,1.0286065140808789,1.0719530994492863,final
deep_3x16,2,fx,,0.625000,1.0315847208581757,1.0774842071307018,final
deep_3x16,2,fx,,0.650000,1.034779024605599,1.0831529975403624,final
deep_3x16,2,fx,,0.675000,1.0381989265732094,1.0889511118088369,final
deep_3x16,2,fx,,0.700000,1.0418536673156833,1.0948702191752313,final
deep_3x16,2,fx,,0.725000,1.0457521798049743,1.1009020407391494,final
deep_3x16,2,fx,,0.750000,1.049903054061065,1.1070383718441337,final
deep_3x16,2,fx,,0.775000,1.0543145128366547,1.1132711030320084,final
deep_3x16,2,fx,,0.800000,1.0589943970504772,1.119592239523111,final
deep_3x16,2,fx,,0.825000,1.0639501587858329,1.1259939191922888,final
deep_3x16,2,fx,,0.850000,1.0691888588145746,1.1324684290245925,final
deep_3x16,2,fx,,0.875000,1.0747171648391487,1.139008220047757,final
deep_3x16,2,fx,,0.900000,1.0805413460362738,1.1456059207506675,final
deep_3x16,2,fx,,0.925000,1.0866672591025432,1.152254349008086,final
deep_3x16,2,fx,,0.950000,1.0931003209031775,1.1589465225418367,final
deep_3x16,2,fx,,0.975000,1.0998454630548071,1.1656756679574736,final
deep_3x16,2,fx,,1.000000,1.1069070643580317,1.172435228403129,final
deep_3x16,2,fx,,1.025000,1.1142888579409873,1.1792188699038115,final
deep_3x16,2,fx,,1.050000,1.121993811264041,1.1860204864298936,final
deep_3x16,2,fx,,1.075000,1.1300239787278308,1.192834203762979,final
deep_3x16,2,fx,,1.100000,1.1383803284592227,1.1996543822257886,final
deep_3x16,2,fx,,1.125000,1.1470625468380857,1.2064756183452223,final
deep_3x16,2,fx,,1.150000,1.1560688263680263,1.2132927455194251,final
deep_3x16,2,fx,,1.175000,1.165395644465565,1.220100833760554,final
deep_3x16,2,fx,,1.200000,1.175037542511037,1.2268951885850992,final
deep_3x16,2,fx,,1.225000,1.1849869159304152,1.2336713491231373,final
deep_3x16,2,fx,,1.250000,1.19523382702165,1.2404250855168273,final
deep_3x16,2,fx,,1.275000,1.2057658525759227,1.2471523956769321,final
deep_3x16,2,fx,,1.300000,1.2165679779730256,1.2538495014641662,final
deep_3x16,2,fx,,1.325000,1.2276225482904066,1.2605128443598486,final
deep_3x16,2,fx,,1.350000,1.2389092850496324,1.2671390806877225,final
deep_3x16,2,fx,,1.375000,1.2504053745883208,1.2737250764459462,final
deep_3x16,2,fx,,1.400000,1.2620856308140656,1.2802679018052352,final
deep_3x16,2,fx,,1.425000,1.2739227314592896,1.2867648253259727,final
deep_3x16,2,fx,,1.450000,1.285887523155769,1.2932133079438641,final
deep_3x16,2,fx,,1.475000,1.297949386961923,1.2996109967704328,final
deep_3x16,2,fx,,1.500000,1.3100766526888223,1.3059557187513589,final
deep_3x16,2,fx,,1.525000,1.3222370477426002,1.3122454742224083,final
deep_3x16,2,fx,,1.550000,1.3343981644392788,1.3184784303994812,final
deep_3x16,2,fx,,1.575000,1.3465279289838006,1.3246529148361825,final
deep_3x16,2,fx,,1.600000,1.3585950555781576,1.330767408879276,final
deep_3x16,2,fx,,1.625000,1.370569470379439,1.3368205411494571,final
deep_3x16,2,fx,,1.650000,1.3824226921279834,1.3428110810720784,final
deep_3x16,2,fx,,1.675000,1.3941281590030783,1.3487379324797883,final
deep_3x16,2,fx,,1.700000,1.4056614943937786,1.3546001273065218,final
deep_3x16,2,fx,,1.725000,1.417000707538964,1.360396819389886,final
deep_3x16,2,fx,,1.750000,1.4281263281537073,1.3661272783967613,final
deep_3x16,2,fx,,1.775000,1.439021477015837,1.3717908838848296,final
deep_3x16,2,fx,,1.800000,1.4496718768874834,1.3773871195108214,final
deep_3x16,2,fx,,1.825000,1.4600658099999444,1.3829155673944546,final
deep_3x16,2,fx,,1.850000,1.470194029602556,1.3883759026453952,final
deep_3x16,2,fx,,1.875000,1.4800496337835924,1.3937678880590432,final
deep_3x16,2,fx,,1.900000,1.4896279099687022,1.3990913689855675,final
deep_3x16,2,fx,,1.925000,1.4989261582715054,1.4043462683753405,final
deep_3x16,2,fx,,1.950000,1.5079435013067546,1.4095325820027964,final
deep_3x16,2,fx,,1.975000,1.5166806872767271,1.4146503738697032,final
deep_3x16,2,fx,,2.000000,1.5251398921982522,1.4196997717879212,final
deep_3x16,2,fx,,2.025000,1.533324526131343,1.4246809631409094,final
deep_3x16,2,fx,,2.050000,1.5412390472663182,1.4295941908225116,final
deep_3x16,2,fx,,2.075000,1.5488887867741734,1.4344397493509262,final
deep_3x16,2,fx,,2.100000,1.5562797864591258,1.4392179811552137,final
deep_3x16,2,fx,,2.125000,1.5634186504933951,1.4439292730312083,final
deep_3x16,2,fx,,2.150000,1.5703124118718808,1.4485740527633122,final
deep_3x16,2,fx,,2.175000,1.5769684136990494,1.4531527859082907,final
deep_3x16,2,fx,,2.200000,1.5833942050064238,1.4576659727369123,final
deep_3x16,2,fx,,2.225000,1.5895974504866048,1.4621141453290472,final
deep_3x16,2,fx,,2.250000,1.5955858533065488,1.4664978648176454,final
deep_3x16,2,fx,,2.275000,1.6013670900155652,1.470817718776893,final
deep_3x16,2,fx,,2.300000,1.6069487564789744,1.475074318749721,final
deep_3x16,2,fx,,2.325000,1.6123383237341078,1.479268297909802,final
deep_3x16,2,fx,,2.350000,1.6175431026701366,1.483400308853113,final
deep_3x16,2,fx,,2.375000,1.6225702164671083,1.4874710215141502,final
deep_3x16,2,fx,,2.400000,1.6274265797843375,1.491481121201892,final
deep_3x16,2,fx,,2.425000,1.6321188837569014,1.4954313067506453,final
deep_3x16,2,fx,,2.450000,1.6366535859359395,1.4993222887809725,final
deep_3x16,2,fx,,2.475000,1.6410369043893422,1.5031547880659621,final
deep_3x16,2,fx,,2.500000,1.645274815260907,1.5069295339981974,final
deep_3x16,2,fx,,2.525000,1.6493730531656672,1.5106472631528727,final
deep_3x16,2,fx,,2.550000,1.6533371138751347,1.514308717942618,final
deep_3x16,2,fx,,2.575000,1.657172258817444,1.5179146453597039,final
deep_3x16,2,fx,,2.600000,1.6608835209831416,1.5214657958014208,final
deep_3x16,2,fx,,2.625000,1.6644757118873075,1.5249629219745588,final
deep_3x16,2,fx,,2.650000,1.6679534292926395,1.5284067778750356,final
deep_3x16,2,fx,,2.675000,1.671321065446308,1.5317981178388593,final
deep_3x16,2,fx,,2.700000,1.6745828156258842,1.5351376956607474,final
deep_3x16,2,fx,,2.725000,1.677742686826935,1.538426263776851,final
deep_3x16,2,fx,,2.750000,1.6808045064572272,1.5416645725081797,final
deep_3x16,2,fx,,2.775000,1.6837719309303714,1.5448533693614435,final
deep_3x16,2,fx,,2.800000,1.6866484540755802,1.5479933983841754,final
deep_3x16,2,fx,,2.825000,1.6894374153004024,1.5510853995711167,final
deep_3x16,2,fx,,2.850000,1.6921420074602762,1.5541301083189827,final
deep_3x16,2,fx,,2.875000,1.6947652844028527,1.5571282549268526,final
deep_3x16,2,fx,,2.900000,1.69731016816667,1.5600805641395499,final
deep_3x16,2,fx,,2.925000,1.699779455823234,1.562987754731498,final
deep_3x16,2,fx,,2.950000,1.702175825959141,1.5658505391286572,final
deep_3x16,2,fx,,2.975000,1.7045018448008966,1.5686696230662598,final
deep_3x16,2,fx,,3.000000,1.7067599719897097,1.5714457052801694,final
deep_3x16,2,fx,,3.025000,1.7089525660170737,1.5741794772298021,final
deep_3x16,2,fx,,3.050000,1.7110818893344613,1.5768716228506432,final
deep_3x16,2,fx,,3.075000,1.713150113152252,1.5795228183344976,final
deep_3x16,2,fx,,3.100000,1.7151593219441066,1.5821337319357038,final
deep_3x16,2,fx,,3.125000,1.7171115176736038,1.5847050238016365,final
deep_3x16,2,fx,,3.150000,1.719008623760124,1.587237345825908,final
deep_3x16,2,fx,,3.175000,1.7208524888008352,1.5897313415227634,final
deep_3x16,2,fx,,3.200000,1.7226448900652036,1.592187645921248,final
deep_3x16,2,fx,,3.225000,1.7243875367778987,1.5946068854777975,final
deep_3x16,2,fx,,3.250000,1.7260820732052258,1.5969896780059818,final
deep_3x16,2,fx,,3.275000,1.7277300815594123,1.5993366326221994,final
deep_3x16,2,fx,,3.300000,1.729333084734214,1.601648349706187,final
deep_3x16,2,fx,,3.325000,1.7308925488844242,1.6039254208752762,final
deep_3x16,2,fx,,3.350000,1.7324098858609593,1.6061684289713845,final
deep_3x16,2,fx,,3.375000,1.7338864555123357,1.6083779480597964,final
deep_3x16,2,fx,,3.400000,1.7353235678624888,1.6105545434388309,final
deep_3x16,2,fx,,3.425000,1.7367224851740743,1.6126987716595576,final
deep_3x16,2,fx,,3.450000,1.7380844239056135,1.6148111805547691,final
deep_3x16,2,fx,,3.475000,1.7394105565701365,1.6168923092764607,final
deep_3x16,2,fx,,3.500000,1.7407020135022773,1.6189426883411182,final
deep_3x16,2,fx,,3.525000,1.7419598845401731,1.6209628396821578,final
deep_3x16,2,fx,,3.550000,1.7431852206279352,1.622953276708899,final
deep_3x16,2,fx,,3.575000,1.7443790353439335,1.6249145043714908,final
deep_3x16,2,fx,,3.600000,1.745542306359663,1.6268470192312494,final
deep_3x16,2,fx,,3.625000,1.7466759768335243,1.6287513095359003,final
deep_3x16,2,fx,,3.650000,1.7477809567434657,1.630627855299244,final
deep_3x16,2,fx,,3.675000,1.7488581241620627,1.632477128384804,final
deep_3x16,2,fx,,3.700000,1.7499083264773239,1.6342995925930408,final
deep_3x16,2,fx,,3.725000,1.7509323815622062,1.6360957037517374,final
deep_3x16,2,fx,,3.750000,1.7519310788955746,1.6378659098091999,final
deep_3x16,2,fx,,3.775000,1.7529051806371203,1.6396106509299275,final
deep_3x16,2,fx,,3.800000,1.753855422658551,1.641330359592442,final
deep_3x16,2,fx,,3.825000,1.754782515533177,1.6430254606889751,final
deep_3x16,2,fx,,3.850000,1.755687145485869,1.6446963716267469,final
deep_3x16,2,fx,,3.875000,1.75656997530522,1.6463435024305744,final
deep_3x16,2,fx,,3.900000,1.7574316452196055,1.6479672558465768,final
deep_3x16,2,fx,,3.925000,1.7582727737387431,1.6495680274467555,final
deep_3x16,2,fx,,3.950000,1.7590939584622316,1.651146205734246,final
deep_3x16,2,fx,,3.975000,1.7598957768564762,1.6527021722490547,final
deep_3x16,2,fx,,4.000000,1.7606787870013128,1.654236301674099,final
deep_3x16,2,fx,,4.025000,1.7614435283075827,1.6557489619413992,final
deep_3x16,2,fx,,4.050000,1.7621905222068288,1.6572405143382634,final
deep_3x16,2,fx,,4.075000,1.7629202728142466,1.6587113136133356,final
deep_3x16,2,fx,,4.100000,1.76363326756594,1.6601617080823763,final
deep_3x16,2,fx,,4.125000,1.7643299778315098,1.6615920397336599,final
deep_3x16,2,fx,,4.150000,1.7650108595029426,1.663002644332885,final
deep_3x16,2,fx,,4.175000,1.765676353560721,1.6643938515274967,final
deep_3x16,2,fx,,4.200000,1.7663268866180546,1.6657659849503361,final
deep_3x16,2,fx,,4.225000,1.7669628714440737,1.6671193623225302,final
deep_3x16,2,fx,,4.250000,1.767584707466811,1.668454295555556,final
deep_3x16,2,fx,,4.275000,1.7681927812567524,1.6697710908524037,final
deep_3x16,2,fx,,4.300000,1.7687874669917114,1.6710700488077885,final
deep_3x16,2,fx,,4.325000,1.769369126903756,1.672351464507346,final
deep_3x16,2,fx,,4.350000,1.7699381117088837,1.6736156276257725,final
deep_3x16,2,fx,,4.375000,1.7704947610201192,1.6748628225238602,final
deep_3x16,2,fx,,4.400000,1.7710394037446782,1.6760933283443924,final
deep_3x16,2,fx,,4.425000,1.771572358465821,1.6773074191068635,final
deep_3x16,2,fx,,4.450000,1.7720939338099975,1.6785053638009961,final
deep_3x16,2,fx,,4.475000,1.7726044287998604,1.6796874264790258,final
deep_3x16,2,fx,,4.500000,1.773104133193697,1.6808538663467358,final
deep_3x16,2,fx,,4.525000,1.7735933278118219,1.682004937853222,final
deep_3x16,2,fx,,4.550000,1.7740722848504393,1.6831408907793708,final
deep_3x16,2,fx,,4.575000,1.7745412681834718,1.6842619703250405,final
deep_3x16,2,fx,,4.600000,1.7750005336528376,1.685368417194935,final
deep_3x16,2,fx,,4.625000,1.7754503293476238,1.6864604676831623,final
deep_3x16,2,fx,,4.650000,1.7758908958726052,1.687538353756474,final
deep_3x16,2,fx,,4.675000,1.7763224666065338,1.6886023031361845,final
deep_3x16,2,fx,,4.700000,1.776745267950597,1.6896525393787643,final
deep_3x16,2,fx,,4.725000,1.7771595195674457,1.6906892819551151,final
deep_3x16,2,fx,,4.750000,1.7775654346111673,1.691712746328525,final
deep_3x16,2,fx,,4.775000,1.7779632199485595,1.69272314403131,final
deep_3x16,2,fx,,4.800000,1.7783530763720612,1.6937206827401463,final
deep_3x16,2,fx,,4.825000,1.7787351988046674,1.6947055663501032,final
deep_3x16,2,fx,,4.850000,1.7791097764971502,1.695677995047382,final
deep_3x16,2,fx,,4.875000,1.7794769932179,1.6966381653807714,final
deep_3x16,2,fx,,4.900000,1.7798370274356698,1.6975862703318307,final
deep_3x16,2,fx,,4.925000,1.780190052495518,1.6985224993838095,final
deep_3x16,2,fx,,4.950000,1.780536236788219,1.6994470385893194,final
deep_3x16,2,fx,,4.975000,1.780875743913393,1.7003600706367672,final
deep_3x16,2,fx,,5.000000,1.7812087328366237,1.701261774915565,final
deep_3x16,2,fx,,5.025000,1.7815353580407853,1.7021523275801298,final
deep_3x16,2,fx,,5.050000,1.781855769671824,1.7030319016126885,final
deep_3x16,2,fx,,5.075000,1.7821701136792019,1.7039006668849015,final
deep_3x16,2,fx,,5.100000,1.7824785319512313,1.7047587902183228,final
deep_3x16,2,fx,,5.125000,1.782781162445484,1.7056064354437073,final
deep_3x16,2,fx,,5.150000,1.7830781393144857,1.7064437634591885,final
deep_3x16,2,fx,,5.175000,1.7833695930268758,1.7072709322873345,final
deep_3x16,2,fx,,5.200000,1.7836556504842085,1.708088097131107,final
deep_3x16,2,fx,,5.225000,1.783936435133575,1.7088954104287313,final
deep_3x16,2,fx,,5.250000,1.7842120670762047,1.7096930219075017,final
deep_3x16,2,fx,,5.275000,1.784482663172206,1.7104810786365339,final
deep_3x16,2,fx,,5.300000,1.784748337141595,1.711259725078483,final
deep_3x16,2,fx,,5.325000,1.7850091996617647,1.7120291031402441,final
deep_3x16,2,fx,,5.350000,1.7852653584615201,1.7127893522226525,final
deep_3x16,2,fx,,5.375000,1.7855169184118274,1.7135406092691985,final
deep_3x16,2,fx,,5.400000,1.7857639816133946,1.714283008813776,final
deep_3x16,2,fx,,5.425000,1.7860066474812089,1.7150166830274802,final
deep_3x16,2,fx,,5.450000,1.7862450128261502,1.7157417617644724,final
deep_3x16,2,fx,,5.475000,1.786479171933789,1.7164583726069251,final
deep_3x16,2,fx,,5.500000,1.7867092166404803,1.7171666409090691,final
deep_3x16,2,fx,,5.525000,1.7869352364068547,1.717866689840354,final
deep_3x16,2,fx,,5.550000,1.7871573183888059,1.7185586404277413,final
deep_3x16,2,fx,,5.575000,1.787375547506072,1.7192426115971444,final
deep_3x16,2,fx,,5.600000,1.7875900065084958,1.719918720214034,final
deep_3x16,2,fx,,5.625000,1.7878007760400592,1.7205870811232205,final
deep_3x16,2,fx,,5.650000,1.7880079347007702,1.721247807187832,final
deep_3x16,2,fx,,5.675000,1.7882115591064827,1.7219010093275047,final
deep_3x16,2,fx,,5.700000,1.7884117239467303,1.7225467965557948,final
deep_3x16,2,fx,,5.725000,1.7886085020406435,1.7231852760168345,final
deep_3x16,2,fx,,5.750000,1.7888019643910227,1.7238165530212408,final
deep_3x16,2,fx,,5.775000,1.7889921802366382,1.7244407310812953,final
deep_3x16,2,fx,,5.800000,1.789179217102816,1.725057911945408,final
deep_3x16,2,fx,,5.825000,1.7893631408503796,1.7256681956318787,final
deep_3x16,2,fx,,5.850000,1.7895440157229996,1.7262716804619718,final
deep_3x16,2,fx,,5.875000,1.7897219043930193,1.7268684630923166,final
deep_3x16,2,fx,,5.900000,1.7898968680057994,1.727458638546647,final
deep_3x16,2,fx,,5.925000,1.7900689662226457,1.7280423002468948,final
deep_3x16,2,fx,,5.950000,1.7902382572623647,1.728619540043648,final
deep_3x16,2,fx,,5.975000,1.7904047979414999,1.7291904482459888,final
deep_3x16,2,fx,,6.000000,1.7905686437132902,1.7297551136507232,final
deep_3x16,2,fc,0.5,0.000000,1.0,0.9999961712608588,final
deep_3x16,2,fc,0.5,0.025000,0.9996573982912552,0.9983586646344352,final
deep_3x16,2,fc,0.5,0.050000,0.9986333186828301,0.9934854371990305,final
deep_3x16,2,fc,0.5,0.075000,0.9969433904652287,0.9854913576191164,final
deep_3x16,2,fc,0.5,0.100000,0.9946223401296214,0.9745583236306017,final
deep_3x16,2,fc,0.5,0.125000,0.9917296571070195,0.9609224860044977,final
deep_3x16,2,fc,0.5,0.150000,0.9883528767021122,0.9448590526338713,final
deep_3x16,2,fc,0.5,0.175000,0.9846077561244485,0.9266665678644719,final
deep_3x16,2,fc,0.5,0.200000,0.980634730555037,0.906652287270015,final
deep_3x16,2,fc,0.5,0.225000,0.976591277349556,0.8851197735940066,final
deep_3x16,2,fc,0.5,0.250000,0.9726401796351204,0.8623592877190294,final
deep_3x16,2,fc,0.5,0.275000,0.9689341442466164,0.838641066508284,final
deep_3x16,2,fc,0.5,0.300000,0.9655977559832268,0.8142112349444125,final
deep_3x16,2,fc,0.5,0.325000,0.9627082871362854,0.7892899055662282,final
deep_3x16,2,fc,0.5,0.350000,0.9602773602172647,0.7640709501109981,final
deep_3x16,2,fc,0.5,0.375000,0.9582358038544838,0.738722947888542,final
deep_3x16,2,fc,0.5,0.400000,0.9564241624364803,0.7133908845188547,final
deep_3x16,2,fc,0.5,0.425000,0.9545911386613676,0.6881982632946789,final
deep_3x16,2,fc,0.5,0.450000,0.952401704375117,0.663249379897375,final
deep_3x16,2,fc,0.5,0.475000,0.9494556920257624,0.6386315887919551,final
deep_3x16,2,fc,0.5,0.500000,0.9453164255893619,0.614417452116793,final
deep_3x16,2,fc,0.5,0.525000,0.9395474891508209,0.5906667090105318,final
deep_3x16,2,fc,0.5,0.550000,0.9317542482039276,0.5674280368849434,final
deep_3x16,2,fc,0.5,0.575000,0.9216254552713588,0.5447405987383155,final
deep_3x16,2,fc,0.5,0.600000,0.9089694345376003,0.5226353848308631,final
deep_3x16,2,fc,0.5,0.625000,0.8937392273402258,0.5011363652156074,final
deep_3x16,2,fc,0.5,0.650000,0.87604198311001,0.4802614735958944,final
deep_3x16,2,fc,0.5,0.675000,0.8561299936253162,0.46002344418289265,final
deep_3x16,2,fc,0.5,0.700000,0.8343739702099126,0.4404305226879344,final
deep_3x16,2,fc,0.5,0.725000,0.8112228151330858,0.4214870710332323,final
deep_3x16,2,fc,0.5,0.750000,0.7871571412441859,0.4031940832949596,final
deep_3x16,2,fc,0.5,0.775000,0.762645022712171,0.38554962812948085,final
deep_3x16,2,fc,0.5,0.800000,0.7381073739954385,0.36854923068108175,final
deep_3x16,2,fc,0.5,0.825000,0.7138973512633797,0.35218620484951263,final
deep_3x16,2,fc,0.5,0.850000,0.6902943931273757,0.3364519448742073,final
deep_3x16,2,fc,0.5,0.875000,0.6675102524783355,0.3213361834989273,final
deep_3x16,2,fc,0.5,0.900000,0.6457024696622479,0.306827222522449,final
deep_3x16,2,fc,0.5,0.925000,0.6249903886607086,0.2929121403100752,final
deep_3x16,2,fc,0.5,0.950000,0.6054696882102517,0.2795769798212084,final
deep_3x16,2,fc,0.5,0.975000,0.5872229244738358,0.2668069198795077,final
deep_3x16,2,fc,0.5,1.000000,0.5703252145668041,0.25458643175180856,final
deep_3x16,2,fc,0.5,1.025000,0.5548455319069253,0.24289942258726716,final
deep_3x16,2,fc,0.5,1.050000,0.540844918900804,0.23172936687701973,final
deep_3x16,2,fc,0.5,1.075000,0.5283732050688009,0.22105942680628568,final
deep_3x16,2,fc,0.5,1.100000,0.5174656415152703,0.21087256216631964,final
deep_3x16,2,fc,0.5,1.125000,0.5081404032943617,0.20115163035586586,final
deep_3x16,2,fc,0.5,1.150000,0.5003973699059722,0.1918794769158274,final
deep_3x16,2,fc,0.5,1.175000,0.4942181351415247,0.18303901699379402,final
deep_3x16,2,fc,0.5,1.200000,0.4895669132360363,0.1746133081159656,final
deep_3x16,2,fc,0.5,1.225000,0.4863919147528487,0.16658561464383392,final
deep_3x16,2,fc,0.5,1.250000,0.48462682285596603,0.15893946430447428,final
deep_3x16,2,fc,0.5,1.275000,0.48419214333040084,0.15165869720073666,final
deep_3x16,2,fc,0.5,1.300000,0.4849963657988299,0.14472750772673904,final
deep_3x16,2,fc,0.5,1.325000,0.486937011370959,0.13813047983167853,final
deep_3x16,2,fc,0.5,1.350000,0.4899017265275891,0.13185261608906113,final
deep_3x16,2,fc,0.5,1.375000,0.49376960598882735,0.1258793610376418,final
deep_3x16,2,fc,0.5,1.400000,0.49841289425805146,0.12019661926408308,final
deep_3x16,2,fc,0.5,1.425000,0.5036991415861939,0.11479076869543448,final
deep_3x16,2,fc,0.5,1.450000,0.5094937957916995,0.1096486695622258,final
deep_3x16,2,fc,0.5,1.475000,0.5156631185958428,0.10475766948076473,final
deep_3x16,2,fc,0.5,1.500000,0.5220772430866638,0.10010560508677041,final
deep_3x16,2,fc,0.5,1.525000,0.5286131505731012,0.09568080063249802,final
deep_3x16,2,fc,0.5,1.550000,0.5351573450711234,0.09147206393676467,final
deep_3x16,2,fc,0.5,1.575000,0.5416080382477837,0.08746868005254455,final
deep_3x16,2,fc,0.5,1.600000,0.5478767167192701,0.08366040299072135,final
deep_3x16,2,fc,0.5,1.625000,0.5538890338934993,0.08003744581183542,final
deep_3x16,2,fc,0.5,1.650000,0.559585037092161,0.07659046937076666,final
deep_3x16,2,fc,0.5,1.675000,0.5649187974406779,0.07331056997272188,final
deep_3x16,2,fc,0.5,1.700000,0.5698575492084471,0.07018926617305912,final
deep_3x16,2,fc,0.5,1.725000,0.5743804654445787,0.06721848492863296,final
deep_3x16,2,fc,0.5,1.750000,0.5784771997988135,0.06439054728477098,final
deep_3x16,2,fc,0.5,1.775000,0.5821463143013503,0.0616981537598125,final
deep_3x16,2,fc,0.5,1.800000,0.585393694290893,0.059134369568493717,final
deep_3x16,2,fc,0.5,1.825000,0.588231029049351,0.05669260980638358,final
deep_3x16,2,fc,0.5,1.850000,0.590674413579386,0.05436662470009754,final
deep_3x16,2,fc,0.5,1.875000,0.5927431058096398,0.05215048501211195,final
deep_3x16,2,fc,0.5,1.900000,0.594458455743263,0.050038567674637165,final
deep_3x16,2,fc,0.5,1.925000,0.5958430092313581,0.0480255417141179,final
deep_3x16,2,fc,0.5,1.950000,0.5969197790960896,0.04610635451642435,final
deep_3x16,2,fc,0.5,1.975000,0.597711669816125,0.04427621847262877,final
deep_3x16,2,fc,0.5,2.000000,0.5982410383057521,0.042530598036290536,final
deep_3x16,2,fc,0.5,2.025000,0.598529371810881,0.04086519721532707,final
deep_3x16,2,fc,0.5,2.050000,0.5985970639960355,0.03927594751474929,final
deep_3x16,2,fc,0.5,2.075000,0.5984632713813446,0.03775899634064951,final
deep_3x16,2,fc,0.5,2.100000,0.598145833988278,0.03631069587080901,final
deep_3x16,2,fc,0.5,2.125000,0.5976612460522958,0.03492759239300612,final
deep_3x16,2,fc,0.5,2.150000,0.5970246647361714,0.033606416108520214,final
deep_3x16,2,fc,0.5,2.175000,0.5962499467816362,0.032344071395319085,final
deep_3x16,2,fc,0.5,2.200000,0.5953497048796069,0.03113762752295615,final
deep_3x16,2,fc,0.5,2.225000,0.5943353771740462,0.029984309809202872,final
deep_3x16,2,fc,0.5,2.250000,0.5932173047250406,0.028881491206847024,final
deep_3x16,2,fc,0.5,2.275000,0.5920048129460289,0.027826684307850874,final
deep_3x16,2,fc,0.5,2.300000,0.5907062940136197,0.026817533751129878,final
deep_3x16,2,fc,0.5,2.325000,0.5893292880475456,0.025851809019539436,final
deep_3x16,2,fc,0.5,2.350000,0.5878805614972052,0.024927397611219253,final
deep_3x16,2,fc,0.5,2.375000,0.5863661816741976,0.024042298570184424,final
deep_3x16,2,fc,0.5,2.400000,0.584791586759862,0.02319461636096361,final
deep_3x16,2,fc,0.5,2.425000,0.5831616509138121,0.022382555072118837,final
deep_3x16,2,fc,0.5,2.450000,0.5814807443314861,0.021604412933645116,final
deep_3x16,2,fc,0.5,2.475000,0.5797527882612317,0.020858577133474034,final
deep_3x16,2,fc,0.5,2.500000,0.5779813051070728,0.020143518918636836,final
deep_3x16,2,fc,0.5,2.525000,0.5761694638226146,0.019457788967005542,final
deep_3x16,2,fc,0.5,2.550000,0.5743201208529599,0.01880001301595232,final
deep_3x16,2,fc,0.5,2.575000,0.5724358569119716,0.018168887734721407,final
deep_3x16,2,fc,0.5,2.600000,0.5705190098970115,0.017563176827779654,final
deep_3x16,2,fc,0.5,2.625000,0.5685717042467069,0.016981707356906937,final
deep_3x16,2,fc,0.5,2.650000,0.5665958770426119,0.016423366270288828,final
deep_3x16,2,fc,0.5,2.675000,0.5645933011453452,0.01588709712737786,final
deep_3x16,2,fc,0.5,2.700000,0.5625656056418233,0.015371897008789036,final
deep_3x16,2,fc,0.5,2.725000,0.5605142938639626,0.014876813601008254,final
deep_3x16,2,fc,0.5,2.750000,0.5584407592217998,0.014400942446161183,final
deep_3x16,2,fc,0.5,2.775000,0.5563462990760734,0.01394342434758682,final
deep_3x16,2,fc,0.5,2.800000,0.554232126857537,0.0135034429224213,final
deep_3x16,2,fc,0.5,2.825000,0.5520993826229371,0.013080222292847036,final
deep_3x16,2,fc,0.5,2.850000,0.5499491422209906,0.012673024908103358,final
deep_3x16,2,fc,0.5,2.875000,0.547782425225968,0.012281149489774493,final
deep_3x16,2,fc,0.5,2.900000,0.5456002017817141,0.011903929093276212,final
deep_3x16,2,fc,0.5,2.925000,0.5434033984851696,0.0115407292788442,final
deep_3x16,2,fc,0.5,2.950000,0.5411929034256869,0.011190946385711102,final
deep_3x16,2,fc,0.5,2.975000,0.5389695704846554,0.010854005903492529,final
deep_3x16,2,fc,0.5,3.000000,0.5367342229891162,0.010529360935159847,final
deep_3x16,2,fc,0.5,3.025000,0.5344876568031162,0.010216490746280376,final
deep_3x16,2,fc,0.5,3.050000,0.532230642931492,0.00991489939552285,final
deep_3x16,2,fc,0.5,3.075000,0.5299639297024945,0.00962411444170394,final
deep_3x16,2,fc,0.5,3.100000,0.5276882445881627,0.009343685722933544,final
deep_3x16,2,fc,0.5,3.125000,0.5254042957145305,0.009073184203666275,final
deep_3x16,2,fc,0.5,3.150000,0.5231127731075932,0.00881220088572273,final
deep_3x16,2,fc,0.5,3.175000,0.5208143497153844,0.00856034577956125,final
deep_3x16,2,fc,0.5,3.200000,0.518509682241508,0.008317246932311853,final
deep_3x16,2,fc,0.5,3.225000,0.5161994118209685,0.008082549509281826,final
deep_3x16,2,fc,0.5,3.250000,0.5138841645651127,0.007855914925840547,final
deep_3x16,2,fc,0.5,3.275000,0.5115645519988801,0.007637020026771776,final
deep_3x16,2,fc,0.5,3.300000,0.5092411714103776,0.007425556310355653,final
deep_3x16,2,fc,0.5,3.325000,0.5069146061299226,0.007221229194605152,final
deep_3x16,2,fc,0.5,3.350000,0.5045854257531885,0.007023757323232783,final
deep_3x16,2,fc,0.5,3.375000,0.5022541863208632,0.0068328719090709365,final
deep_3x16,2,fc,0.5,3.400000,0.4999214304652887,0.006648316112797191,final
deep_3x16,2,fc,0.5,3.425000,0.4975876875328147,0.006469844454954951,final
deep_3x16,2,fc,0.5,3.450000,0.4952534736891454,0.006297222259364868,final
deep_3x16,2,fc,0.5,3.475000,0.4929192920136334,0.006130225126150202,final
deep_3x16,2,fc,0.5,3.500000,0.4905856325873835,0.005968638432691078,final
deep_3x16,2,fc,0.5,3.525000,0.48825297257905453,0.005812256860931846,final
deep_3x16,2,fc,0.5,3.550000,0.48592177633143274,0.005660883949557558,final
deep_3x16,2,fc,0.5,3.575000,0.48359249545115657,0.005514331669634566,final
deep_3x16,2,fc,0.5,3.600000,0.4812655689033789,0.005372420022408773,final
deep_3x16,2,fc,0.5,3.625000,0.47894142311266275,0.0052349766580150085,final
deep_3x16,2,fc,0.5,3.650000,0.4766204720709928,0.0051018365139386904,final
deep_3x16,2,fc,0.5,3.675000,0.474303117453458,0.0049728414721276004,final
deep_3x16,2,fc,0.5,3.700000,0.4719897487418657,0.004847840033726076,final
deep_3x16,2,fc,0.5,3.725000,0.469680743356345,0.004726687010453871,final
deep_3x16,2,fc,0.5,3.750000,0.46737646679480616,0.0046092432317188185,final
deep_3x16,2,fc,0.5,3.775000,0.4650772727799961,0.004495375266596954,final
deep_3x16,2,fc,0.5,3.800000,0.4627835034137755,0.00438495515987154,final
deep_3x16,2,fc,0.5,3.825000,0.4604954893381731,0.004277860181360855,final
deep_3x16,2,fc,0.5,3.850000,0.4582135499027171,0.00417397258781929,final
deep_3x16,2,fc,0.5,3.875000,0.45593799333750407,0.004073179396726176,final
deep_3x16,2,fc,0.5,3.900000,0.45366911693145406,0.003975372171325868,final
deep_3x16,2,fc,0.5,3.925000,0.45140720721518324,0.003880446816315581,final
deep_3x16,2,fc,0.5,3.950000,0.4491525401479326,0.0037883033836064225,final
deep_3x16,2,fc,0.5,3.975000,0.4469053813080093,0.0036988458876262074,final
deep_3x16,2,fc,0.5,4.000000,0.4446659860861951,0.0036119821296561735,final
deep_3x16,2,fc,0.5,4.025000,0.4424345998816168,0.0035276235307199755,final
deep_3x16,2,fc,0.5,4.050000,0.44021145829958197,0.003445684972579932,final
deep_3x16,2,fc,0.5,4.075000,0.4379967873509172,0.0033660846464103494,final
deep_3x16,2,fc,0.5,4.100000,0.43579080365237444,0.0032887439087498005,final
deep_3x16,2,fc,0.5,4.125000,0.4335937146276927,0.0032135871443476484,final
deep_3x16,2,fc,0.5,4.150000,0.43140571870893496,0.003140541635555781,final
deep_3x16,2,fc,0.5,4.175000,0.4292270055377443,0.003069537437917249,final
deep_3x16,2,fc,0.5,4.200000,0.4270577561661999,0.003000507261639546,final
deep_3x16,2,fc,0.5,4.225000,0.42489814325696074,0.002933386358647509,final
deep_3x16,2,fc,0.5,4.250000,0.42274833128243294,0.002868112414932197,final
deep_3x16,2,fc,0.5,4.275000,0.4206084767226981,0.0028046254479229715,final
deep_3x16,2,fc,0.5,4.300000,0.4184787282619862,0.002742867708632816,final
deep_3x16,2,fc,0.5,4.325000,0.41635922698347105,0.0026827835883323843,final
deep_3x16,2,fc,0.5,4.350000,0.41425010656221417,0.0026243195295232785,final
deep_3x16,2,fc,0.5,4.375000,0.4121514934560815,0.0025674239410017246,final
deep_3x16,2,fc,0.5,4.400000,0.41006350709447437,0.002512047116799274,final
deep_3x16,2,fc,0.5,4.425000,0.4079862600647617,0.0024581411588165073,final
deep_3x16,2,fc,0.5,4.450000,0.40591985829626653,0.0024056599029599174,final
deep_3x16,2,fc,0.5,4.475000,0.4038644012417206,0.0023545588486135268,final
deep_3x16,2,fc,0.5,4.500000,0.40181998205609015,0.002304795091278237,final
deep_3x16,2,fc,0.5,4.525000,0.39978668777268267,0.0022563272582273074,final
deep_3x16,2,fc,0.5,4.550000,0.39776459947648346,0.002209115447027629,final
deep_3x16,2,fc,0.5,4.575000,0.3957537924746375,0.002163121166787322,final
deep_3x16,2,fc,0.5,4.600000,0.3937543364640589,0.0021183072820026927,final
deep_3x16,2,fc,0.5,4.625000,0.39176629569609256,0.0020746379588730468,final
deep_3x16,2,fc,0.5,4.650000,0.38978972913822274,0.002032078613968704,final
deep_3x16,2,fc,0.5,4.675000,0.387824690632788,0.0019905958651390177,final
deep_3x16,2,fc,0.5,4.700000,0.38587122905268423,0.0019501574845522565,final
deep_3x16,2,fc,0.5,4.725000,0.38392938845405666,0.0019107323537686412,final
deep_3x16,2,fc,0.5,4.750000,0.3819992082259476,0.0018722904207485434,final
deep_3x16,2,fc,0.5,4.775000,0.380080723236928,0.0018348026587054643,final
deep_3x16,2,fc,0.5,4.800000,0.37817396397869585,0.0017982410267173958,final
deep_3x16,2,fc,0.5,4.825000,0.3762789567066531,0.001762578432014152,final
deep_3x16,2,fc,0.5,4.850000,0.3743957235774773,0.0017277886938635106,final
deep_3x16,2,fc,0.5,4.875000,0.3725242827836964,0.0016938465089809934,final
deep_3x16,2,fc,0.5,4.900000,0.37066464868529336,0.0016607274183924714,final
deep_3x16,2,fc,0.5,4.925000,0.3688168319383508,0.001628407775686919,final
deep_3x16,2,fc,0.5,4.950000,0.36698083962076966,0.001596864716589041,final
deep_3x16,2,fc,0.5,4.975000,0.3651566753550838,0.0015660761297978003,final
deep_3x16,2,fc,0.5,5.000000,0.36334433942840083,0.001536020629028713,final
deep_3x16,2,fc,0.5,5.025000,0.3615438289094979,0.0015066775262095645,final
deep_3x16,2,fc,0.5,5.050000,0.35975513776310963,0.0014780268057724868,final
deep_3x16,2,fc,0.5,5.075000,0.3579782569614348,0.0014500490999996532,final
deep_3x16,2,fc,0.5,5.100000,0.3562131745929078,0.0014227256653687938,final
deep_3x16,2,fc,0.5,5.125000,0.3544598759682668,0.0013960383598590484,final
deep_3x16,2,fc,0.5,5.150000,0.35271834372394884,0.0013699696211715122,final
deep_3x16,2,fc,0.5,5.175000,0.3509885579228701,0.001344502445826072,final
deep_3x16,2,fc,0.5,5.200000,0.34927049615261296,0.001319620369094148,final
deep_3x16,2,fc,0.5,5.225000,0.34756413362106886,0.0012953074457320137,final
deep_3x16,2,fc,0.5,5.250000,0.3458694432495827,0.0012715482314793827,final
deep_3x16,2,fc,0.5,5.275000,0.3441863957636293,0.0012483277652897444,final
deep_3x16,2,fc,0.5,5.300000,0.3425149597810768,0.0012256315522594916,final
deep_3x16,2,fc,0.5,5.325000,0.3408551018980692,0.0012034455472299352,final
deep_3x16,2,fc,0.5,5.350000,0.33920678677257954,0.0011817561390265222,final
deep_3x16,2,fc,0.5,5.375000,0.33756997720567206,0.0011605501353155188,final
deep_3x16,2,fc,0.5,5.400000,0.335944634220518,0.0011398147480441024,final
deep_3x16,2,fc,0.5,5.425000,0.3343307171392065,0.0011195375794464772,final
deep_3x16,2,fc,0.5,5.450000,0.33272818365739987,0.0010997066085859438,final
deep_3x16,2,fc,0.5,5.475000,0.331136989916867,0.0010803101784139062,final
deep_3x16,2,fc,0.5,5.500000,0.3295570905759495,0.0010613369833224516,final
deep_3x16,2,fc,0.5,5.525000,0.3279884388779922,0.0010427760571714813,final
deep_3x16,2,fc,0.5,5.550000,0.3264309867177886,0.0010246167617677558,final
deep_3x16,2,fc,0.5,5.575000,0.32488468470608034,0.001006848775780092,final
deep_3x16,2,fc,0.5,5.600000,0.32334948223215176,0.0009894620840704305,final
deep_3x16,2,fc,0.5,5.625000,0.32182532752456694,0.000972446967424831,final
deep_3x16,2,fc,0.5,5.650000,0.32031216771008153,0.0009557939926686374,final
deep_3x16,2,fc,0.5,5.675000,0.3188099488707792,0.0009394940031462534,final
deep_3x16,2,fc,0.5,5.700000,0.3173186160994679,0.0009235381095562882,final
deep_3x16,2,fc,0.5,5.725000,0.3158381135533763,0.0009079176811237815,final
deep_3x16,2,fc,0.5,5.750000,0.31436838450619287,0.0008926243370957384,final
deep_3x16,2,fc,0.5,5.775000,0.31290937139848496,0.000877649938550017,final
deep_3x16,2,fc,0.5,5.800000,0.3114610158865343,0.0008629865805003556,final
deep_3x16,2,fc,0.5,5.825000,0.31002325888963167,0.0008486265842915688,final
deep_3x16,2,fc,0.5,5.850000,0.3085960406358613,0.0008345624902662513,final
deep_3x16,2,fc,0.5,5.875000,0.3071793007064232,0.0008207870506999125,final
deep_3x16,2,fc,0.5,5.900000,0.3057729780785142,0.0008072932229858862,final
deep_3x16,2,fc,0.5,5.925000,0.3043770111668187,0.0007940741630678401,final
deep_3x16,2,fc,0.5,5.950000,0.3029913378636333,0.0007811232191043099,final
deep_3x16,2,fc,0.5,5.975000,0.301615895577666,0.0007684339253583744,final
deep_3x16,2,fc,0.5,6.000000,0.30025062127154134,0.0007559999963054072,final
deep_3x16,2,fc,2,0.000000,1.0,0.9999979292399579,final
deep_3x16,2,fc,2,0.025000,0.9998667642463714,0.9992961010731113,final
deep_3x16,2,fc,2,0.050000,0.9994679769448532,0.9971948653968338,final
deep_3x16,2,fc,2,0.075000,0.998806961415884,0.9937069079517921,final
deep_3x16,2,fc,2,0.100000,0.9978903794814881,0.9888531709729896,final
deep_3x16,2,fc,2,0.125000,0.9967290626705403,0.9826625583062567,final
deep_3x16,2,fc,2,0.150000,0.9953387204205689,0.9751715344708285,final
deep_3x16,2,fc,2,0.175000,0.993740530856376,0.9664236288215278,final
deep_3x16,2,fc,2,0.200000,0.9919616229429472,0.95646885815437,final
deep_3x16,2,fc,2,0.225000,0.9900354589905332,0.9453630826547406,final
deep_3x16,2,fc,2,0.250000,0.9880021231921678,0.9331673109752425,final
deep_3x16,2,fc,2,0.275000,0.9859085144675955,0.919946970463837,final
deep_3x16,2,fc,2,0.300000,0.9838084295872774,0.9057711581949571,final
deep_3x16,2,fc,2,0.325000,0.9817625046517596,0.890711887570984,final
deep_3x16,2,fc,2,0.350000,0.9798379594190711,0.8748433439638938,final
deep_3x16,2,fc,2,0.375000,0.9781080611220206,0.8582411612720591,final
deep_3x16,2,fc,2,0.400000,0.976651196348702,0.8409817294902436,final
deep_3x16,2,fc,2,0.425000,0.9755494189875412,0.8231415415386202,final
deep_3x16,2,fc,2,0.450000,0.974886340812756,0.8047965857616002,final
deep_3x16,2,fc,2,0.475000,0.9747442632366559,0.7860217887637229,final
deep_3x16,2,fc,2,0.500000,0.9752005271521386,0.7668905116525188,final
deep_3x16,2,fc,2,0.525000,0.9763231883643192,0.7474741013425734,final
deep_3x16,2,fc,2,0.550000,0.9781662999588211,0.72784149735908,final
deep_3x16,2,fc,2,0.575000,0.9807652711437914,0.7080588935663934,final
deep_3x16,2,fc,2,0.600000,0.9841329263327466,0.6881894534295714,final
deep_3x16,2,fc,2,0.625000,0.9882569508247743,0.668293076778535,final
deep_3x16,2,fc,2,0.650000,0.9930993322883486,0.6484262155643347,final
deep_3x16,2,fc,2,0.675000,0.998598173919065,0.6286417357517053,final
deep_3x16,2,fc,2,0.700000,1.0046718958545642,0.6089888222581751,final
deep_3x16,2,fc,2,0.725000,1.0112254316003222,0.589512923705394,final
deep_3x16,2,fc,2,0.750000,1.0181576657644429,0.570255733673549,final
deep_3x16,2,fc,2,0.775000,1.0253691401255434,0.551255205128223,final
deep_3x16,2,fc,2,0.800000,1.0327690300040537,0.5325455947076924,final
deep_3x16,2,fc,2,0.825000,1.0402805606662007,0.5141575336073486,final
deep_3x16,2,fc,2,0.850000,1.047844342774763,0.49611812186950627,final
deep_3x16,2,fc,2,0.875000,1.0554194760839577,0.4784510429764151,final
deep_3x16,2,fc,2,0.900000,1.0629826180666868,0.4611766957488485,final
deep_3x16,2,fc,2,0.925000,1.0705254744646355,0.4443123406704296,final
deep_3x16,2,fc,2,0.950000,1.0780513082732772,0.4278722578879763,final
deep_3x16,2,fc,2,0.975000,1.085571080584843,0.4118679142800541,final
deep_3x16,2,fc,2,1.000000,1.0930997538243772,0.39630813713912205,final
deep_3x16,2,fc,2,1.025000,1.1006531418525634,0.38119929217645976,final
deep_3x16,2,fc,2,1.050000,1.1082455218014517,0.3665454637324295,final
deep_3x16,2,fc,2,1.075000,1.1158880635455553,0.35234863525610427,final
deep_3x16,2,fc,2,1.100000,1.1235880080635183,0.3386088683060421,final
deep_3x16,2,fc,2,1.125000,1.1313484470505721,0.325324478515772,final
deep_3x16,2,fc,2,1.150000,1.1391685232516673,0.31249220716094483,final
deep_3x16,2,fc,2,1.175000,1.147043876096321,0.3001073871574854,final
deep_3x16,2,fc,2,1.200000,1.154967187848071,0.28816410250883695,final
deep_3x16,2,fc,2,1.225000,1.1629287283313317,0.27665534040303363,final
deep_3x16,2,fc,2,1.250000,1.170916840033985,0.2655731353345545,final
deep_3x16,2,fc,2,1.275000,1.1789183421997405,0.2549087047897165,final
deep_3x16,2,fc,2,1.300000,1.1869188584830774,0.24465257618608027,final
deep_3x16,2,fc,2,1.325000,1.19490308720897,0.234794704894746,final
deep_3x16,2,fc,2,1.350000,1.2028550378966771,0.22532458329861285,final
deep_3x16,2,fc,2,1.375000,1.210758255266114,0.21623134094921204,final
deep_3x16,2,fc,2,1.400000,1.218596045474962,0.2075038359795181,final
deep_3x16,2,fc,2,1.425000,1.2263517114778846,0.199130738010403,final
deep_3x16,2,fc,2,1.450000,1.2340087971001186,0.19110060285465802,final
deep_3x16,2,fc,2,1.475000,1.2415513338496722,0.18340193937552854,final
deep_3x16,2,fc,2,1.500000,1.2489640811427498,0.17602326889740094,final
deep_3x16,2,fc,2,1.525000,1.2562327494525114,0.16895317759573308,final
deep_3x16,2,fc,2,1.550000,1.2633441965438812,0.16218036231265762,final
deep_3x16,2,fc,2,1.575000,1.2702865888946466,0.15569367025510647,final
deep_3x16,2,fc,2,1.600000,1.2770495230630972,0.14948213303498506,final
deep_3x16,2,fc,2,1.625000,1.283624104643568,0.1435349955070108,final
deep_3x16,2,fc,2,1.650000,1.290002985164144,0.13784173985045117,final
deep_3x16,2,fc,2,1.675000,1.29618035956511,0.13239210532712925,final
deep_3x16,2,fc,2,1.700000,1.3021519286151533,0.12717610413072902,final
deep_3x16,2,fc,2,1.725000,1.3079148317387899,0.12218403372238908,final
deep_3x16,2,fc,2,1.750000,1.313467556281457,0.11740648602565415,final
deep_3x16,2,fc,2,1.775000,1.3188098293129815,0.11283435383068481,final
deep_3x16,2,fc,2,1.800000,1.3239424977730836,0.1084588347337509,final
deep_3x16,2,fc,2,1.825000,1.3288674022053422,0.1042714329139894,final
deep_3x16,2,fc,2,1.850000,1.3335872486110247,0.10026395902552457,final
deep_3x16,2,fc,2,1.875000,1.338105482167615,0.09642852845968962,final
deep_3x16,2,fc,2,1.900000,1.342426165765901,0.09275755820948363,final
deep_3x16,2,fc,2,1.925000,1.3465538655721636,0.08924376254675773,final
deep_3x16,2,fc,2,1.950000,1.3504935451493496,0.08588014770206033,final
deep_3x16,2,fc,2,1.975000,1.3542504690899098,0.08266000571771653,final
deep_3x16,2,fc,2,2.000000,1.3578301166292166,0.07957690762659296,final
deep_3x16,2,fc,2,2.025000,1.3612381053202394,0.07662469609216203,final
deep_3x16,2,fc,2,2.050000,1.3644801245504479,0.0737974776299044,final
deep_3x16,2,fc,2,2.075000,1.3675618784607915,0.07108961451578498,final
deep_3x16,2,fc,2,2.100000,1.3704890376726777,0.06849571647443305,final
deep_3x16,2,fc,2,2.125000,1.373267199130729,0.06601063222774378,final
deep_3x16,2,fc,2,2.150000,1.3759018533158112,0.06362944097380911,final
deep_3x16,2,fc,2,2.175000,1.3783983580645478,0.06134744385632948,final
deep_3x16,2,fc,2,2.200000,1.3807619182397202,0.05916015547589158,final
deep_3x16,2,fc,2,2.225000,1.3829975705233508,0.05706329548664664,final
deep_3x16,2,fc,2,2.250000,1.3851101726449115,0.05505278031492643,final
deep_3x16,2,fc,2,2.275000,1.3871043964062917,0.05312471503010885,final
deep_3x16,2,fc,2,2.300000,1.3889847239190536,0.0512753853925513,final
deep_3x16,2,fc,2,2.325000,1.3907554465253786,0.049501250098557395,final
deep_3x16,2,fc,2,2.350000,1.3924206659297667,0.047798933238089425,final
deep_3x16,2,fc,2,2.375000,1.3939842971225174,0.046165216977224074,final
deep_3x16,2,fc,2,2.400000,1.3954500727272716,0.044597034474109544,final
deep_3x16,2,fc,2,2.425000,1.3968215484527386,0.04309146303439602,final
deep_3x16,2,fc,2,2.450000,1.3981021093728339,0.04164571750968536,final
deep_3x16,2,fc,2,2.475000,1.3992949767996095,0.040257143940502574,final
deep_3x16,2,fc,2,2.500000,1.4004032155495858,0.038923213443524764,final
deep_3x16,2,fc,2,2.525000,1.4014297414365122,0.03764151634132921,final
deep_3x16,2,fc,2,2.550000,1.4023773288522876,0.036409756531684365,final
deep_3x16,2,fc,2,2.575000,1.4032486183231194,0.03522574609238472,final
deep_3x16,2,fc,2,2.600000,1.4040461239501079,0.034087400116785065,final
deep_3x16,2,fc,2,2.625000,1.4047722406626408,0.03299273177452561,final
deep_3x16,2,fc,2,2.650000,1.4054292512295714,0.03193984759139919,final
deep_3x16,2,fc,2,2.675000,1.406019332987272,0.030926942941904803,final
deep_3x16,2,fc,2,2.700000,1.4065445642557002,0.029952297747731768,final
deep_3x16,2,fc,2,2.725000,1.4070069304237083,0.02901427237521226,final
deep_3x16,2,fc,2,2.750000,1.4074083296932165,0.02811130372463498,final
deep_3x16,2,fc,2,2.775000,1.4077505784788225,0.027241901504269916,final
deep_3x16,2,fc,2,2.800000,1.4080354164650037,0.026404644681927984,final
deep_3x16,2,fc,2,2.825000,1.4082645113275594,0.025598178106928483,final
deep_3x16,2,fc,2,2.850000,1.408439463129433,0.024821209295431242,final
deep_3x16,2,fc,2,2.875000,1.4085618084037126,0.024072505372191445,final
deep_3x16,2,fc,2,2.900000,1.4086330239385234,0.023350890161948933,final
deep_3x16,2,fc,2,2.925000,1.408654530279871,0.022655241423814636,final
deep_3x16,2,fc,2,2.950000,1.4086276949692933,0.02198448822219974,final
deep_3x16,2,fc,2,2.975000,1.4085538355335745,0.021337608428025324,final
deep_3x16,2,fc,2,3.000000,1.4084342222438166,0.020713626344142904,final
deep_3x16,2,fc,2,3.025000,1.4082700806609476,0.020111610449121096,final
deep_3x16,2,fc,2,3.050000,1.4080625939842664,0.019530671253741985,final
deep_3x16,2,fc,2,3.075000,1.4078129052190211,0.018969959264783273,final
deep_3x16,2,fc,2,3.100000,1.4075221191782699,0.01842866305087054,final
deep_3x16,2,fc,2,3.125000,1.4071913043334277,0.01790600740538857,final
deep_3x16,2,fc,2,3.150000,1.4068214945270143,0.01740125160166688,final
deep_3x16,2,fc,2,3.175000,1.4064136905601967,0.01691368773584563,final
deep_3x16,2,fc,2,3.200000,1.4059688616667778,0.016442639153041987,final
deep_3x16,2,fc,2,3.225000,1.4054879468843584,0.015987458952627043,final
deep_3x16,2,fc,2,3.250000,1.4049718563324978,0.01554752856862642,final
deep_3x16,2,fc,2,3.275000,1.4044214724068185,0.015122256421425359,final
deep_3x16,2,fc,2,3.300000,1.4038376508971635,0.014711076637163482,final
deep_3x16,2,fc,2,3.325000,1.4032212220371354,0.014313447831357885,final
deep_3x16,2,fc,2,3.350000,1.4025729914916092,0.013928851953473702,final
deep_3x16,2,fc,2,3.375000,1.4018937412881116,0.013556793189317143,final
deep_3x16,2,fc,2,3.400000,1.4011842306973359,0.013196796918281035,final
deep_3x16,2,fc,2,3.425000,1.4004451970674854,0.012848408722622606,final
deep_3x16,2,fc,2,3.450000,1.3996773566165994,0.012511193446095005,final
deep_3x16,2,fc,2,3.475000,1.3988814051865486,0.012184734299390572,final
deep_3x16,2,fc,2,3.500000,1.3980580189619332,0.011868632009980432,final
deep_3x16,2,fc,2,3.525000,1.3972078551567677,0.011562504014061415,final
deep_3x16,2,fc,2,3.550000,1.3963315526714635,0.011265983688439207,final
deep_3x16,2,fc,2,3.575000,1.3954297327223126,0.010978719620289117,final
deep_3x16,2,fc,2,3.600000,1.3945029994454392,0.010700374912838966,final
deep_3x16,2,fc,2,3.625000,1.3935519404769112,0.010430626525124654,final
deep_3x16,2,fc,2,3.650000,1.392577127510527,0.010169164644067214,final
deep_3x16,2,fc,2,3.675000,1.3915791168345988,0.00991569208720407,final
deep_3x16,2,fc,2,3.700000,1.3905584498488943,0.009669923734501585,final
deep_3x16,2,fc,2,3.725000,1.3895156535627928,0.009431585987756015,final
deep_3x16,2,fc,2,3.750000,1.3884512410755518,0.009200416256170275,final
deep_3x16,2,fc,2,3.775000,1.3873657120395289,0.008976162466764602,final
deep_3x16,2,fc,2,3.800000,1.3862595531070885,0.008758582598353621,final
deep_3x16,2,fc,2,3.825000,1.385133238361861,0.00854744423788731,final
deep_3x16,2,fc,2,3.850000,1.3839872297349765,0.008342524158018077,final
deep_3x16,2,fc,2,3.875000,1.382821977406814,0.008143607914814084,final
deep_3x16,2,fc,2,3.900000,1.381637920194805,0.007950489464597189,final
deep_3x16,2,fc,2,3.925000,1.380435485927752,0.007762970798941056,final
deep_3x16,2,fc,2,3.950000,1.3792150918071275,0.007580861596905375,final
deep_3x16,2,fc,2,3.975000,1.3779771447557787,0.007403978893646075,final
deep_3x16,2,fc,2,4.000000,1.3767220417544377,0.0072321467645740005,final
deep_3x16,2,fc,2,4.025000,1.3754501701664301,0.0070651960242810626,final
deep_3x16,2,fc,2,4.050000,1.3741619080509535,0.00690296393950086,final
deep_3x16,2,fc,2,4.075000,1.3728576244652866,0.006745293955398438,final
deep_3x16,2,fc,2,4.100000,1.3715376797562764,0.00659203543452906,final
deep_3x16,2,fc,2,4.125000,1.370202425841437,0.0064430434078363,final
deep_3x16,2,fc,2,4.150000,1.3688522064800006,0.006298178337093973,final
deep_3x16,2,fc,2,4.175000,1.3674873575342295,0.006157305888229191,final
deep_3x16,2,fc,2,4.200000,1.3661082072213078,0.006020296714986096,final
deep_3x16,2,fc,2,4.225000,1.3647150763561249,0.005887026252428785,final
deep_3x16,2,fc,2,4.250000,1.3633082785852328,0.005757374519800969,final
deep_3x16,2,fc,2,4.275000,1.3618881206122884,0.005631225932281169,final
deep_3x16,2,fc,2,4.300000,1.3604549024152526,0.005508469121209777,final
deep_3x16,2,fc,2,4.325000,1.3590089174556363,0.005388996762367058,final
deep_3x16,2,fc,2,4.350000,1.357550452880051,0.005272705411922309,final
deep_3x16,2,fc,2,4.375000,1.3560797897143486,0.005159495349679465,final
deep_3x16,2,fc,2,4.400000,1.3545972030505928,0.005049270429270179,final
deep_3x16,2,fc,2,4.425000,1.3531029622271216,0.004941937934961711,final
deep_3x16,2,fc,2,4.450000,1.3515973310019525,0.004837408444764286,final
deep_3x16,2,fc,2,4.475000,1.3500805677197576,0.004735595699538422,final
deep_3x16,2,fc,2,4.500000,1.3485529254726516,0.00463641647781682,final
deep_3x16,2,fc,2,4.525000,1.3470146522550162,0.004539790476073858,final
deep_3x16,2,fc,2,4.550000,1.3454659911125764,0.0044456401941804025,final
deep_3x16,2,fc,2,4.575000,1.3439071802859481,0.0043538908258078015,final
deep_3x16,2,fc,2,4.600000,1.342338453348858,0.004264470153542824,final
deep_3x16,2,fc,2,4.625000,1.340760039341243,0.004177308448501121,final
deep_3x16,2,fc,2,4.650000,1.3391721628974134,0.00409233837422035,final
deep_3x16,2,fc,2,4.675000,1.3375750443694725,0.004009494894645649,final
deep_3x16,2,fc,2,4.700000,1.3359688999461785,0.003928715186011864,final
deep_3x16,2,fc,2,4.725000,1.3343539417674157,0.003849938552444208,final
deep_3x16,2,fc,2,4.750000,1.332730378034447,0.0037731063451085585,final
deep_3x16,2,fc,2,4.775000,1.3310984131161163,0.003698161884748136,final
deep_3x16,2,fc,2,4.800000,1.3294582476511463,0.0036250503874534,final
deep_3x16,2,fc,2,4.825000,1.3278100786467013,0.0035537188935180495,final
deep_3x16,2,fc,2,4.850000,1.326154099573342,0.0034841161992384935,final
deep_3x16,2,fc,2,4.875000,1.3244905004565342,0.003416192791532784,final
deep_3x16,2,fc,2,4.900000,1.3228194679648255,0.003349900785240403,final
deep_3x16,2,fc,2,4.925000,1.321141185494841,0.0032851938629953315,final
deep_3x16,2,fc,2,4.950000,1.319455833253212,0.0032220272175482114,final
deep_3x16,2,fc,2,4.975000,1.317763588335565,0.003160357496432501,final
deep_3x16,2,fc,2,5.000000,1.3160646248026817,0.0031001427488730796,final
deep_3x16,2,fc,2,5.025000,1.3143591137539548,0.0030413423748346722,final
deep_3x16,2,fc,2,5.050000,1.312647223398227,0.0029839170761159985,final
deep_3x16,2,fc,2,5.075000,1.310929119122145,0.0029278288094051505,final
deep_3x16,2,fc,2,5.100000,1.3092049635561016,0.0028730407412039653,final
deep_3x16,2,fc,2,5.125000,1.307474916637876,0.0028195172045440277,final
deep_3x16,2,fc,2,5.150000,1.305739135674068,0.002767223657416334,final
deep_3x16,2,fc,2,5.175000,1.3039977753994014,0.002716126642840039,final
deep_3x16,2,fc,2,5.200000,1.3022509880339959,0.0026661937504989823,final
deep_3x16,2,fc,2,5.225000,1.300498923338676,0.0026173935798797948,final
deep_3x16,2,fc,2,5.250000,1.2987417286684089,0.00256969570484818,final
deep_3x16,2,fc,2,5.275000,1.2969795490239386,0.002523070639600119,final
deep_3x16,2,fc,2,5.300000,1.2952125271016866,0.002477489805931105,final
deep_3x16,2,fc,2,5.325000,1.2934408033419946,0.0024329255017677574,final
deep_3x16,2,fc,2,5.350000,1.291664515975779,0.002389350870906149,final
deep_3x16,2,fc,2,5.375000,1.2898838010696436,0.0023467398739123713,final
deep_3x16,2,fc,2,5.400000,1.2880987925695362,0.002305067260127343,final
deep_3x16,2,fc,2,5.425000,1.286309622342992,0.0022643085407395933,final
deep_3x16,2,fc,2,5.450000,1.2845164202200197,0.0022244399628739303,final
deep_3x16,2,fc,2,5.475000,1.282719314032699,0.002185438484659717,final
deep_3x16,2,fc,2,5.500000,1.2809184296535183,0.002147281751233332,final
deep_3x16,2,fc,2,5.525000,1.2791138910325304,0.00210994807163994,final
deep_3x16,2,fc,2,5.550000,1.2773058202333492,0.002073416396598594,final
deep_3x16,2,fc,2,5.575000,1.275494337468048,0.002037666297088671,final
deep_3x16,2,fc,2,5.600000,1.273679561130997,0.002002677943734377,final
deep_3x16,2,fc,2,5.625000,1.271861607831687,0.0019684320869470203,final
deep_3x16,2,fc,2,5.650000,1.2700405924265727,0.001934910037795905,final
deep_3x16,2,fc,2,5.675000,1.2682166280499834,0.0019020936495821128,final
deep_3x16,2,fc,2,5.700000,1.2663898261441289,0.0018699653000843219,final
deep_3x16,2,fc,2,5.725000,1.264560296488245,0.0018385078744475162,final
deep_3x16,2,fc,2,5.750000,1.2627281472269005,0.001807704748695522,final
deep_3x16,2,fc,2,5.775000,1.2608934848975226,0.0017775397738341902,final
deep_3x16,2,fc,2,5.800000,1.259056414457134,0.0017479972605298807,final
deep_3x16,2,fc,2,5.825000,1.257217039308371,0.0017190619643353434,final
deep_3x16,2,fc,2,5.850000,1.255375461324787,0.0016907190714431513,final
deep_3x16,2,fc,2,5.875000,1.2535317808754756,0.0016629541849460688,final
deep_3x16,2,fc,2,5.900000,1.2516860968490404,0.0016357533115849763,final
deep_3x16,2,fc,2,5.925000,1.2498385066769395,0.0016091028489635777,final
deep_3x16,2,fc,2,5.950000,1.2479891063562225,0.0015829895732162476,final
deep_3x16,2,fc,2,5.975000,1.2461379904716874,0.0015574006271040614,final
deep_3x16,2,fc,2,6.000000,1.2442852522174797,0.0015323235085293945,final
deep_3x16,2,fc,5,0.000000,1.0,0.9999990149527557,final
deep_3x16,2,fc,5,0.025000,1.000025058431299,0.9995535545956326,final
deep_3x16,2,fc,5,0.050000,1.0001002467795699,0.9982182550348954,final
deep_3x16,2,fc,5,0.075000,1.0002259149692725,0.9959963639857915,final
deep_3x16,2,fc,5,0.100000,1.0004032722356486,0.9928933046151531,final
deep_3x16,2,fc,5,0.125000,1.0006348629235817,0.988916689954814,final
deep_3x16,2,fc,5,0.150000,1.0009249845772392,0.9840763410260884,final
deep_3x16,2,fc,5,0.175000,1.001280049511067,0.9783843067201043,final
deep_3x16,2,fc,5,0.200000,1.0017088908297846,0.9718548830579382,final
deep_3x16,2,fc,5,0.225000,1.0022230111134998,0.9645046291303571,final
deep_3x16,2,fc,5,0.250000,1.002836766767089,0.95635237680383,final
deep_3x16,2,fc,5,0.275000,1.0035674737401732,0.9474192311874634,final
deep_3x16,2,fc,5,0.300000,1.0044354117315462,0.9377285588901255,final
deep_3x16,2,fc,5,0.325000,1.0054636953297855,0.9273059612587633,final
deep_3x16,2,fc,5,0.350000,1.0066779735542601,0.9161792300730569,final
deep_3x16,2,fc,5,0.375000,1.0081059162180528,0.904378283568314,final
deep_3x16,2,fc,5,0.400000,1.0097764491205599,0.8919350811532322,final
deep_3x16,2,fc,5,0.425000,1.011718713058665,0.8788835157629997,final
deep_3x16,2,fc,5,0.450000,1.0139607462307958,0.8652592834188174,final
deep_3x16,2,fc,5,0.475000,1.0165279264896767,0.8510997302275789,final
deep_3x16,2,fc,5,0.500000,1.019441257099219,0.8364436777241008,final
deep_3x16,2,fc,5,0.525000,1.0227156315209267,0.8213312281068833,final
deep_3x16,2,fc,5,0.550000,1.0263582596738112,0.8058035515220902,final
deep_3x16,2,fc,5,0.575000,1.030367467476167,0.789902658086808,final
deep_3x16,2,fc,5,0.600000,1.0347320803435427,0.7736711577926741,final
deep_3x16,2,fc,5,0.625000,1.0394315604264266,0.7571520117798487,final
deep_3x16,2,fc,5,0.650000,1.0444369854676518,0.7403882787090609,final
deep_3x16,2,fc,5,0.675000,1.049712843848798,0.7234228600810844,final
deep_3x16,2,fc,5,0.700000,1.055219495819709,0.7062982483585597,final
deep_3x16,2,fc,5,0.725000,1.0609160414896401,0.6890562816393245,final
deep_3x16,2,fc,5,0.750000,1.0667632673351641,0.6717379084223036,final
deep_3x16,2,fc,5,0.775000,1.0727263313794557,0.6543829657089731,final
deep_3x16,2,fc,5,0.800000,1.0787768953285326,0.6370299733105577,final
deep_3x16,2,fc,5,0.825000,1.0848945075062348,0.6197159468002725,final
deep_3x16,2,fc,5,0.850000,1.091067160427421,0.6024762310788355,final
deep_3x16,2,fc,5,0.875000,1.097291064820443,0.5853443560278541,final
deep_3x16,2,fc,5,0.900000,1.1035697753471547,0.5683519152265687,final
deep_3x16,2,fc,5,0.925000,1.1099128587959965,0.5515284682184035,final
deep_3x16,2,fc,5,0.950000,1.1163343105450652,0.5349014663486072,final
deep_3x16,2,fc,5,0.975000,1.122850906140005,0.5184962017644935,final
deep_3x16,2,fc,5,1.000000,1.1294806338850099,0.5023357787844921,final
deep_3x16,2,fc,5,1.025000,1.1362413046909172,0.4864411065080455,final
deep_3x16,2,fc,5,1.050000,1.1431493883214738,0.4708309112594444,final
deep_3x16,2,fc,5,1.075000,1.1502190879709986,0.45552176723692184,final
deep_3x16,2,fc,5,1.100000,1.1574616408203495,0.44052814357346226,final
deep_3x16,2,fc,5,1.125000,1.1648848202789346,0.42586246590588206,final
deep_3x16,2,fc,5,1.150000,1.1724926131552207,0.41153519049035014,final
deep_3x16,2,fc,5,1.175000,1.1802850482249605,0.3975548888910253,final
deep_3x16,2,fc,5,1.200000,1.188258158021883,0.38392834129850273,final
deep_3x16,2,fc,5,1.225000,1.1964040605112896,0.370660636600358,final
deep_3x16,2,fc,5,1.250000,1.2047111501442636,0.3577552774211005,final
deep_3x16,2,fc,5,1.275000,1.2131643882317436,0.34521428846717805,final
deep_3x16,2,fc,5,1.300000,1.2217456810161726,0.3330383266483743,final
deep_3x16,2,fc,5,1.325000,1.2304343310788632,0.32122679159448314,final
deep_3x16,2,fc,5,1.350000,1.2392075447380164,0.30977793534049813,final
deep_3x16,2,fc,5,1.375000,1.2480409756753617,0.2986889701102368,final
deep_3x16,2,fc,5,1.400000,1.2569092837341749,0.2879561732835211,final
deep_3x16,2,fc,5,1.425000,1.2657866879203885,0.277574988782547,final
deep_3x16,2,fc,5,1.450000,1.2746474941074843,0.26754012425636026,final
deep_3x16,2,fc,5,1.475000,1.2834665805883487,0.25784564357642004,final
deep_3x16,2,fc,5,1.500000,1.2922198281018549,0.24848505427970202,final
deep_3x16,2,fc,5,1.525000,1.3008844849067485,0.2394513897077521,final
deep_3x16,2,fc,5,1.550000,1.3094394615090554,0.2307372856900662,final
deep_3x16,2,fc,5,1.575000,1.317865553453744,0.2223350517080542,final
deep_3x16,2,fc,5,1.600000,1.3261455939269207,0.2142367365518528,final
deep_3x16,2,fc,5,1.625000,1.334264540628533,0.20643418854680623,final
deep_3x16,2,fc,5,1.650000,1.3422095033971344,0.198919110480207,final
deep_3x16,2,fc,5,1.675000,1.349969720398366,0.19168310940259609,final
deep_3x16,2,fc,5,1.700000,1.3575364913815546,0.1847177415124742,final
deep_3x16,2,fc,5,1.725000,1.364903076654413,0.17801455235952063,final
deep_3x16,2,fc,5,1.750000,1.3720645701330973,0.1715651126203154,final
deep_3x16,2,fc,5,1.775000,1.3790177542078215,0.16536104971299231,final
deep_3x16,2,fc,5,1.800000,1.3857609433308928,0.15939407552411586,final
deep_3x16,2,fc,5,1.825000,1.3922938222798238,0.1536560105231757,final
deep_3x16,2,fc,5,1.850000,1.3986172840518205,0.14813880453823608,final
deep_3x16,2,fc,5,1.875000,1.404733271368246,0.14283455446115373,final
deep_3x16,2,fc,5,1.900000,1.41064462485234,0.13773551914301999,final
deep_3x16,2,fc,5,1.925000,1.416354940118711,0.13283413173068498,final
deep_3x16,2,fc,5,1.950000,1.4218684352944346,0.12812300968388157,final
deep_3x16,2,fc,5,1.975000,1.4271898298843428,0.12359496270000238,final
deep_3x16,2,fc,5,2.000000,1.4323242353952357,0.11924299876040963,final
deep_3x16,2,fc,5,2.025000,1.4372770577381195,0.11506032849854929,final
deep_3x16,2,fc,5,2.050000,1.4420539111239694,0.11104036807640862,final
deep_3x16,2,fc,5,2.075000,1.4466605429450274,0.10717674074218457,final
deep_3x16,2,fc,5,2.100000,1.4511027689780684,0.10346327722860513,final
deep_3x16,2,fc,5,2.125000,1.455386418146501,0.09989401513832925,final
deep_3x16,2,fc,5,2.150000,1.4595172860235959,0.09646319745030717,final
deep_3x16,2,fc,5,2.175000,1.4635010962398491,0.09316527026902503,final
deep_3x16,2,fc,5,2.200000,1.467343468964927,0.08999487992723759,final
deep_3x16,2,fc,5,2.225000,1.4710498956617206,0.08694686954211561,final
deep_3x16,2,fc,5,2.250000,1.4746257193508923,0.0840162751147613,final
deep_3x16,2,fc,5,2.275000,1.4780761196740886,0.08119832125375193,final
deep_3x16,2,fc,5,2.300000,1.4814061020991578,0.07848841659474731,final
deep_3x16,2,fc,5,2.325000,1.484620490668166,0.07588214898026313,final
deep_3x16,2,fc,5,2.350000,1.4877239237467803,0.07337528045640314,final
deep_3x16,2,fc,5,2.375000,1.4907208522899988,0.0709637421366524,final
deep_3x16,2,fc,5,2.400000,1.4936155401931699,0.06864362897674837,final
deep_3x16,2,fc,5,2.425000,1.4964120663481046,0.06641119449909502,final
deep_3x16,2,fc,5,2.450000,1.4991143280712984,0.06426284550016602,final
deep_3x16,2,fc,5,2.475000,1.5017260456147077,0.06219513676981234,final
deep_3x16,2,fc,5,2.500000,1.5042507675090733,0.060204765847302694,final
deep_3x16,2,fc,5,2.525000,1.5066918765255248,0.05828856783526772,final
deep_3x16,2,fc,5,2.550000,1.5090525960732182,0.05644351028943357,final
deep_3x16,2,fc,5,2.575000,1.5113359968793618,0.05466668819911841,final
deep_3x16,2,fc,5,2.600000,1.5135450038232519,0.05295531907085509,final
deep_3x16,2,fc,5,2.625000,1.5156824028182325,0.05130673812520908,final
deep_3x16,2,fc,5,2.650000,1.5177508476549824,0.04971839361481907,final
deep_3x16,2,fc,5,2.675000,1.5197528667365123,0.048187842269903004,final
deep_3x16,2,fc,5,2.700000,1.5216908696499518,0.046712744875897896,final
deep_3x16,2,fc,5,2.725000,1.523567153532798,0.045290861986530255,final
deep_3x16,2,fc,5,2.750000,1.5253839092021286,0.04392004977442389,final
deep_3x16,2,fc,5,2.775000,1.527143227024371,0.04259825602031256,final
deep_3x16,2,fc,5,2.800000,1.52884710251095,0.04132351624104625,final
deep_3x16,2,fc,5,2.825000,1.530497441631498,0.04009394995580804,final
deep_3x16,2,fc,5,2.850000,1.5320960658416058,0.03890775708931617,final
deep_3x16,2,fc,5,2.875000,1.5336447168263738,0.037763214510238105,final
deep_3x16,2,fc,5,2.900000,1.5351450609644524,0.036658672702594416,final
deep_3x16,2,fc,5,2.925000,1.5365986935199494,0.03559255256754023,final
deep_3x16,2,fc,5,2.950000,1.5380071425716564,0.034563342352615975,final
deep_3x16,2,fc,5,2.975000,1.5393718726905388,0.03356959470530945,final
deep_3x16,2,fc,5,3.000000,1.5406942883775285,0.03260992384757856,final
deep_3x16,2,fc,5,3.025000,1.541975737274298,0.03168300286784069,final
deep_3x16,2,fc,5,3.050000,1.5432175131601,0.030787561126827977,final
deep_3x16,2,fc,5,3.075000,1.5444208587478203,0.02992238177364323,final
deep_3x16,2,fc,5,3.100000,1.5455869682922996,0.02908629936830695,final
deep_3x16,2,fc,5,3.125000,1.5467169900237205,0.028278197607078143,final
deep_3x16,2,fc,5,3.150000,1.5478120284184147,0.02749700714683811,final
deep_3x16,2,fc,5,3.175000,1.5488731463189804,0.02674170352486146,final
deep_3x16,2,fc,5,3.200000,1.5499013669150097,0.026011305170332698,final
deep_3x16,2,fc,5,3.225000,1.5508976755951158,0.025304871504035504,final
deep_3x16,2,fc,5,3.250000,1.5518630216802984,0.024621501122705596,final
deep_3x16,2,fc,5,3.275000,1.5527983200480344,0.02396033006461559,final
deep_3x16,2,fc,5,3.300000,1.553704452655822,0.02332053015304608,final
deep_3x16,2,fc,5,3.325000,1.5545822699722547,0.022701307414390606,final
deep_3x16,2,fc,5,3.350000,1.5554325923230843,0.022101900567731217,final
deep_3x16,2,fc,5,3.375000,1.5562562111591192,0.02152157958282148,final
deep_3x16,2,fc,5,3.400000,1.557053890252237,0.020959644303520642,final
deep_3x16,2,fc,5,3.425000,1.5578263668252446,0.020415423133807592,final
deep_3x16,2,fc,5,3.450000,1.55857435262081,0.019888271783622076,final
deep_3x16,2,fc,5,3.475000,1.559298534914226,0.019377572071868618,final
deep_3x16,2,fc,5,3.500000,1.5599995774743105,0.018882730784027312,final
deep_3x16,2,fc,5,3.525000,1.5606781214763656,0.01840317858190917,final
deep_3x16,2,fc,5,3.550000,1.5613347863707239,0.017938368963193514,final
deep_3x16,2,fc,5,3.575000,1.5619701707100966,0.017487777268482583,final
deep_3x16,2,fc,5,3.600000,1.5625848529386097,0.017050899733695963,final
deep_3x16,2,fc,5,3.625000,1.5631793921451493,0.01662725258572584,final
deep_3x16,2,fc,5,3.650000,1.5637543287833782,0.01621637117935688,final
deep_3x16,2,fc,5,3.675000,1.5643101853605672,0.015817809173541454,final
deep_3x16,2,fc,5,3.700000,1.5648474670971702,0.015431137745210538,final
deep_3x16,2,fc,5,3.725000,1.565366662558904,0.015055944838867765,final
deep_3x16,2,fc,5,3.750000,1.56586824426292,0.014691834450308115,final
deep_3x16,2,fc,5,3.775000,1.566352669259512,0.014338425942863312,final
deep_3x16,2,fc,5,3.800000,1.566820379690688,0.013995353394657682,final
deep_3x16,2,fc,5,3.825000,1.5672718033267958,0.013662264975421378,final
deep_3x16,2,fc,5,3.850000,1.5677073540823157,0.013338822351480577,final
deep_3x16,2,fc,5,3.875000,1.568127432511826,0.0130247001176001,final
deep_3x16,2,fc,5,3.900000,1.5685324262870763,0.012719585254425991,final
deep_3x16,2,fc,5,3.925000,1.5689227106560257,0.012423176610320625,final
deep_3x16,2,fc,5,3.950000,1.5692986488846514,0.012135184406454037,final
deep_3x16,2,fc,5,3.975000,1.5696605926822613,0.011855329764055456,final
deep_3x16,2,fc,5,4.000000,1.5700088826110128,0.011583344252793145,final
deep_3x16,2,fc,5,4.025000,1.5703438484802807,0.011318969459285231,final
deep_3x16,2,fc,5,4.050000,1.570665809726489,0.011061956574806305,final
deep_3x16,2,fc,5,4.075000,1.5709750757789744,0.010812066001288487,final
deep_3x16,2,fc,5,4.100000,1.5712719464124376,0.010569066974763647,final
deep_3x16,2,fc,5,4.125000,1.5715567120864773,0.010332737205431649,final
deep_3x16,2,fc,5,4.150000,1.5718296542727213,0.010102862533580738,final
deep_3x16,2,fc,5,4.175000,1.572091045769996,0.009879236600621332,final
deep_3x16,2,fc,5,4.200000,1.572341151007996,0.009661660534531725,final
deep_3x16,2,fc,5,4.225000,1.5725802263398734,0.009449942649044966,final
deep_3x16,2,fc,5,4.250000,1.572808520324152,0.009243898155941826,final
deep_3x16,2,fc,5,4.275000,1.5730262739963556,0.00904334888984183,final
deep_3x16,2,fc,5,4.300000,1.5732337211307361,0.008848123044917012,final
deep_3x16,2,fc,5,4.325000,1.573431088492447,0.00865805492297805,final
deep_3x16,2,fc,5,4.350000,1.57361859608052,0.008472984692407837,final
deep_3x16,2,fc,5,4.375000,1.5737964573619738,0.008292758157448845,final
deep_3x16,2,fc,5,4.400000,1.5739648794973808,0.008117226537362866,final
deep_3x16,2,fc,5,4.425000,1.5741240635581957,0.007946246255021595,final
deep_3x16,2,fc,5,4.450000,1.5742742047361522,0.007779678734485535,final
deep_3x16,2,fc,5,4.475000,1.5744154925450131,0.007617390207175521,final
deep_3x16,2,fc,5,4.500000,1.5745481110149537,0.00745925152623505,final
deep_3x16,2,fc,5,4.525000,1.5746722388798435,0.007305137988719207,final
deep_3x16,2,fc,5,4.550000,1.5747880497576916,0.007154929165255192,final
deep_3x16,2,fc,5,4.575000,1.574895712324505,0.007008508736834862,final
deep_3x16,2,fc,5,4.600000,1.5749953904817953,0.006865764338424728,final
deep_3x16,2,fc,5,4.625000,1.5750872435179777,0.006726587409077422,final
deep_3x16,2,fc,5,4.650000,1.5751714262638774,0.006590873048268464,final
deep_3x16,2,fc,5,4.675000,1.5752480892425678,0.0064585198781628465,final
deep_3x16,2,fc,5,4.700000,1.575317378813746,0.006329429911565912,final
deep_3x16,2,fc,5,4.725000,1.5753794373128518,0.006203508425289461,final
deep_3x16,2,fc,5,4.750000,1.5754344031851193,0.006080663838708088,final
deep_3x16,2,fc,5,4.775000,1.5754824111147587,0.005960807597265741,final
deep_3x16,2,fc,5,4.800000,1.5755235921494366,0.005843854060718774,final
deep_3x16,2,fc,5,4.825000,1.575558073820243,0.005729720395912886,final
deep_3x16,2,fc,5,4.850000,1.5755859802573091,0.005618326473881569,final
deep_3x16,2,fc,5,4.875000,1.5756074323012292,0.0055095947710962845,final
deep_3x16,2,fc,5,4.900000,1.5756225476104617,0.005403450274670497,final
deep_3x16,2,fc,5,4.925000,1.5756314407648424,0.005299820391357137,final
deep_3x16,2,fc,5,4.950000,1.5756342233653666,0.00519863486017101,final
deep_3x16,2,fc,5,4.975000,1.5756310041303763,0.005099825668480255,final
deep_3x16,2,fc,5,5.000000,1.5756218889882858,0.005003326971419181,final
deep_3x16,2,fc,5,5.025000,1.5756069811669797,0.004909075014477372,final
deep_3x16,2,fc,5,5.050000,1.5755863812800055,0.004817008059132411,final
deep_3x16,2,fc,5,5.075000,1.5755601874096823,0.004727066311396233,final
deep_3x16,2,fc,5,5.100000,1.5755284951872381,0.004639191853146637,final
deep_3x16,2,fc,5,5.125000,1.5754913978700966,0.004553328576135116,final
deep_3x16,2,fc,5,5.150000,1.575448986416407,0.004469422118547324,final
deep_3x16,2,fc,5,5.175000,1.575401349556935,0.0043874198040178055,final
deep_3x16,2,fc,5,5.200000,1.575348573864401,0.0043072705829917705,final
deep_3x16,2,fc,5,5.225000,1.5752907438203732,0.004228924976334929,final
deep_3x16,2,fc,5,5.250000,1.5752279418797954,0.004152335021101629,final
deep_3x16,2,fc,5,5.275000,1.5751602485332514,0.004077454218365142,final
deep_3x16,2,fc,5,5.300000,1.5750877423670382,0.0040042374830345975,final
deep_3x16,2,fc,5,5.325000,1.5750105001211396,0.003932641095565119,final
deep_3x16,2,fc,5,5.350000,1.5749285967451747,0.003862622655491328,final
deep_3x16,2,fc,5,5.375000,1.5748421054523964,0.0037941410367080836,final
deep_3x16,2,fc,5,5.400000,1.5747510977718175,0.003727156344421023,final
deep_3x16,2,fc,5,5.425000,1.5746556435985233,0.003661629873710311,final
deep_3x16,2,fc,5,5.450000,1.574555811242259,0.0035975240696294233,final
deep_3x16,2,fc,5,5.475000,1.5744516674743312,0.003534802488785088,final
deep_3x16,2,fc,5,5.500000,1.574343277572903,0.00347342976233753,final
deep_3x16,2,fc,5,5.525000,1.5742307053667408,0.0034133715603585552,final
deep_3x16,2,fc,5,5.550000,1.574114013277464,0.003354594557501852,final
deep_3x16,2,fc,5,5.575000,1.5739932623603567,0.003297066399923296,final
deep_3x16,2,fc,5,5.600000,1.5738685123437945,0.0032407556734100657,final
deep_3x16,2,fc,5,5.625000,1.5737398216673408,0.0031856318726634857,final
deep_3x16,2,fc,5,5.650000,1.5736072475185552,0.003131665371696122,final
deep_3x16,2,fc,5,5.675000,1.573470845868567,0.003078827395293707,final
deep_3x16,2,fc,5,5.700000,1.5733306715064523,0.003027089991503894,final
deep_3x16,2,fc,5,5.725000,1.5731867780724746,0.0029764260051096687,final
deep_3x16,2,fc,5,5.750000,1.5730392180902057,0.0029268090520475788,final
deep_3x16,2,fc,5,5.775000,1.5728880429975913,0.002878213494739797,final
deep_3x16,2,fc,5,5.800000,1.5727333031769886,0.002830614418296118,final
deep_3x16,2,fc,5,5.825000,1.5725750479842118,0.00278398760755835,final
deep_3x16,2,fc,5,5.850000,1.5724133257766275,0.002738309524953898,final
deep_3x16,2,fc,5,5.875000,1.5722481839403326,0.00269355728912338,final
deep_3x16,2,fc,5,5.900000,1.5720796689164451,0.002649708654298654,final
deep_3x16,2,fc,5,5.925000,1.5719078262265427,0.0026067419903964785,final
deep_3x16,2,fc,5,5.950000,1.5717327004972816,0.0025646362638050363,final
deep_3x16,2,fc,5,5.975000,1.5715543354842179,0.0025233710188360442,final
deep_3x16,2,fc,5,6.000000,1.5713727740948702,0.002482926359813787,final
deep_3x16,3,fx,,0.000000,1.0,1.0,final
deep_3x16,3,fx,,0.025000,1.0000264665106637,1.0001371734503082,final
deep_3x16,3,fx,,0.050000,1.0001058196436032,1.0005484131007953,final
deep_3x16,3,fx,,0.075000,1.0002381156672024,1.0012328782849313,final
deep_3x16,3,fx,,0.100000,1.0004238413328497,1.002189172660767,final
deep_3x16,3,fx,,0.125000,1.0006642087579762,1.0034153513166864,final
deep_3x16,3,fx,,0.150000,1.00096140644257,1.0049089306249135,final
deep_3x16,3,fx,,0.175000,1.0013188033927647,1.0066669007499534,final
deep_3x16,3,fx,,0.200000,1.0017411047553233,1.0086857406950527,final
deep_3x16,3,fx,,0.225000,1.0022344586601937,1.010961435747421,final
deep_3x16,3,fx,,0.250000,1.002806515099638,1.0134894971626558,final
deep_3x16,3,fx,,0.275000,1.0034664386297247,1.0162649839108355,final
deep_3x16,3,fx,,0.300000,1.0042248774630669,1.0192825262913066,final
deep_3x16,3,fx,,0.325000,1.0050938921406873,1.022536351210436,final
deep_3x16,3,fx,,0.350000,1.0060868474437767,1.0260203089066646,final
deep_3x16,3,fx,,0.375000,1.0072182715562923,1.0297279009001115,final
deep_3x16,3,fx,,0.400000,1.0085036867430366,1.0336523089397605,final
deep_3x16,3,fx,,0.425000,1.0099594159914107,1.0377864247198565,final
deep_3x16,3,fx,,0.450000,1.0116023702025203,1.0421228801384386,final
deep_3x16,3,fx,,0.475000,1.0134498206281375,1.0466540778748243,final
deep_3x16,3,fx,,0.500000,1.0155191613469714,1.0513722220691275,final
deep_3x16,3,fx,,0.525000,1.017827666661419,1.056269348895353,final
deep_3x16,3,fx,,0.550000,1.0203922483698016,1.061337356830009,final
deep_3x16,3,fx,,0.575000,1.0232292179149631,1.0665680364302768,final
deep_3x16,3,fx,,0.600000,1.026354058405088,1.0719530994492863,final
deep_3x16,3,fx,,0.625000,1.0297812114166034,1.0774842071307018,final
deep_3x16,3,fx,,0.650000,1.0335238832877425,1.0831529975403624,final
deep_3x16,3,fx,,0.675000,1.0375938752601406,1.0889511118088369,final
deep_3x16,3,fx,,0.700000,1.0420014412945662,1.0948702191752313,final
deep_3x16,3,fx,,0.725000,1.0467551766552867,1.1009020407391494,final
deep_3x16,3,fx,,0.750000,1.0518619394202608,1.1070383718441337,final
deep_3x16,3,fx,,0.775000,1.0573268059452692,1.1132711030320084,final
deep_3x16,3,fx,,0.800000,1.0631530600251018,1.119592239523111,final
deep_3x16,3,fx,,0.825000,1.0693422141121725,1.1259939191922888,final
deep_3x16,3,fx,,0.850000,1.0758940595506232,1.1324684290245925,final
deep_3x16,3,fx,,0.875000,1.0828067414550988,1.139008220047757,final
deep_3x16,3,fx,,0.900000,1.0900768527080638,1.1456059207506675,final
deep_3x16,3,fx,,0.925000,1.0976995406657675,1.152254349008086,final
deep_3x16,3,fx,,0.950000,1.1056686196362222,1.1589465225418367,final
deep_3x16,3,fx,,0.975000,1.113976682086545,1.1656756679574736,final
deep_3x16,3,fx,,1.000000,1.122615201885633,1.172435228403129,final
deep_3x16,3,fx,,1.025000,1.1315746236906832,1.1792188699038115,final
deep_3x16,3,fx,,1.050000,1.1408444338055679,1.1860204864298936,final
deep_3x16,3,fx,,1.075000,1.1504132094042645,1.192834203762979,final
deep_3x16,3,fx,,1.100000,1.1602686448231798,1.1996543822257886,final
deep_3x16,3,fx,,1.125000,1.1703975555607715,1.2064756183452223,final
deep_3x16,3,fx,,1.150000,1.1807858625481005,1.2132927455194251,final
deep_3x16,3,fx,,1.175000,1.1914185610349635,1.220100833760554,final
deep_3x16,3,fx,,1.200000,1.2022796799465252,1.2268951885850992,final
deep_3x16,3,fx,,1.225000,1.2133522386957218,1.2336713491231373,final
deep_3x16,3,fx,,1.250000,1.2246182091029973,1.2404250855168273,final
deep_3x16,3,fx,,1.275000,1.2360584902237743,1.2471523956769321,final
deep_3x16,3,fx,,1.300000,1.247652903496781,1.2538495014641662,final
deep_3x16,3,fx,,1.325000,1.2593802147206237,1.2605128443598486,final
deep_3x16,3,fx,,1.350000,1.2712181879952538,1.2671390806877225,final
deep_3x16,3,fx,,1.375000,1.2831436750156413,1.2737250764459462,final
deep_3x16,3,fx,,1.400000,1.2951327410908697,1.2802679018052352,final
deep_3x16,3,fx,,1.425000,1.3071608271170307,1.2867648253259727,final
deep_3x16,3,fx,,1.450000,1.3192029446010602,1.2932133079438641,final
deep_3x16,3,fx,,1.475000,1.3312338988592112,1.2996109967704328,final
deep_3x16,3,fx,,1.500000,1.3432285338306418,1.3059557187513589,final
deep_3x16,3,fx,,1.525000,1.355161990663786,1.3122454742224083,final
deep_3x16,3,fx,,1.550000,1.3670099714295383,1.3184784303994812,final
deep_3x16,3,fx,,1.575000,1.378748999031951,1.3246529148361825,final
deep_3x16,3,fx,,1.600000,1.3903566646248207,1.330767408879276,final
deep_3x16,3,fx,,1.625000,1.4018118545626876,1.3368205411494571,final
deep_3x16,3,fx,,1.650000,1.4130949500445098,1.3428110810720784,final
deep_3x16,3,fx,,1.675000,1.4241879940484679,1.3487379324797883,final
deep_3x16,3,fx,,1.700000,1.4350748217920624,1.3546001273065218,final
deep_3x16,3,fx,,1.725000,1.4457411526629385,1.360396819389886,final
deep_3x16,3,fx,,1.750000,1.456174643238975,1.3661272783967613,final
deep_3x16,3,fx,,1.775000,1.466364902552065,1.3717908838848296,final
deep_3x16,3,fx,,1.800000,1.4763034720715156,1.3773871195108214,final
deep_3x16,3,fx,,1.825000,1.4859837739379596,1.3829155673944546,final
deep_3x16,3,fx,,1.850000,1.4954010317409752,1.3883759026453952,final
deep_3x16,3,fx,,1.875000,1.504552168601229,1.3937678880590432,final
deep_3x16,3,fx,,1.900000,1.513435687508996,1.3990913689855675,final
deep_3x16,3,fx,,1.925000,1.5220515388188542,1.4043462683753405,final
deep_3x16,3,fx,,1.950000,1.530400979548407,1.4095325820027964,final
deep_3x16,3,fx,,1.975000,1.5384864287248596,1.4146503738697032,final
deep_3x16,3,fx,,2.000000,1.5463113225152376,1.4196997717879212,final
deep_3x16,3,fx,,2.025000,1.553879972308413,1.4246809631409094,final
deep_3x16,3,fx,,2.050000,1.561197428328827,1.4295941908225116,final
deep_3x16,3,fx,,2.075000,1.5682693507844014,1.4344397493509262,final
deep_3x16,3,fx,,2.100000,1.5751018900086902,1.4392179811552137,final
deep_3x16,3,fx,,2.125000,1.5817015765665747,1.4439292730312083,final
deep_3x16,3,fx,,2.150000,1.5880752218638188,1.4485740527633122,final
deep_3x16,3,fx,,2.175000,1.5942298294381618,1.4531527859082907,final
deep_3x16,3,fx,,2.200000,1.6001725168135132,1.4576659727369123,final
deep_3x16,3,fx,,2.225000,1.6059104475660821,1.4621141453290472,final
deep_3x16,3,fx,,2.250000,1.611450773076616,1.4664978648176454,final
deep_3x16,3,fx,,2.275000,1.6168005833196717,1.470817718776893,final
deep_3x16,3,fx,,2.300000,1.621966865961714,1.475074318749721,final
deep_3x16,3,fx,,2.325000,1.626956472997451,1.479268297909802,final
deep_3x16,3,fx,,2.350000,1.6317760941412212,1.483400308853113,final
deep_3x16,3,fx,,2.375000,1.6364322362008705,1.4874710215141502,final
deep_3x16,3,fx,,2.400000,1.640931207689801,1.491481121201892,final
deep_3x16,3,fx,,2.425000,1.6452791079736955,1.4954313067506453,final
deep_3x16,3,fx,,2.450000,1.6494818202977461,1.4993222887809725,final
deep_3x16,3,fx,,2.475000,1.6535450080945726,1.5031547880659621,final
deep_3x16,3,fx,,2.500000,1.6574741140297717,1.5069295339981974,final
deep_3x16,3,fx,,2.525000,1.6612743612990157,1.5106472631528727,final
deep_3x16,3,fx,,2.550000,1.6649507567462578,1.514308717942618,final
deep_3x16,3,fx,,2.575000,1.6685080954257745,1.5179146453597039,final
deep_3x16,3,fx,,2.600000,1.671950966280643,1.5214657958014208,final
deep_3x16,3,fx,,2.625000,1.6752837586563873,1.5249629219745588,final
deep_3x16,3,fx,,2.650000,1.6785106694105953,1.5284067778750356,final
deep_3x16,3,fx,,2.675000,1.681635710417286,1.5317981178388593,final
deep_3x16,3,fx,,2.700000,1.6846627162986934,1.5351376956607474,final
deep_3x16,3,fx,,2.725000,1.6875953522470963,1.538426263776851,final
deep_3x16,3,fx,,2.750000,1.6904371218255745,1.5416645725081797,final
deep_3x16,3,fx,,2.775000,1.6931913746593479,1.5448533693614435,final
deep_3x16,3,fx,,2.800000,1.6958613139489538,1.5479933983841754,final
deep_3x16,3,fx,,2.825000,1.6984500037532337,1.5510853995711167,final
deep_3x16,3,fx,,2.850000,1.7009603760041994,1.5541301083189827,final
deep_3x16,3,fx,,2.875000,1.703395237227647,1.5571282549268526,final
deep_3x16,3,fx,,2.900000,1.705757274953132,1.5600805641395499,final
deep_3x16,3,fx,,2.925000,1.7080490638048835,1.562987754731498,final
deep_3x16,3,fx,,2.950000,1.7102730712716467,1.5658505391286572,final
deep_3x16,3,fx,,2.975000,1.7124316631585028,1.5686696230662598,final
deep_3x16,3,fx,,3.000000,1.7145271087276581,1.5714457052801694,final
deep_3x16,3,fx,,3.025000,1.7165615855381564,1.5741794772298021,final
deep_3x16,3,fx,,3.050000,1.718537183996618,1.5768716228506432,final
deep_3x16,3,fx,,3.075000,1.7204559116325986,1.5795228183344976,final
deep_3x16,3,fx,,3.100000,1.7223196971130914,1.5821337319357038,final
deep_3x16,3,fx,,3.125000,1.7241303940111743,1.5847050238016365,final
deep_3x16,3,fx,,3.150000,1.7258897843439345,1.587237345825908,final
deep_3x16,3,fx,,3.175000,1.7275995818946484,1.5897313415227634,final
deep_3x16,3,fx,,3.200000,1.7292614353338234,1.592187645921248,final
deep_3x16,3,fx,,3.225000,1.7308769311531682,1.5946068854777975,final
deep_3x16,3,fx,,3.250000,1.7324475964259343,1.5969896780059818,final
deep_3x16,3,fx,,3.275000,1.7339749014063206,1.5993366326221994,final
deep_3x16,3,fx,,3.300000,1.7354602619798856,1.601648349706187,final
deep_3x16,3,fx,,3.325000,1.7369050419761005,1.6039254208752762,final
deep_3x16,3,fx,,3.350000,1.7383105553534015,1.6061684289713845,final
deep_3x16,3,fx,,3.375000,1.7396780682662951,1.6083779480597964,final
deep_3x16,3,fx,,3.400000,1.7410088010233313,1.6105545434388309,final
deep_3x16,3,fx,,3.425000,1.742303929944022,1.6126987716595576,final
deep_3x16,3,fx,,3.450000,1.7435645891220954,1.6148111805547691,final
deep_3x16,3,fx,,3.475000,1.7447918721018425,1.6168923092764607,final
deep_3x16,3,fx,,3.500000,1.745986833473692,1.6189426883411182,final
deep_3x16,3,fx,,3.525000,1.7471504903946136,1.6209628396821578,final
deep_3x16,3,fx,,3.550000,1.7482838240384226,1.622953276708899,final
deep_3x16,3,fx,,3.575000,1.7493877809806038,1.6249145043714908,final
deep_3x16,3,fx,,3.600000,1.7504632745218356,1.6268470192312494,final
deep_3x16,3,fx,,3.625000,1.7515111859540173,1.6287513095359003,final
deep_3x16,3,fx,,3.650000,1.7525323657722571,1.630627855299244,final
deep_3x16,3,fx,,3.675000,1.7535276348359503,1.632477128384804,final
deep_3x16,3,fx,,3.700000,1.754497785481816,1.6342995925930408,final
deep_3x16,3,fx,,3.725000,1.7554435825914942,1.6360957037517374,final
deep_3x16,3,fx,,3.750000,1.7563657646160868,1.6378659098091999,final
deep_3x16,3,fx,,3.775000,1.7572650445598323,1.6396106509299275,final
deep_3x16,3,fx,,3.800000,1.7581421109249074,1.641330359592442,final
deep_3x16,3,fx,,3.825000,1.7589976286192188,1.6430254606889751,final
deep_3x16,3,fx,,3.850000,1.7598322398288782,1.6446963716267469,final
deep_3x16,3,fx,,3.875000,1.7606465648569578,1.6463435024305744,final
deep_3x16,3,fx,,3.900000,1.7614412029299888,1.6479672558465768,final
deep_3x16,3,fx,,3.925000,1.762216732973582,1.6495680274467555,final
deep_3x16,3,fx,,3.950000,1.7629737143584607,1.651146205734246,final
deep_3x16,3,fx,,3.975000,1.7637126876181086,1.6527021722490547,final
deep_3x16,3,fx,,4.000000,1.7644341751391817,1.654236301674099,final
deep_3x16,3,fx,,4.025000,1.7651386818257515,1.6557489619413992,final
deep_3x16,3,fx,,4.050000,1.7658266957384123,1.6572405143382634,final
deep_3x16,3,fx,,4.075000,1.766498688709214,1.6587113136133356,final
deep_3x16,3,fx,,4.100000,1.767155116933348,1.6601617080823763,final
deep_3x16,3,fx,,4.125000,1.7677964215384745,1.6615920397336599,final
deep_3x16,3,fx,,4.150000,1.7684230291325256,1.663002644332885,final
deep_3x16,3,fx,,4.175000,1.7690353523308018,1.6643938515274967,final
deep_3x16,3,fx,,4.200000,1.7696337902631338,1.6657659849503361,final
deep_3x16,3,fx,,4.225000,1.770218729061857,1.6671193623225302,final
deep_3x16,3,fx,,4.250000,1.7707905423313113,1.668454295555556,final
deep_3x16,3,fx,,4.275000,1.7713495915995658,1.6697710908524037,final
deep_3x16,3,fx,,4.300000,1.7718962267530247,1.6710700488077885,final
deep_3x16,3,fx,,4.325000,1.7724307864545548,1.672351464507346,final
deep_3x16,3,fx,,4.350000,1.7729535985457614,1.6736156276257725,final
deep_3x16,3,fx,,4.375000,1.7734649804339975,1.6748628225238602,final
deep_3x16,3,fx,,4.400000,1.7739652394646894,1.6760933283443924,final
deep_3x16,3,fx,,4.425000,1.774454673279527,1.6773074191068635,final
deep_3x16,3,fx,,4.450000,1.7749335701610585,1.6785053638009961,final
deep_3x16,3,fx,,4.475000,1.7754022093642043,1.6796874264790258,final
deep_3x16,3,fx,,4.500000,1.775860861435186,1.6808538663467358,final
deep_3x16,3,fx,,4.525000,1.776309788518357,1.682004937853222,final
deep_3x16,3,fx,,4.550000,1.7767492446513873,1.6831408907793708,final
deep_3x16,3,fx,,4.575000,1.7771794760492645,1.6842619703250405,final
deep_3x16,3,fx,,4.600000,1.7776007213775282,1.685368417194935,final
deep_3x16,3,fx,,4.625000,1.7780132120151604,1.6864604676831623,final
deep_3x16,3,fx,,4.650000,1.7784171723075315,1.687538353756474,final
deep_3x16,3,fx,,4.675000,1.7788128198097868,1.6886023031361845,final
deep_3x16,3,fx,,4.700000,1.7792003655210449,1.6896525393787643,final
deep_3x16,3,fx,,4.725000,1.7795800141097662,1.6906892819551151,final
deep_3x16,3,fx,,4.750000,1.7799519641306392,1.691712746328525,final
deep_3x16,3,fx,,4.775000,1.7803164082333078,1.69272314403131,final
deep_3x16,3,fx,,4.800000,1.78067353336327,1.6937206827401463,final
deep_3x16,3,fx,,4.825000,1.7810235209552456,1.6947055663501032,final
deep_3x16,3,fx,,4.850000,1.7813665471193167,1.695677995047382,final
deep_3x16,3,fx,,4.875000,1.7817027828201142,1.6966381653807714,final
deep_3x16,3,fx,,4.900000,1.7820323940493377,1.6975862703318307,final
deep_3x16,3,fx,,4.925000,1.7823555419918566,1.6985224993838095,final
deep_3x16,3,fx,,4.950000,1.7826723831856557,1.6994470385893194,final
deep_3x16,3,fx,,4.975000,1.782983069675864,1.7003600706367672,final
deep_3x16,3,fx,,5.000000,1.7832877491630972,1.701261774915565,final
deep_3x16,3,fx,,5.025000,1.7835865651463418,1.7021523275801298,final
deep_3x16,3,fx,,5.050000,1.7838796570605948,1.7030319016126885,final
deep_3x16,3,fx,,5.075000,1.7841671604094598,1.7039006668849015,final
deep_3x16,3,fx,,5.100000,1.784449206892909,1.7047587902183228,final
deep_3x16,3,fx,,5.125000,1.7847259245303901,1.7056064354437073,final
deep_3x16,3,fx,,5.150000,1.784997437779466,1.7064437634591885,final
deep_3x16,3,fx,,5.175000,1.7852638676501644,1.7072709322873345,final
deep_3x16,3,fx,,5.200000,1.7855253318151987,1.708088097131107,final
deep_3x16,3,fx,,5.225000,1.7857819447162295,1.7088954104287313,final
deep_3x16,3,fx,,5.250000,1.7860338176663169,1.7096930219075017,final
deep_3x16,3,fx,,5.275000,1.7862810589487121,1.7104810786365339,final
deep_3x16,3,fx,,5.300000,1.7865237739121338,1.711259725078483,final
deep_3x16,3,fx,,5.325000,1.7867620650626639,1.7120291031402441,final
deep_3x16,3,fx,,5.350000,1.7869960321523932,1.7127893522226525,final
deep_3x16,3,fx,,5.375000,1.7872257722649452,1.7135406092691985,final
deep_3x16,3,fx,,5.400000,1.7874513798979976,1.714283008813776,final
deep_3x16,3,fx,,5.425000,1.7876729470429171,1.7150166830274802,final
deep_3x16,3,fx,,5.450000,1.7878905632616178,1.7157417617644724,final
deep_3x16,3,fx,,5.475000,1.7881043157607541,1.7164583726069251,final
deep_3x16,3,fx,,5.500000,1.7883142894633433,1.7171666409090691,final
deep_3x16,3,fx,,5.525000,1.78852056707792,1.717866689840354,final
deep_3x16,3,fx,,5.550000,1.7887232291653214,1.7185586404277413,final
deep_3x16,3,fx,,5.575000,1.7889223542031816,1.7192426115971444,final
deep_3x16,3,fx,,5.600000,1.7891180186482323,1.719918720214034,final
deep_3x16,3,fx,,5.625000,1.7893102969964887,1.7205870811232205,final
deep_3x16,3,fx,,5.650000,1.7894992618413996,1.721247807187832,final
deep_3x16,3,fx,,5.675000,1.7896849839300406,1.7219010093275047,final
deep_3x16,3,fx,,5.700000,1.7898675322174202,1.7225467965557948,final
deep_3x16,3,fx,,5.725000,1.790046973918975,1.7231852760168345,final
deep_3x16,3,fx,,5.750000,1.7902233745613145,1.7238165530212408,final
deep_3x16,3,fx,,5.775000,1.790396798031283,1.7244407310812953,final
deep_3x16,3,fx,,5.800000,1.7905673066234076,1.725057911945408,final
deep_3x16,3,fx,,5.825000,1.7907349610857781,1.7256681956318787,final
deep_3x16,3,fx,,5.850000,1.7908998206644307,1.7262716804619718,final
deep_3x16,3,fx,,5.875000,1.7910619431462782,1.7268684630923166,final
deep_3x16,3,fx,,5.900000,1.7912213849006502,1.727458638546647,final
deep_3x16,3,fx,,5.925000,1.791378200919485,1.7280423002468948,final
deep_3x16,3,fx,,5.950000,1.7915324448562273,1.728619540043648,final
deep_3x16,3,fx,,5.975000,1.7916841690634797,1.7291904482459888,final
deep_3x16,3,fx,,6.000000,1.7918334246294432,1.7297551136507232,final
deep_3x16,3,fc,0.5,0.000000,1.0,0.9999961712608588,final
deep_3x16,3,fc,0.5,0.025000,0.9999155432322634,0.9983586646344352,final
deep_3x16,3,fc,0.5,0.050000,0.9996646354107982,0.9934854371990305,final
deep_3x16,3,fc,0.5,0.075000,0.999259186985088,0.9854913576191164,final
deep_3x16,3,fc,0.5,0.100000,0.9987278878885131,0.9745583236306017,final
deep_3x16,3,fc,0.5,0.125000,0.9981220474269126,0.9609224860044977,final
deep_3x16,3,fc,0.5,0.150000,0.9975191116767491,0.9448590526338713,final
deep_3x16,3,fc,0.5,0.175000,0.9970231623299662,0.9266665678644719,final
deep_3x16,3,fc,0.5,0.200000,0.9967618025218485,0.906652287270015,final
deep_3x16,3,fc,0.5,0.225000,0.9968790528424044,0.8851197735940066,final
deep_3x16,3,fc,0.5,0.250000,0.9975242067112801,0.8623592877190294,final
deep_3x16,3,fc,0.5,0.275000,0.9988370123505621,0.838641066508284,final
deep_3x16,3,fc,0.5,0.300000,1.0009300317629666,0.8142112349444125,final
deep_3x16,3,fc,0.5,0.325000,1.003869535153594,0.7892899055662282,final
deep_3x16,3,fc,0.5,0.350000,1.007656766010742,0.7640709501109981,final
deep_3x16,3,fc,0.5,0.375000,1.0122117841954017,0.738722947888542,final
deep_3x16,3,fc,0.5,0.400000,1.017362273647361,0.7133908845188547,final
deep_3x16,3,fc,0.5,0.425000,1.022839595644252,0.6881982632946789,final
deep_3x16,3,fc,0.5,0.450000,1.0282839058193094,0.663249379897375,final
deep_3x16,3,fc,0.5,0.475000,1.0332593152626206,0.6386315887919551,final
deep_3x16,3,fc,0.5,0.500000,1.0372789291788067,0.614417452116793,final
deep_3x16,3,fc,0.5,0.525000,1.0398382944709088,0.5906667090105318,final
deep_3x16,3,fc,0.5,0.550000,1.0404545322564687,0.5674280368849434,final
deep_3x16,3,fc,0.5,0.575000,1.038707404703753,0.5447405987383155,final
deep_3x16,3,fc,0.5,0.600000,1.0342778800514771,0.5226353848308631,final
deep_3x16,3,fc,0.5,0.625000,1.026979477800853,0.5011363652156074,final
deep_3x16,3,fc,0.5,0.650000,1.016777898505886,0.4802614735958944,final
deep_3x16,3,fc,0.5,0.675000,1.0037953768193197,0.46002344418289265,final
deep_3x16,3,fc,0.5,0.700000,0.9882980789876971,0.4404305226879344,final
deep_3x16,3,fc,0.5,0.725000,0.9706676988671883,0.4214870710332323,final
deep_3x16,3,fc,0.5,0.750000,0.9513616702587613,0.4031940832949596,final
deep_3x16,3,fc,0.5,0.775000,0.9308690598904107,0.38554962812948085,final
deep_3x16,3,fc,0.5,0.800000,0.9096701018981835,0.36854923068108175,final
deep_3x16,3,fc,0.5,0.825000,0.8882059407359529,0.35218620484951263,final
deep_3x16,3,fc,0.5,0.850000,0.8668619228213412,0.3364519448742073,final
deep_3x16,3,fc,0.5,0.875000,0.8459639657429657,0.3213361834989273,final
deep_3x16,3,fc,0.5,0.900000,0.8257845054359514,0.306827222522449,final
deep_3x16,3,fc,0.5,0.925000,0.8065531199551514,0.2929121403100752,final
deep_3x16,3,fc,0.5,0.950000,0.788467228907814,0.2795769798212084,final
deep_3x16,3,fc,0.5,0.975000,0.771699749846465,0.2668069198795077,final
deep_3x16,3,fc,0.5,1.000000,0.756402500258118,0.25458643175180856,final
deep_3x16,3,fc,0.5,1.025000,0.7427057945783337,0.24289942258726716,final
deep_3x16,3,fc,0.5,1.050000,0.7307156951897119,0.23172936687701973,final
deep_3x16,3,fc,0.5,1.075000,0.7205106389818731,0.22105942680628568,final
deep_3x16,3,fc,0.5,1.100000,0.7121388306585754,0.21087256216631964,final
deep_3x16,3,fc,0.5,1.125000,0.7056171576657624,0.20115163035586586,final
deep_3x16,3,fc,0.5,1.150000,0.7009317329920132,0.1918794769158274,final
deep_3x16,3,fc,0.5,1.175000,0.6980397166467466,0.18303901699379402,final
deep_3x16,3,fc,0.5,1.200000,0.6968718833557629,0.1746133081159656,final
deep_3x16,3,fc,0.5,1.225000,0.6973354609706329,0.16658561464383392,final
deep_3x16,3,fc,0.5,1.250000,0.6993169648673347,0.15893946430447428,final
deep_3x16,3,fc,0.5,1.275000,0.7026849876632651,0.15165869720073666,final
deep_3x16,3,fc,0.5,1.300000,0.7072930824205894,0.14472750772673904,final
deep_3x16,3,fc,0.5,1.325000,0.7129829519930165,0.13813047983167853,final
deep_3x16,3,fc,0.5,1.350000,0.719588119558273,0.13185261608906113,final
deep_3x16,3,fc,0.5,1.375000,0.7269381316676521,0.1258793610376418,final
deep_3x16,3,fc,0.5,1.400000,0.7348631820610566,0.12019661926408308,final
deep_3x16,3,fc,0.5,1.425000,0.7431988939961562,0.11479076869543448,final
deep_3x16,3,fc,0.5,1.450000,0.7517909033349596,0.1096486695622258,final
deep_3x16,3,fc,0.5,1.475000,0.7604988665027679,0.10475766948076473,final
deep_3x16,3,fc,0.5,1.500000,0.769199575591962,0.10010560508677041,final
deep_3x16,3,fc,0.5,1.525000,0.7777889767497665,0.09568080063249802,final
deep_3x16,3,fc,0.5,1.550000,0.7861830265981314,0.09147206393676467,final
deep_3x16,3,fc,0.5,1.575000,0.7943174537403673,0.08746868005254455,final
deep_3x16,3,fc,0.5,1.600000,0.8021465952346485,0.08366040299072135,final
deep_3x16,3,fc,0.5,1.625000,0.8096415396318205,0.08003744581183542,final
deep_3x16,3,fc,0.5,1.650000,0.8167878282428542,0.07659046937076666,final
deep_3x16,3,fc,0.5,1.675000,0.8235829520997617,0.07331056997272188,final
deep_3x16,3,fc,0.5,1.700000,0.8300338448533006,0.07018926617305912,final
deep_3x16,3,fc,0.5,1.725000,0.836154523204002,0.06721848492863296,final
deep_3x16,3,fc,0.5,1.750000,0.8419639760201432,0.06439054728477098,final
deep_3x16,3,fc,0.5,1.775000,0.8474843577137441,0.0616981537598125,final
deep_3x16,3,fc,0.5,1.800000,0.852739504386549,0.059134369568493717,final
deep_3x16,3,fc,0.5,1.825000,0.8577537639451108,0.05669260980638358,final
deep_3x16,3,fc,0.5,1.850000,0.8625511133622358,0.05436662470009754,final
deep_3x16,3,fc,0.5,1.875000,0.8671545261252436,0.05215048501211195,final
deep_3x16,3,fc,0.5,1.900000,0.8715855488749541,0.050038567674637165,final
deep_3x16,3,fc,0.5,1.925000,0.8758640465247507,0.0480255417141179,final
deep_3x16,3,fc,0.5,1.950000,0.880008078202357,0.04610635451642435,final
deep_3x16,3,fc,0.5,1.975000,0.884033870941016,0.04427621847262877,final
deep_3x16,3,fc,0.5,2.000000,0.8879558632516434,0.042530598036290536,final
deep_3x16,3,fc,0.5,2.025000,0.8917867959151753,0.04086519721532707,final
deep_3x16,3,fc,0.5,2.050000,0.8955378321630918,0.03927594751474929,final
deep_3x16,3,fc,0.5,2.075000,0.8992186936602028,0.03775899634064951,final
deep_3x16,3,fc,0.5,2.100000,0.9028378022881415,0.03631069587080901,final
deep_3x16,3,fc,0.5,2.125000,0.9064024206530905,0.03492759239300612,final
deep_3x16,3,fc,0.5,2.150000,0.9099187865576486,0.033606416108520214,final
deep_3x16,3,fc,0.5,2.175000,0.913392238459781,0.032344071395319085,final
deep_3x16,3,fc,0.5,2.200000,0.9168273302753681,0.03113762752295615,final
deep_3x16,3,fc,0.5,2.225000,0.9202279348475855,0.029984309809202872,final
deep_3x16,3,fc,0.5,2.250000,0.9235973360817643,0.028881491206847024,final
deep_3x16,3,fc,0.5,2.275000,0.9269383101942216,0.027826684307850874,final
deep_3x16,3,fc,0.5,2.300000,0.9302531968031061,0.026817533751129878,final
deep_3x16,3,fc,0.5,2.325000,0.9335439607434672,0.025851809019539436,final
deep_3x16,3,fc,0.5,2.350000,0.9368122455533491,0.024927397611219253,final
deep_3x16,3,fc,0.5,2.375000,0.9400594195804435,0.024042298570184424,final
deep_3x16,3,fc,0.5,2.400000,0.9432866156208543,0.02319461636096361,final
deep_3x16,3,fc,0.5,2.425000,0.946494764938506,0.022382555072118837,final
deep_3x16,3,fc,0.5,2.450000,0.9496846264370707,0.021604412933645116,final
deep_3x16,3,fc,0.5,2.475000,0.9528568116740415,0.020858577133474034,final
deep_3x16,3,fc,0.5,2.500000,0.956011806324269,0.020143518918636836,final
deep_3x16,3,fc,0.5,2.525000,0.9591499886214322,0.019457788967005542,final
deep_3x16,3,fc,0.5,2.550000,0.9622716452327921,0.01880001301595232,final
deep_3x16,3,fc,0.5,2.575000,0.9653769849562606,0.018168887734721407,final
deep_3x16,3,fc,0.5,2.600000,0.9684661505698472,0.017563176827779654,final
deep_3x16,3,fc,0.5,2.625000,0.9715392291118432,0.016981707356906937,final
deep_3x16,3,fc,0.5,2.650000,0.9745962608253756,0.016423366270288828,final
deep_3x16,3,fc,0.5,2.675000,0.9776372469626852,0.01588709712737786,final
deep_3x16,3,fc,0.5,2.700000,0.9806621566120165,0.015371897008789036,final
deep_3x16,3,fc,0.5,2.725000,0.9836709326827522,0.014876813601008254,final
deep_3x16,3,fc,0.5,2.750000,0.9866634971616741,0.014400942446161183,final
deep_3x16,3,fc,0.5,2.775000,0.9896397557343792,0.01394342434758682,final
deep_3x16,3,fc,0.5,2.800000,0.9925996018504125,0.0135034429224213,final
deep_3x16,3,fc,0.5,2.825000,0.9955429202979555,0.013080222292847036,final
deep_3x16,3,fc,0.5,2.850000,0.9984695903436089,0.012673024908103358,final
deep_3x16,3,fc,0.5,2.875000,1.0013794884844005,0.012281149489774493,final
deep_3x16,3,fc,0.5,2.900000,1.0042724908523806,0.011903929093276212,final
deep_3x16,3,fc,0.5,2.925000,1.0071484753066942,0.0115407292788442,final
deep_3x16,3,fc,0.5,2.950000,1.0100073232435836,0.011190946385711102,final
deep_3x16,3,fc,0.5,2.975000,1.0128489211511902,0.010854005903492529,final
deep_3x16,3,fc,0.5,3.000000,1.0156731619331176,0.010529360935159847,final
deep_3x16,3,fc,0.5,3.025000,1.0184799460223155,0.010216490746280376,final
deep_3x16,3,fc,0.5,3.050000,1.0212691823048583,0.00991489939552285,final
deep_3x16,3,fc,0.5,3.075000,1.0240407888715422,0.00962411444170394,final
deep_3x16,3,fc,0.5,3.100000,1.0267946936137726,0.009343685722933544,final
deep_3x16,3,fc,0.5,3.125000,1.0295308346790022,0.009073184203666275,final
deep_3x16,3,fc,0.5,3.150000,1.0322491607998445,0.00881220088572273,final
deep_3x16,3,fc,0.5,3.175000,1.03494963151004,0.00856034577956125,final
deep_3x16,3,fc,0.5,3.200000,1.0376322172594923,0.008317246932311853,final
deep_3x16,3,fc,0.5,3.225000,1.0402968994397692,0.008082549509281826,final
deep_3x16,3,fc,0.5,3.250000,1.0429436703306527,0.007855914925840547,final
deep_3x16,3,fc,0.5,3.275000,1.0455725329775618,0.007637020026771776,final
deep_3x16,3,fc,0.5,3.300000,1.0481835010089362,0.007425556310355653,final
deep_3x16,3,fc,0.5,3.325000,1.0507765984019903,0.007221229194605152,final
deep_3x16,3,fc,0.5,3.350000,1.053351859204549,0.007023757323232783,final
deep_3x16,3,fc,0.5,3.375000,1.0559093272200661,0.0068328719090709365,final
deep_3x16,3,fc,0.5,3.400000,1.0584490556622872,0.006648316112797191,final
deep_3x16,3,fc,0.5,3.425000,1.0609711067854442,0.006469844454954951,final
deep_3x16,3,fc,0.5,3.450000,1.0634755514953154,0.006297222259364868,final
deep_3x16,3,fc,0.5,3.475000,1.0659624689459388,0.006130225126150202,final
deep_3x16,3,fc,0.5,3.500000,1.0684319461262872,0.005968638432691078,final
deep_3x16,3,fc,0.5,3.525000,1.0708840774407276,0.005812256860931846,final
deep_3x16,3,fc,0.5,3.550000,1.073318964286658,0.005660883949557558,final
deep_3x16,3,fc,0.5,3.575000,1.0757367146323022,0.005514331669634566,final
deep_3x16,3,fc,0.5,3.600000,1.0781374425972594,0.005372420022408773,final
deep_3x16,3,fc,0.5,3.625000,1.0805212680380647,0.0052349766580150085,final
deep_3x16,3,fc,0.5,3.650000,1.082888316140676,0.0051018365139386904,final
deep_3x16,3,fc,0.5,3.675000,1.0852387170215352,0.0049728414721276004,final
deep_3x16,3,fc,0.5,3.700000,1.0875726053385528,0.004847840033726076,final
deep_3x16,3,fc,0.5,3.725000,1.0898901199131477,0.004726687010453871,final
deep_3x16,3,fc,0.5,3.750000,1.0921914033642393,0.0046092432317188185,final
deep_3x16,3,fc,0.5,3.775000,1.0944766017548992,0.004495375266596954,final
deep_3x16,3,fc,0.5,3.800000,1.096745864252193,0.00438495515987154,final
deep_3x16,3,fc,0.5,3.825000,1.0989993428005906,0.004277860181360855,final
deep_3x16,3,fc,0.5,3.850000,1.1012371918091797,0.00417397258781929,final
deep_3x16,3,fc,0.5,3.875000,1.1034595678528125,0.004073179396726176,final
deep_3x16,3,fc,0.5,3.900000,1.1056666293871835,0.003975372171325868,final
deep_3x16,3,fc,0.5,3.925000,1.1078585364777906,0.003880446816315581,final
deep_3x16,3,fc,0.5,3.950000,1.110035450542599,0.0037883033836064225,final
deep_3x16,3,fc,0.5,3.975000,1.1121975341082255,0.0036988458876262074,final
deep_3x16,3,fc,0.5,4.000000,1.1143449505793444,0.0036119821296561735,final
deep_3x16,3,fc,0.5,4.025000,1.1164778640210251,0.0035276235307199755,final
deep_3x16,3,fc,0.5,4.050000,1.1185964389536325,0.003445684972579932,final
deep_3x16,3,fc,0.5,4.075000,1.1207008401599294,0.0033660846464103494,final
deep_3x16,3,fc,0.5,4.100000,1.122791232503968,0.0032887439087498005,final
deep_3x16,3,fc,0.5,4.125000,1.1248677807613552,0.0032135871443476484,final
deep_3x16,3,fc,0.5,4.150000,1.1269306494604765,0.003140541635555781,final
deep_3x16,3,fc,0.5,4.175000,1.128980002734226,0.003069537437917249,final
deep_3x16,3,fc,0.5,4.200000,1.131016004181822,0.003000507261639546,final
deep_3x16,3,fc,0.5,4.225000,1.1330388167402623,0.002933386358647509,final
deep_3x16,3,fc,0.5,4.250000,1.135048602564991,0.002868112414932197,final
deep_3x16,3,fc,0.5,4.275000,1.1370455229193512,0.0028046254479229715,final
deep_3x16,3,fc,0.5,4.300000,1.1390297380723913,0.002742867708632816,final
deep_3x16,3,fc,0.5,4.325000,1.1410014072046377,0.0026827835883323843,final
deep_3x16,3,fc,0.5,4.350000,1.1429606883214047,0.0026243195295232785,final
deep_3x16,3,fc,0.5,4.375000,1.1449077381732842,0.0025674239410017246,final
deep_3x16,3,fc,0.5,4.400000,1.1468427121834066,0.002512047116799274,final
deep_3x16,3,fc,0.5,4.425000,1.1487657643811335,0.0024581411588165073,final
deep_3x16,3,fc,0.5,4.450000,1.150677047341822,0.0024056599029599174,final
deep_3x16,3,fc,0.5,4.475000,1.1525767121323196,0.0023545588486135268,final
deep_3x16,3,fc,0.5,4.500000,1.1544649082618688,0.002304795091278237,final
deep_3x16,3,fc,0.5,4.525000,1.1563417836381162,0.0022563272582273074,final
deep_3x16,3,fc,0.5,4.550000,1.1582074845279156,0.002209115447027629,final
deep_3x16,3,fc,0.5,4.575000,1.1600621555226576,0.002163121166787322,final
deep_3x16,3,fc,0.5,4.600000,1.1619059395078355,0.0021183072820026927,final
deep_3x16,3,fc,0.5,4.625000,1.1637389776366074,0.0020746379588730468,final
deep_3x16,3,fc,0.5,4.650000,1.165561409307093,0.002032078613968704,final
deep_3x16,3,fc,0.5,4.675000,1.1673733721431794,0.0019905958651390177,final
deep_3x16,3,fc,0.5,4.700000,1.1691750019786131,0.0019501574845522565,final
deep_3x16,3,fc,0.5,4.725000,1.1709664328441598,0.0019107323537686412,final
deep_3x16,3,fc,0.5,4.750000,1.1727477969576372,0.0018722904207485434,final
deep_3x16,3,fc,0.5,4.775000,1.1745192247166307,0.0018348026587054643,final
deep_3x16,3,fc,0.5,4.800000,1.1762808446937103,0.0017982410267173958,final
deep_3x16,3,fc,0.5,4.825000,1.1780327836339715,0.001762578432014152,final
deep_3x16,3,fc,0.5,4.850000,1.179775166454751,0.0017277886938635106,final
deep_3x16,3,fc,0.5,4.875000,1.1815081162473522,0.0016938465089809934,final
deep_3x16,3,fc,0.5,4.900000,1.1832317542806496,0.0016607274183924714,final
deep_3x16,3,fc,0.5,4.925000,1.184946200006415,0.001628407775686919,final
deep_3x16,3,fc,0.5,4.950000,1.1866515710662586,0.001596864716589041,final
deep_3x16,3,fc,0.5,4.975000,1.1883479833000532,0.0015660761297978003,final
deep_3x16,3,fc,0.5,5.000000,1.1900355507557172,0.001536020629028713,final
deep_3x16,3,fc,0.5,5.025000,1.1917143857002752,0.0015066775262095645,final
deep_3x16,3,fc,0.5,5.050000,1.1933845986320584,0.0014780268057724868,final
deep_3x16,3,fc,0.5,5.075000,1.1950462982939771,0.0014500490999996532,final
deep_3x16,3,fc,0.5,5.100000,1.1966995916877698,0.0014227256653687938,final
deep_3x16,3,fc,0.5,5.125000,1.1983445840891274,0.0013960383598590484,final
deep_3x16,3,fc,0.5,5.150000,1.1999813790636333,0.0013699696211715122,final
deep_3x16,3,fc,0.5,5.175000,1.2016100784834278,0.001344502445826072,final
deep_3x16,3,fc,0.5,5.200000,1.203230782544542,0.001319620369094148,final
deep_3x16,3,fc,0.5,5.225000,1.2048435897848155,0.0012953074457320137,final
deep_3x16,3,fc,0.5,5.250000,1.2064485971023589,0.0012715482314793827,final
deep_3x16,3,fc,0.5,5.275000,1.2080458997744739,0.0012483277652897444,final
deep_3x16,3,fc,0.5,5.300000,1.2096355914770074,0.0012256315522594916,final
deep_3x16,3,fc,0.5,5.325000,1.2112177643040647,0.0012034455472299352,final
deep_3x16,3,fc,0.5,5.350000,1.212792508788041,0.0011817561390265222,final
deep_3x16,3,fc,0.5,5.375000,1.2143599139199313,0.0011605501353155188,final
deep_3x16,3,fc,0.5,5.400000,1.215920067169873,0.0011398147480441024,final
deep_3x16,3,fc,0.5,5.425000,1.217473054507874,0.0011195375794464772,final
deep_3x16,3,fc,0.5,5.450000,1.2190189604247064,0.0010997066085859438,final
deep_3x16,3,fc,0.5,5.475000,1.2205578679529139,0.0010803101784139062,final
deep_3x16,3,fc,0.5,5.500000,1.222089858687914,0.0010613369833224516,final
deep_3x16,3,fc,0.5,5.525000,1.2236150128091574,0.0010427760571714813,final
deep_3x16,3,fc,0.5,5.550000,1.2251334091013224,0.0010246167617677558,final
deep_3x16,3,fc,0.5,5.575000,1.2266451249755144,0.001006848775780092,final
deep_3x16,3,fc,0.5,5.600000,1.2281502364904449,0.0009894620840704305,final
deep_3x16,3,fc,0.5,5.625000,1.2296488183735776,0.000972446967424831,final
deep_3x16,3,fc,0.5,5.650000,1.2311409440422092,0.0009557939926686374,final
deep_3x16,3,fc,0.5,5.675000,1.232626685624473,0.0009394940031462534,final
deep_3x16,3,fc,0.5,5.700000,1.234106113980246,0.0009235381095562882,final
deep_3x16,3,fc,0.5,5.725000,1.2355792987219436,0.0009079176811237815,final
deep_3x16,3,fc,0.5,5.750000,1.2370463082351855,0.0008926243370957384,final
deep_3x16,3,fc,0.5,5.775000,1.238507209699318,0.000877649938550017,final
deep_3x16,3,fc,0.5,5.800000,1.239962069107791,0.0008629865805003556,final
deep_3x16,3,fc,0.5,5.825000,1.241410951288359,0.0008486265842915688,final
deep_3x16,3,fc,0.5,5.850000,1.2428539199231132,0.0008345624902662513,final
deep_3x16,3,fc,0.5,5.875000,1.2442910375683258,0.0008207870506999125,final
deep_3x16,3,fc,0.5,5.900000,1.2457223656741003,0.0008072932229858862,final
deep_3x16,3,fc,0.5,5.925000,1.2471479646038204,0.0007940741630678401,final
deep_3x16,3,fc,0.5,5.950000,1.2485678936533897,0.0007811232191043099,final
deep_3x16,3,fc,0.5,5.975000,1.2499822110702585,0.0007684339253583744,final
deep_3x16,3,fc,0.5,6.000000,1.2513909740722249,0.0007559999963054072,final
deep_3x16,3,fc,2,0.000000,1.0,0.9999979292399579,final
deep_3x16,3,fc,2,0.025000,0.9995016392047623,0.9992961010731113,final
deep_3x16,3,fc,2,0.050000,0.998009383398982,0.9971948653968338,final
deep_3x16,3,fc,2,0.075000,0.9955324517116834,0.9937069079517921,final
deep_3x16,3,fc,2,0.100000,0.9920876751836305,0.9888531709729896,final
deep_3x16,3,fc,2,0.125000,0.9877005597497218,0.9826625583062567,final
deep_3x16,3,fc,2,0.150000,0.9824061529074037,0.9751715344708285,final
deep_3x16,3,fc,2,0.175000,0.9762497022092937,0.9664236288215278,final
deep_3x16,3,fc,2,0.200000,0.9692870956512103,0.95646885815437,final
deep_3x16,3,fc,2,0.225000,0.961585075997455,0.9453630826547406,final
deep_3x16,3,fc,2,0.250000,0.9532212254109895,0.9331673109752425,final
deep_3x16,3,fc,2,0.275000,0.9442837259471721,0.919946970463837,final
deep_3x16,3,fc,2,0.300000,0.9348709169643682,0.9057711581949571,final
deep_3x16,3,fc,2,0.325000,0.9250906909940613,0.890711887570984,final
deep_3x16,3,fc,2,0.350000,0.9150597895621148,0.8748433439638938,final
deep_3x16,3,fc,2,0.375000,0.9049030697250441,0.8582411612720591,final
deep_3x16,3,fc,2,0.400000,0.8947527975884492,0.8409817294902436,final
deep_3x16,3,fc,2,0.425000,0.8847479748970064,0.8231415415386202,final
deep_3x16,3,fc,2,0.450000,0.8750336143252779,0.8047965857616002,final
deep_3x16,3,fc,2,0.475000,0.8657597574398072,0.7860217887637229,final
deep_3x16,3,fc,2,0.500000,0.8570799030700618,0.7668905116525188,final
deep_3x16,3,fc,2,0.525000,0.8491484257116916,0.7474741013425734,final
deep_3x16,3,fc,2,0.550000,0.8421165640863019,0.72784149735908,final
deep_3x16,3,fc,2,0.575000,0.8361266932190919,0.7080588935663934,final
deep_3x16,3,fc,2,0.600000,0.8313048800400868,0.6881894534295714,final
deep_3x16,3,fc,2,0.625000,0.8277521437507384,0.668293076778535,final
deep_3x16,3,fc,2,0.650000,0.8255353289752428,0.6484262155643347,final
deep_3x16,3,fc,2,0.675000,0.8246789329709527,0.6286417357517053,final
deep_3x16,3,fc,2,0.700000,0.825159457946566,0.6089888222581751,final
deep_3x16,3,fc,2,0.725000,0.8269037488397888,0.589512923705394,final
deep_3x16,3,fc,2,0.750000,0.829792263575976,0.570255733673549,final
deep_3x16,3,fc,2,0.775000,0.8336673726742614,0.551255205128223,final
deep_3x16,3,fc,2,0.800000,0.8383457991869593,0.5325455947076924,final
deep_3x16,3,fc,2,0.825000,0.8436334658895064,0.5141575336073486,final
deep_3x16,3,fc,2,0.850000,0.8493405628371623,0.49611812186950627,final
deep_3x16,3,fc,2,0.875000,0.8552947052865782,0.4784510429764151,final
deep_3x16,3,fc,2,0.900000,0.8613505715024395,0.4611766957488485,final
deep_3x16,3,fc,2,0.925000,0.8673952096427894,0.4443123406704296,final
deep_3x16,3,fc,2,0.950000,0.8733490478857696,0.4278722578879763,final
deep_3x16,3,fc,2,0.975000,0.8791633297021695,0.4118679142800541,final
deep_3x16,3,fc,2,1.000000,0.8848151088882894,0.39630813713912205,final
deep_3x16,3,fc,2,1.025000,0.8903010537275775,0.38119929217645976,final
deep_3x16,3,fc,2,1.050000,0.8956311770991321,0.3665454637324295,final
deep_3x16,3,fc,2,1.075000,0.9008233193045506,0.35234863525610427,final
deep_3x16,3,fc,2,1.100000,0.905898859395324,0.3386088683060421,final
deep_3x16,3,fc,2,1.125000,0.9108797995377322,0.325324478515772,final
deep_3x16,3,fc,2,1.150000,0.9157871089354165,0.31249220716094483,final
deep_3x16,3,fc,2,1.175000,0.920640053287513,0.3001073871574854,final
deep_3x16,3,fc,2,1.200000,0.9254561719143066,0.28816410250883695,final
deep_3x16,3,fc,2,1.225000,0.9302515793062329,0.27665534040303363,final
deep_3x16,3,fc,2,1.250000,0.9350413338453956,0.2655731353345545,final
deep_3x16,3,fc,2,1.275000,0.9398397056012441,0.2549087047897165,final
deep_3x16,3,fc,2,1.300000,0.9446602638145306,0.24465257618608027,final
deep_3x16,3,fc,2,1.325000,0.9495157770731636,0.234794704894746,final
deep_3x16,3,fc,2,1.350000,0.9544179676687976,0.22532458329861285,final
deep_3x16,3,fc,2,1.375000,0.9593771856228601,0.21623134094921204,final
deep_3x16,3,fc,2,1.400000,0.9644020715025653,0.2075038359795181,final
deep_3x16,3,fc,2,1.425000,0.9694992667723626,0.199130738010403,final
deep_3x16,3,fc,2,1.450000,0.9746732126329174,0.19110060285465802,final
deep_3x16,3,fc,2,1.475000,0.9799260586005197,0.18340193937552854,final
deep_3x16,3,fc,2,1.500000,0.9852576843193208,0.17602326889740094,final
deep_3x16,3,fc,2,1.525000,0.9906658244121043,0.16895317759573308,final
deep_3x16,3,fc,2,1.550000,0.9961462772796903,0.16218036231265762,final
deep_3x16,3,fc,2,1.575000,1.001693174382116,0.15569367025510647,final
deep_3x16,3,fc,2,1.600000,1.007299285839982,0.14948213303498506,final
deep_3x16,3,fc,2,1.625000,1.01295634012783,0.1435349955070108,final
deep_3x16,3,fc,2,1.650000,1.0186553391609123,0.13784173985045117,final
deep_3x16,3,fc,2,1.675000,1.0243868543299606,0.13239210532712925,final
deep_3x16,3,fc,2,1.700000,1.0301412933606802,0.12717610413072902,final
deep_3x16,3,fc,2,1.725000,1.03590913183043,0.12218403372238908,final
deep_3x16,3,fc,2,1.750000,1.0416811065194096,0.11740648602565415,final
deep_3x16,3,fc,2,1.775000,1.0474483704106718,0.11283435383068481,final
deep_3x16,3,fc,2,1.800000,1.0532026110883619,0.1084588347337509,final
deep_3x16,3,fc,2,1.825000,1.0589361355862597,0.1042714329139894,final
deep_3x16,3,fc,2,1.850000,1.0646419255105601,0.10026395902552457,final
deep_3x16,3,fc,2,1.875000,1.0703136666135582,0.09642852845968962,final
deep_3x16,3,fc,2,1.900000,1.0759457570353697,0.09275755820948363,final
deep_3x16,3,fc,2,1.925000,1.0815332982533052,0.08924376254675773,final
deep_3x16,3,fc,2,1.950000,1.0870720724608003,0.08588014770206033,final
deep_3x16,3,fc,2,1.975000,1.0925585097008677,0.08266000571771653,final
deep_3x16,3,fc,2,2.000000,1.0979896476484088,0.07957690762659296,final
deep_3x16,3,fc,2,2.025000,1.1033630865033954,0.07662469609216203,final
deep_3x16,3,fc,2,2.050000,1.1086769410444688,0.0737974776299044,final
deep_3x16,3,fc,2,2.075000,1.11392979151281,0.07108961451578498,final
deep_3x16,3,fc,2,2.100000,1.1191206346562037,0.06849571647443305,final
deep_3x16,3,fc,2,2.125000,1.1242488359655605,0.06601063222774378,final
deep_3x16,3,fc,2,2.150000,1.1293140838803841,0.06362944097380911,final
deep_3x16,3,fc,2,2.175000,1.1343163465235269,0.06134744385632948,final
deep_3x16,3,fc,2,2.200000,1.139255831345735,0.05916015547589158,final
deep_3x16,3,fc,2,2.225000,1.1441329479131301,0.05706329548664664,final
deep_3x16,3,fc,2,2.250000,1.1489482739518884,0.05505278031492643,final
deep_3x16,3,fc,2,2.275000,1.1537025246701598,0.05312471503010885,final
deep_3x16,3,fc,2,2.300000,1.1583965253040416,0.0512753853925513,final
deep_3x16,3,fc,2,2.325000,1.1630311867788976,0.049501250098557395,final
deep_3x16,3,fc,2,2.350000,1.1676074843366295,0.047798933238089425,final
deep_3x16,3,fc,2,2.375000,1.1721264389509614,0.046165216977224074,final
deep_3x16,3,fc,2,2.400000,1.1765891013342866,0.044597034474109544,final
deep_3x16,3,fc,2,2.425000,1.1809965383291547,0.04309146303439602,final
deep_3x16,3,fc,2,2.450000,1.1853498214734248,0.04164571750968536,final
deep_3x16,3,fc,2,2.475000,1.1896500175291447,0.040257143940502574,final
deep_3x16,3,fc,2,2.500000,1.1938981807701325,0.038923213443524764,final
deep_3x16,3,fc,2,2.525000,1.1980953468310904,0.03764151634132921,final
deep_3x16,3,fc,2,2.550000,1.2022425279310893,0.036409756531684365,final
deep_3x16,3,fc,2,2.575000,1.2063407092957434,0.03522574609238472,final
deep_3x16,3,fc,2,2.600000,1.2103908466148348,0.034087400116785065,final
deep_3x16,3,fc,2,2.625000,1.2143938643850933,0.03299273177452561,final
deep_3x16,3,fc,2,2.650000,1.218350655000964,0.03193984759139919,final
deep_3x16,3,fc,2,2.675000,1.222262078469193,0.030926942941904803,final
deep_3x16,3,fc,2,2.700000,1.2261289626357659,0.029952297747731768,final
deep_3x16,3,fc,2,2.725000,1.2299521038259198,0.02901427237521226,final
deep_3x16,3,fc,2,2.750000,1.2337322678095533,0.02811130372463498,final
deep_3x16,3,fc,2,2.775000,1.237470191015269,0.027241901504269916,final
deep_3x16,3,fc,2,2.800000,1.2411665819264164,0.026404644681927984,final
deep_3x16,3,fc,2,2.825000,1.244822122601915,0.025598178106928483,final
deep_3x16,3,fc,2,2.850000,1.2484374702731833,0.024821209295431242,final
deep_3x16,3,fc,2,2.875000,1.2520132589763247,0.024072505372191445,final
deep_3x16,3,fc,2,2.900000,1.255550101185739,0.023350890161948933,final
deep_3x16,3,fc,2,2.925000,1.2590485894215988,0.022655241423814636,final
deep_3x16,3,fc,2,2.950000,1.2625092978092183,0.02198448822219974,final
deep_3x16,3,fc,2,2.975000,1.265932783573229,0.021337608428025324,final
deep_3x16,3,fc,2,3.000000,1.2693195884537474,0.020713626344142904,final
deep_3x16,3,fc,2,3.025000,1.2726702400354153,0.020111610449121096,final
deep_3x16,3,fc,2,3.050000,1.2759852529833384,0.019530671253741985,final
deep_3x16,3,fc,2,3.075000,1.2792651301826308,0.018969959264783273,final
deep_3x16,3,fc,2,3.100000,1.282510363780463,0.01842866305087054,final
deep_3x16,3,fc,2,3.125000,1.2857214361313845,0.01790600740538857,final
deep_3x16,3,fc,2,3.150000,1.288898820648124,0.01740125160166688,final
deep_3x16,3,fc,2,3.175000,1.2920429825612587,0.01691368773584563,final
deep_3x16,3,fc,2,3.200000,1.2951543795920288,0.016442639153041987,final
deep_3x16,3,fc,2,3.225000,1.2982334625432232,0.015987458952627043,final
deep_3x16,3,fc,2,3.250000,1.3012806758135134,0.01554752856862642,final
deep_3x16,3,fc,2,3.275000,1.304296457840899,0.015122256421425359,final
deep_3x16,3,fc,2,3.300000,1.3072812414810526,0.014711076637163482,final
deep_3x16,3,fc,2,3.325000,1.3102354543263617,0.014313447831357885,final
deep_3x16,3,fc,2,3.350000,1.3131595189714045,0.013928851953473702,final
deep_3x16,3,fc,2,3.375000,1.3160538532304027,0.013556793189317143,final
deep_3x16,3,fc,2,3.400000,1.3189188703119912,0.013196796918281035,final
deep_3x16,3,fc,2,3.425000,1.3217549789563816,0.012848408722622606,final
deep_3x16,3,fc,2,3.450000,1.3245625835396742,0.012511193446095005,final
deep_3x16,3,fc,2,3.475000,1.3273420841497834,0.012184734299390572,final
deep_3x16,3,fc,2,3.500000,1.3300938766380672,0.011868632009980432,final
deep_3x16,3,fc,2,3.525000,1.332818352650458,0.011562504014061415,final
deep_3x16,3,fc,2,3.550000,1.3355158996415202,0.011265983688439207,final
deep_3x16,3,fc,2,3.575000,1.3381869008745542,0.010978719620289117,final
deep_3x16,3,fc,2,3.600000,1.3408317354105275,0.010700374912838966,final
deep_3x16,3,fc,2,3.625000,1.3434507780883422,0.010430626525124654,final
deep_3x16,3,fc,2,3.650000,1.346044399498617,0.010169164644067214,final
deep_3x16,3,fc,2,3.675000,1.3486129659529378,0.00991569208720407,final
deep_3x16,3,fc,2,3.700000,1.3511568394502433,0.009669923734501585,final
deep_3x16,3,fc,2,3.725000,1.3536763776418101,0.009431585987756015,final
deep_3x16,3,fc,2,3.750000,1.3561719337960607,0.009200416256170275,final
deep_3x16,3,fc,2,3.775000,1.3586438567642543,0.008976162466764602,final
deep_3x16,3,fc,2,3.800000,1.3610924909479254,0.008758582598353621,final
deep_3x16,3,fc,2,3.825000,1.3635181762687796,0.00854744423788731,final
deep_3x16,3,fc,2,3.850000,1.3659212481416336,0.008342524158018077,final
deep_3x16,3,fc,2,3.875000,1.3683020374508328,0.008143607914814084,final
deep_3x16,3,fc,2,3.900000,1.3706608705305026,0.007950489464597189,final
deep_3x16,3,fc,2,3.925000,1.3729980691488677,0.007762970798941056,final
deep_3x16,3,fc,2,3.950000,1.3753139504968055,0.007580861596905375,final
deep_3x16,3,fc,2,3.975000,1.37760882718072,0.007403978893646075,final
deep_3x16,3,fc,2,4.000000,1.3798830072197732,0.0072321467645740005,final
deep_3x16,3,fc,2,4.025000,1.382136794047436,0.0070651960242810626,final
deep_3x16,3,fc,2,4.050000,1.3843704865173099,0.00690296393950086,final
deep_3x16,3,fc,2,4.075000,1.3865843789131056,0.006745293955398438,final
deep_3x16,3,fc,2,4.100000,1.388778760962647,0.00659203543452906,final
deep_3x16,3,fc,2,4.125000,1.3909539178557597,0.0064430434078363,final
deep_3x16,3,fc,2,4.150000,1.393110130265856,0.006298178337093973,final
deep_3x16,3,fc,2,4.175000,1.3952476743750402,0.006157305888229191,final
deep_3x16,3,fc,2,4.200000,1.397366821902537,0.006020296714986096,final
deep_3x16,3,fc,2,4.225000,1.3994678401362475,0.005887026252428785,final
deep_3x16,3,fc,2,4.250000,1.4015509919672162,0.005757374519800969,final
deep_3x16,3,fc,2,4.275000,1.403616535926822,0.005631225932281169,final
deep_3x16,3,fc,2,4.300000,1.4056647262264674,0.005508469121209777,final
deep_3x16,3,fc,2,4.325000,1.4076958127995969,0.005388996762367058,final
deep_3x16,3,fc,2,4.350000,1.4097100413458052,0.005272705411922309,final
deep_3x16,3,fc,2,4.375000,1.4117076533768906,0.005159495349679465,final
deep_3x16,3,fc,2,4.400000,1.4136888862646297,0.005049270429270179,final
deep_3x16,3,fc,2,4.425000,1.4156539732901245,0.004941937934961711,final
deep_3x16,3,fc,2,4.450000,1.4176031436945313,0.004837408444764286,final
deep_3x16,3,fc,2,4.475000,1.4195366227310193,0.004735595699538422,final
deep_3x16,3,fc,2,4.500000,1.4214546317178014,0.00463641647781682,final
deep_3x16,3,fc,2,4.525000,1.4233573880920896,0.004539790476073858,final
deep_3x16,3,fc,2,4.550000,1.425245105464836,0.0044456401941804025,final
deep_3x16,3,fc,2,4.575000,1.4271179936761327,0.0043538908258078015,final
deep_3x16,3,fc,2,4.600000,1.4289762588511388,0.004264470153542824,final
deep_3x16,3,fc,2,4.625000,1.4308201034564285,0.004177308448501121,final
deep_3x16,3,fc,2,4.650000,1.432649726356649,0.00409233837422035,final
deep_3x16,3,fc,2,4.675000,1.434465322871383,0.004009494894645649,final
deep_3x16,3,fc,2,4.700000,1.4362670848321335,0.003928715186011864,final
deep_3x16,3,fc,2,4.725000,1.4380552006393283,0.003849938552444208,final
deep_3x16,3,fc,2,4.750000,1.4398298553192794,0.0037731063451085585,final
deep_3x16,3,fc,2,4.775000,1.4415912305810124,0.003698161884748136,final
deep_3x16,3,fc,2,4.800000,1.443339504872901,0.0036250503874534,final
deep_3x16,3,fc,2,4.825000,1.4450748534390452,0.0035537188935180495,final
deep_3x16,3,fc,2,4.850000,1.4467974483753305,0.0034841161992384935,final
deep_3x16,3,fc,2,4.875000,1.4485074586851214,0.003416192791532784,final
deep_3x16,3,fc,2,4.900000,1.4502050503345356,0.003349900785240403,final
deep_3x16,3,fc,2,4.925000,1.4518903863072568,0.0032851938629953315,final
deep_3x16,3,fc,2,4.950000,1.4535636266588516,0.0032220272175482114,final
deep_3x16,3,fc,2,4.975000,1.4552249285705448,0.003160357496432501,final
deep_3x16,3,fc,2,5.000000,1.456874446402429,0.0031001427488730796,final
deep_3x16,3,fc,2,5.025000,1.458512331746075,0.0030413423748346722,final
deep_3x16,3,fc,2,5.050000,1.4601387334765248,0.0029839170761159985,final
deep_3x16,3,fc,2,5.075000,1.4617537978036315,0.0029278288094051505,final
deep_3x16,3,fc,2,5.100000,1.4633576683227403,0.0028730407412039653,final
deep_3x16,3,fc,2,5.125000,1.4649504860646854,0.0028195172045440277,final
deep_3x16,3,fc,2,5.150000,1.466532389545087,0.002767223657416334,final
deep_3x16,3,fc,2,5.175000,1.4681035148129458,0.002716126642840039,final
deep_3x16,3,fc,2,5.200000,1.4696639954985065,0.0026661937504989823,final
deep_3x16,3,fc,2,5.225000,1.4712139628604017,0.0026173935798797948,final
deep_3x16,3,fc,2,5.250000,1.4727535458320584,0.00256969570484818,final
deep_3x16,3,fc,2,5.275000,1.4742828710673577,0.002523070639600119,final
deep_3x16,3,fc,2,5.300000,1.475802062985557,0.002477489805931105,final
deep_3x16,3,fc,2,5.325000,1.4773112438154623,0.0024329255017677574,final
deep_3x16,3,fc,2,5.350000,1.4788105336388524,0.002389350870906149,final
deep_3x16,3,fc,2,5.375000,1.480300050433156,0.0023467398739123713,final
deep_3x16,3,fc,2,5.400000,1.4817799101133828,0.002305067260127343,final
deep_3x16,3,fc,2,5.425000,1.4832502265733092,0.0022643085407395933,final
deep_3x16,3,fc,2,5.450000,1.484711111725925,0.0022244399628739303,final
deep_3x16,3,fc,2,5.475000,1.4861626755431416,0.002185438484659717,final
deep_3x16,3,fc,2,5.500000,1.4876050260947684,0.002147281751233332,final
deep_3x16,3,fc,2,5.525000,1.4890382695867632,0.00210994807163994,final
deep_3x16,3,fc,2,5.550000,1.49046251039876,0.002073416396598594,final
deep_3x16,3,fc,2,5.575000,1.4918778511208872,0.002037666297088671,final
deep_3x16,3,fc,2,5.600000,1.493284392589871,0.002002677943734377,final
deep_3x16,3,fc,2,5.625000,1.494682233924448,0.0019684320869470203,final
deep_3x16,3,fc,2,5.650000,1.496071472560081,0.001934910037795905,final
deep_3x16,3,fc,2,5.675000,1.4974522042829943,0.0019020936495821128,final
deep_3x16,3,fc,2,5.700000,1.4988245232635324,0.0018699653000843219,final
deep_3x16,3,fc,2,5.725000,1.5001885220888536,0.0018385078744475162,final
deep_3x16,3,fc,2,5.750000,1.5015442917949713,0.001807704748695522,final
deep_3x16,3,fc,2,5.775000,1.5028919218981402,0.0017775397738341902,final
deep_3x16,3,fc,2,5.800000,1.5042315004256144,0.0017479972605298807,final
deep_3x16,3,fc,2,5.825000,1.5055631139457675,0.0017190619643353434,final
deep_3x16,3,fc,2,5.850000,1.5068868475976056,0.0016907190714431513,final
deep_3x16,3,fc,2,5.875000,1.508202785119662,0.0016629541849460688,final
deep_3x16,3,fc,2,5.900000,1.509511008878302,0.0016357533115849763,final
deep_3x16,3,fc,2,5.925000,1.510811599895431,0.0016091028489635777,final
deep_3x16,3,fc,2,5.950000,1.5121046378756342,0.0015829895732162476,final
deep_3x16,3,fc,2,5.975000,1.5133902012327387,0.0015574006271040614,final
deep_3x16,3,fc,2,6.000000,1.5146683671158239,0.0015323235085293945,final
deep_3x16,3,fc,5,0.000000,1.0,0.9999990149527557,final
deep_3x16,3,fc,5,0.025000,0.9995130543868881,0.9995535545956326,final
deep_3x16,3,fc,5,0.050000,0.9980548217715606,0.9982182550348954,final
deep_3x16,3,fc,5,0.075000,0.9956334848203957,0.9959963639857915,final
deep_3x16,3,fc,5,0.100000,0.9922634098705185,0.9928933046151531,final
deep_3x16,3,fc,5,0.125000,0.9879656709208845,0.988916689954814,final
deep_3x16,3,fc,5,0.150000,0.9827684817704982,0.9840763410260884,final
deep_3x16,3,fc,5,0.175000,0.9767075416781463,0.9783843067201043,final
deep_3x16,3,fc,5,0.200000,0.9698263012911619,0.9718548830579382,final
deep_3x16,3,fc,5,0.225000,0.9621761552285343,0.9645046291303571,final
deep_3x16,3,fc,5,0.250000,0.9538165659554022,0.95635237680383,final
deep_3x16,3,fc,5,0.275000,0.9448151206325294,0.9474192311874634,final
deep_3x16,3,fc,5,0.300000,0.9352475182744493,0.9377285588901255,final
deep_3x16,3,fc,5,0.325000,0.9251974780712314,0.9273059612587633,final
deep_3x16,3,fc,5,0.350000,0.914756549847838,0.9161792300730569,final
deep_3x16,3,fc,5,0.375000,0.9040237928662062,0.904378283568314,final
deep_3x16,3,fc,5,0.400000,0.8931052685975618,0.8919350811532322,final
deep_3x16,3,fc,5,0.425000,0.8821132675507993,0.8788835157629997,final
deep_3x16,3,fc,5,0.450000,0.8711651637080694,0.8652592834188174,final
deep_3x16,3,fc,5,0.475000,0.8603817706514176,0.8510997302275789,final
deep_3x16,3,fc,5,0.500000,0.8498850730037439,0.8364436777241008,final
deep_3x16,3,fc,5,0.525000,0.8397952390505017,0.8213312281068833,final
deep_3x16,3,fc,5,0.550000,0.8302268965131591,0.8058035515220902,final
deep_3x16,3,fc,5,0.575000,0.8212847762287421,0.789902658086808,final
deep_3x16,3,fc,5,0.600000,0.8130589869333912,0.7736711577926741,final
deep_3x16,3,fc,5,0.625000,0.8056203510057128,0.7571520117798487,final
deep_3x16,3,fc,5,0.650000,0.7990163647467864,0.7403882787090609,final
deep_3x16,3,fc,5,0.675000,0.7932684016914923,0.7234228600810844,final
deep_3x16,3,fc,5,0.700000,0.788370716767872,0.7062982483585597,final
deep_3x16,3,fc,5,0.725000,0.7842916197507928,0.6890562816393245,final
deep_3x16,3,fc,5,0.750000,0.7809768889923885,0.6717379084223036,final
deep_3x16,3,fc,5,0.775000,0.7783551455058441,0.6543829657089731,final
deep_3x16,3,fc,5,0.800000,0.7763445802526299,0.6370299733105577,final
deep_3x16,3,fc,5,0.825000,0.7748602022227327,0.6197159468002725,final
deep_3x16,3,fc,5,0.850000,0.7738207068696832,0.6024762310788355,final
deep_3x16,3,fc,5,0.875000,0.7731541680169913,0.5853443560278541,final
deep_3x16,3,fc,5,0.900000,0.7728020006701087,0.5683519152265687,final
deep_3x16,3,fc,5,0.925000,0.7727209624160568,0.5515284682184035,final
deep_3x16,3,fc,5,0.950000,0.772883280143795,0.5349014663486072,final
deep_3x16,3,fc,5,0.975000,0.7732752405786839,0.5184962017644935,final
deep_3x16,3,fc,5,1.000000,0.7738947289104362,0.5023357787844921,final
deep_3x16,3,fc,5,1.025000,0.7747482332975753,0.4864411065080455,final
deep_3x16,3,fc,5,1.050000,0.7758477746322215,0.4708309112594444,final
deep_3x16,3,fc,5,1.075000,0.7772081058197251,0.45552176723692184,final
deep_3x16,3,fc,5,1.100000,0.7788443902427294,0.44052814357346226,final
deep_3x16,3,fc,5,1.125000,0.7807704449811884,0.42586246590588206,final
deep_3x16,3,fc,5,1.150000,0.7829975388662926,0.41153519049035014,final
deep_3x16,3,fc,5,1.175000,0.7855336748560872,0.3975548888910253,final
deep_3x16,3,fc,5,1.200000,0.7883832578871083,0.38392834129850273,final
deep_3x16,3,fc,5,1.225000,0.7915470455906534,0.370660636600358,final
deep_3x16,3,fc,5,1.250000,0.7950222908727648,0.3577552774211005,final
deep_3x16,3,fc,5,1.275000,0.7988030041034787,0.34521428846717805,final
deep_3x16,3,fc,5,1.300000,0.802880282489228,0.3330383266483743,final
deep_3x16,3,fc,5,1.325000,0.807242671492028,0.32122679159448314,final
deep_3x16,3,fc,5,1.350000,0.8118765363566494,0.30977793534049813,final
deep_3x16,3,fc,5,1.375000,0.8167664307976464,0.2986889701102368,final
deep_3x16,3,fc,5,1.400000,0.8218954553696928,0.2879561732835211,final
deep_3x16,3,fc,5,1.425000,0.8272456009832093,0.277574988782547,final
deep_3x16,3,fc,5,1.450000,0.8327980743888449,0.26754012425636026,final
deep_3x16,3,fc,5,1.475000,0.8385336029987521,0.25784564357642004,final
deep_3x16,3,fc,5,1.500000,0.8444327166553652,0.24848505427970202,final
deep_3x16,3,fc,5,1.525000,0.8504760041940587,0.2394513897077521,final
deep_3x16,3,fc,5,1.550000,0.8566443430025554,0.2307372856900662,final
deep_3x16,3,fc,5,1.575000,0.8629191002779665,0.2223350517080542,final
deep_3x16,3,fc,5,1.600000,0.8692823052854062,0.2142367365518528,final
deep_3x16,3,fc,5,1.625000,0.8757167925722228,0.20643418854680623,final
deep_3x16,3,fc,5,1.650000,0.8822063167313057,0.198919110480207,final
deep_3x16,3,fc,5,1.675000,0.8887356398891898,0.19168310940259609,final
deep_3x16,3,fc,5,1.700000,0.8952905935882012,0.1847177415124742,final
deep_3x16,3,fc,5,1.725000,0.901858117119528,0.17801455235952063,final
deep_3x16,3,fc,5,1.750000,0.9084262746407368,0.1715651126203154,final
deep_3x16,3,fc,5,1.775000,0.9149842535805335,0.16536104971299231,final
deep_3x16,3,fc,5,1.800000,0.9215223469052722,0.15939407552411586,final
deep_3x16,3,fc,5,1.825000,0.9280319218091151,0.1536560105231757,final
deep_3x16,3,fc,5,1.850000,0.934505377307662,0.14813880453823608,final
deep_3x16,3,fc,5,1.875000,0.9409360930786099,0.14283455446115373,final
deep_3x16,3,fc,5,1.900000,0.9473183717168796,0.13773551914301999,final
deep_3x16,3,fc,5,1.925000,0.9536473763689206,0.13283413173068498,final
deep_3x16,3,fc,5,1.950000,0.9599190654929957,0.12812300968388157,final
deep_3x16,3,fc,5,1.975000,0.9661301262687509,0.12359496270000238,final
deep_3x16,3,fc,5,2.000000,0.9722779079581846,0.11924299876040963,final
deep_3x16,3,fc,5,2.025000,0.9783603563071882,0.11506032849854929,final
deep_3x16,3,fc,5,2.050000,0.9843759498766351,0.11104036807640862,final
deep_3x16,3,fc,5,2.075000,0.9903236390076199,0.10717674074218457,final
deep_3x16,3,fc,5,2.100000,0.9962027879586566,0.10346327722860513,final
deep_3x16,3,fc,5,2.125000,1.0020131206044627,0.09989401513832925,final
deep_3x16,3,fc,5,2.150000,1.0077546699563313,0.09646319745030717,final
deep_3x16,3,fc,5,2.175000,1.0134277316527096,0.09316527026902503,final
deep_3x16,3,fc,5,2.200000,1.0190328214743862,0.08999487992723759,final
deep_3x16,3,fc,5,2.225000,1.0245706368605916,0.08694686954211561,final
deep_3x16,3,fc,5,2.250000,1.0300420223388091,0.0840162751147613,final
deep_3x16,3,fc,5,2.275000,1.0354479387308266,0.08119832125375193,final
deep_3x16,3,fc,5,2.300000,1.0407894359589263,0.07848841659474731,final
deep_3x16,3,fc,5,2.325000,1.046067629247714,0.07588214898026313,final
deep_3x16,3,fc,5,2.350000,1.0512836784975126,0.07337528045640314,final
deep_3x16,3,fc,5,2.375000,1.0564387705931335,0.0709637421366524,final
deep_3x16,3,fc,5,2.400000,1.0615341044060616,0.06864362897674837,final
deep_3x16,3,fc,5,2.425000,1.0665708782474839,0.06641119449909502,final
deep_3x16,3,fc,5,2.450000,1.0715502795332235,0.06426284550016602,final
deep_3x16,3,fc,5,2.475000,1.07647347642864,0.06219513676981234,final
deep_3x16,3,fc,5,2.500000,1.0813416112511394,0.060204765847302694,final
deep_3x16,3,fc,5,2.525000,1.0861557954194845,0.05828856783526772,final
deep_3x16,3,fc,5,2.550000,1.0909171057520333,0.05644351028943357,final
deep_3x16,3,fc,5,2.575000,1.0956265819298614,0.05466668819911841,final
deep_3x16,3,fc,5,2.600000,1.1002852249550665,0.05295531907085509,final
deep_3x16,3,fc,5,2.625000,1.1048939964490812,0.05130673812520908,final
deep_3x16,3,fc,5,2.650000,1.1094538186502303,0.04971839361481907,final
deep_3x16,3,fc,5,2.675000,1.1139655749838673,0.048187842269903004,final
deep_3x16,3,fc,5,2.700000,1.1184301110920378,0.046712744875897896,final
deep_3x16,3,fc,5,2.725000,1.1228482362225847,0.045290861986530255,final
deep_3x16,3,fc,5,2.750000,1.1272207248898924,0.04392004977442389,final
deep_3x16,3,fc,5,2.775000,1.1315483187309106,0.04259825602031256,final
deep_3x16,3,fc,5,2.800000,1.135831728490733,0.04132351624104625,final
deep_3x16,3,fc,5,2.825000,1.140071636081808,0.04009394995580804,final
deep_3x16,3,fc,5,2.850000,1.1442686966697388,0.03890775708931617,final
deep_3x16,3,fc,5,2.875000,1.1484235407467276,0.037763214510238105,final
deep_3x16,3,fc,5,2.900000,1.1525367761609409,0.036658672702594416,final
deep_3x16,3,fc,5,2.925000,1.1566089900765317,0.03559255256754023,final
deep_3x16,3,fc,5,2.950000,1.1606407508447478,0.034563342352615975,final
deep_3x16,3,fc,5,2.975000,1.1646326097715092,0.03356959470530945,final
deep_3x16,3,fc,5,3.000000,1.1685851027711913,0.03260992384757856,final
deep_3x16,3,fc,5,3.025000,1.1724987519000245,0.03168300286784069,final
deep_3x16,3,fc,5,3.050000,1.176374066765658,0.030787561126827977,final
deep_3x16,3,fc,5,3.075000,1.180211545812093,0.02992238177364323,final
deep_3x16,3,fc,5,3.100000,1.1840116774813079,0.02908629936830695,final
deep_3x16,3,fc,5,3.125000,1.1877749412546872,0.028278197607078143,final
deep_3x16,3,fc,5,3.150000,1.1915018085787303,0.02749700714683811,final
deep_3x16,3,fc,5,3.175000,1.195192743680587,0.02674170352486146,final
deep_3x16,3,fc,5,3.200000,1.1988482042797357,0.026011305170332698,final
deep_3x16,3,fc,5,3.225000,1.2024686422026742,0.025304871504035504,final
deep_3x16,3,fc,5,3.250000,1.2060545039078063,0.024621501122705596,final
deep_3x16,3,fc,5,3.275000,1.2096062309278706,0.02396033006461559,final
deep_3x16,3,fc,5,3.300000,1.2131242602372787,0.02332053015304608,final
deep_3x16,3,fc,5,3.325000,1.2166090245516088,0.022701307414390606,final
deep_3x16,3,fc,5,3.350000,1.2200609525662913,0.022101900567731217,final
deep_3x16,3,fc,5,3.375000,1.2234804691412773,0.02152157958282148,final
deep_3x16,3,fc,5,3.400000,1.2268679954381045,0.020959644303520642,final
deep_3x16,3,fc,5,3.425000,1.2302239490154339,0.020415423133807592,final
deep_3x16,3,fc,5,3.450000,1.233548743888715,0.019888271783622076,final
deep_3x16,3,fc,5,3.475000,1.2368427905592136,0.019377572071868618,final
deep_3x16,3,fc,5,3.500000,1.24010649601723,0.018882730784027312,final
deep_3x16,3,fc,5,3.525000,1.2433402637238946,0.01840317858190917,final
deep_3x16,3,fc,5,3.550000,1.2465444935755279,0.017938368963193514,final
deep_3x16,3,fc,5,3.575000,1.24971958185414,0.017487777268482583,final
deep_3x16,3,fc,5,3.600000,1.2528659211672732,0.017050899733695963,final
deep_3x16,3,fc,5,3.625000,1.2559839003800084,0.01662725258572584,final
deep_3x16,3,fc,5,3.650000,1.2590739045416393,0.01621637117935688,final
deep_3x16,3,fc,5,3.675000,1.2621363148091658,0.015817809173541454,final
deep_3x16,3,fc,5,3.700000,1.265171508369504,0.015431137745210538,final
deep_3x16,3,fc,5,3.725000,1.268179858361995,0.015055944838867765,final
deep_3x16,3,fc,5,3.750000,1.2711617338025796,0.014691834450308115,final
deep_3x16,3,fc,5,3.775000,1.2741174995107682,0.014338425942863312,final
deep_3x16,3,fc,5,3.800000,1.277047516040333,0.013995353394657682,final
deep_3x16,3,fc,5,3.825000,1.2799521396144675,0.013662264975421378,final
deep_3x16,3,fc,5,3.850000,1.2828317220660055,0.013338822351480577,final
deep_3x16,3,fc,5,3.875000,1.2856866107831375,0.0130247001176001,final
deep_3x16,3,fc,5,3.900000,1.2885171486609472,0.012719585254425991,final
deep_3x16,3,fc,5,3.925000,1.2913236740589789,0.012423176610320625,final
deep_3x16,3,fc,5,3.950000,1.2941065207649494,0.012135184406454037,final
deep_3x16,3,fc,5,3.975000,1.2968660179646427,0.011855329764055456,final
deep_3x16,3,fc,5,4.000000,1.29960249021796,0.011583344252793145,final
deep_3x16,3,fc,5,4.025000,1.302316257441022,0.011318969459285231,final
deep_3x16,3,fc,5,4.050000,1.3050076348942077,0.011061956574806305,final
deep_3x16,3,fc,5,4.075000,1.3076769331759348,0.010812066001288487,final
deep_3x16,3,fc,5,4.100000,1.3103244582219862,0.010569066974763647,final
deep_3x16,3,fc,5,4.125000,1.3129505113101543,0.010332737205431649,final
deep_3x16,3,fc,5,4.150000,1.3155553890699467,0.010102862533580738,final
deep_3x16,3,fc,5,4.175000,1.318139383497099,0.009879236600621332,final
deep_3x16,3,fc,5,4.200000,1.3207027819726211,0.009661660534531725,final
deep_3x16,3,fc,5,4.225000,1.3232458672861067,0.009449942649044966,final
deep_3x16,3,fc,5,4.250000,1.3257689176630256,0.009243898155941826,final
deep_3x16,3,fc,5,4.275000,1.328272206795729,0.00904334888984183,final
deep_3x16,3,fc,5,4.300000,1.3307560038778916,0.008848123044917012,final
deep_3x16,3,fc,5,4.325000,1.33322057364213,0.00865805492297805,final
deep_3x16,3,fc,5,4.350000,1.335666176400538,0.008472984692407837,final
deep_3x16,3,fc,5,4.375000,1.3380930680878793,0.008292758157448845,final
deep_3x16,3,fc,5,4.400000,1.3405015003072165,0.008117226537362866,final
deep_3x16,3,fc,5,4.425000,1.3428917203777149,0.007946246255021595,final
deep_3x16,3,fc,5,4.450000,1.345263971384431,0.007779678734485535,final
deep_3x16,3,fc,5,4.475000,1.3476184922298482,0.007617390207175521,final
deep_3x16,3,fc,5,4.500000,1.3499555176869737,0.00745925152623505,final
deep_3x16,3,fc,5,4.525000,1.3522752784538035,0.007305137988719207,final
deep_3x16,3,fc,5,4.550000,1.3545780012089714,0.007154929165255192,final
deep_3x16,3,fc,5,4.575000,1.356863908668421,0.007008508736834862,final
deep_3x16,3,fc,5,4.600000,1.3591332196429322,0.006865764338424728,final
deep_3x16,3,fc,5,4.625000,1.361386149096361,0.006726587409077422,final
deep_3x16,3,fc,5,4.650000,1.363622908204453,0.006590873048268464,final
deep_3x16,3,fc,5,4.675000,1.3658437044140967,0.0064585198781628465,final
deep_3x16,3,fc,5,4.700000,1.368048741502894,0.006329429911565912,final
deep_3x16,3,fc,5,4.725000,1.3702382196389458,0.006203508425289461,final
deep_3x16,3,fc,5,4.750000,1.3724123354407434,0.006080663838708088,final
deep_3x16,3,fc,5,4.775000,1.3745712820370615,0.005960807597265741,final
deep_3x16,3,fc,5,4.800000,1.3767152491267751,0.005843854060718774,final
deep_3x16,3,fc,5,4.825000,1.3788444230385186,0.005729720395912886,final
deep_3x16,3,fc,5,4.850000,1.3809589867901042,0.005618326473881569,final
deep_3x16,3,fc,5,4.875000,1.3830591201476345,0.0055095947710962845,final
deep_3x16,3,fc,5,4.900000,1.385144999684254,0.005403450274670497,final
deep_3x16,3,fc,5,4.925000,1.387216798838467,0.005299820391357137,final
deep_3x16,3,fc,5,4.950000,1.3892746879719868,0.00519863486017101,final
deep_3x16,3,fc,5,4.975000,1.3913188344270602,0.005099825668480255,final
deep_3x16,3,fc,5,5.000000,1.3933494025832212,0.005003326971419181,final
deep_3x16,3,fc,5,5.025000,1.395366553913448,0.004909075014477372,final
deep_3x16,3,fc,5,5.050000,1.3973704470396797,0.004817008059132411,final
deep_3x16,3,fc,5,5.075000,1.3993612377876663,0.004727066311396233,final
deep_3x16,3,fc,5,5.100000,1.4013390792411238,0.004639191853146637,final
deep_3x16,3,fc,5,5.125000,1.403304121795175,0.004553328576135116,final
deep_3x16,3,fc,5,5.150000,1.4052565132090495,0.004469422118547324,final
deep_3x16,3,fc,5,5.175000,1.4071963986580298,0.0043874198040178055,final
deep_3x16,3,fc,5,5.200000,1.4091239207846304,0.0043072705829917705,final
deep_3x16,3,fc,5,5.225000,1.4110392197489925,0.004228924976334929,final
deep_3x16,3,fc,5,5.250000,1.412942433278485,0.004152335021101629,final
deep_3x16,3,fc,5,5.275000,1.4148336967165112,0.004077454218365142,final
deep_3x16,3,fc,5,5.300000,1.4167131430705024,0.0040042374830345975,final
deep_3x16,3,fc,5,5.325000,1.4185809030591061,0.003932641095565119,final
deep_3x16,3,fc,5,5.350000,1.4204371051585583,0.003862622655491328,final
deep_3x16,3,fc,5,5.375000,1.422281875648242,0.0037941410367080836,final
deep_3x16,3,fc,5,5.400000,1.4241153386554322,0.003727156344421023,final
deep_3x16,3,fc,5,5.425000,1.4259376161992268,0.003661629873710311,final
deep_3x16,3,fc,5,5.450000,1.4277488282336683,0.0035975240696294233,final
deep_3x16,3,fc,5,5.475000,1.4295490926900578,0.003534802488785088,final
deep_3x16,3,fc,5,5.500000,1.4313385255184674,0.00347342976233753,final
deep_3x16,3,fc,5,5.525000,1.433117240728456,0.0034133715603585552,final
deep_3x16,3,fc,5,5.550000,1.434885350428997,0.003354594557501852,final
deep_3x16,3,fc,5,5.575000,1.4366429648676136,0.003297066399923296,final
deep_3x16,3,fc,5,5.600000,1.4383901924687539,0.0032407556734100657,final
deep_3x16,3,fc,5,5.625000,1.4401271398713817,0.0031856318726634857,final
deep_3x16,3,fc,5,5.650000,1.4418539119658196,0.003131665371696122,final
deep_3x16,3,fc,5,5.675000,1.4435706119298357,0.003078827395293707,final
deep_3x16,3,fc,5,5.700000,1.4452773412639965,0.003027089991503894,final
deep_3x16,3,fc,5,5.725000,1.446974199826279,0.0029764260051096687,final
deep_3x16,3,fc,5,5.750000,1.448661285865974,0.0029268090520475788,final
deep_3x16,3,fc,5,5.775000,1.4503386960568687,0.002878213494739797,final
deep_3x16,3,fc,5,5.800000,1.4520065255297425,0.002830614418296118,final
deep_3x16,3,fc,5,5.825000,1.453664867904158,0.00278398760755835,final
deep_3x16,3,fc,5,5.850000,1.4553138153195901,0.002738309524953898,final
deep_3x16,3,fc,5,5.875000,1.4569534584658796,0.00269355728912338,final
deep_3x16,3,fc,5,5.900000,1.4585838866130334,0.002649708654298654,final
deep_3x16,3,fc,5,5.925000,1.4602051876403854,0.0026067419903964785,final
deep_3x16,3,fc,5,5.950000,1.4618174480651152,0.0025646362638050363,final
deep_3x16,3,fc,5,5.975000,1.4634207530701566,0.0025233710188360442,final
deep_3x16,3,fc,5,6.000000,1.4650151865314902,0.002482926359813787,final
deep_3x16,4,fx,,0.000000,1.0,1.0,final
deep_3x16,4,fx,,0.025000,1.0000187604606867,1.0001371734503082,final
deep_3x16,4,fx,,0.050000,1.0000750389134065,1.0005484131007953,final
deep_3x16,4,fx,,0.075000,1.0001690316343312,1.0012328782849313,final
deep_3x16,4,fx,,0.100000,1.0003014773203667,1.002189172660767,final
deep_3x16,4,fx,,0.125000,1.00047396452132,1.0034153513166864,final
deep_3x16,4,fx,,0.150000,1.0006891916199196,1.0049089306249135,final
deep_3x16,4,fx,,0.175000,1.0009511759808571,1.0066669007499534,final
deep_3x16,4,fx,,0.200000,1.0012654103990763,1.0086857406950527,final
deep_3x16,4,fx,,0.225000,1.0016389663694192,1.010961435747421,final
deep_3x16,4,fx,,0.250000,1.0020805449429306,1.0134894971626558,final
deep_3x16,4,fx,,0.275000,1.0026004770114272,1.0162649839108355,final
deep_3x16,4,fx,,0.300000,1.0032106757656178,1.0192825262913066,final
deep_3x16,4,fx,,0.325000,1.0039245448083125,1.022536351210436,final
deep_3x16,4,fx,,0.350000,1.0047568459870972,1.0260203089066646,final
deep_3x16,4,fx,,0.375000,1.005723531460487,1.0297279009001115,final
deep_3x16,4,fx,,0.400000,1.006841544851863,1.0336523089397605,final
deep_3x16,4,fx,,0.425000,1.0081285966010853,1.0377864247198565,final
deep_3x16,4,fx,,0.450000,1.0096029188175002,1.0421228801384386,final
deep_3x16,4,fx,,0.475000,1.0112830050888182,1.0466540778748243,final
deep_3x16,4,fx,,0.500000,1.0131873408205012,1.0513722220691275,final
deep_3x16,4,fx,,0.525000,1.0153341297742995,1.056269348895353,final
deep_3x16,4,fx,,0.550000,1.0177410225379544,1.061337356830009,final
deep_3x16,4,fx,,0.575000,1.0204248526768642,1.0665680364302768,final
deep_3x16,4,fx,,0.600000,1.0234013862702476,1.0719530994492863,final
deep_3x16,4,fx,,0.625000,1.0266850903895024,1.0774842071307018,final
deep_3x16,4,fx,,0.650000,1.0302889258016323,1.0831529975403624,final
deep_3x16,4,fx,,0.675000,1.0342241687423979,1.0889511118088369,final
deep_3x16,4,fx,,0.700000,1.0385002659737976,1.0948702191752313,final
deep_3x16,4,fx,,0.725000,1.0431247265004606,1.1009020407391494,final
deep_3x16,4,fx,,0.750000,1.0481030522668173,1.1070383718441337,final
deep_3x16,4,fx,,0.775000,1.0534387089084893,1.1132711030320084,final
deep_3x16,4,fx,,0.800000,1.0591331362262886,1.119592239523111,final
deep_3x16,4,fx,,0.825000,1.0651857965510136,1.1259939191922888,final
deep_3x16,4,fx,,0.850000,1.0715942576529487,1.1324684290245925,final
deep_3x16,4,fx,,0.875000,1.078354305416857,1.139008220047757,final
deep_3x16,4,fx,,0.900000,1.0854600802527488,1.1456059207506675,final
deep_3x16,4,fx,,0.925000,1.0929042302427026,1.152254349008086,final
deep_3x16,4,fx,,0.950000,1.1006780734187442,1.1589465225418367,final
deep_3x16,4,fx,,0.975000,1.1087717613873007,1.1656756679574736,final
deep_3x16,4,fx,,1.000000,1.1171744367925147,1.172435228403129,final
deep_3x16,4,fx,,1.025000,1.1258743778392275,1.1792188699038115,final
deep_3x16,4,fx,,1.050000,1.1348591242365096,1.1860204864298936,final
deep_3x16,4,fx,,1.075000,1.1441155804012784,1.192834203762979,final
deep_3x16,4,fx,,1.100000,1.153630093479306,1.1996543822257886,final
deep_3x16,4,fx,,1.125000,1.1633885055805386,1.2064756183452223,final
deep_3x16,4,fx,,1.150000,1.173376181462044,1.2132927455194251,final
deep_3x16,4,fx,,1.175000,1.1835780146025114,1.220100833760554,final
deep_3x16,4,fx,,1.200000,1.1939784160863098,1.2268951885850992,final
deep_3x16,4,fx,,1.225000,1.2045612918615611,1.2336713491231373,final
deep_3x16,4,fx,,1.250000,1.2153100146895832,1.2404250855168273,final
deep_3x16,4,fx,,1.275000,1.226207397425002,1.2471523956769321,final
deep_3x16,4,fx,,1.300000,1.2372356741488533,1.2538495014641662,final
deep_3x16,4,fx,,1.325000,1.2483764951415495,1.2605128443598486,final
deep_3x16,4,fx,,1.350000,1.2596109407747602,1.2671390806877225,final
deep_3x16,4,fx,,1.375000,1.2709195581886665,1.2737250764459462,final
deep_3x16,4,fx,,1.400000,1.2822824231876495,1.2802679018052352,final
deep_3x16,4,fx,,1.425000,1.2936792282279497,1.2867648253259727,final
deep_3x16,4,fx,,1.450000,1.305089395784236,1.2932133079438641,final
deep_3x16,4,fx,,1.475000,1.3164922148657812,1.2996109967704328,final
deep_3x16,4,fx,,1.500000,1.327866997096767,1.3059557187513589,final
deep_3x16,4,fx,,1.525000,1.3391932476556965,1.3122454742224083,final
deep_3x16,4,fx,,1.550000,1.3504508455449122,1.3184784303994812,final
deep_3x16,4,fx,,1.575000,1.3616202271704776,1.3246529148361825,final
deep_3x16,4,fx,,1.600000,1.3726825670699767,1.330767408879276,final
deep_3x16,4,fx,,1.625000,1.3836199498223922,1.3368205411494571,final
deep_3x16,4,fx,,1.650000,1.3944155276796695,1.3428110810720784,final
deep_3x16,4,fx,,1.675000,1.4050536592247456,1.3487379324797883,final
deep_3x16,4,fx,,1.700000,1.4155200253224414,1.3546001273065218,final
deep_3x16,4,fx,,1.725000,1.4258017197161044,1.360396819389886,final
deep_3x16,4,fx,,1.750000,1.4358873127602045,1.3661272783967613,final
deep_3x16,4,fx,,1.775000,1.4457668878966468,1.3717908838848296,final
deep_3x16,4,fx,,1.800000,1.4554320515183978,1.3773871195108214,final
deep_3x16,4,fx,,1.825000,1.4648759177684896,1.3829155673944546,final
deep_3x16,4,fx,,1.850000,1.4740930705606357,1.3883759026453952,final
deep_3x16,4,fx,,1.875000,1.4830795056601715,1.3937678880590432,final
deep_3x16,4,fx,,1.900000,1.4918325560259507,1.3990913689855675,final
deep_3x16,4,fx,,1.925000,1.500350803793295,1.4043462683753405,final
deep_3x16,4,fx,,1.950000,1.5086339822932,1.4095325820027964,final
deep_3x16,4,fx,,1.975000,1.516682871378821,1.4146503738697032,final
deep_3x16,4,fx,,2.000000,1.524499189095915,1.4196997717879212,final
deep_3x16,4,fx,,2.025000,1.532085482419474,1.4246809631409094,final
deep_3x16,4,fx,,2.050000,1.539445019413274,1.4295941908225116,final
deep_3x16,4,fx,,2.075000,1.5465816847785672,1.4344397493509262,final
deep_3x16,4,fx,,2.100000,1.5534998803647706,1.4392179811552137,final
deep_3x16,4,fx,,2.125000,1.560204431836429,1.4439292730312083,final
deep_3x16,4,fx,,2.150000,1.5667005023399831,1.4485740527633122,final
deep_3x16,4,fx,,2.175000,1.5729935136997804,1.4531527859082907,final
deep_3x16,4,fx,,2.200000,1.5790890754003342,1.4576659727369123,final
deep_3x16,4,fx,,2.225000,1.5849929213829834,1.4621141453290472,final
deep_3x16,4,fx,,2.250000,1.5907108544991972,1.4664978648176454,final
deep_3x16,4,fx,,2.275000,1.5962486983175674,1.470817718776893,final
deep_3x16,4,fx,,2.300000,1.6016122558732733,1.475074318749721,final
deep_3x16,4,fx,,2.325000,1.606807274873371,1.479268297909802,final
deep_3x16,4,fx,,2.350000,1.6118394188238794,1.483400308853113,final
deep_3x16,4,fx,,2.375000,1.6167142435207773,1.4874710215141502,final
deep_3x16,4,fx,,2.400000,1.6214371783422221,1.491481121201892,final
deep_3x16,4,fx,,2.425000,1.6260135117895058,1.4954313067506453,final
deep_3x16,4,fx,,2.450000,1.630448380745835,1.4993222887809725,final
deep_3x16,4,fx,,2.475000,1.634746762951838,1.5031547880659621,final
deep_3x16,4,fx,,2.500000,1.6389134722320562,1.5069295339981974,final
deep_3x16,4,fx,,2.525000,1.6429531560454045,1.5106472631528727,final
deep_3x16,4,fx,,2.550000,1.6468702949728586,1.514308717942618,final
deep_3x16,4,fx,,2.575000,1.6506692037960928,1.5179146453597039,final
deep_3x16,4,fx,,2.600000,1.6543540338603002,1.5214657958014208,final
deep_3x16,4,fx,,2.625000,1.6579287764522963,1.5249629219745588,final
deep_3x16,4,fx,,2.650000,1.6613972669605512,1.5284067778750356,final
deep_3x16,4,fx,,2.675000,1.664763189616785,1.5317981178388593,final
deep_3x16,4,fx,,2.700000,1.6680300826488885,1.5351376956607474,final
deep_3x16,4,fx,,2.725000,1.6712013437021773,1.538426263776851,final
deep_3x16,4,fx,,2.750000,1.6742802354103483,1.5416645725081797,final
deep_3x16,4,fx,,2.775000,1.677269891019062,1.5448533693614435,final
deep_3x16,4,fx,,2.800000,1.6801733199839617,1.5479933983841754,final
deep_3x16,4,fx,,2.825000,1.6829934134813533,1.5510853995711167,final
deep_3x16,4,fx,,2.850000,1.6857329497838554,1.5541301083189827,final
deep_3x16,4,fx,,2.875000,1.6883945994653362,1.5571282549268526,final
deep_3x16,4,fx,,2.900000,1.69098093040956,1.5600805641395499,final
deep_3x16,4,fx,,2.925000,1.6934944126053997,1.562987754731498,final
deep_3x16,4,fx,,2.950000,1.6959374227183837,1.5658505391286572,final
deep_3x16,4,fx,,2.975000,1.6983122484339888,1.5686696230662598,final
deep_3x16,4,fx,,3.000000,1.7006210925725758,1.5714457052801694,final
deep_3x16,4,fx,,3.025000,1.7028660769793773,1.5741794772298021,final
deep_3x16,4,fx,,3.050000,1.7050492461956477,1.5768716228506432,final
deep_3x16,4,fx,,3.075000,1.707172570919061,1.5795228183344976,final
deep_3x16,4,fx,,3.100000,1.7092379512628575,1.5821337319357038,final
deep_3x16,4,fx,,3.125000,1.7112472198241486,1.5847050238016365,final
deep_3x16,4,fx,,3.150000,1.7132021445723342,1.587237345825908,final
deep_3x16,4,fx,,3.175000,1.715104431568786,1.5897313415227634,final
deep_3x16,4,fx,,3.200000,1.7169557275289178,1.592187645921248,final
deep_3x16,4,fx,,3.225000,1.718757622237542,1.5946068854777975,final
deep_3x16,4,fx,,3.250000,1.720511650828028,1.5969896780059818,final
deep_3x16,4,fx,,3.275000,1.7222192959353035,1.5993366326221994,final
deep_3x16,4,fx,,3.300000,1.7238819897321989,1.601648349706187,final
deep_3x16,4,fx,,3.325000,1.725501115858024,1.6039254208752762,final
deep_3x16,4,fx,,3.350000,1.727078011247665,1.6061684289713845,final
deep_3x16,4,fx,,3.375000,1.7286139678688581,1.6083779480597964,final
deep_3x16,4,fx,,3.400000,1.7301102343746888,1.6105545434388309,final
deep_3x16,4,fx,,3.425000,1.7315680176777586,1.6126987716595576,final
deep_3x16,4,fx,,3.450000,1.732988484451909,1.6148111805547691,final
deep_3x16,4,fx,,3.475000,1.7343727625668344,1.6168923092764607,final
deep_3x16,4,fx,,3.500000,1.7357219424604227,1.6189426883411182,final
deep_3x16,4,fx,,3.525000,1.737037078453193,1.6209628396821578,final
deep_3x16,4,fx,,3.550000,1.7383191900087662,1.622953276708899,final
deep_3x16,4,fx,,3.575000,1.73956926294391,1.6249145043714908,final
deep_3x16,4,fx,,3.600000,1.7407882505913497,1.6268470192312494,final
deep_3x16,4,fx,,3.625000,1.7419770749181989,1.6287513095359003,final
deep_3x16,4,fx,,3.650000,1.7431366276025957,1.630627855299244,final
deep_3x16,4,fx,,3.675000,1.7442677710708447,1.632477128384804,final
deep_3x16,4,fx,,3.700000,1.745371339497158,1.6342995925930408,final
deep_3x16,4,fx,,3.725000,1.746448139767871,1.6360957037517374,final
deep_3x16,4,fx,,3.750000,1.7474989524118354,1.6378659098091999,final
deep_3x16,4,fx,,3.775000,1.7485245324985248,1.6396106509299275,final
deep_3x16,4,fx,,3.800000,1.7495256105052628,1.641330359592442,final
deep_3x16,4,fx,,3.825000,1.75050289315485,1.6430254606889751,final
deep_3x16,4,fx,,3.850000,1.751457064224768,1.6446963716267469,final
deep_3x16,4,fx,,3.875000,1.7523887853290459,1.6463435024305744,final
deep_3x16,4,fx,,3.900000,1.7532986966737925,1.6479672558465768,final
deep_3x16,4,fx,,3.925000,1.7541874177873327,1.6495680274467555,final
deep_3x16,4,fx,,3.950000,1.7550555482258188,1.651146205734246,final
deep_3x16,4,fx,,3.975000,1.7559036682551492,1.6527021722490547,final
deep_3x16,4,fx,,4.000000,1.7567323395099699,1.654236301674099,final
deep_3x16,4,fx,,4.025000,1.7575421056304945,1.6557489619413992,final
deep_3x16,4,fx,,4.050000,1.7583334928778587,1.6572405143382634,final
deep_3x16,4,fx,,4.075000,1.759107010728679,1.6587113136133356,final
deep_3x16,4,fx,,4.100000,1.759863152449464,1.6601617080823763,final
deep_3x16,4,fx,,4.125000,1.7606023956515127,1.6615920397336599,final
deep_3x16,4,fx,,4.150000,1.7613252028268953,1.663002644332885,final
deep_3x16,4,fx,,4.175000,1.7620320218661094,1.6643938515274967,final
deep_3x16,4,fx,,4.200000,1.7627232865579785,1.6657659849503361,final
deep_3x16,4,fx,,4.225000,1.763399417072345,1.6671193623225302,final
deep_3x16,4,fx,,4.250000,1.764060820426098,1.668454295555556,final
deep_3x16,4,fx,,4.275000,1.764707890933055,1.6697710908524037,final
deep_3x16,4,fx,,4.300000,1.7653410106382141,1.6710700488077885,final
deep_3x16,4,fx,,4.325000,1.7659605497368704,1.672351464507346,final
deep_3x16,4,fx,,4.350000,1.766566866979082,1.6736156276257725,final
deep_3x16,4,fx,,4.375000,1.7671603100599593,1.6748628225238602,final
deep_3x16,4,fx,,4.400000,1.767741215996245,1.6760933283443924,final
deep_3x16,4,fx,,4.425000,1.7683099114896181,1.6773074191068635,final
deep_3x16,4,fx,,4.450000,1.7688667132771836,1.6785053638009961,final
deep_3x16,4,fx,,4.475000,1.769411928469555,1.6796874264790258,final
deep_3x16,4,fx,,4.500000,1.7699458548769569,1.6808538663467358,final
deep_3x16,4,fx,,4.525000,1.7704687813237479,1.682004937853222,final
deep_3x16,4,fx,,4.550000,1.7709809879517635,1.6831408907793708,final
deep_3x16,4,fx,,4.575000,1.7714827465128535,1.6842619703250405,final
deep_3x16,4,fx,,4.600000,1.771974320650997,1.685368417194935,final
deep_3x16,4,fx,,4.625000,1.772455966174349,1.6864604676831623,final
deep_3x16,4,fx,,4.650000,1.7729279313175732,1.687538353756474,final
deep_3x16,4,fx,,4.675000,1.7733904569948045,1.6886023031361845,final
deep_3x16,4,fx,,4.700000,1.7738437770435687,1.6896525393787643,final
deep_3x16,4,fx,,4.725000,1.7742881184599846,1.6906892819551151,final
deep_3x16,4,fx,,4.750000,1.7747237016255526,1.691712746328525,final
deep_3x16,4,fx,,4.775000,1.7751507405258407,1.69272314403131,final
deep_3x16,4,fx,,4.800000,1.7755694429613527,1.6937206827401463,final
deep_3x16,4,fx,,4.825000,1.7759800107508628,1.6947055663501032,final
deep_3x16,4,fx,,4.850000,1.7763826399274927,1.695677995047382,final
deep_3x16,4,fx,,4.875000,1.77677752092779,1.6966381653807714,final
deep_3x16,4,fx,,4.900000,1.77716483877407,1.6975862703318307,final
deep_3x16,4,fx,,4.925000,1.7775447732502592,1.6985224993838095,final
deep_3x16,4,fx,,4.950000,1.7779174990714908,1.6994470385893194,final
deep_3x16,4,fx,,4.975000,1.778283186047667,1.7003600706367672,final
deep_3x16,4,fx,,5.000000,1.7786419992412257,1.701261774915565,final
deep_3x16,4,fx,,5.025000,1.7789940991193145,1.7021523275801298,final
deep_3x16,4,fx,,5.050000,1.779339641700585,1.7030319016126885,final
deep_3x16,4,fx,,5.075000,1.7796787786968031,1.7039006668849015,final
deep_3x16,4,fx,,5.100000,1.7800116576494724,1.7047587902183228,final
deep_3x16,4,fx,,5.125000,1.780338422061649,1.7056064354437073,final
deep_3x16,4,fx,,5.150000,1.7806592115251334,1.7064437634591885,final
deep_3x16,4,fx,,5.175000,1.7809741618432053,1.7072709322873345,final
deep_3x16,4,fx,,5.200000,1.7812834051490736,1.708088097131107,final
deep_3x16,4,fx,,5.225000,1.7815870700201937,1.7088954104287313,final
deep_3x16,4,fx,,5.250000,1.7818852815886128,1.7096930219075017,final
deep_3x16,4,fx,,5.275000,1.7821781616474848,1.7104810786365339,final
deep_3x16,4,fx,,5.300000,1.7824658287539028,1.711259725078483,final
deep_3x16,4,fx,,5.325000,1.7827483983281833,1.7120291031402441,final
deep_3x16,4,fx,,5.350000,1.7830259827497332,1.7127893522226525,final
deep_3x16,4,fx,,5.375000,1.7832986914496274,1.7135406092691985,final
deep_3x16,4,fx,,5.400000,1.783566631000021,1.714283008813776,final
deep_3x16,4,fx,,5.425000,1.7838299052005109,1.7150166830274802,final
deep_3x16,4,fx,,5.450000,1.7840886151615594,1.7157417617644724,final
deep_3x16,4,fx,,5.475000,1.7843428593850916,1.7164583726069251,final
deep_3x16,4,fx,,5.500000,1.7845927338423673,1.7171666409090691,final
deep_3x16,4,fx,,5.525000,1.78483833204923,1.717866689840354,final
deep_3x16,4,fx,,5.550000,1.7850797451388314,1.7185586404277413,final
deep_3x16,4,fx,,5.575000,1.7853170619319176,1.7192426115971444,final
deep_3x16,4,fx,,5.600000,1.785550369004774,1.719918720214034,final
deep_3x16,4,fx,,5.625000,1.7857797507549118,1.7205870811232205,final
deep_3x16,4,fx,,5.650000,1.786005289464575,1.721247807187832,final
deep_3x16,4,fx,,5.675000,1.7862270653621561,1.7219010093275047,final
deep_3x16,4,fx,,5.700000,1.7864451566815842,1.7225467965557948,final
deep_3x16,4,fx,,5.725000,1.786659639719773,1.7231852760168345,final
deep_3x16,4,fx,,5.750000,1.7868705888921863,1.7238165530212408,final
deep_3x16,4,fx,,5.775000,1.7870780767866001,1.7244407310812953,final
deep_3x16,4,fx,,5.800000,1.7872821742151161,1.725057911945408,final
deep_3x16,4,fx,,5.825000,1.7874829502644982,1.7256681956318787,final
deep_3x16,4,fx,,5.850000,1.7876804723448854,1.7262716804619718,final
deep_3x16,4,fx,,5.875000,1.787874806236944,1.7268684630923166,final
deep_3x16,4,fx,,5.900000,1.7880660161375124,1.727458638546647,final
deep_3x16,4,fx,,5.925000,1.788254164703791,1.7280423002468948,final
deep_3x16,4,fx,,5.950000,1.7884393130961338,1.728619540043648,final
deep_3x16,4,fx,,5.975000,1.788621521019482,1.7291904482459888,final
deep_3x16,4,fx,,6.000000,1.7888008467634997,1.7297551136507232,final
deep_3x16,4,fc,0.5,0.000000,1.0,0.9999961712608588,final
deep_3x16,4,fc,0.5,0.025000,1.0000721163275574,0.9983586646344352,final
deep_3x16,4,fc,0.5,0.050000,1.0002898785690175,0.9934854371990305,final
deep_3x16,4,fc,0.5,0.075000,1.0006614559500393,0.9854913576191164,final
deep_3x16,4,fc,0.5,0.100000,1.0012081049284414,0.9745583236306017,final
deep_3x16,4,fc,0.5,0.125000,1.0019690690193543,0.9609224860044977,final
deep_3x16,4,fc,0.5,0.150000,1.0030041937838672,0.9448590526338713,final
deep_3x16,4,fc,0.5,0.175000,1.004393514933816,0.9266665678644719,final
deep_3x16,4,fc,0.5,0.200000,1.0062331915972995,0.906652287270015,final
deep_3x16,4,fc,0.5,0.225000,1.008627401906877,0.8851197735940066,final
deep_3x16,4,fc,0.5,0.250000,1.0116761827580316,0.8623592877190294,final
deep_3x16,4,fc,0.5,0.275000,1.0154596581640232,0.838641066508284,final
deep_3x16,4,fc,0.5,0.300000,1.0200196276081883,0.8142112349444125,final
deep_3x16,4,fc,0.5,0.325000,1.0253400292597104,0.7892899055662282,final
deep_3x16,4,fc,0.5,0.350000,1.0313282875081307,0.7640709501109981,final
deep_3x16,4,fc,0.5,0.375000,1.0377999161297926,0.738722947888542,final
deep_3x16,4,fc,0.5,0.400000,1.0444688812808571,0.7133908845188547,final
deep_3x16,4,fc,0.5,0.425000,1.050946043126047,0.6881982632946789,final
deep_3x16,4,fc,0.5,0.450000,1.05674744303486,0.663249379897375,final
deep_3x16,4,fc,0.5,0.475000,1.0613133157569195,0.6386315887919551,final
deep_3x16,4,fc,0.5,0.500000,1.0640376086616339,0.614417452116793,final
deep_3x16,4,fc,0.5,0.525000,1.0643066682181335,0.5906667090105318,final
deep_3x16,4,fc,0.5,0.550000,1.0615447593647405,0.5674280368849434,final
deep_3x16,4,fc,0.5,0.575000,1.0552632302484939,0.5447405987383155,final
deep_3x16,4,fc,0.5,0.600000,1.0451092743907715,0.5226353848308631,final
deep_3x16,4,fc,0.5,0.625000,1.0309092048577395,0.5011363652156074,final
deep_3x16,4,fc,0.5,0.650000,1.0127000442059337,0.4802614735958944,final
deep_3x16,4,fc,0.5,0.675000,0.9907426890341563,0.46002344418289265,final
deep_3x16,4,fc,0.5,0.700000,0.965511013413291,0.4404305226879344,final
deep_3x16,4,fc,0.5,0.725000,0.9376549068614848,0.4214870710332323,final
deep_3x16,4,fc,0.5,0.750000,0.9079411015367961,0.4031940832949596,final
deep_3x16,4,fc,0.5,0.775000,0.8771817829487332,0.38554962812948085,final
deep_3x16,4,fc,0.5,0.800000,0.8461645689878063,0.36854923068108175,final
deep_3x16,4,fc,0.5,0.825000,0.8155965353874449,0.35218620484951263,final
deep_3x16,4,fc,0.5,0.850000,0.7860699021996641,0.3364519448742073,final
deep_3x16,4,fc,0.5,0.875000,0.7580502118239917,0.3213361834989273,final
deep_3x16,4,fc,0.5,0.900000,0.7318822465759158,0.306827222522449,final
deep_3x16,4,fc,0.5,0.925000,0.7078063064819831,0.2929121403100752,final
deep_3x16,4,fc,0.5,0.950000,0.6859778223663031,0.2795769798212084,final
deep_3x16,4,fc,0.5,0.975000,0.6664854632251163,0.2668069198795077,final
deep_3x16,4,fc,0.5,1.000000,0.649365506560864,0.25458643175180856,final
deep_3x16,4,fc,0.5,1.025000,0.6346122796627148,0.24289942258726716,final
deep_3x16,4,fc,0.5,1.050000,0.6221855627925498,0.23172936687701973,final
deep_3x16,4,fc,0.5,1.075000,0.6120160734483495,0.22105942680628568,final
deep_3x16,4,fc,0.5,1.100000,0.6040098693174457,0.21087256216631964,final
deep_3x16,4,fc,0.5,1.125000,0.598052082444568,0.20115163035586586,final
deep_3x16,4,fc,0.5,1.150000,0.5940100811779515,0.1918794769158274,final
deep_3x16,4,fc,0.5,1.175000,0.5917360485805325,0.18303901699379402,final
deep_3x16,4,fc,0.5,1.200000,0.5910690395716259,0.1746133081159656,final
deep_3x16,4,fc,0.5,1.225000,0.591836739885989,0.16658561464383392,final
deep_3x16,4,fc,0.5,1.250000,0.5938572924451163,0.15893946430447428,final
deep_3x16,4,fc,0.5,1.275000,0.5969416025079638,0.15165869720073666,final
deep_3x16,4,fc,0.5,1.300000,0.6008964492537731,0.14472750772673904,final
deep_3x16,4,fc,0.5,1.325000,0.6055285336339995,0.13813047983167853,final
deep_3x16,4,fc,0.5,1.350000,0.6106493341593829,0.13185261608906113,final
deep_3x16,4,fc,0.5,1.375000,0.6160803967760053,0.1258793610376418,final
deep_3x16,4,fc,0.5,1.400000,0.62165852045782,0.12019661926408308,final
deep_3x16,4,fc,0.5,1.425000,0.6272402586330188,0.11479076869543448,final
deep_3x16,4,fc,0.5,1.450000,0.6327052422140684,0.1096486695622258,final
deep_3x16,4,fc,0.5,1.475000,0.6379580114861328,0.10475766948076473,final
deep_3x16,4,fc,0.5,1.500000,0.6429282688328858,0.10010560508677041,final
deep_3x16,4,fc,0.5,1.525000,0.6475696773686317,0.09568080063249802,final
deep_3x16,4,fc,0.5,1.550000,0.6518574907225853,0.09147206393676467,final
deep_3x16,4,fc,0.5,1.575000,0.6557853866710709,0.08746868005254455,final
deep_3x16,4,fc,0.5,1.600000,0.659361893055321,0.08366040299072135,final
deep_3x16,4,fc,0.5,1.625000,0.662606753984095,0.08003744581183542,final
deep_3x16,4,fc,0.5,1.650000,0.6655475095905456,0.07659046937076666,final
deep_3x16,4,fc,0.5,1.675000,0.6682164749263405,0.07331056997272188,final
deep_3x16,4,fc,0.5,1.700000,0.6706482194865496,0.07018926617305912,final
deep_3x16,4,fc,0.5,1.725000,0.67287757863858,0.06721848492863296,final
deep_3x16,4,fc,0.5,1.750000,0.6749381763328663,0.06439054728477098,final
deep_3x16,4,fc,0.5,1.775000,0.6768614050139908,0.0616981537598125,final
deep_3x16,4,fc,0.5,1.800000,0.6786757911016925,0.059134369568493717,final
deep_3x16,4,fc,0.5,1.825000,0.6804066690737721,0.05669260980638358,final
deep_3x16,4,fc,0.5,1.850000,0.6820760902264957,0.05436662470009754,final
deep_3x16,4,fc,0.5,1.875000,0.6837029002556014,0.05215048501211195,final
deep_3x16,4,fc,0.5,1.900000,0.6853029302715324,0.050038567674637165,final
deep_3x16,4,fc,0.5,1.925000,0.6868892568850741,0.0480255417141179,final
deep_3x16,4,fc,0.5,1.950000,0.6884724973993555,0.04610635451642435,final
deep_3x16,4,fc,0.5,1.975000,0.6900611152768261,0.04427621847262877,final
deep_3x16,4,fc,0.5,2.000000,0.6916617186501722,0.042530598036290536,final
deep_3x16,4,fc,0.5,2.025000,0.6932793406966635,0.04086519721532707,final
deep_3x16,4,fc,0.5,2.050000,0.6949176953232593,0.03927594751474929,final
deep_3x16,4,fc,0.5,2.075000,0.6965794050129216,0.03775899634064951,final
deep_3x16,4,fc,0.5,2.100000,0.6982662000808627,0.03631069587080901,final
deep_3x16,4,fc,0.5,2.125000,0.6999790901953526,0.03492759239300612,final
deep_3x16,4,fc,0.5,2.150000,0.7017185100201454,0.033606416108520214,final
deep_3x16,4,fc,0.5,2.175000,0.7034844413939515,0.032344071395319085,final
deep_3x16,4,fc,0.5,2.200000,0.7052765147052663,0.03113762752295615,final
deep_3x16,4,fc,0.5,2.225000,0.7070940921487557,0.029984309809202872,final
deep_3x16,4,fc,0.5,2.250000,0.7089363354382501,0.028881491206847024,final
deep_3x16,4,fc,0.5,2.275000,0.7108022603571298,0.027826684307850874,final
deep_3x16,4,fc,0.5,2.300000,0.7126907802892793,0.026817533751129878,final
deep_3x16,4,fc,0.5,2.325000,0.7146007406203337,0.025851809019539436,final
deep_3x16,4,fc,0.5,2.350000,0.7165309456477573,0.024927397611219253,final
deep_3x16,4,fc,0.5,2.375000,0.7184801794007138,0.024042298570184424,final
deep_3x16,4,fc,0.5,2.400000,0.7204472215531114,0.02319461636096361,final
deep_3x16,4,fc,0.5,2.425000,0.7224308594187417,0.022382555072118837,final
deep_3x16,4,fc,0.5,2.450000,0.7244298968468124,0.021604412933645116,final
deep_3x16,4,fc,0.5,2.475000,0.7264431606887648,0.020858577133474034,final
deep_3x16,4,fc,0.5,2.500000,0.7284695053815206,0.020143518918636836,final
deep_3x16,4,fc,0.5,2.525000,0.7305078160862143,0.019457788967005542,final
deep_3x16,4,fc,0.5,2.550000,0.7325570107328283,0.01880001301595232,final
deep_3x16,4,fc,0.5,2.575000,0.7346160412477893,0.018168887734721407,final
deep_3x16,4,fc,0.5,2.600000,0.7366838941813388,0.017563176827779654,final
deep_3x16,4,fc,0.5,2.625000,0.7387595909024873,0.016981707356906937,final
deep_3x16,4,fc,0.5,2.650000,0.7408421874897755,0.016423366270288828,final
deep_3x16,4,fc,0.5,2.675000,0.7429307744144111,0.01588709712737786,final
deep_3x16,4,fc,0.5,2.700000,0.7450244760872522,0.015371897008789036,final
deep_3x16,4,fc,0.5,2.725000,0.7471224503213959,0.014876813601008254,final
deep_3x16,4,fc,0.5,2.750000,0.7492238877468697,0.014400942446161183,final
deep_3x16,4,fc,0.5,2.775000,0.7513280112022029,0.01394342434758682,final
deep_3x16,4,fc,0.5,2.800000,0.753434075118857,0.0135034429224213,final
deep_3x16,4,fc,0.5,2.825000,0.7555413649079676,0.013080222292847036,final
deep_3x16,4,fc,0.5,2.850000,0.7576491963541705,0.012673024908103358,final
deep_3x16,4,fc,0.5,2.875000,0.7597569150179947,0.012281149489774493,final
deep_3x16,4,fc,0.5,2.900000,0.7618638956461614,0.011903929093276212,final
deep_3x16,4,fc,0.5,2.925000,0.7639695415877789,0.0115407292788442,final
deep_3x16,4,fc,0.5,2.950000,0.766073284213726,0.011190946385711102,final
deep_3x16,4,fc,0.5,2.975000,0.7681745823362709,0.010854005903492529,final
deep_3x16,4,fc,0.5,3.000000,0.7702729216260457,0.010529360935159847,final
deep_3x16,4,fc,0.5,3.025000,0.7723678140237958,0.010216490746280376,final
deep_3x16,4,fc,0.5,3.050000,0.7744587971447503,0.00991489939552285,final
deep_3x16,4,fc,0.5,3.075000,0.7765454336739633,0.00962411444170394,final
deep_3x16,4,fc,0.5,3.100000,0.7786273107515178,0.009343685722933544,final
deep_3x16,4,fc,0.5,3.125000,0.7807040393469965,0.009073184203666275,final
deep_3x16,4,fc,0.5,3.150000,0.7827752536231372,0.00881220088572273,final
deep_3x16,4,fc,0.5,3.175000,0.7848406102890192,0.00856034577956125,final
deep_3x16,4,fc,0.5,3.200000,0.7868997879435462,0.008317246932311853,final
deep_3x16,4,fc,0.5,3.225000,0.7889524864103028,0.008082549509281826,final
deep_3x16,4,fc,0.5,3.250000,0.7909984260651474,0.007855914925840547,final
deep_3x16,4,fc,0.5,3.275000,0.7930373471581027,0.007637020026771776,final
deep_3x16,4,fc,0.5,3.300000,0.7950690091312699,0.007425556310355653,final
deep_3x16,4,fc,0.5,3.325000,0.7970931899345826,0.007221229194605152,final
deep_3x16,4,fc,0.5,3.350000,0.7991096853412673,0.007023757323232783,final
deep_3x16,4,fc,0.5,3.375000,0.8011183082648956,0.0068328719090709365,final
deep_3x16,4,fc,0.5,3.400000,0.8031188880798713,0.006648316112797191,final
deep_3x16,4,fc,0.5,3.425000,0.8051112699471576,0.006469844454954951,final
deep_3x16,4,fc,0.5,3.450000,0.8070953141469387,0.006297222259364868,final
deep_3x16,4,fc,0.5,3.475000,0.8090708954198444,0.006130225126150202,final
deep_3x16,4,fc,0.5,3.500000,0.8110379023182098,0.005968638432691078,final
deep_3x16,4,fc,0.5,3.525000,0.8129962365687473,0.005812256860931846,final
deep_3x16,4,fc,0.5,3.550000,0.8149458124478481,0.005660883949557558,final
deep_3x16,4,fc,0.5,3.575000,0.8168865561706147,0.005514331669634566,final
deep_3x16,4,fc,0.5,3.600000,0.8188184052945656,0.005372420022408773,final
deep_3x16,4,fc,0.5,3.625000,0.8207413081388263,0.0052349766580150085,final
deep_3x16,4,fc,0.5,3.650000,0.8226552232194969,0.0051018365139386904,final
deep_3x16,4,fc,0.5,3.675000,0.8245601187017364,0.0049728414721276004,final
deep_3x16,4,fc,0.5,3.700000,0.8264559718689993,0.004847840033726076,final
deep_3x16,4,fc,0.5,3.725000,0.8283427686097405,0.004726687010453871,final
deep_3x16,4,fc,0.5,3.750000,0.8302205029217982,0.0046092432317188185,final
deep_3x16,4,fc,0.5,3.775000,0.8320891764345592,0.004495375266596954,final
deep_3x16,4,fc,0.5,3.800000,0.8339487979489415,0.00438495515987154,final
deep_3x16,4,fc,0.5,3.825000,0.8357993829951204,0.004277860181360855,final
deep_3x16,4,fc,0.5,3.850000,0.8376409534078808,0.00417397258781929,final
deep_3x16,4,fc,0.5,3.875000,0.8394735369193846,0.004073179396726176,final
deep_3x16,4,fc,0.5,3.900000,0.8412971667691164,0.003975372171325868,final
deep_3x16,4,fc,0.5,3.925000,0.8431118813306944,0.003880446816315581,final
deep_3x16,4,fc,0.5,3.950000,0.8449177237552145,0.0037883033836064225,final
deep_3x16,4,fc,0.5,3.975000,0.8467147416307341,0.0036988458876262074,final
deep_3x16,4,fc,0.5,4.000000,0.8485029866575118,0.0036119821296561735,final
deep_3x16,4,fc,0.5,4.025000,0.8502825143385475,0.0035276235307199755,final
deep_3x16,4,fc,0.5,4.050000,0.8520533836849864,0.003445684972579932,final
deep_3x16,4,fc,0.5,4.075000,0.8538156569359332,0.0033660846464103494,final
deep_3x16,4,fc,0.5,4.100000,0.8555693992921769,0.0032887439087498005,final
deep_3x16,4,fc,0.5,4.125000,0.8573146786633763,0.0032135871443476484,final
deep_3x16,4,fc,0.5,4.150000,0.8590515654282067,0.003140541635555781,final
deep_3x16,4,fc,0.5,4.175000,0.8607801322069903,0.003069537437917249,final
deep_3x16,4,fc,0.5,4.200000,0.862500453646337,0.003000507261639546,final
deep_3x16,4,fc,0.5,4.225000,0.8642126062153116,0.002933386358647509,final
deep_3x16,4,fc,0.5,4.250000,0.8659166680126681,0.002868112414932197,final
deep_3x16,4,fc,0.5,4.275000,0.8676127185846869,0.0028046254479229715,final
deep_3x16,4,fc,0.5,4.300000,0.8693008387531674,0.002742867708632816,final
deep_3x16,4,fc,0.5,4.325000,0.8709811104531348,0.0026827835883323843,final
deep_3x16,4,fc,0.5,4.350000,0.8726536165798304,0.0026243195295232785,final
deep_3x16,4,fc,0.5,4.375000,0.874318440844576,0.0025674239410017246,final
deep_3x16,4,fc,0.5,4.400000,0.8759756676390994,0.002512047116799274,final
deep_3x16,4,fc,0.5,4.425000,0.8776253819079398,0.0024581411588165073,final
deep_3x16,4,fc,0.5,4.450000,0.8792676690285438,0.0024056599029599174,final
deep_3x16,4,fc,0.5,4.475000,0.8809026146986993,0.0023545588486135268,final
deep_3x16,4,fc,0.5,4.500000,0.8825303048309455,0.002304795091278237,final
deep_3x16,4,fc,0.5,4.525000,0.8841508254536288,0.0022563272582273074,final
deep_3x16,4,fc,0.5,4.550000,0.8857642626182717,0.002209115447027629,final
deep_3x16,4,fc,0.5,4.575000,0.8873707023129531,0.002163121166787322,final
deep_3x16,4,fc,0.5,4.600000,0.8889702303813838,0.0021183072820026927,final
deep_3x16,4,fc,0.5,4.625000,0.8905629324474106,0.0020746379588730468,final
deep_3x16,4,fc,0.5,4.650000,0.8921488938446565,0.002032078613968704,final
deep_3x16,4,fc,0.5,4.675000,0.8937281995510431,0.0019905958651390177,final
deep_3x16,4,fc,0.5,4.700000,0.8953009341279398,0.0019501574845522565,final
deep_3x16,4,fc,0.5,4.725000,0.8968671816637009,0.0019107323537686412,final
deep_3x16,4,fc,0.5,4.750000,0.898427025721362,0.0018722904207485434,final
deep_3x16,4,fc,0.5,4.775000,0.899980549290273,0.0018348026587054643,final
deep_3x16,4,fc,0.5,4.800000,0.9015278347414559,0.0017982410267173958,final
deep_3x16,4,fc,0.5,4.825000,0.9030689637864976,0.001762578432014152,final
deep_3x16,4,fc,0.5,4.850000,0.9046040174397791,0.0017277886938635106,final
deep_3x16,4,fc,0.5,4.875000,0.9061330759838624,0.0016938465089809934,final
deep_3x16,4,fc,0.5,4.900000,0.907656218937855,0.0016607274183924714,final
deep_3x16,4,fc,0.5,4.925000,0.909173525028604,0.001628407775686919,final
deep_3x16,4,fc,0.5,4.950000,0.9106850721645445,0.001596864716589041,final
deep_3x16,4,fc,0.5,4.975000,0.9121909374120675,0.0015660761297978003,final
deep_3x16,4,fc,0.5,5.000000,0.9136911969742532,0.001536020629028713,final
deep_3x16,4,fc,0.5,5.025000,0.9151859261718466,0.0015066775262095645,final
deep_3x16,4,fc,0.5,5.050000,0.9166751994263372,0.0014780268057724868,final
deep_3x16,4,fc,0.5,5.075000,0.9181590902450251,0.0014500490999996532,final
deep_3x16,4,fc,0.5,5.100000,0.9196376712079563,0.0014227256653687938,final
deep_3x16,4,fc,0.5,5.125000,0.9211110139566229,0.0013960383598590484,final
deep_3x16,4,fc,0.5,5.150000,0.9225791891843118,0.0013699696211715122,final
deep_3x16,4,fc,0.5,5.175000,0.9240422666280113,0.001344502445826072,final
deep_3x16,4,fc,0.5,5.200000,0.9255003150617797,0.001319620369094148,final
deep_3x16,4,fc,0.5,5.225000,0.9269534022914819,0.0012953074457320137,final
deep_3x16,4,fc,0.5,5.250000,0.9284015951508184,0.0012715482314793827,final
deep_3x16,4,fc,0.5,5.275000,0.9298449594985543,0.0012483277652897444,final
deep_3x16,4,fc,0.5,5.300000,0.9312835602168784,0.0012256315522594916,final
deep_3x16,4,fc,0.5,5.325000,0.9327174612108213,0.0012034455472299352,final
deep_3x16,4,fc,0.5,5.350000,0.934146725408656,0.0011817561390265222,final
deep_3x16,4,fc,0.5,5.375000,0.9355714147632286,0.0011605501353155188,final
deep_3x16,4,fc,0.5,5.400000,0.9369915902541407,0.0011398147480441024,final
deep_3x16,4,fc,0.5,5.425000,0.9384073118907382,0.0011195375794464772,final
deep_3x16,4,fc,0.5,5.450000,0.9398186387158451,0.0010997066085859438,final
deep_3x16,4,fc,0.5,5.475000,0.9412256288101936,0.0010803101784139062,final
deep_3x16,4,fc,0.5,5.500000,0.9426283392974922,0.0010613369833224516,final
deep_3x16,4,fc,0.5,5.525000,0.9440268263500957,0.0010427760571714813,final
deep_3x16,4,fc,0.5,5.550000,0.9454211451952261,0.0010246167617677558,final
deep_3x16,4,fc,0.5,5.575000,0.9468113501217019,0.001006848775780092,final
deep_3x16,4,fc,0.5,5.600000,0.9481974944871392,0.0009894620840704305,final
deep_3x16,4,fc,0.5,5.625000,0.9495796307255834,0.000972446967424831,final
deep_3x16,4,fc,0.5,5.650000,0.9509578103555403,0.0009557939926686374,final
deep_3x16,4,fc,0.5,5.675000,0.9523320839883684,0.0009394940031462534,final
deep_3x16,4,fc,0.5,5.700000,0.9537025013370016,0.0009235381095562882,final
deep_3x16,4,fc,0.5,5.725000,0.9550691112249761,0.0009079176811237815,final
deep_3x16,4,fc,0.5,5.750000,0.9564319615957282,0.0008926243370957384,final
deep_3x16,4,fc,0.5,5.775000,0.9577910995221386,0.000877649938550017,final
deep_3x16,4,fc,0.5,5.800000,0.9591465712162995,0.0008629865805003556,final
deep_3x16,4,fc,0.5,5.825000,0.9604984220394764,0.0008486265842915688,final
deep_3x16,4,fc,0.5,5.850000,0.961846696512248,0.0008345624902662513,final
deep_3x16,4,fc,0.5,5.875000,0.9631914383247968,0.0008207870506999125,final
deep_3x16,4,fc,0.5,5.900000,0.9645326903473372,0.0008072932229858862,final
deep_3x16,4,fc,0.5,5.925000,0.9658704946406558,0.0007940741630678401,final
deep_3x16,4,fc,0.5,5.950000,0.9672048924667547,0.0007811232191043099,final
deep_3x16,4,fc,0.5,5.975000,0.9685359242995708,0.0007684339253583744,final
deep_3x16,4,fc,0.5,6.000000,0.9698636298357634,0.0007559999963054072,final
deep_3x16,4,fc,2,0.000000,1.0,0.9999979292399579,final
deep_3x16,4,fc,2,0.025000,0.9995536945352006,0.9992961010731113,final
deep_3x16,4,fc,2,0.050000,0.9982174852433421,0.9971948653968338,final
deep_3x16,4,fc,2,0.075000,0.996000548505057,0.9937069079517921,final
deep_3x16,4,fc,2,0.100000,0.9929202822229763,0.9888531709729896,final
deep_3x16,4,fc,2,0.125000,0.9890038669271478,0.9826625583062567,final
deep_3x16,4,fc,2,0.150000,0.9842896014942348,0.9751715344708285,final
deep_3x16,4,fc,2,0.175000,0.978828022471745,0.9664236288215278,final
deep_3x16,4,fc,2,0.200000,0.9726828176082999,0.95646885815437,final
deep_3x16,4,fc,2,0.225000,0.9659315398257882,0.9453630826547406,final
deep_3x16,4,fc,2,0.250000,0.9586661185880796,0.9331673109752425,final
deep_3x16,4,fc,2,0.275000,0.9509931525158208,0.919946970463837,final
deep_3x16,4,fc,2,0.300000,0.943033950660899,0.9057711581949571,final
deep_3x16,4,fc,2,0.325000,0.9349242693689422,0.890711887570984,final
deep_3x16,4,fc,2,0.350000,0.9268136650314754,0.8748433439638938,final
deep_3x16,4,fc,2,0.375000,0.918864347612794,0.8582411612720591,final
deep_3x16,4,fc,2,0.400000,0.9112493746114191,0.8409817294902436,final
deep_3x16,4,fc,2,0.425000,0.9041499741552002,0.8231415415386202,final
deep_3x16,4,fc,2,0.450000,0.8977517422423086,0.8047965857616002,final
deep_3x16,4,fc,2,0.475000,0.8922394470680134,0.7860217887637229,final
deep_3x16,4,fc,2,0.500000,0.8877902270164321,0.7668905116525188,final
deep_3x16,4,fc,2,0.525000,0.8845651241642394,0.7474741013425734,final
deep_3x16,4,fc,2,0.550000,0.8826991746295179,0.72784149735908,final
deep_3x16,4,fc,2,0.575000,0.88229067023729,0.7080588935663934,final
deep_3x16,4,fc,2,0.600000,0.8833906518241245,0.6881894534295714,final
deep_3x16,4,fc,2,0.625000,0.8859940785204647,0.668293076778535,final
deep_3x16,4,fc,2,0.650000,0.8900342929892766,0.6484262155643347,final
deep_3x16,4,fc,2,0.675000,0.8953822398907463,0.6286417357517053,final
deep_3x16,4,fc,2,0.700000,0.9018513418580655,0.6089888222581751,final
deep_3x16,4,fc,2,0.725000,0.9092080655033384,0.589512923705394,final
deep_3x16,4,fc,2,0.750000,0.9171872136440499,0.570255733673549,final
deep_3x16,4,fc,2,0.775000,0.9255101188426116,0.551255205128223,final
deep_3x16,4,fc,2,0.800000,0.9339034201895089,0.5325455947076924,final
deep_3x16,4,fc,2,0.825000,0.9421161007304724,0.5141575336073486,final
deep_3x16,4,fc,2,0.850000,0.949932918556441,0.49611812186950627,final
deep_3x16,4,fc,2,0.875000,0.9571831264133788,0.4784510429764151,final
deep_3x16,4,fc,2,0.900000,0.9637442295849054,0.4611766957488485,final
deep_3x16,4,fc,2,0.925000,0.9695412812523097,0.4443123406704296,final
deep_3x16,4,fc,2,0.950000,0.9745427265761254,0.4278722578879763,final
deep_3x16,4,fc,2,0.975000,0.9787540339028851,0.4118679142800541,final
deep_3x16,4,fc,2,1.000000,0.9822103199588358,0.39630813713912205,final
deep_3x16,4,fc,2,1.025000,0.9849689590079729,0.38119929217645976,final
deep_3x16,4,fc,2,1.050000,0.9871028548345654,0.3665454637324295,final
deep_3x16,4,fc,2,1.075000,0.9886947335803616,0.35234863525610427,final
deep_3x16,4,fc,2,1.100000,0.9898325470905512,0.3386088683060421,final
deep_3x16,4,fc,2,1.125000,0.9906058936551865,0.325324478515772,final
deep_3x16,4,fc,2,1.150000,0.9911032712974285,0.31249220716094483,final
deep_3x16,4,fc,2,1.175000,0.991409962713277,0.3001073871574854,final
deep_3x16,4,fc,2,1.200000,0.9916063842222088,0.28816410250883695,final
deep_3x16,4,fc,2,1.225000,0.9917667857152227,0.27665534040303363,final
deep_3x16,4,fc,2,1.250000,0.9919582421101671,0.2655731353345545,final
deep_3x16,4,fc,2,1.275000,0.9922399156458327,0.2549087047897165,final
deep_3x16,4,fc,2,1.300000,0.992662587814241,0.24465257618608027,final
deep_3x16,4,fc,2,1.325000,0.9932684619435159,0.234794704894746,final
deep_3x16,4,fc,2,1.350000,0.9940912281646753,0.22532458329861285,final
deep_3x16,4,fc,2,1.375000,0.9951563683157227,0.21623134094921204,final
deep_3x16,4,fc,2,1.400000,0.9964816647328175,0.2075038359795181,final
deep_3x16,4,fc,2,1.425000,0.9980778673145975,0.199130738010403,final
deep_3x16,4,fc,2,1.450000,0.9999494691186037,0.19110060285465802,final
deep_3x16,4,fc,2,1.475000,1.0020955418457569,0.18340193937552854,final
deep_3x16,4,fc,2,1.500000,1.0045105877105562,0.17602326889740094,final
deep_3x16,4,fc,2,1.525000,1.007185371832541,0.16895317759573308,final
deep_3x16,4,fc,2,1.550000,1.0101077079353298,0.16218036231265762,final
deep_3x16,4,fc,2,1.575000,1.013263178630865,0.15569367025510647,final
deep_3x16,4,fc,2,1.600000,1.016635779121933,0.14948213303498506,final
deep_3x16,4,fc,2,1.625000,1.0202084793719373,0.1435349955070108,final
deep_3x16,4,fc,2,1.650000,1.0239637045565293,0.13784173985045117,final
deep_3x16,4,fc,2,1.675000,1.0278837370128002,0.13239210532712925,final
deep_3x16,4,fc,2,1.700000,1.0319510451328309,0.12717610413072902,final
deep_3x16,4,fc,2,1.725000,1.0361485459451922,0.12218403372238908,final
deep_3x16,4,fc,2,1.750000,1.040459808722621,0.11740648602565415,final
deep_3x16,4,fc,2,1.775000,1.0448692070504277,0.11283435383068481,final
deep_3x16,4,fc,2,1.800000,1.0493620265534036,0.1084588347337509,final
deep_3x16,4,fc,2,1.825000,1.053924535035185,0.1042714329139894,final
deep_3x16,4,fc,2,1.850000,1.058544021224625,0.10026395902552457,final
deep_3x16,4,fc,2,1.875000,1.0632088077120094,0.09642852845968962,final
deep_3x16,4,fc,2,1.900000,1.0679082430360083,0.09275755820948363,final
deep_3x16,4,fc,2,1.925000,1.072632677276655,0.08924376254675773,final
deep_3x16,4,fc,2,1.950000,1.0773734249364557,0.08588014770206033,final
deep_3x16,4,fc,2,1.975000,1.0821227183597089,0.08266000571771653,final
deep_3x16,4,fc,2,2.000000,1.086873654453586,0.07957690762659296,final
deep_3x16,4,fc,2,2.025000,1.0916201370347098,0.07662469609216203,final
deep_3x16,4,fc,2,2.050000,1.096356816731332,0.0737974776299044,final
deep_3x16,4,fc,2,2.075000,1.1010790300220687,0.07108961451578498,final
deep_3x16,4,fc,2,2.100000,1.1057827386851122,0.06849571647443305,final
deep_3x16,4,fc,2,2.125000,1.1104644706641302,0.06601063222774378,final
deep_3x16,4,fc,2,2.150000,1.1151212631256713,0.06362944097380911,final
deep_3x16,4,fc,2,2.175000,1.119750608284703,0.06134744385632948,final
deep_3x16,4,fc,2,2.200000,1.1243504024068502,0.05916015547589158,final
deep_3x16,4,fc,2,2.225000,1.1289188982548373,0.05706329548664664,final
deep_3x16,4,fc,2,2.250000,1.1334546611297096,0.05505278031492643,final
deep_3x16,4,fc,2,2.275000,1.1379565285617284,0.05312471503010885,final
deep_3x16,4,fc,2,2.300000,1.1424235736288215,0.0512753853925513,final
deep_3x16,4,fc,2,2.325000,1.1468550718196522,0.049501250098557395,final
deep_3x16,4,fc,2,2.350000,1.15125047131152,0.047798933238089425,final
deep_3x16,4,fc,2,2.375000,1.1556093664983587,0.046165216977224074,final
deep_3x16,4,fc,2,2.400000,1.1599314745792535,0.044597034474109544,final
deep_3x16,4,fc,2,2.425000,1.1642166150015048,0.04309146303439602,final
deep_3x16,4,fc,2,2.450000,1.1684646915428405,0.04164571750968536,final
deep_3x16,4,fc,2,2.475000,1.1726756768137279,0.040257143940502574,final
deep_3x16,4,fc,2,2.500000,1.17684959896167,0.038923213443524764,final
deep_3x16,4,fc,2,2.525000,1.1809865303639597,0.03764151634132921,final
deep_3x16,4,fc,2,2.550000,1.185086578102826,0.036409756531684365,final
deep_3x16,4,fc,2,2.575000,1.1891498760264512,0.03522574609238472,final
deep_3x16,4,fc,2,2.600000,1.1931765782104506,0.034087400116785065,final
deep_3x16,4,fc,2,2.625000,1.1971668536465496,0.03299273177452561,final
deep_3x16,4,fc,2,2.650000,1.2011208819979462,0.03193984759139919,final
deep_3x16,4,fc,2,2.675000,1.205038850273898,0.030926942941904803,final
deep_3x16,4,fc,2,2.700000,1.208920950289107,0.029952297747731768,final
deep_3x16,4,fc,2,2.725000,1.2127673767863056,0.02901427237521226,final
deep_3x16,4,fc,2,2.750000,1.2165783261128713,0.02811130372463498,final
deep_3x16,4,fc,2,2.775000,1.220353995354195,0.027241901504269916,final
deep_3x16,4,fc,2,2.800000,1.2240945818377849,0.026404644681927984,final
deep_3x16,4,fc,2,2.825000,1.227800282932684,0.025598178106928483,final
deep_3x16,4,fc,2,2.850000,1.231471296078574,0.024821209295431242,final
deep_3x16,4,fc,2,2.875000,1.2351078189880096,0.024072505372191445,final
deep_3x16,4,fc,2,2.900000,1.2387100499735146,0.023350890161948933,final
deep_3x16,4,fc,2,2.925000,1.2422781883587863,0.022655241423814636,final
deep_3x16,4,fc,2,2.950000,1.2458124349400121,0.02198448822219974,final
deep_3x16,4,fc,2,2.975000,1.249312992469369,0.021337608428025324,final
deep_3x16,4,fc,2,3.000000,1.2527800661381197,0.020713626344142904,final
deep_3x16,4,fc,2,3.025000,1.2562138640414429,0.020111610449121096,final
deep_3x16,4,fc,2,3.050000,1.259614597611255,0.019530671253741985,final
deep_3x16,4,fc,2,3.075000,1.2629824820067985,0.018969959264783273,final
deep_3x16,4,fc,2,3.100000,1.266317736455852,0.01842866305087054,final
deep_3x16,4,fc,2,3.125000,1.2696205845419464,0.01790600740538857,final
deep_3x16,4,fc,2,3.150000,1.2728912544351552,0.01740125160166688,final
deep_3x16,4,fc,2,3.175000,1.2761299790657477,0.01691368773584563,final
deep_3x16,4,fc,2,3.200000,1.2793369962414822,0.016442639153041987,final
deep_3x16,4,fc,2,3.225000,1.2825125487104028,0.015987458952627043,final
deep_3x16,4,fc,2,3.250000,1.2856568841718998,0.01554752856862642,final
deep_3x16,4,fc,2,3.275000,1.2887702552394487,0.015122256421425359,final
deep_3x16,4,fc,2,3.300000,1.2918529193588828,0.014711076637163482,final
deep_3x16,4,fc,2,3.325000,1.2949051386863781,0.014313447831357885,final
deep_3x16,4,fc,2,3.350000,1.2979271799304526,0.013928851953473702,final
deep_3x16,4,fc,2,3.375000,1.300919314162354,0.013556793189317143,final
deep_3x16,4,fc,2,3.400000,1.3038818165991635,0.013196796918281035,final
deep_3x16,4,fc,2,3.425000,1.3068149663638011,0.012848408722622606,final
deep_3x16,4,fc,2,3.450000,1.3097190462259682,0.012511193446095005,final
deep_3x16,4,fc,2,3.475000,1.3125943423278357,0.012184734299390572,final
deep_3x16,4,fc,2,3.500000,1.315441143898027,0.011868632009980432,final
deep_3x16,4,fc,2,3.525000,1.3182597429571952,0.011562504014061415,final
deep_3x16,4,fc,2,3.550000,1.321050434018202,0.011265983688439207,final
deep_3x16,4,fc,2,3.575000,1.323813513783623,0.010978719620289117,final
deep_3x16,4,fc,2,3.600000,1.3265492808430275,0.010700374912838966,final
deep_3x16,4,fc,2,3.625000,1.3292580353721999,0.010430626525124654,final
deep_3x16,4,fc,2,3.650000,1.3319400788362044,0.010169164644067214,final
deep_3x16,4,fc,2,3.675000,1.3345957136979478,0.00991569208720407,final
deep_3x16,4,fc,2,3.700000,1.3372252431336418,0.009669923734501585,final
deep_3x16,4,fc,2,3.725000,1.3398289707563706,0.009431585987756015,final
deep_3x16,4,fc,2,3.750000,1.3424072003487268,0.009200416256170275,final
deep_3x16,4,fc,2,3.775000,1.3449602356053287,0.008976162466764602,final
deep_3x16,4,fc,2,3.800000,1.347488379885835,0.008758582598353621,final
deep_3x16,4,fc,2,3.825000,1.3499919359789214,0.00854744423788731,final
deep_3x16,4,fc,2,3.850000,1.3524712058775643,0.008342524158018077,final
deep_3x16,4,fc,2,3.875000,1.3549264905658271,0.008143607914814084,final
deep_3x16,4,fc,2,3.900000,1.3573580898172526,0.007950489464597189,final
deep_3x16,4,fc,2,3.925000,1.3597663020048742,0.007762970798941056,final
deep_3x16,4,fc,2,3.950000,1.3621514239227657,0.007580861596905375,final
deep_3x16,4,fc,2,3.975000,1.3645137506189808,0.007403978893646075,final
deep_3x16,4,fc,2,4.000000,1.366853575239689,0.0072321467645740005,final
deep_3x16,4,fc,2,4.025000,1.3691711888842473,0.0070651960242810626,final
deep_3x16,4,fc,2,4.050000,1.3714668804709162,0.00690296393950086,final
deep_3x16,4,fc,2,4.075000,1.373740936612895,0.006745293955398438,final
deep_3x16,4,fc,2,4.100000,1.3759936415043292,0.00659203543452906,final
deep_3x16,4,fc,2,4.125000,1.3782252768159122,0.0064430434078363,final
deep_3x16,4,fc,2,4.150000,1.3804361215997074,0.006298178337093973,final
deep_3x16,4,fc,2,4.175000,1.3826264522027891,0.006157305888229191,final
deep_3x16,4,fc,2,4.200000,1.384796542189315,0.006020296714986096,final
deep_3x16,4,fc,2,4.225000,1.3869466622706215,0.005887026252428785,final
deep_3x16,4,fc,2,4.250000,1.3890770802429548,0.005757374519800969,final
deep_3x16,4,fc,2,4.275000,1.391188060932442,0.005631225932281169,final
deep_3x16,4,fc,2,4.300000,1.3932798661469157,0.005508469121209777,final
deep_3x16,4,fc,2,4.325000,1.3953527546342166,0.005388996762367058,final
deep_3x16,4,fc,2,4.350000,1.3974069820466095,0.005272705411922309,final
deep_3x16,4,fc,2,4.375000,1.3994428009109452,0.005159495349679465,final
deep_3x16,4,fc,2,4.400000,1.4014604606042418,0.005049270429270179,final
deep_3x16,4,fc,2,4.425000,1.4034602073343336,0.004941937934961711,final
deep_3x16,4,fc,2,4.450000,1.405442284125279,0.004837408444764286,final
deep_3x16,4,fc,2,4.475000,1.4074069308072181,0.004735595699538422,final
deep_3x16,4,fc,2,4.500000,1.4093543840103822,0.00463641647781682,final
deep_3x16,4,fc,2,4.525000,1.4112848771629802,0.004539790476073858,final
deep_3x16,4,fc,2,4.550000,1.4131986404926897,0.0044456401941804025,final
deep_3x16,4,fc,2,4.575000,1.415095901031497,0.0043538908258078015,final
deep_3x16,4,fc,2,4.600000,1.4169768826236504,0.004264470153542824,final
deep_3x16,4,fc,2,4.625000,1.4188418059364858,0.004177308448501121,final
deep_3x16,4,fc,2,4.650000,1.4206908884739218,0.00409233837422035,final
deep_3x16,4,fc,2,4.675000,1.4225243445923963,0.004009494894645649,final
deep_3x16,4,fc,2,4.700000,1.4243423855190736,0.003928715186011864,final
deep_3x16,4,fc,2,4.725000,1.4261452193721178,0.003849938552444208,final
deep_3x16,4,fc,2,4.750000,1.427933051182872,0.0037731063451085585,final
deep_3x16,4,fc,2,4.775000,1.4297060829197699,0.003698161884748136,final
deep_3x16,4,fc,2,4.800000,1.4314645135138317,0.0036250503874534,final
deep_3x16,4,fc,2,4.825000,1.433208538885595,0.0035537188935180495,final
deep_3x16,4,fc,2,4.850000,1.4349383519733496,0.0034841161992384935,final
deep_3x16,4,fc,2,4.875000,1.436654142762536,0.003416192791532784,final
deep_3x16,4,fc,2,4.900000,1.4383560983162058,0.003349900785240403,final
deep_3x16,4,fc,2,4.925000,1.4400444028064114,0.0032851938629953315,final
deep_3x16,4,fc,2,4.950000,1.4417192375464336,0.0032220272175482114,final
deep_3x16,4,fc,2,4.975000,1.4433807810237453,0.003160357496432501,final
deep_3x16,4,fc,2,5.000000,1.4450292089336059,0.0031001427488730796,final
deep_3x16,4,fc,2,5.025000,1.4466646942132242,0.0030413423748346722,final
deep_3x16,4,fc,2,5.050000,1.4482874070763834,0.0029839170761159985,final
deep_3x16,4,fc,2,5.075000,1.4498975150484736,0.0029278288094051505,final
deep_3x16,4,fc,2,5.100000,1.451495183001847,0.0028730407412039653,final
deep_3x16,4,fc,2,5.125000,1.4530805731914371,0.0028195172045440277,final
deep_3x16,4,fc,2,5.150000,1.4546538452905828,0.002767223657416334,final
deep_3x16,4,fc,2,5.175000,1.4562151564269923,0.002716126642840039,final
deep_3x16,4,fc,2,5.200000,1.457764661218808,0.0026661937504989823,final
deep_3x16,4,fc,2,5.225000,1.459302511810707,0.0026173935798797948,final
deep_3x16,4,fc,2,5.250000,1.4608288579100075,0.00256969570484818,final
deep_3x16,4,fc,2,5.275000,1.4623438468227319,0.002523070639600119,final
deep_3x16,4,fc,2,5.300000,1.4638476234895836,0.002477489805931105,final
deep_3x16,4,fc,2,5.325000,1.4653403305218138,0.0024329255017677574,final
deep_3x16,4,fc,2,5.350000,1.4668221082369368,0.002389350870906149,final
deep_3x16,4,fc,2,5.375000,1.468293094694264,0.0023467398739123713,final
deep_3x16,4,fc,2,5.400000,1.469753425730236,0.002305067260127343,final
deep_3x16,4,fc,2,5.425000,1.471203234993515,0.0022643085407395933,final
deep_3x16,4,fc,2,5.450000,1.47264265397983,0.0022244399628739303,final
deep_3x16,4,fc,2,5.475000,1.4740718120665437,0.002185438484659717,final
deep_3x16,4,fc,2,5.500000,1.475490836546918,0.002147281751233332,final
deep_3x16,4,fc,2,5.525000,1.4768998526640755,0.00210994807163994,final
deep_3x16,4,fc,2,5.550000,1.4782989836446294,0.002073416396598594,final
deep_3x16,4,fc,2,5.575000,1.4796883507319667,0.002037666297088671,final
deep_3x16,4,fc,2,5.600000,1.4810680732191857,0.002002677943734377,final
deep_3x16,4,fc,2,5.625000,1.4824382684816588,0.0019684320869470203,final
deep_3x16,4,fc,2,5.650000,1.4837990520092237,0.001934910037795905,final
deep_3x16,4,fc,2,5.675000,1.4851505374379912,0.0019020936495821128,final
deep_3x16,4,fc,2,5.700000,1.4864928365817531,0.0018699653000843219,final
deep_3x16,4,fc,2,5.725000,1.4878260594630046,0.0018385078744475162,final
deep_3x16,4,fc,2,5.750000,1.4891503143435472,0.001807704748695522,final
deep_3x16,4,fc,2,5.775000,1.4904657077546941,0.0017775397738341902,final
deep_3x16,4,fc,2,5.800000,1.4917723445270565,0.0017479972605298807,final
deep_3x16,4,fc,2,5.825000,1.4930703278199173,0.0017190619643353434,final
deep_3x16,4,fc,2,5.850000,1.494359759150182,0.0016907190714431513,final
deep_3x16,4,fc,2,5.875000,1.4956407384209163,0.0016629541849460688,final
deep_3x16,4,fc,2,5.900000,1.4969133639494565,0.0016357533115849763,final
deep_3x16,4,fc,2,5.925000,1.4981777324951036,0.0016091028489635777,final
deep_3x16,4,fc,2,5.950000,1.49943393928639,0.0015829895732162476,final
deep_3x16,4,fc,2,5.975000,1.5006820780479333,0.0015574006271040614,final
deep_3x16,4,fc,2,6.000000,1.5019222410268644,0.0015323235085293945,final
deep_3x16,4,fc,5,0.000000,1.0,0.9999990149527557,final
deep_3x16,4,fc,5,0.025000,0.9995872704747247,0.9995535545956326,final
deep_3x16,4,fc,5,0.050000,0.9983514545477228,0.9982182550348954,final
deep_3x16,4,fc,5,0.075000,0.9963003517576154,0.9959963639857915,final
deep_3x16,4,fc,5,0.100000,0.99344831259914,0.9928933046151531,final
deep_3x16,4,fc,5,0.125000,0.9898172244423586,0.988916689954814,final
deep_3x16,4,fc,5,0.150000,0.9854373338609497,0.9840763410260884,final
deep_3x16,4,fc,5,0.175000,0.9803479079339279,0.9783843067201043,final
deep_3x16,4,fc,5,0.200000,0.974597738443079,0.9718548830579382,final
deep_3x16,4,fc,5,0.225000,0.9682454903558593,0.9645046291303571,final
deep_3x16,4,fc,5,0.250000,0.9613598896104205,0.95635237680383,final
deep_3x16,4,fc,5,0.275000,0.9540197351140456,0.9474192311874634,final
deep_3x16,4,fc,5,0.300000,0.946313706212825,0.9377285588901255,final
deep_3x16,4,fc,5,0.325000,0.9383399200969698,0.9273059612587633,final
deep_3x16,4,fc,5,0.350000,0.9302051746405627,0.9161792300730569,final
deep_3x16,4,fc,5,0.375000,0.922023793097848,0.904378283568314,final
deep_3x16,4,fc,5,0.400000,0.913915971681131,0.8919350811532322,final
deep_3x16,4,fc,5,0.425000,0.906005525345262,0.8788835157629997,final
deep_3x16,4,fc,5,0.450000,0.8984169393032304,0.8652592834188174,final
deep_3x16,4,fc,5,0.475000,0.8912716732315059,0.8510997302275789,final
deep_3x16,4,fc,5,0.500000,0.8846837398264884,0.8364436777241008,final
deep_3x16,4,fc,5,0.525000,0.87875469228859,0.8213312281068833,final
deep_3x16,4,fc,5,0.550000,0.8735682998569803,0.8058035515220902,final
deep_3x16,4,fc,5,0.575000,0.869185347058516,0.789902658086808,final
deep_3x16,4,fc,5,0.600000,0.8656391277114713,0.7736711577926741,final
deep_3x16,4,fc,5,0.625000,0.8629322768912355,0.7571520117798487,final
deep_3x16,4,fc,5,0.650000,0.86103555249931,0.7403882787090609,final
deep_3x16,4,fc,5,0.675000,0.8598890181653375,0.7234228600810844,final
deep_3x16,4,fc,5,0.700000,0.8594057959487863,0.7062982483585597,final
deep_3x16,4,fc,5,0.725000,0.8594781920506503,0.6890562816393245,final
deep_3x16,4,fc,5,0.750000,0.8599856239516286,0.6717379084223036,final
deep_3x16,4,fc,5,0.775000,0.8608034785889058,0.6543829657089731,final
deep_3x16,4,fc,5,0.800000,0.8618118813717642,0.6370299733105577,final
deep_3x16,4,fc,5,0.825000,0.86290339190841,0.6197159468002725,final
deep_3x16,4,fc,5,0.850000,0.8639888530917939,0.6024762310788355,final
deep_3x16,4,fc,5,0.875000,0.8650009509097557,0.5853443560278541,final
deep_3x16,4,fc,5,0.900000,0.8658954132773052,0.5683519152265687,final
deep_3x16,4,fc,5,0.925000,0.8666501073797319,0.5515284682184035,final
deep_3x16,4,fc,5,0.950000,0.8672625276891883,0.5349014663486072,final
deep_3x16,4,fc,5,0.975000,0.8677462748482411,0.5184962017644935,final
deep_3x16,4,fc,5,1.000000,0.8681271153883268,0.5023357787844921,final
deep_3x16,4,fc,5,1.025000,0.8684391136711351,0.4864411065080455,final
deep_3x16,4,fc,5,1.050000,0.868721181007528,0.4708309112594444,final
deep_3x16,4,fc,5,1.075000,0.8690142316467415,0.45552176723692184,final
deep_3x16,4,fc,5,1.100000,0.8693590006029174,0.44052814357346226,final
deep_3x16,4,fc,5,1.125000,0.8697944804436943,0.42586246590588206,final
deep_3x16,4,fc,5,1.150000,0.870356877279586,0.41153519049035014,final
deep_3x16,4,fc,5,1.175000,0.8710789653276527,0.3975548888910253,final
deep_3x16,4,fc,5,1.200000,0.8719897247551691,0.38392834129850273,final
deep_3x16,4,fc,5,1.225000,0.8731141680340068,0.370660636600358,final
deep_3x16,4,fc,5,1.250000,0.8744732861670398,0.3577552774211005,final
deep_3x16,4,fc,5,1.275000,0.8760840710402674,0.34521428846717805,final
deep_3x16,4,fc,5,1.300000,0.8779595899560854,0.3330383266483743,final
deep_3x16,4,fc,5,1.325000,0.8801091017911586,0.32122679159448314,final
deep_3x16,4,fc,5,1.350000,0.8825382116147205,0.30977793534049813,final
deep_3x16,4,fc,5,1.375000,0.8852490633469718,0.2986889701102368,final
deep_3x16,4,fc,5,1.400000,0.8882405697559947,0.2879561732835211,final
deep_3x16,4,fc,5,1.425000,0.8915086772607305,0.277574988782547,final
deep_3x16,4,fc,5,1.450000,0.895046660746147,0.26754012425636026,final
deep_3x16,4,fc,5,1.475000,0.8988454416217146,0.25784564357642004,final
deep_3x16,4,fc,5,1.500000,0.9028939210306098,0.24848505427970202,final
deep_3x16,4,fc,5,1.525000,0.9071793195497473,0.2394513897077521,final
deep_3x16,4,fc,5,1.550000,0.9116875148509731,0.2307372856900662,final
deep_3x16,4,fc,5,1.575000,0.916403369478233,0.2223350517080542,final
deep_3x16,4,fc,5,1.600000,0.9213110419636936,0.2142367365518528,final
deep_3x16,4,fc,5,1.625000,0.9263942757943662,0.20643418854680623,final
deep_3x16,4,fc,5,1.650000,0.9316366621121763,0.198919110480207,final
deep_3x16,4,fc,5,1.675000,0.9370218733786245,0.19168310940259609,final
deep_3x16,4,fc,5,1.700000,0.9425338664856477,0.1847177415124742,final
deep_3x16,4,fc,5,1.725000,0.9481570548996123,0.17801455235952063,final
deep_3x16,4,fc,5,1.750000,0.9538764503602245,0.1715651126203154,final
deep_3x16,4,fc,5,1.775000,0.9596777754119161,0.16536104971299231,final
deep_3x16,4,fc,5,1.800000,0.9655475486255007,0.15939407552411586,final
deep_3x16,4,fc,5,1.825000,0.9714731447843127,0.1536560105231757,final
deep_3x16,4,fc,5,1.850000,0.9774428325785728,0.14813880453823608,final
deep_3x16,4,fc,5,1.875000,0.983445792493999,0.14283455446115373,final
deep_3x16,4,fc,5,1.900000,0.9894721176165423,0.13773551914301999,final
deep_3x16,4,fc,5,1.925000,0.995512800024908,0.13283413173068498,final
deep_3x16,4,fc,5,1.950000,1.0015597053256446,0.12812300968388157,final
deep_3x16,4,fc,5,1.975000,1.0076055377195894,0.12359496270000238,final
deep_3x16,4,fc,5,2.000000,1.013643797788788,0.11924299876040963,final
deep_3x16,4,fc,5,2.025000,1.0196687349730167,0.11506032849854929,final
deep_3x16,4,fc,5,2.050000,1.025675296475622,0.11104036807640862,final
deep_3x16,4,fc,5,2.075000,1.0316590741084972,0.10717674074218457,final
deep_3x16,4,fc,5,2.100000,1.0376162503624482,0.10346327722860513,final
deep_3x16,4,fc,5,2.125000,1.0435435447771082,0.09989401513832925,final
deep_3x16,4,fc,5,2.150000,1.0494381614874693,0.09646319745030717,final
deep_3x16,4,fc,5,2.175000,1.055297738644326,0.09316527026902503,final
deep_3x16,4,fc,5,2.200000,1.061120300244613,0.08999487992723759,final
deep_3x16,4,fc,5,2.225000,1.0669042107652196,0.08694686954211561,final
deep_3x16,4,fc,5,2.250000,1.0726481328700266,0.0840162751147613,final
deep_3x16,4,fc,5,2.275000,1.07835098835389,0.08119832125375193,final
deep_3x16,4,fc,5,2.300000,1.0840119223980202,0.07848841659474731,final
deep_3x16,4,fc,5,2.325000,1.089630271137314,0.07588214898026313,final
deep_3x16,4,fc,5,2.350000,1.095205532480309,0.07337528045640314,final
deep_3x16,4,fc,5,2.375000,1.1007373400749787,0.0709637421366524,final
deep_3x16,4,fc,5,2.400000,1.1062254402772045,0.06864362897674837,final
deep_3x16,4,fc,5,2.425000,1.1116696719519197,0.06641119449909502,final
deep_3x16,4,fc,5,2.450000,1.1170699489183342,0.06426284550016602,final
deep_3x16,4,fc,5,2.475000,1.1224262448390756,0.06219513676981234,final
deep_3x16,4,fc,5,2.500000,1.1277385803473128,0.060204765847302694,final
deep_3x16,4,fc,5,2.525000,1.1330070122050395,0.05828856783526772,final
deep_3x16,4,fc,5,2.550000,1.138231624288646,0.05644351028943357,final
deep_3x16,4,fc,5,2.575000,1.1434125202040133,0.05466668819911841,final
deep_3x16,4,fc,5,2.600000,1.14854981734181,0.05295531907085509,final
deep_3x16,4,fc,5,2.625000,1.153643642193915,0.05130673812520908,final
deep_3x16,4,fc,5,2.650000,1.1586941267633732,0.04971839361481907,final
deep_3x16,4,fc,5,2.675000,1.1637014059126074,0.048187842269903004,final
deep_3x16,4,fc,5,2.700000,1.1686656155073043,0.046712744875897896,final
deep_3x16,4,fc,5,2.725000,1.1735868912262823,0.045290861986530255,final
deep_3x16,4,fc,5,2.750000,1.1784653679203736,0.04392004977442389,final
deep_3x16,4,fc,5,2.775000,1.183301179415749,0.04259825602031256,final
deep_3x16,4,fc,5,2.800000,1.1880944586690623,0.04132351624104625,final
deep_3x16,4,fc,5,2.825000,1.1928453381931183,0.04009394995580804,final
deep_3x16,4,fc,5,2.850000,1.1975539506823905,0.03890775708931617,final
deep_3x16,4,fc,5,2.875000,1.202220429777646,0.037763214510238105,final
deep_3x16,4,fc,5,2.900000,1.2068449109180377,0.036658672702594416,final
deep_3x16,4,fc,5,2.925000,1.2114275322373598,0.03559255256754023,final
deep_3x16,4,fc,5,2.950000,1.2159684354686948,0.034563342352615975,final
deep_3x16,4,fc,5,2.975000,1.2204677668284618,0.03356959470530945,final
deep_3x16,4,fc,5,3.000000,1.2249256778568691,0.03260992384757856,final
deep_3x16,4,fc,5,3.025000,1.229342326197087,0.03168300286784069,final
deep_3x16,4,fc,5,3.050000,1.2337178763000727,0.030787561126827977,final
deep_3x16,4,fc,5,3.075000,1.238052500045977,0.02992238177364323,final
deep_3x16,4,fc,5,3.100000,1.2423463772764651,0.02908629936830695,final
deep_3x16,4,fc,5,3.125000,1.2465996962351584,0.028278197607078143,final
deep_3x16,4,fc,5,3.150000,1.2508126539157935,0.02749700714683811,final
deep_3x16,4,fc,5,3.175000,1.2549854563196476,0.02674170352486146,final
deep_3x16,4,fc,5,3.200000,1.2591183186253205,0.026011305170332698,final
deep_3x16,4,fc,5,3.225000,1.2632114652752113,0.025304871504035504,final
deep_3x16,4,fc,5,3.250000,1.267265129983894,0.024621501122705596,final
deep_3x16,4,fc,5,3.275000,1.2712795556742946,0.02396033006461559,final
deep_3x16,4,fc,5,3.300000,1.2752549943479587,0.02332053015304608,final
deep_3x16,4,fc,5,3.325000,1.2791917068959608,0.022701307414390606,final
deep_3x16,4,fc,5,3.350000,1.2830899628570573,0.022101900567731217,final
deep_3x16,4,fc,5,3.375000,1.2869500401296663,0.02152157958282148,final
deep_3x16,4,fc,5,3.400000,1.290772224644051,0.020959644303520642,final
deep_3x16,4,fc,5,3.425000,1.294556810000897,0.020415423133807592,final
deep_3x16,4,fc,5,3.450000,1.298304097082106,0.019888271783622076,final
deep_3x16,4,fc,5,3.475000,1.302014393639334,0.019377572071868618,final
deep_3x16,4,fc,5,3.500000,1.3056880138653781,0.018882730784027312,final
deep_3x16,4,fc,5,3.525000,1.3093252779531228,0.01840317858190917,final
deep_3x16,4,fc,5,3.550000,1.3129265116463629,0.017938368963193514,final
deep_3x16,4,fc,5,3.575000,1.316492045786377,0.017487777268482583,final
deep_3x16,4,fc,5,3.600000,1.3200222158577362,0.017050899733695963,final
deep_3x16,4,fc,5,3.625000,1.323517361536449,0.01662725258572584,final
deep_3x16,4,fc,5,3.650000,1.3269778262431362,0.01621637117935688,final
deep_3x16,4,fc,5,3.675000,1.3304039567036057,0.015817809173541454,final
deep_3x16,4,fc,5,3.700000,1.3337961025188299,0.015431137745210538,final
deep_3x16,4,fc,5,3.725000,1.3371546157460434,0.015055944838867765,final
deep_3x16,4,fc,5,3.750000,1.3404798504923703,0.014691834450308115,final
deep_3x16,4,fc,5,3.775000,1.3437721625221337,0.014338425942863312,final
deep_3x16,4,fc,5,3.800000,1.3470319088787643,0.013995353394657682,final
deep_3x16,4,fc,5,3.825000,1.350259447521999,0.013662264975421378,final
deep_3x16,4,fc,5,3.850000,1.3534551369808734,0.013338822351480577,final
deep_3x16,4,fc,5,3.875000,1.3566193360228425,0.0130247001176001,final
deep_3x16,4,fc,5,3.900000,1.3597524033391952,0.012719585254425991,final
deep_3x16,4,fc,5,3.925000,1.3628546972468265,0.012423176610320625,final
deep_3x16,4,fc,5,3.950000,1.365926575406281,0.012135184406454037,final
deep_3x16,4,fc,5,3.975000,1.3689683945559086,0.011855329764055456,final
deep_3x16,4,fc,5,4.000000,1.3719805102618776,0.011583344252793145,final
deep_3x16,4,fc,5,4.025000,1.374963276683724,0.011318969459285231,final
deep_3x16,4,fc,5,4.050000,1.3779170463550539,0.011061956574806305,final
deep_3x16,4,fc,5,4.075000,1.3808421699789761,0.010812066001288487,final
deep_3x16,4,fc,5,4.100000,1.3837389962377926,0.010569066974763647,final
deep_3x16,4,fc,5,4.125000,1.3866078716164658,0.010332737205431649,final
deep_3x16,4,fc,5,4.150000,1.3894491402393339,0.010102862533580738,final
deep_3x16,4,fc,5,4.175000,1.3922631437195592,0.009879236600621332,final
deep_3x16,4,fc,5,4.200000,1.3950502210207567,0.009661660534531725,final
deep_3x16,4,fc,5,4.225000,1.3978107083302844,0.009449942649044966,final
deep_3x16,4,fc,5,4.250000,1.4005449389436284,0.009243898155941826,final
deep_3x16,4,fc,5,4.275000,1.4032532431593756,0.00904334888984183,final
deep_3x16,4,fc,5,4.300000,1.405935948184218,0.008848123044917012,final
deep_3x16,4,fc,5,4.325000,1.4085933780474953,0.00865805492297805,final
deep_3x16,4,fc,5,4.350000,1.4112258535247486,0.008472984692407837,final
deep_3x16,4,fc,5,4.375000,1.413833692069812,0.008292758157448845,final
deep_3x16,4,fc,5,4.400000,1.4164172077549448,0.008117226537362866,final
deep_3x16,4,fc,5,4.425000,1.4189767112185574,0.007946246255021595,final
deep_3x16,4,fc,5,4.450000,1.4215125096200787,0.007779678734485535,final
deep_3x16,4,fc,5,4.475000,1.424024906601535,0.007617390207175521,final
deep_3x16,4,fc,5,4.500000,1.426514202255434,0.00745925152623505,final
deep_3x16,4,fc,5,4.525000,1.4289806930985565,0.007305137988719207,final
deep_3x16,4,fc,5,4.550000,1.431424672051279,0.007154929165255192,final
deep_3x16,4,fc,5,4.575000,1.4338464284220735,0.007008508736834862,final
deep_3x16,4,fc,5,4.600000,1.436246247896827,0.006865764338424728,final
deep_3x16,4,fc,5,4.625000,1.4386244125326786,0.006726587409077422,final
deep_3x16,4,fc,5,4.650000,1.4409812007560396,0.006590873048268464,final
deep_3x16,4,fc,5,4.675000,1.443316887364522,0.0064585198781628465,final
deep_3x16,4,fc,5,4.700000,1.445631743532481,0.006329429911565912,final
deep_3x16,4,fc,5,4.725000,1.4479260368199225,0.006203508425289461,final
deep_3x16,4,fc,5,4.750000,1.4502000311845107,0.006080663838708088,final
deep_3x16,4,fc,5,4.775000,1.4524539869964554,0.005960807597265741,final
deep_3x16,4,fc,5,4.800000,1.4546881610560412,0.005843854060718774,final
deep_3x16,4,fc,5,4.825000,1.4569028066135954,0.005729720395912886,final
deep_3x16,4,fc,5,4.850000,1.4590981733916992,0.005618326473881569,final
deep_3x16,4,fc,5,4.875000,1.4612745076094469,0.0055095947710962845,final
deep_3x16,4,fc,5,4.900000,1.4634320520085846,0.005403450274670497,final
deep_3x16,4,fc,5,4.925000,1.465571045881356,0.005299820391357137,final
deep_3x16,4,fc,5,4.950000,1.4676917250999066,0.00519863486017101,final
deep_3x16,4,fc,5,4.975000,1.469794322147097,0.005099825668480255,final
deep_3x16,4,fc,5,5.000000,1.4718790661485788,0.005003326971419181,final
deep_3x16,4,fc,5,5.025000,1.473946182906026,0.004909075014477372,final
deep_3x16,4,fc,5,5.050000,1.4759958949313783,0.004817008059132411,final
deep_3x16,4,fc,5,5.075000,1.478028421481993,0.004727066311396233,final
deep_3x16,4,fc,5,5.100000,1.4800439785966046,0.004639191853146637,final
deep_3x16,4,fc,5,5.125000,1.4820427791319837,0.004553328576135116,final
deep_3x16,4,fc,5,5.150000,1.4840250328002027,0.004469422118547324,final
deep_3x16,4,fc,5,5.175000,1.4859909462064338,0.0043874198040178055,final
deep_3x16,4,fc,5,5.200000,1.4879407228871828,0.0043072705829917705,final
deep_3x16,4,fc,5,5.225000,1.4898745633488926,0.004228924976334929,final
deep_3x16,4,fc,5,5.250000,1.4917926651068443,0.004152335021101629,final
deep_3x16,4,fc,5,5.275000,1.4936952227242908,0.004077454218365142,final
deep_3x16,4,fc,5,5.300000,1.495582427851758,0.0040042374830345975,final
deep_3x16,4,fc,5,5.325000,1.4974544692664664,0.003932641095565119,final
deep_3x16,4,fc,5,5.350000,1.4993115329118092,0.003862622655491328,final
deep_3x16,4,fc,5,5.375000,1.5011538019368476,0.0037941410367080836,final
deep_3x16,4,fc,5,5.400000,1.5029814567357695,0.003727156344421023,final
deep_3x16,4,fc,5,5.425000,1.5047946749872851,0.003661629873710311,final
deep_3x16,4,fc,5,5.450000,1.506593631693899,0.0035975240696294233,final
deep_3x16,4,fc,5,5.475000,1.508378499221043,0.003534802488785088,final
deep_3x16,4,fc,5,5.500000,1.5101494473360246,0.00347342976233753,final
deep_3x16,4,fc,5,5.525000,1.5119066432467738,0.0034133715603585552,final
deep_3x16,4,fc,5,5.550000,1.5136502516403387,0.003354594557501852,final
deep_3x16,4,fc,5,5.575000,1.5153804347211344,0.003297066399923296,final
deep_3x16,4,fc,5,5.600000,1.5170973522488944,0.0032407556734100657,final
deep_3x16,4,fc,5,5.625000,1.5188011615763235,0.0031856318726634857,final
deep_3x16,4,fc,5,5.650000,1.5204920176864218,0.003131665371696122,final
deep_3x16,4,fc,5,5.675000,1.5221700732294654,0.003078827395293707,final
deep_3x16,4,fc,5,5.700000,1.5238354785596306,0.003027089991503894,final
deep_3x16,4,fc,5,5.725000,1.5254883817712503,0.0029764260051096687,final
deep_3x16,4,fc,5,5.750000,1.5271289287346759,0.0029268090520475788,final
deep_3x16,4,fc,5,5.775000,1.5287572631317532,0.002878213494739797,final
deep_3x16,4,fc,5,5.800000,1.530373526490889,0.002830614418296118,final
deep_3x16,4,fc,5,5.825000,1.5319778582217058,0.00278398760755835,final
deep_3x16,4,fc,5,5.850000,1.53357039564927,0.002738309524953898,final
deep_3x16,4,fc,5,5.875000,1.5351512740478985,0.00269355728912338,final
deep_3x16,4,fc,5,5.900000,1.5367206266745328,0.002649708654298654,final
deep_3x16,4,fc,5,5.925000,1.5382785848016676,0.0026067419903964785,final
deep_3x16,4,fc,5,5.950000,1.5398252777498465,0.0025646362638050363,final
deep_3x16,4,fc,5,5.975000,1.5413608329197082,0.0025233710188360442,final
deep_3x16,4,fc,5,6.000000,1.5428853758235912,0.002482926359813787,final
deep_3x16,5,fx,,0.000000,1.0,1.0,final
deep_3x16,5,fx,,0.025000,1.0000397068509912,1.0001371734503082,final
deep_3x16,5,fx,,0.050000,1.000158691666745,1.0005484131007953,final
deep_3x16,5,fx,,0.075000,1.0003566943538988,1.0012328782849313,final
deep_3x16,5,fx,,0.100000,1.0006335786480414,1.002189172660767,final
deep_3x16,5,fx,,0.125000,1.000989557931069,1.0034153513166864,final
deep_3x16,5,fx,,0.150000,1.0014253905845416,1.0049089306249135,final
deep_3x16,5,fx,,0.175000,1.0019425426953517,1.0066669007499534,final
deep_3x16,5,fx,,0.200000,1.0025433169831364,1.0086857406950527,final
deep_3x16,5,fx,,0.225000,1.0032309477536325,1.010961435747421,final
deep_3x16,5,fx,,0.250000,1.004009662484591,1.0134894971626558,final
deep_3x16,5,fx,,0.275000,1.004884711316776,1.0162649839108355,final
deep_3x16,5,fx,,0.300000,1.0058623662565824,1.0192825262913066,final
deep_3x16,5,fx,,0.325000,1.0069498923106948,1.022536351210436,final
deep_3x16,5,fx,,0.350000,1.0081554930840442,1.0260203089066646,final
deep_3x16,5,fx,,0.375000,1.0094882336003923,1.0297279009001115,final
deep_3x16,5,fx,,0.400000,1.0109579432715952,1.0336523089397605,final
deep_3x16,5,fx,,0.425000,1.0125751020673455,1.0377864247198565,final
deep_3x16,5,fx,,0.450000,1.014350713039366,1.0421228801384386,final
deep_3x16,5,fx,,0.475000,1.0162961644452173,1.0466540778748243,final
deep_3x16,5,fx,,0.500000,1.0184230848034967,1.0513722220691275,final
deep_3x16,5,fx,,0.525000,1.020743194293309,1.056269348895353,final
deep_3x16,5,fx,,0.550000,1.0232681559778591,1.061337356830009,final
deep_3x16,5,fx,,0.575000,1.0260094303686933,1.0665680364302768,final
deep_3x16,5,fx,,0.600000,1.028978136830877,1.0719530994492863,final
deep_3x16,5,fx,,0.625000,1.0321849252331459,1.0774842071307018,final
deep_3x16,5,fx,,0.650000,1.0356398610420627,1.0831529975403624,final
deep_3x16,5,fx,,0.675000,1.0393523267186657,1.0889511118088369,final
deep_3x16,5,fx,,0.700000,1.0433309417793424,1.0948702191752313,final
deep_3x16,5,fx,,0.725000,1.0475835032193404,1.1009020407391494,final
deep_3x16,5,fx,,0.750000,1.0521169471710723,1.1070383718441337,final
deep_3x16,5,fx,,0.775000,1.0569373317006472,1.1132711030320084,final
deep_3x16,5,fx,,0.800000,1.0620498395732314,1.119592239523111,final
deep_3x16,5,fx,,0.825000,1.0674587986963784,1.1259939191922888,final
deep_3x16,5,fx,,0.850000,1.0731677168500136,1.1324684290245925,final
deep_3x16,5,fx,,0.875000,1.0791793263111544,1.139008220047757,final
deep_3x16,5,fx,,0.900000,1.0854956331622425,1.1456059207506675,final
deep_3x16,5,fx,,0.925000,1.0921179655110056,1.152254349008086,final
deep_3x16,5,fx,,0.950000,1.0990470146120226,1.1589465225418367,final
deep_3x16,5,fx,,0.975000,1.1062828630120336,1.1656756679574736,final
deep_3x16,5,fx,,1.000000,1.1138249943657565,1.172435228403129,final
deep_3x16,5,fx,,1.025000,1.1216722804836146,1.1792188699038115,final
deep_3x16,5,fx,,1.050000,1.1298229424478032,1.1860204864298936,final
deep_3x16,5,fx,,1.075000,1.1382744842136743,1.192834203762979,final
deep_3x16,5,fx,,1.100000,1.1470235989223683,1.1996543822257886,final
deep_3x16,5,fx,,1.125000,1.1560660500927722,1.2064756183452223,final
deep_3x16,5,fx,,1.150000,1.1653965318276052,1.2132927455194251,final
deep_3x16,5,fx,,1.175000,1.1750085140430377,1.220100833760554,final
deep_3x16,5,fx,,1.200000,1.1848940803942996,1.2268951885850992,final
deep_3x16,5,fx,,1.225000,1.195043767905023,1.2336713491231373,final
deep_3x16,5,fx,,1.250000,1.2054464182090034,1.2404250855168273,final
deep_3x16,5,fx,,1.275000,1.2160890506897872,1.2471523956769321,final
deep_3x16,5,fx,,1.300000,1.226956767590577,1.2538495014641662,final
deep_3x16,5,fx,,1.325000,1.2380327003311018,1.2605128443598486,final
deep_3x16,5,fx,,1.350000,1.2492980048152749,1.2671390806877225,final
deep_3x16,5,fx,,1.375000,1.2607319114939022,1.2737250764459462,final
deep_3x16,5,fx,,1.400000,1.2723118334568133,1.2802679018052352,final
deep_3x16,5,fx,,1.425000,1.2840135330087015,1.2867648253259727,final
deep_3x16,5,fx,,1.450000,1.295811344208841,1.2932133079438641,final
deep_3x16,5,fx,,1.475000,1.3076784459262283,1.2996109967704328,final
deep_3x16,5,fx,,1.500000,1.319587177284559,1.3059557187513589,final
deep_3x16,5,fx,,1.525000,1.3315093851388737,1.3122454742224083,final
deep_3x16,5,fx,,1.550000,1.3434167915985677,1.3184784303994812,final
deep_3x16,5,fx,,1.575000,1.3552813687017276,1.3246529148361825,final
deep_3x16,5,fx,,1.600000,1.3670757072051147,1.330767408879276,final
deep_3x16,5,fx,,1.625000,1.3787733670691633,1.3368205411494571,final
deep_3x16,5,fx,,1.650000,1.3903491985127931,1.3428110810720784,final
deep_3x16,5,fx,,1.675000,1.4017796243612548,1.3487379324797883,final
deep_3x16,5,fx,,1.700000,1.4130428766477312,1.3546001273065218,final
deep_3x16,5,fx,,1.725000,1.424119182873996,1.360396819389886,final
deep_3x16,5,fx,,1.750000,1.4349908998061087,1.3661272783967613,final
deep_3x16,5,fx,,1.775000,1.4456425950144083,1.3717908838848296,final
deep_3x16,5,fx,,1.800000,1.4560610784304118,1.3773871195108214,final
deep_3x16,5,fx,,1.825000,1.4662353878922005,1.3829155673944546,final
deep_3x16,5,fx,,1.850000,1.4761567339313564,1.3883759026453952,final
deep_3x16,5,fx,,1.875000,1.4858184099042255,1.3937678880590432,final
deep_3x16,5,fx,,1.900000,1.4952156740072675,1.3990913689855675,final
deep_3x16,5,fx,,1.925000,1.504345609785156,1.4043462683753405,final
deep_3x16,5,fx,,1.950000,1.5132069715024086,1.4095325820027964,final
deep_3x16,5,fx,,1.975000,1.5218000202743776,1.4146503738697032,final
deep_3x16,5,fx,,2.000000,1.5301263562122775,1.4196997717879212,final
deep_3x16,5,fx,,2.025000,1.5381887510957903,1.4246809631409094,final
deep_3x16,5,fx,,2.050000,1.5459909853035105,1.4295941908225116,final
deep_3x16,5,fx,,2.075000,1.5535376919534123,1.4344397493509262,final
deep_3x16,5,fx,,2.100000,1.5608342104685502,1.4392179811552137,final
deep_3x16,5,fx,,2.125000,1.5678864511125223,1.4439292730312083,final
deep_3x16,5,fx,,2.150000,1.5747007714501198,1.4485740527633122,final
deep_3x16,5,fx,,2.175000,1.5812838651883536,1.4531527859082907,final
deep_3x16,5,fx,,2.200000,1.5876426634423557,1.4576659727369123,final
deep_3x16,5,fx,,2.225000,1.5937842481456534,1.4621141453290472,final
deep_3x16,5,fx,,2.250000,1.5997157770777712,1.4664978648176454,final
deep_3x16,5,fx,,2.275000,1.6054444198050752,1.470817718776893,final
deep_3x16,5,fx,,2.300000,1.6109773037132789,1.475074318749721,final
deep_3x16,5,fx,,2.325000,1.6163214692421501,1.479268297909802,final
deep_3x16,5,fx,,2.350000,1.621483833405163,1.483400308853113,final
deep_3x16,5,fx,,2.375000,1.6264711606804392,1.4874710215141502,final
deep_3x16,5,fx,,2.400000,1.6312900403866426,1.491481121201892,final
deep_3x16,5,fx,,2.425000,1.6359468697019464,1.4954313067506453,final
deep_3x16,5,fx,,2.450000,1.6404478415402326,1.4993222887809725,final
deep_3x16,5,fx,,2.475000,1.6447989365618731,1.5031547880659621,final
deep_3x16,5,fx,,2.500000,1.6490059186631505,1.5069295339981974,final
deep_3x16,5,fx,,2.525000,1.653074333355892,1.5106472631528727,final
deep_3x16,5,fx,,2.550000,1.6570095085151018,1.514308717942618,final
deep_3x16,5,fx,,2.575000,1.6608165570358109,1.5179146453597039,final
deep_3x16,5,fx,,2.600000,1.6645003810000094,1.5214657958014208,final
deep_3x16,5,fx,,2.625000,1.668065677009704,1.5249629219745588,final
deep_3x16,5,fx,,2.650000,1.6715169423925496,1.5284067778750356,final
deep_3x16,5,fx,,2.675000,1.6748584820319932,1.5317981178388593,final
deep_3x16,5,fx,,2.700000,1.6780944156144724,1.5351376956607474,final
deep_3x16,5,fx,,2.725000,1.681228685122161,1.538426263776851,final
deep_3x16,5,fx,,2.750000,1.6842650624312288,1.5416645725081797,final
deep_3x16,5,fx,,2.775000,1.6872071569029332,1.5448533693614435,final
deep_3x16,5,fx,,2.800000,1.6900584228784354,1.5479933983841754,final
deep_3x16,5,fx,,2.825000,1.6928221670083345,1.5510853995711167,final
deep_3x16,5,fx,,2.850000,1.6955015553649537,1.5541301083189827,final
deep_3x16,5,fx,,2.875000,1.6980996202996752,1.5571282549268526,final
deep_3x16,5,fx,,2.900000,1.7006192670194713,1.5600805641395499,final
deep_3x16,5,fx,,2.925000,1.7030632798665066,1.562987754731498,final
deep_3x16,5,fx,,2.950000,1.7054343282925752,1.5658505391286572,final
deep_3x16,5,fx,,2.975000,1.7077349725264197,1.5686696230662598,final
deep_3x16,5,fx,,3.000000,1.70996766893695,1.5714457052801694,final
deep_3x16,5,fx,,3.025000,1.7121347750991551,1.5741794772298021,final
deep_3x16,5,fx,,3.050000,1.714238554572356,1.5768716228506432,final
deep_3x16,5,fx,,3.075000,1.7162811814024814,1.5795228183344976,final
deep_3x16,5,fx,,3.100000,1.7182647443614196,1.5821337319357038,final
deep_3x16,5,fx,,3.125000,1.7201912509373487,1.5847050238016365,final
deep_3x16,5,fx,,3.150000,1.72206263109036,1.587237345825908,final
deep_3x16,5,fx,,3.175000,1.7238807407877508,1.5897313415227634,final
deep_3x16,5,fx,,3.200000,1.7256473653331803,1.592187645921248,final
deep_3x16,5,fx,,3.225000,1.727364222503475,1.5946068854777975,final
deep_3x16,5,fx,,3.250000,1.7290329655063437,1.5969896780059818,final
deep_3x16,5,fx,,3.275000,1.7306551857716002,1.5993366326221994,final
deep_3x16,5,fx,,3.300000,1.7322324155878024,1.601648349706187,final
deep_3x16,5,fx,,3.325000,1.7337661305954484,1.6039254208752762,final
deep_3x16,5,fx,,3.350000,1.7352577521471189,1.6061684289713845,final
deep_3x16,5,fx,,3.375000,1.7367086495441968,1.6083779480597964,final
deep_3x16,5,fx,,3.400000,1.7381201421590398,1.6105545434388309,final
deep_3x16,5,fx,,3.425000,1.7394935014507862,1.6126987716595576,final
deep_3x16,5,fx,,3.450000,1.7408299528822777,1.6148111805547691,final
deep_3x16,5,fx,,3.475000,1.7421306777449506,1.6168923092764607,final
deep_3x16,5,fx,,3.500000,1.743396814897943,1.6189426883411182,final
deep_3x16,5,fx,,3.525000,1.744629462427123,1.6209628396821578,final
deep_3x16,5,fx,,3.550000,1.7458296792292116,1.622953276708899,final
deep_3x16,5,fx,,3.575000,1.7469984865257315,1.6249145043714908,final
deep_3x16,5,fx,,3.600000,1.7481368693110695,1.6268470192312494,final
deep_3x16,5,fx,,3.625000,1.7492457777385588,1.6287513095359003,final
deep_3x16,5,fx,,3.650000,1.7503261284481444,1.630627855299244,final
deep_3x16,5,fx,,3.675000,1.751378805838879,1.632477128384804,final
deep_3x16,5,fx,,3.700000,1.752404663289213,1.6342995925930408,final
deep_3x16,5,fx,,3.725000,1.7534045243277907,1.6360957037517374,final
deep_3x16,5,fx,,3.750000,1.7543791837572513,1.6378659098091999,final
deep_3x16,5,fx,,3.775000,1.7553294087333164,1.6396106509299275,final
deep_3x16,5,fx,,3.800000,1.7562559398012836,1.641330359592442,final
deep_3x16,5,fx,,3.825000,1.7571594918918771,1.6430254606889751,final
deep_3x16,5,fx,,3.850000,1.7580407552782753,1.6446963716267469,final
deep_3x16,5,fx,,3.875000,1.758900396495998,1.6463435024305744,final
deep_3x16,5,fx,,3.900000,1.759739059227241,1.6479672558465768,final
deep_3x16,5,fx,,3.925000,1.7605573651511313,1.6495680274467555,final
deep_3x16,5,fx,,3.950000,1.7613559147613023,1.651146205734246,final
deep_3x16,5,fx,,3.975000,1.7621352881520949,1.6527021722490547,final
deep_3x16,5,fx,,4.000000,1.762896045774633,1.654236301674099,final
deep_3x16,5,fx,,4.025000,1.7636387291639537,1.6557489619413992,final
deep_3x16,5,fx,,4.050000,1.7643638616383046,1.6572405143382634,final
deep_3x16,5,fx,,4.075000,1.7650719489716917,1.6587113136133356,final
deep_3x16,5,fx,,4.100000,1.7657634800406834,1.6601617080823763,final
deep_3x16,5,fx,,4.125000,1.7664389274464656,1.6615920397336599,final
deep_3x16,5,fx,,4.150000,1.7670987481130682,1.663002644332885,final
deep_3x16,5,fx,,4.175000,1.7677433838626766,1.6643938515274967,final
deep_3x16,5,fx,,4.200000,1.7683732619688854,1.6657659849503361,final
deep_3x16,5,fx,,4.225000,1.7689887956887267,1.6671193623225302,final
deep_3x16,5,fx,,4.250000,1.7695903847742787,1.668454295555556,final
deep_3x16,5,fx,,4.275000,1.7701784159646239,1.6697710908524037,final
deep_3x16,5,fx,,4.300000,1.7707532634588963,1.6710700488077885,final
deep_3x16,5,fx,,4.325000,1.7713152893711455,1.672351464507346,final
deep_3x16,5,fx,,4.350000,1.7718648441676985,1.6736156276257725,final
deep_3x16,5,fx,,4.375000,1.772402267087696,1.6748628225238602,final
deep_3x16,5,fx,,4.400000,1.7729278865474416,1.6760933283443924,final
deep_3x16,5,fx,,4.425000,1.7734420205291868,1.6773074191068635,final
deep_3x16,5,fx,,4.450000,1.7739449769549531,1.6785053638009961,final
deep_3x16,5,fx,,4.475000,1.7744370540459684,1.6796874264790258,final
deep_3x16,5,fx,,4.500000,1.7749185406682702,1.6808538663467358,final
deep_3x16,5,fx,,4.525000,1.7753897166650265,1.682004937853222,final
deep_3x16,5,fx,,4.550000,1.7758508531760757,1.6831408907793708,final
deep_3x16,5,fx,,4.575000,1.7763022129452015,1.6842619703250405,final
deep_3x16,5,fx,,4.600000,1.7767440506156094,1.685368417194935,final
deep_3x16,5,fx,,4.625000,1.7771766130140805,1.6864604676831623,final
deep_3x16,5,fx,,4.650000,1.7776001394242444,1.687538353756474,final
deep_3x16,5,fx,,4.675000,1.778014861849398,1.6886023031361845,final
deep_3x16,5,fx,,4.700000,1.7784210052652878,1.6896525393787643,final
deep_3x16,5,fx,,4.725000,1.7788187878632558,1.6906892819551151,final
deep_3x16,5,fx,,4.750000,1.7792084212841257,1.691712746328525,final
deep_3x16,5,fx,,4.775000,1.7795901108432046,1.69272314403131,final
deep_3x16,5,fx,,4.800000,1.7799640557467469,1.6937206827401463,final
deep_3x16,5,fx,,4.825000,1.7803304493002292,1.6947055663501032,final
deep_3x16,5,fx,,4.850000,1.7806894791087566,1.695677995047382,final
deep_3x16,5,fx,,4.875000,1.7810413272699182,1.6966381653807714,final
deep_3x16,5,fx,,4.900000,1.7813861705593892,1.6975862703318307,final
deep_3x16,5,fx,,4.925000,1.7817241806095778,1.6985224993838095,final
deep_3x16,5,fx,,4.950000,1.782055524081586,1.6994470385893194,final
deep_3x16,5,fx,,4.975000,1.7823803628307586,1.7003600706367672,final
deep_3x16,5,fx,,5.000000,1.782698854066069,1.701261774915565,final
deep_3x16,5,fx,,5.025000,1.7830111505036004,1.7021523275801298,final
deep_3x16,5,fx,,5.050000,1.7833174005143417,1.7030319016126885,final
deep_3x16,5,fx,,5.075000,1.7836177482665398,1.7039006668849015,final
deep_3x16,5,fx,,5.100000,1.7839123338628198,1.7047587902183228,final
deep_3x16,5,fx,,5.125000,1.7842012934722742,1.7056064354437073,final
deep_3x16,5,fx,,5.150000,1.7844847594577355,1.7064437634591885,final
deep_3x16,5,fx,,5.175000,1.7847628604984125,1.7072709322873345,final
deep_3x16,5,fx,,5.200000,1.7850357217080774,1.708088097131107,final
deep_3x16,5,fx,,5.225000,1.7853034647489816,1.7088954104287313,final
deep_3x16,5,fx,,5.250000,1.785566207941665,1.7096930219075017,final
deep_3x16,5,fx,,5.275000,1.7858240663708274,1.7104810786365339,final
deep_3x16,5,fx,,5.300000,1.7860771519874086,1.711259725078483,final
deep_3x16,5,fx,,5.325000,1.7863255737070334,1.7120291031402441,final
deep_3x16,5,fx,,5.350000,1.7865694375049603,1.7127893522226525,final
deep_3x16,5,fx,,5.375000,1.7868088465076717,1.7135406092691985,final
deep_3x16,5,fx,,5.400000,1.787043901081235,1.714283008813776,final
deep_3x16,5,fx,,5.425000,1.7872746989165658,1.7150166830274802,final
deep_3x16,5,fx,,5.450000,1.7875013351117024,1.7157417617644724,final
deep_3x16,5,fx,,5.475000,1.7877239022512217,1.7164583726069251,final
deep_3x16,5,fx,,5.500000,1.7879424904828936,1.7171666409090691,final
deep_3x16,5,fx,,5.525000,1.788157187591689,1.717866689840354,final
deep_3x16,5,fx,,5.550000,1.7883680790712395,1.7185586404277413,final
deep_3x16,5,fx,,5.575000,1.7885752481928454,1.7192426115971444,final
deep_3x16,5,fx,,5.600000,1.7887787760721263,1.719918720214034,final
deep_3x16,5,fx,,5.625000,1.7889787417334087,1.7205870811232205,final
deep_3x16,5,fx,,5.650000,1.7891752221719257,1.721247807187832,final
deep_3x16,5,fx,,5.675000,1.7893682924139216,1.7219010093275047,final
deep_3x16,5,fx,,5.700000,1.7895580255747372,1.7225467965557948,final
deep_3x16,5,fx,,5.725000,1.7897444929149469,1.7231852760168345,final
deep_3x16,5,fx,,5.750000,1.7899277638946265,1.7238165530212408,final
deep_3x16,5,fx,,5.775000,1.7901079062258212,1.7244407310812953,final
deep_3x16,5,fx,,5.800000,1.7902849859232732,1.725057911945408,final
deep_3x16,5,fx,,5.825000,1.7904590673534846,1.7256681956318787,final
deep_3x16,5,fx,,5.850000,1.7906302132821643,1.7262716804619718,final
deep_3x16,5,fx,,5.875000,1.7907984849201313,1.7268684630923166,final
deep_3x16,5,fx,,5.900000,1.7909639419677201,1.727458638546647,final
deep_3x16,5,fx,,5.925000,1.7911266426577475,1.7280423002468948,final
deep_3x16,5,fx,,5.950000,1.7912866437970947,1.728619540043648,final
deep_3x16,5,fx,,5.975000,1.7914440008069503,1.7291904482459888,final
deep_3x16,5,fx,,6.000000,1.7915987677617653,1.7297551136507232,final
deep_3x16,5,fc,0.5,0.000000,1.0,0.9999961712608588,final
deep_3x16,5,fc,0.5,0.025000,0.9994174564849275,0.9983586646344352,final
deep_3x16,5,fc,0.5,0.050000,0.997675094551816,0.9934854371990305,final
deep_3x16,5,fc,0.5,0.075000,0.9947939422060826,0.9854913576191164,final
deep_3x16,5,fc,0.5,0.100000,0.990819263707262,0.9745583236306017,final
deep_3x16,5,fc,0.5,0.125000,0.9858273519220256,0.9609224860044977,final
deep_3x16,5,fc,0.5,0.150000,0.9799297036641609,0.9448590526338713,final
deep_3x16,5,fc,0.5,0.175000,0.9732737964118767,0.9266665678644719,final
deep_3x16,5,fc,0.5,0.200000,0.9660397994489667,0.906652287270015,final
deep_3x16,5,fc,0.5,0.225000,0.958432810225062,0.8851197735940066,final
deep_3x16,5,fc,0.5,0.250000,0.9506705987215865,0.8623592877190294,final
deep_3x16,5,fc,0.5,0.275000,0.9429673395960181,0.838641066508284,final
deep_3x16,5,fc,0.5,0.300000,0.9355143626847218,0.8142112349444125,final
deep_3x16,5,fc,0.5,0.325000,0.928459488766009,0.7892899055662282,final
deep_3x16,5,fc,0.5,0.350000,0.9218869642241847,0.7640709501109981,final
deep_3x16,5,fc,0.5,0.375000,0.9158002951721,0.738722947888542,final
deep_3x16,5,fc,0.5,0.400000,0.9101103509777251,0.7133908845188547,final
deep_3x16,5,fc,0.5,0.425000,0.9046309156140396,0.6881982632946789,final
deep_3x16,5,fc,0.5,0.450000,0.8990833836198038,0.663249379897375,final
deep_3x16,5,fc,0.5,0.475000,0.8931115158808626,0.6386315887919551,final
deep_3x16,5,fc,0.5,0.500000,0.8863061121162156,0.614417452116793,final
deep_3x16,5,fc,0.5,0.525000,0.8782381943094102,0.5906667090105318,final
deep_3x16,5,fc,0.5,0.550000,0.8684979571617887,0.5674280368849434,final
deep_3x16,5,fc,0.5,0.575000,0.8567355062071368,0.5447405987383155,final
deep_3x16,5,fc,0.5,0.600000,0.8426984873814013,0.5226353848308631,final
deep_3x16,5,fc,0.5,0.625000,0.8262613617293394,0.5011363652156074,final
deep_3x16,5,fc,0.5,0.650000,0.8074415634730723,0.4802614735958944,final
deep_3x16,5,fc,0.5,0.675000,0.7863993187073536,0.46002344418289265,final
deep_3x16,5,fc,0.5,0.700000,0.7634205064353206,0.4404305226879344,final
deep_3x16,5,fc,0.5,0.725000,0.7388852176365498,0.4214870710332323,final
deep_3x16,5,fc,0.5,0.750000,0.7132277495676561,0.4031940832949596,final
deep_3x16,5,fc,0.5,0.775000,0.6868955844532924,0.38554962812948085,final
deep_3x16,5,fc,0.5,0.800000,0.6603146718788703,0.36854923068108175,final
deep_3x16,5,fc,0.5,0.825000,0.6338660665536557,0.35218620484951263,final
deep_3x16,5,fc,0.5,0.850000,0.6078755099235718,0.3364519448742073,final
deep_3x16,5,fc,0.5,0.875000,0.5826141476727182,0.3213361834989273,final
deep_3x16,5,fc,0.5,0.900000,0.5583063209698415,0.306827222522449,final
deep_3x16,5,fc,0.5,0.925000,0.5351397348178585,0.2929121403100752,final
deep_3x16,5,fc,0.5,0.950000,0.5132741260012825,0.2795769798212084,final
deep_3x16,5,fc,0.5,0.975000,0.4928462415482835,0.2668069198795077,final
deep_3x16,5,fc,0.5,1.000000,0.47397079440848755,0.25458643175180856,final
deep_3x16,5,fc,0.5,1.025000,0.456738507397615,0.24289942258726716,final
deep_3x16,5,fc,0.5,1.050000,0.4412130700945094,0.23172936687701973,final
deep_3x16,5,fc,0.5,1.075000,0.42742878990972133,0.22105942680628568,final
deep_3x16,5,fc,0.5,1.100000,0.41539012790709795,0.21087256216631964,final
deep_3x16,5,fc,0.5,1.125000,0.4050734988487733,0.20115163035586586,final
deep_3x16,5,fc,0.5,1.150000,0.39643099186260056,0.1918794769158274,final
deep_3x16,5,fc,0.5,1.175000,0.3893952258710449,0.18303901699379402,final
deep_3x16,5,fc,0.5,1.200000,0.3838844396361428,0.1746133081159656,final
deep_3x16,5,fc,0.5,1.225000,0.37980706317342294,0.16658561464383392,final
deep_3x16,5,fc,0.5,1.250000,0.37706530586385045,0.15893946430447428,final
deep_3x16,5,fc,0.5,1.275000,0.3755576110711554,0.15165869720073666,final
deep_3x16,5,fc,0.5,1.300000,0.3751800875309108,0.14472750772673904,final
deep_3x16,5,fc,0.5,1.325000,0.3758271965910015,0.13813047983167853,final
deep_3x16,5,fc,0.5,1.350000,0.37739204670748694,0.13185261608906113,final
deep_3x16,5,fc,0.5,1.375000,0.3797666364652109,0.1258793610376418,final
deep_3x16,5,fc,0.5,1.400000,0.382842316820298,0.12019661926408308,final
deep_3x16,5,fc,0.5,1.425000,0.38651063638892014,0.11479076869543448,final
deep_3x16,5,fc,0.5,1.450000,0.3906646141902197,0.1096486695622258,final
deep_3x16,5,fc,0.5,1.475000,0.3952003740600887,0.10475766948076473,final
deep_3x16,5,fc,0.5,1.500000,0.40001899164316357,0.10010560508677041,final
deep_3x16,5,fc,0.5,1.525000,0.405028359522418,0.09568080063249802,final
deep_3x16,5,fc,0.5,1.550000,0.41014487147731604,0.09147206393676467,final
deep_3x16,5,fc,0.5,1.575000,0.415294757742928,0.08746868005254455,final
deep_3x16,5,fc,0.5,1.600000,0.42041495810741725,0.08366040299072135,final
deep_3x16,5,fc,0.5,1.625000,0.42545348473576916,0.08003744581183542,final
deep_3x16,5,fc,0.5,1.650000,0.43036928864131263,0.07659046937076666,final
deep_3x16,5,fc,0.5,1.675000,0.435131693137617,0.07331056997272188,final
deep_3x16,5,fc,0.5,1.700000,0.4397194894277783,0.07018926617305912,final
deep_3x16,5,fc,0.5,1.725000,0.444119803159967,0.06721848492863296,final
deep_3x16,5,fc,0.5,1.750000,0.44832683896412673,0.06439054728477098,final
deep_3x16,5,fc,0.5,1.775000,0.45234059708346663,0.0616981537598125,final
deep_3x16,5,fc,0.5,1.800000,0.4561656369967104,0.059134369568493717,final
deep_3x16,5,fc,0.5,1.825000,0.4598099415808613,0.05669260980638358,final
deep_3x16,5,fc,0.5,1.850000,0.4632839150023029,0.05436662470009754,final
deep_3x16,5,fc,0.5,1.875000,0.46659953007708,0.05215048501211195,final
deep_3x16,5,fc,0.5,1.900000,0.46976962720139315,0.050038567674637165,final
deep_3x16,5,fc,0.5,1.925000,0.472807357236106,0.0480255417141179,final
deep_3x16,5,fc,0.5,1.950000,0.47572575455447574,0.04610635451642435,final
deep_3x16,5,fc,0.5,1.975000,0.4785374231969146,0.04427621847262877,final
deep_3x16,5,fc,0.5,2.000000,0.4812543180125912,0.042530598036290536,final
deep_3x16,5,fc,0.5,2.025000,0.48388760313703827,0.04086519721532707,final
deep_3x16,5,fc,0.5,2.050000,0.4864475715905747,0.03927594751474929,final
deep_3x16,5,fc,0.5,2.075000,0.4889436117398349,0.03775899634064951,final
deep_3x16,5,fc,0.5,2.100000,0.4913842085200282,0.03631069587080901,final
deep_3x16,5,fc,0.5,2.125000,0.49377696944959626,0.03492759239300612,final
deep_3x16,5,fc,0.5,2.150000,0.49612866744628326,0.033606416108520214,final
deep_3x16,5,fc,0.5,2.175000,0.4984452942020372,0.032344071395319085,final
deep_3x16,5,fc,0.5,2.200000,0.5007321193653105,0.03113762752295615,final
deep_3x16,5,fc,0.5,2.225000,0.5029937520141143,0.029984309809202872,final
deep_3x16,5,fc,0.5,2.250000,0.5052342018998295,0.028881491206847024,final
deep_3x16,5,fc,0.5,2.275000,0.5074569387276381,0.027826684307850874,final
deep_3x16,5,fc,0.5,2.300000,0.5096649483453569,0.026817533751129878,final
deep_3x16,5,fc,0.5,2.325000,0.5118607851690523,0.025851809019539436,final
deep_3x16,5,fc,0.5,2.350000,0.5140466205095343,0.024927397611219253,final
deep_3x16,5,fc,0.5,2.375000,0.5162242867037132,0.024042298570184424,final
deep_3x16,5,fc,0.5,2.400000,0.5183953171202792,0.02319461636096361,final
deep_3x16,5,fc,0.5,2.425000,0.5205609822179653,0.022382555072118837,final
deep_3x16,5,fc,0.5,2.450000,0.5227223219011661,0.021604412933645116,final
deep_3x16,5,fc,0.5,2.475000,0.524880174453353,0.020858577133474034,final
deep_3x16,5,fc,0.5,2.500000,0.5270352023424787,0.020143518918636836,final
deep_3x16,5,fc,0.5,2.525000,0.5291879151912595,0.019457788967005542,final
deep_3x16,5,fc,0.5,2.550000,0.5313386901940003,0.01880001301595232,final
deep_3x16,5,fc,0.5,2.575000,0.533487790244347,0.018168887734721407,final
deep_3x16,5,fc,0.5,2.600000,0.5356353800177278,0.017563176827779654,final
deep_3x16,5,fc,0.5,2.625000,0.5377815402302754,0.016981707356906937,final
deep_3x16,5,fc,0.5,2.650000,0.5399262802740329,0.016423366270288828,final
deep_3x16,5,fc,0.5,2.675000,0.5420695494070673,0.01588709712737786,final
deep_3x16,5,fc,0.5,2.700000,0.5442112466573633,0.015371897008789036,final
deep_3x16,5,fc,0.5,2.725000,0.5463512295812502,0.014876813601008254,final
deep_3x16,5,fc,0.5,2.750000,0.5484893220007938,0.014400942446161183,final
deep_3x16,5,fc,0.5,2.775000,0.55062532083005,0.01394342434758682,final
deep_3x16,5,fc,0.5,2.800000,0.5527590020872528,0.0135034429224213,final
deep_3x16,5,fc,0.5,2.825000,0.5548901261787554,0.013080222292847036,final
deep_3x16,5,fc,0.5,2.850000,0.5570184425307589,0.012673024908103358,final
deep_3x16,5,fc,0.5,2.875000,0.5591436936363146,0.012281149489774493,final
deep_3x16,5,fc,0.5,2.900000,0.5612656185777194,0.011903929093276212,final
deep_3x16,5,fc,0.5,2.925000,0.5633839560779913,0.0115407292788442,final
deep_3x16,5,fc,0.5,2.950000,0.5654984471295326,0.011190946385711102,final
deep_3x16,5,fc,0.5,2.975000,0.5676088372432446,0.010854005903492529,final
deep_3x16,5,fc,0.5,3.000000,0.5697148783571037,0.010529360935159847,final
deep_3x16,5,fc,0.5,3.025000,0.5718163304394691,0.010216490746280376,final
deep_3x16,5,fc,0.5,3.050000,0.5739129628191122,0.00991489939552285,final
deep_3x16,5,fc,0.5,3.075000,0.5760045552710084,0.00962411444170394,final
deep_3x16,5,fc,0.5,3.100000,0.5780908988843269,0.009343685722933544,final
deep_3x16,5,fc,0.5,3.125000,0.5801717967366784,0.009073184203666275,final
deep_3x16,5,fc,0.5,3.150000,0.5822470643965652,0.00881220088572273,final
deep_3x16,5,fc,0.5,3.175000,0.5843165302740096,0.00856034577956125,final
deep_3x16,5,fc,0.5,3.200000,0.5863800358375847,0.008317246932311853,final
deep_3x16,5,fc,0.5,3.225000,0.5884374357144134,0.008082549509281826,final
deep_3x16,5,fc,0.5,3.250000,0.5904885976882244,0.007855914925840547,final
deep_3x16,5,fc,0.5,3.275000,0.5925334026091389,0.007637020026771776,final
deep_3x16,5,fc,0.5,3.300000,0.5945717442276052,0.007425556310355653,final
deep_3x16,5,fc,0.5,3.325000,0.5966035289636873,0.007221229194605152,final
deep_3x16,5,fc,0.5,3.350000,0.5986286756218349,0.007023757323232783,final
deep_3x16,5,fc,0.5,3.375000,0.6006471150602288,0.0068328719090709365,final
deep_3x16,5,fc,0.5,3.400000,0.6026587898228704,0.006648316112797191,final
deep_3x16,5,fc,0.5,3.425000,0.6046636537417073,0.006469844454954951,final
deep_3x16,5,fc,0.5,3.450000,0.6066616715152948,0.006297222259364868,final
deep_3x16,5,fc,0.5,3.475000,0.6086528182697535,0.006130225126150202,final
deep_3x16,5,fc,0.5,3.500000,0.6106370791071171,0.005968638432691078,final
deep_3x16,5,fc,0.5,3.525000,0.6126144486455353,0.005812256860931846,final
deep_3x16,5,fc,0.5,3.550000,0.6145849305552522,0.005660883949557558,final
deep_3x16,5,fc,0.5,3.575000,0.6165485370937526,0.005514331669634566,final
deep_3x16,5,fc,0.5,3.600000,0.6185052886430122,0.005372420022408773,final
deep_3x16,5,fc,0.5,3.625000,0.6204552132513711,0.0052349766580150085,final
deep_3x16,5,fc,0.5,3.650000,0.6223983461821551,0.0051018365139386904,final
deep_3x16,5,fc,0.5,3.675000,0.6243347294708571,0.0049728414721276004,final
deep_3x16,5,fc,0.5,3.700000,0.6262644114923589,0.004847840033726076,final
deep_3x16,5,fc,0.5,3.725000,0.6281874465394144,0.004726687010453871,final
deep_3x16,5,fc,0.5,3.750000,0.6301038944133798,0.0046092432317188185,final
deep_3x16,5,fc,0.5,3.775000,0.6320138200279474,0.004495375266596954,final
deep_3x16,5,fc,0.5,3.800000,0.6339172930264722,0.00438495515987154,final
deep_3x16,5,fc,0.5,3.825000,0.6358143874132928,0.004277860181360855,final
deep_3x16,5,fc,0.5,3.850000,0.6377051811993178,0.00417397258781929,final
deep_3x16,5,fc,0.5,3.875000,0.639589756062033,0.004073179396726176,final
deep_3x16,5,fc,0.5,3.900000,0.6414681970199478,0.003975372171325868,final
deep_3x16,5,fc,0.5,3.925000,0.6433405921214403,0.003880446816315581,final
deep_3x16,5,fc,0.5,3.950000,0.6452070321478633,0.0037883033836064225,final
deep_3x16,5,fc,0.5,3.975000,0.6470676103307038,0.0036988458876262074,final
deep_3x16,5,fc,0.5,4.000000,0.6489224220825567,0.0036119821296561735,final
deep_3x16,5,fc,0.5,4.025000,0.650771564741596,0.0035276235307199755,final
deep_3x16,5,fc,0.5,4.050000,0.6526151373292209,0.003445684972579932,final
deep_3x16,5,fc,0.5,4.075000,0.6544532403205049,0.0033660846464103494,final
deep_3x16,5,fc,0.5,4.100000,0.6562859754270605,0.0032887439087498005,final
deep_3x16,5,fc,0.5,4.125000,0.6581134453919161,0.0032135871443476484,final
deep_3x16,5,fc,0.5,4.150000,0.6599357537959933,0.003140541635555781,final
deep_3x16,5,fc,0.5,4.175000,0.6617530048757518,0.003069537437917249,final
deep_3x16,5,fc,0.5,4.200000,0.6635653033515873,0.003000507261639546,final
deep_3x16,5,fc,0.5,4.225000,0.6653727542665444,0.002933386358647509,final
deep_3x16,5,fc,0.5,4.250000,0.6671754628349295,0.002868112414932197,final
deep_3x16,5,fc,0.5,4.275000,0.6689735343003957,0.0028046254479229715,final
deep_3x16,5,fc,0.5,4.300000,0.670767073803091,0.002742867708632816,final
deep_3x16,5,fc,0.5,4.325000,0.6725561862554619,0.0026827835883323843,final
deep_3x16,5,fc,0.5,4.350000,0.6743409762263174,0.0026243195295232785,final
deep_3x16,5,fc,0.5,4.375000,0.6761215478327637,0.0025674239410017246,final
deep_3x16,5,fc,0.5,4.400000,0.6778980046396401,0.002512047116799274,final
deep_3x16,5,fc,0.5,4.425000,0.6796704495660834,0.0024581411588165073,final
deep_3x16,5,fc,0.5,4.450000,0.6814389847988805,0.0024056599029599174,final
deep_3x16,5,fc,0.5,4.475000,0.6832037117122562,0.0023545588486135268,final
deep_3x16,5,fc,0.5,4.500000,0.6849647307937806,0.002304795091278237,final
deep_3x16,5,fc,0.5,4.525000,0.6867221415760731,0.0022563272582273074,final
deep_3x16,5,fc,0.5,4.550000,0.6884760425740019,0.002209115447027629,final
deep_3x16,5,fc,0.5,4.575000,0.6902265312270933,0.002163121166787322,final
deep_3x16,5,fc,0.5,4.600000,0.691973703846864,0.0021183072820026927,final
deep_3x16,5,fc,0.5,4.625000,0.6937176555688181,0.0020746379588730468,final
deep_3x16,5,fc,0.5,4.650000,0.6954584803088476,0.002032078613968704,final
deep_3x16,5,fc,0.5,4.675000,0.6971962707237953,0.0019905958651390177,final
deep_3x16,5,fc,0.5,4.700000,0.6989311181759479,0.0019501574845522565,final
deep_3x16,5,fc,0.5,4.725000,0.7006631127012336,0.0019107323537686412,final
deep_3x16,5,fc,0.5,4.750000,0.7023923429809196,0.0018722904207485434,final
deep_3x16,5,fc,0.5,4.775000,0.7041188963165986,0.0018348026587054643,final
deep_3x16,5,fc,0.5,4.800000,0.7058428586082809,0.0017982410267173958,final
deep_3x16,5,fc,0.5,4.825000,0.7075643143353951,0.001762578432014152,final
deep_3x16,5,fc,0.5,4.850000,0.7092833465405507,0.0017277886938635106,final
deep_3x16,5,fc,0.5,4.875000,0.7110000368158568,0.0016938465089809934,final
deep_3x16,5,fc,0.5,4.900000,0.7127144652916826,0.0016607274183924714,final
deep_3x16,5,fc,0.5,4.925000,0.7144267106276729,0.001628407775686919,final
deep_3x16,5,fc,0.5,4.950000,0.7161368500059069,0.001596864716589041,final
deep_3x16,5,fc,0.5,4.975000,0.7178449591260412,0.0015660761297978003,final
deep_3x16,5,fc,0.5,5.000000,0.7195511122023239,0.001536020629028713,final
deep_3x16,5,fc,0.5,5.025000,0.7212553819623563,0.0015066775262095645,final
deep_3x16,5,fc,0.5,5.050000,0.7229578396474793,0.0014780268057724868,final
deep_3x16,5,fc,0.5,5.075000,0.724658555014689,0.0014500490999996532,final
deep_3x16,5,fc,0.5,5.100000,0.7263575963399626,0.0014227256653687938,final
deep_3x16,5,fc,0.5,5.125000,0.7280550304229068,0.0013960383598590484,final
deep_3x16,5,fc,0.5,5.150000,0.7297509225926367,0.0013699696211715122,final
deep_3x16,5,fc,0.5,5.175000,0.7314453367147932,0.001344502445826072,final
deep_3x16,5,fc,0.5,5.200000,0.7331383351996102,0.001319620369094148,final
deep_3x16,5,fc,0.5,5.225000,0.7348299790109696,0.0012953074457320137,final
deep_3x16,5,fc,0.5,5.250000,0.7365203276763579,0.0012715482314793827,final
deep_3x16,5,fc,0.5,5.275000,0.7382094392976456,0.0012483277652897444,final
deep_3x16,5,fc,0.5,5.300000,0.7398973705626533,0.0012256315522594916,final
deep_3x16,5,fc,0.5,5.325000,0.741584176757402,0.0012034455472299352,final
deep_3x16,5,fc,0.5,5.350000,0.7432699117790255,0.0011817561390265222,final
deep_3x16,5,fc,0.5,5.375000,0.7449546281492613,0.0011605501353155188,final
deep_3x16,5,fc,0.5,5.400000,0.7466383770284813,0.0011398147480441024,final
deep_3x16,5,fc,0.5,5.425000,0.7483212082302142,0.0011195375794464772,final
deep_3x16,5,fc,0.5,5.450000,0.7500031702361025,0.0010997066085859438,final
deep_3x16,5,fc,0.5,5.475000,0.7516843102112589,0.0010803101784139062,final
deep_3x16,5,fc,0.5,5.500000,0.7533646740199736,0.0010613369833224516,final
deep_3x16,5,fc,0.5,5.525000,0.7550443062417478,0.0010427760571714813,final
deep_3x16,5,fc,0.5,5.550000,0.7567232501875893,0.0010246167617677558,final
deep_3x16,5,fc,0.5,5.575000,0.7584015479165699,0.001006848775780092,final
deep_3x16,5,fc,0.5,5.600000,0.7600792402525813,0.0009894620840704305,final
deep_3x16,5,fc,0.5,5.625000,0.7617563668012769,0.000972446967424831,final
deep_3x16,5,fc,0.5,5.650000,0.7634329659671754,0.0009557939926686374,final
deep_3x16,5,fc,0.5,5.675000,0.7651090749708698,0.0009394940031462534,final
deep_3x16,5,fc,0.5,5.700000,0.766784729866357,0.0009235381095562882,final
deep_3x16,5,fc,0.5,5.725000,0.768459965558434,0.0009079176811237815,final
deep_3x16,5,fc,0.5,5.750000,0.7701348158201542,0.0008926243370957384,final
deep_3x16,5,fc,0.5,5.775000,0.7718093133103094,0.000877649938550017,final
deep_3x16,5,fc,0.5,5.800000,0.7734834895909403,0.0008629865805003556,final
deep_3x16,5,fc,0.5,5.825000,0.7751573751448306,0.0008486265842915688,final
deep_3x16,5,fc,0.5,5.850000,0.7768309993929925,0.0008345624902662513,final
deep_3x16,5,fc,0.5,5.875000,0.7785043907121096,0.0008207870506999125,final
deep_3x16,5,fc,0.5,5.900000,0.780177576451934,0.0008072932229858862,final
deep_3x16,5,fc,0.5,5.925000,0.7818505829526183,0.0007940741630678401,final
deep_3x16,5,fc,0.5,5.950000,0.7835234355619686,0.0007811232191043099,final
deep_3x16,5,fc,0.5,5.975000,0.7851961586526202,0.0007684339253583744,final
deep_3x16,5,fc,0.5,6.000000,0.7868687756391062,0.0007559999963054072,final
deep_3x16,5,fc,2,0.000000,1.0,0.9999979292399579,final
deep_3x16,5,fc,2,0.025000,0.9994121357644445,0.9992961010731113,final
deep_3x16,5,fc,2,0.050000,0.9976519174531381,0.9971948653968338,final
deep_3x16,5,fc,2,0.075000,0.9947304329630565,0.9937069079517921,final
deep_3x16,5,fc,2,0.100000,0.9906680762729094,0.9888531709729896,final
deep_3x16,5,fc,2,0.125000,0.9854959241571956,0.9826625583062567,final
deep_3x16,5,fc,2,0.150000,0.9792568191685262,0.9751715344708285,final
deep_3x16,5,fc,2,0.175000,0.9720061167107421,0.9664236288215278,final
deep_3x16,5,fc,2,0.200000,0.9638120631439928,0.95646885815437,final
deep_3x16,5,fc,2,0.225000,0.9547557878187605,0.9453630826547406,final
deep_3x16,5,fc,2,0.250000,0.9449309154372618,0.9331673109752425,final
deep_3x16,5,fc,2,0.275000,0.9344428354412564,0.919946970463837,final
deep_3x16,5,fc,2,0.300000,0.923407699118951,0.9057711581949571,final
deep_3x16,5,fc,2,0.325000,0.9119512465575556,0.890711887570984,final
deep_3x16,5,fc,2,0.350000,0.9002075848913211,0.8748433439638938,final
deep_3x16,5,fc,2,0.375000,0.8883180347766481,0.8582411612720591,final
deep_3x16,5,fc,2,0.400000,0.8764301226074823,0.8409817294902436,final
deep_3x16,5,fc,2,0.425000,0.8646967157853512,0.8231415415386202,final
deep_3x16,5,fc,2,0.450000,0.8532751818761447,0.8047965857616002,final
deep_3x16,5,fc,2,0.475000,0.8423263186183249,0.7860217887637229,final
deep_3x16,5,fc,2,0.500000,0.8320126843403545,0.7668905116525188,final
deep_3x16,5,fc,2,0.525000,0.8224959014950534,0.7474741013425734,final
deep_3x16,5,fc,2,0.550000,0.8139325539086756,0.72784149735908,final
deep_3x16,5,fc,2,0.575000,0.8064684813082855,0.7080588935663934,final
deep_3x16,5,fc,2,0.600000,0.8002315945688813,0.6881894534295714,final
deep_3x16,5,fc,2,0.625000,0.7953237534868858,0.668293076778535,final
deep_3x16,5,fc,2,0.650000,0.7918126824179232,0.6484262155643347,final
deep_3x16,5,fc,2,0.675000,0.7897252277088341,0.6286417357517053,final
deep_3x16,5,fc,2,0.700000,0.7890433542215403,0.6089888222581751,final
deep_3x16,5,fc,2,0.725000,0.7897040410788562,0.589512923705394,final
deep_3x16,5,fc,2,0.750000,0.7916036593070295,0.570255733673549,final
deep_3x16,5,fc,2,0.775000,0.7946066018505313,0.551255205128223,final
deep_3x16,5,fc,2,0.800000,0.7985570938443264,0.5325455947076924,final
deep_3x16,5,fc,2,0.825000,0.8032924748763326,0.5141575336073486,final
deep_3x16,5,fc,2,0.850000,0.8086559956612555,0.49611812186950627,final
deep_3x16,5,fc,2,0.875000,0.8145073655735355,0.4784510429764151,final
deep_3x16,5,fc,2,0.900000,0.8207298439446389,0.4611766957488485,final
deep_3x16,5,fc,2,0.925000,0.8272334106168164,0.4443123406704296,final
deep_3x16,5,fc,2,0.950000,0.833954279220351,0.4278722578879763,final
deep_3x16,5,fc,2,0.975000,0.8408515698939802,0.4118679142800541,final
deep_3x16,5,fc,2,1.000000,0.8479022531162499,0.39630813713912205,final
deep_3x16,5,fc,2,1.025000,0.8550955084683606,0.38119929217645976,final
deep_3x16,5,fc,2,1.050000,0.8624274654775863,0.3665454637324295,final
deep_3x16,5,fc,2,1.075000,0.8698969914056321,0.35234863525610427,final
deep_3x16,5,fc,2,1.100000,0.8775028490104384,0.3386088683060421,final
deep_3x16,5,fc,2,1.125000,0.885242236792271,0.325324478515772,final
deep_3x16,5,fc,2,1.150000,0.8931104916792988,0.31249220716094483,final
deep_3x16,5,fc,2,1.175000,0.9011016001482165,0.3001073871574854,final
deep_3x16,5,fc,2,1.200000,0.9092091262304494,0.28816410250883695,final
deep_3x16,5,fc,2,1.225000,0.9174272049387295,0.27665534040303363,final
deep_3x16,5,fc,2,1.250000,0.9257513395499557,0.2655731353345545,final
deep_3x16,5,fc,2,1.275000,0.934178851490356,0.2549087047897165,final
deep_3x16,5,fc,2,1.300000,0.9427089372384096,0.24465257618608027,final
deep_3x16,5,fc,2,1.325000,0.9513423705856671,0.234794704894746,final
deep_3x16,5,fc,2,1.350000,0.960080942619767,0.22532458329861285,final
deep_3x16,5,fc,2,1.375000,0.968926755582109,0.21623134094921204,final
deep_3x16,5,fc,2,1.400000,0.9778814854000322,0.2075038359795181,final
deep_3x16,5,fc,2,1.425000,0.9869457090079261,0.199130738010403,final
deep_3x16,5,fc,2,1.450000,0.996118364738971,0.19110060285465802,final
deep_3x16,5,fc,2,1.475000,1.005396384069219,0.18340193937552854,final
deep_3x16,5,fc,2,1.500000,1.0147745058253388,0.17602326889740094,final
deep_3x16,5,fc,2,1.525000,1.0242452625163816,0.16895317759573308,final
deep_3x16,5,fc,2,1.550000,1.0337991137982212,0.16218036231265762,final
deep_3x16,5,fc,2,1.575000,1.0434246939881973,0.15569367025510647,final
deep_3x16,5,fc,2,1.600000,1.0531091379781938,0.14948213303498506,final
deep_3x16,5,fc,2,1.625000,1.0628384514504516,0.1435349955070108,final
deep_3x16,5,fc,2,1.650000,1.0725978955517768,0.13784173985045117,final
deep_3x16,5,fc,2,1.675000,1.082372361866883,0.13239210532712925,final
deep_3x16,5,fc,2,1.700000,1.0921467196559875,0.12717610413072902,final
deep_3x16,5,fc,2,1.725000,1.1019061231822318,0.12218403372238908,final
deep_3x16,5,fc,2,1.750000,1.1116362721148316,0.11740648602565415,final
deep_3x16,5,fc,2,1.775000,1.1213236222360674,0.11283435383068481,final
deep_3x16,5,fc,2,1.800000,1.1309555469484003,0.1084588347337509,final
deep_3x16,5,fc,2,1.825000,1.14052045242387,0.1042714329139894,final
deep_3x16,5,fc,2,1.850000,1.1500078507763078,0.10026395902552457,final
deep_3x16,5,fc,2,1.875000,1.1594083965107227,0.09642852845968962,final
deep_3x16,5,fc,2,1.900000,1.1687138918607318,0.09275755820948363,final
deep_3x16,5,fc,2,1.925000,1.1779172666007336,0.08924376254675773,final
deep_3x16,5,fc,2,1.950000,1.1870125376324792,0.08588014770206033,final
deep_3x16,5,fc,2,1.975000,1.1959947531920172,0.08266000571771653,final
deep_3x16,5,fc,2,2.000000,1.2048599259774662,0.07957690762659296,final
deep_3x16,5,fc,2,2.025000,1.2136049589162097,0.07662469609216203,final
deep_3x16,5,fc,2,2.050000,1.222227566711089,0.0737974776299044,final
deep_3x16,5,fc,2,2.075000,1.2307261957551336,0.07108961451578498,final
deep_3x16,5,fc,2,2.100000,1.2390999444991793,0.06849571647443305,final
deep_3x16,5,fc,2,2.125000,1.2473484859049897,0.06601063222774378,final
deep_3x16,5,fc,2,2.150000,1.2554719932211715,0.06362944097380911,final
deep_3x16,5,fc,2,2.175000,1.263471069979924,0.06134744385632948,final
deep_3x16,5,fc,2,2.200000,1.2713466848264507,0.05916015547589158,final
deep_3x16,5,fc,2,2.225000,1.2791001115555896,0.05706329548664664,final
deep_3x16,5,fc,2,2.250000,1.2867328745368245,0.05505278031492643,final
deep_3x16,5,fc,2,2.275000,1.2942466995541957,0.05312471503010885,final
deep_3x16,5,fc,2,2.300000,1.3016434699665993,0.0512753853925513,final
deep_3x16,5,fc,2,2.325000,1.3089251880017296,0.049501250098557395,final
deep_3x16,5,fc,2,2.350000,1.3160939409290209,0.047798933238089425,final
deep_3x16,5,fc,2,2.375000,1.3231518718093398,0.046165216977224074,final
deep_3x16,5,fc,2,2.400000,1.3301011544883572,0.044597034474109544,final
deep_3x16,5,fc,2,2.425000,1.33694397248336,0.04309146303439602,final
deep_3x16,5,fc,2,2.450000,1.343682501406982,0.04164571750968536,final
deep_3x16,5,fc,2,2.475000,1.3503188945737723,0.040257143940502574,final
deep_3x16,5,fc,2,2.500000,1.3568552714445479,0.038923213443524764,final
deep_3x16,5,fc,2,2.525000,1.3632937085775925,0.03764151634132921,final
deep_3x16,5,fc,2,2.550000,1.3696362327734672,0.036409756531684365,final
deep_3x16,5,fc,2,2.575000,1.3758848161204524,0.03522574609238472,final
deep_3x16,5,fc,2,2.600000,1.3820413726693999,0.034087400116785065,final
deep_3x16,5,fc,2,2.625000,1.3881077564893967,0.03299273177452561,final
deep_3x16,5,fc,2,2.650000,1.394085760878407,0.03193984759139919,final
deep_3x16,5,fc,2,2.675000,1.3999771185255943,0.030926942941904803,final
deep_3x16,5,fc,2,2.700000,1.405783502443842,0.029952297747731768,final
deep_3x16,5,fc,2,2.725000,1.4115065275119407,0.02901427237521226,final
deep_3x16,5,fc,2,2.750000,1.4171477524856593,0.02811130372463498,final
deep_3x16,5,fc,2,2.775000,1.4227086823554538,0.027241901504269916,final
deep_3x16,5,fc,2,2.800000,1.4281907709456614,0.026404644681927984,final
deep_3x16,5,fc,2,2.825000,1.433595423665789,0.025598178106928483,final
deep_3x16,5,fc,2,2.850000,1.4389240003387809,0.024821209295431242,final
deep_3x16,5,fc,2,2.875000,1.4441778180440825,0.024072505372191445,final
deep_3x16,5,fc,2,2.900000,1.4493581539248304,0.023350890161948933,final
deep_3x16,5,fc,2,2.925000,1.4544662479187451,0.022655241423814636,final
deep_3x16,5,fc,2,2.950000,1.4595033053813058,0.02198448822219974,final
deep_3x16,5,fc,2,2.975000,1.464470499577611,0.021337608428025324,final
deep_3x16,5,fc,2,3.000000,1.469368974026086,0.020713626344142904,final
deep_3x16,5,fc,2,3.025000,1.4741998446829963,0.020111610449121096,final
deep_3x16,5,fc,2,3.050000,1.4789642019615417,0.019530671253741985,final
deep_3x16,5,fc,2,3.075000,1.483663112583412,0.018969959264783273,final
deep_3x16,5,fc,2,3.100000,1.4882976212639543,0.01842866305087054,final
deep_3x16,5,fc,2,3.125000,1.4928687522348045,0.01790600740538857,final
deep_3x16,5,fc,2,3.150000,1.4973775106099037,0.01740125160166688,final
deep_3x16,5,fc,2,3.175000,1.5018248836024324,0.01691368773584563,final
deep_3x16,5,fc,2,3.200000,1.5062118416013432,0.016442639153041987,final
deep_3x16,5,fc,2,3.225000,1.5105393391169664,0.015987458952627043,final
deep_3x16,5,fc,2,3.250000,1.5148083156056409,0.01554752856862642,final
deep_3x16,5,fc,2,3.275000,1.5190196961835363,0.015122256421425359,final
deep_3x16,5,fc,2,3.300000,1.523174392239823,0.014711076637163482,final
deep_3x16,5,fc,2,3.325000,1.5272733019591915,0.014313447831357885,final
deep_3x16,5,fc,2,3.350000,1.5313173107633826,0.013928851953473702,final
deep_3x16,5,fc,2,3.375000,1.5353072916810002,0.013556793189317143,final
deep_3x16,5,fc,2,3.400000,1.539244105654344,0.013196796918281035,final
deep_3x16,5,fc,2,3.425000,1.5431286017915005,0.012848408722622606,final
deep_3x16,5,fc,2,3.450000,1.5469616175712835,0.012511193446095005,final
deep_3x16,5,fc,2,3.475000,1.5507439790080582,0.012184734299390572,final
deep_3x16,5,fc,2,3.500000,1.554476500782846,0.011868632009980432,final
deep_3x16,5,fc,2,3.525000,1.5581599863465307,0.011562504014061415,final
deep_3x16,5,fc,2,3.550000,1.5617952280003609,0.011265983688439207,final
deep_3x16,5,fc,2,3.575000,1.5653830069584345,0.010978719620289117,final
deep_3x16,5,fc,2,3.600000,1.5689240933962594,0.010700374912838966,final
deep_3x16,5,fc,2,3.625000,1.5724192464890319,0.010430626525124654,final
deep_3x16,5,fc,2,3.650000,1.5758692144427635,0.010169164644067214,final
deep_3x16,5,fc,2,3.675000,1.5792747345209852,0.00991569208720407,final
deep_3x16,5,fc,2,3.700000,1.5826365330693264,0.009669923734501585,final
deep_3x16,5,fc,2,3.725000,1.5859553255399437,0.009431585987756015,final
deep_3x16,5,fc,2,3.750000,1.5892318165174082,0.009200416256170275,final
deep_3x16,5,fc,2,3.775000,1.5924666997473804,0.008976162466764602,final
deep_3x16,5,fc,2,3.800000,1.5956606581691517,0.008758582598353621,final
deep_3x16,5,fc,2,3.825000,1.5988143639528751,0.00854744423788731,final
deep_3x16,5,fc,2,3.850000,1.6019284785421188,0.008342524158018077,final
deep_3x16,5,fc,2,3.875000,1.6050036527021883,0.008143607914814084,final
deep_3x16,5,fc,2,3.900000,1.6080405265745208,0.007950489464597189,final
deep_3x16,5,fc,2,3.925000,1.6110397297373094,0.007762970798941056,final
deep_3x16,5,fc,2,3.950000,1.6140018812724028,0.007580861596905375,final
deep_3x16,5,fc,2,3.975000,1.6169275898384492,0.007403978893646075,final
deep_3x16,5,fc,2,4.000000,1.6198174537501446,0.0072321467645740005,final
deep_3x16,5,fc,2,4.025000,1.6226720610634144,0.0070651960242810626,final
deep_3x16,5,fc,2,4.050000,1.6254919896662687,0.00690296393950086,final
deep_3x16,5,fc,2,4.075000,1.6282778073750805,0.006745293955398438,final
deep_3x16,5,fc,2,4.100000,1.631030072035934,0.00659203543452906,final
deep_3x16,5,fc,2,4.125000,1.6337493316307552,0.0064430434078363,final
deep_3x16,5,fc,2,4.150000,1.6364361243878436,0.006298178337093973,final
deep_3x16,5,fc,2,4.175000,1.6390909788964625,0.006157305888229191,final
deep_3x16,5,fc,2,4.200000,1.6417144142251194,0.006020296714986096,final
deep_3x16,5,fc,2,4.225000,1.6443069400431793,0.005887026252428785,final
deep_3x16,5,fc,2,4.250000,1.646869056745465,0.005757374519800969,final
deep_3x16,5,fc,2,4.275000,1.6494012555794713,0.005631225932281169,final
deep_3x16,5,fc,2,4.300000,1.651904018774878,0.005508469121209777,final
deep_3x16,5,fc,2,4.325000,1.654377819675025,0.005388996762367058,final
deep_3x16,5,fc,2,4.350000,1.6568231228700332,0.005272705411922309,final
deep_3x16,5,fc,2,4.375000,1.6592403843312709,0.005159495349679465,final
deep_3x16,5,fc,2,4.400000,1.6616300515468954,0.005049270429270179,final
deep_3x16,5,fc,2,4.425000,1.6639925636581712,0.004941937934961711,final
deep_3x16,5,fc,2,4.450000,1.666328351596346,0.004837408444764286,final
deep_3x16,5,fc,2,4.475000,1.6686378382198113,0.004735595699538422,final
deep_3x16,5,fc,2,4.500000,1.6709214384513564,0.00463641647781682,final
deep_3x16,5,fc,2,4.525000,1.673179559415285,0.004539790476073858,final
deep_3x16,5,fc,2,4.550000,1.6754126005742103,0.0044456401941804025,final
deep_3x16,5,fc,2,4.575000,1.6776209538653546,0.0043538908258078015,final
deep_3x16,5,fc,2,4.600000,1.6798050038361863,0.004264470153542824,final
deep_3x16,5,fc,2,4.625000,1.6819651277792347,0.004177308448501121,final
deep_3x16,5,fc,2,4.650000,1.6841016958659638,0.00409233837422035,final
deep_3x16,5,fc,2,4.675000,1.6862150712795598,0.004009494894645649,final
deep_3x16,5,fc,2,4.700000,1.6883056103465308,0.003928715186011864,final
deep_3x16,5,fc,2,4.725000,1.6903736626670116,0.003849938552444208,final
deep_3x16,5,fc,2,4.750000,1.6924195712436823,0.0037731063451085585,final
deep_3x16,5,fc,2,4.775000,1.6944436726092187,0.003698161884748136,final
deep_3x16,5,fc,2,4.800000,1.6964462969521927,0.0036250503874534,final
deep_3x16,5,fc,2,4.825000,1.6984277682413746,0.0035537188935180495,final
deep_3x16,5,fc,2,4.850000,1.7003884043483646,0.0034841161992384935,final
deep_3x16,5,fc,2,4.875000,1.702328517168507,0.003416192791532784,final
deep_3x16,5,fc,2,4.900000,1.704248412740057,0.003349900785240403,final
deep_3x16,5,fc,2,4.925000,1.7061483913615458,0.0032851938629953315,final
deep_3x16,5,fc,2,4.950000,1.7080287477073295,0.0032220272175482114,final
deep_3x16,5,fc,2,4.975000,1.7098897709412881,0.003160357496432501,final
deep_3x16,5,fc,2,5.000000,1.7117317448286595,0.0031001427488730796,final
deep_3x16,5,fc,2,5.025000,1.7135549478459948,0.0030413423748346722,final
deep_3x16,5,fc,2,5.050000,1.7153596532892197,0.0029839170761159985,final
deep_3x16,5,fc,2,5.075000,1.7171461293798056,0.0029278288094051505,final
deep_3x16,5,fc,2,5.100000,1.7189146393690387,0.0028730407412039653,final
deep_3x16,5,fc,2,5.125000,1.7206654416403895,0.0028195172045440277,final
deep_3x16,5,fc,2,5.150000,1.7223987898099966,0.002767223657416334,final
deep_3x16,5,fc,2,5.175000,1.7241149328252574,0.002716126642840039,final
deep_3x16,5,fc,2,5.200000,1.725814115061544,0.0026661937504989823,final
deep_3x16,5,fc,2,5.225000,1.7274965764170611,0.0026173935798797948,final
deep_3x16,5,fc,2,5.250000,1.7291625524058405,0.00256969570484818,final
deep_3x16,5,fc,2,5.275000,1.7308122742489123,0.002523070639600119,final
deep_3x16,5,fc,2,5.300000,1.7324459689636533,0.002477489805931105,final
deep_3x16,5,fc,2,5.325000,1.7340638594513367,0.0024329255017677574,final
deep_3x16,5,fc,2,5.350000,1.7356661645829077,0.002389350870906149,final
deep_3x16,5,fc,2,5.375000,1.7372530992829962,0.0023467398739123713,final
deep_3x16,5,fc,2,5.400000,1.7388248746122017,0.002305067260127343,final
deep_3x16,5,fc,2,5.425000,1.7403816978476627,0.0022643085407395933,final
deep_3x16,5,fc,2,5.450000,1.741923772561946,0.0022244399628739303,final
deep_3x16,5,fc,2,5.475000,1.7434512987002668,0.002185438484659717,final
deep_3x16,5,fc,2,5.500000,1.744964472656079,0.002147281751233332,final
deep_3x16,5,fc,2,5.525000,1.7464634873450544,0.00210994807163994,final
deep_3x16,5,fc,2,5.550000,1.7479485322774748,0.002073416396598594,final
deep_3x16,5,fc,2,5.575000,1.749419793629074,0.002037666297088671,final
deep_3x16,5,fc,2,5.600000,1.7508774543103425,0.002002677943734377,final
deep_3x16,5,fc,2,5.625000,1.7523216940343351,0.0019684320869470203,final
deep_3x16,5,fc,2,5.650000,1.7537526893829982,0.001934910037795905,final
deep_3x16,5,fc,2,5.675000,1.755170613872055,0.0019020936495821128,final
deep_3x16,5,fc,2,5.700000,1.7565756380144613,0.0018699653000843219,final
deep_3x16,5,fc,2,5.725000,1.7579679293824717,0.0018385078744475162,final
deep_3x16,5,fc,2,5.750000,1.75934765266834,0.001807704748695522,final
deep_3x16,5,fc,2,5.775000,1.7607149697436775,0.0017775397738341902,final
deep_3x16,5,fc,2,5.800000,1.7620700397174953,0.0017479972605298807,final
deep_3x16,5,fc,2,5.825000,1.7634130189929644,0.0017190619643353434,final
deep_3x16,5,fc,2,5.850000,1.7647440613229128,0.0016907190714431513,final
deep_3x16,5,fc,2,5.875000,1.7660633178640899,0.0016629541849460688,final
deep_3x16,5,fc,2,5.900000,1.7673709372302158,0.0016357533115849763,final
deep_3x16,5,fc,2,5.925000,1.7686670655438586,0.0016091028489635777,final
deep_3x16,5,fc,2,5.950000,1.7699518464871407,0.0015829895732162476,final
deep_3x16,5,fc,2,5.975000,1.7712254213513234,0.0015574006271040614,final
deep_3x16,5,fc,2,6.000000,1.7724879290852755,0.0015323235085293945,final
deep_3x16,5,fc,5,0.000000,1.0,0.9999990149527557,final
deep_3x16,5,fc,5,0.025000,0.9995193990237953,0.9995535545956326,final
deep_3x16,5,fc,5,0.050000,0.9980802080513188,0.9982182550348954,final
deep_3x16,5,fc,5,0.075000,0.9956907210147328,0.9959963639857915,final
deep_3x16,5,fc,5,0.100000,0.9923656652612167,0.9928933046151531,final
deep_3x16,5,fc,5,0.125000,0.9881268538729063,0.988916689954814,final
deep_3x16,5,fc,5,0.150000,0.9830037222170123,0.9840763410260884,final
deep_3x16,5,fc,5,0.175000,0.9770337517518216,0.9783843067201043,final
deep_3x16,5,fc,5,0.200000,0.9702627866199327,0.9718548830579382,final
deep_3x16,5,fc,5,0.225000,0.962745249495893,0.9645046291303571,final
deep_3x16,5,fc,5,0.250000,0.9545442624447912,0.95635237680383,final
deep_3x16,5,fc,5,0.275000,0.9457316757437757,0.9474192311874634,final
deep_3x16,5,fc,5,0.300000,0.9363880018577051,0.9377285588901255,final
deep_3x16,5,fc,5,0.325000,0.9266022418777844,0.9273059612587633,final
deep_3x16,5,fc,5,0.350000,0.9164715766109003,0.9161792300730569,final
deep_3x16,5,fc,5,0.375000,0.9061008737351234,0.904378283568314,final
deep_3x16,5,fc,5,0.400000,0.8956019372468361,0.8919350811532322,final
deep_3x16,5,fc,5,0.425000,0.8850923997368599,0.8788835157629997,final
deep_3x16,5,fc,5,0.450000,0.8746941391879893,0.8652592834188174,final
deep_3x16,5,fc,5,0.475000,0.8645311005797157,0.8510997302275789,final
deep_3x16,5,fc,5,0.500000,0.8547264307775059,0.8364436777241008,final
deep_3x16,5,fc,5,0.525000,0.8453989031802343,0.8213312281068833,final
deep_3x16,5,fc,5,0.550000,0.8366587197094636,0.8058035515220902,final
deep_3x16,5,fc,5,0.575000,0.8286029233627227,0.789902658086808,final
deep_3x16,5,fc,5,0.600000,0.8213108113744205,0.7736711577926741,final
deep_3x16,5,fc,5,0.625000,0.8148398704825691,0.7571520117798487,final
deep_3x16,5,fc,5,0.650000,0.8092228193796068,0.7403882787090609,final
deep_3x16,5,fc,5,0.675000,0.8044663028077302,0.7234228600810844,final
deep_3x16,5,fc,5,0.700000,0.8005516205926115,0.7062982483585597,final
deep_3x16,5,fc,5,0.725000,0.7974376072532963,0.6890562816393245,final
deep_3x16,5,fc,5,0.750000,0.7950654502235627,0.6717379084223036,final
deep_3x16,5,fc,5,0.775000,0.7933649171653462,0.6543829657089731,final
deep_3x16,5,fc,5,0.800000,0.792261230032727,0.6370299733105577,final
deep_3x16,5,fc,5,0.825000,0.7916817321780458,0.6197159468002725,final
deep_3x16,5,fc,5,0.850000,0.7915615654849762,0.6024762310788355,final
deep_3x16,5,fc,5,0.875000,0.7918477853849549,0.5853443560278541,final
deep_3x16,5,fc,5,0.900000,0.7925016363002946,0.5683519152265687,final
deep_3x16,5,fc,5,0.925000,0.7934990166176709,0.5515284682184035,final
deep_3x16,5,fc,5,0.950000,0.7948294152419654,0.5349014663486072,final
deep_3x16,5,fc,5,0.975000,0.7964937590494842,0.5184962017644935,final
deep_3x16,5,fc,5,1.000000,0.7985016604181944,0.5023357787844921,final
deep_3x16,5,fc,5,1.025000,0.8008685116111662,0.4864411065080455,final
deep_3x16,5,fc,5,1.050000,0.8036127698650755,0.4708309112594444,final
deep_3x16,5,fc,5,1.075000,0.8067536497357682,0.45552176723692184,final
deep_3x16,5,fc,5,1.100000,0.8103093182562282,0.44052814357346226,final
deep_3x16,5,fc,5,1.125000,0.8142955935446715,0.42586246590588206,final
deep_3x16,5,fc,5,1.150000,0.8187250866124729,0.41153519049035014,final
deep_3x16,5,fc,5,1.175000,0.8236066976782732,0.3975548888910253,final
deep_3x16,5,fc,5,1.200000,0.8289453749277904,0.38392834129850273,final
deep_3x16,5,fc,5,1.225000,0.8347420559345176,0.370660636600358,final
deep_3x16,5,fc,5,1.250000,0.8409937311479244,0.3577552774211005,final
deep_3x16,5,fc,5,1.275000,0.8476935884710584,0.34521428846717805,final
deep_3x16,5,fc,5,1.300000,0.8548312141523476,0.3330383266483743,final
deep_3x16,5,fc,5,1.325000,0.8623928364961981,0.32122679159448314,final
deep_3x16,5,fc,5,1.350000,0.8703616053789296,0.30977793534049813,final
deep_3x16,5,fc,5,1.375000,0.878717903261639,0.2986889701102368,final
deep_3x16,5,fc,5,1.400000,0.8874396836325448,0.2879561732835211,final
deep_3x16,5,fc,5,1.425000,0.8965028317983754,0.277574988782547,final
deep_3x16,5,fc,5,1.450000,0.9058815415907477,0.26754012425636026,final
deep_3x16,5,fc,5,1.475000,0.9155487004321926,0.25784564357642004,final
deep_3x16,5,fc,5,1.500000,0.9254762745961252,0.24848505427970202,final
deep_3x16,5,fc,5,1.525000,0.9356356864624624,0.2394513897077521,final
deep_3x16,5,fc,5,1.550000,0.9459981760558949,0.2307372856900662,final
deep_3x16,5,fc,5,1.575000,0.9565351400374055,0.2223350517080542,final
deep_3x16,5,fc,5,1.600000,0.9672184424681513,0.2142367365518528,final
deep_3x16,5,fc,5,1.625000,0.9780206929557402,0.20643418854680623,final
deep_3x16,5,fc,5,1.650000,0.9889154891255227,0.198919110480207,final
deep_3x16,5,fc,5,1.675000,0.9998776216565111,0.19168310940259609,final
deep_3x16,5,fc,5,1.700000,1.0108832413268964,0.1847177415124742,final
deep_3x16,5,fc,5,1.725000,1.0219099885893428,0.17801455235952063,final
deep_3x16,5,fc,5,1.750000,1.0329370871170627,0.1715651126203154,final
deep_3x16,5,fc,5,1.775000,1.0439454035152007,0.16536104971299231,final
deep_3x16,5,fc,5,1.800000,1.0549174759747828,0.15939407552411586,final
deep_3x16,5,fc,5,1.825000,1.0658375150626092,0.1536560105231757,final
deep_3x16,5,fc,5,1.850000,1.076691380100227,0.14813880453823608,final
deep_3x16,5,fc,5,1.875000,1.087466534703643,0.14283455446115373,final
deep_3x16,5,fc,5,1.900000,1.098151985050973,0.13773551914301999,final
deep_3x16,5,fc,5,1.925000,1.1087382043381457,0.13283413173068498,final
deep_3x16,5,fc,5,1.950000,1.1192170466939182,0.12812300968388157,final
deep_3x16,5,fc,5,1.975000,1.1295816535753251,0.12359496270000238,final
deep_3x16,5,fc,5,2.000000,1.1398263553724475,0.11924299876040963,final
deep_3x16,5,fc,5,2.025000,1.149946570634171,0.11506032849854929,final
deep_3x16,5,fc,5,2.050000,1.1599387049992482,0.11104036807640862,final
deep_3x16,5,fc,5,2.075000,1.1698000515917517,0.10717674074218457,final
deep_3x16,5,fc,5,2.100000,1.179528694326532,0.10346327722860513,final
deep_3x16,5,fc,5,2.125000,1.189123415275923,0.09989401513832925,final
deep_3x16,5,fc,5,2.150000,1.1985836069785825,0.09646319745030717,final
deep_3x16,5,fc,5,2.175000,1.2079091903283443,0.09316527026902503,final
deep_3x16,5,fc,5,2.200000,1.217100538466595,0.08999487992723759,final
deep_3x16,5,fc,5,2.225000,1.2261584069164395,0.08694686954211561,final
deep_3x16,5,fc,5,2.250000,1.2350838700398272,0.0840162751147613,final
deep_3x16,5,fc,5,2.275000,1.243878263768562,0.08119832125375193,final
deep_3x16,5,fc,5,2.300000,1.2525431344545817,0.07848841659474731,final
deep_3x16,5,fc,5,2.325000,1.2610801936018987,0.07588214898026313,final
deep_3x16,5,fc,5,2.350000,1.269491278179618,0.07337528045640314,final
deep_3x16,5,fc,5,2.375000,1.2777783161700293,0.0709637421366524,final
deep_3x16,5,fc,5,2.400000,1.2859432969755231,0.06864362897674837,final
deep_3x16,5,fc,5,2.425000,1.2939882462906656,0.06641119449909502,final
deep_3x16,5,fc,5,2.450000,1.3019152050390885,0.06426284550016602,final
deep_3x16,5,fc,5,2.475000,1.3097262119768913,0.06219513676981234,final
deep_3x16,5,fc,5,2.500000,1.3174232895734053,0.060204765847302694,final
deep_3x16,5,fc,5,2.525000,1.3250084327946845,0.05828856783526772,final
deep_3x16,5,fc,5,2.550000,1.3324836004338578,0.05644351028943357,final
deep_3x16,5,fc,5,2.575000,1.3398507086541314,0.05466668819911841,final
deep_3x16,5,fc,5,2.600000,1.3471116264338803,0.05295531907085509,final
deep_3x16,5,fc,5,2.625000,1.354268172628149,0.05130673812520908,final
deep_3x16,5,fc,5,2.650000,1.3613221143861025,0.04971839361481907,final
deep_3x16,5,fc,5,2.675000,1.3682751666892334,0.048187842269903004,final
deep_3x16,5,fc,5,2.700000,1.3751289927997499,0.046712744875897896,final
deep_3x16,5,fc,5,2.725000,1.3818852054323936,0.045290861986530255,final
deep_3x16,5,fc,5,2.750000,1.3885453684855185,0.04392004977442389,final
deep_3x16,5,fc,5,2.775000,1.3951109991886033,0.04259825602031256,final
deep_3x16,5,fc,5,2.800000,1.4015835705431385,0.04132351624104625,final
deep_3x16,5,fc,5,2.825000,1.4079645139521393,0.04009394995580804,final
deep_3x16,5,fc,5,2.850000,1.4142552219501794,0.03890775708931617,final
deep_3x16,5,fc,5,2.875000,1.42045705096098,0.037763214510238105,final
deep_3x16,5,fc,5,2.900000,1.426571324023095,0.036658672702594416,final
deep_3x16,5,fc,5,2.925000,1.4325993334363076,0.03559255256754023,final
deep_3x16,5,fc,5,2.950000,1.4385423432919204,0.034563342352615975,final
deep_3x16,5,fc,5,2.975000,1.444401591859413,0.03356959470530945,final
deep_3x16,5,fc,5,3.000000,1.4501782938099066,0.03260992384757856,final
deep_3x16,5,fc,5,3.025000,1.4558736422636822,0.03168300286784069,final
deep_3x16,5,fc,5,3.050000,1.461488810654793,0.030787561126827977,final
deep_3x16,5,fc,5,3.075000,1.46702495441056,0.02992238177364323,final
deep_3x16,5,fc,5,3.100000,1.472483212447655,0.02908629936830695,final
deep_3x16,5,fc,5,3.125000,1.4778647084896452,0.028278197607078143,final
deep_3x16,5,fc,5,3.150000,1.4831705522132745,0.02749700714683811,final
deep_3x16,5,fc,5,3.175000,1.4884018402326589,0.02674170352486146,final
deep_3x16,5,fc,5,3.200000,1.4935596569318788,0.026011305170332698,final
deep_3x16,5,fc,5,3.225000,1.4986450751573674,0.025304871504035504,final
deep_3x16,5,fc,5,3.250000,1.5036591567819817,0.024621501122705596,final
deep_3x16,5,fc,5,3.275000,1.5086029531528913,0.02396033006461559,final
deep_3x16,5,fc,5,3.300000,1.5134775054353329,0.02332053015304608,final
deep_3x16,5,fc,5,3.325000,1.51828384486404,0.022701307414390606,final
deep_3x16,5,fc,5,3.350000,1.5230229929137455,0.022101900567731217,final
deep_3x16,5,fc,5,3.375000,1.5276959613995842,0.02152157958282148,final
deep_3x16,5,fc,5,3.400000,1.532303752517623,0.020959644303520642,final
deep_3x16,5,fc,5,3.425000,1.536847358835024,0.020415423133807592,final
deep_3x16,5,fc,5,3.450000,1.541327763238622,0.019888271783622076,final
deep_3x16,5,fc,5,3.475000,1.545745938849958,0.019377572071868618,final
deep_3x16,5,fc,5,3.500000,1.5501028489140212,0.018882730784027312,final
deep_3x16,5,fc,5,3.525000,1.5543994466682636,0.01840317858190917,final
deep_3x16,5,fc,5,3.550000,1.5586366751976815,0.017938368963193514,final
deep_3x16,5,fc,5,3.575000,1.5628154672811103,0.017487777268482583,final
deep_3x16,5,fc,5,3.600000,1.5669367452332,0.017050899733695963,final
deep_3x16,5,fc,5,3.625000,1.5710014207459548,0.01662725258572584,final
deep_3x16,5,fc,5,3.650000,1.57501039473313,0.01621637117935688,final
deep_3x16,5,fc,5,3.675000,1.5789645571802777,0.015817809173541454,final
deep_3x16,5,fc,5,3.700000,1.5828647870027504,0.015431137745210538,final
deep_3x16,5,fc,5,3.725000,1.586711951913529,0.015055944838867765,final
deep_3x16,5,fc,5,3.750000,1.590506908302388,0.014691834450308115,final
deep_3x16,5,fc,5,3.775000,1.5942505011275179,0.014338425942863312,final
deep_3x16,5,fc,5,3.800000,1.5979435638204649,0.013995353394657682,final
deep_3x16,5,fc,5,3.825000,1.6015869182049498,0.013662264975421378,final
deep_3x16,5,fc,5,3.850000,1.6051813744299028,0.013338822351480577,final
deep_3x16,5,fc,5,3.875000,1.6087277309168597,0.0130247001176001,final
deep_3x16,5,fc,5,3.900000,1.6122267743216683,0.012719585254425991,final
deep_3x16,5,fc,5,3.925000,1.6156792795103456,0.012423176610320625,final
deep_3x16,5,fc,5,3.950000,1.6190860095487598,0.012135184406454037,final
deep_3x16,5,fc,5,3.975000,1.6224477157057573,0.011855329764055456,final
deep_3x16,5,fc,5,4.000000,1.6257651374692377,0.011583344252793145,final
deep_3x16,5,fc,5,4.025000,1.6290390025746426,0.011318969459285231,final
deep_3x16,5,fc,5,4.050000,1.6322700270452601,0.011061956574806305,final
deep_3x16,5,fc,5,4.075000,1.6354589152437244,0.010812066001288487,final
deep_3x16,5,fc,5,4.100000,1.6386063599340552,0.010569066974763647,final
deep_3x16,5,fc,5,4.125000,1.641713042353581,0.010332737205431649,final
deep_3x16,5,fc,5,4.150000,1.6447796322940693,0.010102862533580738,final
deep_3x16,5,fc,5,4.175000,1.64780678819141,0.009879236600621332,final
deep_3x16,5,fc,5,4.200000,1.6507951572231816,0.009661660534531725,final
deep_3x16,5,fc,5,4.225000,1.653745375413468,0.009449942649044966,final
deep_3x16,5,fc,5,4.250000,1.6566580677442866,0.009243898155941826,final
deep_3x16,5,fc,5,4.275000,1.6595338482730277,0.00904334888984183,final
deep_3x16,5,fc,5,4.300000,1.6623733202553148,0.008848123044917012,final
deep_3x16,5,fc,5,4.325000,1.6651770762727285,0.00865805492297805,final
deep_3x16,5,fc,5,4.350000,1.6679456983648495,0.008472984692407837,final
deep_3x16,5,fc,5,4.375000,1.6706797581651203,0.008292758157448845,final
deep_3x16,5,fc,5,4.400000,1.6733798170400365,0.008117226537362866,final
deep_3x16,5,fc,5,4.425000,1.676046426231209,0.007946246255021595,final
deep_3x16,5,fc,5,4.450000,1.6786801269998737,0.007779678734485535,final
deep_3x16,5,fc,5,4.475000,1.68128145077344,0.007617390207175521,final
deep_3x16,5,fc,5,4.500000,1.6838509192936966,0.00745925152623505,final
deep_3x16,5,fc,5,4.525000,1.6863890447663332,0.007305137988719207,final
deep_3x16,5,fc,5,4.550000,1.6888963300114344,0.007154929165255192,final
deep_3x16,5,fc,5,4.575000,1.6913732686146543,0.007008508736834862,final
deep_3x16,5,fc,5,4.600000,1.6938203450787737,0.006865764338424728,final
deep_3x16,5,fc,5,4.625000,1.696238034975397,0.006726587409077422,final
deep_3x16,5,fc,5,4.650000,1.6986268050965274,0.006590873048268464,final
deep_3x16,5,fc,5,4.675000,1.7009871136058161,0.0064585198781628465,final
deep_3x16,5,fc,5,4.700000,1.7033194101892681,0.006329429911565912,final
deep_3x16,5,fc,5,4.725000,1.7056241362052311,0.006203508425289461,final
deep_3x16,5,fc,5,4.750000,1.7079017248334882,0.006080663838708088,final
deep_3x16,5,fc,5,4.775000,1.710152601223307,0.005960807597265741,final
deep_3x16,5,fc,5,4.800000,1.7123771826402978,0.005843854060718774,final
deep_3x16,5,fc,5,4.825000,1.7145758786119667,0.005729720395912886,final
deep_3x16,5,fc,5,4.850000,1.7167490910718424,0.005618326473881569,final
deep_3x16,5,fc,5,4.875000,1.7188972145020691,0.0055095947710962845,final
deep_3x16,5,fc,5,4.900000,1.7210206360743967,0.005403450274670497,final
deep_3x16,5,fc,5,4.925000,1.7231197357894639,0.005299820391357137,final
deep_3x16,5,fc,5,4.950000,1.7251948866143187,0.00519863486017101,final
deep_3x16,5,fc,5,4.975000,1.727246454618117,0.005099825668480255,final
deep_3x16,5,fc,5,5.000000,1.72927479910593,0.005003326971419181,final
deep_3x16,5,fc,5,5.025000,1.731280272750639,0.004909075014477372,final
deep_3x16,5,fc,5,5.050000,1.7332632217228556,0.004817008059132411,final
deep_3x16,5,fc,5,5.075000,1.7352239858188563,0.004727066311396233,final
deep_3x16,5,fc,5,5.100000,1.7371628985864904,0.004639191853146637,final
deep_3x16,5,fc,5,5.125000,1.7390802874490496,0.004553328576135116,final
deep_3x16,5,fc,5,5.150000,1.740976473827085,0.004469422118547324,final
deep_3x16,5,fc,5,5.175000,1.742851773258155,0.0043874198040178055,final
deep_3x16,5,fc,5,5.200000,1.7447064955145066,0.0043072705829917705,final
deep_3x16,5,fc,5,5.225000,1.746540944718681,0.004228924976334929,final
deep_3x16,5,fc,5,5.250000,1.7483554194570485,0.004152335021101629,final
deep_3x16,5,fc,5,5.275000,1.7501502128912811,0.004077454218365142,final
deep_3x16,5,fc,5,5.300000,1.751925612867764,0.0040042374830345975,final
deep_3x16,5,fc,5,5.325000,1.7536819020249612,0.003932641095565119,final
deep_3x16,5,fc,5,5.350000,1.7554193578987494,0.003862622655491328,final
deep_3x16,5,fc,5,5.375000,1.7571382530257282,0.0037941410367080836,final
deep_3x16,5,fc,5,5.400000,1.7588388550445406,0.003727156344421023,final
deep_3x16,5,fc,5,5.425000,1.7605214267951956,0.003661629873710311,final
deep_3x16,5,fc,5,5.450000,1.7621862264164472,0.0035975240696294233,final
deep_3x16,5,fc,5,5.475000,1.7638335074412232,0.003534802488785088,final
deep_3x16,5,fc,5,5.500000,1.7654635188901406,0.00347342976233753,final
deep_3x16,5,fc,5,5.525000,1.7670765053631357,0.0034133715603585552,final
deep_3x16,5,fc,5,5.550000,1.7686727071292232,0.003354594557501852,final
deep_3x16,5,fc,5,5.575000,1.7702523602144196,0.003297066399923296,final
deep_3x16,5,fc,5,5.600000,1.7718156964878524,0.0032407556734100657,final
deep_3x16,5,fc,5,5.625000,1.7733629437460876,0.0031856318726634857,final
deep_3x16,5,fc,5,5.650000,1.7748943257956982,0.003131665371696122,final
deep_3x16,5,fc,5,5.675000,1.7764100625341075,0.003078827395293707,final
deep_3x16,5,fc,5,5.700000,1.777910370028731,0.003027089991503894,final
deep_3x16,5,fc,5,5.725000,1.779395460594452,0.0029764260051096687,final
deep_3x16,5,fc,5,5.750000,1.7808655428694509,0.0029268090520475788,final
deep_3x16,5,fc,5,5.775000,1.7823208218894289,0.002878213494739797,final
deep_3x16,5,fc,5,5.800000,1.783761499160245,0.002830614418296118,final
deep_3x16,5,fc,5,5.825000,1.7851877727290053,0.00278398760755835,final
deep_3x16,5,fc,5,5.850000,1.7865998372536218,0.002738309524953898,final
deep_3x16,5,fc,5,5.875000,1.7879978840708821,0.00269355728912338,final
deep_3x16,5,fc,5,5.900000,1.7893821012630555,0.002649708654298654,final
deep_3x16,5,fc,5,5.925000,1.7907526737230552,0.0026067419903964785,final
deep_3x16,5,fc,5,5.950000,1.7921097832181971,0.0025646362638050363,final
deep_3x16,5,fc,5,5.975000,1.7934536084525816,0.0025233710188360442,final
deep_3x16,5,fc,5,6.000000,1.7947843251281184,0.002482926359813787,final
deep_3x16,6,fx,,0.000000,1.0,1.0,final
deep_3x16,6,fx,,0.025000,1.0000527870660214,1.0001371734503082,final
deep_3x16,6,fx,,0.050000,1.0002109566392492,1.0005484131007953,final
deep_3x16,6,fx,,0.075000,1.0004741066849487,1.0012328782849313,final
deep_3x16,6,fx,,0.100000,1.0008419166525593,1.002189172660767,final
deep_3x16,6,fx,,0.125000,1.0013144134122214,1.0034153513166864,final
deep_3x16,6,fx,,0.150000,1.0018922013749114,1.0049089306249135,final
deep_3x16,6,fx,,0.175000,1.002576653819045,1.0066669007499534,final
deep_3x16,6,fx,,0.200000,1.0033700636718006,1.0086857406950527,final
deep_3x16,6,fx,,0.225000,1.004275753116239,1.010961435747421,final
deep_3x16,6,fx,,0.250000,1.0052981423918077,1.0134894971626558,final
deep_3x16,6,fx,,0.275000,1.006442779013446,1.0162649839108355,final
deep_3x16,6,fx,,0.300000,1.0077163293510447,1.0192825262913066,final
deep_3x16,6,fx,,0.325000,1.0091265350931786,1.022536351210436,final
deep_3x16,6,fx,,0.350000,1.010682137580652,1.0260203089066646,final
deep_3x16,6,fx,,0.375000,1.0123927733551423,1.0297279009001115,final
deep_3x16,6,fx,,0.400000,1.0142688445471288,1.0336523089397605,final
deep_3x16,6,fx,,0.425000,1.016321367946417,1.0377864247198565,final
deep_3x16,6,fx,,0.450000,1.0185618067765037,1.0421228801384386,final
deep_3x16,6,fx,,0.475000,1.021001889344955,1.0466540778748243,final
deep_3x16,6,fx,,0.500000,1.0236534188736792,1.0513722220691275,final
deep_3x16,6,fx,,0.525000,1.0265280789258246,1.056269348895353,final
deep_3x16,6,fx,,0.550000,1.0296372389321409,1.061337356830009,final
deep_3x16,6,fx,,0.575000,1.0329917643631021,1.0665680364302768,final
deep_3x16,6,fx,,0.600000,1.036601836071127,1.0719530994492863,final
deep_3x16,6,fx,,0.625000,1.0404767832120456,1.0774842071307018,final
deep_3x16,6,fx,,0.650000,1.0446249339170046,1.0831529975403624,final
deep_3x16,6,fx,,0.675000,1.0490534874975794,1.0889511118088369,final
deep_3x16,6,fx,,0.700000,1.053768411406771,1.0948702191752313,final
deep_3x16,6,fx,,0.725000,1.0587743654363875,1.1009020407391494,final
deep_3x16,6,fx,,0.750000,1.064074654711606,1.1070383718441337,final
deep_3x16,6,fx,,0.775000,1.0696712119687148,1.1132711030320084,final
deep_3x16,6,fx,,0.800000,1.0755646084136226,1.119592239523111,final
deep_3x16,6,fx,,0.825000,1.081754091216444,1.1259939191922888,final
deep_3x16,6,fx,,0.850000,1.0882376444758473,1.1324684290245925,final
deep_3x16,6,fx,,0.875000,1.095012069369748,1.139008220047757,final
deep_3x16,6,fx,,0.900000,1.1020730782820352,1.1456059207506675,final
deep_3x16,6,fx,,0.925000,1.109415397037468,1.152254349008086,final
deep_3x16,6,fx,,0.950000,1.117032869052925,1.1589465225418367,final
deep_3x16,6,fx,,0.975000,1.124918555264642,1.1656756679574736,final
deep_3x16,6,fx,,1.000000,1.1330648241323473,1.172435228403129,final
deep_3x16,6,fx,,1.025000,1.1414634268363866,1.1792188699038115,final
deep_3x16,6,fx,,1.050000,1.1501055539276273,1.1860204864298936,final
deep_3x16,6,fx,,1.075000,1.1589818710904378,1.192834203762979,final
deep_3x16,6,fx,,1.100000,1.1680825332443154,1.1996543822257886,final
deep_3x16,6,fx,,1.125000,1.1773971778350065,1.2064756183452223,final
deep_3x16,6,fx,,1.150000,1.186914899741892,1.2132927455194251,final
deep_3x16,6,fx,,1.175000,1.196624211649603,1.220100833760554,final
deep_3x16,6,fx,,1.200000,1.2065129949041937,1.2268951885850992,final
deep_3x16,6,fx,,1.225000,1.2165684467212246,1.2336713491231373,final
deep_3x16,6,fx,,1.250000,1.2267770300806902,1.2404250855168273,final
deep_3x16,6,fx,,1.275000,1.2371244327029,1.2471523956769321,final
deep_3x16,6,fx,,1.300000,1.247595541147985,1.2538495014641662,final
deep_3x16,6,fx,,1.325000,1.2581744353438384,1.2605128443598486,final
deep_3x16,6,fx,,1.350000,1.2688444077717091,1.2671390806877225,final
deep_3x16,6,fx,,1.375000,1.2795880101955368,1.2737250764459462,final
deep_3x16,6,fx,,1.400000,1.2903871292973443,1.2802679018052352,final
deep_3x16,6,fx,,1.425000,1.3012230909745468,1.2867648253259727,final
deep_3x16,6,fx,,1.450000,1.3120767914681915,1.2932133079438641,final
deep_3x16,6,fx,,1.475000,1.322928852023381,1.2996109967704328,final
deep_3x16,6,fx,,1.500000,1.333759792523976,1.3059557187513589,final
deep_3x16,6,fx,,1.525000,1.344550218566195,1.3122454742224083,final
deep_3x16,6,fx,,1.550000,1.3552810157914101,1.3184784303994812,final
deep_3x16,6,fx,,1.575000,1.3659335450137453,1.3246529148361825,final
deep_3x16,6,fx,,1.600000,1.3764898317534258,1.330767408879276,final
deep_3x16,6,fx,,1.625000,1.386932744197514,1.3368205411494571,final
deep_3x16,6,fx,,1.650000,1.3972461543094963,1.3428110810720784,final
deep_3x16,6,fx,,1.675000,1.4074150777352197,1.3487379324797883,final
deep_3x16,6,fx,,1.700000,1.4174257892317323,1.3546001273065218,final
deep_3x16,6,fx,,1.725000,1.4272659115006558,1.360396819389886,final
deep_3x16,6,fx,,1.750000,1.4369244764645928,1.3661272783967613,final
deep_3x16,6,fx,,1.775000,1.4463919591175138,1.3717908838848296,final
deep_3x16,6,fx,,1.800000,1.455660285054243,1.3773871195108214,final
deep_3x16,6,fx,,1.825000,1.4647228136008097,1.3829155673944546,final
deep_3x16,6,fx,,1.850000,1.4735742991030103,1.3883759026453952,final
deep_3x16,6,fx,,1.875000,1.482210833376353,1.3937678880590432,final
deep_3x16,6,fx,,1.900000,1.4906297725812194,1.3990913689855675,final
deep_3x16,6,fx,,1.925000,1.4988296518776367,1.4043462683753405,final
deep_3x16,6,fx,,1.950000,1.506810091157324,1.4095325820027964,final
deep_3x16,6,fx,,1.975000,1.5145716949738703,1.4146503738697032,final
deep_3x16,6,fx,,2.000000,1.5221159495242333,1.4196997717879212,final
deep_3x16,6,fx,,2.025000,1.529445119204771,1.4246809631409094,final
deep_3x16,6,fx,,2.050000,1.5365621448990967,1.4295941908225116,final
deep_3x16,6,fx,,2.075000,1.543470545776085,1.4344397493509262,final
deep_3x16,6,fx,,2.100000,1.5501743260030363,1.4392179811552137,final
deep_3x16,6,fx,,2.125000,1.556677887425854,1.4439292730312083,final
deep_3x16,6,fx,,2.150000,1.5629859489453009,1.4485740527633122,final
deep_3x16,6,fx,,2.175000,1.569103473032547,1.4531527859082907,final
deep_3x16,6,fx,,2.200000,1.5750355995815868,1.4576659727369123,final
deep_3x16,6,fx,,2.225000,1.5807875870913732,1.4621141453290472,final
deep_3x16,6,fx,,2.250000,1.5863647610054843,1.4664978648176454,final
deep_3x16,6,fx,,2.275000,1.5917724689090436,1.470817718776893,final
deep_3x16,6,fx,,2.300000,1.597016042187922,1.475074318749721,final
deep_3x16,6,fx,,2.325000,1.602100763689835,1.479268297909802,final
deep_3x16,6,fx,,2.350000,1.6070318408865514,1.483400308853113,final
deep_3x16,6,fx,,2.375000,1.6118143840168337,1.4874710215141502,final
deep_3x16,6,fx,,2.400000,1.616453388687001,1.491481121201892,final
deep_3x16,6,fx,,2.425000,1.620953722416501,1.4954313067506453,final
deep_3x16,6,fx,,2.450000,1.6253201146364005,1.4993222887809725,final
deep_3x16,6,fx,,2.475000,1.6295571496764827,1.5031547880659621,final
deep_3x16,6,fx,,2.500000,1.633669262309319,1.5069295339981974,final
deep_3x16,6,fx,,2.525000,1.6376607354553392,1.5106472631528727,final
deep_3x16,6,fx,,2.550000,1.6415356996899302,1.514308717942618,final
deep_3x16,6,fx,,2.575000,1.6452981342308048,1.5179146453597039,final
deep_3x16,6,fx,,2.600000,1.6489518691202223,1.5214657958014208,final
deep_3x16,6,fx,,2.625000,1.6525005883515176,1.5249629219745588,final
deep_3x16,6,fx,,2.650000,1.6559478337222329,1.5284067778750356,final
deep_3x16,6,fx,,2.675000,1.6592970092266375,1.5317981178388593,final
deep_3x16,6,fx,,2.700000,1.6625513858283791,1.5351376956607474,final
deep_3x16,6,fx,,2.725000,1.6657141064793426,1.538426263776851,final
deep_3x16,6,fx,,2.750000,1.6687881912735074,1.5416645725081797,final
deep_3x16,6,fx,,2.775000,1.6717765426447446,1.5448533693614435,final
deep_3x16,6,fx,,2.800000,1.6746819505352173,1.5479933983841754,final
deep_3x16,6,fx,,2.825000,1.677507097476456,1.5510853995711167,final
deep_3x16,6,fx,,2.850000,1.6802545635384816,1.5541301083189827,final
deep_3x16,6,fx,,2.875000,1.6829268311136714,1.5571282549268526,final
deep_3x16,6,fx,,2.900000,1.68552628951164,1.5600805641395499,final
deep_3x16,6,fx,,2.925000,1.6880552393494064,1.562987754731498,final
deep_3x16,6,fx,,2.950000,1.6905158967276743,1.5658505391286572,final
deep_3x16,6,fx,,2.975000,1.6929103971894253,1.5686696230662598,final
deep_3x16,6,fx,,3.000000,1.6952407994612724,1.5714457052801694,final
deep_3x16,6,fx,,3.025000,1.6975090889813773,1.5741794772298021,final
deep_3x16,6,fx,,3.050000,1.699717181220272,1.5768716228506432,final
deep_3x16,6,fx,,3.075000,1.7018669248028016,1.5795228183344976,final
deep_3x16,6,fx,,3.100000,1.7039601044407233,1.5821337319357038,final
deep_3x16,6,fx,,3.125000,1.7059984436863398,1.5847050238016365,final
deep_3x16,6,fx,,3.150000,1.707983607518015,1.587237345825908,final
deep_3x16,6,fx,,3.175000,1.7099172047685933,1.5897313415227634,final
deep_3x16,6,fx,,3.200000,1.711800790407654,1.592187645921248,final
deep_3x16,6,fx,,3.225000,1.7136358676882872,1.5946068854777975,final
deep_3x16,6,fx,,3.250000,1.7154238901686716,1.5969896780059818,final
deep_3x16,6,fx,,3.275000,1.7171662636182299,1.5993366326221994,final
deep_3x16,6,fx,,3.300000,1.718864347817587,1.601648349706187,final
deep_3x16,6,fx,,3.325000,1.7205194582609362,1.6039254208752762,final
deep_3x16,6,fx,,3.350000,1.7221328677687977,1.6061684289713845,final
deep_3x16,6,fx,,3.375000,1.7237058080185248,1.6083779480597964,final
deep_3x16,6,fx,,3.400000,1.7252394709992935,1.6105545434388309,final
deep_3x16,6,fx,,3.425000,1.726735010397715,1.6126987716595576,final
deep_3x16,6,fx,,3.450000,1.7281935429196396,1.6148111805547691,final
deep_3x16,6,fx,,3.475000,1.7296161495531803,1.6168923092764607,final
deep_3x16,6,fx,,3.500000,1.731003876777488,1.6189426883411182,final
deep_3x16,6,fx,,3.525000,1.7323577377213424,1.6209628396821578,final
deep_3x16,6,fx,,3.550000,1.7336787132751923,1.622953276708899,final
deep_3x16,6,fx,,3.575000,1.7349677531599077,1.6249145043714908,final
deep_3x16,6,fx,,3.600000,1.7362257769551301,1.6268470192312494,final
deep_3x16,6,fx,,3.625000,1.7374536750898122,1.6287513095359003,final
deep_3x16,6,fx,,3.650000,1.7386523097972466,1.630627855299244,final
deep_3x16,6,fx,,3.675000,1.7398225160366307,1.632477128384804,final
deep_3x16,6,fx,,3.700000,1.7409651023829968,1.6342995925930408,final
deep_3x16,6,fx,,3.725000,1.7420808518871345,1.6360957037517374,final
deep_3x16,6,fx,,3.750000,1.7431705229069643,1.6378659098091999,final
deep_3x16,6,fx,,3.775000,1.7442348499116738,1.6396106509299275,final
deep_3x16,6,fx,,3.800000,1.7452745442597863,1.641330359592442,final
deep_3x16,6,fx,,3.825000,1.74629029495223,1.6430254606889751,final
deep_3x16,6,fx,,3.850000,1.7472827693613757,1.6446963716267469,final
deep_3x16,6,fx,,3.875000,1.7482526139369177,1.6463435024305744,final
deep_3x16,6,fx,,3.900000,1.7492004548894131,1.6479672558465768,final
deep_3x16,6,fx,,3.925000,1.7501268988522296,1.6495680274467555,final
deep_3x16,6,fx,,3.950000,1.7510325335225885,1.651146205734246,final
deep_3x16,6,fx,,3.975000,1.7519179282823638,1.6527021722490547,final
deep_3x16,6,fx,,4.000000,1.7527836347992427,1.654236301674099,final
deep_3x16,6,fx,,4.025000,1.7536301876088318,1.6557489619413992,final
deep_3x16,6,fx,,4.050000,1.7544581046782621,1.6572405143382634,final
deep_3x16,6,fx,,4.075000,1.755267887951814,1.6587113136133356,final
deep_3x16,6,fx,,4.100000,1.7560600238790858,1.6601617080823763,final
deep_3x16,6,fx,,4.125000,1.756834983926182,1.6615920397336599,final
deep_3x16,6,fx,,4.150000,1.757593225070408,1.663002644332885,final
deep_3x16,6,fx,,4.175000,1.7583351902789262,1.6643938515274967,final
deep_3x16,6,fx,,4.200000,1.7590613089718348,1.6657659849503361,final
deep_3x16,6,fx,,4.225000,1.7597719974700954,1.6671193623225302,final
deep_3x16,6,fx,,4.250000,1.7604676594287543,1.668454295555556,final
deep_3x16,6,fx,,4.275000,1.7611486862558687,1.6697710908524037,final
deep_3x16,6,fx,,4.300000,1.7618154575175555,1.6710700488077885,final
deep_3x16,6,fx,,4.325000,1.7624683413295648,1.672351464507346,final
deep_3x16,6,fx,,4.350000,1.763107694735777,1.6736156276257725,final
deep_3x16,6,fx,,4.375000,1.763733864074011,1.6748628225238602,final
deep_3x16,6,fx,,4.400000,1.7643471853295236,1.6760933283443924,final
deep_3x16,6,fx,,4.425000,1.7649479844765779,1.6773074191068635,final
deep_3x16,6,fx,,4.450000,1.7655365778084409,1.6785053638009961,final
deep_3x16,6,fx,,4.475000,1.7661132722561748,1.6796874264790258,final
deep_3x16,6,fx,,4.500000,1.766678365696566,1.6808538663467358,final
deep_3x16,6,fx,,4.525000,1.7672321472495427,1.682004937853222,final
deep_3x16,6,fx,,4.550000,1.76777489756541,1.6831408907793708,final
deep_3x16,6,fx,,4.575000,1.7683068891022315,1.6842619703250405,final
deep_3x16,6,fx,,4.600000,1.768828386393683,1.685368417194935,final
deep_3x16,6,fx,,4.625000,1.7693396463076825,1.6864604676831623,final
deep_3x16,6,fx,,4.650000,1.7698409182961012,1.687538353756474,final
deep_3x16,6,fx,,4.675000,1.7703324446358633,1.6886023031361845,final
deep_3x16,6,fx,,4.700000,1.7708144606617056,1.6896525393787643,final
deep_3x16,6,fx,,4.725000,1.771287194990893,1.6906892819551151,final
deep_3x16,6,fx,,4.750000,1.771750869740155,1.691712746328525,final
deep_3x16,6,fx,,4.775000,1.7722057007351093,1.69272314403131,final
deep_3x16,6,fx,,4.800000,1.7726518977124357,1.6937206827401463,final
deep_3x16,6,fx,,4.825000,1.7730896645150418,1.6947055663501032,final
deep_3x16,6,fx,,4.850000,1.7735191992804724,1.695677995047382,final
deep_3x16,6,fx,,4.875000,1.773940694622791,1.6966381653807714,final
deep_3x16,6,fx,,4.900000,1.7743543378081665,1.6975862703318307,final
deep_3x16,6,fx,,4.925000,1.7747603109243855,1.6985224993838095,final
deep_3x16,6,fx,,4.950000,1.7751587910444997,1.6994470385893194,final
deep_3x16,6,fx,,4.975000,1.7755499503848238,1.7003600706367672,final
deep_3x16,6,fx,,5.000000,1.7759339564574763,1.701261774915565,final
deep_3x16,6,fx,,5.025000,1.7763109722176647,1.7021523275801298,final
deep_3x16,6,fx,,5.050000,1.7766811562058964,1.7030319016126885,final
deep_3x16,6,fx,,5.075000,1.7770446626853018,1.7039006668849015,final
deep_3x16,6,fx,,5.100000,1.77740164177424,1.7047587902183228,final
deep_3x16,6,fx,,5.125000,1.7777522395743597,1.7056064354437073,final
deep_3x16,6,fx,,5.150000,1.7780965982942785,1.7064437634591885,final
deep_3x16,6,fx,,5.175000,1.7784348563690369,1.7072709322873345,final
deep_3x16,6,fx,,5.200000,1.7787671485754786,1.708088097131107,final
deep_3x16,6,fx,,5.225000,1.779093606143708,1.7088954104287313,final
deep_3x16,6,fx,,5.250000,1.7794143568647622,1.7096930219075017,final
deep_3x16,6,fx,,5.275000,1.779729525194634,1.7104810786365339,final
deep_3x16,6,fx,,5.300000,1.7800392323547827,1.711259725078483,final
deep_3x16,6,fx,,5.325000,1.7803435964292547,1.7120291031402441,final
deep_3x16,6,fx,,5.350000,1.7806427324585388,1.7127893522226525,final
deep_3x16,6,fx,,5.375000,1.7809367525302715,1.7135406092691985,final
deep_3x16,6,fx,,5.400000,1.7812257658669093,1.714283008813776,final
deep_3x16,6,fx,,5.425000,1.7815098789104777,1.7150166830274802,final
deep_3x16,6,fx,,5.450000,1.7817891954044964,1.7157417617644724,final
deep_3x16,6,fx,,5.475000,1.782063816473191,1.7164583726069251,final
deep_3x16,6,fx,,5.500000,1.7823338406980818,1.7171666409090691,final
deep_3x16,6,fx,,5.525000,1.7825993641920492,1.717866689840354,final
deep_3x16,6,fx,,5.550000,1.782860480670961,1.7185586404277413,final
deep_3x16,6,fx,,5.575000,1.7831172815229548,1.7192426115971444,final
deep_3x16,6,fx,,5.600000,1.783369855875457,1.719918720214034,final
deep_3x16,6,fx,,5.625000,1.783618290660016,1.7205870811232205,final
deep_3x16,6,fx,,5.650000,1.7838626706750333,1.721247807187832,final
deep_3x16,6,fx,,5.675000,1.784103078646466,1.7219010093275047,final
deep_3x16,6,fx,,5.700000,1.7843395952865668,1.7225467965557948,final
deep_3x16,6,fx,,5.725000,1.784572299350744,1.7231852760168345,final
deep_3x16,6,fx,,5.750000,1.7848012676925928,1.7238165530212408,final
deep_3x16,6,fx,,5.775000,1.785026575317174,1.7244407310812953,final
deep_3x16,6,fx,,5.800000,1.785248295432599,1.725057911945408,final
deep_3x16,6,fx,,5.825000,1.7854664994999745,1.7256681956318787,final
deep_3x16,6,fx,,5.850000,1.7856812572817775,1.7262716804619718,final
deep_3x16,6,fx,,5.875000,1.7858926368886996,1.7268684630923166,final
deep_3x16,6,fx,,5.900000,1.7861007048250306,1.727458638546647,final
deep_3x16,6,fx,,5.925000,1.7863055260326157,1.7280423002468948,final
deep_3x16,6,fx,,5.950000,1.7865071639334509,1.728619540043648,final
deep_3x16,6,fx,,5.975000,1.7867056804709531,1.7291904482459888,final
deep_3x16,6,fx,,6.000000,1.7869011361499572,1.7297551136507232,final
deep_3x16,6,fc,0.5,0.000000,1.0,0.9999961712608588,final
deep_3x16,6,fc,0.5,0.025000,0.999307554590469,0.9983586646344352,final
deep_3x16,6,fc,0.5,0.050000,0.9972361826160888,0.9934854371990305,final
deep_3x16,6,fc,0.5,0.075000,0.9938093280573267,0.9854913576191164,final
deep_3x16,6,fc,0.5,0.100000,0.989076932367653,0.9745583236306017,final
deep_3x16,6,fc,0.5,0.125000,0.9831226592011026,0.9609224860044977,final
deep_3x16,6,fc,0.5,0.150000,0.9760683088395207,0.9448590526338713,final
deep_3x16,6,fc,0.5,0.175000,0.9680745617107499,0.9266665678644719,final
deep_3x16,6,fc,0.5,0.200000,0.9593373192087838,0.906652287270015,final
deep_3x16,6,fc,0.5,0.225000,0.9500792032722335,0.8851197735940066,final
deep_3x16,6,fc,0.5,0.250000,0.9405362217889193,0.8623592877190294,final
deep_3x16,6,fc,0.5,0.275000,0.9309401655526396,0.838641066508284,final
deep_3x16,6,fc,0.5,0.300000,0.9214979076241502,0.8142112349444125,final
deep_3x16,6,fc,0.5,0.325000,0.9123693432994873,0.7892899055662282,final
deep_3x16,6,fc,0.5,0.350000,0.9036461535401477,0.7640709501109981,final
deep_3x16,6,fc,0.5,0.375000,0.8953338280470075,0.738722947888542,final
deep_3x16,6,fc,0.5,0.400000,0.8873394023047184,0.7133908845188547,final
deep_3x16,6,fc,0.5,0.425000,0.8794671235015147,0.6881982632946789,final
deep_3x16,6,fc,0.5,0.450000,0.8714237529954159,0.663249379897375,final
deep_3x16,6,fc,0.5,0.475000,0.8628344356480353,0.6386315887919551,final
deep_3x16,6,fc,0.5,0.500000,0.8532690327300753,0.614417452116793,final
deep_3x16,6,fc,0.5,0.525000,0.8422775719041247,0.5906667090105318,final
deep_3x16,6,fc,0.5,0.550000,0.8294321080450219,0.5674280368849434,final
deep_3x16,6,fc,0.5,0.575000,0.8143709562809812,0.5447405987383155,final
deep_3x16,6,fc,0.5,0.600000,0.7968401530603316,0.5226353848308631,final
deep_3x16,6,fc,0.5,0.625000,0.7767263926129712,0.5011363652156074,final
deep_3x16,6,fc,0.5,0.650000,0.7540759215535778,0.4802614735958944,final
deep_3x16,6,fc,0.5,0.675000,0.729095305165984,0.46002344418289265,final
deep_3x16,6,fc,0.5,0.700000,0.7021327529523531,0.4404305226879344,final
deep_3x16,6,fc,0.5,0.725000,0.6736424628949761,0.4214870710332323,final
deep_3x16,6,fc,0.5,0.750000,0.6441382321364388,0.4031940832949596,final
deep_3x16,6,fc,0.5,0.775000,0.6141450303194548,0.38554962812948085,final
deep_3x16,6,fc,0.5,0.800000,0.5841572708411867,0.36854923068108175,final
deep_3x16,6,fc,0.5,0.825000,0.5546100230368161,0.35218620484951263,final
deep_3x16,6,fc,0.5,0.850000,0.5258653600888848,0.3364519448742073,final
deep_3x16,6,fc,0.5,0.875000,0.49821199415155093,0.3213361834989273,final
deep_3x16,6,fc,0.5,0.900000,0.47187365833179507,0.306827222522449,final
deep_3x16,6,fc,0.5,0.925000,0.4470209357421935,0.2929121403100752,final
deep_3x16,6,fc,0.5,0.950000,0.42378217293505505,0.2795769798212084,final
deep_3x16,6,fc,0.5,0.975000,0.4022510121859286,0.2668069198795077,final
deep_3x16,6,fc,0.5,1.000000,0.3824900992660746,0.25458643175180856,final
deep_3x16,6,fc,0.5,1.025000,0.3645320316288312,0.24289942258726716,final
deep_3x16,6,fc,0.5,1.050000,0.34837929998073713,0.23172936687701973,final
deep_3x16,6,fc,0.5,1.075000,0.3340048712160677,0.22105942680628568,final
deep_3x16,6,fc,0.5,1.100000,0.321354427852516,0.21087256216631964,final
deep_3x16,6,fc,0.5,1.125000,0.3103504750933912,0.20115163035586586,final
deep_3x16,6,fc,0.5,1.150000,0.3008978578168755,0.1918794769158274,final
deep_3x16,6,fc,0.5,1.175000,0.2928898649357592,0.18303901699379402,final
deep_3x16,6,fc,0.5,1.200000,0.28621405610807926,0.1746133081159656,final
deep_3x16,6,fc,0.5,1.225000,0.28075713879874287,0.16658561464383392,final
deep_3x16,6,fc,0.5,1.250000,0.2764085260760729,0.15893946430447428,final
deep_3x16,6,fc,0.5,1.275000,0.2730625063444114,0.15165869720073666,final
deep_3x16,6,fc,0.5,1.300000,0.27061918699823717,0.14472750772673904,final
deep_3x16,6,fc,0.5,1.325000,0.26898451054348294,0.13813047983167853,final
deep_3x16,6,fc,0.5,1.350000,0.2680696911116147,0.13185261608906113,final
deep_3x16,6,fc,0.5,1.375000,0.26779040325853487,0.1258793610376418,final
deep_3x16,6,fc,0.5,1.400000,0.2680659974167483,0.12019661926408308,final
deep_3x16,6,fc,0.5,1.425000,0.2688189372319232,0.11479076869543448,final
deep_3x16,6,fc,0.5,1.450000,0.26997456801465713,0.1096486695622258,final
deep_3x16,6,fc,0.5,1.475000,0.27146124362668367,0.10475766948076473,final
deep_3x16,6,fc,0.5,1.500000,0.27321076982430137,0.10010560508677041,final
deep_3x16,6,fc,0.5,1.525000,0.275159071826517,0.09568080063249802,final
deep_3x16,6,fc,0.5,1.550000,0.277246966399201,0.09147206393676467,final
deep_3x16,6,fc,0.5,1.575000,0.2794209143739488,0.08746868005254455,final
deep_3x16,6,fc,0.5,1.600000,0.28163364503894894,0.08366040299072135,final
deep_3x16,6,fc,0.5,1.625000,0.28384457326876533,0.08003744581183542,final
deep_3x16,6,fc,0.5,1.650000,0.2860199663007148,0.07659046937076666,final
deep_3x16,6,fc,0.5,1.675000,0.2881328527221957,0.07331056997272188,final
deep_3x16,6,fc,0.5,1.700000,0.29016269611016554,0.07018926617305912,final
deep_3x16,6,fc,0.5,1.725000,0.2920948767316456,0.06721848492863296,final
deep_3x16,6,fc,0.5,1.750000,0.2939200359185412,0.06439054728477098,final
deep_3x16,6,fc,0.5,1.775000,0.2956333401156511,0.0616981537598125,final
deep_3x16,6,fc,0.5,1.800000,0.2972337172070736,0.059134369568493717,final
deep_3x16,6,fc,0.5,1.825000,0.29872310899216803,0.05669260980638358,final
deep_3x16,6,fc,0.5,1.850000,0.3001057729089305,0.05436662470009754,final
deep_3x16,6,fc,0.5,1.875000,0.30138765513166876,0.05215048501211195,final
deep_3x16,6,fc,0.5,1.900000,0.3025758472608302,0.050038567674637165,final
deep_3x16,6,fc,0.5,1.925000,0.30367813067681215,0.0480255417141179,final
deep_3x16,6,fc,0.5,1.950000,0.3047026064948062,0.04610635451642435,final
deep_3x16,6,fc,0.5,1.975000,0.30565740486521364,0.04427621847262877,final
deep_3x16,6,fc,0.5,2.000000,0.3065504648567461,0.042530598036290536,final
deep_3x16,6,fc,0.5,2.025000,0.30738937499570573,0.04086519721532707,final
deep_3x16,6,fc,0.5,2.050000,0.3081812643627564,0.03927594751474929,final
deep_3x16,6,fc,0.5,2.075000,0.3089327346487043,0.03775899634064951,final
deep_3x16,6,fc,0.5,2.100000,0.30964982447941347,0.03631069587080901,final
deep_3x16,6,fc,0.5,2.125000,0.31033799843396137,0.03492759239300612,final
deep_3x16,6,fc,0.5,2.150000,0.3110021543537831,0.033606416108520214,final
deep_3x16,6,fc,0.5,2.175000,0.31164664367682837,0.032344071395319085,final
deep_3x16,6,fc,0.5,2.200000,0.3122753005711437,0.03113762752295615,final
deep_3x16,6,fc,0.5,2.225000,0.31289147655678207,0.029984309809202872,final
deep_3x16,6,fc,0.5,2.250000,0.31349807808339236,0.028881491206847024,final
deep_3x16,6,fc,0.5,2.275000,0.3140976051761051,0.027826684307850874,final
deep_3x16,6,fc,0.5,2.300000,0.314692189784884,0.026817533751129878,final
deep_3x16,6,fc,0.5,2.325000,0.31528363288682726,0.025851809019539436,final
deep_3x16,6,fc,0.5,2.350000,0.3158734397127396,0.024927397611219253,final
deep_3x16,6,fc,0.5,2.375000,0.3164628527142035,0.024042298570184424,final
deep_3x16,6,fc,0.5,2.400000,0.31705288206969784,0.02319461636096361,final
deep_3x16,6,fc,0.5,2.425000,0.31764433366068845,0.022382555072118837,final
deep_3x16,6,fc,0.5,2.450000,0.3182378345418513,0.021604412933645116,final
deep_3x16,6,fc,0.5,2.475000,0.31883385599274217,0.020858577133474034,final
deep_3x16,6,fc,0.5,2.500000,0.31943273427859165,0.020143518918636836,final
deep_3x16,6,fc,0.5,2.525000,0.32003468927141665,0.019457788967005542,final
deep_3x16,6,fc,0.5,2.550000,0.32063984109392285,0.01880001301595232,final
deep_3x16,6,fc,0.5,2.575000,0.32124822495129113,0.018168887734721407,final
deep_3x16,6,fc,0.5,2.600000,0.32185980431270744,0.017563176827779654,final
deep_3x16,6,fc,0.5,2.625000,0.32247448259738576,0.016981707356906937,final
deep_3x16,6,fc,0.5,2.650000,0.32309211351044387,0.016423366270288828,final
deep_3x16,6,fc,0.5,2.675000,0.3237125101633582,0.01588709712737786,final
deep_3x16,6,fc,0.5,2.700000,0.3243354531026674,0.015371897008789036,final
deep_3x16,6,fc,0.5,2.725000,0.3249606973596031,0.014876813601008254,final
deep_3x16,6,fc,0.5,2.750000,0.32558797862278155,0.014400942446161183,final
deep_3x16,6,fc,0.5,2.775000,0.32621701862616237,0.01394342434758682,final
deep_3x16,6,fc,0.5,2.800000,0.3268475298353173,0.0135034429224213,final
deep_3x16,6,fc,0.5,2.825000,0.3274792195066757,0.013080222292847036,final
deep_3x16,6,fc,0.5,2.850000,0.32811179318682304,0.012673024908103358,final
deep_3x16,6,fc,0.5,2.875000,0.32874495771211065,0.012281149489774493,final
deep_3x16,6,fc,0.5,2.900000,0.3293784237627083,0.011903929093276212,final
deep_3x16,6,fc,0.5,2.925000,0.33001190801976155,0.0115407292788442,final
deep_3x16,6,fc,0.5,2.950000,0.33064513496944437,0.011190946385711102,final
deep_3x16,6,fc,0.5,2.975000,0.3312778383933114,0.010854005903492529,final
deep_3x16,6,fc,0.5,3.000000,0.33190976258047744,0.010529360935159847,final
deep_3x16,6,fc,0.5,3.025000,0.3325406632936445,0.010216490746280376,final
deep_3x16,6,fc,0.5,3.050000,0.333170308517867,0.00991489939552285,final
deep_3x16,6,fc,0.5,3.075000,0.3337984790181252,0.00962411444170394,final
deep_3x16,6,fc,0.5,3.100000,0.334424968729232,0.009343685722933544,final
deep_3x16,6,fc,0.5,3.125000,0.3350495849992876,0.009073184203666275,final
deep_3x16,6,fc,0.5,3.150000,0.3356721487058201,0.00881220088572273,final
deep_3x16,6,fc,0.5,3.175000,0.33629249426183483,0.00856034577956125,final
deep_3x16,6,fc,0.5,3.200000,0.33691046952728043,0.008317246932311853,final
deep_3x16,6,fc,0.5,3.225000,0.33752593563984234,0.008082549509281826,final
deep_3x16,6,fc,0.5,3.250000,0.3381387667775526,0.007855914925840547,final
deep_3x16,6,fc,0.5,3.275000,0.3387488498643668,0.007637020026771776,final
deep_3x16,6,fc,0.5,3.300000,0.33935608422867114,0.007425556310355653,final
deep_3x16,6,fc,0.5,3.325000,0.3399603812235752,0.007221229194605152,final
deep_3x16,6,fc,0.5,3.350000,0.34056166381683783,0.007023757323232783,final
deep_3x16,6,fc,0.5,3.375000,0.3411598661573707,0.0068328719090709365,final
deep_3x16,6,fc,0.5,3.400000,0.3417549331244163,0.006648316112797191,final
deep_3x16,6,fc,0.5,3.425000,0.3423468198647537,0.006469844454954951,final
deep_3x16,6,fc,0.5,3.450000,0.34293549132258794,0.006297222259364868,final
deep_3x16,6,fc,0.5,3.475000,0.3435209217661668,0.006130225126150202,final
deep_3x16,6,fc,0.5,3.500000,0.34410309431460173,0.005968638432691078,final
deep_3x16,6,fc,0.5,3.525000,0.3446820004678727,0.005812256860931846,final
deep_3x16,6,fc,0.5,3.550000,0.34525763964253997,0.005660883949557558,final
deep_3x16,6,fc,0.5,3.575000,0.3458300187152843,0.005514331669634566,final
deep_3x16,6,fc,0.5,3.600000,0.34639915157603474,0.005372420022408773,final
deep_3x16,6,fc,0.5,3.625000,0.3469650586921319,0.0052349766580150085,final
deep_3x16,6,fc,0.5,3.650000,0.34752776668467766,0.0051018365139386904,final
deep_3x16,6,fc,0.5,3.675000,0.34808730791798836,0.0049728414721276004,final
deep_3x16,6,fc,0.5,3.700000,0.34864372010284395,0.004847840033726076,final
deep_3x16,6,fc,0.5,3.725000,0.3491970459140292,0.004726687010453871,final
deep_3x16,6,fc,0.5,3.750000,0.34974733262251356,0.0046092432317188185,final
deep_3x16,6,fc,0.5,3.775000,0.3502946317424577,0.004495375266596954,final
deep_3x16,6,fc,0.5,3.800000,0.3508389986931135,0.00438495515987154,final
deep_3x16,6,fc,0.5,3.825000,0.35138049247560366,0.004277860181360855,final
deep_3x16,6,fc,0.5,3.850000,0.3519191753644324,0.00417397258781929,final
deep_3x16,6,fc,0.5,3.875000,0.3524551126135602,0.004073179396726176,final
deep_3x16,6,fc,0.5,3.900000,0.3529883721767646,0.003975372171325868,final
deep_3x16,6,fc,0.5,3.925000,0.35351902444199135,0.003880446816315581,final
deep_3x16,6,fc,0.5,3.950000,0.35404714197934717,0.0037883033836064225,final
deep_3x16,6,fc,0.5,3.975000,0.3545727993023524,0.0036988458876262074,final
deep_3x16,6,fc,0.5,4.000000,0.35509607264205023,0.0036119821296561735,final
deep_3x16,6,fc,0.5,4.025000,0.3556170397335545,0.0035276235307199755,final
deep_3x16,6,fc,0.5,4.050000,0.35613577961459464,0.003445684972579932,final
deep_3x16,6,fc,0.5,4.075000,0.35665237243562453,0.0033660846464103494,final
deep_3x16,6,fc,0.5,4.100000,0.35716689928103884,0.0032887439087498005,final
deep_3x16,6,fc,0.5,4.125000,0.35767944200106117,0.0032135871443476484,final
deep_3x16,6,fc,0.5,4.150000,0.35819008305385025,0.003140541635555781,final
deep_3x16,6,fc,0.5,4.175000,0.35869890535739246,0.003069537437917249,final
deep_3x16,6,fc,0.5,4.200000,0.3592059921507489,0.003000507261639546,final
deep_3x16,6,fc,0.5,4.225000,0.3597114268642254,0.002933386358647509,final
deep_3x16,6,fc,0.5,4.250000,0.3602152929980621,0.002868112414932197,final
deep_3x16,6,fc,0.5,4.275000,0.3607176740092338,0.0028046254479229715,final
deep_3x16,6,fc,0.5,4.300000,0.3612186532059728,0.002742867708632816,final
deep_3x16,6,fc,0.5,4.325000,0.36171831364963347,0.0026827835883323843,final
deep_3x16,6,fc,0.5,4.350000,0.3622167380635326,0.0026243195295232785,final
deep_3x16,6,fc,0.5,4.375000,0.3627140087484163,0.0025674239410017246,final
deep_3x16,6,fc,0.5,4.400000,0.3632102075042055,0.002512047116799274,final
deep_3x16,6,fc,0.5,4.425000,0.36370541555769875,0.0024581411588165073,final
deep_3x16,6,fc,0.5,4.450000,0.3641997134959182,0.0024056599029599174,final
deep_3x16,6,fc,0.5,4.475000,0.3646931812047922,0.0023545588486135268,final
deep_3x16,6,fc,0.5,4.500000,0.365185897812889,0.002304795091278237,final
deep_3x16,6,fc,0.5,4.525000,0.3656779416399303,0.0022563272582273074,final
deep_3x16,6,fc,0.5,4.550000,0.36616939014980554,0.002209115447027629,final
deep_3x16,6,fc,0.5,4.575000,0.3666603199078534,0.002163121166787322,final
deep_3x16,6,fc,0.5,4.600000,0.36715080654215093,0.0021183072820026927,final
deep_3x16,6,fc,0.5,4.625000,0.36764092470859655,0.0020746379588730468,final
deep_3x16,6,fc,0.5,4.650000,0.3681307480595566,0.002032078613968704,final
deep_3x16,6,fc,0.5,4.675000,0.36862034921586806,0.0019905958651390177,final
deep_3x16,6,fc,0.5,4.700000,0.36910979974200775,0.0019501574845522565,final
deep_3x16,6,fc,0.5,4.725000,0.36959917012422405,0.0019107323537686412,final
deep_3x16,6,fc,0.5,4.750000,0.370088529751464,0.0018722904207485434,final
deep_3x16,6,fc,0.5,4.775000,0.3705779468989183,0.0018348026587054643,final
deep_3x16,6,fc,0.5,4.800000,0.37106748871402284,0.0017982410267173958,final
deep_3x16,6,fc,0.5,4.825000,0.37155722120476264,0.001762578432014152,final
deep_3x16,6,fc,0.5,4.850000,0.3720472092301328,0.0017277886938635106,final
deep_3x16,6,fc,0.5,4.875000,0.3725375164926161,0.0016938465089809934,final
deep_3x16,6,fc,0.5,4.900000,0.3730282055325469,0.0016607274183924714,final
deep_3x16,6,fc,0.5,4.925000,0.3735193377242312,0.001628407775686919,final
deep_3x16,6,fc,0.5,4.950000,0.3740109732737138,0.001596864716589041,final
deep_3x16,6,fc,0.5,4.975000,0.37450317121807375,0.0015660761297978003,final
deep_3x16,6,fc,0.5,5.000000,0.37499598942614076,0.001536020629028713,final
deep_3x16,6,fc,0.5,5.025000,0.37548948460053855,0.0015066775262095645,final
deep_3x16,6,fc,0.5,5.050000,0.3759837122809513,0.0014780268057724868,final
deep_3x16,6,fc,0.5,5.075000,0.37647872684853523,0.0014500490999996532,final
deep_3x16,6,fc,0.5,5.100000,0.3769745815313751,0.0014227256653687938,final
deep_3x16,6,fc,0.5,5.125000,0.37747132841092024,0.0013960383598590484,final
deep_3x16,6,fc,0.5,5.150000,0.3779690184293111,0.0013699696211715122,final
deep_3x16,6,fc,0.5,5.175000,0.3784677013975398,0.001344502445826072,final
deep_3x16,6,fc,0.5,5.200000,0.3789674260043566,0.001319620369094148,final
deep_3x16,6,fc,0.5,5.225000,0.37946823982588107,0.0012953074457320137,final
deep_3x16,6,fc,0.5,5.250000,0.3799701893358397,0.0012715482314793827,final
deep_3x16,6,fc,0.5,5.275000,0.380473319916387,0.0012483277652897444,final
deep_3x16,6,fc,0.5,5.300000,0.38097767586944165,0.0012256315522594916,final
deep_3x16,6,fc,0.5,5.325000,0.38148330042850653,0.0012034455472299352,final
deep_3x16,6,fc,0.5,5.350000,0.38199023577090574,0.0011817561390265222,final
deep_3x16,6,fc,0.5,5.375000,0.3824985230304103,0.0011605501353155188,final
deep_3x16,6,fc,0.5,5.400000,0.38300820231019905,0.0011398147480441024,final
deep_3x16,6,fc,0.5,5.425000,0.3835193126961244,0.0011195375794464772,final
deep_3x16,6,fc,0.5,5.450000,0.3840318922702397,0.0010997066085859438,final
deep_3x16,6,fc,0.5,5.475000,0.38454597812455593,0.0010803101784139062,final
deep_3x16,6,fc,0.5,5.500000,0.3850616063749973,0.0010613369833224516,final
deep_3x16,6,fc,0.5,5.525000,0.38557881217552337,0.0010427760571714813,final
deep_3x16,6,fc,0.5,5.550000,0.3860976297323865,0.0010246167617677558,final
deep_3x16,6,fc,0.5,5.575000,0.3866180923185063,0.001006848775780092,final
deep_3x16,6,fc,0.5,5.600000,0.38714023228792704,0.0009894620840704305,final
deep_3x16,6,fc,0.5,5.625000,0.38766408109034334,0.000972446967424831,final
deep_3x16,6,fc,0.5,5.650000,0.38818966928566145,0.0009557939926686374,final
deep_3x16,6,fc,0.5,5.675000,0.38871702655858986,0.0009394940031462534,final
deep_3x16,6,fc,0.5,5.700000,0.3892461817332298,0.0009235381095562882,final
deep_3x16,6,fc,0.5,5.725000,0.38977716278765295,0.0009079176811237815,final
deep_3x16,6,fc,0.5,5.750000,0.3903099968684489,0.0008926243370957384,final
deep_3x16,6,fc,0.5,5.775000,0.3908447103052275,0.000877649938550017,final
deep_3x16,6,fc,0.5,5.800000,0.39138132862506325,0.0008629865805003556,final
deep_3x16,6,fc,0.5,5.825000,0.3919198765668682,0.0008486265842915688,final
deep_3x16,6,fc,0.5,5.850000,0.39246037809567835,0.0008345624902662513,final
deep_3x16,6,fc,0.5,5.875000,0.39300285641685206,0.0008207870506999125,final
deep_3x16,6,fc,0.5,5.900000,0.3935473339901585,0.0008072932229858862,final
deep_3x16,6,fc,0.5,5.925000,0.3940938325437542,0.0007940741630678401,final
deep_3x16,6,fc,0.5,5.950000,0.39464237308803995,0.0007811232191043099,final
deep_3x16,6,fc,0.5,5.975000,0.3951929759293862,0.0007684339253583744,final
deep_3x16,6,fc,0.5,6.000000,0.3957456606837233,0.0007559999963054072,final
deep_3x16,6,fc,2,0.000000,1.0,0.9999979292399579,final
deep_3x16,6,fc,2,0.025000,0.9993281259806757,0.9992961010731113,final
deep_3x16,6,fc,2,0.050000,0.997316329518222,0.9971948653968338,final
deep_3x16,6,fc,2,0.075000,0.9939771260415007,0.9937069079517921,final
deep_3x16,6,fc,2,0.100000,0.9893334461327301,0.9888531709729896,final
deep_3x16,6,fc,2,0.125000,0.9834201453463375,0.9826625583062567,final
deep_3x16,6,fc,2,0.150000,0.9762852131757568,0.9751715344708285,final
deep_3x16,6,fc,2,0.175000,0.9679906320307412,0.9664236288215278,final
deep_3x16,6,fc,2,0.200000,0.958612844556143,0.95646885815437,final
deep_3x16,6,fc,2,0.225000,0.9482428021105668,0.9453630826547406,final
deep_3x16,6,fc,2,0.250000,0.9369855893979119,0.9331673109752425,final
deep_3x16,6,fc,2,0.275000,0.9249596491335493,0.919946970463837,final
deep_3x16,6,fc,2,0.300000,0.9122956628849692,0.9057711581949571,final
deep_3x16,6,fc,2,0.325000,0.8991351736544919,0.890711887570984,final
deep_3x16,6,fc,2,0.350000,0.8856290535002908,0.8748433439638938,final
deep_3x16,6,fc,2,0.375000,0.8719359153005741,0.8582411612720591,final
deep_3x16,6,fc,2,0.400000,0.85822053280185,0.8409817294902436,final
deep_3x16,6,fc,2,0.425000,0.8446522637974426,0.8231415415386202,final
deep_3x16,6,fc,2,0.450000,0.8314033736337889,0.8047965857616002,final
deep_3x16,6,fc,2,0.475000,0.8186470487495753,0.7860217887637229,final
deep_3x16,6,fc,2,0.500000,0.8065548035650032,0.7668905116525188,final
deep_3x16,6,fc,2,0.525000,0.7952929575113299,0.7474741013425734,final
deep_3x16,6,fc,2,0.550000,0.785017929421724,0.72784149735908,final
deep_3x16,6,fc,2,0.575000,0.7758702862961625,0.7080588935663934,final
deep_3x16,6,fc,2,0.600000,0.7679677865265704,0.6881894534295714,final
deep_3x16,6,fc,2,0.625000,0.7613980291320942,0.668293076778535,final
deep_3x16,6,fc,2,0.650000,0.756211675279634,0.6484262155643347,final
deep_3x16,6,fc,2,0.675000,0.7524174342177323,0.6286417357517053,final
deep_3x16,6,fc,2,0.700000,0.749979994313501,0.6089888222581751,final
deep_3x16,6,fc,2,0.725000,0.748821769329879,0.589512923705394,final
deep_3x16,6,fc,2,0.750000,0.7488287438049192,0.570255733673549,final
deep_3x16,6,fc,2,0.775000,0.7498599600782846,0.551255205128223,final
deep_3x16,6,fc,2,0.800000,0.7517594822845682,0.5325455947076924,final
deep_3x16,6,fc,2,0.825000,0.7543691937695094,0.5141575336073486,final
deep_3x16,6,fc,2,0.850000,0.7575406628920114,0.49611812186950627,final
deep_3x16,6,fc,2,0.875000,0.7611445673672047,0.4784510429764151,final
deep_3x16,6,fc,2,0.900000,0.7650767093613791,0.4611766957488485,final
deep_3x16,6,fc,2,0.925000,0.7692603243072764,0.4443123406704296,final
deep_3x16,6,fc,2,0.950000,0.7736450177120745,0.4278722578879763,final
deep_3x16,6,fc,2,0.975000,0.7782031280296393,0.4118679142800541,final
deep_3x16,6,fc,2,1.000000,0.7829245478642978,0.39630813713912205,final
deep_3x16,6,fc,2,1.025000,0.7878110438197322,0.38119929217645976,final
deep_3x16,6,fc,2,1.050000,0.7928709478127681,0.3665454637324295,final
deep_3x16,6,fc,2,1.075000,0.7981148225315579,0.35234863525610427,final
deep_3x16,6,fc,2,1.100000,0.8035524040026669,0.3386088683060421,final
deep_3x16,6,fc,2,1.125000,0.8091908535020195,0.325324478515772,final
deep_3x16,6,fc,2,1.150000,0.8150341466549748,0.31249220716094483,final
deep_3x16,6,fc,2,1.175000,0.8210833052552187,0.3001073871574854,final
deep_3x16,6,fc,2,1.200000,0.8273371347406022,0.28816410250883695,final
deep_3x16,6,fc,2,1.225000,0.8337931524496154,0.27665534040303363,final
deep_3x16,6,fc,2,1.250000,0.8404484571850629,0.2655731353345545,final
deep_3x16,6,fc,2,1.275000,0.8473003765125928,0.2549087047897165,final
deep_3x16,6,fc,2,1.300000,0.8543468149428546,0.24465257618608027,final
deep_3x16,6,fc,2,1.325000,0.8615862995853966,0.234794704894746,final
deep_3x16,6,fc,2,1.350000,0.8690177723141267,0.22532458329861285,final
deep_3x16,6,fc,2,1.375000,0.8766402070414886,0.21623134094921204,final
deep_3x16,6,fc,2,1.400000,0.8844521397651114,0.2075038359795181,final
deep_3x16,6,fc,2,1.425000,0.8924511925350307,0.199130738010403,final
deep_3x16,6,fc,2,1.450000,0.9006336561466404,0.19110060285465802,final
deep_3x16,6,fc,2,1.475000,0.9089941755611997,0.18340193937552854,final
deep_3x16,6,fc,2,1.500000,0.9175255610442806,0.17602326889740094,final
deep_3x16,6,fc,2,1.525000,0.9262187296594573,0.16895317759573308,final
deep_3x16,6,fc,2,1.550000,0.9350627675991301,0.16218036231265762,final
deep_3x16,6,fc,2,1.575000,0.9440450943385138,0.15569367025510647,final
deep_3x16,6,fc,2,1.600000,0.953151704468996,0.14948213303498506,final
deep_3x16,6,fc,2,1.625000,0.9623674615669798,0.1435349955070108,final
deep_3x16,6,fc,2,1.650000,0.9716764196615253,0.13784173985045117,final
deep_3x16,6,fc,2,1.675000,0.981062150854641,0.13239210532712925,final
deep_3x16,6,fc,2,1.700000,0.9905080616095345,0.12717610413072902,final
deep_3x16,6,fc,2,1.725000,0.9999976845096192,0.12218403372238908,final
deep_3x16,6,fc,2,1.750000,1.0095149364397116,0.11740648602565415,final
deep_3x16,6,fc,2,1.775000,1.0190443378521366,0.11283435383068481,final
deep_3x16,6,fc,2,1.800000,1.028571190894025,0.1084588347337509,final
deep_3x16,6,fc,2,1.825000,1.0380817166323888,0.1042714329139894,final
deep_3x16,6,fc,2,1.850000,1.0475631534381686,0.10026395902552457,final
deep_3x16,6,fc,2,1.875000,1.0570038198420362,0.09642852845968962,final
deep_3x16,6,fc,2,1.900000,1.0663931459396467,0.09275755820948363,final
deep_3x16,6,fc,2,1.925000,1.075721677796338,0.08924376254675773,final
deep_3x16,6,fc,2,1.950000,1.0849810593721316,0.08588014770206033,final
deep_3x16,6,fc,2,1.975000,1.094163996339452,0.08266000571771653,final
deep_3x16,6,fc,2,2.000000,1.1032642058681448,0.07957690762659296,final
deep_3x16,6,fc,2,2.025000,1.1122763560620033,0.07662469609216203,final
deep_3x16,6,fc,2,2.050000,1.1211959982924637,0.0737974776299044,final
deep_3x16,6,fc,2,2.075000,1.1300194952216105,0.07108961451578498,final
deep_3x16,6,fc,2,2.100000,1.1387439468618419,0.06849571647443305,final
deep_3x16,6,fc,2,2.125000,1.147367116599586,0.06601063222774378,final
deep_3x16,6,fc,2,2.150000,1.155887358725222,0.06362944097380911,final
deep_3x16,6,fc,2,2.175000,1.1643035486663804,0.06134744385632948,final
deep_3x16,6,fc,2,2.200000,1.172615016819026,0.05916015547589158,final
deep_3x16,6,fc,2,2.225000,1.1808214866098863,0.05706329548664664,final
deep_3x16,6,fc,2,2.250000,1.1889230172030134,0.05505278031492643,final
deep_3x16,6,fc,2,2.275000,1.1969199510795578,0.05312471503010885,final
deep_3x16,6,fc,2,2.300000,1.2048128665698519,0.0512753853925513,final
deep_3x16,6,fc,2,2.325000,1.2126025352968377,0.049501250098557395,final
deep_3x16,6,fc,2,2.350000,1.2202898843961432,0.047798933238089425,final
deep_3x16,6,fc,2,2.375000,1.2278759633069976,0.046165216977224074,final
deep_3x16,6,fc,2,2.400000,1.2353619148764818,0.044597034474109544,final
deep_3x16,6,fc,2,2.425000,1.2427489504841394,0.04309146303439602,final
deep_3x16,6,fc,2,2.450000,1.2500383288720593,0.04164571750968536,final
deep_3x16,6,fc,2,2.475000,1.2572313383546607,0.040257143940502574,final
deep_3x16,6,fc,2,2.500000,1.2643292820804806,0.038923213443524764,final
deep_3x16,6,fc,2,2.525000,1.2713334660233588,0.03764151634132921,final
deep_3x16,6,fc,2,2.550000,1.278245189390959,0.036409756531684365,final
deep_3x16,6,fc,2,2.575000,1.2850657371532122,0.03522574609238472,final
deep_3x16,6,fc,2,2.600000,1.2917963744108139,0.034087400116785065,final
deep_3x16,6,fc,2,2.625000,1.2984383423434724,0.03299273177452561,final
deep_3x16,6,fc,2,2.650000,1.3049928554982873,0.03193984759139919,final
deep_3x16,6,fc,2,2.675000,1.3114611001999066,0.030926942941904803,final
deep_3x16,6,fc,2,2.700000,1.317844233885352,0.029952297747731768,final
deep_3x16,6,fc,2,2.725000,1.3241433851872726,0.02901427237521226,final
deep_3x16,6,fc,2,2.750000,1.3303596546094725,0.02811130372463498,final
deep_3x16,6,fc,2,2.775000,1.336494115657776,0.027241901504269916,final
deep_3x16,6,fc,2,2.800000,1.3425478163072735,0.026404644681927984,final
deep_3x16,6,fc,2,2.825000,1.348521780703789,0.025598178106928483,final
deep_3x16,6,fc,2,2.850000,1.3544170110128568,0.024821209295431242,final
deep_3x16,6,fc,2,2.875000,1.3602344893435805,0.024072505372191445,final
deep_3x16,6,fc,2,2.900000,1.3659751796874906,0.023350890161948933,final
deep_3x16,6,fc,2,2.925000,1.371640029823928,0.022655241423814636,final
deep_3x16,6,fc,2,2.950000,1.3772299731536048,0.02198448822219974,final
deep_3x16,6,fc,2,2.975000,1.3827459304308738,0.021337608428025324,final
deep_3x16,6,fc,2,3.000000,1.388188811373001,0.020713626344142904,final
deep_3x16,6,fc,2,3.025000,1.39355951613139,0.020111610449121096,final
deep_3x16,6,fc,2,3.050000,1.3988589366153692,0.019530671253741985,final
deep_3x16,6,fc,2,3.075000,1.4040879576639396,0.018969959264783273,final
deep_3x16,6,fc,2,3.100000,1.409247458064786,0.01842866305087054,final
deep_3x16,6,fc,2,3.125000,1.4143383114230945,0.01790600740538857,final
deep_3x16,6,fc,2,3.150000,1.419361386885235,0.01740125160166688,final
deep_3x16,6,fc,2,3.175000,1.4243175497243585,0.01691368773584563,final
deep_3x16,6,fc,2,3.200000,1.429207661796406,0.016442639153041987,final
deep_3x16,6,fc,2,3.225000,1.4340325818760813,0.015987458952627043,final
deep_3x16,6,fc,2,3.250000,1.4387931658829705,0.01554752856862642,final
deep_3x16,6,fc,2,3.275000,1.4434902670083674,0.015122256421425359,final
deep_3x16,6,fc,2,3.300000,1.4481247357534397,0.014711076637163482,final
deep_3x16,6,fc,2,3.325000,1.4526974198892586,0.014313447831357885,final
deep_3x16,6,fc,2,3.350000,1.4572091643489071,0.013928851953473702,final
deep_3x16,6,fc,2,3.375000,1.4616608110614917,0.013556793189317143,final
deep_3x16,6,fc,2,3.400000,1.4660531987373238,0.013196796918281035,final
deep_3x16,6,fc,2,3.425000,1.47038716261298,0.012848408722622606,final
deep_3x16,6,fc,2,3.450000,1.4746635341642835,0.012511193446095005,final
deep_3x16,6,fc,2,3.475000,1.4788831407946155,0.012184734299390572,final
deep_3x16,6,fc,2,3.500000,1.4830468055052415,0.011868632009980432,final
deep_3x16,6,fc,2,3.525000,1.4871553465537262,0.011562504014061415,final
deep_3x16,6,fc,2,3.550000,1.491209577105801,0.011265983688439207,final
deep_3x16,6,fc,2,3.575000,1.495210304885445,0.010978719620289117,final
deep_3x16,6,fc,2,3.600000,1.4991583318273294,0.010700374912838966,final
deep_3x16,6,fc,2,3.625000,1.5030544537351973,0.010430626525124654,final
deep_3x16,6,fc,2,3.650000,1.506899459949234,0.010169164644067214,final
deep_3x16,6,fc,2,3.675000,1.5106941330249897,0.00991569208720407,final
deep_3x16,6,fc,2,3.700000,1.5144392484259404,0.009669923734501585,final
deep_3x16,6,fc,2,3.725000,1.5181355742314226,0.009431585987756015,final
deep_3x16,6,fc,2,3.750000,1.5217838708612204,0.009200416256170275,final
deep_3x16,6,fc,2,3.775000,1.5253848908178473,0.008976162466764602,final
deep_3x16,6,fc,2,3.800000,1.5289393784471956,0.008758582598353621,final
deep_3x16,6,fc,2,3.825000,1.5324480697180076,0.00854744423788731,final
deep_3x16,6,fc,2,3.850000,1.5359116920203841,0.008342524158018077,final
deep_3x16,6,fc,2,3.875000,1.539330963983356,0.008143607914814084,final
deep_3x16,6,fc,2,3.900000,1.542706595311351,0.007950489464597189,final
deep_3x16,6,fc,2,3.925000,1.5460392866393107,0.007762970798941056,final
deep_3x16,6,fc,2,3.950000,1.549329729405994,0.007580861596905375,final
deep_3x16,6,fc,2,3.975000,1.5525786057450124,0.007403978893646075,final
deep_3x16,6,fc,2,4.000000,1.555786588392978,0.0072321467645740005,final
deep_3x16,6,fc,2,4.025000,1.5589543406141404,0.0070651960242810626,final
deep_3x16,6,fc,2,4.050000,1.5620825161408032,0.00690296393950086,final
deep_3x16,6,fc,2,4.075000,1.565171759128803,0.006745293955398438,final
deep_3x16,6,fc,2,4.100000,1.5682227041272985,0.00659203543452906,final
deep_3x16,6,fc,2,4.125000,1.5712359760620953,0.0064430434078363,final
deep_3x16,6,fc,2,4.150000,1.574212190231756,0.006298178337093973,final
deep_3x16,6,fc,2,4.175000,1.5771519523157118,0.006157305888229191,final
deep_3x16,6,fc,2,4.200000,1.5800558583936228,0.006020296714986096,final
deep_3x16,6,fc,2,4.225000,1.5829244949752548,0.005887026252428785,final
deep_3x16,6,fc,2,4.250000,1.5857584390401145,0.005757374519800969,final
deep_3x16,6,fc,2,4.275000,1.588558258086173,0.005631225932281169,final
deep_3x16,6,fc,2,4.300000,1.591324510186961,0.005508469121209777,final
deep_3x16,6,fc,2,4.325000,1.5940577440563974,0.005388996762367058,final
deep_3x16,6,fc,2,4.350000,1.596758499120709,0.005272705411922309,final
deep_3x16,6,fc,2,4.375000,1.599427305596838,0.005159495349679465,final
deep_3x16,6,fc,2,4.400000,1.6020646845767588,0.005049270429270179,final
deep_3x16,6,fc,2,4.425000,1.6046711481171605,0.004941937934961711,final
deep_3x16,6,fc,2,4.450000,1.6072471993339648,0.004837408444764286,final
deep_3x16,6,fc,2,4.475000,1.6097933325011964,0.004735595699538422,final
deep_3x16,6,fc,2,4.500000,1.6123100331537317,0.00463641647781682,final
deep_3x16,6,fc,2,4.525000,1.614797778193495,0.004539790476073858,final
deep_3x16,6,fc,2,4.550000,1.617257035998683,0.0044456401941804025,final
deep_3x16,6,fc,2,4.575000,1.6196882665356398,0.0043538908258078015,final
deep_3x16,6,fc,2,4.600000,1.6220919214730065,0.004264470153542824,final
deep_3x16,6,fc,2,4.625000,1.6244684442978223,0.004177308448501121,final
deep_3x16,6,fc,2,4.650000,1.6268182704332501,0.00409233837422035,final
deep_3x16,6,fc,2,4.675000,1.629141827357635,0.004009494894645649,final
deep_3x16,6,fc,2,4.700000,1.6314395347246207,0.003928715186011864,final
deep_3x16,6,fc,2,4.725000,1.6337118044840766,0.003849938552444208,final
deep_3x16,6,fc,2,4.750000,1.6359590410035862,0.0037731063451085585,final
deep_3x16,6,fc,2,4.775000,1.6381816411902919,0.003698161884748136,final
deep_3x16,6,fc,2,4.800000,1.6403799946128879,0.0036250503874534,final
deep_3x16,6,fc,2,4.825000,1.6425544836235724,0.0035537188935180495,final
deep_3x16,6,fc,2,4.850000,1.6447054834798007,0.0034841161992384935,final
deep_3x16,6,fc,2,4.875000,1.646833362465669,0.003416192791532784,final
deep_3x16,6,fc,2,4.900000,1.6489384820127868,0.003349900785240403,final
deep_3x16,6,fc,2,4.925000,1.6510211968205193,0.0032851938629953315,final
deep_3x16,6,fc,2,4.950000,1.653081854975461,0.0032220272175482114,final
deep_3x16,6,fc,2,4.975000,1.655120798070051,0.003160357496432501,final
deep_3x16,6,fc,2,5.000000,1.6571383613202082,0.0031001427488730796,final
deep_3x16,6,fc,2,5.025000,1.6591348736819245,0.0030413423748346722,final
deep_3x16,6,fc,2,5.050000,1.661110657966711,0.0029839170761159985,final
deep_3x16,6,fc,2,5.075000,1.6630660309558418,0.0029278288094051505,final
deep_3x16,6,fc,2,5.100000,1.66500130351332,0.0028730407412039653,final
deep_3x16,6,fc,2,5.125000,1.6669167806975183,0.0028195172045440277,final
deep_3x16,6,fc,2,5.150000,1.6688127618714335,0.002767223657416334,final
deep_3x16,6,fc,2,5.175000,1.67068954081152,0.002716126642840039,final
deep_3x16,6,fc,2,5.200000,1.6725474058150618,0.0026661937504989823,final
deep_3x16,6,fc,2,5.225000,1.6743866398060399,0.0026173935798797948,final
deep_3x16,6,fc,2,5.250000,1.676207520439487,0.00256969570484818,final
deep_3x16,6,fc,2,5.275000,1.6780103202042829,0.002523070639600119,final
deep_3x16,6,fc,2,5.300000,1.6797953065243918,0.002477489805931105,final
deep_3x16,6,fc,2,5.325000,1.6815627418585113,0.0024329255017677574,final
deep_3x16,6,fc,2,5.350000,1.6833128837981326,0.002389350870906149,final
deep_3x16,6,fc,2,5.375000,1.6850459851639938,0.0023467398739123713,final
deep_3x16,6,fc,2,5.400000,1.6867622941009295,0.002305067260127343,final
deep_3x16,6,fc,2,5.425000,1.6884620541711102,0.0022643085407395933,final
deep_3x16,6,fc,2,5.450000,1.690145504445671,0.0022244399628739303,final
deep_3x16,6,fc,2,5.475000,1.691812879594736,0.002185438484659717,final
deep_3x16,6,fc,2,5.500000,1.6934644099758391,0.002147281751233332,final
deep_3x16,6,fc,2,5.525000,1.6951003217207519,0.00210994807163994,final
deep_3x16,6,fc,2,5.550000,1.6967208368207243,0.002073416396598594,final
deep_3x16,6,fc,2,5.575000,1.6983261732101491,0.002037666297088671,final
deep_3x16,6,fc,2,5.600000,1.6999165448486637,0.002002677943734377,final
deep_3x16,6,fc,2,5.625000,1.701492161801701,0.0019684320869470203,final
deep_3x16,6,fc,2,5.650000,1.703053230319505,0.001934910037795905,final
deep_3x16,6,fc,2,5.675000,1.7045999529146192,0.0019020936495821128,final
deep_3x16,6,fc,2,5.700000,1.7061325284378819,0.0018699653000843219,final
deep_3x16,6,fc,2,5.725000,1.707651152152922,0.0018385078744475162,final
deep_3x16,6,fc,2,5.750000,1.709156015809198,0.001807704748695522,final
deep_3x16,6,fc,2,5.775000,1.7106473077135764,0.0017775397738341902,final
deep_3x16,6,fc,2,5.800000,1.7121252128004838,0.0017479972605298807,final
deep_3x16,6,fc,2,5.825000,1.7135899127006504,0.0017190619643353434,final
deep_3x16,6,fc,2,5.850000,1.7150415858084587,0.0016907190714431513,final
deep_3x16,6,fc,2,5.875000,1.716480407347923,0.0016629541849460688,final
deep_3x16,6,fc,2,5.900000,1.7179065494373214,0.0016357533115849763,final
deep_3x16,6,fc,2,5.925000,1.7193201811525003,0.0016091028489635777,final
deep_3x16,6,fc,2,5.950000,1.7207214685888705,0.0015829895732162476,final
deep_3x16,6,fc,2,5.975000,1.7221105749221206,0.0015574006271040614,final
deep_3x16,6,fc,2,6.000000,1.7234876604676648,0.0015323235085293945,final
deep_3x16,6,fc,5,0.000000,1.0,0.9999990149527557,final
deep_3x16,6,fc,5,0.025000,0.9994608021772797,0.9995535545956326,final
deep_3x16,6,fc,5,0.050000,0.9978461112930126,0.9982182550348954,final
deep_3x16,6,fc,5,0.075000,0.995165088623591,0.9959963639857915,final
deep_3x16,6,fc,5,0.100000,0.991433898369829,0.9928933046151531,final
deep_3x16,6,fc,5,0.125000,0.9866763498153637,0.988916689954814,final
deep_3x16,6,fc,5,0.150000,0.9809244130521643,0.9840763410260884,final
deep_3x16,6,fc,5,0.175000,0.9742186027040239,0.9783843067201043,final
deep_3x16,6,fc,5,0.200000,0.9666082279141391,0.9718548830579382,final
deep_3x16,6,fc,5,0.225000,0.9581515111512059,0.9645046291303571,final
deep_3x16,6,fc,5,0.250000,0.9489155827255064,0.95635237680383,final
deep_3x16,6,fc,5,0.275000,0.9389763611565847,0.9474192311874634,final
deep_3x16,6,fc,5,0.300000,0.9284183298608906,0.9377285588901255,final
deep_3x16,6,fc,5,0.325000,0.9173342157657335,0.9273059612587633,final
deep_3x16,6,fc,5,0.350000,0.9058245632769546,0.9161792300730569,final
deep_3x16,6,fc,5,0.375000,0.8939971764070708,0.904378283568314,final
deep_3x16,6,fc,5,0.400000,0.8819663737623104,0.8919350811532322,final
deep_3x16,6,fc,5,0.425000,0.8698519695763854,0.8788835157629997,final
deep_3x16,6,fc,5,0.450000,0.8577778669136502,0.8652592834188174,final
deep_3x16,6,fc,5,0.475000,0.8458701378385038,0.8510997302275789,final
deep_3x16,6,fc,5,0.500000,0.8342544827258824,0.8364436777241008,final
deep_3x16,6,fc,5,0.525000,0.8230530181271515,0.8213312281068833,final
deep_3x16,6,fc,5,0.550000,0.8123804442370856,0.8058035515220902,final
deep_3x16,6,fc,5,0.575000,0.802339781983812,0.789902658086808,final
deep_3x16,6,fc,5,0.600000,0.7930180243990704,0.7736711577926741,final
deep_3x16,6,fc,5,0.625000,0.7844821819964508,0.7571520117798487,final
deep_3x16,6,fc,5,0.650000,0.7767762753619512,0.7403882787090609,final
deep_3x16,6,fc,5,0.675000,0.76991980308599,0.7234228600810844,final
deep_3x16,6,fc,5,0.700000,0.7639080715601593,0.7062982483585597,final
deep_3x16,6,fc,5,0.725000,0.7587145268099432,0.6890562816393245,final
deep_3x16,6,fc,5,0.750000,0.7542949213233846,0.6717379084223036,final
deep_3x16,6,fc,5,0.775000,0.7505928477955962,0.6543829657089731,final
deep_3x16,6,fc,5,0.800000,0.7475459483892535,0.6370299733105577,final
deep_3x16,6,fc,5,0.825000,0.7450920164948038,0.6197159468002725,final
deep_3x16,6,fc,5,0.850000,0.743174267353859,0.6024762310788355,final
deep_3x16,6,fc,5,0.875000,0.741745243519447,0.5853443560278541,final
deep_3x16,6,fc,5,0.900000,0.7407690884129746,0.5683519152265687,final
deep_3x16,6,fc,5,0.925000,0.7402221999067752,0.5515284682184035,final
deep_3x16,6,fc,5,0.950000,0.7400925062116674,0.5349014663486072,final
deep_3x16,6,fc,5,0.975000,0.7403777504376228,0.5184962017644935,final
deep_3x16,6,fc,5,1.000000,0.741083217616949,0.5023357787844921,final
deep_3x16,6,fc,5,1.025000,0.7422193023681504,0.4864411065080455,final
deep_3x16,6,fc,5,1.050000,0.7437992250152745,0.4708309112594444,final
deep_3x16,6,fc,5,1.075000,0.7458370909772162,0.45552176723692184,final
deep_3x16,6,fc,5,1.100000,0.7483463799293265,0.44052814357346226,final
deep_3x16,6,fc,5,1.125000,0.7513388654571828,0.42586246590588206,final
deep_3x16,6,fc,5,1.150000,0.7548239102114366,0.41153519049035014,final
deep_3x16,6,fc,5,1.175000,0.7588080550800622,0.3975548888910253,final
deep_3x16,6,fc,5,1.200000,0.7632948175184134,0.38392834129850273,final
deep_3x16,6,fc,5,1.225000,0.768284625724914,0.370660636600358,final
deep_3x16,6,fc,5,1.250000,0.7737748339571845,0.3577552774211005,final
deep_3x16,6,fc,5,1.275000,0.7797597838365732,0.34521428846717805,final
deep_3x16,6,fc,5,1.300000,0.7862308931264471,0.3330383266483743,final
deep_3x16,6,fc,5,1.325000,0.7931767654212395,0.32122679159448314,final
deep_3x16,6,fc,5,1.350000,0.8005833212549535,0.30977793534049813,final
deep_3x16,6,fc,5,1.375000,0.8084339540945986,0.2986889701102368,final
deep_3x16,6,fc,5,1.400000,0.8167097147045501,0.2879561732835211,final
deep_3x16,6,fc,5,1.425000,0.8253895256534951,0.277574988782547,final
deep_3x16,6,fc,5,1.450000,0.8344504252858074,0.26754012425636026,final
deep_3x16,6,fc,5,1.475000,0.8438678380054971,0.25784564357642004,final
deep_3x16,6,fc,5,1.500000,0.8536158656531047,0.24848505427970202,final
deep_3x16,6,fc,5,1.525000,0.8636675932963358,0.2394513897077521,final
deep_3x16,6,fc,5,1.550000,0.8739954019473918,0.2307372856900662,final
deep_3x16,6,fc,5,1.575000,0.8845712805113994,0.2223350517080542,final
deep_3x16,6,fc,5,1.600000,0.8953671295607012,0.2142367365518528,final
deep_3x16,6,fc,5,1.625000,0.906355050202691,0.20643418854680623,final
deep_3x16,6,fc,5,1.650000,0.9175076122503122,0.198919110480207,final
deep_3x16,6,fc,5,1.675000,0.9287980970118294,0.19168310940259609,final
deep_3x16,6,fc,5,1.700000,0.9402007112022867,0.1847177415124742,final
deep_3x16,6,fc,5,1.725000,0.9516907696710051,0.17801455235952063,final
deep_3x16,6,fc,5,1.750000,0.9632448457798795,0.1715651126203154,final
deep_3x16,6,fc,5,1.775000,0.9748408893123127,0.16536104971299231,final
deep_3x16,6,fc,5,1.800000,0.9864583127109199,0.15939407552411586,final
deep_3x16,6,fc,5,1.825000,0.9980780472139348,0.1536560105231757,final
deep_3x16,6,fc,5,1.850000,1.0096825710757371,0.14813880453823608,final
deep_3x16,6,fc,5,1.875000,1.0212559125154443,0.14283455446115373,final
deep_3x16,6,fc,5,1.900000,1.0327836303454483,0.13773551914301999,final
deep_3x16,6,fc,5,1.925000,1.0442527754014512,0.13283413173068498,final
deep_3x16,6,fc,5,1.950000,1.055651835943079,0.12812300968388157,final
deep_3x16,6,fc,5,1.975000,1.0669706701382233,0.12359496270000238,final
deep_3x16,6,fc,5,2.000000,1.0782004286046696,0.11924299876040963,final
deep_3x16,6,fc,5,2.025000,1.08933346977876,0.11506032849854929,final
deep_3x16,6,fc,5,2.050000,1.100363270631389,0.11104036807640862,final
deep_3x16,6,fc,5,2.075000,1.1112843349732615,0.10717674074218457,final
deep_3x16,6,fc,5,2.100000,1.1220921012985243,0.10346327722860513,final
deep_3x16,6,fc,5,2.125000,1.1327828518209693,0.09989401513832925,final
deep_3x16,6,fc,5,2.150000,1.143353624069484,0.09646319745030717,final
deep_3x16,6,fc,5,2.175000,1.1538021261370472,0.09316527026902503,final
deep_3x16,6,fc,5,2.200000,1.1641266564254134,0.08999487992723759,final
deep_3x16,6,fc,5,2.225000,1.1743260284993422,0.08694686954211561,final
deep_3x16,6,fc,5,2.250000,1.1843995014617044,0.0840162751147613,final
deep_3x16,6,fc,5,2.275000,1.1943467160846342,0.08119832125375193,final
deep_3x16,6,fc,5,2.300000,1.2041676367818166,0.07848841659474731,final
deep_3x16,6,fc,5,2.325000,1.213862499381848,0.07588214898026313,final
deep_3x16,6,fc,5,2.350000,1.223431764560813,0.07337528045640314,final
deep_3x16,6,fc,5,2.375000,1.2328760767116913,0.0709637421366524,final
deep_3x16,6,fc,5,2.400000,1.242196227966949,0.06864362897674837,final
deep_3x16,6,fc,5,2.425000,1.2513931270462475,0.06641119449909502,final
deep_3x16,6,fc,5,2.450000,1.260467772571485,0.06426284550016602,final
deep_3x16,6,fc,5,2.475000,1.2694212304742478,0.06219513676981234,final
deep_3x16,6,fc,5,2.500000,1.2782546151140615,0.060204765847302694,final
deep_3x16,6,fc,5,2.525000,1.2869690737278232,0.05828856783526772,final
deep_3x16,6,fc,5,2.550000,1.295565773839764,0.05644351028943357,final
deep_3x16,6,fc,5,2.575000,1.3040458932756618,0.05466668819911841,final
deep_3x16,6,fc,5,2.600000,1.312410612443577,0.05295531907085509,final
deep_3x16,6,fc,5,2.625000,1.320661108564853,0.05130673812520908,final
deep_3x16,6,fc,5,2.650000,1.3287985515626306,0.04971839361481907,final
deep_3x16,6,fc,5,2.675000,1.3368241013397382,0.048187842269903004,final
deep_3x16,6,fc,5,2.700000,1.344738906202894,0.046712744875897896,final
deep_3x16,6,fc,5,2.725000,1.352544102215147,0.045290861986530255,final
deep_3x16,6,fc,5,2.750000,1.3602408132828605,0.04392004977442389,final
deep_3x16,6,fc,5,2.775000,1.3678301518069993,0.04259825602031256,final
deep_3x16,6,fc,5,2.800000,1.3753132197507383,0.04132351624104625,final
deep_3x16,6,fc,5,2.825000,1.3826911099962902,0.04009394995580804,final
deep_3x16,6,fc,5,2.850000,1.389964907883139,0.03890775708931617,final
deep_3x16,6,fc,5,2.875000,1.3971356928376055,0.037763214510238105,final
deep_3x16,6,fc,5,2.900000,1.404204540019742,0.036658672702594416,final
deep_3x16,6,fc,5,2.925000,1.411172521927973,0.03559255256754023,final
deep_3x16,6,fc,5,2.950000,1.4180407099147563,0.034563342352615975,final
deep_3x16,6,fc,5,2.975000,1.4248101755778004,0.03356959470530945,final
deep_3x16,6,fc,5,3.000000,1.4314819920012138,0.03260992384757856,final
deep_3x16,6,fc,5,3.025000,1.4380572348294094,0.03168300286784069,final
deep_3x16,6,fc,5,3.050000,1.4445369831637414,0.030787561126827977,final
deep_3x16,6,fc,5,3.075000,1.4509223202778685,0.02992238177364323,final
deep_3x16,6,fc,5,3.100000,1.4572143341527584,0.02908629936830695,final
deep_3x16,6,fc,5,3.125000,1.463414117836227,0.028278197607078143,final
deep_3x16,6,fc,5,3.150000,1.4695227696350444,0.02749700714683811,final
deep_3x16,6,fc,5,3.175000,1.475541393149991,0.02674170352486146,final
deep_3x16,6,fc,5,3.200000,1.4814710971660021,0.026011305170332698,final
deep_3x16,6,fc,5,3.225000,1.4873129954106792,0.025304871504035504,final
deep_3x16,6,fc,5,3.250000,1.4930682061951266,0.024621501122705596,final
deep_3x16,6,fc,5,3.275000,1.4987378519513896,0.02396033006461559,final
deep_3x16,6,fc,5,3.300000,1.5043230586806715,0.02332053015304608,final
deep_3x16,6,fc,5,3.325000,1.5098249553262484,0.022701307414390606,final
deep_3x16,6,fc,5,3.350000,1.515244673084439,0.022101900567731217,final
deep_3x16,6,fc,5,3.375000,1.520583344666316,0.02152157958282148,final
deep_3x16,6,fc,5,3.400000,1.5258421035220433,0.020959644303520642,final
deep_3x16,6,fc,5,3.425000,1.531022083038841,0.020415423133807592,final
deep_3x16,6,fc,5,3.450000,1.5361244157226397,0.019888271783622076,final
deep_3x16,6,fc,5,3.475000,1.5411502323725341,0.019377572071868618,final
deep_3x16,6,fc,5,3.500000,1.5461006612561847,0.018882730784027312,final
deep_3x16,6,fc,5,3.525000,1.5509768272933813,0.01840317858190917,final
deep_3x16,6,fc,5,3.550000,1.555779851254055,0.017938368963193514,final
deep_3x16,6,fc,5,3.575000,1.5605108489761768,0.017487777268482583,final
deep_3x16,6,fc,5,3.600000,1.565170930608131,0.017050899733695963,final
deep_3x16,6,fc,5,3.625000,1.5697611998794068,0.01662725258572584,final
deep_3x16,6,fc,5,3.650000,1.5742827534027286,0.01621637117935688,final
deep_3x16,6,fc,5,3.675000,1.5787366800100977,0.015817809173541454,final
deep_3x16,6,fc,5,3.700000,1.5831240601246241,0.015431137745210538,final
deep_3x16,6,fc,5,3.725000,1.587445965169492,0.015055944838867765,final
deep_3x16,6,fc,5,3.750000,1.5917034570149502,0.014691834450308115,final
deep_3x16,6,fc,5,3.775000,1.5958975874637533,0.014338425942863312,final
deep_3x16,6,fc,5,3.800000,1.6000293977751632,0.013995353394657682,final
deep_3x16,6,fc,5,3.825000,1.604099918227263,0.013662264975421378,final
deep_3x16,6,fc,5,3.850000,1.6081101677170864,0.013338822351480577,final
deep_3x16,6,fc,5,3.875000,1.6120611533978086,0.0130247001176001,final
deep_3x16,6,fc,5,3.900000,1.6159538703520935,0.012719585254425991,final
deep_3x16,6,fc,5,3.925000,1.6197893013004827,0.012423176610320625,final
deep_3x16,6,fc,5,3.950000,1.6235684163436264,0.012135184406454037,final
deep_3x16,6,fc,5,3.975000,1.6272921727370364,0.011855329764055456,final
deep_3x16,6,fc,5,4.000000,1.6309615146969723,0.011583344252793145,final
deep_3x16,6,fc,5,4.025000,1.6345773732360307,0.011318969459285231,final
deep_3x16,6,fc,5,4.050000,1.6381406660269444,0.011061956574806305,final
deep_3x16,6,fc,5,4.075000,1.6416522972931282,0.010812066001288487,final
deep_3x16,6,fc,5,4.100000,1.6451131577244626,0.010569066974763647,final
deep_3x16,6,fc,5,4.125000,1.648524124416836,0.010332737205431649,final
deep_3x16,6,fc,5,4.150000,1.6518860608340058,0.010102862533580738,final
deep_3x16,6,fc,5,4.175000,1.6551998167903168,0.009879236600621332,final
deep_3x16,6,fc,5,4.200000,1.658466228452904,0.009661660534531725,final
deep_3x16,6,fc,5,4.225000,1.6616861183620204,0.009449942649044966,final
deep_3x16,6,fc,5,4.250000,1.6648602954681793,0.009243898155941826,final
deep_3x16,6,fc,5,4.275000,1.6679895551848554,0.00904334888984183,final
deep_3x16,6,fc,5,4.300000,1.671074679455531,0.008848123044917012,final
deep_3x16,6,fc,5,4.325000,1.674116436833942,0.00865805492297805,final
deep_3x16,6,fc,5,4.350000,1.6771155825764157,0.008472984692407837,final
deep_3x16,6,fc,5,4.375000,1.6800728587452483,0.008292758157448845,final
deep_3x16,6,fc,5,4.400000,1.6829889943221488,0.008117226537362866,final
deep_3x16,6,fc,5,4.425000,1.6858647053307818,0.007946246255021595,final
deep_3x16,6,fc,5,4.450000,1.6887006949675443,0.007779678734485535,final
deep_3x16,6,fc,5,4.475000,1.6914976537397304,0.007617390207175521,final
deep_3x16,6,fc,5,4.500000,1.6942562596102924,0.00745925152623505,final
deep_3x16,6,fc,5,4.525000,1.696977178148473,0.007305137988719207,final
deep_3x16,6,fc,5,4.550000,1.6996610626856041,0.007154929165255192,final
deep_3x16,6,fc,5,4.575000,1.7023085544754304,0.007008508736834862,final
deep_3x16,6,fc,5,4.600000,1.7049202828583485,0.006865764338424728,final
deep_3x16,6,fc,5,4.625000,1.7074968654290064,0.006726587409077422,final
deep_3x16,6,fc,5,4.650000,1.7100389082067302,0.006590873048268464,final
deep_3x16,6,fc,5,4.675000,1.7125470058082881,0.0064585198781628465,final
deep_3x16,6,fc,5,4.700000,1.7150217416225524,0.006329429911565912,final
deep_3x16,6,fc,5,4.725000,1.7174636879866203,0.006203508425289461,final
deep_3x16,6,fc,5,4.750000,1.7198734063630283,0.006080663838708088,final
deep_3x16,6,fc,5,4.775000,1.7222514475176784,0.005960807597265741,final
deep_3x16,6,fc,5,4.800000,1.7245983516981656,0.005843854060718774,final
deep_3x16,6,fc,5,4.825000,1.7269146488121923,0.005729720395912886,final
deep_3x16,6,fc,5,4.850000,1.7292008586057965,0.005618326473881569,final
deep_3x16,6,fc,5,4.875000,1.731457490841131,0.0055095947710962845,final
deep_3x16,6,fc,5,4.900000,1.7336850454735704,0.005403450274670497,final
deep_3x16,6,fc,5,4.925000,1.7358840128279227,0.005299820391357137,final
deep_3x16,6,fc,5,4.950000,1.7380548737735602,0.00519863486017101,final
deep_3x16,6,fc,5,4.975000,1.7401980998982896,0.005099825668480255,final
deep_3x16,6,fc,5,5.000000,1.742314153680801,0.005003326971419181,final
deep_3x16,6,fc,5,5.025000,1.7444034886615565,0.004909075014477372,final
deep_3x16,6,fc,5,5.050000,1.7464665496119876,0.004817008059132411,final
deep_3x16,6,fc,5,5.075000,1.7485037727018853,0.004727066311396233,final
deep_3x16,6,fc,5,5.100000,1.7505155856648835,0.004639191853146637,final
deep_3x16,6,fc,5,5.125000,1.7525024079619387,0.004553328576135116,final
deep_3x16,6,fc,5,5.150000,1.7544646509427362,0.004469422118547324,final
deep_3x16,6,fc,5,5.175000,1.756402718004945,0.0043874198040178055,final
deep_3x16,6,fc,5,5.200000,1.7583170047512613,0.0043072705829917705,final
deep_3x16,6,fc,5,5.225000,1.7602078991441952,0.004228924976334929,final
deep_3x16,6,fc,5,5.250000,1.7620757816585502,0.004152335021101629,final
deep_3x16,6,fc,5,5.275000,1.7639210254315663,0.004077454218365142,final
deep_3x16,6,fc,5,5.300000,1.7657439964106876,0.0040042374830345975,final
deep_3x16,6,fc,5,5.325000,1.7675450534989439,0.003932641095565119,final
deep_3x16,6,fc,5,5.350000,1.7693245486979206,0.003862622655491328,final
deep_3x16,6,fc,5,5.375000,1.7710828272483023,0.0037941410367080836,final
deep_3x16,6,fc,5,5.400000,1.7728202277679996,0.003727156344421023,final
deep_3x16,6,fc,5,5.425000,1.7745370823878315,0.003661629873710311,final
deep_3x16,6,fc,5,5.450000,1.7762337168847928,0.0035975240696294233,final
deep_3x16,6,fc,5,5.475000,1.7779104508128873,0.003534802488785088,final
deep_3x16,6,fc,5,5.500000,1.7795675976315533,0.00347342976233753,final
deep_3x16,6,fc,5,5.525000,1.781205464831684,0.0034133715603585552,final
deep_3x16,6,fc,5,5.550000,1.7828243540592623,0.003354594557501852,final
deep_3x16,6,fc,5,5.575000,1.784424561236623,0.003297066399923296,final
deep_3x16,6,fc,5,5.600000,1.7860063766813694,0.0032407556734100657,final
deep_3x16,6,fc,5,5.625000,1.787570085222953,0.0031856318726634857,final
deep_3x16,6,fc,5,5.650000,1.7891159663169607,0.003131665371696122,final
deep_3x16,6,fc,5,5.675000,1.7906442941571097,0.003078827395293707,final
deep_3x16,6,fc,5,5.700000,1.7921553377849964,0.003027089991503894,final
deep_3x16,6,fc,5,5.725000,1.7936493611976223,0.0029764260051096687,final
deep_3x16,6,fc,5,5.750000,1.7951266234527163,0.0029268090520475788,final
deep_3x16,6,fc,5,5.775000,1.7965873787718991,0.002878213494739797,final
deep_3x16,6,fc,5,5.800000,1.7980318766417112,0.002830614418296118,final
deep_3x16,6,fc,5,5.825000,1.7994603619125342,0.00278398760755835,final
deep_3x16,6,fc,5,5.850000,1.8008730748954476,0.002738309524953898,final
deep_3x16,6,fc,5,5.875000,1.8022702514570412,0.00269355728912338,final
deep_3x16,6,fc,5,5.900000,1.8036521231122322,0.002649708654298654,final
deep_3x16,6,fc,5,5.925000,1.8050189171151005,0.0026067419903964785,final
deep_3x16,6,fc,5,5.950000,1.8063708565477967,0.0025646362638050363,final
deep_3x16,6,fc,5,5.975000,1.8077081604075411,0.0025233710188360442,final
deep_3x16,6,fc,5,6.000000,1.8090310436917558,0.002482926359813787,final
deep_3x16,7,fx,,0.000000,1.0,1.0,final
deep_3x16,7,fx,,0.025000,1.0000644383849688,1.0001371734503082,final
deep_3x16,7,fx,,0.050000,1.000257484214535,1.0005484131007953,final
deep_3x16,7,fx,,0.075000,1.0005784638187625,1.0012328782849313,final
deep_3x16,7,fx,,0.100000,1.0010265277450354,1.002189172660767,final
deep_3x16,7,fx,,0.125000,1.0016008620512904,1.0034153513166864,final
deep_3x16,7,fx,,0.150000,1.0023008748185847,1.0049089306249135,final
deep_3x16,7,fx,,0.175000,1.003126355659759,1.0066669007499534,final
deep_3x16,7,fx,,0.200000,1.0040776069112634,1.0086857406950527,final
deep_3x16,7,fx,,0.225000,1.0051555460044457,1.010961435747421,final
deep_3x16,7,fx,,0.250000,1.0063617792076869,1.0134894971626558,final
deep_3x16,7,fx,,0.275000,1.0076986475076384,1.0162649839108355,final
deep_3x16,7,fx,,0.300000,1.0091692458605173,1.0192825262913066,final
deep_3x16,7,fx,,0.325000,1.0107774174035349,1.022536351210436,final
deep_3x16,7,fx,,0.350000,1.012527724487706,1.0260203089066646,final
deep_3x16,7,fx,,0.375000,1.0144253985949663,1.0297279009001115,final
deep_3x16,7,fx,,0.400000,1.0164762713544377,1.0336523089397605,final
deep_3x16,7,fx,,0.425000,1.0186866889934916,1.0377864247198565,final
deep_3x16,7,fx,,0.450000,1.0210634126651352,1.0421228801384386,final
deep_3x16,7,fx,,0.475000,1.0236135071961645,1.0466540778748243,final
deep_3x16,7,fx,,0.500000,1.0263442209069567,1.0513722220691275,final
deep_3x16,7,fx,,0.525000,1.029262859264085,1.056269348895353,final
deep_3x16,7,fx,,0.550000,1.0323766552347302,1.061337356830009,final
deep_3x16,7,fx,,0.575000,1.0356926393044634,1.0665680364302768,final
deep_3x16,7,fx,,0.600000,1.0392175121791745,1.0719530994492863,final
deep_3x16,7,fx,,0.625000,1.042957523195608,1.0774842071307018,final
deep_3x16,7,fx,,0.650000,1.0469183573894596,1.0831529975403624,final
deep_3x16,7,fx,,0.675000,1.0511050339927757,1.0889511118088369,final
deep_3x16,7,fx,,0.700000,1.055521818835528,1.0948702191752313,final
deep_3x16,7,fx,,0.725000,1.0601721526994035,1.1009020407391494,final
deep_3x16,7,fx,,0.750000,1.0650585971154978,1.1070383718441337,final
deep_3x16,7,fx,,0.775000,1.0701827984249004,1.1132711030320084,final
deep_3x16,7,fx,,0.800000,1.075545470159013,1.119592239523111,final
deep_3x16,7,fx,,0.825000,1.0811463929847656,1.1259939191922888,final
deep_3x16,7,fx,,0.850000,1.0869844306493655,1.1324684290245925,final
deep_3x16,7,fx,,0.875000,1.0930575596072003,1.139008220047757,final
deep_3x16,7,fx,,0.900000,1.0993629093770134,1.1456059207506675,final
deep_3x16,7,fx,,0.925000,1.105896810214976,1.152254349008086,final
deep_3x16,7,fx,,0.950000,1.1126548444430275,1.1589465225418367,final
deep_3x16,7,fx,,0.975000,1.119631897770489,1.1656756679574736,final
deep_3x16,7,fx,,1.000000,1.1268222071999423,1.172435228403129,final
deep_3x16,7,fx,,1.025000,1.1342194026041437,1.1792188699038115,final
deep_3x16,7,fx,,1.050000,1.1418165397672357,1.1860204864298936,final
deep_3x16,7,fx,,1.075000,1.1496061235506716,1.192834203762979,final
deep_3x16,7,fx,,1.100000,1.157580120808419,1.1996543822257886,final
deep_3x16,7,fx,,1.125000,1.1657299636654956,1.2064756183452223,final
deep_3x16,7,fx,,1.150000,1.1740465447152237,1.2132927455194251,final
deep_3x16,7,fx,,1.175000,1.1825202065145628,1.220100833760554,final
deep_3x16,7,fx,,1.200000,1.1911407284040345,1.2268951885850992,final
deep_3x16,7,fx,,1.225000,1.1998973141037357,1.2336713491231373,final
deep_3x16,7,fx,,1.250000,1.2087785837115015,1.2404250855168273,final
deep_3x16,7,fx,,1.275000,1.2177725736438298,1.2471523956769321,final
deep_3x16,7,fx,,1.300000,1.2268667477238322,1.2538495014641662,final
deep_3x16,7,fx,,1.325000,1.236048022059792,1.2605128443598486,final
deep_3x16,7,fx,,1.350000,1.2453028056143571,1.2671390806877225,final
deep_3x16,7,fx,,1.375000,1.2546170574910913,1.2737250764459462,final
deep_3x16,7,fx,,1.400000,1.2639763610224344,1.2802679018052352,final
deep_3x16,7,fx,,1.425000,1.2733660137944864,1.2867648253259727,final
deep_3x16,7,fx,,1.450000,1.2827711318509751,1.2932133079438641,final
deep_3x16,7,fx,,1.475000,1.2921767655367098,1.2996109967704328,final
deep_3x16,7,fx,,1.500000,1.301568023815307,1.3059557187513589,final
deep_3x16,7,fx,,1.525000,1.3109302034595731,1.3122454742224083,final
deep_3x16,7,fx,,1.550000,1.3202489192837523,1.3184784303994812,final
deep_3x16,7,fx,,1.575000,1.3295102315677236,1.3246529148361825,final
deep_3x16,7,fx,,1.600000,1.3387007670027944,1.330767408879276,final
deep_3x16,7,fx,,1.625000,1.3478078298430163,1.3368205411494571,final
deep_3x16,7,fx,,1.650000,1.3568195004414736,1.3428110810720784,final
deep_3x16,7,fx,,1.675000,1.3657247189479458,1.3487379324797883,final
deep_3x16,7,fx,,1.700000,1.3745133526002953,1.3546001273065218,final
deep_3x16,7,fx,,1.725000,1.3831762457151493,1.360396819389886,final
deep_3x16,7,fx,,1.750000,1.391705252135999,1.3661272783967613,final
deep_3x16,7,fx,,1.775000,1.4000932504966483,1.3717908838848296,final
deep_3x16,7,fx,,1.800000,1.4083341431804777,1.3773871195108214,final
deep_3x16,7,fx,,1.825000,1.4164228402847183,1.3829155673944546,final
deep_3x16,7,fx,,1.850000,1.4243552302252978,1.3883759026453952,final
deep_3x16,7,fx,,1.875000,1.4321281388405063,1.3937678880590432,final
deep_3x16,7,fx,,1.900000,1.4397392789755037,1.3990913689855675,final
deep_3x16,7,fx,,1.925000,1.4471871925639772,1.4043462683753405,final
deep_3x16,7,fx,,1.950000,1.4544711871807074,1.4095325820027964,final
deep_3x16,7,fx,,1.975000,1.4615912689338233,1.4146503738697032,final
deep_3x16,7,fx,,2.000000,1.46854807341311,1.4196997717879212,final
deep_3x16,7,fx,,2.025000,1.4753427962253545,1.4246809631409094,final
deep_3x16,7,fx,,2.050000,1.4819771244426698,1.4295941908225116,final
deep_3x16,7,fx,,2.075000,1.4884531700765908,1.4344397493509262,final
deep_3x16,7,fx,,2.100000,1.4947734064790654,1.4392179811552137,final
deep_3x16,7,fx,,2.125000,1.5009406083688008,1.4439292730312083,final
deep_3x16,7,fx,,2.150000,1.5069577959933138,1.4485740527633122,final
deep_3x16,7,fx,,2.175000,1.5128281837672106,1.4531527859082907,final
deep_3x16,7,fx,,2.200000,1.5185551335778706,1.4576659727369123,final
deep_3x16,7,fx,,2.225000,1.5241421128216628,1.4621141453290472,final
deep_3x16,7,fx,,2.250000,1.52959265712699,1.4664978648176454,final
deep_3x16,7,fx,,2.275000,1.534910337633862,1.470817718776893,final
deep_3x16,7,fx,,2.300000,1.5400987326318956,1.475074318749721,final
deep_3x16,7,fx,,2.325000,1.545161403307846,1.479268297909802,final
deep_3x16,7,fx,,2.350000,1.5501018733179774,1.483400308853113,final
deep_3x16,7,fx,,2.375000,1.554923611877754,1.4874710215141502,final
deep_3x16,7,fx,,2.400000,1.5596300200494655,1.491481121201892,final
deep_3x16,7,fx,,2.425000,1.564224419905609,1.4954313067506453,final
deep_3x16,7,fx,,2.450000,1.568710046250375,1.4993222887809725,final
deep_3x16,7,fx,,2.475000,1.573090040591834,1.5031547880659621,final
deep_3x16,7,fx,,2.500000,1.5773674470720542,1.5069295339981974,final
deep_3x16,7,fx,,2.525000,1.5815452100801373,1.5106472631528727,final
deep_3x16,7,fx,,2.550000,1.58562617329304,1.514308717942618,final
deep_3x16,7,fx,,2.575000,1.5896130799102146,1.5179146453597039,final
deep_3x16,7,fx,,2.600000,1.5935085738697903,1.5214657958014208,final
deep_3x16,7,fx,,2.625000,1.5973152018557213,1.5249629219745588,final
deep_3x16,7,fx,,2.650000,1.6010354159265525,1.5284067778750356,final
deep_3x16,7,fx,,2.675000,1.6046715766168664,1.5317981178388593,final
deep_3x16,7,fx,,2.700000,1.6082259563818417,1.5351376956607474,final
deep_3x16,7,fx,,2.725000,1.611700743273447,1.538426263776851,final
deep_3x16,7,fx,,2.750000,1.615098044753547,1.5416645725081797,final
deep_3x16,7,fx,,2.775000,1.6184198915645145,1.5448533693614435,final
deep_3x16,7,fx,,2.800000,1.621668241591804,1.5479933983841754,final
deep_3x16,7,fx,,2.825000,1.6248449836653849,1.5510853995711167,final
deep_3x16,7,fx,,2.850000,1.6279519412579466,1.5541301083189827,final
deep_3x16,7,fx,,2.875000,1.6309908760475007,1.5571282549268526,final
deep_3x16,7,fx,,2.900000,1.6339634913204084,1.5600805641395499,final
deep_3x16,7,fx,,2.925000,1.6368714351981295,1.562987754731498,final
deep_3x16,7,fx,,2.950000,1.639716303677128,1.5658505391286572,final
deep_3x16,7,fx,,2.975000,1.6424996434765347,1.5686696230662598,final
deep_3x16,7,fx,,3.000000,1.6452229546924348,1.5714457052801694,final
deep_3x16,7,fx,,3.025000,1.6478876932610926,1.5741794772298021,final
deep_3x16,7,fx,,3.050000,1.6504952732361802,1.5768716228506432,final
deep_3x16,7,fx,,3.075000,1.6530470688871868,1.5795228183344976,final
deep_3x16,7,fx,,3.100000,1.6555444166277644,1.5821337319357038,final
deep_3x16,7,fx,,3.125000,1.6579886167838704,1.5847050238016365,final
deep_3x16,7,fx,,3.150000,1.6603809352122896,1.587237345825908,final
deep_3x16,7,fx,,3.175000,1.6627226047804835,1.5897313415227634,final
deep_3x16,7,fx,,3.200000,1.6650148267188516,1.592187645921248,final
deep_3x16,7,fx,,3.225000,1.6672587718563494,1.5946068854777975,final
deep_3x16,7,fx,,3.250000,1.6694555817501522,1.5969896780059818,final
deep_3x16,7,fx,,3.275000,1.6716063697196109,1.5993366326221994,final
deep_3x16,7,fx,,3.300000,1.6737122217942384,1.601648349706187,final
deep_3x16,7,fx,,3.325000,1.6757741975848799,1.6039254208752762,final
deep_3x16,7,fx,,3.350000,1.6777933310865776,1.6061684289713845,final
deep_3x16,7,fx,,3.375000,1.6797706314209802,1.6083779480597964,final
deep_3x16,7,fx,,3.400000,1.6817070835254992,1.6105545434388309,final
deep_3x16,7,fx,,3.425000,1.6836036487957313,1.6126987716595576,final
deep_3x16,7,fx,,3.450000,1.6854612656870427,1.6148111805547691,final
deep_3x16,7,fx,,3.475000,1.6872808502805945,1.6168923092764607,final
deep_3x16,7,fx,,3.500000,1.689063296818489,1.6189426883411182,final
deep_3x16,7,fx,,3.525000,1.690809478212191,1.6209628396821578,final
deep_3x16,7,fx,,3.550000,1.6925202465278553,1.622953276708899,final
deep_3x16,7,fx,,3.575000,1.6941964334517274,1.6249145043714908,final
deep_3x16,7,fx,,3.600000,1.6958388507383613,1.6268470192312494,final
deep_3x16,7,fx,,3.625000,1.6974482906439956,1.6287513095359003,final
deep_3x16,7,fx,,3.650000,1.6990255263471044,1.630627855299244,final
deep_3x16,7,fx,,3.675000,1.7005713123578035,1.632477128384804,final
deep_3x16,7,fx,,3.700000,1.7020863849175325,1.6342995925930408,final
deep_3x16,7,fx,,3.725000,1.7035714623901796,1.6360957037517374,final
deep_3x16,7,fx,,3.750000,1.7050272456456148,1.6378659098091999,final
deep_3x16,7,fx,,3.775000,1.7064544184363928,1.6396106509299275,final
deep_3x16,7,fx,,3.800000,1.7078536477682555,1.641330359592442,final
deep_3x16,7,fx,,3.825000,1.709225584264897,1.6430254606889751,final
deep_3x16,7,fx,,3.850000,1.7105708625273637,1.6446963716267469,final
deep_3x16,7,fx,,3.875000,1.7118901014883559,1.6463435024305744,final
deep_3x16,7,fx,,3.900000,1.713183904761605,1.6479672558465768,final
deep_3x16,7,fx,,3.925000,1.7144528609864655,1.6495680274467555,final
deep_3x16,7,fx,,3.950000,1.715697544167773,1.651146205734246,final
deep_3x16,7,fx,,3.975000,1.7169185140109977,1.6527021722490547,final
deep_3x16,7,fx,,4.000000,1.718116316252694,1.654236301674099,final
deep_3x16,7,fx,,4.025000,1.7192914829862023,1.6557489619413992,final
deep_3x16,7,fx,,4.050000,1.72044453298256,1.6572405143382634,final
deep_3x16,7,fx,,4.075000,1.7215759720065644,1.6587113136133356,final
deep_3x16,7,fx,,4.100000,1.7226862931279099,1.6601617080823763,final
deep_3x16,7,fx,,4.125000,1.7237759770273355,1.6615920397336599,final
deep_3x16,7,fx,,4.150000,1.7248454922977143,1.663002644332885,final
deep_3x16,7,fx,,4.175000,1.7258952957400062,1.6643938515274967,final
deep_3x16,7,fx,,4.200000,1.7269258326540247,1.6657659849503361,final
deep_3x16,7,fx,,4.225000,1.7279375371239512,1.6671193623225302,final
deep_3x16,7,fx,,4.250000,1.7289308322985524,1.668454295555556,final
deep_3x16,7,fx,,4.275000,1.72990613066606,1.6697710908524037,final
deep_3x16,7,fx,,4.300000,1.73086383432368,1.6710700488077885,final
deep_3x16,7,fx,,4.325000,1.7318043352417085,1.672351464507346,final
deep_3x16,7,fx,,4.350000,1.7327280155222453,1.6736156276257725,final
deep_3x16,7,fx,,4.375000,1.7336352476524906,1.6748628225238602,final
deep_3x16,7,fx,,4.400000,1.7345263947526453,1.6760933283443924,final
deep_3x16,7,fx,,4.425000,1.7354018108184104,1.6773074191068635,final
deep_3x16,7,fx,,4.450000,1.736261840958121,1.6785053638009961,final
deep_3x16,7,fx,,4.475000,1.7371068216245367,1.6796874264790258,final
deep_3x16,7,fx,,4.500000,1.7379370808413264,1.6808538663467358,final
deep_3x16,7,fx,,4.525000,1.7387529384242915,1.682004937853222,final
deep_3x16,7,fx,,4.550000,1.7395547061973748,1.6831408907793708,final
deep_3x16,7,fx,,4.575000,1.7403426882035158,1.6842619703250405,final
deep_3x16,7,fx,,4.600000,1.7411171809104014,1.685368417194935,final
deep_3x16,7,fx,,4.625000,1.7418784734111932,1.6864604676831623,final
deep_3x16,7,fx,,4.650000,1.7426268476202835,1.687538353756474,final
deep_3x16,7,fx,,4.675000,1.7433625784641669,1.6886023031361845,final
deep_3x16,7,fx,,4.700000,1.7440859340674941,1.6896525393787643,final
deep_3x16,7,fx,,4.725000,1.7447971759343959,1.6906892819551151,final
deep_3x16,7,fx,,4.750000,1.745496559125149,1.691712746328525,final
deep_3x16,7,fx,,4.775000,1.7461843324282742,1.69272314403131,final
deep_3x16,7,fx,,4.800000,1.7468607385281547,1.6937206827401463,final
deep_3x16,7,fx,,4.825000,1.7475260141682487,1.6947055663501032,final
deep_3x16,7,fx,,4.850000,1.7481803903100026,1.695677995047382,final
deep_3x16,7,fx,,4.875000,1.748824092287535,1.6966381653807714,final
deep_3x16,7,fx,,4.900000,1.749457339958195,1.6975862703318307,final
deep_3x16,7,fx,,4.925000,1.750080347849075,1.6985224993838095,final
deep_3x16,7,fx,,4.950000,1.750693325299573,1.6994470385893194,final
deep_3x16,7,fx,,4.975000,1.7512964766000922,1.7003600706367672,final
deep_3x16,7,fx,,5.000000,1.7518900011269636,1.701261774915565,final
deep_3x16,7,fx,,5.025000,1.752474093473687,1.7021523275801298,final
deep_3x16,7,fx,,5.050000,1.7530489435785714,1.7030319016126885,final
deep_3x16,7,fx,,5.075000,1.7536147368488681,1.7039006668849015,final
deep_3x16,7,fx,,5.100000,1.7541716542814776,1.7047587902183228,final
deep_3x16,7,fx,,5.125000,1.7547198725803175,1.7056064354437073,final
deep_3x16,7,fx,,5.150000,1.7552595642704394,1.7064437634591885,final
deep_3x16,7,fx,,5.175000,1.7557908978089716,1.7072709322873345,final
deep_3x16,7,fx,,5.200000,1.7563140376929733,1.708088097131107,final
deep_3x16,7,fx,,5.225000,1.7568291445642785,1.7088954104287313,final
deep_3x16,7,fx,,5.250000,1.7573363753114133,1.7096930219075017,final
deep_3x16,7,fx,,5.275000,1.757835883168659,1.7104810786365339,final
deep_3x16,7,fx,,5.300000,1.7583278178123387,1.711259725078483,final
deep_3x16,7,fx,,5.325000,1.7588123254544061,1.7120291031402441,final
deep_3x16,7,fx,,5.350000,1.7592895489334044,1.7127893522226525,final
deep_3x16,7,fx,,5.375000,1.7597596278028709,1.7135406092691985,final
deep_3x16,7,fx,,5.400000,1.7602226984172558,1.714283008813776,final
deep_3x16,7,fx,,5.425000,1.7606788940154248,1.7150166830274802,final
deep_3x16,7,fx,,5.450000,1.7611283448018147,1.7157417617644724,final
deep_3x16,7,fx,,5.475000,1.7615711780253003,1.7164583726069251,final
deep_3x16,7,fx,,5.500000,1.7620075180558479,1.7171666409090691,final
deep_3x16,7,fx,,5.525000,1.76243748645901,1.717866689840354,final
deep_3x16,7,fx,,5.550000,1.7628612020683232,1.7185586404277413,final
deep_3x16,7,fx,,5.575000,1.763278781055673,1.7192426115971444,final
deep_3x16,7,fx,,5.600000,1.7636903369996786,1.719918720214034,final
deep_3x16,7,fx,,5.625000,1.7640959809521601,1.7205870811232205,final
deep_3x16,7,fx,,5.650000,1.7644958215027358,1.721247807187832,final
deep_3x16,7,fx,,5.675000,1.7648899648416108,1.7219010093275047,final
deep_3x16,7,fx,,5.700000,1.765278514820605,1.7225467965557948,final
deep_3x16,7,fx,,5.725000,1.7656615730124732,1.7231852760168345,final
deep_3x16,7,fx,,5.750000,1.7660392387685657,1.7238165530212408,final
deep_3x16,7,fx,,5.775000,1.7664116092748765,1.7244407310812953,final
deep_3x16,7,fx,,5.800000,1.766778779606533,1.725057911945408,final
deep_3x16,7,fx,,5.825000,1.7671408427807602,1.7256681956318787,final
deep_3x16,7,fx,,5.850000,1.7674978898083784,1.7262716804619718,final
deep_3x16,7,fx,,5.875000,1.7678500097438647,1.7268684630923166,final
deep_3x16,7,fx,,5.900000,1.7681972897340295,1.727458638546647,final
deep_3x16,7,fx,,5.925000,1.7685398150653426,1.7280423002468948,final
deep_3x16,7,fx,,5.950000,1.768877669209952,1.728619540043648,final
deep_3x16,7,fx,,5.975000,1.7692109338704325,1.7291904482459888,final
deep_3x16,7,fx,,6.000000,1.7695396890233015,1.7297551136507232,final
deep_3x16,7,fc,0.5,0.000000,1.0,0.9999961712608588,final
deep_3x16,7,fc,0.5,0.025000,1.0000439522123727,0.9983586646344352,final
deep_3x16,7,fc,0.5,0.050000,1.0001768528989827,0.9934854371990305,final
deep_3x16,7,fc,0.5,0.075000,1.0004046144660186,0.9854913576191164,final
deep_3x16,7,fc,0.5,0.100000,1.0007423877299781,0.9745583236306017,final
deep_3x16,7,fc,0.5,0.125000,1.0012175739951523,0.9609224860044977,final
deep_3x16,7,fc,0.5,0.150000,1.0018705748128836,0.9448590526338713,final
deep_3x16,7,fc,0.5,0.175000,1.0027524379014054,0.9266665678644719,final
deep_3x16,7,fc,0.5,0.200000,1.003918691814659,0.906652287270015,final
deep_3x16,7,fc,0.5,0.225000,1.0054189569608678,0.8851197735940066,final
deep_3x16,7,fc,0.5,0.250000,1.007282359183264,0.8623592877190294,final
deep_3x16,7,fc,0.5,0.275000,1.0094993222738318,0.838641066508284,final
deep_3x16,7,fc,0.5,0.300000,1.0120009302298338,0.8142112349444125,final
deep_3x16,7,fc,0.5,0.325000,1.0146376661003227,0.7892899055662282,final
deep_3x16,7,fc,0.5,0.350000,1.017159875156339,0.7640709501109981,final
deep_3x16,7,fc,0.5,0.375000,1.0192026817266941,0.738722947888542,final
deep_3x16,7,fc,0.5,0.400000,1.0202782374636772,0.7133908845188547,final
deep_3x16,7,fc,0.5,0.425000,1.0197780612497382,0.6881982632946789,final
deep_3x16,7,fc,0.5,0.450000,1.016987889694051,0.663249379897375,final
deep_3x16,7,fc,0.5,0.475000,1.0111170151588003,0.6386315887919551,final
deep_3x16,7,fc,0.5,0.500000,1.0013436786704881,0.614417452116793,final
deep_3x16,7,fc,0.5,0.525000,0.9868776702950363,0.5906667090105318,final
deep_3x16,7,fc,0.5,0.550000,0.9670404060826894,0.5674280368849434,final
deep_3x16,7,fc,0.5,0.575000,0.9413603553364381,0.5447405987383155,final
deep_3x16,7,fc,0.5,0.600000,0.9096764526879185,0.5226353848308631,final
deep_3x16,7,fc,0.5,0.625000,0.8722335385164096,0.5011363652156074,final
deep_3x16,7,fc,0.5,0.650000,0.8297441035510574,0.4802614735958944,final
deep_3x16,7,fc,0.5,0.675000,0.7833858049210389,0.46002344418289265,final
deep_3x16,7,fc,0.5,0.700000,0.7347125187417491,0.4404305226879344,final
deep_3x16,7,fc,0.5,0.725000,0.6854816097572615,0.4214870710332323,final
deep_3x16,7,fc,0.5,0.750000,0.6374332736641399,0.4031940832949596,final
deep_3x16,7,fc,0.5,0.775000,0.5920804133852214,0.38554962812948085,final
deep_3x16,7,fc,0.5,0.800000,0.5505638320700561,0.36854923068108175,final
deep_3x16,7,fc,0.5,0.825000,0.5135992043341883,0.35218620484951263,final
deep_3x16,7,fc,0.5,0.850000,0.4815073391536573,0.3364519448742073,final
deep_3x16,7,fc,0.5,0.875000,0.45429658716197285,0.3213361834989273,final
deep_3x16,7,fc,0.5,0.900000,0.43176245306638306,0.306827222522449,final
deep_3x16,7,fc,0.5,0.925000,0.41357885332200317,0.2929121403100752,final
deep_3x16,7,fc,0.5,0.950000,0.39936849707524713,0.2795769798212084,final
deep_3x16,7,fc,0.5,0.975000,0.38875011527571957,0.2668069198795077,final
deep_3x16,7,fc,0.5,1.000000,0.3813658229204959,0.25458643175180856,final
deep_3x16,7,fc,0.5,1.025000,0.3768936789478874,0.24289942258726716,final
deep_3x16,7,fc,0.5,1.050000,0.375050180785895,0.23172936687701973,final
deep_3x16,7,fc,0.5,1.075000,0.37558634594897056,0.22105942680628568,final
deep_3x16,7,fc,0.5,1.100000,0.3782799605200313,0.21087256216631964,final
deep_3x16,7,fc,0.5,1.125000,0.3829258237913764,0.20115163035586586,final
deep_3x16,7,fc,0.5,1.150000,0.3893254285355636,0.1918794769158274,final
deep_3x16,7,fc,0.5,1.175000,0.39727738978486316,0.18303901699379402,final
deep_3x16,7,fc,0.5,1.200000,0.40656991141380394,0.1746133081159656,final
deep_3x16,7,fc,0.5,1.225000,0.41697648190765335,0.16658561464383392,final
deep_3x16,7,fc,0.5,1.250000,0.4282556731263263,0.15893946430447428,final
deep_3x16,7,fc,0.5,1.275000,0.44015532389069567,0.15165869720073666,final
deep_3x16,7,fc,0.5,1.300000,0.4524206020876713,0.14472750772673904,final
deep_3x16,7,fc,0.5,1.325000,0.46480465514072167,0.13813047983167853,final
deep_3x16,7,fc,0.5,1.350000,0.4770800243872917,0.13185261608906113,final
deep_3x16,7,fc,0.5,1.375000,0.48904889264064355,0.1258793610376418,final
deep_3x16,7,fc,0.5,1.400000,0.5005505838129466,0.12019661926408308,final
deep_3x16,7,fc,0.5,1.425000,0.5114654078645715,0.11479076869543448,final
deep_3x16,7,fc,0.5,1.450000,0.521714720697798,0.1096486695622258,final
deep_3x16,7,fc,0.5,1.475000,0.5312577302913574,0.10475766948076473,final
deep_3x16,7,fc,0.5,1.500000,0.540085992025186,0.10010560508677041,final
deep_3x16,7,fc,0.5,1.525000,0.5482166674390186,0.09568080063249802,final
deep_3x16,7,fc,0.5,1.550000,0.5556855240120894,0.09147206393676467,final
deep_3x16,7,fc,0.5,1.575000,0.5625404207354808,0.08746868005254455,final
deep_3x16,7,fc,0.5,1.600000,0.5688357465266765,0.08366040299072135,final
deep_3x16,7,fc,0.5,1.625000,0.5746280229504146,0.08003744581183542,final
deep_3x16,7,fc,0.5,1.650000,0.579972685476551,0.07659046937076666,final
deep_3x16,7,fc,0.5,1.675000,0.5849219287065361,0.07331056997272188,final
deep_3x16,7,fc,0.5,1.700000,0.5895234338180577,0.07018926617305912,final
deep_3x16,7,fc,0.5,1.725000,0.5938197761742944,0.06721848492863296,final
deep_3x16,7,fc,0.5,1.750000,0.597848321449814,0.06439054728477098,final
deep_3x16,7,fc,0.5,1.775000,0.601641445787248,0.0616981537598125,final
deep_3x16,7,fc,0.5,1.800000,0.605226949094537,0.059134369568493717,final
deep_3x16,7,fc,0.5,1.825000,0.6086285639441114,0.05669260980638358,final
deep_3x16,7,fc,0.5,1.850000,0.6118664919533029,0.05436662470009754,final
deep_3x16,7,fc,0.5,1.875000,0.6149579234586777,0.05215048501211195,final
deep_3x16,7,fc,0.5,1.900000,0.6179175145527814,0.050038567674637165,final
deep_3x16,7,fc,0.5,1.925000,0.6207578086867351,0.0480255417141179,final
deep_3x16,7,fc,0.5,1.950000,0.6234895989416777,0.04610635451642435,final
deep_3x16,7,fc,0.5,1.975000,0.6261222326881668,0.04427621847262877,final
deep_3x16,7,fc,0.5,2.000000,0.6286638635599415,0.042530598036290536,final
deep_3x16,7,fc,0.5,2.025000,0.6311216571994407,0.04086519721532707,final
deep_3x16,7,fc,0.5,2.050000,0.633501957661898,0.03927594751474929,final
deep_3x16,7,fc,0.5,2.075000,0.6358104211200969,0.03775899634064951,final
deep_3x16,7,fc,0.5,2.100000,0.6380521228957103,0.03631069587080901,final
deep_3x16,7,fc,0.5,2.125000,0.6402316430598052,0.03492759239300612,final
deep_3x16,7,fc,0.5,2.150000,0.6423531350245345,0.033606416108520214,final
deep_3x16,7,fc,0.5,2.175000,0.644420380767249,0.032344071395319085,final
deep_3x16,7,fc,0.5,2.200000,0.6464368356276666,0.03113762752295615,final
deep_3x16,7,fc,0.5,2.225000,0.648405665014964,0.029984309809202872,final
deep_3x16,7,fc,0.5,2.250000,0.6503297748566192,0.028881491206847024,final
deep_3x16,7,fc,0.5,2.275000,0.6522118372081381,0.027826684307850874,final
deep_3x16,7,fc,0.5,2.300000,0.6540543121118197,0.026817533751129878,final
deep_3x16,7,fc,0.5,2.325000,0.6558594665315219,0.025851809019539436,final
deep_3x16,7,fc,0.5,2.350000,0.6576293909870226,0.024927397611219253,final
deep_3x16,7,fc,0.5,2.375000,0.6593660143551757,0.024042298570184424,final
deep_3x16,7,fc,0.5,2.400000,0.6610711171861449,0.02319461636096361,final
deep_3x16,7,fc,0.5,2.425000,0.6627463437934865,0.022382555072118837,final
deep_3x16,7,fc,0.5,2.450000,0.6643932133102193,0.021604412933645116,final
deep_3x16,7,fc,0.5,2.475000,0.6660131298538637,0.020858577133474034,final
deep_3x16,7,fc,0.5,2.500000,0.6676073919075984,0.020143518918636836,final
deep_3x16,7,fc,0.5,2.525000,0.6691772009988193,0.019457788967005542,final
deep_3x16,7,fc,0.5,2.550000,0.6707236697379381,0.01880001301595232,final
deep_3x16,7,fc,0.5,2.575000,0.6722478292672884,0.018168887734721407,final
deep_3x16,7,fc,0.5,2.600000,0.6737506361609704,0.017563176827779654,final
deep_3x16,7,fc,0.5,2.625000,0.6752329788103036,0.016981707356906937,final
deep_3x16,7,fc,0.5,2.650000,0.6766956833253843,0.016423366270288828,final
deep_3x16,7,fc,0.5,2.675000,0.6781395189804512,0.01588709712737786,final
deep_3x16,7,fc,0.5,2.700000,0.679565203228918,0.015371897008789036,final
deep_3x16,7,fc,0.5,2.725000,0.6809734063126813,0.014876813601008254,final
deep_3x16,7,fc,0.5,2.750000,0.682364755489439,0.014400942446161183,final
deep_3x16,7,fc,0.5,2.775000,0.683739838901067,0.01394342434758682,final
deep_3x16,7,fc,0.5,2.800000,0.6850992091055673,0.0135034429224213,final
deep_3x16,7,fc,0.5,2.825000,0.6864433862945063,0.013080222292847036,final
deep_3x16,7,fc,0.5,2.850000,0.6877728612173335,0.012673024908103358,final
deep_3x16,7,fc,0.5,2.875000,0.6890880978333184,0.012281149489774493,final
deep_3x16,7,fc,0.5,2.900000,0.6903895357111893,0.011903929093276212,final
deep_3x16,7,fc,0.5,2.925000,0.6916775921957942,0.0115407292788442,final
deep_3x16,7,fc,0.5,2.950000,0.6929526643603212,0.011190946385711102,final
deep_3x16,7,fc,0.5,2.975000,0.6942151307617643,0.010854005903492529,final
deep_3x16,7,fc,0.5,3.000000,0.6954653530164048,0.010529360935159847,final
deep_3x16,7,fc,0.5,3.025000,0.6967036772111992,0.010216490746280376,final
deep_3x16,7,fc,0.5,3.050000,0.6979304351659901,0.00991489939552285,final
deep_3x16,7,fc,0.5,3.075000,0.6991459455605297,0.00962411444170394,final
deep_3x16,7,fc,0.5,3.100000,0.7003505149393724,0.009343685722933544,final
deep_3x16,7,fc,0.5,3.125000,0.701544438606739,0.009073184203666275,final
deep_3x16,7,fc,0.5,3.150000,0.70272800142258,0.00881220088572273,final
deep_3x16,7,fc,0.5,3.175000,0.7039014785101593,0.00856034577956125,final
deep_3x16,7,fc,0.5,3.200000,0.7050651358846479,0.008317246932311853,final
deep_3x16,7,fc,0.5,3.225000,0.7062192310114039,0.008082549509281826,final
deep_3x16,7,fc,0.5,3.250000,0.7073640133018458,0.007855914925840547,final
deep_3x16,7,fc,0.5,3.275000,0.7084997245540885,0.007637020026771776,final
deep_3x16,7,fc,0.5,3.300000,0.7096265993448589,0.007425556310355653,final
deep_3x16,7,fc,0.5,3.325000,0.7107448653785338,0.007221229194605152,final
deep_3x16,7,fc,0.5,3.350000,0.7118547437985685,0.007023757323232783,final
deep_3x16,7,fc,0.5,3.375000,0.7129564494660467,0.0068328719090709365,final
deep_3x16,7,fc,0.5,3.400000,0.7140501912095436,0.006648316112797191,final
deep_3x16,7,fc,0.5,3.425000,0.715136172050065,0.006469844454954951,final
deep_3x16,7,fc,0.5,3.450000,0.7162145894043741,0.006297222259364868,final
deep_3x16,7,fc,0.5,3.475000,0.7172856352696436,0.006130225126150202,final
deep_3x16,7,fc,0.5,3.500000,0.7183494963920254,0.005968638432691078,final
deep_3x16,7,fc,0.5,3.525000,0.7194063544213888,0.005812256860931846,final
deep_3x16,7,fc,0.5,3.550000,0.720456386054222,0.005660883949557558,final
deep_3x16,7,fc,0.5,3.575000,0.7214997631664201,0.005514331669634566,final
deep_3x16,7,fc,0.5,3.600000,0.722536652937448,0.005372420022408773,final
deep_3x16,7,fc,0.5,3.625000,0.7235672179671767,0.0052349766580150085,final
deep_3x16,7,fc,0.5,3.650000,0.7245916163864999,0.0051018365139386904,final
deep_3x16,7,fc,0.5,3.675000,0.7256100019626833,0.0049728414721276004,final
deep_3x16,7,fc,0.5,3.700000,0.7266225242002433,0.004847840033726076,final
deep_3x16,7,fc,0.5,3.725000,0.7276293284380569,0.004726687010453871,final
deep_3x16,7,fc,0.5,3.750000,0.7286305559432593,0.0046092432317188185,final
deep_3x16,7,fc,0.5,3.775000,0.7296263440024152,0.004495375266596954,final
deep_3x16,7,fc,0.5,3.800000,0.7306168260103683,0.00438495515987154,final
deep_3x16,7,fc,0.5,3.825000,0.7316021315570769,0.004277860181360855,final
deep_3x16,7,fc,0.5,3.850000,0.7325823865127206,0.00417397258781929,final
deep_3x16,7,fc,0.5,3.875000,0.7335577131112719,0.004073179396726176,final
deep_3x16,7,fc,0.5,3.900000,0.7345282300327133,0.003975372171325868,final
deep_3x16,7,fc,0.5,3.925000,0.7354940524840217,0.003880446816315581,final
deep_3x16,7,fc,0.5,3.950000,0.7364552922790224,0.0037883033836064225,final
deep_3x16,7,fc,0.5,3.975000,0.7374120579171779,0.0036988458876262074,final
deep_3x16,7,fc,0.5,4.000000,0.7383644546613709,0.0036119821296561735,final
deep_3x16,7,fc,0.5,4.025000,0.7393125846147063,0.0035276235307199755,final
deep_3x16,7,fc,0.5,4.050000,0.7402565467963458,0.003445684972579932,final
deep_3x16,7,fc,0.5,4.075000,0.7411964372163915,0.0033660846464103494,final
deep_3x16,7,fc,0.5,4.100000,0.7421323489498084,0.0032887439087498005,final
deep_3x16,7,fc,0.5,4.125000,0.7430643722093752,0.0032135871443476484,final
deep_3x16,7,fc,0.5,4.150000,0.743992594417654,0.003140541635555781,final
deep_3x16,7,fc,0.5,4.175000,0.7449171002779515,0.003069537437917249,final
deep_3x16,7,fc,0.5,4.200000,0.7458379718442645,0.003000507261639546,final
deep_3x16,7,fc,0.5,4.225000,0.7467552885901733,0.002933386358647509,final
deep_3x16,7,fc,0.5,4.250000,0.7476691274766699,0.002868112414932197,final
deep_3x16,7,fc,0.5,4.275000,0.7485795630189038,0.0028046254479229715,final
deep_3x16,7,fc,0.5,4.300000,0.749486667351809,0.002742867708632816,final
deep_3x16,7,fc,0.5,4.325000,0.7503905102946123,0.0026827835883323843,final
deep_3x16,7,fc,0.5,4.350000,0.7512911594141899,0.0026243195295232785,final
deep_3x16,7,fc,0.5,4.375000,0.7521886800872667,0.0025674239410017246,final
deep_3x16,7,fc,0.5,4.400000,0.7530831355614425,0.002512047116799274,final
deep_3x16,7,fc,0.5,4.425000,0.7539745870150311,0.0024581411588165073,final
deep_3x16,7,fc,0.5,4.450000,0.7548630936157054,0.0024056599029599174,final
deep_3x16,7,fc,0.5,4.475000,0.7557487125779483,0.0023545588486135268,final
deep_3x16,7,fc,0.5,4.500000,0.7566314992192886,0.002304795091278237,final
deep_3x16,7,fc,0.5,4.525000,0.7575115070153446,0.0022563272582273074,final
deep_3x16,7,fc,0.5,4.550000,0.758388787653647,0.002209115447027629,final
deep_3x16,7,fc,0.5,4.575000,0.75926339108627,0.002163121166787322,final
deep_3x16,7,fc,0.5,4.600000,0.7601353655812532,0.0021183072820026927,final
deep_3x16,7,fc,0.5,4.625000,0.7610047577728358,0.0020746379588730468,final
deep_3x16,7,fc,0.5,4.650000,0.7618716127105004,0.002032078613968704,final
deep_3x16,7,fc,0.5,4.675000,0.7627359739068377,0.0019905958651390177,final
deep_3x16,7,fc,0.5,4.700000,0.7635978833842513,0.0019501574845522565,final
deep_3x16,7,fc,0.5,4.725000,0.7644573817204982,0.0019107323537686412,final
deep_3x16,7,fc,0.5,4.750000,0.7653145080930908,0.0018722904207485434,final
deep_3x16,7,fc,0.5,4.775000,0.766169300322576,0.0018348026587054643,final
deep_3x16,7,fc,0.5,4.800000,0.7670217949146899,0.0017982410267173958,final
deep_3x16,7,fc,0.5,4.825000,0.7678720271014263,0.001762578432014152,final
deep_3x16,7,fc,0.5,4.850000,0.7687200308810194,0.0017277886938635106,final
deep_3x16,7,fc,0.5,4.875000,0.7695658390568644,0.0016938465089809934,final
deep_3x16,7,fc,0.5,4.900000,0.7704094832753919,0.0016607274183924714,final
deep_3x16,7,fc,0.5,4.925000,0.771250994062923,0.001628407775686919,final
deep_3x16,7,fc,0.5,4.950000,0.7720904008615034,0.001596864716589041,final
deep_3x16,7,fc,0.5,4.975000,0.7729277320637656,0.0015660761297978003,final
deep_3x16,7,fc,0.5,5.000000,0.7737630150468074,0.001536020629028713,final
deep_3x16,7,fc,0.5,5.025000,0.7745962762051319,0.0015066775262095645,final
deep_3x16,7,fc,0.5,5.050000,0.7754275409826522,0.0014780268057724868,final
deep_3x16,7,fc,0.5,5.075000,0.7762568339037909,0.0014500490999996532,final
deep_3x16,7,fc,0.5,5.100000,0.7770841786036853,0.0014227256653687938,final
deep_3x16,7,fc,0.5,5.125000,0.7779095978575301,0.0013960383598590484,final
deep_3x16,7,fc,0.5,5.150000,0.7787331136090628,0.0013699696211715122,final
deep_3x16,7,fc,0.5,5.175000,0.7795547469982276,0.001344502445826072,final
deep_3x16,7,fc,0.5,5.200000,0.7803745183880193,0.001319620369094148,final
deep_3x16,7,fc,0.5,5.225000,0.7811924473905487,0.0012953074457320137,final
deep_3x16,7,fc,0.5,5.250000,0.7820085528923276,0.0012715482314793827,final
deep_3x16,7,fc,0.5,5.275000,0.782822853078805,0.0012483277652897444,final
deep_3x16,7,fc,0.5,5.300000,0.7836353654581718,0.0012256315522594916,final
deep_3x16,7,fc,0.5,5.325000,0.7844461068844476,0.0012034455472299352,final
deep_3x16,7,fc,0.5,5.350000,0.7852550935798777,0.0011817561390265222,final
deep_3x16,7,fc,0.5,5.375000,0.7860623411566435,0.0011605501353155188,final
deep_3x16,7,fc,0.5,5.400000,0.7868678646379216,0.0011398147480441024,final
deep_3x16,7,fc,0.5,5.425000,0.7876716784782962,0.0011195375794464772,final
deep_3x16,7,fc,0.5,5.450000,0.788473796583545,0.0010997066085859438,final
deep_3x16,7,fc,0.5,5.475000,0.7892742323298222,0.0010803101784139062,final
deep_3x16,7,fc,0.5,5.500000,0.7900729985822429,0.0010613369833224516,final
deep_3x16,7,fc,0.5,5.525000,0.7908701077128991,0.0010427760571714813,final
deep_3x16,7,fc,0.5,5.550000,0.7916655716183101,0.0010246167617677558,final
deep_3x16,7,fc,0.5,5.575000,0.7924594017363332,0.001006848775780092,final
deep_3x16,7,fc,0.5,5.600000,0.7932516090625452,0.0009894620840704305,final
deep_3x16,7,fc,0.5,5.625000,0.7940422041661088,0.000972446967424831,final
deep_3x16,7,fc,0.5,5.650000,0.7948311972051383,0.0009557939926686374,final
deep_3x16,7,fc,0.5,5.675000,0.7956185979415871,0.0009394940031462534,final
deep_3x16,7,fc,0.5,5.700000,0.7964044157556548,0.0009235381095562882,final
deep_3x16,7,fc,0.5,5.725000,0.7971886596597472,0.0009079176811237815,final
deep_3x16,7,fc,0.5,5.750000,0.7979713383119827,0.0008926243370957384,final
deep_3x16,7,fc,0.5,5.775000,0.7987524600292741,0.000877649938550017,final
deep_3x16,7,fc,0.5,5.800000,0.7995320327999881,0.0008629865805003556,final
deep_3x16,7,fc,0.5,5.825000,0.8003100642962008,0.0008486265842915688,final
deep_3x16,7,fc,0.5,5.850000,0.8010865618855587,0.0008345624902662513,final
deep_3x16,7,fc,0.5,5.875000,0.8018615326427545,0.0008207870506999125,final
deep_3x16,7,fc,0.5,5.900000,0.8026349833606348,0.0008072932229858862,final
deep_3x16,7,fc,0.5,5.925000,0.8034069205609448,0.0007940741630678401,final
deep_3x16,7,fc,0.5,5.950000,0.8041773505047272,0.0007811232191043099,final
deep_3x16,7,fc,0.5,5.975000,0.8049462792023763,0.0007684339253583744,final
deep_3x16,7,fc,0.5,6.000000,0.8057137124233705,0.0007559999963054072,final
deep_3x16,7,fc,2,0.000000,1.0,0.9999979292399579,final
deep_3x16,7,fc,2,0.025000,0.9995062950190022,0.9992961010731113,final
deep_3x16,7,fc,2,0.050000,0.9980279610959083,0.9971948653968338,final
deep_3x16,7,fc,2,0.075000,0.9955740296843468,0.9937069079517921,final
deep_3x16,7,fc,2,0.100000,0.992160910670769,0.9888531709729896,final
deep_3x16,7,fc,2,0.125000,0.9878133540527663,0.9826625583062567,final
deep_3x16,7,fc,2,0.150000,0.9825651928707345,0.9751715344708285,final
deep_3x16,7,fc,2,0.175000,0.9764598426141529,0.9664236288215278,final
deep_3x16,7,fc,2,0.200000,0.9695505408962508,0.95646885815437,final
deep_3x16,7,fc,2,0.225000,0.9619003242958043,0.9453630826547406,final
deep_3x16,7,fc,2,0.250000,0.9535817566365495,0.9331673109752425,final
deep_3x16,7,fc,2,0.275000,0.9446764430433522,0.919946970463837,final
deep_3x16,7,fc,2,0.300000,0.9352743835340054,0.9057711581949571,final
deep_3x16,7,fc,2,0.325000,0.925473233287557,0.890711887570984,final
deep_3x16,7,fc,2,0.350000,0.9153775369330132,0.8748433439638938,final
deep_3x16,7,fc,2,0.375000,0.9050979836033822,0.8582411612720591,final
deep_3x16,7,fc,2,0.400000,0.8947506825417495,0.8409817294902436,final
deep_3x16,7,fc,2,0.425000,0.8844563859159844,0.8231415415386202,final
deep_3x16,7,fc,2,0.450000,0.8743394960747036,0.8047965857616002,final
deep_3x16,7,fc,2,0.475000,0.8645266108365709,0.7860217887637229,final
deep_3x16,7,fc,2,0.500000,0.8551443156731302,0.7668905116525188,final
deep_3x16,7,fc,2,0.525000,0.8463159632420036,0.7474741013425734,final
deep_3x16,7,fc,2,0.550000,0.8381573175794151,0.72784149735908,final
deep_3x16,7,fc,2,0.575000,0.8307711863362606,0.7080588935663934,final
deep_3x16,7,fc,2,0.600000,0.82424148446336,0.6881894534295714,final
deep_3x16,7,fc,2,0.625000,0.81862748865604,0.668293076778535,final
deep_3x16,7,fc,2,0.650000,0.8139592478986267,0.6484262155643347,final
deep_3x16,7,fc,2,0.675000,0.8102351132019576,0.6286417357517053,final
deep_3x16,7,fc,2,0.700000,0.807422092427065,0.6089888222581751,final
deep_3x16,7,fc,2,0.725000,0.8054592611210613,0.589512923705394,final
deep_3x16,7,fc,2,0.750000,0.804263887038364,0.570255733673549,final
deep_3x16,7,fc,2,0.775000,0.8037394155484868,0.551255205128223,final
deep_3x16,7,fc,2,0.800000,0.8037841562045528,0.5325455947076924,final
deep_3x16,7,fc,2,0.825000,0.8042994762107909,0.5141575336073486,final
deep_3x16,7,fc,2,0.850000,0.8051965242194014,0.49611812186950627,final
deep_3x16,7,fc,2,0.875000,0.806400888783304,0.4784510429764151,final
deep_3x16,7,fc,2,0.900000,0.8078550230367071,0.4611766957488485,final
deep_3x16,7,fc,2,0.925000,0.8095186364949033,0.4443123406704296,final
deep_3x16,7,fc,2,0.950000,0.8113675001597935,0.4278722578879763,final
deep_3x16,7,fc,2,0.975000,0.8133912118914133,0.4118679142800541,final
deep_3x16,7,fc,2,1.000000,0.8155904435712015,0.39630813713912205,final
deep_3x16,7,fc,2,1.025000,0.8179740824086635,0.38119929217645976,final
deep_3x16,7,fc,2,1.050000,0.8205565357668204,0.3665454637324295,final
deep_3x16,7,fc,2,1.075000,0.8233553352049126,0.35234863525610427,final
deep_3x16,7,fc,2,1.100000,0.826389078269907,0.3386088683060421,final
deep_3x16,7,fc,2,1.125000,0.8296756945905717,0.325324478515772,final
deep_3x16,7,fc,2,1.150000,0.8332310093089765,0.31249220716094483,final
deep_3x16,7,fc,2,1.175000,0.8370675863968373,0.3001073871574854,final
deep_3x16,7,fc,2,1.200000,0.8411938502463968,0.28816410250883695,final
deep_3x16,7,fc,2,1.225000,0.8456134937441415,0.27665534040303363,final
deep_3x16,7,fc,2,1.250000,0.8503251793323983,0.2655731353345545,final
deep_3x16,7,fc,2,1.275000,0.8553225271923997,0.2549087047897165,final
deep_3x16,7,fc,2,1.300000,0.8605943664539982,0.24465257618608027,final
deep_3x16,7,fc,2,1.325000,0.8661252071577514,0.234794704894746,final
deep_3x16,7,fc,2,1.350000,0.8718958773320121,0.22532458329861285,final
deep_3x16,7,fc,2,1.375000,0.8778842635167667,0.21623134094921204,final
deep_3x16,7,fc,2,1.400000,0.8840660945734291,0.2075038359795181,final
deep_3x16,7,fc,2,1.425000,0.8904157161812445,0.199130738010403,final
deep_3x16,7,fc,2,1.450000,0.8969068147211703,0.19110060285465802,final
deep_3x16,7,fc,2,1.475000,0.9035130619105716,0.18340193937552854,final
deep_3x16,7,fc,2,1.500000,0.9102086636492214,0.17602326889740094,final
deep_3x16,7,fc,2,1.525000,0.9169688068138139,0.16895317759573308,final
deep_3x16,7,fc,2,1.550000,0.9237700056079243,0.16218036231265762,final
deep_3x16,7,fc,2,1.575000,0.9305903544800597,0.15569367025510647,final
deep_3x16,7,fc,2,1.600000,0.9374096978487465,0.14948213303498506,final
deep_3x16,7,fc,2,1.625000,0.9442097283704666,0.1435349955070108,final
deep_3x16,7,fc,2,1.650000,0.9509740257360058,0.13784173985045117,final
deep_3x16,7,fc,2,1.675000,0.9576880474160415,0.13239210532712925,final
deep_3x16,7,fc,2,1.700000,0.9643390817424774,0.12717610413072902,final
deep_3x16,7,fc,2,1.725000,0.9709161724584212,0.12218403372238908,final
deep_3x16,7,fc,2,1.750000,0.9774100225634654,0.11740648602565415,final
deep_3x16,7,fc,2,1.775000,0.9838128840230617,0.11283435383068481,final
deep_3x16,7,fc,2,1.800000,0.9901184387558495,0.1084588347337509,final
deep_3x16,7,fc,2,1.825000,0.9963216752845988,0.1042714329139894,final
deep_3x16,7,fc,2,1.850000,1.0024187645403497,0.10026395902552457,final
deep_3x16,7,fc,2,1.875000,1.008406937540475,0.09642852845968962,final
deep_3x16,7,fc,2,1.900000,1.0142843670097506,0.09275755820948363,final
deep_3x16,7,fc,2,1.925000,1.0200500544672906,0.08924376254675773,final
deep_3x16,7,fc,2,1.950000,1.0257037238490803,0.08588014770206033,final
deep_3x16,7,fc,2,1.975000,1.0312457223641276,0.08266000571771653,final
deep_3x16,7,fc,2,2.000000,1.0366769289811049,0.07957690762659296,final
deep_3x16,7,fc,2,2.025000,1.041998670701821,0.07662469609216203,final
deep_3x16,7,fc,2,2.050000,1.0472126465890248,0.0737974776299044,final
deep_3x16,7,fc,2,2.075000,1.0523208593709459,0.07108961451578498,final
deep_3x16,7,fc,2,2.100000,1.0573255543364668,0.06849571647443305,final
deep_3x16,7,fc,2,2.125000,1.0622291651567364,0.06601063222774378,final
deep_3x16,7,fc,2,2.150000,1.0670342662158274,0.06362944097380911,final
deep_3x16,7,fc,2,2.175000,1.0717435310001011,0.06134744385632948,final
deep_3x16,7,fc,2,2.200000,1.0763596960791086,0.05916015547589158,final
deep_3x16,7,fc,2,2.225000,1.0808855302068194,0.05706329548664664,final
deep_3x16,7,fc,2,2.250000,1.08532380807771,0.05505278031492643,final
deep_3x16,7,fc,2,2.275000,1.0896772882854873,0.05312471503010885,final
deep_3x16,7,fc,2,2.300000,1.0939486950508857,0.0512753853925513,final
deep_3x16,7,fc,2,2.325000,1.098140703307507,0.049501250098557395,final
deep_3x16,7,fc,2,2.350000,1.1022559267597483,0.047798933238089425,final
deep_3x16,7,fc,2,2.375000,1.1062969085534344,0.046165216977224074,final
deep_3x16,7,fc,2,2.400000,1.1102661142270365,0.044597034474109544,final
deep_3x16,7,fc,2,2.425000,1.1141659266386588,0.04309146303439602,final
deep_3x16,7,fc,2,2.450000,1.1179986425908426,0.04164571750968536,final
deep_3x16,7,fc,2,2.475000,1.1217664709013035,0.040257143940502574,final
deep_3x16,7,fc,2,2.500000,1.125471531692666,0.038923213443524764,final
deep_3x16,7,fc,2,2.525000,1.129115856698012,0.03764151634132921,final
deep_3x16,7,fc,2,2.550000,1.1327013904013392,0.036409756531684365,final
deep_3x16,7,fc,2,2.575000,1.1362299918529184,0.03522574609238472,final
deep_3x16,7,fc,2,2.600000,1.1397034370188537,0.034087400116785065,final
deep_3x16,7,fc,2,2.625000,1.1431234215420274,0.03299273177452561,final
deep_3x16,7,fc,2,2.650000,1.1464915638079372,0.03193984759139919,final
deep_3x16,7,fc,2,2.675000,1.1498094082238661,0.030926942941904803,final
deep_3x16,7,fc,2,2.700000,1.1530784286333107,0.029952297747731768,final
deep_3x16,7,fc,2,2.725000,1.1563000317997805,0.02901427237521226,final
deep_3x16,7,fc,2,2.750000,1.1594755609049716,0.02811130372463498,final
deep_3x16,7,fc,2,2.775000,1.162606299016038,0.027241901504269916,final
deep_3x16,7,fc,2,2.800000,1.1656934724852708,0.026404644681927984,final
deep_3x16,7,fc,2,2.825000,1.1687382542530598,0.025598178106928483,final
deep_3x16,7,fc,2,2.850000,1.1717417670316166,0.024821209295431242,final
deep_3x16,7,fc,2,2.875000,1.174705086352645,0.024072505372191445,final
deep_3x16,7,fc,2,2.900000,1.177629243467086,0.023350890161948933,final
deep_3x16,7,fc,2,2.925000,1.1805152280892466,0.022655241423814636,final
deep_3x16,7,fc,2,2.950000,1.1833639909811562,0.02198448822219974,final
deep_3x16,7,fc,2,2.975000,1.1861764463759525,0.021337608428025324,final
deep_3x16,7,fc,2,3.000000,1.1889534742415089,0.020713626344142904,final
deep_3x16,7,fc,2,3.025000,1.191695922387495,0.020111610449121096,final
deep_3x16,7,fc,2,3.050000,1.1944046084205875,0.019530671253741985,final
deep_3x16,7,fc,2,3.075000,1.197080321553774,0.018969959264783273,final
deep_3x16,7,fc,2,3.100000,1.1997238242765584,0.01842866305087054,final
deep_3x16,7,fc,2,3.125000,1.2023358538935103,0.01790600740538857,final
deep_3x16,7,fc,2,3.150000,1.2049171239389993,0.01740125160166688,final
deep_3x16,7,fc,2,3.175000,1.2074683254761662,0.01691368773584563,final
deep_3x16,7,fc,2,3.200000,1.2099901282882353,0.016442639153041987,final
deep_3x16,7,fc,2,3.225000,1.2124831819701922,0.015987458952627043,final
deep_3x16,7,fc,2,3.250000,1.2149481169286926,0.01554752856862642,final
deep_3x16,7,fc,2,3.275000,1.2173855452977795,0.015122256421425359,final
deep_3x16,7,fc,2,3.300000,1.2197960617776935,0.014711076637163482,final
deep_3x16,7,fc,2,3.325000,1.2221802444036802,0.014313447831357885,final
deep_3x16,7,fc,2,3.350000,1.2245386552513002,0.013928851953473702,final
deep_3x16,7,fc,2,3.375000,1.226871841084339,0.013556793189317143,final
deep_3x16,7,fc,2,3.400000,1.2291803339509833,0.013196796918281035,final
deep_3x16,7,fc,2,3.425000,1.2314646517335026,0.012848408722622606,final
deep_3x16,7,fc,2,3.450000,1.2337252986562581,0.012511193446095005,final
deep_3x16,7,fc,2,3.475000,1.2359627657564447,0.012184734299390572,final
deep_3x16,7,fc,2,3.500000,1.238177531321581,0.011868632009980432,final
deep_3x16,7,fc,2,3.525000,1.2403700612973871,0.011562504014061415,final
deep_3x16,7,fc,2,3.550000,1.2425408096693262,0.011265983688439207,final
deep_3x16,7,fc,2,3.575000,1.2446902188207556,0.010978719620289117,final
deep_3x16,7,fc,2,3.600000,1.2468187198703276,0.010700374912838966,final
deep_3x16,7,fc,2,3.625000,1.2489267329909723,0.010430626525124654,final
deep_3x16,7,fc,2,3.650000,1.2510146677125535,0.010169164644067214,final
deep_3x16,7,fc,2,3.675000,1.2530829232100265,0.00991569208720407,final
deep_3x16,7,fc,2,3.700000,1.2551318885787062,0.009669923734501585,final
deep_3x16,7,fc,2,3.725000,1.2571619430980714,0.009431585987756015,final
deep_3x16,7,fc,2,3.750000,1.2591734564853188,0.009200416256170275,final
deep_3x16,7,fc,2,3.775000,1.2611667891397544,0.008976162466764602,final
deep_3x16,7,fc,2,3.800000,1.2631422923789264,0.008758582598353621,final
deep_3x16,7,fc,2,3.825000,1.2651003086673136,0.00854744423788731,final
deep_3x16,7,fc,2,3.850000,1.2670411718382368,0.008342524158018077,final
deep_3x16,7,fc,2,3.875000,1.268965207309581,0.008143607914814084,final
deep_3x16,7,fc,2,3.900000,1.27087273229382,0.007950489464597189,final
deep_3x16,7,fc,2,3.925000,1.2727640560027633,0.007762970798941056,final
deep_3x16,7,fc,2,3.950000,1.2746394798473717,0.007580861596905375,final
deep_3x16,7,fc,2,3.975000,1.2764992976329403,0.007403978893646075,final
deep_3x16,7,fc,2,4.000000,1.2783437957498944,0.0072321467645740005,final
deep_3x16,7,fc,2,4.025000,1.2801732533603978,0.0070651960242810626,final
deep_3x16,7,fc,2,4.050000,1.2819879425809495,0.00690296393950086,final
deep_3x16,7,fc,2,4.075000,1.2837881286611046,0.006745293955398438,final
deep_3x16,7,fc,2,4.100000,1.2855740701584333,0.00659203543452906,final
deep_3x16,7,fc,2,4.125000,1.2873460191098205,0.0064430434078363,final
deep_3x16,7,fc,2,4.150000,1.2891042211991768,0.006298178337093973,final
deep_3x16,7,fc,2,4.175000,1.2908489159216334,0.006157305888229191,final
deep_3x16,7,fc,2,4.200000,1.292580336744272,0.006020296714986096,final
deep_3x16,7,fc,2,4.225000,1.294298711263443,0.005887026252428785,final
deep_3x16,7,fc,2,4.250000,1.296004261358708,0.005757374519800969,final
deep_3x16,7,fc,2,4.275000,1.2976972033434484,0.005631225932281169,final
deep_3x16,7,fc,2,4.300000,1.2993777481121715,0.005508469121209777,final
deep_3x16,7,fc,2,4.325000,1.3010461012845527,0.005388996762367058,final
deep_3x16,7,fc,2,4.350000,1.3027024633462339,0.005272705411922309,final
deep_3x16,7,fc,2,4.375000,1.3043470297864264,0.005159495349679465,final
deep_3x16,7,fc,2,4.400000,1.305979991232332,0.005049270429270179,final
deep_3x16,7,fc,2,4.425000,1.3076015335804316,0.004941937934961711,final
deep_3x16,7,fc,2,4.450000,1.3092118381246625,0.004837408444764286,final
deep_3x16,7,fc,2,4.475000,1.3108110816815286,0.004735595699538422,final
deep_3x16,7,fc,2,4.500000,1.3123994367121736,0.00463641647781682,final
deep_3x16,7,fc,2,4.525000,1.313977071441461,0.004539790476073858,final
deep_3x16,7,fc,2,4.550000,1.3155441499740956,0.0044456401941804025,final
deep_3x16,7,fc,2,4.575000,1.3171008324078324,0.0043538908258078015,final
deep_3x16,7,fc,2,4.600000,1.3186472749438156,0.004264470153542824,final
deep_3x16,7,fc,2,4.625000,1.3201836299940863,0.004177308448501121,final
deep_3x16,7,fc,2,4.650000,1.3217100462863123,0.00409233837422035,final
deep_3x16,7,fc,2,4.675000,1.3232266689657843,0.004009494894645649,final
deep_3x16,7,fc,2,4.700000,1.324733639694722,0.003928715186011864,final
deep_3x16,7,fc,2,4.725000,1.3262310967489486,0.003849938552444208,final
deep_3x16,7,fc,2,4.750000,1.3277191751119717,0.0037731063451085585,final
deep_3x16,7,fc,2,4.775000,1.329198006566533,0.003698161884748136,final
deep_3x16,7,fc,2,4.800000,1.3306677197836692,0.0036250503874534,final
deep_3x16,7,fc,2,4.825000,1.3321284404093385,0.0035537188935180495,final
deep_3x16,7,fc,2,4.850000,1.3335802911486678,0.0034841161992384935,final
deep_3x16,7,fc,2,4.875000,1.335023391847863,0.003416192791532784,final
deep_3x16,7,fc,2,4.900000,1.3364578595738488,0.003349900785240403,final
deep_3x16,7,fc,2,4.925000,1.337883808691676,0.0032851938629953315,final
deep_3x16,7,fc,2,4.950000,1.3393013509397564,0.0032220272175482114,final
deep_3x16,7,fc,2,4.975000,1.3407105955029734,0.003160357496432501,final
deep_3x16,7,fc,2,5.000000,1.3421116490837222,0.0031001427488730796,final
deep_3x16,7,fc,2,5.025000,1.3435046159709279,0.0030413423748346722,final
deep_3x16,7,fc,2,5.050000,1.3448895981070916,0.0029839170761159985,final
deep_3x16,7,fc,2,5.075000,1.3462666951534181,0.0029278288094051505,final
deep_3x16,7,fc,2,5.100000,1.3476360045530709,0.0028730407412039653,final
deep_3x16,7,fc,2,5.125000,1.3489976215926025,0.0028195172045440277,final
deep_3x16,7,fc,2,5.150000,1.3503516394616097,0.002767223657416334,final
deep_3x16,7,fc,2,5.175000,1.3516981493106635,0.002716126642840039,final
deep_3x16,7,fc,2,5.200000,1.3530372403075526,0.0026661937504989823,final
deep_3x16,7,fc,2,5.225000,1.354368999691894,0.0026173935798797948,final
deep_3x16,7,fc,2,5.250000,1.3556935128281504,0.00256969570484818,final
deep_3x16,7,fc,2,5.275000,1.3570108632570994,0.002523070639600119,final
deep_3x16,7,fc,2,5.300000,1.3583211327457985,0.002477489805931105,final
deep_3x16,7,fc,2,5.325000,1.359624401336087,0.0024329255017677574,final
deep_3x16,7,fc,2,5.350000,1.360920747391667,0.002389350870906149,final
deep_3x16,7,fc,2,5.375000,1.3622102476437996,0.0023467398739123713,final
deep_3x16,7,fc,2,5.400000,1.3634929772356663,0.002305067260127343,final
deep_3x16,7,fc,2,5.425000,1.3647690097654188,0.0022643085407395933,final
deep_3x16,7,fc,2,5.450000,1.3660384173279683,0.0022244399628739303,final
deep_3x16,7,fc,2,5.475000,1.3673012705555445,0.002185438484659717,final
deep_3x16,7,fc,2,5.500000,1.3685576386570593,0.002147281751233332,final
deep_3x16,7,fc,2,5.525000,1.3698075894563142,0.00210994807163994,final
deep_3x16,7,fc,2,5.550000,1.3710511894290822,0.002073416396598594,final
deep_3x16,7,fc,2,5.575000,1.3722885037390988,0.002037666297088671,final
deep_3x16,7,fc,2,5.600000,1.3735195962729938,0.002002677943734377,final
deep_3x16,7,fc,2,5.625000,1.3747445296741936,0.0019684320869470203,final
deep_3x16,7,fc,2,5.650000,1.37596336537583,0.001934910037795905,final
deep_3x16,7,fc,2,5.675000,1.3771761636326787,0.0019020936495821128,final
deep_3x16,7,fc,2,5.700000,1.37838298355216,0.0018699653000843219,final
deep_3x16,7,fc,2,5.725000,1.3795838831244294,0.0018385078744475162,final
deep_3x16,7,fc,2,5.750000,1.3807789192515867,0.001807704748695522,final
deep_3x16,7,fc,2,5.775000,1.3819681477760246,0.0017775397738341902,final
deep_3x16,7,fc,2,5.800000,1.3831516235079524,0.0017479972605298807,final
deep_3x16,7,fc,2,5.825000,1.3843294002521094,0.0017190619643353434,final
deep_3x16,7,fc,2,5.850000,1.3855015308336995,0.0016907190714431513,final
deep_3x16,7,fc,2,5.875000,1.3866680671235685,0.0016629541849460688,final
deep_3x16,7,fc,2,5.900000,1.3878290600626448,0.0016357533115849763,final
deep_3x16,7,fc,2,5.925000,1.3889845596856716,0.0016091028489635777,final
deep_3x16,7,fc,2,5.950000,1.3901346151442446,0.0015829895732162476,final
deep_3x16,7,fc,2,5.975000,1.3912792747291833,0.0015574006271040614,final
deep_3x16,7,fc,2,6.000000,1.3924185858922513,0.0015323235085293945,final
deep_3x16,7,fc,5,0.000000,1.0,0.9999990149527557,final
deep_3x16,7,fc,5,0.025000,0.9995887302146926,0.9995535545956326,final
deep_3x16,7,fc,5,0.050000,0.9983570715906324,0.9982182550348954,final
deep_3x16,7,fc,5,0.075000,0.9963116761559129,0.9959963639857915,final
deep_3x16,7,fc,5,0.100000,0.9934640076851636,0.9928933046151531,final
deep_3x16,7,fc,5,0.125000,0.9898305707339712,0.988916689954814,final
deep_3x16,7,fc,5,0.150000,0.9854330332553285,0.9840763410260884,final
deep_3x16,7,fc,5,0.175000,0.9802982267405344,0.9783843067201043,final
deep_3x16,7,fc,5,0.200000,0.9744580138440373,0.9718548830579382,final
deep_3x16,7,fc,5,0.225000,0.9679490235793261,0.9645046291303571,final
deep_3x16,7,fc,5,0.250000,0.960812267630729,0.95635237680383,final
deep_3x16,7,fc,5,0.275000,0.9530926664440745,0.9474192311874634,final
deep_3x16,7,fc,5,0.300000,0.9448385280145757,0.9377285588901255,final
deep_3x16,7,fc,5,0.325000,0.9361010325245076,0.9273059612587633,final
deep_3x16,7,fc,5,0.350000,0.9269337788191323,0.9161792300730569,final
deep_3x16,7,fc,5,0.375000,0.9173924411628607,0.904378283568314,final
deep_3x16,7,fc,5,0.400000,0.9075345649711504,0.8919350811532322,final
deep_3x16,7,fc,5,0.425000,0.8974194984786797,0.8788835157629997,final
deep_3x16,7,fc,5,0.450000,0.887108416649779,0.8652592834188174,final
deep_3x16,7,fc,5,0.475000,0.8766643505695714,0.8510997302275789,final
deep_3x16,7,fc,5,0.500000,0.8661521000024143,0.8364436777241008,final
deep_3x16,7,fc,5,0.525000,0.8556378910231189,0.8213312281068833,final
deep_3x16,7,fc,5,0.550000,0.845188656555129,0.8058035515220902,final
deep_3x16,7,fc,5,0.575000,0.8348708726633878,0.789902658086808,final
deep_3x16,7,fc,5,0.600000,0.8247489753809242,0.7736711577926741,final
deep_3x16,7,fc,5,0.625000,0.8148834963600109,0.7571520117798487,final
deep_3x16,7,fc,5,0.650000,0.8053291626992082,0.7403882787090609,final
deep_3x16,7,fc,5,0.675000,0.796133272660968,0.7234228600810844,final
deep_3x16,7,fc,5,0.700000,0.787334655886866,0.7062982483585597,final
deep_3x16,7,fc,5,0.725000,0.7789634434803622,0.6890562816393245,final
deep_3x16,7,fc,5,0.750000,0.7710417248437225,0.6717379084223036,final
deep_3x16,7,fc,5,0.775000,0.7635849923551766,0.6543829657089731,final
deep_3x16,7,fc,5,0.800000,0.7566041203352895,0.6370299733105577,final
deep_3x16,7,fc,5,0.825000,0.7501075329774208,0.6197159468002725,final
deep_3x16,7,fc,5,0.850000,0.7441032074967615,0.6024762310788355,final
deep_3x16,7,fc,5,0.875000,0.7386002275824655,0.5853443560278541,final
deep_3x16,7,fc,5,0.900000,0.733609720727788,0.5683519152265687,final
deep_3x16,7,fc,5,0.925000,0.7291451442442342,0.5515284682184035,final
deep_3x16,7,fc,5,0.950000,0.72522199573405,0.5349014663486072,final
deep_3x16,7,fc,5,0.975000,0.7218570944898149,0.5184962017644935,final
deep_3x16,7,fc,5,1.000000,0.7190676062341441,0.5023357787844921,final
deep_3x16,7,fc,5,1.025000,0.7168699727080785,0.4864411065080455,final
deep_3x16,7,fc,5,1.050000,0.7152788740761242,0.4708309112594444,final
deep_3x16,7,fc,5,1.075000,0.7143063104889014,0.45552176723692184,final
deep_3x16,7,fc,5,1.100000,0.7139608503799519,0.44052814357346226,final
deep_3x16,7,fc,5,1.125000,0.7142470631210079,0.42586246590588206,final
deep_3x16,7,fc,5,1.150000,0.7151651340369162,0.41153519049035014,final
deep_3x16,7,fc,5,1.175000,0.7167106491068677,0.3975548888910253,final
deep_3x16,7,fc,5,1.200000,0.7188745322999016,0.38392834129850273,final
deep_3x16,7,fc,5,1.225000,0.7216431176976026,0.370660636600358,final
deep_3x16,7,fc,5,1.250000,0.7249983392346557,0.3577552774211005,final
deep_3x16,7,fc,5,1.275000,0.7289180217307013,0.34521428846717805,final
deep_3x16,7,fc,5,1.300000,0.7333762573057312,0.3330383266483743,final
deep_3x16,7,fc,5,1.325000,0.7383438511866068,0.32122679159448314,final
deep_3x16,7,fc,5,1.350000,0.7437888205297434,0.30977793534049813,final
deep_3x16,7,fc,5,1.375000,0.7496769295119087,0.2986889701102368,final
deep_3x16,7,fc,5,1.400000,0.7559722438635416,0.2879561732835211,final
deep_3x16,7,fc,5,1.425000,0.762637688436006,0.277574988782547,final
deep_3x16,7,fc,5,1.450000,0.7696355923958201,0.26754012425636026,final
deep_3x16,7,fc,5,1.475000,0.7769282082133258,0.25784564357642004,final
deep_3x16,7,fc,5,1.500000,0.7844781926697939,0.24848505427970202,final
deep_3x16,7,fc,5,1.525000,0.7922490405043047,0.2394513897077521,final
deep_3x16,7,fc,5,1.550000,0.8002054638960974,0.2307372856900662,final
deep_3x16,7,fc,5,1.575000,0.8083137135662258,0.2223350517080542,final
deep_3x16,7,fc,5,1.600000,0.8165418397391544,0.2142367365518528,final
deep_3x16,7,fc,5,1.625000,0.8248598934144119,0.20643418854680623,final
deep_3x16,7,fc,5,1.650000,0.8332400702790121,0.198919110480207,final
deep_3x16,7,fc,5,1.675000,0.841656801096617,0.19168310940259609,final
deep_3x16,7,fc,5,1.700000,0.8500867935250336,0.1847177415124742,final
deep_3x16,7,fc,5,1.725000,0.8585090310521163,0.17801455235952063,final
deep_3x16,7,fc,5,1.750000,0.8669047351343667,0.1715651126203154,final
deep_3x16,7,fc,5,1.775000,0.8752572967190082,0.16536104971299231,final
deep_3x16,7,fc,5,1.800000,0.8835521831828514,0.15939407552411586,final
deep_3x16,7,fc,5,1.825000,0.8917768263857078,0.1536560105231757,final
deep_3x16,7,fc,5,1.850000,0.8999204970660571,0.14813880453823608,final
deep_3x16,7,fc,5,1.875000,0.9079741702506737,0.14283455446115373,final
deep_3x16,7,fc,5,1.900000,0.9159303857495874,0.13773551914301999,final
deep_3x16,7,fc,5,1.925000,0.9237831071970837,0.13283413173068498,final
deep_3x16,7,fc,5,1.950000,0.9315275825047049,0.12812300968388157,final
deep_3x16,7,fc,5,1.975000,0.9391602080324142,0.12359496270000238,final
deep_3x16,7,fc,5,2.000000,0.9466783982720381,0.11924299876040963,final
deep_3x16,7,fc,5,2.025000,0.9540804623801091,0.11506032849854929,final
deep_3x16,7,fc,5,2.050000,0.9613654884985186,0.11104036807640862,final
deep_3x16,7,fc,5,2.075000,0.9685332364607765,0.10717674074218457,final
deep_3x16,7,fc,5,2.100000,0.9755840391967815,0.10346327722860513,final
deep_3x16,7,fc,5,2.125000,0.9825187129157708,0.09989401513832925,final
deep_3x16,7,fc,5,2.150000,0.9893384759606201,0.09646319745030717,final
deep_3x16,7,fc,5,2.175000,0.99604487608155,0.09316527026902503,final
deep_3x16,7,fc,5,2.200000,1.0026397257680013,0.08999487992723759,final
deep_3x16,7,fc,5,2.225000,1.0091250451988043,0.08694686954211561,final
deep_3x16,7,fc,5,2.250000,1.0155030123177209,0.0840162751147613,final
deep_3x16,7,fc,5,2.275000,1.0217759195095764,0.08119832125375193,final
deep_3x16,7,fc,5,2.300000,1.02794613633745,0.07848841659474731,final
deep_3x16,7,fc,5,2.325000,1.0340160778003098,0.07588214898026313,final
deep_3x16,7,fc,5,2.350000,1.0399881775800144,0.07337528045640314,final
deep_3x16,7,fc,5,2.375000,1.045864865764211,0.0709637421366524,final
deep_3x16,7,fc,5,2.400000,1.0516485505552116,0.06864362897674837,final
deep_3x16,7,fc,5,2.425000,1.0573416035026528,0.06641119449909502,final
deep_3x16,7,fc,5,2.450000,1.0629463478281576,0.06426284550016602,final
deep_3x16,7,fc,5,2.475000,1.068465049442203,0.06219513676981234,final
deep_3x16,7,fc,5,2.500000,1.0738999102859965,0.060204765847302694,final
deep_3x16,7,fc,5,2.525000,1.0792530636636215,0.05828856783526772,final
deep_3x16,7,fc,5,2.550000,1.0845265712615064,0.05644351028943357,final
deep_3x16,7,fc,5,2.575000,1.0897224215829526,0.05466668819911841,final
deep_3x16,7,fc,5,2.600000,1.0948425295546946,0.05295531907085509,final
deep_3x16,7,fc,5,2.625000,1.0998887370900947,0.05130673812520908,final
deep_3x16,7,fc,5,2.650000,1.1048628144193717,0.04971839361481907,final
deep_3x16,7,fc,5,2.675000,1.1097664620212369,0.048187842269903004,final
deep_3x16,7,fc,5,2.700000,1.1146013130123469,0.046712744875897896,final
deep_3x16,7,fc,5,2.725000,1.1193689358711474,0.045290861986530255,final
deep_3x16,7,fc,5,2.750000,1.124070837390969,0.04392004977442389,final
deep_3x16,7,fc,5,2.775000,1.128708465773736,0.04259825602031256,final
deep_3x16,7,fc,5,2.800000,1.1332832137904236,0.04132351624104625,final
deep_3x16,7,fc,5,2.825000,1.1377964219475292,0.04009394995580804,final
deep_3x16,7,fc,5,2.850000,1.142249381610449,0.03890775708931617,final
deep_3x16,7,fc,5,2.875000,1.1466433380448098,0.037763214510238105,final
deep_3x16,7,fc,5,2.900000,1.1509794933456794,0.036658672702594416,final
deep_3x16,7,fc,5,2.925000,1.1552590092322248,0.03559255256754023,final
deep_3x16,7,fc,5,2.950000,1.1594830096919162,0.034563342352615975,final
deep_3x16,7,fc,5,2.975000,1.16365258346393,0.03356959470530945,final
deep_3x16,7,fc,5,3.000000,1.1677687863560429,0.03260992384757856,final
deep_3x16,7,fc,5,3.025000,1.1718326433931412,0.03168300286784069,final
deep_3x16,7,fc,5,3.050000,1.1758451507985994,0.030787561126827977,final
deep_3x16,7,fc,5,3.075000,1.179807277812285,0.02992238177364323,final
deep_3x16,7,fc,5,3.100000,1.1837199683508963,0.02908629936830695,final
deep_3x16,7,fc,5,3.125000,1.1875841425178142,0.028278197607078143,final
deep_3x16,7,fc,5,3.150000,1.1914006979707297,0.02749700714683811,final
deep_3x16,7,fc,5,3.175000,1.1951705111560227,0.02674170352486146,final
deep_3x16,7,fc,5,3.200000,1.1988944384193114,0.026011305170332698,final
deep_3x16,7,fc,5,3.225000,1.2025733170017774,0.025304871504035504,final
deep_3x16,7,fc,5,3.250000,1.2062079659318685,0.024621501122705596,final
deep_3x16,7,fc,5,3.275000,1.2097991868218168,0.02396033006461559,final
deep_3x16,7,fc,5,3.300000,1.2133477645781126,0.02332053015304608,final
deep_3x16,7,fc,5,3.325000,1.2168544680347022,0.022701307414390606,final
deep_3x16,7,fc,5,3.350000,1.2203200505171992,0.022101900567731217,final
deep_3x16,7,fc,5,3.375000,1.2237452503459112,0.02152157958282148,final
deep_3x16,7,fc,5,3.400000,1.2271307912849325,0.020959644303520642,final
deep_3x16,7,fc,5,3.425000,1.2304773829440097,0.020415423133807592,final
deep_3x16,7,fc,5,3.450000,1.233785721139316,0.019888271783622076,final
deep_3x16,7,fc,5,3.475000,1.2370564882187363,0.019377572071868618,final
deep_3x16,7,fc,5,3.500000,1.2402903533567124,0.018882730784027312,final
deep_3x16,7,fc,5,3.525000,1.2434879728231905,0.01840317858190917,final
deep_3x16,7,fc,5,3.550000,1.246649990230716,0.017938368963193514,final
deep_3x16,7,fc,5,3.575000,1.2497770367632777,0.017487777268482583,final
deep_3x16,7,fc,5,3.600000,1.2528697313900325,0.017050899733695963,final
deep_3x16,7,fc,5,3.625000,1.2559286810666894,0.01662725258572584,final
deep_3x16,7,fc,5,3.650000,1.2589544809269262,0.01621637117935688,final
deep_3x16,7,fc,5,3.675000,1.2619477144658973,0.015817809173541454,final
deep_3x16,7,fc,5,3.700000,1.264908953717578,0.015431137745210538,final
deep_3x16,7,fc,5,3.725000,1.2678387594274207,0.015055944838867765,final
deep_3x16,7,fc,5,3.750000,1.2707376812215505,0.014691834450308115,final
deep_3x16,7,fc,5,3.775000,1.2736062577735099,0.014338425942863312,final
deep_3x16,7,fc,5,3.800000,1.2764450169693697,0.013995353394657682,final
deep_3x16,7,fc,5,3.825000,1.2792544760718574,0.013662264975421378,final
deep_3x16,7,fc,5,3.850000,1.2820351418840004,0.013338822351480577,final
deep_3x16,7,fc,5,3.875000,1.2847875109126614,0.0130247001176001,final
deep_3x16,7,fc,5,3.900000,1.2875120695322237,0.012719585254425991,final
deep_3x16,7,fc,5,3.925000,1.2902092941486099,0.012423176610320625,final
deep_3x16,7,fc,5,3.950000,1.2928796513637169,0.012135184406454037,final
deep_3x16,7,fc,5,3.975000,1.2955235981403006,0.011855329764055456,final
deep_3x16,7,fc,5,4.000000,1.2981415819672895,0.011583344252793145,final
deep_3x16,7,fc,5,4.025000,1.300734041025451,0.011318969459285231,final
deep_3x16,7,fc,5,4.050000,1.30330140435332,0.011061956574806305,final
deep_3x16,7,fc,5,4.075000,1.3058440920132532,0.010812066001288487,final
deep_3x16,7,fc,5,4.100000,1.308362515257469,0.010569066974763647,final
deep_3x16,7,fc,5,4.125000,1.3108570766939085,0.010332737205431649,final
deep_3x16,7,fc,5,4.150000,1.313328170451753,0.010102862533580738,final
deep_3x16,7,fc,5,4.175000,1.31577618234642,0.009879236600621332,final
deep_3x16,7,fc,5,4.200000,1.3182014900438679,0.009661660534531725,final
deep_3x16,7,fc,5,4.225000,1.3206044632240321,0.009449942649044966,final
deep_3x16,7,fc,5,4.250000,1.3229854637432321,0.009243898155941826,final
deep_3x16,7,fc,5,4.275000,1.3253448457953785,0.00904334888984183,final
deep_3x16,7,fc,5,4.300000,1.3276829560718313,0.008848123044917012,final
deep_3x16,7,fc,5,4.325000,1.3300001339197598,0.00865805492297805,final
deep_3x16,7,fc,5,4.350000,1.3322967114988735,0.008472984692407837,final
deep_3x16,7,fc,5,4.375000,1.334573013936388,0.008292758157448845,final
deep_3x16,7,fc,5,4.400000,1.336829359480116,0.008117226537362866,final
deep_3x16,7,fc,5,4.425000,1.3390660596495771,0.007946246255021595,final
deep_3x16,7,fc,5,4.450000,1.3412834193850256,0.007779678734485535,final
deep_3x16,7,fc,5,4.475000,1.3434817371943157,0.007617390207175521,final
deep_3x16,7,fc,5,4.500000,1.3456613052975248,0.00745925152623505,final
deep_3x16,7,fc,5,4.525000,1.3478224097692726,0.007305137988719207,final
deep_3x16,7,fc,5,4.550000,1.3499653306786705,0.007154929165255192,final
deep_3x16,7,fc,5,4.575000,1.3520903422268693,0.007008508736834862,final
deep_3x16,7,fc,5,4.600000,1.3541977128821434,0.006865764338424728,final
deep_3x16,7,fc,5,4.625000,1.3562877055125009,0.006726587409077422,final
deep_3x16,7,fc,5,4.650000,1.3583605775157825,0.006590873048268464,final
deep_3x16,7,fc,5,4.675000,1.360416580947234,0.0064585198781628465,final
deep_3x16,7,fc,5,4.700000,1.362455962644546,0.006329429911565912,final
deep_3x16,7,fc,5,4.725000,1.3644789643503477,0.006203508425289461,final
deep_3x16,7,fc,5,4.750000,1.3664858228321646,0.006080663838708088,final
deep_3x16,7,fc,5,4.775000,1.3684767699998406,0.005960807597265741,final
deep_3x16,7,fc,5,4.800000,1.370452033020431,0.005843854060718774,final
deep_3x16,7,fc,5,4.825000,1.3724118344305907,0.005729720395912886,final
deep_3x16,7,fc,5,4.850000,1.3743563922464663,0.005618326473881569,final
deep_3x16,7,fc,5,4.875000,1.3762859200711208,0.0055095947710962845,final
deep_3x16,7,fc,5,4.900000,1.3782006271995086,0.005403450274670497,final
deep_3x16,7,fc,5,4.925000,1.3801007187210375,0.005299820391357137,final
deep_3x16,7,fc,5,4.950000,1.3819863956197382,0.00519863486017101,final
deep_3x16,7,fc,5,4.975000,1.3838578548720817,0.005099825668480255,final
deep_3x16,7,fc,5,5.000000,1.3857152895424711,0.005003326971419181,final
deep_3x16,7,fc,5,5.025000,1.3875588888764516,0.004909075014477372,final
deep_3x16,7,fc,5,5.050000,1.3893888383916662,0.004817008059132411,final
deep_3x16,7,fc,5,5.075000,1.3912053199666061,0.004727066311396233,final
deep_3x16,7,fc,5,5.100000,1.3930085119271867,0.004639191853146637,final
deep_3x16,7,fc,5,5.125000,1.3947985891311925,0.004553328576135116,final
deep_3x16,7,fc,5,5.150000,1.3965757230506295,0.004469422118547324,final
deep_3x16,7,fc,5,5.175000,1.3983400818520353,0.0043874198040178055,final
deep_3x16,7,fc,5,5.200000,1.4000918304747703,0.0043072705829917705,final
deep_3x16,7,fc,5,5.225000,1.4018311307073528,0.004228924976334929,final
deep_3x16,7,fc,5,5.250000,1.4035581412618636,0.004152335021101629,final
deep_3x16,7,fc,5,5.275000,1.405273017846472,0.004077454218365142,final
deep_3x16,7,fc,5,5.300000,1.4069759132361157,0.0040042374830345975,final
deep_3x16,7,fc,5,5.325000,1.4086669773413891,0.003932641095565119,final
deep_3x16,7,fc,5,5.350000,1.4103463572756676,0.003862622655491328,final
deep_3x16,7,fc,5,5.375000,1.4120141974205171,0.0037941410367080836,final
deep_3x16,7,fc,5,5.400000,1.4136706394894274,0.003727156344421023,final
deep_3x16,7,fc,5,5.425000,1.4153158225899116,0.003661629873710311,final
deep_3x16,7,fc,5,5.450000,1.4169498832840033,0.0035975240696294233,final
deep_3x16,7,fc,5,5.475000,1.4185729556472018,0.003534802488785088,final
deep_3x16,7,fc,5,5.500000,1.4201851713258984,0.00347342976233753,final
deep_3x16,7,fc,5,5.525000,1.421786659593316,0.0034133715603585552,final
deep_3x16,7,fc,5,5.550000,1.4233775474040131,0.003354594557501852,final
deep_3x16,7,fc,5,5.575000,1.4249579594469761,0.003297066399923296,final
deep_3x16,7,fc,5,5.600000,1.4265280181973434,0.0032407556734100657,final
deep_3x16,7,fc,5,5.625000,1.4280878439667892,0.0031856318726634857,final
deep_3x16,7,fc,5,5.650000,1.429637554952613,0.003131665371696122,final
deep_3x16,7,fc,5,5.675000,1.4311772672855605,0.003078827395293707,final
deep_3x16,7,fc,5,5.700000,1.432707095076406,0.003027089991503894,final
deep_3x16,7,fc,5,5.725000,1.434227150461342,0.0029764260051096687,final
deep_3x16,7,fc,5,5.750000,1.435737543646191,0.0029268090520475788,final
deep_3x16,7,fc,5,5.775000,1.4372383829494864,0.002878213494739797,final
deep_3x16,7,fc,5,5.800000,1.4387297748444423,0.002830614418296118,final
deep_3x16,7,fc,5,5.825000,1.440211823999844,0.00278398760755835,final
deep_3x16,7,fc,5,5.850000,1.4416846333198936,0.002738309524953898,final
deep_3x16,7,fc,5,5.875000,1.4431483039830304,0.00269355728912338,final
deep_3x16,7,fc,5,5.900000,1.4446029354797618,0.002649708654298654,final
deep_3x16,7,fc,5,5.925000,1.4460486256495246,0.0026067419903964785,final
deep_3x16,7,fc,5,5.950000,1.4474854707166092,0.0025646362638050363,final
deep_3x16,7,fc,5,5.975000,1.4489135653251692,0.0025233710188360442,final
deep_3x16,7,fc,5,6.000000,1.450333002573337,0.002482926359813787,final
deep_3x16,12,fx,,0.000000,1.0,1.0,final
deep_3x16,12,fx,,0.025000,1.0000559979593997,1.0001371734503082,final
deep_3x16,12,fx,,0.050000,1.000223783204762,1.0005484131007953,final
deep_3x16,12,fx,,0.075000,1.0005029018433234,1.0012328782849313,final
deep_3x16,12,fx,,0.100000,1.0008929456216067,1.002189172660767,final
deep_3x16,12,fx,,0.125000,1.0013938179170625,1.0034153513166864,final
deep_3x16,12,fx,,0.150000,1.0020059654810536,1.0049089306249135,final
deep_3x16,12,fx,,0.175000,1.0027305734879792,1.0066669007499534,final
deep_3x16,12,fx,,0.200000,1.0035697226409515,1.0086857406950527,final
deep_3x16,12,fx,,0.225000,1.0045265081060593,1.010961435747421,final
deep_3x16,12,fx,,0.250000,1.0056051208816192,1.0134894971626558,final
deep_3x16,12,fx,,0.275000,1.0068108928563748,1.0162649839108355,final
deep_3x16,12,fx,,0.300000,1.0081503072837745,1.0192825262913066,final
deep_3x16,12,fx,,0.325000,1.0096309767202887,1.022536351210436,final
deep_3x16,12,fx,,0.350000,1.0112615906733606,1.0260203089066646,final
deep_3x16,12,fx,,0.375000,1.0130518353124687,1.0297279009001115,final
deep_3x16,12,fx,,0.400000,1.0150122876499963,1.0336523089397605,final
deep_3x16,12,fx,,0.425000,1.0171542866313108,1.0377864247198565,final
deep_3x16,12,fx,,0.450000,1.0194897836164236,1.0421228801384386,final
deep_3x16,12,fx,,0.475000,1.0220311748140896,1.0466540778748243,final
deep_3x16,12,fx,,0.500000,1.024791118360999,1.0513722220691275,final
deep_3x16,12,fx,,0.525000,1.0277823389325154,1.056269348895353,final
deep_3x16,12,fx,,0.550000,1.031017423025636,1.061337356830009,final
deep_3x16,12,fx,,0.575000,1.0345086083570643,1.0665680364302768,final
deep_3x16,12,fx,,0.600000,1.0382675711461957,1.0719530994492863,final
deep_3x16,12,fx,,0.625000,1.04230521537149,1.0774842071307018,final
deep_3x16,12,fx,,0.650000,1.04663146835846,1.0831529975403624,final
deep_3x16,12,fx,,0.675000,1.051255087233326,1.0889511118088369,final
deep_3x16,12,fx,,0.700000,1.0561834808130384,1.0948702191752313,final
deep_3x16,12,fx,,0.725000,1.0614225513595523,1.1009020407391494,final
deep_3x16,12,fx,,0.750000,1.0669765602738803,1.1070383718441337,final
deep_3x16,12,fx,,0.775000,1.0728480212289526,1.1132711030320084,final
deep_3x16,12,fx,,0.800000,1.0790376234445138,1.119592239523111,final
deep_3x16,12,fx,,0.825000,1.085544186818974,1.1259939191922888,final
deep_3x16,12,fx,,0.850000,1.0923646495009791,1.1324684290245925,final
deep_3x16,12,fx,,0.875000,1.099494087275408,1.139008220047757,final
deep_3x16,12,fx,,0.900000,1.1069257629362892,1.1456059207506675,final
deep_3x16,12,fx,,0.925000,1.1146512027107303,1.152254349008086,final
deep_3x16,12,fx,,0.950000,1.1226602958683494,1.1589465225418367,final
deep_3x16,12,fx,,0.975000,1.1309414129725779,1.1656756679574736,final
deep_3x16,12,fx,,1.000000,1.1394815378553844,1.172435228403129,final
deep_3x16,12,fx,,1.025000,1.1482664083502045,1.1792188699038115,final
deep_3x16,12,fx,,1.050000,1.1572806610936308,1.1860204864298936,final
deep_3x16,12,fx,,1.075000,1.1665079762692385,1.192834203762979,final
deep_3x16,12,fx,,1.100000,1.1759312189554119,1.1996543822257886,final
deep_3x16,12,fx,,1.125000,1.1855325746726761,1.2064756183452223,final
deep_3x16,12,fx,,1.150000,1.195293677714193,1.2132927455194251,final
deep_3x16,12,fx,,1.175000,1.2051957317947157,1.220100833760554,final
deep_3x16,12,fx,,1.200000,1.2152196233863972,1.2268951885850992,final
deep_3x16,12,fx,,1.225000,1.2253460287590374,1.2336713491231373,final
deep_3x16,12,fx,,1.250000,1.2355555161647334,1.2404250855168273,final
deep_3x16,12,fx,,1.275000,1.245828644784288,1.2471523956769321,final
deep_3x16,12,fx,,1.300000,1.2561460619920157,1.2538495014641662,final
deep_3x16,12,fx,,1.325000,1.266488600225517,1.2605128443598486,final
deep_3x16,12,fx,,1.350000,1.2768373743138353,1.2671390806877225,final
deep_3x16,12,fx,,1.375000,1.2871738795786436,1.2737250764459462,final
deep_3x16,12,fx,,1.400000,1.297480090440907,1.2802679018052352,final
deep_3x16,12,fx,,1.425000,1.3077385587003778,1.2867648253259727,final
deep_3x16,12,fx,,1.450000,1.3179325101606088,1.2932133079438641,final
deep_3x16,12,fx,,1.475000,1.3280459378898146,1.2996109967704328,final
deep_3x16,12,fx,,1.500000,1.3380636901657477,1.3059557187513589,final
deep_3x16,12,fx,,1.525000,1.3479715510635935,1.3122454742224083,final
deep_3x16,12,fx,,1.550000,1.357756311708282,1.3184784303994812,final
deep_3x16,12,fx,,1.575000,1.3674058304123673,1.3246529148361825,final
deep_3x16,12,fx,,1.600000,1.3769090802340815,1.330767408879276,final
deep_3x16,12,fx,,1.625000,1.3862561828870297,1.3368205411494571,final
deep_3x16,12,fx,,1.650000,1.395438428380151,1.3428110810720784,final
deep_3x16,12,fx,,1.675000,1.4044482802309455,1.3487379324797883,final
deep_3x16,12,fx,,1.700000,1.4132793665464425,1.3546001273065218,final
deep_3x16,12,fx,,1.725000,1.4219264576794417,1.360396819389886,final
deep_3x16,12,fx,,1.750000,1.4303854315228917,1.3661272783967613,final
deep_3x16,12,fx,,1.775000,1.4386532277897928,1.3717908838848296,final
deep_3x16,12,fx,,1.800000,1.4467277928332472,1.3773871195108214,final
deep_3x16,12,fx,,1.825000,1.4546080166902258,1.3829155673944546,final
deep_3x16,12,fx,,1.850000,1.4622936640872015,1.3883759026453952,final
deep_3x16,12,fx,,1.875000,1.4697853011335034,1.3937678880590432,final
deep_3x16,12,fx,,1.900000,1.477084219358962,1.3990913689855675,final
deep_3x16,12,fx,,1.925000,1.484192358637516,1.4043462683753405,final
deep_3x16,12,fx,,1.950000,1.4911122303895477,1.4095325820027964,final
deep_3x16,12,fx,,1.975000,1.497846842284076,1.4146503738697032,final
deep_3x16,12,fx,,2.000000,1.5043996254779457,1.4196997717879212,final
deep_3x16,12,fx,,2.025000,1.5107743652416565,1.4246809631409094,final
deep_3x16,12,fx,,2.050000,1.516975135637939,1.4295941908225116,final
deep_3x16,12,fx,,2.075000,1.5230062387453627,1.4344397493509262,final
deep_3x16,12,fx,,2.100000,1.5288721487593644,1.4392179811552137,final
deep_3x16,12,fx,,2.125000,1.534577461159909,1.4439292730312083,final
deep_3x16,12,fx,,2.150000,1.5401268470100988,1.4485740527633122,final
deep_3x16,12,fx,,2.175000,1.5455250123439348,1.4531527859082907,final
deep_3x16,12,fx,,2.200000,1.5507766625138415,1.4576659727369123,final
deep_3x16,12,fx,,2.225000,1.5558864712985279,1.4621141453290472,final
deep_3x16,12,fx,,2.250000,1.5608590545180323,1.4664978648176454,final
deep_3x16,12,fx,,2.275000,1.5656989478636456,1.470817718776893,final
deep_3x16,12,fx,,2.300000,1.5704105886242243,1.475074318749721,final
deep_3x16,12,fx,,2.325000,1.5749983009752673,1.479268297909802,final
deep_3x16,12,fx,,2.350000,1.5794662844914067,1.483400308853113,final
deep_3x16,12,fx,,2.375000,1.5838186055448984,1.4874710215141502,final
deep_3x16,12,fx,,2.400000,1.5880591912608668,1.491481121201892,final
deep_3x16,12,fx,,2.425000,1.5921918257130183,1.4954313067506453,final
deep_3x16,12,fx,,2.450000,1.5962201480601057,1.4993222887809725,final
deep_3x16,12,fx,,2.475000,1.6001476523425993,1.5031547880659621,final
deep_3x16,12,fx,,2.500000,1.6039776886798158,1.5069295339981974,final
deep_3x16,12,fx,,2.525000,1.6077134656295515,1.5106472631528727,final
deep_3x16,12,fx,,2.550000,1.6113580534943135,1.514308717942618,final
deep_3x16,12,fx,,2.575000,1.6149143883801969,1.5179146453597039,final
deep_3x16,12,fx,,2.600000,1.6183852768357938,1.5214657958014208,final
deep_3x16,12,fx,,2.625000,1.6217734009190274,1.5249629219745588,final
deep_3x16,12,fx,,2.650000,1.625081323559244,1.5284067778750356,final
deep_3x16,12,fx,,2.675000,1.6283114941000931,1.5317981178388593,final
deep_3x16,12,fx,,2.700000,1.6314662539255886,1.5351376956607474,final
deep_3x16,12,fx,,2.725000,1.634547842087239,1.538426263776851,final
deep_3x16,12,fx,,2.750000,1.637558400864209,1.5416645725081797,final
deep_3x16,12,fx,,2.775000,1.6404999812011618,1.5448533693614435,final
deep_3x16,12,fx,,2.800000,1.6433745479797643,1.5479933983841754,final
deep_3x16,12,fx,,2.825000,1.64618398508986,1.5510853995711167,final
deep_3x16,12,fx,,2.850000,1.648930100275096,1.5541301083189827,final
deep_3x16,12,fx,,2.875000,1.6516146297354135,1.5571282549268526,final
deep_3x16,12,fx,,2.900000,1.6542392424753494,1.5600805641395499,final
deep_3x16,12,fx,,2.925000,1.6568055443926435,1.562987754731498,final
deep_3x16,12,fx,,2.950000,1.6593150821062774,1.5658505391286572,final
deep_3x16,12,fx,,2.975000,1.6617693465268897,1.5686696230662598,final
deep_3x16,12,fx,,3.000000,1.6641697761755903,1.5714457052801694,final
deep_3x16,12,fx,,3.025000,1.6665177602596346,1.5741794772298021,final
deep_3x16,12,fx,,3.050000,1.6688146415152598,1.5768716228506432,final
deep_3x16,12,fx,,3.075000,1.6710617188293566,1.5795228183344976,final
deep_3x16,12,fx,,3.100000,1.6732602496525644,1.5821337319357038,final
deep_3x16,12,fx,,3.125000,1.6754114522169499,1.5847050238016365,final
deep_3x16,12,fx,,3.150000,1.677516507571672,1.587237345825908,final
deep_3x16,12,fx,,3.175000,1.6795765614500464,1.5897313415227634,final
deep_3x16,12,fx,,3.200000,1.681592725981206,1.592187645921248,final
deep_3x16,12,fx,,3.225000,1.6835660812591897,1.5946068854777975,final
deep_3x16,12,fx,,3.250000,1.6854976767817862,1.5969896780059818,final
deep_3x16,12,fx,,3.275000,1.6873885327708704,1.5993366326221994,final
deep_3x16,12,fx,,3.300000,1.6892396413853008,1.601648349706187,final
deep_3x16,12,fx,,3.325000,1.6910519678367557,1.6039254208752762,final
deep_3x16,12,fx,,3.350000,1.6928264514181408,1.6061684289713845,final
deep_3x16,12,fx,,3.375000,1.6945640064534793,1.6083779480597964,final
deep_3x16,12,fx,,3.400000,1.6962655231774564,1.6105545434388309,final
deep_3x16,12,fx,,3.425000,1.6979318685520903,1.6126987716595576,final
deep_3x16,12,fx,,3.450000,1.699563887027309,1.6148111805547691,final
deep_3x16,12,fx,,3.475000,1.701162401251556,1.6168923092764607,final
deep_3x16,12,fx,,3.500000,1.7027282127379397,1.6189426883411182,final
deep_3x16,12,fx,,3.525000,1.704262102490858,1.6209628396821578,final
deep_3x16,12,fx,,3.550000,1.70576483159749,1.622953276708899,final
deep_3x16,12,fx,,3.575000,1.7072371417880623,1.6249145043714908,final
deep_3x16,12,fx,,3.600000,1.7086797559683258,1.6268470192312494,final
deep_3x16,12,fx,,3.625000,1.7100933787272838,1.6287513095359003,final
deep_3x16,12,fx,,3.650000,1.7114786968228282,1.630627855299244,final
deep_3x16,12,fx,,3.675000,1.7128363796476027,1.632477128384804,final
deep_3x16,12,fx,,3.700000,1.71416707967711,1.6342995925930408,final
deep_3x16,12,fx,,3.725000,1.7154714329018217,1.6360957037517374,final
deep_3x16,12,fx,,3.750000,1.7167500592447922,1.6378659098091999,final
deep_3x16,12,fx,,3.775000,1.718003562966081,1.6396106509299275,final
deep_3x16,12,fx,,3.800000,1.719232533055102,1.641330359592442,final
deep_3x16,12,fx,,3.825000,1.7204375436118489,1.6430254606889751,final
deep_3x16,12,fx,,3.850000,1.7216191542178139,1.6446963716267469,final
deep_3x16,12,fx,,3.875000,1.7227779102972887,1.6463435024305744,final
deep_3x16,12,fx,,3.900000,1.7239143434696422,1.6479672558465768,final
deep_3x16,12,fx,,3.925000,1.7250289718930603,1.6495680274467555,final
deep_3x16,12,fx,,3.950000,1.7261223006001851,1.651146205734246,final
deep_3x16,12,fx,,3.975000,1.7271948218260007,1.6527021722490547,final
deep_3x16,12,fx,,4.000000,1.7282470153282694,1.654236301674099,final
deep_3x16,12,fx,,4.025000,1.729279348700781,1.6557489619413992,final
deep_3x16,12,fx,,4.050000,1.730292277679632,1.6572405143382634,final
deep_3x16,12,fx,,4.075000,1.7312862464427223,1.6587113136133356,final
deep_3x16,12,fx,,4.100000,1.7322616879026405,1.6601617080823763,final
deep_3x16,12,fx,,4.125000,1.7332190239930707,1.6615920397336599,final
deep_3x16,12,fx,,4.150000,1.7341586659488584,1.663002644332885,final
deep_3x16,12,fx,,4.175000,1.7350810145798437,1.6643938515274967,final
deep_3x16,12,fx,,4.200000,1.7359864605385695,1.6657659849503361,final
deep_3x16,12,fx,,4.225000,1.7368753845819587,1.6671193623225302,final
deep_3x16,12,fx,,4.250000,1.737748157827058,1.668454295555556,final
deep_3x16,12,fx,,4.275000,1.7386051420009274,1.6697710908524037,final
deep_3x16,12,fx,,4.300000,1.739446689684768,1.6710700488077885,final
deep_3x16,12,fx,,4.325000,1.7402731445523694,1.672351464507346,final
deep_3x16,12,fx,,4.350000,1.741084841602954,1.6736156276257725,final
deep_3x16,12,fx,,4.375000,1.7418821073885118,1.6748628225238602,final
deep_3x16,12,fx,,4.400000,1.742665260235696,1.6760933283443924,final
deep_3x16,12,fx,,4.425000,1.7434346104623726,1.6773074191068635,final
deep_3x16,12,fx,,4.450000,1.744190460588901,1.6785053638009961,final
deep_3x16,12,fx,,4.475000,1.7449331055442343,1.6796874264790258,final
deep_3x16,12,fx,,4.500000,1.7456628328669268,1.6808538663467358,final
deep_3x16,12,fx,,4.525000,1.7463799229011292,1.682004937853222,final
deep_3x16,12,fx,,4.550000,1.7470846489876648,1.6831408907793708,final
deep_3x16,12,fx,,4.575000,1.7477772776502773,1.6842619703250405,final
deep_3x16,12,fx,,4.600000,1.7484580687771283,1.685368417194935,final
deep_3x16,12,fx,,4.625000,1.7491272757976501,1.6864604676831623,final
deep_3x16,12,fx,,4.650000,1.7497851458548326,1.687538353756474,final
deep_3x16,12,fx,,4.675000,1.750431919973038,1.6886023031361845,final
deep_3x16,12,fx,,4.700000,1.7510678332214382,1.6896525393787643,final
deep_3x16,12,fx,,4.725000,1.751693114873161,1.6906892819551151,final
deep_3x16,12,fx,,4.750000,1.752307988560237,1.691712746328525,final
deep_3x16,12,fx,,4.775000,1.752912672424444,1.69272314403131,final
deep_3x16,12,fx,,4.800000,1.7535073792641263,1.6937206827401463,final
deep_3x16,12,fx,,4.825000,1.7540923166770945,1.6947055663501032,final
deep_3x16,12,fx,,4.850000,1.7546676871996851,1.695677995047382,final
deep_3x16,12,fx,,4.875000,1.7552336884420676,1.6966381653807714,final
deep_3x16,12,fx,,4.900000,1.7557905132198957,1.6975862703318307,final
deep_3x16,12,fx,,4.925000,1.7563383496823812,1.6985224993838095,final
deep_3x16,12,fx,,4.950000,1.7568773814368803,1.6994470385893194,final
deep_3x16,12,fx,,4.975000,1.7574077876700787,1.7003600706367672,final
deep_3x16,12,fx,,5.000000,1.7579297432658516,1.701261774915565,final
deep_3x16,12,fx,,5.025000,1.7584434189198965,1.7021523275801298,final
deep_3x16,12,fx,,5.050000,1.7589489812511994,1.7030319016126885,final
deep_3x16,12,fx,,5.075000,1.7594465929104366,1.7039006668849015,final
deep_3x16,12,fx,,5.100000,1.7599364126853734,1.7047587902183228,final
deep_3x16,12,fx,,5.125000,1.7604185956033467,1.7056064354437073,final
deep_3x16,12,fx,,5.150000,1.7608932930309034,1.7064437634591885,final
deep_3x16,12,fx,,5.175000,1.7613606527706727,1.7072709322873345,final
deep_3x16,12,fx,,5.200000,1.7618208191555436,1.708088097131107,final
deep_3x16,12,fx,,5.225000,1.7622739331402162,1.7088954104287313,final
deep_3x16,12,fx,,5.250000,1.762720132390206,1.7096930219075017,final
deep_3x16,12,fx,,5.275000,1.7631595513683582,1.7104810786365339,final
deep_3x16,12,fx,,5.300000,1.7635923214189502,1.711259725078483,final
deep_3x16,12,fx,,5.325000,1.764018570849443,1.7120291031402441,final
deep_3x16,12,fx,,5.350000,1.7644384250099445,1.7127893522226525,final
deep_3x16,12,fx,,5.375000,1.7648520063704518,1.7135406092691985,final
deep_3x16,12,fx,,5.400000,1.7652594345959314,1.714283008813776,final
deep_3x16,12,fx,,5.425000,1.7656608266192984,1.7150166830274802,final
deep_3x16,12,fx,,5.450000,1.7660562967123532,1.7157417617644724,final
deep_3x16,12,fx,,5.475000,1.766445956554732,1.7164583726069251,final
deep_3x16,12,fx,,5.500000,1.7668299153009277,1.7171666409090691,final
deep_3x16,12,fx,,5.525000,1.767208279645437,1.717866689840354,final
deep_3x16,12,fx,,5.550000,1.7675811538860857,1.7185586404277413,final
deep_3x16,12,fx,,5.575000,1.7679486399855797,1.7192426115971444,final
deep_3x16,12,fx,,5.600000,1.7683108376313412,1.719918720214034,final
deep_3x16,12,fx,,5.625000,1.7686678442936725,1.7205870811232205,final
deep_3x16,12,fx,,5.650000,1.7690197552822937,1.721247807187832,final
deep_3x16,12,fx,,5.675000,1.7693666638013092,1.7219010093275047,final
deep_3x16,12,fx,,5.700000,1.769708661002637,1.7225467965557948,final
deep_3x16,12,fx,,5.725000,1.770045836037957,1.7231852760168345,final
deep_3x16,12,fx,,5.750000,1.7703782761092108,1.7238165530212408,final
deep_3x16,12,fx,,5.775000,1.7707060665177006,1.7244407310812953,final
deep_3x16,12,fx,,5.800000,1.771029290711825,1.725057911945408,final
deep_3x16,12,fx,,5.825000,1.7713480303334928,1.7256681956318787,final
deep_3x16,12,fx,,5.850000,1.7716623652632544,1.7262716804619718,final
deep_3x16,12,fx,,5.875000,1.7719723736641837,1.7268684630923166,final
deep_3x16,12,fx,,5.900000,1.7722781320245486,1.727458638546647,final
deep_3x16,12,fx,,5.925000,1.7725797151993097,1.7280423002468948,final
deep_3x16,12,fx,,5.950000,1.7728771964504735,1.728619540043648,final
deep_3x16,12,fx,,5.975000,1.7731706474863407,1.7291904482459888,final
deep_3x16,12,fx,,6.000000,1.7734601384996762,1.7297551136507232,final
deep_3x16,12,fc,0.5,0.000000,1.0,0.9999961712608588,final
deep_3x16,12,fc,0.5,0.025000,0.9997185838589216,0.9983586646344352,final
deep_3x16,12,fc,0.5,0.050000,0.9988771585027172,0.9934854371990305,final
deep_3x16,12,fc,0.5,0.075000,0.9974873110708251,0.9854913576191164,final
deep_3x16,12,fc,0.5,0.100000,0.9955743519552914,0.9745583236306017,final
deep_3x16,12,fc,0.5,0.125000,0.9931809654162381,0.9609224860044977,final
deep_3x16,12,fc,0.5,0.150000,0.9903687537912225,0.9448590526338713,final
deep_3x16,12,fc,0.5,0.175000,0.9872169669207467,0.9266665678644719,final
deep_3x16,12,fc,0.5,0.200000,0.983817837288781,0.906652287270015,final
deep_3x16,12,fc,0.5,0.225000,0.9802682154988032,0.8851197735940066,final
deep_3x16,12,fc,0.5,0.250000,0.976657608717689,0.8623592877190294,final
deep_3x16,12,fc,0.5,0.275000,0.9730532392458209,0.838641066508284,final
deep_3x16,12,fc,0.5,0.300000,0.9694833155402338,0.8142112349444125,final
deep_3x16,12,fc,0.5,0.325000,0.9659202785806533,0.7892899055662282,final
deep_3x16,12,fc,0.5,0.350000,0.962266269448765,0.7640709501109981,final
deep_3x16,12,fc,0.5,0.375000,0.9583433637536493,0.738722947888542,final
deep_3x16,12,fc,0.5,0.400000,0.9538911362411245,0.7133908845188547,final
deep_3x16,12,fc,0.5,0.425000,0.9485737669355271,0.6881982632946789,final
deep_3x16,12,fc,0.5,0.450000,0.9419981201123382,0.663249379897375,final
deep_3x16,12,fc,0.5,0.475000,0.9337430076977291,0.6386315887919551,final
deep_3x16,12,fc,0.5,0.500000,0.9233982371774461,0.614417452116793,final
deep_3x16,12,fc,0.5,0.525000,0.9106101592702048,0.5906667090105318,final
deep_3x16,12,fc,0.5,0.550000,0.8951284870663466,0.5674280368849434,final
deep_3x16,12,fc,0.5,0.575000,0.8768475188828511,0.5447405987383155,final
deep_3x16,12,fc,0.5,0.600000,0.8558341204246837,0.5226353848308631,final
deep_3x16,12,fc,0.5,0.625000,0.8323356002756157,0.5011363652156074,final
deep_3x16,12,fc,0.5,0.650000,0.8067634761711797,0.4802614735958944,final
deep_3x16,12,fc,0.5,0.675000,0.7796539439987379,0.46002344418289265,final
deep_3x16,12,fc,0.5,0.700000,0.7516114500100137,0.4404305226879344,final
deep_3x16,12,fc,0.5,0.725000,0.723246130728873,0.4214870710332323,final
deep_3x16,12,fc,0.5,0.750000,0.6951171638911711,0.4031940832949596,final
deep_3x16,12,fc,0.5,0.775000,0.6676916806822814,0.38554962812948085,final
deep_3x16,12,fc,0.5,0.800000,0.6413239238038997,0.36854923068108175,final
deep_3x16,12,fc,0.5,0.825000,0.6162539031730496,0.35218620484951263,final
deep_3x16,12,fc,0.5,0.850000,0.5926207989897558,0.3364519448742073,final
deep_3x16,12,fc,0.5,0.875000,0.5704846418407358,0.3213361834989273,final
deep_3x16,12,fc,0.5,0.900000,0.549850130394081,0.306827222522449,final
deep_3x16,12,fc,0.5,0.925000,0.5306880223442221,0.2929121403100752,final
deep_3x16,12,fc,0.5,0.950000,0.5129515160878637,0.2795769798212084,final
deep_3x16,12,fc,0.5,0.975000,0.49658684836717604,0.2668069198795077,final
deep_3x16,12,fc,0.5,1.000000,0.48153867501583214,0.25458643175180856,final
deep_3x16,12,fc,0.5,1.025000,0.4677515913040905,0.24289942258726716,final
deep_3x16,12,fc,0.5,1.050000,0.45516941843221637,0.23172936687701973,final
deep_3x16,12,fc,0.5,1.075000,0.4437337376624261,0.22105942680628568,final
deep_3x16,12,fc,0.5,1.100000,0.4333827416944961,0.21087256216631964,final
deep_3x16,12,fc,0.5,1.125000,0.4240509590311483,0.20115163035586586,final
deep_3x16,12,fc,0.5,1.150000,0.415669938068741,0.1918794769158274,final
deep_3x16,12,fc,0.5,1.175000,0.4081696508951682,0.18303901699379402,final
deep_3x16,12,fc,0.5,1.200000,0.4014802259060374,0.1746133081159656,final
deep_3x16,12,fc,0.5,1.225000,0.3955336209746133,0.16658561464383392,final
deep_3x16,12,fc,0.5,1.250000,0.3902649500970289,0.15893946430447428,final
deep_3x16,12,fc,0.5,1.275000,0.38561331543208743,0.15165869720073666,final
deep_3x16,12,fc,0.5,1.300000,0.3815221262645825,0.14472750772673904,final
deep_3x16,12,fc,0.5,1.325000,0.37793898071212007,0.13813047983167853,final
deep_3x16,12,fc,0.5,1.350000,0.37481523823192175,0.13185261608906113,final
deep_3x16,12,fc,0.5,1.375000,0.3721054266322146,0.1258793610376418,final
deep_3x16,12,fc,0.5,1.400000,0.3697666167507526,0.12019661926408308,final
deep_3x16,12,fc,0.5,1.425000,0.36775787162476203,0.11479076869543448,final
deep_3x16,12,fc,0.5,1.450000,0.3660398430959686,0.1096486695622258,final
deep_3x16,12,fc,0.5,1.475000,0.36457455330450883,0.10475766948076473,final
deep_3x16,12,fc,0.5,1.500000,0.36332536564721385,0.10010560508677041,final
deep_3x16,12,fc,0.5,1.525000,0.362257122572736,0.09568080063249802,final
deep_3x16,12,fc,0.5,1.550000,0.36133640815284007,0.09147206393676467,final
deep_3x16,12,fc,0.5,1.575000,0.36053188274113324,0.08746868005254455,final
deep_3x16,12,fc,0.5,1.600000,0.3598146350647615,0.08366040299072135,final
deep_3x16,12,fc,0.5,1.625000,0.3591585025256059,0.08003744581183542,final
deep_3x16,12,fc,0.5,1.650000,0.3585403212161573,0.07659046937076666,final
deep_3x16,12,fc,0.5,1.675000,0.3579400806989729,0.07331056997272188,final
deep_3x16,12,fc,0.5,1.700000,0.3573409725674931,0.07018926617305912,final
deep_3x16,12,fc,0.5,1.725000,0.3567293342786595,0.06721848492863296,final
deep_3x16,12,fc,0.5,1.750000,0.3560944994770101,0.06439054728477098,final
deep_3x16,12,fc,0.5,1.775000,0.35542857247184956,0.0616981537598125,final
deep_3x16,12,fc,0.5,1.800000,0.3547261477364927,0.059134369568493717,final
deep_3x16,12,fc,0.5,1.825000,0.3539839957407198,0.05669260980638358,final
deep_3x16,12,fc,0.5,1.850000,0.3532007347946493,0.05436662470009754,final
deep_3x16,12,fc,0.5,1.875000,0.35237650561712963,0.05215048501211195,final
deep_3x16,12,fc,0.5,1.900000,0.35151266171990536,0.050038567674637165,final
deep_3x16,12,fc,0.5,1.925000,0.35061148496042205,0.0480255417141179,final
deep_3x16,12,fc,0.5,1.950000,0.3496759321424029,0.04610635451642435,final
deep_3x16,12,fc,0.5,1.975000,0.34870941556414126,0.04427621847262877,final
deep_3x16,12,fc,0.5,2.000000,0.3477156180341434,0.042530598036290536,final
deep_3x16,12,fc,0.5,2.025000,0.34669834110357267,0.04086519721532707,final
deep_3x16,12,fc,0.5,2.050000,0.3456613840554217,0.03927594751474929,final
deep_3x16,12,fc,0.5,2.075000,0.3446084504582769,0.03775899634064951,final
deep_3x16,12,fc,0.5,2.100000,0.34354307874191714,0.03631069587080901,final
deep_3x16,12,fc,0.5,2.125000,0.3424685931879452,0.03492759239300612,final
deep_3x16,12,fc,0.5,2.150000,0.34138807186598497,0.033606416108520214,final
deep_3x16,12,fc,0.5,2.175000,0.3403043283132958,0.032344071395319085,final
deep_3x16,12,fc,0.5,2.200000,0.3392199040964752,0.03113762752295615,final
deep_3x16,12,fc,0.5,2.225000,0.3381370697658952,0.029984309809202872,final
deep_3x16,12,fc,0.5,2.250000,0.33705783208662266,0.028881491206847024,final
deep_3x16,12,fc,0.5,2.275000,0.3359839457839193,0.027826684307850874,final
deep_3x16,12,fc,0.5,2.300000,0.3349169283650406,0.026817533751129878,final
deep_3x16,12,fc,0.5,2.325000,0.3338580768657945,0.025851809019539436,final
deep_3x16,12,fc,0.5,2.350000,0.33280848561826804,0.024927397611219253,final
deep_3x16,12,fc,0.5,2.375000,0.33176906434609976,0.024042298570184424,final
deep_3x16,12,fc,0.5,2.400000,0.33074055606825836,0.02319461636096361,final
deep_3x16,12,fc,0.5,2.425000,0.32972355443497303,0.022382555072118837,final
deep_3x16,12,fc,0.5,2.450000,0.32871852023425263,0.021604412933645116,final
deep_3x16,12,fc,0.5,2.475000,0.327725796898229,0.020858577133474034,final
deep_3x16,12,fc,0.5,2.500000,0.3267456249092068,0.020143518918636836,final
deep_3x16,12,fc,0.5,2.525000,0.32577815505922736,0.019457788967005542,final
deep_3x16,12,fc,0.5,2.550000,0.32482346055722977,0.01880001301595232,final
deep_3x16,12,fc,0.5,2.575000,0.3238815480071864,0.018168887734721407,final
deep_3x16,12,fc,0.5,2.600000,0.32295236730112675,0.017563176827779654,final
deep_3x16,12,fc,0.5,2.625000,0.3220358204846948,0.016981707356906937,final
deep_3x16,12,fc,0.5,2.650000,0.3211317696612934,0.016423366270288828,final
deep_3x16,12,fc,0.5,2.675000,0.32024004400531814,0.01588709712737786,final
deep_3x16,12,fc,0.5,2.700000,0.31936044595638857,0.015371897008789036,final
deep_3x16,12,fc,0.5,2.725000,0.3184927566657876,0.014876813601008254,final
deep_3x16,12,fc,0.5,2.750000,0.3176367407640296,0.014400942446161183,final
deep_3x16,12,fc,0.5,2.775000,0.31679215051521914,0.01394342434758682,final
deep_3x16,12,fc,0.5,2.800000,0.3159587294199102,0.0135034429224213,final
deep_3x16,12,fc,0.5,2.825000,0.3151362153238937,0.013080222292847036,final
deep_3x16,12,fc,0.5,2.850000,0.3143243430859072,0.012673024908103358,final
deep_3x16,12,fc,0.5,2.875000,0.3135228468528293,0.012281149489774493,final
deep_3x16,12,fc,0.5,2.900000,0.3127314619866305,0.011903929093276212,final
deep_3x16,12,fc,0.5,2.925000,0.3119499266832191,0.0115407292788442,final
deep_3x16,12,fc,0.5,2.950000,0.31117798331946656,0.011190946385711102,final
deep_3x16,12,fc,0.5,2.975000,0.31041537956107623,0.010854005903492529,final
deep_3x16,12,fc,0.5,3.000000,0.30966186926062544,0.010529360935159847,final
deep_3x16,12,fc,0.5,3.025000,0.3089172131720561,0.010216490746280376,final
deep_3x16,12,fc,0.5,3.050000,0.3081811795050945,0.00991489939552285,final
deep_3x16,12,fc,0.5,3.075000,0.3074535443405453,0.00962411444170394,final
deep_3x16,12,fc,0.5,3.100000,0.306734091925118,0.009343685722933544,final
deep_3x16,12,fc,0.5,3.125000,0.30602261486236415,0.009073184203666275,final
deep_3x16,12,fc,0.5,3.150000,0.30531891421444834,0.00881220088572273,final
deep_3x16,12,fc,0.5,3.175000,0.3046227995277977,0.00856034577956125,final
deep_3x16,12,fc,0.5,3.200000,0.30393408879417216,0.008317246932311853,final
deep_3x16,12,fc,0.5,3.225000,0.3032526083573521,0.008082549509281826,final
deep_3x16,12,fc,0.5,3.250000,0.30257819277443476,0.007855914925840547,final
deep_3x16,12,fc,0.5,3.275000,0.3019106846396502,0.007637020026771776,final
deep_3x16,12,fc,0.5,3.300000,0.30124993437764713,0.007425556310355653,final
deep_3x16,12,fc,0.5,3.325000,0.300595800012331,0.007221229194605152,final
deep_3x16,12,fc,0.5,3.350000,0.2999481469165791,0.007023757323232783,final
deep_3x16,12,fc,0.5,3.375000,0.29930684754745895,0.0068328719090709365,final
deep_3x16,12,fc,0.5,3.400000,0.2986717811709749,0.006648316112797191,final
deep_3x16,12,fc,0.5,3.425000,0.2980428335798194,0.006469844454954951,final
deep_3x16,12,fc,0.5,3.450000,0.29741989680712466,0.006297222259364868,final
deep_3x16,12,fc,0.5,3.475000,0.2968028688387766,0.006130225126150202,final
deep_3x16,12,fc,0.5,3.500000,0.2961916533264747,0.005968638432691078,final
deep_3x16,12,fc,0.5,3.525000,0.2955861593033865,0.005812256860931846,final
deep_3x16,12,fc,0.5,3.550000,0.29498630090394085,0.005660883949557558,final
deep_3x16,12,fc,0.5,3.575000,0.2943919970890442,0.005514331669634566,final
deep_3x16,12,fc,0.5,3.600000,0.29380317137778,0.005372420022408773,final
deep_3x16,12,fc,0.5,3.625000,0.29321975158643077,0.0052349766580150085,final
deep_3x16,12,fc,0.5,3.650000,0.2926416695755011,0.0051018365139386904,final
deep_3x16,12,fc,0.5,3.675000,0.2920688610052613,0.0049728414721276004,final
deep_3x16,12,fc,0.5,3.700000,0.29150126510018504,0.004847840033726076,final
deep_3x16,12,fc,0.5,3.725000,0.2909388244225535,0.004726687010453871,final
deep_3x16,12,fc,0.5,3.750000,0.29038148465538716,0.0046092432317188185,final
deep_3x16,12,fc,0.5,3.775000,0.2898291943947837,0.004495375266596954,final
deep_3x16,12,fc,0.5,3.800000,0.28928190495166717,0.00438495515987154,final
deep_3x16,12,fc,0.5,3.825000,0.28873957016288676,0.004277860181360855,final
deep_3x16,12,fc,0.5,3.850000,0.28820214621155815,0.00417397258781929,final
deep_3x16,12,fc,0.5,3.875000,0.2876695914564913,0.004073179396726176,final
deep_3x16,12,fc,0.5,3.900000,0.2871418662705152,0.003975372171325868,final
deep_3x16,12,fc,0.5,3.925000,0.286618932887476,0.003880446816315581,final
deep_3x16,12,fc,0.5,3.950000,0.2861007552576702,0.0037883033836064225,final
deep_3x16,12,fc,0.5,3.975000,0.2855872989114481,0.0036988458876262074,final
deep_3x16,12,fc,0.5,4.000000,0.2850785308307143,0.0036119821296561735,final
deep_3x16,12,fc,0.5,4.025000,0.2845744193280393,0.0035276235307199755,final
deep_3x16,12,fc,0.5,4.050000,0.2840749339330916,0.003445684972579932,final
deep_3x16,12,fc,0.5,4.075000,0.2835800452860946,0.0033660846464103494,final
deep_3x16,12,fc,0.5,4.100000,0.2830897250380138,0.0032887439087498005,final
deep_3x16,12,fc,0.5,4.125000,0.28260394575717573,0.0032135871443476484,final
deep_3x16,12,fc,0.5,4.150000,0.28212268084203074,0.003140541635555781,final
deep_3x16,12,fc,0.5,4.175000,0.28164590443976745,0.003069537437917249,final
deep_3x16,12,fc,0.5,4.200000,0.28117359137049736,0.003000507261639546,final
deep_3x16,12,fc,0.5,4.225000,0.28070571705673264,0.002933386358647509,final
deep_3x16,12,fc,0.5,4.250000,0.28024225745788933,0.002868112414932197,final
deep_3x16,12,fc,0.5,4.275000,0.2797831890095479,0.0028046254479229715,final
deep_3x16,12,fc,0.5,4.300000,0.2793284885672267,0.002742867708632816,final
deep_3x16,12,fc,0.5,4.325000,0.27887813335441336,0.0026827835883323843,final
deep_3x16,12,fc,0.5,4.350000,0.27843210091462667,0.0026243195295232785,final
deep_3x16,12,fc,0.5,4.375000,0.2779903690672736,0.0025674239410017246,final
deep_3x16,12,fc,0.5,4.400000,0.2775529158670893,0.002512047116799274,final
deep_3x16,12,fc,0.5,4.425000,0.27711971956694614,0.0024581411588165073,final
deep_3x16,12,fc,0.5,4.450000,0.27669075858383296,0.0024056599029599174,final
deep_3x16,12,fc,0.5,4.475000,0.27626601146781515,0.0023545588486135268,final
deep_3x16,12,fc,0.5,4.500000,0.2758454568737885,0.002304795091278237,final
deep_3x16,12,fc,0.5,4.525000,0.2754290735358532,0.0022563272582273074,final
deep_3x16,12,fc,0.5,4.550000,0.27501684024414663,0.002209115447027629,final
deep_3x16,12,fc,0.5,4.575000,0.2746087358239713,0.002163121166787322,final
deep_3x16,12,fc,0.5,4.600000,0.2742047391170691,0.0021183072820026927,final
deep_3x16,12,fc,0.5,4.625000,0.2738048289649032,0.0020746379588730468,final
deep_3x16,12,fc,0.5,4.650000,0.27340898419380744,0.002032078613968704,final
deep_3x16,12,fc,0.5,4.675000,0.273017183601879,0.0019905958651390177,final
deep_3x16,12,fc,0.5,4.700000,0.2726294059474922,0.0019501574845522565,final
deep_3x16,12,fc,0.5,4.725000,0.27224562993931745,0.0019107323537686412,final
deep_3x16,12,fc,0.5,4.750000,0.2718658342277406,0.0018722904207485434,final
deep_3x16,12,fc,0.5,4.775000,0.27148999739757507,0.0018348026587054643,final
deep_3x16,12,fc,0.5,4.800000,0.2711180979619794,0.0017982410267173958,final
deep_3x16,12,fc,0.5,4.825000,0.2707501143574774,0.001762578432014152,final
deep_3x16,12,fc,0.5,4.850000,0.2703860249400072,0.0017277886938635106,final
deep_3x16,12,fc,0.5,4.875000,0.2700258079819111,0.0016938465089809934,final
deep_3x16,12,fc,0.5,4.900000,0.269669441669792,0.0016607274183924714,final
deep_3x16,12,fc,0.5,4.925000,0.2693169041031691,0.001628407775686919,final
deep_3x16,12,fc,0.5,4.950000,0.2689681732938596,0.001596864716589041,final
deep_3x16,12,fc,0.5,4.975000,0.2686232271660296,0.0015660761297978003,final
deep_3x16,12,fc,0.5,5.000000,0.2682820435568525,0.001536020629028713,final
deep_3x16,12,fc,0.5,5.025000,0.2679446002177204,0.0015066775262095645,final
deep_3x16,12,fc,0.5,5.050000,0.2676108748159557,0.0014780268057724868,final
deep_3x16,12,fc,0.5,5.075000,0.26728084493697835,0.0014500490999996532,final
deep_3x16,12,fc,0.5,5.100000,0.26695448808687827,0.0014227256653687938,final
deep_3x16,12,fc,0.5,5.125000,0.26663178169535773,0.0013960383598590484,final
deep_3x16,12,fc,0.5,5.150000,0.26631270311899513,0.0013699696211715122,final
deep_3x16,12,fc,0.5,5.175000,0.26599722964480366,0.001344502445826072,final
deep_3x16,12,fc,0.5,5.200000,0.2656853384940441,0.001319620369094148,final
deep_3x16,12,fc,0.5,5.225000,0.2653770068262604,0.0012953074457320137,final
deep_3x16,12,fc,0.5,5.250000,0.2650722117435127,0.0012715482314793827,final
deep_3x16,12,fc,0.5,5.275000,0.2647709302947765,0.0012483277652897444,final
deep_3x16,12,fc,0.5,5.300000,0.26447313948048135,0.0012256315522594916,final
deep_3x16,12,fc,0.5,5.325000,0.26417881625717166,0.0012034455472299352,final
deep_3x16,12,fc,0.5,5.350000,0.26388793754226114,0.0011817561390265222,final
deep_3x16,12,fc,0.5,5.375000,0.2636004802188665,0.0011605501353155188,final
deep_3x16,12,fc,0.5,5.400000,0.26331642114069376,0.0011398147480441024,final
deep_3x16,12,fc,0.5,5.425000,0.26303573713697104,0.0011195375794464772,final
deep_3x16,12,fc,0.5,5.450000,0.26275840501740055,0.0010997066085859438,final
deep_3x16,12,fc,0.5,5.475000,0.2624844015771257,0.0010803101784139062,final
deep_3x16,12,fc,0.5,5.500000,0.26221370360169194,0.0010613369833224516,final
deep_3x16,12,fc,0.5,5.525000,0.2619462878719928,0.0010427760571714813,final
deep_3x16,12,fc,0.5,5.550000,0.2616821311691917,0.0010246167617677558,final
deep_3x16,12,fc,0.5,5.575000,0.2614212102796042,0.001006848775780092,final
deep_3x16,12,fc,0.5,5.600000,0.2611635019995371,0.0009894620840704305,final
deep_3x16,12,fc,0.5,5.625000,0.2609089831400718,0.000972446967424831,final
deep_3x16,12,fc,0.5,5.650000,0.26065763053178936,0.0009557939926686374,final
deep_3x16,12,fc,0.5,5.675000,0.260409421029421,0.0009394940031462534,final
deep_3x16,12,fc,0.5,5.700000,0.26016433151643215,0.0009235381095562882,final
deep_3x16,12,fc,0.5,5.725000,0.25992233890952143,0.0009079176811237815,final
deep_3x16,12,fc,0.5,5.750000,0.2596834201630369,0.0008926243370957384,final
deep_3x16,12,fc,0.5,5.775000,0.25944755227330396,0.000877649938550017,final
deep_3x16,12,fc,0.5,5.800000,0.2592147122828603,0.0008629865805003556,final
deep_3x16,12,fc,0.5,5.825000,0.25898487728459463,0.0008486265842915688,final
deep_3x16,12,fc,0.5,5.850000,0.25875802442579066,0.0008345624902662513,final
deep_3x16,12,fc,0.5,5.875000,0.25853413091206545,0.0008207870506999125,final
deep_3x16,12,fc,0.5,5.900000,0.2583131740112091,0.0008072932229858862,final
deep_3x16,12,fc,0.5,5.925000,0.2580951310569197,0.0007940741630678401,final
deep_3x16,12,fc,0.5,5.950000,0.25787997945243135,0.0007811232191043099,final
deep_3x16,12,fc,0.5,5.975000,0.25766769667403855,0.0007684339253583744,final
deep_3x16,12,fc,0.5,6.000000,0.2574582602745126,0.0007559999963054072,final
deep_3x16,12,fc,2,0.000000,1.0,0.9999979292399579,final
deep_3x16,12,fc,2,0.025000,0.999560556986185,0.9992961010731113,final
deep_3x16,12,fc,2,0.050000,0.9982445821447985,0.9971948653968338,final
deep_3x16,12,fc,2,0.075000,0.9960594763001179,0.9937069079517921,final
deep_3x16,12,fc,2,0.100000,0.9930182190431593,0.9888531709729896,final
deep_3x16,12,fc,2,0.125000,0.9891397646068689,0.9826625583062567,final
deep_3x16,12,fc,2,0.150000,0.9844492425842323,0.9751715344708285,final
deep_3x16,12,fc,2,0.175000,0.9789779185760618,0.9664236288215278,final
deep_3x16,12,fc,2,0.200000,0.9727628834848705,0.95646885815437,final
deep_3x16,12,fc,2,0.225000,0.9658464652565457,0.9453630826547406,final
deep_3x16,12,fc,2,0.250000,0.9582753918049711,0.9331673109752425,final
deep_3x16,12,fc,2,0.275000,0.950099774834555,0.919946970463837,final
deep_3x16,12,fc,2,0.300000,0.9413720251029519,0.9057711581949571,final
deep_3x16,12,fc,2,0.325000,0.9321458419428803,0.890711887570984,final
deep_3x16,12,fc,2,0.350000,0.9224754338408127,0.8748433439638938,final
deep_3x16,12,fc,2,0.375000,0.9124151132010456,0.8582411612720591,final
deep_3x16,12,fc,2,0.400000,0.9020193608379837,0.8409817294902436,final
deep_3x16,12,fc,2,0.425000,0.8913433742868131,0.8231415415386202,final
deep_3x16,12,fc,2,0.450000,0.8804440078751385,0.8047965857616002,final
deep_3x16,12,fc,2,0.475000,0.8693809008875617,0.7860217887637229,final
deep_3x16,12,fc,2,0.500000,0.8582175001040332,0.7668905116525188,final
deep_3x16,12,fc,2,0.525000,0.8470216434157525,0.7474741013425734,final
deep_3x16,12,fc,2,0.550000,0.83586540449015,0.72784149735908,final
deep_3x16,12,fc,2,0.575000,0.8248240118673966,0.7080588935663934,final
deep_3x16,12,fc,2,0.600000,0.8139738359096356,0.6881894534295714,final
deep_3x16,12,fc,2,0.625000,0.8033896486891481,0.668293076778535,final
deep_3x16,12,fc,2,0.650000,0.7931415543263056,0.6484262155643347,final
deep_3x16,12,fc,2,0.675000,0.7832921057303802,0.6286417357517053,final
deep_3x16,12,fc,2,0.700000,0.7738941262126303,0.6089888222581751,final
deep_3x16,12,fc,2,0.725000,0.7649896286560238,0.589512923705394,final
deep_3x16,12,fc,2,0.750000,0.7566099975173163,0.570255733673549,final
deep_3x16,12,fc,2,0.775000,0.7487773309543028,0.551255205128223,final
deep_3x16,12,fc,2,0.800000,0.7415066073195945,0.5325455947076924,final
deep_3x16,12,fc,2,0.825000,0.7348082045657011,0.5141575336073486,final
deep_3x16,12,fc,2,0.850000,0.7286902899227832,0.49611812186950627,final
deep_3x16,12,fc,2,0.875000,0.7231606960913664,0.4784510429764151,final
deep_3x16,12,fc,2,0.900000,0.7182280641665754,0.4611766957488485,final
deep_3x16,12,fc,2,0.925000,0.7139022081400351,0.4443123406704296,final
deep_3x16,12,fc,2,0.950000,0.7101937972358588,0.4278722578879763,final
deep_3x16,12,fc,2,0.975000,0.7071135381909416,0.4118679142800541,final
deep_3x16,12,fc,2,1.000000,0.7046710691812239,0.39630813713912205,final
deep_3x16,12,fc,2,1.025000,0.7028737639897719,0.38119929217645976,final
deep_3x16,12,fc,2,1.050000,0.7017256076193753,0.3665454637324295,final
deep_3x16,12,fc,2,1.075000,0.7012262588926503,0.35234863525610427,final
deep_3x16,12,fc,2,1.100000,0.7013703719615741,0.3386088683060421,final
deep_3x16,12,fc,2,1.125000,0.7021472117097515,0.325324478515772,final
deep_3x16,12,fc,2,1.150000,0.7035405685973332,0.31249220716094483,final
deep_3x16,12,fc,2,1.175000,0.7055289556722351,0.3001073871574854,final
deep_3x16,12,fc,2,1.200000,0.7080860531144585,0.28816410250883695,final
deep_3x16,12,fc,2,1.225000,0.71118135308033,0.27665534040303363,final
deep_3x16,12,fc,2,1.250000,0.7147809495364597,0.2655731353345545,final
deep_3x16,12,fc,2,1.275000,0.718848414220414,0.2549087047897165,final
deep_3x16,12,fc,2,1.300000,0.7233457007783501,0.24465257618608027,final
deep_3x16,12,fc,2,1.325000,0.7282340241770224,0.234794704894746,final
deep_3x16,12,fc,2,1.350000,0.7334746709726156,0.22532458329861285,final
deep_3x16,12,fc,2,1.375000,0.7390297069119071,0.21623134094921204,final
deep_3x16,12,fc,2,1.400000,0.744862560401694,0.2075038359795181,final
deep_3x16,12,fc,2,1.425000,0.7509384723344938,0.199130738010403,final
deep_3x16,12,fc,2,1.450000,0.7572248134734298,0.19110060285465802,final
deep_3x16,12,fc,2,1.475000,0.7636912792410582,0.18340193937552854,final
deep_3x16,12,fc,2,1.500000,0.7703099778627578,0.17602326889740094,final
deep_3x16,12,fc,2,1.525000,0.7770554313005663,0.16895317759573308,final
deep_3x16,12,fc,2,1.550000,0.7839045095128377,0.16218036231265762,final
deep_3x16,12,fc,2,1.575000,0.7908363177433241,0.15569367025510647,final
deep_3x16,12,fc,2,1.600000,0.7978320543426785,0.14948213303498506,final
deep_3x16,12,fc,2,1.625000,0.8048748536251138,0.1435349955070108,final
deep_3x16,12,fc,2,1.650000,0.8119496249643982,0.13784173985045117,final
deep_3x16,12,fc,2,1.675000,0.8190428961266233,0.13239210532712925,final
deep_3x16,12,fc,2,1.700000,0.8261426659868104,0.12717610413072902,final
deep_3x16,12,fc,2,1.725000,0.8332382694288526,0.12218403372238908,final
deep_3x16,12,fc,2,1.750000,0.8403202554328363,0.11740648602565415,final
deep_3x16,12,fc,2,1.775000,0.8473802780889047,0.11283435383068481,final
deep_3x16,12,fc,2,1.800000,0.8544109994765324,0.1084588347337509,final
deep_3x16,12,fc,2,1.825000,0.8614060029241672,0.1042714329139894,final
deep_3x16,12,fc,2,1.850000,0.8683597150233023,0.10026395902552457,final
deep_3x16,12,fc,2,1.875000,0.8752673348260017,0.09642852845968962,final
deep_3x16,12,fc,2,1.900000,0.8821247688312267,0.09275755820948363,final
deep_3x16,12,fc,2,1.925000,0.8889285706039322,0.08924376254675773,final
deep_3x16,12,fc,2,1.950000,0.8956758841281796,0.08588014770206033,final
deep_3x16,12,fc,2,1.975000,0.9023643902417566,0.08266000571771653,final
deep_3x16,12,fc,2,2.000000,0.9089922557168538,0.07957690762659296,final
deep_3x16,12,fc,2,2.025000,0.9155580847300325,0.07662469609216203,final
deep_3x16,12,fc,2,2.050000,0.9220608726023842,0.0737974776299044,final
deep_3x16,12,fc,2,2.075000,0.9284999617891118,0.07108961451578498,final
deep_3x16,12,fc,2,2.100000,0.9348750001611033,0.06849571647443305,final
deep_3x16,12,fc,2,2.125000,0.9411859016551418,0.06601063222774378,final
deep_3x16,12,fc,2,2.150000,0.9474328093802483,0.06362944097380911,final
deep_3x16,12,fc,2,2.175000,0.953616061261201,0.06134744385632948,final
deep_3x16,12,fc,2,2.200000,0.9597361582817914,0.05916015547589158,final
deep_3x16,12,fc,2,2.225000,0.9657937353643694,0.05706329548664664,final
deep_3x16,12,fc,2,2.250000,0.9717895348923683,0.05505278031492643,final
deep_3x16,12,fc,2,2.275000,0.9777243828516486,0.05312471503010885,final
deep_3x16,12,fc,2,2.300000,0.9835991675367474,0.0512753853925513,final
deep_3x16,12,fc,2,2.325000,0.9894148207409821,0.049501250098557395,final
deep_3x16,12,fc,2,2.350000,0.9951723013256932,0.047798933238089425,final
deep_3x16,12,fc,2,2.375000,1.0008725810443473,0.046165216977224074,final
deep_3x16,12,fc,2,2.400000,1.0065166324818267,0.044597034474109544,final
deep_3x16,12,fc,2,2.425000,1.0121054189580434,0.04309146303439602,final
deep_3x16,12,fc,2,2.450000,1.0176398862377338,0.04164571750968536,final
deep_3x16,12,fc,2,2.475000,1.0231209558846293,0.040257143940502574,final
deep_3x16,12,fc,2,2.500000,1.0285495200977162,0.038923213443524764,final
deep_3x16,12,fc,2,2.525000,1.0339264378695405,0.03764151634132921,final
deep_3x16,12,fc,2,2.550000,1.0392525323110924,0.036409756531684365,final
deep_3x16,12,fc,2,2.575000,1.0445285889942078,0.03522574609238472,final
deep_3x16,12,fc,2,2.600000,1.049755355170309,0.034087400116785065,final
deep_3x16,12,fc,2,2.625000,1.054933539733252,0.03299273177452561,final
deep_3x16,12,fc,2,2.650000,1.0600638138037581,0.03193984759139919,final
deep_3x16,12,fc,2,2.675000,1.0651468118230436,0.030926942941904803,final
deep_3x16,12,fc,2,2.700000,1.0701831330536116,0.029952297747731768,final
deep_3x16,12,fc,2,2.725000,1.0751733433954922,0.02901427237521226,final
deep_3x16,12,fc,2,2.750000,1.080117977436345,0.02811130372463498,final
deep_3x16,12,fc,2,2.775000,1.08501754066362,0.027241901504269916,final
deep_3x16,12,fc,2,2.800000,1.089872511776309,0.026404644681927984,final
deep_3x16,12,fc,2,2.825000,1.0946833450426168,0.025598178106928483,final
deep_3x16,12,fc,2,2.850000,1.0994504726580732,0.024821209295431242,final
deep_3x16,12,fc,2,2.875000,1.1041743070661816,0.024072505372191445,final
deep_3x16,12,fc,2,2.900000,1.1088552432105896,0.023350890161948933,final
deep_3x16,12,fc,2,2.925000,1.1134936606940298,0.022655241423814636,final
deep_3x16,12,fc,2,2.950000,1.1180899258248553,0.02198448822219974,final
deep_3x16,12,fc,2,2.975000,1.1226443935369612,0.021337608428025324,final
deep_3x16,12,fc,2,3.000000,1.1271574091732173,0.020713626344142904,final
deep_3x16,12,fc,2,3.025000,1.1316293101263128,0.020111610449121096,final
deep_3x16,12,fc,2,3.050000,1.1360604273341457,0.019530671253741985,final
deep_3x16,12,fc,2,3.075000,1.1404510866295907,0.018969959264783273,final
deep_3x16,12,fc,2,3.100000,1.1448016099467746,0.01842866305087054,final
deep_3x16,12,fc,2,3.125000,1.1491123163878143,0.01790600740538857,final
deep_3x16,12,fc,2,3.150000,1.1533835231554528,0.01740125160166688,final
deep_3x16,12,fc,2,3.175000,1.1576155463581588,0.01691368773584563,final
deep_3x16,12,fc,2,3.200000,1.1618087016951055,0.016442639153041987,final
deep_3x16,12,fc,2,3.225000,1.1659633050290248,0.015987458952627043,final
deep_3x16,12,fc,2,3.250000,1.1700796728552836,0.01554752856862642,final
deep_3x16,12,fc,2,3.275000,1.174158122675721,0.015122256421425359,final
deep_3x16,12,fc,2,3.300000,1.1781989732857774,0.014711076637163482,final
deep_3x16,12,fc,2,3.325000,1.182202544983351,0.014313447831357885,final
deep_3x16,12,fc,2,3.350000,1.1861691597075656,0.013928851953473702,final
deep_3x16,12,fc,2,3.375000,1.1900991411153468,0.013556793189317143,final
deep_3x16,12,fc,2,3.400000,1.1939928146033107,0.013196796918281035,final
deep_3x16,12,fc,2,3.425000,1.1978505072820753,0.012848408722622606,final
deep_3x16,12,fc,2,3.450000,1.2016725479096027,0.012511193446095005,final
deep_3x16,12,fc,2,3.475000,1.2054592667897635,0.012184734299390572,final
deep_3x16,12,fc,2,3.500000,1.2092109956417814,0.011868632009980432,final
deep_3x16,12,fc,2,3.525000,1.2129280674457623,0.011562504014061415,final
deep_3x16,12,fc,2,3.550000,1.2166108162690281,0.011265983688439207,final
deep_3x16,12,fc,2,3.575000,1.2202595770775033,0.010978719620289117,final
deep_3x16,12,fc,2,3.600000,1.2238746855359728,0.010700374912838966,final
deep_3x16,12,fc,2,3.625000,1.2274564778005967,0.010430626525124654,final
deep_3x16,12,fc,2,3.650000,1.231005290306662,0.010169164644067214,final
deep_3x16,12,fc,2,3.675000,1.2345214595541953,0.00991569208720407,final
deep_3x16,12,fc,2,3.700000,1.238005321893696,0.009669923734501585,final
deep_3x16,12,fc,2,3.725000,1.2414572133139303,0.009431585987756015,final
deep_3x16,12,fc,2,3.750000,1.2448774692334523,0.009200416256170275,final
deep_3x16,12,fc,2,3.775000,1.2482664242972208,0.008976162466764602,final
deep_3x16,12,fc,2,3.800000,1.25162441217946,0.008758582598353621,final
deep_3x16,12,fc,2,3.825000,1.2549517653936946,0.00854744423788731,final
deep_3x16,12,fc,2,3.850000,1.2582488151106854,0.008342524158018077,final
deep_3x16,12,fc,2,3.875000,1.2615158909848214,0.008143607914814084,final
deep_3x16,12,fc,2,3.900000,1.2647533209893813,0.007950489464597189,final
deep_3x16,12,fc,2,3.925000,1.2679614312609417,0.007762970798941056,final
deep_3x16,12,fc,2,3.950000,1.2711405459530818,0.007580861596905375,final
deep_3x16,12,fc,2,3.975000,1.2742909870994525,0.007403978893646075,final
deep_3x16,12,fc,2,4.000000,1.277413074486181,0.0072321467645740005,final
deep_3x16,12,fc,2,4.025000,1.280507125533516,0.0070651960242810626,final
deep_3x16,12,fc,2,4.050000,1.2835734551865543,0.00690296393950086,final
deep_3x16,12,fc,2,4.075000,1.2866123758148447,0.006745293955398438,final
deep_3x16,12,fc,2,4.100000,1.2896241971206224,0.00659203543452906,final
deep_3x16,12,fc,2,4.125000,1.2926092260553885,0.0064430434078363,final
deep_3x16,12,fc,2,4.150000,1.2955677667445478,0.006298178337093973,final
deep_3x16,12,fc,2,4.175000,1.2985001204197604,0.006157305888229191,final
deep_3x16,12,fc,2,4.200000,1.3014065853586956,0.006020296714986096,final
deep_3x16,12,fc,2,4.225000,1.3042874568318281,0.005887026252428785,final
deep_3x16,12,fc,2,4.250000,1.3071430270559397,0.005757374519800969,final
deep_3x16,12,fc,2,4.275000,1.309973585153981,0.005631225932281169,final
deep_3x16,12,fc,2,4.300000,1.3127794171209364,0.005508469121209777,final
deep_3x16,12,fc,2,4.325000,1.3155608057953654,0.005388996762367058,final
deep_3x16,12,fc,2,4.350000,1.3183180308362838,0.005272705411922309,final
deep_3x16,12,fc,2,4.375000,1.3210513687050531,0.005159495349679465,final
deep_3x16,12,fc,2,4.400000,1.3237610926519703,0.005049270429270179,final
deep_3x16,12,fc,2,4.425000,1.326447472707247,0.004941937934961711,final
deep_3x16,12,fc,2,4.450000,1.3291107756760947,0.004837408444764286,final
deep_3x16,12,fc,2,4.475000,1.3317512651376113,0.004735595699538422,final
deep_3x16,12,fc,2,4.500000,1.3343692014472301,0.00463641647781682,final
deep_3x16,12,fc,2,4.525000,1.3369648417424442,0.004539790476073858,final
deep_3x16,12,fc,2,4.550000,1.3395384399515795,0.0044456401941804025,final
deep_3x16,12,fc,2,4.575000,1.3420902468053706,0.0043538908258078015,final
deep_3x16,12,fc,2,4.600000,1.3446205098511275,0.004264470153542824,final
deep_3x16,12,fc,2,4.625000,1.3471294734692771,0.004177308448501121,final
deep_3x16,12,fc,2,4.650000,1.349617378892083,0.00409233837422035,final
deep_3x16,12,fc,2,4.675000,1.352084464224352,0.004009494894645649,final
deep_3x16,12,fc,2,4.700000,1.3545309644659635,0.003928715186011864,final
deep_3x16,12,fc,2,4.725000,1.3569571115360364,0.003849938552444208,final
deep_3x16,12,fc,2,4.750000,1.359363134298597,0.0037731063451085585,final
deep_3x16,12,fc,2,4.775000,1.3617492585895867,0.003698161884748136,final
deep_3x16,12,fc,2,4.800000,1.3641157072450785,0.0036250503874534,final
deep_3x16,12,fc,2,4.825000,1.3664627001305782,0.0035537188935180495,final
deep_3x16,12,fc,2,4.850000,1.3687904541712763,0.0034841161992384935,final
deep_3x16,12,fc,2,4.875000,1.3710991833831523,0.003416192791532784,final
deep_3x16,12,fc,2,4.900000,1.3733890989048205,0.003349900785240403,final
deep_3x16,12,fc,2,4.925000,1.3756604090300204,0.0032851938629953315,final
deep_3x16,12,fc,2,4.950000,1.3779133192406536,0.0032220272175482114,final
deep_3x16,12,fc,2,4.975000,1.3801480322403037,0.003160357496432501,final
deep_3x16,12,fc,2,5.000000,1.3823647479881285,0.0031001427488730796,final
deep_3x16,12,fc,2,5.025000,1.3845636637330836,0.0030413423748346722,final
deep_3x16,12,fc,2,5.050000,1.3867449740483857,0.0029839170761159985,final
deep_3x16,12,fc,2,5.075000,1.3889088708661697,0.0029278288094051505,final
deep_3x16,12,fc,2,5.100000,1.3910555435122653,0.0028730407412039653,final
deep_3x16,12,fc,2,5.125000,1.3931851787410618,0.0028195172045440277,final
deep_3x16,12,fc,2,5.150000,1.3952979607703841,0.002767223657416334,final
deep_3x16,12,fc,2,5.175000,1.397394071316358,0.002716126642840039,final
deep_3x16,12,fc,2,5.200000,1.3994736896282163,0.0026661937504989823,final
deep_3x16,12,fc,2,5.225000,1.4015369925229952,0.0026173935798797948,final
deep_3x16,12,fc,2,5.250000,1.403584154420106,0.00256969570484818,final
deep_3x16,12,fc,2,5.275000,1.4056153473757336,0.002523070639600119,final
deep_3x16,12,fc,2,5.300000,1.4076307411170423,0.002477489805931105,final
deep_3x16,12,fc,2,5.325000,1.409630503076154,0.0024329255017677574,final
deep_3x16,12,fc,2,5.350000,1.4116147984238887,0.002389350870906149,final
deep_3x16,12,fc,2,5.375000,1.4135837901032244,0.0023467398739123713,final
deep_3x16,12,fc,2,5.400000,1.415537638862476,0.002305067260127343,final
deep_3x16,12,fc,2,5.425000,1.4174765032881664,0.0022643085407395933,final
deep_3x16,12,fc,2,5.450000,1.4194005398375724,0.0022244399628739303,final
deep_3x16,12,fc,2,5.475000,1.4213099028709388,0.002185438484659717,final
deep_3x16,12,fc,2,5.500000,1.4232047446833374,0.002147281751233332,final
deep_3x16,12,fc,2,5.525000,1.4250852155361706,0.00210994807163994,final
deep_3x16,12,fc,2,5.550000,1.426951463688305,0.002073416396598594,final
deep_3x16,12,fc,2,5.575000,1.4288036354268212,0.002037666297088671,final
deep_3x16,12,fc,2,5.600000,1.4306418750973857,0.002002677943734377,final
deep_3x16,12,fc,2,5.625000,1.4324663251342262,0.0019684320869470203,final
deep_3x16,12,fc,2,5.650000,1.434277126089711,0.001934910037795905,final
deep_3x16,12,fc,2,5.675000,1.4360744166635295,0.0019020936495821128,final
deep_3x16,12,fc,2,5.700000,1.4378583337314674,0.0018699653000843219,final
deep_3x16,12,fc,2,5.725000,1.439629012373776,0.0018385078744475162,final
deep_3x16,12,fc,2,5.750000,1.441386585903134,0.001807704748695522,final
deep_3x16,12,fc,2,5.775000,1.4431311858921958,0.0017775397738341902,final
deep_3x16,12,fc,2,5.800000,1.4448629422007424,0.0017479972605298807,final
deep_3x16,12,fc,2,5.825000,1.4465819830024078,0.0017190619643353434,final
deep_3x16,12,fc,2,5.850000,1.448288434811006,0.0016907190714431513,final
deep_3x16,12,fc,2,5.875000,1.4499824225064541,0.0016629541849460688,final
deep_3x16,12,fc,2,5.900000,1.4516640693602818,0.0016357533115849763,final
deep_3x16,12,fc,2,5.925000,1.4533334970607432,0.0016091028489635777,final
deep_3x16,12,fc,2,5.950000,1.454990825737526,0.0015829895732162476,final
deep_3x16,12,fc,2,5.975000,1.456636173986063,0.0015574006271040614,final
deep_3x16,12,fc,2,6.000000,1.45826965889145,0.0015323235085293945,final
deep_3x16,12,fc,5,0.000000,1.0,0.9999990149527557,final
deep_3x16,12,fc,5,0.025000,0.9996770720720389,0.9995535545956326,final
deep_3x16,12,fc,5,0.050000,0.9987099240702564,0.9982182550348954,final
deep_3x16,12,fc,5,0.075000,0.9971035000823318,0.9959963639857915,final
deep_3x16,12,fc,5,0.100000,0.9948660917608568,0.9928933046151531,final
deep_3x16,12,fc,5,0.125000,0.9920093280379345,0.988916689954814,final
deep_3x16,12,fc,5,0.150000,0.9885481009080694,0.9840763410260884,final
deep_3x16,12,fc,5,0.175000,0.9845004160428007,0.9783843067201043,final
deep_3x16,12,fc,5,0.200000,0.9798871627912116,0.9718548830579382,final
deep_3x16,12,fc,5,0.225000,0.9747318081366793,0.9645046291303571,final
deep_3x16,12,fc,5,0.250000,0.969060032510209,0.95635237680383,final
deep_3x16,12,fc,5,0.275000,0.9628993402098998,0.9474192311874634,final
deep_3x16,12,fc,5,0.300000,0.9562786909990137,0.9377285588901255,final
deep_3x16,12,fc,5,0.325000,0.9492282092661777,0.9273059612587633,final
deep_3x16,12,fc,5,0.350000,0.9417790299536908,0.9161792300730569,final
deep_3x16,12,fc,5,0.375000,0.9339633338493242,0.904378283568314,final
deep_3x16,12,fc,5,0.400000,0.925814607407077,0.8919350811532322,final
deep_3x16,12,fc,5,0.425000,0.9173681341498223,0.8788835157629997,final
deep_3x16,12,fc,5,0.450000,0.9086616879251812,0.8652592834188174,final
deep_3x16,12,fc,5,0.475000,0.8997363569200768,0.8510997302275789,final
deep_3x16,12,fc,5,0.500000,0.8906373875056954,0.8364436777241008,final
deep_3x16,12,fc,5,0.525000,0.8814149064206779,0.8213312281068833,final
deep_3x16,12,fc,5,0.550000,0.8721243668817493,0.8058035515220902,final
deep_3x16,12,fc,5,0.575000,0.8628265762097529,0.789902658086808,final
deep_3x16,12,fc,5,0.600000,0.8535872032005605,0.7736711577926741,final
deep_3x16,12,fc,5,0.625000,0.8444757303637579,0.7571520117798487,final
deep_3x16,12,fc,5,0.650000,0.8355638992876171,0.7403882787090609,final
deep_3x16,12,fc,5,0.675000,0.8269237800991265,0.7234228600810844,final
deep_3x16,12,fc,5,0.700000,0.8186256590348228,0.7062982483585597,final
deep_3x16,12,fc,5,0.725000,0.8107359659478217,0.6890562816393245,final
deep_3x16,12,fc,5,0.750000,0.8033154500026751,0.6717379084223036,final
deep_3x16,12,fc,5,0.775000,0.7964177624853793,0.6543829657089731,final
deep_3x16,12,fc,5,0.800000,0.7900885355482967,0.6370299733105577,final
deep_3x16,12,fc,5,0.825000,0.7843649730961177,0.6197159468002725,final
deep_3x16,12,fc,5,0.850000,0.7792759099740911,0.6024762310788355,final
deep_3x16,12,fc,5,0.875000,0.7748422560304884,0.5853443560278541,final
deep_3x16,12,fc,5,0.900000,0.7710777229447464,0.5683519152265687,final
deep_3x16,12,fc,5,0.925000,0.767989729537402,0.5515284682184035,final
deep_3x16,12,fc,5,0.950000,0.7655803897221684,0.5349014663486072,final
deep_3x16,12,fc,5,0.975000,0.7638475013922613,0.5184962017644935,final
deep_3x16,12,fc,5,1.000000,0.7627854712293175,0.5023357787844921,final
deep_3x16,12,fc,5,1.025000,0.7623861280155415,0.4864411065080455,final
deep_3x16,12,fc,5,1.050000,0.7626393945245996,0.4708309112594444,final
deep_3x16,12,fc,5,1.075000,0.7635338045624909,0.45552176723692184,final
deep_3x16,12,fc,5,1.100000,0.7650568662515476,0.44052814357346226,final
deep_3x16,12,fc,5,1.125000,0.76719528430209,0.42586246590588206,final
deep_3x16,12,fc,5,1.150000,0.7699350622203089,0.41153519049035014,final
deep_3x16,12,fc,5,1.175000,0.7732615100548279,0.3975548888910253,final
deep_3x16,12,fc,5,1.200000,0.7771591847537067,0.38392834129850273,final
deep_3x16,12,fc,5,1.225000,0.7816117891828972,0.370660636600358,final
deep_3x16,12,fc,5,1.250000,0.7866020531685906,0.3577552774211005,final
deep_3x16,12,fc,5,1.275000,0.7921116163336119,0.34521428846717805,final
deep_3x16,12,fc,5,1.300000,0.7981209285881911,0.3330383266483743,final
deep_3x16,12,fc,5,1.325000,0.8046091802778822,0.32122679159448314,final
deep_3x16,12,fc,5,1.350000,0.8115542703683669,0.30977793534049813,final
deep_3x16,12,fc,5,1.375000,0.818932817717764,0.2986889701102368,final
deep_3x16,12,fc,5,1.400000,0.8267202174575344,0.2879561732835211,final
deep_3x16,12,fc,5,1.425000,0.8348907417763315,0.277574988782547,final
deep_3x16,12,fc,5,1.450000,0.8434176820026096,0.26754012425636026,final
deep_3x16,12,fc,5,1.475000,0.8522735268601046,0.25784564357642004,final
deep_3x16,12,fc,5,1.500000,0.8614301701835138,0.24848505427970202,final
deep_3x16,12,fc,5,1.525000,0.870859140278738,0.2394513897077521,final
deep_3x16,12,fc,5,1.550000,0.8805318425171031,0.2307372856900662,final
deep_3x16,12,fc,5,1.575000,0.8904198066571526,0.2223350517080542,final
deep_3x16,12,fc,5,1.600000,0.9004949307478597,0.2142367365518528,final
deep_3x16,12,fc,5,1.625000,0.9107297142120926,0.20643418854680623,final
deep_3x16,12,fc,5,1.650000,0.92109747374809,0.198919110480207,final
deep_3x16,12,fc,5,1.675000,0.9315725369202889,0.19168310940259609,final
deep_3x16,12,fc,5,1.700000,0.9421304096408557,0.1847177415124742,final
deep_3x16,12,fc,5,1.725000,0.9527479150806951,0.17801455235952063,final
deep_3x16,12,fc,5,1.750000,0.9634033028192007,0.1715651126203154,final
deep_3x16,12,fc,5,1.775000,0.9740763281885608,0.16536104971299231,final
deep_3x16,12,fc,5,1.800000,0.9847483027524674,0.15939407552411586,final
deep_3x16,12,fc,5,1.825000,0.9954021176590663,0.1536560105231757,final
deep_3x16,12,fc,5,1.850000,1.006022242217368,0.14813880453823608,final
deep_3x16,12,fc,5,1.875000,1.0165947004707956,0.14283455446115373,final
deep_3x16,12,fc,5,1.900000,1.0271070287955661,0.13773551914301999,final
deep_3x16,12,fc,5,1.925000,1.037548217655918,0.13283413173068498,final
deep_3x16,12,fc,5,1.950000,1.0479086406267075,0.12812300968388157,final
deep_3x16,12,fc,5,1.975000,1.0581799736717696,0.12359496270000238,final
deep_3x16,12,fc,5,2.000000,1.0683551074682303,0.11924299876040963,final
deep_3x16,12,fc,5,2.025000,1.078428055315294,0.11506032849854929,final
deep_3x16,12,fc,5,2.050000,1.0883938588811732,0.11104036807640862,final
deep_3x16,12,fc,5,2.075000,1.098248493740719,0.10717674074218457,final
deep_3x16,12,fc,5,2.100000,1.1079887763529404,0.10346327722860513,final
deep_3x16,12,fc,5,2.125000,1.1176122738328969,0.09989401513832925,final
deep_3x16,12,fc,5,2.150000,1.127117217594288,0.09646319745030717,final
deep_3x16,12,fc,5,2.175000,1.136502421683203,0.09316527026902503,final
deep_3x16,12,fc,5,2.200000,1.1457672063932471,0.08999487992723759,final
deep_3x16,12,fc,5,2.225000,1.1549113275493845,0.08694686954211561,final
deep_3x16,12,fc,5,2.250000,1.163934911672707,0.0840162751147613,final
deep_3x16,12,fc,5,2.275000,1.1728383970902336,0.08119832125375193,final
deep_3x16,12,fc,5,2.300000,1.1816224809313758,0.07848841659474731,final
deep_3x16,12,fc,5,2.325000,1.1902880718539104,0.07588214898026313,final
deep_3x16,12,fc,5,2.350000,1.1988362482650037,0.07337528045640314,final
deep_3x16,12,fc,5,2.375000,1.2072682217445843,0.0709637421366524,final
deep_3x16,12,fc,5,2.400000,1.2155853053368482,0.06864362897674837,final
deep_3x16,12,fc,5,2.425000,1.2237888863485005,0.06641119449909502,final
deep_3x16,12,fc,5,2.450000,1.2318804032773087,0.06426284550016602,final
deep_3x16,12,fc,5,2.475000,1.2398613264895928,0.06219513676981234,final
deep_3x16,12,fc,5,2.500000,1.2477331422685896,0.060204765847302694,final
deep_3x16,12,fc,5,2.525000,1.2554973398654463,0.05828856783526772,final
deep_3x16,12,fc,5,2.550000,1.2631554011995332,0.05644351028943357,final
deep_3x16,12,fc,5,2.575000,1.2707087928735024,0.05466668819911841,final
deep_3x16,12,fc,5,2.600000,1.2781589601899128,0.05295531907085509,final
deep_3x16,12,fc,5,2.625000,1.2855073228794527,0.05130673812520908,final
deep_3x16,12,fc,5,2.650000,1.2927552722749123,0.04971839361481907,final
deep_3x16,12,fc,5,2.675000,1.2999041696895777,0.048187842269903004,final
deep_3x16,12,fc,5,2.700000,1.3069553457829466,0.046712744875897896,final
deep_3x16,12,fc,5,2.725000,1.3139101007203955,0.045290861986530255,final
deep_3x16,12,fc,5,2.750000,1.320769704956087,0.04392004977442389,final
deep_3x16,12,fc,5,2.775000,1.3275354004900035,0.04259825602031256,final
deep_3x16,12,fc,5,2.800000,1.334208402470126,0.04132351624104625,final
deep_3x16,12,fc,5,2.825000,1.340789901029527,0.04009394995580804,final
deep_3x16,12,fc,5,2.850000,1.3472810632652916,0.03890775708931617,final
deep_3x16,12,fc,5,2.875000,1.3536830352817995,0.037763214510238105,final
deep_3x16,12,fc,5,2.900000,1.3599969442349686,0.036658672702594416,final
deep_3x16,12,fc,5,2.925000,1.3662239003265861,0.03559255256754023,final
deep_3x16,12,fc,5,2.950000,1.372364998708955,0.034563342352615975,final
deep_3x16,12,fc,5,2.975000,1.3784213212697587,0.03356959470530945,final
deep_3x16,12,fc,5,3.000000,1.3843939382754806,0.03260992384757856,final
deep_3x16,12,fc,5,3.025000,1.390283909858867,0.03168300286784069,final
deep_3x16,12,fc,5,3.050000,1.3960922873420205,0.030787561126827977,final
deep_3x16,12,fc,5,3.075000,1.4018201143918023,0.02992238177364323,final
deep_3x16,12,fc,5,3.100000,1.4074684280083285,0.02908629936830695,final
deep_3x16,12,fc,5,3.125000,1.413038259350737,0.028278197607078143,final
deep_3x16,12,fc,5,3.150000,1.4185306344070083,0.02749700714683811,final
deep_3x16,12,fc,5,3.175000,1.423946574516606,0.02674170352486146,final
deep_3x16,12,fc,5,3.200000,1.429287096756156,0.026011305170332698,final
deep_3x16,12,fc,5,3.225000,1.4345532141993693,0.025304871504035504,final
deep_3x16,12,fc,5,3.250000,1.439745936062965,0.024621501122705596,final
deep_3x16,12,fc,5,3.275000,1.4448662677506239,0.02396033006461559,final
deep_3x16,12,fc,5,3.300000,1.449915210806951,0.02332053015304608,final
deep_3x16,12,fc,5,3.325000,1.4548937627931982,0.022701307414390606,final
deep_3x16,12,fc,5,3.350000,1.459802917096063,0.022101900567731217,final
deep_3x16,12,fc,5,3.375000,1.4646436626803276,0.02152157958282148,final
deep_3x16,12,fc,5,3.400000,1.4694169837954574,0.020959644303520642,final
deep_3x16,12,fc,5,3.425000,1.4741238596455521,0.020415423133807592,final
deep_3x16,12,fc,5,3.450000,1.4787652640312894,0.019888271783622076,final
deep_3x16,12,fc,5,3.475000,1.4833421649717153,0.019377572071868618,final
deep_3x16,12,fc,5,3.500000,1.4878555243129663,0.018882730784027312,final
deep_3x16,12,fc,5,3.525000,1.4923062973302217,0.01840317858190917,final
deep_3x16,12,fc,5,3.550000,1.4966954323284647,0.017938368963193514,final
deep_3x16,12,fc,5,3.575000,1.5010238702468965,0.017487777268482583,final
deep_3x16,12,fc,5,3.600000,1.5052925442711838,0.017050899733695963,final
deep_3x16,12,fc,5,3.625000,1.5095023794571043,0.01662725258572584,final
deep_3x16,12,fc,5,3.650000,1.5136542923685388,0.01621637117935688,final
deep_3x16,12,fc,5,3.675000,1.5177491907322593,0.015817809173541454,final
deep_3x16,12,fc,5,3.700000,1.5217879731114523,0.015431137745210538,final
deep_3x16,12,fc,5,3.725000,1.5257715285994826,0.015055944838867765,final
deep_3x16,12,fc,5,3.750000,1.529700736535011,0.014691834450308115,final
deep_3x16,12,fc,5,3.775000,1.5335764662392295,0.014338425942863312,final
deep_3x16,12,fc,5,3.800000,1.53739957677566,0.013995353394657682,final
deep_3x16,12,fc,5,3.825000,1.5411709167327194,0.013662264975421378,final
deep_3x16,12,fc,5,3.850000,1.5448913240289897,0.013338822351480577,final
deep_3x16,12,fc,5,3.875000,1.548561625740956,0.0130247001176001,final
deep_3x16,12,fc,5,3.900000,1.552182637952804,0.012719585254425991,final
deep_3x16,12,fc,5,3.925000,1.5557551656277286,0.012423176610320625,final
deep_3x16,12,fc,5,3.950000,1.5592800025000875,0.012135184406454037,final
deep_3x16,12,fc,5,3.975000,1.5627579309876558,0.011855329764055456,final
deep_3x16,12,fc,5,4.000000,1.566189722123144,0.011583344252793145,final
deep_3x16,12,fc,5,4.025000,1.569576135504124,0.011318969459285231,final
deep_3x16,12,fc,5,4.050000,1.5729179192604326,0.011061956574806305,final
deep_3x16,12,fc,5,4.075000,1.5762158100381274,0.010812066001288487,final
deep_3x16,12,fc,5,4.100000,1.5794705329990435,0.010569066974763647,final
deep_3x16,12,fc,5,4.125000,1.5826828018350048,0.010332737205431649,final
deep_3x16,12,fc,5,4.150000,1.5858533187957429,0.010102862533580738,final
deep_3x16,12,fc,5,4.175000,1.5889827747295973,0.009879236600621332,final
deep_3x16,12,fc,5,4.200000,1.5920718491360901,0.009661660534531725,final
deep_3x16,12,fc,5,4.225000,1.5951212102294878,0.009449942649044966,final
deep_3x16,12,fc,5,4.250000,1.598131515012489,0.009243898155941826,final
deep_3x16,12,fc,5,4.275000,1.6011034093592214,0.00904334888984183,final
deep_3x16,12,fc,5,4.300000,1.6040375281067485,0.008848123044917012,final
deep_3x16,12,fc,5,4.325000,1.60693449515433,0.00865805492297805,final
deep_3x16,12,fc,5,4.350000,1.60979492356971,0.008472984692407837,final
deep_3x16,12,fc,5,4.375000,1.612619415701748,0.008292758157448845,final
deep_3x16,12,fc,5,4.400000,1.6154085632987496,0.008117226537362866,final
deep_3x16,12,fc,5,4.425000,1.6181629476318657,0.007946246255021595,final
deep_3x16,12,fc,5,4.450000,1.620883139622994,0.007779678734485535,final
deep_3x16,12,fc,5,4.475000,1.623569699976636,0.007617390207175521,final
deep_3x16,12,fc,5,4.500000,1.6262231793151924,0.00745925152623505,final
deep_3x16,12,fc,5,4.525000,1.628844118317225,0.007305137988719207,final
deep_3x16,12,fc,5,4.550000,1.631433047858234,0.007154929165255192,final
deep_3x16,12,fc,5,4.575000,1.633990489153541,0.007008508736834862,final
deep_3x16,12,fc,5,4.600000,1.6365169539028757,0.006865764338424728,final
deep_3x16,12,fc,5,4.625000,1.6390129444363288,0.006726587409077422,final
deep_3x16,12,fc,5,4.650000,1.6414789538613148,0.006590873048268464,final
deep_3x16,12,fc,5,4.675000,1.643915466210254,0.0064585198781628465,final
deep_3x16,12,fc,5,4.700000,1.6463229565886812,0.006329429911565912,final
deep_3x16,12,fc,5,4.725000,1.6487018913235172,0.006203508425289461,final
deep_3x16,12,fc,5,4.750000,1.6510527281112735,0.006080663838708088,final
deep_3x16,12,fc,5,4.775000,1.6533759161659556,0.005960807597265741,final
deep_3x16,12,fc,5,4.800000,1.6556718963664734,0.005843854060718774,final
deep_3x16,12,fc,5,4.825000,1.6579411014033714,0.005729720395912886,final
deep_3x16,12,fc,5,4.850000,1.6601839559247076,0.005618326473881569,final
deep_3x16,12,fc,5,4.875000,1.662400876680939,0.0055095947710962845,final
deep_3x16,12,fc,5,4.900000,1.6645922726686615,0.005403450274670497,final
deep_3x16,12,fc,5,4.925000,1.666758545273095,0.005299820391357137,final
deep_3x16,12,fc,5,4.950000,1.6689000884091914,0.00519863486017101,final
deep_3x16,12,fc,5,4.975000,1.6710172886612755,0.005099825668480255,final
deep_3x16,12,fc,5,5.000000,1.6731105254211187,0.005003326971419181,final
deep_3x16,12,fc,5,5.025000,1.6751801710243783,0.004909075014477372,final
deep_3x16,12,fc,5,5.050000,1.6772265908853248,0.004817008059132411,final
deep_3x16,12,fc,5,5.075000,1.6792501436298048,0.004727066311396233,final
deep_3x16,12,fc,5,5.100000,1.6812511812263808,0.004639191853146637,final
deep_3x16,12,fc,5,5.125000,1.6832300491156047,0.004553328576135116,final
deep_3x16,12,fc,5,5.150000,1.68518708633739,0.004469422118547324,final
deep_3x16,12,fc,5,5.175000,1.687122625656449,0.0043874198040178055,final
deep_3x16,12,fc,5,5.200000,1.6890369936857734,0.0043072705829917705,final
deep_3x16,12,fc,5,5.225000,1.6909305110081292,0.004228924976334929,final
deep_3x16,12,fc,5,5.250000,1.6928034922955624,0.004152335021101629,final
deep_3x16,12,fc,5,5.275000,1.6946562464268973,0.004077454218365142,final
deep_3x16,12,fc,5,5.300000,1.6964890766032248,0.0040042374830345975,final
deep_3x16,12,fc,5,5.325000,1.6983022804613763,0.003932641095565119,final
deep_3x16,12,fc,5,5.350000,1.700096150185386,0.003862622655491328,final
deep_3x16,12,fc,5,5.375000,1.7018709726159449,0.0037941410367080836,final
deep_3x16,12,fc,5,5.400000,1.7036270293578537,0.003727156344421023,final
deep_3x16,12,fc,5,5.425000,1.7053645968854865,0.003661629873710311,final
deep_3x16,12,fc,5,5.450000,1.7070839466462722,0.0035975240696294233,final
deep_3x16,12,fc,5,5.475000,1.708785345162219,0.003534802488785088,final
deep_3x16,12,fc,5,5.500000,1.7104690541294822,0.00347342976233753,final
deep_3x16,12,fc,5,5.525000,1.712135330516011,0.0034133715603585552,final
deep_3x16,12,fc,5,5.550000,1.7137844266572761,0.003354594557501852,final
deep_3x16,12,fc,5,5.575000,1.7154165903501213,0.003297066399923296,final
deep_3x16,12,fc,5,5.600000,1.7170320649447344,0.0032407556734100657,final
deep_3x16,12,fc,5,5.625000,1.7186310894347854,0.0031856318726634857,final
deep_3x16,12,fc,5,5.650000,1.7202138985457425,0.003131665371696122,final
deep_3x16,12,fc,5,5.675000,1.7217807228213928,0.003078827395293707,final
deep_3x16,12,fc,5,5.700000,1.7233317887085984,0.003027089991503894,final
deep_3x16,12,fc,5,5.725000,1.7248673186403083,0.0029764260051096687,final
deep_3x16,12,fc,5,5.750000,1.726387531116857,0.0029268090520475788,final
deep_3x16,12,fc,5,5.775000,1.727892640785577,0.002878213494739797,final
deep_3x16,12,fc,5,5.800000,1.729382858518752,0.002830614418296118,final
deep_3x16,12,fc,5,5.825000,1.7308583914899345,0.00278398760755835,final
deep_3x16,12,fc,5,5.850000,1.7323194432486666,0.002738309524953898,final
deep_3x16,12,fc,5,5.875000,1.7337662137936187,0.00269355728912338,final
deep_3x16,12,fc,5,5.900000,1.735198899644188,0.002649708654298654,final
deep_3x16,12,fc,5,5.925000,1.7366176939105722,0.0026067419903964785,final
deep_3x16,12,fc,5,5.950000,1.7380227863623565,0.0025646362638050363,final
deep_3x16,12,fc,5,5.975000,1.7394143634956372,0.0025233710188360442,final
deep_3x16,12,fc,5,6.000000,1.7407926085987102,0.002482926359813787,final
deep_3x16,15,fx,,0.000000,1.0,1.0,final
deep_3x16,15,fx,,0.025000,1.000060095266456,1.0001371734503082,final
deep_3x16,15,fx,,0.050000,1.0002401403373198,1.0005484131007953,final
deep_3x16,15,fx,,0.075000,1.000539560791301,1.0012328782849313,final
deep_3x16,15,fx,,0.100000,1.0009576992782654,1.002189172660767,final
deep_3x16,15,fx,,0.125000,1.001494046276257,1.0034153513166864,final
deep_3x16,15,fx,,0.150000,1.0021484428087861,1.0049089306249135,final
deep_3x16,15,fx,,0.175000,1.0029212529747797,1.0066669007499534,final
deep_3x16,15,fx,,0.200000,1.003813505156993,1.0086857406950527,final
deep_3x16,15,fx,,0.225000,1.0048270016436494,1.010961435747421,final
deep_3x16,15,fx,,0.250000,1.0059643971121612,1.0134894971626558,final
deep_3x16,15,fx,,0.275000,1.0072292469835913,1.0162649839108355,final
deep_3x16,15,fx,,0.300000,1.008626027072275,1.0192825262913066,final
deep_3x16,15,fx,,0.325000,1.0101601262445188,1.022536351210436,final
deep_3x16,15,fx,,0.350000,1.0118378139868032,1.0260203089066646,final
deep_3x16,15,fx,,0.375000,1.0136661848939923,1.0297279009001115,final
deep_3x16,15,fx,,0.400000,1.0156530821491998,1.0336523089397605,final
deep_3x16,15,fx,,0.425000,1.0178070021056576,1.0377864247198565,final
deep_3x16,15,fx,,0.450000,1.0201369821206911,1.0421228801384386,final
deep_3x16,15,fx,,0.475000,1.0226524738514842,1.0466540778748243,final
deep_3x16,15,fx,,0.500000,1.025363204314449,1.0513722220691275,final
deep_3x16,15,fx,,0.525000,1.028279027140105,1.056269348895353,final
deep_3x16,15,fx,,0.550000,1.0314097666209059,1.061337356830009,final
deep_3x16,15,fx,,0.575000,1.034765057339773,1.0665680364302768,final
deep_3x16,15,fx,,0.600000,1.0383541823637277,1.0719530994492863,final
deep_3x16,15,fx,,0.625000,1.0421859131649345,1.0774842071307018,final
deep_3x16,15,fx,,0.650000,1.0462683545609353,1.0831529975403624,final
deep_3x16,15,fx,,0.675000,1.0506087980151348,1.0889511118088369,final
deep_3x16,15,fx,,0.700000,1.0552135865774164,1.0948702191752313,final
deep_3x16,15,fx,,0.725000,1.060087994547953,1.1009020407391494,final
deep_3x16,15,fx,,0.750000,1.0652361245987227,1.1070383718441337,final
deep_3x16,15,fx,,0.775000,1.0706608245832478,1.1132711030320084,final
deep_3x16,15,fx,,0.800000,1.0763636256167537,1.119592239523111,final
deep_3x16,15,fx,,0.825000,1.0823447022432904,1.1259939191922888,final
deep_3x16,15,fx,,0.850000,1.0886028546654023,1.1324684290245925,final
deep_3x16,15,fx,,0.875000,1.0951355121499384,1.139008220047757,final
deep_3x16,15,fx,,0.900000,1.1019387559025795,1.1456059207506675,final
deep_3x16,15,fx,,0.925000,1.1090073589872063,1.152254349008086,final
deep_3x16,15,fx,,0.950000,1.116334840312981,1.1589465225418367,final
deep_3x16,15,fx,,0.975000,1.1239135293687494,1.1656756679574736,final
deep_3x16,15,fx,,1.000000,1.1317346382806626,1.172435228403129,final
deep_3x16,15,fx,,1.025000,1.139788337913044,1.1792188699038115,final
deep_3x16,15,fx,,1.050000,1.148063835110122,1.1860204864298936,final
deep_3x16,15,fx,,1.075000,1.1565494487512307,1.192834203762979,final
deep_3x16,15,fx,,1.100000,1.1652326830102662,1.1996543822257886,final
deep_3x16,15,fx,,1.125000,1.1741002970046628,1.2064756183452223,final
deep_3x16,15,fx,,1.150000,1.1831383708171435,1.2132927455194251,final
deep_3x16,15,fx,,1.175000,1.1923323686035228,1.220100833760554,final
deep_3x16,15,fx,,1.200000,1.201667200098636,1.2268951885850992,final
deep_3x16,15,fx,,1.225000,1.2111272822506995,1.2336713491231373,final
deep_3x16,15,fx,,1.250000,1.220696602920755,1.2404250855168273,final
deep_3x16,15,fx,,1.275000,1.230358788567161,1.2471523956769321,final
deep_3x16,15,fx,,1.300000,1.2400971776044745,1.2538495014641662,final
deep_3x16,15,fx,,1.325000,1.2498949007089428,1.2605128443598486,final
deep_3x16,15,fx,,1.350000,1.2597349687815984,1.2671390806877225,final
deep_3x16,15,fx,,1.375000,1.2696003686273987,1.2737250764459462,final
deep_3x16,15,fx,,1.400000,1.2794741657227673,1.2802679018052352,final
deep_3x16,15,fx,,1.425000,1.2893396127818495,1.2867648253259727,final
deep_3x16,15,fx,,1.450000,1.2991802622461859,1.2932133079438641,final
deep_3x16,15,fx,,1.475000,1.3089800803562777,1.2996109967704328,final
deep_3x16,15,fx,,1.500000,1.3187235601474585,1.3059557187513589,final
deep_3x16,15,fx,,1.525000,1.3283958305633465,1.3122454742224083,final
deep_3x16,15,fx,,1.550000,1.3379827589006839,1.3184784303994812,final
deep_3x16,15,fx,,1.575000,1.3474710439791304,1.3246529148361825,final
deep_3x16,15,fx,,1.600000,1.3568482977473564,1.330767408879276,final
deep_3x16,15,fx,,1.625000,1.3661031134631292,1.3368205411494571,final
deep_3x16,15,fx,,1.650000,1.3752251190858544,1.3428110810720784,final
deep_3x16,15,fx,,1.675000,1.3842050150594234,1.3487379324797883,final
deep_3x16,15,fx,,1.700000,1.3930345962068404,1.3546001273065218,final
deep_3x16,15,fx,,1.725000,1.4017067579753593,1.360396819389886,final
deep_3x16,15,fx,,1.750000,1.4102154877366935,1.3661272783967613,final
deep_3x16,15,fx,,1.775000,1.4185558422427458,1.3717908838848296,final
deep_3x16,15,fx,,1.800000,1.426723912651562,1.3773871195108214,final
deep_3x16,15,fx,,1.825000,1.4347167787657107,1.3829155673944546,final
deep_3x16,15,fx,,1.850000,1.4425324542666775,1.3883759026453952,final
deep_3x16,15,fx,,1.875000,1.4501698247895531,1.3937678880590432,final
deep_3x16,15,fx,,1.900000,1.4576285806711407,1.3990913689855675,final
deep_3x16,15,fx,,1.925000,1.4649091461329309,1.4043462683753405,final
deep_3x16,15,fx,,1.950000,1.4720126065404733,1.4095325820027964,final
deep_3x16,15,fx,,1.975000,1.478940635225132,1.4146503738697032,final
deep_3x16,15,fx,,2.000000,1.4856954211751061,1.4196997717879212,final
deep_3x16,15,fx,,2.025000,1.4922795987106314,1.4246809631409094,final
deep_3x16,15,fx,,2.050000,1.4986961800629865,1.4295941908225116,final
deep_3x16,15,fx,,2.075000,1.504948491585811,1.4344397493509262,final
deep_3x16,15,fx,,2.100000,1.5110401141463445,1.4392179811552137,final
deep_3x16,15,fx,,2.125000,1.516974828077809,1.4439292730312083,final
deep_3x16,15,fx,,2.150000,1.5227565629250763,1.4485740527633122,final
deep_3x16,15,fx,,2.175000,1.5283893520855796,1.4531527859082907,final
deep_3x16,15,fx,,2.200000,1.5338772923366164,1.4576659727369123,final
deep_3x16,15,fx,,2.225000,1.539224508148418,1.4621141453290472,final
deep_3x16,15,fx,,2.250000,1.544435120608667,1.4664978648176454,final
deep_3x16,15,fx,,2.275000,1.5495132207271833,1.470817718776893,final
deep_3x16,15,fx,,2.300000,1.5544628468475332,1.475074318749721,final
deep_3x16,15,fx,,2.325000,1.5592879658636631,1.479268297909802,final
deep_3x16,15,fx,,2.350000,1.5639924579223996,1.483400308853113,final
deep_3x16,15,fx,,2.375000,1.5685801042850471,1.4874710215141502,final
deep_3x16,15,fx,,2.400000,1.5730545780216878,1.491481121201892,final
deep_3x16,15,fx,,2.425000,1.577419437218547,1.4954313067506453,final
deep_3x16,15,fx,,2.450000,1.5816781203905816,1.4993222887809725,final
deep_3x16,15,fx,,2.475000,1.5858339438070241,1.5031547880659621,final
deep_3x16,15,fx,,2.500000,1.5898901004558939,1.5069295339981974,final
deep_3x16,15,fx,,2.525000,1.5938496603936072,1.5106472631528727,final
deep_3x16,15,fx,,2.550000,1.5977155722469323,1.514308717942618,final
deep_3x16,15,fx,,2.575000,1.6014906656561128,1.5179146453597039,final
deep_3x16,15,fx,,2.600000,1.6051776544694363,1.5214657958014208,final
deep_3x16,15,fx,,2.625000,1.6087791405204863,1.5249629219745588,final
deep_3x16,15,fx,,2.650000,1.61229761783947,1.5284067778750356,final
deep_3x16,15,fx,,2.675000,1.6157354771691448,1.5317981178388593,final
deep_3x16,15,fx,,2.700000,1.6190950106737545,1.5351376956607474,final
deep_3x16,15,fx,,2.725000,1.622378416746002,1.538426263776851,final
deep_3x16,15,fx,,2.750000,1.625587804832319,1.5416645725081797,final
deep_3x16,15,fx,,2.775000,1.6287252002104997,1.5448533693614435,final
deep_3x16,15,fx,,2.800000,1.6317925486662426,1.5479933983841754,final
deep_3x16,15,fx,,2.825000,1.6347917210262175,1.5510853995711167,final
deep_3x16,15,fx,,2.850000,1.6377245175150683,1.5541301083189827,final
deep_3x16,15,fx,,2.875000,1.6405926719123305,1.5571282549268526,final
deep_3x16,15,fx,,2.900000,1.6433978554926147,1.5600805641395499,final
deep_3x16,15,fx,,2.925000,1.646141680738764,1.562987754731498,final
deep_3x16,15,fx,,2.950000,1.6488257048229908,1.5658505391286572,final
deep_3x16,15,fx,,2.975000,1.6514514328554655,1.5686696230662598,final
deep_3x16,15,fx,,3.000000,1.6540203209034339,1.5714457052801694,final
deep_3x16,15,fx,,3.025000,1.6565337787868577,1.5741794772298021,final
deep_3x16,15,fx,,3.050000,1.6589931726588272,1.5768716228506432,final
deep_3x16,15,fx,,3.075000,1.6613998273807125,1.5795228183344976,final
deep_3x16,15,fx,,3.100000,1.6637550287032254,1.5821337319357038,final
deep_3x16,15,fx,,3.125000,1.6660600252653894,1.5847050238016365,final
deep_3x16,15,fx,,3.150000,1.668316030423854,1.587237345825908,final
deep_3x16,15,fx,,3.175000,1.6705242239251725,1.5897313415227634,final
deep_3x16,15,fx,,3.200000,1.672685753433575,1.592187645921248,final
deep_3x16,15,fx,,3.225000,1.6748017359265026,1.5946068854777975,final
deep_3x16,15,fx,,3.250000,1.676873258969769,1.5969896780059818,final
deep_3x16,15,fx,,3.275000,1.6789013818836545,1.5993366326221994,final
deep_3x16,15,fx,,3.300000,1.680887136810646,1.601648349706187,final
deep_3x16,15,fx,,3.325000,1.6828315296948642,1.6039254208752762,final
deep_3x16,15,fx,,3.350000,1.6847355411824974,1.6061684289713845,final
deep_3x16,15,fx,,3.375000,1.6866001274518587,1.6083779480597964,final
deep_3x16,15,fx,,3.400000,1.6884262209809588,1.6105545434388309,final
deep_3x16,15,fx,,3.425000,1.690214731259781,1.6126987716595576,final
deep_3x16,15,fx,,3.450000,1.6919665454537554,1.6148111805547691,final
deep_3x16,15,fx,,3.475000,1.6936825290242903,1.6168923092764607,final
deep_3x16,15,fx,,3.500000,1.6953635263115845,1.6189426883411182,final
deep_3x16,15,fx,,3.525000,1.6970103610843763,1.6209628396821578,final
deep_3x16,15,fx,,3.550000,1.6986238370607447,1.622953276708899,final
deep_3x16,15,fx,,3.575000,1.7002047384035772,1.6249145043714908,final
deep_3x16,15,fx,,3.600000,1.7017538301938706,1.6268470192312494,final
deep_3x16,15,fx,,3.625000,1.703271858884621,1.6287513095359003,final
deep_3x16,15,fx,,3.650000,1.7047595527376742,1.630627855299244,final
deep_3x16,15,fx,,3.675000,1.7062176222455951,1.632477128384804,final
deep_3x16,15,fx,,3.700000,1.7076467605402925,1.6342995925930408,final
deep_3x16,15,fx,,3.725000,1.709047643789892,1.6360957037517374,final
deep_3x16,15,fx,,3.750000,1.7104209315851082,1.6378659098091999,final
deep_3x16,15,fx,,3.775000,1.7117672673161617,1.6396106509299275,final
deep_3x16,15,fx,,3.800000,1.7130872785411142,1.641330359592442,final
deep_3x16,15,fx,,3.825000,1.7143815773463462,1.6430254606889751,final
deep_3x16,15,fx,,3.850000,1.7156507606997509,1.6446963716267469,final
deep_3x16,15,fx,,3.875000,1.7168954107971335,1.6463435024305744,final
deep_3x16,15,fx,,3.900000,1.7181160954021832,1.6479672558465768,final
deep_3x16,15,fx,,3.925000,1.7193133681803285,1.6495680274467555,final
deep_3x16,15,fx,,3.950000,1.7204877690266978,1.651146205734246,final
deep_3x16,15,fx,,3.975000,1.7216398243883742,1.6527021722490547,final
deep_3x16,15,fx,,4.000000,1.722770047581069,1.654236301674099,final
deep_3x16,15,fx,,4.025000,1.723878939100318,1.6557489619413992,final
deep_3x16,15,fx,,4.050000,1.7249669869272692,1.6572405143382634,final
deep_3x16,15,fx,,4.075000,1.7260346668291056,1.6587113136133356,final
deep_3x16,15,fx,,4.100000,1.7270824426541405,1.6601617080823763,final
deep_3x16,15,fx,,4.125000,1.728110766621598,1.6615920397336599,final
deep_3x16,15,fx,,4.150000,1.729120079606098,1.663002644332885,final
deep_3x16,15,fx,,4.175000,1.7301108114168422,1.6643938515274967,final
deep_3x16,15,fx,,4.200000,1.731083381071516,1.6657659849503361,final
deep_3x16,15,fx,,4.225000,1.732038197064901,1.6671193623225302,final
deep_3x16,15,fx,,4.250000,1.732975657632207,1.668454295555556,final
deep_3x16,15,fx,,4.275000,1.733896151007133,1.6697710908524037,final
deep_3x16,15,fx,,4.300000,1.734800055674663,1.6710700488077885,final
deep_3x16,15,fx,,4.325000,1.7356877406186173,1.672351464507346,final
deep_3x16,15,fx,,4.350000,1.7365595655639723,1.6736156276257725,final
deep_3x16,15,fx,,4.375000,1.7374158812139815,1.6748628225238602,final
deep_3x16,15,fx,,4.400000,1.738257029482124,1.6760933283443924,final
deep_3x16,15,fx,,4.425000,1.739083343718908,1.6773074191068635,final
deep_3x16,15,fx,,4.450000,1.7398951489335843,1.6785053638009961,final
deep_3x16,15,fx,,4.475000,1.7406927620107993,1.6796874264790258,final
deep_3x16,15,fx,,4.500000,1.7414764919222459,1.6808538663467358,final
deep_3x16,15,fx,,4.525000,1.742246639933363,1.682004937853222,final
deep_3x16,15,fx,,4.550000,1.7430034998051376,1.6831408907793708,final
deep_3x16,15,fx,,4.575000,1.7437473579910805,1.6842619703250405,final
deep_3x16,15,fx,,4.600000,1.7444784938294269,1.685368417194935,final
deep_3x16,15,fx,,4.625000,1.7451971797306438,1.6864604676831623,final
deep_3x16,15,fx,,4.650000,1.7459036813603006,1.687538353756474,final
deep_3x16,15,fx,,4.675000,1.746598257817391,1.6886023031361845,final
deep_3x16,15,fx,,4.700000,1.7472811618081687,1.6896525393787643,final
deep_3x16,15,fx,,4.725000,1.7479526398155802,1.6906892819551151,final
deep_3x16,15,fx,,4.750000,1.7486129322643755,1.691712746328525,final
deep_3x16,15,fx,,4.775000,1.7492622736819703,1.69272314403131,final
deep_3x16,15,fx,,4.800000,1.7499008928551467,1.6937206827401463,final
deep_3x16,15,fx,,4.825000,1.7505290129826716,1.6947055663501032,final
deep_3x16,15,fx,,4.850000,1.7511468518239162,1.695677995047382,final
deep_3x16,15,fx,,4.875000,1.751754621843559,1.6966381653807714,final
deep_3x16,15,fx,,4.900000,1.7523525303524572,1.6975862703318307,final
deep_3x16,15,fx,,4.925000,1.7529407796447654,1.6985224993838095,final
deep_3x16,15,fx,,4.950000,1.7535195671313923,1.6994470385893194,final
deep_3x16,15,fx,,4.975000,1.7540890854698679,1.7003600706367672,final
deep_3x16,15,fx,,5.000000,1.7546495226907133,1.701261774915565,final
deep_3x16,15,fx,,5.025000,1.755201062320389,1.7021523275801298,final
deep_3x16,15,fx,,5.050000,1.7557438835009034,1.7030319016126885,final
deep_3x16,15,fx,,5.075000,1.7562781611061637,1.7039006668849015,final
deep_3x16,15,fx,,5.100000,1.7568040658551474,1.7047587902183228,final
deep_3x16,15,fx,,5.125000,1.7573217644219714,1.7056064354437073,final
deep_3x16,15,fx,,5.150000,1.7578314195429403,1.7064437634591885,final
deep_3x16,15,fx,,5.175000,1.7583331901206416,1.7072709322873345,final
deep_3x16,15,fx,,5.200000,1.7588272313251783,1.708088097131107,final
deep_3x16,15,fx,,5.225000,1.7593136946925911,1.7088954104287313,final
deep_3x16,15,fx,,5.250000,1.7597927282205659,1.7096930219075017,final
deep_3x16,15,fx,,5.275000,1.760264476461478,1.7104810786365339,final
deep_3x16,15,fx,,5.300000,1.7607290806128597,1.711259725078483,final
deep_3x16,15,fx,,5.325000,1.7611866786053452,1.7120291031402441,final
deep_3x16,15,fx,,5.350000,1.7616374051881727,1.7127893522226525,final
deep_3x16,15,fx,,5.375000,1.762081392012301,1.7135406092691985,final
deep_3x16,15,fx,,5.400000,1.7625187677112115,1.714283008813776,final
deep_3x16,15,fx,,5.425000,1.7629496579794524,1.7150166830274802,final
deep_3x16,15,fx,,5.450000,1.763374185648992,1.7157417617644724,final
deep_3x16,15,fx,,5.475000,1.763792470763442,1.7164583726069251,final
deep_3x16,15,fx,,5.500000,1.7642046306502035,1.7171666409090691,final
deep_3x16,15,fx,,5.525000,1.7646107799906028,1.717866689840354,final
deep_3x16,15,fx,,5.550000,1.7650110308880633,1.7185586404277413,final
deep_3x16,15,fx,,5.575000,1.7654054929343785,1.7192426115971444,final
deep_3x16,15,fx,,5.600000,1.7657942732741303,1.719918720214034,final
deep_3x16,15,fx,,5.625000,1.7661774766673133,1.7205870811232205,final
deep_3x16,15,fx,,5.650000,1.7665552055502092,1.721247807187832,final
deep_3x16,15,fx,,5.675000,1.7669275600945649,1.7219010093275047,final
deep_3x16,15,fx,,5.700000,1.7672946382651238,1.7225467965557948,final
deep_3x16,15,fx,,5.725000,1.7676565358755518,1.7231852760168345,final
deep_3x16,15,fx,,5.750000,1.7680133466428112,1.7238165530212408,final
deep_3x16,15,fx,,5.775000,1.7683651622400214,1.7244407310812953,final
deep_3x16,15,fx,,5.800000,1.7687120723478518,1.725057911945408,final
deep_3x16,15,fx,,5.825000,1.7690541647044926,1.7256681956318787,final
deep_3x16,15,fx,,5.850000,1.7693915251542371,1.7262716804619718,final
deep_3x16,15,fx,,5.875000,1.7697242376947244,1.7268684630923166,final
deep_3x16,15,fx,,5.900000,1.7700523845228746,1.727458638546647,final
deep_3x16,15,fx,,5.925000,1.7703760460795555,1.7280423002468948,final
deep_3x16,15,fx,,5.950000,1.770695301093024,1.728619540043648,final
deep_3x16,15,fx,,5.975000,1.7710102266211671,1.7291904482459888,final
deep_3x16,15,fx,,6.000000,1.771320898092586,1.7297551136507232,final
deep_3x16,15,fc,0.5,0.000000,1.0,0.9999961712608588,final
deep_3x16,15,fc,0.5,0.025000,1.0000551249980454,0.9983586646344352,final
deep_3x16,15,fc,0.5,0.050000,1.0002207202733675,0.9934854371990305,final
deep_3x16,15,fc,0.5,0.075000,1.0004985128250325,0.9854913576191164,final
deep_3x16,15,fc,0.5,0.100000,1.0008932642555732,0.9745583236306017,final
deep_3x16,15,fc,0.5,0.125000,1.0014133078073733,0.9609224860044977,final
deep_3x16,15,fc,0.5,0.150000,1.002069337626042,0.9448590526338713,final
deep_3x16,15,fc,0.5,0.175000,1.0028707054565693,0.9266665678644719,final
deep_3x16,15,fc,0.5,0.200000,1.0038186272052698,0.906652287270015,final
deep_3x16,15,fc,0.5,0.225000,1.0048960243432132,0.8851197735940066,final
deep_3x16,15,fc,0.5,0.250000,1.0060542125152414,0.8623592877190294,final
deep_3x16,15,fc,0.5,0.275000,1.007197274243989,0.838641066508284,final
deep_3x16,15,fc,0.5,0.300000,1.008165665599871,0.8142112349444125,final
deep_3x16,15,fc,0.5,0.325000,1.0087213350615902,0.7892899055662282,final
deep_3x16,15,fc,0.5,0.350000,1.0085372783362596,0.7640709501109981,final
deep_3x16,15,fc,0.5,0.375000,1.0071948970704967,0.738722947888542,final
deep_3x16,15,fc,0.5,0.400000,1.0041926426294754,0.7133908845188547,final
deep_3x16,15,fc,0.5,0.425000,0.9989690737353231,0.6881982632946789,final
deep_3x16,15,fc,0.5,0.450000,0.9909424858239719,0.663249379897375,final
deep_3x16,15,fc,0.5,0.475000,0.9795674723978994,0.6386315887919551,final
deep_3x16,15,fc,0.5,0.500000,0.9644058724295357,0.614417452116793,final
deep_3x16,15,fc,0.5,0.525000,0.9452053100214988,0.5906667090105318,final
deep_3x16,15,fc,0.5,0.550000,0.921973181864357,0.5674280368849434,final
deep_3x16,15,fc,0.5,0.575000,0.8950289010702326,0.5447405987383155,final
deep_3x16,15,fc,0.5,0.600000,0.8650154569098637,0.5226353848308631,final
deep_3x16,15,fc,0.5,0.625000,0.8328565556417673,0.5011363652156074,final
deep_3x16,15,fc,0.5,0.650000,0.7996592473961214,0.4802614735958944,final
deep_3x16,15,fc,0.5,0.675000,0.7665801869271331,0.46002344418289265,final
deep_3x16,15,fc,0.5,0.700000,0.734687654549729,0.4404305226879344,final
deep_3x16,15,fc,0.5,0.725000,0.7048527995300615,0.4214870710332323,final
deep_3x16,15,fc,0.5,0.750000,0.6776911496753242,0.4031940832949596,final
deep_3x16,15,fc,0.5,0.775000,0.6535566047159832,0.38554962812948085,final
deep_3x16,15,fc,0.5,0.800000,0.6325748452637493,0.36854923068108175,final
deep_3x16,15,fc,0.5,0.825000,0.6146969387455192,0.35218620484951263,final
deep_3x16,15,fc,0.5,0.850000,0.599756133537076,0.3364519448742073,final
deep_3x16,15,fc,0.5,0.875000,0.5875171262668348,0.3213361834989273,final
deep_3x16,15,fc,0.5,0.900000,0.577713424041649,0.306827222522449,final
deep_3x16,15,fc,0.5,0.925000,0.5700727664012272,0.2929121403100752,final
deep_3x16,15,fc,0.5,0.950000,0.5643326837774543,0.2795769798212084,final
deep_3x16,15,fc,0.5,0.975000,0.5602487836353537,0.2668069198795077,final
deep_3x16,15,fc,0.5,1.000000,0.5575980360673263,0.25458643175180856,final
deep_3x16,15,fc,0.5,1.025000,0.5561787440988711,0.24289942258726716,final
deep_3x16,15,fc,0.5,1.050000,0.5558083523921316,0.23172936687701973,final
deep_3x16,15,fc,0.5,1.075000,0.55631990668499,0.22105942680628568,final
deep_3x16,15,fc,0.5,1.100000,0.5575578393054383,0.21087256216631964,final
deep_3x16,15,fc,0.5,1.125000,0.5593737623295549,0.20115163035586586,final
deep_3x16,15,fc,0.5,1.150000,0.5616229959820652,0.1918794769158274,final
deep_3x16,15,fc,0.5,1.175000,0.5641625335121031,0.18303901699379402,final
deep_3x16,15,fc,0.5,1.200000,0.5668509632899377,0.1746133081159656,final
deep_3x16,15,fc,0.5,1.225000,0.5695505191291532,0.16658561464383392,final
deep_3x16,15,fc,0.5,1.250000,0.5721309769828015,0.15893946430447428,final
deep_3x16,15,fc,0.5,1.275000,0.5744746868534991,0.15165869720073666,final
deep_3x16,15,fc,0.5,1.300000,0.5764817582456155,0.14472750772673904,final
deep_3x16,15,fc,0.5,1.325000,0.5780743908545423,0.13813047983167853,final
deep_3x16,15,fc,0.5,1.350000,0.5791995592036516,0.13185261608906113,final
deep_3x16,15,fc,0.5,1.375000,0.5798296403122218,0.1258793610376418,final
deep_3x16,15,fc,0.5,1.400000,0.5799609958313185,0.12019661926408308,final
deep_3x16,15,fc,0.5,1.425000,0.5796108712873359,0.11479076869543448,final
deep_3x16,15,fc,0.5,1.450000,0.5788131860156107,0.1096486695622258,final
deep_3x16,15,fc,0.5,1.475000,0.5776138436429911,0.10475766948076473,final
deep_3x16,15,fc,0.5,1.500000,0.57606612356875,0.10010560508677041,final
deep_3x16,15,fc,0.5,1.525000,0.5742265693005897,0.09568080063249802,final
deep_3x16,15,fc,0.5,1.550000,0.5721516208843286,0.09147206393676467,final
deep_3x16,15,fc,0.5,1.575000,0.5698950846010109,0.08746868005254455,final
deep_3x16,15,fc,0.5,1.600000,0.5675064151041801,0.08366040299072135,final
deep_3x16,15,fc,0.5,1.625000,0.5650297095562116,0.08003744581183542,final
deep_3x16,15,fc,0.5,1.650000,0.5625032761177113,0.07659046937076666,final
deep_3x16,15,fc,0.5,1.675000,0.5599596312509819,0.07331056997272188,final
deep_3x16,15,fc,0.5,1.700000,0.5574257914963192,0.07018926617305912,final
deep_3x16,15,fc,0.5,1.725000,0.5549237467147746,0.06721848492863296,final
deep_3x16,15,fc,0.5,1.750000,0.552471026585959,0.06439054728477098,final
deep_3x16,15,fc,0.5,1.775000,0.550081296091018,0.0616981537598125,final
deep_3x16,15,fc,0.5,1.800000,0.5477649364568438,0.059134369568493717,final
deep_3x16,15,fc,0.5,1.825000,0.5455295846679217,0.05669260980638358,final
deep_3x16,15,fc,0.5,1.850000,0.5433806171479993,0.05436662470009754,final
deep_3x16,15,fc,0.5,1.875000,0.5413215720459217,0.05215048501211195,final
deep_3x16,15,fc,0.5,1.900000,0.5393545104029293,0.050038567674637165,final
deep_3x16,15,fc,0.5,1.925000,0.5374803200333731,0.0480255417141179,final
deep_3x16,15,fc,0.5,1.950000,0.5356989678488621,0.04610635451642435,final
deep_3x16,15,fc,0.5,1.975000,0.5340097071192028,0.04427621847262877,final
deep_3x16,15,fc,0.5,2.000000,0.532411246196556,0.042530598036290536,final
deep_3x16,15,fc,0.5,2.025000,0.5309018848292217,0.04086519721532707,final
deep_3x16,15,fc,0.5,2.050000,0.5294796235662651,0.03927594751474929,final
deep_3x16,15,fc,0.5,2.075000,0.528142251041735,0.03775899634064951,final
deep_3x16,15,fc,0.5,2.100000,0.5268874132136804,0.03631069587080901,final
deep_3x16,15,fc,0.5,2.125000,0.5257126679678471,0.03492759239300612,final
deep_3x16,15,fc,0.5,2.150000,0.5246155279033283,0.033606416108520214,final
deep_3x16,15,fc,0.5,2.175000,0.5235934936060139,0.032344071395319085,final
deep_3x16,15,fc,0.5,2.200000,0.5226440792842868,0.03113762752295615,final
deep_3x16,15,fc,0.5,2.225000,0.5217648322835503,0.029984309809202872,final
deep_3x16,15,fc,0.5,2.250000,0.5209533477030266,0.028881491206847024,final
deep_3x16,15,fc,0.5,2.275000,0.5202072791002463,0.027826684307850874,final
deep_3x16,15,fc,0.5,2.300000,0.51952434607661,0.026817533751129878,final
deep_3x16,15,fc,0.5,2.325000,0.5189023393830842,0.025851809019539436,final
deep_3x16,15,fc,0.5,2.350000,0.5183391240613351,0.024927397611219253,final
deep_3x16,15,fc,0.5,2.375000,0.5178326410363792,0.024042298570184424,final
deep_3x16,15,fc,0.5,2.400000,0.5173809074972198,0.02319461636096361,final
deep_3x16,15,fc,0.5,2.425000,0.5169820163379127,0.022382555072118837,final
deep_3x16,15,fc,0.5,2.450000,0.5166341348798739,0.021604412933645116,final
deep_3x16,15,fc,0.5,2.475000,0.5163355030544338,0.020858577133474034,final
deep_3x16,15,fc,0.5,2.500000,0.5160844311906878,0.020143518918636836,final
deep_3x16,15,fc,0.5,2.525000,0.5158792975259677,0.019457788967005542,final
deep_3x16,15,fc,0.5,2.550000,0.5157185455335639,0.01880001301595232,final
deep_3x16,15,fc,0.5,2.575000,0.5156006811436556,0.018168887734721407,final
deep_3x16,15,fc,0.5,2.600000,0.515524269918032,0.017563176827779654,final
deep_3x16,15,fc,0.5,2.625000,0.5154879342264529,0.016981707356906937,final
deep_3x16,15,fc,0.5,2.650000,0.5154903504619942,0.016423366270288828,final
deep_3x16,15,fc,0.5,2.675000,0.5155302463239994,0.01588709712737786,final
deep_3x16,15,fc,0.5,2.700000,0.5156063981900689,0.015371897008789036,final
deep_3x16,15,fc,0.5,2.725000,0.5157176285925664,0.014876813601008254,final
deep_3x16,15,fc,0.5,2.750000,0.5158628038102399,0.014400942446161183,final
deep_3x16,15,fc,0.5,2.775000,0.5160408315815592,0.01394342434758682,final
deep_3x16,15,fc,0.5,2.800000,0.5162506589431323,0.0135034429224213,final
deep_3x16,15,fc,0.5,2.825000,0.5164912701939469,0.013080222292847036,final
deep_3x16,15,fc,0.5,2.850000,0.5167616849841318,0.012673024908103358,final
deep_3x16,15,fc,0.5,2.875000,0.5170609565252964,0.012281149489774493,final
deep_3x16,15,fc,0.5,2.900000,0.5173881699183062,0.011903929093276212,final
deep_3x16,15,fc,0.5,2.925000,0.5177424405934251,0.0115407292788442,final
deep_3x16,15,fc,0.5,2.950000,0.5181229128571266,0.011190946385711102,final
deep_3x16,15,fc,0.5,2.975000,0.5185287585394727,0.010854005903492529,final
deep_3x16,15,fc,0.5,3.000000,0.5189591757357261,0.010529360935159847,final
deep_3x16,15,fc,0.5,3.025000,0.519413387635789,0.010216490746280376,final
deep_3x16,15,fc,0.5,3.050000,0.5198906414351069,0.00991489939552285,final
deep_3x16,15,fc,0.5,3.075000,0.5203902073208313,0.00962411444170394,final
deep_3x16,15,fc,0.5,3.100000,0.5209113775272248,0.009343685722933544,final
deep_3x16,15,fc,0.5,3.125000,0.521453465454602,0.009073184203666275,final
deep_3x16,15,fc,0.5,3.150000,0.5220158048463703,0.00881220088572273,final
deep_3x16,15,fc,0.5,3.175000,0.5225977490191079,0.00856034577956125,final
deep_3x16,15,fc,0.5,3.200000,0.5231986701409429,0.008317246932311853,final
deep_3x16,15,fc,0.5,3.225000,0.5238179585538687,0.008082549509281826,final
deep_3x16,15,fc,0.5,3.250000,0.5244550221359828,0.007855914925840547,final
deep_3x16,15,fc,0.5,3.275000,0.5251092856999823,0.007637020026771776,final
deep_3x16,15,fc,0.5,3.300000,0.5257801904245895,0.007425556310355653,final
deep_3x16,15,fc,0.5,3.325000,0.526467193315896,0.007221229194605152,final
deep_3x16,15,fc,0.5,3.350000,0.5271697666959214,0.007023757323232783,final
deep_3x16,15,fc,0.5,3.375000,0.5278873977159557,0.0068328719090709365,final
deep_3x16,15,fc,0.5,3.400000,0.52861958789252,0.006648316112797191,final
deep_3x16,15,fc,0.5,3.425000,0.5293658526640281,0.006469844454954951,final
deep_3x16,15,fc,0.5,3.450000,0.5301257209664266,0.006297222259364868,final
deep_3x16,15,fc,0.5,3.475000,0.5308987348263161,0.006130225126150202,final
deep_3x16,15,fc,0.5,3.500000,0.5316844489702086,0.005968638432691078,final
deep_3x16,15,fc,0.5,3.525000,0.532482430448758,0.005812256860931846,final
deep_3x16,15,fc,0.5,3.550000,0.5332922582749178,0.005660883949557558,final
deep_3x16,15,fc,0.5,3.575000,0.5341135230751242,0.005514331669634566,final
deep_3x16,15,fc,0.5,3.600000,0.5349458267526969,0.005372420022408773,final
deep_3x16,15,fc,0.5,3.625000,0.5357887821627615,0.0052349766580150085,final
deep_3x16,15,fc,0.5,3.650000,0.5366420127980519,0.0051018365139386904,final
deep_3x16,15,fc,0.5,3.675000,0.5375051524850604,0.0049728414721276004,final
deep_3x16,15,fc,0.5,3.700000,0.5383778450900228,0.004847840033726076,final
deep_3x16,15,fc,0.5,3.725000,0.5392597442343147,0.004726687010453871,final
deep_3x16,15,fc,0.5,3.750000,0.5401505130188519,0.0046092432317188185,final
deep_3x16,15,fc,0.5,3.775000,0.5410498237571407,0.004495375266596954,final
deep_3x16,15,fc,0.5,3.800000,0.5419573577166498,0.00438495515987154,final
deep_3x16,15,fc,0.5,3.825000,0.5428728048681994,0.004277860181360855,final
deep_3x16,15,fc,0.5,3.850000,0.5437958636430936,0.00417397258781929,final
deep_3x16,15,fc,0.5,3.875000,0.5447262406977316,0.004073179396726176,final
deep_3x16,15,fc,0.5,3.900000,0.5456636506854516,0.003975372171325868,final
deep_3x16,15,fc,0.5,3.925000,0.5466078160353728,0.003880446816315581,final
deep_3x16,15,fc,0.5,3.950000,0.547558466738026,0.0037883033836064225,final
deep_3x16,15,fc,0.5,3.975000,0.5485153401375407,0.0036988458876262074,final
deep_3x16,15,fc,0.5,4.000000,0.5494781807301962,0.0036119821296561735,final
deep_3x16,15,fc,0.5,4.025000,0.550446739969142,0.0035276235307199755,final
deep_3x16,15,fc,0.5,4.050000,0.5514207760750787,0.003445684972579932,final
deep_3x16,15,fc,0.5,4.075000,0.5524000538527323,0.0033660846464103494,final
deep_3x16,15,fc,0.5,4.100000,0.5533843445129218,0.0032887439087498005,final
deep_3x16,15,fc,0.5,4.125000,0.5543734255000591,0.0032135871443476484,final
deep_3x16,15,fc,0.5,4.150000,0.5553670803248926,0.003140541635555781,final
deep_3x16,15,fc,0.5,4.175000,0.5563650984023375,0.003069537437917249,final
deep_3x16,15,fc,0.5,4.200000,0.5573672748942181,0.003000507261639546,final
deep_3x16,15,fc,0.5,4.225000,0.5583734105567698,0.002933386358647509,final
deep_3x16,15,fc,0.5,4.250000,0.5593833115927378,0.002868112414932197,final
deep_3x16,15,fc,0.5,4.275000,0.5603967895079184,0.0028046254479229715,final
deep_3x16,15,fc,0.5,4.300000,0.5614136609720007,0.002742867708632816,final
deep_3x16,15,fc,0.5,4.325000,0.5624337476835586,0.0026827835883323843,final
deep_3x16,15,fc,0.5,4.350000,0.5634568762390484,0.0026243195295232785,final
deep_3x16,15,fc,0.5,4.375000,0.5644828780056879,0.0025674239410017246,final
deep_3x16,15,fc,0.5,4.400000,0.5655115889980674,0.002512047116799274,final
deep_3x16,15,fc,0.5,4.425000,0.5665428497583812,0.0024581411588165073,final
deep_3x16,15,fc,0.5,4.450000,0.5675765052401378,0.0024056599029599174,final
deep_3x16,15,fc,0.5,4.475000,0.5686124046952437,0.0023545588486135268,final
deep_3x16,15,fc,0.5,4.500000,0.5696504015643329,0.002304795091278237,final
deep_3x16,15,fc,0.5,4.525000,0.5706903533702374,0.0022563272582273074,final
deep_3x16,15,fc,0.5,4.550000,0.5717321216144837,0.002209115447027629,final
deep_3x16,15,fc,0.5,4.575000,0.572775571676714,0.002163121166787322,final
deep_3x16,15,fc,0.5,4.600000,0.5738205727169319,0.0021183072820026927,final
deep_3x16,15,fc,0.5,4.625000,0.5748669975804729,0.0020746379588730468,final
deep_3x16,15,fc,0.5,4.650000,0.5759147227056078,0.002032078613968704,final
deep_3x16,15,fc,0.5,4.675000,0.5769636280336847,0.0019905958651390177,final
deep_3x16,15,fc,0.5,4.700000,0.5780135969217319,0.0019501574845522565,final
deep_3x16,15,fc,0.5,4.725000,0.579064516057427,0.0019107323537686412,final
deep_3x16,15,fc,0.5,4.750000,0.5801162753763627,0.0018722904207485434,final
deep_3x16,15,fc,0.5,4.775000,0.5811687679815216,0.0018348026587054643,final
deep_3x16,15,fc,0.5,4.800000,0.5822218900649001,0.0017982410267173958,final
deep_3x16,15,fc,0.5,4.825000,0.5832755408311907,0.001762578432014152,final
deep_3x16,15,fc,0.5,4.850000,0.5843296224234749,0.0017277886938635106,final
deep_3x16,15,fc,0.5,4.875000,0.5853840398508505,0.0016938465089809934,final
deep_3x16,15,fc,0.5,4.900000,0.5864387009179282,0.0016607274183924714,final
deep_3x16,15,fc,0.5,4.925000,0.5874935161561426,0.001628407775686919,final
deep_3x16,15,fc,0.5,4.950000,0.5885483987568219,0.001596864716589041,final
deep_3x16,15,fc,0.5,4.975000,0.5896032645059478,0.0015660761297978003,final
deep_3x16,15,fc,0.5,5.000000,0.5906580317205734,0.001536020629028713,final
deep_3x16,15,fc,0.5,5.025000,0.5917126211868206,0.0015066775262095645,final
deep_3x16,15,fc,0.5,5.050000,0.5927669560994377,0.0014780268057724868,final
deep_3x16,15,fc,0.5,5.075000,0.5938209620028427,0.0014500490999996532,final
deep_3x16,15,fc,0.5,5.100000,0.594874566733627,0.0014227256653687938,final
deep_3x16,15,fc,0.5,5.125000,0.5959277003644626,0.0013960383598590484,final
deep_3x16,15,fc,0.5,5.150000,0.5969802951493813,0.0013699696211715122,final
deep_3x16,15,fc,0.5,5.175000,0.5980322854703739,0.001344502445826072,final
deep_3x16,15,fc,0.5,5.200000,0.599083607785284,0.001319620369094148,final
deep_3x16,15,fc,0.5,5.225000,0.6001342005769476,0.0012953074457320137,final
deep_3x16,15,fc,0.5,5.250000,0.6011840043035525,0.0012715482314793827,final
deep_3x16,15,fc,0.5,5.275000,0.6022329613501707,0.0012483277652897444,final
deep_3x16,15,fc,0.5,5.300000,0.6032810159814462,0.0012256315522594916,final
deep_3x16,15,fc,0.5,5.325000,0.6043281142953928,0.0012034455472299352,final
deep_3x16,15,fc,0.5,5.350000,0.60537420417828,0.0011817561390265222,final
deep_3x16,15,fc,0.5,5.375000,0.6064192352605712,0.0011605501353155188,final
deep_3x16,15,fc,0.5,5.400000,0.6074631588738905,0.0011398147480441024,final
deep_3x16,15,fc,0.5,5.425000,0.6085059280089882,0.0011195375794464772,final
deep_3x16,15,fc,0.5,5.450000,0.6095474972746808,0.0010997066085859438,final
deep_3x16,15,fc,0.5,5.475000,0.610587822857736,0.0010803101784139062,final
deep_3x16,15,fc,0.5,5.500000,0.6116268624836811,0.0010613369833224516,final
deep_3x16,15,fc,0.5,5.525000,0.6126645753785126,0.0010427760571714813,final
deep_3x16,15,fc,0.5,5.550000,0.6137009222312759,0.0010246167617677558,final
deep_3x16,15,fc,0.5,5.575000,0.6147358651575096,0.001006848775780092,final
deep_3x16,15,fc,0.5,5.600000,0.6157693676635096,0.0009894620840704305,final
deep_3x16,15,fc,0.5,5.625000,0.6168013946114159,0.000972446967424831,final
deep_3x16,15,fc,0.5,5.650000,0.6178319121850859,0.0009557939926686374,final
deep_3x16,15,fc,0.5,5.675000,0.6188608878567409,0.0009394940031462534,final
deep_3x16,15,fc,0.5,5.700000,0.6198882903543659,0.0009235381095562882,final
deep_3x16,15,fc,0.5,5.725000,0.6209140896298481,0.0009079176811237815,final
deep_3x16,15,fc,0.5,5.750000,0.6219382568278339,0.0008926243370957384,final
deep_3x16,15,fc,0.5,5.775000,0.6229607642552782,0.000877649938550017,final
deep_3x16,15,fc,0.5,5.800000,0.6239815853516928,0.0008629865805003556,final
deep_3x16,15,fc,0.5,5.825000,0.6250006946600543,0.0008486265842915688,final
deep_3x16,15,fc,0.5,5.850000,0.6260180677983634,0.0008345624902662513,final
deep_3x16,15,fc,0.5,5.875000,0.6270336814318525,0.0008207870506999125,final
deep_3x16,15,fc,0.5,5.900000,0.6280475132458079,0.0008072932229858862,final
deep_3x16,15,fc,0.5,5.925000,0.6290595419190056,0.0007940741630678401,final
deep_3x16,15,fc,0.5,5.950000,0.6300697470977408,0.0007811232191043099,final
deep_3x16,15,fc,0.5,5.975000,0.6310781093704454,0.0007684339253583744,final
deep_3x16,15,fc,0.5,6.000000,0.632084610242865,0.0007559999963054072,final
deep_3x16,15,fc,2,0.000000,1.0,0.9999979292399579,final
deep_3x16,15,fc,2,0.025000,0.9997033227349887,0.9992961010731113,final
deep_3x16,15,fc,2,0.050000,0.9988149035046854,0.9971948653968338,final
deep_3x16,15,fc,2,0.075000,0.9973398578184904,0.9937069079517921,final
deep_3x16,15,fc,2,0.100000,0.9952872406845958,0.9888531709729896,final
deep_3x16,15,fc,2,0.125000,0.9926703734021032,0.9826625583062567,final
deep_3x16,15,fc,2,0.150000,0.9895070181033512,0.9751715344708285,final
deep_3x16,15,fc,2,0.175000,0.9858193704593872,0.9664236288215278,final
deep_3x16,15,fc,2,0.200000,0.9816338528712085,0.95646885815437,final
deep_3x16,15,fc,2,0.225000,0.9769807112331463,0.9453630826547406,final
deep_3x16,15,fc,2,0.250000,0.9718934468275419,0.9331673109752425,final
deep_3x16,15,fc,2,0.275000,0.9664081480702413,0.919946970463837,final
deep_3x16,15,fc,2,0.300000,0.9605628193454256,0.9057711581949571,final
deep_3x16,15,fc,2,0.325000,0.9543968282790668,0.890711887570984,final
deep_3x16,15,fc,2,0.350000,0.9479505988662812,0.8748433439638938,final
deep_3x16,15,fc,2,0.375000,0.9412656560805693,0.8582411612720591,final
deep_3x16,15,fc,2,0.400000,0.9343850709846476,0.8409817294902436,final
deep_3x16,15,fc,2,0.425000,0.9273542637224218,0.8231415415386202,final
deep_3x16,15,fc,2,0.450000,0.920222005255016,0.8047965857616002,final
deep_3x16,15,fc,2,0.475000,0.9130413393626728,0.7860217887637229,final
deep_3x16,15,fc,2,0.500000,0.905870056102559,0.7668905116525188,final
deep_3x16,15,fc,2,0.525000,0.8987703220293587,0.7474741013425734,final
deep_3x16,15,fc,2,0.550000,0.8918071409299017,0.72784149735908,final
deep_3x16,15,fc,2,0.575000,0.8850454956174381,0.7080588935663934,final
deep_3x16,15,fc,2,0.600000,0.878546294898914,0.6881894534295714,final
deep_3x16,15,fc,2,0.625000,0.8723615757037851,0.668293076778535,final
deep_3x16,15,fc,2,0.650000,0.8665297104606747,0.6484262155643347,final
deep_3x16,15,fc,2,0.675000,0.8610715451210639,0.6286417357517053,final
deep_3x16,15,fc,2,0.700000,0.8559883546810992,0.6089888222581751,final
deep_3x16,15,fc,2,0.725000,0.8512622141135251,0.589512923705394,final
deep_3x16,15,fc,2,0.750000,0.8468588924499081,0.570255733673549,final
deep_3x16,15,fc,2,0.775000,0.8427328194646696,0.551255205128223,final
deep_3x16,15,fc,2,0.800000,0.8388332195087285,0.5325455947076924,final
deep_3x16,15,fc,2,0.825000,0.8351102955309784,0.5141575336073486,final
deep_3x16,15,fc,2,0.850000,0.8315204299978852,0.49611812186950627,final
deep_3x16,15,fc,2,0.875000,0.8280296977125224,0.4784510429764151,final
deep_3x16,15,fc,2,0.900000,0.8246154365312004,0.4611766957488485,final
deep_3x16,15,fc,2,0.925000,0.8212660565824185,0.4443123406704296,final
deep_3x16,15,fc,2,0.950000,0.817979579331634,0.4278722578879763,final
deep_3x16,15,fc,2,0.975000,0.8147615341716301,0.4118679142800541,final
deep_3x16,15,fc,2,1.000000,0.8116228082475713,0.39630813713912205,final
deep_3x16,15,fc,2,1.025000,0.8085778905885118,0.38119929217645976,final
deep_3x16,15,fc,2,1.050000,0.8056437371891243,0.3665454637324295,final
deep_3x16,15,fc,2,1.075000,0.8028392703787538,0.35234863525610427,final
deep_3x16,15,fc,2,1.100000,0.8001853599748129,0.3386088683060421,final
deep_3x16,15,fc,2,1.125000,0.7977050411363977,0.325324478515772,final
deep_3x16,15,fc,2,1.150000,0.7954237090957818,0.31249220716094483,final
deep_3x16,15,fc,2,1.175000,0.7933690808229373,0.3001073871574854,final
deep_3x16,15,fc,2,1.200000,0.7915708034341636,0.28816410250883695,final
deep_3x16,15,fc,2,1.225000,0.790059690300259,0.27665534040303363,final
deep_3x16,15,fc,2,1.250000,0.7888666534458934,0.2655731353345545,final
deep_3x16,15,fc,2,1.275000,0.7880214587700644,0.2549087047897165,final
deep_3x16,15,fc,2,1.300000,0.78755145320917,0.24465257618608027,final
deep_3x16,15,fc,2,1.325000,0.7874804037847837,0.234794704894746,final
deep_3x16,15,fc,2,1.350000,0.7878275569785871,0.22532458329861285,final
deep_3x16,15,fc,2,1.375000,0.7886069845016019,0.21623134094921204,final
deep_3x16,15,fc,2,1.400000,0.7898272385394244,0.2075038359795181,final
deep_3x16,15,fc,2,1.425000,0.7914913032111883,0.199130738010403,final
deep_3x16,15,fc,2,1.450000,0.7935968030290186,0.19110060285465802,final
deep_3x16,15,fc,2,1.475000,0.796136414320433,0.18340193937552854,final
deep_3x16,15,fc,2,1.500000,0.7990984205468129,0.17602326889740094,final
deep_3x16,15,fc,2,1.525000,0.8024673548264333,0.16895317759573308,final
deep_3x16,15,fc,2,1.550000,0.8062246801132082,0.16218036231265762,final
deep_3x16,15,fc,2,1.575000,0.8103494670329836,0.15569367025510647,final
deep_3x16,15,fc,2,1.600000,0.814819039514054,0.14948213303498506,final
deep_3x16,15,fc,2,1.625000,0.8196095678372903,0.1435349955070108,final
deep_3x16,15,fc,2,1.650000,0.8246965968746978,0.13784173985045117,final
deep_3x16,15,fc,2,1.675000,0.8300555037976303,0.13239210532712925,final
deep_3x16,15,fc,2,1.700000,0.8356618844159447,0.12717610413072902,final
deep_3x16,15,fc,2,1.725000,0.8414918707260457,0.12218403372238908,final
deep_3x16,15,fc,2,1.750000,0.8475223844490359,0.11740648602565415,final
deep_3x16,15,fc,2,1.775000,0.8537313325993234,0.11283435383068481,final
deep_3x16,15,fc,2,1.800000,0.8600977516895165,0.1084588347337509,final
deep_3x16,15,fc,2,1.825000,0.8666019072616695,0.1042714329139894,final
deep_3x16,15,fc,2,1.850000,0.8732253552058096,0.10026395902552457,final
deep_3x16,15,fc,2,1.875000,0.8799509709095457,0.09642852845968962,final
deep_3x16,15,fc,2,1.900000,0.8867629517658463,0.09275755820948363,final
deep_3x16,15,fc,2,1.925000,0.8936467980093483,0.08924376254675773,final
deep_3x16,15,fc,2,1.950000,0.9005892762925105,0.08588014770206033,final
deep_3x16,15,fc,2,1.975000,0.9075783698739849,0.08266000571771653,final
deep_3x16,15,fc,2,2.000000,0.9146032187851212,0.07957690762659296,final
deep_3x16,15,fc,2,2.025000,0.9216540528722944,0.07662469609216203,final
deep_3x16,15,fc,2,2.050000,0.928722120184807,0.0737974776299044,final
deep_3x16,15,fc,2,2.075000,0.9357996127902664,0.07108961451578498,final
deep_3x16,15,fc,2,2.100000,0.9428795917502654,0.06849571647443305,final
deep_3x16,15,fc,2,2.125000,0.9499559126771328,0.06601063222774378,final
deep_3x16,15,fc,2,2.150000,0.9570231530152735,0.06362944097380911,final
deep_3x16,15,fc,2,2.175000,0.964076541946165,0.06134744385632948,final
deep_3x16,15,fc,2,2.200000,0.9711118936021547,0.05916015547589158,final
deep_3x16,15,fc,2,2.225000,0.9781255440886341,0.05706329548664664,final
deep_3x16,15,fc,2,2.250000,0.9851142926547789,0.05505278031492643,final
deep_3x16,15,fc,2,2.275000,0.9920753472176624,0.05312471503010885,final
deep_3x16,15,fc,2,2.300000,0.9990062743309805,0.0512753853925513,final
deep_3x16,15,fc,2,2.325000,1.005904953595811,0.049501250098557395,final
deep_3x16,15,fc,2,2.350000,1.0127695364346354,0.047798933238089425,final
deep_3x16,15,fc,2,2.375000,1.0195984090893668,0.046165216977224074,final
deep_3x16,15,fc,2,2.400000,1.0263901596574008,0.044597034474109544,final
deep_3x16,15,fc,2,2.425000,1.0331435489449943,0.04309146303439602,final
deep_3x16,15,fc,2,2.450000,1.0398574848929378,0.04164571750968536,final
deep_3x16,15,fc,2,2.475000,1.0465310003139274,0.040257143940502574,final
deep_3x16,15,fc,2,2.500000,1.0531632336729717,0.038923213443524764,final
deep_3x16,15,fc,2,2.525000,1.0597534126402044,0.03764151634132921,final
deep_3x16,15,fc,2,2.550000,1.066300840148635,0.036409756531684365,final
deep_3x16,15,fc,2,2.575000,1.072804882696479,0.03522574609238472,final
deep_3x16,15,fc,2,2.600000,1.079264960644065,0.034087400116785065,final
deep_3x16,15,fc,2,2.625000,1.085680540268017,0.03299273177452561,final
deep_3x16,15,fc,2,2.650000,1.092051127349822,0.03193984759139919,final
deep_3x16,15,fc,2,2.675000,1.0983762620915392,0.030926942941904803,final
deep_3x16,15,fc,2,2.700000,1.104655515167617,0.029952297747731768,final
deep_3x16,15,fc,2,2.725000,1.1108884847383733,0.02901427237521226,final
deep_3x16,15,fc,2,2.750000,1.117074794267145,0.02811130372463498,final
deep_3x16,15,fc,2,2.775000,1.1232140909992703,0.027241901504269916,final
deep_3x16,15,fc,2,2.800000,1.12930604497667,0.026404644681927984,final
deep_3x16,15,fc,2,2.825000,1.1353503484766785,0.025598178106928483,final
deep_3x16,15,fc,2,2.850000,1.1413467157778256,0.024821209295431242,final
deep_3x16,15,fc,2,2.875000,1.1472948831684004,0.024072505372191445,final
deep_3x16,15,fc,2,2.900000,1.1531946091257756,0.023350890161948933,final
deep_3x16,15,fc,2,2.925000,1.159045674605613,0.022655241423814636,final
deep_3x16,15,fc,2,2.950000,1.1648478833901879,0.02198448822219974,final
deep_3x16,15,fc,2,2.975000,1.1706010624542047,0.021337608428025324,final
deep_3x16,15,fc,2,3.000000,1.1763050623146154,0.020713626344142904,final
deep_3x16,15,fc,2,3.025000,1.1819597573381537,0.020111610449121096,final
deep_3x16,15,fc,2,3.050000,1.1875650459866358,0.019530671253741985,final
deep_3x16,15,fc,2,3.075000,1.1931208509855395,0.018969959264783273,final
deep_3x16,15,fc,2,3.100000,1.1986271194061042,0.01842866305087054,final
deep_3x16,15,fc,2,3.125000,1.2040838226551493,0.01790600740538857,final
deep_3x16,15,fc,2,3.150000,1.2094909563701979,0.01740125160166688,final
deep_3x16,15,fc,2,3.175000,1.2148485402201894,0.01691368773584563,final
deep_3x16,15,fc,2,3.200000,1.2201566176143248,0.016442639153041987,final
deep_3x16,15,fc,2,3.225000,1.2254152553233184,0.015987458952627043,final
deep_3x16,15,fc,2,3.250000,1.2306245430186744,0.01554752856862642,final
deep_3x16,15,fc,2,3.275000,1.23578459273659,0.015122256421425359,final
deep_3x16,15,fc,2,3.300000,1.2408955382737528,0.014711076637163482,final
deep_3x16,15,fc,2,3.325000,1.2459575345227154,0.014313447831357885,final
deep_3x16,15,fc,2,3.350000,1.2509707567547064,0.013928851953473702,final
deep_3x16,15,fc,2,3.375000,1.2559353998577525,0.013556793189317143,final
deep_3x16,15,fc,2,3.400000,1.2608516775378282,0.013196796918281035,final
deep_3x16,15,fc,2,3.425000,1.2657198214905145,0.012848408722622606,final
deep_3x16,15,fc,2,3.450000,1.2705400805502414,0.012511193446095005,final
deep_3x16,15,fc,2,3.475000,1.2753127198238448,0.012184734299390572,final
deep_3x16,15,fc,2,3.500000,1.2800380198146069,0.011868632009980432,final
deep_3x16,15,fc,2,3.525000,1.28471627554254,0.011562504014061415,final
deep_3x16,15,fc,2,3.550000,1.2893477956660753,0.011265983688439207,final
deep_3x16,15,fc,2,3.575000,1.2939329016098637,0.010978719620289117,final
deep_3x16,15,fc,2,3.600000,1.2984719267028326,0.010700374912838966,final
deep_3x16,15,fc,2,3.625000,1.3029652153301707,0.010430626525124654,final
deep_3x16,15,fc,2,3.650000,1.307413122102414,0.010169164644067214,final
deep_3x16,15,fc,2,3.675000,1.3118160110443584,0.00991569208720407,final
deep_3x16,15,fc,2,3.700000,1.316174254806081,0.009669923734501585,final
deep_3x16,15,fc,2,3.725000,1.320488233897971,0.009431585987756015,final
deep_3x16,15,fc,2,3.750000,1.3247583359512796,0.009200416256170275,final
deep_3x16,15,fc,2,3.775000,1.328984955005371,0.008976162466764602,final
deep_3x16,15,fc,2,3.800000,1.3331684908225545,0.008758582598353621,final
deep_3x16,15,fc,2,3.825000,1.3373093482310878,0.00854744423788731,final
deep_3x16,15,fc,2,3.850000,1.3414079364967055,0.008342524158018077,final
deep_3x16,15,fc,2,3.875000,1.345464668722802,0.008143607914814084,final
deep_3x16,15,fc,2,3.900000,1.3494799612792097,0.007950489464597189,final
deep_3x16,15,fc,2,3.925000,1.3534542332593502,0.007762970798941056,final
deep_3x16,15,fc,2,3.950000,1.3573879059653813,0.007580861596905375,final
deep_3x16,15,fc,2,3.975000,1.3612814024208535,0.007403978893646075,final
deep_3x16,15,fc,2,4.000000,1.365135146910282,0.0072321467645740005,final
deep_3x16,15,fc,2,4.025000,1.3689495645449512,0.0070651960242810626,final
deep_3x16,15,fc,2,4.050000,1.372725080854215,0.00690296393950086,final
deep_3x16,15,fc,2,4.075000,1.3764621214014805,0.006745293955398438,final
deep_3x16,15,fc,2,4.100000,1.3801611114240435,0.00659203543452906,final
deep_3x16,15,fc,2,4.125000,1.383822475495905,0.0064430434078363,final
deep_3x16,15,fc,2,4.150000,1.3874466372126697,0.006298178337093973,final
deep_3x16,15,fc,2,4.175000,1.3910340188976371,0.006157305888229191,final
deep_3x16,15,fc,2,4.200000,1.3945850413281713,0.006020296714986096,final
deep_3x16,15,fc,2,4.225000,1.3981001234814523,0.005887026252428785,final
deep_3x16,15,fc,2,4.250000,1.401579682298716,0.005757374519800969,final
deep_3x16,15,fc,2,4.275000,1.4050241324671042,0.005631225932281169,final
deep_3x16,15,fc,2,4.300000,1.4084338862182548,0.005508469121209777,final
deep_3x16,15,fc,2,4.325000,1.4118093531428002,0.005388996762367058,final
deep_3x16,15,fc,2,4.350000,1.4151509400199433,0.005272705411922309,final
deep_3x16,15,fc,2,4.375000,1.418459050661323,0.005159495349679465,final
deep_3x16,15,fc,2,4.400000,1.4217340857683978,0.005049270429270179,final
deep_3x16,15,fc,2,4.425000,1.424976442802596,0.004941937934961711,final
deep_3x16,15,fc,2,4.450000,1.4281865158675398,0.004837408444764286,final
deep_3x16,15,fc,2,4.475000,1.431364695602623,0.004735595699538422,final
deep_3x16,15,fc,2,4.500000,1.4345113690873246,0.00463641647781682,final
deep_3x16,15,fc,2,4.525000,1.4376269197555893,0.004539790476073858,final
deep_3x16,15,fc,2,4.550000,1.4407117273197019,0.0044456401941804025,final
deep_3x16,15,fc,2,4.575000,1.4437661677030633,0.0043538908258078015,final
deep_3x16,15,fc,2,4.600000,1.4467906129813348,0.004264470153542824,final
deep_3x16,15,fc,2,4.625000,1.4497854313314136,0.004177308448501121,final
deep_3x16,15,fc,2,4.650000,1.4527509869877637,0.00409233837422035,final
deep_3x16,15,fc,2,4.675000,1.4556876402056127,0.004009494894645649,final
deep_3x16,15,fc,2,4.700000,1.4585957472305828,0.003928715186011864,final
deep_3x16,15,fc,2,4.725000,1.4614756602743237,0.003849938552444208,final
deep_3x16,15,fc,2,4.750000,1.4643277274957558,0.0037731063451085585,final
deep_3x16,15,fc,2,4.775000,1.4671522929875354,0.003698161884748136,final
deep_3x16,15,fc,2,4.800000,1.4699496967673862,0.0036250503874534,final
deep_3x16,15,fc,2,4.825000,1.4727202747739654,0.0035537188935180495,final
deep_3x16,15,fc,2,4.850000,1.475464358866934,0.0034841161992384935,final
deep_3x16,15,fc,2,4.875000,1.4781822768309327,0.003416192791532784,final
deep_3x16,15,fc,2,4.900000,1.4808743523831864,0.003349900785240403,final
deep_3x16,15,fc,2,4.925000,1.4835409051844528,0.0032851938629953315,final
deep_3x16,15,fc,2,4.950000,1.486182250853077,0.0032220272175482114,final
deep_3x16,15,fc,2,4.975000,1.4887987009819108,0.003160357496432501,final
deep_3x16,15,fc,2,5.000000,1.491390563157856,0.0031001427488730796,final
deep_3x16,15,fc,2,5.025000,1.4939581409838534,0.0030413423748346722,final
deep_3x16,15,fc,2,5.050000,1.4965017341030793,0.0029839170761159985,final
deep_3x16,15,fc,2,5.075000,1.4990216382252026,0.0029278288094051505,final
deep_3x16,15,fc,2,5.100000,1.5015181451544917,0.0028730407412039653,final
deep_3x16,15,fc,2,5.125000,1.503991542819632,0.0028195172045440277,final
deep_3x16,15,fc,2,5.150000,1.5064421153050882,0.002767223657416334,final
deep_3x16,15,fc,2,5.175000,1.5088701428838682,0.002716126642840039,final
deep_3x16,15,fc,2,5.200000,1.5112759020515545,0.0026661937504989823,final
deep_3x16,15,fc,2,5.225000,1.5136596655614718,0.0026173935798797948,final
deep_3x16,15,fc,2,5.250000,1.5160217024608806,0.00256969570484818,final
deep_3x16,15,fc,2,5.275000,1.5183622781280712,0.002523070639600119,final
deep_3x16,15,fc,2,5.300000,1.5206816543102675,0.002477489805931105,final
deep_3x16,15,fc,2,5.325000,1.5229800891622365,0.0024329255017677574,final
deep_3x16,15,fc,2,5.350000,1.5252578372855106,0.002389350870906149,final
deep_3x16,15,fc,2,5.375000,1.5275151497681405,0.0023467398739123713,final
deep_3x16,15,fc,2,5.400000,1.5297522742249028,0.002305067260127343,final
deep_3x16,15,fc,2,5.425000,1.5319694548378768,0.0022643085407395933,final
deep_3x16,15,fc,2,5.450000,1.534166932397339,0.0022244399628739303,final
deep_3x16,15,fc,2,5.475000,1.5363449443428883,0.002185438484659717,final
deep_3x16,15,fc,2,5.500000,1.5385037248047637,0.002147281751233332,final
deep_3x16,15,fc,2,5.525000,1.5406435046452926,0.00210994807163994,final
deep_3x16,15,fc,2,5.550000,1.5427645115003987,0.002073416396598594,final
deep_3x16,15,fc,2,5.575000,1.544866969821161,0.002037666297088671,final
deep_3x16,15,fc,2,5.600000,1.546951100915338,0.002002677943734377,final
deep_3x16,15,fc,2,5.625000,1.5490171229888452,0.0019684320869470203,final
deep_3x16,15,fc,2,5.650000,1.5510652511871326,0.001934910037795905,final
deep_3x16,15,fc,2,5.675000,1.5530956976364347,0.0019020936495821128,final
deep_3x16,15,fc,2,5.700000,1.5551086714848554,0.0018699653000843219,final
deep_3x16,15,fc,2,5.725000,1.5571043789432613,0.0018385078744475162,final
deep_3x16,15,fc,2,5.750000,1.5590830233259574,0.001807704748695522,final
deep_3x16,15,fc,2,5.775000,1.5610448050911132,0.0017775397738341902,final
deep_3x16,15,fc,2,5.800000,1.5629899218809271,0.0017479972605298807,final
deep_3x16,15,fc,2,5.825000,1.5649185685614935,0.0017190619643353434,final
deep_3x16,15,fc,2,5.850000,1.5668309372623705,0.0016907190714431513,final
deep_3x16,15,fc,2,5.875000,1.568727217415817,0.0016629541849460688,final
deep_3x16,15,fc,2,5.900000,1.5706075957956889,0.0016357533115849763,final
deep_3x16,15,fc,2,5.925000,1.5724722565559806,0.0016091028489635777,final
deep_3x16,15,fc,2,5.950000,1.5743213812689982,0.0015829895732162476,final
deep_3x16,15,fc,2,5.975000,1.5761551489631536,0.0015574006271040614,final
deep_3x16,15,fc,2,6.000000,1.5779737361603665,0.0015323235085293945,final
deep_3x16,15,fc,5,0.000000,1.0,0.9999990149527557,final
deep_3x16,15,fc,5,0.025000,0.9997746278092005,0.9995535545956326,final
deep_3x16,15,fc,5,0.050000,0.9990996699300028,0.9982182550348954,final
deep_3x16,15,fc,5,0.075000,0.9979786655171802,0.9959963639857915,final
deep_3x16,15,fc,5,0.100000,0.9964176229480357,0.9928933046151531,final
deep_3x16,15,fc,5,0.125000,0.994425066660216,0.988916689954814,final
deep_3x16,15,fc,5,0.150000,0.9920120320122915,0.9840763410260884,final
deep_3x16,15,fc,5,0.175000,0.9891920015184746,0.9783843067201043,final
deep_3x16,15,fc,5,0.200000,0.9859807787087954,0.9718548830579382,final
deep_3x16,15,fc,5,0.225000,0.9823963005311847,0.9645046291303571,final
deep_3x16,15,fc,5,0.250000,0.9784583950687895,0.95635237680383,final
deep_3x16,15,fc,5,0.275000,0.974188497412675,0.9474192311874634,final
deep_3x16,15,fc,5,0.300000,0.9696093415314956,0.9377285588901255,final
deep_3x16,15,fc,5,0.325000,0.9647446485816469,0.9273059612587633,final
deep_3x16,15,fc,5,0.350000,0.9596188312427999,0.9161792300730569,final
deep_3x16,15,fc,5,0.375000,0.9542567289273217,0.904378283568314,final
deep_3x16,15,fc,5,0.400000,0.9486833806353155,0.8919350811532322,final
deep_3x16,15,fc,5,0.425000,0.9429238324165279,0.8788835157629997,final
deep_3x16,15,fc,5,0.450000,0.9370029673107819,0.8652592834188174,final
deep_3x16,15,fc,5,0.475000,0.930945339953596,0.8510997302275789,final
deep_3x16,15,fc,5,0.500000,0.9247749977736482,0.8364436777241008,final
deep_3x16,15,fc,5,0.525000,0.918515276426699,0.8213312281068833,final
deep_3x16,15,fc,5,0.550000,0.9121885676446713,0.8058035515220902,final
deep_3x16,15,fc,5,0.575000,0.905816070698027,0.789902658086808,final
deep_3x16,15,fc,5,0.600000,0.8994175516847375,0.7736711577926741,final
deep_3x16,15,fc,5,0.625000,0.8930111458740526,0.7571520117798487,final
deep_3x16,15,fc,5,0.650000,0.8866132455117914,0.7403882787090609,final
deep_3x16,15,fc,5,0.675000,0.8802385162290546,0.7234228600810844,final
deep_3x16,15,fc,5,0.700000,0.8739000760035166,0.7062982483585597,final
deep_3x16,15,fc,5,0.725000,0.8676098490377984,0.6890562816393245,final
deep_3x16,15,fc,5,0.750000,0.8613790747543616,0.6717379084223036,final
deep_3x16,15,fc,5,0.775000,0.8552189174427657,0.6543829657089731,final
deep_3x16,15,fc,5,0.800000,0.8491410974280792,0.6370299733105577,final
deep_3x16,15,fc,5,0.825000,0.8431584611395979,0.6197159468002725,final
deep_3x16,15,fc,5,0.850000,0.8372854285871547,0.6024762310788355,final
deep_3x16,15,fc,5,0.875000,0.8315382952981673,0.5853443560278541,final
deep_3x16,15,fc,5,0.900000,0.8259354066544955,0.5683519152265687,final
deep_3x16,15,fc,5,0.925000,0.8204972497985045,0.5515284682184035,final
deep_3x16,15,fc,5,0.950000,0.815246512175108,0.5349014663486072,final
deep_3x16,15,fc,5,0.975000,0.8102081367730992,0.5184962017644935,final
deep_3x16,15,fc,5,1.000000,0.8054093716811319,0.5023357787844921,final
deep_3x16,15,fc,5,1.025000,0.8008797794002909,0.4864411065080455,final
deep_3x16,15,fc,5,1.050000,0.7966511516698447,0.4708309112594444,final
deep_3x16,15,fc,5,1.075000,0.7927572748404887,0.45552176723692184,final
deep_3x16,15,fc,5,1.100000,0.7892335084417524,0.44052814357346226,final
deep_3x16,15,fc,5,1.125000,0.7861161692020093,0.42586246590588206,final
deep_3x16,15,fc,5,1.150000,0.7834417453876588,0.41153519049035014,final
deep_3x16,15,fc,5,1.175000,0.7812459935090872,0.3975548888910253,final
deep_3x16,15,fc,5,1.200000,0.7795629856664835,0.38392834129850273,final
deep_3x16,15,fc,5,1.225000,0.7784241793165388,0.370660636600358,final
deep_3x16,15,fc,5,1.250000,0.7778575735822831,0.3577552774211005,final
deep_3x16,15,fc,5,1.275000,0.7778870010124416,0.34521428846717805,final
deep_3x16,15,fc,5,1.300000,0.7785315851561103,0.3330383266483743,final
deep_3x16,15,fc,5,1.325000,0.7798053761621252,0.32122679159448314,final
deep_3x16,15,fc,5,1.350000,0.7817171613862405,0.30977793534049813,final
deep_3x16,15,fc,5,1.375000,0.7842704369328253,0.2986889701102368,final
deep_3x16,15,fc,5,1.400000,0.7874635193090079,0.2879561732835211,final
deep_3x16,15,fc,5,1.425000,0.7912897733328489,0.277574988782547,final
deep_3x16,15,fc,5,1.450000,0.7957379321666633,0.26754012425636026,final
deep_3x16,15,fc,5,1.475000,0.8007924868473942,0.25784564357642004,final
deep_3x16,15,fc,5,1.500000,0.8064341251060501,0.24848505427970202,final
deep_3x16,15,fc,5,1.525000,0.8126402019842142,0.2394513897077521,final
deep_3x16,15,fc,5,1.550000,0.8193852273797487,0.2307372856900662,final
deep_3x16,15,fc,5,1.575000,0.8266413579955048,0.2223350517080542,final
deep_3x16,15,fc,5,1.600000,0.8343788831733612,0.2142367365518528,final
deep_3x16,15,fc,5,1.625000,0.8425666958034537,0.20643418854680623,final
deep_3x16,15,fc,5,1.650000,0.8511727409738198,0.198919110480207,final
deep_3x16,15,fc,5,1.675000,0.8601644363423293,0.19168310940259609,final
deep_3x16,15,fc,5,1.700000,0.8695090594303895,0.1847177415124742,final
deep_3x16,15,fc,5,1.725000,0.8791740981947851,0.17801455235952063,final
deep_3x16,15,fc,5,1.750000,0.8891275623468065,0.1715651126203154,final
deep_3x16,15,fc,5,1.775000,0.8993382539552288,0.16536104971299231,final
deep_3x16,15,fc,5,1.800000,0.9097759968784905,0.15939407552411586,final
deep_3x16,15,fc,5,1.825000,0.9204118255019922,0.1536560105231757,final
deep_3x16,15,fc,5,1.850000,0.931218134088039,0.14813880453823608,final
deep_3x16,15,fc,5,1.875000,0.9421687887605097,0.14283455446115373,final
deep_3x16,15,fc,5,1.900000,0.9532392047308431,0.13773551914301999,final
deep_3x16,15,fc,5,1.925000,0.9644063918198114,0.13283413173068498,final
deep_3x16,15,fc,5,1.950000,0.9756489716407062,0.12812300968388157,final
deep_3x16,15,fc,5,1.975000,0.9869471699898715,0.12359496270000238,final
deep_3x16,15,fc,5,2.000000,0.9982827880510139,0.11924299876040963,final
deep_3x16,15,fc,5,2.025000,1.0096391559747913,0.11506032849854929,final
deep_3x16,15,fc,5,2.050000,1.0210010722617993,0.11104036807640862,final
deep_3x16,15,fc,5,2.075000,1.0323547321730573,0.10717674074218457,final
deep_3x16,15,fc,5,2.100000,1.0436876481352233,0.10346327722860513,final
deep_3x16,15,fc,5,2.125000,1.0549885648149084,0.09989401513832925,final
deep_3x16,15,fc,5,2.150000,1.0662473712227334,0.09646319745030717,final
deep_3x16,15,fc,5,2.175000,1.077455011886519,0.09316527026902503,final
deep_3x16,15,fc,5,2.200000,1.0886033988150718,0.08999487992723759,final
deep_3x16,15,fc,5,2.225000,1.0996853256683223,0.08694686954211561,final
deep_3x16,15,fc,5,2.250000,1.1106943852626021,0.0840162751147613,final
deep_3x16,15,fc,5,2.275000,1.1216248912763347,0.08119832125375193,final
deep_3x16,15,fc,5,2.300000,1.1324718047842692,0.07848841659474731,final
deep_3x16,15,fc,5,2.325000,1.1432306660390819,0.07588214898026313,final
deep_3x16,15,fc,5,2.350000,1.1538975317380558,0.07337528045640314,final
deep_3x16,15,fc,5,2.375000,1.1644689178588918,0.0709637421366524,final
deep_3x16,15,fc,5,2.400000,1.1749417480213198,0.06864362897674837,final
deep_3x16,15,fc,5,2.425000,1.1853133072280746,0.06641119449909502,final
deep_3x16,15,fc,5,2.450000,1.1955812007580113,0.06426284550016602,final
deep_3x16,15,fc,5,2.475000,1.2057433179232002,0.06219513676981234,final
deep_3x16,15,fc,5,2.500000,1.2157978003585115,0.060204765847302694,final
deep_3x16,15,fc,5,2.525000,1.225743014483993,0.05828856783526772,final
deep_3x16,15,fc,5,2.550000,1.2355775277651486,0.05644351028943357,final
deep_3x16,15,fc,5,2.575000,1.2453000883917693,0.05466668819911841,final
deep_3x16,15,fc,5,2.600000,1.2549096080003772,0.05295531907085509,final
deep_3x16,15,fc,5,2.625000,1.2644051470768218,0.05130673812520908,final
deep_3x16,15,fc,5,2.650000,1.2737859026924856,0.04971839361481907,final
deep_3x16,15,fc,5,2.675000,1.2830511982485338,0.048187842269903004,final
deep_3x16,15,fc,5,2.700000,1.2922004749264622,0.046712744875897896,final
deep_3x16,15,fc,5,2.725000,1.3012332845687957,0.045290861986530255,final
deep_3x16,15,fc,5,2.750000,1.3101492837402715,0.04392004977442389,final
deep_3x16,15,fc,5,2.775000,1.3189482287465317,0.04259825602031256,final
deep_3x16,15,fc,5,2.800000,1.3276299714135518,0.04132351624104625,final
deep_3x16,15,fc,5,2.825000,1.3361944554563865,0.04009394995580804,final
deep_3x16,15,fc,5,2.850000,1.3446417132898567,0.03890775708931617,final
deep_3x16,15,fc,5,2.875000,1.3529718631563579,0.037763214510238105,final
deep_3x16,15,fc,5,2.900000,1.3611851064667477,0.036658672702594416,final
deep_3x16,15,fc,5,2.925000,1.369281725269285,0.03559255256754023,final
deep_3x16,15,fc,5,2.950000,1.3772620797786634,0.034563342352615975,final
deep_3x16,15,fc,5,2.975000,1.3851266059124245,0.03356959470530945,final
deep_3x16,15,fc,5,3.000000,1.392875812795364,0.03260992384757856,final
deep_3x16,15,fc,5,3.025000,1.4005102802041687,0.03168300286784069,final
deep_3x16,15,fc,5,3.050000,1.4080306559343974,0.030787561126827977,final
deep_3x16,15,fc,5,3.075000,1.4154376530802528,0.02992238177364323,final
deep_3x16,15,fc,5,3.100000,1.4227320472244918,0.02908629936830695,final
deep_3x16,15,fc,5,3.125000,1.4299146735413568,0.028278197607078143,final
deep_3x16,15,fc,5,3.150000,1.4369864238198056,0.02749700714683811,final
deep_3x16,15,fc,5,3.175000,1.4439482434176636,0.02674170352486146,final
deep_3x16,15,fc,5,3.200000,1.4508011281596904,0.026011305170332698,final
deep_3x16,15,fc,5,3.225000,1.4575461211942204,0.025304871504035504,final
deep_3x16,15,fc,5,3.250000,1.4641843098239307,0.024621501122705596,final
deep_3x16,15,fc,5,3.275000,1.4707168223266918,0.02396033006461559,final
deep_3x16,15,fc,5,3.300000,1.4771448247823453,0.02332053015304608,final
deep_3x16,15,fc,5,3.325000,1.483469517920784,0.022701307414390606,final
deep_3x16,15,fc,5,3.350000,1.4896921340059415,0.022101900567731217,final
deep_3x16,15,fc,5,3.375000,1.4958139337693122,0.02152157958282148,final
deep_3x16,15,fc,5,3.400000,1.501836203405463,0.020959644303520642,final
deep_3x16,15,fc,5,3.425000,1.5077602516407518,0.020415423133807592,final
deep_3x16,15,fc,5,3.450000,1.5135874068851434,0.019888271783622076,final
deep_3x16,15,fc,5,3.475000,1.5193190144756754,0.019377572071868618,final
deep_3x16,15,fc,5,3.500000,1.5249564340187987,0.018882730784027312,final
deep_3x16,15,fc,5,3.525000,1.5305010368375165,0.01840317858190917,final
deep_3x16,15,fc,5,3.550000,1.5359542035280123,0.017938368963193514,final
deep_3x16,15,fc,5,3.575000,1.5413173216292775,0.017487777268482583,final
deep_3x16,15,fc,5,3.600000,1.5465917834081615,0.017050899733695963,final
deep_3x16,15,fc,5,3.625000,1.5517789837612577,0.01662725258572584,final
deep_3x16,15,fc,5,3.650000,1.556880318234131,0.01621637117935688,final
deep_3x16,15,fc,5,3.675000,1.5618971811575604,0.015817809173541454,final
deep_3x16,15,fc,5,3.700000,1.5668309638997502,0.015431137745210538,final
deep_3x16,15,fc,5,3.725000,1.571683053232812,0.015055944838867765,final
deep_3x16,15,fc,5,3.750000,1.5764548298112833,0.014691834450308115,final
deep_3x16,15,fc,5,3.775000,1.5811476667599509,0.014338425942863312,final
deep_3x16,15,fc,5,3.800000,1.5857629283678767,0.013995353394657682,final
deep_3x16,15,fc,5,3.825000,1.590301968885192,0.013662264975421378,final
deep_3x16,15,fc,5,3.850000,1.5947661314189532,0.013338822351480577,final
deep_3x16,15,fc,5,3.875000,1.5991567469241847,0.0130247001176001,final
deep_3x16,15,fc,5,3.900000,1.6034751332860548,0.012719585254425991,final
deep_3x16,15,fc,5,3.925000,1.6077225944890747,0.012423176610320625,final
deep_3x16,15,fc,5,3.950000,1.6119004198691071,0.012135184406454037,final
deep_3x16,15,fc,5,3.975000,1.616009883444012,0.011855329764055456,final
deep_3x16,15,fc,5,4.000000,1.6200522433187228,0.011583344252793145,final
deep_3x16,15,fc,5,4.025000,1.6240287411606287,0.011318969459285231,final
deep_3x16,15,fc,5,4.050000,1.6279406017411815,0.011061956574806305,final
deep_3x16,15,fc,5,4.075000,1.6317890325397453,0.010812066001288487,final
deep_3x16,15,fc,5,4.100000,1.6355752234058216,0.010569066974763647,final
deep_3x16,15,fc,5,4.125000,1.6393003462758697,0.010332737205431649,final
deep_3x16,15,fc,5,4.150000,1.6429655549411117,0.010102862533580738,final
deep_3x16,15,fc,5,4.175000,1.646571984862804,0.009879236600621332,final
deep_3x16,15,fc,5,4.200000,1.6501207530316389,0.009661660534531725,final
deep_3x16,15,fc,5,4.225000,1.653612957868055,0.009449942649044966,final
deep_3x16,15,fc,5,4.250000,1.6570496791604004,0.009243898155941826,final
deep_3x16,15,fc,5,4.275000,1.6604319780380297,0.00904334888984183,final
deep_3x16,15,fc,5,4.300000,1.663760896976572,0.008848123044917012,final
deep_3x16,15,fc,5,4.325000,1.6670374598327506,0.00865805492297805,final
deep_3x16,15,fc,5,4.350000,1.6702626719062594,0.008472984692407837,final
deep_3x16,15,fc,5,4.375000,1.6734375200263891,0.008292758157448845,final
deep_3x16,15,fc,5,4.400000,1.6765629726611684,0.008117226537362866,final
deep_3x16,15,fc,5,4.425000,1.6796399800469664,0.007946246255021595,final
deep_3x16,15,fc,5,4.450000,1.6826694743366164,0.007779678734485535,final
deep_3x16,15,fc,5,4.475000,1.685652369764223,0.007617390207175521,final
deep_3x16,15,fc,5,4.500000,1.6885895628249665,0.00745925152623505,final
deep_3x16,15,fc,5,4.525000,1.691481932468301,0.007305137988719207,final
deep_3x16,15,fc,5,4.550000,1.6943303403030685,0.007154929165255192,final
deep_3x16,15,fc,5,4.575000,1.6971356308131405,0.007008508736834862,final
deep_3x16,15,fc,5,4.600000,1.6998986315823064,0.006865764338424728,final
deep_3x16,15,fc,5,4.625000,1.7026201535272083,0.006726587409077422,final
deep_3x16,15,fc,5,4.650000,1.7053009911372194,0.006590873048268464,final
deep_3x16,15,fc,5,4.675000,1.7079419227202408,0.0064585198781628465,final
deep_3x16,15,fc,5,4.700000,1.71054371065346,0.006329429911565912,final
deep_3x16,15,fc,5,4.725000,1.7131071016382056,0.006203508425289461,final
deep_3x16,15,fc,5,4.750000,1.7156328269580867,0.006080663838708088,final
deep_3x16,15,fc,5,4.775000,1.7181216027396724,0.005960807597265741,final
deep_3x16,15,fc,5,4.800000,1.720574130215029,0.005843854060718774,final
deep_3x16,15,fc,5,4.825000,1.7229910959854942,0.005729720395912886,final
deep_3x16,15,fc,5,4.850000,1.7253731722861072,0.005618326473881569,final
deep_3x16,15,fc,5,4.875000,1.7277210172501785,0.0055095947710962845,final
deep_3x16,15,fc,5,4.900000,1.7300352751735142,0.005403450274670497,final
deep_3x16,15,fc,5,4.925000,1.732316576777868,0.005299820391357137,final
deep_3x16,15,fc,5,4.950000,1.7345655394732211,0.00519863486017101,final
deep_3x16,15,fc,5,4.975000,1.7367827676185368,0.005099825668480255,final
deep_3x16,15,fc,5,5.000000,1.7389688527806628,0.005003326971419181,final
deep_3x16,15,fc,5,5.025000,1.7411243739911009,0.004909075014477372,final
deep_3x16,15,fc,5,5.050000,1.7432498980003697,0.004817008059132411,final
deep_3x16,15,fc,5,5.075000,1.7453459795297466,0.004727066311396233,final
deep_3x16,15,fc,5,5.100000,1.747413161520166,0.004639191853146637,final
deep_3x16,15,fc,5,5.125000,1.7494519753781022,0.004553328576135116,final
deep_3x16,15,fc,5,5.150000,1.7514629412182747,0.004469422118547324,final
deep_3x16,15,fc,5,5.175000,1.7534465681030331,0.0043874198040178055,final
deep_3x16,15,fc,5,5.200000,1.7554033542783056,0.0043072705829917705,final
deep_3x16,15,fc,5,5.225000,1.7573337874060022,0.004228924976334929,final
deep_3x16,15,fc,5,5.250000,1.7592383447927908,0.004152335021101629,final
deep_3x16,15,fc,5,5.275000,1.761117493615171,0.004077454218365142,final
deep_3x16,15,fc,5,5.300000,1.76297169114078,0.0040042374830345975,final
deep_3x16,15,fc,5,5.325000,1.764801384945901,0.003932641095565119,final
deep_3x16,15,fc,5,5.350000,1.7666070131291178,0.003862622655491328,final
deep_3x16,15,fc,5,5.375000,1.7683890045211017,0.0037941410367080836,final
deep_3x16,15,fc,5,5.400000,1.7701477788905198,0.003727156344421023,final
deep_3x16,15,fc,5,5.425000,1.7718837471460422,0.003661629873710311,final
deep_3x16,15,fc,5,5.450000,1.773597311534464,0.0035975240696294233,final
deep_3x16,15,fc,5,5.475000,1.7752888658349442,0.003534802488785088,final
deep_3x16,15,fc,5,5.500000,1.776958795549371,0.00347342976233753,final
deep_3x16,15,fc,5,5.525000,1.778607478088885,0.0034133715603585552,final
deep_3x16,15,fc,5,5.550000,1.7802352829565715,0.003354594557501852,final
deep_3x16,15,fc,5,5.575000,1.7818425719263689,0.003297066399923296,final
deep_3x16,15,fc,5,5.600000,1.7834296992182124,0.0032407556734100657,final
deep_3x16,15,fc,5,5.625000,1.7849970116694576,0.0031856318726634857,final
deep_3x16,15,fc,5,5.650000,1.7865448489026312,0.003131665371696122,final
deep_3x16,15,fc,5,5.675000,1.7880735434895398,0.003078827395293707,final
deep_3x16,15,fc,5,5.700000,1.7895834211117967,0.003027089991503894,final
deep_3x16,15,fc,5,5.725000,1.7910748007178126,0.0029764260051096687,final
deep_3x16,15,fc,5,5.750000,1.7925479946762939,0.0029268090520475788,final
deep_3x16,15,fc,5,5.775000,1.7940033089263143,0.002878213494739797,final
deep_3x16,15,fc,5,5.800000,1.795441043124004,0.002830614418296118,final
deep_3x16,15,fc,5,5.825000,1.7968614907859168,0.00278398760755835,final
deep_3x16,15,fc,5,5.850000,1.7982649394291306,0.002738309524953898,final
deep_3x16,15,fc,5,5.875000,1.79965167070814,0.00269355728912338,final
deep_3x16,15,fc,5,5.900000,1.801021960548596,0.002649708654298654,final
deep_3x16,15,fc,5,5.925000,1.802376079277954,0.0026067419903964785,final
deep_3x16,15,fc,5,5.950000,1.803714291753088,0.0025646362638050363,final
deep_3x16,15,fc,5,5.975000,1.8050368574849287,0.0025233710188360442,final
deep_3x16,15,fc,5,6.000000,1.8063440307601855,0.002482926359813787,final
