arch,channel,rs,s,f_model,f_parent
deep_combined_3x16,fx,,0.000000,1.0,1.0
deep_combined_3x16,fx,,0.025000,1.0001371740447278,1.0001371734503082
deep_combined_3x16,fx,,0.050000,1.0005484154753868,1.0005484131007953
deep_combined_3x16,fx,,0.075000,1.0012328836164848,1.0012328782849313
deep_combined_3x16,fx,,0.100000,1.0021891821117828,1.002189172660767
deep_combined_3x16,fx,,0.125000,1.0034153660306326,1.0034153513166864
deep_combined_3x16,fx,,0.150000,1.0049089517221084,1.0049089306249135
deep_combined_3x16,fx,,0.175000,1.0066669293241355,1.0066669007499534
deep_combined_3x16,fx,,0.200000,1.0086857778107194,1.0086857406950527
deep_combined_3x16,fx,,0.225000,1.0109614824380326,1.010961435747421
deep_combined_3x16,fx,,0.250000,1.01348955442981,1.0134894971626558
deep_combined_3x16,fx,,0.275000,1.0162650527245207,1.0162649839108355
deep_combined_3x16,fx,,0.300000,1.0192826075913244,1.0192825262913066
deep_combined_3x16,fx,,0.325000,1.0225364459090693,1.022536351210436
deep_combined_3x16,fx,,0.350000,1.026020417892625,1.0260203089066646
deep_combined_3x16,fx,,0.375000,1.0297280250437644,1.0297279009001115
deep_combined_3x16,fx,,0.400000,1.0336524490995709,1.0336523089397605
deep_combined_3x16,fx,,0.425000,1.037786581749945,1.0377864247198565
deep_combined_3x16,fx,,0.450000,1.0421230548970795,1.0421228801384386
deep_combined_3x16,fx,,0.475000,1.046654271233667,1.0466540778748243
deep_combined_3x16,fx,,0.500000,1.051372434922865,1.0513722220691275
deep_combined_3x16,fx,,0.525000,1.0562695821715329,1.056269348895353
deep_combined_3x16,fx,,0.550000,1.0613376114986397,1.061337356830009
deep_combined_3x16,fx,,0.575000,1.0665683135128774,1.0665680364302768
deep_combined_3x16,fx,,0.600000,1.0719534000270194,1.0719530994492863
deep_combined_3x16,fx,,0.625000,1.077484532351243,1.0774842071307018
deep_combined_3x16,fx,,0.650000,1.08315334862319,1.0831529975403624
deep_combined_3x16,fx,,0.675000,1.0889514900486665,1.0889511118088369
deep_combined_3x16,fx,,0.700000,1.094870625943371,1.0948702191752313
deep_combined_3x16,fx,,0.725000,1.1009024774826135,1.1009020407391494
deep_combined_3x16,fx,,0.750000,1.1070388400824256,1.1070383718441337
deep_combined_3x16,fx,,0.775000,1.1132716043515527,1.1132711030320084
deep_combined_3x16,fx,,0.800000,1.1195927755693877,1.119592239523111
deep_combined_3x16,fx,,0.825000,1.1259944916597953,1.1259939191922888
deep_combined_3x16,fx,,0.850000,1.1324690396448258,1.1324684290245925
deep_combined_3x16,fx,,0.875000,1.139008870575459,1.139008220047757
deep_combined_3x16,fx,,0.900000,1.1456066129486377,1.1456059207506675
deep_combined_3x16,fx,,0.925000,1.1522550846308879,1.152254349008086
deep_combined_3x16,fx,,0.950000,1.1589473033187625,1.1589465225418367
deep_combined_3x16,fx,,0.975000,1.1656764955751377,1.1656756679574736
deep_combined_3x16,fx,,1.000000,1.1724361044880647,1.172435228403129
deep_combined_3x16,fx,,1.025000,1.179219796005432,1.1792188699038115
deep_combined_3x16,fx,,1.050000,1.1860214640041633,1.1860204864298936
deep_combined_3x16,fx,,1.075000,1.1928352341571058,1.192834203762979
deep_combined_3x16,fx,,1.100000,1.1996554666642152,1.1996543822257886
deep_combined_3x16,fx,,1.125000,1.2064767579171494,1.2064756183452223
deep_combined_3x16,fx,,1.150000,1.2132939411680557,1.2132927455194251
deep_combined_3x16,fx,,1.175000,1.2201020862741976,1.220100833760554
deep_combined_3x16,fx,,1.200000,1.2268964985902304,1.2268951885850992
deep_combined_3x16,fx,,1.225000,1.2336727170794486,1.2336713491231373
deep_combined_3x16,fx,,1.250000,1.2404265117142814,1.2404250855168273
deep_combined_3x16,fx,,1.275000,1.2471538802347693,1.2471523956769321
deep_combined_3x16,fx,,1.300000,1.2538510443317896,1.2538495014641662
deep_combined_3x16,fx,,1.325000,1.2605144453194803,1.2605128443598486
deep_combined_3x16,fx,,1.350000,1.267140739358693,1.2671390806877225
deep_combined_3x16,fx,,1.375000,1.2737267922904623,1.2737250764459462
deep_combined_3x16,fx,,1.400000,1.2802696741354531,1.2802679018052352
deep_combined_3x16,fx,,1.425000,1.2867666533121997,1.2867648253259727
deep_combined_3x16,fx,,1.450000,1.2932151906236984,1.2932133079438641
deep_combined_3x16,fx,,1.475000,1.2996129330586565,1.2996109967704328
deep_combined_3x16,fx,,1.500000,1.3059577074504016,1.3059557187513589
deep_combined_3x16,fx,,1.525000,1.3122475140332064,1.3122454742224083
deep_combined_3x16,fx,,1.550000,1.3184805199325633,1.3184784303994812
deep_combined_3x16,fx,,1.575000,1.3246550526228298,1.3246529148361825
deep_combined_3x16,fx,,1.600000,1.3307695933826142,1.330767408879276
deep_combined_3x16,fx,,1.625000,1.336822770775359,1.3368205411494571
deep_combined_3x16,fx,,1.650000,1.342813354179761,1.3428110810720784
deep_combined_3x16,fx,,1.675000,1.3487402473920127,1.3487379324797883
deep_combined_3x16,fx,,1.700000,1.3546024823193188,1.3546001273065218
deep_combined_3x16,fx,,1.725000,1.360399212781742,1.360396819389886
deep_combined_3x16,fx,,1.750000,1.3661297084372135,1.3661272783967613
deep_combined_3x16,fx,,1.775000,1.371793348842441,1.3717908838848296
deep_combined_3x16,fx,,1.800000,1.3773896176605043,1.3773871195108214
deep_combined_3x16,fx,,1.825000,1.3829180970241397,1.3829155673944546
deep_combined_3x16,fx,,1.850000,1.388378462062037,1.3883759026453952
deep_combined_3x16,fx,,1.875000,1.3937704755939753,1.3937678880590432
deep_combined_3x16,fx,,1.900000,1.3990939829992173,1.3990913689855675
deep_combined_3x16,fx,,1.925000,1.4043489072613295,1.4043462683753405
deep_combined_3x16,fx,,1.950000,1.4095352441914488,1.4095325820027964
deep_combined_3x16,fx,,1.975000,1.4146530578309953,1.4146503738697032
deep_combined_3x16,fx,,2.000000,1.419702476033905,1.4196997717879212
deep_combined_3x16,fx,,2.025000,1.4246836862276466,1.4246809631409094
deep_combined_3x16,fx,,2.050000,1.4295969313515542,1.4295941908225116
deep_combined_3x16,fx,,2.075000,1.434442505970383,1.4344397493509262
deep_combined_3x16,fx,,2.100000,1.4392207525604401,1.4392179811552137
deep_combined_3x16,fx,,2.125000,1.4439320579651567,1.4439292730312083
deep_combined_3x16,fx,,2.150000,1.4485768500165797,1.4485740527633122
deep_combined_3x16,fx,,2.175000,1.4531555943188996,1.4531527859082907
deep_combined_3x16,fx,,2.200000,1.4576687911898563,1.4576659727369123
deep_combined_3x16,fx,,2.225000,1.462116972755634,1.4621141453290472
deep_combined_3x16,fx,,2.250000,1.4665007001946695,1.4664978648176454
deep_combined_3x16,fx,,2.275000,1.4708205611256602,1.470817718776893
deep_combined_3x16,fx,,2.300000,1.475077167134955,1.475074318749721
deep_combined_3x16,fx,,2.325000,1.4792711514384538,1.479268297909802
deep_combined_3x16,fx,,2.350000,1.4834031666730951,1.483400308853113
deep_combined_3x16,fx,,2.375000,1.487473882813014,1.4874710215141502
deep_combined_3x16,fx,,2.400000,1.4914839852054649,1.491481121201892
deep_combined_3x16,fx,,2.425000,1.4954341727216456,1.4954313067506453
deep_combined_3x16,fx,,2.450000,1.4993251560176089,1.4993222887809725
deep_combined_3x16,fx,,2.475000,1.5031576559005357,1.5031547880659621
deep_combined_3x16,fx,,2.500000,1.506932401795713,1.5069295339981974
deep_combined_3x16,fx,,2.525000,1.510650130309667,1.5106472631528727
deep_combined_3x16,fx,,2.550000,1.5143115838850134,1.514308717942618
deep_combined_3x16,fx,,2.575000,1.5179175095426929,1.5179146453597039
deep_combined_3x16,fx,,2.600000,1.5214686577073844,1.5214657958014208
deep_combined_3x16,fx,,2.625000,1.5249657811120259,1.5249629219745588
deep_combined_3x16,fx,,2.650000,1.5284096337774815,1.5284067778750356
deep_combined_3x16,fx,,2.675000,1.531800970063549,1.5317981178388593
deep_combined_3x16,fx,,2.700000,1.5351405437876238,1.5351376956607474
deep_combined_3x16,fx,,2.725000,1.5384291074074676,1.538426263776851
deep_combined_3x16,fx,,2.750000,1.5416674112646793,1.5416645725081797
deep_combined_3x16,fx,,2.775000,1.5448562028855828,1.5448533693614435
deep_combined_3x16,fx,,2.800000,1.5479962263363938,1.5479933983841754
deep_combined_3x16,fx,,2.825000,1.5510882216296489,1.5510853995711167
deep_combined_3x16,fx,,2.850000,1.5541329241790152,1.5541301083189827
deep_combined_3x16,fx,,2.875000,1.55713106429972,1.5571282549268526
deep_combined_3x16,fx,,2.900000,1.560083366751973,1.5600805641395499
deep_combined_3x16,fx,,2.925000,1.5629905503248578,1.562987754731498
deep_combined_3x16,fx,,2.950000,1.5658533274583095,1.5658505391286572
deep_combined_3x16,fx,,2.975000,1.5686724039008826,1.5686696230662598
deep_combined_3x16,fx,,3.000000,1.5714484784011429,1.5714457052801694
deep_combined_3x16,fx,,3.025000,1.5741822424306244,1.5741794772298021
deep_combined_3x16,fx,,3.050000,1.5768743799363723,1.5768716228506432
deep_combined_3x16,fx,,3.075000,1.5795255671212234,1.5795228183344976
deep_combined_3x16,fx,,3.100000,1.5821364722500486,1.5821337319357038
deep_combined_3x16,fx,,3.125000,1.584707755480279,1.5847050238016365
deep_combined_3x16,fx,,3.150000,1.587240068715133,1.587237345825908
deep_combined_3x16,fx,,3.175000,1.5897340554780328,1.5897313415227634
deep_combined_3x16,fx,,3.200000,1.592190350806794,1.592187645921248
deep_combined_3x16,fx,,3.225000,1.5946095811662364,1.5946068854777975
deep_combined_3x16,fx,,3.250000,1.596992364377946,1.5969896780059818
deep_combined_3x16,fx,,3.275000,1.5993393095659871,1.5993366326221994
deep_combined_3x16,fx,,3.300000,1.6016510171174292,1.601648349706187
deep_combined_3x16,fx,,3.325000,1.6039280786566192,1.6039254208752762
deep_combined_3x16,fx,,3.350000,1.6061710770321873,1.6061684289713845
deep_combined_3x16,fx,,3.375000,1.608380586315843,1.6083779480597964
deep_combined_3x16,fx,,3.400000,1.6105571718120535,1.6105545434388309
deep_combined_3x16,fx,,3.425000,1.6127013900777756,1.6126987716595576
deep_combined_3x16,fx,,3.450000,1.6148137889514356,1.6148111805547691
deep_combined_3x16,fx,,3.475000,1.616894907590425,1.6168923092764607
deep_combined_3x16,fx,,3.500000,1.6189452765163952,1.6189426883411182
deep_combined_3x16,fx,,3.525000,1.6209654176677073,1.6209628396821578
deep_combined_3x16,fx,,3.550000,1.622955844458417,1.622953276708899
deep_combined_3x16,fx,,3.575000,1.6249170618432078,1.6249145043714908
deep_combined_3x16,fx,,3.600000,1.6268495663877374,1.6268470192312494
deep_combined_3x16,fx,,3.625000,1.6287538463438882,1.6287513095359003
deep_combined_3x16,fx,,3.650000,1.6306303817294396,1.630627855299244
deep_combined_3x16,fx,,3.675000,1.6324796444117253,1.632477128384804
deep_combined_3x16,fx,,3.700000,1.6343020981948526,1.6342995925930408
deep_combined_3x16,fx,,3.725000,1.6360981989100942,1.6360957037517374
deep_combined_3x16,fx,,3.750000,1.6378683945090964,1.6378659098091999
deep_combined_3x16,fx,,3.775000,1.6396131251595543,1.6396106509299275
deep_combined_3x16,fx,,3.800000,1.6413328233430475,1.641330359592442
deep_combined_3x16,fx,,3.825000,1.6430279139547321,1.6430254606889751
deep_combined_3x16,fx,,3.850000,1.6446988144046253,1.6446963716267469
deep_combined_3x16,fx,,3.875000,1.6463459347202185,1.6463435024305744
deep_combined_3x16,fx,,3.900000,1.6479696776501869,1.6479672558465768
deep_combined_3x16,fx,,3.925000,1.6495704387689756,1.6495680274467555
deep_combined_3x16,fx,,3.950000,1.6511486065820546,1.651146205734246
deep_combined_3x16,fx,,3.975000,1.65270456263166,1.6527021722490547
deep_combined_3x16,fx,,4.000000,1.6542386816028387,1.654236301674099
deep_combined_3x16,fx,,4.025000,1.6557513314296437,1.6557489619413992
deep_combined_3x16,fx,,4.050000,1.657242873401323,1.6572405143382634
deep_combined_3x16,fx,,4.075000,1.6587136622683716,1.6587113136133356
deep_combined_3x16,fx,,4.100000,1.6601640463483145,1.6601617080823763
deep_combined_3x16,fx,,4.125000,1.661594367631109,1.6615920397336599
deep_combined_3x16,fx,,4.150000,1.6630049618840563,1.663002644332885
deep_combined_3x16,fx,,4.175000,1.6643961587561291,1.6643938515274967
deep_combined_3x16,fx,,4.200000,1.6657682818816222,1.6657659849503361
deep_combined_3x16,fx,,4.225000,1.667121648983046,1.6671193623225302
deep_combined_3x16,fx,,4.250000,1.668456571973193,1.668454295555556
deep_combined_3x16,fx,,4.275000,1.669773357056305,1.6697710908524037
deep_combined_3x16,fx,,4.300000,1.6710723048282843,1.6710700488077885
deep_combined_3x16,fx,,4.325000,1.6723537103758954,1.672351464507346
deep_combined_3x16,fx,,4.350000,1.6736178633749044,1.6736156276257725
deep_combined_3x16,fx,,4.375000,1.6748650481871192,1.6748628225238602
deep_combined_3x16,fx,,4.400000,1.6760955439562848,1.6760933283443924
deep_combined_3x16,fx,,4.425000,1.6773096247028052,1.6773074191068635
deep_combined_3x16,fx,,4.450000,1.6785075594172654,1.6785053638009961
deep_combined_3x16,fx,,4.475000,1.6796896121527138,1.6796874264790258
deep_combined_3x16,fx,,4.500000,1.680856042115703,1.6808538663467358
deep_combined_3x16,fx,,4.525000,1.6820071037560533,1.682004937853222
deep_combined_3x16,fx,,4.550000,1.6831430468553343,1.6831408907793708
deep_combined_3x16,fx,,4.575000,1.684264116614047,1.6842619703250405
deep_combined_3x16,fx,,4.600000,1.685370553737499,1.685368417194935
deep_combined_3x16,fx,,4.625000,1.686462594520366,1.6864604676831623
deep_combined_3x16,fx,,4.650000,1.6875404709299298,1.687538353756474
deep_combined_3x16,fx,,4.675000,1.6886044106880027,1.6886023031361845
deep_combined_3x16,fx,,4.700000,1.6896546373515184,1.6896525393787643
deep_combined_3x16,fx,,4.725000,1.690691370391812,1.6906892819551151
deep_combined_3x16,fx,,4.750000,1.6917148252725733,1.691712746328525
deep_combined_3x16,fx,,4.775000,1.6927252135264916,1.69272314403131
deep_combined_3x16,fx,,4.800000,1.693722742830588,1.6937206827401463
deep_combined_3x16,fx,,4.825000,1.6947076170802506,1.6947055663501032
deep_combined_3x16,fx,,4.850000,1.6956800364619735,1.695677995047382
deep_combined_3x16,fx,,4.875000,1.696640197524813,1.6966381653807714
deep_combined_3x16,fx,,4.900000,1.6975882932505735,1.6975862703318307
deep_combined_3x16,fx,,4.925000,1.6985245131227256,1.6985224993838095
deep_combined_3x16,fx,,4.950000,1.6994490431940812,1.6994470385893194
deep_combined_3x16,fx,,4.975000,1.7003620661532262,1.7003600706367672
deep_combined_3x16,fx,,5.000000,1.7012637613897315,1.701261774915565
deep_combined_3x16,fx,,5.025000,1.702154305058154,1.7021523275801298
deep_combined_3x16,fx,,5.050000,1.7030338701408427,1.7030319016126885
deep_combined_3x16,fx,,5.075000,1.7039026265095611,1.7039006668849015
deep_combined_3x16,fx,,5.100000,1.7047607409859507,1.7047587902183228
deep_combined_3x16,fx,,5.125000,1.705608377400837,1.7056064354437073
deep_combined_3x16,fx,,5.150000,1.7064456966524093,1.7064437634591885
deep_combined_3x16,fx,,5.175000,1.7072728567632756,1.7072709322873345
deep_combined_3x16,fx,,5.200000,1.7080900129364243,1.708088097131107
deep_combined_3x16,fx,,5.225000,1.708897317610094,1.7088954104287313
deep_combined_3x16,fx,,5.250000,1.7096949205115775,1.7096930219075017
deep_combined_3x16,fx,,5.275000,1.7104829687099787,1.7104810786365339
deep_combined_3x16,fx,,5.300000,1.7112616066679283,1.711259725078483
deep_combined_3x16,fx,,5.325000,1.7120309762922847,1.7120291031402441
deep_combined_3x16,fx,,5.350000,1.712791216983837,1.7127893522226525
deep_combined_3x16,fx,,5.375000,1.7135424656860188,1.7135406092691985
deep_combined_3x16,fx,,5.400000,1.7142848569326552,1.714283008813776
deep_combined_3x16,fx,,5.425000,1.7150185228947668,1.7150166830274802
deep_combined_3x16,fx,,5.450000,1.7157435934264278,1.7157417617644724
deep_combined_3x16,fx,,5.475000,1.7164601961097172,1.7164583726069251
deep_combined_3x16,fx,,5.500000,1.7171684562987635,1.7171666409090691
deep_combined_3x16,fx,,5.525000,1.7178684971629055,1.717866689840354
deep_combined_3x16,fx,,5.550000,1.718560439728987,1.7185586404277413
deep_combined_3x16,fx,,5.575000,1.7192444029227965,1.7192426115971444
deep_combined_3x16,fx,,5.600000,1.7199205036096734,1.719918720214034
deep_combined_3x16,fx,,5.625000,1.7205888566342895,1.7205870811232205
deep_combined_3x16,fx,,5.650000,1.7212495748596293,1.721247807187832
deep_combined_3x16,fx,,5.675000,1.7219027692051776,1.7219010093275047
deep_combined_3x16,fx,,5.700000,1.7225485486843366,1.7225467965557948
deep_combined_3x16,fx,,5.725000,1.7231870204410764,1.7231852760168345
deep_combined_3x16,fx,,5.750000,1.7238182897858485,1.7238165530212408
deep_combined_3x16,fx,,5.775000,1.7244424602307642,1.7244407310812953
deep_combined_3x16,fx,,5.800000,1.725059633524058,1.725057911945408
deep_combined_3x16,fx,,5.825000,1.7256699096838508,1.7256681956318787
deep_combined_3x16,fx,,5.850000,1.7262733870312232,1.7262716804619718
deep_combined_3x16,fx,,5.875000,1.726870162222618,1.7268684630923166
deep_combined_3x16,fx,,5.900000,1.727460330281578,1.727458638546647
deep_combined_3x16,fx,,5.925000,1.728043984629841,1.7280423002468948
deep_combined_3x16,fx,,5.950000,1.7286212171177984,1.728619540043648
deep_combined_3x16,fx,,5.975000,1.7291921180543317,1.7291904482459888
deep_combined_3x16,fx,,6.000000,1.7297567762360442,1.7297551136507232
deep_combined_3x16,fc,0.5,0.000000,0.9999961712608586,0.9999961712608588
deep_combined_3x16,fc,0.5,0.025000,0.998358670315568,0.9983586646344352
deep_combined_3x16,fc,0.5,0.050000,0.9934854598953113,0.9934854371990305
deep_combined_3x16,fc,0.5,0.075000,0.9854914085772065,0.9854913576191164
deep_combined_3x16,fc,0.5,0.100000,0.9745584139410559,0.9745583236306017
deep_combined_3x16,fc,0.5,0.125000,0.9609226265176025,0.9609224860044977
deep_combined_3x16,fc,0.5,0.150000,0.9448592538584469,0.9448590526338713
deep_combined_3x16,fc,0.5,0.175000,0.9266668398521408,0.9266665678644719
deep_combined_3x16,fc,0.5,0.200000,0.906652639490541,0.906652287270015
deep_combined_3x16,fc,0.5,0.225000,0.8851202148089176,0.8851197735940066
deep_combined_3x16,fc,0.5,0.250000,0.8623598258608868,0.8623592877190294
deep_combined_3x16,fc,0.5,0.275000,0.8386417085719864,0.838641066508284
deep_combined_3x16,fc,0.5,0.300000,0.8142119868953248,0.8142112349444125
deep_combined_3x16,fc,0.5,0.325000,0.7892907722681465,0.7892899055662282
deep_combined_3x16,fc,0.5,0.350000,0.7640719352753249,0.7640709501109981
deep_combined_3x16,fc,0.5,0.375000,0.7387240540447306,0.738722947888542
deep_combined_3x16,fc,0.5,0.400000,0.7133921130052433,0.7133908845188547
deep_combined_3x16,fc,0.5,0.425000,0.6881996142682437,0.6881982632946789
deep_combined_3x16,fc,0.5,0.450000,0.6632508523606245,0.663249379897375
deep_combined_3x16,fc,0.5,0.475000,0.6386331806350778,0.6386315887919551
deep_combined_3x16,fc,0.5,0.500000,0.6144191601731829,0.614417452116793
deep_combined_3x16,fc,0.5,0.525000,0.5906685291238936,0.5906667090105318
deep_combined_3x16,fc,0.5,0.550000,0.567429963986272,0.5674280368849434
deep_combined_3x16,fc,0.5,0.575000,0.5447426269311294,0.5447405987383155
deep_combined_3x16,fc,0.5,0.600000,0.522637507483136,0.5226353848308631
deep_combined_3x16,fc,0.5,0.625000,0.5011385750568784,0.5011363652156074
deep_combined_3x16,fc,0.5,0.650000,0.4802637628180584,0.4802614735958944
deep_combined_3x16,fc,0.5,0.675000,0.46002580454317765,0.46002344418289265
deep_combined_3x16,fc,0.5,0.700000,0.4404329456125806,0.4404305226879344
deep_combined_3x16,fc,0.5,0.725000,0.42148954772040315,0.4214870710332323
deep_combined_3x16,fc,0.5,0.750000,0.40319660481545183,0.4031940832949596
deep_combined_3x16,fc,0.5,0.775000,0.38555218552385995,0.38554962812948085
deep_combined_3x16,fc,0.5,0.800000,0.3685518150519611,0.36854923068108175
deep_combined_3x16,fc,0.5,0.825000,0.35218880744781433,0.35218620484951263
deep_combined_3x16,fc,0.5,0.850000,0.33645455717839323,0.3364519448742073
deep_combined_3x16,fc,0.5,0.875000,0.3213387972863587,0.3213361834989273
deep_combined_3x16,fc,0.5,0.900000,0.3068298299322294,0.306827222522449
deep_combined_3x16,fc,0.5,0.925000,0.29291473389692857,0.2929121403100752
deep_combined_3x16,fc,0.5,0.950000,0.27957955260015477,0.2795769798212084
deep_combined_3x16,fc,0.5,0.975000,0.2668094653612961,0.2668069198795077
deep_combined_3x16,fc,0.5,1.000000,0.25458894396926146,0.25458643175180856
deep_combined_3x16,fc,0.5,1.025000,0.24290189611286062,0.24289942258726716
deep_combined_3x16,fc,0.5,1.050000,0.2317317968321767,0.23172936687701973
deep_combined_3x16,fc,0.5,1.075000,0.2210618088629861,0.22105942680628568
deep_combined_3x16,fc,0.5,1.100000,0.2108748925417282,0.21087256216631964
deep_combined_3x16,fc,0.5,1.125000,0.20115390580075265,0.20115163035586586
deep_combined_3x16,fc,0.5,1.150000,0.19188169469759786,0.1918794769158274
deep_combined_3x16,fc,0.5,1.175000,0.18304117487496296,0.18303901699379402
deep_combined_3x16,fc,0.5,1.200000,0.1746154043289112,0.1746133081159656
deep_combined_3x16,fc,0.5,1.225000,0.1665876478626347,0.16658561464383392
deep_combined_3x16,fc,0.5,1.250000,0.15894143361459812,0.15893946430447428
deep_combined_3x16,fc,0.5,1.275000,0.15166060206729404,0.15165869720073666
deep_combined_3x16,fc,0.5,1.300000,0.14472934796194903,0.14472750772673904
deep_combined_3x16,fc,0.5,1.325000,0.1381322555621256,0.13813047983167853
deep_combined_3x16,fc,0.5,1.350000,0.13185432772324834,0.13185261608906113
deep_combined_3x16,fc,0.5,1.375000,0.12588100923427026,0.1258793610376418
deep_combined_3x16,fc,0.5,1.400000,0.12019820490141453,0.12019661926408308
deep_combined_3x16,fc,0.5,1.425000,0.11479229284202452,0.11479076869543448
deep_combined_3x16,fc,0.5,1.450000,0.10965013344924845,0.1096486695622258
deep_combined_3x16,fc,0.5,1.475000,0.1047590744760899,0.10475766948076473
deep_combined_3x16,fc,0.5,1.500000,0.1001069526709012,0.10010560508677041
deep_combined_3x16,fc,0.5,1.525000,0.09568209237642755,0.09568080063249802
deep_combined_3x16,fc,0.5,1.550000,0.09147330148177091,0.09147206393676467
deep_combined_3x16,fc,0.5,1.575000,0.08746986509190635,0.08746868005254455
deep_combined_3x16,fc,0.5,1.600000,0.08366153725331194,0.08366040299072135
deep_combined_3x16,fc,0.5,1.625000,0.0800385310475249,0.08003744581183542
deep_combined_3x16,fc,0.5,1.650000,0.07659150733754805,0.07659046937076666
deep_combined_3x16,fc,0.5,1.675000,0.07331156242546277,0.07331056997272188
deep_combined_3x16,fc,0.5,1.700000,0.07019021485377208,0.07018926617305912
deep_combined_3x16,fc,0.5,1.725000,0.06721939155815049,0.06721848492863296
deep_combined_3x16,fc,0.5,1.750000,0.06439141355571154,0.06439054728477098
deep_combined_3x16,fc,0.5,1.775000,0.06169898133072216,0.0616981537598125
deep_combined_3x16,fc,0.5,1.800000,0.05913516005905051,0.059134369568493717
deep_combined_3x16,fc,0.5,1.825000,0.056693364793555134,0.05669260980638358
deep_combined_3x16,fc,0.5,1.850000,0.05436734571514912,0.05436662470009754
deep_combined_3x16,fc,0.5,1.875000,0.05215117353836507,0.05215048501211195
deep_combined_3x16,fc,0.5,1.900000,0.05003922514588821,0.050038567674637165
deep_combined_3x16,fc,0.5,1.925000,0.048026169513629924,0.0480255417141179
deep_combined_3x16,fc,0.5,1.950000,0.04610695397641584,0.04610635451642435
deep_combined_3x16,fc,0.5,1.975000,0.04427679087418612,0.04427621847262877
deep_combined_3x16,fc,0.5,2.000000,0.0425311446096408,0.042530598036290536
deep_combined_3x16,fc,0.5,2.025000,0.04086571914041204,0.04086519721532707
deep_combined_3x16,fc,0.5,2.050000,0.03927644592204993,0.03927594751474929
deep_combined_3x16,fc,0.5,2.075000,0.03775947231221366,0.03775899634064951
deep_combined_3x16,fc,0.5,2.100000,0.036311150441442175,0.03631069587080901
deep_combined_3x16,fc,0.5,2.125000,0.03492802655159,0.03492759239300612
deep_combined_3x16,fc,0.5,2.150000,0.033606830799427834,0.033606416108520214
deep_combined_3x16,fc,0.5,2.175000,0.03234446751989928,0.032344071395319085
deep_combined_3x16,fc,0.5,2.200000,0.031138005941065194,0.03113762752295615
deep_combined_3x16,fc,0.5,2.225000,0.029984671340763103,0.029984309809202872
deep_combined_3x16,fc,0.5,2.250000,0.02888183663341648,0.028881491206847024
deep_combined_3x16,fc,0.5,2.275000,0.02782701437418944,0.027826684307850874
deep_combined_3x16,fc,0.5,2.300000,0.026817849166750896,0.026817533751129878
deep_combined_3x16,fc,0.5,2.325000,0.02585211046023783,0.025851809019539436
deep_combined_3x16,fc,0.5,2.350000,0.024927685720567916,0.024927397611219253
deep_combined_3x16,fc,0.5,2.375000,0.024042573960993074,0.024042298570184424
deep_combined_3x16,fc,0.5,2.400000,0.023194879616696196,0.02319461636096361
deep_combined_3x16,fc,0.5,2.425000,0.022382806748265316,0.022382555072118837
deep_combined_3x16,fc,0.5,2.450000,0.021604653559045506,0.021604412933645116
deep_combined_3x16,fc,0.5,2.475000,0.020858807211593167,0.020858577133474034
deep_combined_3x16,fc,0.5,2.500000,0.020143738928788735,0.020143518918636836
deep_combined_3x16,fc,0.5,2.525000,0.019457999365527723,0.019457788967005542
deep_combined_3x16,fc,0.5,2.550000,0.01880021423732936,0.01880001301595232
deep_combined_3x16,fc,0.5,2.575000,0.01816908019265895,0.018168887734721407
deep_combined_3x16,fc,0.5,2.600000,0.017563360916229565,0.017563176827779654
deep_combined_3x16,fc,0.5,2.625000,0.0169818834510449,0.016981707356906937
deep_combined_3x16,fc,0.5,2.650000,0.0164235347274454,0.016423366270288828
deep_combined_3x16,fc,0.5,2.675000,0.01588725828792481,0.01588709712737786
deep_combined_3x16,fc,0.5,2.700000,0.015372051196982262,0.015371897008789036
deep_combined_3x16,fc,0.5,2.725000,0.014876961125789068,0.014876813601008254
deep_combined_3x16,fc,0.5,2.750000,0.014401083601917608,0.014400942446161183
deep_combined_3x16,fc,0.5,2.775000,0.013943559414876572,0.01394342434758682
deep_combined_3x16,fc,0.5,2.800000,0.013503572168658273,0.0135034429224213
deep_combined_3x16,fc,0.5,2.825000,0.013080345972952712,0.013080222292847036
deep_combined_3x16,fc,0.5,2.850000,0.012673143265125142,0.012673024908103358
deep_combined_3x16,fc,0.5,2.875000,0.012281262755472366,0.012281149489774493
deep_combined_3x16,fc,0.5,2.900000,0.011904037488678965,0.011903929093276212
deep_combined_3x16,fc,0.5,2.925000,0.011540833014777485,0.0115407292788442
deep_combined_3x16,fc,0.5,2.950000,0.011191045663298205,0.011190946385711102
deep_combined_3x16,fc,0.5,2.975000,0.010854100914629017,0.010854005903492529
deep_combined_3x16,fc,0.5,3.000000,0.0105294518629645,0.010529360935159847
deep_combined_3x16,fc,0.5,3.025000,0.010216577765522428,0.010216490746280376
deep_combined_3x16,fc,0.5,3.050000,0.009914982673027373,0.00991489939552285
deep_combined_3x16,fc,0.5,3.075000,0.009624194136736763,0.00962411444170394
deep_combined_3x16,fc,0.5,3.100000,0.009343761987566035,0.009343685722933544
deep_combined_3x16,fc,0.5,3.125000,0.009073257183122019,0.009073184203666275
deep_combined_3x16,fc,0.5,3.150000,0.00881227071870605,0.00881220088572273
deep_combined_3x16,fc,0.5,3.175000,0.008560412598569433,0.00856034577956125
deep_combined_3x16,fc,0.5,3.200000,0.008317310863931282,0.008317246932311853
deep_combined_3x16,fc,0.5,3.225000,0.008082610674469137,0.008082549509281826
deep_combined_3x16,fc,0.5,3.250000,0.007855973440190067,0.007855914925840547
deep_combined_3x16,fc,0.5,3.275000,0.007637076000768905,0.007637020026771776
deep_combined_3x16,fc,0.5,3.300000,0.007425609849617709,0.007425556310355653
deep_combined_3x16,fc,0.5,3.325000,0.007221280400110608,0.007221229194605152
deep_combined_3x16,fc,0.5,3.350000,0.007023806291538315,0.007023757323232783
deep_combined_3x16,fc,0.5,3.375000,0.006832918732518567,0.0068328719090709365
deep_combined_3x16,fc,0.5,3.400000,0.006648360879710102,0.006648316112797191
deep_combined_3x16,fc,0.5,3.425000,0.0064698872498247795,0.006469844454954951
deep_combined_3x16,fc,0.5,3.450000,0.006297263163028699,0.006297222259364868
deep_combined_3x16,fc,0.5,3.475000,0.0061302642159597465,0.006130225126150202
deep_combined_3x16,fc,0.5,3.500000,0.005968675782672794,0.005968638432691078
deep_combined_3x16,fc,0.5,3.525000,0.005812292541939934,0.005812256860931846
deep_combined_3x16,fc,0.5,3.550000,0.0056609180294189265,0.005660883949557558
deep_combined_3x16,fc,0.5,3.575000,0.005514364213286993,0.005514331669634566
deep_combined_3x16,fc,0.5,3.600000,0.0053724510920324375,0.005372420022408773
deep_combined_3x16,fc,0.5,3.625000,0.005235006313157431,0.0052349766580150085
deep_combined_3x16,fc,0.5,3.650000,0.005101864811633994,0.0051018365139386904
deep_combined_3x16,fc,0.5,3.675000,0.004972868467009728,0.0049728414721276004
deep_combined_3x16,fc,0.5,3.700000,0.004847865778136562,0.004847840033726076
deep_combined_3x16,fc,0.5,3.725000,0.004726711554544627,0.004726687010453871
deep_combined_3x16,fc,0.5,3.750000,0.004609266623550212,0.0046092432317188185
deep_combined_3x16,fc,0.5,3.775000,0.004495397552230718,0.004495375266596954
deep_combined_3x16,fc,0.5,3.800000,0.004384976383459582,0.00438495515987154
deep_combined_3x16,fc,0.5,3.825000,0.004277880385229804,0.004277860181360855
deep_combined_3x16,fc,0.5,3.850000,0.00417399181255107,0.00417397258781929
deep_combined_3x16,fc,0.5,3.875000,0.004073197681234819,0.004073179396726176
deep_combined_3x16,fc,0.5,3.900000,0.003975389552930753,0.003975372171325868
deep_combined_3x16,fc,0.5,3.925000,0.003880463330810935,0.003880446816315581
deep_combined_3x16,fc,0.5,3.950000,0.0037883190653281718,0.0037883033836064225
deep_combined_3x16,fc,0.5,3.975000,0.003698860769515089,0.0036988458876262074
deep_combined_3x16,fc,0.5,4.000000,0.003611996243318205,0.0036119821296561735
deep_combined_3x16,fc,0.5,4.025000,0.003527636906484277,0.0035276235307199755
deep_combined_3x16,fc,0.5,4.050000,0.003445697639553602,0.003445684972579932
deep_combined_3x16,fc,0.5,4.075000,0.003366096632530957,0.0033660846464103494
deep_combined_3x16,fc,0.5,4.100000,0.0032887552408356058,0.0032887439087498005
deep_combined_3x16,fc,0.5,4.125000,0.003213597848145011,0.0032135871443476484
deep_combined_3x16,fc,0.5,4.150000,0.003140551735785091,0.003140541635555781
deep_combined_3x16,fc,0.5,4.175000,0.003069546958316405,0.003069537437917249
deep_combined_3x16,fc,0.5,4.200000,0.003000516225005301,0.003000507261639546
deep_combined_3x16,fc,0.5,4.225000,0.002933394786875154,0.002933386358647509
deep_combined_3x16,fc,0.5,4.250000,0.0028681203290538138,0.002868112414932197
deep_combined_3x16,fc,0.5,4.275000,0.002804632868143031,0.0028046254479229715
deep_combined_3x16,fc,0.5,4.300000,0.002742874654363292,0.002742867708632816
deep_combined_3x16,fc,0.5,4.325000,0.00268279007822525,0.0026827835883323843
deep_combined_3x16,fc,0.5,4.350000,0.0026243255815024957,0.0026243195295232785
deep_combined_3x16,fc,0.5,4.375000,0.0025674295722930562,0.0025674239410017246
deep_combined_3x16,fc,0.5,4.400000,0.002512052343959237,0.002512047116799274
deep_combined_3x16,fc,0.5,4.425000,0.002458145997759842,0.0024581411588165073
deep_combined_3x16,fc,0.5,4.450000,0.002405664368985927,0.0024056599029599174
deep_combined_3x16,fc,0.5,4.475000,0.0023545629564312165,0.0023545588486135268
deep_combined_3x16,fc,0.5,4.500000,0.002304798855030543,0.002304795091278237
deep_combined_3x16,fc,0.5,4.525000,0.0022563306915138748,0.0022563272582273074
deep_combined_3x16,fc,0.5,4.550000,0.002209118562926826,0.002209115447027629
deep_combined_3x16,fc,0.5,4.575000,0.0021631239778775457,0.002163121166787322
deep_combined_3x16,fc,0.5,4.600000,0.00211830980038219,0.0021183072820026927
deep_combined_3x16,fc,0.5,4.625000,0.0020746401961795335,0.0020746379588730468
deep_combined_3x16,fc,0.5,4.650000,0.0020320805813974774,0.002032078613968704
deep_combined_3x16,fc,0.5,4.675000,0.0019905975734608727,0.0019905958651390177
deep_combined_3x16,fc,0.5,4.700000,0.001950158944130198,0.0019501574845522565
deep_combined_3x16,fc,0.5,4.725000,0.0019107335745742748,0.0019107323537686412
deep_combined_3x16,fc,0.5,4.750000,0.0018722914123773249,0.0018722904207485434
deep_combined_3x16,fc,0.5,4.775000,0.0018348034303917737,0.0018348026587054643
deep_combined_3x16,fc,0.5,4.800000,0.001798241587348537,0.0017982410267173958
deep_combined_3x16,fc,0.5,4.825000,0.001762578790144298,0.001762578432014152
deep_combined_3x16,fc,0.5,4.850000,0.0017277888577262868,0.0017277886938635106
deep_combined_3x16,fc,0.5,4.875000,0.0016938464865023928,0.0016938465089809934
deep_combined_3x16,fc,0.5,4.900000,0.0016607272172026732,0.0016607274183924714
deep_combined_3x16,fc,0.5,4.925000,0.0016284074031317486,0.001628407775686919
deep_combined_3x16,fc,0.5,4.950000,0.00159686417974092,0.001596864716589041
deep_combined_3x16,fc,0.5,4.975000,0.0015660754354664963,0.0015660761297978003
deep_combined_3x16,fc,0.5,5.000000,0.0015360197837712697,0.001536020629028713
deep_combined_3x16,fc,0.5,5.025000,0.001506676536339957,0.0015066775262095645
deep_combined_3x16,fc,0.5,5.050000,0.0014780256773713196,0.0014780268057724868
deep_combined_3x16,fc,0.5,5.075000,0.0014500478389225524,0.0014500490999996532
deep_combined_3x16,fc,0.5,5.100000,0.0014227242772554272,0.0014227256653687938
deep_combined_3x16,fc,0.5,5.125000,0.0013960368501410025,0.0013960383598590484
deep_combined_3x16,fc,0.5,5.150000,0.001369967995080268,0.0013699696211715122
deep_combined_3x16,fc,0.5,5.175000,0.0013445007084007532,0.001344502445826072
deep_combined_3x16,fc,0.5,5.200000,0.0013196185251885817,0.001319620369094148
deep_combined_3x16,fc,0.5,5.225000,0.0012953055000216596,0.0012953074457320137
deep_combined_3x16,fc,0.5,5.250000,0.0012715461884682533,0.0012715482314793827
deep_combined_3x16,fc,0.5,5.275000,0.001248325629316649,0.0012483277652897444
deep_combined_3x16,fc,0.5,5.300000,0.0012256293275042518,0.0012256315522594916
deep_combined_3x16,fc,0.5,5.325000,0.0012034432377192594,0.0012034455472299352
deep_combined_3x16,fc,0.5,5.350000,0.0011817537486398244,0.0011817561390265222
deep_combined_3x16,fc,0.5,5.375000,0.0011605476677902793,0.0011605501353155188
deep_combined_3x16,fc,0.5,5.400000,0.0011398122069812278,0.0011398147480441024
deep_combined_3x16,fc,0.5,5.425000,0.0011195349683150724,0.0011195375794464772
deep_combined_3x16,fc,0.5,5.450000,0.0010997039307284462,0.0010997066085859438
deep_combined_3x16,fc,0.5,5.475000,0.001080307437050676,0.0010803101784139062
deep_combined_3x16,fc,0.5,5.500000,0.0010613341815562949,0.0010613369833224516
deep_combined_3x16,fc,0.5,5.525000,0.001042773197991731,0.0010427760571714813
deep_combined_3x16,fc,0.5,5.550000,0.001024613848054634,0.0010246167617677558
deep_combined_3x16,fc,0.5,5.575000,0.001006845810308521,0.001006848775780092
deep_combined_3x16,fc,0.5,5.600000,0.000989459069514198,0.0009894620840704305
deep_combined_3x16,fc,0.5,5.625000,0.0009724439063597545,0.000972446967424831
deep_combined_3x16,fc,0.5,5.650000,0.0009557908875765797,0.0009557939926686374
deep_combined_3x16,fc,0.5,5.675000,0.0009394908564182014,0.0009394940031462534
deep_combined_3x16,fc,0.5,5.700000,0.000923534923495839,0.0009235381095562882
deep_combined_3x16,fc,0.5,5.725000,0.0009079144579500209,0.0009079176811237815
deep_combined_3x16,fc,0.5,5.750000,0.0008926210789467204,0.0008926243370957384
deep_combined_3x16,fc,0.5,5.775000,0.0008776466474852418,0.000877649938550017
deep_combined_3x16,fc,0.5,5.800000,0.0008629832585037578,0.0008629865805003556
deep_combined_3x16,fc,0.5,5.825000,0.0008486232332741706,0.0008486265842915688
deep_combined_3x16,fc,0.5,5.850000,0.0008345591120689777,0.0008345624902662513
deep_combined_3x16,fc,0.5,5.875000,0.000820783647095702,0.0008207870506999125
deep_combined_3x16,fc,0.5,5.900000,0.0008072897956825642,0.0008072932229858862
deep_combined_3x16,fc,0.5,5.925000,0.0007940707137099601,0.0007940741630678401
deep_combined_3x16,fc,0.5,5.950000,0.0007811197492757493,0.0007811232191043099
deep_combined_3x16,fc,0.5,5.975000,0.0007684304365843664,0.0007684339253583744
deep_combined_3x16,fc,0.5,6.000000,0.0007559964900544225,0.0007559999963054072
deep_combined_3x16,fc,2,0.000000,0.9999979292399578,0.9999979292399579
deep_combined_3x16,fc,2,0.025000,0.9992961022945752,0.9992961010731113
deep_combined_3x16,fc,2,0.050000,0.9971948702760911,0.9971948653968338
deep_combined_3x16,fc,2,0.075000,0.993706918904197,0.9937069079517921
deep_combined_3x16,fc,2,0.100000,0.9888531903763756,0.9888531709729896
deep_combined_3x16,fc,2,0.125000,0.9826625884821555,0.9826625583062567
deep_combined_3x16,fc,2,0.150000,0.9751715776634873,0.9751715344708285
deep_combined_3x16,fc,2,0.175000,0.9664236871748484,0.9664236288215278
deep_combined_3x16,fc,2,0.200000,0.9564689336869944,0.95646885815437
deep_combined_3x16,fc,2,0.225000,0.9453631772336116,0.9453630826547406
deep_combined_3x16,fc,2,0.250000,0.9331674262880806,0.9331673109752425
deep_combined_3x16,fc,2,0.275000,0.9199471079910738,0.919946970463837
deep_combined_3x16,fc,2,0.300000,0.9057713191817661,0.9057711581949571
deep_combined_3x16,fc,2,0.325000,0.8907120730001202,0.890711887570984
deep_combined_3x16,fc,2,0.350000,0.8748435545301213,0.8748433439638938
deep_combined_3x16,fc,2,0.375000,0.8582413973589621,0.8582411612720591
deep_combined_3x16,fc,2,0.400000,0.8409819911502407,0.8409817294902436
deep_combined_3x16,fc,2,0.425000,0.8231418284769546,0.8231415415386202
deep_combined_3x16,fc,2,0.450000,0.8047968973250372,0.8047965857616002
deep_combined_3x16,fc,2,0.475000,0.7860221239345903,0.7860217887637229
deep_combined_3x16,fc,2,0.500000,0.7668908690486093,0.7668905116525188
deep_combined_3x16,fc,2,0.525000,0.7474744792232908,0.7474741013425734
deep_combined_3x16,fc,2,0.550000,0.7278418936380395,0.72784149735908
deep_combined_3x16,fc,2,0.575000,0.7080593058305104,0.7080588935663934
deep_combined_3x16,fc,2,0.600000,0.6881898789644795,0.6881894534295714
deep_combined_3x16,fc,2,0.625000,0.668293512599984,0.668293076778535
deep_combined_3x16,fc,2,0.650000,0.6484266584550291,0.6484262155643347
deep_combined_3x16,fc,2,0.675000,0.6286421823028702,0.6286417357517053
deep_combined_3x16,fc,2,0.700000,0.6089892689149877,0.6089888222581751
deep_combined_3x16,fc,2,0.725000,0.5895133668152919,0.589512923705394
deep_combined_3x16,fc,2,0.750000,0.5702561695363355,0.570255733673549
deep_combined_3x16,fc,2,0.775000,0.5512556300468431,0.551255205128223
deep_combined_3x16,fc,2,0.800000,0.5325460050385343,0.5325455947076924
deep_combined_3x16,fc,2,0.825000,0.5141579258089598,0.5141575336073486
deep_combined_3x16,fc,2,0.850000,0.49611849254867424,0.49611812186950627
deep_combined_3x16,fc,2,0.875000,0.4784513889306663,0.4784510429764151
deep_combined_3x16,fc,2,0.900000,0.461177014004547,0.4611766957488485
deep_combined_3x16,fc,2,0.925000,0.44431262851580755,0.4443123406704296
deep_combined_3x16,fc,2,0.950000,0.4278725129005969,0.4278722578879763
deep_combined_3x16,fc,2,0.975000,0.4118681343483792,0.4118679142800541
deep_combined_3x16,fc,2,1.000000,0.39630832047803344,0.39630813713912205
deep_combined_3x16,fc,2,1.025000,0.381199437336747,0.38119929217645976
deep_combined_3x16,fc,2,1.050000,0.3665455696044171,0.3665454637324295
deep_combined_3x16,fc,2,1.075000,0.35234870106772387,0.35234863525610427
deep_combined_3x16,fc,2,1.100000,0.33860889361577384,0.3386088683060421
deep_combined_3x16,fc,2,1.125000,0.3253244632009735,0.325324478515772
deep_combined_3x16,fc,2,1.150000,0.31249215140215214,0.31249220716094483
deep_combined_3x16,fc,2,1.175000,0.3001072914193166,0.3001073871574854
deep_combined_3x16,fc,2,1.200000,0.28816396751815176,0.28816410250883695
deep_combined_3x16,fc,2,1.225000,0.27665516712499905,0.27665534040303363
deep_combined_3x16,fc,2,1.250000,0.2655729249472525,0.2655731353345545
deep_combined_3x16,fc,2,1.275000,0.25490845865789113,0.2549087047897165
deep_combined_3x16,fc,2,1.300000,0.24465229583458048,0.24465257618608027
deep_combined_3x16,fc,2,1.325000,0.2347943919821599,0.234794704894746
deep_combined_3x16,fc,2,1.350000,0.22532423959153025,0.22532458329861285
deep_combined_3x16,fc,2,1.375000,0.216230968297485,0.21623134094921204
deep_combined_3x16,fc,2,1.400000,0.20750343629282586,0.2075038359795181
deep_combined_3x16,fc,2,1.425000,0.19913031323635766,0.199130738010403
deep_combined_3x16,fc,2,1.450000,0.19110015495863153,0.19110060285465802
deep_combined_3x16,fc,2,1.475000,0.1834014703223199,0.18340193937552854
deep_combined_3x16,fc,2,1.500000,0.1760227806348117,0.17602326889740094
deep_combined_3x16,fc,2,1.525000,0.1689526720400737,0.16895317759573308
deep_combined_3x16,fc,2,1.550000,0.16217984133616747,0.16218036231265762
deep_combined_3x16,fc,2,1.575000,0.15569313567523502,0.15569367025510647
deep_combined_3x16,fc,2,1.600000,0.1494815866054583,0.14948213303498506
deep_combined_3x16,fc,2,1.625000,0.14353443891058248,0.1435349955070108
deep_combined_3x16,fc,2,1.650000,0.13784117469322354,0.13784173985045117
deep_combined_3x16,fc,2,1.675000,0.13239153313431884,0.13239210532712925
deep_combined_3x16,fc,2,1.700000,0.12717552634374418,0.12717610413072902
deep_combined_3x16,fc,2,1.725000,0.122183451697085,0.12218403372238908
deep_combined_3x16,fc,2,1.750000,0.11740590103163084,0.11740648602565415
deep_combined_3x16,fc,2,1.775000,0.11283376705149661,0.11283435383068481
deep_combined_3x16,fc,2,1.800000,0.10845824726790154,0.1084588347337509
deep_combined_3x16,fc,2,1.825000,0.10427084577659329,0.1042714329139894
deep_combined_3x16,fc,2,1.850000,0.10026337315052214,0.10026395902552457
deep_combined_3x16,fc,2,1.875000,0.0964279447025147,0.09642852845968962
deep_combined_3x16,fc,2,1.900000,0.09275697735008814,0.09275755820948363
deep_combined_3x16,fc,2,1.925000,0.08924318529290942,0.08924376254675773
deep_combined_3x16,fc,2,1.950000,0.08587957469283836,0.08588014770206033
deep_combined_3x16,fc,2,1.975000,0.08265943752713745,0.08266000571771653
deep_combined_3x16,fc,2,2.000000,0.07957634476731035,0.07957690762659296
deep_combined_3x16,fc,2,2.025000,0.07662413901918852,0.07662469609216203
deep_combined_3x16,fc,2,2.050000,0.07379692674431426,0.0737974776299044
deep_combined_3x16,fc,2,2.075000,0.07108907016836241,0.07108961451578498
deep_combined_3x16,fc,2,2.100000,0.0684951789692354,0.06849571647443305
deep_combined_3x16,fc,2,2.125000,0.066010101825558,0.06601063222774378
deep_combined_3x16,fc,2,2.150000,0.06362891789548131,0.06362944097380911
deep_combined_3x16,fc,2,2.175000,0.061346928285954894,0.06134744385632948
deep_combined_3x16,fc,2,2.200000,0.059159647563854056,0.05916015547589158
deep_combined_3x16,fc,2,2.225000,0.05706279535250136,0.05706329548664664
deep_combined_3x16,fc,2,2.250000,0.05505228805012219,0.05505278031492643
deep_combined_3x16,fc,2,2.275000,0.05312423070054806,0.05312471503010885
deep_combined_3x16,fc,2,2.300000,0.051274909040989414,0.0512753853925513
deep_combined_3x16,fc,2,2.325000,0.04950078174684314,0.049501250098557395
deep_combined_3x16,fc,2,2.350000,0.04779847288925032,0.047798933238089425
deep_combined_3x16,fc,2,2.375000,0.04616476461740204,0.046165216977224074
deep_combined_3x16,fc,2,2.400000,0.044596590074352016,0.044597034474109544
deep_combined_3x16,fc,2,2.425000,0.0430910265523089,0.04309146303439602
deep_combined_3x16,fc,2,2.450000,0.04164528889095542,0.04164571750968536
deep_combined_3x16,fc,2,2.475000,0.0402567231202946,0.040257143940502574
deep_combined_3x16,fc,2,2.500000,0.03892280034776274,0.038923213443524764
deep_combined_3x16,fc,2,2.525000,0.03764111088786648,0.03764151634132921
deep_combined_3x16,fc,2,2.550000,0.036409358631371735,0.036409756531684365
deep_combined_3x16,fc,2,2.575000,0.035225355650042145,0.03522574609238472
deep_combined_3x16,fc,2,2.600000,0.03408701703208472,0.034087400116785065
deep_combined_3x16,fc,2,2.625000,0.03299235594279182,0.03299273177452561
deep_combined_3x16,fc,2,2.650000,0.03193947890433224,0.03193984759139919
deep_combined_3x16,fc,2,2.675000,0.030926581288234445,0.030926942941904803
deep_combined_3x16,fc,2,2.700000,0.029951943013805438,0.029952297747731768
deep_combined_3x16,fc,2,2.725000,0.029013924445524197,0.02901427237521226
deep_combined_3x16,fc,2,2.750000,0.028110962482300605,0.02811130372463498
deep_combined_3x16,fc,2,2.775000,0.027241566831450403,0.027241901504269916
deep_combined_3x16,fc,2,2.800000,0.026404316460209132,0.026404644681927984
deep_combined_3x16,fc,2,2.825000,0.025597856217657977,0.025598178106928483
deep_combined_3x16,fc,2,2.850000,0.02482089362001849,0.024821209295431242
deep_combined_3x16,fc,2,2.875000,0.024072195792372963,0.024072505372191445
deep_combined_3x16,fc,2,2.900000,0.02335058656002209,0.023350890161948933
deep_combined_3x16,fc,2,2.925000,0.02265494368284393,0.022655241423814636
deep_combined_3x16,fc,2,2.950000,0.02198419622619685,0.02198448822219974
deep_combined_3x16,fc,2,2.975000,0.02133732206210648,0.021337608428025324
deep_combined_3x16,fc,2,3.000000,0.020713345494665525,0.020713626344142904
deep_combined_3x16,fc,2,3.025000,0.020111335003801134,0.020111610449121096
deep_combined_3x16,fc,2,3.050000,0.019530401101754857,0.019530671253741985
deep_combined_3x16,fc,2,3.075000,0.01896969429684947,0.018969959264783273
deep_combined_3x16,fc,2,3.100000,0.01842840315932759,0.01842866305087054
deep_combined_3x16,fc,2,3.125000,0.017905752484250526,0.01790600740538857
deep_combined_3x16,fc,2,3.150000,0.017401001546673345,0.01740125160166688
deep_combined_3x16,fc,2,3.175000,0.01691344244450066,0.01691368773584563
deep_combined_3x16,fc,2,3.200000,0.01644239852464424,0.016442639153041987
deep_combined_3x16,fc,2,3.225000,0.01598722288829235,0.015987458952627043
deep_combined_3x16,fc,2,3.250000,0.015547296971303193,0.01554752856862642
deep_combined_3x16,fc,2,3.275000,0.015122029195903997,0.015122256421425359
deep_combined_3x16,fc,2,3.300000,0.014710853690080072,0.014711076637163482
deep_combined_3x16,fc,2,3.325000,0.014313229071193478,0.014313447831357885
deep_combined_3x16,fc,2,3.350000,0.01392863729054905,0.013928851953473702
deep_combined_3x16,fc,2,3.375000,0.013556582535783623,0.013556793189317143
deep_combined_3x16,fc,2,3.400000,0.01319659018810837,0.013196796918281035
deep_combined_3x16,fc,2,3.425000,0.012848205831583859,0.012848408722622606
deep_combined_3x16,fc,2,3.450000,0.012510994311748735,0.012511193446095005
deep_combined_3x16,fc,2,3.475000,0.012184538841061299,0.012184734299390572
deep_combined_3x16,fc,2,3.500000,0.011868440148736448,0.011868632009980432
deep_combined_3x16,fc,2,3.525000,0.011562315672691947,0.011562504014061415
deep_combined_3x16,fc,2,3.550000,0.011265798791429416,0.011265983688439207
deep_combined_3x16,fc,2,3.575000,0.010978538093794454,0.010978719620289117
deep_combined_3x16,fc,2,3.600000,0.01070019668465838,0.010700374912838966
deep_combined_3x16,fc,2,3.625000,0.010430451524672923,0.010430626525124654
deep_combined_3x16,fc,2,3.650000,0.010168992802346954,0.010169164644067214
deep_combined_3x16,fc,2,3.675000,0.00991552333677681,0.00991569208720407
deep_combined_3x16,fc,2,3.700000,0.009669758009458906,0.009669923734501585
deep_combined_3x16,fc,2,3.725000,0.009431423223690283,0.009431585987756015
deep_combined_3x16,fc,2,3.750000,0.0092002563901451,0.009200416256170275
deep_combined_3x16,fc,2,3.775000,0.008976005437285495,0.008976162466764602
deep_combined_3x16,fc,2,3.800000,0.008758428345338354,0.008758582598353621
deep_combined_3x16,fc,2,3.825000,0.008547292702636544,0.00854744423788731
deep_combined_3x16,fc,2,3.850000,0.008342375283186154,0.008342524158018077
deep_combined_3x16,fc,2,3.875000,0.008143461644379735,0.008143607914814084
deep_combined_3x16,fc,2,3.900000,0.007950345743834908,0.007950489464597189
deep_combined_3x16,fc,2,3.925000,0.00776282957439256,0.007762970798941056
deep_combined_3x16,fc,2,3.950000,0.0075807228163512486,0.007580861596905375
deep_combined_3x16,fc,2,3.975000,0.00740384250607784,0.007403978893646075
deep_combined_3x16,fc,2,4.000000,0.007232012720166603,0.0072321467645740005
deep_combined_3x16,fc,2,4.025000,0.007065064274365929,0.0070651960242810626
deep_combined_3x16,fc,2,4.050000,0.0069028344365388294,0.00690296393950086
deep_combined_3x16,fc,2,4.075000,0.006745166652953882,0.006745293955398438
deep_combined_3x16,fc,2,4.100000,0.006591910287243596,0.00659203543452906
deep_combined_3x16,fc,2,4.125000,0.006442920371403815,0.0064430434078363
deep_combined_3x16,fc,2,4.150000,0.006298057368235521,0.006298178337093973
deep_combined_3x16,fc,2,4.175000,0.006157186944668491,0.006157305888229191
deep_combined_3x16,fc,2,4.200000,0.006020179755425681,0.006020296714986096
deep_combined_3x16,fc,2,4.225000,0.005886911236526404,0.005887026252428785
deep_combined_3x16,fc,2,4.250000,0.005757261408146586,0.005757374519800969
deep_combined_3x16,fc,2,4.275000,0.005631114686374339,0.005631225932281169
deep_combined_3x16,fc,2,4.300000,0.005508359703437882,0.005508469121209777
deep_combined_3x16,fc,2,4.325000,0.0053888891359833435,0.005388996762367058
deep_combined_3x16,fc,2,4.350000,0.0052725995410251025,0.005272705411922309
deep_combined_3x16,fc,2,4.375000,0.005159391199191399,0.005159495349679465
deep_combined_3x16,fc,2,4.400000,0.005049167964917833,0.005049270429270179
deep_combined_3x16,fc,2,4.425000,0.004941837123256243,0.004941937934961711
deep_combined_3x16,fc,2,4.450000,0.004837309252982092,0.004837408444764286
deep_combined_3x16,fc,2,4.475000,0.004735498095702062,0.004735595699538422
deep_combined_3x16,fc,2,4.500000,0.004636320430676966,0.00463641647781682
deep_combined_3x16,fc,2,4.525000,0.004539695955091183,0.004539790476073858
deep_combined_3x16,fc,2,4.550000,0.0044455471695084015,0.0044456401941804025
deep_combined_3x16,fc,2,4.575000,0.004353799268275282,0.0043538908258078015
deep_combined_3x16,fc,2,4.600000,0.004264380034637583,0.004264470153542824
deep_combined_3x16,fc,2,4.625000,0.004177219740353566,0.004177308448501121
deep_combined_3x16,fc,2,4.650000,0.0040922510495876585,0.00409233837422035
deep_combined_3x16,fc,2,4.675000,0.004009408926896496,0.004009494894645649
deep_combined_3x16,fc,2,4.700000,0.003928630549110967,0.003928715186011864
deep_combined_3x16,fc,2,4.725000,0.0038498552209379477,0.003849938552444208
deep_combined_3x16,fc,2,4.750000,0.0037730242941107495,0.0037731063451085585
deep_combined_3x16,fc,2,4.775000,0.0036980810899258643,0.003698161884748136
deep_combined_3x16,fc,2,4.800000,0.0036249708250133406,0.0036250503874534
deep_combined_3x16,fc,2,4.825000,0.003553640540193359,0.0035537188935180495
deep_combined_3x16,fc,2,4.850000,0.0034840390322760095,0.0034841161992384935
deep_combined_3x16,fc,2,4.875000,0.003416116788680146,0.003416192791532784
deep_combined_3x16,fc,2,4.900000,0.0033498259247340956,0.003349900785240403
deep_combined_3x16,fc,2,4.925000,0.003285120123548313,0.0032851938629953315
deep_combined_3x16,fc,2,4.950000,0.003221954578338737,0.0032220272175482114
deep_combined_3x16,fc,2,4.975000,0.0031602859370924996,0.003160357496432501
deep_combined_3x16,fc,2,5.000000,0.0031000722494770594,0.0031001427488730796
deep_combined_3x16,fc,2,5.025000,0.0030412729158890706,0.0030413423748346722
deep_combined_3x16,fc,2,5.050000,0.002983848638548836,0.0029839170761159985
deep_combined_3x16,fc,2,5.075000,0.0029277613745554154,0.0029278288094051505
deep_combined_3x16,fc,2,5.100000,0.0028729742908119027,0.0028730407412039653
deep_combined_3x16,fc,2,5.125000,0.002819451720741606,0.0028195172045440277
deep_combined_3x16,fc,2,5.150000,0.0027671591227173,0.002767223657416334
deep_combined_3x16,fc,2,5.175000,0.002716063040131278,0.002716126642840039
deep_combined_3x16,fc,2,5.200000,0.002666131063031152,0.0026661937504989823
deep_combined_3x16,fc,2,5.225000,0.0026173317912587812,0.0026173935798797948
deep_combined_3x16,fc,2,5.250000,0.002569634799026388,0.00256969570484818
deep_combined_3x16,fc,2,5.275000,0.0025230106008685693,0.002523070639600119
deep_combined_3x16,fc,2,5.300000,0.0024774306189110362,0.002477489805931105
deep_combined_3x16,fc,2,5.325000,0.0024328671514027844,0.0024329255017677574
deep_combined_3x16,fc,2,5.350000,0.0023892933424546348,0.002389350870906149
deep_combined_3x16,fc,2,5.375000,0.0023466831529401766,0.0023467398739123713
deep_combined_3x16,fc,2,5.400000,0.002305011332500162,0.002305067260127343
deep_combined_3x16,fc,2,5.425000,0.0022642533926161557,0.0022643085407395933
deep_combined_3x16,fc,2,5.450000,0.00222438558069904,0.0022244399628739303
deep_combined_3x16,fc,2,5.475000,0.002185384855157513,0.002185438484659717
deep_combined_3x16,fc,2,5.500000,0.0021472288614007295,0.002147281751233332
deep_combined_3x16,fc,2,5.525000,0.0021098959087403335,0.00210994807163994
deep_combined_3x16,fc,2,5.550000,0.002073364948155354,0.002073416396598594
deep_combined_3x16,fc,2,5.575000,0.002037615550879446,0.002037666297088671
deep_combined_3x16,fc,2,5.600000,0.0020026278877850467,0.002002677943734377
deep_combined_3x16,fc,2,5.625000,0.0019683827095258177,0.0019684320869470203
deep_combined_3x16,fc,2,5.650000,0.001934861327408055,0.001934910037795905
deep_combined_3x16,fc,2,5.675000,0.0019020455949640969,0.0019020936495821128
deep_combined_3x16,fc,2,5.700000,0.0018699178901987468,0.0018699653000843219
deep_combined_3x16,fc,2,5.725000,0.0018384610984778504,0.0018385078744475162
deep_combined_3x16,fc,2,5.750000,0.0018076585960410396,0.001807704748695522
deep_combined_3x16,fc,2,5.775000,0.0017774942341051148,0.0017775397738341902
deep_combined_3x16,fc,2,5.800000,0.0017479523235425232,0.0017479972605298807
deep_combined_3x16,fc,2,5.825000,0.0017190176201072882,0.0017190619643353434
deep_combined_3x16,fc,2,5.850000,0.0016906753101889604,0.0016907190714431513
deep_combined_3x16,fc,2,5.875000,0.0016629109970727196,0.0016629541849460688
deep_combined_3x16,fc,2,5.900000,0.0016357106876873084,0.0016357533115849763
deep_combined_3x16,fc,2,5.925000,0.0016090607798203704,0.0016091028489635777
deep_combined_3x16,fc,2,5.950000,0.0015829480497858706,0.0015829895732162476
deep_combined_3x16,fc,2,5.975000,0.001557359640520617,0.0015574006271040614
deep_combined_3x16,fc,2,6.000000,0.0015322830500987816,0.0015323235085293945
deep_combined_3x16,fc,5,0.000000,0.9999990149527558,0.9999990149527557
deep_combined_3x16,fc,5,0.025000,0.9995535647383385,0.9995535545956326
deep_combined_3x16,fc,5,0.050000,0.9982182955517482,0.9982182550348954
deep_combined_3x16,fc,5,0.075000,0.9959964549389755,0.9959963639857915
deep_combined_3x16,fc,5,0.100000,0.9928934657698484,0.9928933046151531
deep_combined_3x16,fc,5,0.125000,0.9889169406400717,0.988916689954814
deep_combined_3x16,fc,5,0.150000,0.9840766999859595,0.9840763410260884
deep_combined_3x16,fc,5,0.175000,0.9783847919569724,0.9783843067201043
deep_combined_3x16,fc,5,0.200000,0.9718555116703222,0.9718548830579382
deep_combined_3x16,fc,5,0.225000,0.9645054171477468,0.9645046291303571
deep_combined_3x16,fc,5,0.250000,0.956353339021401,0.95635237680383
deep_combined_3x16,fc,5,0.275000,0.947420381003757,0.9474192311874634
deep_combined_3x16,fc,5,0.300000,0.937729908150981,0.9377285588901255
deep_combined_3x16,fc,5,0.325000,0.9273075201109203,0.9273059612587633
deep_combined_3x16,fc,5,0.350000,0.9161810068309042,0.9161792300730569
deep_combined_3x16,fc,5,0.375000,0.9043802845972215,0.904378283568314
deep_combined_3x16,fc,5,0.400000,0.8919373107727695,0.8919350811532322
deep_combined_3x16,fc,5,0.425000,0.878885976173093,0.8788835157629997
deep_combined_3x16,fc,5,0.450000,0.8652619746515355,0.8652592834188174
deep_combined_3x16,fc,5,0.475000,0.8511026501267692,0.8510997302275789
deep_combined_3x16,fc,5,0.500000,0.8364468219545168,0.8364436777241008
deep_combined_3x16,fc,5,0.525000,0.8213345901937879,0.8213312281068833
deep_combined_3x16,fc,5,0.550000,0.8058071229215868,0.8058035515220902
deep_combined_3x16,fc,5,0.575000,0.7899064282863784,0.789902658086808
deep_combined_3x16,fc,5,0.600000,0.7736751144406186,0.7736711577926741
deep_combined_3x16,fc,5,0.625000,0.7571561408415527,0.7571520117798487
deep_combined_3x16,fc,5,0.650000,0.7403925646472952,0.7403882787090609
deep_combined_3x16,fc,5,0.675000,0.7234272860568998,0.7234228600810844
deep_combined_3x16,fc,5,0.700000,0.7063027964488042,0.7062982483585597
deep_combined_3x16,fc,5,0.725000,0.6890609330663975,0.6890562816393245
deep_combined_3x16,fc,5,0.750000,0.6717426437914948,0.6717379084223036
deep_combined_3x16,fc,5,0.775000,0.6543877652486183,0.6543829657089731
deep_combined_3x16,fc,5,0.800000,0.6370348171102758,0.6370299733105577
deep_combined_3x16,fc,5,0.825000,0.6197208150427382,0.6197159468002725
deep_combined_3x16,fc,5,0.850000,0.6024811042608552,0.6024762310788355
deep_combined_3x16,fc,5,0.875000,0.5853492151669554,0.5853443560278541
deep_combined_3x16,fc,5,0.900000,0.5683567420498409,0.5683519152265687
deep_combined_3x16,fc,5,0.925000,0.5515332453309356,0.5515284682184035
deep_combined_3x16,fc,5,0.950000,0.5349061773795131,0.5349014663486072
deep_combined_3x16,fc,5,0.975000,0.518500831489179,0.5184962017644935
deep_combined_3x16,fc,5,1.000000,0.5023403132224807,0.5023357787844921
deep_combined_3x16,fc,5,1.025000,0.4864455329962952,0.4864411065080455
deep_combined_3x16,fc,5,1.050000,0.4708352185016751,0.4708309112594444
deep_combined_3x16,fc,5,1.075000,0.45552594532997603,0.45552176723692184
deep_combined_3x16,fc,5,1.100000,0.4405321840121591,0.44052814357346226
deep_combined_3x16,fc,5,1.125000,0.4258663615681726,0.42586246590588206
deep_combined_3x16,fc,5,1.150000,0.4115389356048489,0.41153519049035014
deep_combined_3x16,fc,5,1.175000,0.39755847898917096,0.3975548888910253
deep_combined_3x16,fc,5,1.200000,0.38393177315369864,0.38392834129850273
deep_combined_3x16,fc,5,1.225000,0.3706639081564681,0.370660636600358
deep_combined_3x16,fc,5,1.250000,0.357758387712636,0.3577552774211005
deep_combined_3x16,fc,5,1.275000,0.3452172375334116,0.34521428846717805
deep_combined_3x16,fc,5,1.300000,0.33304111544347803,0.3330383266483743
deep_combined_3x16,fc,5,1.325000,0.3212294218956113,0.32122679159448314
deep_combined_3x16,fc,5,1.350000,0.3097804096555338,0.30977793534049813
deep_combined_3x16,fc,5,1.375000,0.29869129158670615,0.2986889701102368
deep_combined_3x16,fc,5,1.400000,0.2879583456199618,0.2879561732835211
deep_combined_3x16,fc,5,1.425000,0.2775770161433916,0.277574988782547
deep_combined_3x16,fc,5,1.450000,0.2675420111911878,0.26754012425636026
deep_combined_3x16,fc,5,1.475000,0.25784739494422415,0.25784564357642004
deep_combined_3x16,fc,5,1.500000,0.24848667517864076,0.24848505427970202
deep_combined_3x16,fc,5,1.525000,0.239452885410678,0.2394513897077521
deep_combined_3x16,fc,5,1.550000,0.23073866158598388,0.2307372856900662
deep_combined_3x16,fc,5,1.575000,0.22233631324952952,0.2223350517080542
deep_combined_3x16,fc,5,1.600000,0.21423788920828735,0.2142367365518528
deep_combined_3x16,fc,5,1.625000,0.20643523776340134,0.20643418854680623
deep_combined_3x16,fc,5,1.650000,0.1989200616423743,0.198919110480207
deep_combined_3x16,fc,5,1.675000,0.19168396780551555,0.19168310940259609
deep_combined_3x16,fc,5,1.700000,0.18471851233546133,0.1847177415124742
deep_combined_3x16,fc,5,1.725000,0.17801524064484164,0.17801455235952063
deep_combined_3x16,fc,5,1.750000,0.17156572325607267,0.1715651126203154
deep_combined_3x16,fc,5,1.775000,0.16536158741969753,0.16536104971299231
deep_combined_3x16,fc,5,1.800000,0.15939454484457594,0.15939407552411586
deep_combined_3x16,fc,5,1.825000,0.15365641581532063,0.1536560105231757
deep_combined_3x16,fc,5,1.850000,0.1481391499705379,0.14813880453823608
deep_combined_3x16,fc,5,1.875000,0.14283484401030222,0.14283455446115373
deep_combined_3x16,fc,5,1.900000,0.13773575659354287,0.13773551914301999
deep_combined_3x16,fc,5,1.925000,0.13283432067622325,0.13283413173068498
deep_combined_3x16,fc,5,1.950000,0.12812315352985515,0.12812300968388157
deep_combined_3x16,fc,5,1.975000,0.12359506466742598,0.12359496270000238
deep_combined_3x16,fc,5,2.000000,0.11924306189064116,0.11924299876040963
deep_combined_3x16,fc,5,2.025000,0.11506035565877915,0.11506032849854929
deep_combined_3x16,fc,5,2.050000,0.11104036196571798,0.11104036807640862
deep_combined_3x16,fc,5,2.075000,0.10717670389802336,0.10717674074218457
deep_combined_3x16,fc,5,2.100000,0.10346321203356024,0.10346327722860513
deep_combined_3x16,fc,5,2.125000,0.09989392382707007,0.09989401513832925
deep_combined_3x16,fc,5,2.150000,0.09646308211661447,0.09646319745030717
deep_combined_3x16,fc,5,2.175000,0.09316513287282202,0.09316527026902503
deep_combined_3x16,fc,5,2.200000,0.08999472230155703,0.08999487992723759
deep_combined_3x16,fc,5,2.225000,0.08694669339994843,0.08694686954211561
deep_combined_3x16,fc,5,2.250000,0.08401608205574251,0.0840162751147613
deep_combined_3x16,fc,5,2.275000,0.08119811277064959,0.08119832125375193
deep_combined_3x16,fc,5,2.300000,0.07848819407972785,0.07848841659474731
deep_combined_3x16,fc,5,2.325000,0.07588191373091369,0.07588214898026313
deep_combined_3x16,fc,5,2.350000,0.07337503368149823,0.07337528045640314
deep_combined_3x16,fc,5,2.375000,0.07096348496165505,0.0709637421366524
deep_combined_3x16,fc,5,2.400000,0.06864336244904345,0.06864362897674837
deep_combined_3x16,fc,5,2.425000,0.06641091959295331,0.06641119449909502
deep_combined_3x16,fc,5,2.450000,0.06426256312144163,0.06426284550016602
deep_combined_3x16,fc,5,2.475000,0.062194847760378424,0.06219513676981234
deep_combined_3x16,fc,5,2.500000,0.060204470989232206,0.060204765847302694
deep_combined_3x16,fc,5,2.525000,0.058288267854766596,0.05828856783526772
deep_combined_3x16,fc,5,2.550000,0.056443205860536416,0.05644351028943357
deep_combined_3x16,fc,5,2.575000,0.05466637994715584,0.05466668819911841
deep_combined_3x16,fc,5,2.600000,0.052955007575703705,0.05295531907085509
deep_combined_3x16,fc,5,2.625000,0.051306423924334155,0.05130673812520908
deep_combined_3x16,fc,5,2.650000,0.04971807720612098,0.04971839361481907
deep_combined_3x16,fc,5,2.675000,0.04818752411437843,0.048187842269903004
deep_combined_3x16,fc,5,2.700000,0.04671242540012599,0.046712744875897896
deep_combined_3x16,fc,5,2.725000,0.045290541584994126,0.045290861986530255
deep_combined_3x16,fc,5,2.750000,0.043919728811677494,0.04392004977442389
deep_combined_3x16,fc,5,2.775000,0.04259793483300278,0.04259825602031256
deep_combined_3x16,fc,5,2.800000,0.04132319513979921,0.04132351624104625
deep_combined_3x16,fc,5,2.825000,0.04009362922698878,0.04009394995580804
deep_combined_3x16,fc,5,2.850000,0.03890743699666932,0.03890775708931617
deep_combined_3x16,fc,5,2.875000,0.037762895296418075,0.037763214510238105
deep_combined_3x16,fc,5,2.900000,0.036658354590592745,0.036658672702594416
deep_combined_3x16,fc,5,2.925000,0.03559223576201631,0.03559255256754023
deep_combined_3x16,fc,5,2.950000,0.03456302704113834,0.034563342352615975
deep_combined_3x16,fc,5,2.975000,0.033569281059513734,0.03356959470530945
deep_combined_3x16,fc,5,3.000000,0.03260961202424739,0.03260992384757856
deep_combined_3x16,fc,5,3.025000,0.03168269300991189,0.03168300286784069
deep_combined_3x16,fc,5,3.050000,0.030787253364334854,0.030787561126827977
deep_combined_3x16,fc,5,3.075000,0.029922076224592198,0.02992238177364323
deep_combined_3x16,fc,5,3.100000,0.02908599613949736,0.02908629936830695
deep_combined_3x16,fc,5,3.125000,0.028277896794867474,0.028278197607078143
deep_combined_3x16,fc,5,3.150000,0.027496708837856154,0.02749700714683811
deep_combined_3x16,fc,5,3.175000,0.026741407796678218,0.02674170352486146
deep_combined_3x16,fc,5,3.200000,0.026011012092081898,0.026011305170332698
deep_combined_3x16,fc,5,3.225000,0.025304581136997406,0.025304871504035504
deep_combined_3x16,fc,5,3.250000,0.02462121352085156,0.024621501122705596
deep_combined_3x16,fc,5,3.275000,0.023960045275117303,0.02396033006461559
deep_combined_3x16,fc,5,3.300000,0.02332024821675127,0.02332053015304608
deep_combined_3x16,fc,5,3.325000,0.022701028366268416,0.022701307414390606
deep_combined_3x16,fc,5,3.350000,0.022101624437288248,0.022101900567731217
deep_combined_3x16,fc,5,3.375000,0.021521306394490902,0.02152157958282148
deep_combined_3x16,fc,5,3.400000,0.020959374077026638,0.020959644303520642
deep_combined_3x16,fc,5,3.425000,0.020415155884505598,0.020415423133807592
deep_combined_3x16,fc,5,3.450000,0.019888007522817386,0.019888271783622076
deep_combined_3x16,fc,5,3.475000,0.019377310807114467,0.019377572071868618
deep_combined_3x16,fc,5,3.500000,0.018882472519404003,0.018882730784027312
deep_combined_3x16,fc,5,3.525000,0.018402923318284303,0.01840317858190917
deep_combined_3x16,fc,5,3.550000,0.017938116698466677,0.017938368963193514
deep_combined_3x16,fc,5,3.575000,0.017487527997813057,0.017487777268482583
deep_combined_3x16,fc,5,3.600000,0.01705065344971657,0.017050899733695963
deep_combined_3x16,fc,5,3.625000,0.01662700927874261,0.01662725258572584
deep_combined_3x16,fc,5,3.650000,0.016216130837535814,0.01621637117935688
deep_combined_3x16,fc,5,3.675000,0.015817571783083184,0.015817809173541454
deep_combined_3x16,fc,5,3.700000,0.015430903290513887,0.015431137745210538
deep_combined_3x16,fc,5,3.725000,0.015055713302682072,0.015055944838867765
deep_combined_3x16,fc,5,3.750000,0.014691605813876296,0.014691834450308115
deep_combined_3x16,fc,5,3.775000,0.014338200186054917,0.014338425942863312
deep_combined_3x16,fc,5,3.800000,0.01399513049609391,0.013995353394657682
deep_combined_3x16,fc,5,3.825000,0.013662044912591154,0.013662264975421378
deep_combined_3x16,fc,5,3.850000,0.013338605100849388,0.013338822351480577
deep_combined_3x16,fc,5,3.875000,0.013024485654711482,0.0130247001176001
deep_combined_3x16,fc,5,3.900000,0.012719373553996216,0.012719585254425991
deep_combined_3x16,fc,5,3.925000,0.012422967646326888,0.012423176610320625
deep_combined_3x16,fc,5,3.950000,0.012134978152217202,0.012135184406454037
deep_combined_3x16,fc,5,3.975000,0.011855126192316545,0.011855329764055456
deep_combined_3x16,fc,5,4.000000,0.011583143335785251,0.011583344252793145
deep_combined_3x16,fc,5,4.025000,0.011318771168799757,0.011318969459285231
deep_combined_3x16,fc,5,4.050000,0.01106176088225519,0.011061956574806305
deep_combined_3x16,fc,5,4.075000,0.010811872877762196,0.010812066001288487
deep_combined_3x16,fc,5,4.100000,0.010568876391084503,0.010569066974763647
deep_combined_3x16,fc,5,4.125000,0.010332549132203939,0.010332737205431649
deep_combined_3x16,fc,5,4.150000,0.010102676941236899,0.010102862533580738
deep_combined_3x16,fc,5,4.175000,0.009879053459464937,0.009879236600621332
deep_combined_3x16,fc,5,4.200000,0.009661479814777607,0.009661660534531725
deep_combined_3x16,fc,5,4.225000,0.009449764320855758,0.009449942649044966
deep_combined_3x16,fc,5,4.250000,0.009243722189462344,0.009243898155941826
deep_combined_3x16,fc,5,4.275000,0.009043175255230795,0.00904334888984183
deep_combined_3x16,fc,5,4.300000,0.008847951712376068,0.008848123044917012
deep_combined_3x16,fc,5,4.325000,0.008657885862778603,0.00865805492297805
deep_combined_3x16,fc,5,4.350000,0.008472817874916272,0.008472984692407837
deep_combined_3x16,fc,5,4.375000,0.00829259355314893,0.008292758157448845
deep_combined_3x16,fc,5,4.400000,0.00811706411687707,0.008117226537362866
deep_combined_3x16,fc,5,4.425000,0.007946085989130158,0.007946246255021595
deep_combined_3x16,fc,5,4.450000,0.007779520594144107,0.007779678734485535
deep_combined_3x16,fc,5,4.475000,0.007617234163531328,0.007617390207175521
deep_combined_3x16,fc,5,4.500000,0.007459097550641558,0.00745925152623505
deep_combined_3x16,fc,5,4.525000,0.00730498605274954,0.007305137988719207
deep_combined_3x16,fc,5,4.550000,0.007154779240714171,0.007154929165255192
deep_combined_3x16,fc,5,4.575000,0.00700836079576983,0.007008508736834862
deep_combined_3x16,fc,5,4.600000,0.006865618353135816,0.006865764338424728
deep_combined_3x16,fc,5,4.625000,0.006726443352126132,0.006726587409077422
deep_combined_3x16,fc,5,4.650000,0.006590730892485519,0.006590873048268464
deep_combined_3x16,fc,5,4.675000,0.006458379596655406,0.0064585198781628465
deep_combined_3x16,fc,5,4.700000,0.006329291477723653,0.006329429911565912
deep_combined_3x16,fc,5,4.725000,0.006203371812790182,0.006203508425289461
deep_combined_3x16,fc,5,4.750000,0.006080529021522341,0.006080663838708088
deep_combined_3x16,fc,5,4.775000,0.0059606745496608715,0.005960807597265741
deep_combined_3x16,fc,5,4.800000,0.005843722757262415,0.005843854060718774
deep_combined_3x16,fc,5,4.825000,0.005729590811475727,0.005729720395912886
deep_combined_3x16,fc,5,4.850000,0.005618198583639988,0.005618326473881569
deep_combined_3x16,fc,5,4.875000,0.005509468550533914,0.0055095947710962845
deep_combined_3x16,fc,5,4.900000,0.005403325699579575,0.005403450274670497
deep_combined_3x16,fc,5,4.925000,0.0052996974378396455,0.005299820391357137
deep_combined_3x16,fc,5,4.950000,0.0051985135046391795,0.00519863486017101
deep_combined_3x16,fc,5,4.975000,0.005099705887656625,0.005099825668480255
deep_combined_3x16,fc,5,5.000000,0.005003208742336729,0.005003326971419181
deep_combined_3x16,fc,5,5.025000,0.004908958314478684,0.004909075014477372
deep_combined_3x16,fc,5,5.050000,0.004816892865869171,0.004817008059132411
deep_combined_3x16,fc,5,5.075000,0.004726952602828072,0.004727066311396233
deep_combined_3x16,fc,5,5.100000,0.004639079607540064,0.004639191853146637
deep_combined_3x16,fc,5,5.125000,0.004553217772061857,0.004553328576135116
deep_combined_3x16,fc,5,5.150000,0.004469312734882602,0.004469422118547324
deep_combined_3x16,fc,5,5.175000,0.004387311819938455,0.0043874198040178055
deep_combined_3x16,fc,5,5.200000,0.004307163977974371,0.0043072705829917705
deep_combined_3x16,fc,5,5.225000,0.0042288197301534325,0.004228924976334929
deep_combined_3x16,fc,5,5.250000,0.0041522311138249,0.004152335021101629
deep_combined_3x16,fc,5,5.275000,0.004077351630354609,0.004077454218365142
deep_combined_3x16,fc,5,5.300000,0.004004136194941554,0.0040042374830345975
deep_combined_3x16,fc,5,5.325000,0.003932541088328079,0.003932641095565119
deep_combined_3x16,fc,5,5.350000,0.00386252391033326,0.003862622655491328
deep_combined_3x16,fc,5,5.375000,0.0037940435351334623,0.0037941410367080836
deep_combined_3x16,fc,5,5.400000,0.003727060068212662,0.003727156344421023
deep_combined_3x16,fc,5,5.425000,0.0036615348049265917,0.003661629873710311
deep_combined_3x16,fc,5,5.450000,0.003597430190601103,0.0035975240696294233
deep_combined_3x16,fc,5,5.475000,0.003534709782112233,0.003534802488785088
deep_combined_3x16,fc,5,5.500000,0.0034733382108860233,0.00347342976233753
deep_combined_3x16,fc,5,5.525000,0.003413281147257252,0.0034133715603585552
deep_combined_3x16,fc,5,5.550000,0.0033545052661391184,0.003354594557501852
deep_combined_3x16,fc,5,5.575000,0.003296978213943702,0.003297066399923296
deep_combined_3x16,fc,5,5.600000,0.0032406685767112364,0.0032407556734100657
deep_combined_3x16,fc,5,5.625000,0.003185545849392679,0.0031856318726634857
deep_combined_3x16,fc,5,5.650000,0.0031315804062468366,0.003131665371696122
deep_combined_3x16,fc,5,5.675000,0.0030787434723024143,0.003078827395293707
deep_combined_3x16,fc,5,5.700000,0.003027007095846801,0.003027089991503894
deep_combined_3x16,fc,5,5.725000,0.002976344121899288,0.0029764260051096687
deep_combined_3x16,fc,5,5.750000,0.002926728166629311,0.0029268090520475788
deep_combined_3x16,fc,5,5.775000,0.0028781335926888474,0.002878213494739797
deep_combined_3x16,fc,5,5.800000,0.0028305354854140097,0.002830614418296118
deep_combined_3x16,fc,5,5.825000,0.0027839096298697408,0.00278398760755835
deep_combined_3x16,fc,5,5.850000,0.002738232488703196,0.002738309524953898
deep_combined_3x16,fc,5,5.875000,0.0026934811807716175,0.00269355728912338
deep_combined_3x16,fc,5,5.900000,0.002649633460520051,0.002649708654298654
deep_combined_3x16,fc,5,5.925000,0.0026066676980756043,0.0026067419903964785
deep_combined_3x16,fc,5,5.950000,0.0025645628600331483,0.0025646362638050363
deep_combined_3x16,fc,5,5.975000,0.0025232984909083767,0.0025233710188360442
deep_combined_3x16,fc,5,6.000000,0.002482854695226022,0.002482926359813787
deep_combined_attn_3x16,fx,,0.000000,1.0,1.0
deep_combined_attn_3x16,fx,,0.025000,1.0001371710388676,1.0001371734503082
deep_combined_attn_3x16,fx,,0.050000,1.0005484034733592,1.0005484131007953
deep_combined_attn_3x16,fx,,0.075000,1.0012328567036577,1.0012328782849313
deep_combined_attn_3x16,fx,,0.100000,1.00218913452219,1.002189172660767
deep_combined_attn_3x16,fx,,0.125000,1.003415292235832,1.0034153513166864
deep_combined_attn_3x16,fx,,0.150000,1.0049088465320604,1.0049089306249135
deep_combined_attn_3x16,fx,,0.175000,1.0066667879957008,1.0066669007499534
deep_combined_attn_3x16,fx,,0.200000,1.0086855961589452,1.0086857406950527
deep_combined_attn_3x16,fx,,0.225000,1.0109612569451196,1.010961435747421
deep_combined_attn_3x16,fx,,0.250000,1.01348928234658,1.0134894971626558
deep_combined_attn_3x16,fx,,0.275000,1.0162647321593434,1.0162649839108355
deep_combined_attn_3x16,fx,,0.300000,1.0192822375818478,1.0192825262913066
deep_combined_attn_3x16,fx,,0.325000,1.0225360264726984,1.022536351210436
deep_combined_attn_3x16,fx,,0.350000,1.0260199500525276,1.0260203089066646
deep_combined_attn_3x16,fx,,0.375000,1.0297275108281878,1.0297279009001115
deep_combined_attn_3x16,fx,,0.400000,1.0336518915134152,1.0336523089397605
deep_combined_attn_3x16,fx,,0.425000,1.0377859847187891,1.0377864247198565
deep_combined_attn_3x16,fx,,0.450000,1.0421224231851458,1.0421228801384386
deep_combined_attn_3x16,fx,,0.475000,1.0466536103384616,1.0466540778748243
deep_combined_attn_3x16,fx,,0.500000,1.0513717509503882,1.0513722220691275
deep_combined_attn_3x16,fx,,0.525000,1.0562688816969328,1.056269348895353
deep_combined_attn_3x16,fx,,0.550000,1.061336901417939,1.061337356830009
deep_combined_attn_3x16,fx,,0.575000,1.0665676008918583,1.0665680364302768
deep_combined_attn_3x16,fx,,0.600000,1.0719526919534919,1.0719530994492863
deep_combined_attn_3x16,fx,,0.625000,1.0774838357967076,1.0774842071307018
deep_combined_attn_3x16,fx,,0.650000,1.0831526703193464,1.0831529975403624
deep_combined_attn_3x16,fx,,0.675000,1.0889508363833456,1.0889511118088369
deep_combined_attn_3x16,fx,,0.700000,1.0948700028793188,1.0948702191752313
deep_combined_attn_3x16,fx,,0.725000,1.1009018905012302,1.1009020407391494
deep_combined_attn_3x16,fx,,0.750000,1.1070382941531167,1.1070383718441337
deep_combined_attn_3x16,fx,,0.775000,1.1132711039259227,1.1132711030320084
deep_combined_attn_3x16,fx,,0.800000,1.1195923245981774,1.119592239523111
deep_combined_attn_3x16,fx,,0.825000,1.125994093629331,1.1259939191922888
deep_combined_attn_3x16,fx,,0.850000,1.1324686976288856,1.1324684290245925
deep_combined_attn_3x16,fx,,0.875000,1.1390085872979339,1.139008220047757
deep_combined_attn_3x16,fx,,0.900000,1.1456063908521532,1.1456059207506675
deep_combined_attn_3x16,fx,,0.925000,1.152254925946699,1.152254349008086
deep_combined_attn_3x16,fx,,0.950000,1.1589472101336482,1.1589465225418367
deep_combined_attn_3x16,fx,,0.975000,1.165676469891692,1.1656756679574736
deep_combined_attn_3x16,fx,,1.000000,1.172436148275579,1.172435228403129
deep_combined_attn_3x16,fx,,1.025000,1.1792199112394848,1.1792188699038115
deep_combined_attn_3x16,fx,,1.050000,1.186021652693914,1.1860204864298936
deep_combined_attn_3x16,fx,,1.075000,1.192835498360148,1.192834203762979
deep_combined_attn_3x16,fx,,1.100000,1.1996558084895732,1.1996543822257886
deep_combined_attn_3x16,fx,,1.125000,1.2064771795175924,1.2064756183452223
deep_combined_attn_3x16,fx,,1.150000,1.2132944447233356,1.2132927455194251
deep_combined_attn_3x16,fx,,1.175000,1.2201026739670837,1.220100833760554
deep_combined_attn_3x16,fx,,1.200000,1.226897172577333,1.2268951885850992
deep_combined_attn_3x16,fx,,1.225000,1.2336734794588133,1.2336713491231373
deep_combined_attn_3x16,fx,,1.250000,1.2404273644916142,1.2404250855168273
deep_combined_attn_3x16,fx,,1.275000,1.2471548252899614,1.2471523956769321
deep_combined_attn_3x16,fx,,1.300000,1.2538520833871623,1.2538495014641662
deep_combined_attn_3x16,fx,,1.325000,1.2605155799108925,1.2605128443598486
deep_combined_attn_3x16,fx,,1.350000,1.267141970810381,1.2671390806877225
deep_combined_attn_3x16,fx,,1.375000,1.273728121694203,1.2737250764459462
deep_combined_attn_3x16,fx,,1.400000,1.2802711023343973,1.2802679018052352
deep_combined_attn_3x16,fx,,1.425000,1.2867681808894982,1.2867648253259727
deep_combined_attn_3x16,fx,,1.450000,1.293216817895858,1.2932133079438641
deep_combined_attn_3x16,fx,,1.475000,1.299614660073415,1.2996109967704328
deep_combined_attn_3x16,fx,,1.500000,1.305959533988791,1.3059557187513589
deep_combined_attn_3x16,fx,,1.525000,1.31224943961539,1.3122454742224083
deep_combined_attn_3x16,fx,,1.550000,1.318482543826981,1.3184784303994812
deep_combined_attn_3x16,fx,,1.575000,1.3246571738581523,1.3246529148361825
deep_combined_attn_3x16,fx,,1.600000,1.3307718107620043,1.330767408879276
deep_combined_attn_3x16,fx,,1.625000,1.3368250828925397,1.3368205411494571
deep_combined_attn_3x16,fx,,1.650000,1.3428157594364223,1.3428110810720784
deep_combined_attn_3x16,fx,,1.675000,1.3487427440161184,1.3487379324797883
deep_combined_attn_3x16,fx,,1.700000,1.354605068383905,1.3546001273065218
deep_combined_attn_3x16,fx,,1.725000,1.3604018862238614,1.360396819389886
deep_combined_attn_3x16,fx,,1.750000,1.366132467076708,1.3661272783967613
deep_combined_attn_3x16,fx,,1.775000,1.3717961904002827,1.3717908838848296
deep_combined_attn_3x16,fx,,1.800000,1.3773925397764823,1.3773871195108214
deep_combined_attn_3x16,fx,,1.825000,1.382921097273717,1.3829155673944546
deep_combined_attn_3x16,fx,,1.850000,1.3883815379722457,1.3883759026453952
deep_combined_attn_3x16,fx,,1.875000,1.3937736246582442,1.3937678880590432
deep_combined_attn_3x16,fx,,1.900000,1.3990972026910657,1.3990913689855675
deep_combined_attn_3x16,fx,,1.925000,1.404352195046892,1.4043462683753405
deep_combined_attn_3x16,fx,,1.950000,1.4095385975408126,1.4095325820027964
deep_combined_attn_3x16,fx,,1.975000,1.4146564742283618,1.4146503738697032
deep_combined_attn_3x16,fx,,2.000000,1.4197059529865965,1.4196997717879212
deep_combined_attn_3x16,fx,,2.025000,1.4246872212740007,1.4246809631409094
deep_combined_attn_3x16,fx,,2.050000,1.4296005220677535,1.4295941908225116
deep_combined_attn_3x16,fx,,2.075000,1.434446149976282,1.4344397493509262
deep_combined_attn_3x16,fx,,2.100000,1.4392244475244507,1.4392179811552137
deep_combined_attn_3x16,fx,,2.125000,1.443935801608266,1.4439292730312083
deep_combined_attn_3x16,fx,,2.150000,1.4485806401155643,1.4485740527633122
deep_combined_attn_3x16,fx,,2.175000,1.4531594287088163,1.4531527859082907
deep_combined_attn_3x16,fx,,2.200000,1.457672667765873,1.4576659727369123
deep_combined_attn_3x16,fx,,2.225000,1.462120889474275,1.4621141453290472
deep_combined_attn_3x16,fx,,2.250000,1.4665046550745375,1.4664978648176454
deep_combined_attn_3x16,fx,,2.275000,1.4708245522477041,1.470817718776893
deep_combined_attn_3x16,fx,,2.300000,1.4750811926423377,1.475074318749721
deep_combined_attn_3x16,fx,,2.325000,1.479275209536079,1.479268297909802
deep_combined_attn_3x16,fx,,2.350000,1.4834072556268423,1.483400308853113
deep_combined_attn_3x16,fx,,2.375000,1.4874780009487343,1.4874710215141502
deep_combined_attn_3x16,fx,,2.400000,1.491488130907774,1.491481121201892
deep_combined_attn_3x16,fx,,2.425000,1.4954383444325559,1.4954313067506453
deep_combined_attn_3x16,fx,,2.450000,1.4993293522350364,1.4993222887809725
deep_combined_attn_3x16,fx,,2.475000,1.5031618751767126,1.5031547880659621
deep_combined_attn_3x16,fx,,2.500000,1.5069366427355297,1.5069295339981974
deep_combined_attn_3x16,fx,,2.525000,1.5106543915689719,1.5106472631528727
deep_combined_attn_3x16,fx,,2.550000,1.5143158641688876,1.514308717942618
deep_combined_attn_3x16,fx,,2.575000,1.5179218076037186,1.5179146453597039
deep_combined_attn_3x16,fx,,2.600000,1.521472972343922,1.5214657958014208
deep_combined_attn_3x16,fx,,2.625000,1.5249701111665117,1.5249629219745588
deep_combined_attn_3x16,fx,,2.650000,1.5284139781347557,1.5284067778750356
deep_combined_attn_3x16,fx,,2.675000,1.531805327649224,1.5317981178388593
deep_combined_attn_3x16,fx,,2.700000,1.5351449135664954,1.5351376956607474
deep_combined_attn_3x16,fx,,2.725000,1.538433488381979,1.538426263776851
deep_combined_attn_3x16,fx,,2.750000,1.5416718024734368,1.5416645725081797
deep_combined_attn_3x16,fx,,2.775000,1.544860603401928,1.5448533693614435
deep_combined_attn_3x16,fx,,2.800000,1.5480006352670337,1.5479933983841754
deep_combined_attn_3x16,fx,,2.825000,1.551092638113343,1.5510853995711167
deep_combined_attn_3x16,fx,,2.850000,1.5541373473853206,1.5541301083189827
deep_combined_attn_3x16,fx,,2.875000,1.5571354934277937,1.5571282549268526
deep_combined_attn_3x16,fx,,2.900000,1.5600878010294283,1.5600805641395499
deep_combined_attn_3x16,fx,,2.925000,1.5629949890066785,1.562987754731498
deep_combined_attn_3x16,fx,,2.950000,1.5658577698258114,1.5658505391286572
deep_combined_attn_3x16,fx,,2.975000,1.5686768492607284,1.5686696230662598
deep_combined_attn_3x16,fx,,3.000000,1.5714529260844055,1.5714457052801694
deep_combined_attn_3x16,fx,,3.025000,1.5741866917918923,1.5741794772298021
deep_combined_attn_3x16,fx,,3.050000,1.576878830352902,1.5768716228506432
deep_combined_attn_3x16,fx,,3.075000,1.5795300179921326,1.5795228183344976
deep_combined_attn_3x16,fx,,3.100000,1.582140922995544,1.5821337319357038
deep_combined_attn_3x16,fx,,3.125000,1.5847122055409266,1.5847050238016365
deep_combined_attn_3x16,fx,,3.150000,1.5872445175511565,1.587237345825908
deep_combined_attn_3x16,fx,,3.175000,1.5897385025686488,1.5897313415227634
deep_combined_attn_3x16,fx,,3.200000,1.5921947956495754,1.592187645921248
deep_combined_attn_3x16,fx,,3.225000,1.5946140232765031,1.5946068854777975
deep_combined_attn_3x16,fx,,3.250000,1.5969968032881838,1.5969896780059818
deep_combined_attn_3x16,fx,,3.275000,1.5993437448252898,1.5993366326221994
deep_combined_attn_3x16,fx,,3.300000,1.6016554482909653,1.601648349706187
deep_combined_attn_3x16,fx,,3.325000,1.6039325053251183,1.6039254208752762
deep_combined_attn_3x16,fx,,3.350000,1.6061754987914487,1.6061684289713845
deep_combined_attn_3x16,fx,,3.375000,1.6083850027762614,1.6083779480597964
deep_combined_attn_3x16,fx,,3.400000,1.6105615825981656,1.6105545434388309
deep_combined_attn_3x16,fx,,3.425000,1.6127057948278187,1.6126987716595576
deep_combined_attn_3x16,fx,,3.450000,1.6148181873169278,1.6148111805547691
deep_combined_attn_3x16,fx,,3.475000,1.6168992992357545,1.6168923092764607
deep_combined_attn_3x16,fx,,3.500000,1.618949661118427,1.6189426883411182
deep_combined_attn_3x16,fx,,3.525000,1.6209697949154043,1.6209628396821578
deep_combined_attn_3x16,fx,,3.550000,1.6229602140524702,1.622953276708899
deep_combined_attn_3x16,fx,,3.575000,1.6249214234956806,1.6249145043714908
deep_combined_attn_3x16,fx,,3.600000,1.6268539198217213,1.6268470192312494
deep_combined_attn_3x16,fx,,3.625000,1.6287581912931681,1.6287513095359003
deep_combined_attn_3x16,fx,,3.650000,1.6306347179381717,1.630627855299244
deep_combined_attn_3x16,fx,,3.675000,1.6324839716341222,1.632477128384804
deep_combined_attn_3x16,fx,,3.700000,1.634306416194879,1.6342995925930408
deep_combined_attn_3x16,fx,,3.725000,1.6361025074611735,1.6360957037517374
deep_combined_attn_3x16,fx,,3.750000,1.6378726933938226,1.6378659098091999
deep_combined_attn_3x16,fx,,3.775000,1.6396174141694158,1.6396106509299275
deep_combined_attn_3x16,fx,,3.800000,1.6413371022781558,1.641330359592442
deep_combined_attn_3x16,fx,,3.825000,1.643032182623561,1.6430254606889751
deep_combined_attn_3x16,fx,,3.850000,1.6447030726237564,1.6446963716267469
deep_combined_attn_3x16,fx,,3.875000,1.646350182314094,1.6463435024305744
deep_combined_attn_3x16,fx,,3.900000,1.6479739144508707,1.6479672558465768
deep_combined_attn_3x16,fx,,3.925000,1.6495746646159188,1.6495680274467555
deep_combined_attn_3x16,fx,,3.950000,1.651152821321871,1.651146205734246
deep_combined_attn_3x16,fx,,3.975000,1.6527087661179034,1.6527021722490547
deep_combined_attn_3x16,fx,,4.000000,1.6542428736957935,1.654236301674099
deep_combined_attn_3x16,fx,,4.025000,1.6557555119961138,1.6557489619413992
deep_combined_attn_3x16,fx,,4.050000,1.6572470423144328,1.6572405143382634
deep_combined_attn_3x16,fx,,4.075000,1.6587178194073686,1.6587113136133356
deep_combined_attn_3x16,fx,,4.100000,1.6601681915983801,1.6601617080823763
deep_combined_attn_3x16,fx,,4.125000,1.6615985008831737,1.6615920397336599
deep_combined_attn_3x16,fx,,4.150000,1.6630090830346203,1.663002644332885
deep_combined_attn_3x16,fx,,4.175000,1.6644002677070882,1.6643938515274967
deep_combined_attn_3x16,fx,,4.200000,1.6657723785400975,1.6657659849503361
deep_combined_attn_3x16,fx,,4.225000,1.6671257332612217,1.6671193623225302
deep_combined_attn_3x16,fx,,4.250000,1.6684606437881553,1.668454295555556
deep_combined_attn_3x16,fx,,4.275000,1.6697774163298873,1.6697710908524037
deep_combined_attn_3x16,fx,,4.300000,1.6710763514869178,1.6710700488077885
deep_combined_attn_3x16,fx,,4.325000,1.6723577443504614,1.672351464507346
deep_combined_attn_3x16,fx,,4.350000,1.6736218846005937,1.6736156276257725
deep_combined_attn_3x16,fx,,4.375000,1.6748690566032944,1.6748628225238602
deep_combined_attn_3x16,fx,,4.400000,1.6760995395063454,1.6760933283443924
deep_combined_attn_3x16,fx,,4.425000,1.6773136073340598,1.6773074191068635
deep_combined_attn_3x16,fx,,4.450000,1.6785115290808028,1.6785053638009961
deep_combined_attn_3x16,fx,,4.475000,1.679693568803285,1.6796874264790258
deep_combined_attn_3x16,fx,,4.500000,1.6808599857115987,1.6808538663467358
deep_combined_attn_3x16,fx,,4.525000,1.68201103425899,1.682004937853222
deep_combined_attn_3x16,fx,,4.550000,1.6831469642303434,1.6831408907793708
deep_combined_attn_3x16,fx,,4.575000,1.684268020829365,1.6842619703250405
deep_combined_attn_3x16,fx,,4.600000,1.6853744447644634,1.685368417194935
deep_combined_attn_3x16,fx,,4.625000,1.686466472333311,1.6864604676831623
deep_combined_attn_3x16,fx,,4.650000,1.6875443355060904,1.687538353756474
deep_combined_attn_3x16,fx,,4.675000,1.6886082620074152,1.6886023031361845
deep_combined_attn_3x16,fx,,4.700000,1.6896584753969304,1.6896525393787643
deep_combined_attn_3x16,fx,,4.725000,1.6906951951485885,1.6906892819551151
deep_combined_attn_3x16,fx,,4.750000,1.6917186367286112,1.691712746328525
deep_combined_attn_3x16,fx,,4.775000,1.6927290116721334,1.69272314403131
deep_combined_attn_3x16,fx,,4.800000,1.6937265276585396,1.6937206827401463
deep_combined_attn_3x16,fx,,4.825000,1.6947113885855003,1.6947055663501032
deep_combined_attn_3x16,fx,,4.850000,1.6956837946417147,1.695677995047382
deep_combined_attn_3x16,fx,,4.875000,1.696643942378369,1.6966381653807714
deep_combined_attn_3x16,fx,,4.900000,1.6975920247793235,1.6975862703318307
deep_combined_attn_3x16,fx,,4.925000,1.698528231330034,1.6985224993838095
deep_combined_attn_3x16,fx,,4.950000,1.6994527480852288,1.6994470385893194
deep_combined_attn_3x16,fx,,4.975000,1.700365757735343,1.7003600706367672
deep_combined_attn_3x16,fx,,5.000000,1.7012674396717324,1.701261774915565
deep_combined_attn_3x16,fx,,5.025000,1.7021579700506755,1.7021523275801298
deep_combined_attn_3x16,fx,,5.050000,1.7030375218561815,1.7030319016126885
deep_combined_attn_3x16,fx,,5.075000,1.7039062649616157,1.7039006668849015
deep_combined_attn_3x16,fx,,5.100000,1.7047643661901637,1.7047587902183228
deep_combined_attn_3x16,fx,,5.125000,1.7056119893741388,1.7056064354437073
deep_combined_attn_3x16,fx,,5.150000,1.7064492954131647,1.7064437634591885
deep_combined_attn_3x16,fx,,5.175000,1.7072764423312323,1.7072709322873345
deep_combined_attn_3x16,fx,,5.200000,1.7080935853326602,1.708088097131107
deep_combined_attn_3x16,fx,,5.225000,1.7089008768569691,1.7088954104287313
deep_combined_attn_3x16,fx,,5.250000,1.7096984666326869,1.7096930219075017
deep_combined_attn_3x16,fx,,5.275000,1.7104865017301043,1.7104810786365339
deep_combined_attn_3x16,fx,,5.300000,1.7112651266129952,1.711259725078483
deep_combined_attn_3x16,fx,,5.325000,1.712034483189318,1.7120291031402441
deep_combined_attn_3x16,fx,,5.350000,1.7127947108609185,1.7127893522226525
deep_combined_attn_3x16,fx,,5.375000,1.7135459465722465,1.7135406092691985
deep_combined_attn_3x16,fx,,5.400000,1.7142883248581042,1.714283008813776
deep_combined_attn_3x16,fx,,5.425000,1.7150219778904492,1.7150166830274802
deep_combined_attn_3x16,fx,,5.450000,1.7157470355242574,1.7157417617644724
deep_combined_attn_3x16,fx,,5.475000,1.7164636253424723,1.7164583726069251
deep_combined_attn_3x16,fx,,5.500000,1.717171872700051,1.7171666409090691
deep_combined_attn_3x16,fx,,5.525000,1.7178719007671281,1.717866689840354
deep_combined_attn_3x16,fx,,5.550000,1.7185638305713105,1.7185586404277413
deep_combined_attn_3x16,fx,,5.575000,1.7192477810391165,1.7192426115971444
deep_combined_attn_3x16,fx,,5.600000,1.7199238690365852,1.719918720214034
deep_combined_attn_3x16,fx,,5.625000,1.7205922094090573,1.7205870811232205
deep_combined_attn_3x16,fx,,5.650000,1.7212529150201583,1.721247807187832
deep_combined_attn_3x16,fx,,5.675000,1.7219060967899853,1.7219010093275047
deep_combined_attn_3x16,fx,,5.700000,1.7225518637325243,1.7225467965557948
deep_combined_attn_3x16,fx,,5.725000,1.723190322992305,1.7231852760168345
deep_combined_attn_3x16,fx,,5.750000,1.7238215798803103,1.7238165530212408
deep_combined_attn_3x16,fx,,5.775000,1.724445737909159,1.7244407310812953
deep_combined_attn_3x16,fx,,5.800000,1.7250628988275698,1.725057911945408
deep_combined_attn_3x16,fx,,5.825000,1.7256731626541235,1.7256681956318787
deep_combined_attn_3x16,fx,,5.850000,1.7262766277103379,1.7262716804619718
deep_combined_attn_3x16,fx,,5.875000,1.726873390653071,1.7268684630923166
deep_combined_attn_3x16,fx,,5.900000,1.7274635465062613,1.727458638546647
deep_combined_attn_3x16,fx,,5.925000,1.7280471886920186,1.7280423002468948
deep_combined_attn_3x16,fx,,5.950000,1.7286244090610883,1.728619540043648
deep_combined_attn_3x16,fx,,5.975000,1.7291952979226863,1.7291904482459888
deep_combined_attn_3x16,fx,,6.000000,1.7297599440737312,1.7297551136507232
deep_combined_attn_3x16,fc,0.5,0.000000,0.9999961712608586,0.9999961712608588
deep_combined_attn_3x16,fc,0.5,0.025000,0.9983586664599637,0.9983586646344352
deep_combined_attn_3x16,fc,0.5,0.050000,0.9934854444837272,0.9934854371990305
deep_combined_attn_3x16,fc,0.5,0.075000,0.9854913739248928,0.9854913576191164
deep_combined_attn_3x16,fc,0.5,0.100000,0.9745583523592587,0.9745583236306017
deep_combined_attn_3x16,fc,0.5,0.125000,0.9609225302772951,0.9609224860044977
deep_combined_attn_3x16,fc,0.5,0.150000,0.9448591151440987,0.9448590526338713
deep_combined_attn_3x16,fc,0.5,0.175000,0.9266666507105471,0.9266665678644719
deep_combined_attn_3x16,fc,0.5,0.200000,0.9066523917786908,0.906652287270015
deep_combined_attn_3x16,fc,0.5,0.225000,0.8851199001445067,0.8851197735940066
deep_combined_attn_3x16,fc,0.5,0.250000,0.8623594355792074,0.8623592877190294
deep_combined_attn_3x16,fc,0.5,0.275000,0.8386412336932362,0.838641066508284
deep_combined_attn_3x16,fc,0.5,0.300000,0.8142114181065551,0.8142112349444125
deep_combined_attn_3x16,fc,0.5,0.325000,0.7892900999239244,0.7892899055662282
deep_combined_attn_3x16,fc,0.5,0.350000,0.7640711494206226,0.7640709501109981
deep_combined_attn_3x16,fc,0.5,0.375000,0.7387231444626161,0.738722947888542
deep_combined_attn_3x16,fc,0.5,0.400000,0.7133910692907184,0.7133908845188547
deep_combined_attn_3x16,fc,0.5,0.425000,0.6881984259281917,0.6881982632946789
deep_combined_attn_3x16,fc,0.5,0.450000,0.6632495089384105,0.663249379897375
deep_combined_attn_3x16,fc,0.5,0.475000,0.6386316718570061,0.6386315887919551
deep_combined_attn_3x16,fc,0.5,0.500000,0.6144174761128438,0.614417452116793
deep_combined_attn_3x16,fc,0.5,0.525000,0.5906666603794744,0.5906667090105318
deep_combined_attn_3x16,fc,0.5,0.550000,0.5674279018652143,0.5674280368849434
deep_combined_attn_3x16,fc,0.5,0.575000,0.5447403636360927,0.5447405987383155
deep_combined_attn_3x16,fc,0.5,0.600000,0.5226350362930756,0.5226353848308631
deep_combined_attn_3x16,fc,0.5,0.625000,0.50113589049716,0.5011363652156074
deep_combined_attn_3x16,fc,0.5,0.650000,0.48026086081388486,0.4802614735958944
deep_combined_attn_3x16,fc,0.5,0.675000,0.4600226825511755,0.46002344418289265
deep_combined_attn_3x16,fc,0.5,0.700000,0.4404296027261464,0.4404305226879344
deep_combined_attn_3x16,fc,0.5,0.725000,0.42148598474532095,0.4214870710332323
deep_combined_attn_3x16,fc,0.5,0.750000,0.40319282431330183,0.4031940832949596
deep_combined_attn_3x16,fc,0.5,0.775000,0.38554819182182765,0.38554962812948085
deep_combined_attn_3x16,fc,0.5,0.800000,0.3685476142187645,0.36854923068108175
deep_combined_attn_3x16,fc,0.5,0.825000,0.3521844072365522,0.35218620484951263
deep_combined_attn_3x16,fc,0.5,0.850000,0.33644996693814777,0.3364519448742073
deep_combined_attn_3x16,fc,0.5,0.875000,0.3213340278453056,0.3213361834989273
deep_combined_attn_3x16,fc,0.5,0.900000,0.3068248934557929,0.306827222522449
deep_combined_attn_3x16,fc,0.5,0.925000,0.29290964372514394,0.2929121403100752
deep_combined_attn_3x16,fc,0.5,0.950000,0.279574323068834,0.2795769798212084
deep_combined_attn_3x16,fc,0.5,0.975000,0.26680411161184636,0.2668069198795077
deep_combined_attn_3x16,fc,0.5,1.000000,0.2545834817520626,0.25458643175180856
deep_combined_attn_3x16,fc,0.5,1.025000,0.24289634158899365,0.24289942258726716
deep_combined_attn_3x16,fc,0.5,1.050000,0.2317261663780178,0.23172936687701973
deep_combined_attn_3x16,fc,0.5,1.075000,0.22105611888177268,0.22105942680628568
deep_combined_attn_3x16,fc,0.5,1.100000,0.21086915928569105,0.21087256216631964
deep_combined_attn_3x16,fc,0.5,1.125000,0.20114814520681767,0.20115163035586586
deep_combined_attn_3x16,fc,0.5,1.150000,0.19187592223903516,0.1918794769158274
deep_combined_attn_3x16,fc,0.5,1.175000,0.18303540543071584,0.18303901699379402
deep_combined_attn_3x16,fc,0.5,1.200000,0.17460965207170487,0.1746133081159656
deep_combined_attn_3x16,fc,0.5,1.225000,0.1665819261663739,0.16658561464383392
deep_combined_attn_3x16,fc,0.5,1.250000,0.15893575498101475,0.15893946430447428
deep_combined_attn_3x16,fc,0.5,1.275000,0.15165497807133554,0.15165869720073666
deep_combined_attn_3x16,fc,0.5,1.300000,0.14472378921499152,0.14472750772673904
deep_combined_attn_3x16,fc,0.5,1.325000,0.138126771691777,0.13813047983167853
deep_combined_attn_3x16,fc,0.5,1.350000,0.13184892736826237,0.13185261608906113
deep_combined_attn_3x16,fc,0.5,1.375000,0.12587570005292514,0.1258793610376418
deep_combined_attn_3x16,fc,0.5,1.400000,0.12019299359161495,0.12019661926408308
deep_combined_attn_3x16,fc,0.5,1.425000,0.11478718517135222,0.11479076869543448
deep_combined_attn_3x16,fc,0.5,1.450000,0.10964513429320943,0.1096486695622258
deep_combined_attn_3x16,fc,0.5,1.475000,0.10475418786287094,0.10475766948076473
deep_combined_attn_3x16,fc,0.5,1.500000,0.1001021818310528,0.10010560508677041
deep_combined_attn_3x16,fc,0.5,1.525000,0.09567743979601684,0.09568080063249802
deep_combined_attn_3x16,fc,0.5,1.550000,0.09146876895769385,0.09147206393676467
deep_combined_attn_3x16,fc,0.5,1.575000,0.08746545378820425,0.08746868005254455
deep_combined_attn_3x16,fc,0.5,1.600000,0.08365724775749561,0.08366040299072135
deep_combined_attn_3x16,fc,0.5,1.625000,0.08003436342606562,0.08003744581183542
deep_combined_attn_3x16,fc,0.5,1.650000,0.07658746118984616,0.07659046937076666
deep_combined_attn_3x16,fc,0.5,1.675000,0.07330763693574127,0.07331056997272188
deep_combined_attn_3x16,fc,0.5,1.700000,0.07018640884047445,0.07018926617305912
deep_combined_attn_3x16,fc,0.5,1.725000,0.06721570352053508,0.06721848492863296
deep_combined_attn_3x16,fc,0.5,1.750000,0.06438784171743561,0.06439054728477098
deep_combined_attn_3x16,fc,0.5,1.775000,0.06169552368029618,0.0616981537598125
deep_combined_attn_3x16,fc,0.5,1.800000,0.05913181438711679,0.059134369568493717
deep_combined_attn_3x16,fc,0.5,1.825000,0.05669012872700652,0.05669260980638358
deep_combined_attn_3x16,fc,0.5,1.850000,0.054364216748150396,0.05436662470009754
deep_combined_attn_3x16,fc,0.5,1.875000,0.05214814906038068,0.05215048501211195
deep_combined_attn_3x16,fc,0.5,1.900000,0.05003630246684776,0.050038567674637165
deep_combined_attn_3x16,fc,0.5,1.925000,0.04802334588638513,0.0480255417141179
deep_combined_attn_3x16,fc,0.5,1.950000,0.04610422661665403,0.04610635451642435
deep_combined_attn_3x16,fc,0.5,1.975000,0.04427415697797754,0.04427621847262877
deep_combined_attn_3x16,fc,0.5,2.000000,0.04252860136879699,0.042530598036290536
deep_combined_attn_3x16,fc,0.5,2.025000,0.04086326375583427,0.04086519721532707
deep_combined_attn_3x16,fc,0.5,2.050000,0.03927407561524199,0.03927594751474929
deep_combined_attn_3x16,fc,0.5,2.075000,0.0377571843351282,0.03775899634064951
deep_combined_attn_3x16,fc,0.5,2.100000,0.03630894208482205,0.03631069587080901
deep_combined_attn_3x16,fc,0.5,2.125000,0.03492589515195654,0.03492759239300612
deep_combined_attn_3x16,fc,0.5,2.150000,0.03360477374485993,0.033606416108520214
deep_combined_attn_3x16,fc,0.5,2.175000,0.03234248225473568,0.032344071395319085
deep_combined_attn_3x16,fc,0.5,2.200000,0.031136089969653002,0.03113762752295615
deep_combined_attn_3x16,fc,0.5,2.225000,0.029982822230365858,0.029984309809202872
deep_combined_attn_3x16,fc,0.5,2.250000,0.028880052016383995,0.028881491206847024
deep_combined_attn_3x16,fc,0.5,2.275000,0.027825291949483688,0.027826684307850874
deep_combined_attn_3x16,fc,0.5,2.300000,0.026816186700912792,0.026817533751129878
deep_combined_attn_3x16,fc,0.5,2.325000,0.02585050578786996,0.025851809019539436
deep_combined_attn_3x16,fc,0.5,2.350000,0.024926136744402583,0.024927397611219253
deep_combined_attn_3x16,fc,0.5,2.375000,0.024041078651607095,0.024042298570184424
deep_combined_attn_3x16,fc,0.5,2.400000,0.023193436011924584,0.02319461636096361
deep_combined_attn_3x16,fc,0.5,2.425000,0.022381412952364288,0.022382555072118837
deep_combined_attn_3x16,fc,0.5,2.450000,0.021603307741646205,0.021604412933645116
deep_combined_attn_3x16,fc,0.5,2.475000,0.020857507606483305,0.020858577133474034
deep_combined_attn_3x16,fc,0.5,2.500000,0.02014248383255568,0.020143518918636836
deep_combined_attn_3x16,fc,0.5,2.525000,0.019456787136090448,0.019457788967005542
deep_combined_attn_3x16,fc,0.5,2.550000,0.018799043292385575,0.01880001301595232
deep_combined_attn_3x16,fc,0.5,2.575000,0.018167949008067952,0.018168887734721407
deep_combined_attn_3x16,fc,0.5,2.600000,0.01756226802434968,0.017563176827779654
deep_combined_attn_3x16,fc,0.5,2.625000,0.016980827439042168,0.016981707356906937
deep_combined_attn_3x16,fc,0.5,2.650000,0.016422514235585717,0.016423366270288828
deep_combined_attn_3x16,fc,0.5,2.675000,0.015886272007862967,0.01588709712737786
deep_combined_attn_3x16,fc,0.5,2.700000,0.015371097870056416,0.015371897008789036
deep_combined_attn_3x16,fc,0.5,2.725000,0.014876039541329211,0.014876813601008254
deep_combined_attn_3x16,fc,0.5,2.750000,0.014400192595575234,0.014400942446161183
deep_combined_attn_3x16,fc,0.5,2.775000,0.01394269786698088,0.01394342434758682
deep_combined_attn_3x16,fc,0.5,2.800000,0.013502739002603237,0.0135034429224213
deep_combined_attn_3x16,fc,0.5,2.825000,0.013079540153619784,0.013080222292847036
deep_combined_attn_3x16,fc,0.5,2.850000,0.012672363797342934,0.012673024908103358
deep_combined_attn_3x16,fc,0.5,2.875000,0.012280508682516955,0.012281149489774493
deep_combined_attn_3x16,fc,0.5,2.900000,0.011903307890815618,0.011903929093276212
deep_combined_attn_3x16,fc,0.5,2.925000,0.011540127007845125,0.0115407292788442
deep_combined_attn_3x16,fc,0.5,2.950000,0.011190362397337617,0.011190946385711102
deep_combined_attn_3x16,fc,0.5,2.975000,0.010853439572554913,0.010854005903492529
deep_combined_attn_3x16,fc,0.5,3.000000,0.010528811659281434,0.010529360935159847
deep_combined_attn_3x16,fc,0.5,3.025000,0.010215957945084342,0.010216490746280376
deep_combined_attn_3x16,fc,0.5,3.050000,0.00991438250984078,0.00991489939552285
deep_combined_attn_3x16,fc,0.5,3.075000,0.009623612932806558,0.00962411444170394
deep_combined_attn_3x16,fc,0.5,3.100000,0.00934319907178327,0.009343685722933544
deep_combined_attn_3x16,fc,0.5,3.125000,0.009072711910192655,0.009073184203666275
deep_combined_attn_3x16,fc,0.5,3.150000,0.008811742468120776,0.00881220088572273
deep_combined_attn_3x16,fc,0.5,3.175000,0.00855990077361135,0.00856034577956125
deep_combined_attn_3x16,fc,0.5,3.200000,0.008316814890723334,0.008317246932311853
deep_combined_attn_3x16,fc,0.5,3.225000,0.008082130001057508,0.008082549509281826
deep_combined_attn_3x16,fc,0.5,3.250000,0.007855507535663664,0.007855914925840547
deep_combined_attn_3x16,fc,0.5,3.275000,0.0076366243544143675,0.007637020026771776
deep_combined_attn_3x16,fc,0.5,3.300000,0.0074251719701073915,0.007425556310355653
deep_combined_attn_3x16,fc,0.5,3.325000,0.007220855814723315,0.007221229194605152
deep_combined_attn_3x16,fc,0.5,3.350000,0.007023394545411676,0.007023757323232783
deep_combined_attn_3x16,fc,0.5,3.375000,0.0068325193879312796,0.0068328719090709365
deep_combined_attn_3x16,fc,0.5,3.400000,0.0066479735153940345,0.006648316112797191
deep_combined_attn_3x16,fc,0.5,3.425000,0.006469511460303945,0.006469844454954951
deep_combined_attn_3x16,fc,0.5,3.450000,0.006296898557986985,0.006297222259364868
deep_combined_attn_3x16,fc,0.5,3.475000,0.006129910419632845,0.006130225126150202
deep_combined_attn_3x16,fc,0.5,3.500000,0.005968332433266776,0.005968638432691078
deep_combined_attn_3x16,fc,0.5,3.525000,0.005811959291072366,0.005812256860931846
deep_combined_attn_3x16,fc,0.5,3.550000,0.005660594541584185,0.005660883949557558
deep_combined_attn_3x16,fc,0.5,3.575000,0.00551405016534301,0.005514331669634566
deep_combined_attn_3x16,fc,0.5,3.600000,0.005372146172709091,0.005372420022408773
deep_combined_attn_3x16,fc,0.5,3.625000,0.00523471022258537,0.0052349766580150085
deep_combined_attn_3x16,fc,0.5,3.650000,0.0051015772608921095,0.0051018365139386904
deep_combined_attn_3x16,fc,0.5,3.675000,0.004972589177692943,0.0049728414721276004
deep_combined_attn_3x16,fc,0.5,3.700000,0.004847594481940054,0.004847840033726076
deep_combined_attn_3x16,fc,0.5,3.725000,0.004726447992866478,0.004726687010453871
deep_combined_attn_3x16,fc,0.5,3.750000,0.004609010547109382,0.0046092432317188185
deep_combined_attn_3x16,fc,0.5,3.775000,0.0044951487207021135,0.004495375266596954
deep_combined_attn_3x16,fc,0.5,3.800000,0.004384734565123227,0.00438495515987154
deep_combined_attn_3x16,fc,0.5,3.825000,0.004277645356635218,0.004277860181360855
deep_combined_attn_3x16,fc,0.5,3.850000,0.004173763358195082,0.00417397258781929
deep_combined_attn_3x16,fc,0.5,3.875000,0.0040729755932529255,0.004073179396726176
deep_combined_attn_3x16,fc,0.5,3.900000,0.003975173630801132,0.003975372171325868
deep_combined_attn_3x16,fc,0.5,3.925000,0.0038802533810710083,0.003880446816315581
deep_combined_attn_3x16,fc,0.5,3.950000,0.003788114901301931,0.0037883033836064225
deep_combined_attn_3x16,fc,0.5,3.975000,0.003698662211052972,0.0036988458876262074
deep_combined_attn_3x16,fc,0.5,4.000000,0.0036118031165467412,0.0036119821296561735
deep_combined_attn_3x16,fc,0.5,4.025000,0.0035274490435659445,0.0035276235307199755
deep_combined_attn_3x16,fc,0.5,4.050000,0.003445514878457012,0.003445684972579932
deep_combined_attn_3x16,fc,0.5,4.075000,0.003365918816810254,0.0033660846464103494
deep_combined_attn_3x16,fc,0.5,4.100000,0.0032885822194187453,0.0032887439087498005
deep_combined_attn_3x16,fc,0.5,4.125000,0.0032134294751308135,0.0032135871443476484
deep_combined_attn_3x16,fc,0.5,4.150000,0.0031403878702485066,0.003140541635555781
deep_combined_attn_3x16,fc,0.5,4.175000,0.0030693874641213315,0.003069537437917249
deep_combined_attn_3x16,fc,0.5,4.200000,0.003000360970625837,0.003000507261639546
deep_combined_attn_3x16,fc,0.5,4.225000,0.0029332436452230715,0.002933386358647509
deep_combined_attn_3x16,fc,0.5,4.250000,0.0028679731773136874,0.002868112414932197
deep_combined_attn_3x16,fc,0.5,4.275000,0.002804489587613812,0.0028046254479229715
deep_combined_attn_3x16,fc,0.5,4.300000,0.0027427351303057623,0.002742867708632816
deep_combined_attn_3x16,fc,0.5,4.325000,0.002682654199716583,0.0026827835883323843
deep_combined_attn_3x16,fc,0.5,4.350000,0.0026241932412957025,0.0026243195295232785
deep_combined_attn_3x16,fc,0.5,4.375000,0.002567300666682315,0.0025674239410017246
deep_combined_attn_3x16,fc,0.5,4.400000,0.0025119267726508854,0.002512047116799274
deep_combined_attn_3x16,fc,0.5,4.425000,0.0024580236637480324,0.0024581411588165073
deep_combined_attn_3x16,fc,0.5,4.450000,0.002405545178433388,0.0024056599029599174
deep_combined_attn_3x16,fc,0.5,4.475000,0.0023544468185549006,0.0023545588486135268
deep_combined_attn_3x16,fc,0.5,4.500000,0.0023046856819912698,0.002304795091278237
deep_combined_attn_3x16,fc,0.5,4.525000,0.0022562203983107487,0.0022563272582273074
deep_combined_attn_3x16,fc,0.5,4.550000,0.002209011067295985,0.002209115447027629
deep_combined_attn_3x16,fc,0.5,4.575000,0.0021630192001939053,0.002163121166787322
deep_combined_attn_3x16,fc,0.5,4.600000,0.002118207663566074,0.0021183072820026927
deep_combined_attn_3x16,fc,0.5,4.625000,0.0020745406256061916,0.0020746379588730468
deep_combined_attn_3x16,fc,0.5,4.650000,0.002031983504810597,0.002032078613968704
deep_combined_attn_3x16,fc,0.5,4.675000,0.0019905029208890923,0.0019905958651390177
deep_combined_attn_3x16,fc,0.5,4.700000,0.0019500666478071693,0.0019501574845522565
deep_combined_attn_3x16,fc,0.5,4.725000,0.001910643568860948,0.0019107323537686412
deep_combined_attn_3x16,fc,0.5,4.750000,0.0018722036336886738,0.0018722904207485434
deep_combined_attn_3x16,fc,0.5,4.775000,0.0018347178171247425,0.0018348026587054643
deep_combined_attn_3x16,fc,0.5,4.800000,0.0017981580798138719,0.0017982410267173958
deep_combined_attn_3x16,fc,0.5,4.825000,0.0017624973305001568,0.001762578432014152
deep_combined_attn_3x16,fc,0.5,4.850000,0.0017277093899152884,0.0017277886938635106
deep_combined_attn_3x16,fc,0.5,4.875000,0.0016937689561897784,0.0016938465089809934
deep_combined_attn_3x16,fc,0.5,4.900000,0.0016606515717179082,0.0016607274183924714
deep_combined_attn_3x16,fc,0.5,4.925000,0.0016283335914119013,0.001628407775686919
deep_combined_attn_3x16,fc,0.5,4.950000,0.0015967921522759276,0.001596864716589041
deep_combined_attn_3x16,fc,0.5,4.975000,0.0015660051442468736,0.0015660761297978003
deep_combined_attn_3x16,fc,0.5,5.000000,0.0015359511822372607,0.001536020629028713
deep_combined_attn_3x16,fc,0.5,5.025000,0.0015066095793334622,0.0015066775262095645
deep_combined_attn_3x16,fc,0.5,5.050000,0.0014779603210880454,0.0014780268057724868
deep_combined_attn_3x16,fc,0.5,5.075000,0.0014499840408678244,0.0014500490999996532
deep_combined_attn_3x16,fc,0.5,5.100000,0.0014226619962000031,0.0014227256653687938
deep_combined_attn_3x16,fc,0.5,5.125000,0.001395976046079439,0.0013960383598590484
deep_combined_attn_3x16,fc,0.5,5.150000,0.0013699086291906193,0.0013699696211715122
deep_combined_attn_3x16,fc,0.5,5.175000,0.0013444427430052697,0.001344502445826072
deep_combined_attn_3x16,fc,0.5,5.200000,0.0013195619237165168,0.001319620369094148
deep_combined_attn_3x16,fc,0.5,5.225000,0.001295250226972966,0.0012953074457320137
deep_combined_attn_3x16,fc,0.5,5.250000,0.0012714922093786107,0.0012715482314793827
deep_combined_attn_3x16,fc,0.5,5.275000,0.0012482729107239354,0.0012483277652897444
deep_combined_attn_3x16,fc,0.5,5.300000,0.0012255778369162362,0.0012256315522594916
deep_combined_attn_3x16,fc,0.5,5.325000,0.0012033929435821822,0.0012034455472299352
deep_combined_attn_3x16,fc,0.5,5.350000,0.0011817046203081993,0.0011817561390265222
deep_combined_attn_3x16,fc,0.5,5.375000,0.0011604996754978059,0.0011605501353155188
deep_combined_attn_3x16,fc,0.5,5.400000,0.0011397653218128134,0.0011398147480441024
deep_combined_attn_3x16,fc,0.5,5.425000,0.0011194891621798542,0.0011195375794464772
deep_combined_attn_3x16,fc,0.5,5.450000,0.0010996591763333674,0.0010997066085859438
deep_combined_attn_3x16,fc,0.5,5.475000,0.0010802637078752841,0.0010803101784139062
deep_combined_attn_3x16,fc,0.5,5.500000,0.0010612914518285388,0.0010613369833224516
deep_combined_attn_3x16,fc,0.5,5.525000,0.0010427314426646461,0.0010427760571714813
deep_combined_attn_3x16,fc,0.5,5.550000,0.001024573042783139,0.0010246167617677558
deep_combined_attn_3x16,fc,0.5,5.575000,0.0010068059314281008,0.001006848775780092
deep_combined_attn_3x16,fc,0.5,5.600000,0.0009894200940191444,0.0009894620840704305
deep_combined_attn_3x16,fc,0.5,5.625000,0.0009724058118831813,0.000972446967424831
deep_combined_attn_3x16,fc,0.5,5.650000,0.0009557536523705501,0.0009557939926686374
deep_combined_attn_3x16,fc,0.5,5.675000,0.0009394544593347431,0.0009394940031462534
deep_combined_attn_3x16,fc,0.5,5.700000,0.0009234993439681816,0.0009235381095562882
deep_combined_attn_3x16,fc,0.5,5.725000,0.0009078796759754981,0.0009079176811237815
deep_combined_attn_3x16,fc,0.5,5.750000,0.0008925870750686737,0.0008926243370957384
deep_combined_attn_3x16,fc,0.5,5.775000,0.0008776134027772553,0.000877649938550017
deep_combined_attn_3x16,fc,0.5,5.800000,0.0008629507545530046,0.0008629865805003556
deep_combined_attn_3x16,fc,0.5,5.825000,0.0008485914521664251,0.0008486265842915688
deep_combined_attn_3x16,fc,0.5,5.850000,0.0008345280363729612,0.0008345624902662513
deep_combined_attn_3x16,fc,0.5,5.875000,0.0008207532598490941,0.0008207870506999125
deep_combined_attn_3x16,fc,0.5,5.900000,0.0008072600803777918,0.0008072932229858862
deep_combined_attn_3x16,fc,0.5,5.925000,0.0007940416542805417,0.0007940741630678401
deep_combined_attn_3x16,fc,0.5,5.950000,0.0007810913300835276,0.0007811232191043099
deep_combined_attn_3x16,fc,0.5,5.975000,0.0007684026424062962,0.0007684339253583744
deep_combined_attn_3x16,fc,0.5,6.000000,0.0007559693060709138,0.0007559999963054072
deep_combined_attn_3x16,fc,2,0.000000,0.9999979292399578,0.9999979292399579
deep_combined_attn_3x16,fc,2,0.025000,0.9992960964030903,0.9992961010731113
deep_combined_attn_3x16,fc,2,0.050000,0.997194846747151,0.9971948653968338
deep_combined_attn_3x16,fc,2,0.075000,0.9937068661200928,0.9937069079517921
deep_combined_attn_3x16,fc,2,0.100000,0.9888530969685089,0.9888531709729896
deep_combined_attn_3x16,fc,2,0.125000,0.9826624434792683,0.9826625583062567
deep_combined_attn_3x16,fc,2,0.150000,0.9751713706634767,0.9751715344708285
deep_combined_attn_3x16,fc,2,0.175000,0.9664234085352309,0.9664236288215278
deep_combined_attn_3x16,fc,2,0.200000,0.9564685747279441,0.95646885815437
deep_combined_attn_3x16,fc,2,0.225000,0.9453627304464196,0.9453630826547406
deep_combined_attn_3x16,fc,2,0.250000,0.933166885540955,0.9331673109752425
deep_combined_attn_3x16,fc,2,0.275000,0.9199464687235327,0.919946970463837
deep_combined_attn_3x16,fc,2,0.300000,0.9057705785785253,0.9057711581949571
deep_combined_attn_3x16,fc,2,0.325000,0.8907112301354322,0.890711887570984
deep_combined_attn_3x16,fc,2,0.350000,0.8748426104740109,0.8748433439638938
deep_combined_attn_3x16,fc,2,0.375000,0.8582403552377612,0.8582411612720591
deep_combined_attn_3x16,fc,2,0.400000,0.8409808561551989,0.8409817294902436
deep_combined_attn_3x16,fc,2,0.425000,0.8231406078165101,0.8231415415386202
deep_combined_attn_3x16,fc,2,0.450000,0.8047956001184242,0.8047965857616002
deep_combined_attn_3x16,fc,2,0.475000,0.7860207610468151,0.7860217887637229
deep_combined_attn_3x16,fc,2,0.500000,0.7668894528692703,0.7668905116525188
deep_combined_attn_3x16,fc,2,0.525000,0.7474730233941672,0.7474741013425734
deep_combined_attn_3x16,fc,2,0.550000,0.7278404127366771,0.72784149735908
deep_combined_attn_3x16,fc,2,0.575000,0.7080578150190813,0.7080588935663934
deep_combined_attn_3x16,fc,2,0.600000,0.688188393614863,0.6881894534295714
deep_combined_attn_3x16,fc,2,0.625000,0.6682920479072288,0.668293076778535
deep_combined_attn_3x16,fc,2,0.650000,0.6484252290520307,0.6484262155643347
deep_combined_attn_3x16,fc,2,0.675000,0.6286408018892088,0.6286417357517053
deep_combined_attn_3x16,fc,2,0.700000,0.6089879499123885,0.6089888222581751
deep_combined_attn_3x16,fc,2,0.725000,0.5895121200611436,0.589512923705394
deep_combined_attn_3x16,fc,2,0.750000,0.5702550040251635,0.570255733673549
deep_combined_attn_3x16,fc,2,0.775000,0.551254552727672,0.551255205128223
deep_combined_attn_3x16,fc,2,0.800000,0.532545020673803,0.5325455947076924
deep_combined_attn_3x16,fc,2,0.825000,0.5141570368981674,0.5141575336073486
deep_combined_attn_3x16,fc,2,0.850000,0.496117699317391,0.49611812186950627
deep_combined_attn_3x16,fc,2,0.875000,0.47845068938305135,0.4784510429764151
deep_combined_attn_3x16,fc,2,0.900000,0.46117640403520266,0.4611766957488485
deep_combined_attn_3x16,fc,2,0.925000,0.4443121020747697,0.4443123406704296
deep_combined_attn_3x16,fc,2,0.950000,0.4278720622036061,0.4278722578879763
deep_combined_attn_3x16,fc,2,0.975000,0.41186775012335075,0.4118679142800541
deep_combined_attn_3x16,fc,2,1.000000,0.3963079922378797,0.39630813713912205
deep_combined_attn_3x16,fc,2,1.025000,0.38119915366841695,0.38119929217645976
deep_combined_attn_3x16,fc,2,1.050000,0.3665453184641685,0.3665454637324295
deep_combined_attn_3x16,fc,2,1.075000,0.352348470073207,0.35234863525610427
deep_combined_attn_3x16,fc,2,1.100000,0.33860867032640485,0.3386088683060421
deep_combined_attn_3x16,fc,2,1.125000,0.32532423537924404,0.325324478515772
deep_combined_attn_3x16,fc,2,1.150000,0.31249190724987563,0.31249220716094483
deep_combined_attn_3x16,fc,2,1.175000,0.300107019784269,0.3001073871574854
deep_combined_attn_3x16,fc,2,1.200000,0.2881636580680379,0.28816410250883695
deep_combined_attn_3x16,fc,2,1.225000,0.2766548104871114,0.27665534040303363
deep_combined_attn_3x16,fc,2,1.250000,0.2655725128135106,0.2655731353345545
deep_combined_attn_3x16,fc,2,1.275000,0.25490798385612234,0.2549087047897165
deep_combined_attn_3x16,fc,2,1.300000,0.24465175236788728,0.24465257618608027
deep_combined_attn_3x16,fc,2,1.325000,0.23479377503900634,0.234794704894746
deep_combined_attn_3x16,fc,2,1.350000,0.22532354552975686,0.22532458329861285
deep_combined_attn_3x16,fc,2,1.375000,0.21623019460584048,0.21623134094921204
deep_combined_attn_3x16,fc,2,1.400000,0.20750258153379297,0.2075038359795181
deep_combined_attn_3x16,fc,2,1.425000,0.19912937697408206,0.199130738010403
deep_combined_attn_3x16,fc,2,1.450000,0.19109913767565168,0.19110060285465802
deep_combined_attn_3x16,fc,2,1.475000,0.18340037332857295,0.18340193937552854
deep_combined_attn_3x16,fc,2,1.500000,0.17602160597209116,0.17602326889740094
deep_combined_attn_3x16,fc,2,1.525000,0.16895142238475114,0.16895317759573308
deep_combined_attn_3x16,fc,2,1.550000,0.1621785199026018,0.16218036231265762
deep_combined_attn_3x16,fc,2,1.575000,0.1556917461218903,0.15569367025510647
deep_combined_attn_3x16,fc,2,1.600000,0.14948013294535034,0.14948213303498506
deep_combined_attn_3x16,fc,2,1.625000,0.1435329254273039,0.1435349955070108
deep_combined_attn_3x16,fc,2,1.650000,0.13783960586344146,0.13784173985045117
deep_combined_attn_3x16,fc,2,1.675000,0.13238991355733465,0.13239210532712925
deep_combined_attn_3x16,fc,2,1.700000,0.12717386067842806,0.12717610413072902
deep_combined_attn_3x16,fc,2,1.725000,0.12218174460626985,0.12218403372238908
deep_combined_attn_3x16,fc,2,1.750000,0.11740415713386043,0.11740648602565415
deep_combined_attn_3x16,fc,2,1.775000,0.11283199087987206,0.11283435383068481
deep_combined_attn_3x16,fc,2,1.800000,0.10845644323565395,0.1084588347337509
deep_combined_attn_3x16,fc,2,1.825000,0.10426901814892853,0.1042714329139894
deep_combined_attn_3x16,fc,2,1.850000,0.10026152602222949,0.10026395902552457
deep_combined_attn_3x16,fc,2,1.875000,0.09642608198079627,0.09642852845968962
deep_combined_attn_3x16,fc,2,1.900000,0.09275510274205923,0.09275755820948363
deep_combined_attn_3x16,fc,2,1.925000,0.08924130229722083,0.08924376254675773
deep_combined_attn_3x16,fc,2,1.950000,0.0858776865948887,0.08588014770206033
deep_combined_attn_3x16,fc,2,1.975000,0.08265754739737174,0.08266000571771653
deep_combined_attn_3x16,fc,2,2.000000,0.07957445546213116,0.07957690762659296
deep_combined_attn_3x16,fc,2,2.025000,0.07662225318404481,0.07662469609216203
deep_combined_attn_3x16,fc,2,2.050000,0.0737950468185713,0.0737974776299044
deep_combined_attn_3x16,fc,2,2.075000,0.07108719839159572,0.07108961451578498
deep_combined_attn_3x16,fc,2,2.100000,0.0684933173886334,0.06849571647443305
deep_combined_attn_3x16,fc,2,2.125000,0.06600825230415464,0.06601063222774378
deep_combined_attn_3x16,fc,2,2.150000,0.06362708212097778,0.06362944097380911
deep_combined_attn_3x16,fc,2,2.175000,0.0613451077799223,0.06134744385632948
deep_combined_attn_3x16,fc,2,2.200000,0.059157843691142076,0.05916015547589158
deep_combined_attn_3x16,fc,2,2.225000,0.05706100933070557,0.05706329548664664
deep_combined_attn_3x16,fc,2,2.250000,0.05505052095898777,0.05505278031492643
deep_combined_attn_3x16,fc,2,2.275000,0.053122483491212624,0.05312471503010885
deep_combined_attn_3x16,fc,2,2.300000,0.05127318254498492,0.0512753853925513
deep_combined_attn_3x16,fc,2,2.325000,0.04949907668479814,0.049501250098557395
deep_combined_attn_3x16,fc,2,2.350000,0.04779678987924452,0.047798933238089425
deep_combined_attn_3x16,fc,2,2.375000,0.04616310418294278,0.046165216977224074
deep_combined_attn_3x16,fc,2,2.400000,0.04459495265194957,0.044597034474109544
deep_combined_attn_3x16,fc,2,2.425000,0.04308941249863907,0.04309146303439602
deep_combined_attn_3x16,fc,2,2.450000,0.041643698489603476,0.04164571750968536
deep_combined_attn_3x16,fc,2,2.475000,0.04025515658808365,0.040257143940502574
deep_combined_attn_3x16,fc,2,2.500000,0.03892125784067124,0.038923213443524764
deep_combined_attn_3x16,fc,2,2.525000,0.03763959250654603,0.03764151634132921
deep_combined_attn_3x16,fc,2,2.550000,0.036407864426278747,0.036409756531684365
deep_combined_attn_3x16,fc,2,2.575000,0.035223885626197715,0.03522574609238472
deep_combined_attn_3x16,fc,2,2.600000,0.034085571153480876,0.034087400116785065
deep_combined_attn_3x16,fc,2,2.625000,0.032990934136461925,0.03299273177452561
deep_combined_attn_3x16,fc,2,2.650000,0.031938081064103896,0.03193984759139919
deep_combined_attn_3x16,fc,2,2.675000,0.030925207278184152,0.030926942941904803
deep_combined_attn_3x16,fc,2,2.700000,0.029950592671433407,0.029952297747731768
deep_combined_attn_3x16,fc,2,2.725000,0.029012597584668454,0.02901427237521226
deep_combined_attn_3x16,fc,2,2.750000,0.02810965889580741,0.02811130372463498
deep_combined_attn_3x16,fc,2,2.775000,0.027240286293618632,0.027241901504269916
deep_combined_attn_3x16,fc,2,2.800000,0.02640305872902582,0.026404644681927984
deep_combined_attn_3x16,fc,2,2.825000,0.025596621036839462,0.025598178106928483
deep_combined_attn_3x16,fc,2,2.850000,0.02481968072087326,0.024821209295431242
deep_combined_attn_3x16,fc,2,2.875000,0.02407100489549907,0.024072505372191445
deep_combined_attn_3x16,fc,2,2.900000,0.02334941737685403,0.023350890161948933
deep_combined_attn_3x16,fc,2,2.925000,0.022653795917058406,0.022655241423814636
deep_combined_attn_3x16,fc,2,2.950000,0.021983069574992187,0.02198448822219974
deep_combined_attn_3x16,fc,2,2.975000,0.021336216217363257,0.021337608428025324
deep_combined_attn_3x16,fc,2,3.000000,0.020712260144000294,0.020713626344142904
deep_combined_attn_3x16,fc,2,3.025000,0.020110269831521532,0.020111610449121096
deep_combined_attn_3x16,fc,2,3.050000,0.019529355789724145,0.019530671253741985
deep_combined_attn_3x16,fc,2,3.075000,0.018968668525268795,0.018969959264783273
deep_combined_attn_3x16,fc,2,3.100000,0.018427396607442748,0.01842866305087054
deep_combined_attn_3x16,fc,2,3.125000,0.017904764830989683,0.01790600740538857
deep_combined_attn_3x16,fc,2,3.150000,0.017400032471221683,0.01740125160166688
deep_combined_attn_3x16,fc,2,3.175000,0.016912491626817405,0.01691368773584563
deep_combined_attn_3x16,fc,2,3.200000,0.01644146564592741,0.016442639153041987
deep_combined_attn_3x16,fc,2,3.225000,0.015986307631394858,0.015987458952627043
deep_combined_attn_3x16,fc,2,3.250000,0.01554639902110555,0.01554752856862642
deep_combined_attn_3x16,fc,2,3.275000,0.01512114823964672,0.015122256421425359
deep_combined_attn_3x16,fc,2,3.300000,0.014709989417659997,0.014711076637163482
deep_combined_attn_3x16,fc,2,3.325000,0.014312381175425659,0.014313447831357885
deep_combined_attn_3x16,fc,2,3.350000,0.013927805467399024,0.013928851953473702
deep_combined_attn_3x16,fc,2,3.375000,0.013555766484571685,0.013556793189317143
deep_combined_attn_3x16,fc,2,3.400000,0.013195789611688324,0.013196796918281035
deep_combined_attn_3x16,fc,2,3.425000,0.012847420436498558,0.012848408722622606
deep_combined_attn_3x16,fc,2,3.450000,0.012510223808364307,0.012511193446095005
deep_combined_attn_3x16,fc,2,3.475000,0.012183782943682386,0.012184734299390572
deep_combined_attn_3x16,fc,2,3.500000,0.011867698575704133,0.011868632009980432
deep_combined_attn_3x16,fc,2,3.525000,0.011561588146464463,0.011562504014061415
deep_combined_attn_3x16,fc,2,3.550000,0.011265085038649425,0.011265983688439207
deep_combined_attn_3x16,fc,2,3.575000,0.010977837845342564,0.010978719620289117
deep_combined_attn_3x16,fc,2,3.600000,0.01069950967569433,0.010700374912838966
deep_combined_attn_3x16,fc,2,3.625000,0.010429777494666004,0.010430626525124654
deep_combined_attn_3x16,fc,2,3.650000,0.010168331495096217,0.010169164644067214
deep_combined_attn_3x16,fc,2,3.675000,0.0099148745004225,0.00991569208720407
deep_combined_attn_3x16,fc,2,3.700000,0.009669121396485125,0.009669923734501585
deep_combined_attn_3x16,fc,2,3.725000,0.009430798590920553,0.009431585987756015
deep_combined_attn_3x16,fc,2,3.750000,0.009199643498731147,0.009200416256170275
deep_combined_attn_3x16,fc,2,3.775000,0.008975404052689484,0.008976162466764602
deep_combined_attn_3x16,fc,2,3.800000,0.008757838237310134,0.008758582598353621
deep_combined_attn_3x16,fc,2,3.825000,0.008546713645185666,0.00854744423788731
deep_combined_attn_3x16,fc,2,3.850000,0.008341807054549677,0.008342524158018077
deep_combined_attn_3x16,fc,2,3.875000,0.008142904026985809,0.008143607914814084
deep_combined_attn_3x16,fc,2,3.900000,0.007949798524262586,0.007950489464597189
deep_combined_attn_3x16,fc,2,3.925000,0.00776229254332883,0.007762970798941056
deep_combined_attn_3x16,fc,2,3.950000,0.007580195768545517,0.007580861596905375
deep_combined_attn_3x16,fc,2,3.975000,0.007403325240293301,0.007403978893646075
deep_combined_attn_3x16,fc,2,4.000000,0.007231505039129726,0.0072321467645740005
deep_combined_attn_3x16,fc,2,4.025000,0.007064565984714277,0.0070651960242810626
deep_combined_attn_3x16,fc,2,4.050000,0.006902345348767214,0.00690296393950086
deep_combined_attn_3x16,fc,2,4.075000,0.006744686581358628,0.006745293955398438
deep_combined_attn_3x16,fc,2,4.100000,0.006591439049866588,0.00659203543452906
deep_combined_attn_3x16,fc,2,4.125000,0.006442457789974654,0.0064430434078363
deep_combined_attn_3x16,fc,2,4.150000,0.006297603268113461,0.006298178337093973
deep_combined_attn_3x16,fc,2,4.175000,0.006156741154783707,0.006157305888229191
deep_combined_attn_3x16,fc,2,4.200000,0.006019742108219761,0.006020296714986096
deep_combined_attn_3x16,fc,2,4.225000,0.005886481567893176,0.005887026252428785
deep_combined_attn_3x16,fc,2,4.250000,0.005756839557372162,0.005757374519800969
deep_combined_attn_3x16,fc,2,4.275000,0.005630700496077279,0.005631225932281169
deep_combined_attn_3x16,fc,2,4.300000,0.0055079530195093485,0.005508469121209777
deep_combined_attn_3x16,fc,2,4.325000,0.005388489807527597,0.005388996762367058
deep_combined_attn_3x16,fc,2,4.350000,0.00527220742029999,0.005272705411922309
deep_combined_attn_3x16,fc,2,4.375000,0.005159006141549183,0.005159495349679465
deep_combined_attn_3x16,fc,2,4.400000,0.005048789828746791,0.005049270429270179
deep_combined_attn_3x16,fc,2,4.425000,0.004941465769921827,0.004941937934961711
deep_combined_attn_3x16,fc,2,4.450000,0.004836944546769417,0.004837408444764286
deep_combined_attn_3x16,fc,2,4.475000,0.004735139903758845,0.004735595699538422
deep_combined_attn_3x16,fc,2,4.500000,0.0046359686229562325,0.00463641647781682
deep_combined_attn_3x16,fc,2,4.525000,0.004539350404295983,0.004539790476073858
deep_combined_attn_3x16,fc,2,4.550000,0.004445207751035518,0.0044456401941804025
deep_combined_attn_3x16,fc,2,4.575000,0.004353465860161387,0.0043538908258078015
deep_combined_attn_3x16,fc,2,4.600000,0.004264052517504835,0.004264470153542824
deep_combined_attn_3x16,fc,2,4.625000,0.0041768979973565434,0.004177308448501121
deep_combined_attn_3x16,fc,2,4.650000,0.004091934966360733,0.00409233837422035
deep_combined_attn_3x16,fc,2,4.675000,0.00400909839150243,0.004009494894645649
deep_combined_attn_3x16,fc,2,4.700000,0.003928325451990067,0.003928715186011864
deep_combined_attn_3x16,fc,2,4.725000,0.003849555454857767,0.003849938552444208
deep_combined_attn_3x16,fc,2,4.750000,0.0037727297541170213,0.0037731063451085585
deep_combined_attn_3x16,fc,2,4.775000,0.003697791673294093,0.003698161884748136
deep_combined_attn_3x16,fc,2,4.800000,0.003624686431201507,0.0036250503874534
deep_combined_attn_3x16,fc,2,4.825000,0.003553361070794736,0.0035537188935180495
deep_combined_attn_3x16,fc,2,4.850000,0.0034837643909736427,0.0034841161992384935
deep_combined_attn_3x16,fc,2,4.875000,0.0034158468812016674,0.003416192791532784
deep_combined_attn_3x16,fc,2,4.900000,0.0033495606588075377,0.003349900785240403
deep_combined_attn_3x16,fc,2,4.925000,0.003284859408858809,0.0032851938629953315
deep_combined_attn_3x16,fc,2,4.950000,0.003221698326486,0.0032220272175482114
deep_combined_attn_3x16,fc,2,4.975000,0.0031600340615489664,0.003160357496432501
deep_combined_attn_3x16,fc,2,5.000000,0.003099824665547146,0.0031001427488730796
deep_combined_attn_3x16,fc,2,5.025000,0.0030410295406690935,0.0030413423748346722
deep_combined_attn_3x16,fc,2,5.050000,0.0029836093908874872,0.0029839170761159985
deep_combined_attn_3x16,fc,2,5.075000,0.0029275261750156822,0.0029278288094051505
deep_combined_attn_3x16,fc,2,5.100000,0.0028727430616332095,0.0028730407412039653
deep_combined_attn_3x16,fc,2,5.125000,0.002819224385802621,0.0028195172045440277
deep_combined_attn_3x16,fc,2,5.150000,0.0027669356075005203,0.002767223657416334
deep_combined_attn_3x16,fc,2,5.175000,0.002715843271686613,0.002716126642840039
deep_combined_attn_3x16,fc,2,5.200000,0.0026659149699421736,0.0026661937504989823
deep_combined_attn_3x16,fc,2,5.225000,0.0026171193036084173,0.0026173935798797948
deep_combined_attn_3x16,fc,2,5.250000,0.0025694258483639487,0.00256969570484818
deep_combined_attn_3x16,fc,2,5.275000,0.0025228051201768853,0.002523070639600119
deep_combined_attn_3x16,fc,2,5.300000,0.0024772285425751495,0.002477489805931105
deep_combined_attn_3x16,fc,2,5.325000,0.0024326684151787514,0.0024329255017677574
deep_combined_attn_3x16,fc,2,5.350000,0.0023890978834388843,0.002389350870906149
deep_combined_attn_3x16,fc,2,5.375000,0.0023464909095400888,0.0023467398739123713
deep_combined_attn_3x16,fc,2,5.400000,0.0023048222444049804,0.002305067260127343
deep_combined_attn_3x16,fc,2,5.425000,0.0022640674007684547,0.0022643085407395933
deep_combined_attn_3x16,fc,2,5.450000,0.002224202627266858,0.0022244399628739303
deep_combined_attn_3x16,fc,2,5.475000,0.0021852048835072635,0.002185438484659717
deep_combined_attn_3x16,fc,2,5.500000,0.0021470518160706664,0.002147281751233332
deep_combined_attn_3x16,fc,2,5.525000,0.0021097217354144604,0.00210994807163994
deep_combined_attn_3x16,fc,2,5.550000,0.002073193593638334,0.002073416396598594
deep_combined_attn_3x16,fc,2,5.575000,0.0020374469630713987,0.002037666297088671
deep_combined_attn_3x16,fc,2,5.600000,0.002002462015657458,0.002002677943734377
deep_combined_attn_3x16,fc,2,5.625000,0.00196821950309789,0.0019684320869470203
deep_combined_attn_3x16,fc,2,5.650000,0.0019347007377233938,0.001934910037795905
deep_combined_attn_3x16,fc,2,5.675000,0.001901887574068284,0.0019020936495821128
deep_combined_attn_3x16,fc,2,5.700000,0.0018697623911170247,0.0018699653000843219
deep_combined_attn_3x16,fc,2,5.725000,0.0018383080751935843,0.0018385078744475162
deep_combined_attn_3x16,fc,2,5.750000,0.0018075080034744007,0.001807704748695522
deep_combined_attn_3x16,fc,2,5.775000,0.0017773460280927633,0.0017775397738341902
deep_combined_attn_3x16,fc,2,5.800000,0.0017478064608170696,0.0017479972605298807
deep_combined_attn_3x16,fc,2,5.825000,0.0017188740582778639,0.0017190619643353434
deep_combined_attn_3x16,fc,2,5.850000,0.001690534007721789,0.0016907190714431513
deep_combined_attn_3x16,fc,2,5.875000,0.001662771913272243,0.0016629541849460688
deep_combined_attn_3x16,fc,2,5.900000,0.0016355737826780903,0.0016357533115849763
deep_combined_attn_3x16,fc,2,5.925000,0.0016089260145288886,0.0016091028489635777
deep_combined_attn_3x16,fc,2,5.950000,0.0015828153859229754,0.0015829895732162476
deep_combined_attn_3x16,fc,2,5.975000,0.001557229040564545,0.0015574006271040614
deep_combined_attn_3x16,fc,2,6.000000,0.0015321544772779472,0.0015323235085293945
deep_combined_attn_3x16,fc,5,0.000000,0.9999990149527558,0.9999990149527557
deep_combined_attn_3x16,fc,5,0.025000,0.9995535468057418,0.9995535545956326
deep_combined_attn_3x16,fc,5,0.050000,0.998218223920827,0.9982182550348954
deep_combined_attn_3x16,fc,5,0.075000,0.9959962941644213,0.9959963639857915
deep_combined_attn_3x16,fc,5,0.100000,0.9928931809847894,0.9928933046151531
deep_combined_attn_3x16,fc,5,0.125000,0.9889164978474513,0.988916689954814
deep_combined_attn_3x16,fc,5,0.150000,0.9840760663779697,0.9840763410260884
deep_combined_attn_3x16,fc,5,0.175000,0.9783839362563672,0.9783843067201043
deep_combined_attn_3x16,fc,5,0.200000,0.9718544044866269,0.9718548830579382
deep_combined_attn_3x16,fc,5,0.225000,0.9645040313406511,0.9645046291303571
deep_combined_attn_3x16,fc,5,0.250000,0.9563516500629945,0.95635237680383
deep_combined_attn_3x16,fc,5,0.275000,0.94741836733078,0.9474192311874634
deep_combined_attn_3x16,fc,5,0.300000,0.9377275514979463,0.9377285588901255
deep_combined_attn_3x16,fc,5,0.325000,0.9273048058148475,0.9273059612587633
deep_combined_attn_3x16,fc,5,0.350000,0.9161779240985404,0.9161792300730569
deep_combined_attn_3x16,fc,5,0.375000,0.9043768267260189,0.904378283568314
deep_combined_attn_3x16,fc,5,0.400000,0.8919334753175796,0.8919350811532322
deep_combined_attn_3x16,fc,5,0.425000,0.8788817650515243,0.8788835157629997
deep_combined_attn_3x16,fc,5,0.450000,0.8652573941822111,0.8652592834188174
deep_combined_attn_3x16,fc,5,0.475000,0.8510977109962813,0.8510997302275789
deep_combined_attn_3x16,fc,5,0.500000,0.8364415391106852,0.8364436777241008
deep_combined_attn_3x16,fc,5,0.525000,0.821328982664823,0.8213312281068833
deep_combined_attn_3x16,fc,5,0.550000,0.8058012135628726,0.8058035515220902
deep_combined_attn_3x16,fc,5,0.575000,0.7899002434587475,0.789902658086808
deep_combined_attn_3x16,fc,5,0.600000,0.7736686836260895,0.7736711577926741
deep_combined_attn_3x16,fc,5,0.625000,0.7571494962044646,0.7571520117798487
deep_combined_attn_3x16,fc,5,0.650000,0.7403857405504929,0.7403882787090609
deep_combined_attn_3x16,fc,5,0.675000,0.7234203185440367,0.7234228600810844
deep_combined_attn_3x16,fc,5,0.700000,0.7062957227048463,0.7062982483585597
deep_combined_attn_3x16,fc,5,0.725000,0.6890537908690039,0.6890562816393245
deep_combined_attn_3x16,fc,5,0.750000,0.6717354709660749,0.6717379084223036
deep_combined_attn_3x16,fc,5,0.775000,0.6543805991395283,0.6543829657089731
deep_combined_attn_3x16,fc,5,0.800000,0.6370276940798365,0.6370299733105577
deep_combined_attn_3x16,fc,5,0.825000,0.619713770008571,0.6197159468002725
deep_combined_attn_3x16,fc,5,0.850000,0.6024741702805202,0.6024762310788355
deep_combined_attn_3x16,fc,5,0.875000,0.5853424230771009,0.5853443560278541
deep_combined_attn_3x16,fc,5,0.900000,0.5683501201651269,0.5683519152265687
deep_combined_attn_3x16,fc,5,0.925000,0.5515268192059746,0.5515284682184035
deep_combined_attn_3x16,fc,5,0.950000,0.5348999696350689,0.5349014663486072
deep_combined_attn_3x16,fc,5,0.975000,0.5184948617019512,0.5184962017644935
deep_combined_attn_3x16,fc,5,1.000000,0.5023345978760644,0.5023357787844921
deep_combined_attn_3x16,fc,5,1.025000,0.48644008548939954,0.4864411065080455
deep_combined_attn_3x16,fc,5,1.050000,0.4708300492084392,0.4708309112594444
deep_combined_attn_3x16,fc,5,1.075000,0.45552106170627993,0.45552176723692184
deep_combined_attn_3x16,fc,5,1.100000,0.44052759074117587,0.44052814357346226
deep_combined_attn_3x16,fc,5,1.125000,0.4258620607380674,0.42586246590588206
deep_combined_attn_3x16,fc,5,1.150000,0.4115349269114462,0.41153519049035014
deep_combined_attn_3x16,fc,5,1.175000,0.3975547599565815,0.3975548888910253
deep_combined_attn_3x16,fc,5,1.200000,0.3839283393662707,0.38392834129850273
deep_combined_attn_3x16,fc,5,1.225000,0.3706607534959596,0.370660636600358
deep_combined_attn_3x16,fc,5,1.250000,0.3577555045951616,0.3577552774211005
deep_combined_attn_3x16,fc,5,1.275000,0.34521461714144974,0.34521428846717805
deep_combined_attn_3x16,fc,5,1.300000,0.3330387479489969,0.3330383266483743
deep_combined_attn_3x16,fc,5,1.325000,0.32122729667114647,0.32122679159448314
deep_combined_attn_3x16,fc,5,1.350000,0.3097785154708038,0.30977793534049813
deep_combined_attn_3x16,fc,5,1.375000,0.29868961678905903,0.2986889701102368
deep_combined_attn_3x16,fc,5,1.400000,0.2879568782975821,0.2879561732835211
deep_combined_attn_3x16,fc,5,1.425000,0.27757574427076803,0.277574988782547
deep_combined_attn_3x16,fc,5,1.450000,0.26754092275682395,0.26754012425636026
deep_combined_attn_3x16,fc,5,1.475000,0.2578464780609784,0.25784564357642004
deep_combined_attn_3x16,fc,5,1.500000,0.24848591817740096,0.24848505427970202
deep_combined_attn_3x16,fc,5,1.525000,0.23945227691832371,0.2394513897077521
deep_combined_attn_3x16,fc,5,1.550000,0.23073819058876377,0.2307372856900662
deep_combined_attn_3x16,fc,5,1.575000,0.22233596914309572,0.2223350517080542
deep_combined_attn_3x16,fc,5,1.600000,0.2142376618356886,0.2142367365518528
deep_combined_attn_3x16,fc,5,1.625000,0.20643511744235754,0.20643418854680623
deep_combined_attn_3x16,fc,5,1.650000,0.19892003918313206,0.198919110480207
deep_combined_attn_3x16,fc,5,1.675000,0.19168403452053906,0.19168310940259609
deep_combined_attn_3x16,fc,5,1.700000,0.1847186600421462,0.1847177415124742
deep_combined_attn_3x16,fc,5,1.725000,0.1780154616623557,0.17801455235952063
deep_combined_attn_3x16,fc,5,1.750000,0.1715660103973362,0.1715651126203154
deep_combined_attn_3x16,fc,5,1.775000,0.16536193397942056,0.16536104971299231
deep_combined_attn_3x16,fc,5,1.800000,0.15939494458417114,0.15939407552411586
deep_combined_attn_3x16,fc,5,1.825000,0.15365686294541503,0.1536560105231757
deep_combined_attn_3x16,fc,5,1.850000,0.14813963913171535,0.14813880453823608
deep_combined_attn_3x16,fc,5,1.875000,0.1428353702526206,0.14283455446115373
deep_combined_attn_3x16,fc,5,1.900000,0.13773631535529063,0.13773551914301999
deep_combined_attn_3x16,fc,5,1.925000,0.13283490776230578,0.13283413173068498
deep_combined_attn_3x16,fc,5,1.950000,0.12812376509013468,0.12812300968388157
deep_combined_attn_3x16,fc,5,1.975000,0.12359569717528085,0.12359496270000238
deep_combined_attn_3x16,fc,5,2.000000,0.11924371212195684,0.11924299876040963
deep_combined_attn_3x16,fc,5,2.025000,0.11506102067153734,0.11506032849854929
deep_combined_attn_3x16,fc,5,2.050000,0.11104103908031304,0.11104036807640862
deep_combined_attn_3x16,fc,5,2.075000,0.10717739067839771,0.10717674074218457
deep_combined_attn_3x16,fc,5,2.100000,0.10346390626922541,0.10346327722860513
deep_combined_attn_3x16,fc,5,2.125000,0.09989462351605449,0.09989401513832925
deep_combined_attn_3x16,fc,5,2.150000,0.09646378544935774,0.09646319745030717
deep_combined_attn_3x16,fc,5,2.175000,0.09316583821702229,0.09316527026902503
deep_combined_attn_3x16,fc,5,2.200000,0.08999542818796247,0.08999487992723759
deep_combined_attn_3x16,fc,5,2.225000,0.08694739850907462,0.08694686954211561
deep_combined_attn_3x16,fc,5,2.250000,0.08401678520548839,0.0840162751147613
deep_combined_attn_3x16,fc,5,2.275000,0.08119881290478059,0.08119832125375193
deep_combined_attn_3x16,fc,5,2.300000,0.07848889025718819,0.07848841659474731
deep_combined_attn_3x16,fc,5,2.325000,0.07588260511592837,0.07588214898026313
deep_combined_attn_3x16,fc,5,2.350000,0.07337571953442212,0.07337528045640314
deep_combined_attn_3x16,fc,5,2.375000,0.07096416463052813,0.0709637421366524
deep_combined_attn_3x16,fc,5,2.400000,0.06864403536180708,0.06864362897674837
deep_combined_attn_3x16,fc,5,2.425000,0.0664115852502869,0.06641119449909502
deep_combined_attn_3x16,fc,5,2.450000,0.06426322109017757,0.06426284550016602
deep_combined_attn_3x16,fc,5,2.475000,0.06219549766745536,0.06219513676981234
deep_combined_attn_3x16,fc,5,2.500000,0.060205112516147796,0.060204765847302694
deep_combined_attn_3x16,fc,5,2.525000,0.05828890073249382,0.05828856783526772
deep_combined_attn_3x16,fc,5,2.550000,0.056443829864867734,0.05644351028943357
deep_combined_attn_3x16,fc,5,2.575000,0.0546669948944426,0.05466668819911841
deep_combined_attn_3x16,fc,5,2.600000,0.05295561331895948,0.05295531907085509
deep_combined_attn_3x16,fc,5,2.625000,0.05130702034967349,0.05130673812520908
deep_combined_attn_3x16,fc,5,2.650000,0.04971866422950677,0.04971839361481907
deep_combined_attn_3x16,fc,5,2.675000,0.048188101678651285,0.048187842269903004
deep_combined_attn_3x16,fc,5,2.700000,0.04671299347229385,0.046712744875897896
deep_combined_attn_3x16,fc,5,2.725000,0.04529110015376003,0.045290861986530255
deep_combined_attn_3x16,fc,5,2.750000,0.0439202778851846,0.04392004977442389
deep_combined_attn_3x16,fc,5,2.775000,0.042598474436779554,0.04259825602031256
deep_combined_attn_3x16,fc,5,2.800000,0.04132372531488682,0.04132351624104625
deep_combined_attn_3x16,fc,5,2.825000,0.040094150028235465,0.04009394995580804
deep_combined_attn_3x16,fc,5,2.850000,0.038907948491177735,0.03890775708931617
deep_combined_attn_3x16,fc,5,2.875000,0.03776339756213165,0.037763214510238105
deep_combined_attn_3x16,fc,5,2.900000,0.0366588477150096,0.036658672702594416
deep_combined_attn_3x16,fc,5,2.925000,0.03559271984101997,0.03559255256754023
deep_combined_attn_3x16,fc,5,2.950000,0.034563502177934136,0.034563342352615975
deep_combined_attn_3x16,fc,5,2.975000,0.03356974736366303,0.03356959470530945
deep_combined_attn_3x16,fc,5,3.000000,0.03261006961079005,0.03260992384757856
deep_combined_attn_3x16,fc,5,3.025000,0.0316831419985697,0.03168300286784069
deep_combined_attn_3x16,fc,5,3.050000,0.03078769387878899,0.030787561126827977
deep_combined_attn_3x16,fc,5,3.075000,0.029922508391828972,0.02992238177364323
deep_combined_attn_3x16,fc,5,3.100000,0.029086420089214138,0.02908629936830695
deep_combined_attn_3x16,fc,5,3.125000,0.0282783126589361,0.028278197607078143
deep_combined_attn_3x16,fc,5,3.150000,0.02749711674983779,0.02749700714683811
deep_combined_attn_3x16,fc,5,3.175000,0.026741807891384584,0.02674170352486146
deep_combined_attn_3x16,fc,5,3.200000,0.026011404505179803,0.026011305170332698
deep_combined_attn_3x16,fc,5,3.225000,0.025304966004652374,0.025304871504035504
deep_combined_attn_3x16,fc,5,3.250000,0.024621590979407304,0.024621501122705596
deep_combined_attn_3x16,fc,5,3.275000,0.02396041546080785,0.02396033006461559
deep_combined_attn_3x16,fc,5,3.300000,0.02332061126544316,0.02332053015304608
deep_combined_attn_3x16,fc,5,3.325000,0.022701384413229775,0.022701307414390606
deep_combined_attn_3x16,fc,5,3.350000,0.022101973616983073,0.022101900567731217
deep_combined_attn_3x16,fc,5,3.375000,0.02152164884039609,0.02152157958282148
deep_combined_attn_3x16,fc,5,3.400000,0.020959709921469116,0.020959644303520642
deep_combined_attn_3x16,fc,5,3.425000,0.02041548525851944,0.020415423133807592
deep_combined_attn_3x16,fc,5,3.450000,0.019888330556017686,0.019888271783622076
deep_combined_attn_3x16,fc,5,3.475000,0.019377627627586547,0.019377572071868618
deep_combined_attn_3x16,fc,5,3.500000,0.01888278325360715,0.018882730784027312
deep_combined_attn_3x16,fc,5,3.525000,0.018403228090969725,0.01840317858190917
deep_combined_attn_3x16,fc,5,3.550000,0.01793841563260523,0.017938368963193514
deep_combined_attn_3x16,fc,5,3.575000,0.01748782121453596,0.017487777268482583
deep_combined_attn_3x16,fc,5,3.600000,0.017050941068264103,0.017050899733695963
deep_combined_attn_3x16,fc,5,3.625000,0.016627291416423384,0.01662725258572584
deep_combined_attn_3x16,fc,5,3.650000,0.016216407609692896,0.01621637117935688
deep_combined_attn_3x16,fc,5,3.675000,0.015817843303068235,0.015817809173541454
deep_combined_attn_3x16,fc,5,3.700000,0.015431169669667733,0.015431137745210538
deep_combined_attn_3x16,fc,5,3.725000,0.015055974650321602,0.015055944838867765
deep_combined_attn_3x16,fc,5,3.750000,0.014691862237286246,0.014691834450308115
deep_combined_attn_3x16,fc,5,3.775000,0.014338451790485318,0.014338425942863312
deep_combined_attn_3x16,fc,5,3.800000,0.013995377384760976,0.013995353394657682
deep_combined_attn_3x16,fc,5,3.825000,0.013662287186683164,0.013662264975421378
deep_combined_attn_3x16,fc,5,3.850000,0.01333884285953535,0.013338822351480577
deep_combined_attn_3x16,fc,5,3.875000,0.01302471899515334,0.0130247001176001
deep_combined_attn_3x16,fc,5,3.900000,0.012719602571363842,0.012719585254425991
deep_combined_attn_3x16,fc,5,3.925000,0.012423192433815844,0.012423176610320625
deep_combined_attn_3x16,fc,5,3.950000,0.012135198801067837,0.012135184406454037
deep_combined_attn_3x16,fc,5,3.975000,0.011855342791836088,0.011855329764055456
deep_combined_attn_3x16,fc,5,4.000000,0.011583355973371012,0.011583344252793145
deep_combined_attn_3x16,fc,5,4.025000,0.011318979929964113,0.011318969459285231
deep_combined_attn_3x16,fc,5,4.050000,0.01106196585065189,0.011061956574806305
deep_combined_attn_3x16,fc,5,4.075000,0.010812074135213234,0.010812066001288487
deep_combined_attn_3x16,fc,5,4.100000,0.010569074017608537,0.010569066974763647
deep_combined_attn_3x16,fc,5,4.125000,0.010332743206045492,0.010332737205431649
deep_combined_attn_3x16,fc,5,4.150000,0.010102867538895666,0.010102862533580738
deep_combined_attn_3x16,fc,5,4.175000,0.009879240655726207,0.009879236600621332
deep_combined_attn_3x16,fc,5,4.200000,0.009661663682742794,0.009661660534531725
deep_combined_attn_3x16,fc,5,4.225000,0.009449944931973264,0.009449942649044966
deep_combined_attn_3x16,fc,5,4.250000,0.009243899613558648,0.009243898155941826
deep_combined_attn_3x16,fc,5,4.275000,0.009043349560541536,0.00904334888984183
deep_combined_attn_3x16,fc,5,4.300000,0.008848122965577687,0.008848123044917012
deep_combined_attn_3x16,fc,5,4.325000,0.008658054129019321,0.00865805492297805
deep_combined_attn_3x16,fc,5,4.350000,0.008472983217847063,0.008472984692407837
deep_combined_attn_3x16,fc,5,4.375000,0.00829275603495494,0.008292758157448845
deep_combined_attn_3x16,fc,5,4.400000,0.008117223798308149,0.008117226537362866
deep_combined_attn_3x16,fc,5,4.425000,0.0079462429295315,0.007946246255021595
deep_combined_attn_3x16,fc,5,4.450000,0.007779674851486784,0.007779678734485535
deep_combined_attn_3x16,fc,5,4.475000,0.007617385794442044,0.007617390207175521
deep_combined_attn_3x16,fc,5,4.500000,0.007459246610432291,0.00745925152623505
deep_combined_attn_3x16,fc,5,4.525000,0.0073051325954469615,0.007305137988719207
deep_combined_attn_3x16,fc,5,4.550000,0.007154923319088402,0.007154929165255192
deep_combined_attn_3x16,fc,5,4.575000,0.0070085024613634195,0.007008508736834862
deep_combined_attn_3x16,fc,5,4.600000,0.006865757656290938,0.006865764338424728
deep_combined_attn_3x16,fc,5,4.625000,0.006726580342012789,0.006726587409077422
deep_combined_attn_3x16,fc,5,4.650000,0.006590865617128849,0.006590873048268464
deep_combined_attn_3x16,fc,5,4.675000,0.006458512102961778,0.0064585198781628465
deep_combined_attn_3x16,fc,5,4.700000,0.00632942181150753,0.006329429911565912
deep_combined_attn_3x16,fc,5,4.725000,0.006203500018799213,0.006203508425289461
deep_combined_attn_3x16,fc,5,4.750000,0.006080655143463232,0.006080663838708088
deep_combined_attn_3x16,fc,5,4.775000,0.005960798630223585,0.005960807597265741
deep_combined_attn_3x16,fc,5,4.800000,0.005843844838144929,0.005843854060718774
deep_combined_attn_3x16,fc,5,4.825000,0.005729710933407572,0.005729720395912886
deep_combined_attn_3x16,fc,5,4.850000,0.005618316786405342,0.005618326473881569
deep_combined_attn_3x16,fc,5,4.875000,0.005509584872994799,0.0055095947710962845
deep_combined_attn_3x16,fc,5,4.900000,0.005403440179698071,0.005403450274670497
deep_combined_attn_3x16,fc,5,4.925000,0.005299810112699421,0.005299820391357137
deep_combined_attn_3x16,fc,5,4.950000,0.005198624410467145,0.00519863486017101
deep_combined_attn_3x16,fc,5,4.975000,0.005099815059843804,0.005099825668480255
deep_combined_attn_3x16,fc,5,5.000000,0.005003316215458353,0.005003326971419181
deep_combined_attn_3x16,fc,5,5.025000,0.004909064122314621,0.004909075014477372
deep_combined_attn_3x16,fc,5,5.050000,0.00481699704142291,0.004817008059132411
deep_combined_attn_3x16,fc,5,5.075000,0.004727055178346151,0.004727066311396233
deep_combined_attn_3x16,fc,5,5.100000,0.0046391806145302805,0.004639191853146637
deep_combined_attn_3x16,fc,5,5.125000,0.004553317241311694,0.004553328576135116
deep_combined_attn_3x16,fc,5,5.150000,0.004469410696476883,0.004469422118547324
deep_combined_attn_3x16,fc,5,5.175000,0.004387408303276663,0.0043874198040178055
deep_combined_attn_3x16,fc,5,5.200000,0.004307259011787301,0.0043072705829917705
deep_combined_attn_3x16,fc,5,5.225000,0.004228913342519736,0.004228924976334929
deep_combined_attn_3x16,fc,5,5.250000,0.004152323332187402,0.004152335021101629
deep_combined_attn_3x16,fc,5,5.275000,0.004077442481535742,0.004077454218365142
deep_combined_attn_3x16,fc,5,5.300000,0.004004225705158571,0.0040042374830345975
deep_combined_attn_3x16,fc,5,5.325000,0.003932629283208144,0.003932641095565119
deep_combined_attn_3x16,fc,5,5.350000,0.0038626108149278915,0.003862622655491328
deep_combined_attn_3x16,fc,5,5.375000,0.0037941291739324035,0.0037941410367080836
deep_combined_attn_3x16,fc,5,5.400000,0.0037271444651584273,0.003727156344421023
deep_combined_attn_3x16,fc,5,5.425000,0.0036616179834273455,0.003661629873710311
deep_combined_attn_3x16,fc,5,5.450000,0.00359751217354376,0.0035975240696294233
deep_combined_attn_3x16,fc,5,5.475000,0.0035347905918754474,0.003534802488785088
deep_combined_attn_3x16,fc,5,5.500000,0.003473417869352846,0.00347342976233753
deep_combined_attn_3x16,fc,5,5.525000,0.00341335967582701,0.0034133715603585552
deep_combined_attn_3x16,fc,5,5.550000,0.0033545826857391825,0.003354594557501852
deep_combined_attn_3x16,fc,5,5.575000,0.003297054545041256,0.003297066399923296
deep_combined_attn_3x16,fc,5,5.600000,0.003240743839324489,0.0032407556734100657
deep_combined_attn_3x16,fc,5,5.625000,0.003185620063101635,0.0031856318726634857
deep_combined_attn_3x16,fc,5,5.650000,0.0031316535902042864,0.003131665371696122
deep_combined_attn_3x16,fc,5,5.675000,0.0030788156452441484,0.003078827395293707
deep_combined_attn_3x16,fc,5,5.700000,0.0030270782761018244,0.003027089991503894
deep_combined_attn_3x16,fc,5,5.725000,0.002976414327399479,0.0029764260051096687
deep_combined_attn_3x16,fc,5,5.750000,0.002926797414919413,0.0029268090520475788
deep_combined_attn_3x16,fc,5,5.775000,0.002878201900935573,0.002878213494739797
deep_combined_attn_3x16,fc,5,5.800000,0.0028306028704152553,0.002830614418296118
deep_combined_attn_3x16,fc,5,5.825000,0.0027839761080635794,0.00278398760755835
deep_combined_attn_3x16,fc,5,5.850000,0.0027382980761764264,0.002738309524953898
deep_combined_attn_3x16,fc,5,5.875000,0.002693545893268312,0.00269355728912338
deep_combined_attn_3x16,fc,5,5.900000,0.0026496973134496615,0.002649708654298654
deep_combined_attn_3x16,fc,5,5.925000,0.0026067307065211764,0.0026067419903964785
deep_combined_attn_3x16,fc,5,5.950000,0.002564625038758983,0.0025646362638050363
deep_combined_attn_3x16,fc,5,5.975000,0.0025233598543675795,0.0025233710188360442
deep_combined_attn_3x16,fc,5,6.000000,0.0024829152575682745,0.002482926359813787
deep_dm_3x16,fx,,0.000000,1.0,1.0
deep_dm_3x16,fx,,0.025000,1.0001371728239068,1.0001371734503082
deep_dm_3x16,fx,,0.050000,1.0005484105997888,1.0005484131007953
deep_dm_3x16,fx,,0.075000,1.001232872677605,1.0012328782849313
deep_dm_3x16,fx,,0.100000,1.002189162748239,1.002189172660767
deep_dm_3x16,fx,,0.125000,1.0034153359531575,1.0034153513166864
deep_dm_3x16,fx,,0.150000,1.004908908741146,1.0049089306249135
deep_dm_3x16,fx,,0.175000,1.0066668713792877,1.0066669007499534
deep_dm_3x16,fx,,0.200000,1.0086857030012752,1.0086857406950527
deep_dm_3x16,fx,,0.225000,1.010961389053815,1.010961435747421
deep_dm_3x16,fx,,0.250000,1.0134894409815889,1.0134894971626558
deep_dm_3x16,fx,,0.275000,1.0162649179732646,1.0162649839108355
deep_dm_3x16,fx,,0.300000,1.0192824505755957,1.0192825262913066
deep_dm_3x16,fx,,0.325000,1.0225362659699102,1.022536351210436
deep_dm_3x16,fx,,0.350000,1.0260202146953157,1.0260203089066646
deep_dm_3x16,fx,,0.375000,1.0297277985958937,1.0297279009001115
deep_dm_3x16,fx,,0.400000,1.0336521997649084,1.0336523089397605
deep_dm_3x16,fx,,0.425000,1.0377863102576688,1.0377864247198565
deep_dm_3x16,fx,,0.450000,1.0421227623459843,1.0421228801384386
deep_dm_3x16,fx,,0.475000,1.0466539590910666,1.0466540778748243
deep_dm_3x16,fx,,0.500000,1.0513721050179898,1.0513722220691275
deep_dm_3x16,fx,,0.525000,1.05626923668334,1.056269348895353
deep_dm_3x16,fx,,0.550000,1.0613372529380667,1.061337356830009
deep_dm_3x16,fx,,0.575000,1.0665679446996987,1.0665680364302768
deep_dm_3x16,fx,,0.600000,1.0719530240616009,1.0719530994492863
deep_dm_3x16,fx,,0.625000,1.0774841525816166,1.0774842071307018
deep_dm_3x16,fx,,0.650000,1.0831529686080068,1.0831529975403624
deep_dm_3x16,fx,,0.675000,1.0889511135166947,1.0889511118088369
deep_dm_3x16,fx,,0.700000,1.0948702567503141,1.0948702191752313
deep_dm_3x16,fx,,0.725000,1.1009021195660984,1.1009020407391494
deep_dm_3x16,fx,,0.750000,1.107038497416064,1.1070383718441337
deep_dm_3x16,fx,,0.775000,1.1132712808990028,1.1132711030320084
deep_dm_3x16,fx,,0.800000,1.1195924752393396,1.119592239523111
deep_dm_3x16,fx,,0.825000,1.125994218262759,1.1259939191922888
deep_dm_3x16,fx,,0.850000,1.1324687968525409,1.1324684290245925
deep_dm_3x16,fx,,0.875000,1.1390086618836532,1.139008220047757
deep_dm_3x16,fx,,0.900000,1.1456064416437421,1.1456059207506675
deep_dm_3x16,fx,,0.925000,1.1522549537611957,1.152254349008086
deep_dm_3x16,fx,,0.950000,1.1589472156703784,1.1589465225418367
deep_dm_3x16,fx,,0.975000,1.1656764536529163,1.1656756679574736
deep_dm_3x16,fx,,1.000000,1.172436110501609,1.172435228403129
deep_dm_3x16,fx,,1.025000,1.1792198518600825,1.1792188699038115
deep_dm_3x16,fx,,1.050000,1.1860215712967885,1.1860204864298936
deep_dm_3x16,fx,,1.075000,1.1928353941764114,1.192834203762979
deep_dm_3x16,fx,,1.100000,1.1996556803951912,1.1996543822257886
deep_dm_3x16,fx,,1.125000,1.2064770260492201,1.2064756183452223
deep_dm_3x16,fx,,1.150000,1.2132942641064461,1.2132927455194251
deep_dm_3x16,fx,,1.175000,1.2201024641540088,1.220100833760554
deep_dm_3x16,fx,,1.200000,1.226896931292705,1.2268951885850992
deep_dm_3x16,fx,,1.225000,1.2336732042499214,1.2336713491231373
deep_dm_3x16,fx,,1.250000,1.2404270527813273,1.2404250855168273
deep_dm_3x16,fx,,1.275000,1.2471544744300973,1.2471523956769321
deep_dm_3x16,fx,,1.300000,1.2538516907104762,1.2538495014641662
deep_dm_3x16,fx,,1.325000,1.2605151427801724,1.2605128443598486
deep_dm_3x16,fx,,1.350000,1.2671414866634736,1.2671390806877225
deep_dm_3x16,fx,,1.375000,1.273727588084112,1.2737250764459462
deep_dm_3x16,fx,,1.400000,1.2802705169639008,1.2802679018052352
deep_dm_3x16,fx,,1.425000,1.2867675416399917,1.2867648253259727
deep_dm_3x16,fx,,1.450000,1.2932161228503676,1.2932133079438641
deep_dm_3x16,fx,,1.475000,1.2996139075339115,1.2996109967704328
deep_dm_3x16,fx,,1.500000,1.3059587224880898,1.3059557187513589
deep_dm_3x16,fx,,1.525000,1.3122485679240274,1.3122454742224083
deep_dm_3x16,fx,,1.550000,1.3184816109555506,1.3184784303994812
deep_dm_3x16,fx,,1.575000,1.324656179055621,1.3246529148361825
deep_dm_3x16,fx,,1.600000,1.330770753510559,1.330767408879276
deep_dm_3x16,fx,,1.625000,1.3368239628995164,1.3368205411494571
deep_dm_3x16,fx,,1.650000,1.3428145766238522,1.3428110810720784
deep_dm_3x16,fx,,1.675000,1.3487414985084025,1.3487379324797883
deep_dm_3x16,fx,,1.700000,1.354603760494091,1.3546001273065218
deep_dm_3x16,fx,,1.725000,1.360400516438948,1.360396819389886
deep_dm_3x16,fx,,1.750000,1.3661310360423677,1.3661272783967613
deep_dm_3x16,fx,,1.775000,1.3717946989053282,1.3717908838848296
deep_dm_3x16,fx,,1.800000,1.3773909887373754,1.3773871195108214
deep_dm_3x16,fx,,1.825000,1.3829194877193522,1.3829155673944546
deep_dm_3x16,fx,,1.850000,1.3883798710292095,1.3883759026453952
deep_dm_3x16,fx,,1.875000,1.393771901536705,1.3937678880590432
deep_dm_3x16,fx,,1.900000,1.399095424671421,1.3990913689855675
deep_dm_3x16,fx,,1.925000,1.4043503634672496,1.4043462683753405
deep_dm_3x16,fx,,1.950000,1.4095367137853714,1.4095325820027964
deep_dm_3x16,fx,,1.975000,1.4146545397167238,1.4146503738697032
deep_dm_3x16,fx,,2.000000,1.41970396916402,1.4196997717879212
deep_dm_3x16,fx,,2.025000,1.4246851896025905,1.4246809631409094
deep_dm_3x16,fx,,2.050000,1.4295984440185663,1.4295941908225116
deep_dm_3x16,fx,,2.075000,1.4344440270223158,1.4344397493509262
deep_dm_3x16,fx,,2.100000,1.4392222811344773,1.4392179811552137
deep_dm_3x16,fx,,2.125000,1.4439335932414556,1.4439292730312083
deep_dm_3x16,fx,,2.150000,1.4485783912168575,1.4485740527633122
deep_dm_3x16,fx,,2.175000,1.4531571407049786,1.4531527859082907
deep_dm_3x16,fx,,2.200000,1.4576703420621857,1.4576659727369123
deep_dm_3x16,fx,,2.225000,1.4621185274517967,1.4621141453290472
deep_dm_3x16,fx,,2.250000,1.4665022580878881,1.4664978648176454
deep_dm_3x16,fx,,2.275000,1.470822121623312,1.470817718776893
deep_dm_3x16,fx,,2.300000,1.4750787296771024,1.475074318749721
deep_dm_3x16,fx,,2.325000,1.4792727154963987,1.479268297909802
deep_dm_3x16,fx,,2.350000,1.4834047317479606,1.483400308853113
deep_dm_3x16,fx,,2.375000,1.4874754484343617,1.4874710215141502
deep_dm_3x16,fx,,2.400000,1.491485550929949,1.491481121201892
deep_dm_3x16,fx,,2.425000,1.4954357381317072,1.4954313067506453
deep_dm_3x16,fx,,2.450000,1.4993267207202146,1.4993222887809725
deep_dm_3x16,fx,,2.475000,1.5031592195259602,1.5031547880659621
deep_dm_3x16,fx,,2.500000,1.5069339639963666,1.5069295339981974
deep_dm_3x16,fx,,2.525000,1.5106516907589715,1.5106472631528727
deep_dm_3x16,fx,,2.550000,1.5143131422763227,1.514308717942618
deep_dm_3x16,fx,,2.575000,1.5179190655882615,1.5179146453597039
deep_dm_3x16,fx,,2.600000,1.521470211137382,1.5214657958014208
deep_dm_3x16,fx,,2.625000,1.5249673316735954,1.5249629219745588
deep_dm_3x16,fx,,2.650000,1.5284111812338435,1.5284067778750356
deep_dm_3x16,fx,,2.675000,1.5318025141931482,1.5317981178388593
deep_dm_3x16,fx,,2.700000,1.5351420843833192,1.5351376956607474
deep_dm_3x16,fx,,2.725000,1.53843064427576,1.538426263776851
deep_dm_3x16,fx,,2.750000,1.5416689442249818,1.5416645725081797
deep_dm_3x16,fx,,2.775000,1.5448577317695258,1.5448533693614435
deep_dm_3x16,fx,,2.800000,1.5479977509871674,1.5479933983841754
deep_dm_3x16,fx,,2.825000,1.5510897419013807,1.5510853995711167
deep_dm_3x16,fx,,2.850000,1.554134439936179,1.5541301083189827
deep_dm_3x16,fx,,2.875000,1.5571325754165768,1.5571282549268526
deep_dm_3x16,fx,,2.900000,1.5600848731120422,1.5600805641395499
deep_dm_3x16,fx,,2.925000,1.5629920518204192,1.562987754731498
deep_dm_3x16,fx,,2.950000,1.5658548239899255,1.5658505391286572
deep_dm_3x16,fx,,2.975000,1.5686738953769515,1.5686696230662598
deep_dm_3x16,fx,,3.000000,1.5714499647374771,1.5714457052801694
deep_dm_3x16,fx,,3.025000,1.5741837235500455,1.5741794772298021
deep_dm_3x16,fx,,3.050000,1.5768758557683338,1.5768716228506432
deep_dm_3x16,fx,,3.075000,1.5795270376014519,1.5795228183344976
deep_dm_3x16,fx,,3.100000,1.5821379373202018,1.5821337319357038
deep_dm_3x16,fx,,3.125000,1.584709215087625,1.5847050238016365
deep_dm_3x16,fx,,3.150000,1.5872415228122458,1.587237345825908
deep_dm_3x16,fx,,3.175000,1.5897355040225032,1.5897313415227634
deep_dm_3x16,fx,,3.200000,1.592191793760957,1.592187645921248
deep_dm_3x16,fx,,3.225000,1.5946110184969118,1.5946068854777975
deep_dm_3x16,fx,,3.250000,1.5969937960561926,1.5969896780059818
deep_dm_3x16,fx,,3.275000,1.599340735566871,1.5993366326221994
deep_dm_3x16,fx,,3.300000,1.6016524374198033,1.601648349706187
deep_dm_3x16,fx,,3.325000,1.6039294932429131,1.6039254208752762
deep_dm_3x16,fx,,3.350000,1.606172485888211,1.6061684289713845
deep_dm_3x16,fx,,3.375000,1.6083819894305966,1.6083779480597964
deep_dm_3x16,fx,,3.400000,1.6105585691775504,1.6105545434388309
deep_dm_3x16,fx,,3.425000,1.6127027816888706,1.6126987716595576
deep_dm_3x16,fx,,3.450000,1.614815174805668,1.6148111805547691
deep_dm_3x16,fx,,3.475000,1.6168962876878616,1.6168923092764607
deep_dm_3x16,fx,,3.500000,1.6189466508594883,1.6189426883411182
deep_dm_3x16,fx,,3.525000,1.6209667862611552,1.6209628396821578
deep_dm_3x16,fx,,3.550000,1.6229572073090344,1.622953276708899
deep_dm_3x16,fx,,3.575000,1.6249184189597998,1.6249145043714908
deep_dm_3x16,fx,,3.600000,1.6268509177809833,1.6268470192312494
deep_dm_3x16,fx,,3.625000,1.628755192026227,1.6287513095359003
deep_dm_3x16,fx,,3.650000,1.6306317217149657,1.630627855299244
deep_dm_3x16,fx,,3.675000,1.632480978716085,1.632477128384804
deep_dm_3x16,fx,,3.700000,1.6343034268351484,1.6342995925930408
deep_dm_3x16,fx,,3.725000,1.6360995219047938,1.6360957037517374
deep_dm_3x16,fx,,3.750000,1.637869711877945,1.6378659098091999
deep_dm_3x16,fx,,3.775000,1.6396144369234922,1.6396106509299275
deep_dm_3x16,fx,,3.800000,1.64133412952413,1.641330359592442
deep_dm_3x16,fx,,3.825000,1.643029214576057,1.6430254606889751
deep_dm_3x16,fx,,3.850000,1.6447001094902602,1.6446963716267469
deep_dm_3x16,fx,,3.875000,1.6463472242951338,1.6463435024305744
deep_dm_3x16,fx,,3.900000,1.6479709617401923,1.6479672558465768
deep_dm_3x16,fx,,3.925000,1.6495717174006583,1.6495680274467555
deep_dm_3x16,fx,,3.950000,1.6511498797827209,1.651146205734246
deep_dm_3x16,fx,,3.975000,1.6527058304292817,1.6527021722490547
deep_dm_3x16,fx,,4.000000,1.654239944026,1.654236301674099
deep_dm_3x16,fx,,4.025000,1.655752588507492,1.6557489619413992
deep_dm_3x16,fx,,4.050000,1.6572441251635217,1.6572405143382634
deep_dm_3x16,fx,,4.075000,1.6587149087450554,1.6587113136133356
deep_dm_3x16,fx,,4.100000,1.6601652875700474,1.6601617080823763
deep_dm_3x16,fx,,4.125000,1.6615956036288428,1.6615920397336599
deep_dm_3x16,fx,,4.150000,1.6630061926890953,1.663002644332885
deep_dm_3x16,fx,,4.175000,1.6643973844000908,1.6643938515274967
deep_dm_3x16,fx,,4.200000,1.665769502396404,1.6657659849503361
deep_dm_3x16,fx,,4.225000,1.667122864400794,1.6671193623225302
deep_dm_3x16,fx,,4.250000,1.66845778232627,1.668454295555556
deep_dm_3x16,fx,,4.275000,1.6697745623772615,1.6697710908524037
deep_dm_3x16,fx,,4.300000,1.6710735051498322,1.6710700488077885
deep_dm_3x16,fx,,4.325000,1.6723549057308797,1.672351464507346
deep_dm_3x16,fx,,4.350000,1.6736190537962812,1.6736156276257725
deep_dm_3x16,fx,,4.375000,1.6748662337079296,1.6748628225238602
deep_dm_3x16,fx,,4.400000,1.6760967246096345,1.6760933283443924
deep_dm_3x16,fx,,4.425000,1.6773108005218442,1.6773074191068635
deep_dm_3x16,fx,,4.450000,1.6785087304351665,1.6785053638009961
deep_dm_3x16,fx,,4.475000,1.6796907784026562,1.6796874264790258
deep_dm_3x16,fx,,4.500000,1.6808572036308533,1.6808538663467358
deep_dm_3x16,fx,,4.525000,1.6820082605695494,1.682004937853222
deep_dm_3x16,fx,,4.550000,1.6831441990002705,1.6831408907793708
deep_dm_3x16,fx,,4.575000,1.6842652641234581,1.6842619703250405
deep_dm_3x16,fx,,4.600000,1.6853716966443486,1.685368417194935
deep_dm_3x16,fx,,4.625000,1.6864637328575307,1.6864604676831623
deep_dm_3x16,fx,,4.650000,1.6875416047301908,1.687538353756474
deep_dm_3x16,fx,,4.675000,1.6886055399840307,1.6886023031361845
deep_dm_3x16,fx,,4.700000,1.689655762175866,1.6896525393787643
deep_dm_3x16,fx,,4.725000,1.6906924907769012,1.6906892819551151
deep_dm_3x16,fx,,4.750000,1.6917159412506886,1.691712746328525
deep_dm_3x16,fx,,4.775000,1.6927263251297688,1.69272314403131
deep_dm_3x16,fx,,4.800000,1.6937238500910088,1.6937206827401463
deep_dm_3x16,fx,,4.825000,1.694708720029633,1.6947055663501032
deep_dm_3x16,fx,,4.850000,1.6956811351319643,1.695677995047382
deep_dm_3x16,fx,,4.875000,1.6966412919468843,1.6966381653807714
deep_dm_3x16,fx,,4.900000,1.6975893834560127,1.6975862703318307
deep_dm_3x16,fx,,4.925000,1.6985255991426331,1.6985224993838095
deep_dm_3x16,fx,,4.950000,1.6994501250593632,1.6994470385893194
deep_dm_3x16,fx,,4.975000,1.7003631438945908,1.7003600706367672
deep_dm_3x16,fx,,5.000000,1.7012648350376844,1.701261774915565
deep_dm_3x16,fx,,5.025000,1.702155374642994,1.7021523275801298
deep_dm_3x16,fx,,5.050000,1.703034935692658,1.7030319016126885
deep_dm_3x16,fx,,5.075000,1.7039036880582266,1.7039006668849015
deep_dm_3x16,fx,,5.100000,1.704761798561124,1.7047587902183228
deep_dm_3x16,fx,,5.125000,1.7056094310319572,1.7056064354437073
deep_dm_3x16,fx,,5.150000,1.7064467463686925,1.7064437634591885
deep_dm_3x16,fx,,5.175000,1.707273902593715,1.7072709322873345
deep_dm_3x16,fx,,5.200000,1.7080910549097865,1.708088097131107
deep_dm_3x16,fx,,5.225000,1.7088983557549176,1.7088954104287313
deep_dm_3x16,fx,,5.250000,1.7096959548561732,1.7096930219075017
deep_dm_3x16,fx,,5.275000,1.7104839992824261,1.7104810786365339
deep_dm_3x16,fx,,5.300000,1.711262633496075,1.711259725078483
deep_dm_3x16,fx,,5.325000,1.7120319994037476,1.7120291031402441
deep_dm_3x16,fx,,5.350000,1.7127922364059993,1.7127893522226525
deep_dm_3x16,fx,,5.375000,1.71354348144603,1.7135406092691985
deep_dm_3x16,fx,,5.400000,1.7142858690574325,1.714283008813776
deep_dm_3x16,fx,,5.425000,1.7150195314109922,1.7150166830274802
deep_dm_3x16,fx,,5.450000,1.7157445983605502,1.7157417617644724
deep_dm_3x16,fx,,5.475000,1.7164611974879516,1.7164583726069251
deep_dm_3x16,fx,,5.500000,1.7171694541470912,1.7171666409090691
deep_dm_3x16,fx,,5.525000,1.7178694915070751,1.717866689840354
deep_dm_3x16,fx,,5.550000,1.718561430594514,1.7185586404277413
deep_dm_3x16,fx,,5.575000,1.719245390334965,1.7192426115971444
deep_dm_3x16,fx,,5.600000,1.7199214875935354,1.719918720214034
deep_dm_3x16,fx,,5.625000,1.7205898372146664,1.7205870811232205
deep_dm_3x16,fx,,5.650000,1.7212505520611128,1.721247807187832
deep_dm_3x16,fx,,5.675000,1.7219037430521318,1.7219010093275047
deep_dm_3x16,fx,,5.700000,1.7225495192008955,1.7225467965557948
deep_dm_3x16,fx,,5.725000,1.7231879876511493,1.7231852760168345
deep_dm_3x16,fx,,5.750000,1.7238192537131187,1.7238165530212408
deep_dm_3x16,fx,,5.775000,1.7244434208986896,1.7244407310812953
deep_dm_3x16,fx,,5.800000,1.7250605909558747,1.725057911945408
deep_dm_3x16,fx,,5.825000,1.7256708639025726,1.7256681956318787
deep_dm_3x16,fx,,5.850000,1.7262743380596444,1.7262716804619718
deep_dm_3x16,fx,,5.875000,1.7268711100833125,1.7268684630923166
deep_dm_3x16,fx,,5.900000,1.7274612749969036,1.727458638546647
deep_dm_3x16,fx,,5.925000,1.728044926221939,1.7280423002468948
deep_dm_3x16,fx,,5.950000,1.728622155608596,1.728619540043648
deep_dm_3x16,fx,,5.975000,1.729193053465543,1.7291904482459888
deep_dm_3x16,fx,,6.000000,1.7297577085891724,1.7297551136507232
deep_dm_3x16,fc,0.5,0.000000,0.9999961712608586,0.9999961712608588
deep_dm_3x16,fc,0.5,0.025000,0.9983586613019458,0.9983586646344352
deep_dm_3x16,fc,0.5,0.050000,0.9934854238917361,0.9934854371990305
deep_dm_3x16,fc,0.5,0.075000,0.9854913277778129,0.9854913576191164
deep_dm_3x16,fc,0.5,0.100000,0.9745582708678139,0.9745583236306017
deep_dm_3x16,fc,0.5,0.125000,0.960922404221537,0.9609224860044977
deep_dm_3x16,fc,0.5,0.150000,0.9448589361626989,0.9448590526338713
deep_dm_3x16,fc,0.5,0.175000,0.9266664116272094,0.9266665678644719
deep_dm_3x16,fc,0.5,0.200000,0.9066520869461275,0.906652287270015
deep_dm_3x16,fc,0.5,0.225000,0.8851195257835803,0.8851197735940066
deep_dm_3x16,fc,0.5,0.250000,0.8623589900903201,0.8623592877190294
deep_dm_3x16,fc,0.5,0.275000,0.8386407179187167,0.838641066508284
deep_dm_3x16,fc,0.5,0.300000,0.814210835526156,0.8142112349444125
deep_dm_3x16,fc,0.5,0.325000,0.7892894567700095,0.7892899055662282
deep_dm_3x16,fc,0.5,0.350000,0.7640704547046187,0.7640709501109981
deep_dm_3x16,fc,0.5,0.375000,0.7387224099093452,0.738722947888542
deep_dm_3x16,fc,0.5,0.400000,0.7133903091819825,0.7133908845188547
deep_dm_3x16,fc,0.5,0.425000,0.6881976568611966,0.6881982632946789
deep_dm_3x16,fc,0.5,0.450000,0.6632487495081706,0.663249379897375
deep_dm_3x16,fc,0.5,0.475000,0.6386309422746854,0.6386315887919551
deep_dm_3x16,fc,0.5,0.500000,0.614416797774032,0.614417452116793
deep_dm_3x16,fc,0.5,0.525000,0.5906660553976949,0.5906667090105318
deep_dm_3x16,fc,0.5,0.550000,0.5674273925865344,0.5674280368849434
deep_dm_3x16,fc,0.5,0.575000,0.5447399721506235,0.5447405987383155
deep_dm_3x16,fc,0.5,0.600000,0.5226347839584686,0.5226353848308631
deep_dm_3x16,fc,0.5,0.625000,0.501135797488023,0.5011363652156074
deep_dm_3x16,fc,0.5,0.650000,0.480260945709429,0.4802614735958944
deep_dm_3x16,fc,0.5,0.675000,0.46002296197147396,0.46002344418289265
deep_dm_3x16,fc,0.5,0.700000,0.44043009102521746,0.4404305226879344
deep_dm_3x16,fc,0.5,0.725000,0.4214866937669539,0.4214870710332323
deep_dm_3x16,fc,0.5,0.750000,0.40319376321320655,0.4031940832949596
deep_dm_3x16,fc,0.5,0.775000,0.3855493669573913,0.38554962812948085
deep_dm_3x16,fc,0.5,0.800000,0.36854902910553355,0.36854923068108175
deep_dm_3x16,fc,0.5,0.825000,0.3521860625685824,0.35218620484951263
deep_dm_3x16,fc,0.5,0.850000,0.3364518606676348,0.3364519448742073
deep_dm_3x16,fc,0.5,0.875000,0.32133615531548076,0.3213361834989273
deep_dm_3x16,fc,0.5,0.900000,0.3068272475799545,0.306827222522449
deep_dm_3x16,fc,0.5,0.925000,0.2929122152039203,0.2929121403100752
deep_dm_3x16,fc,0.5,0.950000,0.27957710063733665,0.2795769798212084
deep_dm_3x16,fc,0.5,0.975000,0.26680708230824846,0.2668069198795077
deep_dm_3x16,fc,0.5,1.000000,0.2545866311993169,0.25458643175180856
deep_dm_3x16,fc,0.5,1.025000,0.2428996542818309,0.24289942258726716
deep_dm_3x16,fc,0.5,1.050000,0.2317296259680126,0.23172936687701973
deep_dm_3x16,fc,0.5,1.075000,0.22105970845407164,0.22105942680628568
deep_dm_3x16,fc,0.5,1.100000,0.2108728616219212,0.21087256216631964
deep_dm_3x16,fc,0.5,1.125000,0.20115194302968353,0.20115163035586586
deep_dm_3x16,fc,0.5,1.150000,0.1918797984351257,0.1918794769158274
deep_dm_3x16,fc,0.5,1.175000,0.18303934324903526,0.18303901699379402
deep_dm_3x16,fc,0.5,1.200000,0.17461363529638552,0.1746133081159656
deep_dm_3x16,fc,0.5,1.225000,0.16658593926289422,0.16658561464383392
deep_dm_3x16,fc,0.5,1.250000,0.15893978321601387,0.15893946430447428
deep_dm_3x16,fc,0.5,1.275000,0.15165900760677098,0.15165869720073666
deep_dm_3x16,fc,0.5,1.300000,0.1447278071779312,0.14472750772673904
deep_dm_3x16,fc,0.5,1.325000,0.1381307662215373,0.13813047983167853
deep_dm_3x16,fc,0.5,1.350000,0.13185288764291647,0.13185261608906113
deep_dm_3x16,fc,0.5,1.375000,0.12587961629740851,0.1258793610376418
deep_dm_3x16,fc,0.5,1.400000,0.12019685706976557,0.12019661926408308
deep_dm_3x16,fc,0.5,1.425000,0.11479098816424671,0.11479076869543448
deep_dm_3x16,fc,0.5,1.450000,0.10964887006611368,0.1096486695622258
deep_dm_3x16,fc,0.5,1.475000,0.10475785062302145,0.10475766948076473
deep_dm_3x16,fc,0.5,1.500000,0.10010576667834192,0.10010560508677041
deep_dm_3x16,fc,0.5,1.525000,0.0956809426684786,0.09568080063249802
deep_dm_3x16,fc,0.5,1.550000,0.09147218657349365,0.09147206393676467
deep_dm_3x16,fc,0.5,1.575000,0.08746878358562904,0.08746868005254455
deep_dm_3x16,fc,0.5,1.600000,0.08366048783423485,0.08366040299072135
deep_dm_3x16,fc,0.5,1.625000,0.08003751247887148,0.08003744581183542
deep_dm_3x16,fc,0.5,1.650000,0.07659051845546727,0.07659046937076666
deep_dm_3x16,fc,0.5,1.675000,0.07331060213384799,0.07331056997272188
deep_dm_3x16,fc,0.5,1.700000,0.07018928211912834,0.07018926617305912
deep_dm_3x16,fc,0.5,1.725000,0.06721848540461162,0.06721848492863296
deep_dm_3x16,fc,0.5,1.750000,0.06439053306028142,0.06439054728477098
deep_dm_3x16,fc,0.5,1.775000,0.06169812561879151,0.0616981537598125
deep_dm_3x16,fc,0.5,1.800000,0.05913432830022558,0.059134369568493717
deep_dm_3x16,fc,0.5,1.825000,0.056692556197814103,0.05669260980638358
deep_dm_3x16,fc,0.5,1.850000,0.054366559529334224,0.05436662470009754
deep_dm_3x16,fc,0.5,1.875000,0.05215040904300694,0.05215048501211195
deep_dm_3x16,fc,0.5,1.900000,0.05003848165235081,0.050038567674637165
deep_dm_3x16,fc,0.5,1.925000,0.04802544636156214,0.0480255417141179
deep_dm_3x16,fc,0.5,1.950000,0.04610625053148787,0.04610635451642435
deep_dm_3x16,fc,0.5,1.975000,0.04427610652609071,0.04427621847262877
deep_dm_3x16,fc,0.5,2.000000,0.04253047877033522,0.042530598036290536
deep_dm_3x16,fc,0.5,2.025000,0.040865071242577544,0.04086519721532707
deep_dm_3x16,fc,0.5,2.050000,0.03927581541774583,0.03927594751474929
deep_dm_3x16,fc,0.5,2.075000,0.037758858671703366,0.03775899634064951
deep_dm_3x16,fc,0.5,2.100000,0.036310553152170355,0.03631069587080901
deep_dm_3x16,fc,0.5,2.125000,0.03492744511729118,0.03492759239300612
deep_dm_3x16,fc,0.5,2.150000,0.033606264739348246,0.033606416108520214
deep_dm_3x16,fc,0.5,2.175000,0.032343916368115955,0.032344071395319085
deep_dm_3x16,fc,0.5,2.200000,0.031137469245886784,0.03113762752295615
deep_dm_3x16,fc,0.5,2.225000,0.029984148664200183,0.029984309809202872
deep_dm_3x16,fc,0.5,2.250000,0.02888132755070949,0.028881491206847024
deep_dm_3x16,fc,0.5,2.275000,0.027826518473383688,0.027826684307850874
deep_dm_3x16,fc,0.5,2.300000,0.026817366048311864,0.026817533751129878
deep_dm_3x16,fc,0.5,2.325000,0.02585163973669591,0.025851809019539436
deep_dm_3x16,fc,0.5,2.350000,0.024927227016190545,0.024927397611219253
deep_dm_3x16,fc,0.5,2.375000,0.02404212691147556,0.024042298570184424
deep_dm_3x16,fc,0.5,2.400000,0.02319444386886893,0.02319461636096361
deep_dm_3x16,fc,0.5,2.425000,0.022382381959812903,0.022382555072118837
deep_dm_3x16,fc,0.5,2.450000,0.021604239398235525,0.021604412933645116
deep_dm_3x16,fc,0.5,2.475000,0.020858403357011834,0.020858577133474034
deep_dm_3x16,fc,0.5,2.500000,0.02014334506908233,0.020143518918636836
deep_dm_3x16,fc,0.5,2.525000,0.019457615199147904,0.019457788967005542
deep_dm_3x16,fc,0.5,2.550000,0.0187998394722817,0.01880001301595232
deep_dm_3x16,fc,0.5,2.575000,0.01816871454625435,0.018168887734721407
deep_dm_3x16,fc,0.5,2.600000,0.017563004114837244,0.017563176827779654
deep_dm_3x16,fc,0.5,2.625000,0.016981535229848133,0.016981707356906937
deep_dm_3x16,fc,0.5,2.650000,0.016423194830198606,0.016423366270288828
deep_dm_3x16,fc,0.5,2.675000,0.015886926466712636,0.01588709712737786
deep_dm_3x16,fc,0.5,2.700000,0.015371727211981323,0.015371897008789036
deep_dm_3x16,fc,0.5,2.725000,0.014876644745031364,0.014876813601008254
deep_dm_3x16,fc,0.5,2.750000,0.014400774601057154,0.014400942446161183
deep_dm_3x16,fc,0.5,2.775000,0.0139432575769588,0.01394342434758682
deep_dm_3x16,fc,0.5,2.800000,0.013503277283892001,0.0135034429224213
deep_dm_3x16,fc,0.5,2.825000,0.013080057838486536,0.013080222292847036
deep_dm_3x16,fc,0.5,2.850000,0.012672861684826953,0.012673024908103358
deep_dm_3x16,fc,0.5,2.875000,0.01228098753971274,0.012281149489774493
deep_dm_3x16,fc,0.5,2.900000,0.011903768454119557,0.011903929093276212
deep_dm_3x16,fc,0.5,2.925000,0.011540569984162974,0.0115407292788442
deep_dm_3x16,fc,0.5,2.950000,0.011190788465253121,0.011190946385711102
deep_dm_3x16,fc,0.5,2.975000,0.010853849383460235,0.010854005903492529
deep_dm_3x16,fc,0.5,3.000000,0.01052920583846717,0.010529360935159847
deep_dm_3x16,fc,0.5,3.025000,0.010216337092791905,0.010216490746280376
deep_dm_3x16,fc,0.5,3.050000,0.009914747202276475,0.00991489939552285
deep_dm_3x16,fc,0.5,3.075000,0.009623963723117024,0.00962411444170394
deep_dm_3x16,fc,0.5,3.100000,0.009343536490995508,0.009343685722933544
deep_dm_3x16,fc,0.5,3.125000,0.00907303646811719,0.009073184203666275
deep_dm_3x16,fc,0.5,3.150000,0.008812054654219637,0.00881220088572273
deep_dm_3x16,fc,0.5,3.175000,0.008560201057833061,0.00856034577956125
deep_dm_3x16,fc,0.5,3.200000,0.008317103724303165,0.008317246932311853
deep_dm_3x16,fc,0.5,3.225000,0.008082407817287196,0.008082549509281826
deep_dm_3x16,fc,0.5,3.250000,0.007855774750629152,0.007855914925840547
deep_dm_3x16,fc,0.5,3.275000,0.007636881367703907,0.007637020026771776
deep_dm_3x16,fc,0.5,3.300000,0.0074254191654911095,0.007425556310355653
deep_dm_3x16,fc,0.5,3.325000,0.007221093560804248,0.007221229194605152
deep_dm_3x16,fc,0.5,3.350000,0.007023623196250384,0.007023757323232783
deep_dm_3x16,fc,0.5,3.375000,0.006832739283644362,0.0068328719090709365
deep_dm_3x16,fc,0.5,3.400000,0.0066481849827280115,0.006648316112797191
deep_dm_3x16,fc,0.5,3.425000,0.00646971481318559,0.006469844454954951
deep_dm_3x16,fc,0.5,3.450000,0.0062970940980496826,0.006297222259364868
deep_dm_3x16,fc,0.5,3.475000,0.006130098436721965,0.006130225126150202
deep_dm_3x16,fc,0.5,3.500000,0.005968513205923065,0.005968638432691078
deep_dm_3x16,fc,0.5,3.525000,0.0058121330869957966,0.005812256860931846
deep_dm_3x16,fc,0.5,3.550000,0.005660761618077603,0.005660883949557558
deep_dm_3x16,fc,0.5,3.575000,0.005514210769737793,0.005514331669634566
deep_dm_3x16,fc,0.5,3.600000,0.005372300542772157,0.005372420022408773
deep_dm_3x16,fc,0.5,3.625000,0.005234858586909641,0.0052349766580150085
deep_dm_3x16,fc,0.5,3.650000,0.0051017198392703245,0.0051018365139386904
deep_dm_3x16,fc,0.5,3.675000,0.004972726181475373,0.0049728414721276004
deep_dm_3x16,fc,0.5,3.700000,0.004847726114377893,0.004847840033726076
deep_dm_3x16,fc,0.5,3.725000,0.004726574449439691,0.004726687010453871
deep_dm_3x16,fc,0.5,3.750000,0.004609132015841899,0.0046092432317188185
deep_dm_3x16,fc,0.5,3.775000,0.004495265382462699,0.004495375266596954
deep_dm_3x16,fc,0.5,3.800000,0.004384846593914471,0.00438495515987154
deep_dm_3x16,fc,0.5,3.825000,0.004277752919869537,0.004277860181360855
deep_dm_3x16,fc,0.5,3.850000,0.004173866616960065,0.00417397258781929
deep_dm_3x16,fc,0.5,3.875000,0.004073074702564683,0.004073179396726176
deep_dm_3x16,fc,0.5,3.900000,0.003975268739847437,0.003975372171325868
deep_dm_3x16,fc,0.5,3.925000,0.0038803446334441105,0.003880446816315581
deep_dm_3x16,fc,0.5,3.950000,0.0037882024352215993,0.0037883033836064225
deep_dm_3x16,fc,0.5,3.975000,0.003698746159580213,0.0036988458876262074
deep_dm_3x16,fc,0.5,4.000000,0.003611883607788413,0.0036119821296561735
deep_dm_3x16,fc,0.5,4.025000,0.003527526200871156,0.0035276235307199755
deep_dm_3x16,fc,0.5,4.050000,0.0034455888206050833,0.003445684972579932
deep_dm_3x16,fc,0.5,4.075000,0.0033659896581907933,0.0033660846464103494
deep_dm_3x16,fc,0.5,4.100000,0.003288650070204069,0.0032887439087498005
deep_dm_3x16,fc,0.5,4.125000,0.003213494441441811,0.0032135871443476484
deep_dm_3x16,fc,0.5,4.150000,0.003140450054313182,0.003140541635555781
deep_dm_3x16,fc,0.5,4.175000,0.00306944696442657,0.003069537437917249
deep_dm_3x16,fc,0.5,4.200000,0.003000417882063511,0.003000507261639546
deep_dm_3x16,fc,0.5,4.225000,0.0029332980592295943,0.002933386358647509
deep_dm_3x16,fc,0.5,4.250000,0.002868025182003575,0.002868112414932197
deep_dm_3x16,fc,0.5,4.275000,0.002804539267908912,0.0028046254479229715
deep_dm_3x16,fc,0.5,4.300000,0.002742782568057933,0.002742867708632816
deep_dm_3x16,fc,0.5,4.325000,0.0026826994738259335,0.0026827835883323843
deep_dm_3x16,fc,0.5,4.350000,0.002624236427823612,0.0026243195295232785
deep_dm_3x16,fc,0.5,4.375000,0.0025673418389605684,0.0025674239410017246
deep_dm_3x16,fc,0.5,4.400000,0.0025119660013855905,0.002512047116799274
deep_dm_3x16,fc,0.5,4.425000,0.0024580610171197614,0.0024581411588165073
deep_dm_3x16,fc,0.5,4.450000,0.0024055807221931014,0.0024056599029599174
deep_dm_3x16,fc,0.5,4.475000,0.0023544806161158727,0.0023545588486135268
deep_dm_3x16,fc,0.5,4.500000,0.0023047177945175745,0.002304795091278237
deep_dm_3x16,fc,0.5,4.525000,0.002256250884801969,0.0022563272582273074
deep_dm_3x16,fc,0.5,4.550000,0.0022090399846685926,0.002209115447027629
deep_dm_3x16,fc,0.5,4.575000,0.00216304660335942,0.002163121166787322
deep_dm_3x16,fc,0.5,4.600000,0.0021182336055061146,0.0021183072820026927
deep_dm_3x16,fc,0.5,4.625000,0.002074565157444308,0.0020746379588730468
deep_dm_3x16,fc,0.5,4.650000,0.002032006675881437,0.002032078613968704
deep_dm_3x16,fc,0.5,4.675000,0.001990524778804792,0.0019905958651390177
deep_dm_3x16,fc,0.5,4.700000,0.00195008723852097,0.0019501574845522565
deep_dm_3x16,fc,0.5,4.725000,0.001910662936728924,0.0019107323537686412
deep_dm_3x16,fc,0.5,4.750000,0.0018722218215276865,0.0018722904207485434
deep_dm_3x16,fc,0.5,4.775000,0.0018347348662699492,0.0018348026587054643
deep_dm_3x16,fc,0.5,4.800000,0.0017981740301721283,0.0017982410267173958
deep_dm_3x16,fc,0.5,4.825000,0.0017625122206026411,0.001762578432014152
deep_dm_3x16,fc,0.5,4.850000,0.0017277232569674617,0.0017277886938635106
deep_dm_3x16,fc,0.5,4.875000,0.0016937818361197898,0.0016938465089809934
deep_dm_3x16,fc,0.5,4.900000,0.0016606634992225588,0.0016607274183924714
deep_dm_3x16,fc,0.5,4.925000,0.0016283446000012747,0.001628407775686919
deep_dm_3x16,fc,0.5,4.950000,0.0015968022743164667,0.001596864716589041
deep_dm_3x16,fc,0.5,4.975000,0.0015660144110017926,0.0015660761297978003
deep_dm_3x16,fc,0.5,5.000000,0.0015359596239070683,0.001536020629028713
deep_dm_3x16,fc,0.5,5.025000,0.0015066172250931542,0.0015066775262095645
deep_dm_3x16,fc,0.5,5.050000,0.001477967199124297,0.0014780268057724868
deep_dm_3x16,fc,0.5,5.075000,0.0014499901784136293,0.0014500490999996532
deep_dm_3x16,fc,0.5,5.100000,0.0014226674195688682,0.0014227256653687938
deep_dm_3x16,fc,0.5,5.125000,0.0013959807806981361,0.0013960383598590484
deep_dm_3x16,fc,0.5,5.150000,0.0013699126996299382,0.0013699696211715122
deep_dm_3x16,fc,0.5,5.175000,0.0013444461730107715,0.001344502445826072
deep_dm_3x16,fc,0.5,5.200000,0.0013195647362371776,0.001319620369094148
deep_dm_3x16,fc,0.5,5.225000,0.0012952524441892654,0.0012953074457320137
deep_dm_3x16,fc,0.5,5.250000,0.0012714938527292885,0.0012715482314793827
deep_dm_3x16,fc,0.5,5.275000,0.0012482740009320814,0.0012483277652897444
deep_dm_3x16,fc,0.5,5.300000,0.0012255783940139375,0.0012256315522594916
deep_dm_3x16,fc,0.5,5.325000,0.001203392986934615,0.0012034455472299352
deep_dm_3x16,fc,0.5,5.350000,0.0011817041686369434,0.0011817561390265222
deep_dm_3x16,fc,0.5,5.375000,0.0011604987469028272,0.0011605501353155188
deep_dm_3x16,fc,0.5,5.400000,0.0011397639337938914,0.0011398147480441024
deep_dm_3x16,fc,0.5,5.425000,0.0011194873316572318,0.0011195375794464772
deep_dm_3x16,fc,0.5,5.450000,0.0010996569196679573,0.0010997066085859438
deep_dm_3x16,fc,0.5,5.475000,0.0010802610408875424,0.0010803101784139062
deep_dm_3x16,fc,0.5,5.500000,0.0010612883898167835,0.0010613369833224516
deep_dm_3x16,fc,0.5,5.525000,0.0010427280004230433,0.0010427760571714813
deep_dm_3x16,fc,0.5,5.550000,0.0010245692346189106,0.0010246167617677558
deep_dm_3x16,fc,0.5,5.575000,0.0010068017711779564,0.001006848775780092
deep_dm_3x16,fc,0.5,5.600000,0.0009894155950650463,0.0009894620840704305
deep_dm_3x16,fc,0.5,5.625000,0.0009724009871679984,0.000972446967424831
deep_dm_3x16,fc,0.5,5.650000,0.0009557485144126021,0.0009557939926686374
deep_dm_3x16,fc,0.5,5.675000,0.0009394490202422334,0.0009394940031462534
deep_dm_3x16,fc,0.5,5.700000,0.0009234936154529638,0.0009235381095562882
deep_dm_3x16,fc,0.5,5.725000,0.0009078736693661771,0.0009079176811237815
deep_dm_3x16,fc,0.5,5.750000,0.0008925808013235947,0.0008926243370957384
deep_dm_3x16,fc,0.5,5.775000,0.0008776068724966057,0.000877649938550017
deep_dm_3x16,fc,0.5,5.800000,0.0008629439779911374,0.0008629865805003556
deep_dm_3x16,fc,0.5,5.825000,0.0008485844392428499,0.0008486265842915688
deep_dm_3x16,fc,0.5,5.850000,0.0008345207966837798,0.0008345624902662513
deep_dm_3x16,fc,0.5,5.875000,0.0008207458026776582,0.0008207870506999125
deep_dm_3x16,fc,0.5,5.900000,0.0008072524147048066,0.0008072932229858862
deep_dm_3x16,fc,0.5,5.925000,0.0007940337887942794,0.0007940741630678401
deep_dm_3x16,fc,0.5,5.950000,0.0007810832731892647,0.0007811232191043099
deep_dm_3x16,fc,0.5,5.975000,0.0007683944022356393,0.0007684339253583744
deep_dm_3x16,fc,0.5,6.000000,0.0007559608904907922,0.0007559999963054072
deep_dm_3x16,fc,2,0.000000,0.9999979292399578,0.9999979292399579
deep_dm_3x16,fc,2,0.025000,0.9992960965851609,0.9992961010731113
deep_dm_3x16,fc,2,0.050000,0.9971948474733355,0.9971948653968338
deep_dm_3x16,fc,2,0.075000,0.9937068677434719,0.9937069079517921
deep_dm_3x16,fc,2,0.100000,0.9888530998218498,0.9888531709729896
deep_dm_3x16,fc,2,0.125000,0.9826624478596234,0.9826625583062567
deep_dm_3x16,fc,2,0.150000,0.9751713768133221,0.9751715344708285
deep_dm_3x16,fc,2,0.175000,0.9664234166208043,0.9664236288215278
deep_dm_3x16,fc,2,0.200000,0.956468584815524,0.95646885815437
deep_dm_3x16,fc,2,0.225000,0.9453627424773751,0.9453630826547406
deep_dm_3x16,fc,2,0.250000,0.9331668993065242,0.9331673109752425
deep_dm_3x16,fc,2,0.275000,0.9199464838404233,0.919946970463837
deep_dm_3x16,fc,2,0.300000,0.905770594466591,0.9057711581949571
deep_dm_3x16,fc,2,0.325000,0.8907112459988487,0.890711887570984
deep_dm_3x16,fc,2,0.350000,0.8748426252875198,0.8748433439638938
deep_dm_3x16,fc,2,0.375000,0.8582403677396723,0.8582411612720591
deep_dm_3x16,fc,2,0.400000,0.8409808648488843,0.8409817294902436
deep_dm_3x16,fc,2,0.425000,0.8231406109820757,0.8231415415386202
deep_dm_3x16,fc,2,0.450000,0.8047955958360826,0.8047965857616002
deep_dm_3x16,fc,2,0.475000,0.7860207472331595,0.7860217887637229
deep_dm_3x16,fc,2,0.500000,0.766889427327204,0.7668905116525188
deep_dm_3x16,fc,2,0.525000,0.747472983876626,0.7474741013425734
deep_dm_3x16,fc,2,0.550000,0.7278403570235584,0.72784149735908
deep_dm_3x16,fc,2,0.575000,0.7080577410059772,0.7080588935663934
deep_dm_3x16,fc,2,0.600000,0.6881882994113402,0.6881894534295714
deep_dm_3x16,fc,2,0.625000,0.6682919319415704,0.668293076778535
deep_dm_3x16,fc,2,0.650000,0.648425090178621,0.6484262155643347
deep_dm_3x16,fc,2,0.675000,0.6286406394941572,0.6286417357517053
deep_dm_3x16,fc,2,0.700000,0.608987764012624,0.6089888222581751
deep_dm_3x16,fc,2,0.725000,0.5895119113921085,0.589512923705394
deep_dm_3x16,fc,2,0.750000,0.570254774112407,0.570255733673549
deep_dm_3x16,fc,2,0.775000,0.5512543039381222,0.551255205128223
deep_dm_3x16,fc,2,0.800000,0.5325447562432312,0.5325455947076924
deep_dm_3x16,fc,2,0.825000,0.5141567609323404,0.5141575336073486
deep_dm_3x16,fc,2,0.850000,0.496117416765556,0.49611812186950627
deep_dm_3x16,fc,2,0.875000,0.4784504059836505,0.4784510429764151
deep_dm_3x16,fc,2,0.900000,0.46117612623499205,0.4611766957488485
deep_dm_3x16,fc,2,0.925000,0.44431183692373977,0.4443123406704296
deep_dm_3x16,fc,2,0.950000,0.42787181722918244,0.4278722578879763
deep_dm_3x16,fc,2,0.975000,0.4118675331882474,0.4118679142800541
deep_dm_3x16,fc,2,1.000000,0.39630781138662163,0.39630813713912205
deep_dm_3x16,fc,2,1.025000,0.38119901696792224,0.38119929217645976
deep_dm_3x16,fc,2,1.050000,0.3665452338438706,0.3665454637324295
deep_dm_3x16,fc,2,1.075000,0.35234844517001496,0.35234863525610427
deep_dm_3x16,fc,2,1.100000,0.3386087123393744,0.3386088683060421
deep_dm_3x16,fc,2,1.125000,0.3253243509382031,0.325324478515772
deep_dm_3x16,fc,2,1.150000,0.3124921023014634,0.31249220716094483
deep_dm_3x16,fc,2,1.175000,0.30010729949796366,0.3001073871574854
deep_dm_3x16,fc,2,1.200000,0.288164026763829,0.28816410250883695
deep_dm_3x16,fc,2,1.225000,0.27665527158555525,0.27665534040303363
deep_dm_3x16,fc,2,1.250000,0.26557306880804377,0.2655731353345545
deep_dm_3x16,fc,2,1.275000,0.2549086363067501,0.2549087047897165
deep_dm_3x16,fc,2,1.300000,0.244652501914708,0.24465257618608027
deep_dm_3x16,fc,2,1.325000,0.2347946214335248,0.234794704894746
deep_dm_3x16,fc,2,1.350000,0.22532448768156987,0.22532458329861285
deep_dm_3x16,fc,2,1.375000,0.2162312306420483,0.21623134094921204
deep_dm_3x16,fc,2,1.400000,0.2075037088683941,0.2075038359795181
deep_dm_3x16,fc,2,1.425000,0.19913059238462782,0.199130738010403
deep_dm_3x16,fc,2,1.450000,0.19110043738455307,0.19110060285465802
deep_dm_3x16,fc,2,1.475000,0.18340175308664985,0.18340193937552854
deep_dm_3x16,fc,2,1.500000,0.17602306114220412,0.17602326889740094
deep_dm_3x16,fc,2,1.525000,0.1689529480236469,0.16895317759573308
deep_dm_3x16,fc,2,1.550000,0.16218011083941242,0.16218036231265762
deep_dm_3x16,fc,2,1.575000,0.1556933970320361,0.15569367025510647
deep_dm_3x16,fc,2,1.600000,0.1494818384189034,0.14948213303498506
deep_dm_3x16,fc,2,1.625000,0.14353468003114633,0.1435349955070108
deep_dm_3x16,fc,2,1.650000,0.13784140419681679,0.13784173985045117
deep_dm_3x16,fc,2,1.675000,0.13239175030060946,0.13239210532712925
deep_dm_3x16,fc,2,1.700000,0.12717573063507737,0.12717610413072902
deep_dm_3x16,fc,2,1.725000,0.12218364273825777,0.12218403372238908
deep_dm_3x16,fc,2,1.750000,0.11740607859071017,0.11740648602565415
deep_dm_3x16,fc,2,1.775000,0.1128339310218176,0.11283435383068481
deep_dm_3x16,fc,2,1.800000,0.10845839765133114,0.1084588347337509
deep_dm_3x16,fc,2,1.825000,0.10427098266810453,0.1042714329139894
deep_dm_3x16,fc,2,1.850000,0.10026349672409307,0.10026395902552457
deep_dm_3x16,fc,2,1.875000,0.09642805519833475,0.09642852845968962
deep_dm_3x16,fc,2,1.900000,0.09275707506303732,0.09275755820948363
deep_dm_3x16,fc,2,1.925000,0.08924327056225712,0.08924376254675773
deep_dm_3x16,fc,2,1.950000,0.08587964789309599,0.08588014770206033
deep_dm_3x16,fc,2,1.975000,0.08265949905999459,0.08266000571771653
deep_dm_3x16,fc,2,2.000000,0.07957639505457448,0.07957690762659296
deep_dm_3x16,fc,2,2.025000,0.07662417849664904,0.07662469609216203
deep_dm_3x16,fc,2,2.050000,0.07379695585645152,0.0737974776299044
deep_dm_3x16,fc,2,2.075000,0.07108908936381986,0.07108961451578498
deep_dm_3x16,fc,2,2.100000,0.06849518869698223,0.06849571647443305
deep_dm_3x16,fc,2,2.125000,0.06601010253166606,0.06601063222774378
deep_dm_3x16,fc,2,2.150000,0.06362891002044957,0.06362944097380911
deep_dm_3x16,fc,2,2.175000,0.061346912262516984,0.06134744385632948
deep_dm_3x16,fc,2,2.200000,0.05915962381520978,0.05916015547589158
deep_dm_3x16,fc,2,2.225000,0.05706276429091783,0.05706329548664664
deep_dm_3x16,fc,2,2.250000,0.0550522500758559,0.05505278031492643
deep_dm_3x16,fc,2,2.275000,0.05312418620104242,0.05312471503010885
deep_dm_3x16,fc,2,2.300000,0.05127485839030854,0.0512753853925513
deep_dm_3x16,fc,2,2.325000,0.04950072530530647,0.049501250098557395
deep_dm_3x16,fc,2,2.350000,0.04779841100323601,0.047798933238089425
deep_dm_3x16,fc,2,2.375000,0.046164697619290984,0.046165216977224074
deep_dm_3x16,fc,2,2.400000,0.04459651828258926,0.044597034474109544
deep_dm_3x16,fc,2,2.425000,0.04309095027156029,0.04309146303439602
deep_dm_3x16,fc,2,2.450000,0.04164520841234087,0.04164571750968536
deep_dm_3x16,fc,2,2.475000,0.04025663872168317,0.040257143940502574
deep_dm_3x16,fc,2,2.500000,0.03892271229411404,0.038923213443524764
deep_dm_3x16,fc,2,2.525000,0.03764101943160947,0.03764151634132921
deep_dm_3x16,fc,2,2.550000,0.03640926401280831,0.036409756531684365
deep_dm_3x16,fc,2,2.575000,0.03522525809776922,0.03522574609238472
deep_dm_3x16,fc,2,2.600000,0.03408691676342657,0.034087400116785065
deep_dm_3x16,fc,2,2.625000,0.03299225316423826,0.03299273177452561
deep_dm_3x16,fc,2,2.650000,0.03193937381197709,0.03193984759139919
deep_dm_3x16,fc,2,2.675000,0.03092647406821014,0.030926942941904803
deep_dm_3x16,fc,2,2.700000,0.029951833842712272,0.029952297747731768
deep_dm_3x16,fc,2,2.725000,0.029013813490850193,0.02901427237521226
deep_dm_3x16,fc,2,2.750000,0.02811084990283108,0.02811130372463498
deep_dm_3x16,fc,2,2.775000,0.027241452777665764,0.027241901504269916
deep_dm_3x16,fc,2,2.800000,0.026404201074669453,0.026404644681927984
deep_dm_3x16,fc,2,2.825000,0.025597739635374372,0.025598178106928483
deep_dm_3x16,fc,2,2.850000,0.02482077596881027,0.024821209295431242
deep_dm_3x16,fc,2,2.875000,0.02407207719321025,0.024072505372191445
deep_dm_3x16,fc,2,2.900000,0.023350467127355556,0.023350890161948933
deep_dm_3x16,fc,2,2.925000,0.022654823524918877,0.022655241423814636
deep_dm_3x16,fc,2,2.950000,0.021984075445354523,0.02198448822219974
deep_dm_3x16,fc,2,2.975000,0.021337200755071506,0.021337608428025324
deep_dm_3x16,fc,2,3.000000,0.020713223752820253,0.020713626344142904
deep_dm_3x16,fc,2,3.025000,0.020111212913446974,0.020111610449121096
deep_dm_3x16,fc,2,3.050000,0.019530278744361862,0.019530671253741985
deep_dm_3x16,fc,2,3.075000,0.018969571749293812,0.018969959264783273
deep_dm_3x16,fc,2,3.100000,0.0184282804941176,0.01842866305087054
deep_dm_3x16,fc,2,3.125000,0.017905629769742082,0.01790600740538857
deep_dm_3x16,fc,2,3.150000,0.017400878847275036,0.01740125160166688
deep_dm_3x16,fc,2,3.175000,0.016913319820868522,0.01691368773584563
deep_dm_3x16,fc,2,3.200000,0.01644227603386761,0.016442639153041987
deep_dm_3x16,fc,2,3.225000,0.0159871005840706,0.015987458952627043
deep_dm_3x16,fc,2,3.250000,0.015547174904113614,0.01554752856862642
deep_dm_3x16,fc,2,3.275000,0.015121907413162106,0.015122256421425359
deep_dm_3x16,fc,2,3.300000,0.014710732236291713,0.014711076637163482
deep_dm_3x16,fc,2,3.325000,0.014313107988099705,0.014313447831357885
deep_dm_3x16,fc,2,3.350000,0.013928516617263909,0.013928851953473702
deep_dm_3x16,fc,2,3.375000,0.01355646230892582,0.013556793189317143
deep_dm_3x16,fc,2,3.400000,0.013196470441925734,0.013196796918281035
deep_dm_3x16,fc,2,3.425000,0.012848086598072683,0.012848408722622606
deep_dm_3x16,fc,2,3.450000,0.012510875620766804,0.012511193446095005
deep_dm_3x16,fc,2,3.475000,0.012184420720435574,0.012184734299390572
deep_dm_3x16,fc,2,3.500000,0.01186832262436599,0.011868632009980432
deep_dm_3x16,fc,2,3.525000,0.011562198768645393,0.011562504014061415
deep_dm_3x16,fc,2,3.550000,0.011265682530038235,0.011265983688439207
deep_dm_3x16,fc,2,3.575000,0.010978422495741214,0.010978719620289117
deep_dm_3x16,fc,2,3.600000,0.010700081769061232,0.010700374912838966
deep_dm_3x16,fc,2,3.625000,0.010430337309166204,0.010430626525124654
deep_dm_3x16,fc,2,3.650000,0.010168879303157241,0.010169164644067214
deep_dm_3x16,fc,2,3.675000,0.009915410568795968,0.00991569208720407
deep_dm_3x16,fc,2,3.700000,0.00966964598631348,0.009669923734501585
deep_dm_3x16,fc,2,3.725000,0.009431311957807331,0.009431585987756015
deep_dm_3x16,fc,2,3.750000,0.009200145892815259,0.009200416256170275
deep_dm_3x16,fc,2,3.775000,0.008975895718722482,0.008976162466764602
deep_dm_3x16,fc,2,3.800000,0.008758319414736482,0.008758582598353621
deep_dm_3x16,fc,2,3.825000,0.008547184568224453,0.00854744423788731
deep_dm_3x16,fc,2,3.850000,0.00834226795227866,0.008342524158018077
deep_dm_3x16,fc,2,3.875000,0.008143355123427232,0.008143607914814084
deep_dm_3x16,fc,2,3.900000,0.00795024003846967,0.007950489464597189
deep_dm_3x16,fc,2,3.925000,0.007762724689473588,0.007762970798941056
deep_dm_3x16,fc,2,3.950000,0.007580618756006574,0.007580861596905375
deep_dm_3x16,fc,2,3.975000,0.007403739273744825,0.007403978893646075
deep_dm_3x16,fc,2,4.000000,0.007231910318630352,0.0072321467645740005
deep_dm_3x16,fc,2,4.025000,0.007064962705795708,0.0070651960242810626
deep_dm_3x16,fc,2,4.050000,0.006902733702522923,0.00690296393950086
deep_dm_3x16,fc,2,4.075000,0.006745066754532458,0.006745293955398438
deep_dm_3x16,fc,2,4.100000,0.006591811224940458,0.00659203543452906
deep_dm_3x16,fc,2,4.125000,0.006442822145255933,0.0064430434078363
deep_dm_3x16,fc,2,4.150000,0.006297959977821566,0.006298178337093973
deep_dm_3x16,fc,2,4.175000,0.006157090389135922,0.006157305888229191
deep_dm_3x16,fc,2,4.200000,0.006020084033516504,0.006020296714986096
deep_dm_3x16,fc,2,4.225000,0.005886816346601265,0.005887026252428785
deep_dm_3x16,fc,2,4.250000,0.005757167348208525,0.005757374519800969
deep_dm_3x16,fc,2,4.275000,0.005631021454090446,0.005631225932281169
deep_dm_3x16,fc,2,4.300000,0.005508267296160274,0.005508469121209777
deep_dm_3x16,fc,2,4.325000,0.005388797550769486,0.005388996762367058
deep_dm_3x16,fc,2,4.350000,0.005272508774656126,0.005272705411922309
deep_dm_3x16,fc,2,4.375000,0.00515930124819064,0.005159495349679465
deep_dm_3x16,fc,2,4.400000,0.005049078825567599,0.005049270429270179
deep_dm_3x16,fc,2,4.425000,0.004941748791614131,0.004941937934961711
deep_dm_3x16,fc,2,4.450000,0.004837221724896423,0.004837408444764286
deep_dm_3x16,fc,2,4.475000,0.004735411366826425,0.004735595699538422
deep_dm_3x16,fc,2,4.500000,0.004636234496484093,0.00463641647781682
deep_dm_3x16,fc,2,4.525000,0.004539610810886385,0.004539790476073858
deep_dm_3x16,fc,2,4.550000,0.004445462810441447,0.0044456401941804025
deep_dm_3x16,fc,2,4.575000,0.004353715689352944,0.0043538908258078015
deep_dm_3x16,fc,2,4.600000,0.004264297230734404,0.004264470153542824
deep_dm_3x16,fc,2,4.625000,0.004177137706222855,0.004177308448501121
deep_dm_3x16,fc,2,4.650000,0.0040921697798712575,0.00409233837422035
deep_dm_3x16,fc,2,4.675000,0.004009328416134661,0.004009494894645649
deep_dm_3x16,fc,2,4.700000,0.003928550791751251,0.003928715186011864
deep_dm_3x16,fc,2,4.725000,0.0038497762113440803,0.003849938552444208
deep_dm_3x16,fc,2,4.750000,0.0037729460265703008,0.0037731063451085585
deep_dm_3x16,fc,2,4.775000,0.003698003558658347,0.003698161884748136
deep_dm_3x16,fc,2,4.800000,0.0036248940241774275,0.0036250503874534
deep_dm_3x16,fc,2,4.825000,0.003553564463893877,0.0035537188935180495
deep_dm_3x16,fc,2,4.850000,0.0034839636745701563,0.0034841161992384935
deep_dm_3x16,fc,2,4.875000,0.0034160421435841526,0.003416192791532784
deep_dm_3x16,fc,2,4.900000,0.003349751986228333,0.003349900785240403
deep_dm_3x16,fc,2,4.925000,0.003285046885583953,0.0032851938629953315
deep_dm_3x16,fc,2,4.950000,0.00322188203484175,0.0032220272175482114
deep_dm_3x16,fc,2,4.975000,0.0031602140819693147,0.003160357496432501
deep_dm_3x16,fc,2,5.000000,0.00310000107661923,0.0031001427488730796
deep_dm_3x16,fc,2,5.025000,0.003041202419177269,0.0030413423748346722
deep_dm_3x16,fc,2,5.050000,0.002983778811857185,0.0029839170761159985
deep_dm_3x16,fc,2,5.075000,0.0029276922117554838,0.0029278288094051505
deep_dm_3x16,fc,2,5.100000,0.0028729057857763696,0.0028730407412039653
deep_dm_3x16,fc,2,5.125000,0.0028193838673473692,0.0028195172045440277
deep_dm_3x16,fc,2,5.150000,0.0027670919148493622,0.002767223657416334
deep_dm_3x16,fc,2,5.175000,0.002715996471685078,0.002716126642840039
deep_dm_3x16,fc,2,5.200000,0.0026660651279161174,0.0026661937504989823
deep_dm_3x16,fc,2,5.225000,0.0026172664834004378,0.0026173935798797948
deep_dm_3x16,fc,2,5.250000,0.002569570112369468,0.00256969570484818
deep_dm_3x16,fc,2,5.275000,0.0025229465293789,0.002523070639600119
deep_dm_3x16,fc,2,5.300000,0.00247736715657787,0.002477489805931105
deep_dm_3x16,fc,2,5.325000,0.00243280429224102,0.0024329255017677574
deep_dm_3x16,fc,2,5.350000,0.002389231080506815,0.002389350870906149
deep_dm_3x16,fc,2,5.375000,0.002346621482278044,0.0023467398739123713
deep_dm_3x16,fc,2,5.400000,0.002304950247226545,0.002305067260127343
deep_dm_3x16,fc,2,5.425000,0.002264192886866412,0.0022643085407395933
deep_dm_3x16,fc,2,5.450000,0.002224325648642611,0.0022244399628739303
deep_dm_3x16,fc,2,5.475000,0.002185325490999146,0.002185438484659717
deep_dm_3x16,fc,2,5.500000,0.002147170059382031,0.002147281751233332
deep_dm_3x16,fc,2,5.525000,0.0021098376631404347,0.00210994807163994
deep_dm_3x16,fc,2,5.550000,0.002073307253292578,0.002073416396598594
deep_dm_3x16,fc,2,5.575000,0.002037558401111972,0.002037666297088671
deep_dm_3x16,fc,2,5.600000,0.002002571277511578,0.002002677943734377
deep_dm_3x16,fc,2,5.625000,0.001968326633187023,0.0019684320869470203
deep_dm_3x16,fc,2,5.650000,0.0019348057794865703,0.001934910037795905
deep_dm_3x16,fc,2,5.675000,0.0019019905699859674,0.0019020936495821128
deep_dm_3x16,fc,2,5.700000,0.0018698633827336497,0.0018699653000843219
deep_dm_3x16,fc,2,5.725000,0.0018384071031394278,0.0018385078744475162
deep_dm_3x16,fc,2,5.750000,0.0018076051074880084,0.001807704748695522
deep_dm_3x16,fc,2,5.775000,0.001777441247041045,0.0017775397738341902
deep_dm_3x16,fc,2,5.800000,0.0017478998327168371,0.0017479972605298807
deep_dm_3x16,fc,2,5.825000,0.0017189656203151493,0.0017190619643353434
deep_dm_3x16,fc,2,5.850000,0.0016906237962717174,0.0016907190714431513
deep_dm_3x16,fc,2,5.875000,0.0016628599639182395,0.0016629541849460688
deep_dm_3x16,fc,2,5.900000,0.0016356601302301987,0.0016357533115849763
deep_dm_3x16,fc,2,5.925000,0.001609010693041868,0.0016091028489635777
deep_dm_3x16,fc,2,5.950000,0.0015828984287143966,0.0015829895732162476
deep_dm_3x16,fc,2,5.975000,0.0015573104802315552,0.0015574006271040614
deep_dm_3x16,fc,2,6.000000,0.0015322343457147003,0.0015323235085293945
deep_dm_3x16,fc,5,0.000000,0.9999990149527558,0.9999990149527557
deep_dm_3x16,fc,5,0.025000,0.9995535499050817,0.9995535545956326
deep_dm_3x16,fc,5,0.050000,0.9982182363006382,0.9982182550348954
deep_dm_3x16,fc,5,0.075000,0.9959963219485749,0.9959963639857915
deep_dm_3x16,fc,5,0.100000,0.9928932301923837,0.9928933046151531
deep_dm_3x16,fc,5,0.125000,0.9889165743381434,0.988916689954814
deep_dm_3x16,fc,5,0.150000,0.9840761757909814,0.9840763410260884
deep_dm_3x16,fc,5,0.175000,0.9783840839440229,0.9783843067201043
deep_dm_3x16,fc,5,0.200000,0.971854595443299,0.9718548830579382
deep_dm_3x16,fc,5,0.225000,0.9645042701280125,0.9645046291303571
deep_dm_3x16,fc,5,0.250000,0.9563519407325515,0.95635237680383
deep_dm_3x16,fc,5,0.275000,0.9474187133447657,0.9474192311874634
deep_dm_3x16,fc,5,0.300000,0.9377279556498043,0.9377285588901255
deep_dm_3x16,fc,5,0.325000,0.9273052701507419,0.9273059612587633
deep_dm_3x16,fc,5,0.350000,0.9161784498415549,0.9161792300730569
deep_dm_3x16,fc,5,0.375000,0.904377414204957,0.904378283568314
deep_dm_3x16,fc,5,0.400000,0.8919341239025137,0.8919350811532322
deep_dm_3x16,fc,5,0.425000,0.8788824730984456,0.8788835157629997
deep_dm_3x16,fc,5,0.450000,0.8652581589892624,0.8652592834188174
deep_dm_3x16,fc,5,0.475000,0.8510985287740924,0.8510997302275789
deep_dm_3x16,fc,5,0.500000,0.8364424049692504,0.8364436777241008
deep_dm_3x16,fc,5,0.525000,0.8213298906191298,0.8213312281068833
deep_dm_3x16,fc,5,0.550000,0.8058021565591262,0.8058035515220902
deep_dm_3x16,fc,5,0.575000,0.7899012134225142,0.789902658086808
deep_dm_3x16,fc,5,0.600000,0.7736696715330342,0.7736711577926741
deep_dm_3x16,fc,5,0.625000,0.7571504921736055,0.7571520117798487
deep_dm_3x16,fc,5,0.650000,0.740386733959071,0.7403882787090609
deep_dm_3x16,fc,5,0.675000,0.7234212981622481,0.7234228600810844
deep_dm_3x16,fc,5,0.700000,0.7062966768478653,0.7062982483585597
deep_dm_3x16,fc,5,0.725000,0.6890547075629659,0.6890562816393245
deep_dm_3x16,fc,5,0.750000,0.6717363381240609,0.6717379084223036
deep_dm_3x16,fc,5,0.775000,0.6543814047431117,0.6543829657089731
deep_dm_3x16,fc,5,0.800000,0.637028426361473,0.6370299733105577
deep_dm_3x16,fc,5,0.825000,0.6197144176300261,0.6197159468002725
deep_dm_3x16,fc,5,0.850000,0.6024747225026578,0.6024762310788355
deep_dm_3x16,fc,5,0.875000,0.5853428699166846,0.5853443560278541
deep_dm_3x16,fc,5,0.900000,0.568350452534793,0.5683519152265687
deep_dm_3x16,fc,5,0.925000,0.5515270290341853,0.5515284682184035
deep_dm_3x16,fc,5,0.950000,0.534900049963619,0.5349014663486072
deep_dm_3x16,fc,5,0.975000,0.518494806759421,0.5184962017644935
deep_dm_3x16,fc,5,1.000000,0.5023344031264618,0.5023357787844921
deep_dm_3x16,fc,5,1.025000,0.48643974765605247,0.4864411065080455
deep_dm_3x16,fc,5,1.050000,0.4708295662739638,0.4708309112594444
deep_dm_3x16,fc,5,1.075000,0.4555204328901201,0.45552176723692184
deep_dm_3x16,fc,5,1.100000,0.4405268164567737,0.44052814357346226
deep_dm_3x16,fc,5,1.125000,0.42586114253214924,0.42586246590588206
deep_dm_3x16,fc,5,1.150000,0.41153386738821096,0.41153519049035014
deep_dm_3x16,fc,5,1.175000,0.3975535626897455,0.3975548888910253
deep_dm_3x16,fc,5,1.200000,0.38392700880196595,0.38392834129850273
deep_dm_3x16,fc,5,1.225000,0.3706592948494184,0.370660636600358
deep_dm_3x16,fc,5,1.250000,0.35775392374396286,0.3577552774211005
deep_dm_3x16,fc,5,1.275000,0.3452129205178752,0.34521428846717805
deep_dm_3x16,fc,5,1.300000,0.33303694243376025,0.3330383266483743
deep_dm_3x16,fc,5,1.325000,0.32122538949044177,0.32122679159448314
deep_dm_3x16,fc,5,1.350000,0.30977651409828755,0.30977793534049813
deep_dm_3x16,fc,5,1.375000,0.2986875288540457,0.2986889701102368
deep_dm_3x16,fc,5,1.400000,0.2879547115004082,0.2879561732835211
deep_dm_3x16,fc,5,1.425000,0.27757350630598143,0.277574988782547
deep_dm_3x16,fc,5,1.450000,0.26753862124457917,0.26754012425636026
deep_dm_3x16,fc,5,1.475000,0.25784412048678096,0.25784564357642004
deep_dm_3x16,fc,5,1.500000,0.24848351184013862,0.24848505427970202
deep_dm_3x16,fc,5,1.525000,0.2394498288863537,0.2394513897077521
deep_dm_3x16,fc,5,1.550000,0.23073570766369156,0.2307372856900662
deep_dm_3x16,fc,5,1.575000,0.2223334578307794,0.2223350517080542
deep_dm_3x16,fc,5,1.600000,0.21423512832393143,0.2142367365518528
deep_dm_3x16,fc,5,1.625000,0.20643256758470363,0.20643418854680623
deep_dm_3x16,fc,5,1.650000,0.19891747848815844,0.198919110480207
deep_dm_3x16,fc,5,1.675000,0.19168146814603015,0.19168310940259609
deep_dm_3x16,fc,5,1.700000,0.18471609279354884,0.1847177415124742
deep_dm_3x16,fc,5,1.725000,0.1780128979949307,0.17801455235952063
deep_dm_3x16,fc,5,1.750000,0.17156345442145593,0.1715651126203154
deep_dm_3x16,fc,5,1.775000,0.16535938946849915,0.16536104971299231
deep_dm_3x16,fc,5,1.800000,0.15939241498474832,0.15939407552411586
deep_dm_3x16,fc,5,1.825000,0.1536543513889661,0.1536560105231757
deep_dm_3x16,fc,5,1.850000,0.14813714844779546,0.14813880453823608
deep_dm_3x16,fc,5,1.875000,0.1428329029829991,0.14283455446115373
deep_dm_3x16,fc,5,1.900000,0.1377338737687709,0.13773551914301999
deep_dm_3x16,fc,5,1.925000,0.13283249386996399,0.13283413173068498
deep_dm_3x16,fc,5,1.950000,0.12812138066075351,0.12812300968388157
deep_dm_3x16,fc,5,1.975000,0.12359334375078046,0.12359496270000238
deep_dm_3x16,fc,5,2.000000,0.11924139103266351,0.11924299876040963
deep_dm_3x16,fc,5,2.025000,0.11505873305115533,0.11506032849854929
deep_dm_3x16,fc,5,2.050000,0.11103878588049065,0.11104036807640862
deep_dm_3x16,fc,5,2.075000,0.10717517268280274,0.10717674074218457
deep_dm_3x16,fc,5,2.100000,0.10346172410706367,0.10346327722860513
deep_dm_3x16,fc,5,2.125000,0.0998924776749821,0.09989401513832925
deep_dm_3x16,fc,5,2.150000,0.09646167628775548,0.09646319745030717
deep_dm_3x16,fc,5,2.175000,0.09316376597560905,0.09316527026902503
deep_dm_3x16,fc,5,2.200000,0.08999339300074016,0.08999487992723759
deep_dm_3x16,fc,5,2.225000,0.08694540041360233,0.08694686954211561
deep_dm_3x16,fc,5,2.250000,0.08401482415249295,0.0840162751147613
deep_dm_3x16,fc,5,2.275000,0.08119688876711739,0.08119832125375193
deep_dm_3x16,fc,5,2.300000,0.07848700283816856,0.07848841659474731
deep_dm_3x16,fc,5,2.325000,0.07588075415703655,0.07588214898026313
deep_dm_3x16,fc,5,2.350000,0.07337390472244587,0.07337528045640314
deep_dm_3x16,fc,5,2.375000,0.07096238560412949,0.0709637421366524
deep_dm_3x16,fc,5,2.400000,0.06864229171756198,0.06864362897674837
deep_dm_3x16,fc,5,2.425000,0.06640987654822128,0.06641119449909502
deep_dm_3x16,fc,5,2.450000,0.06426154685883101,0.06426284550016602
deep_dm_3x16,fc,5,2.475000,0.062193857408499476,0.06219513676981234
deep_dm_3x16,fc,5,2.500000,0.0602035057085899,0.060204765847302694
deep_dm_3x16,fc,5,2.525000,0.058287326836492515,0.05828856783526772
deep_dm_3x16,fc,5,2.550000,0.05644228832518883,0.05644351028943357
deep_dm_3x16,fc,5,2.575000,0.054665485143580606,0.05466668819911841
deep_dm_3x16,fc,5,2.600000,0.052954134779951034,0.05295531907085509
deep_dm_3x16,fc,5,2.625000,0.05130557243862566,0.05130673812520908
deep_dm_3x16,fc,5,2.650000,0.0497172463578629,0.04971839361481907
deep_dm_3x16,fc,5,2.675000,0.04818671325521662,0.048187842269903004
deep_dm_3x16,fc,5,2.700000,0.046711633905040184,0.046712744875897896
deep_dm_3x16,fc,5,2.725000,0.0452897688514281,0.045290861986530255
deep_dm_3x16,fc,5,2.750000,0.04391897425870306,0.04392004977442389
deep_dm_3x16,fc,5,2.775000,0.042597197900515305,0.04259825602031256
deep_dm_3x16,fc,5,2.800000,0.0413224752877428,0.04132351624104625
deep_dm_3x16,fc,5,2.825000,0.04009292593460945,0.04009394995580804
deep_dm_3x16,fc,5,2.850000,0.038906749761795534,0.03890775708931617
deep_dm_3x16,fc,5,2.875000,0.037762223634766556,0.037763214510238105
deep_dm_3x16,fc,5,2.900000,0.03665769803509866,0.036658672702594416
deep_dm_3x16,fc,5,2.925000,0.0355915938621878,0.03559255256754023
deep_dm_3x16,fc,5,2.950000,0.034562399362433105,0.034563342352615975
deep_dm_3x16,fc,5,2.975000,0.03356866718273832,0.03356959470530945
deep_dm_3x16,fc,5,3.000000,0.03260901154497742,0.03260992384757856
deep_dm_3x16,fc,5,3.025000,0.031682105537932825,0.03168300286784069
deep_dm_3x16,fc,5,3.050000,0.030786678523103128,0.030787561126827977
deep_dm_3x16,fc,5,3.075000,0.02992151365071638,0.02992238177364323
deep_dm_3x16,fc,5,3.100000,0.029085445482236905,0.02908629936830695
deep_dm_3x16,fc,5,3.125000,0.028277357715650653,0.028278197607078143
deep_dm_3x16,fc,5,3.150000,0.027496181009816212,0.02749700714683811
deep_dm_3x16,fc,5,3.175000,0.02674089090420595,0.02674170352486146
deep_dm_3x16,fc,5,3.200000,0.026010505830395436,0.026011305170332698
deep_dm_3x16,fc,5,3.225000,0.025304085211728666,0.025304871504035504
deep_dm_3x16,fc,5,3.250000,0.024620727647647667,0.024621501122705596
deep_dm_3x16,fc,5,3.275000,0.0239595691792579,0.02396033006461559
deep_dm_3x16,fc,5,3.300000,0.02331978163278081,0.02332053015304608
deep_dm_3x16,fc,5,3.325000,0.022700571037641892,0.022701307414390606
deep_dm_3x16,fc,5,3.350000,0.022101176116031795,0.022101900567731217
deep_dm_3x16,fc,5,3.375000,0.021520866840875064,0.02152157958282148
deep_dm_3x16,fc,5,3.400000,0.020958943059252833,0.020959644303520642
deep_dm_3x16,fc,5,3.425000,0.020414733178405142,0.020415423133807592
deep_dm_3x16,fc,5,3.450000,0.01988759291156239,0.019888271783622076
deep_dm_3x16,fc,5,3.475000,0.01937690408094006,0.019377572071868618
deep_dm_3x16,fc,5,3.500000,0.01888207347534221,0.018882730784027312
deep_dm_3x16,fc,5,3.525000,0.018402531759908247,0.01840317858190917
deep_dm_3x16,fc,5,3.550000,0.017937732435645337,0.017938368963193514
deep_dm_3x16,fc,5,3.575000,0.017487150846475896,0.017487777268482583
deep_dm_3x16,fc,5,3.600000,0.017050283231627383,0.017050899733695963
deep_dm_3x16,fc,5,3.625000,0.01662664582128326,0.01662725258572584
deep_dm_3x16,fc,5,3.650000,0.016215773973497716,0.01621637117935688
deep_dm_3x16,fc,5,3.675000,0.015817221350468258,0.015817809173541454
deep_dm_3x16,fc,5,3.700000,0.015430559132342814,0.015431137745210538
deep_dm_3x16,fc,5,3.725000,0.015055375266810889,0.015055944838867765
deep_dm_3x16,fc,5,3.750000,0.014691273752819978,0.014691834450308115
deep_dm_3x16,fc,5,3.775000,0.014337873956818625,0.014338425942863312
deep_dm_3x16,fc,5,3.800000,0.013994809960010235,0.013995353394657682
deep_dm_3x16,fc,5,3.825000,0.013661729935164901,0.013662264975421378
deep_dm_3x16,fc,5,3.850000,0.013338295551607704,0.013338822351480577
deep_dm_3x16,fc,5,3.875000,0.013024181407060853,0.0130247001176001
deep_dm_3x16,fc,5,3.900000,0.01271907448508447,0.012719585254425991
deep_dm_3x16,fc,5,3.925000,0.012422673636911519,0.012423176610320625
deep_dm_3x16,fc,5,3.950000,0.01213468908653792,0.012135184406454037
deep_dm_3x16,fc,5,3.975000,0.011854841957973927,0.011855329764055456
deep_dm_3x16,fc,5,4.000000,0.011582863823623168,0.011583344252793145
deep_dm_3x16,fc,5,4.025000,0.01131849627279391,0.011318969459285231
deep_dm_3x16,fc,5,4.050000,0.011061490499404525,0.011061956574806305
deep_dm_3x16,fc,5,4.075000,0.010811606907985327,0.010812066001288487
deep_dm_3x16,fc,5,4.100000,0.01056861473712023,0.010569066974763647
deep_dm_3x16,fc,5,4.125000,0.010332291699515439,0.010332737205431649
deep_dm_3x16,fc,5,4.150000,0.01010242363791991,0.010102862533580738
deep_dm_3x16,fc,5,4.175000,0.009878804196159274,0.009879236600621332
deep_dm_3x16,fc,5,4.200000,0.009661234504581784,0.009661660534531725
deep_dm_3x16,fc,5,4.225000,0.00944952287924583,0.009449942649044966
deep_dm_3x16,fc,5,4.250000,0.009243484534212976,0.009243898155941826
deep_dm_3x16,fc,5,4.275000,0.009042941306339536,0.00904334888984183
deep_dm_3x16,fc,5,4.300000,0.00884772139199086,0.008848123044917012
deep_dm_3x16,fc,5,4.325000,0.008657659095127834,0.00865805492297805
deep_dm_3x16,fc,5,4.350000,0.008472594586241167,0.008472984692407837
deep_dm_3x16,fc,5,4.375000,0.00829237367163893,0.008292758157448845
deep_dm_3x16,fc,5,4.400000,0.008116847572607333,0.008117226537362866
deep_dm_3x16,fc,5,4.425000,0.00794587271400149,0.007946246255021595
deep_dm_3x16,fc,5,4.450000,0.007779310521825233,0.007779678734485535
deep_dm_3x16,fc,5,4.475000,0.0076170272294030505,0.007617390207175521
deep_dm_3x16,fc,5,4.500000,0.007458893691743018,0.00745925152623505
deep_dm_3x16,fc,5,4.525000,0.007304785207726594,0.007305137988719207
deep_dm_3x16,fc,5,4.550000,0.007154581349769651,0.007154929165255192
deep_dm_3x16,fc,5,4.575000,0.007008165800615362,0.007008508736834862
deep_dm_3x16,fc,5,4.600000,0.006865426196945523,0.006865764338424728
deep_dm_3x16,fc,5,4.625000,0.006726253979491892,0.006726587409077422
deep_dm_3x16,fc,5,4.650000,0.0065905442493742195,0.006590873048268464
deep_dm_3x16,fc,5,4.675000,0.006458195630367203,0.0064585198781628465
deep_dm_3x16,fc,5,4.700000,0.006329110136852001,0.006329429911565912
deep_dm_3x16,fc,5,4.725000,0.0062031930471829755,0.006203508425289461
deep_dm_3x16,fc,5,4.750000,0.006080352782244947,0.006080663838708088
deep_dm_3x16,fc,5,4.775000,0.005960500788959822,0.005960807597265741
deep_dm_3x16,fc,5,4.800000,0.00584355142853088,0.005843854060718774
deep_dm_3x16,fc,5,4.825000,0.005729421869220097,0.005729720395912886
deep_dm_3x16,fc,5,4.850000,0.005618031983446903,0.005618326473881569
deep_dm_3x16,fc,5,4.875000,0.005509304249039504,0.0055095947710962845
deep_dm_3x16,fc,5,4.900000,0.005403163654439269,0.005403450274670497
deep_dm_3x16,fc,5,4.925000,0.0052995376076987455,0.005299820391357137
deep_dm_3x16,fc,5,4.950000,0.005198355849104441,0.00519863486017101
deep_dm_3x16,fc,5,4.975000,0.005099550367269612,0.005099825668480255
deep_dm_3x16,fc,5,5.000000,0.005003055318546612,0.005003326971419181
deep_dm_3x16,fc,5,5.025000,0.0049088069496175946,0.004909075014477372
deep_dm_3x16,fc,5,5.050000,0.004816743523127109,0.004817008059132411
deep_dm_3x16,fc,5,5.075000,0.004726805246229149,0.004727066311396233
deep_dm_3x16,fc,5,5.100000,0.004638934201919409,0.004639191853146637
deep_dm_3x16,fc,5,5.125000,0.004553074283043412,0.004553328576135116
deep_dm_3x16,fc,5,5.150000,0.004469171128857363,0.004469422118547324
deep_dm_3x16,fc,5,5.175000,0.004387172064044043,0.0043874198040178055
deep_dm_3x16,fc,5,5.200000,0.004307026040074158,0.0043072705829917705
deep_dm_3x16,fc,5,5.225000,0.004228683578817449,0.004228924976334929
deep_dm_3x16,fc,5,5.250000,0.004152096718310738,0.004152335021101629
deep_dm_3x16,fc,5,5.275000,0.004077218960589102,0.004077454218365142
deep_dm_3x16,fc,5,5.300000,0.004004005221503237,0.0040042374830345975
deep_dm_3x16,fc,5,5.325000,0.003932411782429424,0.003932641095565119
deep_dm_3x16,fc,5,5.350000,0.003862396243804578,0.003862622655491328
deep_dm_3x16,fc,5,5.375000,0.0037939174804062503,0.0037941410367080836
deep_dm_3x16,fc,5,5.400000,0.003726935598304393,0.003727156344421023
deep_dm_3x16,fc,5,5.425000,0.0036614118934253925,0.003661629873710311
deep_dm_3x16,fc,5,5.450000,0.003597308811650879,0.0035975240696294233
deep_dm_3x16,fc,5,5.475000,0.0035345899103985667,0.003534802488785088
deep_dm_3x16,fc,5,5.500000,0.0034732198216224086,0.00347342976233753
deep_dm_3x16,fc,5,5.525000,0.003413164216171438,0.0034133715603585552
deep_dm_3x16,fc,5,5.550000,0.003354389769460342,0.003354594557501852
deep_dm_3x16,fc,5,5.575000,0.0032968641283900313,0.003297066399923296
deep_dm_3x16,fc,5,5.600000,0.003240555879477136,0.0032407556734100657
deep_dm_3x16,fc,5,5.625000,0.0031854345181372423,0.0031856318726634857
deep_dm_3x16,fc,5,5.650000,0.0031314704190825715,0.003131665371696122
deep_dm_3x16,fc,5,5.675000,0.0030786348077834758,0.003078827395293707
deep_dm_3x16,fc,5,5.700000,0.0030268997329585545,0.003027089991503894
deep_dm_3x16,fc,5,5.725000,0.0029762380400475408,0.0029764260051096687
deep_dm_3x16,fc,5,5.750000,0.002926623345630208,0.0029268090520475788
deep_dm_3x16,fc,5,5.775000,0.002878030012758881,0.002878213494739797
deep_dm_3x16,fc,5,5.800000,0.002830433127160248,0.002830614418296118
deep_dm_3x16,fc,5,5.825000,0.0027838084742806135,0.00278398760755835
deep_dm_3x16,fc,5,5.850000,0.002738132517139169,0.002738309524953898
deep_dm_3x16,fc,5,5.875000,0.0026933823749566432,0.00269355728912338
deep_dm_3x16,fc,5,5.900000,0.0026495358025327986,0.002649708654298654
deep_dm_3x16,fc,5,5.925000,0.002606571170340688,0.0026067419903964785
deep_dm_3x16,fc,5,5.950000,0.0025644674453138006,0.0025646362638050363
deep_dm_3x16,fc,5,5.975000,0.0025232041722977883,0.0025233710188360442
deep_dm_3x16,fc,5,6.000000,0.0024827614561402367,0.002482926359813787
